indicator_id,geo_id,period,vintage,value,status,period_start,period_end,is_latest,created_at
HOUSEHOLD_INCOME_TOTAL_NUTS2,at11:nuts2,2013,2026-09-15T16:27:19.643884+00:00,5521.61,final,2013-01-01,2013-12-31,1,2026-09-15T16:27:19.643884+00:00
HOUSEHOLD_INCOME_TOTAL_NUTS2,at11:nuts2,2014,2026-09-15T16:27:19.643884+00:00,5600.78,final,2014-01-01,2014-12-31,1,2026-09-15T16:27:19.643884+00:00
HOUSEHOLD_INCOME_TOTAL_NUTS2,at11:nuts2,2015,2026-09-15T16:27:19.643884+00:00,5792.71,final,2015-01-01,2015-12-31,1,2026-09-15T16:27:19.643884+00:00
HOUSEHOLD_INCOME_TOTAL_NUTS2,at11:nuts2,2016,2026-09-15T16:27:19.643884+00:00,5940.69,final,2016-01-01,2016-12-31,1,2026-09-15T16:27:19.643884+00:00
HOUSEHOLD_INCOME_TOTAL_NUTS2,at11:nuts2,2017,2026-09-15T16:27:19.643884+00:00,6069.29,final,2017-01-01,2017-12-31,1,2026-09-15T16:27:19.643884+00:00
HOUSEHOLD_INCOME_TOTAL_NUTS2,at11:nuts2,2018,2026-09-15T16:27:19.643884+00:00,6230.88,final,2018-01-01,2018-12-31,1,2026-09-15T16:27:19.643884+00:00
HOUSEHOLD_INCOME_TOTAL_NUTS2,at11:nuts2,2019,2026-09-15T16:27:19.643884+00:00,6283.12,final,2019-01-01,2019-12-31,1,2026-09-15T16:27:19.643884+00:00
HOUSEHOLD_INCOME_TOTAL_NUTS2,at11:nuts2,2020,2026-09-15T16:27:19.643884+00:00,6428.95,final,2020-01-01,2020-12-31,1,2026-09-15T16:27:19.643884+00:00
HOUSEHOLD_INCOME_TOTAL_NUTS2,at11:nuts2,2021,2026-09-15T16:27:19.643884+00:00,6891.12,final,2021-01-01,2021-12-31,1,2026-09-15T16:27:19.643884+00:00
HOUSEHOLD_INCOME_TOTAL_NUTS2,at11:nuts2,2022,2026-09-15T16:27:19.643884+00:00,7634.06,final,2022-01-01,2022-12-31,1,2026-09-15T16:27:19.643884+00:00
HOUSEHOLD_INCOME_TOTAL_NUTS2,at11:nuts2,2023,2026-09-15T16:27:19.643884+00:00,7854.45,final,2023-01-01,2023-12-31,1,2026-09-15T16:27:19.643884+00:00
HOUSEHOLD_INCOME_TOTAL_NUTS2,at11:nuts2,2024,2026-09-15T16:27:19.643884+00:00,8436.25,final,2024-01-01,2024-12-31,1,2026-09-15T16:27:19.643884+00:00
HOUSEHOLD_INCOME_TOTAL_NUTS2,at12:nuts2,2013,2026-09-15T16:27:19.643884+00:00,32625.51,final,2013-01-01,2013-12-31,1,2026-09-15T16:27:19.643884+00:00
HOUSEHOLD_INCOME_TOTAL_NUTS2,at12:nuts2,2014,2026-09-15T16:27:19.643884+00:00,33036.71,final,2014-01-01,2014-12-31,1,2026-09-15T16:27:19.643884+00:00
HOUSEHOLD_INCOME_TOTAL_NUTS2,at12:nuts2,2015,2026-09-15T16:27:19.643884+00:00,33704.63,final,2015-01-01,2015-12-31,1,2026-09-15T16:27:19.643884+00:00
HOUSEHOLD_INCOME_TOTAL_NUTS2,at12:nuts2,2016,2026-09-15T16:27:19.643884+00:00,34909.61,final,2016-01-01,2016-12-31,1,2026-09-15T16:27:19.643884+00:00
HOUSEHOLD_INCOME_TOTAL_NUTS2,at12:nuts2,2017,2026-09-15T16:27:19.643884+00:00,35044.43,final,2017-01-01,2017-12-31,1,2026-09-15T16:27:19.643884+00:00
HOUSEHOLD_INCOME_TOTAL_NUTS2,at12:nuts2,2018,2026-09-15T16:27:19.643884+00:00,36273.24,final,2018-01-01,2018-12-31,1,2026-09-15T16:27:19.643884+00:00
HOUSEHOLD_INCOME_TOTAL_NUTS2,at12:nuts2,2019,2026-09-15T16:27:19.643884+00:00,36477.99,final,2019-01-01,2019-12-31,1,2026-09-15T16:27:19.643884+00:00
HOUSEHOLD_INCOME_TOTAL_NUTS2,at12:nuts2,2020,2026-09-15T16:27:19.643884+00:00,37129.12,final,2020-01-01,2020-12-31,1,2026-09-15T16:27:19.643884+00:00
HOUSEHOLD_INCOME_TOTAL_NUTS2,at12:nuts2,2021,2026-09-15T16:27:19.643884+00:00,39788.21,final,2021-01-01,2021-12-31,1,2026-09-15T16:27:19.643884+00:00
HOUSEHOLD_INCOME_TOTAL_NUTS2,at12:nuts2,2022,2026-09-15T16:27:19.643884+00:00,43998.96,final,2022-01-01,2022-12-31,1,2026-09-15T16:27:19.643884+00:00
HOUSEHOLD_INCOME_TOTAL_NUTS2,at12:nuts2,2023,2026-09-15T16:27:19.643884+00:00,45579.46,final,2023-01-01,2023-12-31,1,2026-09-15T16:27:19.643884+00:00
HOUSEHOLD_INCOME_TOTAL_NUTS2,at12:nuts2,2024,2026-09-15T16:27:19.643884+00:00,48867.05,final,2024-01-01,2024-12-31,1,2026-09-15T16:27:19.643884+00:00
HOUSEHOLD_INCOME_TOTAL_NUTS2,at13:nuts2,2013,2026-09-15T16:27:19.643884+00:00,33467.89,final,2013-01-01,2013-12-31,1,2026-09-15T16:27:19.643884+00:00
HOUSEHOLD_INCOME_TOTAL_NUTS2,at13:nuts2,2014,2026-09-15T16:27:19.643884+00:00,33867.13,final,2014-01-01,2014-12-31,1,2026-09-15T16:27:19.643884+00:00
HOUSEHOLD_INCOME_TOTAL_NUTS2,at13:nuts2,2015,2026-09-15T16:27:19.643884+00:00,34698.6,final,2015-01-01,2015-12-31,1,2026-09-15T16:27:19.643884+00:00
HOUSEHOLD_INCOME_TOTAL_NUTS2,at13:nuts2,2016,2026-09-15T16:27:19.643884+00:00,35727.48,final,2016-01-01,2016-12-31,1,2026-09-15T16:27:19.643884+00:00
HOUSEHOLD_INCOME_TOTAL_NUTS2,at13:nuts2,2017,2026-09-15T16:27:19.643884+00:00,35997.46,final,2017-01-01,2017-12-31,1,2026-09-15T16:27:19.643884+00:00
HOUSEHOLD_INCOME_TOTAL_NUTS2,at13:nuts2,2018,2026-09-15T16:27:19.643884+00:00,36991.13,final,2018-01-01,2018-12-31,1,2026-09-15T16:27:19.643884+00:00
HOUSEHOLD_INCOME_TOTAL_NUTS2,at13:nuts2,2019,2026-09-15T16:27:19.643884+00:00,37458.48,final,2019-01-01,2019-12-31,1,2026-09-15T16:27:19.643884+00:00
HOUSEHOLD_INCOME_TOTAL_NUTS2,at13:nuts2,2020,2026-09-15T16:27:19.643884+00:00,37761.01,final,2020-01-01,2020-12-31,1,2026-09-15T16:27:19.643884+00:00
HOUSEHOLD_INCOME_TOTAL_NUTS2,at13:nuts2,2021,2026-09-15T16:27:19.643884+00:00,40296.95,final,2021-01-01,2021-12-31,1,2026-09-15T16:27:19.643884+00:00
HOUSEHOLD_INCOME_TOTAL_NUTS2,at13:nuts2,2022,2026-09-15T16:27:19.643884+00:00,45100.93,final,2022-01-01,2022-12-31,1,2026-09-15T16:27:19.643884+00:00
HOUSEHOLD_INCOME_TOTAL_NUTS2,at13:nuts2,2023,2026-09-15T16:27:19.643884+00:00,47145.51,final,2023-01-01,2023-12-31,1,2026-09-15T16:27:19.643884+00:00
HOUSEHOLD_INCOME_TOTAL_NUTS2,at13:nuts2,2024,2026-09-15T16:27:19.643884+00:00,50960.23,final,2024-01-01,2024-12-31,1,2026-09-15T16:27:19.643884+00:00
HOUSEHOLD_INCOME_TOTAL_NUTS2,at21:nuts2,2013,2026-09-15T16:27:19.643884+00:00,10324.33,final,2013-01-01,2013-12-31,1,2026-09-15T16:27:19.643884+00:00
HOUSEHOLD_INCOME_TOTAL_NUTS2,at21:nuts2,2014,2026-09-15T16:27:19.643884+00:00,10445.21,final,2014-01-01,2014-12-31,1,2026-09-15T16:27:19.643884+00:00
HOUSEHOLD_INCOME_TOTAL_NUTS2,at21:nuts2,2015,2026-09-15T16:27:19.643884+00:00,10628.97,final,2015-01-01,2015-12-31,1,2026-09-15T16:27:19.643884+00:00
HOUSEHOLD_INCOME_TOTAL_NUTS2,at21:nuts2,2016,2026-09-15T16:27:19.643884+00:00,10908.63,final,2016-01-01,2016-12-31,1,2026-09-15T16:27:19.643884+00:00
HOUSEHOLD_INCOME_TOTAL_NUTS2,at21:nuts2,2017,2026-09-15T16:27:19.643884+00:00,11035.08,final,2017-01-01,2017-12-31,1,2026-09-15T16:27:19.643884+00:00
HOUSEHOLD_INCOME_TOTAL_NUTS2,at21:nuts2,2018,2026-09-15T16:27:19.643884+00:00,11336.34,final,2018-01-01,2018-12-31,1,2026-09-15T16:27:19.643884+00:00
HOUSEHOLD_INCOME_TOTAL_NUTS2,at21:nuts2,2019,2026-09-15T16:27:19.643884+00:00,11376.4,final,2019-01-01,2019-12-31,1,2026-09-15T16:27:19.643884+00:00
HOUSEHOLD_INCOME_TOTAL_NUTS2,at21:nuts2,2020,2026-09-15T16:27:19.643884+00:00,11561.9,final,2020-01-01,2020-12-31,1,2026-09-15T16:27:19.643884+00:00
HOUSEHOLD_INCOME_TOTAL_NUTS2,at21:nuts2,2021,2026-09-15T16:27:19.643884+00:00,12381.34,final,2021-01-01,2021-12-31,1,2026-09-15T16:27:19.643884+00:00
HOUSEHOLD_INCOME_TOTAL_NUTS2,at21:nuts2,2022,2026-09-15T16:27:19.643884+00:00,13753.73,final,2022-01-01,2022-12-31,1,2026-09-15T16:27:19.643884+00:00
HOUSEHOLD_INCOME_TOTAL_NUTS2,at21:nuts2,2023,2026-09-15T16:27:19.643884+00:00,14272.9,final,2023-01-01,2023-12-31,1,2026-09-15T16:27:19.643884+00:00
HOUSEHOLD_INCOME_TOTAL_NUTS2,at21:nuts2,2024,2026-09-15T16:27:19.643884+00:00,15346.69,final,2024-01-01,2024-12-31,1,2026-09-15T16:27:19.643884+00:00
HOUSEHOLD_INCOME_TOTAL_NUTS2,at22:nuts2,2013,2026-09-15T16:27:19.643884+00:00,22837.58,final,2013-01-01,2013-12-31,1,2026-09-15T16:27:19.643884+00:00
HOUSEHOLD_INCOME_TOTAL_NUTS2,at22:nuts2,2014,2026-09-15T16:27:19.643884+00:00,23173.16,final,2014-01-01,2014-12-31,1,2026-09-15T16:27:19.643884+00:00
HOUSEHOLD_INCOME_TOTAL_NUTS2,at22:nuts2,2015,2026-09-15T16:27:19.643884+00:00,23665.09,final,2015-01-01,2015-12-31,1,2026-09-15T16:27:19.643884+00:00
HOUSEHOLD_INCOME_TOTAL_NUTS2,at22:nuts2,2016,2026-09-15T16:27:19.643884+00:00,24339.72,final,2016-01-01,2016-12-31,1,2026-09-15T16:27:19.643884+00:00
HOUSEHOLD_INCOME_TOTAL_NUTS2,at22:nuts2,2017,2026-09-15T16:27:19.643884+00:00,24713.37,final,2017-01-01,2017-12-31,1,2026-09-15T16:27:19.643884+00:00
HOUSEHOLD_INCOME_TOTAL_NUTS2,at22:nuts2,2018,2026-09-15T16:27:19.643884+00:00,25555.8,final,2018-01-01,2018-12-31,1,2026-09-15T16:27:19.643884+00:00
HOUSEHOLD_INCOME_TOTAL_NUTS2,at22:nuts2,2019,2026-09-15T16:27:19.643884+00:00,25787.93,final,2019-01-01,2019-12-31,1,2026-09-15T16:27:19.643884+00:00
HOUSEHOLD_INCOME_TOTAL_NUTS2,at22:nuts2,2020,2026-09-15T16:27:19.643884+00:00,26173.15,final,2020-01-01,2020-12-31,1,2026-09-15T16:27:19.643884+00:00
HOUSEHOLD_INCOME_TOTAL_NUTS2,at22:nuts2,2021,2026-09-15T16:27:19.643884+00:00,27923.91,final,2021-01-01,2021-12-31,1,2026-09-15T16:27:19.643884+00:00
HOUSEHOLD_INCOME_TOTAL_NUTS2,at22:nuts2,2022,2026-09-15T16:27:19.643884+00:00,31221.15,final,2022-01-01,2022-12-31,1,2026-09-15T16:27:19.643884+00:00
HOUSEHOLD_INCOME_TOTAL_NUTS2,at22:nuts2,2023,2026-09-15T16:27:19.643884+00:00,32350.59,final,2023-01-01,2023-12-31,1,2026-09-15T16:27:19.643884+00:00
HOUSEHOLD_INCOME_TOTAL_NUTS2,at22:nuts2,2024,2026-09-15T16:27:19.643884+00:00,34908.36,final,2024-01-01,2024-12-31,1,2026-09-15T16:27:19.643884+00:00
HOUSEHOLD_INCOME_TOTAL_NUTS2,at31:nuts2,2013,2026-09-15T16:27:19.643884+00:00,27610.81,final,2013-01-01,2013-12-31,1,2026-09-15T16:27:19.643884+00:00
HOUSEHOLD_INCOME_TOTAL_NUTS2,at31:nuts2,2014,2026-09-15T16:27:19.643884+00:00,28022.17,final,2014-01-01,2014-12-31,1,2026-09-15T16:27:19.643884+00:00
HOUSEHOLD_INCOME_TOTAL_NUTS2,at31:nuts2,2015,2026-09-15T16:27:19.643884+00:00,28576.4,final,2015-01-01,2015-12-31,1,2026-09-15T16:27:19.643884+00:00
HOUSEHOLD_INCOME_TOTAL_NUTS2,at31:nuts2,2016,2026-09-15T16:27:19.643884+00:00,29483.37,final,2016-01-01,2016-12-31,1,2026-09-15T16:27:19.643884+00:00
HOUSEHOLD_INCOME_TOTAL_NUTS2,at31:nuts2,2017,2026-09-15T16:27:19.643884+00:00,29991.76,final,2017-01-01,2017-12-31,1,2026-09-15T16:27:19.643884+00:00
HOUSEHOLD_INCOME_TOTAL_NUTS2,at31:nuts2,2018,2026-09-15T16:27:19.643884+00:00,31047.4,final,2018-01-01,2018-12-31,1,2026-09-15T16:27:19.643884+00:00
HOUSEHOLD_INCOME_TOTAL_NUTS2,at31:nuts2,2019,2026-09-15T16:27:19.643884+00:00,31488.06,final,2019-01-01,2019-12-31,1,2026-09-15T16:27:19.643884+00:00
HOUSEHOLD_INCOME_TOTAL_NUTS2,at31:nuts2,2020,2026-09-15T16:27:19.643884+00:00,31869.08,final,2020-01-01,2020-12-31,1,2026-09-15T16:27:19.643884+00:00
HOUSEHOLD_INCOME_TOTAL_NUTS2,at31:nuts2,2021,2026-09-15T16:27:19.643884+00:00,34087.85,final,2021-01-01,2021-12-31,1,2026-09-15T16:27:19.643884+00:00
HOUSEHOLD_INCOME_TOTAL_NUTS2,at31:nuts2,2022,2026-09-15T16:27:19.643884+00:00,37917.29,final,2022-01-01,2022-12-31,1,2026-09-15T16:27:19.643884+00:00
HOUSEHOLD_INCOME_TOTAL_NUTS2,at31:nuts2,2023,2026-09-15T16:27:19.643884+00:00,39422.02,final,2023-01-01,2023-12-31,1,2026-09-15T16:27:19.643884+00:00
HOUSEHOLD_INCOME_TOTAL_NUTS2,at31:nuts2,2024,2026-09-15T16:27:19.643884+00:00,42315.47,final,2024-01-01,2024-12-31,1,2026-09-15T16:27:19.643884+00:00
HOUSEHOLD_INCOME_TOTAL_NUTS2,at32:nuts2,2013,2026-09-15T16:27:19.643884+00:00,10425.71,final,2013-01-01,2013-12-31,1,2026-09-15T16:27:19.643884+00:00
HOUSEHOLD_INCOME_TOTAL_NUTS2,at32:nuts2,2014,2026-09-15T16:27:19.643884+00:00,10574.16,final,2014-01-01,2014-12-31,1,2026-09-15T16:27:19.643884+00:00
HOUSEHOLD_INCOME_TOTAL_NUTS2,at32:nuts2,2015,2026-09-15T16:27:19.643884+00:00,10819.35,final,2015-01-01,2015-12-31,1,2026-09-15T16:27:19.643884+00:00
HOUSEHOLD_INCOME_TOTAL_NUTS2,at32:nuts2,2016,2026-09-15T16:27:19.643884+00:00,11223.82,final,2016-01-01,2016-12-31,1,2026-09-15T16:27:19.643884+00:00
HOUSEHOLD_INCOME_TOTAL_NUTS2,at32:nuts2,2017,2026-09-15T16:27:19.643884+00:00,11399.63,final,2017-01-01,2017-12-31,1,2026-09-15T16:27:19.643884+00:00
HOUSEHOLD_INCOME_TOTAL_NUTS2,at32:nuts2,2018,2026-09-15T16:27:19.643884+00:00,11718.91,final,2018-01-01,2018-12-31,1,2026-09-15T16:27:19.643884+00:00
HOUSEHOLD_INCOME_TOTAL_NUTS2,at32:nuts2,2019,2026-09-15T16:27:19.643884+00:00,11853.4,final,2019-01-01,2019-12-31,1,2026-09-15T16:27:19.643884+00:00
HOUSEHOLD_INCOME_TOTAL_NUTS2,at32:nuts2,2020,2026-09-15T16:27:19.643884+00:00,11901.12,final,2020-01-01,2020-12-31,1,2026-09-15T16:27:19.643884+00:00
HOUSEHOLD_INCOME_TOTAL_NUTS2,at32:nuts2,2021,2026-09-15T16:27:19.643884+00:00,12578.57,final,2021-01-01,2021-12-31,1,2026-09-15T16:27:19.643884+00:00
HOUSEHOLD_INCOME_TOTAL_NUTS2,at32:nuts2,2022,2026-09-15T16:27:19.643884+00:00,14185.62,final,2022-01-01,2022-12-31,1,2026-09-15T16:27:19.643884+00:00
HOUSEHOLD_INCOME_TOTAL_NUTS2,at32:nuts2,2023,2026-09-15T16:27:19.643884+00:00,14915.11,final,2023-01-01,2023-12-31,1,2026-09-15T16:27:19.643884+00:00
HOUSEHOLD_INCOME_TOTAL_NUTS2,at32:nuts2,2024,2026-09-15T16:27:19.643884+00:00,16014.28,final,2024-01-01,2024-12-31,1,2026-09-15T16:27:19.643884+00:00
HOUSEHOLD_INCOME_TOTAL_NUTS2,at33:nuts2,2013,2026-09-15T16:27:19.643884+00:00,13543.65,final,2013-01-01,2013-12-31,1,2026-09-15T16:27:19.643884+00:00
HOUSEHOLD_INCOME_TOTAL_NUTS2,at33:nuts2,2014,2026-09-15T16:27:19.643884+00:00,13717.51,final,2014-01-01,2014-12-31,1,2026-09-15T16:27:19.643884+00:00
HOUSEHOLD_INCOME_TOTAL_NUTS2,at33:nuts2,2015,2026-09-15T16:27:19.643884+00:00,14095.99,final,2015-01-01,2015-12-31,1,2026-09-15T16:27:19.643884+00:00
HOUSEHOLD_INCOME_TOTAL_NUTS2,at33:nuts2,2016,2026-09-15T16:27:19.643884+00:00,14637.53,final,2016-01-01,2016-12-31,1,2026-09-15T16:27:19.643884+00:00
HOUSEHOLD_INCOME_TOTAL_NUTS2,at33:nuts2,2017,2026-09-15T16:27:19.643884+00:00,14853.46,final,2017-01-01,2017-12-31,1,2026-09-15T16:27:19.643884+00:00
HOUSEHOLD_INCOME_TOTAL_NUTS2,at33:nuts2,2018,2026-09-15T16:27:19.643884+00:00,15339.55,final,2018-01-01,2018-12-31,1,2026-09-15T16:27:19.643884+00:00
HOUSEHOLD_INCOME_TOTAL_NUTS2,at33:nuts2,2019,2026-09-15T16:27:19.643884+00:00,15563.39,final,2019-01-01,2019-12-31,1,2026-09-15T16:27:19.643884+00:00
HOUSEHOLD_INCOME_TOTAL_NUTS2,at33:nuts2,2020,2026-09-15T16:27:19.643884+00:00,15649.47,final,2020-01-01,2020-12-31,1,2026-09-15T16:27:19.643884+00:00
HOUSEHOLD_INCOME_TOTAL_NUTS2,at33:nuts2,2021,2026-09-15T16:27:19.643884+00:00,16713.98,final,2021-01-01,2021-12-31,1,2026-09-15T16:27:19.643884+00:00
HOUSEHOLD_INCOME_TOTAL_NUTS2,at33:nuts2,2022,2026-09-15T16:27:19.643884+00:00,18802.94,final,2022-01-01,2022-12-31,1,2026-09-15T16:27:19.643884+00:00
HOUSEHOLD_INCOME_TOTAL_NUTS2,at33:nuts2,2023,2026-09-15T16:27:19.643884+00:00,19736.12,final,2023-01-01,2023-12-31,1,2026-09-15T16:27:19.643884+00:00
HOUSEHOLD_INCOME_TOTAL_NUTS2,at33:nuts2,2024,2026-09-15T16:27:19.643884+00:00,21294.21,final,2024-01-01,2024-12-31,1,2026-09-15T16:27:19.643884+00:00
HOUSEHOLD_INCOME_TOTAL_NUTS2,at34:nuts2,2013,2026-09-15T16:27:19.643884+00:00,7546.47,final,2013-01-01,2013-12-31,1,2026-09-15T16:27:19.643884+00:00
HOUSEHOLD_INCOME_TOTAL_NUTS2,at34:nuts2,2014,2026-09-15T16:27:19.643884+00:00,7665.86,final,2014-01-01,2014-12-31,1,2026-09-15T16:27:19.643884+00:00
HOUSEHOLD_INCOME_TOTAL_NUTS2,at34:nuts2,2015,2026-09-15T16:27:19.643884+00:00,7911.55,final,2015-01-01,2015-12-31,1,2026-09-15T16:27:19.643884+00:00
HOUSEHOLD_INCOME_TOTAL_NUTS2,at34:nuts2,2016,2026-09-15T16:27:19.643884+00:00,8183.28,final,2016-01-01,2016-12-31,1,2026-09-15T16:27:19.643884+00:00
HOUSEHOLD_INCOME_TOTAL_NUTS2,at34:nuts2,2017,2026-09-15T16:27:19.643884+00:00,8267.35,final,2017-01-01,2017-12-31,1,2026-09-15T16:27:19.643884+00:00
HOUSEHOLD_INCOME_TOTAL_NUTS2,at34:nuts2,2018,2026-09-15T16:27:19.643884+00:00,8506.71,final,2018-01-01,2018-12-31,1,2026-09-15T16:27:19.643884+00:00
HOUSEHOLD_INCOME_TOTAL_NUTS2,at34:nuts2,2019,2026-09-15T16:27:19.643884+00:00,8684.02,final,2019-01-01,2019-12-31,1,2026-09-15T16:27:19.643884+00:00
HOUSEHOLD_INCOME_TOTAL_NUTS2,at34:nuts2,2020,2026-09-15T16:27:19.643884+00:00,8753.32,final,2020-01-01,2020-12-31,1,2026-09-15T16:27:19.643884+00:00
HOUSEHOLD_INCOME_TOTAL_NUTS2,at34:nuts2,2021,2026-09-15T16:27:19.643884+00:00,9297.52,final,2021-01-01,2021-12-31,1,2026-09-15T16:27:19.643884+00:00
HOUSEHOLD_INCOME_TOTAL_NUTS2,at34:nuts2,2022,2026-09-15T16:27:19.643884+00:00,10272.66,final,2022-01-01,2022-12-31,1,2026-09-15T16:27:19.643884+00:00
HOUSEHOLD_INCOME_TOTAL_NUTS2,at34:nuts2,2023,2026-09-15T16:27:19.643884+00:00,10649.29,final,2023-01-01,2023-12-31,1,2026-09-15T16:27:19.643884+00:00
HOUSEHOLD_INCOME_TOTAL_NUTS2,at34:nuts2,2024,2026-09-15T16:27:19.643884+00:00,11393.01,final,2024-01-01,2024-12-31,1,2026-09-15T16:27:19.643884+00:00
HOUSEHOLD_INCOME_TOTAL_NUTS2,be10:nuts2,2013,2026-09-15T16:27:19.643884+00:00,18014.49,final,2013-01-01,2013-12-31,1,2026-09-15T16:27:19.643884+00:00
HOUSEHOLD_INCOME_TOTAL_NUTS2,be10:nuts2,2014,2026-09-15T16:27:19.643884+00:00,18284.41,final,2014-01-01,2014-12-31,1,2026-09-15T16:27:19.643884+00:00
HOUSEHOLD_INCOME_TOTAL_NUTS2,be10:nuts2,2015,2026-09-15T16:27:19.643884+00:00,18565.44,final,2015-01-01,2015-12-31,1,2026-09-15T16:27:19.643884+00:00
HOUSEHOLD_INCOME_TOTAL_NUTS2,be10:nuts2,2016,2026-09-15T16:27:19.643884+00:00,18953.18,final,2016-01-01,2016-12-31,1,2026-09-15T16:27:19.643884+00:00
HOUSEHOLD_INCOME_TOTAL_NUTS2,be10:nuts2,2017,2026-09-15T16:27:19.643884+00:00,19489.53,final,2017-01-01,2017-12-31,1,2026-09-15T16:27:19.643884+00:00
HOUSEHOLD_INCOME_TOTAL_NUTS2,be10:nuts2,2018,2026-09-15T16:27:19.643884+00:00,20206.89,final,2018-01-01,2018-12-31,1,2026-09-15T16:27:19.643884+00:00
HOUSEHOLD_INCOME_TOTAL_NUTS2,be10:nuts2,2019,2026-09-15T16:27:19.643884+00:00,21304.37,final,2019-01-01,2019-12-31,1,2026-09-15T16:27:19.643884+00:00
HOUSEHOLD_INCOME_TOTAL_NUTS2,be10:nuts2,2020,2026-09-15T16:27:19.643884+00:00,22096.16,final,2020-01-01,2020-12-31,1,2026-09-15T16:27:19.643884+00:00
HOUSEHOLD_INCOME_TOTAL_NUTS2,be10:nuts2,2021,2026-09-15T16:27:19.643884+00:00,22772.49,final,2021-01-01,2021-12-31,1,2026-09-15T16:27:19.643884+00:00
HOUSEHOLD_INCOME_TOTAL_NUTS2,be10:nuts2,2022,2026-09-15T16:27:19.643884+00:00,24457.52,final,2022-01-01,2022-12-31,1,2026-09-15T16:27:19.643884+00:00
HOUSEHOLD_INCOME_TOTAL_NUTS2,be10:nuts2,2023,2026-09-15T16:27:19.643884+00:00,26953.02,final,2023-01-01,2023-12-31,1,2026-09-15T16:27:19.643884+00:00
HOUSEHOLD_INCOME_TOTAL_NUTS2,be10:nuts2,2024,2026-09-15T16:27:19.643884+00:00,27580.43,provisional,2024-01-01,2024-12-31,1,2026-09-15T16:27:19.643884+00:00
HOUSEHOLD_INCOME_TOTAL_NUTS2,be21:nuts2,2013,2026-09-15T16:27:19.643884+00:00,32197.92,final,2013-01-01,2013-12-31,1,2026-09-15T16:27:19.643884+00:00
HOUSEHOLD_INCOME_TOTAL_NUTS2,be21:nuts2,2014,2026-09-15T16:27:19.643884+00:00,32863.16,final,2014-01-01,2014-12-31,1,2026-09-15T16:27:19.643884+00:00
HOUSEHOLD_INCOME_TOTAL_NUTS2,be21:nuts2,2015,2026-09-15T16:27:19.643884+00:00,33381.94,final,2015-01-01,2015-12-31,1,2026-09-15T16:27:19.643884+00:00
HOUSEHOLD_INCOME_TOTAL_NUTS2,be21:nuts2,2016,2026-09-15T16:27:19.643884+00:00,33835.99,final,2016-01-01,2016-12-31,1,2026-09-15T16:27:19.643884+00:00
HOUSEHOLD_INCOME_TOTAL_NUTS2,be21:nuts2,2017,2026-09-15T16:27:19.643884+00:00,34707.66,final,2017-01-01,2017-12-31,1,2026-09-15T16:27:19.643884+00:00
HOUSEHOLD_INCOME_TOTAL_NUTS2,be21:nuts2,2018,2026-09-15T16:27:19.643884+00:00,35730.43,final,2018-01-01,2018-12-31,1,2026-09-15T16:27:19.643884+00:00
HOUSEHOLD_INCOME_TOTAL_NUTS2,be21:nuts2,2019,2026-09-15T16:27:19.643884+00:00,37323.03,final,2019-01-01,2019-12-31,1,2026-09-15T16:27:19.643884+00:00
HOUSEHOLD_INCOME_TOTAL_NUTS2,be21:nuts2,2020,2026-09-15T16:27:19.643884+00:00,38379.28,final,2020-01-01,2020-12-31,1,2026-09-15T16:27:19.643884+00:00
HOUSEHOLD_INCOME_TOTAL_NUTS2,be21:nuts2,2021,2026-09-15T16:27:19.643884+00:00,39774.65,final,2021-01-01,2021-12-31,1,2026-09-15T16:27:19.643884+00:00
HOUSEHOLD_INCOME_TOTAL_NUTS2,be21:nuts2,2022,2026-09-15T16:27:19.643884+00:00,43044.71,final,2022-01-01,2022-12-31,1,2026-09-15T16:27:19.643884+00:00
HOUSEHOLD_INCOME_TOTAL_NUTS2,be21:nuts2,2023,2026-09-15T16:27:19.643884+00:00,47414.79,final,2023-01-01,2023-12-31,1,2026-09-15T16:27:19.643884+00:00
HOUSEHOLD_INCOME_TOTAL_NUTS2,be21:nuts2,2024,2026-09-15T16:27:19.643884+00:00,49092.64,provisional,2024-01-01,2024-12-31,1,2026-09-15T16:27:19.643884+00:00
HOUSEHOLD_INCOME_TOTAL_NUTS2,be22:nuts2,2013,2026-09-15T16:27:19.643884+00:00,14635.42,final,2013-01-01,2013-12-31,1,2026-09-15T16:27:19.643884+00:00
HOUSEHOLD_INCOME_TOTAL_NUTS2,be22:nuts2,2014,2026-09-15T16:27:19.643884+00:00,15014.57,final,2014-01-01,2014-12-31,1,2026-09-15T16:27:19.643884+00:00
HOUSEHOLD_INCOME_TOTAL_NUTS2,be22:nuts2,2015,2026-09-15T16:27:19.643884+00:00,15189.89,final,2015-01-01,2015-12-31,1,2026-09-15T16:27:19.643884+00:00
HOUSEHOLD_INCOME_TOTAL_NUTS2,be22:nuts2,2016,2026-09-15T16:27:19.643884+00:00,15277.52,final,2016-01-01,2016-12-31,1,2026-09-15T16:27:19.643884+00:00
HOUSEHOLD_INCOME_TOTAL_NUTS2,be22:nuts2,2017,2026-09-15T16:27:19.643884+00:00,15698.23,final,2017-01-01,2017-12-31,1,2026-09-15T16:27:19.643884+00:00
HOUSEHOLD_INCOME_TOTAL_NUTS2,be22:nuts2,2018,2026-09-15T16:27:19.643884+00:00,16194.1,final,2018-01-01,2018-12-31,1,2026-09-15T16:27:19.643884+00:00
HOUSEHOLD_INCOME_TOTAL_NUTS2,be22:nuts2,2019,2026-09-15T16:27:19.643884+00:00,16860.24,final,2019-01-01,2019-12-31,1,2026-09-15T16:27:19.643884+00:00
HOUSEHOLD_INCOME_TOTAL_NUTS2,be22:nuts2,2020,2026-09-15T16:27:19.643884+00:00,17321.65,final,2020-01-01,2020-12-31,1,2026-09-15T16:27:19.643884+00:00
HOUSEHOLD_INCOME_TOTAL_NUTS2,be22:nuts2,2021,2026-09-15T16:27:19.643884+00:00,17982.56,final,2021-01-01,2021-12-31,1,2026-09-15T16:27:19.643884+00:00
HOUSEHOLD_INCOME_TOTAL_NUTS2,be22:nuts2,2022,2026-09-15T16:27:19.643884+00:00,19374.94,final,2022-01-01,2022-12-31,1,2026-09-15T16:27:19.643884+00:00
HOUSEHOLD_INCOME_TOTAL_NUTS2,be22:nuts2,2023,2026-09-15T16:27:19.643884+00:00,21132.15,final,2023-01-01,2023-12-31,1,2026-09-15T16:27:19.643884+00:00
HOUSEHOLD_INCOME_TOTAL_NUTS2,be22:nuts2,2024,2026-09-15T16:27:19.643884+00:00,21979.74,provisional,2024-01-01,2024-12-31,1,2026-09-15T16:27:19.643884+00:00
HOUSEHOLD_INCOME_TOTAL_NUTS2,be23:nuts2,2013,2026-09-15T16:27:19.643884+00:00,27261.73,final,2013-01-01,2013-12-31,1,2026-09-15T16:27:19.643884+00:00
HOUSEHOLD_INCOME_TOTAL_NUTS2,be23:nuts2,2014,2026-09-15T16:27:19.643884+00:00,27868.37,final,2014-01-01,2014-12-31,1,2026-09-15T16:27:19.643884+00:00
HOUSEHOLD_INCOME_TOTAL_NUTS2,be23:nuts2,2015,2026-09-15T16:27:19.643884+00:00,28266.17,final,2015-01-01,2015-12-31,1,2026-09-15T16:27:19.643884+00:00
HOUSEHOLD_INCOME_TOTAL_NUTS2,be23:nuts2,2016,2026-09-15T16:27:19.643884+00:00,28639.92,final,2016-01-01,2016-12-31,1,2026-09-15T16:27:19.643884+00:00
HOUSEHOLD_INCOME_TOTAL_NUTS2,be23:nuts2,2017,2026-09-15T16:27:19.643884+00:00,29452.34,final,2017-01-01,2017-12-31,1,2026-09-15T16:27:19.643884+00:00
HOUSEHOLD_INCOME_TOTAL_NUTS2,be23:nuts2,2018,2026-09-15T16:27:19.643884+00:00,30381.16,final,2018-01-01,2018-12-31,1,2026-09-15T16:27:19.643884+00:00
HOUSEHOLD_INCOME_TOTAL_NUTS2,be23:nuts2,2019,2026-09-15T16:27:19.643884+00:00,31646.95,final,2019-01-01,2019-12-31,1,2026-09-15T16:27:19.643884+00:00
HOUSEHOLD_INCOME_TOTAL_NUTS2,be23:nuts2,2020,2026-09-15T16:27:19.643884+00:00,32475.4,final,2020-01-01,2020-12-31,1,2026-09-15T16:27:19.643884+00:00
HOUSEHOLD_INCOME_TOTAL_NUTS2,be23:nuts2,2021,2026-09-15T16:27:19.643884+00:00,33746.91,final,2021-01-01,2021-12-31,1,2026-09-15T16:27:19.643884+00:00
HOUSEHOLD_INCOME_TOTAL_NUTS2,be23:nuts2,2022,2026-09-15T16:27:19.643884+00:00,36700.77,final,2022-01-01,2022-12-31,1,2026-09-15T16:27:19.643884+00:00
HOUSEHOLD_INCOME_TOTAL_NUTS2,be23:nuts2,2023,2026-09-15T16:27:19.643884+00:00,40475.97,final,2023-01-01,2023-12-31,1,2026-09-15T16:27:19.643884+00:00
HOUSEHOLD_INCOME_TOTAL_NUTS2,be23:nuts2,2024,2026-09-15T16:27:19.643884+00:00,41695.48,provisional,2024-01-01,2024-12-31,1,2026-09-15T16:27:19.643884+00:00
HOUSEHOLD_INCOME_TOTAL_NUTS2,be24:nuts2,2013,2026-09-15T16:27:19.643884+00:00,22004.02,final,2013-01-01,2013-12-31,1,2026-09-15T16:27:19.643884+00:00
HOUSEHOLD_INCOME_TOTAL_NUTS2,be24:nuts2,2014,2026-09-15T16:27:19.643884+00:00,22440.73,final,2014-01-01,2014-12-31,1,2026-09-15T16:27:19.643884+00:00
HOUSEHOLD_INCOME_TOTAL_NUTS2,be24:nuts2,2015,2026-09-15T16:27:19.643884+00:00,22739.05,final,2015-01-01,2015-12-31,1,2026-09-15T16:27:19.643884+00:00
HOUSEHOLD_INCOME_TOTAL_NUTS2,be24:nuts2,2016,2026-09-15T16:27:19.643884+00:00,22958.16,final,2016-01-01,2016-12-31,1,2026-09-15T16:27:19.643884+00:00
HOUSEHOLD_INCOME_TOTAL_NUTS2,be24:nuts2,2017,2026-09-15T16:27:19.643884+00:00,23620.12,final,2017-01-01,2017-12-31,1,2026-09-15T16:27:19.643884+00:00
HOUSEHOLD_INCOME_TOTAL_NUTS2,be24:nuts2,2018,2026-09-15T16:27:19.643884+00:00,24285.7,final,2018-01-01,2018-12-31,1,2026-09-15T16:27:19.643884+00:00
HOUSEHOLD_INCOME_TOTAL_NUTS2,be24:nuts2,2019,2026-09-15T16:27:19.643884+00:00,25292.93,final,2019-01-01,2019-12-31,1,2026-09-15T16:27:19.643884+00:00
HOUSEHOLD_INCOME_TOTAL_NUTS2,be24:nuts2,2020,2026-09-15T16:27:19.643884+00:00,25896.92,final,2020-01-01,2020-12-31,1,2026-09-15T16:27:19.643884+00:00
HOUSEHOLD_INCOME_TOTAL_NUTS2,be24:nuts2,2021,2026-09-15T16:27:19.643884+00:00,26951.92,final,2021-01-01,2021-12-31,1,2026-09-15T16:27:19.643884+00:00
HOUSEHOLD_INCOME_TOTAL_NUTS2,be24:nuts2,2022,2026-09-15T16:27:19.643884+00:00,29223.49,final,2022-01-01,2022-12-31,1,2026-09-15T16:27:19.643884+00:00
HOUSEHOLD_INCOME_TOTAL_NUTS2,be24:nuts2,2023,2026-09-15T16:27:19.643884+00:00,32308.69,final,2023-01-01,2023-12-31,1,2026-09-15T16:27:19.643884+00:00
HOUSEHOLD_INCOME_TOTAL_NUTS2,be24:nuts2,2024,2026-09-15T16:27:19.643884+00:00,33179.15,provisional,2024-01-01,2024-12-31,1,2026-09-15T16:27:19.643884+00:00
HOUSEHOLD_INCOME_TOTAL_NUTS2,be25:nuts2,2013,2026-09-15T16:27:19.643884+00:00,21715.42,final,2013-01-01,2013-12-31,1,2026-09-15T16:27:19.643884+00:00
HOUSEHOLD_INCOME_TOTAL_NUTS2,be25:nuts2,2014,2026-09-15T16:27:19.643884+00:00,22156.18,final,2014-01-01,2014-12-31,1,2026-09-15T16:27:19.643884+00:00
HOUSEHOLD_INCOME_TOTAL_NUTS2,be25:nuts2,2015,2026-09-15T16:27:19.643884+00:00,22436.54,final,2015-01-01,2015-12-31,1,2026-09-15T16:27:19.643884+00:00
HOUSEHOLD_INCOME_TOTAL_NUTS2,be25:nuts2,2016,2026-09-15T16:27:19.643884+00:00,22505.03,final,2016-01-01,2016-12-31,1,2026-09-15T16:27:19.643884+00:00
HOUSEHOLD_INCOME_TOTAL_NUTS2,be25:nuts2,2017,2026-09-15T16:27:19.643884+00:00,23148.15,final,2017-01-01,2017-12-31,1,2026-09-15T16:27:19.643884+00:00
HOUSEHOLD_INCOME_TOTAL_NUTS2,be25:nuts2,2018,2026-09-15T16:27:19.643884+00:00,23913.44,final,2018-01-01,2018-12-31,1,2026-09-15T16:27:19.643884+00:00
HOUSEHOLD_INCOME_TOTAL_NUTS2,be25:nuts2,2019,2026-09-15T16:27:19.643884+00:00,24782.62,final,2019-01-01,2019-12-31,1,2026-09-15T16:27:19.643884+00:00
HOUSEHOLD_INCOME_TOTAL_NUTS2,be25:nuts2,2020,2026-09-15T16:27:19.643884+00:00,25337.26,final,2020-01-01,2020-12-31,1,2026-09-15T16:27:19.643884+00:00
HOUSEHOLD_INCOME_TOTAL_NUTS2,be25:nuts2,2021,2026-09-15T16:27:19.643884+00:00,26222.86,final,2021-01-01,2021-12-31,1,2026-09-15T16:27:19.643884+00:00
HOUSEHOLD_INCOME_TOTAL_NUTS2,be25:nuts2,2022,2026-09-15T16:27:19.643884+00:00,28846.82,final,2022-01-01,2022-12-31,1,2026-09-15T16:27:19.643884+00:00
HOUSEHOLD_INCOME_TOTAL_NUTS2,be25:nuts2,2023,2026-09-15T16:27:19.643884+00:00,31964.35,final,2023-01-01,2023-12-31,1,2026-09-15T16:27:19.643884+00:00
HOUSEHOLD_INCOME_TOTAL_NUTS2,be25:nuts2,2024,2026-09-15T16:27:19.643884+00:00,32920.78,provisional,2024-01-01,2024-12-31,1,2026-09-15T16:27:19.643884+00:00
HOUSEHOLD_INCOME_TOTAL_NUTS2,be31:nuts2,2013,2026-09-15T16:27:19.643884+00:00,7534.86,final,2013-01-01,2013-12-31,1,2026-09-15T16:27:19.643884+00:00
HOUSEHOLD_INCOME_TOTAL_NUTS2,be31:nuts2,2014,2026-09-15T16:27:19.643884+00:00,7671.15,final,2014-01-01,2014-12-31,1,2026-09-15T16:27:19.643884+00:00
HOUSEHOLD_INCOME_TOTAL_NUTS2,be31:nuts2,2015,2026-09-15T16:27:19.643884+00:00,7671.85,final,2015-01-01,2015-12-31,1,2026-09-15T16:27:19.643884+00:00
HOUSEHOLD_INCOME_TOTAL_NUTS2,be31:nuts2,2016,2026-09-15T16:27:19.643884+00:00,7758.46,final,2016-01-01,2016-12-31,1,2026-09-15T16:27:19.643884+00:00
HOUSEHOLD_INCOME_TOTAL_NUTS2,be31:nuts2,2017,2026-09-15T16:27:19.643884+00:00,7976.76,final,2017-01-01,2017-12-31,1,2026-09-15T16:27:19.643884+00:00
HOUSEHOLD_INCOME_TOTAL_NUTS2,be31:nuts2,2018,2026-09-15T16:27:19.643884+00:00,8328.32,final,2018-01-01,2018-12-31,1,2026-09-15T16:27:19.643884+00:00
HOUSEHOLD_INCOME_TOTAL_NUTS2,be31:nuts2,2019,2026-09-15T16:27:19.643884+00:00,8654.38,final,2019-01-01,2019-12-31,1,2026-09-15T16:27:19.643884+00:00
HOUSEHOLD_INCOME_TOTAL_NUTS2,be31:nuts2,2020,2026-09-15T16:27:19.643884+00:00,8949.68,final,2020-01-01,2020-12-31,1,2026-09-15T16:27:19.643884+00:00
HOUSEHOLD_INCOME_TOTAL_NUTS2,be31:nuts2,2021,2026-09-15T16:27:19.643884+00:00,9346.54,final,2021-01-01,2021-12-31,1,2026-09-15T16:27:19.643884+00:00
HOUSEHOLD_INCOME_TOTAL_NUTS2,be31:nuts2,2022,2026-09-15T16:27:19.643884+00:00,9987.9,final,2022-01-01,2022-12-31,1,2026-09-15T16:27:19.643884+00:00
HOUSEHOLD_INCOME_TOTAL_NUTS2,be31:nuts2,2023,2026-09-15T16:27:19.643884+00:00,10819.97,final,2023-01-01,2023-12-31,1,2026-09-15T16:27:19.643884+00:00
HOUSEHOLD_INCOME_TOTAL_NUTS2,be31:nuts2,2024,2026-09-15T16:27:19.643884+00:00,11156.64,provisional,2024-01-01,2024-12-31,1,2026-09-15T16:27:19.643884+00:00
HOUSEHOLD_INCOME_TOTAL_NUTS2,be32:nuts2,2013,2026-09-15T16:27:19.643884+00:00,20370.25,final,2013-01-01,2013-12-31,1,2026-09-15T16:27:19.643884+00:00
HOUSEHOLD_INCOME_TOTAL_NUTS2,be32:nuts2,2014,2026-09-15T16:27:19.643884+00:00,20536.73,final,2014-01-01,2014-12-31,1,2026-09-15T16:27:19.643884+00:00
HOUSEHOLD_INCOME_TOTAL_NUTS2,be32:nuts2,2015,2026-09-15T16:27:19.643884+00:00,20564.36,final,2015-01-01,2015-12-31,1,2026-09-15T16:27:19.643884+00:00
HOUSEHOLD_INCOME_TOTAL_NUTS2,be32:nuts2,2016,2026-09-15T16:27:19.643884+00:00,20685.2,final,2016-01-01,2016-12-31,1,2026-09-15T16:27:19.643884+00:00
HOUSEHOLD_INCOME_TOTAL_NUTS2,be32:nuts2,2017,2026-09-15T16:27:19.643884+00:00,21237.89,final,2017-01-01,2017-12-31,1,2026-09-15T16:27:19.643884+00:00
HOUSEHOLD_INCOME_TOTAL_NUTS2,be32:nuts2,2018,2026-09-15T16:27:19.643884+00:00,21808.44,final,2018-01-01,2018-12-31,1,2026-09-15T16:27:19.643884+00:00
HOUSEHOLD_INCOME_TOTAL_NUTS2,be32:nuts2,2019,2026-09-15T16:27:19.643884+00:00,22677.67,final,2019-01-01,2019-12-31,1,2026-09-15T16:27:19.643884+00:00
HOUSEHOLD_INCOME_TOTAL_NUTS2,be32:nuts2,2020,2026-09-15T16:27:19.643884+00:00,23476.35,final,2020-01-01,2020-12-31,1,2026-09-15T16:27:19.643884+00:00
HOUSEHOLD_INCOME_TOTAL_NUTS2,be32:nuts2,2021,2026-09-15T16:27:19.643884+00:00,24034.8,final,2021-01-01,2021-12-31,1,2026-09-15T16:27:19.643884+00:00
HOUSEHOLD_INCOME_TOTAL_NUTS2,be32:nuts2,2022,2026-09-15T16:27:19.643884+00:00,25670.33,final,2022-01-01,2022-12-31,1,2026-09-15T16:27:19.643884+00:00
HOUSEHOLD_INCOME_TOTAL_NUTS2,be32:nuts2,2023,2026-09-15T16:27:19.643884+00:00,27607.49,final,2023-01-01,2023-12-31,1,2026-09-15T16:27:19.643884+00:00
HOUSEHOLD_INCOME_TOTAL_NUTS2,be32:nuts2,2024,2026-09-15T16:27:19.643884+00:00,28500.9,provisional,2024-01-01,2024-12-31,1,2026-09-15T16:27:19.643884+00:00
HOUSEHOLD_INCOME_TOTAL_NUTS2,be33:nuts2,2013,2026-09-15T16:27:19.643884+00:00,17203.06,final,2013-01-01,2013-12-31,1,2026-09-15T16:27:19.643884+00:00
HOUSEHOLD_INCOME_TOTAL_NUTS2,be33:nuts2,2014,2026-09-15T16:27:19.643884+00:00,17468.43,final,2014-01-01,2014-12-31,1,2026-09-15T16:27:19.643884+00:00
HOUSEHOLD_INCOME_TOTAL_NUTS2,be33:nuts2,2015,2026-09-15T16:27:19.643884+00:00,17580.01,final,2015-01-01,2015-12-31,1,2026-09-15T16:27:19.643884+00:00
HOUSEHOLD_INCOME_TOTAL_NUTS2,be33:nuts2,2016,2026-09-15T16:27:19.643884+00:00,17778.41,final,2016-01-01,2016-12-31,1,2026-09-15T16:27:19.643884+00:00
HOUSEHOLD_INCOME_TOTAL_NUTS2,be33:nuts2,2017,2026-09-15T16:27:19.643884+00:00,18193.79,final,2017-01-01,2017-12-31,1,2026-09-15T16:27:19.643884+00:00
HOUSEHOLD_INCOME_TOTAL_NUTS2,be33:nuts2,2018,2026-09-15T16:27:19.643884+00:00,18666.56,final,2018-01-01,2018-12-31,1,2026-09-15T16:27:19.643884+00:00
HOUSEHOLD_INCOME_TOTAL_NUTS2,be33:nuts2,2019,2026-09-15T16:27:19.643884+00:00,19454.96,final,2019-01-01,2019-12-31,1,2026-09-15T16:27:19.643884+00:00
HOUSEHOLD_INCOME_TOTAL_NUTS2,be33:nuts2,2020,2026-09-15T16:27:19.643884+00:00,20044.18,final,2020-01-01,2020-12-31,1,2026-09-15T16:27:19.643884+00:00
HOUSEHOLD_INCOME_TOTAL_NUTS2,be33:nuts2,2021,2026-09-15T16:27:19.643884+00:00,20698.58,final,2021-01-01,2021-12-31,1,2026-09-15T16:27:19.643884+00:00
HOUSEHOLD_INCOME_TOTAL_NUTS2,be33:nuts2,2022,2026-09-15T16:27:19.643884+00:00,22166.24,final,2022-01-01,2022-12-31,1,2026-09-15T16:27:19.643884+00:00
HOUSEHOLD_INCOME_TOTAL_NUTS2,be33:nuts2,2023,2026-09-15T16:27:19.643884+00:00,24012.09,final,2023-01-01,2023-12-31,1,2026-09-15T16:27:19.643884+00:00
HOUSEHOLD_INCOME_TOTAL_NUTS2,be33:nuts2,2024,2026-09-15T16:27:19.643884+00:00,24752.82,provisional,2024-01-01,2024-12-31,1,2026-09-15T16:27:19.643884+00:00
HOUSEHOLD_INCOME_TOTAL_NUTS2,be34:nuts2,2013,2026-09-15T16:27:19.643884+00:00,4491.08,final,2013-01-01,2013-12-31,1,2026-09-15T16:27:19.643884+00:00
HOUSEHOLD_INCOME_TOTAL_NUTS2,be34:nuts2,2014,2026-09-15T16:27:19.643884+00:00,4589.9,final,2014-01-01,2014-12-31,1,2026-09-15T16:27:19.643884+00:00
HOUSEHOLD_INCOME_TOTAL_NUTS2,be34:nuts2,2015,2026-09-15T16:27:19.643884+00:00,4699.02,final,2015-01-01,2015-12-31,1,2026-09-15T16:27:19.643884+00:00
HOUSEHOLD_INCOME_TOTAL_NUTS2,be34:nuts2,2016,2026-09-15T16:27:19.643884+00:00,4725.39,final,2016-01-01,2016-12-31,1,2026-09-15T16:27:19.643884+00:00
HOUSEHOLD_INCOME_TOTAL_NUTS2,be34:nuts2,2017,2026-09-15T16:27:19.643884+00:00,4927.93,final,2017-01-01,2017-12-31,1,2026-09-15T16:27:19.643884+00:00
HOUSEHOLD_INCOME_TOTAL_NUTS2,be34:nuts2,2018,2026-09-15T16:27:19.643884+00:00,5060.05,final,2018-01-01,2018-12-31,1,2026-09-15T16:27:19.643884+00:00
HOUSEHOLD_INCOME_TOTAL_NUTS2,be34:nuts2,2019,2026-09-15T16:27:19.643884+00:00,5291.71,final,2019-01-01,2019-12-31,1,2026-09-15T16:27:19.643884+00:00
HOUSEHOLD_INCOME_TOTAL_NUTS2,be34:nuts2,2020,2026-09-15T16:27:19.643884+00:00,5534.4,final,2020-01-01,2020-12-31,1,2026-09-15T16:27:19.643884+00:00
HOUSEHOLD_INCOME_TOTAL_NUTS2,be34:nuts2,2021,2026-09-15T16:27:19.643884+00:00,5751.19,final,2021-01-01,2021-12-31,1,2026-09-15T16:27:19.643884+00:00
HOUSEHOLD_INCOME_TOTAL_NUTS2,be34:nuts2,2022,2026-09-15T16:27:19.643884+00:00,6290.02,final,2022-01-01,2022-12-31,1,2026-09-15T16:27:19.643884+00:00
HOUSEHOLD_INCOME_TOTAL_NUTS2,be34:nuts2,2023,2026-09-15T16:27:19.643884+00:00,6802.32,final,2023-01-01,2023-12-31,1,2026-09-15T16:27:19.643884+00:00
HOUSEHOLD_INCOME_TOTAL_NUTS2,be34:nuts2,2024,2026-09-15T16:27:19.643884+00:00,7064.56,provisional,2024-01-01,2024-12-31,1,2026-09-15T16:27:19.643884+00:00
HOUSEHOLD_INCOME_TOTAL_NUTS2,be35:nuts2,2013,2026-09-15T16:27:19.643884+00:00,7830.7,final,2013-01-01,2013-12-31,1,2026-09-15T16:27:19.643884+00:00
HOUSEHOLD_INCOME_TOTAL_NUTS2,be35:nuts2,2014,2026-09-15T16:27:19.643884+00:00,7960.37,final,2014-01-01,2014-12-31,1,2026-09-15T16:27:19.643884+00:00
HOUSEHOLD_INCOME_TOTAL_NUTS2,be35:nuts2,2015,2026-09-15T16:27:19.643884+00:00,8030.94,final,2015-01-01,2015-12-31,1,2026-09-15T16:27:19.643884+00:00
HOUSEHOLD_INCOME_TOTAL_NUTS2,be35:nuts2,2016,2026-09-15T16:27:19.643884+00:00,8086.2,final,2016-01-01,2016-12-31,1,2026-09-15T16:27:19.643884+00:00
HOUSEHOLD_INCOME_TOTAL_NUTS2,be35:nuts2,2017,2026-09-15T16:27:19.643884+00:00,8335.3,final,2017-01-01,2017-12-31,1,2026-09-15T16:27:19.643884+00:00
HOUSEHOLD_INCOME_TOTAL_NUTS2,be35:nuts2,2018,2026-09-15T16:27:19.643884+00:00,8528.84,final,2018-01-01,2018-12-31,1,2026-09-15T16:27:19.643884+00:00
HOUSEHOLD_INCOME_TOTAL_NUTS2,be35:nuts2,2019,2026-09-15T16:27:19.643884+00:00,8891.73,final,2019-01-01,2019-12-31,1,2026-09-15T16:27:19.643884+00:00
HOUSEHOLD_INCOME_TOTAL_NUTS2,be35:nuts2,2020,2026-09-15T16:27:19.643884+00:00,9226.47,final,2020-01-01,2020-12-31,1,2026-09-15T16:27:19.643884+00:00
HOUSEHOLD_INCOME_TOTAL_NUTS2,be35:nuts2,2021,2026-09-15T16:27:19.643884+00:00,9541.76,final,2021-01-01,2021-12-31,1,2026-09-15T16:27:19.643884+00:00
HOUSEHOLD_INCOME_TOTAL_NUTS2,be35:nuts2,2022,2026-09-15T16:27:19.643884+00:00,10190.38,final,2022-01-01,2022-12-31,1,2026-09-15T16:27:19.643884+00:00
HOUSEHOLD_INCOME_TOTAL_NUTS2,be35:nuts2,2023,2026-09-15T16:27:19.643884+00:00,11036.44,final,2023-01-01,2023-12-31,1,2026-09-15T16:27:19.643884+00:00
HOUSEHOLD_INCOME_TOTAL_NUTS2,be35:nuts2,2024,2026-09-15T16:27:19.643884+00:00,11373.43,provisional,2024-01-01,2024-12-31,1,2026-09-15T16:27:19.643884+00:00
HOUSEHOLD_INCOME_TOTAL_NUTS2,bg31:nuts2,2013,2026-09-15T16:27:19.643884+00:00,4300.63,final,2013-01-01,2013-12-31,1,2026-09-15T16:27:19.643884+00:00
HOUSEHOLD_INCOME_TOTAL_NUTS2,bg31:nuts2,2014,2026-09-15T16:27:19.643884+00:00,4457.75,final,2014-01-01,2014-12-31,1,2026-09-15T16:27:19.643884+00:00
HOUSEHOLD_INCOME_TOTAL_NUTS2,bg31:nuts2,2015,2026-09-15T16:27:19.643884+00:00,4453.0,final,2015-01-01,2015-12-31,1,2026-09-15T16:27:19.643884+00:00
HOUSEHOLD_INCOME_TOTAL_NUTS2,bg31:nuts2,2016,2026-09-15T16:27:19.643884+00:00,4460.18,final,2016-01-01,2016-12-31,1,2026-09-15T16:27:19.643884+00:00
HOUSEHOLD_INCOME_TOTAL_NUTS2,bg31:nuts2,2017,2026-09-15T16:27:19.643884+00:00,4442.65,final,2017-01-01,2017-12-31,1,2026-09-15T16:27:19.643884+00:00
HOUSEHOLD_INCOME_TOTAL_NUTS2,bg31:nuts2,2018,2026-09-15T16:27:19.643884+00:00,5069.97,final,2018-01-01,2018-12-31,1,2026-09-15T16:27:19.643884+00:00
HOUSEHOLD_INCOME_TOTAL_NUTS2,bg31:nuts2,2019,2026-09-15T16:27:19.643884+00:00,5155.17,final,2019-01-01,2019-12-31,1,2026-09-15T16:27:19.643884+00:00
HOUSEHOLD_INCOME_TOTAL_NUTS2,bg31:nuts2,2020,2026-09-15T16:27:19.643884+00:00,5268.67,final,2020-01-01,2020-12-31,1,2026-09-15T16:27:19.643884+00:00
HOUSEHOLD_INCOME_TOTAL_NUTS2,bg31:nuts2,2021,2026-09-15T16:27:19.643884+00:00,5902.85,final,2021-01-01,2021-12-31,1,2026-09-15T16:27:19.643884+00:00
HOUSEHOLD_INCOME_TOTAL_NUTS2,bg31:nuts2,2022,2026-09-15T16:27:19.643884+00:00,6253.77,final,2022-01-01,2022-12-31,1,2026-09-15T16:27:19.643884+00:00
HOUSEHOLD_INCOME_TOTAL_NUTS2,bg31:nuts2,2023,2026-09-15T16:27:19.643884+00:00,6883.21,final,2023-01-01,2023-12-31,1,2026-09-15T16:27:19.643884+00:00
HOUSEHOLD_INCOME_TOTAL_NUTS2,bg32:nuts2,2013,2026-09-15T16:27:19.643884+00:00,4737.15,final,2013-01-01,2013-12-31,1,2026-09-15T16:27:19.643884+00:00
HOUSEHOLD_INCOME_TOTAL_NUTS2,bg32:nuts2,2014,2026-09-15T16:27:19.643884+00:00,4783.16,final,2014-01-01,2014-12-31,1,2026-09-15T16:27:19.643884+00:00
HOUSEHOLD_INCOME_TOTAL_NUTS2,bg32:nuts2,2015,2026-09-15T16:27:19.643884+00:00,5111.19,final,2015-01-01,2015-12-31,1,2026-09-15T16:27:19.643884+00:00
HOUSEHOLD_INCOME_TOTAL_NUTS2,bg32:nuts2,2016,2026-09-15T16:27:19.643884+00:00,5336.57,final,2016-01-01,2016-12-31,1,2026-09-15T16:27:19.643884+00:00
HOUSEHOLD_INCOME_TOTAL_NUTS2,bg32:nuts2,2017,2026-09-15T16:27:19.643884+00:00,5594.82,final,2017-01-01,2017-12-31,1,2026-09-15T16:27:19.643884+00:00
HOUSEHOLD_INCOME_TOTAL_NUTS2,bg32:nuts2,2018,2026-09-15T16:27:19.643884+00:00,5921.85,final,2018-01-01,2018-12-31,1,2026-09-15T16:27:19.643884+00:00
HOUSEHOLD_INCOME_TOTAL_NUTS2,bg32:nuts2,2019,2026-09-15T16:27:19.643884+00:00,5966.35,final,2019-01-01,2019-12-31,1,2026-09-15T16:27:19.643884+00:00
HOUSEHOLD_INCOME_TOTAL_NUTS2,bg32:nuts2,2020,2026-09-15T16:27:19.643884+00:00,5725.23,final,2020-01-01,2020-12-31,1,2026-09-15T16:27:19.643884+00:00
HOUSEHOLD_INCOME_TOTAL_NUTS2,bg32:nuts2,2021,2026-09-15T16:27:19.643884+00:00,6023.1,final,2021-01-01,2021-12-31,1,2026-09-15T16:27:19.643884+00:00
HOUSEHOLD_INCOME_TOTAL_NUTS2,bg32:nuts2,2022,2026-09-15T16:27:19.643884+00:00,6741.63,final,2022-01-01,2022-12-31,1,2026-09-15T16:27:19.643884+00:00
HOUSEHOLD_INCOME_TOTAL_NUTS2,bg32:nuts2,2023,2026-09-15T16:27:19.643884+00:00,7496.61,final,2023-01-01,2023-12-31,1,2026-09-15T16:27:19.643884+00:00
HOUSEHOLD_INCOME_TOTAL_NUTS2,bg33:nuts2,2013,2026-09-15T16:27:19.643884+00:00,5902.53,final,2013-01-01,2013-12-31,1,2026-09-15T16:27:19.643884+00:00
HOUSEHOLD_INCOME_TOTAL_NUTS2,bg33:nuts2,2014,2026-09-15T16:27:19.643884+00:00,6138.18,final,2014-01-01,2014-12-31,1,2026-09-15T16:27:19.643884+00:00
HOUSEHOLD_INCOME_TOTAL_NUTS2,bg33:nuts2,2015,2026-09-15T16:27:19.643884+00:00,6351.41,final,2015-01-01,2015-12-31,1,2026-09-15T16:27:19.643884+00:00
HOUSEHOLD_INCOME_TOTAL_NUTS2,bg33:nuts2,2016,2026-09-15T16:27:19.643884+00:00,6134.54,final,2016-01-01,2016-12-31,1,2026-09-15T16:27:19.643884+00:00
HOUSEHOLD_INCOME_TOTAL_NUTS2,bg33:nuts2,2017,2026-09-15T16:27:19.643884+00:00,6080.84,final,2017-01-01,2017-12-31,1,2026-09-15T16:27:19.643884+00:00
HOUSEHOLD_INCOME_TOTAL_NUTS2,bg33:nuts2,2018,2026-09-15T16:27:19.643884+00:00,6969.25,final,2018-01-01,2018-12-31,1,2026-09-15T16:27:19.643884+00:00
HOUSEHOLD_INCOME_TOTAL_NUTS2,bg33:nuts2,2019,2026-09-15T16:27:19.643884+00:00,6799.51,final,2019-01-01,2019-12-31,1,2026-09-15T16:27:19.643884+00:00
HOUSEHOLD_INCOME_TOTAL_NUTS2,bg33:nuts2,2020,2026-09-15T16:27:19.643884+00:00,6791.51,final,2020-01-01,2020-12-31,1,2026-09-15T16:27:19.643884+00:00
HOUSEHOLD_INCOME_TOTAL_NUTS2,bg33:nuts2,2021,2026-09-15T16:27:19.643884+00:00,7445.25,final,2021-01-01,2021-12-31,1,2026-09-15T16:27:19.643884+00:00
HOUSEHOLD_INCOME_TOTAL_NUTS2,bg33:nuts2,2022,2026-09-15T16:27:19.643884+00:00,8451.52,final,2022-01-01,2022-12-31,1,2026-09-15T16:27:19.643884+00:00
HOUSEHOLD_INCOME_TOTAL_NUTS2,bg33:nuts2,2023,2026-09-15T16:27:19.643884+00:00,9413.55,final,2023-01-01,2023-12-31,1,2026-09-15T16:27:19.643884+00:00
HOUSEHOLD_INCOME_TOTAL_NUTS2,bg34:nuts2,2013,2026-09-15T16:27:19.643884+00:00,6393.98,final,2013-01-01,2013-12-31,1,2026-09-15T16:27:19.643884+00:00
HOUSEHOLD_INCOME_TOTAL_NUTS2,bg34:nuts2,2014,2026-09-15T16:27:19.643884+00:00,6303.6,final,2014-01-01,2014-12-31,1,2026-09-15T16:27:19.643884+00:00
HOUSEHOLD_INCOME_TOTAL_NUTS2,bg34:nuts2,2015,2026-09-15T16:27:19.643884+00:00,6675.07,final,2015-01-01,2015-12-31,1,2026-09-15T16:27:19.643884+00:00
HOUSEHOLD_INCOME_TOTAL_NUTS2,bg34:nuts2,2016,2026-09-15T16:27:19.643884+00:00,6877.42,final,2016-01-01,2016-12-31,1,2026-09-15T16:27:19.643884+00:00
HOUSEHOLD_INCOME_TOTAL_NUTS2,bg34:nuts2,2017,2026-09-15T16:27:19.643884+00:00,7383.23,final,2017-01-01,2017-12-31,1,2026-09-15T16:27:19.643884+00:00
HOUSEHOLD_INCOME_TOTAL_NUTS2,bg34:nuts2,2018,2026-09-15T16:27:19.643884+00:00,8095.03,final,2018-01-01,2018-12-31,1,2026-09-15T16:27:19.643884+00:00
HOUSEHOLD_INCOME_TOTAL_NUTS2,bg34:nuts2,2019,2026-09-15T16:27:19.643884+00:00,7633.58,final,2019-01-01,2019-12-31,1,2026-09-15T16:27:19.643884+00:00
HOUSEHOLD_INCOME_TOTAL_NUTS2,bg34:nuts2,2020,2026-09-15T16:27:19.643884+00:00,7666.44,final,2020-01-01,2020-12-31,1,2026-09-15T16:27:19.643884+00:00
HOUSEHOLD_INCOME_TOTAL_NUTS2,bg34:nuts2,2021,2026-09-15T16:27:19.643884+00:00,8285.15,final,2021-01-01,2021-12-31,1,2026-09-15T16:27:19.643884+00:00
HOUSEHOLD_INCOME_TOTAL_NUTS2,bg34:nuts2,2022,2026-09-15T16:27:19.643884+00:00,8840.46,final,2022-01-01,2022-12-31,1,2026-09-15T16:27:19.643884+00:00
HOUSEHOLD_INCOME_TOTAL_NUTS2,bg34:nuts2,2023,2026-09-15T16:27:19.643884+00:00,9947.78,final,2023-01-01,2023-12-31,1,2026-09-15T16:27:19.643884+00:00
HOUSEHOLD_INCOME_TOTAL_NUTS2,bg41:nuts2,2013,2026-09-15T16:27:19.643884+00:00,20275.44,final,2013-01-01,2013-12-31,1,2026-09-15T16:27:19.643884+00:00
HOUSEHOLD_INCOME_TOTAL_NUTS2,bg41:nuts2,2014,2026-09-15T16:27:19.643884+00:00,21670.47,final,2014-01-01,2014-12-31,1,2026-09-15T16:27:19.643884+00:00
HOUSEHOLD_INCOME_TOTAL_NUTS2,bg41:nuts2,2015,2026-09-15T16:27:19.643884+00:00,22278.74,final,2015-01-01,2015-12-31,1,2026-09-15T16:27:19.643884+00:00
HOUSEHOLD_INCOME_TOTAL_NUTS2,bg41:nuts2,2016,2026-09-15T16:27:19.643884+00:00,23974.92,final,2016-01-01,2016-12-31,1,2026-09-15T16:27:19.643884+00:00
HOUSEHOLD_INCOME_TOTAL_NUTS2,bg41:nuts2,2017,2026-09-15T16:27:19.643884+00:00,25506.79,final,2017-01-01,2017-12-31,1,2026-09-15T16:27:19.643884+00:00
HOUSEHOLD_INCOME_TOTAL_NUTS2,bg41:nuts2,2018,2026-09-15T16:27:19.643884+00:00,27505.65,final,2018-01-01,2018-12-31,1,2026-09-15T16:27:19.643884+00:00
HOUSEHOLD_INCOME_TOTAL_NUTS2,bg41:nuts2,2019,2026-09-15T16:27:19.643884+00:00,28479.08,final,2019-01-01,2019-12-31,1,2026-09-15T16:27:19.643884+00:00
HOUSEHOLD_INCOME_TOTAL_NUTS2,bg41:nuts2,2020,2026-09-15T16:27:19.643884+00:00,26325.03,final,2020-01-01,2020-12-31,1,2026-09-15T16:27:19.643884+00:00
HOUSEHOLD_INCOME_TOTAL_NUTS2,bg41:nuts2,2021,2026-09-15T16:27:19.643884+00:00,28189.31,final,2021-01-01,2021-12-31,1,2026-09-15T16:27:19.643884+00:00
HOUSEHOLD_INCOME_TOTAL_NUTS2,bg41:nuts2,2022,2026-09-15T16:27:19.643884+00:00,33525.81,final,2022-01-01,2022-12-31,1,2026-09-15T16:27:19.643884+00:00
HOUSEHOLD_INCOME_TOTAL_NUTS2,bg41:nuts2,2023,2026-09-15T16:27:19.643884+00:00,38643.86,final,2023-01-01,2023-12-31,1,2026-09-15T16:27:19.643884+00:00
HOUSEHOLD_INCOME_TOTAL_NUTS2,bg42:nuts2,2013,2026-09-15T16:27:19.643884+00:00,8489.61,final,2013-01-01,2013-12-31,1,2026-09-15T16:27:19.643884+00:00
HOUSEHOLD_INCOME_TOTAL_NUTS2,bg42:nuts2,2014,2026-09-15T16:27:19.643884+00:00,8889.37,final,2014-01-01,2014-12-31,1,2026-09-15T16:27:19.643884+00:00
HOUSEHOLD_INCOME_TOTAL_NUTS2,bg42:nuts2,2015,2026-09-15T16:27:19.643884+00:00,8972.17,final,2015-01-01,2015-12-31,1,2026-09-15T16:27:19.643884+00:00
HOUSEHOLD_INCOME_TOTAL_NUTS2,bg42:nuts2,2016,2026-09-15T16:27:19.643884+00:00,9516.33,final,2016-01-01,2016-12-31,1,2026-09-15T16:27:19.643884+00:00
HOUSEHOLD_INCOME_TOTAL_NUTS2,bg42:nuts2,2017,2026-09-15T16:27:19.643884+00:00,9657.95,final,2017-01-01,2017-12-31,1,2026-09-15T16:27:19.643884+00:00
HOUSEHOLD_INCOME_TOTAL_NUTS2,bg42:nuts2,2018,2026-09-15T16:27:19.643884+00:00,10665.12,final,2018-01-01,2018-12-31,1,2026-09-15T16:27:19.643884+00:00
HOUSEHOLD_INCOME_TOTAL_NUTS2,bg42:nuts2,2019,2026-09-15T16:27:19.643884+00:00,10733.69,final,2019-01-01,2019-12-31,1,2026-09-15T16:27:19.643884+00:00
HOUSEHOLD_INCOME_TOTAL_NUTS2,bg42:nuts2,2020,2026-09-15T16:27:19.643884+00:00,10112.48,final,2020-01-01,2020-12-31,1,2026-09-15T16:27:19.643884+00:00
HOUSEHOLD_INCOME_TOTAL_NUTS2,bg42:nuts2,2021,2026-09-15T16:27:19.643884+00:00,11566.22,final,2021-01-01,2021-12-31,1,2026-09-15T16:27:19.643884+00:00
HOUSEHOLD_INCOME_TOTAL_NUTS2,bg42:nuts2,2022,2026-09-15T16:27:19.643884+00:00,13256.54,final,2022-01-01,2022-12-31,1,2026-09-15T16:27:19.643884+00:00
HOUSEHOLD_INCOME_TOTAL_NUTS2,bg42:nuts2,2023,2026-09-15T16:27:19.643884+00:00,14754.39,final,2023-01-01,2023-12-31,1,2026-09-15T16:27:19.643884+00:00
HOUSEHOLD_INCOME_TOTAL_NUTS2,cy00:nuts2,2013,2026-09-15T16:27:19.643884+00:00,12652.61,final,2013-01-01,2013-12-31,1,2026-09-15T16:27:19.643884+00:00
HOUSEHOLD_INCOME_TOTAL_NUTS2,cy00:nuts2,2014,2026-09-15T16:27:19.643884+00:00,11833.81,final,2014-01-01,2014-12-31,1,2026-09-15T16:27:19.643884+00:00
HOUSEHOLD_INCOME_TOTAL_NUTS2,cy00:nuts2,2015,2026-09-15T16:27:19.643884+00:00,12177.24,final,2015-01-01,2015-12-31,1,2026-09-15T16:27:19.643884+00:00
HOUSEHOLD_INCOME_TOTAL_NUTS2,cy00:nuts2,2016,2026-09-15T16:27:19.643884+00:00,13283.57,final,2016-01-01,2016-12-31,1,2026-09-15T16:27:19.643884+00:00
HOUSEHOLD_INCOME_TOTAL_NUTS2,cy00:nuts2,2017,2026-09-15T16:27:19.643884+00:00,13976.67,final,2017-01-01,2017-12-31,1,2026-09-15T16:27:19.643884+00:00
HOUSEHOLD_INCOME_TOTAL_NUTS2,cy00:nuts2,2018,2026-09-15T16:27:19.643884+00:00,14882.64,final,2018-01-01,2018-12-31,1,2026-09-15T16:27:19.643884+00:00
HOUSEHOLD_INCOME_TOTAL_NUTS2,cy00:nuts2,2019,2026-09-15T16:27:19.643884+00:00,16327.66,final,2019-01-01,2019-12-31,1,2026-09-15T16:27:19.643884+00:00
HOUSEHOLD_INCOME_TOTAL_NUTS2,cy00:nuts2,2020,2026-09-15T16:27:19.643884+00:00,16529.66,final,2020-01-01,2020-12-31,1,2026-09-15T16:27:19.643884+00:00
HOUSEHOLD_INCOME_TOTAL_NUTS2,cy00:nuts2,2021,2026-09-15T16:27:19.643884+00:00,16974.69,final,2021-01-01,2021-12-31,1,2026-09-15T16:27:19.643884+00:00
HOUSEHOLD_INCOME_TOTAL_NUTS2,cy00:nuts2,2022,2026-09-15T16:27:19.643884+00:00,17848.34,final,2022-01-01,2022-12-31,1,2026-09-15T16:27:19.643884+00:00
HOUSEHOLD_INCOME_TOTAL_NUTS2,cy00:nuts2,2023,2026-09-15T16:27:19.643884+00:00,19517.8,final,2023-01-01,2023-12-31,1,2026-09-15T16:27:19.643884+00:00
HOUSEHOLD_INCOME_TOTAL_NUTS2,cy00:nuts2,2024,2026-09-15T16:27:19.643884+00:00,21304.53,provisional,2024-01-01,2024-12-31,1,2026-09-15T16:27:19.643884+00:00
HOUSEHOLD_INCOME_TOTAL_NUTS2,cz01:nuts2,2013,2026-09-15T16:27:19.643884+00:00,18564.4,final,2013-01-01,2013-12-31,1,2026-09-15T16:27:19.643884+00:00
HOUSEHOLD_INCOME_TOTAL_NUTS2,cz01:nuts2,2014,2026-09-15T16:27:19.643884+00:00,19401.63,final,2014-01-01,2014-12-31,1,2026-09-15T16:27:19.643884+00:00
HOUSEHOLD_INCOME_TOTAL_NUTS2,cz01:nuts2,2015,2026-09-15T16:27:19.643884+00:00,19482.51,final,2015-01-01,2015-12-31,1,2026-09-15T16:27:19.643884+00:00
HOUSEHOLD_INCOME_TOTAL_NUTS2,cz01:nuts2,2016,2026-09-15T16:27:19.643884+00:00,19935.25,final,2016-01-01,2016-12-31,1,2026-09-15T16:27:19.643884+00:00
HOUSEHOLD_INCOME_TOTAL_NUTS2,cz01:nuts2,2017,2026-09-15T16:27:19.643884+00:00,22950.53,final,2017-01-01,2017-12-31,1,2026-09-15T16:27:19.643884+00:00
HOUSEHOLD_INCOME_TOTAL_NUTS2,cz01:nuts2,2018,2026-09-15T16:27:19.643884+00:00,23951.54,final,2018-01-01,2018-12-31,1,2026-09-15T16:27:19.643884+00:00
HOUSEHOLD_INCOME_TOTAL_NUTS2,cz01:nuts2,2019,2026-09-15T16:27:19.643884+00:00,24042.55,final,2019-01-01,2019-12-31,1,2026-09-15T16:27:19.643884+00:00
HOUSEHOLD_INCOME_TOTAL_NUTS2,cz01:nuts2,2020,2026-09-15T16:27:19.643884+00:00,23644.18,final,2020-01-01,2020-12-31,1,2026-09-15T16:27:19.643884+00:00
HOUSEHOLD_INCOME_TOTAL_NUTS2,cz01:nuts2,2021,2026-09-15T16:27:19.643884+00:00,25455.11,final,2021-01-01,2021-12-31,1,2026-09-15T16:27:19.643884+00:00
HOUSEHOLD_INCOME_TOTAL_NUTS2,cz01:nuts2,2022,2026-09-15T16:27:19.643884+00:00,27479.54,final,2022-01-01,2022-12-31,1,2026-09-15T16:27:19.643884+00:00
HOUSEHOLD_INCOME_TOTAL_NUTS2,cz01:nuts2,2023,2026-09-15T16:27:19.643884+00:00,30072.52,final,2023-01-01,2023-12-31,1,2026-09-15T16:27:19.643884+00:00
HOUSEHOLD_INCOME_TOTAL_NUTS2,cz01:nuts2,2024,2026-09-15T16:27:19.643884+00:00,32984.23,final,2024-01-01,2024-12-31,1,2026-09-15T16:27:19.643884+00:00
HOUSEHOLD_INCOME_TOTAL_NUTS2,cz02:nuts2,2013,2026-09-15T16:27:19.643884+00:00,16323.12,final,2013-01-01,2013-12-31,1,2026-09-15T16:27:19.643884+00:00
HOUSEHOLD_INCOME_TOTAL_NUTS2,cz02:nuts2,2014,2026-09-15T16:27:19.643884+00:00,17055.23,final,2014-01-01,2014-12-31,1,2026-09-15T16:27:19.643884+00:00
HOUSEHOLD_INCOME_TOTAL_NUTS2,cz02:nuts2,2015,2026-09-15T16:27:19.643884+00:00,17235.99,final,2015-01-01,2015-12-31,1,2026-09-15T16:27:19.643884+00:00
HOUSEHOLD_INCOME_TOTAL_NUTS2,cz02:nuts2,2016,2026-09-15T16:27:19.643884+00:00,18433.73,final,2016-01-01,2016-12-31,1,2026-09-15T16:27:19.643884+00:00
HOUSEHOLD_INCOME_TOTAL_NUTS2,cz02:nuts2,2017,2026-09-15T16:27:19.643884+00:00,19280.37,final,2017-01-01,2017-12-31,1,2026-09-15T16:27:19.643884+00:00
HOUSEHOLD_INCOME_TOTAL_NUTS2,cz02:nuts2,2018,2026-09-15T16:27:19.643884+00:00,20699.2,final,2018-01-01,2018-12-31,1,2026-09-15T16:27:19.643884+00:00
HOUSEHOLD_INCOME_TOTAL_NUTS2,cz02:nuts2,2019,2026-09-15T16:27:19.643884+00:00,21930.0,final,2019-01-01,2019-12-31,1,2026-09-15T16:27:19.643884+00:00
HOUSEHOLD_INCOME_TOTAL_NUTS2,cz02:nuts2,2020,2026-09-15T16:27:19.643884+00:00,20795.85,final,2020-01-01,2020-12-31,1,2026-09-15T16:27:19.643884+00:00
HOUSEHOLD_INCOME_TOTAL_NUTS2,cz02:nuts2,2021,2026-09-15T16:27:19.643884+00:00,21874.72,final,2021-01-01,2021-12-31,1,2026-09-15T16:27:19.643884+00:00
HOUSEHOLD_INCOME_TOTAL_NUTS2,cz02:nuts2,2022,2026-09-15T16:27:19.643884+00:00,24898.3,final,2022-01-01,2022-12-31,1,2026-09-15T16:27:19.643884+00:00
HOUSEHOLD_INCOME_TOTAL_NUTS2,cz02:nuts2,2023,2026-09-15T16:27:19.643884+00:00,27219.31,final,2023-01-01,2023-12-31,1,2026-09-15T16:27:19.643884+00:00
HOUSEHOLD_INCOME_TOTAL_NUTS2,cz02:nuts2,2024,2026-09-15T16:27:19.643884+00:00,28332.1,final,2024-01-01,2024-12-31,1,2026-09-15T16:27:19.643884+00:00
HOUSEHOLD_INCOME_TOTAL_NUTS2,cz03:nuts2,2013,2026-09-15T16:27:19.643884+00:00,13176.07,final,2013-01-01,2013-12-31,1,2026-09-15T16:27:19.643884+00:00
HOUSEHOLD_INCOME_TOTAL_NUTS2,cz03:nuts2,2014,2026-09-15T16:27:19.643884+00:00,13871.72,final,2014-01-01,2014-12-31,1,2026-09-15T16:27:19.643884+00:00
HOUSEHOLD_INCOME_TOTAL_NUTS2,cz03:nuts2,2015,2026-09-15T16:27:19.643884+00:00,14231.74,final,2015-01-01,2015-12-31,1,2026-09-15T16:27:19.643884+00:00
HOUSEHOLD_INCOME_TOTAL_NUTS2,cz03:nuts2,2016,2026-09-15T16:27:19.643884+00:00,14414.25,final,2016-01-01,2016-12-31,1,2026-09-15T16:27:19.643884+00:00
HOUSEHOLD_INCOME_TOTAL_NUTS2,cz03:nuts2,2017,2026-09-15T16:27:19.643884+00:00,15370.61,final,2017-01-01,2017-12-31,1,2026-09-15T16:27:19.643884+00:00
HOUSEHOLD_INCOME_TOTAL_NUTS2,cz03:nuts2,2018,2026-09-15T16:27:19.643884+00:00,15954.61,final,2018-01-01,2018-12-31,1,2026-09-15T16:27:19.643884+00:00
HOUSEHOLD_INCOME_TOTAL_NUTS2,cz03:nuts2,2019,2026-09-15T16:27:19.643884+00:00,16740.25,final,2019-01-01,2019-12-31,1,2026-09-15T16:27:19.643884+00:00
HOUSEHOLD_INCOME_TOTAL_NUTS2,cz03:nuts2,2020,2026-09-15T16:27:19.643884+00:00,16856.81,final,2020-01-01,2020-12-31,1,2026-09-15T16:27:19.643884+00:00
HOUSEHOLD_INCOME_TOTAL_NUTS2,cz03:nuts2,2021,2026-09-15T16:27:19.643884+00:00,17427.51,final,2021-01-01,2021-12-31,1,2026-09-15T16:27:19.643884+00:00
HOUSEHOLD_INCOME_TOTAL_NUTS2,cz03:nuts2,2022,2026-09-15T16:27:19.643884+00:00,19032.16,final,2022-01-01,2022-12-31,1,2026-09-15T16:27:19.643884+00:00
HOUSEHOLD_INCOME_TOTAL_NUTS2,cz03:nuts2,2023,2026-09-15T16:27:19.643884+00:00,21059.41,final,2023-01-01,2023-12-31,1,2026-09-15T16:27:19.643884+00:00
HOUSEHOLD_INCOME_TOTAL_NUTS2,cz03:nuts2,2024,2026-09-15T16:27:19.643884+00:00,21907.38,final,2024-01-01,2024-12-31,1,2026-09-15T16:27:19.643884+00:00
HOUSEHOLD_INCOME_TOTAL_NUTS2,cz04:nuts2,2013,2026-09-15T16:27:19.643884+00:00,10850.12,final,2013-01-01,2013-12-31,1,2026-09-15T16:27:19.643884+00:00
HOUSEHOLD_INCOME_TOTAL_NUTS2,cz04:nuts2,2014,2026-09-15T16:27:19.643884+00:00,11279.58,final,2014-01-01,2014-12-31,1,2026-09-15T16:27:19.643884+00:00
HOUSEHOLD_INCOME_TOTAL_NUTS2,cz04:nuts2,2015,2026-09-15T16:27:19.643884+00:00,11512.11,final,2015-01-01,2015-12-31,1,2026-09-15T16:27:19.643884+00:00
HOUSEHOLD_INCOME_TOTAL_NUTS2,cz04:nuts2,2016,2026-09-15T16:27:19.643884+00:00,11890.06,final,2016-01-01,2016-12-31,1,2026-09-15T16:27:19.643884+00:00
HOUSEHOLD_INCOME_TOTAL_NUTS2,cz04:nuts2,2017,2026-09-15T16:27:19.643884+00:00,12551.85,final,2017-01-01,2017-12-31,1,2026-09-15T16:27:19.643884+00:00
HOUSEHOLD_INCOME_TOTAL_NUTS2,cz04:nuts2,2018,2026-09-15T16:27:19.643884+00:00,13148.73,final,2018-01-01,2018-12-31,1,2026-09-15T16:27:19.643884+00:00
HOUSEHOLD_INCOME_TOTAL_NUTS2,cz04:nuts2,2019,2026-09-15T16:27:19.643884+00:00,13789.57,final,2019-01-01,2019-12-31,1,2026-09-15T16:27:19.643884+00:00
HOUSEHOLD_INCOME_TOTAL_NUTS2,cz04:nuts2,2020,2026-09-15T16:27:19.643884+00:00,13952.02,final,2020-01-01,2020-12-31,1,2026-09-15T16:27:19.643884+00:00
HOUSEHOLD_INCOME_TOTAL_NUTS2,cz04:nuts2,2021,2026-09-15T16:27:19.643884+00:00,14014.73,final,2021-01-01,2021-12-31,1,2026-09-15T16:27:19.643884+00:00
HOUSEHOLD_INCOME_TOTAL_NUTS2,cz04:nuts2,2022,2026-09-15T16:27:19.643884+00:00,15438.01,final,2022-01-01,2022-12-31,1,2026-09-15T16:27:19.643884+00:00
HOUSEHOLD_INCOME_TOTAL_NUTS2,cz04:nuts2,2023,2026-09-15T16:27:19.643884+00:00,17085.22,final,2023-01-01,2023-12-31,1,2026-09-15T16:27:19.643884+00:00
HOUSEHOLD_INCOME_TOTAL_NUTS2,cz04:nuts2,2024,2026-09-15T16:27:19.643884+00:00,17347.78,final,2024-01-01,2024-12-31,1,2026-09-15T16:27:19.643884+00:00
HOUSEHOLD_INCOME_TOTAL_NUTS2,cz05:nuts2,2013,2026-09-15T16:27:19.643884+00:00,15800.3,final,2013-01-01,2013-12-31,1,2026-09-15T16:27:19.643884+00:00
HOUSEHOLD_INCOME_TOTAL_NUTS2,cz05:nuts2,2014,2026-09-15T16:27:19.643884+00:00,16768.24,final,2014-01-01,2014-12-31,1,2026-09-15T16:27:19.643884+00:00
HOUSEHOLD_INCOME_TOTAL_NUTS2,cz05:nuts2,2015,2026-09-15T16:27:19.643884+00:00,17036.51,final,2015-01-01,2015-12-31,1,2026-09-15T16:27:19.643884+00:00
HOUSEHOLD_INCOME_TOTAL_NUTS2,cz05:nuts2,2016,2026-09-15T16:27:19.643884+00:00,17445.9,final,2016-01-01,2016-12-31,1,2026-09-15T16:27:19.643884+00:00
HOUSEHOLD_INCOME_TOTAL_NUTS2,cz05:nuts2,2017,2026-09-15T16:27:19.643884+00:00,18514.69,final,2017-01-01,2017-12-31,1,2026-09-15T16:27:19.643884+00:00
HOUSEHOLD_INCOME_TOTAL_NUTS2,cz05:nuts2,2018,2026-09-15T16:27:19.643884+00:00,19388.33,final,2018-01-01,2018-12-31,1,2026-09-15T16:27:19.643884+00:00
HOUSEHOLD_INCOME_TOTAL_NUTS2,cz05:nuts2,2019,2026-09-15T16:27:19.643884+00:00,20541.19,final,2019-01-01,2019-12-31,1,2026-09-15T16:27:19.643884+00:00
HOUSEHOLD_INCOME_TOTAL_NUTS2,cz05:nuts2,2020,2026-09-15T16:27:19.643884+00:00,20328.64,final,2020-01-01,2020-12-31,1,2026-09-15T16:27:19.643884+00:00
HOUSEHOLD_INCOME_TOTAL_NUTS2,cz05:nuts2,2021,2026-09-15T16:27:19.643884+00:00,20639.87,final,2021-01-01,2021-12-31,1,2026-09-15T16:27:19.643884+00:00
HOUSEHOLD_INCOME_TOTAL_NUTS2,cz05:nuts2,2022,2026-09-15T16:27:19.643884+00:00,22914.64,final,2022-01-01,2022-12-31,1,2026-09-15T16:27:19.643884+00:00
HOUSEHOLD_INCOME_TOTAL_NUTS2,cz05:nuts2,2023,2026-09-15T16:27:19.643884+00:00,25200.88,final,2023-01-01,2023-12-31,1,2026-09-15T16:27:19.643884+00:00
HOUSEHOLD_INCOME_TOTAL_NUTS2,cz05:nuts2,2024,2026-09-15T16:27:19.643884+00:00,25766.11,final,2024-01-01,2024-12-31,1,2026-09-15T16:27:19.643884+00:00
HOUSEHOLD_INCOME_TOTAL_NUTS2,cz06:nuts2,2013,2026-09-15T16:27:19.643884+00:00,18607.14,final,2013-01-01,2013-12-31,1,2026-09-15T16:27:19.643884+00:00
HOUSEHOLD_INCOME_TOTAL_NUTS2,cz06:nuts2,2014,2026-09-15T16:27:19.643884+00:00,19553.82,final,2014-01-01,2014-12-31,1,2026-09-15T16:27:19.643884+00:00
HOUSEHOLD_INCOME_TOTAL_NUTS2,cz06:nuts2,2015,2026-09-15T16:27:19.643884+00:00,20043.78,final,2015-01-01,2015-12-31,1,2026-09-15T16:27:19.643884+00:00
HOUSEHOLD_INCOME_TOTAL_NUTS2,cz06:nuts2,2016,2026-09-15T16:27:19.643884+00:00,20299.78,final,2016-01-01,2016-12-31,1,2026-09-15T16:27:19.643884+00:00
HOUSEHOLD_INCOME_TOTAL_NUTS2,cz06:nuts2,2017,2026-09-15T16:27:19.643884+00:00,21588.14,final,2017-01-01,2017-12-31,1,2026-09-15T16:27:19.643884+00:00
HOUSEHOLD_INCOME_TOTAL_NUTS2,cz06:nuts2,2018,2026-09-15T16:27:19.643884+00:00,22591.76,final,2018-01-01,2018-12-31,1,2026-09-15T16:27:19.643884+00:00
HOUSEHOLD_INCOME_TOTAL_NUTS2,cz06:nuts2,2019,2026-09-15T16:27:19.643884+00:00,24131.08,final,2019-01-01,2019-12-31,1,2026-09-15T16:27:19.643884+00:00
HOUSEHOLD_INCOME_TOTAL_NUTS2,cz06:nuts2,2020,2026-09-15T16:27:19.643884+00:00,24101.48,final,2020-01-01,2020-12-31,1,2026-09-15T16:27:19.643884+00:00
HOUSEHOLD_INCOME_TOTAL_NUTS2,cz06:nuts2,2021,2026-09-15T16:27:19.643884+00:00,24659.56,final,2021-01-01,2021-12-31,1,2026-09-15T16:27:19.643884+00:00
HOUSEHOLD_INCOME_TOTAL_NUTS2,cz06:nuts2,2022,2026-09-15T16:27:19.643884+00:00,27161.19,final,2022-01-01,2022-12-31,1,2026-09-15T16:27:19.643884+00:00
HOUSEHOLD_INCOME_TOTAL_NUTS2,cz06:nuts2,2023,2026-09-15T16:27:19.643884+00:00,29995.55,final,2023-01-01,2023-12-31,1,2026-09-15T16:27:19.643884+00:00
HOUSEHOLD_INCOME_TOTAL_NUTS2,cz06:nuts2,2024,2026-09-15T16:27:19.643884+00:00,30726.84,final,2024-01-01,2024-12-31,1,2026-09-15T16:27:19.643884+00:00
HOUSEHOLD_INCOME_TOTAL_NUTS2,cz07:nuts2,2013,2026-09-15T16:27:19.643884+00:00,12428.17,final,2013-01-01,2013-12-31,1,2026-09-15T16:27:19.643884+00:00
HOUSEHOLD_INCOME_TOTAL_NUTS2,cz07:nuts2,2014,2026-09-15T16:27:19.643884+00:00,13097.73,final,2014-01-01,2014-12-31,1,2026-09-15T16:27:19.643884+00:00
HOUSEHOLD_INCOME_TOTAL_NUTS2,cz07:nuts2,2015,2026-09-15T16:27:19.643884+00:00,13421.84,final,2015-01-01,2015-12-31,1,2026-09-15T16:27:19.643884+00:00
HOUSEHOLD_INCOME_TOTAL_NUTS2,cz07:nuts2,2016,2026-09-15T16:27:19.643884+00:00,13529.69,final,2016-01-01,2016-12-31,1,2026-09-15T16:27:19.643884+00:00
HOUSEHOLD_INCOME_TOTAL_NUTS2,cz07:nuts2,2017,2026-09-15T16:27:19.643884+00:00,14253.39,final,2017-01-01,2017-12-31,1,2026-09-15T16:27:19.643884+00:00
HOUSEHOLD_INCOME_TOTAL_NUTS2,cz07:nuts2,2018,2026-09-15T16:27:19.643884+00:00,14918.4,final,2018-01-01,2018-12-31,1,2026-09-15T16:27:19.643884+00:00
HOUSEHOLD_INCOME_TOTAL_NUTS2,cz07:nuts2,2019,2026-09-15T16:27:19.643884+00:00,15602.5,final,2019-01-01,2019-12-31,1,2026-09-15T16:27:19.643884+00:00
HOUSEHOLD_INCOME_TOTAL_NUTS2,cz07:nuts2,2020,2026-09-15T16:27:19.643884+00:00,15729.44,final,2020-01-01,2020-12-31,1,2026-09-15T16:27:19.643884+00:00
HOUSEHOLD_INCOME_TOTAL_NUTS2,cz07:nuts2,2021,2026-09-15T16:27:19.643884+00:00,16007.83,final,2021-01-01,2021-12-31,1,2026-09-15T16:27:19.643884+00:00
HOUSEHOLD_INCOME_TOTAL_NUTS2,cz07:nuts2,2022,2026-09-15T16:27:19.643884+00:00,17782.77,final,2022-01-01,2022-12-31,1,2026-09-15T16:27:19.643884+00:00
HOUSEHOLD_INCOME_TOTAL_NUTS2,cz07:nuts2,2023,2026-09-15T16:27:19.643884+00:00,19699.94,final,2023-01-01,2023-12-31,1,2026-09-15T16:27:19.643884+00:00
HOUSEHOLD_INCOME_TOTAL_NUTS2,cz07:nuts2,2024,2026-09-15T16:27:19.643884+00:00,19802.88,final,2024-01-01,2024-12-31,1,2026-09-15T16:27:19.643884+00:00
HOUSEHOLD_INCOME_TOTAL_NUTS2,cz08:nuts2,2013,2026-09-15T16:27:19.643884+00:00,12261.25,final,2013-01-01,2013-12-31,1,2026-09-15T16:27:19.643884+00:00
HOUSEHOLD_INCOME_TOTAL_NUTS2,cz08:nuts2,2014,2026-09-15T16:27:19.643884+00:00,12933.99,final,2014-01-01,2014-12-31,1,2026-09-15T16:27:19.643884+00:00
HOUSEHOLD_INCOME_TOTAL_NUTS2,cz08:nuts2,2015,2026-09-15T16:27:19.643884+00:00,13005.34,final,2015-01-01,2015-12-31,1,2026-09-15T16:27:19.643884+00:00
HOUSEHOLD_INCOME_TOTAL_NUTS2,cz08:nuts2,2016,2026-09-15T16:27:19.643884+00:00,13297.57,final,2016-01-01,2016-12-31,1,2026-09-15T16:27:19.643884+00:00
HOUSEHOLD_INCOME_TOTAL_NUTS2,cz08:nuts2,2017,2026-09-15T16:27:19.643884+00:00,13998.7,final,2017-01-01,2017-12-31,1,2026-09-15T16:27:19.643884+00:00
HOUSEHOLD_INCOME_TOTAL_NUTS2,cz08:nuts2,2018,2026-09-15T16:27:19.643884+00:00,14685.36,final,2018-01-01,2018-12-31,1,2026-09-15T16:27:19.643884+00:00
HOUSEHOLD_INCOME_TOTAL_NUTS2,cz08:nuts2,2019,2026-09-15T16:27:19.643884+00:00,15306.3,final,2019-01-01,2019-12-31,1,2026-09-15T16:27:19.643884+00:00
HOUSEHOLD_INCOME_TOTAL_NUTS2,cz08:nuts2,2020,2026-09-15T16:27:19.643884+00:00,15266.44,final,2020-01-01,2020-12-31,1,2026-09-15T16:27:19.643884+00:00
HOUSEHOLD_INCOME_TOTAL_NUTS2,cz08:nuts2,2021,2026-09-15T16:27:19.643884+00:00,15538.79,final,2021-01-01,2021-12-31,1,2026-09-15T16:27:19.643884+00:00
HOUSEHOLD_INCOME_TOTAL_NUTS2,cz08:nuts2,2022,2026-09-15T16:27:19.643884+00:00,17097.22,final,2022-01-01,2022-12-31,1,2026-09-15T16:27:19.643884+00:00
HOUSEHOLD_INCOME_TOTAL_NUTS2,cz08:nuts2,2023,2026-09-15T16:27:19.643884+00:00,18758.91,final,2023-01-01,2023-12-31,1,2026-09-15T16:27:19.643884+00:00
HOUSEHOLD_INCOME_TOTAL_NUTS2,cz08:nuts2,2024,2026-09-15T16:27:19.643884+00:00,18990.17,final,2024-01-01,2024-12-31,1,2026-09-15T16:27:19.643884+00:00
HOUSEHOLD_INCOME_TOTAL_NUTS2,de11:nuts2,2013,2026-09-15T16:27:19.643884+00:00,85850.27,estimate,2013-01-01,2013-12-31,1,2026-09-15T16:27:19.643884+00:00
HOUSEHOLD_INCOME_TOTAL_NUTS2,de11:nuts2,2014,2026-09-15T16:27:19.643884+00:00,88818.69,estimate,2014-01-01,2014-12-31,1,2026-09-15T16:27:19.643884+00:00
HOUSEHOLD_INCOME_TOTAL_NUTS2,de11:nuts2,2015,2026-09-15T16:27:19.643884+00:00,90361.25,estimate,2015-01-01,2015-12-31,1,2026-09-15T16:27:19.643884+00:00
HOUSEHOLD_INCOME_TOTAL_NUTS2,de11:nuts2,2016,2026-09-15T16:27:19.643884+00:00,93163.77,estimate,2016-01-01,2016-12-31,1,2026-09-15T16:27:19.643884+00:00
HOUSEHOLD_INCOME_TOTAL_NUTS2,de11:nuts2,2017,2026-09-15T16:27:19.643884+00:00,97716.68,estimate,2017-01-01,2017-12-31,1,2026-09-15T16:27:19.643884+00:00
HOUSEHOLD_INCOME_TOTAL_NUTS2,de11:nuts2,2018,2026-09-15T16:27:19.643884+00:00,100565.84,estimate,2018-01-01,2018-12-31,1,2026-09-15T16:27:19.643884+00:00
HOUSEHOLD_INCOME_TOTAL_NUTS2,de11:nuts2,2019,2026-09-15T16:27:19.643884+00:00,101126.35,estimate,2019-01-01,2019-12-31,1,2026-09-15T16:27:19.643884+00:00
HOUSEHOLD_INCOME_TOTAL_NUTS2,de11:nuts2,2020,2026-09-15T16:27:19.643884+00:00,99071.55,estimate,2020-01-01,2020-12-31,1,2026-09-15T16:27:19.643884+00:00
HOUSEHOLD_INCOME_TOTAL_NUTS2,de11:nuts2,2021,2026-09-15T16:27:19.643884+00:00,102635.05,estimate,2021-01-01,2021-12-31,1,2026-09-15T16:27:19.643884+00:00
HOUSEHOLD_INCOME_TOTAL_NUTS2,de11:nuts2,2022,2026-09-15T16:27:19.643884+00:00,110780.74,estimate,2022-01-01,2022-12-31,1,2026-09-15T16:27:19.643884+00:00
HOUSEHOLD_INCOME_TOTAL_NUTS2,de11:nuts2,2023,2026-09-15T16:27:19.643884+00:00,117328.27,estimate,2023-01-01,2023-12-31,1,2026-09-15T16:27:19.643884+00:00
HOUSEHOLD_INCOME_TOTAL_NUTS2,de12:nuts2,2013,2026-09-15T16:27:19.643884+00:00,54931.39,estimate,2013-01-01,2013-12-31,1,2026-09-15T16:27:19.643884+00:00
HOUSEHOLD_INCOME_TOTAL_NUTS2,de12:nuts2,2014,2026-09-15T16:27:19.643884+00:00,56666.09,estimate,2014-01-01,2014-12-31,1,2026-09-15T16:27:19.643884+00:00
HOUSEHOLD_INCOME_TOTAL_NUTS2,de12:nuts2,2015,2026-09-15T16:27:19.643884+00:00,57805.87,estimate,2015-01-01,2015-12-31,1,2026-09-15T16:27:19.643884+00:00
HOUSEHOLD_INCOME_TOTAL_NUTS2,de12:nuts2,2016,2026-09-15T16:27:19.643884+00:00,59319.13,estimate,2016-01-01,2016-12-31,1,2026-09-15T16:27:19.643884+00:00
HOUSEHOLD_INCOME_TOTAL_NUTS2,de12:nuts2,2017,2026-09-15T16:27:19.643884+00:00,61478.15,estimate,2017-01-01,2017-12-31,1,2026-09-15T16:27:19.643884+00:00
HOUSEHOLD_INCOME_TOTAL_NUTS2,de12:nuts2,2018,2026-09-15T16:27:19.643884+00:00,64767.21,estimate,2018-01-01,2018-12-31,1,2026-09-15T16:27:19.643884+00:00
HOUSEHOLD_INCOME_TOTAL_NUTS2,de12:nuts2,2019,2026-09-15T16:27:19.643884+00:00,65093.76,estimate,2019-01-01,2019-12-31,1,2026-09-15T16:27:19.643884+00:00
HOUSEHOLD_INCOME_TOTAL_NUTS2,de12:nuts2,2020,2026-09-15T16:27:19.643884+00:00,64589.92,estimate,2020-01-01,2020-12-31,1,2026-09-15T16:27:19.643884+00:00
HOUSEHOLD_INCOME_TOTAL_NUTS2,de12:nuts2,2021,2026-09-15T16:27:19.643884+00:00,66338.51,estimate,2021-01-01,2021-12-31,1,2026-09-15T16:27:19.643884+00:00
HOUSEHOLD_INCOME_TOTAL_NUTS2,de12:nuts2,2022,2026-09-15T16:27:19.643884+00:00,71395.6,estimate,2022-01-01,2022-12-31,1,2026-09-15T16:27:19.643884+00:00
HOUSEHOLD_INCOME_TOTAL_NUTS2,de12:nuts2,2023,2026-09-15T16:27:19.643884+00:00,75869.05,estimate,2023-01-01,2023-12-31,1,2026-09-15T16:27:19.643884+00:00
HOUSEHOLD_INCOME_TOTAL_NUTS2,de13:nuts2,2013,2026-09-15T16:27:19.643884+00:00,44521.51,estimate,2013-01-01,2013-12-31,1,2026-09-15T16:27:19.643884+00:00
HOUSEHOLD_INCOME_TOTAL_NUTS2,de13:nuts2,2014,2026-09-15T16:27:19.643884+00:00,46297.74,estimate,2014-01-01,2014-12-31,1,2026-09-15T16:27:19.643884+00:00
HOUSEHOLD_INCOME_TOTAL_NUTS2,de13:nuts2,2015,2026-09-15T16:27:19.643884+00:00,47771.12,estimate,2015-01-01,2015-12-31,1,2026-09-15T16:27:19.643884+00:00
HOUSEHOLD_INCOME_TOTAL_NUTS2,de13:nuts2,2016,2026-09-15T16:27:19.643884+00:00,49266.46,estimate,2016-01-01,2016-12-31,1,2026-09-15T16:27:19.643884+00:00
HOUSEHOLD_INCOME_TOTAL_NUTS2,de13:nuts2,2017,2026-09-15T16:27:19.643884+00:00,51036.32,estimate,2017-01-01,2017-12-31,1,2026-09-15T16:27:19.643884+00:00
HOUSEHOLD_INCOME_TOTAL_NUTS2,de13:nuts2,2018,2026-09-15T16:27:19.643884+00:00,53663.17,estimate,2018-01-01,2018-12-31,1,2026-09-15T16:27:19.643884+00:00
HOUSEHOLD_INCOME_TOTAL_NUTS2,de13:nuts2,2019,2026-09-15T16:27:19.643884+00:00,53643.44,estimate,2019-01-01,2019-12-31,1,2026-09-15T16:27:19.643884+00:00
HOUSEHOLD_INCOME_TOTAL_NUTS2,de13:nuts2,2020,2026-09-15T16:27:19.643884+00:00,53384.64,estimate,2020-01-01,2020-12-31,1,2026-09-15T16:27:19.643884+00:00
HOUSEHOLD_INCOME_TOTAL_NUTS2,de13:nuts2,2021,2026-09-15T16:27:19.643884+00:00,54096.68,estimate,2021-01-01,2021-12-31,1,2026-09-15T16:27:19.643884+00:00
HOUSEHOLD_INCOME_TOTAL_NUTS2,de13:nuts2,2022,2026-09-15T16:27:19.643884+00:00,58412.1,estimate,2022-01-01,2022-12-31,1,2026-09-15T16:27:19.643884+00:00
HOUSEHOLD_INCOME_TOTAL_NUTS2,de13:nuts2,2023,2026-09-15T16:27:19.643884+00:00,61713.56,estimate,2023-01-01,2023-12-31,1,2026-09-15T16:27:19.643884+00:00
HOUSEHOLD_INCOME_TOTAL_NUTS2,de14:nuts2,2013,2026-09-15T16:27:19.643884+00:00,36928.13,estimate,2013-01-01,2013-12-31,1,2026-09-15T16:27:19.643884+00:00
HOUSEHOLD_INCOME_TOTAL_NUTS2,de14:nuts2,2014,2026-09-15T16:27:19.643884+00:00,38624.51,estimate,2014-01-01,2014-12-31,1,2026-09-15T16:27:19.643884+00:00
HOUSEHOLD_INCOME_TOTAL_NUTS2,de14:nuts2,2015,2026-09-15T16:27:19.643884+00:00,39174.19,estimate,2015-01-01,2015-12-31,1,2026-09-15T16:27:19.643884+00:00
HOUSEHOLD_INCOME_TOTAL_NUTS2,de14:nuts2,2016,2026-09-15T16:27:19.643884+00:00,40028.6,estimate,2016-01-01,2016-12-31,1,2026-09-15T16:27:19.643884+00:00
HOUSEHOLD_INCOME_TOTAL_NUTS2,de14:nuts2,2017,2026-09-15T16:27:19.643884+00:00,42120.23,estimate,2017-01-01,2017-12-31,1,2026-09-15T16:27:19.643884+00:00
HOUSEHOLD_INCOME_TOTAL_NUTS2,de14:nuts2,2018,2026-09-15T16:27:19.643884+00:00,44139.19,estimate,2018-01-01,2018-12-31,1,2026-09-15T16:27:19.643884+00:00
HOUSEHOLD_INCOME_TOTAL_NUTS2,de14:nuts2,2019,2026-09-15T16:27:19.643884+00:00,44430.57,estimate,2019-01-01,2019-12-31,1,2026-09-15T16:27:19.643884+00:00
HOUSEHOLD_INCOME_TOTAL_NUTS2,de14:nuts2,2020,2026-09-15T16:27:19.643884+00:00,44186.04,estimate,2020-01-01,2020-12-31,1,2026-09-15T16:27:19.643884+00:00
HOUSEHOLD_INCOME_TOTAL_NUTS2,de14:nuts2,2021,2026-09-15T16:27:19.643884+00:00,45498.75,estimate,2021-01-01,2021-12-31,1,2026-09-15T16:27:19.643884+00:00
HOUSEHOLD_INCOME_TOTAL_NUTS2,de14:nuts2,2022,2026-09-15T16:27:19.643884+00:00,49385.42,estimate,2022-01-01,2022-12-31,1,2026-09-15T16:27:19.643884+00:00
HOUSEHOLD_INCOME_TOTAL_NUTS2,de14:nuts2,2023,2026-09-15T16:27:19.643884+00:00,52072.84,estimate,2023-01-01,2023-12-31,1,2026-09-15T16:27:19.643884+00:00
HOUSEHOLD_INCOME_TOTAL_NUTS2,de21:nuts2,2013,2026-09-15T16:27:19.643884+00:00,104521.48,estimate,2013-01-01,2013-12-31,1,2026-09-15T16:27:19.643884+00:00
HOUSEHOLD_INCOME_TOTAL_NUTS2,de21:nuts2,2014,2026-09-15T16:27:19.643884+00:00,110496.32,estimate,2014-01-01,2014-12-31,1,2026-09-15T16:27:19.643884+00:00
HOUSEHOLD_INCOME_TOTAL_NUTS2,de21:nuts2,2015,2026-09-15T16:27:19.643884+00:00,110760.37,estimate,2015-01-01,2015-12-31,1,2026-09-15T16:27:19.643884+00:00
HOUSEHOLD_INCOME_TOTAL_NUTS2,de21:nuts2,2016,2026-09-15T16:27:19.643884+00:00,117805.93,estimate,2016-01-01,2016-12-31,1,2026-09-15T16:27:19.643884+00:00
HOUSEHOLD_INCOME_TOTAL_NUTS2,de21:nuts2,2017,2026-09-15T16:27:19.643884+00:00,120389.0,estimate,2017-01-01,2017-12-31,1,2026-09-15T16:27:19.643884+00:00
HOUSEHOLD_INCOME_TOTAL_NUTS2,de21:nuts2,2018,2026-09-15T16:27:19.643884+00:00,127166.1,estimate,2018-01-01,2018-12-31,1,2026-09-15T16:27:19.643884+00:00
HOUSEHOLD_INCOME_TOTAL_NUTS2,de21:nuts2,2019,2026-09-15T16:27:19.643884+00:00,129928.53,estimate,2019-01-01,2019-12-31,1,2026-09-15T16:27:19.643884+00:00
HOUSEHOLD_INCOME_TOTAL_NUTS2,de21:nuts2,2020,2026-09-15T16:27:19.643884+00:00,127279.0,estimate,2020-01-01,2020-12-31,1,2026-09-15T16:27:19.643884+00:00
HOUSEHOLD_INCOME_TOTAL_NUTS2,de21:nuts2,2021,2026-09-15T16:27:19.643884+00:00,129371.67,estimate,2021-01-01,2021-12-31,1,2026-09-15T16:27:19.643884+00:00
HOUSEHOLD_INCOME_TOTAL_NUTS2,de21:nuts2,2022,2026-09-15T16:27:19.643884+00:00,140884.35,estimate,2022-01-01,2022-12-31,1,2026-09-15T16:27:19.643884+00:00
HOUSEHOLD_INCOME_TOTAL_NUTS2,de21:nuts2,2023,2026-09-15T16:27:19.643884+00:00,149959.04,estimate,2023-01-01,2023-12-31,1,2026-09-15T16:27:19.643884+00:00
HOUSEHOLD_INCOME_TOTAL_NUTS2,de22:nuts2,2013,2026-09-15T16:27:19.643884+00:00,23305.19,estimate,2013-01-01,2013-12-31,1,2026-09-15T16:27:19.643884+00:00
HOUSEHOLD_INCOME_TOTAL_NUTS2,de22:nuts2,2014,2026-09-15T16:27:19.643884+00:00,23825.98,estimate,2014-01-01,2014-12-31,1,2026-09-15T16:27:19.643884+00:00
HOUSEHOLD_INCOME_TOTAL_NUTS2,de22:nuts2,2015,2026-09-15T16:27:19.643884+00:00,24406.01,estimate,2015-01-01,2015-12-31,1,2026-09-15T16:27:19.643884+00:00
HOUSEHOLD_INCOME_TOTAL_NUTS2,de22:nuts2,2016,2026-09-15T16:27:19.643884+00:00,25424.82,estimate,2016-01-01,2016-12-31,1,2026-09-15T16:27:19.643884+00:00
HOUSEHOLD_INCOME_TOTAL_NUTS2,de22:nuts2,2017,2026-09-15T16:27:19.643884+00:00,26508.3,estimate,2017-01-01,2017-12-31,1,2026-09-15T16:27:19.643884+00:00
HOUSEHOLD_INCOME_TOTAL_NUTS2,de22:nuts2,2018,2026-09-15T16:27:19.643884+00:00,28147.39,estimate,2018-01-01,2018-12-31,1,2026-09-15T16:27:19.643884+00:00
HOUSEHOLD_INCOME_TOTAL_NUTS2,de22:nuts2,2019,2026-09-15T16:27:19.643884+00:00,28537.01,estimate,2019-01-01,2019-12-31,1,2026-09-15T16:27:19.643884+00:00
HOUSEHOLD_INCOME_TOTAL_NUTS2,de22:nuts2,2020,2026-09-15T16:27:19.643884+00:00,28058.19,estimate,2020-01-01,2020-12-31,1,2026-09-15T16:27:19.643884+00:00
HOUSEHOLD_INCOME_TOTAL_NUTS2,de22:nuts2,2021,2026-09-15T16:27:19.643884+00:00,29066.19,estimate,2021-01-01,2021-12-31,1,2026-09-15T16:27:19.643884+00:00
HOUSEHOLD_INCOME_TOTAL_NUTS2,de22:nuts2,2022,2026-09-15T16:27:19.643884+00:00,31905.94,estimate,2022-01-01,2022-12-31,1,2026-09-15T16:27:19.643884+00:00
HOUSEHOLD_INCOME_TOTAL_NUTS2,de22:nuts2,2023,2026-09-15T16:27:19.643884+00:00,33520.72,estimate,2023-01-01,2023-12-31,1,2026-09-15T16:27:19.643884+00:00
HOUSEHOLD_INCOME_TOTAL_NUTS2,de23:nuts2,2013,2026-09-15T16:27:19.643884+00:00,20772.99,estimate,2013-01-01,2013-12-31,1,2026-09-15T16:27:19.643884+00:00
HOUSEHOLD_INCOME_TOTAL_NUTS2,de23:nuts2,2014,2026-09-15T16:27:19.643884+00:00,21318.59,estimate,2014-01-01,2014-12-31,1,2026-09-15T16:27:19.643884+00:00
HOUSEHOLD_INCOME_TOTAL_NUTS2,de23:nuts2,2015,2026-09-15T16:27:19.643884+00:00,21958.9,estimate,2015-01-01,2015-12-31,1,2026-09-15T16:27:19.643884+00:00
HOUSEHOLD_INCOME_TOTAL_NUTS2,de23:nuts2,2016,2026-09-15T16:27:19.643884+00:00,22666.96,estimate,2016-01-01,2016-12-31,1,2026-09-15T16:27:19.643884+00:00
HOUSEHOLD_INCOME_TOTAL_NUTS2,de23:nuts2,2017,2026-09-15T16:27:19.643884+00:00,23457.86,estimate,2017-01-01,2017-12-31,1,2026-09-15T16:27:19.643884+00:00
HOUSEHOLD_INCOME_TOTAL_NUTS2,de23:nuts2,2018,2026-09-15T16:27:19.643884+00:00,24716.76,estimate,2018-01-01,2018-12-31,1,2026-09-15T16:27:19.643884+00:00
HOUSEHOLD_INCOME_TOTAL_NUTS2,de23:nuts2,2019,2026-09-15T16:27:19.643884+00:00,25090.86,estimate,2019-01-01,2019-12-31,1,2026-09-15T16:27:19.643884+00:00
HOUSEHOLD_INCOME_TOTAL_NUTS2,de23:nuts2,2020,2026-09-15T16:27:19.643884+00:00,25074.32,estimate,2020-01-01,2020-12-31,1,2026-09-15T16:27:19.643884+00:00
HOUSEHOLD_INCOME_TOTAL_NUTS2,de23:nuts2,2021,2026-09-15T16:27:19.643884+00:00,25955.07,estimate,2021-01-01,2021-12-31,1,2026-09-15T16:27:19.643884+00:00
HOUSEHOLD_INCOME_TOTAL_NUTS2,de23:nuts2,2022,2026-09-15T16:27:19.643884+00:00,28223.59,estimate,2022-01-01,2022-12-31,1,2026-09-15T16:27:19.643884+00:00
HOUSEHOLD_INCOME_TOTAL_NUTS2,de23:nuts2,2023,2026-09-15T16:27:19.643884+00:00,29824.22,estimate,2023-01-01,2023-12-31,1,2026-09-15T16:27:19.643884+00:00
HOUSEHOLD_INCOME_TOTAL_NUTS2,de24:nuts2,2013,2026-09-15T16:27:19.643884+00:00,20830.25,estimate,2013-01-01,2013-12-31,1,2026-09-15T16:27:19.643884+00:00
HOUSEHOLD_INCOME_TOTAL_NUTS2,de24:nuts2,2014,2026-09-15T16:27:19.643884+00:00,21018.16,estimate,2014-01-01,2014-12-31,1,2026-09-15T16:27:19.643884+00:00
HOUSEHOLD_INCOME_TOTAL_NUTS2,de24:nuts2,2015,2026-09-15T16:27:19.643884+00:00,21433.69,estimate,2015-01-01,2015-12-31,1,2026-09-15T16:27:19.643884+00:00
HOUSEHOLD_INCOME_TOTAL_NUTS2,de24:nuts2,2016,2026-09-15T16:27:19.643884+00:00,21926.95,estimate,2016-01-01,2016-12-31,1,2026-09-15T16:27:19.643884+00:00
HOUSEHOLD_INCOME_TOTAL_NUTS2,de24:nuts2,2017,2026-09-15T16:27:19.643884+00:00,22625.36,estimate,2017-01-01,2017-12-31,1,2026-09-15T16:27:19.643884+00:00
HOUSEHOLD_INCOME_TOTAL_NUTS2,de24:nuts2,2018,2026-09-15T16:27:19.643884+00:00,23582.52,estimate,2018-01-01,2018-12-31,1,2026-09-15T16:27:19.643884+00:00
HOUSEHOLD_INCOME_TOTAL_NUTS2,de24:nuts2,2019,2026-09-15T16:27:19.643884+00:00,23786.97,estimate,2019-01-01,2019-12-31,1,2026-09-15T16:27:19.643884+00:00
HOUSEHOLD_INCOME_TOTAL_NUTS2,de24:nuts2,2020,2026-09-15T16:27:19.643884+00:00,23797.75,estimate,2020-01-01,2020-12-31,1,2026-09-15T16:27:19.643884+00:00
HOUSEHOLD_INCOME_TOTAL_NUTS2,de24:nuts2,2021,2026-09-15T16:27:19.643884+00:00,24539.11,estimate,2021-01-01,2021-12-31,1,2026-09-15T16:27:19.643884+00:00
HOUSEHOLD_INCOME_TOTAL_NUTS2,de24:nuts2,2022,2026-09-15T16:27:19.643884+00:00,26574.12,estimate,2022-01-01,2022-12-31,1,2026-09-15T16:27:19.643884+00:00
HOUSEHOLD_INCOME_TOTAL_NUTS2,de24:nuts2,2023,2026-09-15T16:27:19.643884+00:00,28159.5,estimate,2023-01-01,2023-12-31,1,2026-09-15T16:27:19.643884+00:00
HOUSEHOLD_INCOME_TOTAL_NUTS2,de25:nuts2,2013,2026-09-15T16:27:19.643884+00:00,35217.76,estimate,2013-01-01,2013-12-31,1,2026-09-15T16:27:19.643884+00:00
HOUSEHOLD_INCOME_TOTAL_NUTS2,de25:nuts2,2014,2026-09-15T16:27:19.643884+00:00,35956.69,estimate,2014-01-01,2014-12-31,1,2026-09-15T16:27:19.643884+00:00
HOUSEHOLD_INCOME_TOTAL_NUTS2,de25:nuts2,2015,2026-09-15T16:27:19.643884+00:00,36883.3,estimate,2015-01-01,2015-12-31,1,2026-09-15T16:27:19.643884+00:00
HOUSEHOLD_INCOME_TOTAL_NUTS2,de25:nuts2,2016,2026-09-15T16:27:19.643884+00:00,37730.95,estimate,2016-01-01,2016-12-31,1,2026-09-15T16:27:19.643884+00:00
HOUSEHOLD_INCOME_TOTAL_NUTS2,de25:nuts2,2017,2026-09-15T16:27:19.643884+00:00,39112.22,estimate,2017-01-01,2017-12-31,1,2026-09-15T16:27:19.643884+00:00
HOUSEHOLD_INCOME_TOTAL_NUTS2,de25:nuts2,2018,2026-09-15T16:27:19.643884+00:00,41085.28,estimate,2018-01-01,2018-12-31,1,2026-09-15T16:27:19.643884+00:00
HOUSEHOLD_INCOME_TOTAL_NUTS2,de25:nuts2,2019,2026-09-15T16:27:19.643884+00:00,41359.41,estimate,2019-01-01,2019-12-31,1,2026-09-15T16:27:19.643884+00:00
HOUSEHOLD_INCOME_TOTAL_NUTS2,de25:nuts2,2020,2026-09-15T16:27:19.643884+00:00,40882.56,estimate,2020-01-01,2020-12-31,1,2026-09-15T16:27:19.643884+00:00
HOUSEHOLD_INCOME_TOTAL_NUTS2,de25:nuts2,2021,2026-09-15T16:27:19.643884+00:00,42766.29,estimate,2021-01-01,2021-12-31,1,2026-09-15T16:27:19.643884+00:00
HOUSEHOLD_INCOME_TOTAL_NUTS2,de25:nuts2,2022,2026-09-15T16:27:19.643884+00:00,46319.85,estimate,2022-01-01,2022-12-31,1,2026-09-15T16:27:19.643884+00:00
HOUSEHOLD_INCOME_TOTAL_NUTS2,de25:nuts2,2023,2026-09-15T16:27:19.643884+00:00,49211.26,estimate,2023-01-01,2023-12-31,1,2026-09-15T16:27:19.643884+00:00
HOUSEHOLD_INCOME_TOTAL_NUTS2,de26:nuts2,2013,2026-09-15T16:27:19.643884+00:00,25753.91,estimate,2013-01-01,2013-12-31,1,2026-09-15T16:27:19.643884+00:00
HOUSEHOLD_INCOME_TOTAL_NUTS2,de26:nuts2,2014,2026-09-15T16:27:19.643884+00:00,26418.3,estimate,2014-01-01,2014-12-31,1,2026-09-15T16:27:19.643884+00:00
HOUSEHOLD_INCOME_TOTAL_NUTS2,de26:nuts2,2015,2026-09-15T16:27:19.643884+00:00,26941.3,estimate,2015-01-01,2015-12-31,1,2026-09-15T16:27:19.643884+00:00
HOUSEHOLD_INCOME_TOTAL_NUTS2,de26:nuts2,2016,2026-09-15T16:27:19.643884+00:00,27428.1,estimate,2016-01-01,2016-12-31,1,2026-09-15T16:27:19.643884+00:00
HOUSEHOLD_INCOME_TOTAL_NUTS2,de26:nuts2,2017,2026-09-15T16:27:19.643884+00:00,28669.33,estimate,2017-01-01,2017-12-31,1,2026-09-15T16:27:19.643884+00:00
HOUSEHOLD_INCOME_TOTAL_NUTS2,de26:nuts2,2018,2026-09-15T16:27:19.643884+00:00,29828.12,estimate,2018-01-01,2018-12-31,1,2026-09-15T16:27:19.643884+00:00
HOUSEHOLD_INCOME_TOTAL_NUTS2,de26:nuts2,2019,2026-09-15T16:27:19.643884+00:00,30049.04,estimate,2019-01-01,2019-12-31,1,2026-09-15T16:27:19.643884+00:00
HOUSEHOLD_INCOME_TOTAL_NUTS2,de26:nuts2,2020,2026-09-15T16:27:19.643884+00:00,29796.88,estimate,2020-01-01,2020-12-31,1,2026-09-15T16:27:19.643884+00:00
HOUSEHOLD_INCOME_TOTAL_NUTS2,de26:nuts2,2021,2026-09-15T16:27:19.643884+00:00,31173.73,estimate,2021-01-01,2021-12-31,1,2026-09-15T16:27:19.643884+00:00
HOUSEHOLD_INCOME_TOTAL_NUTS2,de26:nuts2,2022,2026-09-15T16:27:19.643884+00:00,33867.86,estimate,2022-01-01,2022-12-31,1,2026-09-15T16:27:19.643884+00:00
HOUSEHOLD_INCOME_TOTAL_NUTS2,de26:nuts2,2023,2026-09-15T16:27:19.643884+00:00,35917.95,estimate,2023-01-01,2023-12-31,1,2026-09-15T16:27:19.643884+00:00
HOUSEHOLD_INCOME_TOTAL_NUTS2,de27:nuts2,2013,2026-09-15T16:27:19.643884+00:00,37212.08,estimate,2013-01-01,2013-12-31,1,2026-09-15T16:27:19.643884+00:00
HOUSEHOLD_INCOME_TOTAL_NUTS2,de27:nuts2,2014,2026-09-15T16:27:19.643884+00:00,38257.41,estimate,2014-01-01,2014-12-31,1,2026-09-15T16:27:19.643884+00:00
HOUSEHOLD_INCOME_TOTAL_NUTS2,de27:nuts2,2015,2026-09-15T16:27:19.643884+00:00,39155.4,estimate,2015-01-01,2015-12-31,1,2026-09-15T16:27:19.643884+00:00
HOUSEHOLD_INCOME_TOTAL_NUTS2,de27:nuts2,2016,2026-09-15T16:27:19.643884+00:00,40125.66,estimate,2016-01-01,2016-12-31,1,2026-09-15T16:27:19.643884+00:00
HOUSEHOLD_INCOME_TOTAL_NUTS2,de27:nuts2,2017,2026-09-15T16:27:19.643884+00:00,41991.41,estimate,2017-01-01,2017-12-31,1,2026-09-15T16:27:19.643884+00:00
HOUSEHOLD_INCOME_TOTAL_NUTS2,de27:nuts2,2018,2026-09-15T16:27:19.643884+00:00,44158.92,estimate,2018-01-01,2018-12-31,1,2026-09-15T16:27:19.643884+00:00
HOUSEHOLD_INCOME_TOTAL_NUTS2,de27:nuts2,2019,2026-09-15T16:27:19.643884+00:00,44539.25,estimate,2019-01-01,2019-12-31,1,2026-09-15T16:27:19.643884+00:00
HOUSEHOLD_INCOME_TOTAL_NUTS2,de27:nuts2,2020,2026-09-15T16:27:19.643884+00:00,44510.93,estimate,2020-01-01,2020-12-31,1,2026-09-15T16:27:19.643884+00:00
HOUSEHOLD_INCOME_TOTAL_NUTS2,de27:nuts2,2021,2026-09-15T16:27:19.643884+00:00,45769.25,estimate,2021-01-01,2021-12-31,1,2026-09-15T16:27:19.643884+00:00
HOUSEHOLD_INCOME_TOTAL_NUTS2,de27:nuts2,2022,2026-09-15T16:27:19.643884+00:00,50065.02,estimate,2022-01-01,2022-12-31,1,2026-09-15T16:27:19.643884+00:00
HOUSEHOLD_INCOME_TOTAL_NUTS2,de27:nuts2,2023,2026-09-15T16:27:19.643884+00:00,52864.22,estimate,2023-01-01,2023-12-31,1,2026-09-15T16:27:19.643884+00:00
HOUSEHOLD_INCOME_TOTAL_NUTS2,de30:nuts2,2013,2026-09-15T16:27:19.643884+00:00,58497.44,estimate,2013-01-01,2013-12-31,1,2026-09-15T16:27:19.643884+00:00
HOUSEHOLD_INCOME_TOTAL_NUTS2,de30:nuts2,2014,2026-09-15T16:27:19.643884+00:00,59976.49,estimate,2014-01-01,2014-12-31,1,2026-09-15T16:27:19.643884+00:00
HOUSEHOLD_INCOME_TOTAL_NUTS2,de30:nuts2,2015,2026-09-15T16:27:19.643884+00:00,62314.25,estimate,2015-01-01,2015-12-31,1,2026-09-15T16:27:19.643884+00:00
HOUSEHOLD_INCOME_TOTAL_NUTS2,de30:nuts2,2016,2026-09-15T16:27:19.643884+00:00,64143.44,estimate,2016-01-01,2016-12-31,1,2026-09-15T16:27:19.643884+00:00
HOUSEHOLD_INCOME_TOTAL_NUTS2,de30:nuts2,2017,2026-09-15T16:27:19.643884+00:00,68413.53,estimate,2017-01-01,2017-12-31,1,2026-09-15T16:27:19.643884+00:00
HOUSEHOLD_INCOME_TOTAL_NUTS2,de30:nuts2,2018,2026-09-15T16:27:19.643884+00:00,71540.83,estimate,2018-01-01,2018-12-31,1,2026-09-15T16:27:19.643884+00:00
HOUSEHOLD_INCOME_TOTAL_NUTS2,de30:nuts2,2019,2026-09-15T16:27:19.643884+00:00,73487.89,estimate,2019-01-01,2019-12-31,1,2026-09-15T16:27:19.643884+00:00
HOUSEHOLD_INCOME_TOTAL_NUTS2,de30:nuts2,2020,2026-09-15T16:27:19.643884+00:00,74140.44,estimate,2020-01-01,2020-12-31,1,2026-09-15T16:27:19.643884+00:00
HOUSEHOLD_INCOME_TOTAL_NUTS2,de30:nuts2,2021,2026-09-15T16:27:19.643884+00:00,76208.77,estimate,2021-01-01,2021-12-31,1,2026-09-15T16:27:19.643884+00:00
HOUSEHOLD_INCOME_TOTAL_NUTS2,de30:nuts2,2022,2026-09-15T16:27:19.643884+00:00,82429.19,estimate,2022-01-01,2022-12-31,1,2026-09-15T16:27:19.643884+00:00
HOUSEHOLD_INCOME_TOTAL_NUTS2,de30:nuts2,2023,2026-09-15T16:27:19.643884+00:00,88237.36,estimate,2023-01-01,2023-12-31,1,2026-09-15T16:27:19.643884+00:00
HOUSEHOLD_INCOME_TOTAL_NUTS2,de40:nuts2,2013,2026-09-15T16:27:19.643884+00:00,41326.77,estimate,2013-01-01,2013-12-31,1,2026-09-15T16:27:19.643884+00:00
HOUSEHOLD_INCOME_TOTAL_NUTS2,de40:nuts2,2014,2026-09-15T16:27:19.643884+00:00,42329.36,estimate,2014-01-01,2014-12-31,1,2026-09-15T16:27:19.643884+00:00
HOUSEHOLD_INCOME_TOTAL_NUTS2,de40:nuts2,2015,2026-09-15T16:27:19.643884+00:00,43012.89,estimate,2015-01-01,2015-12-31,1,2026-09-15T16:27:19.643884+00:00
HOUSEHOLD_INCOME_TOTAL_NUTS2,de40:nuts2,2016,2026-09-15T16:27:19.643884+00:00,44722.52,estimate,2016-01-01,2016-12-31,1,2026-09-15T16:27:19.643884+00:00
HOUSEHOLD_INCOME_TOTAL_NUTS2,de40:nuts2,2017,2026-09-15T16:27:19.643884+00:00,47442.05,estimate,2017-01-01,2017-12-31,1,2026-09-15T16:27:19.643884+00:00
HOUSEHOLD_INCOME_TOTAL_NUTS2,de40:nuts2,2018,2026-09-15T16:27:19.643884+00:00,49623.74,estimate,2018-01-01,2018-12-31,1,2026-09-15T16:27:19.643884+00:00
HOUSEHOLD_INCOME_TOTAL_NUTS2,de40:nuts2,2019,2026-09-15T16:27:19.643884+00:00,50662.7,estimate,2019-01-01,2019-12-31,1,2026-09-15T16:27:19.643884+00:00
HOUSEHOLD_INCOME_TOTAL_NUTS2,de40:nuts2,2020,2026-09-15T16:27:19.643884+00:00,52498.8,estimate,2020-01-01,2020-12-31,1,2026-09-15T16:27:19.643884+00:00
HOUSEHOLD_INCOME_TOTAL_NUTS2,de40:nuts2,2021,2026-09-15T16:27:19.643884+00:00,54015.48,estimate,2021-01-01,2021-12-31,1,2026-09-15T16:27:19.643884+00:00
HOUSEHOLD_INCOME_TOTAL_NUTS2,de40:nuts2,2022,2026-09-15T16:27:19.643884+00:00,57825.04,estimate,2022-01-01,2022-12-31,1,2026-09-15T16:27:19.643884+00:00
HOUSEHOLD_INCOME_TOTAL_NUTS2,de40:nuts2,2023,2026-09-15T16:27:19.643884+00:00,60838.49,estimate,2023-01-01,2023-12-31,1,2026-09-15T16:27:19.643884+00:00
HOUSEHOLD_INCOME_TOTAL_NUTS2,de50:nuts2,2013,2026-09-15T16:27:19.643884+00:00,12019.0,estimate,2013-01-01,2013-12-31,1,2026-09-15T16:27:19.643884+00:00
HOUSEHOLD_INCOME_TOTAL_NUTS2,de50:nuts2,2014,2026-09-15T16:27:19.643884+00:00,12233.32,estimate,2014-01-01,2014-12-31,1,2026-09-15T16:27:19.643884+00:00
HOUSEHOLD_INCOME_TOTAL_NUTS2,de50:nuts2,2015,2026-09-15T16:27:19.643884+00:00,12366.5,estimate,2015-01-01,2015-12-31,1,2026-09-15T16:27:19.643884+00:00
HOUSEHOLD_INCOME_TOTAL_NUTS2,de50:nuts2,2016,2026-09-15T16:27:19.643884+00:00,12692.78,estimate,2016-01-01,2016-12-31,1,2026-09-15T16:27:19.643884+00:00
HOUSEHOLD_INCOME_TOTAL_NUTS2,de50:nuts2,2017,2026-09-15T16:27:19.643884+00:00,13237.29,estimate,2017-01-01,2017-12-31,1,2026-09-15T16:27:19.643884+00:00
HOUSEHOLD_INCOME_TOTAL_NUTS2,de50:nuts2,2018,2026-09-15T16:27:19.643884+00:00,13767.02,estimate,2018-01-01,2018-12-31,1,2026-09-15T16:27:19.643884+00:00
HOUSEHOLD_INCOME_TOTAL_NUTS2,de50:nuts2,2019,2026-09-15T16:27:19.643884+00:00,14048.0,estimate,2019-01-01,2019-12-31,1,2026-09-15T16:27:19.643884+00:00
HOUSEHOLD_INCOME_TOTAL_NUTS2,de50:nuts2,2020,2026-09-15T16:27:19.643884+00:00,13839.77,estimate,2020-01-01,2020-12-31,1,2026-09-15T16:27:19.643884+00:00
HOUSEHOLD_INCOME_TOTAL_NUTS2,de50:nuts2,2021,2026-09-15T16:27:19.643884+00:00,14127.86,estimate,2021-01-01,2021-12-31,1,2026-09-15T16:27:19.643884+00:00
HOUSEHOLD_INCOME_TOTAL_NUTS2,de50:nuts2,2022,2026-09-15T16:27:19.643884+00:00,15244.84,estimate,2022-01-01,2022-12-31,1,2026-09-15T16:27:19.643884+00:00
HOUSEHOLD_INCOME_TOTAL_NUTS2,de50:nuts2,2023,2026-09-15T16:27:19.643884+00:00,16035.42,estimate,2023-01-01,2023-12-31,1,2026-09-15T16:27:19.643884+00:00
HOUSEHOLD_INCOME_TOTAL_NUTS2,de60:nuts2,2013,2026-09-15T16:27:19.643884+00:00,37541.52,estimate,2013-01-01,2013-12-31,1,2026-09-15T16:27:19.643884+00:00
HOUSEHOLD_INCOME_TOTAL_NUTS2,de60:nuts2,2014,2026-09-15T16:27:19.643884+00:00,37619.38,estimate,2014-01-01,2014-12-31,1,2026-09-15T16:27:19.643884+00:00
HOUSEHOLD_INCOME_TOTAL_NUTS2,de60:nuts2,2015,2026-09-15T16:27:19.643884+00:00,39027.63,estimate,2015-01-01,2015-12-31,1,2026-09-15T16:27:19.643884+00:00
HOUSEHOLD_INCOME_TOTAL_NUTS2,de60:nuts2,2016,2026-09-15T16:27:19.643884+00:00,40853.27,estimate,2016-01-01,2016-12-31,1,2026-09-15T16:27:19.643884+00:00
HOUSEHOLD_INCOME_TOTAL_NUTS2,de60:nuts2,2017,2026-09-15T16:27:19.643884+00:00,41342.02,estimate,2017-01-01,2017-12-31,1,2026-09-15T16:27:19.643884+00:00
HOUSEHOLD_INCOME_TOTAL_NUTS2,de60:nuts2,2018,2026-09-15T16:27:19.643884+00:00,43683.49,estimate,2018-01-01,2018-12-31,1,2026-09-15T16:27:19.643884+00:00
HOUSEHOLD_INCOME_TOTAL_NUTS2,de60:nuts2,2019,2026-09-15T16:27:19.643884+00:00,43537.68,estimate,2019-01-01,2019-12-31,1,2026-09-15T16:27:19.643884+00:00
HOUSEHOLD_INCOME_TOTAL_NUTS2,de60:nuts2,2020,2026-09-15T16:27:19.643884+00:00,42831.8,estimate,2020-01-01,2020-12-31,1,2026-09-15T16:27:19.643884+00:00
HOUSEHOLD_INCOME_TOTAL_NUTS2,de60:nuts2,2021,2026-09-15T16:27:19.643884+00:00,43659.41,estimate,2021-01-01,2021-12-31,1,2026-09-15T16:27:19.643884+00:00
HOUSEHOLD_INCOME_TOTAL_NUTS2,de60:nuts2,2022,2026-09-15T16:27:19.643884+00:00,47605.56,estimate,2022-01-01,2022-12-31,1,2026-09-15T16:27:19.643884+00:00
HOUSEHOLD_INCOME_TOTAL_NUTS2,de60:nuts2,2023,2026-09-15T16:27:19.643884+00:00,50533.21,estimate,2023-01-01,2023-12-31,1,2026-09-15T16:27:19.643884+00:00
HOUSEHOLD_INCOME_TOTAL_NUTS2,de71:nuts2,2013,2026-09-15T16:27:19.643884+00:00,79129.66,estimate,2013-01-01,2013-12-31,1,2026-09-15T16:27:19.643884+00:00
HOUSEHOLD_INCOME_TOTAL_NUTS2,de71:nuts2,2014,2026-09-15T16:27:19.643884+00:00,82038.32,estimate,2014-01-01,2014-12-31,1,2026-09-15T16:27:19.643884+00:00
HOUSEHOLD_INCOME_TOTAL_NUTS2,de71:nuts2,2015,2026-09-15T16:27:19.643884+00:00,84603.84,estimate,2015-01-01,2015-12-31,1,2026-09-15T16:27:19.643884+00:00
HOUSEHOLD_INCOME_TOTAL_NUTS2,de71:nuts2,2016,2026-09-15T16:27:19.643884+00:00,86871.34,estimate,2016-01-01,2016-12-31,1,2026-09-15T16:27:19.643884+00:00
HOUSEHOLD_INCOME_TOTAL_NUTS2,de71:nuts2,2017,2026-09-15T16:27:19.643884+00:00,89603.44,estimate,2017-01-01,2017-12-31,1,2026-09-15T16:27:19.643884+00:00
HOUSEHOLD_INCOME_TOTAL_NUTS2,de71:nuts2,2018,2026-09-15T16:27:19.643884+00:00,94149.71,estimate,2018-01-01,2018-12-31,1,2026-09-15T16:27:19.643884+00:00
HOUSEHOLD_INCOME_TOTAL_NUTS2,de71:nuts2,2019,2026-09-15T16:27:19.643884+00:00,94240.35,estimate,2019-01-01,2019-12-31,1,2026-09-15T16:27:19.643884+00:00
HOUSEHOLD_INCOME_TOTAL_NUTS2,de71:nuts2,2020,2026-09-15T16:27:19.643884+00:00,93797.77,estimate,2020-01-01,2020-12-31,1,2026-09-15T16:27:19.643884+00:00
HOUSEHOLD_INCOME_TOTAL_NUTS2,de71:nuts2,2021,2026-09-15T16:27:19.643884+00:00,97003.8,estimate,2021-01-01,2021-12-31,1,2026-09-15T16:27:19.643884+00:00
HOUSEHOLD_INCOME_TOTAL_NUTS2,de71:nuts2,2022,2026-09-15T16:27:19.643884+00:00,103533.47,estimate,2022-01-01,2022-12-31,1,2026-09-15T16:27:19.643884+00:00
HOUSEHOLD_INCOME_TOTAL_NUTS2,de71:nuts2,2023,2026-09-15T16:27:19.643884+00:00,110623.71,estimate,2023-01-01,2023-12-31,1,2026-09-15T16:27:19.643884+00:00
HOUSEHOLD_INCOME_TOTAL_NUTS2,de72:nuts2,2013,2026-09-15T16:27:19.643884+00:00,19119.31,estimate,2013-01-01,2013-12-31,1,2026-09-15T16:27:19.643884+00:00
HOUSEHOLD_INCOME_TOTAL_NUTS2,de72:nuts2,2014,2026-09-15T16:27:19.643884+00:00,19649.46,estimate,2014-01-01,2014-12-31,1,2026-09-15T16:27:19.643884+00:00
HOUSEHOLD_INCOME_TOTAL_NUTS2,de72:nuts2,2015,2026-09-15T16:27:19.643884+00:00,20131.21,estimate,2015-01-01,2015-12-31,1,2026-09-15T16:27:19.643884+00:00
HOUSEHOLD_INCOME_TOTAL_NUTS2,de72:nuts2,2016,2026-09-15T16:27:19.643884+00:00,20446.39,estimate,2016-01-01,2016-12-31,1,2026-09-15T16:27:19.643884+00:00
HOUSEHOLD_INCOME_TOTAL_NUTS2,de72:nuts2,2017,2026-09-15T16:27:19.643884+00:00,21161.51,estimate,2017-01-01,2017-12-31,1,2026-09-15T16:27:19.643884+00:00
HOUSEHOLD_INCOME_TOTAL_NUTS2,de72:nuts2,2018,2026-09-15T16:27:19.643884+00:00,21897.04,estimate,2018-01-01,2018-12-31,1,2026-09-15T16:27:19.643884+00:00
HOUSEHOLD_INCOME_TOTAL_NUTS2,de72:nuts2,2019,2026-09-15T16:27:19.643884+00:00,22068.99,estimate,2019-01-01,2019-12-31,1,2026-09-15T16:27:19.643884+00:00
HOUSEHOLD_INCOME_TOTAL_NUTS2,de72:nuts2,2020,2026-09-15T16:27:19.643884+00:00,22005.18,estimate,2020-01-01,2020-12-31,1,2026-09-15T16:27:19.643884+00:00
HOUSEHOLD_INCOME_TOTAL_NUTS2,de72:nuts2,2021,2026-09-15T16:27:19.643884+00:00,22330.54,estimate,2021-01-01,2021-12-31,1,2026-09-15T16:27:19.643884+00:00
HOUSEHOLD_INCOME_TOTAL_NUTS2,de72:nuts2,2022,2026-09-15T16:27:19.643884+00:00,23849.69,estimate,2022-01-01,2022-12-31,1,2026-09-15T16:27:19.643884+00:00
HOUSEHOLD_INCOME_TOTAL_NUTS2,de72:nuts2,2023,2026-09-15T16:27:19.643884+00:00,25325.53,estimate,2023-01-01,2023-12-31,1,2026-09-15T16:27:19.643884+00:00
HOUSEHOLD_INCOME_TOTAL_NUTS2,de73:nuts2,2013,2026-09-15T16:27:19.643884+00:00,22020.84,estimate,2013-01-01,2013-12-31,1,2026-09-15T16:27:19.643884+00:00
HOUSEHOLD_INCOME_TOTAL_NUTS2,de73:nuts2,2014,2026-09-15T16:27:19.643884+00:00,22611.66,estimate,2014-01-01,2014-12-31,1,2026-09-15T16:27:19.643884+00:00
HOUSEHOLD_INCOME_TOTAL_NUTS2,de73:nuts2,2015,2026-09-15T16:27:19.643884+00:00,23006.61,estimate,2015-01-01,2015-12-31,1,2026-09-15T16:27:19.643884+00:00
HOUSEHOLD_INCOME_TOTAL_NUTS2,de73:nuts2,2016,2026-09-15T16:27:19.643884+00:00,23576.97,estimate,2016-01-01,2016-12-31,1,2026-09-15T16:27:19.643884+00:00
HOUSEHOLD_INCOME_TOTAL_NUTS2,de73:nuts2,2017,2026-09-15T16:27:19.643884+00:00,24419.32,estimate,2017-01-01,2017-12-31,1,2026-09-15T16:27:19.643884+00:00
HOUSEHOLD_INCOME_TOTAL_NUTS2,de73:nuts2,2018,2026-09-15T16:27:19.643884+00:00,25516.58,estimate,2018-01-01,2018-12-31,1,2026-09-15T16:27:19.643884+00:00
HOUSEHOLD_INCOME_TOTAL_NUTS2,de73:nuts2,2019,2026-09-15T16:27:19.643884+00:00,25695.98,estimate,2019-01-01,2019-12-31,1,2026-09-15T16:27:19.643884+00:00
HOUSEHOLD_INCOME_TOTAL_NUTS2,de73:nuts2,2020,2026-09-15T16:27:19.643884+00:00,25776.07,estimate,2020-01-01,2020-12-31,1,2026-09-15T16:27:19.643884+00:00
HOUSEHOLD_INCOME_TOTAL_NUTS2,de73:nuts2,2021,2026-09-15T16:27:19.643884+00:00,26172.32,estimate,2021-01-01,2021-12-31,1,2026-09-15T16:27:19.643884+00:00
HOUSEHOLD_INCOME_TOTAL_NUTS2,de73:nuts2,2022,2026-09-15T16:27:19.643884+00:00,27950.9,estimate,2022-01-01,2022-12-31,1,2026-09-15T16:27:19.643884+00:00
HOUSEHOLD_INCOME_TOTAL_NUTS2,de73:nuts2,2023,2026-09-15T16:27:19.643884+00:00,29577.0,estimate,2023-01-01,2023-12-31,1,2026-09-15T16:27:19.643884+00:00
HOUSEHOLD_INCOME_TOTAL_NUTS2,de80:nuts2,2013,2026-09-15T16:27:19.643884+00:00,25482.5,estimate,2013-01-01,2013-12-31,1,2026-09-15T16:27:19.643884+00:00
HOUSEHOLD_INCOME_TOTAL_NUTS2,de80:nuts2,2014,2026-09-15T16:27:19.643884+00:00,25966.63,estimate,2014-01-01,2014-12-31,1,2026-09-15T16:27:19.643884+00:00
HOUSEHOLD_INCOME_TOTAL_NUTS2,de80:nuts2,2015,2026-09-15T16:27:19.643884+00:00,26494.36,estimate,2015-01-01,2015-12-31,1,2026-09-15T16:27:19.643884+00:00
HOUSEHOLD_INCOME_TOTAL_NUTS2,de80:nuts2,2016,2026-09-15T16:27:19.643884+00:00,27372.29,estimate,2016-01-01,2016-12-31,1,2026-09-15T16:27:19.643884+00:00
HOUSEHOLD_INCOME_TOTAL_NUTS2,de80:nuts2,2017,2026-09-15T16:27:19.643884+00:00,28847.94,estimate,2017-01-01,2017-12-31,1,2026-09-15T16:27:19.643884+00:00
HOUSEHOLD_INCOME_TOTAL_NUTS2,de80:nuts2,2018,2026-09-15T16:27:19.643884+00:00,30201.32,estimate,2018-01-01,2018-12-31,1,2026-09-15T16:27:19.643884+00:00
HOUSEHOLD_INCOME_TOTAL_NUTS2,de80:nuts2,2019,2026-09-15T16:27:19.643884+00:00,31110.98,estimate,2019-01-01,2019-12-31,1,2026-09-15T16:27:19.643884+00:00
HOUSEHOLD_INCOME_TOTAL_NUTS2,de80:nuts2,2020,2026-09-15T16:27:19.643884+00:00,31997.69,estimate,2020-01-01,2020-12-31,1,2026-09-15T16:27:19.643884+00:00
HOUSEHOLD_INCOME_TOTAL_NUTS2,de80:nuts2,2021,2026-09-15T16:27:19.643884+00:00,32751.57,estimate,2021-01-01,2021-12-31,1,2026-09-15T16:27:19.643884+00:00
HOUSEHOLD_INCOME_TOTAL_NUTS2,de80:nuts2,2022,2026-09-15T16:27:19.643884+00:00,35391.03,estimate,2022-01-01,2022-12-31,1,2026-09-15T16:27:19.643884+00:00
HOUSEHOLD_INCOME_TOTAL_NUTS2,de80:nuts2,2023,2026-09-15T16:27:19.643884+00:00,36700.11,estimate,2023-01-01,2023-12-31,1,2026-09-15T16:27:19.643884+00:00
HOUSEHOLD_INCOME_TOTAL_NUTS2,de91:nuts2,2013,2026-09-15T16:27:19.643884+00:00,29606.32,estimate,2013-01-01,2013-12-31,1,2026-09-15T16:27:19.643884+00:00
HOUSEHOLD_INCOME_TOTAL_NUTS2,de91:nuts2,2014,2026-09-15T16:27:19.643884+00:00,30437.82,estimate,2014-01-01,2014-12-31,1,2026-09-15T16:27:19.643884+00:00
HOUSEHOLD_INCOME_TOTAL_NUTS2,de91:nuts2,2015,2026-09-15T16:27:19.643884+00:00,31004.81,estimate,2015-01-01,2015-12-31,1,2026-09-15T16:27:19.643884+00:00
HOUSEHOLD_INCOME_TOTAL_NUTS2,de91:nuts2,2016,2026-09-15T16:27:19.643884+00:00,31344.05,estimate,2016-01-01,2016-12-31,1,2026-09-15T16:27:19.643884+00:00
HOUSEHOLD_INCOME_TOTAL_NUTS2,de91:nuts2,2017,2026-09-15T16:27:19.643884+00:00,32298.67,estimate,2017-01-01,2017-12-31,1,2026-09-15T16:27:19.643884+00:00
HOUSEHOLD_INCOME_TOTAL_NUTS2,de91:nuts2,2018,2026-09-15T16:27:19.643884+00:00,33900.32,estimate,2018-01-01,2018-12-31,1,2026-09-15T16:27:19.643884+00:00
HOUSEHOLD_INCOME_TOTAL_NUTS2,de91:nuts2,2019,2026-09-15T16:27:19.643884+00:00,34444.97,estimate,2019-01-01,2019-12-31,1,2026-09-15T16:27:19.643884+00:00
HOUSEHOLD_INCOME_TOTAL_NUTS2,de91:nuts2,2020,2026-09-15T16:27:19.643884+00:00,34554.02,estimate,2020-01-01,2020-12-31,1,2026-09-15T16:27:19.643884+00:00
HOUSEHOLD_INCOME_TOTAL_NUTS2,de91:nuts2,2021,2026-09-15T16:27:19.643884+00:00,34850.65,estimate,2021-01-01,2021-12-31,1,2026-09-15T16:27:19.643884+00:00
HOUSEHOLD_INCOME_TOTAL_NUTS2,de91:nuts2,2022,2026-09-15T16:27:19.643884+00:00,37029.19,estimate,2022-01-01,2022-12-31,1,2026-09-15T16:27:19.643884+00:00
HOUSEHOLD_INCOME_TOTAL_NUTS2,de91:nuts2,2023,2026-09-15T16:27:19.643884+00:00,39166.05,estimate,2023-01-01,2023-12-31,1,2026-09-15T16:27:19.643884+00:00
HOUSEHOLD_INCOME_TOTAL_NUTS2,de92:nuts2,2013,2026-09-15T16:27:19.643884+00:00,39012.17,estimate,2013-01-01,2013-12-31,1,2026-09-15T16:27:19.643884+00:00
HOUSEHOLD_INCOME_TOTAL_NUTS2,de92:nuts2,2014,2026-09-15T16:27:19.643884+00:00,40108.92,estimate,2014-01-01,2014-12-31,1,2026-09-15T16:27:19.643884+00:00
HOUSEHOLD_INCOME_TOTAL_NUTS2,de92:nuts2,2015,2026-09-15T16:27:19.643884+00:00,40752.14,estimate,2015-01-01,2015-12-31,1,2026-09-15T16:27:19.643884+00:00
HOUSEHOLD_INCOME_TOTAL_NUTS2,de92:nuts2,2016,2026-09-15T16:27:19.643884+00:00,41634.37,estimate,2016-01-01,2016-12-31,1,2026-09-15T16:27:19.643884+00:00
HOUSEHOLD_INCOME_TOTAL_NUTS2,de92:nuts2,2017,2026-09-15T16:27:19.643884+00:00,43139.21,estimate,2017-01-01,2017-12-31,1,2026-09-15T16:27:19.643884+00:00
HOUSEHOLD_INCOME_TOTAL_NUTS2,de92:nuts2,2018,2026-09-15T16:27:19.643884+00:00,45145.51,estimate,2018-01-01,2018-12-31,1,2026-09-15T16:27:19.643884+00:00
HOUSEHOLD_INCOME_TOTAL_NUTS2,de92:nuts2,2019,2026-09-15T16:27:19.643884+00:00,45689.93,estimate,2019-01-01,2019-12-31,1,2026-09-15T16:27:19.643884+00:00
HOUSEHOLD_INCOME_TOTAL_NUTS2,de92:nuts2,2020,2026-09-15T16:27:19.643884+00:00,45822.44,estimate,2020-01-01,2020-12-31,1,2026-09-15T16:27:19.643884+00:00
HOUSEHOLD_INCOME_TOTAL_NUTS2,de92:nuts2,2021,2026-09-15T16:27:19.643884+00:00,47030.71,estimate,2021-01-01,2021-12-31,1,2026-09-15T16:27:19.643884+00:00
HOUSEHOLD_INCOME_TOTAL_NUTS2,de92:nuts2,2022,2026-09-15T16:27:19.643884+00:00,50167.57,estimate,2022-01-01,2022-12-31,1,2026-09-15T16:27:19.643884+00:00
HOUSEHOLD_INCOME_TOTAL_NUTS2,de92:nuts2,2023,2026-09-15T16:27:19.643884+00:00,52951.05,estimate,2023-01-01,2023-12-31,1,2026-09-15T16:27:19.643884+00:00
HOUSEHOLD_INCOME_TOTAL_NUTS2,de93:nuts2,2013,2026-09-15T16:27:19.643884+00:00,32168.86,estimate,2013-01-01,2013-12-31,1,2026-09-15T16:27:19.643884+00:00
HOUSEHOLD_INCOME_TOTAL_NUTS2,de93:nuts2,2014,2026-09-15T16:27:19.643884+00:00,32916.91,estimate,2014-01-01,2014-12-31,1,2026-09-15T16:27:19.643884+00:00
HOUSEHOLD_INCOME_TOTAL_NUTS2,de93:nuts2,2015,2026-09-15T16:27:19.643884+00:00,33299.33,estimate,2015-01-01,2015-12-31,1,2026-09-15T16:27:19.643884+00:00
HOUSEHOLD_INCOME_TOTAL_NUTS2,de93:nuts2,2016,2026-09-15T16:27:19.643884+00:00,34206.19,estimate,2016-01-01,2016-12-31,1,2026-09-15T16:27:19.643884+00:00
HOUSEHOLD_INCOME_TOTAL_NUTS2,de93:nuts2,2017,2026-09-15T16:27:19.643884+00:00,35779.58,estimate,2017-01-01,2017-12-31,1,2026-09-15T16:27:19.643884+00:00
HOUSEHOLD_INCOME_TOTAL_NUTS2,de93:nuts2,2018,2026-09-15T16:27:19.643884+00:00,37509.68,estimate,2018-01-01,2018-12-31,1,2026-09-15T16:27:19.643884+00:00
HOUSEHOLD_INCOME_TOTAL_NUTS2,de93:nuts2,2019,2026-09-15T16:27:19.643884+00:00,38243.31,estimate,2019-01-01,2019-12-31,1,2026-09-15T16:27:19.643884+00:00
HOUSEHOLD_INCOME_TOTAL_NUTS2,de93:nuts2,2020,2026-09-15T16:27:19.643884+00:00,38126.56,estimate,2020-01-01,2020-12-31,1,2026-09-15T16:27:19.643884+00:00
HOUSEHOLD_INCOME_TOTAL_NUTS2,de93:nuts2,2021,2026-09-15T16:27:19.643884+00:00,39186.49,estimate,2021-01-01,2021-12-31,1,2026-09-15T16:27:19.643884+00:00
HOUSEHOLD_INCOME_TOTAL_NUTS2,de93:nuts2,2022,2026-09-15T16:27:19.643884+00:00,42622.86,estimate,2022-01-01,2022-12-31,1,2026-09-15T16:27:19.643884+00:00
HOUSEHOLD_INCOME_TOTAL_NUTS2,de93:nuts2,2023,2026-09-15T16:27:19.643884+00:00,44732.08,estimate,2023-01-01,2023-12-31,1,2026-09-15T16:27:19.643884+00:00
HOUSEHOLD_INCOME_TOTAL_NUTS2,de94:nuts2,2013,2026-09-15T16:27:19.643884+00:00,44473.79,estimate,2013-01-01,2013-12-31,1,2026-09-15T16:27:19.643884+00:00
HOUSEHOLD_INCOME_TOTAL_NUTS2,de94:nuts2,2014,2026-09-15T16:27:19.643884+00:00,45762.86,estimate,2014-01-01,2014-12-31,1,2026-09-15T16:27:19.643884+00:00
HOUSEHOLD_INCOME_TOTAL_NUTS2,de94:nuts2,2015,2026-09-15T16:27:19.643884+00:00,46734.13,estimate,2015-01-01,2015-12-31,1,2026-09-15T16:27:19.643884+00:00
HOUSEHOLD_INCOME_TOTAL_NUTS2,de94:nuts2,2016,2026-09-15T16:27:19.643884+00:00,47786.83,estimate,2016-01-01,2016-12-31,1,2026-09-15T16:27:19.643884+00:00
HOUSEHOLD_INCOME_TOTAL_NUTS2,de94:nuts2,2017,2026-09-15T16:27:19.643884+00:00,50294.27,estimate,2017-01-01,2017-12-31,1,2026-09-15T16:27:19.643884+00:00
HOUSEHOLD_INCOME_TOTAL_NUTS2,de94:nuts2,2018,2026-09-15T16:27:19.643884+00:00,52868.08,estimate,2018-01-01,2018-12-31,1,2026-09-15T16:27:19.643884+00:00
HOUSEHOLD_INCOME_TOTAL_NUTS2,de94:nuts2,2019,2026-09-15T16:27:19.643884+00:00,54012.97,estimate,2019-01-01,2019-12-31,1,2026-09-15T16:27:19.643884+00:00
HOUSEHOLD_INCOME_TOTAL_NUTS2,de94:nuts2,2020,2026-09-15T16:27:19.643884+00:00,53789.79,estimate,2020-01-01,2020-12-31,1,2026-09-15T16:27:19.643884+00:00
HOUSEHOLD_INCOME_TOTAL_NUTS2,de94:nuts2,2021,2026-09-15T16:27:19.643884+00:00,55442.27,estimate,2021-01-01,2021-12-31,1,2026-09-15T16:27:19.643884+00:00
HOUSEHOLD_INCOME_TOTAL_NUTS2,de94:nuts2,2022,2026-09-15T16:27:19.643884+00:00,60880.24,estimate,2022-01-01,2022-12-31,1,2026-09-15T16:27:19.643884+00:00
HOUSEHOLD_INCOME_TOTAL_NUTS2,de94:nuts2,2023,2026-09-15T16:27:19.643884+00:00,63550.87,estimate,2023-01-01,2023-12-31,1,2026-09-15T16:27:19.643884+00:00
HOUSEHOLD_INCOME_TOTAL_NUTS2,dea1:nuts2,2013,2026-09-15T16:27:19.643884+00:00,96301.11,estimate,2013-01-01,2013-12-31,1,2026-09-15T16:27:19.643884+00:00
HOUSEHOLD_INCOME_TOTAL_NUTS2,dea1:nuts2,2014,2026-09-15T16:27:19.643884+00:00,98240.15,estimate,2014-01-01,2014-12-31,1,2026-09-15T16:27:19.643884+00:00
HOUSEHOLD_INCOME_TOTAL_NUTS2,dea1:nuts2,2015,2026-09-15T16:27:19.643884+00:00,99542.83,estimate,2015-01-01,2015-12-31,1,2026-09-15T16:27:19.643884+00:00
HOUSEHOLD_INCOME_TOTAL_NUTS2,dea1:nuts2,2016,2026-09-15T16:27:19.643884+00:00,101927.65,estimate,2016-01-01,2016-12-31,1,2026-09-15T16:27:19.643884+00:00
HOUSEHOLD_INCOME_TOTAL_NUTS2,dea1:nuts2,2017,2026-09-15T16:27:19.643884+00:00,105724.24,estimate,2017-01-01,2017-12-31,1,2026-09-15T16:27:19.643884+00:00
HOUSEHOLD_INCOME_TOTAL_NUTS2,dea1:nuts2,2018,2026-09-15T16:27:19.643884+00:00,110353.34,estimate,2018-01-01,2018-12-31,1,2026-09-15T16:27:19.643884+00:00
HOUSEHOLD_INCOME_TOTAL_NUTS2,dea1:nuts2,2019,2026-09-15T16:27:19.643884+00:00,111645.02,estimate,2019-01-01,2019-12-31,1,2026-09-15T16:27:19.643884+00:00
HOUSEHOLD_INCOME_TOTAL_NUTS2,dea1:nuts2,2020,2026-09-15T16:27:19.643884+00:00,112443.18,estimate,2020-01-01,2020-12-31,1,2026-09-15T16:27:19.643884+00:00
HOUSEHOLD_INCOME_TOTAL_NUTS2,dea1:nuts2,2021,2026-09-15T16:27:19.643884+00:00,115012.81,estimate,2021-01-01,2021-12-31,1,2026-09-15T16:27:19.643884+00:00
HOUSEHOLD_INCOME_TOTAL_NUTS2,dea1:nuts2,2022,2026-09-15T16:27:19.643884+00:00,123075.77,estimate,2022-01-01,2022-12-31,1,2026-09-15T16:27:19.643884+00:00
HOUSEHOLD_INCOME_TOTAL_NUTS2,dea1:nuts2,2023,2026-09-15T16:27:19.643884+00:00,129964.39,estimate,2023-01-01,2023-12-31,1,2026-09-15T16:27:19.643884+00:00
HOUSEHOLD_INCOME_TOTAL_NUTS2,dea2:nuts2,2013,2026-09-15T16:27:19.643884+00:00,82041.37,estimate,2013-01-01,2013-12-31,1,2026-09-15T16:27:19.643884+00:00
HOUSEHOLD_INCOME_TOTAL_NUTS2,dea2:nuts2,2014,2026-09-15T16:27:19.643884+00:00,84025.1,estimate,2014-01-01,2014-12-31,1,2026-09-15T16:27:19.643884+00:00
HOUSEHOLD_INCOME_TOTAL_NUTS2,dea2:nuts2,2015,2026-09-15T16:27:19.643884+00:00,86244.68,estimate,2015-01-01,2015-12-31,1,2026-09-15T16:27:19.643884+00:00
HOUSEHOLD_INCOME_TOTAL_NUTS2,dea2:nuts2,2016,2026-09-15T16:27:19.643884+00:00,88321.9,estimate,2016-01-01,2016-12-31,1,2026-09-15T16:27:19.643884+00:00
HOUSEHOLD_INCOME_TOTAL_NUTS2,dea2:nuts2,2017,2026-09-15T16:27:19.643884+00:00,91682.81,estimate,2017-01-01,2017-12-31,1,2026-09-15T16:27:19.643884+00:00
HOUSEHOLD_INCOME_TOTAL_NUTS2,dea2:nuts2,2018,2026-09-15T16:27:19.643884+00:00,96962.6,estimate,2018-01-01,2018-12-31,1,2026-09-15T16:27:19.643884+00:00
HOUSEHOLD_INCOME_TOTAL_NUTS2,dea2:nuts2,2019,2026-09-15T16:27:19.643884+00:00,97691.74,estimate,2019-01-01,2019-12-31,1,2026-09-15T16:27:19.643884+00:00
HOUSEHOLD_INCOME_TOTAL_NUTS2,dea2:nuts2,2020,2026-09-15T16:27:19.643884+00:00,98678.68,estimate,2020-01-01,2020-12-31,1,2026-09-15T16:27:19.643884+00:00
HOUSEHOLD_INCOME_TOTAL_NUTS2,dea2:nuts2,2021,2026-09-15T16:27:19.643884+00:00,101527.78,estimate,2021-01-01,2021-12-31,1,2026-09-15T16:27:19.643884+00:00
HOUSEHOLD_INCOME_TOTAL_NUTS2,dea2:nuts2,2022,2026-09-15T16:27:19.643884+00:00,108962.61,estimate,2022-01-01,2022-12-31,1,2026-09-15T16:27:19.643884+00:00
HOUSEHOLD_INCOME_TOTAL_NUTS2,dea2:nuts2,2023,2026-09-15T16:27:19.643884+00:00,114936.74,estimate,2023-01-01,2023-12-31,1,2026-09-15T16:27:19.643884+00:00
HOUSEHOLD_INCOME_TOTAL_NUTS2,dea3:nuts2,2013,2026-09-15T16:27:19.643884+00:00,46371.61,estimate,2013-01-01,2013-12-31,1,2026-09-15T16:27:19.643884+00:00
HOUSEHOLD_INCOME_TOTAL_NUTS2,dea3:nuts2,2014,2026-09-15T16:27:19.643884+00:00,47602.89,estimate,2014-01-01,2014-12-31,1,2026-09-15T16:27:19.643884+00:00
HOUSEHOLD_INCOME_TOTAL_NUTS2,dea3:nuts2,2015,2026-09-15T16:27:19.643884+00:00,48598.15,estimate,2015-01-01,2015-12-31,1,2026-09-15T16:27:19.643884+00:00
HOUSEHOLD_INCOME_TOTAL_NUTS2,dea3:nuts2,2016,2026-09-15T16:27:19.643884+00:00,49811.38,estimate,2016-01-01,2016-12-31,1,2026-09-15T16:27:19.643884+00:00
HOUSEHOLD_INCOME_TOTAL_NUTS2,dea3:nuts2,2017,2026-09-15T16:27:19.643884+00:00,51694.99,estimate,2017-01-01,2017-12-31,1,2026-09-15T16:27:19.643884+00:00
HOUSEHOLD_INCOME_TOTAL_NUTS2,dea3:nuts2,2018,2026-09-15T16:27:19.643884+00:00,54380.06,estimate,2018-01-01,2018-12-31,1,2026-09-15T16:27:19.643884+00:00
HOUSEHOLD_INCOME_TOTAL_NUTS2,dea3:nuts2,2019,2026-09-15T16:27:19.643884+00:00,55396.05,estimate,2019-01-01,2019-12-31,1,2026-09-15T16:27:19.643884+00:00
HOUSEHOLD_INCOME_TOTAL_NUTS2,dea3:nuts2,2020,2026-09-15T16:27:19.643884+00:00,56183.72,estimate,2020-01-01,2020-12-31,1,2026-09-15T16:27:19.643884+00:00
HOUSEHOLD_INCOME_TOTAL_NUTS2,dea3:nuts2,2021,2026-09-15T16:27:19.643884+00:00,57818.38,estimate,2021-01-01,2021-12-31,1,2026-09-15T16:27:19.643884+00:00
HOUSEHOLD_INCOME_TOTAL_NUTS2,dea3:nuts2,2022,2026-09-15T16:27:19.643884+00:00,62501.74,estimate,2022-01-01,2022-12-31,1,2026-09-15T16:27:19.643884+00:00
HOUSEHOLD_INCOME_TOTAL_NUTS2,dea3:nuts2,2023,2026-09-15T16:27:19.643884+00:00,65458.17,estimate,2023-01-01,2023-12-31,1,2026-09-15T16:27:19.643884+00:00
HOUSEHOLD_INCOME_TOTAL_NUTS2,dea4:nuts2,2013,2026-09-15T16:27:19.643884+00:00,38943.67,estimate,2013-01-01,2013-12-31,1,2026-09-15T16:27:19.643884+00:00
HOUSEHOLD_INCOME_TOTAL_NUTS2,dea4:nuts2,2014,2026-09-15T16:27:19.643884+00:00,40085.53,estimate,2014-01-01,2014-12-31,1,2026-09-15T16:27:19.643884+00:00
HOUSEHOLD_INCOME_TOTAL_NUTS2,dea4:nuts2,2015,2026-09-15T16:27:19.643884+00:00,40715.34,estimate,2015-01-01,2015-12-31,1,2026-09-15T16:27:19.643884+00:00
HOUSEHOLD_INCOME_TOTAL_NUTS2,dea4:nuts2,2016,2026-09-15T16:27:19.643884+00:00,41747.77,estimate,2016-01-01,2016-12-31,1,2026-09-15T16:27:19.643884+00:00
HOUSEHOLD_INCOME_TOTAL_NUTS2,dea4:nuts2,2017,2026-09-15T16:27:19.643884+00:00,42600.75,estimate,2017-01-01,2017-12-31,1,2026-09-15T16:27:19.643884+00:00
HOUSEHOLD_INCOME_TOTAL_NUTS2,dea4:nuts2,2018,2026-09-15T16:27:19.643884+00:00,45104.75,estimate,2018-01-01,2018-12-31,1,2026-09-15T16:27:19.643884+00:00
HOUSEHOLD_INCOME_TOTAL_NUTS2,dea4:nuts2,2019,2026-09-15T16:27:19.643884+00:00,45326.04,estimate,2019-01-01,2019-12-31,1,2026-09-15T16:27:19.643884+00:00
HOUSEHOLD_INCOME_TOTAL_NUTS2,dea4:nuts2,2020,2026-09-15T16:27:19.643884+00:00,45541.06,estimate,2020-01-01,2020-12-31,1,2026-09-15T16:27:19.643884+00:00
HOUSEHOLD_INCOME_TOTAL_NUTS2,dea4:nuts2,2021,2026-09-15T16:27:19.643884+00:00,46775.51,estimate,2021-01-01,2021-12-31,1,2026-09-15T16:27:19.643884+00:00
HOUSEHOLD_INCOME_TOTAL_NUTS2,dea4:nuts2,2022,2026-09-15T16:27:19.643884+00:00,50823.76,estimate,2022-01-01,2022-12-31,1,2026-09-15T16:27:19.643884+00:00
HOUSEHOLD_INCOME_TOTAL_NUTS2,dea4:nuts2,2023,2026-09-15T16:27:19.643884+00:00,53127.23,estimate,2023-01-01,2023-12-31,1,2026-09-15T16:27:19.643884+00:00
HOUSEHOLD_INCOME_TOTAL_NUTS2,dea5:nuts2,2013,2026-09-15T16:27:19.643884+00:00,65587.28,estimate,2013-01-01,2013-12-31,1,2026-09-15T16:27:19.643884+00:00
HOUSEHOLD_INCOME_TOTAL_NUTS2,dea5:nuts2,2014,2026-09-15T16:27:19.643884+00:00,67203.17,estimate,2014-01-01,2014-12-31,1,2026-09-15T16:27:19.643884+00:00
HOUSEHOLD_INCOME_TOTAL_NUTS2,dea5:nuts2,2015,2026-09-15T16:27:19.643884+00:00,68147.82,estimate,2015-01-01,2015-12-31,1,2026-09-15T16:27:19.643884+00:00
HOUSEHOLD_INCOME_TOTAL_NUTS2,dea5:nuts2,2016,2026-09-15T16:27:19.643884+00:00,69307.47,estimate,2016-01-01,2016-12-31,1,2026-09-15T16:27:19.643884+00:00
HOUSEHOLD_INCOME_TOTAL_NUTS2,dea5:nuts2,2017,2026-09-15T16:27:19.643884+00:00,71798.61,estimate,2017-01-01,2017-12-31,1,2026-09-15T16:27:19.643884+00:00
HOUSEHOLD_INCOME_TOTAL_NUTS2,dea5:nuts2,2018,2026-09-15T16:27:19.643884+00:00,74799.39,estimate,2018-01-01,2018-12-31,1,2026-09-15T16:27:19.643884+00:00
HOUSEHOLD_INCOME_TOTAL_NUTS2,dea5:nuts2,2019,2026-09-15T16:27:19.643884+00:00,75016.73,estimate,2019-01-01,2019-12-31,1,2026-09-15T16:27:19.643884+00:00
HOUSEHOLD_INCOME_TOTAL_NUTS2,dea5:nuts2,2020,2026-09-15T16:27:19.643884+00:00,75213.99,estimate,2020-01-01,2020-12-31,1,2026-09-15T16:27:19.643884+00:00
HOUSEHOLD_INCOME_TOTAL_NUTS2,dea5:nuts2,2021,2026-09-15T16:27:19.643884+00:00,77514.8,estimate,2021-01-01,2021-12-31,1,2026-09-15T16:27:19.643884+00:00
HOUSEHOLD_INCOME_TOTAL_NUTS2,dea5:nuts2,2022,2026-09-15T16:27:19.643884+00:00,83081.49,estimate,2022-01-01,2022-12-31,1,2026-09-15T16:27:19.643884+00:00
HOUSEHOLD_INCOME_TOTAL_NUTS2,dea5:nuts2,2023,2026-09-15T16:27:19.643884+00:00,87355.93,estimate,2023-01-01,2023-12-31,1,2026-09-15T16:27:19.643884+00:00
HOUSEHOLD_INCOME_TOTAL_NUTS2,deb1:nuts2,2013,2026-09-15T16:27:19.643884+00:00,28233.85,estimate,2013-01-01,2013-12-31,1,2026-09-15T16:27:19.643884+00:00
HOUSEHOLD_INCOME_TOTAL_NUTS2,deb1:nuts2,2014,2026-09-15T16:27:19.643884+00:00,28621.88,estimate,2014-01-01,2014-12-31,1,2026-09-15T16:27:19.643884+00:00
HOUSEHOLD_INCOME_TOTAL_NUTS2,deb1:nuts2,2015,2026-09-15T16:27:19.643884+00:00,29313.79,estimate,2015-01-01,2015-12-31,1,2026-09-15T16:27:19.643884+00:00
HOUSEHOLD_INCOME_TOTAL_NUTS2,deb1:nuts2,2016,2026-09-15T16:27:19.643884+00:00,30204.87,estimate,2016-01-01,2016-12-31,1,2026-09-15T16:27:19.643884+00:00
HOUSEHOLD_INCOME_TOTAL_NUTS2,deb1:nuts2,2017,2026-09-15T16:27:19.643884+00:00,30826.98,estimate,2017-01-01,2017-12-31,1,2026-09-15T16:27:19.643884+00:00
HOUSEHOLD_INCOME_TOTAL_NUTS2,deb1:nuts2,2018,2026-09-15T16:27:19.643884+00:00,32470.17,estimate,2018-01-01,2018-12-31,1,2026-09-15T16:27:19.643884+00:00
HOUSEHOLD_INCOME_TOTAL_NUTS2,deb1:nuts2,2019,2026-09-15T16:27:19.643884+00:00,32376.06,estimate,2019-01-01,2019-12-31,1,2026-09-15T16:27:19.643884+00:00
HOUSEHOLD_INCOME_TOTAL_NUTS2,deb1:nuts2,2020,2026-09-15T16:27:19.643884+00:00,32770.55,estimate,2020-01-01,2020-12-31,1,2026-09-15T16:27:19.643884+00:00
HOUSEHOLD_INCOME_TOTAL_NUTS2,deb1:nuts2,2021,2026-09-15T16:27:19.643884+00:00,33954.17,estimate,2021-01-01,2021-12-31,1,2026-09-15T16:27:19.643884+00:00
HOUSEHOLD_INCOME_TOTAL_NUTS2,deb1:nuts2,2022,2026-09-15T16:27:19.643884+00:00,36709.08,estimate,2022-01-01,2022-12-31,1,2026-09-15T16:27:19.643884+00:00
HOUSEHOLD_INCOME_TOTAL_NUTS2,deb1:nuts2,2023,2026-09-15T16:27:19.643884+00:00,38533.06,estimate,2023-01-01,2023-12-31,1,2026-09-15T16:27:19.643884+00:00
HOUSEHOLD_INCOME_TOTAL_NUTS2,deb2:nuts2,2013,2026-09-15T16:27:19.643884+00:00,9573.16,estimate,2013-01-01,2013-12-31,1,2026-09-15T16:27:19.643884+00:00
HOUSEHOLD_INCOME_TOTAL_NUTS2,deb2:nuts2,2014,2026-09-15T16:27:19.643884+00:00,9828.41,estimate,2014-01-01,2014-12-31,1,2026-09-15T16:27:19.643884+00:00
HOUSEHOLD_INCOME_TOTAL_NUTS2,deb2:nuts2,2015,2026-09-15T16:27:19.643884+00:00,9900.38,estimate,2015-01-01,2015-12-31,1,2026-09-15T16:27:19.643884+00:00
HOUSEHOLD_INCOME_TOTAL_NUTS2,deb2:nuts2,2016,2026-09-15T16:27:19.643884+00:00,10220.59,estimate,2016-01-01,2016-12-31,1,2026-09-15T16:27:19.643884+00:00
HOUSEHOLD_INCOME_TOTAL_NUTS2,deb2:nuts2,2017,2026-09-15T16:27:19.643884+00:00,10559.2,estimate,2017-01-01,2017-12-31,1,2026-09-15T16:27:19.643884+00:00
HOUSEHOLD_INCOME_TOTAL_NUTS2,deb2:nuts2,2018,2026-09-15T16:27:19.643884+00:00,11128.74,estimate,2018-01-01,2018-12-31,1,2026-09-15T16:27:19.643884+00:00
HOUSEHOLD_INCOME_TOTAL_NUTS2,deb2:nuts2,2019,2026-09-15T16:27:19.643884+00:00,11387.65,estimate,2019-01-01,2019-12-31,1,2026-09-15T16:27:19.643884+00:00
HOUSEHOLD_INCOME_TOTAL_NUTS2,deb2:nuts2,2020,2026-09-15T16:27:19.643884+00:00,11448.18,estimate,2020-01-01,2020-12-31,1,2026-09-15T16:27:19.643884+00:00
HOUSEHOLD_INCOME_TOTAL_NUTS2,deb2:nuts2,2021,2026-09-15T16:27:19.643884+00:00,11573.87,estimate,2021-01-01,2021-12-31,1,2026-09-15T16:27:19.643884+00:00
HOUSEHOLD_INCOME_TOTAL_NUTS2,deb2:nuts2,2022,2026-09-15T16:27:19.643884+00:00,12529.4,estimate,2022-01-01,2022-12-31,1,2026-09-15T16:27:19.643884+00:00
HOUSEHOLD_INCOME_TOTAL_NUTS2,deb2:nuts2,2023,2026-09-15T16:27:19.643884+00:00,13317.66,estimate,2023-01-01,2023-12-31,1,2026-09-15T16:27:19.643884+00:00
HOUSEHOLD_INCOME_TOTAL_NUTS2,deb3:nuts2,2013,2026-09-15T16:27:19.643884+00:00,38375.29,estimate,2013-01-01,2013-12-31,1,2026-09-15T16:27:19.643884+00:00
HOUSEHOLD_INCOME_TOTAL_NUTS2,deb3:nuts2,2014,2026-09-15T16:27:19.643884+00:00,39436.84,estimate,2014-01-01,2014-12-31,1,2026-09-15T16:27:19.643884+00:00
HOUSEHOLD_INCOME_TOTAL_NUTS2,deb3:nuts2,2015,2026-09-15T16:27:19.643884+00:00,40488.82,estimate,2015-01-01,2015-12-31,1,2026-09-15T16:27:19.643884+00:00
HOUSEHOLD_INCOME_TOTAL_NUTS2,deb3:nuts2,2016,2026-09-15T16:27:19.643884+00:00,41190.65,estimate,2016-01-01,2016-12-31,1,2026-09-15T16:27:19.643884+00:00
HOUSEHOLD_INCOME_TOTAL_NUTS2,deb3:nuts2,2017,2026-09-15T16:27:19.643884+00:00,42487.6,estimate,2017-01-01,2017-12-31,1,2026-09-15T16:27:19.643884+00:00
HOUSEHOLD_INCOME_TOTAL_NUTS2,deb3:nuts2,2018,2026-09-15T16:27:19.643884+00:00,44750.02,estimate,2018-01-01,2018-12-31,1,2026-09-15T16:27:19.643884+00:00
HOUSEHOLD_INCOME_TOTAL_NUTS2,deb3:nuts2,2019,2026-09-15T16:27:19.643884+00:00,45389.67,estimate,2019-01-01,2019-12-31,1,2026-09-15T16:27:19.643884+00:00
HOUSEHOLD_INCOME_TOTAL_NUTS2,deb3:nuts2,2020,2026-09-15T16:27:19.643884+00:00,45695.38,estimate,2020-01-01,2020-12-31,1,2026-09-15T16:27:19.643884+00:00
HOUSEHOLD_INCOME_TOTAL_NUTS2,deb3:nuts2,2021,2026-09-15T16:27:19.643884+00:00,46361.23,estimate,2021-01-01,2021-12-31,1,2026-09-15T16:27:19.643884+00:00
HOUSEHOLD_INCOME_TOTAL_NUTS2,deb3:nuts2,2022,2026-09-15T16:27:19.643884+00:00,49532.64,estimate,2022-01-01,2022-12-31,1,2026-09-15T16:27:19.643884+00:00
HOUSEHOLD_INCOME_TOTAL_NUTS2,deb3:nuts2,2023,2026-09-15T16:27:19.643884+00:00,52506.19,estimate,2023-01-01,2023-12-31,1,2026-09-15T16:27:19.643884+00:00
HOUSEHOLD_INCOME_TOTAL_NUTS2,dec0:nuts2,2013,2026-09-15T16:27:19.643884+00:00,17837.97,estimate,2013-01-01,2013-12-31,1,2026-09-15T16:27:19.643884+00:00
HOUSEHOLD_INCOME_TOTAL_NUTS2,dec0:nuts2,2014,2026-09-15T16:27:19.643884+00:00,17805.82,estimate,2014-01-01,2014-12-31,1,2026-09-15T16:27:19.643884+00:00
HOUSEHOLD_INCOME_TOTAL_NUTS2,dec0:nuts2,2015,2026-09-15T16:27:19.643884+00:00,18147.02,estimate,2015-01-01,2015-12-31,1,2026-09-15T16:27:19.643884+00:00
HOUSEHOLD_INCOME_TOTAL_NUTS2,dec0:nuts2,2016,2026-09-15T16:27:19.643884+00:00,18586.69,estimate,2016-01-01,2016-12-31,1,2026-09-15T16:27:19.643884+00:00
HOUSEHOLD_INCOME_TOTAL_NUTS2,dec0:nuts2,2017,2026-09-15T16:27:19.643884+00:00,19286.84,estimate,2017-01-01,2017-12-31,1,2026-09-15T16:27:19.643884+00:00
HOUSEHOLD_INCOME_TOTAL_NUTS2,dec0:nuts2,2018,2026-09-15T16:27:19.643884+00:00,20073.89,estimate,2018-01-01,2018-12-31,1,2026-09-15T16:27:19.643884+00:00
HOUSEHOLD_INCOME_TOTAL_NUTS2,dec0:nuts2,2019,2026-09-15T16:27:19.643884+00:00,20573.13,estimate,2019-01-01,2019-12-31,1,2026-09-15T16:27:19.643884+00:00
HOUSEHOLD_INCOME_TOTAL_NUTS2,dec0:nuts2,2020,2026-09-15T16:27:19.643884+00:00,20109.77,estimate,2020-01-01,2020-12-31,1,2026-09-15T16:27:19.643884+00:00
HOUSEHOLD_INCOME_TOTAL_NUTS2,dec0:nuts2,2021,2026-09-15T16:27:19.643884+00:00,20602.74,estimate,2021-01-01,2021-12-31,1,2026-09-15T16:27:19.643884+00:00
HOUSEHOLD_INCOME_TOTAL_NUTS2,dec0:nuts2,2022,2026-09-15T16:27:19.643884+00:00,21931.56,estimate,2022-01-01,2022-12-31,1,2026-09-15T16:27:19.643884+00:00
HOUSEHOLD_INCOME_TOTAL_NUTS2,dec0:nuts2,2023,2026-09-15T16:27:19.643884+00:00,23225.91,estimate,2023-01-01,2023-12-31,1,2026-09-15T16:27:19.643884+00:00
HOUSEHOLD_INCOME_TOTAL_NUTS2,ded2:nuts2,2013,2026-09-15T16:27:19.643884+00:00,26404.62,estimate,2013-01-01,2013-12-31,1,2026-09-15T16:27:19.643884+00:00
HOUSEHOLD_INCOME_TOTAL_NUTS2,ded2:nuts2,2014,2026-09-15T16:27:19.643884+00:00,26859.49,estimate,2014-01-01,2014-12-31,1,2026-09-15T16:27:19.643884+00:00
HOUSEHOLD_INCOME_TOTAL_NUTS2,ded2:nuts2,2015,2026-09-15T16:27:19.643884+00:00,27515.46,estimate,2015-01-01,2015-12-31,1,2026-09-15T16:27:19.643884+00:00
HOUSEHOLD_INCOME_TOTAL_NUTS2,ded2:nuts2,2016,2026-09-15T16:27:19.643884+00:00,28387.54,estimate,2016-01-01,2016-12-31,1,2026-09-15T16:27:19.643884+00:00
HOUSEHOLD_INCOME_TOTAL_NUTS2,ded2:nuts2,2017,2026-09-15T16:27:19.643884+00:00,29591.17,estimate,2017-01-01,2017-12-31,1,2026-09-15T16:27:19.643884+00:00
HOUSEHOLD_INCOME_TOTAL_NUTS2,ded2:nuts2,2018,2026-09-15T16:27:19.643884+00:00,30979.24,estimate,2018-01-01,2018-12-31,1,2026-09-15T16:27:19.643884+00:00
HOUSEHOLD_INCOME_TOTAL_NUTS2,ded2:nuts2,2019,2026-09-15T16:27:19.643884+00:00,31616.06,estimate,2019-01-01,2019-12-31,1,2026-09-15T16:27:19.643884+00:00
HOUSEHOLD_INCOME_TOTAL_NUTS2,ded2:nuts2,2020,2026-09-15T16:27:19.643884+00:00,32268.59,estimate,2020-01-01,2020-12-31,1,2026-09-15T16:27:19.643884+00:00
HOUSEHOLD_INCOME_TOTAL_NUTS2,ded2:nuts2,2021,2026-09-15T16:27:19.643884+00:00,32814.28,estimate,2021-01-01,2021-12-31,1,2026-09-15T16:27:19.643884+00:00
HOUSEHOLD_INCOME_TOTAL_NUTS2,ded2:nuts2,2022,2026-09-15T16:27:19.643884+00:00,35231.72,estimate,2022-01-01,2022-12-31,1,2026-09-15T16:27:19.643884+00:00
HOUSEHOLD_INCOME_TOTAL_NUTS2,ded2:nuts2,2023,2026-09-15T16:27:19.643884+00:00,37176.71,estimate,2023-01-01,2023-12-31,1,2026-09-15T16:27:19.643884+00:00
HOUSEHOLD_INCOME_TOTAL_NUTS2,ded4:nuts2,2013,2026-09-15T16:27:19.643884+00:00,24508.44,estimate,2013-01-01,2013-12-31,1,2026-09-15T16:27:19.643884+00:00
HOUSEHOLD_INCOME_TOTAL_NUTS2,ded4:nuts2,2014,2026-09-15T16:27:19.643884+00:00,24878.29,estimate,2014-01-01,2014-12-31,1,2026-09-15T16:27:19.643884+00:00
HOUSEHOLD_INCOME_TOTAL_NUTS2,ded4:nuts2,2015,2026-09-15T16:27:19.643884+00:00,25356.63,estimate,2015-01-01,2015-12-31,1,2026-09-15T16:27:19.643884+00:00
HOUSEHOLD_INCOME_TOTAL_NUTS2,ded4:nuts2,2016,2026-09-15T16:27:19.643884+00:00,25917.02,estimate,2016-01-01,2016-12-31,1,2026-09-15T16:27:19.643884+00:00
HOUSEHOLD_INCOME_TOTAL_NUTS2,ded4:nuts2,2017,2026-09-15T16:27:19.643884+00:00,26886.66,estimate,2017-01-01,2017-12-31,1,2026-09-15T16:27:19.643884+00:00
HOUSEHOLD_INCOME_TOTAL_NUTS2,ded4:nuts2,2018,2026-09-15T16:27:19.643884+00:00,27949.34,estimate,2018-01-01,2018-12-31,1,2026-09-15T16:27:19.643884+00:00
HOUSEHOLD_INCOME_TOTAL_NUTS2,ded4:nuts2,2019,2026-09-15T16:27:19.643884+00:00,28247.79,estimate,2019-01-01,2019-12-31,1,2026-09-15T16:27:19.643884+00:00
HOUSEHOLD_INCOME_TOTAL_NUTS2,ded4:nuts2,2020,2026-09-15T16:27:19.643884+00:00,28532.48,estimate,2020-01-01,2020-12-31,1,2026-09-15T16:27:19.643884+00:00
HOUSEHOLD_INCOME_TOTAL_NUTS2,ded4:nuts2,2021,2026-09-15T16:27:19.643884+00:00,28965.38,estimate,2021-01-01,2021-12-31,1,2026-09-15T16:27:19.643884+00:00
HOUSEHOLD_INCOME_TOTAL_NUTS2,ded4:nuts2,2022,2026-09-15T16:27:19.643884+00:00,31044.38,estimate,2022-01-01,2022-12-31,1,2026-09-15T16:27:19.643884+00:00
HOUSEHOLD_INCOME_TOTAL_NUTS2,ded4:nuts2,2023,2026-09-15T16:27:19.643884+00:00,32672.85,estimate,2023-01-01,2023-12-31,1,2026-09-15T16:27:19.643884+00:00
HOUSEHOLD_INCOME_TOTAL_NUTS2,ded5:nuts2,2013,2026-09-15T16:27:19.643884+00:00,16305.79,estimate,2013-01-01,2013-12-31,1,2026-09-15T16:27:19.643884+00:00
HOUSEHOLD_INCOME_TOTAL_NUTS2,ded5:nuts2,2014,2026-09-15T16:27:19.643884+00:00,16638.33,estimate,2014-01-01,2014-12-31,1,2026-09-15T16:27:19.643884+00:00
HOUSEHOLD_INCOME_TOTAL_NUTS2,ded5:nuts2,2015,2026-09-15T16:27:19.643884+00:00,17302.59,estimate,2015-01-01,2015-12-31,1,2026-09-15T16:27:19.643884+00:00
HOUSEHOLD_INCOME_TOTAL_NUTS2,ded5:nuts2,2016,2026-09-15T16:27:19.643884+00:00,17983.35,estimate,2016-01-01,2016-12-31,1,2026-09-15T16:27:19.643884+00:00
HOUSEHOLD_INCOME_TOTAL_NUTS2,ded5:nuts2,2017,2026-09-15T16:27:19.643884+00:00,18925.3,estimate,2017-01-01,2017-12-31,1,2026-09-15T16:27:19.643884+00:00
HOUSEHOLD_INCOME_TOTAL_NUTS2,ded5:nuts2,2018,2026-09-15T16:27:19.643884+00:00,19916.19,estimate,2018-01-01,2018-12-31,1,2026-09-15T16:27:19.643884+00:00
HOUSEHOLD_INCOME_TOTAL_NUTS2,ded5:nuts2,2019,2026-09-15T16:27:19.643884+00:00,20467.26,estimate,2019-01-01,2019-12-31,1,2026-09-15T16:27:19.643884+00:00
HOUSEHOLD_INCOME_TOTAL_NUTS2,ded5:nuts2,2020,2026-09-15T16:27:19.643884+00:00,20840.67,estimate,2020-01-01,2020-12-31,1,2026-09-15T16:27:19.643884+00:00
HOUSEHOLD_INCOME_TOTAL_NUTS2,ded5:nuts2,2021,2026-09-15T16:27:19.643884+00:00,21380.45,estimate,2021-01-01,2021-12-31,1,2026-09-15T16:27:19.643884+00:00
HOUSEHOLD_INCOME_TOTAL_NUTS2,ded5:nuts2,2022,2026-09-15T16:27:19.643884+00:00,22915.0,estimate,2022-01-01,2022-12-31,1,2026-09-15T16:27:19.643884+00:00
HOUSEHOLD_INCOME_TOTAL_NUTS2,ded5:nuts2,2023,2026-09-15T16:27:19.643884+00:00,24151.54,estimate,2023-01-01,2023-12-31,1,2026-09-15T16:27:19.643884+00:00
HOUSEHOLD_INCOME_TOTAL_NUTS2,dee0:nuts2,2013,2026-09-15T16:27:19.643884+00:00,36106.91,estimate,2013-01-01,2013-12-31,1,2026-09-15T16:27:19.643884+00:00
HOUSEHOLD_INCOME_TOTAL_NUTS2,dee0:nuts2,2014,2026-09-15T16:27:19.643884+00:00,36737.67,estimate,2014-01-01,2014-12-31,1,2026-09-15T16:27:19.643884+00:00
HOUSEHOLD_INCOME_TOTAL_NUTS2,dee0:nuts2,2015,2026-09-15T16:27:19.643884+00:00,37282.46,estimate,2015-01-01,2015-12-31,1,2026-09-15T16:27:19.643884+00:00
HOUSEHOLD_INCOME_TOTAL_NUTS2,dee0:nuts2,2016,2026-09-15T16:27:19.643884+00:00,38266.54,estimate,2016-01-01,2016-12-31,1,2026-09-15T16:27:19.643884+00:00
HOUSEHOLD_INCOME_TOTAL_NUTS2,dee0:nuts2,2017,2026-09-15T16:27:19.643884+00:00,40016.13,estimate,2017-01-01,2017-12-31,1,2026-09-15T16:27:19.643884+00:00
HOUSEHOLD_INCOME_TOTAL_NUTS2,dee0:nuts2,2018,2026-09-15T16:27:19.643884+00:00,41364.81,estimate,2018-01-01,2018-12-31,1,2026-09-15T16:27:19.643884+00:00
HOUSEHOLD_INCOME_TOTAL_NUTS2,dee0:nuts2,2019,2026-09-15T16:27:19.643884+00:00,42170.36,estimate,2019-01-01,2019-12-31,1,2026-09-15T16:27:19.643884+00:00
HOUSEHOLD_INCOME_TOTAL_NUTS2,dee0:nuts2,2020,2026-09-15T16:27:19.643884+00:00,43232.28,estimate,2020-01-01,2020-12-31,1,2026-09-15T16:27:19.643884+00:00
HOUSEHOLD_INCOME_TOTAL_NUTS2,dee0:nuts2,2021,2026-09-15T16:27:19.643884+00:00,44114.8,estimate,2021-01-01,2021-12-31,1,2026-09-15T16:27:19.643884+00:00
HOUSEHOLD_INCOME_TOTAL_NUTS2,dee0:nuts2,2022,2026-09-15T16:27:19.643884+00:00,46791.91,estimate,2022-01-01,2022-12-31,1,2026-09-15T16:27:19.643884+00:00
HOUSEHOLD_INCOME_TOTAL_NUTS2,dee0:nuts2,2023,2026-09-15T16:27:19.643884+00:00,48783.04,estimate,2023-01-01,2023-12-31,1,2026-09-15T16:27:19.643884+00:00
HOUSEHOLD_INCOME_TOTAL_NUTS2,def0:nuts2,2013,2026-09-15T16:27:19.643884+00:00,54786.49,estimate,2013-01-01,2013-12-31,1,2026-09-15T16:27:19.643884+00:00
HOUSEHOLD_INCOME_TOTAL_NUTS2,def0:nuts2,2014,2026-09-15T16:27:19.643884+00:00,55989.87,estimate,2014-01-01,2014-12-31,1,2026-09-15T16:27:19.643884+00:00
HOUSEHOLD_INCOME_TOTAL_NUTS2,def0:nuts2,2015,2026-09-15T16:27:19.643884+00:00,57566.08,estimate,2015-01-01,2015-12-31,1,2026-09-15T16:27:19.643884+00:00
HOUSEHOLD_INCOME_TOTAL_NUTS2,def0:nuts2,2016,2026-09-15T16:27:19.643884+00:00,58788.34,estimate,2016-01-01,2016-12-31,1,2026-09-15T16:27:19.643884+00:00
HOUSEHOLD_INCOME_TOTAL_NUTS2,def0:nuts2,2017,2026-09-15T16:27:19.643884+00:00,61970.77,estimate,2017-01-01,2017-12-31,1,2026-09-15T16:27:19.643884+00:00
HOUSEHOLD_INCOME_TOTAL_NUTS2,def0:nuts2,2018,2026-09-15T16:27:19.643884+00:00,64717.36,estimate,2018-01-01,2018-12-31,1,2026-09-15T16:27:19.643884+00:00
HOUSEHOLD_INCOME_TOTAL_NUTS2,def0:nuts2,2019,2026-09-15T16:27:19.643884+00:00,65681.95,estimate,2019-01-01,2019-12-31,1,2026-09-15T16:27:19.643884+00:00
HOUSEHOLD_INCOME_TOTAL_NUTS2,def0:nuts2,2020,2026-09-15T16:27:19.643884+00:00,66284.46,estimate,2020-01-01,2020-12-31,1,2026-09-15T16:27:19.643884+00:00
HOUSEHOLD_INCOME_TOTAL_NUTS2,def0:nuts2,2021,2026-09-15T16:27:19.643884+00:00,68453.7,estimate,2021-01-01,2021-12-31,1,2026-09-15T16:27:19.643884+00:00
HOUSEHOLD_INCOME_TOTAL_NUTS2,def0:nuts2,2022,2026-09-15T16:27:19.643884+00:00,74476.62,estimate,2022-01-01,2022-12-31,1,2026-09-15T16:27:19.643884+00:00
HOUSEHOLD_INCOME_TOTAL_NUTS2,def0:nuts2,2023,2026-09-15T16:27:19.643884+00:00,77933.87,estimate,2023-01-01,2023-12-31,1,2026-09-15T16:27:19.643884+00:00
HOUSEHOLD_INCOME_TOTAL_NUTS2,deg0:nuts2,2013,2026-09-15T16:27:19.643884+00:00,35303.19,estimate,2013-01-01,2013-12-31,1,2026-09-15T16:27:19.643884+00:00
HOUSEHOLD_INCOME_TOTAL_NUTS2,deg0:nuts2,2014,2026-09-15T16:27:19.643884+00:00,35709.13,estimate,2014-01-01,2014-12-31,1,2026-09-15T16:27:19.643884+00:00
HOUSEHOLD_INCOME_TOTAL_NUTS2,deg0:nuts2,2015,2026-09-15T16:27:19.643884+00:00,36326.62,estimate,2015-01-01,2015-12-31,1,2026-09-15T16:27:19.643884+00:00
HOUSEHOLD_INCOME_TOTAL_NUTS2,deg0:nuts2,2016,2026-09-15T16:27:19.643884+00:00,37417.01,estimate,2016-01-01,2016-12-31,1,2026-09-15T16:27:19.643884+00:00
HOUSEHOLD_INCOME_TOTAL_NUTS2,deg0:nuts2,2017,2026-09-15T16:27:19.643884+00:00,38964.79,estimate,2017-01-01,2017-12-31,1,2026-09-15T16:27:19.643884+00:00
HOUSEHOLD_INCOME_TOTAL_NUTS2,deg0:nuts2,2018,2026-09-15T16:27:19.643884+00:00,40927.53,estimate,2018-01-01,2018-12-31,1,2026-09-15T16:27:19.643884+00:00
HOUSEHOLD_INCOME_TOTAL_NUTS2,deg0:nuts2,2019,2026-09-15T16:27:19.643884+00:00,41414.7,estimate,2019-01-01,2019-12-31,1,2026-09-15T16:27:19.643884+00:00
HOUSEHOLD_INCOME_TOTAL_NUTS2,deg0:nuts2,2020,2026-09-15T16:27:19.643884+00:00,42220.75,estimate,2020-01-01,2020-12-31,1,2026-09-15T16:27:19.643884+00:00
HOUSEHOLD_INCOME_TOTAL_NUTS2,deg0:nuts2,2021,2026-09-15T16:27:19.643884+00:00,43201.19,estimate,2021-01-01,2021-12-31,1,2026-09-15T16:27:19.643884+00:00
HOUSEHOLD_INCOME_TOTAL_NUTS2,deg0:nuts2,2022,2026-09-15T16:27:19.643884+00:00,46501.16,estimate,2022-01-01,2022-12-31,1,2026-09-15T16:27:19.643884+00:00
HOUSEHOLD_INCOME_TOTAL_NUTS2,deg0:nuts2,2023,2026-09-15T16:27:19.643884+00:00,48827.36,estimate,2023-01-01,2023-12-31,1,2026-09-15T16:27:19.643884+00:00
HOUSEHOLD_INCOME_TOTAL_NUTS2,dk01:nuts2,2013,2026-09-15T16:27:19.643884+00:00,25300.76,final,2013-01-01,2013-12-31,1,2026-09-15T16:27:19.643884+00:00
HOUSEHOLD_INCOME_TOTAL_NUTS2,dk01:nuts2,2014,2026-09-15T16:27:19.643884+00:00,25445.29,final,2014-01-01,2014-12-31,1,2026-09-15T16:27:19.643884+00:00
HOUSEHOLD_INCOME_TOTAL_NUTS2,dk01:nuts2,2015,2026-09-15T16:27:19.643884+00:00,26932.94,final,2015-01-01,2015-12-31,1,2026-09-15T16:27:19.643884+00:00
HOUSEHOLD_INCOME_TOTAL_NUTS2,dk01:nuts2,2016,2026-09-15T16:27:19.643884+00:00,28015.0,final,2016-01-01,2016-12-31,1,2026-09-15T16:27:19.643884+00:00
HOUSEHOLD_INCOME_TOTAL_NUTS2,dk01:nuts2,2017,2026-09-15T16:27:19.643884+00:00,29668.29,final,2017-01-01,2017-12-31,1,2026-09-15T16:27:19.643884+00:00
HOUSEHOLD_INCOME_TOTAL_NUTS2,dk01:nuts2,2018,2026-09-15T16:27:19.643884+00:00,31460.48,final,2018-01-01,2018-12-31,1,2026-09-15T16:27:19.643884+00:00
HOUSEHOLD_INCOME_TOTAL_NUTS2,dk01:nuts2,2019,2026-09-15T16:27:19.643884+00:00,31811.77,final,2019-01-01,2019-12-31,1,2026-09-15T16:27:19.643884+00:00
HOUSEHOLD_INCOME_TOTAL_NUTS2,dk01:nuts2,2020,2026-09-15T16:27:19.643884+00:00,31956.37,final,2020-01-01,2020-12-31,1,2026-09-15T16:27:19.643884+00:00
HOUSEHOLD_INCOME_TOTAL_NUTS2,dk01:nuts2,2021,2026-09-15T16:27:19.643884+00:00,33441.45,final,2021-01-01,2021-12-31,1,2026-09-15T16:27:19.643884+00:00
HOUSEHOLD_INCOME_TOTAL_NUTS2,dk01:nuts2,2022,2026-09-15T16:27:19.643884+00:00,36264.83,final,2022-01-01,2022-12-31,1,2026-09-15T16:27:19.643884+00:00
HOUSEHOLD_INCOME_TOTAL_NUTS2,dk01:nuts2,2023,2026-09-15T16:27:19.643884+00:00,39833.38,final,2023-01-01,2023-12-31,1,2026-09-15T16:27:19.643884+00:00
HOUSEHOLD_INCOME_TOTAL_NUTS2,dk01:nuts2,2024,2026-09-15T16:27:19.643884+00:00,41518.69,final,2024-01-01,2024-12-31,1,2026-09-15T16:27:19.643884+00:00
HOUSEHOLD_INCOME_TOTAL_NUTS2,dk02:nuts2,2013,2026-09-15T16:27:19.643884+00:00,11181.36,final,2013-01-01,2013-12-31,1,2026-09-15T16:27:19.643884+00:00
HOUSEHOLD_INCOME_TOTAL_NUTS2,dk02:nuts2,2014,2026-09-15T16:27:19.643884+00:00,11110.85,final,2014-01-01,2014-12-31,1,2026-09-15T16:27:19.643884+00:00
HOUSEHOLD_INCOME_TOTAL_NUTS2,dk02:nuts2,2015,2026-09-15T16:27:19.643884+00:00,11720.7,final,2015-01-01,2015-12-31,1,2026-09-15T16:27:19.643884+00:00
HOUSEHOLD_INCOME_TOTAL_NUTS2,dk02:nuts2,2016,2026-09-15T16:27:19.643884+00:00,12070.85,final,2016-01-01,2016-12-31,1,2026-09-15T16:27:19.643884+00:00
HOUSEHOLD_INCOME_TOTAL_NUTS2,dk02:nuts2,2017,2026-09-15T16:27:19.643884+00:00,12680.37,final,2017-01-01,2017-12-31,1,2026-09-15T16:27:19.643884+00:00
HOUSEHOLD_INCOME_TOTAL_NUTS2,dk02:nuts2,2018,2026-09-15T16:27:19.643884+00:00,13256.05,final,2018-01-01,2018-12-31,1,2026-09-15T16:27:19.643884+00:00
HOUSEHOLD_INCOME_TOTAL_NUTS2,dk02:nuts2,2019,2026-09-15T16:27:19.643884+00:00,13424.42,final,2019-01-01,2019-12-31,1,2026-09-15T16:27:19.643884+00:00
HOUSEHOLD_INCOME_TOTAL_NUTS2,dk02:nuts2,2020,2026-09-15T16:27:19.643884+00:00,13528.39,final,2020-01-01,2020-12-31,1,2026-09-15T16:27:19.643884+00:00
HOUSEHOLD_INCOME_TOTAL_NUTS2,dk02:nuts2,2021,2026-09-15T16:27:19.643884+00:00,14111.95,final,2021-01-01,2021-12-31,1,2026-09-15T16:27:19.643884+00:00
HOUSEHOLD_INCOME_TOTAL_NUTS2,dk02:nuts2,2022,2026-09-15T16:27:19.643884+00:00,14796.63,final,2022-01-01,2022-12-31,1,2026-09-15T16:27:19.643884+00:00
HOUSEHOLD_INCOME_TOTAL_NUTS2,dk02:nuts2,2023,2026-09-15T16:27:19.643884+00:00,16129.49,final,2023-01-01,2023-12-31,1,2026-09-15T16:27:19.643884+00:00
HOUSEHOLD_INCOME_TOTAL_NUTS2,dk02:nuts2,2024,2026-09-15T16:27:19.643884+00:00,16714.23,final,2024-01-01,2024-12-31,1,2026-09-15T16:27:19.643884+00:00
HOUSEHOLD_INCOME_TOTAL_NUTS2,dk03:nuts2,2013,2026-09-15T16:27:19.643884+00:00,16006.51,final,2013-01-01,2013-12-31,1,2026-09-15T16:27:19.643884+00:00
HOUSEHOLD_INCOME_TOTAL_NUTS2,dk03:nuts2,2014,2026-09-15T16:27:19.643884+00:00,15834.28,final,2014-01-01,2014-12-31,1,2026-09-15T16:27:19.643884+00:00
HOUSEHOLD_INCOME_TOTAL_NUTS2,dk03:nuts2,2015,2026-09-15T16:27:19.643884+00:00,16646.48,final,2015-01-01,2015-12-31,1,2026-09-15T16:27:19.643884+00:00
HOUSEHOLD_INCOME_TOTAL_NUTS2,dk03:nuts2,2016,2026-09-15T16:27:19.643884+00:00,17082.99,final,2016-01-01,2016-12-31,1,2026-09-15T16:27:19.643884+00:00
HOUSEHOLD_INCOME_TOTAL_NUTS2,dk03:nuts2,2017,2026-09-15T16:27:19.643884+00:00,17955.72,final,2017-01-01,2017-12-31,1,2026-09-15T16:27:19.643884+00:00
HOUSEHOLD_INCOME_TOTAL_NUTS2,dk03:nuts2,2018,2026-09-15T16:27:19.643884+00:00,18815.1,final,2018-01-01,2018-12-31,1,2026-09-15T16:27:19.643884+00:00
HOUSEHOLD_INCOME_TOTAL_NUTS2,dk03:nuts2,2019,2026-09-15T16:27:19.643884+00:00,19018.32,final,2019-01-01,2019-12-31,1,2026-09-15T16:27:19.643884+00:00
HOUSEHOLD_INCOME_TOTAL_NUTS2,dk03:nuts2,2020,2026-09-15T16:27:19.643884+00:00,19155.2,final,2020-01-01,2020-12-31,1,2026-09-15T16:27:19.643884+00:00
HOUSEHOLD_INCOME_TOTAL_NUTS2,dk03:nuts2,2021,2026-09-15T16:27:19.643884+00:00,19940.51,final,2021-01-01,2021-12-31,1,2026-09-15T16:27:19.643884+00:00
HOUSEHOLD_INCOME_TOTAL_NUTS2,dk03:nuts2,2022,2026-09-15T16:27:19.643884+00:00,20957.73,final,2022-01-01,2022-12-31,1,2026-09-15T16:27:19.643884+00:00
HOUSEHOLD_INCOME_TOTAL_NUTS2,dk03:nuts2,2023,2026-09-15T16:27:19.643884+00:00,22301.25,final,2023-01-01,2023-12-31,1,2026-09-15T16:27:19.643884+00:00
HOUSEHOLD_INCOME_TOTAL_NUTS2,dk03:nuts2,2024,2026-09-15T16:27:19.643884+00:00,23449.52,final,2024-01-01,2024-12-31,1,2026-09-15T16:27:19.643884+00:00
HOUSEHOLD_INCOME_TOTAL_NUTS2,dk04:nuts2,2013,2026-09-15T16:27:19.643884+00:00,17157.31,final,2013-01-01,2013-12-31,1,2026-09-15T16:27:19.643884+00:00
HOUSEHOLD_INCOME_TOTAL_NUTS2,dk04:nuts2,2014,2026-09-15T16:27:19.643884+00:00,16921.79,final,2014-01-01,2014-12-31,1,2026-09-15T16:27:19.643884+00:00
HOUSEHOLD_INCOME_TOTAL_NUTS2,dk04:nuts2,2015,2026-09-15T16:27:19.643884+00:00,17913.32,final,2015-01-01,2015-12-31,1,2026-09-15T16:27:19.643884+00:00
HOUSEHOLD_INCOME_TOTAL_NUTS2,dk04:nuts2,2016,2026-09-15T16:27:19.643884+00:00,18520.58,final,2016-01-01,2016-12-31,1,2026-09-15T16:27:19.643884+00:00
HOUSEHOLD_INCOME_TOTAL_NUTS2,dk04:nuts2,2017,2026-09-15T16:27:19.643884+00:00,19574.06,final,2017-01-01,2017-12-31,1,2026-09-15T16:27:19.643884+00:00
HOUSEHOLD_INCOME_TOTAL_NUTS2,dk04:nuts2,2018,2026-09-15T16:27:19.643884+00:00,20600.61,final,2018-01-01,2018-12-31,1,2026-09-15T16:27:19.643884+00:00
HOUSEHOLD_INCOME_TOTAL_NUTS2,dk04:nuts2,2019,2026-09-15T16:27:19.643884+00:00,20913.5,final,2019-01-01,2019-12-31,1,2026-09-15T16:27:19.643884+00:00
HOUSEHOLD_INCOME_TOTAL_NUTS2,dk04:nuts2,2020,2026-09-15T16:27:19.643884+00:00,21123.71,final,2020-01-01,2020-12-31,1,2026-09-15T16:27:19.643884+00:00
HOUSEHOLD_INCOME_TOTAL_NUTS2,dk04:nuts2,2021,2026-09-15T16:27:19.643884+00:00,22038.5,final,2021-01-01,2021-12-31,1,2026-09-15T16:27:19.643884+00:00
HOUSEHOLD_INCOME_TOTAL_NUTS2,dk04:nuts2,2022,2026-09-15T16:27:19.643884+00:00,23456.97,final,2022-01-01,2022-12-31,1,2026-09-15T16:27:19.643884+00:00
HOUSEHOLD_INCOME_TOTAL_NUTS2,dk04:nuts2,2023,2026-09-15T16:27:19.643884+00:00,25294.1,final,2023-01-01,2023-12-31,1,2026-09-15T16:27:19.643884+00:00
HOUSEHOLD_INCOME_TOTAL_NUTS2,dk04:nuts2,2024,2026-09-15T16:27:19.643884+00:00,26468.69,final,2024-01-01,2024-12-31,1,2026-09-15T16:27:19.643884+00:00
HOUSEHOLD_INCOME_TOTAL_NUTS2,dk05:nuts2,2013,2026-09-15T16:27:19.643884+00:00,7771.48,final,2013-01-01,2013-12-31,1,2026-09-15T16:27:19.643884+00:00
HOUSEHOLD_INCOME_TOTAL_NUTS2,dk05:nuts2,2014,2026-09-15T16:27:19.643884+00:00,7652.15,final,2014-01-01,2014-12-31,1,2026-09-15T16:27:19.643884+00:00
HOUSEHOLD_INCOME_TOTAL_NUTS2,dk05:nuts2,2015,2026-09-15T16:27:19.643884+00:00,8017.91,final,2015-01-01,2015-12-31,1,2026-09-15T16:27:19.643884+00:00
HOUSEHOLD_INCOME_TOTAL_NUTS2,dk05:nuts2,2016,2026-09-15T16:27:19.643884+00:00,8243.06,final,2016-01-01,2016-12-31,1,2026-09-15T16:27:19.643884+00:00
HOUSEHOLD_INCOME_TOTAL_NUTS2,dk05:nuts2,2017,2026-09-15T16:27:19.643884+00:00,8698.52,final,2017-01-01,2017-12-31,1,2026-09-15T16:27:19.643884+00:00
HOUSEHOLD_INCOME_TOTAL_NUTS2,dk05:nuts2,2018,2026-09-15T16:27:19.643884+00:00,9070.57,final,2018-01-01,2018-12-31,1,2026-09-15T16:27:19.643884+00:00
HOUSEHOLD_INCOME_TOTAL_NUTS2,dk05:nuts2,2019,2026-09-15T16:27:19.643884+00:00,9177.75,final,2019-01-01,2019-12-31,1,2026-09-15T16:27:19.643884+00:00
HOUSEHOLD_INCOME_TOTAL_NUTS2,dk05:nuts2,2020,2026-09-15T16:27:19.643884+00:00,9255.19,final,2020-01-01,2020-12-31,1,2026-09-15T16:27:19.643884+00:00
HOUSEHOLD_INCOME_TOTAL_NUTS2,dk05:nuts2,2021,2026-09-15T16:27:19.643884+00:00,9595.91,final,2021-01-01,2021-12-31,1,2026-09-15T16:27:19.643884+00:00
HOUSEHOLD_INCOME_TOTAL_NUTS2,dk05:nuts2,2022,2026-09-15T16:27:19.643884+00:00,10069.18,final,2022-01-01,2022-12-31,1,2026-09-15T16:27:19.643884+00:00
HOUSEHOLD_INCOME_TOTAL_NUTS2,dk05:nuts2,2023,2026-09-15T16:27:19.643884+00:00,10775.87,final,2023-01-01,2023-12-31,1,2026-09-15T16:27:19.643884+00:00
HOUSEHOLD_INCOME_TOTAL_NUTS2,dk05:nuts2,2024,2026-09-15T16:27:19.643884+00:00,11263.71,final,2024-01-01,2024-12-31,1,2026-09-15T16:27:19.643884+00:00
HOUSEHOLD_INCOME_TOTAL_NUTS2,ee00:nuts2,2013,2026-09-15T16:27:19.643884+00:00,12581.19,final,2013-01-01,2013-12-31,1,2026-09-15T16:27:19.643884+00:00
HOUSEHOLD_INCOME_TOTAL_NUTS2,ee00:nuts2,2014,2026-09-15T16:27:19.643884+00:00,12926.97,final,2014-01-01,2014-12-31,1,2026-09-15T16:27:19.643884+00:00
HOUSEHOLD_INCOME_TOTAL_NUTS2,ee00:nuts2,2015,2026-09-15T16:27:19.643884+00:00,13821.83,final,2015-01-01,2015-12-31,1,2026-09-15T16:27:19.643884+00:00
HOUSEHOLD_INCOME_TOTAL_NUTS2,ee00:nuts2,2016,2026-09-15T16:27:19.643884+00:00,14259.05,final,2016-01-01,2016-12-31,1,2026-09-15T16:27:19.643884+00:00
HOUSEHOLD_INCOME_TOTAL_NUTS2,ee00:nuts2,2017,2026-09-15T16:27:19.643884+00:00,14971.52,final,2017-01-01,2017-12-31,1,2026-09-15T16:27:19.643884+00:00
HOUSEHOLD_INCOME_TOTAL_NUTS2,ee00:nuts2,2018,2026-09-15T16:27:19.643884+00:00,16495.04,final,2018-01-01,2018-12-31,1,2026-09-15T16:27:19.643884+00:00
HOUSEHOLD_INCOME_TOTAL_NUTS2,ee00:nuts2,2019,2026-09-15T16:27:19.643884+00:00,17141.29,final,2019-01-01,2019-12-31,1,2026-09-15T16:27:19.643884+00:00
HOUSEHOLD_INCOME_TOTAL_NUTS2,ee00:nuts2,2020,2026-09-15T16:27:19.643884+00:00,17179.69,final,2020-01-01,2020-12-31,1,2026-09-15T16:27:19.643884+00:00
HOUSEHOLD_INCOME_TOTAL_NUTS2,ee00:nuts2,2021,2026-09-15T16:27:19.643884+00:00,17600.26,final,2021-01-01,2021-12-31,1,2026-09-15T16:27:19.643884+00:00
HOUSEHOLD_INCOME_TOTAL_NUTS2,ee00:nuts2,2022,2026-09-15T16:27:19.643884+00:00,18169.1,final,2022-01-01,2022-12-31,1,2026-09-15T16:27:19.643884+00:00
HOUSEHOLD_INCOME_TOTAL_NUTS2,ee00:nuts2,2023,2026-09-15T16:27:19.643884+00:00,19767.71,final,2023-01-01,2023-12-31,1,2026-09-15T16:27:19.643884+00:00
HOUSEHOLD_INCOME_TOTAL_NUTS2,ee00:nuts2,2024,2026-09-15T16:27:19.643884+00:00,21164.54,final,2024-01-01,2024-12-31,1,2026-09-15T16:27:19.643884+00:00
HOUSEHOLD_INCOME_TOTAL_NUTS2,el30:nuts2,2013,2026-09-15T16:27:19.643884+00:00,45727.18,final,2013-01-01,2013-12-31,1,2026-09-15T16:27:19.643884+00:00
HOUSEHOLD_INCOME_TOTAL_NUTS2,el30:nuts2,2014,2026-09-15T16:27:19.643884+00:00,48526.2,final,2014-01-01,2014-12-31,1,2026-09-15T16:27:19.643884+00:00
HOUSEHOLD_INCOME_TOTAL_NUTS2,el30:nuts2,2015,2026-09-15T16:27:19.643884+00:00,47637.93,final,2015-01-01,2015-12-31,1,2026-09-15T16:27:19.643884+00:00
HOUSEHOLD_INCOME_TOTAL_NUTS2,el30:nuts2,2016,2026-09-15T16:27:19.643884+00:00,48531.61,final,2016-01-01,2016-12-31,1,2026-09-15T16:27:19.643884+00:00
HOUSEHOLD_INCOME_TOTAL_NUTS2,el30:nuts2,2017,2026-09-15T16:27:19.643884+00:00,49502.94,final,2017-01-01,2017-12-31,1,2026-09-15T16:27:19.643884+00:00
HOUSEHOLD_INCOME_TOTAL_NUTS2,el30:nuts2,2018,2026-09-15T16:27:19.643884+00:00,48581.86,final,2018-01-01,2018-12-31,1,2026-09-15T16:27:19.643884+00:00
HOUSEHOLD_INCOME_TOTAL_NUTS2,el30:nuts2,2019,2026-09-15T16:27:19.643884+00:00,52010.65,final,2019-01-01,2019-12-31,1,2026-09-15T16:27:19.643884+00:00
HOUSEHOLD_INCOME_TOTAL_NUTS2,el30:nuts2,2020,2026-09-15T16:27:19.643884+00:00,49862.84,final,2020-01-01,2020-12-31,1,2026-09-15T16:27:19.643884+00:00
HOUSEHOLD_INCOME_TOTAL_NUTS2,el30:nuts2,2021,2026-09-15T16:27:19.643884+00:00,56399.46,final,2021-01-01,2021-12-31,1,2026-09-15T16:27:19.643884+00:00
HOUSEHOLD_INCOME_TOTAL_NUTS2,el30:nuts2,2022,2026-09-15T16:27:19.643884+00:00,59642.23,final,2022-01-01,2022-12-31,1,2026-09-15T16:27:19.643884+00:00
HOUSEHOLD_INCOME_TOTAL_NUTS2,el30:nuts2,2023,2026-09-15T16:27:19.643884+00:00,65556.8,provisional,2023-01-01,2023-12-31,1,2026-09-15T16:27:19.643884+00:00
HOUSEHOLD_INCOME_TOTAL_NUTS2,el41:nuts2,2013,2026-09-15T16:27:19.643884+00:00,2038.3,final,2013-01-01,2013-12-31,1,2026-09-15T16:27:19.643884+00:00
HOUSEHOLD_INCOME_TOTAL_NUTS2,el41:nuts2,2014,2026-09-15T16:27:19.643884+00:00,2125.99,final,2014-01-01,2014-12-31,1,2026-09-15T16:27:19.643884+00:00
HOUSEHOLD_INCOME_TOTAL_NUTS2,el41:nuts2,2015,2026-09-15T16:27:19.643884+00:00,2146.33,final,2015-01-01,2015-12-31,1,2026-09-15T16:27:19.643884+00:00
HOUSEHOLD_INCOME_TOTAL_NUTS2,el41:nuts2,2016,2026-09-15T16:27:19.643884+00:00,2131.55,final,2016-01-01,2016-12-31,1,2026-09-15T16:27:19.643884+00:00
HOUSEHOLD_INCOME_TOTAL_NUTS2,el41:nuts2,2017,2026-09-15T16:27:19.643884+00:00,2252.74,final,2017-01-01,2017-12-31,1,2026-09-15T16:27:19.643884+00:00
HOUSEHOLD_INCOME_TOTAL_NUTS2,el41:nuts2,2018,2026-09-15T16:27:19.643884+00:00,2220.78,final,2018-01-01,2018-12-31,1,2026-09-15T16:27:19.643884+00:00
HOUSEHOLD_INCOME_TOTAL_NUTS2,el41:nuts2,2019,2026-09-15T16:27:19.643884+00:00,2442.92,final,2019-01-01,2019-12-31,1,2026-09-15T16:27:19.643884+00:00
HOUSEHOLD_INCOME_TOTAL_NUTS2,el41:nuts2,2020,2026-09-15T16:27:19.643884+00:00,2286.33,final,2020-01-01,2020-12-31,1,2026-09-15T16:27:19.643884+00:00
HOUSEHOLD_INCOME_TOTAL_NUTS2,el41:nuts2,2021,2026-09-15T16:27:19.643884+00:00,2542.51,final,2021-01-01,2021-12-31,1,2026-09-15T16:27:19.643884+00:00
HOUSEHOLD_INCOME_TOTAL_NUTS2,el41:nuts2,2022,2026-09-15T16:27:19.643884+00:00,2659.82,final,2022-01-01,2022-12-31,1,2026-09-15T16:27:19.643884+00:00
HOUSEHOLD_INCOME_TOTAL_NUTS2,el41:nuts2,2023,2026-09-15T16:27:19.643884+00:00,2962.1,provisional,2023-01-01,2023-12-31,1,2026-09-15T16:27:19.643884+00:00
HOUSEHOLD_INCOME_TOTAL_NUTS2,el42:nuts2,2013,2026-09-15T16:27:19.643884+00:00,3642.8,final,2013-01-01,2013-12-31,1,2026-09-15T16:27:19.643884+00:00
HOUSEHOLD_INCOME_TOTAL_NUTS2,el42:nuts2,2014,2026-09-15T16:27:19.643884+00:00,4582.08,final,2014-01-01,2014-12-31,1,2026-09-15T16:27:19.643884+00:00
HOUSEHOLD_INCOME_TOTAL_NUTS2,el42:nuts2,2015,2026-09-15T16:27:19.643884+00:00,4817.31,final,2015-01-01,2015-12-31,1,2026-09-15T16:27:19.643884+00:00
HOUSEHOLD_INCOME_TOTAL_NUTS2,el42:nuts2,2016,2026-09-15T16:27:19.643884+00:00,4155.43,final,2016-01-01,2016-12-31,1,2026-09-15T16:27:19.643884+00:00
HOUSEHOLD_INCOME_TOTAL_NUTS2,el42:nuts2,2017,2026-09-15T16:27:19.643884+00:00,4526.96,final,2017-01-01,2017-12-31,1,2026-09-15T16:27:19.643884+00:00
HOUSEHOLD_INCOME_TOTAL_NUTS2,el42:nuts2,2018,2026-09-15T16:27:19.643884+00:00,4685.05,final,2018-01-01,2018-12-31,1,2026-09-15T16:27:19.643884+00:00
HOUSEHOLD_INCOME_TOTAL_NUTS2,el42:nuts2,2019,2026-09-15T16:27:19.643884+00:00,5309.71,final,2019-01-01,2019-12-31,1,2026-09-15T16:27:19.643884+00:00
HOUSEHOLD_INCOME_TOTAL_NUTS2,el42:nuts2,2020,2026-09-15T16:27:19.643884+00:00,4004.79,final,2020-01-01,2020-12-31,1,2026-09-15T16:27:19.643884+00:00
HOUSEHOLD_INCOME_TOTAL_NUTS2,el42:nuts2,2021,2026-09-15T16:27:19.643884+00:00,4984.53,final,2021-01-01,2021-12-31,1,2026-09-15T16:27:19.643884+00:00
HOUSEHOLD_INCOME_TOTAL_NUTS2,el42:nuts2,2022,2026-09-15T16:27:19.643884+00:00,5622.9,final,2022-01-01,2022-12-31,1,2026-09-15T16:27:19.643884+00:00
HOUSEHOLD_INCOME_TOTAL_NUTS2,el42:nuts2,2023,2026-09-15T16:27:19.643884+00:00,6430.45,provisional,2023-01-01,2023-12-31,1,2026-09-15T16:27:19.643884+00:00
HOUSEHOLD_INCOME_TOTAL_NUTS2,el43:nuts2,2013,2026-09-15T16:27:19.643884+00:00,5504.46,final,2013-01-01,2013-12-31,1,2026-09-15T16:27:19.643884+00:00
HOUSEHOLD_INCOME_TOTAL_NUTS2,el43:nuts2,2014,2026-09-15T16:27:19.643884+00:00,6452.49,final,2014-01-01,2014-12-31,1,2026-09-15T16:27:19.643884+00:00
HOUSEHOLD_INCOME_TOTAL_NUTS2,el43:nuts2,2015,2026-09-15T16:27:19.643884+00:00,6460.0,final,2015-01-01,2015-12-31,1,2026-09-15T16:27:19.643884+00:00
HOUSEHOLD_INCOME_TOTAL_NUTS2,el43:nuts2,2016,2026-09-15T16:27:19.643884+00:00,6381.75,final,2016-01-01,2016-12-31,1,2026-09-15T16:27:19.643884+00:00
HOUSEHOLD_INCOME_TOTAL_NUTS2,el43:nuts2,2017,2026-09-15T16:27:19.643884+00:00,6753.8,final,2017-01-01,2017-12-31,1,2026-09-15T16:27:19.643884+00:00
HOUSEHOLD_INCOME_TOTAL_NUTS2,el43:nuts2,2018,2026-09-15T16:27:19.643884+00:00,6755.75,final,2018-01-01,2018-12-31,1,2026-09-15T16:27:19.643884+00:00
HOUSEHOLD_INCOME_TOTAL_NUTS2,el43:nuts2,2019,2026-09-15T16:27:19.643884+00:00,7452.65,final,2019-01-01,2019-12-31,1,2026-09-15T16:27:19.643884+00:00
HOUSEHOLD_INCOME_TOTAL_NUTS2,el43:nuts2,2020,2026-09-15T16:27:19.643884+00:00,6707.25,final,2020-01-01,2020-12-31,1,2026-09-15T16:27:19.643884+00:00
HOUSEHOLD_INCOME_TOTAL_NUTS2,el43:nuts2,2021,2026-09-15T16:27:19.643884+00:00,7680.0,final,2021-01-01,2021-12-31,1,2026-09-15T16:27:19.643884+00:00
HOUSEHOLD_INCOME_TOTAL_NUTS2,el43:nuts2,2022,2026-09-15T16:27:19.643884+00:00,8346.73,final,2022-01-01,2022-12-31,1,2026-09-15T16:27:19.643884+00:00
HOUSEHOLD_INCOME_TOTAL_NUTS2,el43:nuts2,2023,2026-09-15T16:27:19.643884+00:00,9367.72,provisional,2023-01-01,2023-12-31,1,2026-09-15T16:27:19.643884+00:00
HOUSEHOLD_INCOME_TOTAL_NUTS2,el51:nuts2,2013,2026-09-15T16:27:19.643884+00:00,5394.87,final,2013-01-01,2013-12-31,1,2026-09-15T16:27:19.643884+00:00
HOUSEHOLD_INCOME_TOTAL_NUTS2,el51:nuts2,2014,2026-09-15T16:27:19.643884+00:00,5771.77,final,2014-01-01,2014-12-31,1,2026-09-15T16:27:19.643884+00:00
HOUSEHOLD_INCOME_TOTAL_NUTS2,el51:nuts2,2015,2026-09-15T16:27:19.643884+00:00,5825.16,final,2015-01-01,2015-12-31,1,2026-09-15T16:27:19.643884+00:00
HOUSEHOLD_INCOME_TOTAL_NUTS2,el51:nuts2,2016,2026-09-15T16:27:19.643884+00:00,5805.9,final,2016-01-01,2016-12-31,1,2026-09-15T16:27:19.643884+00:00
HOUSEHOLD_INCOME_TOTAL_NUTS2,el51:nuts2,2017,2026-09-15T16:27:19.643884+00:00,6042.05,final,2017-01-01,2017-12-31,1,2026-09-15T16:27:19.643884+00:00
HOUSEHOLD_INCOME_TOTAL_NUTS2,el51:nuts2,2018,2026-09-15T16:27:19.643884+00:00,5984.31,final,2018-01-01,2018-12-31,1,2026-09-15T16:27:19.643884+00:00
HOUSEHOLD_INCOME_TOTAL_NUTS2,el51:nuts2,2019,2026-09-15T16:27:19.643884+00:00,6460.62,final,2019-01-01,2019-12-31,1,2026-09-15T16:27:19.643884+00:00
HOUSEHOLD_INCOME_TOTAL_NUTS2,el51:nuts2,2020,2026-09-15T16:27:19.643884+00:00,5983.88,final,2020-01-01,2020-12-31,1,2026-09-15T16:27:19.643884+00:00
HOUSEHOLD_INCOME_TOTAL_NUTS2,el51:nuts2,2021,2026-09-15T16:27:19.643884+00:00,6653.51,final,2021-01-01,2021-12-31,1,2026-09-15T16:27:19.643884+00:00
HOUSEHOLD_INCOME_TOTAL_NUTS2,el51:nuts2,2022,2026-09-15T16:27:19.643884+00:00,6848.78,final,2022-01-01,2022-12-31,1,2026-09-15T16:27:19.643884+00:00
HOUSEHOLD_INCOME_TOTAL_NUTS2,el51:nuts2,2023,2026-09-15T16:27:19.643884+00:00,7574.76,provisional,2023-01-01,2023-12-31,1,2026-09-15T16:27:19.643884+00:00
HOUSEHOLD_INCOME_TOTAL_NUTS2,el52:nuts2,2013,2026-09-15T16:27:19.643884+00:00,18766.72,final,2013-01-01,2013-12-31,1,2026-09-15T16:27:19.643884+00:00
HOUSEHOLD_INCOME_TOTAL_NUTS2,el52:nuts2,2014,2026-09-15T16:27:19.643884+00:00,19695.99,final,2014-01-01,2014-12-31,1,2026-09-15T16:27:19.643884+00:00
HOUSEHOLD_INCOME_TOTAL_NUTS2,el52:nuts2,2015,2026-09-15T16:27:19.643884+00:00,19693.43,final,2015-01-01,2015-12-31,1,2026-09-15T16:27:19.643884+00:00
HOUSEHOLD_INCOME_TOTAL_NUTS2,el52:nuts2,2016,2026-09-15T16:27:19.643884+00:00,19933.18,final,2016-01-01,2016-12-31,1,2026-09-15T16:27:19.643884+00:00
HOUSEHOLD_INCOME_TOTAL_NUTS2,el52:nuts2,2017,2026-09-15T16:27:19.643884+00:00,20514.21,final,2017-01-01,2017-12-31,1,2026-09-15T16:27:19.643884+00:00
HOUSEHOLD_INCOME_TOTAL_NUTS2,el52:nuts2,2018,2026-09-15T16:27:19.643884+00:00,20330.21,final,2018-01-01,2018-12-31,1,2026-09-15T16:27:19.643884+00:00
HOUSEHOLD_INCOME_TOTAL_NUTS2,el52:nuts2,2019,2026-09-15T16:27:19.643884+00:00,21832.27,final,2019-01-01,2019-12-31,1,2026-09-15T16:27:19.643884+00:00
HOUSEHOLD_INCOME_TOTAL_NUTS2,el52:nuts2,2020,2026-09-15T16:27:19.643884+00:00,20620.8,final,2020-01-01,2020-12-31,1,2026-09-15T16:27:19.643884+00:00
HOUSEHOLD_INCOME_TOTAL_NUTS2,el52:nuts2,2021,2026-09-15T16:27:19.643884+00:00,23047.54,final,2021-01-01,2021-12-31,1,2026-09-15T16:27:19.643884+00:00
HOUSEHOLD_INCOME_TOTAL_NUTS2,el52:nuts2,2022,2026-09-15T16:27:19.643884+00:00,24229.99,final,2022-01-01,2022-12-31,1,2026-09-15T16:27:19.643884+00:00
HOUSEHOLD_INCOME_TOTAL_NUTS2,el52:nuts2,2023,2026-09-15T16:27:19.643884+00:00,26555.96,provisional,2023-01-01,2023-12-31,1,2026-09-15T16:27:19.643884+00:00
HOUSEHOLD_INCOME_TOTAL_NUTS2,el53:nuts2,2013,2026-09-15T16:27:19.643884+00:00,2968.6,final,2013-01-01,2013-12-31,1,2026-09-15T16:27:19.643884+00:00
HOUSEHOLD_INCOME_TOTAL_NUTS2,el53:nuts2,2014,2026-09-15T16:27:19.643884+00:00,3141.94,final,2014-01-01,2014-12-31,1,2026-09-15T16:27:19.643884+00:00
HOUSEHOLD_INCOME_TOTAL_NUTS2,el53:nuts2,2015,2026-09-15T16:27:19.643884+00:00,3127.55,final,2015-01-01,2015-12-31,1,2026-09-15T16:27:19.643884+00:00
HOUSEHOLD_INCOME_TOTAL_NUTS2,el53:nuts2,2016,2026-09-15T16:27:19.643884+00:00,2993.14,final,2016-01-01,2016-12-31,1,2026-09-15T16:27:19.643884+00:00
HOUSEHOLD_INCOME_TOTAL_NUTS2,el53:nuts2,2017,2026-09-15T16:27:19.643884+00:00,3090.53,final,2017-01-01,2017-12-31,1,2026-09-15T16:27:19.643884+00:00
HOUSEHOLD_INCOME_TOTAL_NUTS2,el53:nuts2,2018,2026-09-15T16:27:19.643884+00:00,3051.07,final,2018-01-01,2018-12-31,1,2026-09-15T16:27:19.643884+00:00
HOUSEHOLD_INCOME_TOTAL_NUTS2,el53:nuts2,2019,2026-09-15T16:27:19.643884+00:00,3285.93,final,2019-01-01,2019-12-31,1,2026-09-15T16:27:19.643884+00:00
HOUSEHOLD_INCOME_TOTAL_NUTS2,el53:nuts2,2020,2026-09-15T16:27:19.643884+00:00,3137.78,final,2020-01-01,2020-12-31,1,2026-09-15T16:27:19.643884+00:00
HOUSEHOLD_INCOME_TOTAL_NUTS2,el53:nuts2,2021,2026-09-15T16:27:19.643884+00:00,3438.83,final,2021-01-01,2021-12-31,1,2026-09-15T16:27:19.643884+00:00
HOUSEHOLD_INCOME_TOTAL_NUTS2,el53:nuts2,2022,2026-09-15T16:27:19.643884+00:00,3580.21,final,2022-01-01,2022-12-31,1,2026-09-15T16:27:19.643884+00:00
HOUSEHOLD_INCOME_TOTAL_NUTS2,el53:nuts2,2023,2026-09-15T16:27:19.643884+00:00,3976.6,provisional,2023-01-01,2023-12-31,1,2026-09-15T16:27:19.643884+00:00
HOUSEHOLD_INCOME_TOTAL_NUTS2,el54:nuts2,2013,2026-09-15T16:27:19.643884+00:00,3396.67,final,2013-01-01,2013-12-31,1,2026-09-15T16:27:19.643884+00:00
HOUSEHOLD_INCOME_TOTAL_NUTS2,el54:nuts2,2014,2026-09-15T16:27:19.643884+00:00,3475.13,final,2014-01-01,2014-12-31,1,2026-09-15T16:27:19.643884+00:00
HOUSEHOLD_INCOME_TOTAL_NUTS2,el54:nuts2,2015,2026-09-15T16:27:19.643884+00:00,3455.97,final,2015-01-01,2015-12-31,1,2026-09-15T16:27:19.643884+00:00
HOUSEHOLD_INCOME_TOTAL_NUTS2,el54:nuts2,2016,2026-09-15T16:27:19.643884+00:00,3513.64,final,2016-01-01,2016-12-31,1,2026-09-15T16:27:19.643884+00:00
HOUSEHOLD_INCOME_TOTAL_NUTS2,el54:nuts2,2017,2026-09-15T16:27:19.643884+00:00,3621.11,final,2017-01-01,2017-12-31,1,2026-09-15T16:27:19.643884+00:00
HOUSEHOLD_INCOME_TOTAL_NUTS2,el54:nuts2,2018,2026-09-15T16:27:19.643884+00:00,3616.24,final,2018-01-01,2018-12-31,1,2026-09-15T16:27:19.643884+00:00
HOUSEHOLD_INCOME_TOTAL_NUTS2,el54:nuts2,2019,2026-09-15T16:27:19.643884+00:00,3889.49,final,2019-01-01,2019-12-31,1,2026-09-15T16:27:19.643884+00:00
HOUSEHOLD_INCOME_TOTAL_NUTS2,el54:nuts2,2020,2026-09-15T16:27:19.643884+00:00,3653.08,final,2020-01-01,2020-12-31,1,2026-09-15T16:27:19.643884+00:00
HOUSEHOLD_INCOME_TOTAL_NUTS2,el54:nuts2,2021,2026-09-15T16:27:19.643884+00:00,4081.99,final,2021-01-01,2021-12-31,1,2026-09-15T16:27:19.643884+00:00
HOUSEHOLD_INCOME_TOTAL_NUTS2,el54:nuts2,2022,2026-09-15T16:27:19.643884+00:00,4267.83,final,2022-01-01,2022-12-31,1,2026-09-15T16:27:19.643884+00:00
HOUSEHOLD_INCOME_TOTAL_NUTS2,el54:nuts2,2023,2026-09-15T16:27:19.643884+00:00,4722.16,provisional,2023-01-01,2023-12-31,1,2026-09-15T16:27:19.643884+00:00
HOUSEHOLD_INCOME_TOTAL_NUTS2,el61:nuts2,2013,2026-09-15T16:27:19.643884+00:00,7139.83,final,2013-01-01,2013-12-31,1,2026-09-15T16:27:19.643884+00:00
HOUSEHOLD_INCOME_TOTAL_NUTS2,el61:nuts2,2014,2026-09-15T16:27:19.643884+00:00,7474.63,final,2014-01-01,2014-12-31,1,2026-09-15T16:27:19.643884+00:00
HOUSEHOLD_INCOME_TOTAL_NUTS2,el61:nuts2,2015,2026-09-15T16:27:19.643884+00:00,7414.57,final,2015-01-01,2015-12-31,1,2026-09-15T16:27:19.643884+00:00
HOUSEHOLD_INCOME_TOTAL_NUTS2,el61:nuts2,2016,2026-09-15T16:27:19.643884+00:00,7188.26,final,2016-01-01,2016-12-31,1,2026-09-15T16:27:19.643884+00:00
HOUSEHOLD_INCOME_TOTAL_NUTS2,el61:nuts2,2017,2026-09-15T16:27:19.643884+00:00,7506.57,final,2017-01-01,2017-12-31,1,2026-09-15T16:27:19.643884+00:00
HOUSEHOLD_INCOME_TOTAL_NUTS2,el61:nuts2,2018,2026-09-15T16:27:19.643884+00:00,7443.4,final,2018-01-01,2018-12-31,1,2026-09-15T16:27:19.643884+00:00
HOUSEHOLD_INCOME_TOTAL_NUTS2,el61:nuts2,2019,2026-09-15T16:27:19.643884+00:00,7920.43,final,2019-01-01,2019-12-31,1,2026-09-15T16:27:19.643884+00:00
HOUSEHOLD_INCOME_TOTAL_NUTS2,el61:nuts2,2020,2026-09-15T16:27:19.643884+00:00,7495.29,final,2020-01-01,2020-12-31,1,2026-09-15T16:27:19.643884+00:00
HOUSEHOLD_INCOME_TOTAL_NUTS2,el61:nuts2,2021,2026-09-15T16:27:19.643884+00:00,8312.56,final,2021-01-01,2021-12-31,1,2026-09-15T16:27:19.643884+00:00
HOUSEHOLD_INCOME_TOTAL_NUTS2,el61:nuts2,2022,2026-09-15T16:27:19.643884+00:00,8590.65,final,2022-01-01,2022-12-31,1,2026-09-15T16:27:19.643884+00:00
HOUSEHOLD_INCOME_TOTAL_NUTS2,el61:nuts2,2023,2026-09-15T16:27:19.643884+00:00,9523.36,provisional,2023-01-01,2023-12-31,1,2026-09-15T16:27:19.643884+00:00
HOUSEHOLD_INCOME_TOTAL_NUTS2,el62:nuts2,2013,2026-09-15T16:27:19.643884+00:00,2214.48,final,2013-01-01,2013-12-31,1,2026-09-15T16:27:19.643884+00:00
HOUSEHOLD_INCOME_TOTAL_NUTS2,el62:nuts2,2014,2026-09-15T16:27:19.643884+00:00,2568.58,final,2014-01-01,2014-12-31,1,2026-09-15T16:27:19.643884+00:00
HOUSEHOLD_INCOME_TOTAL_NUTS2,el62:nuts2,2015,2026-09-15T16:27:19.643884+00:00,2576.61,final,2015-01-01,2015-12-31,1,2026-09-15T16:27:19.643884+00:00
HOUSEHOLD_INCOME_TOTAL_NUTS2,el62:nuts2,2016,2026-09-15T16:27:19.643884+00:00,2613.58,final,2016-01-01,2016-12-31,1,2026-09-15T16:27:19.643884+00:00
HOUSEHOLD_INCOME_TOTAL_NUTS2,el62:nuts2,2017,2026-09-15T16:27:19.643884+00:00,2756.63,final,2017-01-01,2017-12-31,1,2026-09-15T16:27:19.643884+00:00
HOUSEHOLD_INCOME_TOTAL_NUTS2,el62:nuts2,2018,2026-09-15T16:27:19.643884+00:00,2855.9,final,2018-01-01,2018-12-31,1,2026-09-15T16:27:19.643884+00:00
HOUSEHOLD_INCOME_TOTAL_NUTS2,el62:nuts2,2019,2026-09-15T16:27:19.643884+00:00,3160.59,final,2019-01-01,2019-12-31,1,2026-09-15T16:27:19.643884+00:00
HOUSEHOLD_INCOME_TOTAL_NUTS2,el62:nuts2,2020,2026-09-15T16:27:19.643884+00:00,2610.2,final,2020-01-01,2020-12-31,1,2026-09-15T16:27:19.643884+00:00
HOUSEHOLD_INCOME_TOTAL_NUTS2,el62:nuts2,2021,2026-09-15T16:27:19.643884+00:00,3120.78,final,2021-01-01,2021-12-31,1,2026-09-15T16:27:19.643884+00:00
HOUSEHOLD_INCOME_TOTAL_NUTS2,el62:nuts2,2022,2026-09-15T16:27:19.643884+00:00,3441.83,final,2022-01-01,2022-12-31,1,2026-09-15T16:27:19.643884+00:00
HOUSEHOLD_INCOME_TOTAL_NUTS2,el62:nuts2,2023,2026-09-15T16:27:19.643884+00:00,3878.76,provisional,2023-01-01,2023-12-31,1,2026-09-15T16:27:19.643884+00:00
HOUSEHOLD_INCOME_TOTAL_NUTS2,el63:nuts2,2013,2026-09-15T16:27:19.643884+00:00,5960.95,final,2013-01-01,2013-12-31,1,2026-09-15T16:27:19.643884+00:00
HOUSEHOLD_INCOME_TOTAL_NUTS2,el63:nuts2,2014,2026-09-15T16:27:19.643884+00:00,6291.86,final,2014-01-01,2014-12-31,1,2026-09-15T16:27:19.643884+00:00
HOUSEHOLD_INCOME_TOTAL_NUTS2,el63:nuts2,2015,2026-09-15T16:27:19.643884+00:00,6242.36,final,2015-01-01,2015-12-31,1,2026-09-15T16:27:19.643884+00:00
HOUSEHOLD_INCOME_TOTAL_NUTS2,el63:nuts2,2016,2026-09-15T16:27:19.643884+00:00,6253.68,final,2016-01-01,2016-12-31,1,2026-09-15T16:27:19.643884+00:00
HOUSEHOLD_INCOME_TOTAL_NUTS2,el63:nuts2,2017,2026-09-15T16:27:19.643884+00:00,6497.29,final,2017-01-01,2017-12-31,1,2026-09-15T16:27:19.643884+00:00
HOUSEHOLD_INCOME_TOTAL_NUTS2,el63:nuts2,2018,2026-09-15T16:27:19.643884+00:00,6397.15,final,2018-01-01,2018-12-31,1,2026-09-15T16:27:19.643884+00:00
HOUSEHOLD_INCOME_TOTAL_NUTS2,el63:nuts2,2019,2026-09-15T16:27:19.643884+00:00,6820.27,final,2019-01-01,2019-12-31,1,2026-09-15T16:27:19.643884+00:00
HOUSEHOLD_INCOME_TOTAL_NUTS2,el63:nuts2,2020,2026-09-15T16:27:19.643884+00:00,6560.61,final,2020-01-01,2020-12-31,1,2026-09-15T16:27:19.643884+00:00
HOUSEHOLD_INCOME_TOTAL_NUTS2,el63:nuts2,2021,2026-09-15T16:27:19.643884+00:00,7116.35,final,2021-01-01,2021-12-31,1,2026-09-15T16:27:19.643884+00:00
HOUSEHOLD_INCOME_TOTAL_NUTS2,el63:nuts2,2022,2026-09-15T16:27:19.643884+00:00,7492.15,final,2022-01-01,2022-12-31,1,2026-09-15T16:27:19.643884+00:00
HOUSEHOLD_INCOME_TOTAL_NUTS2,el63:nuts2,2023,2026-09-15T16:27:19.643884+00:00,8301.1,provisional,2023-01-01,2023-12-31,1,2026-09-15T16:27:19.643884+00:00
HOUSEHOLD_INCOME_TOTAL_NUTS2,el64:nuts2,2013,2026-09-15T16:27:19.643884+00:00,5272.22,final,2013-01-01,2013-12-31,1,2026-09-15T16:27:19.643884+00:00
HOUSEHOLD_INCOME_TOTAL_NUTS2,el64:nuts2,2014,2026-09-15T16:27:19.643884+00:00,5576.75,final,2014-01-01,2014-12-31,1,2026-09-15T16:27:19.643884+00:00
HOUSEHOLD_INCOME_TOTAL_NUTS2,el64:nuts2,2015,2026-09-15T16:27:19.643884+00:00,5459.65,final,2015-01-01,2015-12-31,1,2026-09-15T16:27:19.643884+00:00
HOUSEHOLD_INCOME_TOTAL_NUTS2,el64:nuts2,2016,2026-09-15T16:27:19.643884+00:00,5421.16,final,2016-01-01,2016-12-31,1,2026-09-15T16:27:19.643884+00:00
HOUSEHOLD_INCOME_TOTAL_NUTS2,el64:nuts2,2017,2026-09-15T16:27:19.643884+00:00,5578.21,final,2017-01-01,2017-12-31,1,2026-09-15T16:27:19.643884+00:00
HOUSEHOLD_INCOME_TOTAL_NUTS2,el64:nuts2,2018,2026-09-15T16:27:19.643884+00:00,5493.61,final,2018-01-01,2018-12-31,1,2026-09-15T16:27:19.643884+00:00
HOUSEHOLD_INCOME_TOTAL_NUTS2,el64:nuts2,2019,2026-09-15T16:27:19.643884+00:00,5897.76,final,2019-01-01,2019-12-31,1,2026-09-15T16:27:19.643884+00:00
HOUSEHOLD_INCOME_TOTAL_NUTS2,el64:nuts2,2020,2026-09-15T16:27:19.643884+00:00,5615.63,final,2020-01-01,2020-12-31,1,2026-09-15T16:27:19.643884+00:00
HOUSEHOLD_INCOME_TOTAL_NUTS2,el64:nuts2,2021,2026-09-15T16:27:19.643884+00:00,6175.23,final,2021-01-01,2021-12-31,1,2026-09-15T16:27:19.643884+00:00
HOUSEHOLD_INCOME_TOTAL_NUTS2,el64:nuts2,2022,2026-09-15T16:27:19.643884+00:00,6528.09,final,2022-01-01,2022-12-31,1,2026-09-15T16:27:19.643884+00:00
HOUSEHOLD_INCOME_TOTAL_NUTS2,el64:nuts2,2023,2026-09-15T16:27:19.643884+00:00,7279.6,provisional,2023-01-01,2023-12-31,1,2026-09-15T16:27:19.643884+00:00
HOUSEHOLD_INCOME_TOTAL_NUTS2,el65:nuts2,2013,2026-09-15T16:27:19.643884+00:00,5588.04,final,2013-01-01,2013-12-31,1,2026-09-15T16:27:19.643884+00:00
HOUSEHOLD_INCOME_TOTAL_NUTS2,el65:nuts2,2014,2026-09-15T16:27:19.643884+00:00,5883.34,final,2014-01-01,2014-12-31,1,2026-09-15T16:27:19.643884+00:00
HOUSEHOLD_INCOME_TOTAL_NUTS2,el65:nuts2,2015,2026-09-15T16:27:19.643884+00:00,5844.82,final,2015-01-01,2015-12-31,1,2026-09-15T16:27:19.643884+00:00
HOUSEHOLD_INCOME_TOTAL_NUTS2,el65:nuts2,2016,2026-09-15T16:27:19.643884+00:00,5859.18,final,2016-01-01,2016-12-31,1,2026-09-15T16:27:19.643884+00:00
HOUSEHOLD_INCOME_TOTAL_NUTS2,el65:nuts2,2017,2026-09-15T16:27:19.643884+00:00,6077.89,final,2017-01-01,2017-12-31,1,2026-09-15T16:27:19.643884+00:00
HOUSEHOLD_INCOME_TOTAL_NUTS2,el65:nuts2,2018,2026-09-15T16:27:19.643884+00:00,5991.25,final,2018-01-01,2018-12-31,1,2026-09-15T16:27:19.643884+00:00
HOUSEHOLD_INCOME_TOTAL_NUTS2,el65:nuts2,2019,2026-09-15T16:27:19.643884+00:00,6490.14,final,2019-01-01,2019-12-31,1,2026-09-15T16:27:19.643884+00:00
HOUSEHOLD_INCOME_TOTAL_NUTS2,el65:nuts2,2020,2026-09-15T16:27:19.643884+00:00,6116.95,final,2020-01-01,2020-12-31,1,2026-09-15T16:27:19.643884+00:00
HOUSEHOLD_INCOME_TOTAL_NUTS2,el65:nuts2,2021,2026-09-15T16:27:19.643884+00:00,6776.47,final,2021-01-01,2021-12-31,1,2026-09-15T16:27:19.643884+00:00
HOUSEHOLD_INCOME_TOTAL_NUTS2,el65:nuts2,2022,2026-09-15T16:27:19.643884+00:00,7100.52,final,2022-01-01,2022-12-31,1,2026-09-15T16:27:19.643884+00:00
HOUSEHOLD_INCOME_TOTAL_NUTS2,el65:nuts2,2023,2026-09-15T16:27:19.643884+00:00,7911.66,provisional,2023-01-01,2023-12-31,1,2026-09-15T16:27:19.643884+00:00
HOUSEHOLD_INCOME_TOTAL_NUTS2,es11:nuts2,2013,2026-09-15T16:27:19.643884+00:00,35270.33,final,2013-01-01,2013-12-31,1,2026-09-15T16:27:19.643884+00:00
HOUSEHOLD_INCOME_TOTAL_NUTS2,es11:nuts2,2014,2026-09-15T16:27:19.643884+00:00,35994.36,final,2014-01-01,2014-12-31,1,2026-09-15T16:27:19.643884+00:00
HOUSEHOLD_INCOME_TOTAL_NUTS2,es11:nuts2,2015,2026-09-15T16:27:19.643884+00:00,37650.34,final,2015-01-01,2015-12-31,1,2026-09-15T16:27:19.643884+00:00
HOUSEHOLD_INCOME_TOTAL_NUTS2,es11:nuts2,2016,2026-09-15T16:27:19.643884+00:00,38373.48,final,2016-01-01,2016-12-31,1,2026-09-15T16:27:19.643884+00:00
HOUSEHOLD_INCOME_TOTAL_NUTS2,es11:nuts2,2017,2026-09-15T16:27:19.643884+00:00,39755.44,final,2017-01-01,2017-12-31,1,2026-09-15T16:27:19.643884+00:00
HOUSEHOLD_INCOME_TOTAL_NUTS2,es11:nuts2,2018,2026-09-15T16:27:19.643884+00:00,40215.15,final,2018-01-01,2018-12-31,1,2026-09-15T16:27:19.643884+00:00
HOUSEHOLD_INCOME_TOTAL_NUTS2,es11:nuts2,2019,2026-09-15T16:27:19.643884+00:00,42069.46,final,2019-01-01,2019-12-31,1,2026-09-15T16:27:19.643884+00:00
HOUSEHOLD_INCOME_TOTAL_NUTS2,es11:nuts2,2020,2026-09-15T16:27:19.643884+00:00,40661.89,final,2020-01-01,2020-12-31,1,2026-09-15T16:27:19.643884+00:00
HOUSEHOLD_INCOME_TOTAL_NUTS2,es11:nuts2,2021,2026-09-15T16:27:19.643884+00:00,43688.98,final,2021-01-01,2021-12-31,1,2026-09-15T16:27:19.643884+00:00
HOUSEHOLD_INCOME_TOTAL_NUTS2,es11:nuts2,2022,2026-09-15T16:27:19.643884+00:00,46602.01,final,2022-01-01,2022-12-31,1,2026-09-15T16:27:19.643884+00:00
HOUSEHOLD_INCOME_TOTAL_NUTS2,es11:nuts2,2023,2026-09-15T16:27:19.643884+00:00,53404.53,provisional,2023-01-01,2023-12-31,1,2026-09-15T16:27:19.643884+00:00
HOUSEHOLD_INCOME_TOTAL_NUTS2,es12:nuts2,2013,2026-09-15T16:27:19.643884+00:00,15128.62,final,2013-01-01,2013-12-31,1,2026-09-15T16:27:19.643884+00:00
HOUSEHOLD_INCOME_TOTAL_NUTS2,es12:nuts2,2014,2026-09-15T16:27:19.643884+00:00,15199.39,final,2014-01-01,2014-12-31,1,2026-09-15T16:27:19.643884+00:00
HOUSEHOLD_INCOME_TOTAL_NUTS2,es12:nuts2,2015,2026-09-15T16:27:19.643884+00:00,15919.71,final,2015-01-01,2015-12-31,1,2026-09-15T16:27:19.643884+00:00
HOUSEHOLD_INCOME_TOTAL_NUTS2,es12:nuts2,2016,2026-09-15T16:27:19.643884+00:00,15867.86,final,2016-01-01,2016-12-31,1,2026-09-15T16:27:19.643884+00:00
HOUSEHOLD_INCOME_TOTAL_NUTS2,es12:nuts2,2017,2026-09-15T16:27:19.643884+00:00,16469.94,final,2017-01-01,2017-12-31,1,2026-09-15T16:27:19.643884+00:00
HOUSEHOLD_INCOME_TOTAL_NUTS2,es12:nuts2,2018,2026-09-15T16:27:19.643884+00:00,16611.91,final,2018-01-01,2018-12-31,1,2026-09-15T16:27:19.643884+00:00
HOUSEHOLD_INCOME_TOTAL_NUTS2,es12:nuts2,2019,2026-09-15T16:27:19.643884+00:00,17233.11,final,2019-01-01,2019-12-31,1,2026-09-15T16:27:19.643884+00:00
HOUSEHOLD_INCOME_TOTAL_NUTS2,es12:nuts2,2020,2026-09-15T16:27:19.643884+00:00,16735.37,final,2020-01-01,2020-12-31,1,2026-09-15T16:27:19.643884+00:00
HOUSEHOLD_INCOME_TOTAL_NUTS2,es12:nuts2,2021,2026-09-15T16:27:19.643884+00:00,17912.92,final,2021-01-01,2021-12-31,1,2026-09-15T16:27:19.643884+00:00
HOUSEHOLD_INCOME_TOTAL_NUTS2,es12:nuts2,2022,2026-09-15T16:27:19.643884+00:00,19178.29,final,2022-01-01,2022-12-31,1,2026-09-15T16:27:19.643884+00:00
HOUSEHOLD_INCOME_TOTAL_NUTS2,es12:nuts2,2023,2026-09-15T16:27:19.643884+00:00,21773.26,provisional,2023-01-01,2023-12-31,1,2026-09-15T16:27:19.643884+00:00
HOUSEHOLD_INCOME_TOTAL_NUTS2,es13:nuts2,2013,2026-09-15T16:27:19.643884+00:00,8037.18,final,2013-01-01,2013-12-31,1,2026-09-15T16:27:19.643884+00:00
HOUSEHOLD_INCOME_TOTAL_NUTS2,es13:nuts2,2014,2026-09-15T16:27:19.643884+00:00,8142.69,final,2014-01-01,2014-12-31,1,2026-09-15T16:27:19.643884+00:00
HOUSEHOLD_INCOME_TOTAL_NUTS2,es13:nuts2,2015,2026-09-15T16:27:19.643884+00:00,8574.41,final,2015-01-01,2015-12-31,1,2026-09-15T16:27:19.643884+00:00
HOUSEHOLD_INCOME_TOTAL_NUTS2,es13:nuts2,2016,2026-09-15T16:27:19.643884+00:00,8813.55,final,2016-01-01,2016-12-31,1,2026-09-15T16:27:19.643884+00:00
HOUSEHOLD_INCOME_TOTAL_NUTS2,es13:nuts2,2017,2026-09-15T16:27:19.643884+00:00,9234.78,final,2017-01-01,2017-12-31,1,2026-09-15T16:27:19.643884+00:00
HOUSEHOLD_INCOME_TOTAL_NUTS2,es13:nuts2,2018,2026-09-15T16:27:19.643884+00:00,9390.28,final,2018-01-01,2018-12-31,1,2026-09-15T16:27:19.643884+00:00
HOUSEHOLD_INCOME_TOTAL_NUTS2,es13:nuts2,2019,2026-09-15T16:27:19.643884+00:00,9670.0,final,2019-01-01,2019-12-31,1,2026-09-15T16:27:19.643884+00:00
HOUSEHOLD_INCOME_TOTAL_NUTS2,es13:nuts2,2020,2026-09-15T16:27:19.643884+00:00,9234.76,final,2020-01-01,2020-12-31,1,2026-09-15T16:27:19.643884+00:00
HOUSEHOLD_INCOME_TOTAL_NUTS2,es13:nuts2,2021,2026-09-15T16:27:19.643884+00:00,10022.05,final,2021-01-01,2021-12-31,1,2026-09-15T16:27:19.643884+00:00
HOUSEHOLD_INCOME_TOTAL_NUTS2,es13:nuts2,2022,2026-09-15T16:27:19.643884+00:00,10673.2,final,2022-01-01,2022-12-31,1,2026-09-15T16:27:19.643884+00:00
HOUSEHOLD_INCOME_TOTAL_NUTS2,es13:nuts2,2023,2026-09-15T16:27:19.643884+00:00,11980.29,provisional,2023-01-01,2023-12-31,1,2026-09-15T16:27:19.643884+00:00
HOUSEHOLD_INCOME_TOTAL_NUTS2,es21:nuts2,2013,2026-09-15T16:27:19.643884+00:00,39330.07,final,2013-01-01,2013-12-31,1,2026-09-15T16:27:19.643884+00:00
HOUSEHOLD_INCOME_TOTAL_NUTS2,es21:nuts2,2014,2026-09-15T16:27:19.643884+00:00,39579.24,final,2014-01-01,2014-12-31,1,2026-09-15T16:27:19.643884+00:00
HOUSEHOLD_INCOME_TOTAL_NUTS2,es21:nuts2,2015,2026-09-15T16:27:19.643884+00:00,41155.86,final,2015-01-01,2015-12-31,1,2026-09-15T16:27:19.643884+00:00
HOUSEHOLD_INCOME_TOTAL_NUTS2,es21:nuts2,2016,2026-09-15T16:27:19.643884+00:00,42006.17,final,2016-01-01,2016-12-31,1,2026-09-15T16:27:19.643884+00:00
HOUSEHOLD_INCOME_TOTAL_NUTS2,es21:nuts2,2017,2026-09-15T16:27:19.643884+00:00,43893.06,final,2017-01-01,2017-12-31,1,2026-09-15T16:27:19.643884+00:00
HOUSEHOLD_INCOME_TOTAL_NUTS2,es21:nuts2,2018,2026-09-15T16:27:19.643884+00:00,44349.37,final,2018-01-01,2018-12-31,1,2026-09-15T16:27:19.643884+00:00
HOUSEHOLD_INCOME_TOTAL_NUTS2,es21:nuts2,2019,2026-09-15T16:27:19.643884+00:00,46531.41,final,2019-01-01,2019-12-31,1,2026-09-15T16:27:19.643884+00:00
HOUSEHOLD_INCOME_TOTAL_NUTS2,es21:nuts2,2020,2026-09-15T16:27:19.643884+00:00,44294.27,final,2020-01-01,2020-12-31,1,2026-09-15T16:27:19.643884+00:00
HOUSEHOLD_INCOME_TOTAL_NUTS2,es21:nuts2,2021,2026-09-15T16:27:19.643884+00:00,47551.75,final,2021-01-01,2021-12-31,1,2026-09-15T16:27:19.643884+00:00
HOUSEHOLD_INCOME_TOTAL_NUTS2,es21:nuts2,2022,2026-09-15T16:27:19.643884+00:00,51632.37,final,2022-01-01,2022-12-31,1,2026-09-15T16:27:19.643884+00:00
HOUSEHOLD_INCOME_TOTAL_NUTS2,es21:nuts2,2023,2026-09-15T16:27:19.643884+00:00,59603.22,provisional,2023-01-01,2023-12-31,1,2026-09-15T16:27:19.643884+00:00
HOUSEHOLD_INCOME_TOTAL_NUTS2,es22:nuts2,2013,2026-09-15T16:27:19.643884+00:00,10831.78,final,2013-01-01,2013-12-31,1,2026-09-15T16:27:19.643884+00:00
HOUSEHOLD_INCOME_TOTAL_NUTS2,es22:nuts2,2014,2026-09-15T16:27:19.643884+00:00,10923.49,final,2014-01-01,2014-12-31,1,2026-09-15T16:27:19.643884+00:00
HOUSEHOLD_INCOME_TOTAL_NUTS2,es22:nuts2,2015,2026-09-15T16:27:19.643884+00:00,11476.23,final,2015-01-01,2015-12-31,1,2026-09-15T16:27:19.643884+00:00
HOUSEHOLD_INCOME_TOTAL_NUTS2,es22:nuts2,2016,2026-09-15T16:27:19.643884+00:00,11659.25,final,2016-01-01,2016-12-31,1,2026-09-15T16:27:19.643884+00:00
HOUSEHOLD_INCOME_TOTAL_NUTS2,es22:nuts2,2017,2026-09-15T16:27:19.643884+00:00,12044.35,final,2017-01-01,2017-12-31,1,2026-09-15T16:27:19.643884+00:00
HOUSEHOLD_INCOME_TOTAL_NUTS2,es22:nuts2,2018,2026-09-15T16:27:19.643884+00:00,11998.65,final,2018-01-01,2018-12-31,1,2026-09-15T16:27:19.643884+00:00
HOUSEHOLD_INCOME_TOTAL_NUTS2,es22:nuts2,2019,2026-09-15T16:27:19.643884+00:00,12535.39,final,2019-01-01,2019-12-31,1,2026-09-15T16:27:19.643884+00:00
HOUSEHOLD_INCOME_TOTAL_NUTS2,es22:nuts2,2020,2026-09-15T16:27:19.643884+00:00,11737.89,final,2020-01-01,2020-12-31,1,2026-09-15T16:27:19.643884+00:00
HOUSEHOLD_INCOME_TOTAL_NUTS2,es22:nuts2,2021,2026-09-15T16:27:19.643884+00:00,12769.8,final,2021-01-01,2021-12-31,1,2026-09-15T16:27:19.643884+00:00
HOUSEHOLD_INCOME_TOTAL_NUTS2,es22:nuts2,2022,2026-09-15T16:27:19.643884+00:00,13779.12,final,2022-01-01,2022-12-31,1,2026-09-15T16:27:19.643884+00:00
HOUSEHOLD_INCOME_TOTAL_NUTS2,es22:nuts2,2023,2026-09-15T16:27:19.643884+00:00,16001.74,provisional,2023-01-01,2023-12-31,1,2026-09-15T16:27:19.643884+00:00
HOUSEHOLD_INCOME_TOTAL_NUTS2,es23:nuts2,2013,2026-09-15T16:27:19.643884+00:00,4540.31,final,2013-01-01,2013-12-31,1,2026-09-15T16:27:19.643884+00:00
HOUSEHOLD_INCOME_TOTAL_NUTS2,es23:nuts2,2014,2026-09-15T16:27:19.643884+00:00,4589.82,final,2014-01-01,2014-12-31,1,2026-09-15T16:27:19.643884+00:00
HOUSEHOLD_INCOME_TOTAL_NUTS2,es23:nuts2,2015,2026-09-15T16:27:19.643884+00:00,4821.4,final,2015-01-01,2015-12-31,1,2026-09-15T16:27:19.643884+00:00
HOUSEHOLD_INCOME_TOTAL_NUTS2,es23:nuts2,2016,2026-09-15T16:27:19.643884+00:00,4917.34,final,2016-01-01,2016-12-31,1,2026-09-15T16:27:19.643884+00:00
HOUSEHOLD_INCOME_TOTAL_NUTS2,es23:nuts2,2017,2026-09-15T16:27:19.643884+00:00,5093.88,final,2017-01-01,2017-12-31,1,2026-09-15T16:27:19.643884+00:00
HOUSEHOLD_INCOME_TOTAL_NUTS2,es23:nuts2,2018,2026-09-15T16:27:19.643884+00:00,5174.08,final,2018-01-01,2018-12-31,1,2026-09-15T16:27:19.643884+00:00
HOUSEHOLD_INCOME_TOTAL_NUTS2,es23:nuts2,2019,2026-09-15T16:27:19.643884+00:00,5347.41,final,2019-01-01,2019-12-31,1,2026-09-15T16:27:19.643884+00:00
HOUSEHOLD_INCOME_TOTAL_NUTS2,es23:nuts2,2020,2026-09-15T16:27:19.643884+00:00,5181.29,final,2020-01-01,2020-12-31,1,2026-09-15T16:27:19.643884+00:00
HOUSEHOLD_INCOME_TOTAL_NUTS2,es23:nuts2,2021,2026-09-15T16:27:19.643884+00:00,5518.78,final,2021-01-01,2021-12-31,1,2026-09-15T16:27:19.643884+00:00
HOUSEHOLD_INCOME_TOTAL_NUTS2,es23:nuts2,2022,2026-09-15T16:27:19.643884+00:00,5948.45,final,2022-01-01,2022-12-31,1,2026-09-15T16:27:19.643884+00:00
HOUSEHOLD_INCOME_TOTAL_NUTS2,es23:nuts2,2023,2026-09-15T16:27:19.643884+00:00,6776.06,provisional,2023-01-01,2023-12-31,1,2026-09-15T16:27:19.643884+00:00
HOUSEHOLD_INCOME_TOTAL_NUTS2,es24:nuts2,2013,2026-09-15T16:27:19.643884+00:00,19990.59,final,2013-01-01,2013-12-31,1,2026-09-15T16:27:19.643884+00:00
HOUSEHOLD_INCOME_TOTAL_NUTS2,es24:nuts2,2014,2026-09-15T16:27:19.643884+00:00,19988.09,final,2014-01-01,2014-12-31,1,2026-09-15T16:27:19.643884+00:00
HOUSEHOLD_INCOME_TOTAL_NUTS2,es24:nuts2,2015,2026-09-15T16:27:19.643884+00:00,20837.81,final,2015-01-01,2015-12-31,1,2026-09-15T16:27:19.643884+00:00
HOUSEHOLD_INCOME_TOTAL_NUTS2,es24:nuts2,2016,2026-09-15T16:27:19.643884+00:00,21280.24,final,2016-01-01,2016-12-31,1,2026-09-15T16:27:19.643884+00:00
HOUSEHOLD_INCOME_TOTAL_NUTS2,es24:nuts2,2017,2026-09-15T16:27:19.643884+00:00,22073.47,final,2017-01-01,2017-12-31,1,2026-09-15T16:27:19.643884+00:00
HOUSEHOLD_INCOME_TOTAL_NUTS2,es24:nuts2,2018,2026-09-15T16:27:19.643884+00:00,22249.15,final,2018-01-01,2018-12-31,1,2026-09-15T16:27:19.643884+00:00
HOUSEHOLD_INCOME_TOTAL_NUTS2,es24:nuts2,2019,2026-09-15T16:27:19.643884+00:00,23404.59,final,2019-01-01,2019-12-31,1,2026-09-15T16:27:19.643884+00:00
HOUSEHOLD_INCOME_TOTAL_NUTS2,es24:nuts2,2020,2026-09-15T16:27:19.643884+00:00,22748.92,final,2020-01-01,2020-12-31,1,2026-09-15T16:27:19.643884+00:00
HOUSEHOLD_INCOME_TOTAL_NUTS2,es24:nuts2,2021,2026-09-15T16:27:19.643884+00:00,24288.24,final,2021-01-01,2021-12-31,1,2026-09-15T16:27:19.643884+00:00
HOUSEHOLD_INCOME_TOTAL_NUTS2,es24:nuts2,2022,2026-09-15T16:27:19.643884+00:00,26011.57,final,2022-01-01,2022-12-31,1,2026-09-15T16:27:19.643884+00:00
HOUSEHOLD_INCOME_TOTAL_NUTS2,es24:nuts2,2023,2026-09-15T16:27:19.643884+00:00,29676.6,provisional,2023-01-01,2023-12-31,1,2026-09-15T16:27:19.643884+00:00
HOUSEHOLD_INCOME_TOTAL_NUTS2,es30:nuts2,2013,2026-09-15T16:27:19.643884+00:00,110672.45,final,2013-01-01,2013-12-31,1,2026-09-15T16:27:19.643884+00:00
HOUSEHOLD_INCOME_TOTAL_NUTS2,es30:nuts2,2014,2026-09-15T16:27:19.643884+00:00,113102.74,final,2014-01-01,2014-12-31,1,2026-09-15T16:27:19.643884+00:00
HOUSEHOLD_INCOME_TOTAL_NUTS2,es30:nuts2,2015,2026-09-15T16:27:19.643884+00:00,120077.74,final,2015-01-01,2015-12-31,1,2026-09-15T16:27:19.643884+00:00
HOUSEHOLD_INCOME_TOTAL_NUTS2,es30:nuts2,2016,2026-09-15T16:27:19.643884+00:00,124262.01,final,2016-01-01,2016-12-31,1,2026-09-15T16:27:19.643884+00:00
HOUSEHOLD_INCOME_TOTAL_NUTS2,es30:nuts2,2017,2026-09-15T16:27:19.643884+00:00,129204.33,final,2017-01-01,2017-12-31,1,2026-09-15T16:27:19.643884+00:00
HOUSEHOLD_INCOME_TOTAL_NUTS2,es30:nuts2,2018,2026-09-15T16:27:19.643884+00:00,129686.94,final,2018-01-01,2018-12-31,1,2026-09-15T16:27:19.643884+00:00
HOUSEHOLD_INCOME_TOTAL_NUTS2,es30:nuts2,2019,2026-09-15T16:27:19.643884+00:00,138488.19,final,2019-01-01,2019-12-31,1,2026-09-15T16:27:19.643884+00:00
HOUSEHOLD_INCOME_TOTAL_NUTS2,es30:nuts2,2020,2026-09-15T16:27:19.643884+00:00,131091.09,final,2020-01-01,2020-12-31,1,2026-09-15T16:27:19.643884+00:00
HOUSEHOLD_INCOME_TOTAL_NUTS2,es30:nuts2,2021,2026-09-15T16:27:19.643884+00:00,141614.02,final,2021-01-01,2021-12-31,1,2026-09-15T16:27:19.643884+00:00
HOUSEHOLD_INCOME_TOTAL_NUTS2,es30:nuts2,2022,2026-09-15T16:27:19.643884+00:00,149128.49,final,2022-01-01,2022-12-31,1,2026-09-15T16:27:19.643884+00:00
HOUSEHOLD_INCOME_TOTAL_NUTS2,es30:nuts2,2023,2026-09-15T16:27:19.643884+00:00,173951.71,provisional,2023-01-01,2023-12-31,1,2026-09-15T16:27:19.643884+00:00
HOUSEHOLD_INCOME_TOTAL_NUTS2,es41:nuts2,2013,2026-09-15T16:27:19.643884+00:00,34181.79,final,2013-01-01,2013-12-31,1,2026-09-15T16:27:19.643884+00:00
HOUSEHOLD_INCOME_TOTAL_NUTS2,es41:nuts2,2014,2026-09-15T16:27:19.643884+00:00,34271.7,final,2014-01-01,2014-12-31,1,2026-09-15T16:27:19.643884+00:00
HOUSEHOLD_INCOME_TOTAL_NUTS2,es41:nuts2,2015,2026-09-15T16:27:19.643884+00:00,35956.42,final,2015-01-01,2015-12-31,1,2026-09-15T16:27:19.643884+00:00
HOUSEHOLD_INCOME_TOTAL_NUTS2,es41:nuts2,2016,2026-09-15T16:27:19.643884+00:00,36393.32,final,2016-01-01,2016-12-31,1,2026-09-15T16:27:19.643884+00:00
HOUSEHOLD_INCOME_TOTAL_NUTS2,es41:nuts2,2017,2026-09-15T16:27:19.643884+00:00,37329.36,final,2017-01-01,2017-12-31,1,2026-09-15T16:27:19.643884+00:00
HOUSEHOLD_INCOME_TOTAL_NUTS2,es41:nuts2,2018,2026-09-15T16:27:19.643884+00:00,38016.09,final,2018-01-01,2018-12-31,1,2026-09-15T16:27:19.643884+00:00
HOUSEHOLD_INCOME_TOTAL_NUTS2,es41:nuts2,2019,2026-09-15T16:27:19.643884+00:00,39554.3,final,2019-01-01,2019-12-31,1,2026-09-15T16:27:19.643884+00:00
HOUSEHOLD_INCOME_TOTAL_NUTS2,es41:nuts2,2020,2026-09-15T16:27:19.643884+00:00,38318.23,final,2020-01-01,2020-12-31,1,2026-09-15T16:27:19.643884+00:00
HOUSEHOLD_INCOME_TOTAL_NUTS2,es41:nuts2,2021,2026-09-15T16:27:19.643884+00:00,40784.79,final,2021-01-01,2021-12-31,1,2026-09-15T16:27:19.643884+00:00
HOUSEHOLD_INCOME_TOTAL_NUTS2,es41:nuts2,2022,2026-09-15T16:27:19.643884+00:00,42888.94,final,2022-01-01,2022-12-31,1,2026-09-15T16:27:19.643884+00:00
HOUSEHOLD_INCOME_TOTAL_NUTS2,es41:nuts2,2023,2026-09-15T16:27:19.643884+00:00,48854.67,provisional,2023-01-01,2023-12-31,1,2026-09-15T16:27:19.643884+00:00
HOUSEHOLD_INCOME_TOTAL_NUTS2,es42:nuts2,2013,2026-09-15T16:27:19.643884+00:00,24362.22,final,2013-01-01,2013-12-31,1,2026-09-15T16:27:19.643884+00:00
HOUSEHOLD_INCOME_TOTAL_NUTS2,es42:nuts2,2014,2026-09-15T16:27:19.643884+00:00,24306.9,final,2014-01-01,2014-12-31,1,2026-09-15T16:27:19.643884+00:00
HOUSEHOLD_INCOME_TOTAL_NUTS2,es42:nuts2,2015,2026-09-15T16:27:19.643884+00:00,25661.21,final,2015-01-01,2015-12-31,1,2026-09-15T16:27:19.643884+00:00
HOUSEHOLD_INCOME_TOTAL_NUTS2,es42:nuts2,2016,2026-09-15T16:27:19.643884+00:00,26241.74,final,2016-01-01,2016-12-31,1,2026-09-15T16:27:19.643884+00:00
HOUSEHOLD_INCOME_TOTAL_NUTS2,es42:nuts2,2017,2026-09-15T16:27:19.643884+00:00,27171.36,final,2017-01-01,2017-12-31,1,2026-09-15T16:27:19.643884+00:00
HOUSEHOLD_INCOME_TOTAL_NUTS2,es42:nuts2,2018,2026-09-15T16:27:19.643884+00:00,27518.7,final,2018-01-01,2018-12-31,1,2026-09-15T16:27:19.643884+00:00
HOUSEHOLD_INCOME_TOTAL_NUTS2,es42:nuts2,2019,2026-09-15T16:27:19.643884+00:00,28836.23,final,2019-01-01,2019-12-31,1,2026-09-15T16:27:19.643884+00:00
HOUSEHOLD_INCOME_TOTAL_NUTS2,es42:nuts2,2020,2026-09-15T16:27:19.643884+00:00,28333.4,final,2020-01-01,2020-12-31,1,2026-09-15T16:27:19.643884+00:00
HOUSEHOLD_INCOME_TOTAL_NUTS2,es42:nuts2,2021,2026-09-15T16:27:19.643884+00:00,30622.81,final,2021-01-01,2021-12-31,1,2026-09-15T16:27:19.643884+00:00
HOUSEHOLD_INCOME_TOTAL_NUTS2,es42:nuts2,2022,2026-09-15T16:27:19.643884+00:00,32834.3,final,2022-01-01,2022-12-31,1,2026-09-15T16:27:19.643884+00:00
HOUSEHOLD_INCOME_TOTAL_NUTS2,es42:nuts2,2023,2026-09-15T16:27:19.643884+00:00,36772.02,provisional,2023-01-01,2023-12-31,1,2026-09-15T16:27:19.643884+00:00
HOUSEHOLD_INCOME_TOTAL_NUTS2,es43:nuts2,2013,2026-09-15T16:27:19.643884+00:00,11940.67,final,2013-01-01,2013-12-31,1,2026-09-15T16:27:19.643884+00:00
HOUSEHOLD_INCOME_TOTAL_NUTS2,es43:nuts2,2014,2026-09-15T16:27:19.643884+00:00,12028.39,final,2014-01-01,2014-12-31,1,2026-09-15T16:27:19.643884+00:00
HOUSEHOLD_INCOME_TOTAL_NUTS2,es43:nuts2,2015,2026-09-15T16:27:19.643884+00:00,12658.41,final,2015-01-01,2015-12-31,1,2026-09-15T16:27:19.643884+00:00
HOUSEHOLD_INCOME_TOTAL_NUTS2,es43:nuts2,2016,2026-09-15T16:27:19.643884+00:00,12975.26,final,2016-01-01,2016-12-31,1,2026-09-15T16:27:19.643884+00:00
HOUSEHOLD_INCOME_TOTAL_NUTS2,es43:nuts2,2017,2026-09-15T16:27:19.643884+00:00,13554.38,final,2017-01-01,2017-12-31,1,2026-09-15T16:27:19.643884+00:00
HOUSEHOLD_INCOME_TOTAL_NUTS2,es43:nuts2,2018,2026-09-15T16:27:19.643884+00:00,13536.64,final,2018-01-01,2018-12-31,1,2026-09-15T16:27:19.643884+00:00
HOUSEHOLD_INCOME_TOTAL_NUTS2,es43:nuts2,2019,2026-09-15T16:27:19.643884+00:00,14098.17,final,2019-01-01,2019-12-31,1,2026-09-15T16:27:19.643884+00:00
HOUSEHOLD_INCOME_TOTAL_NUTS2,es43:nuts2,2020,2026-09-15T16:27:19.643884+00:00,13871.56,final,2020-01-01,2020-12-31,1,2026-09-15T16:27:19.643884+00:00
HOUSEHOLD_INCOME_TOTAL_NUTS2,es43:nuts2,2021,2026-09-15T16:27:19.643884+00:00,15015.4,final,2021-01-01,2021-12-31,1,2026-09-15T16:27:19.643884+00:00
HOUSEHOLD_INCOME_TOTAL_NUTS2,es43:nuts2,2022,2026-09-15T16:27:19.643884+00:00,15575.97,final,2022-01-01,2022-12-31,1,2026-09-15T16:27:19.643884+00:00
HOUSEHOLD_INCOME_TOTAL_NUTS2,es43:nuts2,2023,2026-09-15T16:27:19.643884+00:00,17772.3,provisional,2023-01-01,2023-12-31,1,2026-09-15T16:27:19.643884+00:00
HOUSEHOLD_INCOME_TOTAL_NUTS2,es51:nuts2,2013,2026-09-15T16:27:19.643884+00:00,117927.33,final,2013-01-01,2013-12-31,1,2026-09-15T16:27:19.643884+00:00
HOUSEHOLD_INCOME_TOTAL_NUTS2,es51:nuts2,2014,2026-09-15T16:27:19.643884+00:00,120263.25,final,2014-01-01,2014-12-31,1,2026-09-15T16:27:19.643884+00:00
HOUSEHOLD_INCOME_TOTAL_NUTS2,es51:nuts2,2015,2026-09-15T16:27:19.643884+00:00,127281.21,final,2015-01-01,2015-12-31,1,2026-09-15T16:27:19.643884+00:00
HOUSEHOLD_INCOME_TOTAL_NUTS2,es51:nuts2,2016,2026-09-15T16:27:19.643884+00:00,129686.65,final,2016-01-01,2016-12-31,1,2026-09-15T16:27:19.643884+00:00
HOUSEHOLD_INCOME_TOTAL_NUTS2,es51:nuts2,2017,2026-09-15T16:27:19.643884+00:00,133398.53,final,2017-01-01,2017-12-31,1,2026-09-15T16:27:19.643884+00:00
HOUSEHOLD_INCOME_TOTAL_NUTS2,es51:nuts2,2018,2026-09-15T16:27:19.643884+00:00,134004.33,final,2018-01-01,2018-12-31,1,2026-09-15T16:27:19.643884+00:00
HOUSEHOLD_INCOME_TOTAL_NUTS2,es51:nuts2,2019,2026-09-15T16:27:19.643884+00:00,142038.3,final,2019-01-01,2019-12-31,1,2026-09-15T16:27:19.643884+00:00
HOUSEHOLD_INCOME_TOTAL_NUTS2,es51:nuts2,2020,2026-09-15T16:27:19.643884+00:00,134717.75,final,2020-01-01,2020-12-31,1,2026-09-15T16:27:19.643884+00:00
HOUSEHOLD_INCOME_TOTAL_NUTS2,es51:nuts2,2021,2026-09-15T16:27:19.643884+00:00,146932.64,final,2021-01-01,2021-12-31,1,2026-09-15T16:27:19.643884+00:00
HOUSEHOLD_INCOME_TOTAL_NUTS2,es51:nuts2,2022,2026-09-15T16:27:19.643884+00:00,153077.89,final,2022-01-01,2022-12-31,1,2026-09-15T16:27:19.643884+00:00
HOUSEHOLD_INCOME_TOTAL_NUTS2,es51:nuts2,2023,2026-09-15T16:27:19.643884+00:00,175748.64,provisional,2023-01-01,2023-12-31,1,2026-09-15T16:27:19.643884+00:00
HOUSEHOLD_INCOME_TOTAL_NUTS2,es52:nuts2,2013,2026-09-15T16:27:19.643884+00:00,61381.35,final,2013-01-01,2013-12-31,1,2026-09-15T16:27:19.643884+00:00
HOUSEHOLD_INCOME_TOTAL_NUTS2,es52:nuts2,2014,2026-09-15T16:27:19.643884+00:00,62460.98,final,2014-01-01,2014-12-31,1,2026-09-15T16:27:19.643884+00:00
HOUSEHOLD_INCOME_TOTAL_NUTS2,es52:nuts2,2015,2026-09-15T16:27:19.643884+00:00,65987.51,final,2015-01-01,2015-12-31,1,2026-09-15T16:27:19.643884+00:00
HOUSEHOLD_INCOME_TOTAL_NUTS2,es52:nuts2,2016,2026-09-15T16:27:19.643884+00:00,67031.87,final,2016-01-01,2016-12-31,1,2026-09-15T16:27:19.643884+00:00
HOUSEHOLD_INCOME_TOTAL_NUTS2,es52:nuts2,2017,2026-09-15T16:27:19.643884+00:00,69547.85,final,2017-01-01,2017-12-31,1,2026-09-15T16:27:19.643884+00:00
HOUSEHOLD_INCOME_TOTAL_NUTS2,es52:nuts2,2018,2026-09-15T16:27:19.643884+00:00,70506.19,final,2018-01-01,2018-12-31,1,2026-09-15T16:27:19.643884+00:00
HOUSEHOLD_INCOME_TOTAL_NUTS2,es52:nuts2,2019,2026-09-15T16:27:19.643884+00:00,74643.42,final,2019-01-01,2019-12-31,1,2026-09-15T16:27:19.643884+00:00
HOUSEHOLD_INCOME_TOTAL_NUTS2,es52:nuts2,2020,2026-09-15T16:27:19.643884+00:00,72217.72,final,2020-01-01,2020-12-31,1,2026-09-15T16:27:19.643884+00:00
HOUSEHOLD_INCOME_TOTAL_NUTS2,es52:nuts2,2021,2026-09-15T16:27:19.643884+00:00,78139.31,final,2021-01-01,2021-12-31,1,2026-09-15T16:27:19.643884+00:00
HOUSEHOLD_INCOME_TOTAL_NUTS2,es52:nuts2,2022,2026-09-15T16:27:19.643884+00:00,81359.47,final,2022-01-01,2022-12-31,1,2026-09-15T16:27:19.643884+00:00
HOUSEHOLD_INCOME_TOTAL_NUTS2,es52:nuts2,2023,2026-09-15T16:27:19.643884+00:00,93437.75,provisional,2023-01-01,2023-12-31,1,2026-09-15T16:27:19.643884+00:00
HOUSEHOLD_INCOME_TOTAL_NUTS2,es53:nuts2,2013,2026-09-15T16:27:19.643884+00:00,15689.13,final,2013-01-01,2013-12-31,1,2026-09-15T16:27:19.643884+00:00
HOUSEHOLD_INCOME_TOTAL_NUTS2,es53:nuts2,2014,2026-09-15T16:27:19.643884+00:00,16058.12,final,2014-01-01,2014-12-31,1,2026-09-15T16:27:19.643884+00:00
HOUSEHOLD_INCOME_TOTAL_NUTS2,es53:nuts2,2015,2026-09-15T16:27:19.643884+00:00,17223.47,final,2015-01-01,2015-12-31,1,2026-09-15T16:27:19.643884+00:00
HOUSEHOLD_INCOME_TOTAL_NUTS2,es53:nuts2,2016,2026-09-15T16:27:19.643884+00:00,17987.64,final,2016-01-01,2016-12-31,1,2026-09-15T16:27:19.643884+00:00
HOUSEHOLD_INCOME_TOTAL_NUTS2,es53:nuts2,2017,2026-09-15T16:27:19.643884+00:00,18582.4,final,2017-01-01,2017-12-31,1,2026-09-15T16:27:19.643884+00:00
HOUSEHOLD_INCOME_TOTAL_NUTS2,es53:nuts2,2018,2026-09-15T16:27:19.643884+00:00,19089.1,final,2018-01-01,2018-12-31,1,2026-09-15T16:27:19.643884+00:00
HOUSEHOLD_INCOME_TOTAL_NUTS2,es53:nuts2,2019,2026-09-15T16:27:19.643884+00:00,20250.89,final,2019-01-01,2019-12-31,1,2026-09-15T16:27:19.643884+00:00
HOUSEHOLD_INCOME_TOTAL_NUTS2,es53:nuts2,2020,2026-09-15T16:27:19.643884+00:00,17889.46,final,2020-01-01,2020-12-31,1,2026-09-15T16:27:19.643884+00:00
HOUSEHOLD_INCOME_TOTAL_NUTS2,es53:nuts2,2021,2026-09-15T16:27:19.643884+00:00,19933.8,final,2021-01-01,2021-12-31,1,2026-09-15T16:27:19.643884+00:00
HOUSEHOLD_INCOME_TOTAL_NUTS2,es53:nuts2,2022,2026-09-15T16:27:19.643884+00:00,22063.99,final,2022-01-01,2022-12-31,1,2026-09-15T16:27:19.643884+00:00
HOUSEHOLD_INCOME_TOTAL_NUTS2,es53:nuts2,2023,2026-09-15T16:27:19.643884+00:00,25775.11,provisional,2023-01-01,2023-12-31,1,2026-09-15T16:27:19.643884+00:00
HOUSEHOLD_INCOME_TOTAL_NUTS2,es61:nuts2,2013,2026-09-15T16:27:19.643884+00:00,91853.3,final,2013-01-01,2013-12-31,1,2026-09-15T16:27:19.643884+00:00
HOUSEHOLD_INCOME_TOTAL_NUTS2,es61:nuts2,2014,2026-09-15T16:27:19.643884+00:00,93162.76,final,2014-01-01,2014-12-31,1,2026-09-15T16:27:19.643884+00:00
HOUSEHOLD_INCOME_TOTAL_NUTS2,es61:nuts2,2015,2026-09-15T16:27:19.643884+00:00,99269.77,final,2015-01-01,2015-12-31,1,2026-09-15T16:27:19.643884+00:00
HOUSEHOLD_INCOME_TOTAL_NUTS2,es61:nuts2,2016,2026-09-15T16:27:19.643884+00:00,99985.73,final,2016-01-01,2016-12-31,1,2026-09-15T16:27:19.643884+00:00
HOUSEHOLD_INCOME_TOTAL_NUTS2,es61:nuts2,2017,2026-09-15T16:27:19.643884+00:00,103559.05,final,2017-01-01,2017-12-31,1,2026-09-15T16:27:19.643884+00:00
HOUSEHOLD_INCOME_TOTAL_NUTS2,es61:nuts2,2018,2026-09-15T16:27:19.643884+00:00,106584.84,final,2018-01-01,2018-12-31,1,2026-09-15T16:27:19.643884+00:00
HOUSEHOLD_INCOME_TOTAL_NUTS2,es61:nuts2,2019,2026-09-15T16:27:19.643884+00:00,111527.97,final,2019-01-01,2019-12-31,1,2026-09-15T16:27:19.643884+00:00
HOUSEHOLD_INCOME_TOTAL_NUTS2,es61:nuts2,2020,2026-09-15T16:27:19.643884+00:00,108832.27,final,2020-01-01,2020-12-31,1,2026-09-15T16:27:19.643884+00:00
HOUSEHOLD_INCOME_TOTAL_NUTS2,es61:nuts2,2021,2026-09-15T16:27:19.643884+00:00,118986.13,final,2021-01-01,2021-12-31,1,2026-09-15T16:27:19.643884+00:00
HOUSEHOLD_INCOME_TOTAL_NUTS2,es61:nuts2,2022,2026-09-15T16:27:19.643884+00:00,124646.0,final,2022-01-01,2022-12-31,1,2026-09-15T16:27:19.643884+00:00
HOUSEHOLD_INCOME_TOTAL_NUTS2,es61:nuts2,2023,2026-09-15T16:27:19.643884+00:00,140321.68,provisional,2023-01-01,2023-12-31,1,2026-09-15T16:27:19.643884+00:00
HOUSEHOLD_INCOME_TOTAL_NUTS2,es62:nuts2,2013,2026-09-15T16:27:19.643884+00:00,16892.21,final,2013-01-01,2013-12-31,1,2026-09-15T16:27:19.643884+00:00
HOUSEHOLD_INCOME_TOTAL_NUTS2,es62:nuts2,2014,2026-09-15T16:27:19.643884+00:00,16976.4,final,2014-01-01,2014-12-31,1,2026-09-15T16:27:19.643884+00:00
HOUSEHOLD_INCOME_TOTAL_NUTS2,es62:nuts2,2015,2026-09-15T16:27:19.643884+00:00,18007.26,final,2015-01-01,2015-12-31,1,2026-09-15T16:27:19.643884+00:00
HOUSEHOLD_INCOME_TOTAL_NUTS2,es62:nuts2,2016,2026-09-15T16:27:19.643884+00:00,18368.65,final,2016-01-01,2016-12-31,1,2026-09-15T16:27:19.643884+00:00
HOUSEHOLD_INCOME_TOTAL_NUTS2,es62:nuts2,2017,2026-09-15T16:27:19.643884+00:00,19000.84,final,2017-01-01,2017-12-31,1,2026-09-15T16:27:19.643884+00:00
HOUSEHOLD_INCOME_TOTAL_NUTS2,es62:nuts2,2018,2026-09-15T16:27:19.643884+00:00,19555.68,final,2018-01-01,2018-12-31,1,2026-09-15T16:27:19.643884+00:00
HOUSEHOLD_INCOME_TOTAL_NUTS2,es62:nuts2,2019,2026-09-15T16:27:19.643884+00:00,20852.95,final,2019-01-01,2019-12-31,1,2026-09-15T16:27:19.643884+00:00
HOUSEHOLD_INCOME_TOTAL_NUTS2,es62:nuts2,2020,2026-09-15T16:27:19.643884+00:00,20109.2,final,2020-01-01,2020-12-31,1,2026-09-15T16:27:19.643884+00:00
HOUSEHOLD_INCOME_TOTAL_NUTS2,es62:nuts2,2021,2026-09-15T16:27:19.643884+00:00,22149.55,final,2021-01-01,2021-12-31,1,2026-09-15T16:27:19.643884+00:00
HOUSEHOLD_INCOME_TOTAL_NUTS2,es62:nuts2,2022,2026-09-15T16:27:19.643884+00:00,23823.1,final,2022-01-01,2022-12-31,1,2026-09-15T16:27:19.643884+00:00
HOUSEHOLD_INCOME_TOTAL_NUTS2,es62:nuts2,2023,2026-09-15T16:27:19.643884+00:00,27383.61,provisional,2023-01-01,2023-12-31,1,2026-09-15T16:27:19.643884+00:00
HOUSEHOLD_INCOME_TOTAL_NUTS2,es63:nuts2,2013,2026-09-15T16:27:19.643884+00:00,1014.37,final,2013-01-01,2013-12-31,1,2026-09-15T16:27:19.643884+00:00
HOUSEHOLD_INCOME_TOTAL_NUTS2,es63:nuts2,2014,2026-09-15T16:27:19.643884+00:00,1021.36,final,2014-01-01,2014-12-31,1,2026-09-15T16:27:19.643884+00:00
HOUSEHOLD_INCOME_TOTAL_NUTS2,es63:nuts2,2015,2026-09-15T16:27:19.643884+00:00,1084.11,final,2015-01-01,2015-12-31,1,2026-09-15T16:27:19.643884+00:00
HOUSEHOLD_INCOME_TOTAL_NUTS2,es63:nuts2,2016,2026-09-15T16:27:19.643884+00:00,1108.3,final,2016-01-01,2016-12-31,1,2026-09-15T16:27:19.643884+00:00
HOUSEHOLD_INCOME_TOTAL_NUTS2,es63:nuts2,2017,2026-09-15T16:27:19.643884+00:00,1114.6,final,2017-01-01,2017-12-31,1,2026-09-15T16:27:19.643884+00:00
HOUSEHOLD_INCOME_TOTAL_NUTS2,es63:nuts2,2018,2026-09-15T16:27:19.643884+00:00,1146.13,final,2018-01-01,2018-12-31,1,2026-09-15T16:27:19.643884+00:00
HOUSEHOLD_INCOME_TOTAL_NUTS2,es63:nuts2,2019,2026-09-15T16:27:19.643884+00:00,1208.18,final,2019-01-01,2019-12-31,1,2026-09-15T16:27:19.643884+00:00
HOUSEHOLD_INCOME_TOTAL_NUTS2,es63:nuts2,2020,2026-09-15T16:27:19.643884+00:00,1172.08,final,2020-01-01,2020-12-31,1,2026-09-15T16:27:19.643884+00:00
HOUSEHOLD_INCOME_TOTAL_NUTS2,es63:nuts2,2021,2026-09-15T16:27:19.643884+00:00,1278.87,final,2021-01-01,2021-12-31,1,2026-09-15T16:27:19.643884+00:00
HOUSEHOLD_INCOME_TOTAL_NUTS2,es63:nuts2,2022,2026-09-15T16:27:19.643884+00:00,1344.78,final,2022-01-01,2022-12-31,1,2026-09-15T16:27:19.643884+00:00
HOUSEHOLD_INCOME_TOTAL_NUTS2,es63:nuts2,2023,2026-09-15T16:27:19.643884+00:00,1480.1,provisional,2023-01-01,2023-12-31,1,2026-09-15T16:27:19.643884+00:00
HOUSEHOLD_INCOME_TOTAL_NUTS2,es64:nuts2,2013,2026-09-15T16:27:19.643884+00:00,918.21,final,2013-01-01,2013-12-31,1,2026-09-15T16:27:19.643884+00:00
HOUSEHOLD_INCOME_TOTAL_NUTS2,es64:nuts2,2014,2026-09-15T16:27:19.643884+00:00,937.19,final,2014-01-01,2014-12-31,1,2026-09-15T16:27:19.643884+00:00
HOUSEHOLD_INCOME_TOTAL_NUTS2,es64:nuts2,2015,2026-09-15T16:27:19.643884+00:00,1001.33,final,2015-01-01,2015-12-31,1,2026-09-15T16:27:19.643884+00:00
HOUSEHOLD_INCOME_TOTAL_NUTS2,es64:nuts2,2016,2026-09-15T16:27:19.643884+00:00,1023.33,final,2016-01-01,2016-12-31,1,2026-09-15T16:27:19.643884+00:00
HOUSEHOLD_INCOME_TOTAL_NUTS2,es64:nuts2,2017,2026-09-15T16:27:19.643884+00:00,1041.24,final,2017-01-01,2017-12-31,1,2026-09-15T16:27:19.643884+00:00
HOUSEHOLD_INCOME_TOTAL_NUTS2,es64:nuts2,2018,2026-09-15T16:27:19.643884+00:00,1063.42,final,2018-01-01,2018-12-31,1,2026-09-15T16:27:19.643884+00:00
HOUSEHOLD_INCOME_TOTAL_NUTS2,es64:nuts2,2019,2026-09-15T16:27:19.643884+00:00,1119.47,final,2019-01-01,2019-12-31,1,2026-09-15T16:27:19.643884+00:00
HOUSEHOLD_INCOME_TOTAL_NUTS2,es64:nuts2,2020,2026-09-15T16:27:19.643884+00:00,1099.8,final,2020-01-01,2020-12-31,1,2026-09-15T16:27:19.643884+00:00
HOUSEHOLD_INCOME_TOTAL_NUTS2,es64:nuts2,2021,2026-09-15T16:27:19.643884+00:00,1226.06,final,2021-01-01,2021-12-31,1,2026-09-15T16:27:19.643884+00:00
HOUSEHOLD_INCOME_TOTAL_NUTS2,es64:nuts2,2022,2026-09-15T16:27:19.643884+00:00,1293.09,final,2022-01-01,2022-12-31,1,2026-09-15T16:27:19.643884+00:00
HOUSEHOLD_INCOME_TOTAL_NUTS2,es64:nuts2,2023,2026-09-15T16:27:19.643884+00:00,1411.75,provisional,2023-01-01,2023-12-31,1,2026-09-15T16:27:19.643884+00:00
HOUSEHOLD_INCOME_TOTAL_NUTS2,es70:nuts2,2013,2026-09-15T16:27:19.643884+00:00,24676.58,final,2013-01-01,2013-12-31,1,2026-09-15T16:27:19.643884+00:00
HOUSEHOLD_INCOME_TOTAL_NUTS2,es70:nuts2,2014,2026-09-15T16:27:19.643884+00:00,24862.94,final,2014-01-01,2014-12-31,1,2026-09-15T16:27:19.643884+00:00
HOUSEHOLD_INCOME_TOTAL_NUTS2,es70:nuts2,2015,2026-09-15T16:27:19.643884+00:00,26433.3,final,2015-01-01,2015-12-31,1,2026-09-15T16:27:19.643884+00:00
HOUSEHOLD_INCOME_TOTAL_NUTS2,es70:nuts2,2016,2026-09-15T16:27:19.643884+00:00,27149.99,final,2016-01-01,2016-12-31,1,2026-09-15T16:27:19.643884+00:00
HOUSEHOLD_INCOME_TOTAL_NUTS2,es70:nuts2,2017,2026-09-15T16:27:19.643884+00:00,28567.39,final,2017-01-01,2017-12-31,1,2026-09-15T16:27:19.643884+00:00
HOUSEHOLD_INCOME_TOTAL_NUTS2,es70:nuts2,2018,2026-09-15T16:27:19.643884+00:00,28766.22,final,2018-01-01,2018-12-31,1,2026-09-15T16:27:19.643884+00:00
HOUSEHOLD_INCOME_TOTAL_NUTS2,es70:nuts2,2019,2026-09-15T16:27:19.643884+00:00,30238.38,final,2019-01-01,2019-12-31,1,2026-09-15T16:27:19.643884+00:00
HOUSEHOLD_INCOME_TOTAL_NUTS2,es70:nuts2,2020,2026-09-15T16:27:19.643884+00:00,27842.29,final,2020-01-01,2020-12-31,1,2026-09-15T16:27:19.643884+00:00
HOUSEHOLD_INCOME_TOTAL_NUTS2,es70:nuts2,2021,2026-09-15T16:27:19.643884+00:00,30887.64,final,2021-01-01,2021-12-31,1,2026-09-15T16:27:19.643884+00:00
HOUSEHOLD_INCOME_TOTAL_NUTS2,es70:nuts2,2022,2026-09-15T16:27:19.643884+00:00,32888.87,final,2022-01-01,2022-12-31,1,2026-09-15T16:27:19.643884+00:00
HOUSEHOLD_INCOME_TOTAL_NUTS2,es70:nuts2,2023,2026-09-15T16:27:19.643884+00:00,37737.9,provisional,2023-01-01,2023-12-31,1,2026-09-15T16:27:19.643884+00:00
HOUSEHOLD_INCOME_TOTAL_NUTS2,fi19:nuts2,2013,2026-09-15T16:27:19.643884+00:00,20580.22,final,2013-01-01,2013-12-31,1,2026-09-15T16:27:19.643884+00:00
HOUSEHOLD_INCOME_TOTAL_NUTS2,fi19:nuts2,2014,2026-09-15T16:27:19.643884+00:00,20597.02,final,2014-01-01,2014-12-31,1,2026-09-15T16:27:19.643884+00:00
HOUSEHOLD_INCOME_TOTAL_NUTS2,fi19:nuts2,2015,2026-09-15T16:27:19.643884+00:00,20998.4,final,2015-01-01,2015-12-31,1,2026-09-15T16:27:19.643884+00:00
HOUSEHOLD_INCOME_TOTAL_NUTS2,fi19:nuts2,2016,2026-09-15T16:27:19.643884+00:00,21185.27,final,2016-01-01,2016-12-31,1,2026-09-15T16:27:19.643884+00:00
HOUSEHOLD_INCOME_TOTAL_NUTS2,fi19:nuts2,2017,2026-09-15T16:27:19.643884+00:00,21815.31,final,2017-01-01,2017-12-31,1,2026-09-15T16:27:19.643884+00:00
HOUSEHOLD_INCOME_TOTAL_NUTS2,fi19:nuts2,2018,2026-09-15T16:27:19.643884+00:00,22124.04,final,2018-01-01,2018-12-31,1,2026-09-15T16:27:19.643884+00:00
HOUSEHOLD_INCOME_TOTAL_NUTS2,fi19:nuts2,2019,2026-09-15T16:27:19.643884+00:00,22594.48,final,2019-01-01,2019-12-31,1,2026-09-15T16:27:19.643884+00:00
HOUSEHOLD_INCOME_TOTAL_NUTS2,fi19:nuts2,2020,2026-09-15T16:27:19.643884+00:00,22860.22,final,2020-01-01,2020-12-31,1,2026-09-15T16:27:19.643884+00:00
HOUSEHOLD_INCOME_TOTAL_NUTS2,fi19:nuts2,2021,2026-09-15T16:27:19.643884+00:00,23601.92,final,2021-01-01,2021-12-31,1,2026-09-15T16:27:19.643884+00:00
HOUSEHOLD_INCOME_TOTAL_NUTS2,fi19:nuts2,2022,2026-09-15T16:27:19.643884+00:00,24687.23,final,2022-01-01,2022-12-31,1,2026-09-15T16:27:19.643884+00:00
HOUSEHOLD_INCOME_TOTAL_NUTS2,fi19:nuts2,2023,2026-09-15T16:27:19.643884+00:00,25568.6,final,2023-01-01,2023-12-31,1,2026-09-15T16:27:19.643884+00:00
HOUSEHOLD_INCOME_TOTAL_NUTS2,fi1b:nuts2,2013,2026-09-15T16:27:19.643884+00:00,27486.57,final,2013-01-01,2013-12-31,1,2026-09-15T16:27:19.643884+00:00
HOUSEHOLD_INCOME_TOTAL_NUTS2,fi1b:nuts2,2014,2026-09-15T16:27:19.643884+00:00,28098.66,final,2014-01-01,2014-12-31,1,2026-09-15T16:27:19.643884+00:00
HOUSEHOLD_INCOME_TOTAL_NUTS2,fi1b:nuts2,2015,2026-09-15T16:27:19.643884+00:00,29030.49,final,2015-01-01,2015-12-31,1,2026-09-15T16:27:19.643884+00:00
HOUSEHOLD_INCOME_TOTAL_NUTS2,fi1b:nuts2,2016,2026-09-15T16:27:19.643884+00:00,29659.82,final,2016-01-01,2016-12-31,1,2026-09-15T16:27:19.643884+00:00
HOUSEHOLD_INCOME_TOTAL_NUTS2,fi1b:nuts2,2017,2026-09-15T16:27:19.643884+00:00,30301.32,final,2017-01-01,2017-12-31,1,2026-09-15T16:27:19.643884+00:00
HOUSEHOLD_INCOME_TOTAL_NUTS2,fi1b:nuts2,2018,2026-09-15T16:27:19.643884+00:00,31863.91,final,2018-01-01,2018-12-31,1,2026-09-15T16:27:19.643884+00:00
HOUSEHOLD_INCOME_TOTAL_NUTS2,fi1b:nuts2,2019,2026-09-15T16:27:19.643884+00:00,32812.99,final,2019-01-01,2019-12-31,1,2026-09-15T16:27:19.643884+00:00
HOUSEHOLD_INCOME_TOTAL_NUTS2,fi1b:nuts2,2020,2026-09-15T16:27:19.643884+00:00,33093.3,final,2020-01-01,2020-12-31,1,2026-09-15T16:27:19.643884+00:00
HOUSEHOLD_INCOME_TOTAL_NUTS2,fi1b:nuts2,2021,2026-09-15T16:27:19.643884+00:00,35429.27,final,2021-01-01,2021-12-31,1,2026-09-15T16:27:19.643884+00:00
HOUSEHOLD_INCOME_TOTAL_NUTS2,fi1b:nuts2,2022,2026-09-15T16:27:19.643884+00:00,37103.06,final,2022-01-01,2022-12-31,1,2026-09-15T16:27:19.643884+00:00
HOUSEHOLD_INCOME_TOTAL_NUTS2,fi1b:nuts2,2023,2026-09-15T16:27:19.643884+00:00,40745.8,final,2023-01-01,2023-12-31,1,2026-09-15T16:27:19.643884+00:00
HOUSEHOLD_INCOME_TOTAL_NUTS2,fi1c:nuts2,2013,2026-09-15T16:27:19.643884+00:00,17727.93,final,2013-01-01,2013-12-31,1,2026-09-15T16:27:19.643884+00:00
HOUSEHOLD_INCOME_TOTAL_NUTS2,fi1c:nuts2,2014,2026-09-15T16:27:19.643884+00:00,17774.6,final,2014-01-01,2014-12-31,1,2026-09-15T16:27:19.643884+00:00
HOUSEHOLD_INCOME_TOTAL_NUTS2,fi1c:nuts2,2015,2026-09-15T16:27:19.643884+00:00,18122.48,final,2015-01-01,2015-12-31,1,2026-09-15T16:27:19.643884+00:00
HOUSEHOLD_INCOME_TOTAL_NUTS2,fi1c:nuts2,2016,2026-09-15T16:27:19.643884+00:00,18263.22,final,2016-01-01,2016-12-31,1,2026-09-15T16:27:19.643884+00:00
HOUSEHOLD_INCOME_TOTAL_NUTS2,fi1c:nuts2,2017,2026-09-15T16:27:19.643884+00:00,18807.22,final,2017-01-01,2017-12-31,1,2026-09-15T16:27:19.643884+00:00
HOUSEHOLD_INCOME_TOTAL_NUTS2,fi1c:nuts2,2018,2026-09-15T16:27:19.643884+00:00,19097.46,final,2018-01-01,2018-12-31,1,2026-09-15T16:27:19.643884+00:00
HOUSEHOLD_INCOME_TOTAL_NUTS2,fi1c:nuts2,2019,2026-09-15T16:27:19.643884+00:00,19631.27,final,2019-01-01,2019-12-31,1,2026-09-15T16:27:19.643884+00:00
HOUSEHOLD_INCOME_TOTAL_NUTS2,fi1c:nuts2,2020,2026-09-15T16:27:19.643884+00:00,19641.08,final,2020-01-01,2020-12-31,1,2026-09-15T16:27:19.643884+00:00
HOUSEHOLD_INCOME_TOTAL_NUTS2,fi1c:nuts2,2021,2026-09-15T16:27:19.643884+00:00,20168.51,final,2021-01-01,2021-12-31,1,2026-09-15T16:27:19.643884+00:00
HOUSEHOLD_INCOME_TOTAL_NUTS2,fi1c:nuts2,2022,2026-09-15T16:27:19.643884+00:00,20825.31,final,2022-01-01,2022-12-31,1,2026-09-15T16:27:19.643884+00:00
HOUSEHOLD_INCOME_TOTAL_NUTS2,fi1c:nuts2,2023,2026-09-15T16:27:19.643884+00:00,21972.49,final,2023-01-01,2023-12-31,1,2026-09-15T16:27:19.643884+00:00
HOUSEHOLD_INCOME_TOTAL_NUTS2,fi1d:nuts2,2013,2026-09-15T16:27:19.643884+00:00,18778.76,final,2013-01-01,2013-12-31,1,2026-09-15T16:27:19.643884+00:00
HOUSEHOLD_INCOME_TOTAL_NUTS2,fi1d:nuts2,2014,2026-09-15T16:27:19.643884+00:00,18873.78,final,2014-01-01,2014-12-31,1,2026-09-15T16:27:19.643884+00:00
HOUSEHOLD_INCOME_TOTAL_NUTS2,fi1d:nuts2,2015,2026-09-15T16:27:19.643884+00:00,19134.07,final,2015-01-01,2015-12-31,1,2026-09-15T16:27:19.643884+00:00
HOUSEHOLD_INCOME_TOTAL_NUTS2,fi1d:nuts2,2016,2026-09-15T16:27:19.643884+00:00,19324.43,final,2016-01-01,2016-12-31,1,2026-09-15T16:27:19.643884+00:00
HOUSEHOLD_INCOME_TOTAL_NUTS2,fi1d:nuts2,2017,2026-09-15T16:27:19.643884+00:00,20040.08,final,2017-01-01,2017-12-31,1,2026-09-15T16:27:19.643884+00:00
HOUSEHOLD_INCOME_TOTAL_NUTS2,fi1d:nuts2,2018,2026-09-15T16:27:19.643884+00:00,20313.94,final,2018-01-01,2018-12-31,1,2026-09-15T16:27:19.643884+00:00
HOUSEHOLD_INCOME_TOTAL_NUTS2,fi1d:nuts2,2019,2026-09-15T16:27:19.643884+00:00,20871.46,final,2019-01-01,2019-12-31,1,2026-09-15T16:27:19.643884+00:00
HOUSEHOLD_INCOME_TOTAL_NUTS2,fi1d:nuts2,2020,2026-09-15T16:27:19.643884+00:00,20720.13,final,2020-01-01,2020-12-31,1,2026-09-15T16:27:19.643884+00:00
HOUSEHOLD_INCOME_TOTAL_NUTS2,fi1d:nuts2,2021,2026-09-15T16:27:19.643884+00:00,20597.41,final,2021-01-01,2021-12-31,1,2026-09-15T16:27:19.643884+00:00
HOUSEHOLD_INCOME_TOTAL_NUTS2,fi1d:nuts2,2022,2026-09-15T16:27:19.643884+00:00,21833.44,final,2022-01-01,2022-12-31,1,2026-09-15T16:27:19.643884+00:00
HOUSEHOLD_INCOME_TOTAL_NUTS2,fi1d:nuts2,2023,2026-09-15T16:27:19.643884+00:00,22381.11,final,2023-01-01,2023-12-31,1,2026-09-15T16:27:19.643884+00:00
HOUSEHOLD_INCOME_TOTAL_NUTS2,fi20:nuts2,2013,2026-09-15T16:27:19.643884+00:00,515.01,final,2013-01-01,2013-12-31,1,2026-09-15T16:27:19.643884+00:00
HOUSEHOLD_INCOME_TOTAL_NUTS2,fi20:nuts2,2014,2026-09-15T16:27:19.643884+00:00,515.31,final,2014-01-01,2014-12-31,1,2026-09-15T16:27:19.643884+00:00
HOUSEHOLD_INCOME_TOTAL_NUTS2,fi20:nuts2,2015,2026-09-15T16:27:19.643884+00:00,539.64,final,2015-01-01,2015-12-31,1,2026-09-15T16:27:19.643884+00:00
HOUSEHOLD_INCOME_TOTAL_NUTS2,fi20:nuts2,2016,2026-09-15T16:27:19.643884+00:00,542.79,final,2016-01-01,2016-12-31,1,2026-09-15T16:27:19.643884+00:00
HOUSEHOLD_INCOME_TOTAL_NUTS2,fi20:nuts2,2017,2026-09-15T16:27:19.643884+00:00,546.19,final,2017-01-01,2017-12-31,1,2026-09-15T16:27:19.643884+00:00
HOUSEHOLD_INCOME_TOTAL_NUTS2,fi20:nuts2,2018,2026-09-15T16:27:19.643884+00:00,555.11,final,2018-01-01,2018-12-31,1,2026-09-15T16:27:19.643884+00:00
HOUSEHOLD_INCOME_TOTAL_NUTS2,fi20:nuts2,2019,2026-09-15T16:27:19.643884+00:00,565.58,final,2019-01-01,2019-12-31,1,2026-09-15T16:27:19.643884+00:00
HOUSEHOLD_INCOME_TOTAL_NUTS2,fi20:nuts2,2020,2026-09-15T16:27:19.643884+00:00,570.73,final,2020-01-01,2020-12-31,1,2026-09-15T16:27:19.643884+00:00
HOUSEHOLD_INCOME_TOTAL_NUTS2,fi20:nuts2,2021,2026-09-15T16:27:19.643884+00:00,603.37,final,2021-01-01,2021-12-31,1,2026-09-15T16:27:19.643884+00:00
HOUSEHOLD_INCOME_TOTAL_NUTS2,fi20:nuts2,2022,2026-09-15T16:27:19.643884+00:00,628.87,final,2022-01-01,2022-12-31,1,2026-09-15T16:27:19.643884+00:00
HOUSEHOLD_INCOME_TOTAL_NUTS2,fi20:nuts2,2023,2026-09-15T16:27:19.643884+00:00,668.07,final,2023-01-01,2023-12-31,1,2026-09-15T16:27:19.643884+00:00
HOUSEHOLD_INCOME_TOTAL_NUTS2,fr10:nuts2,2013,2026-09-15T16:27:19.643884+00:00,241830.63,final,2013-01-01,2013-12-31,1,2026-09-15T16:27:19.643884+00:00
HOUSEHOLD_INCOME_TOTAL_NUTS2,fr10:nuts2,2014,2026-09-15T16:27:19.643884+00:00,245277.54,final,2014-01-01,2014-12-31,1,2026-09-15T16:27:19.643884+00:00
HOUSEHOLD_INCOME_TOTAL_NUTS2,fr10:nuts2,2015,2026-09-15T16:27:19.643884+00:00,246850.95,final,2015-01-01,2015-12-31,1,2026-09-15T16:27:19.643884+00:00
HOUSEHOLD_INCOME_TOTAL_NUTS2,fr10:nuts2,2016,2026-09-15T16:27:19.643884+00:00,251422.37,final,2016-01-01,2016-12-31,1,2026-09-15T16:27:19.643884+00:00
HOUSEHOLD_INCOME_TOTAL_NUTS2,fr10:nuts2,2017,2026-09-15T16:27:19.643884+00:00,257037.27,final,2017-01-01,2017-12-31,1,2026-09-15T16:27:19.643884+00:00
HOUSEHOLD_INCOME_TOTAL_NUTS2,fr10:nuts2,2018,2026-09-15T16:27:19.643884+00:00,258499.17,final,2018-01-01,2018-12-31,1,2026-09-15T16:27:19.643884+00:00
HOUSEHOLD_INCOME_TOTAL_NUTS2,fr10:nuts2,2019,2026-09-15T16:27:19.643884+00:00,271393.35,final,2019-01-01,2019-12-31,1,2026-09-15T16:27:19.643884+00:00
HOUSEHOLD_INCOME_TOTAL_NUTS2,fr10:nuts2,2020,2026-09-15T16:27:19.643884+00:00,271147.54,final,2020-01-01,2020-12-31,1,2026-09-15T16:27:19.643884+00:00
HOUSEHOLD_INCOME_TOTAL_NUTS2,fr10:nuts2,2021,2026-09-15T16:27:19.643884+00:00,281961.43,final,2021-01-01,2021-12-31,1,2026-09-15T16:27:19.643884+00:00
HOUSEHOLD_INCOME_TOTAL_NUTS2,fr10:nuts2,2022,2026-09-15T16:27:19.643884+00:00,302323.01,provisional,2022-01-01,2022-12-31,1,2026-09-15T16:27:19.643884+00:00
HOUSEHOLD_INCOME_TOTAL_NUTS2,fr10:nuts2,2023,2026-09-15T16:27:19.643884+00:00,329774.71,provisional,2023-01-01,2023-12-31,1,2026-09-15T16:27:19.643884+00:00
HOUSEHOLD_INCOME_TOTAL_NUTS2,frb0:nuts2,2013,2026-09-15T16:27:19.643884+00:00,42543.3,final,2013-01-01,2013-12-31,1,2026-09-15T16:27:19.643884+00:00
HOUSEHOLD_INCOME_TOTAL_NUTS2,frb0:nuts2,2014,2026-09-15T16:27:19.643884+00:00,42448.87,final,2014-01-01,2014-12-31,1,2026-09-15T16:27:19.643884+00:00
HOUSEHOLD_INCOME_TOTAL_NUTS2,frb0:nuts2,2015,2026-09-15T16:27:19.643884+00:00,42298.11,final,2015-01-01,2015-12-31,1,2026-09-15T16:27:19.643884+00:00
HOUSEHOLD_INCOME_TOTAL_NUTS2,frb0:nuts2,2016,2026-09-15T16:27:19.643884+00:00,42573.24,final,2016-01-01,2016-12-31,1,2026-09-15T16:27:19.643884+00:00
HOUSEHOLD_INCOME_TOTAL_NUTS2,frb0:nuts2,2017,2026-09-15T16:27:19.643884+00:00,43158.8,final,2017-01-01,2017-12-31,1,2026-09-15T16:27:19.643884+00:00
HOUSEHOLD_INCOME_TOTAL_NUTS2,frb0:nuts2,2018,2026-09-15T16:27:19.643884+00:00,44223.25,final,2018-01-01,2018-12-31,1,2026-09-15T16:27:19.643884+00:00
HOUSEHOLD_INCOME_TOTAL_NUTS2,frb0:nuts2,2019,2026-09-15T16:27:19.643884+00:00,45399.9,final,2019-01-01,2019-12-31,1,2026-09-15T16:27:19.643884+00:00
HOUSEHOLD_INCOME_TOTAL_NUTS2,frb0:nuts2,2020,2026-09-15T16:27:19.643884+00:00,45825.35,final,2020-01-01,2020-12-31,1,2026-09-15T16:27:19.643884+00:00
HOUSEHOLD_INCOME_TOTAL_NUTS2,frb0:nuts2,2021,2026-09-15T16:27:19.643884+00:00,47132.19,final,2021-01-01,2021-12-31,1,2026-09-15T16:27:19.643884+00:00
HOUSEHOLD_INCOME_TOTAL_NUTS2,frb0:nuts2,2022,2026-09-15T16:27:19.643884+00:00,50038.16,provisional,2022-01-01,2022-12-31,1,2026-09-15T16:27:19.643884+00:00
HOUSEHOLD_INCOME_TOTAL_NUTS2,frb0:nuts2,2023,2026-09-15T16:27:19.643884+00:00,54243.99,provisional,2023-01-01,2023-12-31,1,2026-09-15T16:27:19.643884+00:00
HOUSEHOLD_INCOME_TOTAL_NUTS2,frc1:nuts2,2013,2026-09-15T16:27:19.643884+00:00,26897.68,final,2013-01-01,2013-12-31,1,2026-09-15T16:27:19.643884+00:00
HOUSEHOLD_INCOME_TOTAL_NUTS2,frc1:nuts2,2014,2026-09-15T16:27:19.643884+00:00,27022.5,final,2014-01-01,2014-12-31,1,2026-09-15T16:27:19.643884+00:00
HOUSEHOLD_INCOME_TOTAL_NUTS2,frc1:nuts2,2015,2026-09-15T16:27:19.643884+00:00,26738.83,final,2015-01-01,2015-12-31,1,2026-09-15T16:27:19.643884+00:00
HOUSEHOLD_INCOME_TOTAL_NUTS2,frc1:nuts2,2016,2026-09-15T16:27:19.643884+00:00,26740.98,final,2016-01-01,2016-12-31,1,2026-09-15T16:27:19.643884+00:00
HOUSEHOLD_INCOME_TOTAL_NUTS2,frc1:nuts2,2017,2026-09-15T16:27:19.643884+00:00,26991.17,final,2017-01-01,2017-12-31,1,2026-09-15T16:27:19.643884+00:00
HOUSEHOLD_INCOME_TOTAL_NUTS2,frc1:nuts2,2018,2026-09-15T16:27:19.643884+00:00,27453.34,final,2018-01-01,2018-12-31,1,2026-09-15T16:27:19.643884+00:00
HOUSEHOLD_INCOME_TOTAL_NUTS2,frc1:nuts2,2019,2026-09-15T16:27:19.643884+00:00,28077.45,final,2019-01-01,2019-12-31,1,2026-09-15T16:27:19.643884+00:00
HOUSEHOLD_INCOME_TOTAL_NUTS2,frc1:nuts2,2020,2026-09-15T16:27:19.643884+00:00,28392.06,final,2020-01-01,2020-12-31,1,2026-09-15T16:27:19.643884+00:00
HOUSEHOLD_INCOME_TOTAL_NUTS2,frc1:nuts2,2021,2026-09-15T16:27:19.643884+00:00,29068.17,final,2021-01-01,2021-12-31,1,2026-09-15T16:27:19.643884+00:00
HOUSEHOLD_INCOME_TOTAL_NUTS2,frc1:nuts2,2022,2026-09-15T16:27:19.643884+00:00,30920.07,provisional,2022-01-01,2022-12-31,1,2026-09-15T16:27:19.643884+00:00
HOUSEHOLD_INCOME_TOTAL_NUTS2,frc1:nuts2,2023,2026-09-15T16:27:19.643884+00:00,33482.6,provisional,2023-01-01,2023-12-31,1,2026-09-15T16:27:19.643884+00:00
HOUSEHOLD_INCOME_TOTAL_NUTS2,frc2:nuts2,2013,2026-09-15T16:27:19.643884+00:00,18635.38,final,2013-01-01,2013-12-31,1,2026-09-15T16:27:19.643884+00:00
HOUSEHOLD_INCOME_TOTAL_NUTS2,frc2:nuts2,2014,2026-09-15T16:27:19.643884+00:00,18820.64,final,2014-01-01,2014-12-31,1,2026-09-15T16:27:19.643884+00:00
HOUSEHOLD_INCOME_TOTAL_NUTS2,frc2:nuts2,2015,2026-09-15T16:27:19.643884+00:00,18946.42,final,2015-01-01,2015-12-31,1,2026-09-15T16:27:19.643884+00:00
HOUSEHOLD_INCOME_TOTAL_NUTS2,frc2:nuts2,2016,2026-09-15T16:27:19.643884+00:00,19162.72,final,2016-01-01,2016-12-31,1,2026-09-15T16:27:19.643884+00:00
HOUSEHOLD_INCOME_TOTAL_NUTS2,frc2:nuts2,2017,2026-09-15T16:27:19.643884+00:00,19576.28,final,2017-01-01,2017-12-31,1,2026-09-15T16:27:19.643884+00:00
HOUSEHOLD_INCOME_TOTAL_NUTS2,frc2:nuts2,2018,2026-09-15T16:27:19.643884+00:00,19795.63,final,2018-01-01,2018-12-31,1,2026-09-15T16:27:19.643884+00:00
HOUSEHOLD_INCOME_TOTAL_NUTS2,frc2:nuts2,2019,2026-09-15T16:27:19.643884+00:00,20205.97,final,2019-01-01,2019-12-31,1,2026-09-15T16:27:19.643884+00:00
HOUSEHOLD_INCOME_TOTAL_NUTS2,frc2:nuts2,2020,2026-09-15T16:27:19.643884+00:00,20458.01,final,2020-01-01,2020-12-31,1,2026-09-15T16:27:19.643884+00:00
HOUSEHOLD_INCOME_TOTAL_NUTS2,frc2:nuts2,2021,2026-09-15T16:27:19.643884+00:00,21342.34,final,2021-01-01,2021-12-31,1,2026-09-15T16:27:19.643884+00:00
HOUSEHOLD_INCOME_TOTAL_NUTS2,frc2:nuts2,2022,2026-09-15T16:27:19.643884+00:00,22261.49,provisional,2022-01-01,2022-12-31,1,2026-09-15T16:27:19.643884+00:00
HOUSEHOLD_INCOME_TOTAL_NUTS2,frc2:nuts2,2023,2026-09-15T16:27:19.643884+00:00,24039.38,provisional,2023-01-01,2023-12-31,1,2026-09-15T16:27:19.643884+00:00
HOUSEHOLD_INCOME_TOTAL_NUTS2,frd1:nuts2,2013,2026-09-15T16:27:19.643884+00:00,23812.55,final,2013-01-01,2013-12-31,1,2026-09-15T16:27:19.643884+00:00
HOUSEHOLD_INCOME_TOTAL_NUTS2,frd1:nuts2,2014,2026-09-15T16:27:19.643884+00:00,23952.24,final,2014-01-01,2014-12-31,1,2026-09-15T16:27:19.643884+00:00
HOUSEHOLD_INCOME_TOTAL_NUTS2,frd1:nuts2,2015,2026-09-15T16:27:19.643884+00:00,23851.35,final,2015-01-01,2015-12-31,1,2026-09-15T16:27:19.643884+00:00
HOUSEHOLD_INCOME_TOTAL_NUTS2,frd1:nuts2,2016,2026-09-15T16:27:19.643884+00:00,24041.42,final,2016-01-01,2016-12-31,1,2026-09-15T16:27:19.643884+00:00
HOUSEHOLD_INCOME_TOTAL_NUTS2,frd1:nuts2,2017,2026-09-15T16:27:19.643884+00:00,24491.52,final,2017-01-01,2017-12-31,1,2026-09-15T16:27:19.643884+00:00
HOUSEHOLD_INCOME_TOTAL_NUTS2,frd1:nuts2,2018,2026-09-15T16:27:19.643884+00:00,24901.15,final,2018-01-01,2018-12-31,1,2026-09-15T16:27:19.643884+00:00
HOUSEHOLD_INCOME_TOTAL_NUTS2,frd1:nuts2,2019,2026-09-15T16:27:19.643884+00:00,25489.3,final,2019-01-01,2019-12-31,1,2026-09-15T16:27:19.643884+00:00
HOUSEHOLD_INCOME_TOTAL_NUTS2,frd1:nuts2,2020,2026-09-15T16:27:19.643884+00:00,25770.28,final,2020-01-01,2020-12-31,1,2026-09-15T16:27:19.643884+00:00
HOUSEHOLD_INCOME_TOTAL_NUTS2,frd1:nuts2,2021,2026-09-15T16:27:19.643884+00:00,26548.25,final,2021-01-01,2021-12-31,1,2026-09-15T16:27:19.643884+00:00
HOUSEHOLD_INCOME_TOTAL_NUTS2,frd1:nuts2,2022,2026-09-15T16:27:19.643884+00:00,28285.38,provisional,2022-01-01,2022-12-31,1,2026-09-15T16:27:19.643884+00:00
HOUSEHOLD_INCOME_TOTAL_NUTS2,frd1:nuts2,2023,2026-09-15T16:27:19.643884+00:00,30701.48,provisional,2023-01-01,2023-12-31,1,2026-09-15T16:27:19.643884+00:00
HOUSEHOLD_INCOME_TOTAL_NUTS2,frd2:nuts2,2013,2026-09-15T16:27:19.643884+00:00,29863.55,final,2013-01-01,2013-12-31,1,2026-09-15T16:27:19.643884+00:00
HOUSEHOLD_INCOME_TOTAL_NUTS2,frd2:nuts2,2014,2026-09-15T16:27:19.643884+00:00,29924.6,final,2014-01-01,2014-12-31,1,2026-09-15T16:27:19.643884+00:00
HOUSEHOLD_INCOME_TOTAL_NUTS2,frd2:nuts2,2015,2026-09-15T16:27:19.643884+00:00,29799.41,final,2015-01-01,2015-12-31,1,2026-09-15T16:27:19.643884+00:00
HOUSEHOLD_INCOME_TOTAL_NUTS2,frd2:nuts2,2016,2026-09-15T16:27:19.643884+00:00,29824.75,final,2016-01-01,2016-12-31,1,2026-09-15T16:27:19.643884+00:00
HOUSEHOLD_INCOME_TOTAL_NUTS2,frd2:nuts2,2017,2026-09-15T16:27:19.643884+00:00,30388.24,final,2017-01-01,2017-12-31,1,2026-09-15T16:27:19.643884+00:00
HOUSEHOLD_INCOME_TOTAL_NUTS2,frd2:nuts2,2018,2026-09-15T16:27:19.643884+00:00,31232.38,final,2018-01-01,2018-12-31,1,2026-09-15T16:27:19.643884+00:00
HOUSEHOLD_INCOME_TOTAL_NUTS2,frd2:nuts2,2019,2026-09-15T16:27:19.643884+00:00,31998.91,final,2019-01-01,2019-12-31,1,2026-09-15T16:27:19.643884+00:00
HOUSEHOLD_INCOME_TOTAL_NUTS2,frd2:nuts2,2020,2026-09-15T16:27:19.643884+00:00,32262.32,final,2020-01-01,2020-12-31,1,2026-09-15T16:27:19.643884+00:00
HOUSEHOLD_INCOME_TOTAL_NUTS2,frd2:nuts2,2021,2026-09-15T16:27:19.643884+00:00,33238.01,final,2021-01-01,2021-12-31,1,2026-09-15T16:27:19.643884+00:00
HOUSEHOLD_INCOME_TOTAL_NUTS2,frd2:nuts2,2022,2026-09-15T16:27:19.643884+00:00,35354.25,provisional,2022-01-01,2022-12-31,1,2026-09-15T16:27:19.643884+00:00
HOUSEHOLD_INCOME_TOTAL_NUTS2,frd2:nuts2,2023,2026-09-15T16:27:19.643884+00:00,38315.6,provisional,2023-01-01,2023-12-31,1,2026-09-15T16:27:19.643884+00:00
HOUSEHOLD_INCOME_TOTAL_NUTS2,fre1:nuts2,2013,2026-09-15T16:27:19.643884+00:00,58882.95,final,2013-01-01,2013-12-31,1,2026-09-15T16:27:19.643884+00:00
HOUSEHOLD_INCOME_TOTAL_NUTS2,fre1:nuts2,2014,2026-09-15T16:27:19.643884+00:00,59222.13,final,2014-01-01,2014-12-31,1,2026-09-15T16:27:19.643884+00:00
HOUSEHOLD_INCOME_TOTAL_NUTS2,fre1:nuts2,2015,2026-09-15T16:27:19.643884+00:00,59555.16,final,2015-01-01,2015-12-31,1,2026-09-15T16:27:19.643884+00:00
HOUSEHOLD_INCOME_TOTAL_NUTS2,fre1:nuts2,2016,2026-09-15T16:27:19.643884+00:00,59828.04,final,2016-01-01,2016-12-31,1,2026-09-15T16:27:19.643884+00:00
HOUSEHOLD_INCOME_TOTAL_NUTS2,fre1:nuts2,2017,2026-09-15T16:27:19.643884+00:00,60645.44,final,2017-01-01,2017-12-31,1,2026-09-15T16:27:19.643884+00:00
HOUSEHOLD_INCOME_TOTAL_NUTS2,fre1:nuts2,2018,2026-09-15T16:27:19.643884+00:00,61915.99,final,2018-01-01,2018-12-31,1,2026-09-15T16:27:19.643884+00:00
HOUSEHOLD_INCOME_TOTAL_NUTS2,fre1:nuts2,2019,2026-09-15T16:27:19.643884+00:00,64444.22,final,2019-01-01,2019-12-31,1,2026-09-15T16:27:19.643884+00:00
HOUSEHOLD_INCOME_TOTAL_NUTS2,fre1:nuts2,2020,2026-09-15T16:27:19.643884+00:00,65082.16,final,2020-01-01,2020-12-31,1,2026-09-15T16:27:19.643884+00:00
HOUSEHOLD_INCOME_TOTAL_NUTS2,fre1:nuts2,2021,2026-09-15T16:27:19.643884+00:00,67583.19,final,2021-01-01,2021-12-31,1,2026-09-15T16:27:19.643884+00:00
HOUSEHOLD_INCOME_TOTAL_NUTS2,fre1:nuts2,2022,2026-09-15T16:27:19.643884+00:00,71447.87,provisional,2022-01-01,2022-12-31,1,2026-09-15T16:27:19.643884+00:00
HOUSEHOLD_INCOME_TOTAL_NUTS2,fre1:nuts2,2023,2026-09-15T16:27:19.643884+00:00,77333.49,provisional,2023-01-01,2023-12-31,1,2026-09-15T16:27:19.643884+00:00
HOUSEHOLD_INCOME_TOTAL_NUTS2,fre2:nuts2,2013,2026-09-15T16:27:19.643884+00:00,29908.88,final,2013-01-01,2013-12-31,1,2026-09-15T16:27:19.643884+00:00
HOUSEHOLD_INCOME_TOTAL_NUTS2,fre2:nuts2,2014,2026-09-15T16:27:19.643884+00:00,29661.68,final,2014-01-01,2014-12-31,1,2026-09-15T16:27:19.643884+00:00
HOUSEHOLD_INCOME_TOTAL_NUTS2,fre2:nuts2,2015,2026-09-15T16:27:19.643884+00:00,29549.89,final,2015-01-01,2015-12-31,1,2026-09-15T16:27:19.643884+00:00
HOUSEHOLD_INCOME_TOTAL_NUTS2,fre2:nuts2,2016,2026-09-15T16:27:19.643884+00:00,29322.66,final,2016-01-01,2016-12-31,1,2026-09-15T16:27:19.643884+00:00
HOUSEHOLD_INCOME_TOTAL_NUTS2,fre2:nuts2,2017,2026-09-15T16:27:19.643884+00:00,29637.16,final,2017-01-01,2017-12-31,1,2026-09-15T16:27:19.643884+00:00
HOUSEHOLD_INCOME_TOTAL_NUTS2,fre2:nuts2,2018,2026-09-15T16:27:19.643884+00:00,30925.03,final,2018-01-01,2018-12-31,1,2026-09-15T16:27:19.643884+00:00
HOUSEHOLD_INCOME_TOTAL_NUTS2,fre2:nuts2,2019,2026-09-15T16:27:19.643884+00:00,32073.5,final,2019-01-01,2019-12-31,1,2026-09-15T16:27:19.643884+00:00
HOUSEHOLD_INCOME_TOTAL_NUTS2,fre2:nuts2,2020,2026-09-15T16:27:19.643884+00:00,31894.45,final,2020-01-01,2020-12-31,1,2026-09-15T16:27:19.643884+00:00
HOUSEHOLD_INCOME_TOTAL_NUTS2,fre2:nuts2,2021,2026-09-15T16:27:19.643884+00:00,32869.65,final,2021-01-01,2021-12-31,1,2026-09-15T16:27:19.643884+00:00
HOUSEHOLD_INCOME_TOTAL_NUTS2,fre2:nuts2,2022,2026-09-15T16:27:19.643884+00:00,34984.98,provisional,2022-01-01,2022-12-31,1,2026-09-15T16:27:19.643884+00:00
HOUSEHOLD_INCOME_TOTAL_NUTS2,fre2:nuts2,2023,2026-09-15T16:27:19.643884+00:00,37714.32,provisional,2023-01-01,2023-12-31,1,2026-09-15T16:27:19.643884+00:00
HOUSEHOLD_INCOME_TOTAL_NUTS2,frf1:nuts2,2013,2026-09-15T16:27:19.643884+00:00,30781.62,final,2013-01-01,2013-12-31,1,2026-09-15T16:27:19.643884+00:00
HOUSEHOLD_INCOME_TOTAL_NUTS2,frf1:nuts2,2014,2026-09-15T16:27:19.643884+00:00,31003.18,final,2014-01-01,2014-12-31,1,2026-09-15T16:27:19.643884+00:00
HOUSEHOLD_INCOME_TOTAL_NUTS2,frf1:nuts2,2015,2026-09-15T16:27:19.643884+00:00,31579.92,final,2015-01-01,2015-12-31,1,2026-09-15T16:27:19.643884+00:00
HOUSEHOLD_INCOME_TOTAL_NUTS2,frf1:nuts2,2016,2026-09-15T16:27:19.643884+00:00,31815.21,final,2016-01-01,2016-12-31,1,2026-09-15T16:27:19.643884+00:00
HOUSEHOLD_INCOME_TOTAL_NUTS2,frf1:nuts2,2017,2026-09-15T16:27:19.643884+00:00,32462.04,final,2017-01-01,2017-12-31,1,2026-09-15T16:27:19.643884+00:00
HOUSEHOLD_INCOME_TOTAL_NUTS2,frf1:nuts2,2018,2026-09-15T16:27:19.643884+00:00,32766.83,final,2018-01-01,2018-12-31,1,2026-09-15T16:27:19.643884+00:00
HOUSEHOLD_INCOME_TOTAL_NUTS2,frf1:nuts2,2019,2026-09-15T16:27:19.643884+00:00,33745.38,final,2019-01-01,2019-12-31,1,2026-09-15T16:27:19.643884+00:00
HOUSEHOLD_INCOME_TOTAL_NUTS2,frf1:nuts2,2020,2026-09-15T16:27:19.643884+00:00,33967.83,final,2020-01-01,2020-12-31,1,2026-09-15T16:27:19.643884+00:00
HOUSEHOLD_INCOME_TOTAL_NUTS2,frf1:nuts2,2021,2026-09-15T16:27:19.643884+00:00,35771.74,final,2021-01-01,2021-12-31,1,2026-09-15T16:27:19.643884+00:00
HOUSEHOLD_INCOME_TOTAL_NUTS2,frf1:nuts2,2022,2026-09-15T16:27:19.643884+00:00,37255.47,provisional,2022-01-01,2022-12-31,1,2026-09-15T16:27:19.643884+00:00
HOUSEHOLD_INCOME_TOTAL_NUTS2,frf1:nuts2,2023,2026-09-15T16:27:19.643884+00:00,40351.99,provisional,2023-01-01,2023-12-31,1,2026-09-15T16:27:19.643884+00:00
HOUSEHOLD_INCOME_TOTAL_NUTS2,frf2:nuts2,2013,2026-09-15T16:27:19.643884+00:00,20654.85,final,2013-01-01,2013-12-31,1,2026-09-15T16:27:19.643884+00:00
HOUSEHOLD_INCOME_TOTAL_NUTS2,frf2:nuts2,2014,2026-09-15T16:27:19.643884+00:00,20480.94,final,2014-01-01,2014-12-31,1,2026-09-15T16:27:19.643884+00:00
HOUSEHOLD_INCOME_TOTAL_NUTS2,frf2:nuts2,2015,2026-09-15T16:27:19.643884+00:00,20437.79,final,2015-01-01,2015-12-31,1,2026-09-15T16:27:19.643884+00:00
HOUSEHOLD_INCOME_TOTAL_NUTS2,frf2:nuts2,2016,2026-09-15T16:27:19.643884+00:00,20463.03,final,2016-01-01,2016-12-31,1,2026-09-15T16:27:19.643884+00:00
HOUSEHOLD_INCOME_TOTAL_NUTS2,frf2:nuts2,2017,2026-09-15T16:27:19.643884+00:00,20873.18,final,2017-01-01,2017-12-31,1,2026-09-15T16:27:19.643884+00:00
HOUSEHOLD_INCOME_TOTAL_NUTS2,frf2:nuts2,2018,2026-09-15T16:27:19.643884+00:00,21453.34,final,2018-01-01,2018-12-31,1,2026-09-15T16:27:19.643884+00:00
HOUSEHOLD_INCOME_TOTAL_NUTS2,frf2:nuts2,2019,2026-09-15T16:27:19.643884+00:00,22060.71,final,2019-01-01,2019-12-31,1,2026-09-15T16:27:19.643884+00:00
HOUSEHOLD_INCOME_TOTAL_NUTS2,frf2:nuts2,2020,2026-09-15T16:27:19.643884+00:00,22261.08,final,2020-01-01,2020-12-31,1,2026-09-15T16:27:19.643884+00:00
HOUSEHOLD_INCOME_TOTAL_NUTS2,frf2:nuts2,2021,2026-09-15T16:27:19.643884+00:00,22940.49,final,2021-01-01,2021-12-31,1,2026-09-15T16:27:19.643884+00:00
HOUSEHOLD_INCOME_TOTAL_NUTS2,frf2:nuts2,2022,2026-09-15T16:27:19.643884+00:00,24333.08,provisional,2022-01-01,2022-12-31,1,2026-09-15T16:27:19.643884+00:00
HOUSEHOLD_INCOME_TOTAL_NUTS2,frf2:nuts2,2023,2026-09-15T16:27:19.643884+00:00,26426.15,provisional,2023-01-01,2023-12-31,1,2026-09-15T16:27:19.643884+00:00
HOUSEHOLD_INCOME_TOTAL_NUTS2,frf3:nuts2,2013,2026-09-15T16:27:19.643884+00:00,36727.29,final,2013-01-01,2013-12-31,1,2026-09-15T16:27:19.643884+00:00
HOUSEHOLD_INCOME_TOTAL_NUTS2,frf3:nuts2,2014,2026-09-15T16:27:19.643884+00:00,36739.61,final,2014-01-01,2014-12-31,1,2026-09-15T16:27:19.643884+00:00
HOUSEHOLD_INCOME_TOTAL_NUTS2,frf3:nuts2,2015,2026-09-15T16:27:19.643884+00:00,37282.4,final,2015-01-01,2015-12-31,1,2026-09-15T16:27:19.643884+00:00
HOUSEHOLD_INCOME_TOTAL_NUTS2,frf3:nuts2,2016,2026-09-15T16:27:19.643884+00:00,37325.8,final,2016-01-01,2016-12-31,1,2026-09-15T16:27:19.643884+00:00
HOUSEHOLD_INCOME_TOTAL_NUTS2,frf3:nuts2,2017,2026-09-15T16:27:19.643884+00:00,37834.97,final,2017-01-01,2017-12-31,1,2026-09-15T16:27:19.643884+00:00
HOUSEHOLD_INCOME_TOTAL_NUTS2,frf3:nuts2,2018,2026-09-15T16:27:19.643884+00:00,38056.27,final,2018-01-01,2018-12-31,1,2026-09-15T16:27:19.643884+00:00
HOUSEHOLD_INCOME_TOTAL_NUTS2,frf3:nuts2,2019,2026-09-15T16:27:19.643884+00:00,39099.69,final,2019-01-01,2019-12-31,1,2026-09-15T16:27:19.643884+00:00
HOUSEHOLD_INCOME_TOTAL_NUTS2,frf3:nuts2,2020,2026-09-15T16:27:19.643884+00:00,39612.82,final,2020-01-01,2020-12-31,1,2026-09-15T16:27:19.643884+00:00
HOUSEHOLD_INCOME_TOTAL_NUTS2,frf3:nuts2,2021,2026-09-15T16:27:19.643884+00:00,40878.39,final,2021-01-01,2021-12-31,1,2026-09-15T16:27:19.643884+00:00
HOUSEHOLD_INCOME_TOTAL_NUTS2,frf3:nuts2,2022,2026-09-15T16:27:19.643884+00:00,43613.6,provisional,2022-01-01,2022-12-31,1,2026-09-15T16:27:19.643884+00:00
HOUSEHOLD_INCOME_TOTAL_NUTS2,frf3:nuts2,2023,2026-09-15T16:27:19.643884+00:00,47161.39,provisional,2023-01-01,2023-12-31,1,2026-09-15T16:27:19.643884+00:00
HOUSEHOLD_INCOME_TOTAL_NUTS2,frg0:nuts2,2013,2026-09-15T16:27:19.643884+00:00,59838.66,final,2013-01-01,2013-12-31,1,2026-09-15T16:27:19.643884+00:00
HOUSEHOLD_INCOME_TOTAL_NUTS2,frg0:nuts2,2014,2026-09-15T16:27:19.643884+00:00,60045.71,final,2014-01-01,2014-12-31,1,2026-09-15T16:27:19.643884+00:00
HOUSEHOLD_INCOME_TOTAL_NUTS2,frg0:nuts2,2015,2026-09-15T16:27:19.643884+00:00,60506.53,final,2015-01-01,2015-12-31,1,2026-09-15T16:27:19.643884+00:00
HOUSEHOLD_INCOME_TOTAL_NUTS2,frg0:nuts2,2016,2026-09-15T16:27:19.643884+00:00,61713.44,final,2016-01-01,2016-12-31,1,2026-09-15T16:27:19.643884+00:00
HOUSEHOLD_INCOME_TOTAL_NUTS2,frg0:nuts2,2017,2026-09-15T16:27:19.643884+00:00,62786.22,final,2017-01-01,2017-12-31,1,2026-09-15T16:27:19.643884+00:00
HOUSEHOLD_INCOME_TOTAL_NUTS2,frg0:nuts2,2018,2026-09-15T16:27:19.643884+00:00,64394.61,final,2018-01-01,2018-12-31,1,2026-09-15T16:27:19.643884+00:00
HOUSEHOLD_INCOME_TOTAL_NUTS2,frg0:nuts2,2019,2026-09-15T16:27:19.643884+00:00,66545.14,final,2019-01-01,2019-12-31,1,2026-09-15T16:27:19.643884+00:00
HOUSEHOLD_INCOME_TOTAL_NUTS2,frg0:nuts2,2020,2026-09-15T16:27:19.643884+00:00,67415.22,final,2020-01-01,2020-12-31,1,2026-09-15T16:27:19.643884+00:00
HOUSEHOLD_INCOME_TOTAL_NUTS2,frg0:nuts2,2021,2026-09-15T16:27:19.643884+00:00,69781.28,final,2021-01-01,2021-12-31,1,2026-09-15T16:27:19.643884+00:00
HOUSEHOLD_INCOME_TOTAL_NUTS2,frg0:nuts2,2022,2026-09-15T16:27:19.643884+00:00,75121.56,provisional,2022-01-01,2022-12-31,1,2026-09-15T16:27:19.643884+00:00
HOUSEHOLD_INCOME_TOTAL_NUTS2,frg0:nuts2,2023,2026-09-15T16:27:19.643884+00:00,81748.33,provisional,2023-01-01,2023-12-31,1,2026-09-15T16:27:19.643884+00:00
HOUSEHOLD_INCOME_TOTAL_NUTS2,frh0:nuts2,2013,2026-09-15T16:27:19.643884+00:00,52735.58,final,2013-01-01,2013-12-31,1,2026-09-15T16:27:19.643884+00:00
HOUSEHOLD_INCOME_TOTAL_NUTS2,frh0:nuts2,2014,2026-09-15T16:27:19.643884+00:00,53107.07,final,2014-01-01,2014-12-31,1,2026-09-15T16:27:19.643884+00:00
HOUSEHOLD_INCOME_TOTAL_NUTS2,frh0:nuts2,2015,2026-09-15T16:27:19.643884+00:00,52917.3,final,2015-01-01,2015-12-31,1,2026-09-15T16:27:19.643884+00:00
HOUSEHOLD_INCOME_TOTAL_NUTS2,frh0:nuts2,2016,2026-09-15T16:27:19.643884+00:00,53912.78,final,2016-01-01,2016-12-31,1,2026-09-15T16:27:19.643884+00:00
HOUSEHOLD_INCOME_TOTAL_NUTS2,frh0:nuts2,2017,2026-09-15T16:27:19.643884+00:00,54990.53,final,2017-01-01,2017-12-31,1,2026-09-15T16:27:19.643884+00:00
HOUSEHOLD_INCOME_TOTAL_NUTS2,frh0:nuts2,2018,2026-09-15T16:27:19.643884+00:00,56353.52,final,2018-01-01,2018-12-31,1,2026-09-15T16:27:19.643884+00:00
HOUSEHOLD_INCOME_TOTAL_NUTS2,frh0:nuts2,2019,2026-09-15T16:27:19.643884+00:00,58678.42,final,2019-01-01,2019-12-31,1,2026-09-15T16:27:19.643884+00:00
HOUSEHOLD_INCOME_TOTAL_NUTS2,frh0:nuts2,2020,2026-09-15T16:27:19.643884+00:00,60119.79,final,2020-01-01,2020-12-31,1,2026-09-15T16:27:19.643884+00:00
HOUSEHOLD_INCOME_TOTAL_NUTS2,frh0:nuts2,2021,2026-09-15T16:27:19.643884+00:00,62237.0,final,2021-01-01,2021-12-31,1,2026-09-15T16:27:19.643884+00:00
HOUSEHOLD_INCOME_TOTAL_NUTS2,frh0:nuts2,2022,2026-09-15T16:27:19.643884+00:00,66659.21,provisional,2022-01-01,2022-12-31,1,2026-09-15T16:27:19.643884+00:00
HOUSEHOLD_INCOME_TOTAL_NUTS2,frh0:nuts2,2023,2026-09-15T16:27:19.643884+00:00,72720.14,provisional,2023-01-01,2023-12-31,1,2026-09-15T16:27:19.643884+00:00
HOUSEHOLD_INCOME_TOTAL_NUTS2,fri1:nuts2,2013,2026-09-15T16:27:19.643884+00:00,54369.67,final,2013-01-01,2013-12-31,1,2026-09-15T16:27:19.643884+00:00
HOUSEHOLD_INCOME_TOTAL_NUTS2,fri1:nuts2,2014,2026-09-15T16:27:19.643884+00:00,55054.93,final,2014-01-01,2014-12-31,1,2026-09-15T16:27:19.643884+00:00
HOUSEHOLD_INCOME_TOTAL_NUTS2,fri1:nuts2,2015,2026-09-15T16:27:19.643884+00:00,55446.89,final,2015-01-01,2015-12-31,1,2026-09-15T16:27:19.643884+00:00
HOUSEHOLD_INCOME_TOTAL_NUTS2,fri1:nuts2,2016,2026-09-15T16:27:19.643884+00:00,56741.69,final,2016-01-01,2016-12-31,1,2026-09-15T16:27:19.643884+00:00
HOUSEHOLD_INCOME_TOTAL_NUTS2,fri1:nuts2,2017,2026-09-15T16:27:19.643884+00:00,57759.59,final,2017-01-01,2017-12-31,1,2026-09-15T16:27:19.643884+00:00
HOUSEHOLD_INCOME_TOTAL_NUTS2,fri1:nuts2,2018,2026-09-15T16:27:19.643884+00:00,59507.68,final,2018-01-01,2018-12-31,1,2026-09-15T16:27:19.643884+00:00
HOUSEHOLD_INCOME_TOTAL_NUTS2,fri1:nuts2,2019,2026-09-15T16:27:19.643884+00:00,62074.73,final,2019-01-01,2019-12-31,1,2026-09-15T16:27:19.643884+00:00
HOUSEHOLD_INCOME_TOTAL_NUTS2,fri1:nuts2,2020,2026-09-15T16:27:19.643884+00:00,63176.39,final,2020-01-01,2020-12-31,1,2026-09-15T16:27:19.643884+00:00
HOUSEHOLD_INCOME_TOTAL_NUTS2,fri1:nuts2,2021,2026-09-15T16:27:19.643884+00:00,65430.58,final,2021-01-01,2021-12-31,1,2026-09-15T16:27:19.643884+00:00
HOUSEHOLD_INCOME_TOTAL_NUTS2,fri1:nuts2,2022,2026-09-15T16:27:19.643884+00:00,70484.29,provisional,2022-01-01,2022-12-31,1,2026-09-15T16:27:19.643884+00:00
HOUSEHOLD_INCOME_TOTAL_NUTS2,fri1:nuts2,2023,2026-09-15T16:27:19.643884+00:00,76885.87,provisional,2023-01-01,2023-12-31,1,2026-09-15T16:27:19.643884+00:00
HOUSEHOLD_INCOME_TOTAL_NUTS2,fri2:nuts2,2013,2026-09-15T16:27:19.643884+00:00,12124.17,final,2013-01-01,2013-12-31,1,2026-09-15T16:27:19.643884+00:00
HOUSEHOLD_INCOME_TOTAL_NUTS2,fri2:nuts2,2014,2026-09-15T16:27:19.643884+00:00,12320.38,final,2014-01-01,2014-12-31,1,2026-09-15T16:27:19.643884+00:00
HOUSEHOLD_INCOME_TOTAL_NUTS2,fri2:nuts2,2015,2026-09-15T16:27:19.643884+00:00,12224.46,final,2015-01-01,2015-12-31,1,2026-09-15T16:27:19.643884+00:00
HOUSEHOLD_INCOME_TOTAL_NUTS2,fri2:nuts2,2016,2026-09-15T16:27:19.643884+00:00,12394.87,final,2016-01-01,2016-12-31,1,2026-09-15T16:27:19.643884+00:00
HOUSEHOLD_INCOME_TOTAL_NUTS2,fri2:nuts2,2017,2026-09-15T16:27:19.643884+00:00,12518.93,final,2017-01-01,2017-12-31,1,2026-09-15T16:27:19.643884+00:00
HOUSEHOLD_INCOME_TOTAL_NUTS2,fri2:nuts2,2018,2026-09-15T16:27:19.643884+00:00,12567.29,final,2018-01-01,2018-12-31,1,2026-09-15T16:27:19.643884+00:00
HOUSEHOLD_INCOME_TOTAL_NUTS2,fri2:nuts2,2019,2026-09-15T16:27:19.643884+00:00,13118.23,final,2019-01-01,2019-12-31,1,2026-09-15T16:27:19.643884+00:00
HOUSEHOLD_INCOME_TOTAL_NUTS2,fri2:nuts2,2020,2026-09-15T16:27:19.643884+00:00,13399.77,final,2020-01-01,2020-12-31,1,2026-09-15T16:27:19.643884+00:00
HOUSEHOLD_INCOME_TOTAL_NUTS2,fri2:nuts2,2021,2026-09-15T16:27:19.643884+00:00,13636.63,final,2021-01-01,2021-12-31,1,2026-09-15T16:27:19.643884+00:00
HOUSEHOLD_INCOME_TOTAL_NUTS2,fri2:nuts2,2022,2026-09-15T16:27:19.643884+00:00,13962.47,provisional,2022-01-01,2022-12-31,1,2026-09-15T16:27:19.643884+00:00
HOUSEHOLD_INCOME_TOTAL_NUTS2,fri2:nuts2,2023,2026-09-15T16:27:19.643884+00:00,15093.84,provisional,2023-01-01,2023-12-31,1,2026-09-15T16:27:19.643884+00:00
HOUSEHOLD_INCOME_TOTAL_NUTS2,fri3:nuts2,2013,2026-09-15T16:27:19.643884+00:00,28677.18,final,2013-01-01,2013-12-31,1,2026-09-15T16:27:19.643884+00:00
HOUSEHOLD_INCOME_TOTAL_NUTS2,fri3:nuts2,2014,2026-09-15T16:27:19.643884+00:00,28805.89,final,2014-01-01,2014-12-31,1,2026-09-15T16:27:19.643884+00:00
HOUSEHOLD_INCOME_TOTAL_NUTS2,fri3:nuts2,2015,2026-09-15T16:27:19.643884+00:00,28471.85,final,2015-01-01,2015-12-31,1,2026-09-15T16:27:19.643884+00:00
HOUSEHOLD_INCOME_TOTAL_NUTS2,fri3:nuts2,2016,2026-09-15T16:27:19.643884+00:00,28310.75,final,2016-01-01,2016-12-31,1,2026-09-15T16:27:19.643884+00:00
HOUSEHOLD_INCOME_TOTAL_NUTS2,fri3:nuts2,2017,2026-09-15T16:27:19.643884+00:00,29346.25,final,2017-01-01,2017-12-31,1,2026-09-15T16:27:19.643884+00:00
HOUSEHOLD_INCOME_TOTAL_NUTS2,fri3:nuts2,2018,2026-09-15T16:27:19.643884+00:00,30017.82,final,2018-01-01,2018-12-31,1,2026-09-15T16:27:19.643884+00:00
HOUSEHOLD_INCOME_TOTAL_NUTS2,fri3:nuts2,2019,2026-09-15T16:27:19.643884+00:00,31313.47,final,2019-01-01,2019-12-31,1,2026-09-15T16:27:19.643884+00:00
HOUSEHOLD_INCOME_TOTAL_NUTS2,fri3:nuts2,2020,2026-09-15T16:27:19.643884+00:00,31932.87,final,2020-01-01,2020-12-31,1,2026-09-15T16:27:19.643884+00:00
HOUSEHOLD_INCOME_TOTAL_NUTS2,fri3:nuts2,2021,2026-09-15T16:27:19.643884+00:00,32857.76,final,2021-01-01,2021-12-31,1,2026-09-15T16:27:19.643884+00:00
HOUSEHOLD_INCOME_TOTAL_NUTS2,fri3:nuts2,2022,2026-09-15T16:27:19.643884+00:00,35169.44,provisional,2022-01-01,2022-12-31,1,2026-09-15T16:27:19.643884+00:00
HOUSEHOLD_INCOME_TOTAL_NUTS2,fri3:nuts2,2023,2026-09-15T16:27:19.643884+00:00,38293.22,provisional,2023-01-01,2023-12-31,1,2026-09-15T16:27:19.643884+00:00
HOUSEHOLD_INCOME_TOTAL_NUTS2,frj1:nuts2,2013,2026-09-15T16:27:19.643884+00:00,42434.35,final,2013-01-01,2013-12-31,1,2026-09-15T16:27:19.643884+00:00
HOUSEHOLD_INCOME_TOTAL_NUTS2,frj1:nuts2,2014,2026-09-15T16:27:19.643884+00:00,42834.52,final,2014-01-01,2014-12-31,1,2026-09-15T16:27:19.643884+00:00
HOUSEHOLD_INCOME_TOTAL_NUTS2,frj1:nuts2,2015,2026-09-15T16:27:19.643884+00:00,42840.79,final,2015-01-01,2015-12-31,1,2026-09-15T16:27:19.643884+00:00
HOUSEHOLD_INCOME_TOTAL_NUTS2,frj1:nuts2,2016,2026-09-15T16:27:19.643884+00:00,43558.1,final,2016-01-01,2016-12-31,1,2026-09-15T16:27:19.643884+00:00
HOUSEHOLD_INCOME_TOTAL_NUTS2,frj1:nuts2,2017,2026-09-15T16:27:19.643884+00:00,44216.36,final,2017-01-01,2017-12-31,1,2026-09-15T16:27:19.643884+00:00
HOUSEHOLD_INCOME_TOTAL_NUTS2,frj1:nuts2,2018,2026-09-15T16:27:19.643884+00:00,45625.76,final,2018-01-01,2018-12-31,1,2026-09-15T16:27:19.643884+00:00
HOUSEHOLD_INCOME_TOTAL_NUTS2,frj1:nuts2,2019,2026-09-15T16:27:19.643884+00:00,47650.44,final,2019-01-01,2019-12-31,1,2026-09-15T16:27:19.643884+00:00
HOUSEHOLD_INCOME_TOTAL_NUTS2,frj1:nuts2,2020,2026-09-15T16:27:19.643884+00:00,49002.0,final,2020-01-01,2020-12-31,1,2026-09-15T16:27:19.643884+00:00
HOUSEHOLD_INCOME_TOTAL_NUTS2,frj1:nuts2,2021,2026-09-15T16:27:19.643884+00:00,50383.84,final,2021-01-01,2021-12-31,1,2026-09-15T16:27:19.643884+00:00
HOUSEHOLD_INCOME_TOTAL_NUTS2,frj1:nuts2,2022,2026-09-15T16:27:19.643884+00:00,54296.62,provisional,2022-01-01,2022-12-31,1,2026-09-15T16:27:19.643884+00:00
HOUSEHOLD_INCOME_TOTAL_NUTS2,frj1:nuts2,2023,2026-09-15T16:27:19.643884+00:00,58962.73,provisional,2023-01-01,2023-12-31,1,2026-09-15T16:27:19.643884+00:00
HOUSEHOLD_INCOME_TOTAL_NUTS2,frj2:nuts2,2013,2026-09-15T16:27:19.643884+00:00,48993.52,final,2013-01-01,2013-12-31,1,2026-09-15T16:27:19.643884+00:00
HOUSEHOLD_INCOME_TOTAL_NUTS2,frj2:nuts2,2014,2026-09-15T16:27:19.643884+00:00,49353.77,final,2014-01-01,2014-12-31,1,2026-09-15T16:27:19.643884+00:00
HOUSEHOLD_INCOME_TOTAL_NUTS2,frj2:nuts2,2015,2026-09-15T16:27:19.643884+00:00,49628.27,final,2015-01-01,2015-12-31,1,2026-09-15T16:27:19.643884+00:00
HOUSEHOLD_INCOME_TOTAL_NUTS2,frj2:nuts2,2016,2026-09-15T16:27:19.643884+00:00,50358.06,final,2016-01-01,2016-12-31,1,2026-09-15T16:27:19.643884+00:00
HOUSEHOLD_INCOME_TOTAL_NUTS2,frj2:nuts2,2017,2026-09-15T16:27:19.643884+00:00,51566.66,final,2017-01-01,2017-12-31,1,2026-09-15T16:27:19.643884+00:00
HOUSEHOLD_INCOME_TOTAL_NUTS2,frj2:nuts2,2018,2026-09-15T16:27:19.643884+00:00,52424.11,final,2018-01-01,2018-12-31,1,2026-09-15T16:27:19.643884+00:00
HOUSEHOLD_INCOME_TOTAL_NUTS2,frj2:nuts2,2019,2026-09-15T16:27:19.643884+00:00,54856.24,final,2019-01-01,2019-12-31,1,2026-09-15T16:27:19.643884+00:00
HOUSEHOLD_INCOME_TOTAL_NUTS2,frj2:nuts2,2020,2026-09-15T16:27:19.643884+00:00,55675.54,final,2020-01-01,2020-12-31,1,2026-09-15T16:27:19.643884+00:00
HOUSEHOLD_INCOME_TOTAL_NUTS2,frj2:nuts2,2021,2026-09-15T16:27:19.643884+00:00,57203.73,final,2021-01-01,2021-12-31,1,2026-09-15T16:27:19.643884+00:00
HOUSEHOLD_INCOME_TOTAL_NUTS2,frj2:nuts2,2022,2026-09-15T16:27:19.643884+00:00,61604.69,provisional,2022-01-01,2022-12-31,1,2026-09-15T16:27:19.643884+00:00
HOUSEHOLD_INCOME_TOTAL_NUTS2,frj2:nuts2,2023,2026-09-15T16:27:19.643884+00:00,67139.01,provisional,2023-01-01,2023-12-31,1,2026-09-15T16:27:19.643884+00:00
HOUSEHOLD_INCOME_TOTAL_NUTS2,frk1:nuts2,2013,2026-09-15T16:27:19.643884+00:00,22460.5,final,2013-01-01,2013-12-31,1,2026-09-15T16:27:19.643884+00:00
HOUSEHOLD_INCOME_TOTAL_NUTS2,frk1:nuts2,2014,2026-09-15T16:27:19.643884+00:00,22476.67,final,2014-01-01,2014-12-31,1,2026-09-15T16:27:19.643884+00:00
HOUSEHOLD_INCOME_TOTAL_NUTS2,frk1:nuts2,2015,2026-09-15T16:27:19.643884+00:00,22228.48,final,2015-01-01,2015-12-31,1,2026-09-15T16:27:19.643884+00:00
HOUSEHOLD_INCOME_TOTAL_NUTS2,frk1:nuts2,2016,2026-09-15T16:27:19.643884+00:00,22580.71,final,2016-01-01,2016-12-31,1,2026-09-15T16:27:19.643884+00:00
HOUSEHOLD_INCOME_TOTAL_NUTS2,frk1:nuts2,2017,2026-09-15T16:27:19.643884+00:00,22752.42,final,2017-01-01,2017-12-31,1,2026-09-15T16:27:19.643884+00:00
HOUSEHOLD_INCOME_TOTAL_NUTS2,frk1:nuts2,2018,2026-09-15T16:27:19.643884+00:00,23295.67,final,2018-01-01,2018-12-31,1,2026-09-15T16:27:19.643884+00:00
HOUSEHOLD_INCOME_TOTAL_NUTS2,frk1:nuts2,2019,2026-09-15T16:27:19.643884+00:00,23862.21,final,2019-01-01,2019-12-31,1,2026-09-15T16:27:19.643884+00:00
HOUSEHOLD_INCOME_TOTAL_NUTS2,frk1:nuts2,2020,2026-09-15T16:27:19.643884+00:00,24341.01,final,2020-01-01,2020-12-31,1,2026-09-15T16:27:19.643884+00:00
HOUSEHOLD_INCOME_TOTAL_NUTS2,frk1:nuts2,2021,2026-09-15T16:27:19.643884+00:00,24900.96,final,2021-01-01,2021-12-31,1,2026-09-15T16:27:19.643884+00:00
HOUSEHOLD_INCOME_TOTAL_NUTS2,frk1:nuts2,2022,2026-09-15T16:27:19.643884+00:00,26495.34,provisional,2022-01-01,2022-12-31,1,2026-09-15T16:27:19.643884+00:00
HOUSEHOLD_INCOME_TOTAL_NUTS2,frk1:nuts2,2023,2026-09-15T16:27:19.643884+00:00,28806.3,provisional,2023-01-01,2023-12-31,1,2026-09-15T16:27:19.643884+00:00
HOUSEHOLD_INCOME_TOTAL_NUTS2,frk2:nuts2,2013,2026-09-15T16:27:19.643884+00:00,110153.46,final,2013-01-01,2013-12-31,1,2026-09-15T16:27:19.643884+00:00
HOUSEHOLD_INCOME_TOTAL_NUTS2,frk2:nuts2,2014,2026-09-15T16:27:19.643884+00:00,111487.17,final,2014-01-01,2014-12-31,1,2026-09-15T16:27:19.643884+00:00
HOUSEHOLD_INCOME_TOTAL_NUTS2,frk2:nuts2,2015,2026-09-15T16:27:19.643884+00:00,113097.18,final,2015-01-01,2015-12-31,1,2026-09-15T16:27:19.643884+00:00
HOUSEHOLD_INCOME_TOTAL_NUTS2,frk2:nuts2,2016,2026-09-15T16:27:19.643884+00:00,115320.92,final,2016-01-01,2016-12-31,1,2026-09-15T16:27:19.643884+00:00
HOUSEHOLD_INCOME_TOTAL_NUTS2,frk2:nuts2,2017,2026-09-15T16:27:19.643884+00:00,117728.27,final,2017-01-01,2017-12-31,1,2026-09-15T16:27:19.643884+00:00
HOUSEHOLD_INCOME_TOTAL_NUTS2,frk2:nuts2,2018,2026-09-15T16:27:19.643884+00:00,120121.59,final,2018-01-01,2018-12-31,1,2026-09-15T16:27:19.643884+00:00
HOUSEHOLD_INCOME_TOTAL_NUTS2,frk2:nuts2,2019,2026-09-15T16:27:19.643884+00:00,123187.0,final,2019-01-01,2019-12-31,1,2026-09-15T16:27:19.643884+00:00
HOUSEHOLD_INCOME_TOTAL_NUTS2,frk2:nuts2,2020,2026-09-15T16:27:19.643884+00:00,124862.94,final,2020-01-01,2020-12-31,1,2026-09-15T16:27:19.643884+00:00
HOUSEHOLD_INCOME_TOTAL_NUTS2,frk2:nuts2,2021,2026-09-15T16:27:19.643884+00:00,127951.55,final,2021-01-01,2021-12-31,1,2026-09-15T16:27:19.643884+00:00
HOUSEHOLD_INCOME_TOTAL_NUTS2,frk2:nuts2,2022,2026-09-15T16:27:19.643884+00:00,138668.75,provisional,2022-01-01,2022-12-31,1,2026-09-15T16:27:19.643884+00:00
HOUSEHOLD_INCOME_TOTAL_NUTS2,frk2:nuts2,2023,2026-09-15T16:27:19.643884+00:00,150748.94,provisional,2023-01-01,2023-12-31,1,2026-09-15T16:27:19.643884+00:00
HOUSEHOLD_INCOME_TOTAL_NUTS2,frl0:nuts2,2013,2026-09-15T16:27:19.643884+00:00,86189.35,final,2013-01-01,2013-12-31,1,2026-09-15T16:27:19.643884+00:00
HOUSEHOLD_INCOME_TOTAL_NUTS2,frl0:nuts2,2014,2026-09-15T16:27:19.643884+00:00,86238.97,final,2014-01-01,2014-12-31,1,2026-09-15T16:27:19.643884+00:00
HOUSEHOLD_INCOME_TOTAL_NUTS2,frl0:nuts2,2015,2026-09-15T16:27:19.643884+00:00,86440.75,final,2015-01-01,2015-12-31,1,2026-09-15T16:27:19.643884+00:00
HOUSEHOLD_INCOME_TOTAL_NUTS2,frl0:nuts2,2016,2026-09-15T16:27:19.643884+00:00,87959.36,final,2016-01-01,2016-12-31,1,2026-09-15T16:27:19.643884+00:00
HOUSEHOLD_INCOME_TOTAL_NUTS2,frl0:nuts2,2017,2026-09-15T16:27:19.643884+00:00,88933.06,final,2017-01-01,2017-12-31,1,2026-09-15T16:27:19.643884+00:00
HOUSEHOLD_INCOME_TOTAL_NUTS2,frl0:nuts2,2018,2026-09-15T16:27:19.643884+00:00,91777.37,final,2018-01-01,2018-12-31,1,2026-09-15T16:27:19.643884+00:00
HOUSEHOLD_INCOME_TOTAL_NUTS2,frl0:nuts2,2019,2026-09-15T16:27:19.643884+00:00,95468.93,final,2019-01-01,2019-12-31,1,2026-09-15T16:27:19.643884+00:00
HOUSEHOLD_INCOME_TOTAL_NUTS2,frl0:nuts2,2020,2026-09-15T16:27:19.643884+00:00,97563.17,final,2020-01-01,2020-12-31,1,2026-09-15T16:27:19.643884+00:00
HOUSEHOLD_INCOME_TOTAL_NUTS2,frl0:nuts2,2021,2026-09-15T16:27:19.643884+00:00,100493.51,final,2021-01-01,2021-12-31,1,2026-09-15T16:27:19.643884+00:00
HOUSEHOLD_INCOME_TOTAL_NUTS2,frl0:nuts2,2022,2026-09-15T16:27:19.643884+00:00,110106.45,provisional,2022-01-01,2022-12-31,1,2026-09-15T16:27:19.643884+00:00
HOUSEHOLD_INCOME_TOTAL_NUTS2,frl0:nuts2,2023,2026-09-15T16:27:19.643884+00:00,120282.87,provisional,2023-01-01,2023-12-31,1,2026-09-15T16:27:19.643884+00:00
HOUSEHOLD_INCOME_TOTAL_NUTS2,frm0:nuts2,2013,2026-09-15T16:27:19.643884+00:00,5291.91,final,2013-01-01,2013-12-31,1,2026-09-15T16:27:19.643884+00:00
HOUSEHOLD_INCOME_TOTAL_NUTS2,frm0:nuts2,2014,2026-09-15T16:27:19.643884+00:00,5226.43,final,2014-01-01,2014-12-31,1,2026-09-15T16:27:19.643884+00:00
HOUSEHOLD_INCOME_TOTAL_NUTS2,frm0:nuts2,2015,2026-09-15T16:27:19.643884+00:00,5247.64,final,2015-01-01,2015-12-31,1,2026-09-15T16:27:19.643884+00:00
HOUSEHOLD_INCOME_TOTAL_NUTS2,frm0:nuts2,2016,2026-09-15T16:27:19.643884+00:00,5409.61,final,2016-01-01,2016-12-31,1,2026-09-15T16:27:19.643884+00:00
HOUSEHOLD_INCOME_TOTAL_NUTS2,frm0:nuts2,2017,2026-09-15T16:27:19.643884+00:00,5672.78,final,2017-01-01,2017-12-31,1,2026-09-15T16:27:19.643884+00:00
HOUSEHOLD_INCOME_TOTAL_NUTS2,frm0:nuts2,2018,2026-09-15T16:27:19.643884+00:00,5937.41,final,2018-01-01,2018-12-31,1,2026-09-15T16:27:19.643884+00:00
HOUSEHOLD_INCOME_TOTAL_NUTS2,frm0:nuts2,2019,2026-09-15T16:27:19.643884+00:00,6160.45,final,2019-01-01,2019-12-31,1,2026-09-15T16:27:19.643884+00:00
HOUSEHOLD_INCOME_TOTAL_NUTS2,frm0:nuts2,2020,2026-09-15T16:27:19.643884+00:00,6398.01,final,2020-01-01,2020-12-31,1,2026-09-15T16:27:19.643884+00:00
HOUSEHOLD_INCOME_TOTAL_NUTS2,frm0:nuts2,2021,2026-09-15T16:27:19.643884+00:00,6611.48,final,2021-01-01,2021-12-31,1,2026-09-15T16:27:19.643884+00:00
HOUSEHOLD_INCOME_TOTAL_NUTS2,frm0:nuts2,2022,2026-09-15T16:27:19.643884+00:00,7025.99,provisional,2022-01-01,2022-12-31,1,2026-09-15T16:27:19.643884+00:00
HOUSEHOLD_INCOME_TOTAL_NUTS2,frm0:nuts2,2023,2026-09-15T16:27:19.643884+00:00,7663.19,provisional,2023-01-01,2023-12-31,1,2026-09-15T16:27:19.643884+00:00
HOUSEHOLD_INCOME_TOTAL_NUTS2,fry1:nuts2,2013,2026-09-15T16:27:19.643884+00:00,5930.74,final,2013-01-01,2013-12-31,1,2026-09-15T16:27:19.643884+00:00
HOUSEHOLD_INCOME_TOTAL_NUTS2,fry1:nuts2,2014,2026-09-15T16:27:19.643884+00:00,6132.97,final,2014-01-01,2014-12-31,1,2026-09-15T16:27:19.643884+00:00
HOUSEHOLD_INCOME_TOTAL_NUTS2,fry1:nuts2,2015,2026-09-15T16:27:19.643884+00:00,6105.8,final,2015-01-01,2015-12-31,1,2026-09-15T16:27:19.643884+00:00
HOUSEHOLD_INCOME_TOTAL_NUTS2,fry1:nuts2,2016,2026-09-15T16:27:19.643884+00:00,6086.77,final,2016-01-01,2016-12-31,1,2026-09-15T16:27:19.643884+00:00
HOUSEHOLD_INCOME_TOTAL_NUTS2,fry1:nuts2,2017,2026-09-15T16:27:19.643884+00:00,6110.83,final,2017-01-01,2017-12-31,1,2026-09-15T16:27:19.643884+00:00
HOUSEHOLD_INCOME_TOTAL_NUTS2,fry1:nuts2,2018,2026-09-15T16:27:19.643884+00:00,6091.74,final,2018-01-01,2018-12-31,1,2026-09-15T16:27:19.643884+00:00
HOUSEHOLD_INCOME_TOTAL_NUTS2,fry1:nuts2,2019,2026-09-15T16:27:19.643884+00:00,6157.98,final,2019-01-01,2019-12-31,1,2026-09-15T16:27:19.643884+00:00
HOUSEHOLD_INCOME_TOTAL_NUTS2,fry1:nuts2,2020,2026-09-15T16:27:19.643884+00:00,6180.48,final,2020-01-01,2020-12-31,1,2026-09-15T16:27:19.643884+00:00
HOUSEHOLD_INCOME_TOTAL_NUTS2,fry1:nuts2,2021,2026-09-15T16:27:19.643884+00:00,6625.91,final,2021-01-01,2021-12-31,1,2026-09-15T16:27:19.643884+00:00
HOUSEHOLD_INCOME_TOTAL_NUTS2,fry1:nuts2,2022,2026-09-15T16:27:19.643884+00:00,6620.96,provisional,2022-01-01,2022-12-31,1,2026-09-15T16:27:19.643884+00:00
HOUSEHOLD_INCOME_TOTAL_NUTS2,fry1:nuts2,2023,2026-09-15T16:27:19.643884+00:00,6974.25,provisional,2023-01-01,2023-12-31,1,2026-09-15T16:27:19.643884+00:00
HOUSEHOLD_INCOME_TOTAL_NUTS2,fry2:nuts2,2013,2026-09-15T16:27:19.643884+00:00,5541.29,final,2013-01-01,2013-12-31,1,2026-09-15T16:27:19.643884+00:00
HOUSEHOLD_INCOME_TOTAL_NUTS2,fry2:nuts2,2014,2026-09-15T16:27:19.643884+00:00,5610.64,final,2014-01-01,2014-12-31,1,2026-09-15T16:27:19.643884+00:00
HOUSEHOLD_INCOME_TOTAL_NUTS2,fry2:nuts2,2015,2026-09-15T16:27:19.643884+00:00,5651.32,final,2015-01-01,2015-12-31,1,2026-09-15T16:27:19.643884+00:00
HOUSEHOLD_INCOME_TOTAL_NUTS2,fry2:nuts2,2016,2026-09-15T16:27:19.643884+00:00,5708.69,final,2016-01-01,2016-12-31,1,2026-09-15T16:27:19.643884+00:00
HOUSEHOLD_INCOME_TOTAL_NUTS2,fry2:nuts2,2017,2026-09-15T16:27:19.643884+00:00,5788.95,final,2017-01-01,2017-12-31,1,2026-09-15T16:27:19.643884+00:00
HOUSEHOLD_INCOME_TOTAL_NUTS2,fry2:nuts2,2018,2026-09-15T16:27:19.643884+00:00,5883.68,final,2018-01-01,2018-12-31,1,2026-09-15T16:27:19.643884+00:00
HOUSEHOLD_INCOME_TOTAL_NUTS2,fry2:nuts2,2019,2026-09-15T16:27:19.643884+00:00,5754.69,final,2019-01-01,2019-12-31,1,2026-09-15T16:27:19.643884+00:00
HOUSEHOLD_INCOME_TOTAL_NUTS2,fry2:nuts2,2020,2026-09-15T16:27:19.643884+00:00,5862.98,final,2020-01-01,2020-12-31,1,2026-09-15T16:27:19.643884+00:00
HOUSEHOLD_INCOME_TOTAL_NUTS2,fry2:nuts2,2021,2026-09-15T16:27:19.643884+00:00,6255.11,final,2021-01-01,2021-12-31,1,2026-09-15T16:27:19.643884+00:00
HOUSEHOLD_INCOME_TOTAL_NUTS2,fry2:nuts2,2022,2026-09-15T16:27:19.643884+00:00,6298.49,provisional,2022-01-01,2022-12-31,1,2026-09-15T16:27:19.643884+00:00
HOUSEHOLD_INCOME_TOTAL_NUTS2,fry2:nuts2,2023,2026-09-15T16:27:19.643884+00:00,6549.45,provisional,2023-01-01,2023-12-31,1,2026-09-15T16:27:19.643884+00:00
HOUSEHOLD_INCOME_TOTAL_NUTS2,fry3:nuts2,2013,2026-09-15T16:27:19.643884+00:00,2500.77,final,2013-01-01,2013-12-31,1,2026-09-15T16:27:19.643884+00:00
HOUSEHOLD_INCOME_TOTAL_NUTS2,fry3:nuts2,2014,2026-09-15T16:27:19.643884+00:00,2650.78,final,2014-01-01,2014-12-31,1,2026-09-15T16:27:19.643884+00:00
HOUSEHOLD_INCOME_TOTAL_NUTS2,fry3:nuts2,2015,2026-09-15T16:27:19.643884+00:00,2617.08,final,2015-01-01,2015-12-31,1,2026-09-15T16:27:19.643884+00:00
HOUSEHOLD_INCOME_TOTAL_NUTS2,fry3:nuts2,2016,2026-09-15T16:27:19.643884+00:00,2662.55,final,2016-01-01,2016-12-31,1,2026-09-15T16:27:19.643884+00:00
HOUSEHOLD_INCOME_TOTAL_NUTS2,fry3:nuts2,2017,2026-09-15T16:27:19.643884+00:00,2687.22,final,2017-01-01,2017-12-31,1,2026-09-15T16:27:19.643884+00:00
HOUSEHOLD_INCOME_TOTAL_NUTS2,fry3:nuts2,2018,2026-09-15T16:27:19.643884+00:00,2808.88,final,2018-01-01,2018-12-31,1,2026-09-15T16:27:19.643884+00:00
HOUSEHOLD_INCOME_TOTAL_NUTS2,fry3:nuts2,2019,2026-09-15T16:27:19.643884+00:00,2811.48,final,2019-01-01,2019-12-31,1,2026-09-15T16:27:19.643884+00:00
HOUSEHOLD_INCOME_TOTAL_NUTS2,fry3:nuts2,2020,2026-09-15T16:27:19.643884+00:00,2810.46,final,2020-01-01,2020-12-31,1,2026-09-15T16:27:19.643884+00:00
HOUSEHOLD_INCOME_TOTAL_NUTS2,fry3:nuts2,2021,2026-09-15T16:27:19.643884+00:00,2946.96,final,2021-01-01,2021-12-31,1,2026-09-15T16:27:19.643884+00:00
HOUSEHOLD_INCOME_TOTAL_NUTS2,fry3:nuts2,2022,2026-09-15T16:27:19.643884+00:00,3100.7,provisional,2022-01-01,2022-12-31,1,2026-09-15T16:27:19.643884+00:00
HOUSEHOLD_INCOME_TOTAL_NUTS2,fry3:nuts2,2023,2026-09-15T16:27:19.643884+00:00,3167.41,provisional,2023-01-01,2023-12-31,1,2026-09-15T16:27:19.643884+00:00
HOUSEHOLD_INCOME_TOTAL_NUTS2,fry4:nuts2,2013,2026-09-15T16:27:19.643884+00:00,10667.88,final,2013-01-01,2013-12-31,1,2026-09-15T16:27:19.643884+00:00
HOUSEHOLD_INCOME_TOTAL_NUTS2,fry4:nuts2,2014,2026-09-15T16:27:19.643884+00:00,11512.64,final,2014-01-01,2014-12-31,1,2026-09-15T16:27:19.643884+00:00
HOUSEHOLD_INCOME_TOTAL_NUTS2,fry4:nuts2,2015,2026-09-15T16:27:19.643884+00:00,11292.74,final,2015-01-01,2015-12-31,1,2026-09-15T16:27:19.643884+00:00
HOUSEHOLD_INCOME_TOTAL_NUTS2,fry4:nuts2,2016,2026-09-15T16:27:19.643884+00:00,11574.76,final,2016-01-01,2016-12-31,1,2026-09-15T16:27:19.643884+00:00
HOUSEHOLD_INCOME_TOTAL_NUTS2,fry4:nuts2,2017,2026-09-15T16:27:19.643884+00:00,11648.06,final,2017-01-01,2017-12-31,1,2026-09-15T16:27:19.643884+00:00
HOUSEHOLD_INCOME_TOTAL_NUTS2,fry4:nuts2,2018,2026-09-15T16:27:19.643884+00:00,12041.7,final,2018-01-01,2018-12-31,1,2026-09-15T16:27:19.643884+00:00
HOUSEHOLD_INCOME_TOTAL_NUTS2,fry4:nuts2,2019,2026-09-15T16:27:19.643884+00:00,12284.4,final,2019-01-01,2019-12-31,1,2026-09-15T16:27:19.643884+00:00
HOUSEHOLD_INCOME_TOTAL_NUTS2,fry4:nuts2,2020,2026-09-15T16:27:19.643884+00:00,12745.74,final,2020-01-01,2020-12-31,1,2026-09-15T16:27:19.643884+00:00
HOUSEHOLD_INCOME_TOTAL_NUTS2,fry4:nuts2,2021,2026-09-15T16:27:19.643884+00:00,13322.31,final,2021-01-01,2021-12-31,1,2026-09-15T16:27:19.643884+00:00
HOUSEHOLD_INCOME_TOTAL_NUTS2,fry4:nuts2,2022,2026-09-15T16:27:19.643884+00:00,14257.83,provisional,2022-01-01,2022-12-31,1,2026-09-15T16:27:19.643884+00:00
HOUSEHOLD_INCOME_TOTAL_NUTS2,fry4:nuts2,2023,2026-09-15T16:27:19.643884+00:00,15163.42,provisional,2023-01-01,2023-12-31,1,2026-09-15T16:27:19.643884+00:00
HOUSEHOLD_INCOME_TOTAL_NUTS2,fry5:nuts2,2013,2026-09-15T16:27:19.643884+00:00,1022.49,final,2013-01-01,2013-12-31,1,2026-09-15T16:27:19.643884+00:00
HOUSEHOLD_INCOME_TOTAL_NUTS2,fry5:nuts2,2014,2026-09-15T16:27:19.643884+00:00,1109.71,final,2014-01-01,2014-12-31,1,2026-09-15T16:27:19.643884+00:00
HOUSEHOLD_INCOME_TOTAL_NUTS2,fry5:nuts2,2015,2026-09-15T16:27:19.643884+00:00,1206.59,final,2015-01-01,2015-12-31,1,2026-09-15T16:27:19.643884+00:00
HOUSEHOLD_INCOME_TOTAL_NUTS2,fry5:nuts2,2016,2026-09-15T16:27:19.643884+00:00,1285.73,final,2016-01-01,2016-12-31,1,2026-09-15T16:27:19.643884+00:00
HOUSEHOLD_INCOME_TOTAL_NUTS2,fry5:nuts2,2017,2026-09-15T16:27:19.643884+00:00,1365.55,final,2017-01-01,2017-12-31,1,2026-09-15T16:27:19.643884+00:00
HOUSEHOLD_INCOME_TOTAL_NUTS2,fry5:nuts2,2018,2026-09-15T16:27:19.643884+00:00,1480.99,final,2018-01-01,2018-12-31,1,2026-09-15T16:27:19.643884+00:00
HOUSEHOLD_INCOME_TOTAL_NUTS2,fry5:nuts2,2019,2026-09-15T16:27:19.643884+00:00,1599.94,final,2019-01-01,2019-12-31,1,2026-09-15T16:27:19.643884+00:00
HOUSEHOLD_INCOME_TOTAL_NUTS2,fry5:nuts2,2020,2026-09-15T16:27:19.643884+00:00,1678.86,final,2020-01-01,2020-12-31,1,2026-09-15T16:27:19.643884+00:00
HOUSEHOLD_INCOME_TOTAL_NUTS2,fry5:nuts2,2021,2026-09-15T16:27:19.643884+00:00,1743.85,final,2021-01-01,2021-12-31,1,2026-09-15T16:27:19.643884+00:00
HOUSEHOLD_INCOME_TOTAL_NUTS2,fry5:nuts2,2022,2026-09-15T16:27:19.643884+00:00,2001.34,provisional,2022-01-01,2022-12-31,1,2026-09-15T16:27:19.643884+00:00
HOUSEHOLD_INCOME_TOTAL_NUTS2,fry5:nuts2,2023,2026-09-15T16:27:19.643884+00:00,2210.55,provisional,2023-01-01,2023-12-31,1,2026-09-15T16:27:19.643884+00:00
HOUSEHOLD_INCOME_TOTAL_NUTS2,hr02:nuts2,2013,2026-09-15T16:27:19.643884+00:00,9267.33,final,2013-01-01,2013-12-31,1,2026-09-15T16:27:19.643884+00:00
HOUSEHOLD_INCOME_TOTAL_NUTS2,hr02:nuts2,2014,2026-09-15T16:27:19.643884+00:00,9130.15,final,2014-01-01,2014-12-31,1,2026-09-15T16:27:19.643884+00:00
HOUSEHOLD_INCOME_TOTAL_NUTS2,hr02:nuts2,2015,2026-09-15T16:27:19.643884+00:00,9130.8,final,2015-01-01,2015-12-31,1,2026-09-15T16:27:19.643884+00:00
HOUSEHOLD_INCOME_TOTAL_NUTS2,hr02:nuts2,2016,2026-09-15T16:27:19.643884+00:00,9592.62,final,2016-01-01,2016-12-31,1,2026-09-15T16:27:19.643884+00:00
HOUSEHOLD_INCOME_TOTAL_NUTS2,hr02:nuts2,2017,2026-09-15T16:27:19.643884+00:00,9651.02,final,2017-01-01,2017-12-31,1,2026-09-15T16:27:19.643884+00:00
HOUSEHOLD_INCOME_TOTAL_NUTS2,hr02:nuts2,2018,2026-09-15T16:27:19.643884+00:00,10054.68,final,2018-01-01,2018-12-31,1,2026-09-15T16:27:19.643884+00:00
HOUSEHOLD_INCOME_TOTAL_NUTS2,hr02:nuts2,2019,2026-09-15T16:27:19.643884+00:00,10766.99,final,2019-01-01,2019-12-31,1,2026-09-15T16:27:19.643884+00:00
HOUSEHOLD_INCOME_TOTAL_NUTS2,hr02:nuts2,2020,2026-09-15T16:27:19.643884+00:00,11023.75,final,2020-01-01,2020-12-31,1,2026-09-15T16:27:19.643884+00:00
HOUSEHOLD_INCOME_TOTAL_NUTS2,hr02:nuts2,2021,2026-09-15T16:27:19.643884+00:00,13147.51,final,2021-01-01,2021-12-31,1,2026-09-15T16:27:19.643884+00:00
HOUSEHOLD_INCOME_TOTAL_NUTS2,hr02:nuts2,2022,2026-09-15T16:27:19.643884+00:00,14188.33,final,2022-01-01,2022-12-31,1,2026-09-15T16:27:19.643884+00:00
HOUSEHOLD_INCOME_TOTAL_NUTS2,hr02:nuts2,2023,2026-09-15T16:27:19.643884+00:00,13547.58,final,2023-01-01,2023-12-31,1,2026-09-15T16:27:19.643884+00:00
HOUSEHOLD_INCOME_TOTAL_NUTS2,hr03:nuts2,2013,2026-09-15T16:27:19.643884+00:00,12108.25,final,2013-01-01,2013-12-31,1,2026-09-15T16:27:19.643884+00:00
HOUSEHOLD_INCOME_TOTAL_NUTS2,hr03:nuts2,2014,2026-09-15T16:27:19.643884+00:00,12635.61,final,2014-01-01,2014-12-31,1,2026-09-15T16:27:19.643884+00:00
HOUSEHOLD_INCOME_TOTAL_NUTS2,hr03:nuts2,2015,2026-09-15T16:27:19.643884+00:00,12597.12,final,2015-01-01,2015-12-31,1,2026-09-15T16:27:19.643884+00:00
HOUSEHOLD_INCOME_TOTAL_NUTS2,hr03:nuts2,2016,2026-09-15T16:27:19.643884+00:00,13208.44,final,2016-01-01,2016-12-31,1,2026-09-15T16:27:19.643884+00:00
HOUSEHOLD_INCOME_TOTAL_NUTS2,hr03:nuts2,2017,2026-09-15T16:27:19.643884+00:00,13375.66,final,2017-01-01,2017-12-31,1,2026-09-15T16:27:19.643884+00:00
HOUSEHOLD_INCOME_TOTAL_NUTS2,hr03:nuts2,2018,2026-09-15T16:27:19.643884+00:00,13927.78,final,2018-01-01,2018-12-31,1,2026-09-15T16:27:19.643884+00:00
HOUSEHOLD_INCOME_TOTAL_NUTS2,hr03:nuts2,2019,2026-09-15T16:27:19.643884+00:00,14236.18,final,2019-01-01,2019-12-31,1,2026-09-15T16:27:19.643884+00:00
HOUSEHOLD_INCOME_TOTAL_NUTS2,hr03:nuts2,2020,2026-09-15T16:27:19.643884+00:00,13918.35,final,2020-01-01,2020-12-31,1,2026-09-15T16:27:19.643884+00:00
HOUSEHOLD_INCOME_TOTAL_NUTS2,hr03:nuts2,2021,2026-09-15T16:27:19.643884+00:00,15953.13,final,2021-01-01,2021-12-31,1,2026-09-15T16:27:19.643884+00:00
HOUSEHOLD_INCOME_TOTAL_NUTS2,hr03:nuts2,2022,2026-09-15T16:27:19.643884+00:00,16549.24,final,2022-01-01,2022-12-31,1,2026-09-15T16:27:19.643884+00:00
HOUSEHOLD_INCOME_TOTAL_NUTS2,hr03:nuts2,2023,2026-09-15T16:27:19.643884+00:00,19246.17,final,2023-01-01,2023-12-31,1,2026-09-15T16:27:19.643884+00:00
HOUSEHOLD_INCOME_TOTAL_NUTS2,hr05:nuts2,2013,2026-09-15T16:27:19.643884+00:00,8849.34,final,2013-01-01,2013-12-31,1,2026-09-15T16:27:19.643884+00:00
HOUSEHOLD_INCOME_TOTAL_NUTS2,hr05:nuts2,2014,2026-09-15T16:27:19.643884+00:00,9088.75,final,2014-01-01,2014-12-31,1,2026-09-15T16:27:19.643884+00:00
HOUSEHOLD_INCOME_TOTAL_NUTS2,hr05:nuts2,2015,2026-09-15T16:27:19.643884+00:00,8844.67,final,2015-01-01,2015-12-31,1,2026-09-15T16:27:19.643884+00:00
HOUSEHOLD_INCOME_TOTAL_NUTS2,hr05:nuts2,2016,2026-09-15T16:27:19.643884+00:00,9097.78,final,2016-01-01,2016-12-31,1,2026-09-15T16:27:19.643884+00:00
HOUSEHOLD_INCOME_TOTAL_NUTS2,hr05:nuts2,2017,2026-09-15T16:27:19.643884+00:00,9347.2,final,2017-01-01,2017-12-31,1,2026-09-15T16:27:19.643884+00:00
HOUSEHOLD_INCOME_TOTAL_NUTS2,hr05:nuts2,2018,2026-09-15T16:27:19.643884+00:00,9726.91,final,2018-01-01,2018-12-31,1,2026-09-15T16:27:19.643884+00:00
HOUSEHOLD_INCOME_TOTAL_NUTS2,hr05:nuts2,2019,2026-09-15T16:27:19.643884+00:00,9936.38,final,2019-01-01,2019-12-31,1,2026-09-15T16:27:19.643884+00:00
HOUSEHOLD_INCOME_TOTAL_NUTS2,hr05:nuts2,2020,2026-09-15T16:27:19.643884+00:00,9930.09,final,2020-01-01,2020-12-31,1,2026-09-15T16:27:19.643884+00:00
HOUSEHOLD_INCOME_TOTAL_NUTS2,hr05:nuts2,2021,2026-09-15T16:27:19.643884+00:00,10883.63,final,2021-01-01,2021-12-31,1,2026-09-15T16:27:19.643884+00:00
HOUSEHOLD_INCOME_TOTAL_NUTS2,hr05:nuts2,2022,2026-09-15T16:27:19.643884+00:00,11433.73,final,2022-01-01,2022-12-31,1,2026-09-15T16:27:19.643884+00:00
HOUSEHOLD_INCOME_TOTAL_NUTS2,hr05:nuts2,2023,2026-09-15T16:27:19.643884+00:00,13524.83,final,2023-01-01,2023-12-31,1,2026-09-15T16:27:19.643884+00:00
HOUSEHOLD_INCOME_TOTAL_NUTS2,hr06:nuts2,2013,2026-09-15T16:27:19.643884+00:00,6862.38,final,2013-01-01,2013-12-31,1,2026-09-15T16:27:19.643884+00:00
HOUSEHOLD_INCOME_TOTAL_NUTS2,hr06:nuts2,2014,2026-09-15T16:27:19.643884+00:00,6937.77,final,2014-01-01,2014-12-31,1,2026-09-15T16:27:19.643884+00:00
HOUSEHOLD_INCOME_TOTAL_NUTS2,hr06:nuts2,2015,2026-09-15T16:27:19.643884+00:00,6888.64,final,2015-01-01,2015-12-31,1,2026-09-15T16:27:19.643884+00:00
HOUSEHOLD_INCOME_TOTAL_NUTS2,hr06:nuts2,2016,2026-09-15T16:27:19.643884+00:00,7292.84,final,2016-01-01,2016-12-31,1,2026-09-15T16:27:19.643884+00:00
HOUSEHOLD_INCOME_TOTAL_NUTS2,hr06:nuts2,2017,2026-09-15T16:27:19.643884+00:00,7453.16,final,2017-01-01,2017-12-31,1,2026-09-15T16:27:19.643884+00:00
HOUSEHOLD_INCOME_TOTAL_NUTS2,hr06:nuts2,2018,2026-09-15T16:27:19.643884+00:00,7875.47,final,2018-01-01,2018-12-31,1,2026-09-15T16:27:19.643884+00:00
HOUSEHOLD_INCOME_TOTAL_NUTS2,hr06:nuts2,2019,2026-09-15T16:27:19.643884+00:00,8253.02,final,2019-01-01,2019-12-31,1,2026-09-15T16:27:19.643884+00:00
HOUSEHOLD_INCOME_TOTAL_NUTS2,hr06:nuts2,2020,2026-09-15T16:27:19.643884+00:00,8417.75,final,2020-01-01,2020-12-31,1,2026-09-15T16:27:19.643884+00:00
HOUSEHOLD_INCOME_TOTAL_NUTS2,hr06:nuts2,2021,2026-09-15T16:27:19.643884+00:00,9715.67,final,2021-01-01,2021-12-31,1,2026-09-15T16:27:19.643884+00:00
HOUSEHOLD_INCOME_TOTAL_NUTS2,hr06:nuts2,2022,2026-09-15T16:27:19.643884+00:00,10615.11,final,2022-01-01,2022-12-31,1,2026-09-15T16:27:19.643884+00:00
HOUSEHOLD_INCOME_TOTAL_NUTS2,hr06:nuts2,2023,2026-09-15T16:27:19.643884+00:00,11420.33,final,2023-01-01,2023-12-31,1,2026-09-15T16:27:19.643884+00:00
HOUSEHOLD_INCOME_TOTAL_NUTS2,hu11:nuts2,2013,2026-09-15T16:27:19.643884+00:00,23871.73,final,2013-01-01,2013-12-31,1,2026-09-15T16:27:19.643884+00:00
HOUSEHOLD_INCOME_TOTAL_NUTS2,hu11:nuts2,2014,2026-09-15T16:27:19.643884+00:00,22402.39,final,2014-01-01,2014-12-31,1,2026-09-15T16:27:19.643884+00:00
HOUSEHOLD_INCOME_TOTAL_NUTS2,hu11:nuts2,2015,2026-09-15T16:27:19.643884+00:00,24851.69,final,2015-01-01,2015-12-31,1,2026-09-15T16:27:19.643884+00:00
HOUSEHOLD_INCOME_TOTAL_NUTS2,hu11:nuts2,2016,2026-09-15T16:27:19.643884+00:00,24296.04,final,2016-01-01,2016-12-31,1,2026-09-15T16:27:19.643884+00:00
HOUSEHOLD_INCOME_TOTAL_NUTS2,hu11:nuts2,2017,2026-09-15T16:27:19.643884+00:00,25678.18,final,2017-01-01,2017-12-31,1,2026-09-15T16:27:19.643884+00:00
HOUSEHOLD_INCOME_TOTAL_NUTS2,hu11:nuts2,2018,2026-09-15T16:27:19.643884+00:00,28548.19,final,2018-01-01,2018-12-31,1,2026-09-15T16:27:19.643884+00:00
HOUSEHOLD_INCOME_TOTAL_NUTS2,hu11:nuts2,2019,2026-09-15T16:27:19.643884+00:00,31789.86,final,2019-01-01,2019-12-31,1,2026-09-15T16:27:19.643884+00:00
HOUSEHOLD_INCOME_TOTAL_NUTS2,hu11:nuts2,2020,2026-09-15T16:27:19.643884+00:00,30082.29,final,2020-01-01,2020-12-31,1,2026-09-15T16:27:19.643884+00:00
HOUSEHOLD_INCOME_TOTAL_NUTS2,hu11:nuts2,2021,2026-09-15T16:27:19.643884+00:00,33203.28,final,2021-01-01,2021-12-31,1,2026-09-15T16:27:19.643884+00:00
HOUSEHOLD_INCOME_TOTAL_NUTS2,hu11:nuts2,2022,2026-09-15T16:27:19.643884+00:00,37330.62,final,2022-01-01,2022-12-31,1,2026-09-15T16:27:19.643884+00:00
HOUSEHOLD_INCOME_TOTAL_NUTS2,hu11:nuts2,2023,2026-09-15T16:27:19.643884+00:00,42096.59,final,2023-01-01,2023-12-31,1,2026-09-15T16:27:19.643884+00:00
HOUSEHOLD_INCOME_TOTAL_NUTS2,hu12:nuts2,2013,2026-09-15T16:27:19.643884+00:00,11128.57,final,2013-01-01,2013-12-31,1,2026-09-15T16:27:19.643884+00:00
HOUSEHOLD_INCOME_TOTAL_NUTS2,hu12:nuts2,2014,2026-09-15T16:27:19.643884+00:00,11413.64,final,2014-01-01,2014-12-31,1,2026-09-15T16:27:19.643884+00:00
HOUSEHOLD_INCOME_TOTAL_NUTS2,hu12:nuts2,2015,2026-09-15T16:27:19.643884+00:00,11432.91,final,2015-01-01,2015-12-31,1,2026-09-15T16:27:19.643884+00:00
HOUSEHOLD_INCOME_TOTAL_NUTS2,hu12:nuts2,2016,2026-09-15T16:27:19.643884+00:00,12282.27,final,2016-01-01,2016-12-31,1,2026-09-15T16:27:19.643884+00:00
HOUSEHOLD_INCOME_TOTAL_NUTS2,hu12:nuts2,2017,2026-09-15T16:27:19.643884+00:00,12608.33,final,2017-01-01,2017-12-31,1,2026-09-15T16:27:19.643884+00:00
HOUSEHOLD_INCOME_TOTAL_NUTS2,hu12:nuts2,2018,2026-09-15T16:27:19.643884+00:00,13368.67,final,2018-01-01,2018-12-31,1,2026-09-15T16:27:19.643884+00:00
HOUSEHOLD_INCOME_TOTAL_NUTS2,hu12:nuts2,2019,2026-09-15T16:27:19.643884+00:00,15139.93,final,2019-01-01,2019-12-31,1,2026-09-15T16:27:19.643884+00:00
HOUSEHOLD_INCOME_TOTAL_NUTS2,hu12:nuts2,2020,2026-09-15T16:27:19.643884+00:00,15236.57,final,2020-01-01,2020-12-31,1,2026-09-15T16:27:19.643884+00:00
HOUSEHOLD_INCOME_TOTAL_NUTS2,hu12:nuts2,2021,2026-09-15T16:27:19.643884+00:00,17129.1,final,2021-01-01,2021-12-31,1,2026-09-15T16:27:19.643884+00:00
HOUSEHOLD_INCOME_TOTAL_NUTS2,hu12:nuts2,2022,2026-09-15T16:27:19.643884+00:00,19282.6,final,2022-01-01,2022-12-31,1,2026-09-15T16:27:19.643884+00:00
HOUSEHOLD_INCOME_TOTAL_NUTS2,hu12:nuts2,2023,2026-09-15T16:27:19.643884+00:00,20764.18,final,2023-01-01,2023-12-31,1,2026-09-15T16:27:19.643884+00:00
HOUSEHOLD_INCOME_TOTAL_NUTS2,hu21:nuts2,2013,2026-09-15T16:27:19.643884+00:00,9746.26,final,2013-01-01,2013-12-31,1,2026-09-15T16:27:19.643884+00:00
HOUSEHOLD_INCOME_TOTAL_NUTS2,hu21:nuts2,2014,2026-09-15T16:27:19.643884+00:00,10097.63,final,2014-01-01,2014-12-31,1,2026-09-15T16:27:19.643884+00:00
HOUSEHOLD_INCOME_TOTAL_NUTS2,hu21:nuts2,2015,2026-09-15T16:27:19.643884+00:00,9928.71,final,2015-01-01,2015-12-31,1,2026-09-15T16:27:19.643884+00:00
HOUSEHOLD_INCOME_TOTAL_NUTS2,hu21:nuts2,2016,2026-09-15T16:27:19.643884+00:00,10620.06,final,2016-01-01,2016-12-31,1,2026-09-15T16:27:19.643884+00:00
HOUSEHOLD_INCOME_TOTAL_NUTS2,hu21:nuts2,2017,2026-09-15T16:27:19.643884+00:00,10933.13,final,2017-01-01,2017-12-31,1,2026-09-15T16:27:19.643884+00:00
HOUSEHOLD_INCOME_TOTAL_NUTS2,hu21:nuts2,2018,2026-09-15T16:27:19.643884+00:00,11924.71,final,2018-01-01,2018-12-31,1,2026-09-15T16:27:19.643884+00:00
HOUSEHOLD_INCOME_TOTAL_NUTS2,hu21:nuts2,2019,2026-09-15T16:27:19.643884+00:00,12846.05,final,2019-01-01,2019-12-31,1,2026-09-15T16:27:19.643884+00:00
HOUSEHOLD_INCOME_TOTAL_NUTS2,hu21:nuts2,2020,2026-09-15T16:27:19.643884+00:00,12141.63,final,2020-01-01,2020-12-31,1,2026-09-15T16:27:19.643884+00:00
HOUSEHOLD_INCOME_TOTAL_NUTS2,hu21:nuts2,2021,2026-09-15T16:27:19.643884+00:00,13415.67,final,2021-01-01,2021-12-31,1,2026-09-15T16:27:19.643884+00:00
HOUSEHOLD_INCOME_TOTAL_NUTS2,hu21:nuts2,2022,2026-09-15T16:27:19.643884+00:00,14646.61,final,2022-01-01,2022-12-31,1,2026-09-15T16:27:19.643884+00:00
HOUSEHOLD_INCOME_TOTAL_NUTS2,hu21:nuts2,2023,2026-09-15T16:27:19.643884+00:00,15727.31,final,2023-01-01,2023-12-31,1,2026-09-15T16:27:19.643884+00:00
HOUSEHOLD_INCOME_TOTAL_NUTS2,hu22:nuts2,2013,2026-09-15T16:27:19.643884+00:00,9185.2,final,2013-01-01,2013-12-31,1,2026-09-15T16:27:19.643884+00:00
HOUSEHOLD_INCOME_TOTAL_NUTS2,hu22:nuts2,2014,2026-09-15T16:27:19.643884+00:00,9374.24,final,2014-01-01,2014-12-31,1,2026-09-15T16:27:19.643884+00:00
HOUSEHOLD_INCOME_TOTAL_NUTS2,hu22:nuts2,2015,2026-09-15T16:27:19.643884+00:00,9255.52,final,2015-01-01,2015-12-31,1,2026-09-15T16:27:19.643884+00:00
HOUSEHOLD_INCOME_TOTAL_NUTS2,hu22:nuts2,2016,2026-09-15T16:27:19.643884+00:00,9655.09,final,2016-01-01,2016-12-31,1,2026-09-15T16:27:19.643884+00:00
HOUSEHOLD_INCOME_TOTAL_NUTS2,hu22:nuts2,2017,2026-09-15T16:27:19.643884+00:00,9990.87,final,2017-01-01,2017-12-31,1,2026-09-15T16:27:19.643884+00:00
HOUSEHOLD_INCOME_TOTAL_NUTS2,hu22:nuts2,2018,2026-09-15T16:27:19.643884+00:00,10763.24,final,2018-01-01,2018-12-31,1,2026-09-15T16:27:19.643884+00:00
HOUSEHOLD_INCOME_TOTAL_NUTS2,hu22:nuts2,2019,2026-09-15T16:27:19.643884+00:00,11294.44,final,2019-01-01,2019-12-31,1,2026-09-15T16:27:19.643884+00:00
HOUSEHOLD_INCOME_TOTAL_NUTS2,hu22:nuts2,2020,2026-09-15T16:27:19.643884+00:00,10862.16,final,2020-01-01,2020-12-31,1,2026-09-15T16:27:19.643884+00:00
HOUSEHOLD_INCOME_TOTAL_NUTS2,hu22:nuts2,2021,2026-09-15T16:27:19.643884+00:00,11734.93,final,2021-01-01,2021-12-31,1,2026-09-15T16:27:19.643884+00:00
HOUSEHOLD_INCOME_TOTAL_NUTS2,hu22:nuts2,2022,2026-09-15T16:27:19.643884+00:00,12939.24,final,2022-01-01,2022-12-31,1,2026-09-15T16:27:19.643884+00:00
HOUSEHOLD_INCOME_TOTAL_NUTS2,hu22:nuts2,2023,2026-09-15T16:27:19.643884+00:00,13993.39,final,2023-01-01,2023-12-31,1,2026-09-15T16:27:19.643884+00:00
HOUSEHOLD_INCOME_TOTAL_NUTS2,hu23:nuts2,2013,2026-09-15T16:27:19.643884+00:00,7440.42,final,2013-01-01,2013-12-31,1,2026-09-15T16:27:19.643884+00:00
HOUSEHOLD_INCOME_TOTAL_NUTS2,hu23:nuts2,2014,2026-09-15T16:27:19.643884+00:00,7610.93,final,2014-01-01,2014-12-31,1,2026-09-15T16:27:19.643884+00:00
HOUSEHOLD_INCOME_TOTAL_NUTS2,hu23:nuts2,2015,2026-09-15T16:27:19.643884+00:00,7478.35,final,2015-01-01,2015-12-31,1,2026-09-15T16:27:19.643884+00:00
HOUSEHOLD_INCOME_TOTAL_NUTS2,hu23:nuts2,2016,2026-09-15T16:27:19.643884+00:00,7763.72,final,2016-01-01,2016-12-31,1,2026-09-15T16:27:19.643884+00:00
HOUSEHOLD_INCOME_TOTAL_NUTS2,hu23:nuts2,2017,2026-09-15T16:27:19.643884+00:00,8116.07,final,2017-01-01,2017-12-31,1,2026-09-15T16:27:19.643884+00:00
HOUSEHOLD_INCOME_TOTAL_NUTS2,hu23:nuts2,2018,2026-09-15T16:27:19.643884+00:00,8622.32,final,2018-01-01,2018-12-31,1,2026-09-15T16:27:19.643884+00:00
HOUSEHOLD_INCOME_TOTAL_NUTS2,hu23:nuts2,2019,2026-09-15T16:27:19.643884+00:00,8844.16,final,2019-01-01,2019-12-31,1,2026-09-15T16:27:19.643884+00:00
HOUSEHOLD_INCOME_TOTAL_NUTS2,hu23:nuts2,2020,2026-09-15T16:27:19.643884+00:00,8493.02,final,2020-01-01,2020-12-31,1,2026-09-15T16:27:19.643884+00:00
HOUSEHOLD_INCOME_TOTAL_NUTS2,hu23:nuts2,2021,2026-09-15T16:27:19.643884+00:00,9242.94,final,2021-01-01,2021-12-31,1,2026-09-15T16:27:19.643884+00:00
HOUSEHOLD_INCOME_TOTAL_NUTS2,hu23:nuts2,2022,2026-09-15T16:27:19.643884+00:00,9935.94,final,2022-01-01,2022-12-31,1,2026-09-15T16:27:19.643884+00:00
HOUSEHOLD_INCOME_TOTAL_NUTS2,hu23:nuts2,2023,2026-09-15T16:27:19.643884+00:00,10658.15,final,2023-01-01,2023-12-31,1,2026-09-15T16:27:19.643884+00:00
HOUSEHOLD_INCOME_TOTAL_NUTS2,hu31:nuts2,2013,2026-09-15T16:27:19.643884+00:00,8647.33,final,2013-01-01,2013-12-31,1,2026-09-15T16:27:19.643884+00:00
HOUSEHOLD_INCOME_TOTAL_NUTS2,hu31:nuts2,2014,2026-09-15T16:27:19.643884+00:00,9085.32,final,2014-01-01,2014-12-31,1,2026-09-15T16:27:19.643884+00:00
HOUSEHOLD_INCOME_TOTAL_NUTS2,hu31:nuts2,2015,2026-09-15T16:27:19.643884+00:00,8916.2,final,2015-01-01,2015-12-31,1,2026-09-15T16:27:19.643884+00:00
HOUSEHOLD_INCOME_TOTAL_NUTS2,hu31:nuts2,2016,2026-09-15T16:27:19.643884+00:00,9246.93,final,2016-01-01,2016-12-31,1,2026-09-15T16:27:19.643884+00:00
HOUSEHOLD_INCOME_TOTAL_NUTS2,hu31:nuts2,2017,2026-09-15T16:27:19.643884+00:00,9573.17,final,2017-01-01,2017-12-31,1,2026-09-15T16:27:19.643884+00:00
HOUSEHOLD_INCOME_TOTAL_NUTS2,hu31:nuts2,2018,2026-09-15T16:27:19.643884+00:00,10239.37,final,2018-01-01,2018-12-31,1,2026-09-15T16:27:19.643884+00:00
HOUSEHOLD_INCOME_TOTAL_NUTS2,hu31:nuts2,2019,2026-09-15T16:27:19.643884+00:00,10447.08,final,2019-01-01,2019-12-31,1,2026-09-15T16:27:19.643884+00:00
HOUSEHOLD_INCOME_TOTAL_NUTS2,hu31:nuts2,2020,2026-09-15T16:27:19.643884+00:00,10003.79,final,2020-01-01,2020-12-31,1,2026-09-15T16:27:19.643884+00:00
HOUSEHOLD_INCOME_TOTAL_NUTS2,hu31:nuts2,2021,2026-09-15T16:27:19.643884+00:00,10606.34,final,2021-01-01,2021-12-31,1,2026-09-15T16:27:19.643884+00:00
HOUSEHOLD_INCOME_TOTAL_NUTS2,hu31:nuts2,2022,2026-09-15T16:27:19.643884+00:00,11286.01,final,2022-01-01,2022-12-31,1,2026-09-15T16:27:19.643884+00:00
HOUSEHOLD_INCOME_TOTAL_NUTS2,hu31:nuts2,2023,2026-09-15T16:27:19.643884+00:00,12744.33,final,2023-01-01,2023-12-31,1,2026-09-15T16:27:19.643884+00:00
HOUSEHOLD_INCOME_TOTAL_NUTS2,hu32:nuts2,2013,2026-09-15T16:27:19.643884+00:00,11089.16,final,2013-01-01,2013-12-31,1,2026-09-15T16:27:19.643884+00:00
HOUSEHOLD_INCOME_TOTAL_NUTS2,hu32:nuts2,2014,2026-09-15T16:27:19.643884+00:00,11723.84,final,2014-01-01,2014-12-31,1,2026-09-15T16:27:19.643884+00:00
HOUSEHOLD_INCOME_TOTAL_NUTS2,hu32:nuts2,2015,2026-09-15T16:27:19.643884+00:00,11567.08,final,2015-01-01,2015-12-31,1,2026-09-15T16:27:19.643884+00:00
HOUSEHOLD_INCOME_TOTAL_NUTS2,hu32:nuts2,2016,2026-09-15T16:27:19.643884+00:00,12003.51,final,2016-01-01,2016-12-31,1,2026-09-15T16:27:19.643884+00:00
HOUSEHOLD_INCOME_TOTAL_NUTS2,hu32:nuts2,2017,2026-09-15T16:27:19.643884+00:00,12575.26,final,2017-01-01,2017-12-31,1,2026-09-15T16:27:19.643884+00:00
HOUSEHOLD_INCOME_TOTAL_NUTS2,hu32:nuts2,2018,2026-09-15T16:27:19.643884+00:00,13651.98,final,2018-01-01,2018-12-31,1,2026-09-15T16:27:19.643884+00:00
HOUSEHOLD_INCOME_TOTAL_NUTS2,hu32:nuts2,2019,2026-09-15T16:27:19.643884+00:00,13996.84,final,2019-01-01,2019-12-31,1,2026-09-15T16:27:19.643884+00:00
HOUSEHOLD_INCOME_TOTAL_NUTS2,hu32:nuts2,2020,2026-09-15T16:27:19.643884+00:00,13579.26,final,2020-01-01,2020-12-31,1,2026-09-15T16:27:19.643884+00:00
HOUSEHOLD_INCOME_TOTAL_NUTS2,hu32:nuts2,2021,2026-09-15T16:27:19.643884+00:00,14549.17,final,2021-01-01,2021-12-31,1,2026-09-15T16:27:19.643884+00:00
HOUSEHOLD_INCOME_TOTAL_NUTS2,hu32:nuts2,2022,2026-09-15T16:27:19.643884+00:00,15271.3,final,2022-01-01,2022-12-31,1,2026-09-15T16:27:19.643884+00:00
HOUSEHOLD_INCOME_TOTAL_NUTS2,hu32:nuts2,2023,2026-09-15T16:27:19.643884+00:00,17619.35,final,2023-01-01,2023-12-31,1,2026-09-15T16:27:19.643884+00:00
HOUSEHOLD_INCOME_TOTAL_NUTS2,hu33:nuts2,2013,2026-09-15T16:27:19.643884+00:00,10307.73,final,2013-01-01,2013-12-31,1,2026-09-15T16:27:19.643884+00:00
HOUSEHOLD_INCOME_TOTAL_NUTS2,hu33:nuts2,2014,2026-09-15T16:27:19.643884+00:00,10712.63,final,2014-01-01,2014-12-31,1,2026-09-15T16:27:19.643884+00:00
HOUSEHOLD_INCOME_TOTAL_NUTS2,hu33:nuts2,2015,2026-09-15T16:27:19.643884+00:00,10647.75,final,2015-01-01,2015-12-31,1,2026-09-15T16:27:19.643884+00:00
HOUSEHOLD_INCOME_TOTAL_NUTS2,hu33:nuts2,2016,2026-09-15T16:27:19.643884+00:00,11168.45,final,2016-01-01,2016-12-31,1,2026-09-15T16:27:19.643884+00:00
HOUSEHOLD_INCOME_TOTAL_NUTS2,hu33:nuts2,2017,2026-09-15T16:27:19.643884+00:00,11751.64,final,2017-01-01,2017-12-31,1,2026-09-15T16:27:19.643884+00:00
HOUSEHOLD_INCOME_TOTAL_NUTS2,hu33:nuts2,2018,2026-09-15T16:27:19.643884+00:00,12617.78,final,2018-01-01,2018-12-31,1,2026-09-15T16:27:19.643884+00:00
HOUSEHOLD_INCOME_TOTAL_NUTS2,hu33:nuts2,2019,2026-09-15T16:27:19.643884+00:00,13027.56,final,2019-01-01,2019-12-31,1,2026-09-15T16:27:19.643884+00:00
HOUSEHOLD_INCOME_TOTAL_NUTS2,hu33:nuts2,2020,2026-09-15T16:27:19.643884+00:00,12403.68,final,2020-01-01,2020-12-31,1,2026-09-15T16:27:19.643884+00:00
HOUSEHOLD_INCOME_TOTAL_NUTS2,hu33:nuts2,2021,2026-09-15T16:27:19.643884+00:00,13644.82,final,2021-01-01,2021-12-31,1,2026-09-15T16:27:19.643884+00:00
HOUSEHOLD_INCOME_TOTAL_NUTS2,hu33:nuts2,2022,2026-09-15T16:27:19.643884+00:00,14227.41,final,2022-01-01,2022-12-31,1,2026-09-15T16:27:19.643884+00:00
HOUSEHOLD_INCOME_TOTAL_NUTS2,hu33:nuts2,2023,2026-09-15T16:27:19.643884+00:00,15436.08,final,2023-01-01,2023-12-31,1,2026-09-15T16:27:19.643884+00:00
HOUSEHOLD_INCOME_TOTAL_NUTS2,ie04:nuts2,2013,2026-09-15T16:27:19.643884+00:00,11925.12,final,2013-01-01,2013-12-31,1,2026-09-15T16:27:19.643884+00:00
HOUSEHOLD_INCOME_TOTAL_NUTS2,ie04:nuts2,2014,2026-09-15T16:27:19.643884+00:00,11699.2,final,2014-01-01,2014-12-31,1,2026-09-15T16:27:19.643884+00:00
HOUSEHOLD_INCOME_TOTAL_NUTS2,ie04:nuts2,2015,2026-09-15T16:27:19.643884+00:00,12229.21,final,2015-01-01,2015-12-31,1,2026-09-15T16:27:19.643884+00:00
HOUSEHOLD_INCOME_TOTAL_NUTS2,ie04:nuts2,2016,2026-09-15T16:27:19.643884+00:00,12569.52,final,2016-01-01,2016-12-31,1,2026-09-15T16:27:19.643884+00:00
HOUSEHOLD_INCOME_TOTAL_NUTS2,ie04:nuts2,2017,2026-09-15T16:27:19.643884+00:00,13056.96,final,2017-01-01,2017-12-31,1,2026-09-15T16:27:19.643884+00:00
HOUSEHOLD_INCOME_TOTAL_NUTS2,ie04:nuts2,2018,2026-09-15T16:27:19.643884+00:00,13342.45,final,2018-01-01,2018-12-31,1,2026-09-15T16:27:19.643884+00:00
HOUSEHOLD_INCOME_TOTAL_NUTS2,ie04:nuts2,2019,2026-09-15T16:27:19.643884+00:00,13911.72,final,2019-01-01,2019-12-31,1,2026-09-15T16:27:19.643884+00:00
HOUSEHOLD_INCOME_TOTAL_NUTS2,ie04:nuts2,2020,2026-09-15T16:27:19.643884+00:00,14404.94,final,2020-01-01,2020-12-31,1,2026-09-15T16:27:19.643884+00:00
HOUSEHOLD_INCOME_TOTAL_NUTS2,ie04:nuts2,2021,2026-09-15T16:27:19.643884+00:00,15120.47,final,2021-01-01,2021-12-31,1,2026-09-15T16:27:19.643884+00:00
HOUSEHOLD_INCOME_TOTAL_NUTS2,ie04:nuts2,2022,2026-09-15T16:27:19.643884+00:00,16282.92,final,2022-01-01,2022-12-31,1,2026-09-15T16:27:19.643884+00:00
HOUSEHOLD_INCOME_TOTAL_NUTS2,ie04:nuts2,2023,2026-09-15T16:27:19.643884+00:00,17844.26,final,2023-01-01,2023-12-31,1,2026-09-15T16:27:19.643884+00:00
HOUSEHOLD_INCOME_TOTAL_NUTS2,ie05:nuts2,2013,2026-09-15T16:27:19.643884+00:00,24311.96,final,2013-01-01,2013-12-31,1,2026-09-15T16:27:19.643884+00:00
HOUSEHOLD_INCOME_TOTAL_NUTS2,ie05:nuts2,2014,2026-09-15T16:27:19.643884+00:00,23828.36,final,2014-01-01,2014-12-31,1,2026-09-15T16:27:19.643884+00:00
HOUSEHOLD_INCOME_TOTAL_NUTS2,ie05:nuts2,2015,2026-09-15T16:27:19.643884+00:00,25049.34,final,2015-01-01,2015-12-31,1,2026-09-15T16:27:19.643884+00:00
HOUSEHOLD_INCOME_TOTAL_NUTS2,ie05:nuts2,2016,2026-09-15T16:27:19.643884+00:00,25854.53,final,2016-01-01,2016-12-31,1,2026-09-15T16:27:19.643884+00:00
HOUSEHOLD_INCOME_TOTAL_NUTS2,ie05:nuts2,2017,2026-09-15T16:27:19.643884+00:00,27188.68,final,2017-01-01,2017-12-31,1,2026-09-15T16:27:19.643884+00:00
HOUSEHOLD_INCOME_TOTAL_NUTS2,ie05:nuts2,2018,2026-09-15T16:27:19.643884+00:00,27312.0,final,2018-01-01,2018-12-31,1,2026-09-15T16:27:19.643884+00:00
HOUSEHOLD_INCOME_TOTAL_NUTS2,ie05:nuts2,2019,2026-09-15T16:27:19.643884+00:00,28434.05,final,2019-01-01,2019-12-31,1,2026-09-15T16:27:19.643884+00:00
HOUSEHOLD_INCOME_TOTAL_NUTS2,ie05:nuts2,2020,2026-09-15T16:27:19.643884+00:00,28676.39,final,2020-01-01,2020-12-31,1,2026-09-15T16:27:19.643884+00:00
HOUSEHOLD_INCOME_TOTAL_NUTS2,ie05:nuts2,2021,2026-09-15T16:27:19.643884+00:00,30995.66,final,2021-01-01,2021-12-31,1,2026-09-15T16:27:19.643884+00:00
HOUSEHOLD_INCOME_TOTAL_NUTS2,ie05:nuts2,2022,2026-09-15T16:27:19.643884+00:00,33596.17,final,2022-01-01,2022-12-31,1,2026-09-15T16:27:19.643884+00:00
HOUSEHOLD_INCOME_TOTAL_NUTS2,ie05:nuts2,2023,2026-09-15T16:27:19.643884+00:00,36561.15,final,2023-01-01,2023-12-31,1,2026-09-15T16:27:19.643884+00:00
HOUSEHOLD_INCOME_TOTAL_NUTS2,ie06:nuts2,2013,2026-09-15T16:27:19.643884+00:00,31582.57,final,2013-01-01,2013-12-31,1,2026-09-15T16:27:19.643884+00:00
HOUSEHOLD_INCOME_TOTAL_NUTS2,ie06:nuts2,2014,2026-09-15T16:27:19.643884+00:00,30831.53,final,2014-01-01,2014-12-31,1,2026-09-15T16:27:19.643884+00:00
HOUSEHOLD_INCOME_TOTAL_NUTS2,ie06:nuts2,2015,2026-09-15T16:27:19.643884+00:00,32915.94,final,2015-01-01,2015-12-31,1,2026-09-15T16:27:19.643884+00:00
HOUSEHOLD_INCOME_TOTAL_NUTS2,ie06:nuts2,2016,2026-09-15T16:27:19.643884+00:00,34771.83,final,2016-01-01,2016-12-31,1,2026-09-15T16:27:19.643884+00:00
HOUSEHOLD_INCOME_TOTAL_NUTS2,ie06:nuts2,2017,2026-09-15T16:27:19.643884+00:00,36540.29,final,2017-01-01,2017-12-31,1,2026-09-15T16:27:19.643884+00:00
HOUSEHOLD_INCOME_TOTAL_NUTS2,ie06:nuts2,2018,2026-09-15T16:27:19.643884+00:00,37694.08,final,2018-01-01,2018-12-31,1,2026-09-15T16:27:19.643884+00:00
HOUSEHOLD_INCOME_TOTAL_NUTS2,ie06:nuts2,2019,2026-09-15T16:27:19.643884+00:00,40445.94,final,2019-01-01,2019-12-31,1,2026-09-15T16:27:19.643884+00:00
HOUSEHOLD_INCOME_TOTAL_NUTS2,ie06:nuts2,2020,2026-09-15T16:27:19.643884+00:00,40603.82,final,2020-01-01,2020-12-31,1,2026-09-15T16:27:19.643884+00:00
HOUSEHOLD_INCOME_TOTAL_NUTS2,ie06:nuts2,2021,2026-09-15T16:27:19.643884+00:00,43948.92,final,2021-01-01,2021-12-31,1,2026-09-15T16:27:19.643884+00:00
HOUSEHOLD_INCOME_TOTAL_NUTS2,ie06:nuts2,2022,2026-09-15T16:27:19.643884+00:00,47724.28,final,2022-01-01,2022-12-31,1,2026-09-15T16:27:19.643884+00:00
HOUSEHOLD_INCOME_TOTAL_NUTS2,ie06:nuts2,2023,2026-09-15T16:27:19.643884+00:00,53323.2,final,2023-01-01,2023-12-31,1,2026-09-15T16:27:19.643884+00:00
HOUSEHOLD_INCOME_TOTAL_NUTS2,itc1:nuts2,2013,2026-09-15T16:27:19.643884+00:00,78445.66,final,2013-01-01,2013-12-31,1,2026-09-15T16:27:19.643884+00:00
HOUSEHOLD_INCOME_TOTAL_NUTS2,itc1:nuts2,2014,2026-09-15T16:27:19.643884+00:00,77803.61,final,2014-01-01,2014-12-31,1,2026-09-15T16:27:19.643884+00:00
HOUSEHOLD_INCOME_TOTAL_NUTS2,itc1:nuts2,2015,2026-09-15T16:27:19.643884+00:00,78286.47,final,2015-01-01,2015-12-31,1,2026-09-15T16:27:19.643884+00:00
HOUSEHOLD_INCOME_TOTAL_NUTS2,itc1:nuts2,2016,2026-09-15T16:27:19.643884+00:00,80805.51,final,2016-01-01,2016-12-31,1,2026-09-15T16:27:19.643884+00:00
HOUSEHOLD_INCOME_TOTAL_NUTS2,itc1:nuts2,2017,2026-09-15T16:27:19.643884+00:00,83371.24,final,2017-01-01,2017-12-31,1,2026-09-15T16:27:19.643884+00:00
HOUSEHOLD_INCOME_TOTAL_NUTS2,itc1:nuts2,2018,2026-09-15T16:27:19.643884+00:00,84630.67,final,2018-01-01,2018-12-31,1,2026-09-15T16:27:19.643884+00:00
HOUSEHOLD_INCOME_TOTAL_NUTS2,itc1:nuts2,2019,2026-09-15T16:27:19.643884+00:00,86420.17,final,2019-01-01,2019-12-31,1,2026-09-15T16:27:19.643884+00:00
HOUSEHOLD_INCOME_TOTAL_NUTS2,itc1:nuts2,2020,2026-09-15T16:27:19.643884+00:00,83557.34,final,2020-01-01,2020-12-31,1,2026-09-15T16:27:19.643884+00:00
HOUSEHOLD_INCOME_TOTAL_NUTS2,itc1:nuts2,2021,2026-09-15T16:27:19.643884+00:00,87932.81,final,2021-01-01,2021-12-31,1,2026-09-15T16:27:19.643884+00:00
HOUSEHOLD_INCOME_TOTAL_NUTS2,itc1:nuts2,2022,2026-09-15T16:27:19.643884+00:00,94295.83,final,2022-01-01,2022-12-31,1,2026-09-15T16:27:19.643884+00:00
HOUSEHOLD_INCOME_TOTAL_NUTS2,itc1:nuts2,2023,2026-09-15T16:27:19.643884+00:00,101783.26,final,2023-01-01,2023-12-31,1,2026-09-15T16:27:19.643884+00:00
HOUSEHOLD_INCOME_TOTAL_NUTS2,itc1:nuts2,2024,2026-09-15T16:27:19.643884+00:00,107048.46,final,2024-01-01,2024-12-31,1,2026-09-15T16:27:19.643884+00:00
HOUSEHOLD_INCOME_TOTAL_NUTS2,itc2:nuts2,2013,2026-09-15T16:27:19.643884+00:00,2278.12,final,2013-01-01,2013-12-31,1,2026-09-15T16:27:19.643884+00:00
HOUSEHOLD_INCOME_TOTAL_NUTS2,itc2:nuts2,2014,2026-09-15T16:27:19.643884+00:00,2262.17,final,2014-01-01,2014-12-31,1,2026-09-15T16:27:19.643884+00:00
HOUSEHOLD_INCOME_TOTAL_NUTS2,itc2:nuts2,2015,2026-09-15T16:27:19.643884+00:00,2275.03,final,2015-01-01,2015-12-31,1,2026-09-15T16:27:19.643884+00:00
HOUSEHOLD_INCOME_TOTAL_NUTS2,itc2:nuts2,2016,2026-09-15T16:27:19.643884+00:00,2320.88,final,2016-01-01,2016-12-31,1,2026-09-15T16:27:19.643884+00:00
HOUSEHOLD_INCOME_TOTAL_NUTS2,itc2:nuts2,2017,2026-09-15T16:27:19.643884+00:00,2378.36,final,2017-01-01,2017-12-31,1,2026-09-15T16:27:19.643884+00:00
HOUSEHOLD_INCOME_TOTAL_NUTS2,itc2:nuts2,2018,2026-09-15T16:27:19.643884+00:00,2409.88,final,2018-01-01,2018-12-31,1,2026-09-15T16:27:19.643884+00:00
HOUSEHOLD_INCOME_TOTAL_NUTS2,itc2:nuts2,2019,2026-09-15T16:27:19.643884+00:00,2456.23,final,2019-01-01,2019-12-31,1,2026-09-15T16:27:19.643884+00:00
HOUSEHOLD_INCOME_TOTAL_NUTS2,itc2:nuts2,2020,2026-09-15T16:27:19.643884+00:00,2332.07,final,2020-01-01,2020-12-31,1,2026-09-15T16:27:19.643884+00:00
HOUSEHOLD_INCOME_TOTAL_NUTS2,itc2:nuts2,2021,2026-09-15T16:27:19.643884+00:00,2437.39,final,2021-01-01,2021-12-31,1,2026-09-15T16:27:19.643884+00:00
HOUSEHOLD_INCOME_TOTAL_NUTS2,itc2:nuts2,2022,2026-09-15T16:27:19.643884+00:00,2643.79,final,2022-01-01,2022-12-31,1,2026-09-15T16:27:19.643884+00:00
HOUSEHOLD_INCOME_TOTAL_NUTS2,itc2:nuts2,2023,2026-09-15T16:27:19.643884+00:00,2836.26,final,2023-01-01,2023-12-31,1,2026-09-15T16:27:19.643884+00:00
HOUSEHOLD_INCOME_TOTAL_NUTS2,itc2:nuts2,2024,2026-09-15T16:27:19.643884+00:00,2965.18,final,2024-01-01,2024-12-31,1,2026-09-15T16:27:19.643884+00:00
HOUSEHOLD_INCOME_TOTAL_NUTS2,itc3:nuts2,2013,2026-09-15T16:27:19.643884+00:00,27657.42,final,2013-01-01,2013-12-31,1,2026-09-15T16:27:19.643884+00:00
HOUSEHOLD_INCOME_TOTAL_NUTS2,itc3:nuts2,2014,2026-09-15T16:27:19.643884+00:00,27376.06,final,2014-01-01,2014-12-31,1,2026-09-15T16:27:19.643884+00:00
HOUSEHOLD_INCOME_TOTAL_NUTS2,itc3:nuts2,2015,2026-09-15T16:27:19.643884+00:00,27420.41,final,2015-01-01,2015-12-31,1,2026-09-15T16:27:19.643884+00:00
HOUSEHOLD_INCOME_TOTAL_NUTS2,itc3:nuts2,2016,2026-09-15T16:27:19.643884+00:00,28337.69,final,2016-01-01,2016-12-31,1,2026-09-15T16:27:19.643884+00:00
HOUSEHOLD_INCOME_TOTAL_NUTS2,itc3:nuts2,2017,2026-09-15T16:27:19.643884+00:00,29482.19,final,2017-01-01,2017-12-31,1,2026-09-15T16:27:19.643884+00:00
HOUSEHOLD_INCOME_TOTAL_NUTS2,itc3:nuts2,2018,2026-09-15T16:27:19.643884+00:00,29372.89,final,2018-01-01,2018-12-31,1,2026-09-15T16:27:19.643884+00:00
HOUSEHOLD_INCOME_TOTAL_NUTS2,itc3:nuts2,2019,2026-09-15T16:27:19.643884+00:00,30050.19,final,2019-01-01,2019-12-31,1,2026-09-15T16:27:19.643884+00:00
HOUSEHOLD_INCOME_TOTAL_NUTS2,itc3:nuts2,2020,2026-09-15T16:27:19.643884+00:00,28826.84,final,2020-01-01,2020-12-31,1,2026-09-15T16:27:19.643884+00:00
HOUSEHOLD_INCOME_TOTAL_NUTS2,itc3:nuts2,2021,2026-09-15T16:27:19.643884+00:00,30439.89,final,2021-01-01,2021-12-31,1,2026-09-15T16:27:19.643884+00:00
HOUSEHOLD_INCOME_TOTAL_NUTS2,itc3:nuts2,2022,2026-09-15T16:27:19.643884+00:00,33156.82,final,2022-01-01,2022-12-31,1,2026-09-15T16:27:19.643884+00:00
HOUSEHOLD_INCOME_TOTAL_NUTS2,itc3:nuts2,2023,2026-09-15T16:27:19.643884+00:00,35676.63,final,2023-01-01,2023-12-31,1,2026-09-15T16:27:19.643884+00:00
HOUSEHOLD_INCOME_TOTAL_NUTS2,itc3:nuts2,2024,2026-09-15T16:27:19.643884+00:00,36720.48,final,2024-01-01,2024-12-31,1,2026-09-15T16:27:19.643884+00:00
HOUSEHOLD_INCOME_TOTAL_NUTS2,itc4:nuts2,2013,2026-09-15T16:27:19.643884+00:00,193656.48,final,2013-01-01,2013-12-31,1,2026-09-15T16:27:19.643884+00:00
HOUSEHOLD_INCOME_TOTAL_NUTS2,itc4:nuts2,2014,2026-09-15T16:27:19.643884+00:00,192421.18,final,2014-01-01,2014-12-31,1,2026-09-15T16:27:19.643884+00:00
HOUSEHOLD_INCOME_TOTAL_NUTS2,itc4:nuts2,2015,2026-09-15T16:27:19.643884+00:00,195891.29,final,2015-01-01,2015-12-31,1,2026-09-15T16:27:19.643884+00:00
HOUSEHOLD_INCOME_TOTAL_NUTS2,itc4:nuts2,2016,2026-09-15T16:27:19.643884+00:00,202267.88,final,2016-01-01,2016-12-31,1,2026-09-15T16:27:19.643884+00:00
HOUSEHOLD_INCOME_TOTAL_NUTS2,itc4:nuts2,2017,2026-09-15T16:27:19.643884+00:00,209959.1,final,2017-01-01,2017-12-31,1,2026-09-15T16:27:19.643884+00:00
HOUSEHOLD_INCOME_TOTAL_NUTS2,itc4:nuts2,2018,2026-09-15T16:27:19.643884+00:00,211475.07,final,2018-01-01,2018-12-31,1,2026-09-15T16:27:19.643884+00:00
HOUSEHOLD_INCOME_TOTAL_NUTS2,itc4:nuts2,2019,2026-09-15T16:27:19.643884+00:00,217495.35,final,2019-01-01,2019-12-31,1,2026-09-15T16:27:19.643884+00:00
HOUSEHOLD_INCOME_TOTAL_NUTS2,itc4:nuts2,2020,2026-09-15T16:27:19.643884+00:00,213431.88,final,2020-01-01,2020-12-31,1,2026-09-15T16:27:19.643884+00:00
HOUSEHOLD_INCOME_TOTAL_NUTS2,itc4:nuts2,2021,2026-09-15T16:27:19.643884+00:00,226212.66,final,2021-01-01,2021-12-31,1,2026-09-15T16:27:19.643884+00:00
HOUSEHOLD_INCOME_TOTAL_NUTS2,itc4:nuts2,2022,2026-09-15T16:27:19.643884+00:00,244440.27,final,2022-01-01,2022-12-31,1,2026-09-15T16:27:19.643884+00:00
HOUSEHOLD_INCOME_TOTAL_NUTS2,itc4:nuts2,2023,2026-09-15T16:27:19.643884+00:00,265057.81,final,2023-01-01,2023-12-31,1,2026-09-15T16:27:19.643884+00:00
HOUSEHOLD_INCOME_TOTAL_NUTS2,itc4:nuts2,2024,2026-09-15T16:27:19.643884+00:00,275179.23,final,2024-01-01,2024-12-31,1,2026-09-15T16:27:19.643884+00:00
HOUSEHOLD_INCOME_TOTAL_NUTS2,itf1:nuts2,2013,2026-09-15T16:27:19.643884+00:00,19129.71,final,2013-01-01,2013-12-31,1,2026-09-15T16:27:19.643884+00:00
HOUSEHOLD_INCOME_TOTAL_NUTS2,itf1:nuts2,2014,2026-09-15T16:27:19.643884+00:00,18714.83,final,2014-01-01,2014-12-31,1,2026-09-15T16:27:19.643884+00:00
HOUSEHOLD_INCOME_TOTAL_NUTS2,itf1:nuts2,2015,2026-09-15T16:27:19.643884+00:00,19021.2,final,2015-01-01,2015-12-31,1,2026-09-15T16:27:19.643884+00:00
HOUSEHOLD_INCOME_TOTAL_NUTS2,itf1:nuts2,2016,2026-09-15T16:27:19.643884+00:00,19468.71,final,2016-01-01,2016-12-31,1,2026-09-15T16:27:19.643884+00:00
HOUSEHOLD_INCOME_TOTAL_NUTS2,itf1:nuts2,2017,2026-09-15T16:27:19.643884+00:00,19882.51,final,2017-01-01,2017-12-31,1,2026-09-15T16:27:19.643884+00:00
HOUSEHOLD_INCOME_TOTAL_NUTS2,itf1:nuts2,2018,2026-09-15T16:27:19.643884+00:00,20183.57,final,2018-01-01,2018-12-31,1,2026-09-15T16:27:19.643884+00:00
HOUSEHOLD_INCOME_TOTAL_NUTS2,itf1:nuts2,2019,2026-09-15T16:27:19.643884+00:00,20537.93,final,2019-01-01,2019-12-31,1,2026-09-15T16:27:19.643884+00:00
HOUSEHOLD_INCOME_TOTAL_NUTS2,itf1:nuts2,2020,2026-09-15T16:27:19.643884+00:00,20001.77,final,2020-01-01,2020-12-31,1,2026-09-15T16:27:19.643884+00:00
HOUSEHOLD_INCOME_TOTAL_NUTS2,itf1:nuts2,2021,2026-09-15T16:27:19.643884+00:00,21306.79,final,2021-01-01,2021-12-31,1,2026-09-15T16:27:19.643884+00:00
HOUSEHOLD_INCOME_TOTAL_NUTS2,itf1:nuts2,2022,2026-09-15T16:27:19.643884+00:00,22984.1,final,2022-01-01,2022-12-31,1,2026-09-15T16:27:19.643884+00:00
HOUSEHOLD_INCOME_TOTAL_NUTS2,itf1:nuts2,2023,2026-09-15T16:27:19.643884+00:00,24647.93,final,2023-01-01,2023-12-31,1,2026-09-15T16:27:19.643884+00:00
HOUSEHOLD_INCOME_TOTAL_NUTS2,itf1:nuts2,2024,2026-09-15T16:27:19.643884+00:00,25774.79,final,2024-01-01,2024-12-31,1,2026-09-15T16:27:19.643884+00:00
HOUSEHOLD_INCOME_TOTAL_NUTS2,itf2:nuts2,2013,2026-09-15T16:27:19.643884+00:00,4135.55,final,2013-01-01,2013-12-31,1,2026-09-15T16:27:19.643884+00:00
HOUSEHOLD_INCOME_TOTAL_NUTS2,itf2:nuts2,2014,2026-09-15T16:27:19.643884+00:00,4039.35,final,2014-01-01,2014-12-31,1,2026-09-15T16:27:19.643884+00:00
HOUSEHOLD_INCOME_TOTAL_NUTS2,itf2:nuts2,2015,2026-09-15T16:27:19.643884+00:00,4107.3,final,2015-01-01,2015-12-31,1,2026-09-15T16:27:19.643884+00:00
HOUSEHOLD_INCOME_TOTAL_NUTS2,itf2:nuts2,2016,2026-09-15T16:27:19.643884+00:00,4183.7,final,2016-01-01,2016-12-31,1,2026-09-15T16:27:19.643884+00:00
HOUSEHOLD_INCOME_TOTAL_NUTS2,itf2:nuts2,2017,2026-09-15T16:27:19.643884+00:00,4232.84,final,2017-01-01,2017-12-31,1,2026-09-15T16:27:19.643884+00:00
HOUSEHOLD_INCOME_TOTAL_NUTS2,itf2:nuts2,2018,2026-09-15T16:27:19.643884+00:00,4306.61,final,2018-01-01,2018-12-31,1,2026-09-15T16:27:19.643884+00:00
HOUSEHOLD_INCOME_TOTAL_NUTS2,itf2:nuts2,2019,2026-09-15T16:27:19.643884+00:00,4408.48,final,2019-01-01,2019-12-31,1,2026-09-15T16:27:19.643884+00:00
HOUSEHOLD_INCOME_TOTAL_NUTS2,itf2:nuts2,2020,2026-09-15T16:27:19.643884+00:00,4369.67,final,2020-01-01,2020-12-31,1,2026-09-15T16:27:19.643884+00:00
HOUSEHOLD_INCOME_TOTAL_NUTS2,itf2:nuts2,2021,2026-09-15T16:27:19.643884+00:00,4594.16,final,2021-01-01,2021-12-31,1,2026-09-15T16:27:19.643884+00:00
HOUSEHOLD_INCOME_TOTAL_NUTS2,itf2:nuts2,2022,2026-09-15T16:27:19.643884+00:00,4970.15,final,2022-01-01,2022-12-31,1,2026-09-15T16:27:19.643884+00:00
HOUSEHOLD_INCOME_TOTAL_NUTS2,itf2:nuts2,2023,2026-09-15T16:27:19.643884+00:00,5252.35,final,2023-01-01,2023-12-31,1,2026-09-15T16:27:19.643884+00:00
HOUSEHOLD_INCOME_TOTAL_NUTS2,itf2:nuts2,2024,2026-09-15T16:27:19.643884+00:00,5441.29,final,2024-01-01,2024-12-31,1,2026-09-15T16:27:19.643884+00:00
HOUSEHOLD_INCOME_TOTAL_NUTS2,itf3:nuts2,2013,2026-09-15T16:27:19.643884+00:00,65772.42,final,2013-01-01,2013-12-31,1,2026-09-15T16:27:19.643884+00:00
HOUSEHOLD_INCOME_TOTAL_NUTS2,itf3:nuts2,2014,2026-09-15T16:27:19.643884+00:00,65740.74,final,2014-01-01,2014-12-31,1,2026-09-15T16:27:19.643884+00:00
HOUSEHOLD_INCOME_TOTAL_NUTS2,itf3:nuts2,2015,2026-09-15T16:27:19.643884+00:00,67189.68,final,2015-01-01,2015-12-31,1,2026-09-15T16:27:19.643884+00:00
HOUSEHOLD_INCOME_TOTAL_NUTS2,itf3:nuts2,2016,2026-09-15T16:27:19.643884+00:00,69224.2,final,2016-01-01,2016-12-31,1,2026-09-15T16:27:19.643884+00:00
HOUSEHOLD_INCOME_TOTAL_NUTS2,itf3:nuts2,2017,2026-09-15T16:27:19.643884+00:00,70051.12,final,2017-01-01,2017-12-31,1,2026-09-15T16:27:19.643884+00:00
HOUSEHOLD_INCOME_TOTAL_NUTS2,itf3:nuts2,2018,2026-09-15T16:27:19.643884+00:00,71592.81,final,2018-01-01,2018-12-31,1,2026-09-15T16:27:19.643884+00:00
HOUSEHOLD_INCOME_TOTAL_NUTS2,itf3:nuts2,2019,2026-09-15T16:27:19.643884+00:00,73702.06,final,2019-01-01,2019-12-31,1,2026-09-15T16:27:19.643884+00:00
HOUSEHOLD_INCOME_TOTAL_NUTS2,itf3:nuts2,2020,2026-09-15T16:27:19.643884+00:00,72142.8,final,2020-01-01,2020-12-31,1,2026-09-15T16:27:19.643884+00:00
HOUSEHOLD_INCOME_TOTAL_NUTS2,itf3:nuts2,2021,2026-09-15T16:27:19.643884+00:00,76535.15,final,2021-01-01,2021-12-31,1,2026-09-15T16:27:19.643884+00:00
HOUSEHOLD_INCOME_TOTAL_NUTS2,itf3:nuts2,2022,2026-09-15T16:27:19.643884+00:00,83224.09,final,2022-01-01,2022-12-31,1,2026-09-15T16:27:19.643884+00:00
HOUSEHOLD_INCOME_TOTAL_NUTS2,itf3:nuts2,2023,2026-09-15T16:27:19.643884+00:00,88998.64,final,2023-01-01,2023-12-31,1,2026-09-15T16:27:19.643884+00:00
HOUSEHOLD_INCOME_TOTAL_NUTS2,itf3:nuts2,2024,2026-09-15T16:27:19.643884+00:00,93216.91,final,2024-01-01,2024-12-31,1,2026-09-15T16:27:19.643884+00:00
HOUSEHOLD_INCOME_TOTAL_NUTS2,itf4:nuts2,2013,2026-09-15T16:27:19.643884+00:00,49827.35,final,2013-01-01,2013-12-31,1,2026-09-15T16:27:19.643884+00:00
HOUSEHOLD_INCOME_TOTAL_NUTS2,itf4:nuts2,2014,2026-09-15T16:27:19.643884+00:00,49484.38,final,2014-01-01,2014-12-31,1,2026-09-15T16:27:19.643884+00:00
HOUSEHOLD_INCOME_TOTAL_NUTS2,itf4:nuts2,2015,2026-09-15T16:27:19.643884+00:00,50692.36,final,2015-01-01,2015-12-31,1,2026-09-15T16:27:19.643884+00:00
HOUSEHOLD_INCOME_TOTAL_NUTS2,itf4:nuts2,2016,2026-09-15T16:27:19.643884+00:00,52197.14,final,2016-01-01,2016-12-31,1,2026-09-15T16:27:19.643884+00:00
HOUSEHOLD_INCOME_TOTAL_NUTS2,itf4:nuts2,2017,2026-09-15T16:27:19.643884+00:00,53367.77,final,2017-01-01,2017-12-31,1,2026-09-15T16:27:19.643884+00:00
HOUSEHOLD_INCOME_TOTAL_NUTS2,itf4:nuts2,2018,2026-09-15T16:27:19.643884+00:00,54560.58,final,2018-01-01,2018-12-31,1,2026-09-15T16:27:19.643884+00:00
HOUSEHOLD_INCOME_TOTAL_NUTS2,itf4:nuts2,2019,2026-09-15T16:27:19.643884+00:00,55883.02,final,2019-01-01,2019-12-31,1,2026-09-15T16:27:19.643884+00:00
HOUSEHOLD_INCOME_TOTAL_NUTS2,itf4:nuts2,2020,2026-09-15T16:27:19.643884+00:00,55318.95,final,2020-01-01,2020-12-31,1,2026-09-15T16:27:19.643884+00:00
HOUSEHOLD_INCOME_TOTAL_NUTS2,itf4:nuts2,2021,2026-09-15T16:27:19.643884+00:00,58020.51,final,2021-01-01,2021-12-31,1,2026-09-15T16:27:19.643884+00:00
HOUSEHOLD_INCOME_TOTAL_NUTS2,itf4:nuts2,2022,2026-09-15T16:27:19.643884+00:00,62119.61,final,2022-01-01,2022-12-31,1,2026-09-15T16:27:19.643884+00:00
HOUSEHOLD_INCOME_TOTAL_NUTS2,itf4:nuts2,2023,2026-09-15T16:27:19.643884+00:00,66086.63,final,2023-01-01,2023-12-31,1,2026-09-15T16:27:19.643884+00:00
HOUSEHOLD_INCOME_TOTAL_NUTS2,itf4:nuts2,2024,2026-09-15T16:27:19.643884+00:00,68928.32,final,2024-01-01,2024-12-31,1,2026-09-15T16:27:19.643884+00:00
HOUSEHOLD_INCOME_TOTAL_NUTS2,itf5:nuts2,2013,2026-09-15T16:27:19.643884+00:00,6900.93,final,2013-01-01,2013-12-31,1,2026-09-15T16:27:19.643884+00:00
HOUSEHOLD_INCOME_TOTAL_NUTS2,itf5:nuts2,2014,2026-09-15T16:27:19.643884+00:00,6858.0,final,2014-01-01,2014-12-31,1,2026-09-15T16:27:19.643884+00:00
HOUSEHOLD_INCOME_TOTAL_NUTS2,itf5:nuts2,2015,2026-09-15T16:27:19.643884+00:00,7095.27,final,2015-01-01,2015-12-31,1,2026-09-15T16:27:19.643884+00:00
HOUSEHOLD_INCOME_TOTAL_NUTS2,itf5:nuts2,2016,2026-09-15T16:27:19.643884+00:00,7196.04,final,2016-01-01,2016-12-31,1,2026-09-15T16:27:19.643884+00:00
HOUSEHOLD_INCOME_TOTAL_NUTS2,itf5:nuts2,2017,2026-09-15T16:27:19.643884+00:00,7285.47,final,2017-01-01,2017-12-31,1,2026-09-15T16:27:19.643884+00:00
HOUSEHOLD_INCOME_TOTAL_NUTS2,itf5:nuts2,2018,2026-09-15T16:27:19.643884+00:00,7474.12,final,2018-01-01,2018-12-31,1,2026-09-15T16:27:19.643884+00:00
HOUSEHOLD_INCOME_TOTAL_NUTS2,itf5:nuts2,2019,2026-09-15T16:27:19.643884+00:00,7687.65,final,2019-01-01,2019-12-31,1,2026-09-15T16:27:19.643884+00:00
HOUSEHOLD_INCOME_TOTAL_NUTS2,itf5:nuts2,2020,2026-09-15T16:27:19.643884+00:00,7703.92,final,2020-01-01,2020-12-31,1,2026-09-15T16:27:19.643884+00:00
HOUSEHOLD_INCOME_TOTAL_NUTS2,itf5:nuts2,2021,2026-09-15T16:27:19.643884+00:00,8042.98,final,2021-01-01,2021-12-31,1,2026-09-15T16:27:19.643884+00:00
HOUSEHOLD_INCOME_TOTAL_NUTS2,itf5:nuts2,2022,2026-09-15T16:27:19.643884+00:00,8578.27,final,2022-01-01,2022-12-31,1,2026-09-15T16:27:19.643884+00:00
HOUSEHOLD_INCOME_TOTAL_NUTS2,itf5:nuts2,2023,2026-09-15T16:27:19.643884+00:00,9225.15,final,2023-01-01,2023-12-31,1,2026-09-15T16:27:19.643884+00:00
HOUSEHOLD_INCOME_TOTAL_NUTS2,itf5:nuts2,2024,2026-09-15T16:27:19.643884+00:00,9473.62,final,2024-01-01,2024-12-31,1,2026-09-15T16:27:19.643884+00:00
HOUSEHOLD_INCOME_TOTAL_NUTS2,itf6:nuts2,2013,2026-09-15T16:27:19.643884+00:00,22553.26,final,2013-01-01,2013-12-31,1,2026-09-15T16:27:19.643884+00:00
HOUSEHOLD_INCOME_TOTAL_NUTS2,itf6:nuts2,2014,2026-09-15T16:27:19.643884+00:00,22125.37,final,2014-01-01,2014-12-31,1,2026-09-15T16:27:19.643884+00:00
HOUSEHOLD_INCOME_TOTAL_NUTS2,itf6:nuts2,2015,2026-09-15T16:27:19.643884+00:00,22446.57,final,2015-01-01,2015-12-31,1,2026-09-15T16:27:19.643884+00:00
HOUSEHOLD_INCOME_TOTAL_NUTS2,itf6:nuts2,2016,2026-09-15T16:27:19.643884+00:00,23123.14,final,2016-01-01,2016-12-31,1,2026-09-15T16:27:19.643884+00:00
HOUSEHOLD_INCOME_TOTAL_NUTS2,itf6:nuts2,2017,2026-09-15T16:27:19.643884+00:00,23912.49,final,2017-01-01,2017-12-31,1,2026-09-15T16:27:19.643884+00:00
HOUSEHOLD_INCOME_TOTAL_NUTS2,itf6:nuts2,2018,2026-09-15T16:27:19.643884+00:00,24369.26,final,2018-01-01,2018-12-31,1,2026-09-15T16:27:19.643884+00:00
HOUSEHOLD_INCOME_TOTAL_NUTS2,itf6:nuts2,2019,2026-09-15T16:27:19.643884+00:00,25040.1,final,2019-01-01,2019-12-31,1,2026-09-15T16:27:19.643884+00:00
HOUSEHOLD_INCOME_TOTAL_NUTS2,itf6:nuts2,2020,2026-09-15T16:27:19.643884+00:00,24691.57,final,2020-01-01,2020-12-31,1,2026-09-15T16:27:19.643884+00:00
HOUSEHOLD_INCOME_TOTAL_NUTS2,itf6:nuts2,2021,2026-09-15T16:27:19.643884+00:00,25719.12,final,2021-01-01,2021-12-31,1,2026-09-15T16:27:19.643884+00:00
HOUSEHOLD_INCOME_TOTAL_NUTS2,itf6:nuts2,2022,2026-09-15T16:27:19.643884+00:00,27650.8,final,2022-01-01,2022-12-31,1,2026-09-15T16:27:19.643884+00:00
HOUSEHOLD_INCOME_TOTAL_NUTS2,itf6:nuts2,2023,2026-09-15T16:27:19.643884+00:00,29652.31,final,2023-01-01,2023-12-31,1,2026-09-15T16:27:19.643884+00:00
HOUSEHOLD_INCOME_TOTAL_NUTS2,itf6:nuts2,2024,2026-09-15T16:27:19.643884+00:00,31080.14,final,2024-01-01,2024-12-31,1,2026-09-15T16:27:19.643884+00:00
HOUSEHOLD_INCOME_TOTAL_NUTS2,itg1:nuts2,2013,2026-09-15T16:27:19.643884+00:00,58712.05,final,2013-01-01,2013-12-31,1,2026-09-15T16:27:19.643884+00:00
HOUSEHOLD_INCOME_TOTAL_NUTS2,itg1:nuts2,2014,2026-09-15T16:27:19.643884+00:00,58003.37,final,2014-01-01,2014-12-31,1,2026-09-15T16:27:19.643884+00:00
HOUSEHOLD_INCOME_TOTAL_NUTS2,itg1:nuts2,2015,2026-09-15T16:27:19.643884+00:00,58825.24,final,2015-01-01,2015-12-31,1,2026-09-15T16:27:19.643884+00:00
HOUSEHOLD_INCOME_TOTAL_NUTS2,itg1:nuts2,2016,2026-09-15T16:27:19.643884+00:00,60856.31,final,2016-01-01,2016-12-31,1,2026-09-15T16:27:19.643884+00:00
HOUSEHOLD_INCOME_TOTAL_NUTS2,itg1:nuts2,2017,2026-09-15T16:27:19.643884+00:00,62325.31,final,2017-01-01,2017-12-31,1,2026-09-15T16:27:19.643884+00:00
HOUSEHOLD_INCOME_TOTAL_NUTS2,itg1:nuts2,2018,2026-09-15T16:27:19.643884+00:00,63471.05,final,2018-01-01,2018-12-31,1,2026-09-15T16:27:19.643884+00:00
HOUSEHOLD_INCOME_TOTAL_NUTS2,itg1:nuts2,2019,2026-09-15T16:27:19.643884+00:00,65404.43,final,2019-01-01,2019-12-31,1,2026-09-15T16:27:19.643884+00:00
HOUSEHOLD_INCOME_TOTAL_NUTS2,itg1:nuts2,2020,2026-09-15T16:27:19.643884+00:00,64896.57,final,2020-01-01,2020-12-31,1,2026-09-15T16:27:19.643884+00:00
HOUSEHOLD_INCOME_TOTAL_NUTS2,itg1:nuts2,2021,2026-09-15T16:27:19.643884+00:00,68853.46,final,2021-01-01,2021-12-31,1,2026-09-15T16:27:19.643884+00:00
HOUSEHOLD_INCOME_TOTAL_NUTS2,itg1:nuts2,2022,2026-09-15T16:27:19.643884+00:00,74413.71,final,2022-01-01,2022-12-31,1,2026-09-15T16:27:19.643884+00:00
HOUSEHOLD_INCOME_TOTAL_NUTS2,itg1:nuts2,2023,2026-09-15T16:27:19.643884+00:00,78878.7,final,2023-01-01,2023-12-31,1,2026-09-15T16:27:19.643884+00:00
HOUSEHOLD_INCOME_TOTAL_NUTS2,itg1:nuts2,2024,2026-09-15T16:27:19.643884+00:00,83089.19,final,2024-01-01,2024-12-31,1,2026-09-15T16:27:19.643884+00:00
HOUSEHOLD_INCOME_TOTAL_NUTS2,itg2:nuts2,2013,2026-09-15T16:27:19.643884+00:00,22021.9,final,2013-01-01,2013-12-31,1,2026-09-15T16:27:19.643884+00:00
HOUSEHOLD_INCOME_TOTAL_NUTS2,itg2:nuts2,2014,2026-09-15T16:27:19.643884+00:00,21774.37,final,2014-01-01,2014-12-31,1,2026-09-15T16:27:19.643884+00:00
HOUSEHOLD_INCOME_TOTAL_NUTS2,itg2:nuts2,2015,2026-09-15T16:27:19.643884+00:00,22052.1,final,2015-01-01,2015-12-31,1,2026-09-15T16:27:19.643884+00:00
HOUSEHOLD_INCOME_TOTAL_NUTS2,itg2:nuts2,2016,2026-09-15T16:27:19.643884+00:00,22593.57,final,2016-01-01,2016-12-31,1,2026-09-15T16:27:19.643884+00:00
HOUSEHOLD_INCOME_TOTAL_NUTS2,itg2:nuts2,2017,2026-09-15T16:27:19.643884+00:00,22699.19,final,2017-01-01,2017-12-31,1,2026-09-15T16:27:19.643884+00:00
HOUSEHOLD_INCOME_TOTAL_NUTS2,itg2:nuts2,2018,2026-09-15T16:27:19.643884+00:00,23493.12,final,2018-01-01,2018-12-31,1,2026-09-15T16:27:19.643884+00:00
HOUSEHOLD_INCOME_TOTAL_NUTS2,itg2:nuts2,2019,2026-09-15T16:27:19.643884+00:00,24118.75,final,2019-01-01,2019-12-31,1,2026-09-15T16:27:19.643884+00:00
HOUSEHOLD_INCOME_TOTAL_NUTS2,itg2:nuts2,2020,2026-09-15T16:27:19.643884+00:00,23938.53,final,2020-01-01,2020-12-31,1,2026-09-15T16:27:19.643884+00:00
HOUSEHOLD_INCOME_TOTAL_NUTS2,itg2:nuts2,2021,2026-09-15T16:27:19.643884+00:00,25250.43,final,2021-01-01,2021-12-31,1,2026-09-15T16:27:19.643884+00:00
HOUSEHOLD_INCOME_TOTAL_NUTS2,itg2:nuts2,2022,2026-09-15T16:27:19.643884+00:00,27558.05,final,2022-01-01,2022-12-31,1,2026-09-15T16:27:19.643884+00:00
HOUSEHOLD_INCOME_TOTAL_NUTS2,itg2:nuts2,2023,2026-09-15T16:27:19.643884+00:00,29293.86,final,2023-01-01,2023-12-31,1,2026-09-15T16:27:19.643884+00:00
HOUSEHOLD_INCOME_TOTAL_NUTS2,itg2:nuts2,2024,2026-09-15T16:27:19.643884+00:00,30581.89,final,2024-01-01,2024-12-31,1,2026-09-15T16:27:19.643884+00:00
HOUSEHOLD_INCOME_TOTAL_NUTS2,ith1:nuts2,2013,2026-09-15T16:27:19.643884+00:00,10986.66,final,2013-01-01,2013-12-31,1,2026-09-15T16:27:19.643884+00:00
HOUSEHOLD_INCOME_TOTAL_NUTS2,ith1:nuts2,2014,2026-09-15T16:27:19.643884+00:00,10999.3,final,2014-01-01,2014-12-31,1,2026-09-15T16:27:19.643884+00:00
HOUSEHOLD_INCOME_TOTAL_NUTS2,ith1:nuts2,2015,2026-09-15T16:27:19.643884+00:00,11355.42,final,2015-01-01,2015-12-31,1,2026-09-15T16:27:19.643884+00:00
HOUSEHOLD_INCOME_TOTAL_NUTS2,ith1:nuts2,2016,2026-09-15T16:27:19.643884+00:00,11969.5,final,2016-01-01,2016-12-31,1,2026-09-15T16:27:19.643884+00:00
HOUSEHOLD_INCOME_TOTAL_NUTS2,ith1:nuts2,2017,2026-09-15T16:27:19.643884+00:00,12487.65,final,2017-01-01,2017-12-31,1,2026-09-15T16:27:19.643884+00:00
HOUSEHOLD_INCOME_TOTAL_NUTS2,ith1:nuts2,2018,2026-09-15T16:27:19.643884+00:00,13035.06,final,2018-01-01,2018-12-31,1,2026-09-15T16:27:19.643884+00:00
HOUSEHOLD_INCOME_TOTAL_NUTS2,ith1:nuts2,2019,2026-09-15T16:27:19.643884+00:00,13412.92,final,2019-01-01,2019-12-31,1,2026-09-15T16:27:19.643884+00:00
HOUSEHOLD_INCOME_TOTAL_NUTS2,ith1:nuts2,2020,2026-09-15T16:27:19.643884+00:00,13010.97,final,2020-01-01,2020-12-31,1,2026-09-15T16:27:19.643884+00:00
HOUSEHOLD_INCOME_TOTAL_NUTS2,ith1:nuts2,2021,2026-09-15T16:27:19.643884+00:00,13325.48,final,2021-01-01,2021-12-31,1,2026-09-15T16:27:19.643884+00:00
HOUSEHOLD_INCOME_TOTAL_NUTS2,ith1:nuts2,2022,2026-09-15T16:27:19.643884+00:00,14646.59,final,2022-01-01,2022-12-31,1,2026-09-15T16:27:19.643884+00:00
HOUSEHOLD_INCOME_TOTAL_NUTS2,ith1:nuts2,2023,2026-09-15T16:27:19.643884+00:00,16089.59,final,2023-01-01,2023-12-31,1,2026-09-15T16:27:19.643884+00:00
HOUSEHOLD_INCOME_TOTAL_NUTS2,ith1:nuts2,2024,2026-09-15T16:27:19.643884+00:00,16811.49,final,2024-01-01,2024-12-31,1,2026-09-15T16:27:19.643884+00:00
HOUSEHOLD_INCOME_TOTAL_NUTS2,ith2:nuts2,2013,2026-09-15T16:27:19.643884+00:00,9832.1,final,2013-01-01,2013-12-31,1,2026-09-15T16:27:19.643884+00:00
HOUSEHOLD_INCOME_TOTAL_NUTS2,ith2:nuts2,2014,2026-09-15T16:27:19.643884+00:00,9469.01,final,2014-01-01,2014-12-31,1,2026-09-15T16:27:19.643884+00:00
HOUSEHOLD_INCOME_TOTAL_NUTS2,ith2:nuts2,2015,2026-09-15T16:27:19.643884+00:00,9561.19,final,2015-01-01,2015-12-31,1,2026-09-15T16:27:19.643884+00:00
HOUSEHOLD_INCOME_TOTAL_NUTS2,ith2:nuts2,2016,2026-09-15T16:27:19.643884+00:00,9825.08,final,2016-01-01,2016-12-31,1,2026-09-15T16:27:19.643884+00:00
HOUSEHOLD_INCOME_TOTAL_NUTS2,ith2:nuts2,2017,2026-09-15T16:27:19.643884+00:00,10068.2,final,2017-01-01,2017-12-31,1,2026-09-15T16:27:19.643884+00:00
HOUSEHOLD_INCOME_TOTAL_NUTS2,ith2:nuts2,2018,2026-09-15T16:27:19.643884+00:00,10497.66,final,2018-01-01,2018-12-31,1,2026-09-15T16:27:19.643884+00:00
HOUSEHOLD_INCOME_TOTAL_NUTS2,ith2:nuts2,2019,2026-09-15T16:27:19.643884+00:00,10815.27,final,2019-01-01,2019-12-31,1,2026-09-15T16:27:19.643884+00:00
HOUSEHOLD_INCOME_TOTAL_NUTS2,ith2:nuts2,2020,2026-09-15T16:27:19.643884+00:00,10451.69,final,2020-01-01,2020-12-31,1,2026-09-15T16:27:19.643884+00:00
HOUSEHOLD_INCOME_TOTAL_NUTS2,ith2:nuts2,2021,2026-09-15T16:27:19.643884+00:00,10980.14,final,2021-01-01,2021-12-31,1,2026-09-15T16:27:19.643884+00:00
HOUSEHOLD_INCOME_TOTAL_NUTS2,ith2:nuts2,2022,2026-09-15T16:27:19.643884+00:00,12027.32,final,2022-01-01,2022-12-31,1,2026-09-15T16:27:19.643884+00:00
HOUSEHOLD_INCOME_TOTAL_NUTS2,ith2:nuts2,2023,2026-09-15T16:27:19.643884+00:00,12814.2,final,2023-01-01,2023-12-31,1,2026-09-15T16:27:19.643884+00:00
HOUSEHOLD_INCOME_TOTAL_NUTS2,ith2:nuts2,2024,2026-09-15T16:27:19.643884+00:00,13405.81,final,2024-01-01,2024-12-31,1,2026-09-15T16:27:19.643884+00:00
HOUSEHOLD_INCOME_TOTAL_NUTS2,ith3:nuts2,2013,2026-09-15T16:27:19.643884+00:00,82709.66,final,2013-01-01,2013-12-31,1,2026-09-15T16:27:19.643884+00:00
HOUSEHOLD_INCOME_TOTAL_NUTS2,ith3:nuts2,2014,2026-09-15T16:27:19.643884+00:00,82472.62,final,2014-01-01,2014-12-31,1,2026-09-15T16:27:19.643884+00:00
HOUSEHOLD_INCOME_TOTAL_NUTS2,ith3:nuts2,2015,2026-09-15T16:27:19.643884+00:00,84225.86,final,2015-01-01,2015-12-31,1,2026-09-15T16:27:19.643884+00:00
HOUSEHOLD_INCOME_TOTAL_NUTS2,ith3:nuts2,2016,2026-09-15T16:27:19.643884+00:00,88116.28,final,2016-01-01,2016-12-31,1,2026-09-15T16:27:19.643884+00:00
HOUSEHOLD_INCOME_TOTAL_NUTS2,ith3:nuts2,2017,2026-09-15T16:27:19.643884+00:00,91086.06,final,2017-01-01,2017-12-31,1,2026-09-15T16:27:19.643884+00:00
HOUSEHOLD_INCOME_TOTAL_NUTS2,ith3:nuts2,2018,2026-09-15T16:27:19.643884+00:00,93526.14,final,2018-01-01,2018-12-31,1,2026-09-15T16:27:19.643884+00:00
HOUSEHOLD_INCOME_TOTAL_NUTS2,ith3:nuts2,2019,2026-09-15T16:27:19.643884+00:00,95138.91,final,2019-01-01,2019-12-31,1,2026-09-15T16:27:19.643884+00:00
HOUSEHOLD_INCOME_TOTAL_NUTS2,ith3:nuts2,2020,2026-09-15T16:27:19.643884+00:00,91947.14,final,2020-01-01,2020-12-31,1,2026-09-15T16:27:19.643884+00:00
HOUSEHOLD_INCOME_TOTAL_NUTS2,ith3:nuts2,2021,2026-09-15T16:27:19.643884+00:00,97342.96,final,2021-01-01,2021-12-31,1,2026-09-15T16:27:19.643884+00:00
HOUSEHOLD_INCOME_TOTAL_NUTS2,ith3:nuts2,2022,2026-09-15T16:27:19.643884+00:00,105247.88,final,2022-01-01,2022-12-31,1,2026-09-15T16:27:19.643884+00:00
HOUSEHOLD_INCOME_TOTAL_NUTS2,ith3:nuts2,2023,2026-09-15T16:27:19.643884+00:00,113176.42,final,2023-01-01,2023-12-31,1,2026-09-15T16:27:19.643884+00:00
HOUSEHOLD_INCOME_TOTAL_NUTS2,ith3:nuts2,2024,2026-09-15T16:27:19.643884+00:00,117639.57,final,2024-01-01,2024-12-31,1,2026-09-15T16:27:19.643884+00:00
HOUSEHOLD_INCOME_TOTAL_NUTS2,ith4:nuts2,2013,2026-09-15T16:27:19.643884+00:00,21588.47,final,2013-01-01,2013-12-31,1,2026-09-15T16:27:19.643884+00:00
HOUSEHOLD_INCOME_TOTAL_NUTS2,ith4:nuts2,2014,2026-09-15T16:27:19.643884+00:00,21260.9,final,2014-01-01,2014-12-31,1,2026-09-15T16:27:19.643884+00:00
HOUSEHOLD_INCOME_TOTAL_NUTS2,ith4:nuts2,2015,2026-09-15T16:27:19.643884+00:00,21704.51,final,2015-01-01,2015-12-31,1,2026-09-15T16:27:19.643884+00:00
HOUSEHOLD_INCOME_TOTAL_NUTS2,ith4:nuts2,2016,2026-09-15T16:27:19.643884+00:00,22479.03,final,2016-01-01,2016-12-31,1,2026-09-15T16:27:19.643884+00:00
HOUSEHOLD_INCOME_TOTAL_NUTS2,ith4:nuts2,2017,2026-09-15T16:27:19.643884+00:00,22964.75,final,2017-01-01,2017-12-31,1,2026-09-15T16:27:19.643884+00:00
HOUSEHOLD_INCOME_TOTAL_NUTS2,ith4:nuts2,2018,2026-09-15T16:27:19.643884+00:00,23416.24,final,2018-01-01,2018-12-31,1,2026-09-15T16:27:19.643884+00:00
HOUSEHOLD_INCOME_TOTAL_NUTS2,ith4:nuts2,2019,2026-09-15T16:27:19.643884+00:00,23978.41,final,2019-01-01,2019-12-31,1,2026-09-15T16:27:19.643884+00:00
HOUSEHOLD_INCOME_TOTAL_NUTS2,ith4:nuts2,2020,2026-09-15T16:27:19.643884+00:00,23181.07,final,2020-01-01,2020-12-31,1,2026-09-15T16:27:19.643884+00:00
HOUSEHOLD_INCOME_TOTAL_NUTS2,ith4:nuts2,2021,2026-09-15T16:27:19.643884+00:00,24566.75,final,2021-01-01,2021-12-31,1,2026-09-15T16:27:19.643884+00:00
HOUSEHOLD_INCOME_TOTAL_NUTS2,ith4:nuts2,2022,2026-09-15T16:27:19.643884+00:00,26161.15,final,2022-01-01,2022-12-31,1,2026-09-15T16:27:19.643884+00:00
HOUSEHOLD_INCOME_TOTAL_NUTS2,ith4:nuts2,2023,2026-09-15T16:27:19.643884+00:00,28141.61,final,2023-01-01,2023-12-31,1,2026-09-15T16:27:19.643884+00:00
HOUSEHOLD_INCOME_TOTAL_NUTS2,ith4:nuts2,2024,2026-09-15T16:27:19.643884+00:00,29303.92,final,2024-01-01,2024-12-31,1,2026-09-15T16:27:19.643884+00:00
HOUSEHOLD_INCOME_TOTAL_NUTS2,ith5:nuts2,2013,2026-09-15T16:27:19.643884+00:00,85131.53,final,2013-01-01,2013-12-31,1,2026-09-15T16:27:19.643884+00:00
HOUSEHOLD_INCOME_TOTAL_NUTS2,ith5:nuts2,2014,2026-09-15T16:27:19.643884+00:00,84767.02,final,2014-01-01,2014-12-31,1,2026-09-15T16:27:19.643884+00:00
HOUSEHOLD_INCOME_TOTAL_NUTS2,ith5:nuts2,2015,2026-09-15T16:27:19.643884+00:00,85793.49,final,2015-01-01,2015-12-31,1,2026-09-15T16:27:19.643884+00:00
HOUSEHOLD_INCOME_TOTAL_NUTS2,ith5:nuts2,2016,2026-09-15T16:27:19.643884+00:00,88895.63,final,2016-01-01,2016-12-31,1,2026-09-15T16:27:19.643884+00:00
HOUSEHOLD_INCOME_TOTAL_NUTS2,ith5:nuts2,2017,2026-09-15T16:27:19.643884+00:00,92405.27,final,2017-01-01,2017-12-31,1,2026-09-15T16:27:19.643884+00:00
HOUSEHOLD_INCOME_TOTAL_NUTS2,ith5:nuts2,2018,2026-09-15T16:27:19.643884+00:00,93967.35,final,2018-01-01,2018-12-31,1,2026-09-15T16:27:19.643884+00:00
HOUSEHOLD_INCOME_TOTAL_NUTS2,ith5:nuts2,2019,2026-09-15T16:27:19.643884+00:00,95802.72,final,2019-01-01,2019-12-31,1,2026-09-15T16:27:19.643884+00:00
HOUSEHOLD_INCOME_TOTAL_NUTS2,ith5:nuts2,2020,2026-09-15T16:27:19.643884+00:00,93071.93,final,2020-01-01,2020-12-31,1,2026-09-15T16:27:19.643884+00:00
HOUSEHOLD_INCOME_TOTAL_NUTS2,ith5:nuts2,2021,2026-09-15T16:27:19.643884+00:00,97272.29,final,2021-01-01,2021-12-31,1,2026-09-15T16:27:19.643884+00:00
HOUSEHOLD_INCOME_TOTAL_NUTS2,ith5:nuts2,2022,2026-09-15T16:27:19.643884+00:00,105236.23,final,2022-01-01,2022-12-31,1,2026-09-15T16:27:19.643884+00:00
HOUSEHOLD_INCOME_TOTAL_NUTS2,ith5:nuts2,2023,2026-09-15T16:27:19.643884+00:00,112818.28,final,2023-01-01,2023-12-31,1,2026-09-15T16:27:19.643884+00:00
HOUSEHOLD_INCOME_TOTAL_NUTS2,ith5:nuts2,2024,2026-09-15T16:27:19.643884+00:00,116896.88,final,2024-01-01,2024-12-31,1,2026-09-15T16:27:19.643884+00:00
HOUSEHOLD_INCOME_TOTAL_NUTS2,iti1:nuts2,2013,2026-09-15T16:27:19.643884+00:00,63424.51,final,2013-01-01,2013-12-31,1,2026-09-15T16:27:19.643884+00:00
HOUSEHOLD_INCOME_TOTAL_NUTS2,iti1:nuts2,2014,2026-09-15T16:27:19.643884+00:00,63215.93,final,2014-01-01,2014-12-31,1,2026-09-15T16:27:19.643884+00:00
HOUSEHOLD_INCOME_TOTAL_NUTS2,iti1:nuts2,2015,2026-09-15T16:27:19.643884+00:00,63770.8,final,2015-01-01,2015-12-31,1,2026-09-15T16:27:19.643884+00:00
HOUSEHOLD_INCOME_TOTAL_NUTS2,iti1:nuts2,2016,2026-09-15T16:27:19.643884+00:00,66754.08,final,2016-01-01,2016-12-31,1,2026-09-15T16:27:19.643884+00:00
HOUSEHOLD_INCOME_TOTAL_NUTS2,iti1:nuts2,2017,2026-09-15T16:27:19.643884+00:00,68243.05,final,2017-01-01,2017-12-31,1,2026-09-15T16:27:19.643884+00:00
HOUSEHOLD_INCOME_TOTAL_NUTS2,iti1:nuts2,2018,2026-09-15T16:27:19.643884+00:00,70042.7,final,2018-01-01,2018-12-31,1,2026-09-15T16:27:19.643884+00:00
HOUSEHOLD_INCOME_TOTAL_NUTS2,iti1:nuts2,2019,2026-09-15T16:27:19.643884+00:00,71257.84,final,2019-01-01,2019-12-31,1,2026-09-15T16:27:19.643884+00:00
HOUSEHOLD_INCOME_TOTAL_NUTS2,iti1:nuts2,2020,2026-09-15T16:27:19.643884+00:00,67504.13,final,2020-01-01,2020-12-31,1,2026-09-15T16:27:19.643884+00:00
HOUSEHOLD_INCOME_TOTAL_NUTS2,iti1:nuts2,2021,2026-09-15T16:27:19.643884+00:00,71578.11,final,2021-01-01,2021-12-31,1,2026-09-15T16:27:19.643884+00:00
HOUSEHOLD_INCOME_TOTAL_NUTS2,iti1:nuts2,2022,2026-09-15T16:27:19.643884+00:00,78093.97,final,2022-01-01,2022-12-31,1,2026-09-15T16:27:19.643884+00:00
HOUSEHOLD_INCOME_TOTAL_NUTS2,iti1:nuts2,2023,2026-09-15T16:27:19.643884+00:00,83092.74,final,2023-01-01,2023-12-31,1,2026-09-15T16:27:19.643884+00:00
HOUSEHOLD_INCOME_TOTAL_NUTS2,iti1:nuts2,2024,2026-09-15T16:27:19.643884+00:00,86962.08,final,2024-01-01,2024-12-31,1,2026-09-15T16:27:19.643884+00:00
HOUSEHOLD_INCOME_TOTAL_NUTS2,iti2:nuts2,2013,2026-09-15T16:27:19.643884+00:00,14494.55,final,2013-01-01,2013-12-31,1,2026-09-15T16:27:19.643884+00:00
HOUSEHOLD_INCOME_TOTAL_NUTS2,iti2:nuts2,2014,2026-09-15T16:27:19.643884+00:00,14189.08,final,2014-01-01,2014-12-31,1,2026-09-15T16:27:19.643884+00:00
HOUSEHOLD_INCOME_TOTAL_NUTS2,iti2:nuts2,2015,2026-09-15T16:27:19.643884+00:00,14264.0,final,2015-01-01,2015-12-31,1,2026-09-15T16:27:19.643884+00:00
HOUSEHOLD_INCOME_TOTAL_NUTS2,iti2:nuts2,2016,2026-09-15T16:27:19.643884+00:00,14635.63,final,2016-01-01,2016-12-31,1,2026-09-15T16:27:19.643884+00:00
HOUSEHOLD_INCOME_TOTAL_NUTS2,iti2:nuts2,2017,2026-09-15T16:27:19.643884+00:00,14963.34,final,2017-01-01,2017-12-31,1,2026-09-15T16:27:19.643884+00:00
HOUSEHOLD_INCOME_TOTAL_NUTS2,iti2:nuts2,2018,2026-09-15T16:27:19.643884+00:00,15307.26,final,2018-01-01,2018-12-31,1,2026-09-15T16:27:19.643884+00:00
HOUSEHOLD_INCOME_TOTAL_NUTS2,iti2:nuts2,2019,2026-09-15T16:27:19.643884+00:00,15583.65,final,2019-01-01,2019-12-31,1,2026-09-15T16:27:19.643884+00:00
HOUSEHOLD_INCOME_TOTAL_NUTS2,iti2:nuts2,2020,2026-09-15T16:27:19.643884+00:00,14982.4,final,2020-01-01,2020-12-31,1,2026-09-15T16:27:19.643884+00:00
HOUSEHOLD_INCOME_TOTAL_NUTS2,iti2:nuts2,2021,2026-09-15T16:27:19.643884+00:00,15864.43,final,2021-01-01,2021-12-31,1,2026-09-15T16:27:19.643884+00:00
HOUSEHOLD_INCOME_TOTAL_NUTS2,iti2:nuts2,2022,2026-09-15T16:27:19.643884+00:00,17218.53,final,2022-01-01,2022-12-31,1,2026-09-15T16:27:19.643884+00:00
HOUSEHOLD_INCOME_TOTAL_NUTS2,iti2:nuts2,2023,2026-09-15T16:27:19.643884+00:00,18486.81,final,2023-01-01,2023-12-31,1,2026-09-15T16:27:19.643884+00:00
HOUSEHOLD_INCOME_TOTAL_NUTS2,iti2:nuts2,2024,2026-09-15T16:27:19.643884+00:00,19286.25,final,2024-01-01,2024-12-31,1,2026-09-15T16:27:19.643884+00:00
HOUSEHOLD_INCOME_TOTAL_NUTS2,iti3:nuts2,2013,2026-09-15T16:27:19.643884+00:00,24724.24,final,2013-01-01,2013-12-31,1,2026-09-15T16:27:19.643884+00:00
HOUSEHOLD_INCOME_TOTAL_NUTS2,iti3:nuts2,2014,2026-09-15T16:27:19.643884+00:00,24391.0,final,2014-01-01,2014-12-31,1,2026-09-15T16:27:19.643884+00:00
HOUSEHOLD_INCOME_TOTAL_NUTS2,iti3:nuts2,2015,2026-09-15T16:27:19.643884+00:00,24678.67,final,2015-01-01,2015-12-31,1,2026-09-15T16:27:19.643884+00:00
HOUSEHOLD_INCOME_TOTAL_NUTS2,iti3:nuts2,2016,2026-09-15T16:27:19.643884+00:00,25690.16,final,2016-01-01,2016-12-31,1,2026-09-15T16:27:19.643884+00:00
HOUSEHOLD_INCOME_TOTAL_NUTS2,iti3:nuts2,2017,2026-09-15T16:27:19.643884+00:00,26226.7,final,2017-01-01,2017-12-31,1,2026-09-15T16:27:19.643884+00:00
HOUSEHOLD_INCOME_TOTAL_NUTS2,iti3:nuts2,2018,2026-09-15T16:27:19.643884+00:00,26803.25,final,2018-01-01,2018-12-31,1,2026-09-15T16:27:19.643884+00:00
HOUSEHOLD_INCOME_TOTAL_NUTS2,iti3:nuts2,2019,2026-09-15T16:27:19.643884+00:00,27263.68,final,2019-01-01,2019-12-31,1,2026-09-15T16:27:19.643884+00:00
HOUSEHOLD_INCOME_TOTAL_NUTS2,iti3:nuts2,2020,2026-09-15T16:27:19.643884+00:00,26364.2,final,2020-01-01,2020-12-31,1,2026-09-15T16:27:19.643884+00:00
HOUSEHOLD_INCOME_TOTAL_NUTS2,iti3:nuts2,2021,2026-09-15T16:27:19.643884+00:00,27986.46,final,2021-01-01,2021-12-31,1,2026-09-15T16:27:19.643884+00:00
HOUSEHOLD_INCOME_TOTAL_NUTS2,iti3:nuts2,2022,2026-09-15T16:27:19.643884+00:00,30120.45,final,2022-01-01,2022-12-31,1,2026-09-15T16:27:19.643884+00:00
HOUSEHOLD_INCOME_TOTAL_NUTS2,iti3:nuts2,2023,2026-09-15T16:27:19.643884+00:00,32067.69,final,2023-01-01,2023-12-31,1,2026-09-15T16:27:19.643884+00:00
HOUSEHOLD_INCOME_TOTAL_NUTS2,iti3:nuts2,2024,2026-09-15T16:27:19.643884+00:00,33012.41,final,2024-01-01,2024-12-31,1,2026-09-15T16:27:19.643884+00:00
HOUSEHOLD_INCOME_TOTAL_NUTS2,iti4:nuts2,2013,2026-09-15T16:27:19.643884+00:00,96307.39,final,2013-01-01,2013-12-31,1,2026-09-15T16:27:19.643884+00:00
HOUSEHOLD_INCOME_TOTAL_NUTS2,iti4:nuts2,2014,2026-09-15T16:27:19.643884+00:00,96397.66,final,2014-01-01,2014-12-31,1,2026-09-15T16:27:19.643884+00:00
HOUSEHOLD_INCOME_TOTAL_NUTS2,iti4:nuts2,2015,2026-09-15T16:27:19.643884+00:00,98132.87,final,2015-01-01,2015-12-31,1,2026-09-15T16:27:19.643884+00:00
HOUSEHOLD_INCOME_TOTAL_NUTS2,iti4:nuts2,2016,2026-09-15T16:27:19.643884+00:00,101029.22,final,2016-01-01,2016-12-31,1,2026-09-15T16:27:19.643884+00:00
HOUSEHOLD_INCOME_TOTAL_NUTS2,iti4:nuts2,2017,2026-09-15T16:27:19.643884+00:00,103178.71,final,2017-01-01,2017-12-31,1,2026-09-15T16:27:19.643884+00:00
HOUSEHOLD_INCOME_TOTAL_NUTS2,iti4:nuts2,2018,2026-09-15T16:27:19.643884+00:00,105709.75,final,2018-01-01,2018-12-31,1,2026-09-15T16:27:19.643884+00:00
HOUSEHOLD_INCOME_TOTAL_NUTS2,iti4:nuts2,2019,2026-09-15T16:27:19.643884+00:00,108272.53,final,2019-01-01,2019-12-31,1,2026-09-15T16:27:19.643884+00:00
HOUSEHOLD_INCOME_TOTAL_NUTS2,iti4:nuts2,2020,2026-09-15T16:27:19.643884+00:00,105231.25,final,2020-01-01,2020-12-31,1,2026-09-15T16:27:19.643884+00:00
HOUSEHOLD_INCOME_TOTAL_NUTS2,iti4:nuts2,2021,2026-09-15T16:27:19.643884+00:00,111486.45,final,2021-01-01,2021-12-31,1,2026-09-15T16:27:19.643884+00:00
HOUSEHOLD_INCOME_TOTAL_NUTS2,iti4:nuts2,2022,2026-09-15T16:27:19.643884+00:00,119845.64,final,2022-01-01,2022-12-31,1,2026-09-15T16:27:19.643884+00:00
HOUSEHOLD_INCOME_TOTAL_NUTS2,iti4:nuts2,2023,2026-09-15T16:27:19.643884+00:00,128753.33,final,2023-01-01,2023-12-31,1,2026-09-15T16:27:19.643884+00:00
HOUSEHOLD_INCOME_TOTAL_NUTS2,iti4:nuts2,2024,2026-09-15T16:27:19.643884+00:00,134291.3,final,2024-01-01,2024-12-31,1,2026-09-15T16:27:19.643884+00:00
HOUSEHOLD_INCOME_TOTAL_NUTS2,lt01:nuts2,2013,2026-09-15T16:27:19.643884+00:00,9868.44,final,2013-01-01,2013-12-31,1,2026-09-15T16:27:19.643884+00:00
HOUSEHOLD_INCOME_TOTAL_NUTS2,lt01:nuts2,2014,2026-09-15T16:27:19.643884+00:00,10218.36,final,2014-01-01,2014-12-31,1,2026-09-15T16:27:19.643884+00:00
HOUSEHOLD_INCOME_TOTAL_NUTS2,lt01:nuts2,2015,2026-09-15T16:27:19.643884+00:00,10726.68,final,2015-01-01,2015-12-31,1,2026-09-15T16:27:19.643884+00:00
HOUSEHOLD_INCOME_TOTAL_NUTS2,lt01:nuts2,2016,2026-09-15T16:27:19.643884+00:00,11616.26,final,2016-01-01,2016-12-31,1,2026-09-15T16:27:19.643884+00:00
HOUSEHOLD_INCOME_TOTAL_NUTS2,lt01:nuts2,2017,2026-09-15T16:27:19.643884+00:00,11649.02,final,2017-01-01,2017-12-31,1,2026-09-15T16:27:19.643884+00:00
HOUSEHOLD_INCOME_TOTAL_NUTS2,lt01:nuts2,2018,2026-09-15T16:27:19.643884+00:00,12817.0,final,2018-01-01,2018-12-31,1,2026-09-15T16:27:19.643884+00:00
HOUSEHOLD_INCOME_TOTAL_NUTS2,lt01:nuts2,2019,2026-09-15T16:27:19.643884+00:00,14145.35,final,2019-01-01,2019-12-31,1,2026-09-15T16:27:19.643884+00:00
HOUSEHOLD_INCOME_TOTAL_NUTS2,lt01:nuts2,2020,2026-09-15T16:27:19.643884+00:00,14853.61,final,2020-01-01,2020-12-31,1,2026-09-15T16:27:19.643884+00:00
HOUSEHOLD_INCOME_TOTAL_NUTS2,lt01:nuts2,2021,2026-09-15T16:27:19.643884+00:00,16641.55,final,2021-01-01,2021-12-31,1,2026-09-15T16:27:19.643884+00:00
HOUSEHOLD_INCOME_TOTAL_NUTS2,lt01:nuts2,2022,2026-09-15T16:27:19.643884+00:00,17209.5,final,2022-01-01,2022-12-31,1,2026-09-15T16:27:19.643884+00:00
HOUSEHOLD_INCOME_TOTAL_NUTS2,lt01:nuts2,2023,2026-09-15T16:27:19.643884+00:00,18009.73,final,2023-01-01,2023-12-31,1,2026-09-15T16:27:19.643884+00:00
HOUSEHOLD_INCOME_TOTAL_NUTS2,lt01:nuts2,2024,2026-09-15T16:27:19.643884+00:00,19112.61,final,2024-01-01,2024-12-31,1,2026-09-15T16:27:19.643884+00:00
HOUSEHOLD_INCOME_TOTAL_NUTS2,lt02:nuts2,2013,2026-09-15T16:27:19.643884+00:00,21332.43,final,2013-01-01,2013-12-31,1,2026-09-15T16:27:19.643884+00:00
HOUSEHOLD_INCOME_TOTAL_NUTS2,lt02:nuts2,2014,2026-09-15T16:27:19.643884+00:00,21774.21,final,2014-01-01,2014-12-31,1,2026-09-15T16:27:19.643884+00:00
HOUSEHOLD_INCOME_TOTAL_NUTS2,lt02:nuts2,2015,2026-09-15T16:27:19.643884+00:00,22737.17,final,2015-01-01,2015-12-31,1,2026-09-15T16:27:19.643884+00:00
HOUSEHOLD_INCOME_TOTAL_NUTS2,lt02:nuts2,2016,2026-09-15T16:27:19.643884+00:00,23991.66,final,2016-01-01,2016-12-31,1,2026-09-15T16:27:19.643884+00:00
HOUSEHOLD_INCOME_TOTAL_NUTS2,lt02:nuts2,2017,2026-09-15T16:27:19.643884+00:00,23747.02,final,2017-01-01,2017-12-31,1,2026-09-15T16:27:19.643884+00:00
HOUSEHOLD_INCOME_TOTAL_NUTS2,lt02:nuts2,2018,2026-09-15T16:27:19.643884+00:00,24487.89,final,2018-01-01,2018-12-31,1,2026-09-15T16:27:19.643884+00:00
HOUSEHOLD_INCOME_TOTAL_NUTS2,lt02:nuts2,2019,2026-09-15T16:27:19.643884+00:00,26521.85,final,2019-01-01,2019-12-31,1,2026-09-15T16:27:19.643884+00:00
HOUSEHOLD_INCOME_TOTAL_NUTS2,lt02:nuts2,2020,2026-09-15T16:27:19.643884+00:00,28313.06,final,2020-01-01,2020-12-31,1,2026-09-15T16:27:19.643884+00:00
HOUSEHOLD_INCOME_TOTAL_NUTS2,lt02:nuts2,2021,2026-09-15T16:27:19.643884+00:00,30188.41,final,2021-01-01,2021-12-31,1,2026-09-15T16:27:19.643884+00:00
HOUSEHOLD_INCOME_TOTAL_NUTS2,lt02:nuts2,2022,2026-09-15T16:27:19.643884+00:00,30563.13,final,2022-01-01,2022-12-31,1,2026-09-15T16:27:19.643884+00:00
HOUSEHOLD_INCOME_TOTAL_NUTS2,lt02:nuts2,2023,2026-09-15T16:27:19.643884+00:00,31957.37,final,2023-01-01,2023-12-31,1,2026-09-15T16:27:19.643884+00:00
HOUSEHOLD_INCOME_TOTAL_NUTS2,lt02:nuts2,2024,2026-09-15T16:27:19.643884+00:00,34980.05,final,2024-01-01,2024-12-31,1,2026-09-15T16:27:19.643884+00:00
HOUSEHOLD_INCOME_TOTAL_NUTS2,lu00:nuts2,2013,2026-09-15T16:27:19.643884+00:00,13854.07,final,2013-01-01,2013-12-31,1,2026-09-15T16:27:19.643884+00:00
HOUSEHOLD_INCOME_TOTAL_NUTS2,lu00:nuts2,2014,2026-09-15T16:27:19.643884+00:00,14103.05,final,2014-01-01,2014-12-31,1,2026-09-15T16:27:19.643884+00:00
HOUSEHOLD_INCOME_TOTAL_NUTS2,lu00:nuts2,2015,2026-09-15T16:27:19.643884+00:00,14362.2,final,2015-01-01,2015-12-31,1,2026-09-15T16:27:19.643884+00:00
HOUSEHOLD_INCOME_TOTAL_NUTS2,lu00:nuts2,2016,2026-09-15T16:27:19.643884+00:00,14420.9,final,2016-01-01,2016-12-31,1,2026-09-15T16:27:19.643884+00:00
HOUSEHOLD_INCOME_TOTAL_NUTS2,lu00:nuts2,2017,2026-09-15T16:27:19.643884+00:00,15282.47,final,2017-01-01,2017-12-31,1,2026-09-15T16:27:19.643884+00:00
HOUSEHOLD_INCOME_TOTAL_NUTS2,lu00:nuts2,2018,2026-09-15T16:27:19.643884+00:00,16132.03,final,2018-01-01,2018-12-31,1,2026-09-15T16:27:19.643884+00:00
HOUSEHOLD_INCOME_TOTAL_NUTS2,lu00:nuts2,2019,2026-09-15T16:27:19.643884+00:00,16388.13,final,2019-01-01,2019-12-31,1,2026-09-15T16:27:19.643884+00:00
HOUSEHOLD_INCOME_TOTAL_NUTS2,lu00:nuts2,2020,2026-09-15T16:27:19.643884+00:00,16927.68,final,2020-01-01,2020-12-31,1,2026-09-15T16:27:19.643884+00:00
HOUSEHOLD_INCOME_TOTAL_NUTS2,lu00:nuts2,2021,2026-09-15T16:27:19.643884+00:00,16986.13,final,2021-01-01,2021-12-31,1,2026-09-15T16:27:19.643884+00:00
HOUSEHOLD_INCOME_TOTAL_NUTS2,lu00:nuts2,2022,2026-09-15T16:27:19.643884+00:00,18351.78,final,2022-01-01,2022-12-31,1,2026-09-15T16:27:19.643884+00:00
HOUSEHOLD_INCOME_TOTAL_NUTS2,lu00:nuts2,2023,2026-09-15T16:27:19.643884+00:00,20124.98,final,2023-01-01,2023-12-31,1,2026-09-15T16:27:19.643884+00:00
HOUSEHOLD_INCOME_TOTAL_NUTS2,lu00:nuts2,2024,2026-09-15T16:27:19.643884+00:00,21337.39,final,2024-01-01,2024-12-31,1,2026-09-15T16:27:19.643884+00:00
HOUSEHOLD_INCOME_TOTAL_NUTS2,lv00:nuts2,2013,2026-09-15T16:27:19.643884+00:00,16394.08,final,2013-01-01,2013-12-31,1,2026-09-15T16:27:19.643884+00:00
HOUSEHOLD_INCOME_TOTAL_NUTS2,lv00:nuts2,2014,2026-09-15T16:27:19.643884+00:00,16791.64,final,2014-01-01,2014-12-31,1,2026-09-15T16:27:19.643884+00:00
HOUSEHOLD_INCOME_TOTAL_NUTS2,lv00:nuts2,2015,2026-09-15T16:27:19.643884+00:00,17982.0,final,2015-01-01,2015-12-31,1,2026-09-15T16:27:19.643884+00:00
HOUSEHOLD_INCOME_TOTAL_NUTS2,lv00:nuts2,2016,2026-09-15T16:27:19.643884+00:00,18601.62,final,2016-01-01,2016-12-31,1,2026-09-15T16:27:19.643884+00:00
HOUSEHOLD_INCOME_TOTAL_NUTS2,lv00:nuts2,2017,2026-09-15T16:27:19.643884+00:00,19682.38,final,2017-01-01,2017-12-31,1,2026-09-15T16:27:19.643884+00:00
HOUSEHOLD_INCOME_TOTAL_NUTS2,lv00:nuts2,2018,2026-09-15T16:27:19.643884+00:00,20724.33,final,2018-01-01,2018-12-31,1,2026-09-15T16:27:19.643884+00:00
HOUSEHOLD_INCOME_TOTAL_NUTS2,lv00:nuts2,2019,2026-09-15T16:27:19.643884+00:00,21436.2,final,2019-01-01,2019-12-31,1,2026-09-15T16:27:19.643884+00:00
HOUSEHOLD_INCOME_TOTAL_NUTS2,lv00:nuts2,2020,2026-09-15T16:27:19.643884+00:00,21571.04,final,2020-01-01,2020-12-31,1,2026-09-15T16:27:19.643884+00:00
HOUSEHOLD_INCOME_TOTAL_NUTS2,lv00:nuts2,2021,2026-09-15T16:27:19.643884+00:00,24050.88,final,2021-01-01,2021-12-31,1,2026-09-15T16:27:19.643884+00:00
HOUSEHOLD_INCOME_TOTAL_NUTS2,lv00:nuts2,2022,2026-09-15T16:27:19.643884+00:00,24839.54,final,2022-01-01,2022-12-31,1,2026-09-15T16:27:19.643884+00:00
HOUSEHOLD_INCOME_TOTAL_NUTS2,lv00:nuts2,2023,2026-09-15T16:27:19.643884+00:00,25117.29,final,2023-01-01,2023-12-31,1,2026-09-15T16:27:19.643884+00:00
HOUSEHOLD_INCOME_TOTAL_NUTS2,lv00:nuts2,2024,2026-09-15T16:27:19.643884+00:00,26980.48,final,2024-01-01,2024-12-31,1,2026-09-15T16:27:19.643884+00:00
HOUSEHOLD_INCOME_TOTAL_NUTS2,mt00:nuts2,2013,2026-09-15T16:27:19.643884+00:00,5350.6,final,2013-01-01,2013-12-31,1,2026-09-15T16:27:19.643884+00:00
HOUSEHOLD_INCOME_TOTAL_NUTS2,mt00:nuts2,2014,2026-09-15T16:27:19.643884+00:00,5544.3,final,2014-01-01,2014-12-31,1,2026-09-15T16:27:19.643884+00:00
HOUSEHOLD_INCOME_TOTAL_NUTS2,mt00:nuts2,2015,2026-09-15T16:27:19.643884+00:00,6080.11,final,2015-01-01,2015-12-31,1,2026-09-15T16:27:19.643884+00:00
HOUSEHOLD_INCOME_TOTAL_NUTS2,mt00:nuts2,2016,2026-09-15T16:27:19.643884+00:00,6501.84,final,2016-01-01,2016-12-31,1,2026-09-15T16:27:19.643884+00:00
HOUSEHOLD_INCOME_TOTAL_NUTS2,mt00:nuts2,2017,2026-09-15T16:27:19.643884+00:00,6930.14,final,2017-01-01,2017-12-31,1,2026-09-15T16:27:19.643884+00:00
HOUSEHOLD_INCOME_TOTAL_NUTS2,mt00:nuts2,2018,2026-09-15T16:27:19.643884+00:00,7605.66,final,2018-01-01,2018-12-31,1,2026-09-15T16:27:19.643884+00:00
HOUSEHOLD_INCOME_TOTAL_NUTS2,mt00:nuts2,2019,2026-09-15T16:27:19.643884+00:00,8380.46,final,2019-01-01,2019-12-31,1,2026-09-15T16:27:19.643884+00:00
HOUSEHOLD_INCOME_TOTAL_NUTS2,mt00:nuts2,2020,2026-09-15T16:27:19.643884+00:00,8402.56,final,2020-01-01,2020-12-31,1,2026-09-15T16:27:19.643884+00:00
HOUSEHOLD_INCOME_TOTAL_NUTS2,mt00:nuts2,2021,2026-09-15T16:27:19.643884+00:00,9045.23,provisional,2021-01-01,2021-12-31,1,2026-09-15T16:27:19.643884+00:00
HOUSEHOLD_INCOME_TOTAL_NUTS2,mt00:nuts2,2022,2026-09-15T16:27:19.643884+00:00,10089.63,provisional,2022-01-01,2022-12-31,1,2026-09-15T16:27:19.643884+00:00
HOUSEHOLD_INCOME_TOTAL_NUTS2,mt00:nuts2,2023,2026-09-15T16:27:19.643884+00:00,11685.28,provisional,2023-01-01,2023-12-31,1,2026-09-15T16:27:19.643884+00:00
HOUSEHOLD_INCOME_TOTAL_NUTS2,mt00:nuts2,2024,2026-09-15T16:27:19.643884+00:00,13302.72,provisional,2024-01-01,2024-12-31,1,2026-09-15T16:27:19.643884+00:00
HOUSEHOLD_INCOME_TOTAL_NUTS2,nl11:nuts2,2013,2026-09-15T16:27:19.643884+00:00,8284.75,final,2013-01-01,2013-12-31,1,2026-09-15T16:27:19.643884+00:00
HOUSEHOLD_INCOME_TOTAL_NUTS2,nl11:nuts2,2014,2026-09-15T16:27:19.643884+00:00,8505.47,final,2014-01-01,2014-12-31,1,2026-09-15T16:27:19.643884+00:00
HOUSEHOLD_INCOME_TOTAL_NUTS2,nl11:nuts2,2015,2026-09-15T16:27:19.643884+00:00,8750.96,provisional,2015-01-01,2015-12-31,1,2026-09-15T16:27:19.643884+00:00
HOUSEHOLD_INCOME_TOTAL_NUTS2,nl11:nuts2,2016,2026-09-15T16:27:19.643884+00:00,9005.68,provisional,2016-01-01,2016-12-31,1,2026-09-15T16:27:19.643884+00:00
HOUSEHOLD_INCOME_TOTAL_NUTS2,nl11:nuts2,2017,2026-09-15T16:27:19.643884+00:00,9247.58,provisional,2017-01-01,2017-12-31,1,2026-09-15T16:27:19.643884+00:00
HOUSEHOLD_INCOME_TOTAL_NUTS2,nl11:nuts2,2018,2026-09-15T16:27:19.643884+00:00,9567.33,provisional,2018-01-01,2018-12-31,1,2026-09-15T16:27:19.643884+00:00
HOUSEHOLD_INCOME_TOTAL_NUTS2,nl11:nuts2,2019,2026-09-15T16:27:19.643884+00:00,9800.79,provisional,2019-01-01,2019-12-31,1,2026-09-15T16:27:19.643884+00:00
HOUSEHOLD_INCOME_TOTAL_NUTS2,nl11:nuts2,2020,2026-09-15T16:27:19.643884+00:00,10260.87,provisional,2020-01-01,2020-12-31,1,2026-09-15T16:27:19.643884+00:00
HOUSEHOLD_INCOME_TOTAL_NUTS2,nl11:nuts2,2021,2026-09-15T16:27:19.643884+00:00,10686.05,provisional,2021-01-01,2021-12-31,1,2026-09-15T16:27:19.643884+00:00
HOUSEHOLD_INCOME_TOTAL_NUTS2,nl11:nuts2,2022,2026-09-15T16:27:19.643884+00:00,11588.15,provisional,2022-01-01,2022-12-31,1,2026-09-15T16:27:19.643884+00:00
HOUSEHOLD_INCOME_TOTAL_NUTS2,nl11:nuts2,2023,2026-09-15T16:27:19.643884+00:00,12466.92,provisional,2023-01-01,2023-12-31,1,2026-09-15T16:27:19.643884+00:00
HOUSEHOLD_INCOME_TOTAL_NUTS2,nl12:nuts2,2013,2026-09-15T16:27:19.643884+00:00,9291.78,final,2013-01-01,2013-12-31,1,2026-09-15T16:27:19.643884+00:00
HOUSEHOLD_INCOME_TOTAL_NUTS2,nl12:nuts2,2014,2026-09-15T16:27:19.643884+00:00,9556.26,final,2014-01-01,2014-12-31,1,2026-09-15T16:27:19.643884+00:00
HOUSEHOLD_INCOME_TOTAL_NUTS2,nl12:nuts2,2015,2026-09-15T16:27:19.643884+00:00,9788.32,provisional,2015-01-01,2015-12-31,1,2026-09-15T16:27:19.643884+00:00
HOUSEHOLD_INCOME_TOTAL_NUTS2,nl12:nuts2,2016,2026-09-15T16:27:19.643884+00:00,10004.49,provisional,2016-01-01,2016-12-31,1,2026-09-15T16:27:19.643884+00:00
HOUSEHOLD_INCOME_TOTAL_NUTS2,nl12:nuts2,2017,2026-09-15T16:27:19.643884+00:00,10348.85,provisional,2017-01-01,2017-12-31,1,2026-09-15T16:27:19.643884+00:00
HOUSEHOLD_INCOME_TOTAL_NUTS2,nl12:nuts2,2018,2026-09-15T16:27:19.643884+00:00,10900.23,provisional,2018-01-01,2018-12-31,1,2026-09-15T16:27:19.643884+00:00
HOUSEHOLD_INCOME_TOTAL_NUTS2,nl12:nuts2,2019,2026-09-15T16:27:19.643884+00:00,11064.22,provisional,2019-01-01,2019-12-31,1,2026-09-15T16:27:19.643884+00:00
HOUSEHOLD_INCOME_TOTAL_NUTS2,nl12:nuts2,2020,2026-09-15T16:27:19.643884+00:00,11473.1,provisional,2020-01-01,2020-12-31,1,2026-09-15T16:27:19.643884+00:00
HOUSEHOLD_INCOME_TOTAL_NUTS2,nl12:nuts2,2021,2026-09-15T16:27:19.643884+00:00,11806.52,provisional,2021-01-01,2021-12-31,1,2026-09-15T16:27:19.643884+00:00
HOUSEHOLD_INCOME_TOTAL_NUTS2,nl12:nuts2,2022,2026-09-15T16:27:19.643884+00:00,12972.84,provisional,2022-01-01,2022-12-31,1,2026-09-15T16:27:19.643884+00:00
HOUSEHOLD_INCOME_TOTAL_NUTS2,nl12:nuts2,2023,2026-09-15T16:27:19.643884+00:00,14182.91,provisional,2023-01-01,2023-12-31,1,2026-09-15T16:27:19.643884+00:00
HOUSEHOLD_INCOME_TOTAL_NUTS2,nl13:nuts2,2013,2026-09-15T16:27:19.643884+00:00,7022.4,final,2013-01-01,2013-12-31,1,2026-09-15T16:27:19.643884+00:00
HOUSEHOLD_INCOME_TOTAL_NUTS2,nl13:nuts2,2014,2026-09-15T16:27:19.643884+00:00,7229.25,final,2014-01-01,2014-12-31,1,2026-09-15T16:27:19.643884+00:00
HOUSEHOLD_INCOME_TOTAL_NUTS2,nl13:nuts2,2015,2026-09-15T16:27:19.643884+00:00,7572.55,provisional,2015-01-01,2015-12-31,1,2026-09-15T16:27:19.643884+00:00
HOUSEHOLD_INCOME_TOTAL_NUTS2,nl13:nuts2,2016,2026-09-15T16:27:19.643884+00:00,7685.73,provisional,2016-01-01,2016-12-31,1,2026-09-15T16:27:19.643884+00:00
HOUSEHOLD_INCOME_TOTAL_NUTS2,nl13:nuts2,2017,2026-09-15T16:27:19.643884+00:00,7947.65,provisional,2017-01-01,2017-12-31,1,2026-09-15T16:27:19.643884+00:00
HOUSEHOLD_INCOME_TOTAL_NUTS2,nl13:nuts2,2018,2026-09-15T16:27:19.643884+00:00,8396.23,provisional,2018-01-01,2018-12-31,1,2026-09-15T16:27:19.643884+00:00
HOUSEHOLD_INCOME_TOTAL_NUTS2,nl13:nuts2,2019,2026-09-15T16:27:19.643884+00:00,8508.31,provisional,2019-01-01,2019-12-31,1,2026-09-15T16:27:19.643884+00:00
HOUSEHOLD_INCOME_TOTAL_NUTS2,nl13:nuts2,2020,2026-09-15T16:27:19.643884+00:00,8898.84,provisional,2020-01-01,2020-12-31,1,2026-09-15T16:27:19.643884+00:00
HOUSEHOLD_INCOME_TOTAL_NUTS2,nl13:nuts2,2021,2026-09-15T16:27:19.643884+00:00,9353.43,provisional,2021-01-01,2021-12-31,1,2026-09-15T16:27:19.643884+00:00
HOUSEHOLD_INCOME_TOTAL_NUTS2,nl13:nuts2,2022,2026-09-15T16:27:19.643884+00:00,10220.97,provisional,2022-01-01,2022-12-31,1,2026-09-15T16:27:19.643884+00:00
HOUSEHOLD_INCOME_TOTAL_NUTS2,nl13:nuts2,2023,2026-09-15T16:27:19.643884+00:00,11149.65,provisional,2023-01-01,2023-12-31,1,2026-09-15T16:27:19.643884+00:00
HOUSEHOLD_INCOME_TOTAL_NUTS2,nl21:nuts2,2013,2026-09-15T16:27:19.643884+00:00,16478.44,final,2013-01-01,2013-12-31,1,2026-09-15T16:27:19.643884+00:00
HOUSEHOLD_INCOME_TOTAL_NUTS2,nl21:nuts2,2014,2026-09-15T16:27:19.643884+00:00,16855.69,final,2014-01-01,2014-12-31,1,2026-09-15T16:27:19.643884+00:00
HOUSEHOLD_INCOME_TOTAL_NUTS2,nl21:nuts2,2015,2026-09-15T16:27:19.643884+00:00,17302.17,provisional,2015-01-01,2015-12-31,1,2026-09-15T16:27:19.643884+00:00
HOUSEHOLD_INCOME_TOTAL_NUTS2,nl21:nuts2,2016,2026-09-15T16:27:19.643884+00:00,17611.66,provisional,2016-01-01,2016-12-31,1,2026-09-15T16:27:19.643884+00:00
HOUSEHOLD_INCOME_TOTAL_NUTS2,nl21:nuts2,2017,2026-09-15T16:27:19.643884+00:00,18259.91,provisional,2017-01-01,2017-12-31,1,2026-09-15T16:27:19.643884+00:00
HOUSEHOLD_INCOME_TOTAL_NUTS2,nl21:nuts2,2018,2026-09-15T16:27:19.643884+00:00,19224.75,provisional,2018-01-01,2018-12-31,1,2026-09-15T16:27:19.643884+00:00
HOUSEHOLD_INCOME_TOTAL_NUTS2,nl21:nuts2,2019,2026-09-15T16:27:19.643884+00:00,19719.46,provisional,2019-01-01,2019-12-31,1,2026-09-15T16:27:19.643884+00:00
HOUSEHOLD_INCOME_TOTAL_NUTS2,nl21:nuts2,2020,2026-09-15T16:27:19.643884+00:00,20767.97,provisional,2020-01-01,2020-12-31,1,2026-09-15T16:27:19.643884+00:00
HOUSEHOLD_INCOME_TOTAL_NUTS2,nl21:nuts2,2021,2026-09-15T16:27:19.643884+00:00,22091.66,provisional,2021-01-01,2021-12-31,1,2026-09-15T16:27:19.643884+00:00
HOUSEHOLD_INCOME_TOTAL_NUTS2,nl21:nuts2,2022,2026-09-15T16:27:19.643884+00:00,24041.62,provisional,2022-01-01,2022-12-31,1,2026-09-15T16:27:19.643884+00:00
HOUSEHOLD_INCOME_TOTAL_NUTS2,nl21:nuts2,2023,2026-09-15T16:27:19.643884+00:00,26217.37,provisional,2023-01-01,2023-12-31,1,2026-09-15T16:27:19.643884+00:00
HOUSEHOLD_INCOME_TOTAL_NUTS2,nl22:nuts2,2013,2026-09-15T16:27:19.643884+00:00,30561.63,final,2013-01-01,2013-12-31,1,2026-09-15T16:27:19.643884+00:00
HOUSEHOLD_INCOME_TOTAL_NUTS2,nl22:nuts2,2014,2026-09-15T16:27:19.643884+00:00,31044.92,final,2014-01-01,2014-12-31,1,2026-09-15T16:27:19.643884+00:00
HOUSEHOLD_INCOME_TOTAL_NUTS2,nl22:nuts2,2015,2026-09-15T16:27:19.643884+00:00,31837.46,provisional,2015-01-01,2015-12-31,1,2026-09-15T16:27:19.643884+00:00
HOUSEHOLD_INCOME_TOTAL_NUTS2,nl22:nuts2,2016,2026-09-15T16:27:19.643884+00:00,32409.92,provisional,2016-01-01,2016-12-31,1,2026-09-15T16:27:19.643884+00:00
HOUSEHOLD_INCOME_TOTAL_NUTS2,nl22:nuts2,2017,2026-09-15T16:27:19.643884+00:00,33798.01,provisional,2017-01-01,2017-12-31,1,2026-09-15T16:27:19.643884+00:00
HOUSEHOLD_INCOME_TOTAL_NUTS2,nl22:nuts2,2018,2026-09-15T16:27:19.643884+00:00,35867.65,provisional,2018-01-01,2018-12-31,1,2026-09-15T16:27:19.643884+00:00
HOUSEHOLD_INCOME_TOTAL_NUTS2,nl22:nuts2,2019,2026-09-15T16:27:19.643884+00:00,36848.85,provisional,2019-01-01,2019-12-31,1,2026-09-15T16:27:19.643884+00:00
HOUSEHOLD_INCOME_TOTAL_NUTS2,nl22:nuts2,2020,2026-09-15T16:27:19.643884+00:00,38658.63,provisional,2020-01-01,2020-12-31,1,2026-09-15T16:27:19.643884+00:00
HOUSEHOLD_INCOME_TOTAL_NUTS2,nl22:nuts2,2021,2026-09-15T16:27:19.643884+00:00,41008.94,provisional,2021-01-01,2021-12-31,1,2026-09-15T16:27:19.643884+00:00
HOUSEHOLD_INCOME_TOTAL_NUTS2,nl22:nuts2,2022,2026-09-15T16:27:19.643884+00:00,44812.88,provisional,2022-01-01,2022-12-31,1,2026-09-15T16:27:19.643884+00:00
HOUSEHOLD_INCOME_TOTAL_NUTS2,nl22:nuts2,2023,2026-09-15T16:27:19.643884+00:00,49113.46,provisional,2023-01-01,2023-12-31,1,2026-09-15T16:27:19.643884+00:00
HOUSEHOLD_INCOME_TOTAL_NUTS2,nl23:nuts2,2013,2026-09-15T16:27:19.643884+00:00,6209.99,final,2013-01-01,2013-12-31,1,2026-09-15T16:27:19.643884+00:00
HOUSEHOLD_INCOME_TOTAL_NUTS2,nl23:nuts2,2014,2026-09-15T16:27:19.643884+00:00,6209.16,final,2014-01-01,2014-12-31,1,2026-09-15T16:27:19.643884+00:00
HOUSEHOLD_INCOME_TOTAL_NUTS2,nl23:nuts2,2015,2026-09-15T16:27:19.643884+00:00,6229.41,provisional,2015-01-01,2015-12-31,1,2026-09-15T16:27:19.643884+00:00
HOUSEHOLD_INCOME_TOTAL_NUTS2,nl23:nuts2,2016,2026-09-15T16:27:19.643884+00:00,6421.04,provisional,2016-01-01,2016-12-31,1,2026-09-15T16:27:19.643884+00:00
HOUSEHOLD_INCOME_TOTAL_NUTS2,nl23:nuts2,2017,2026-09-15T16:27:19.643884+00:00,6662.54,provisional,2017-01-01,2017-12-31,1,2026-09-15T16:27:19.643884+00:00
HOUSEHOLD_INCOME_TOTAL_NUTS2,nl23:nuts2,2018,2026-09-15T16:27:19.643884+00:00,7054.58,provisional,2018-01-01,2018-12-31,1,2026-09-15T16:27:19.643884+00:00
HOUSEHOLD_INCOME_TOTAL_NUTS2,nl23:nuts2,2019,2026-09-15T16:27:19.643884+00:00,7339.7,provisional,2019-01-01,2019-12-31,1,2026-09-15T16:27:19.643884+00:00
HOUSEHOLD_INCOME_TOTAL_NUTS2,nl23:nuts2,2020,2026-09-15T16:27:19.643884+00:00,7670.25,provisional,2020-01-01,2020-12-31,1,2026-09-15T16:27:19.643884+00:00
HOUSEHOLD_INCOME_TOTAL_NUTS2,nl23:nuts2,2021,2026-09-15T16:27:19.643884+00:00,8193.13,provisional,2021-01-01,2021-12-31,1,2026-09-15T16:27:19.643884+00:00
HOUSEHOLD_INCOME_TOTAL_NUTS2,nl23:nuts2,2022,2026-09-15T16:27:19.643884+00:00,9042.98,provisional,2022-01-01,2022-12-31,1,2026-09-15T16:27:19.643884+00:00
HOUSEHOLD_INCOME_TOTAL_NUTS2,nl23:nuts2,2023,2026-09-15T16:27:19.643884+00:00,9742.43,provisional,2023-01-01,2023-12-31,1,2026-09-15T16:27:19.643884+00:00
HOUSEHOLD_INCOME_TOTAL_NUTS2,nl32:nuts2,2013,2026-09-15T16:27:19.643884+00:00,45430.44,final,2013-01-01,2013-12-31,1,2026-09-15T16:27:19.643884+00:00
HOUSEHOLD_INCOME_TOTAL_NUTS2,nl32:nuts2,2014,2026-09-15T16:27:19.643884+00:00,46989.27,final,2014-01-01,2014-12-31,1,2026-09-15T16:27:19.643884+00:00
HOUSEHOLD_INCOME_TOTAL_NUTS2,nl32:nuts2,2015,2026-09-15T16:27:19.643884+00:00,47331.25,provisional,2015-01-01,2015-12-31,1,2026-09-15T16:27:19.643884+00:00
HOUSEHOLD_INCOME_TOTAL_NUTS2,nl32:nuts2,2016,2026-09-15T16:27:19.643884+00:00,49191.97,provisional,2016-01-01,2016-12-31,1,2026-09-15T16:27:19.643884+00:00
HOUSEHOLD_INCOME_TOTAL_NUTS2,nl32:nuts2,2017,2026-09-15T16:27:19.643884+00:00,50618.6,provisional,2017-01-01,2017-12-31,1,2026-09-15T16:27:19.643884+00:00
HOUSEHOLD_INCOME_TOTAL_NUTS2,nl32:nuts2,2018,2026-09-15T16:27:19.643884+00:00,53904.69,provisional,2018-01-01,2018-12-31,1,2026-09-15T16:27:19.643884+00:00
HOUSEHOLD_INCOME_TOTAL_NUTS2,nl32:nuts2,2019,2026-09-15T16:27:19.643884+00:00,55503.92,provisional,2019-01-01,2019-12-31,1,2026-09-15T16:27:19.643884+00:00
HOUSEHOLD_INCOME_TOTAL_NUTS2,nl32:nuts2,2020,2026-09-15T16:27:19.643884+00:00,57479.98,provisional,2020-01-01,2020-12-31,1,2026-09-15T16:27:19.643884+00:00
HOUSEHOLD_INCOME_TOTAL_NUTS2,nl32:nuts2,2021,2026-09-15T16:27:19.643884+00:00,62615.71,provisional,2021-01-01,2021-12-31,1,2026-09-15T16:27:19.643884+00:00
HOUSEHOLD_INCOME_TOTAL_NUTS2,nl32:nuts2,2022,2026-09-15T16:27:19.643884+00:00,68649.55,provisional,2022-01-01,2022-12-31,1,2026-09-15T16:27:19.643884+00:00
HOUSEHOLD_INCOME_TOTAL_NUTS2,nl32:nuts2,2023,2026-09-15T16:27:19.643884+00:00,71868.57,provisional,2023-01-01,2023-12-31,1,2026-09-15T16:27:19.643884+00:00
HOUSEHOLD_INCOME_TOTAL_NUTS2,nl34:nuts2,2013,2026-09-15T16:27:19.643884+00:00,6180.53,final,2013-01-01,2013-12-31,1,2026-09-15T16:27:19.643884+00:00
HOUSEHOLD_INCOME_TOTAL_NUTS2,nl34:nuts2,2014,2026-09-15T16:27:19.643884+00:00,6119.69,final,2014-01-01,2014-12-31,1,2026-09-15T16:27:19.643884+00:00
HOUSEHOLD_INCOME_TOTAL_NUTS2,nl34:nuts2,2015,2026-09-15T16:27:19.643884+00:00,6037.53,provisional,2015-01-01,2015-12-31,1,2026-09-15T16:27:19.643884+00:00
HOUSEHOLD_INCOME_TOTAL_NUTS2,nl34:nuts2,2016,2026-09-15T16:27:19.643884+00:00,6135.29,provisional,2016-01-01,2016-12-31,1,2026-09-15T16:27:19.643884+00:00
HOUSEHOLD_INCOME_TOTAL_NUTS2,nl34:nuts2,2017,2026-09-15T16:27:19.643884+00:00,6272.22,provisional,2017-01-01,2017-12-31,1,2026-09-15T16:27:19.643884+00:00
HOUSEHOLD_INCOME_TOTAL_NUTS2,nl34:nuts2,2018,2026-09-15T16:27:19.643884+00:00,6591.92,provisional,2018-01-01,2018-12-31,1,2026-09-15T16:27:19.643884+00:00
HOUSEHOLD_INCOME_TOTAL_NUTS2,nl34:nuts2,2019,2026-09-15T16:27:19.643884+00:00,6693.89,provisional,2019-01-01,2019-12-31,1,2026-09-15T16:27:19.643884+00:00
HOUSEHOLD_INCOME_TOTAL_NUTS2,nl34:nuts2,2020,2026-09-15T16:27:19.643884+00:00,6935.86,provisional,2020-01-01,2020-12-31,1,2026-09-15T16:27:19.643884+00:00
HOUSEHOLD_INCOME_TOTAL_NUTS2,nl34:nuts2,2021,2026-09-15T16:27:19.643884+00:00,7281.34,provisional,2021-01-01,2021-12-31,1,2026-09-15T16:27:19.643884+00:00
HOUSEHOLD_INCOME_TOTAL_NUTS2,nl34:nuts2,2022,2026-09-15T16:27:19.643884+00:00,7999.86,provisional,2022-01-01,2022-12-31,1,2026-09-15T16:27:19.643884+00:00
HOUSEHOLD_INCOME_TOTAL_NUTS2,nl34:nuts2,2023,2026-09-15T16:27:19.643884+00:00,8707.99,provisional,2023-01-01,2023-12-31,1,2026-09-15T16:27:19.643884+00:00
HOUSEHOLD_INCOME_TOTAL_NUTS2,nl35:nuts2,2013,2026-09-15T16:27:19.643884+00:00,20688.67,final,2013-01-01,2013-12-31,1,2026-09-15T16:27:19.643884+00:00
HOUSEHOLD_INCOME_TOTAL_NUTS2,nl35:nuts2,2014,2026-09-15T16:27:19.643884+00:00,21491.29,final,2014-01-01,2014-12-31,1,2026-09-15T16:27:19.643884+00:00
HOUSEHOLD_INCOME_TOTAL_NUTS2,nl35:nuts2,2015,2026-09-15T16:27:19.643884+00:00,22105.21,provisional,2015-01-01,2015-12-31,1,2026-09-15T16:27:19.643884+00:00
HOUSEHOLD_INCOME_TOTAL_NUTS2,nl35:nuts2,2016,2026-09-15T16:27:19.643884+00:00,22918.21,provisional,2016-01-01,2016-12-31,1,2026-09-15T16:27:19.643884+00:00
HOUSEHOLD_INCOME_TOTAL_NUTS2,nl35:nuts2,2017,2026-09-15T16:27:19.643884+00:00,23741.03,provisional,2017-01-01,2017-12-31,1,2026-09-15T16:27:19.643884+00:00
HOUSEHOLD_INCOME_TOTAL_NUTS2,nl35:nuts2,2018,2026-09-15T16:27:19.643884+00:00,25013.78,provisional,2018-01-01,2018-12-31,1,2026-09-15T16:27:19.643884+00:00
HOUSEHOLD_INCOME_TOTAL_NUTS2,nl35:nuts2,2019,2026-09-15T16:27:19.643884+00:00,25730.81,provisional,2019-01-01,2019-12-31,1,2026-09-15T16:27:19.643884+00:00
HOUSEHOLD_INCOME_TOTAL_NUTS2,nl35:nuts2,2020,2026-09-15T16:27:19.643884+00:00,27071.89,provisional,2020-01-01,2020-12-31,1,2026-09-15T16:27:19.643884+00:00
HOUSEHOLD_INCOME_TOTAL_NUTS2,nl35:nuts2,2021,2026-09-15T16:27:19.643884+00:00,29194.63,provisional,2021-01-01,2021-12-31,1,2026-09-15T16:27:19.643884+00:00
HOUSEHOLD_INCOME_TOTAL_NUTS2,nl35:nuts2,2022,2026-09-15T16:27:19.643884+00:00,32002.94,provisional,2022-01-01,2022-12-31,1,2026-09-15T16:27:19.643884+00:00
HOUSEHOLD_INCOME_TOTAL_NUTS2,nl35:nuts2,2023,2026-09-15T16:27:19.643884+00:00,34473.87,provisional,2023-01-01,2023-12-31,1,2026-09-15T16:27:19.643884+00:00
HOUSEHOLD_INCOME_TOTAL_NUTS2,nl36:nuts2,2013,2026-09-15T16:27:19.643884+00:00,55990.82,final,2013-01-01,2013-12-31,1,2026-09-15T16:27:19.643884+00:00
HOUSEHOLD_INCOME_TOTAL_NUTS2,nl36:nuts2,2014,2026-09-15T16:27:19.643884+00:00,56163.99,final,2014-01-01,2014-12-31,1,2026-09-15T16:27:19.643884+00:00
HOUSEHOLD_INCOME_TOTAL_NUTS2,nl36:nuts2,2015,2026-09-15T16:27:19.643884+00:00,57610.22,provisional,2015-01-01,2015-12-31,1,2026-09-15T16:27:19.643884+00:00
HOUSEHOLD_INCOME_TOTAL_NUTS2,nl36:nuts2,2016,2026-09-15T16:27:19.643884+00:00,58821.8,provisional,2016-01-01,2016-12-31,1,2026-09-15T16:27:19.643884+00:00
HOUSEHOLD_INCOME_TOTAL_NUTS2,nl36:nuts2,2017,2026-09-15T16:27:19.643884+00:00,60869.87,provisional,2017-01-01,2017-12-31,1,2026-09-15T16:27:19.643884+00:00
HOUSEHOLD_INCOME_TOTAL_NUTS2,nl36:nuts2,2018,2026-09-15T16:27:19.643884+00:00,64779.56,provisional,2018-01-01,2018-12-31,1,2026-09-15T16:27:19.643884+00:00
HOUSEHOLD_INCOME_TOTAL_NUTS2,nl36:nuts2,2019,2026-09-15T16:27:19.643884+00:00,66509.2,provisional,2019-01-01,2019-12-31,1,2026-09-15T16:27:19.643884+00:00
HOUSEHOLD_INCOME_TOTAL_NUTS2,nl36:nuts2,2020,2026-09-15T16:27:19.643884+00:00,69781.32,provisional,2020-01-01,2020-12-31,1,2026-09-15T16:27:19.643884+00:00
HOUSEHOLD_INCOME_TOTAL_NUTS2,nl36:nuts2,2021,2026-09-15T16:27:19.643884+00:00,74489.77,provisional,2021-01-01,2021-12-31,1,2026-09-15T16:27:19.643884+00:00
HOUSEHOLD_INCOME_TOTAL_NUTS2,nl36:nuts2,2022,2026-09-15T16:27:19.643884+00:00,81944.7,provisional,2022-01-01,2022-12-31,1,2026-09-15T16:27:19.643884+00:00
HOUSEHOLD_INCOME_TOTAL_NUTS2,nl36:nuts2,2023,2026-09-15T16:27:19.643884+00:00,87612.66,provisional,2023-01-01,2023-12-31,1,2026-09-15T16:27:19.643884+00:00
HOUSEHOLD_INCOME_TOTAL_NUTS2,nl41:nuts2,2013,2026-09-15T16:27:19.643884+00:00,37792.93,final,2013-01-01,2013-12-31,1,2026-09-15T16:27:19.643884+00:00
HOUSEHOLD_INCOME_TOTAL_NUTS2,nl41:nuts2,2014,2026-09-15T16:27:19.643884+00:00,38808.34,final,2014-01-01,2014-12-31,1,2026-09-15T16:27:19.643884+00:00
HOUSEHOLD_INCOME_TOTAL_NUTS2,nl41:nuts2,2015,2026-09-15T16:27:19.643884+00:00,39936.57,provisional,2015-01-01,2015-12-31,1,2026-09-15T16:27:19.643884+00:00
HOUSEHOLD_INCOME_TOTAL_NUTS2,nl41:nuts2,2016,2026-09-15T16:27:19.643884+00:00,40952.88,provisional,2016-01-01,2016-12-31,1,2026-09-15T16:27:19.643884+00:00
HOUSEHOLD_INCOME_TOTAL_NUTS2,nl41:nuts2,2017,2026-09-15T16:27:19.643884+00:00,42637.83,provisional,2017-01-01,2017-12-31,1,2026-09-15T16:27:19.643884+00:00
HOUSEHOLD_INCOME_TOTAL_NUTS2,nl41:nuts2,2018,2026-09-15T16:27:19.643884+00:00,45069.4,provisional,2018-01-01,2018-12-31,1,2026-09-15T16:27:19.643884+00:00
HOUSEHOLD_INCOME_TOTAL_NUTS2,nl41:nuts2,2019,2026-09-15T16:27:19.643884+00:00,46547.98,provisional,2019-01-01,2019-12-31,1,2026-09-15T16:27:19.643884+00:00
HOUSEHOLD_INCOME_TOTAL_NUTS2,nl41:nuts2,2020,2026-09-15T16:27:19.643884+00:00,48808.44,provisional,2020-01-01,2020-12-31,1,2026-09-15T16:27:19.643884+00:00
HOUSEHOLD_INCOME_TOTAL_NUTS2,nl41:nuts2,2021,2026-09-15T16:27:19.643884+00:00,51802.37,provisional,2021-01-01,2021-12-31,1,2026-09-15T16:27:19.643884+00:00
HOUSEHOLD_INCOME_TOTAL_NUTS2,nl41:nuts2,2022,2026-09-15T16:27:19.643884+00:00,56966.81,provisional,2022-01-01,2022-12-31,1,2026-09-15T16:27:19.643884+00:00
HOUSEHOLD_INCOME_TOTAL_NUTS2,nl41:nuts2,2023,2026-09-15T16:27:19.643884+00:00,61609.78,provisional,2023-01-01,2023-12-31,1,2026-09-15T16:27:19.643884+00:00
HOUSEHOLD_INCOME_TOTAL_NUTS2,nl42:nuts2,2013,2026-09-15T16:27:19.643884+00:00,16617.71,final,2013-01-01,2013-12-31,1,2026-09-15T16:27:19.643884+00:00
HOUSEHOLD_INCOME_TOTAL_NUTS2,nl42:nuts2,2014,2026-09-15T16:27:19.643884+00:00,16831.13,final,2014-01-01,2014-12-31,1,2026-09-15T16:27:19.643884+00:00
HOUSEHOLD_INCOME_TOTAL_NUTS2,nl42:nuts2,2015,2026-09-15T16:27:19.643884+00:00,17258.36,provisional,2015-01-01,2015-12-31,1,2026-09-15T16:27:19.643884+00:00
HOUSEHOLD_INCOME_TOTAL_NUTS2,nl42:nuts2,2016,2026-09-15T16:27:19.643884+00:00,17435.56,provisional,2016-01-01,2016-12-31,1,2026-09-15T16:27:19.643884+00:00
HOUSEHOLD_INCOME_TOTAL_NUTS2,nl42:nuts2,2017,2026-09-15T16:27:19.643884+00:00,18086.53,provisional,2017-01-01,2017-12-31,1,2026-09-15T16:27:19.643884+00:00
HOUSEHOLD_INCOME_TOTAL_NUTS2,nl42:nuts2,2018,2026-09-15T16:27:19.643884+00:00,18918.64,provisional,2018-01-01,2018-12-31,1,2026-09-15T16:27:19.643884+00:00
HOUSEHOLD_INCOME_TOTAL_NUTS2,nl42:nuts2,2019,2026-09-15T16:27:19.643884+00:00,19292.34,provisional,2019-01-01,2019-12-31,1,2026-09-15T16:27:19.643884+00:00
HOUSEHOLD_INCOME_TOTAL_NUTS2,nl42:nuts2,2020,2026-09-15T16:27:19.643884+00:00,20246.23,provisional,2020-01-01,2020-12-31,1,2026-09-15T16:27:19.643884+00:00
HOUSEHOLD_INCOME_TOTAL_NUTS2,nl42:nuts2,2021,2026-09-15T16:27:19.643884+00:00,20936.56,provisional,2021-01-01,2021-12-31,1,2026-09-15T16:27:19.643884+00:00
HOUSEHOLD_INCOME_TOTAL_NUTS2,nl42:nuts2,2022,2026-09-15T16:27:19.643884+00:00,22925.81,provisional,2022-01-01,2022-12-31,1,2026-09-15T16:27:19.643884+00:00
HOUSEHOLD_INCOME_TOTAL_NUTS2,nl42:nuts2,2023,2026-09-15T16:27:19.643884+00:00,24848.21,provisional,2023-01-01,2023-12-31,1,2026-09-15T16:27:19.643884+00:00
HOUSEHOLD_INCOME_TOTAL_NUTS2,no02:nuts2,2013,2026-09-15T16:27:19.643884+00:00,6674.67,final,2013-01-01,2013-12-31,1,2026-09-15T16:27:19.643884+00:00
HOUSEHOLD_INCOME_TOTAL_NUTS2,no02:nuts2,2014,2026-09-15T16:27:19.643884+00:00,6821.14,final,2014-01-01,2014-12-31,1,2026-09-15T16:27:19.643884+00:00
HOUSEHOLD_INCOME_TOTAL_NUTS2,no02:nuts2,2015,2026-09-15T16:27:19.643884+00:00,6755.26,final,2015-01-01,2015-12-31,1,2026-09-15T16:27:19.643884+00:00
HOUSEHOLD_INCOME_TOTAL_NUTS2,no02:nuts2,2016,2026-09-15T16:27:19.643884+00:00,6613.12,final,2016-01-01,2016-12-31,1,2026-09-15T16:27:19.643884+00:00
HOUSEHOLD_INCOME_TOTAL_NUTS2,no02:nuts2,2017,2026-09-15T16:27:19.643884+00:00,7054.05,final,2017-01-01,2017-12-31,1,2026-09-15T16:27:19.643884+00:00
HOUSEHOLD_INCOME_TOTAL_NUTS2,no02:nuts2,2018,2026-09-15T16:27:19.643884+00:00,7220.55,final,2018-01-01,2018-12-31,1,2026-09-15T16:27:19.643884+00:00
HOUSEHOLD_INCOME_TOTAL_NUTS2,no02:nuts2,2019,2026-09-15T16:27:19.643884+00:00,7282.83,final,2019-01-01,2019-12-31,1,2026-09-15T16:27:19.643884+00:00
HOUSEHOLD_INCOME_TOTAL_NUTS2,no02:nuts2,2020,2026-09-15T16:27:19.643884+00:00,7007.74,final,2020-01-01,2020-12-31,1,2026-09-15T16:27:19.643884+00:00
HOUSEHOLD_INCOME_TOTAL_NUTS2,no06:nuts2,2013,2026-09-15T16:27:19.643884+00:00,7973.83,final,2013-01-01,2013-12-31,1,2026-09-15T16:27:19.643884+00:00
HOUSEHOLD_INCOME_TOTAL_NUTS2,no06:nuts2,2014,2026-09-15T16:27:19.643884+00:00,8144.44,final,2014-01-01,2014-12-31,1,2026-09-15T16:27:19.643884+00:00
HOUSEHOLD_INCOME_TOTAL_NUTS2,no06:nuts2,2015,2026-09-15T16:27:19.643884+00:00,8131.61,final,2015-01-01,2015-12-31,1,2026-09-15T16:27:19.643884+00:00
HOUSEHOLD_INCOME_TOTAL_NUTS2,no06:nuts2,2016,2026-09-15T16:27:19.643884+00:00,8042.0,final,2016-01-01,2016-12-31,1,2026-09-15T16:27:19.643884+00:00
HOUSEHOLD_INCOME_TOTAL_NUTS2,no06:nuts2,2017,2026-09-15T16:27:19.643884+00:00,8615.34,final,2017-01-01,2017-12-31,1,2026-09-15T16:27:19.643884+00:00
HOUSEHOLD_INCOME_TOTAL_NUTS2,no06:nuts2,2018,2026-09-15T16:27:19.643884+00:00,8830.61,final,2018-01-01,2018-12-31,1,2026-09-15T16:27:19.643884+00:00
HOUSEHOLD_INCOME_TOTAL_NUTS2,no06:nuts2,2019,2026-09-15T16:27:19.643884+00:00,9020.24,final,2019-01-01,2019-12-31,1,2026-09-15T16:27:19.643884+00:00
HOUSEHOLD_INCOME_TOTAL_NUTS2,no06:nuts2,2020,2026-09-15T16:27:19.643884+00:00,9175.97,final,2020-01-01,2020-12-31,1,2026-09-15T16:27:19.643884+00:00
HOUSEHOLD_INCOME_TOTAL_NUTS2,no07:nuts2,2013,2026-09-15T16:27:19.643884+00:00,8607.09,final,2013-01-01,2013-12-31,1,2026-09-15T16:27:19.643884+00:00
HOUSEHOLD_INCOME_TOTAL_NUTS2,no07:nuts2,2014,2026-09-15T16:27:19.643884+00:00,8798.23,final,2014-01-01,2014-12-31,1,2026-09-15T16:27:19.643884+00:00
HOUSEHOLD_INCOME_TOTAL_NUTS2,no07:nuts2,2015,2026-09-15T16:27:19.643884+00:00,8713.03,final,2015-01-01,2015-12-31,1,2026-09-15T16:27:19.643884+00:00
HOUSEHOLD_INCOME_TOTAL_NUTS2,no07:nuts2,2016,2026-09-15T16:27:19.643884+00:00,8566.6,final,2016-01-01,2016-12-31,1,2026-09-15T16:27:19.643884+00:00
HOUSEHOLD_INCOME_TOTAL_NUTS2,no07:nuts2,2017,2026-09-15T16:27:19.643884+00:00,9164.23,final,2017-01-01,2017-12-31,1,2026-09-15T16:27:19.643884+00:00
HOUSEHOLD_INCOME_TOTAL_NUTS2,no07:nuts2,2018,2026-09-15T16:27:19.643884+00:00,9338.33,final,2018-01-01,2018-12-31,1,2026-09-15T16:27:19.643884+00:00
HOUSEHOLD_INCOME_TOTAL_NUTS2,no07:nuts2,2019,2026-09-15T16:27:19.643884+00:00,9451.84,final,2019-01-01,2019-12-31,1,2026-09-15T16:27:19.643884+00:00
HOUSEHOLD_INCOME_TOTAL_NUTS2,no07:nuts2,2020,2026-09-15T16:27:19.643884+00:00,9473.11,final,2020-01-01,2020-12-31,1,2026-09-15T16:27:19.643884+00:00
HOUSEHOLD_INCOME_TOTAL_NUTS2,no08:nuts2,2013,2026-09-15T16:27:19.643884+00:00,34444.41,final,2013-01-01,2013-12-31,1,2026-09-15T16:27:19.643884+00:00
HOUSEHOLD_INCOME_TOTAL_NUTS2,no08:nuts2,2014,2026-09-15T16:27:19.643884+00:00,35358.89,final,2014-01-01,2014-12-31,1,2026-09-15T16:27:19.643884+00:00
HOUSEHOLD_INCOME_TOTAL_NUTS2,no08:nuts2,2015,2026-09-15T16:27:19.643884+00:00,36336.28,final,2015-01-01,2015-12-31,1,2026-09-15T16:27:19.643884+00:00
HOUSEHOLD_INCOME_TOTAL_NUTS2,no08:nuts2,2016,2026-09-15T16:27:19.643884+00:00,35496.64,final,2016-01-01,2016-12-31,1,2026-09-15T16:27:19.643884+00:00
HOUSEHOLD_INCOME_TOTAL_NUTS2,no08:nuts2,2017,2026-09-15T16:27:19.643884+00:00,37924.28,final,2017-01-01,2017-12-31,1,2026-09-15T16:27:19.643884+00:00
HOUSEHOLD_INCOME_TOTAL_NUTS2,no08:nuts2,2018,2026-09-15T16:27:19.643884+00:00,38989.49,final,2018-01-01,2018-12-31,1,2026-09-15T16:27:19.643884+00:00
HOUSEHOLD_INCOME_TOTAL_NUTS2,no08:nuts2,2019,2026-09-15T16:27:19.643884+00:00,39988.28,final,2019-01-01,2019-12-31,1,2026-09-15T16:27:19.643884+00:00
HOUSEHOLD_INCOME_TOTAL_NUTS2,no08:nuts2,2020,2026-09-15T16:27:19.643884+00:00,40830.76,final,2020-01-01,2020-12-31,1,2026-09-15T16:27:19.643884+00:00
HOUSEHOLD_INCOME_TOTAL_NUTS2,no09:nuts2,2013,2026-09-15T16:27:19.643884+00:00,12434.2,final,2013-01-01,2013-12-31,1,2026-09-15T16:27:19.643884+00:00
HOUSEHOLD_INCOME_TOTAL_NUTS2,no09:nuts2,2014,2026-09-15T16:27:19.643884+00:00,12736.32,final,2014-01-01,2014-12-31,1,2026-09-15T16:27:19.643884+00:00
HOUSEHOLD_INCOME_TOTAL_NUTS2,no09:nuts2,2015,2026-09-15T16:27:19.643884+00:00,12732.86,final,2015-01-01,2015-12-31,1,2026-09-15T16:27:19.643884+00:00
HOUSEHOLD_INCOME_TOTAL_NUTS2,no09:nuts2,2016,2026-09-15T16:27:19.643884+00:00,12401.29,final,2016-01-01,2016-12-31,1,2026-09-15T16:27:19.643884+00:00
HOUSEHOLD_INCOME_TOTAL_NUTS2,no09:nuts2,2017,2026-09-15T16:27:19.643884+00:00,13152.63,final,2017-01-01,2017-12-31,1,2026-09-15T16:27:19.643884+00:00
HOUSEHOLD_INCOME_TOTAL_NUTS2,no09:nuts2,2018,2026-09-15T16:27:19.643884+00:00,13408.27,final,2018-01-01,2018-12-31,1,2026-09-15T16:27:19.643884+00:00
HOUSEHOLD_INCOME_TOTAL_NUTS2,no09:nuts2,2019,2026-09-15T16:27:19.643884+00:00,13733.14,final,2019-01-01,2019-12-31,1,2026-09-15T16:27:19.643884+00:00
HOUSEHOLD_INCOME_TOTAL_NUTS2,no09:nuts2,2020,2026-09-15T16:27:19.643884+00:00,13688.6,final,2020-01-01,2020-12-31,1,2026-09-15T16:27:19.643884+00:00
HOUSEHOLD_INCOME_TOTAL_NUTS2,no0a:nuts2,2013,2026-09-15T16:27:19.643884+00:00,25473.33,final,2013-01-01,2013-12-31,1,2026-09-15T16:27:19.643884+00:00
HOUSEHOLD_INCOME_TOTAL_NUTS2,no0a:nuts2,2014,2026-09-15T16:27:19.643884+00:00,26208.4,final,2014-01-01,2014-12-31,1,2026-09-15T16:27:19.643884+00:00
HOUSEHOLD_INCOME_TOTAL_NUTS2,no0a:nuts2,2015,2026-09-15T16:27:19.643884+00:00,26109.57,final,2015-01-01,2015-12-31,1,2026-09-15T16:27:19.643884+00:00
HOUSEHOLD_INCOME_TOTAL_NUTS2,no0a:nuts2,2016,2026-09-15T16:27:19.643884+00:00,24996.37,final,2016-01-01,2016-12-31,1,2026-09-15T16:27:19.643884+00:00
HOUSEHOLD_INCOME_TOTAL_NUTS2,no0a:nuts2,2017,2026-09-15T16:27:19.643884+00:00,26390.8,final,2017-01-01,2017-12-31,1,2026-09-15T16:27:19.643884+00:00
HOUSEHOLD_INCOME_TOTAL_NUTS2,no0a:nuts2,2018,2026-09-15T16:27:19.643884+00:00,26850.03,final,2018-01-01,2018-12-31,1,2026-09-15T16:27:19.643884+00:00
HOUSEHOLD_INCOME_TOTAL_NUTS2,no0a:nuts2,2019,2026-09-15T16:27:19.643884+00:00,27562.49,final,2019-01-01,2019-12-31,1,2026-09-15T16:27:19.643884+00:00
HOUSEHOLD_INCOME_TOTAL_NUTS2,no0a:nuts2,2020,2026-09-15T16:27:19.643884+00:00,27760.82,final,2020-01-01,2020-12-31,1,2026-09-15T16:27:19.643884+00:00
HOUSEHOLD_INCOME_TOTAL_NUTS2,pl21:nuts2,2013,2026-09-15T16:27:19.643884+00:00,34094.35,final,2013-01-01,2013-12-31,1,2026-09-15T16:27:19.643884+00:00
HOUSEHOLD_INCOME_TOTAL_NUTS2,pl21:nuts2,2014,2026-09-15T16:27:19.643884+00:00,36093.02,final,2014-01-01,2014-12-31,1,2026-09-15T16:27:19.643884+00:00
HOUSEHOLD_INCOME_TOTAL_NUTS2,pl21:nuts2,2015,2026-09-15T16:27:19.643884+00:00,37509.65,final,2015-01-01,2015-12-31,1,2026-09-15T16:27:19.643884+00:00
HOUSEHOLD_INCOME_TOTAL_NUTS2,pl21:nuts2,2016,2026-09-15T16:27:19.643884+00:00,38830.3,final,2016-01-01,2016-12-31,1,2026-09-15T16:27:19.643884+00:00
HOUSEHOLD_INCOME_TOTAL_NUTS2,pl21:nuts2,2017,2026-09-15T16:27:19.643884+00:00,40329.79,final,2017-01-01,2017-12-31,1,2026-09-15T16:27:19.643884+00:00
HOUSEHOLD_INCOME_TOTAL_NUTS2,pl21:nuts2,2018,2026-09-15T16:27:19.643884+00:00,42505.57,final,2018-01-01,2018-12-31,1,2026-09-15T16:27:19.643884+00:00
HOUSEHOLD_INCOME_TOTAL_NUTS2,pl21:nuts2,2019,2026-09-15T16:27:19.643884+00:00,45212.87,final,2019-01-01,2019-12-31,1,2026-09-15T16:27:19.643884+00:00
HOUSEHOLD_INCOME_TOTAL_NUTS2,pl21:nuts2,2020,2026-09-15T16:27:19.643884+00:00,47612.21,final,2020-01-01,2020-12-31,1,2026-09-15T16:27:19.643884+00:00
HOUSEHOLD_INCOME_TOTAL_NUTS2,pl21:nuts2,2021,2026-09-15T16:27:19.643884+00:00,46890.68,final,2021-01-01,2021-12-31,1,2026-09-15T16:27:19.643884+00:00
HOUSEHOLD_INCOME_TOTAL_NUTS2,pl21:nuts2,2022,2026-09-15T16:27:19.643884+00:00,51408.81,final,2022-01-01,2022-12-31,1,2026-09-15T16:27:19.643884+00:00
HOUSEHOLD_INCOME_TOTAL_NUTS2,pl21:nuts2,2023,2026-09-15T16:27:19.643884+00:00,54281.29,final,2023-01-01,2023-12-31,1,2026-09-15T16:27:19.643884+00:00
HOUSEHOLD_INCOME_TOTAL_NUTS2,pl22:nuts2,2013,2026-09-15T16:27:19.643884+00:00,55673.72,final,2013-01-01,2013-12-31,1,2026-09-15T16:27:19.643884+00:00
HOUSEHOLD_INCOME_TOTAL_NUTS2,pl22:nuts2,2014,2026-09-15T16:27:19.643884+00:00,57901.49,final,2014-01-01,2014-12-31,1,2026-09-15T16:27:19.643884+00:00
HOUSEHOLD_INCOME_TOTAL_NUTS2,pl22:nuts2,2015,2026-09-15T16:27:19.643884+00:00,59994.94,final,2015-01-01,2015-12-31,1,2026-09-15T16:27:19.643884+00:00
HOUSEHOLD_INCOME_TOTAL_NUTS2,pl22:nuts2,2016,2026-09-15T16:27:19.643884+00:00,60931.15,final,2016-01-01,2016-12-31,1,2026-09-15T16:27:19.643884+00:00
HOUSEHOLD_INCOME_TOTAL_NUTS2,pl22:nuts2,2017,2026-09-15T16:27:19.643884+00:00,62163.82,final,2017-01-01,2017-12-31,1,2026-09-15T16:27:19.643884+00:00
HOUSEHOLD_INCOME_TOTAL_NUTS2,pl22:nuts2,2018,2026-09-15T16:27:19.643884+00:00,64831.46,final,2018-01-01,2018-12-31,1,2026-09-15T16:27:19.643884+00:00
HOUSEHOLD_INCOME_TOTAL_NUTS2,pl22:nuts2,2019,2026-09-15T16:27:19.643884+00:00,68585.28,final,2019-01-01,2019-12-31,1,2026-09-15T16:27:19.643884+00:00
HOUSEHOLD_INCOME_TOTAL_NUTS2,pl22:nuts2,2020,2026-09-15T16:27:19.643884+00:00,71388.78,final,2020-01-01,2020-12-31,1,2026-09-15T16:27:19.643884+00:00
HOUSEHOLD_INCOME_TOTAL_NUTS2,pl22:nuts2,2021,2026-09-15T16:27:19.643884+00:00,69620.67,final,2021-01-01,2021-12-31,1,2026-09-15T16:27:19.643884+00:00
HOUSEHOLD_INCOME_TOTAL_NUTS2,pl22:nuts2,2022,2026-09-15T16:27:19.643884+00:00,75995.8,final,2022-01-01,2022-12-31,1,2026-09-15T16:27:19.643884+00:00
HOUSEHOLD_INCOME_TOTAL_NUTS2,pl22:nuts2,2023,2026-09-15T16:27:19.643884+00:00,80900.61,final,2023-01-01,2023-12-31,1,2026-09-15T16:27:19.643884+00:00
HOUSEHOLD_INCOME_TOTAL_NUTS2,pl41:nuts2,2013,2026-09-15T16:27:19.643884+00:00,39732.29,final,2013-01-01,2013-12-31,1,2026-09-15T16:27:19.643884+00:00
HOUSEHOLD_INCOME_TOTAL_NUTS2,pl41:nuts2,2014,2026-09-15T16:27:19.643884+00:00,41845.43,final,2014-01-01,2014-12-31,1,2026-09-15T16:27:19.643884+00:00
HOUSEHOLD_INCOME_TOTAL_NUTS2,pl41:nuts2,2015,2026-09-15T16:27:19.643884+00:00,43408.2,final,2015-01-01,2015-12-31,1,2026-09-15T16:27:19.643884+00:00
HOUSEHOLD_INCOME_TOTAL_NUTS2,pl41:nuts2,2016,2026-09-15T16:27:19.643884+00:00,45174.75,final,2016-01-01,2016-12-31,1,2026-09-15T16:27:19.643884+00:00
HOUSEHOLD_INCOME_TOTAL_NUTS2,pl41:nuts2,2017,2026-09-15T16:27:19.643884+00:00,46842.42,final,2017-01-01,2017-12-31,1,2026-09-15T16:27:19.643884+00:00
HOUSEHOLD_INCOME_TOTAL_NUTS2,pl41:nuts2,2018,2026-09-15T16:27:19.643884+00:00,48845.44,final,2018-01-01,2018-12-31,1,2026-09-15T16:27:19.643884+00:00
HOUSEHOLD_INCOME_TOTAL_NUTS2,pl41:nuts2,2019,2026-09-15T16:27:19.643884+00:00,51325.16,final,2019-01-01,2019-12-31,1,2026-09-15T16:27:19.643884+00:00
HOUSEHOLD_INCOME_TOTAL_NUTS2,pl41:nuts2,2020,2026-09-15T16:27:19.643884+00:00,53878.69,final,2020-01-01,2020-12-31,1,2026-09-15T16:27:19.643884+00:00
HOUSEHOLD_INCOME_TOTAL_NUTS2,pl41:nuts2,2021,2026-09-15T16:27:19.643884+00:00,52514.95,final,2021-01-01,2021-12-31,1,2026-09-15T16:27:19.643884+00:00
HOUSEHOLD_INCOME_TOTAL_NUTS2,pl41:nuts2,2022,2026-09-15T16:27:19.643884+00:00,57535.01,final,2022-01-01,2022-12-31,1,2026-09-15T16:27:19.643884+00:00
HOUSEHOLD_INCOME_TOTAL_NUTS2,pl41:nuts2,2023,2026-09-15T16:27:19.643884+00:00,61016.95,final,2023-01-01,2023-12-31,1,2026-09-15T16:27:19.643884+00:00
HOUSEHOLD_INCOME_TOTAL_NUTS2,pl42:nuts2,2013,2026-09-15T16:27:19.643884+00:00,18137.94,final,2013-01-01,2013-12-31,1,2026-09-15T16:27:19.643884+00:00
HOUSEHOLD_INCOME_TOTAL_NUTS2,pl42:nuts2,2014,2026-09-15T16:27:19.643884+00:00,18884.74,final,2014-01-01,2014-12-31,1,2026-09-15T16:27:19.643884+00:00
HOUSEHOLD_INCOME_TOTAL_NUTS2,pl42:nuts2,2015,2026-09-15T16:27:19.643884+00:00,19560.91,final,2015-01-01,2015-12-31,1,2026-09-15T16:27:19.643884+00:00
HOUSEHOLD_INCOME_TOTAL_NUTS2,pl42:nuts2,2016,2026-09-15T16:27:19.643884+00:00,20128.54,final,2016-01-01,2016-12-31,1,2026-09-15T16:27:19.643884+00:00
HOUSEHOLD_INCOME_TOTAL_NUTS2,pl42:nuts2,2017,2026-09-15T16:27:19.643884+00:00,20612.81,final,2017-01-01,2017-12-31,1,2026-09-15T16:27:19.643884+00:00
HOUSEHOLD_INCOME_TOTAL_NUTS2,pl42:nuts2,2018,2026-09-15T16:27:19.643884+00:00,21617.18,final,2018-01-01,2018-12-31,1,2026-09-15T16:27:19.643884+00:00
HOUSEHOLD_INCOME_TOTAL_NUTS2,pl42:nuts2,2019,2026-09-15T16:27:19.643884+00:00,22699.53,final,2019-01-01,2019-12-31,1,2026-09-15T16:27:19.643884+00:00
HOUSEHOLD_INCOME_TOTAL_NUTS2,pl42:nuts2,2020,2026-09-15T16:27:19.643884+00:00,23958.32,final,2020-01-01,2020-12-31,1,2026-09-15T16:27:19.643884+00:00
HOUSEHOLD_INCOME_TOTAL_NUTS2,pl42:nuts2,2021,2026-09-15T16:27:19.643884+00:00,23564.14,final,2021-01-01,2021-12-31,1,2026-09-15T16:27:19.643884+00:00
HOUSEHOLD_INCOME_TOTAL_NUTS2,pl42:nuts2,2022,2026-09-15T16:27:19.643884+00:00,25611.52,final,2022-01-01,2022-12-31,1,2026-09-15T16:27:19.643884+00:00
HOUSEHOLD_INCOME_TOTAL_NUTS2,pl42:nuts2,2023,2026-09-15T16:27:19.643884+00:00,26899.68,final,2023-01-01,2023-12-31,1,2026-09-15T16:27:19.643884+00:00
HOUSEHOLD_INCOME_TOTAL_NUTS2,pl43:nuts2,2013,2026-09-15T16:27:19.643884+00:00,9961.47,final,2013-01-01,2013-12-31,1,2026-09-15T16:27:19.643884+00:00
HOUSEHOLD_INCOME_TOTAL_NUTS2,pl43:nuts2,2014,2026-09-15T16:27:19.643884+00:00,10379.37,final,2014-01-01,2014-12-31,1,2026-09-15T16:27:19.643884+00:00
HOUSEHOLD_INCOME_TOTAL_NUTS2,pl43:nuts2,2015,2026-09-15T16:27:19.643884+00:00,10692.74,final,2015-01-01,2015-12-31,1,2026-09-15T16:27:19.643884+00:00
HOUSEHOLD_INCOME_TOTAL_NUTS2,pl43:nuts2,2016,2026-09-15T16:27:19.643884+00:00,11038.34,final,2016-01-01,2016-12-31,1,2026-09-15T16:27:19.643884+00:00
HOUSEHOLD_INCOME_TOTAL_NUTS2,pl43:nuts2,2017,2026-09-15T16:27:19.643884+00:00,11343.94,final,2017-01-01,2017-12-31,1,2026-09-15T16:27:19.643884+00:00
HOUSEHOLD_INCOME_TOTAL_NUTS2,pl43:nuts2,2018,2026-09-15T16:27:19.643884+00:00,11757.34,final,2018-01-01,2018-12-31,1,2026-09-15T16:27:19.643884+00:00
HOUSEHOLD_INCOME_TOTAL_NUTS2,pl43:nuts2,2019,2026-09-15T16:27:19.643884+00:00,12353.65,final,2019-01-01,2019-12-31,1,2026-09-15T16:27:19.643884+00:00
HOUSEHOLD_INCOME_TOTAL_NUTS2,pl43:nuts2,2020,2026-09-15T16:27:19.643884+00:00,12995.89,final,2020-01-01,2020-12-31,1,2026-09-15T16:27:19.643884+00:00
HOUSEHOLD_INCOME_TOTAL_NUTS2,pl43:nuts2,2021,2026-09-15T16:27:19.643884+00:00,12752.77,final,2021-01-01,2021-12-31,1,2026-09-15T16:27:19.643884+00:00
HOUSEHOLD_INCOME_TOTAL_NUTS2,pl43:nuts2,2022,2026-09-15T16:27:19.643884+00:00,13820.48,final,2022-01-01,2022-12-31,1,2026-09-15T16:27:19.643884+00:00
HOUSEHOLD_INCOME_TOTAL_NUTS2,pl43:nuts2,2023,2026-09-15T16:27:19.643884+00:00,14682.27,final,2023-01-01,2023-12-31,1,2026-09-15T16:27:19.643884+00:00
HOUSEHOLD_INCOME_TOTAL_NUTS2,pl51:nuts2,2013,2026-09-15T16:27:19.643884+00:00,32459.97,final,2013-01-01,2013-12-31,1,2026-09-15T16:27:19.643884+00:00
HOUSEHOLD_INCOME_TOTAL_NUTS2,pl51:nuts2,2014,2026-09-15T16:27:19.643884+00:00,34203.39,final,2014-01-01,2014-12-31,1,2026-09-15T16:27:19.643884+00:00
HOUSEHOLD_INCOME_TOTAL_NUTS2,pl51:nuts2,2015,2026-09-15T16:27:19.643884+00:00,35645.24,final,2015-01-01,2015-12-31,1,2026-09-15T16:27:19.643884+00:00
HOUSEHOLD_INCOME_TOTAL_NUTS2,pl51:nuts2,2016,2026-09-15T16:27:19.643884+00:00,36762.48,final,2016-01-01,2016-12-31,1,2026-09-15T16:27:19.643884+00:00
HOUSEHOLD_INCOME_TOTAL_NUTS2,pl51:nuts2,2017,2026-09-15T16:27:19.643884+00:00,37886.15,final,2017-01-01,2017-12-31,1,2026-09-15T16:27:19.643884+00:00
HOUSEHOLD_INCOME_TOTAL_NUTS2,pl51:nuts2,2018,2026-09-15T16:27:19.643884+00:00,39711.24,final,2018-01-01,2018-12-31,1,2026-09-15T16:27:19.643884+00:00
HOUSEHOLD_INCOME_TOTAL_NUTS2,pl51:nuts2,2019,2026-09-15T16:27:19.643884+00:00,42165.66,final,2019-01-01,2019-12-31,1,2026-09-15T16:27:19.643884+00:00
HOUSEHOLD_INCOME_TOTAL_NUTS2,pl51:nuts2,2020,2026-09-15T16:27:19.643884+00:00,45012.57,final,2020-01-01,2020-12-31,1,2026-09-15T16:27:19.643884+00:00
HOUSEHOLD_INCOME_TOTAL_NUTS2,pl51:nuts2,2021,2026-09-15T16:27:19.643884+00:00,43980.38,final,2021-01-01,2021-12-31,1,2026-09-15T16:27:19.643884+00:00
HOUSEHOLD_INCOME_TOTAL_NUTS2,pl51:nuts2,2022,2026-09-15T16:27:19.643884+00:00,47391.2,final,2022-01-01,2022-12-31,1,2026-09-15T16:27:19.643884+00:00
HOUSEHOLD_INCOME_TOTAL_NUTS2,pl51:nuts2,2023,2026-09-15T16:27:19.643884+00:00,50127.75,final,2023-01-01,2023-12-31,1,2026-09-15T16:27:19.643884+00:00
HOUSEHOLD_INCOME_TOTAL_NUTS2,pl52:nuts2,2013,2026-09-15T16:27:19.643884+00:00,9577.01,final,2013-01-01,2013-12-31,1,2026-09-15T16:27:19.643884+00:00
HOUSEHOLD_INCOME_TOTAL_NUTS2,pl52:nuts2,2014,2026-09-15T16:27:19.643884+00:00,9964.57,final,2014-01-01,2014-12-31,1,2026-09-15T16:27:19.643884+00:00
HOUSEHOLD_INCOME_TOTAL_NUTS2,pl52:nuts2,2015,2026-09-15T16:27:19.643884+00:00,10362.09,final,2015-01-01,2015-12-31,1,2026-09-15T16:27:19.643884+00:00
HOUSEHOLD_INCOME_TOTAL_NUTS2,pl52:nuts2,2016,2026-09-15T16:27:19.643884+00:00,10720.68,final,2016-01-01,2016-12-31,1,2026-09-15T16:27:19.643884+00:00
HOUSEHOLD_INCOME_TOTAL_NUTS2,pl52:nuts2,2017,2026-09-15T16:27:19.643884+00:00,10969.38,final,2017-01-01,2017-12-31,1,2026-09-15T16:27:19.643884+00:00
HOUSEHOLD_INCOME_TOTAL_NUTS2,pl52:nuts2,2018,2026-09-15T16:27:19.643884+00:00,11487.0,final,2018-01-01,2018-12-31,1,2026-09-15T16:27:19.643884+00:00
HOUSEHOLD_INCOME_TOTAL_NUTS2,pl52:nuts2,2019,2026-09-15T16:27:19.643884+00:00,12199.71,final,2019-01-01,2019-12-31,1,2026-09-15T16:27:19.643884+00:00
HOUSEHOLD_INCOME_TOTAL_NUTS2,pl52:nuts2,2020,2026-09-15T16:27:19.643884+00:00,12870.15,final,2020-01-01,2020-12-31,1,2026-09-15T16:27:19.643884+00:00
HOUSEHOLD_INCOME_TOTAL_NUTS2,pl52:nuts2,2021,2026-09-15T16:27:19.643884+00:00,12659.32,final,2021-01-01,2021-12-31,1,2026-09-15T16:27:19.643884+00:00
HOUSEHOLD_INCOME_TOTAL_NUTS2,pl52:nuts2,2022,2026-09-15T16:27:19.643884+00:00,13717.27,final,2022-01-01,2022-12-31,1,2026-09-15T16:27:19.643884+00:00
HOUSEHOLD_INCOME_TOTAL_NUTS2,pl52:nuts2,2023,2026-09-15T16:27:19.643884+00:00,14627.69,final,2023-01-01,2023-12-31,1,2026-09-15T16:27:19.643884+00:00
HOUSEHOLD_INCOME_TOTAL_NUTS2,pl61:nuts2,2013,2026-09-15T16:27:19.643884+00:00,20510.45,final,2013-01-01,2013-12-31,1,2026-09-15T16:27:19.643884+00:00
HOUSEHOLD_INCOME_TOTAL_NUTS2,pl61:nuts2,2014,2026-09-15T16:27:19.643884+00:00,21248.83,final,2014-01-01,2014-12-31,1,2026-09-15T16:27:19.643884+00:00
HOUSEHOLD_INCOME_TOTAL_NUTS2,pl61:nuts2,2015,2026-09-15T16:27:19.643884+00:00,21833.12,final,2015-01-01,2015-12-31,1,2026-09-15T16:27:19.643884+00:00
HOUSEHOLD_INCOME_TOTAL_NUTS2,pl61:nuts2,2016,2026-09-15T16:27:19.643884+00:00,22768.95,final,2016-01-01,2016-12-31,1,2026-09-15T16:27:19.643884+00:00
HOUSEHOLD_INCOME_TOTAL_NUTS2,pl61:nuts2,2017,2026-09-15T16:27:19.643884+00:00,23502.16,final,2017-01-01,2017-12-31,1,2026-09-15T16:27:19.643884+00:00
HOUSEHOLD_INCOME_TOTAL_NUTS2,pl61:nuts2,2018,2026-09-15T16:27:19.643884+00:00,24387.11,final,2018-01-01,2018-12-31,1,2026-09-15T16:27:19.643884+00:00
HOUSEHOLD_INCOME_TOTAL_NUTS2,pl61:nuts2,2019,2026-09-15T16:27:19.643884+00:00,25577.25,final,2019-01-01,2019-12-31,1,2026-09-15T16:27:19.643884+00:00
HOUSEHOLD_INCOME_TOTAL_NUTS2,pl61:nuts2,2020,2026-09-15T16:27:19.643884+00:00,27115.37,final,2020-01-01,2020-12-31,1,2026-09-15T16:27:19.643884+00:00
HOUSEHOLD_INCOME_TOTAL_NUTS2,pl61:nuts2,2021,2026-09-15T16:27:19.643884+00:00,26732.68,final,2021-01-01,2021-12-31,1,2026-09-15T16:27:19.643884+00:00
HOUSEHOLD_INCOME_TOTAL_NUTS2,pl61:nuts2,2022,2026-09-15T16:27:19.643884+00:00,29325.7,final,2022-01-01,2022-12-31,1,2026-09-15T16:27:19.643884+00:00
HOUSEHOLD_INCOME_TOTAL_NUTS2,pl61:nuts2,2023,2026-09-15T16:27:19.643884+00:00,31469.58,final,2023-01-01,2023-12-31,1,2026-09-15T16:27:19.643884+00:00
HOUSEHOLD_INCOME_TOTAL_NUTS2,pl62:nuts2,2013,2026-09-15T16:27:19.643884+00:00,13719.96,final,2013-01-01,2013-12-31,1,2026-09-15T16:27:19.643884+00:00
HOUSEHOLD_INCOME_TOTAL_NUTS2,pl62:nuts2,2014,2026-09-15T16:27:19.643884+00:00,14102.24,final,2014-01-01,2014-12-31,1,2026-09-15T16:27:19.643884+00:00
HOUSEHOLD_INCOME_TOTAL_NUTS2,pl62:nuts2,2015,2026-09-15T16:27:19.643884+00:00,14477.97,final,2015-01-01,2015-12-31,1,2026-09-15T16:27:19.643884+00:00
HOUSEHOLD_INCOME_TOTAL_NUTS2,pl62:nuts2,2016,2026-09-15T16:27:19.643884+00:00,15167.41,final,2016-01-01,2016-12-31,1,2026-09-15T16:27:19.643884+00:00
HOUSEHOLD_INCOME_TOTAL_NUTS2,pl62:nuts2,2017,2026-09-15T16:27:19.643884+00:00,15568.44,final,2017-01-01,2017-12-31,1,2026-09-15T16:27:19.643884+00:00
HOUSEHOLD_INCOME_TOTAL_NUTS2,pl62:nuts2,2018,2026-09-15T16:27:19.643884+00:00,16122.96,final,2018-01-01,2018-12-31,1,2026-09-15T16:27:19.643884+00:00
HOUSEHOLD_INCOME_TOTAL_NUTS2,pl62:nuts2,2019,2026-09-15T16:27:19.643884+00:00,16890.05,final,2019-01-01,2019-12-31,1,2026-09-15T16:27:19.643884+00:00
HOUSEHOLD_INCOME_TOTAL_NUTS2,pl62:nuts2,2020,2026-09-15T16:27:19.643884+00:00,17923.49,final,2020-01-01,2020-12-31,1,2026-09-15T16:27:19.643884+00:00
HOUSEHOLD_INCOME_TOTAL_NUTS2,pl62:nuts2,2021,2026-09-15T16:27:19.643884+00:00,17672.92,final,2021-01-01,2021-12-31,1,2026-09-15T16:27:19.643884+00:00
HOUSEHOLD_INCOME_TOTAL_NUTS2,pl62:nuts2,2022,2026-09-15T16:27:19.643884+00:00,19322.26,final,2022-01-01,2022-12-31,1,2026-09-15T16:27:19.643884+00:00
HOUSEHOLD_INCOME_TOTAL_NUTS2,pl62:nuts2,2023,2026-09-15T16:27:19.643884+00:00,20499.63,final,2023-01-01,2023-12-31,1,2026-09-15T16:27:19.643884+00:00
HOUSEHOLD_INCOME_TOTAL_NUTS2,pl63:nuts2,2013,2026-09-15T16:27:19.643884+00:00,24308.05,final,2013-01-01,2013-12-31,1,2026-09-15T16:27:19.643884+00:00
HOUSEHOLD_INCOME_TOTAL_NUTS2,pl63:nuts2,2014,2026-09-15T16:27:19.643884+00:00,25608.31,final,2014-01-01,2014-12-31,1,2026-09-15T16:27:19.643884+00:00
HOUSEHOLD_INCOME_TOTAL_NUTS2,pl63:nuts2,2015,2026-09-15T16:27:19.643884+00:00,26460.12,final,2015-01-01,2015-12-31,1,2026-09-15T16:27:19.643884+00:00
HOUSEHOLD_INCOME_TOTAL_NUTS2,pl63:nuts2,2016,2026-09-15T16:27:19.643884+00:00,27402.17,final,2016-01-01,2016-12-31,1,2026-09-15T16:27:19.643884+00:00
HOUSEHOLD_INCOME_TOTAL_NUTS2,pl63:nuts2,2017,2026-09-15T16:27:19.643884+00:00,28284.3,final,2017-01-01,2017-12-31,1,2026-09-15T16:27:19.643884+00:00
HOUSEHOLD_INCOME_TOTAL_NUTS2,pl63:nuts2,2018,2026-09-15T16:27:19.643884+00:00,29711.71,final,2018-01-01,2018-12-31,1,2026-09-15T16:27:19.643884+00:00
HOUSEHOLD_INCOME_TOTAL_NUTS2,pl63:nuts2,2019,2026-09-15T16:27:19.643884+00:00,31477.31,final,2019-01-01,2019-12-31,1,2026-09-15T16:27:19.643884+00:00
HOUSEHOLD_INCOME_TOTAL_NUTS2,pl63:nuts2,2020,2026-09-15T16:27:19.643884+00:00,33274.4,final,2020-01-01,2020-12-31,1,2026-09-15T16:27:19.643884+00:00
HOUSEHOLD_INCOME_TOTAL_NUTS2,pl63:nuts2,2021,2026-09-15T16:27:19.643884+00:00,32966.54,final,2021-01-01,2021-12-31,1,2026-09-15T16:27:19.643884+00:00
HOUSEHOLD_INCOME_TOTAL_NUTS2,pl63:nuts2,2022,2026-09-15T16:27:19.643884+00:00,36030.55,final,2022-01-01,2022-12-31,1,2026-09-15T16:27:19.643884+00:00
HOUSEHOLD_INCOME_TOTAL_NUTS2,pl63:nuts2,2023,2026-09-15T16:27:19.643884+00:00,38083.15,final,2023-01-01,2023-12-31,1,2026-09-15T16:27:19.643884+00:00
HOUSEHOLD_INCOME_TOTAL_NUTS2,pl71:nuts2,2013,2026-09-15T16:27:19.643884+00:00,27548.93,final,2013-01-01,2013-12-31,1,2026-09-15T16:27:19.643884+00:00
HOUSEHOLD_INCOME_TOTAL_NUTS2,pl71:nuts2,2014,2026-09-15T16:27:19.643884+00:00,28788.41,final,2014-01-01,2014-12-31,1,2026-09-15T16:27:19.643884+00:00
HOUSEHOLD_INCOME_TOTAL_NUTS2,pl71:nuts2,2015,2026-09-15T16:27:19.643884+00:00,29633.01,final,2015-01-01,2015-12-31,1,2026-09-15T16:27:19.643884+00:00
HOUSEHOLD_INCOME_TOTAL_NUTS2,pl71:nuts2,2016,2026-09-15T16:27:19.643884+00:00,30640.18,final,2016-01-01,2016-12-31,1,2026-09-15T16:27:19.643884+00:00
HOUSEHOLD_INCOME_TOTAL_NUTS2,pl71:nuts2,2017,2026-09-15T16:27:19.643884+00:00,31639.35,final,2017-01-01,2017-12-31,1,2026-09-15T16:27:19.643884+00:00
HOUSEHOLD_INCOME_TOTAL_NUTS2,pl71:nuts2,2018,2026-09-15T16:27:19.643884+00:00,32884.99,final,2018-01-01,2018-12-31,1,2026-09-15T16:27:19.643884+00:00
HOUSEHOLD_INCOME_TOTAL_NUTS2,pl71:nuts2,2019,2026-09-15T16:27:19.643884+00:00,34567.27,final,2019-01-01,2019-12-31,1,2026-09-15T16:27:19.643884+00:00
HOUSEHOLD_INCOME_TOTAL_NUTS2,pl71:nuts2,2020,2026-09-15T16:27:19.643884+00:00,36627.68,final,2020-01-01,2020-12-31,1,2026-09-15T16:27:19.643884+00:00
HOUSEHOLD_INCOME_TOTAL_NUTS2,pl71:nuts2,2021,2026-09-15T16:27:19.643884+00:00,35788.82,final,2021-01-01,2021-12-31,1,2026-09-15T16:27:19.643884+00:00
HOUSEHOLD_INCOME_TOTAL_NUTS2,pl71:nuts2,2022,2026-09-15T16:27:19.643884+00:00,39180.86,final,2022-01-01,2022-12-31,1,2026-09-15T16:27:19.643884+00:00
HOUSEHOLD_INCOME_TOTAL_NUTS2,pl71:nuts2,2023,2026-09-15T16:27:19.643884+00:00,42060.01,final,2023-01-01,2023-12-31,1,2026-09-15T16:27:19.643884+00:00
HOUSEHOLD_INCOME_TOTAL_NUTS2,pl72:nuts2,2013,2026-09-15T16:27:19.643884+00:00,12076.84,final,2013-01-01,2013-12-31,1,2026-09-15T16:27:19.643884+00:00
HOUSEHOLD_INCOME_TOTAL_NUTS2,pl72:nuts2,2014,2026-09-15T16:27:19.643884+00:00,12501.49,final,2014-01-01,2014-12-31,1,2026-09-15T16:27:19.643884+00:00
HOUSEHOLD_INCOME_TOTAL_NUTS2,pl72:nuts2,2015,2026-09-15T16:27:19.643884+00:00,12920.57,final,2015-01-01,2015-12-31,1,2026-09-15T16:27:19.643884+00:00
HOUSEHOLD_INCOME_TOTAL_NUTS2,pl72:nuts2,2016,2026-09-15T16:27:19.643884+00:00,13380.36,final,2016-01-01,2016-12-31,1,2026-09-15T16:27:19.643884+00:00
HOUSEHOLD_INCOME_TOTAL_NUTS2,pl72:nuts2,2017,2026-09-15T16:27:19.643884+00:00,13832.35,final,2017-01-01,2017-12-31,1,2026-09-15T16:27:19.643884+00:00
HOUSEHOLD_INCOME_TOTAL_NUTS2,pl72:nuts2,2018,2026-09-15T16:27:19.643884+00:00,14360.82,final,2018-01-01,2018-12-31,1,2026-09-15T16:27:19.643884+00:00
HOUSEHOLD_INCOME_TOTAL_NUTS2,pl72:nuts2,2019,2026-09-15T16:27:19.643884+00:00,14930.11,final,2019-01-01,2019-12-31,1,2026-09-15T16:27:19.643884+00:00
HOUSEHOLD_INCOME_TOTAL_NUTS2,pl72:nuts2,2020,2026-09-15T16:27:19.643884+00:00,15706.77,final,2020-01-01,2020-12-31,1,2026-09-15T16:27:19.643884+00:00
HOUSEHOLD_INCOME_TOTAL_NUTS2,pl72:nuts2,2021,2026-09-15T16:27:19.643884+00:00,15497.54,final,2021-01-01,2021-12-31,1,2026-09-15T16:27:19.643884+00:00
HOUSEHOLD_INCOME_TOTAL_NUTS2,pl72:nuts2,2022,2026-09-15T16:27:19.643884+00:00,16874.12,final,2022-01-01,2022-12-31,1,2026-09-15T16:27:19.643884+00:00
HOUSEHOLD_INCOME_TOTAL_NUTS2,pl72:nuts2,2023,2026-09-15T16:27:19.643884+00:00,17950.78,final,2023-01-01,2023-12-31,1,2026-09-15T16:27:19.643884+00:00
HOUSEHOLD_INCOME_TOTAL_NUTS2,pl81:nuts2,2013,2026-09-15T16:27:19.643884+00:00,20500.88,final,2013-01-01,2013-12-31,1,2026-09-15T16:27:19.643884+00:00
HOUSEHOLD_INCOME_TOTAL_NUTS2,pl81:nuts2,2014,2026-09-15T16:27:19.643884+00:00,21184.64,final,2014-01-01,2014-12-31,1,2026-09-15T16:27:19.643884+00:00
HOUSEHOLD_INCOME_TOTAL_NUTS2,pl81:nuts2,2015,2026-09-15T16:27:19.643884+00:00,21610.34,final,2015-01-01,2015-12-31,1,2026-09-15T16:27:19.643884+00:00
HOUSEHOLD_INCOME_TOTAL_NUTS2,pl81:nuts2,2016,2026-09-15T16:27:19.643884+00:00,22693.53,final,2016-01-01,2016-12-31,1,2026-09-15T16:27:19.643884+00:00
HOUSEHOLD_INCOME_TOTAL_NUTS2,pl81:nuts2,2017,2026-09-15T16:27:19.643884+00:00,23341.06,final,2017-01-01,2017-12-31,1,2026-09-15T16:27:19.643884+00:00
HOUSEHOLD_INCOME_TOTAL_NUTS2,pl81:nuts2,2018,2026-09-15T16:27:19.643884+00:00,24054.59,final,2018-01-01,2018-12-31,1,2026-09-15T16:27:19.643884+00:00
HOUSEHOLD_INCOME_TOTAL_NUTS2,pl81:nuts2,2019,2026-09-15T16:27:19.643884+00:00,25265.11,final,2019-01-01,2019-12-31,1,2026-09-15T16:27:19.643884+00:00
HOUSEHOLD_INCOME_TOTAL_NUTS2,pl81:nuts2,2020,2026-09-15T16:27:19.643884+00:00,26597.2,final,2020-01-01,2020-12-31,1,2026-09-15T16:27:19.643884+00:00
HOUSEHOLD_INCOME_TOTAL_NUTS2,pl81:nuts2,2021,2026-09-15T16:27:19.643884+00:00,26095.57,final,2021-01-01,2021-12-31,1,2026-09-15T16:27:19.643884+00:00
HOUSEHOLD_INCOME_TOTAL_NUTS2,pl81:nuts2,2022,2026-09-15T16:27:19.643884+00:00,28421.92,final,2022-01-01,2022-12-31,1,2026-09-15T16:27:19.643884+00:00
HOUSEHOLD_INCOME_TOTAL_NUTS2,pl81:nuts2,2023,2026-09-15T16:27:19.643884+00:00,30410.44,final,2023-01-01,2023-12-31,1,2026-09-15T16:27:19.643884+00:00
HOUSEHOLD_INCOME_TOTAL_NUTS2,pl82:nuts2,2013,2026-09-15T16:27:19.643884+00:00,17984.41,final,2013-01-01,2013-12-31,1,2026-09-15T16:27:19.643884+00:00
HOUSEHOLD_INCOME_TOTAL_NUTS2,pl82:nuts2,2014,2026-09-15T16:27:19.643884+00:00,18699.57,final,2014-01-01,2014-12-31,1,2026-09-15T16:27:19.643884+00:00
HOUSEHOLD_INCOME_TOTAL_NUTS2,pl82:nuts2,2015,2026-09-15T16:27:19.643884+00:00,19406.16,final,2015-01-01,2015-12-31,1,2026-09-15T16:27:19.643884+00:00
HOUSEHOLD_INCOME_TOTAL_NUTS2,pl82:nuts2,2016,2026-09-15T16:27:19.643884+00:00,20229.37,final,2016-01-01,2016-12-31,1,2026-09-15T16:27:19.643884+00:00
HOUSEHOLD_INCOME_TOTAL_NUTS2,pl82:nuts2,2017,2026-09-15T16:27:19.643884+00:00,20911.82,final,2017-01-01,2017-12-31,1,2026-09-15T16:27:19.643884+00:00
HOUSEHOLD_INCOME_TOTAL_NUTS2,pl82:nuts2,2018,2026-09-15T16:27:19.643884+00:00,21953.63,final,2018-01-01,2018-12-31,1,2026-09-15T16:27:19.643884+00:00
HOUSEHOLD_INCOME_TOTAL_NUTS2,pl82:nuts2,2019,2026-09-15T16:27:19.643884+00:00,23171.05,final,2019-01-01,2019-12-31,1,2026-09-15T16:27:19.643884+00:00
HOUSEHOLD_INCOME_TOTAL_NUTS2,pl82:nuts2,2020,2026-09-15T16:27:19.643884+00:00,24396.86,final,2020-01-01,2020-12-31,1,2026-09-15T16:27:19.643884+00:00
HOUSEHOLD_INCOME_TOTAL_NUTS2,pl82:nuts2,2021,2026-09-15T16:27:19.643884+00:00,24289.99,final,2021-01-01,2021-12-31,1,2026-09-15T16:27:19.643884+00:00
HOUSEHOLD_INCOME_TOTAL_NUTS2,pl82:nuts2,2022,2026-09-15T16:27:19.643884+00:00,25996.15,final,2022-01-01,2022-12-31,1,2026-09-15T16:27:19.643884+00:00
HOUSEHOLD_INCOME_TOTAL_NUTS2,pl82:nuts2,2023,2026-09-15T16:27:19.643884+00:00,28026.33,final,2023-01-01,2023-12-31,1,2026-09-15T16:27:19.643884+00:00
HOUSEHOLD_INCOME_TOTAL_NUTS2,pl84:nuts2,2013,2026-09-15T16:27:19.643884+00:00,11544.67,final,2013-01-01,2013-12-31,1,2026-09-15T16:27:19.643884+00:00
HOUSEHOLD_INCOME_TOTAL_NUTS2,pl84:nuts2,2014,2026-09-15T16:27:19.643884+00:00,11595.77,final,2014-01-01,2014-12-31,1,2026-09-15T16:27:19.643884+00:00
HOUSEHOLD_INCOME_TOTAL_NUTS2,pl84:nuts2,2015,2026-09-15T16:27:19.643884+00:00,11814.95,final,2015-01-01,2015-12-31,1,2026-09-15T16:27:19.643884+00:00
HOUSEHOLD_INCOME_TOTAL_NUTS2,pl84:nuts2,2016,2026-09-15T16:27:19.643884+00:00,12490.52,final,2016-01-01,2016-12-31,1,2026-09-15T16:27:19.643884+00:00
HOUSEHOLD_INCOME_TOTAL_NUTS2,pl84:nuts2,2017,2026-09-15T16:27:19.643884+00:00,12852.97,final,2017-01-01,2017-12-31,1,2026-09-15T16:27:19.643884+00:00
HOUSEHOLD_INCOME_TOTAL_NUTS2,pl84:nuts2,2018,2026-09-15T16:27:19.643884+00:00,13244.43,final,2018-01-01,2018-12-31,1,2026-09-15T16:27:19.643884+00:00
HOUSEHOLD_INCOME_TOTAL_NUTS2,pl84:nuts2,2019,2026-09-15T16:27:19.643884+00:00,13915.54,final,2019-01-01,2019-12-31,1,2026-09-15T16:27:19.643884+00:00
HOUSEHOLD_INCOME_TOTAL_NUTS2,pl84:nuts2,2020,2026-09-15T16:27:19.643884+00:00,14579.75,final,2020-01-01,2020-12-31,1,2026-09-15T16:27:19.643884+00:00
HOUSEHOLD_INCOME_TOTAL_NUTS2,pl84:nuts2,2021,2026-09-15T16:27:19.643884+00:00,14304.81,final,2021-01-01,2021-12-31,1,2026-09-15T16:27:19.643884+00:00
HOUSEHOLD_INCOME_TOTAL_NUTS2,pl84:nuts2,2022,2026-09-15T16:27:19.643884+00:00,15857.16,final,2022-01-01,2022-12-31,1,2026-09-15T16:27:19.643884+00:00
HOUSEHOLD_INCOME_TOTAL_NUTS2,pl84:nuts2,2023,2026-09-15T16:27:19.643884+00:00,16809.6,final,2023-01-01,2023-12-31,1,2026-09-15T16:27:19.643884+00:00
HOUSEHOLD_INCOME_TOTAL_NUTS2,pl91:nuts2,2013,2026-09-15T16:27:19.643884+00:00,50738.13,final,2013-01-01,2013-12-31,1,2026-09-15T16:27:19.643884+00:00
HOUSEHOLD_INCOME_TOTAL_NUTS2,pl91:nuts2,2014,2026-09-15T16:27:19.643884+00:00,53265.08,final,2014-01-01,2014-12-31,1,2026-09-15T16:27:19.643884+00:00
HOUSEHOLD_INCOME_TOTAL_NUTS2,pl91:nuts2,2015,2026-09-15T16:27:19.643884+00:00,55018.63,final,2015-01-01,2015-12-31,1,2026-09-15T16:27:19.643884+00:00
HOUSEHOLD_INCOME_TOTAL_NUTS2,pl91:nuts2,2016,2026-09-15T16:27:19.643884+00:00,56469.67,final,2016-01-01,2016-12-31,1,2026-09-15T16:27:19.643884+00:00
HOUSEHOLD_INCOME_TOTAL_NUTS2,pl91:nuts2,2017,2026-09-15T16:27:19.643884+00:00,57877.36,final,2017-01-01,2017-12-31,1,2026-09-15T16:27:19.643884+00:00
HOUSEHOLD_INCOME_TOTAL_NUTS2,pl91:nuts2,2018,2026-09-15T16:27:19.643884+00:00,60787.34,final,2018-01-01,2018-12-31,1,2026-09-15T16:27:19.643884+00:00
HOUSEHOLD_INCOME_TOTAL_NUTS2,pl91:nuts2,2019,2026-09-15T16:27:19.643884+00:00,65397.35,final,2019-01-01,2019-12-31,1,2026-09-15T16:27:19.643884+00:00
HOUSEHOLD_INCOME_TOTAL_NUTS2,pl91:nuts2,2020,2026-09-15T16:27:19.643884+00:00,69333.61,final,2020-01-01,2020-12-31,1,2026-09-15T16:27:19.643884+00:00
HOUSEHOLD_INCOME_TOTAL_NUTS2,pl91:nuts2,2021,2026-09-15T16:27:19.643884+00:00,66988.91,final,2021-01-01,2021-12-31,1,2026-09-15T16:27:19.643884+00:00
HOUSEHOLD_INCOME_TOTAL_NUTS2,pl91:nuts2,2022,2026-09-15T16:27:19.643884+00:00,72145.04,final,2022-01-01,2022-12-31,1,2026-09-15T16:27:19.643884+00:00
HOUSEHOLD_INCOME_TOTAL_NUTS2,pl91:nuts2,2023,2026-09-15T16:27:19.643884+00:00,77149.53,final,2023-01-01,2023-12-31,1,2026-09-15T16:27:19.643884+00:00
HOUSEHOLD_INCOME_TOTAL_NUTS2,pl92:nuts2,2013,2026-09-15T16:27:19.643884+00:00,24775.73,final,2013-01-01,2013-12-31,1,2026-09-15T16:27:19.643884+00:00
HOUSEHOLD_INCOME_TOTAL_NUTS2,pl92:nuts2,2014,2026-09-15T16:27:19.643884+00:00,26609.08,final,2014-01-01,2014-12-31,1,2026-09-15T16:27:19.643884+00:00
HOUSEHOLD_INCOME_TOTAL_NUTS2,pl92:nuts2,2015,2026-09-15T16:27:19.643884+00:00,27688.54,final,2015-01-01,2015-12-31,1,2026-09-15T16:27:19.643884+00:00
HOUSEHOLD_INCOME_TOTAL_NUTS2,pl92:nuts2,2016,2026-09-15T16:27:19.643884+00:00,28776.48,final,2016-01-01,2016-12-31,1,2026-09-15T16:27:19.643884+00:00
HOUSEHOLD_INCOME_TOTAL_NUTS2,pl92:nuts2,2017,2026-09-15T16:27:19.643884+00:00,29989.61,final,2017-01-01,2017-12-31,1,2026-09-15T16:27:19.643884+00:00
HOUSEHOLD_INCOME_TOTAL_NUTS2,pl92:nuts2,2018,2026-09-15T16:27:19.643884+00:00,30945.77,final,2018-01-01,2018-12-31,1,2026-09-15T16:27:19.643884+00:00
HOUSEHOLD_INCOME_TOTAL_NUTS2,pl92:nuts2,2019,2026-09-15T16:27:19.643884+00:00,32382.64,final,2019-01-01,2019-12-31,1,2026-09-15T16:27:19.643884+00:00
HOUSEHOLD_INCOME_TOTAL_NUTS2,pl92:nuts2,2020,2026-09-15T16:27:19.643884+00:00,34125.2,final,2020-01-01,2020-12-31,1,2026-09-15T16:27:19.643884+00:00
HOUSEHOLD_INCOME_TOTAL_NUTS2,pl92:nuts2,2021,2026-09-15T16:27:19.643884+00:00,33153.8,final,2021-01-01,2021-12-31,1,2026-09-15T16:27:19.643884+00:00
HOUSEHOLD_INCOME_TOTAL_NUTS2,pl92:nuts2,2022,2026-09-15T16:27:19.643884+00:00,37448.65,final,2022-01-01,2022-12-31,1,2026-09-15T16:27:19.643884+00:00
HOUSEHOLD_INCOME_TOTAL_NUTS2,pl92:nuts2,2023,2026-09-15T16:27:19.643884+00:00,40405.24,final,2023-01-01,2023-12-31,1,2026-09-15T16:27:19.643884+00:00
HOUSEHOLD_INCOME_TOTAL_NUTS2,pt11:nuts2,2013,2026-09-15T16:27:19.643884+00:00,39625.4,final,2013-01-01,2013-12-31,1,2026-09-15T16:27:19.643884+00:00
HOUSEHOLD_INCOME_TOTAL_NUTS2,pt11:nuts2,2014,2026-09-15T16:27:19.643884+00:00,39395.13,final,2014-01-01,2014-12-31,1,2026-09-15T16:27:19.643884+00:00
HOUSEHOLD_INCOME_TOTAL_NUTS2,pt11:nuts2,2015,2026-09-15T16:27:19.643884+00:00,41094.6,final,2015-01-01,2015-12-31,1,2026-09-15T16:27:19.643884+00:00
HOUSEHOLD_INCOME_TOTAL_NUTS2,pt11:nuts2,2016,2026-09-15T16:27:19.643884+00:00,42050.77,final,2016-01-01,2016-12-31,1,2026-09-15T16:27:19.643884+00:00
HOUSEHOLD_INCOME_TOTAL_NUTS2,pt11:nuts2,2017,2026-09-15T16:27:19.643884+00:00,42209.48,final,2017-01-01,2017-12-31,1,2026-09-15T16:27:19.643884+00:00
HOUSEHOLD_INCOME_TOTAL_NUTS2,pt11:nuts2,2018,2026-09-15T16:27:19.643884+00:00,44587.47,final,2018-01-01,2018-12-31,1,2026-09-15T16:27:19.643884+00:00
HOUSEHOLD_INCOME_TOTAL_NUTS2,pt11:nuts2,2019,2026-09-15T16:27:19.643884+00:00,46561.92,final,2019-01-01,2019-12-31,1,2026-09-15T16:27:19.643884+00:00
HOUSEHOLD_INCOME_TOTAL_NUTS2,pt11:nuts2,2020,2026-09-15T16:27:19.643884+00:00,44766.76,final,2020-01-01,2020-12-31,1,2026-09-15T16:27:19.643884+00:00
HOUSEHOLD_INCOME_TOTAL_NUTS2,pt11:nuts2,2021,2026-09-15T16:27:19.643884+00:00,48033.89,final,2021-01-01,2021-12-31,1,2026-09-15T16:27:19.643884+00:00
HOUSEHOLD_INCOME_TOTAL_NUTS2,pt11:nuts2,2022,2026-09-15T16:27:19.643884+00:00,52909.39,final,2022-01-01,2022-12-31,1,2026-09-15T16:27:19.643884+00:00
HOUSEHOLD_INCOME_TOTAL_NUTS2,pt11:nuts2,2023,2026-09-15T16:27:19.643884+00:00,58561.98,final,2023-01-01,2023-12-31,1,2026-09-15T16:27:19.643884+00:00
HOUSEHOLD_INCOME_TOTAL_NUTS2,pt15:nuts2,2013,2026-09-15T16:27:19.643884+00:00,5977.23,final,2013-01-01,2013-12-31,1,2026-09-15T16:27:19.643884+00:00
HOUSEHOLD_INCOME_TOTAL_NUTS2,pt15:nuts2,2014,2026-09-15T16:27:19.643884+00:00,6120.59,final,2014-01-01,2014-12-31,1,2026-09-15T16:27:19.643884+00:00
HOUSEHOLD_INCOME_TOTAL_NUTS2,pt15:nuts2,2015,2026-09-15T16:27:19.643884+00:00,6365.04,final,2015-01-01,2015-12-31,1,2026-09-15T16:27:19.643884+00:00
HOUSEHOLD_INCOME_TOTAL_NUTS2,pt15:nuts2,2016,2026-09-15T16:27:19.643884+00:00,6687.35,final,2016-01-01,2016-12-31,1,2026-09-15T16:27:19.643884+00:00
HOUSEHOLD_INCOME_TOTAL_NUTS2,pt15:nuts2,2017,2026-09-15T16:27:19.643884+00:00,6979.26,final,2017-01-01,2017-12-31,1,2026-09-15T16:27:19.643884+00:00
HOUSEHOLD_INCOME_TOTAL_NUTS2,pt15:nuts2,2018,2026-09-15T16:27:19.643884+00:00,7435.33,final,2018-01-01,2018-12-31,1,2026-09-15T16:27:19.643884+00:00
HOUSEHOLD_INCOME_TOTAL_NUTS2,pt15:nuts2,2019,2026-09-15T16:27:19.643884+00:00,7903.31,final,2019-01-01,2019-12-31,1,2026-09-15T16:27:19.643884+00:00
HOUSEHOLD_INCOME_TOTAL_NUTS2,pt15:nuts2,2020,2026-09-15T16:27:19.643884+00:00,7365.95,final,2020-01-01,2020-12-31,1,2026-09-15T16:27:19.643884+00:00
HOUSEHOLD_INCOME_TOTAL_NUTS2,pt15:nuts2,2021,2026-09-15T16:27:19.643884+00:00,8112.69,final,2021-01-01,2021-12-31,1,2026-09-15T16:27:19.643884+00:00
HOUSEHOLD_INCOME_TOTAL_NUTS2,pt15:nuts2,2022,2026-09-15T16:27:19.643884+00:00,9262.8,final,2022-01-01,2022-12-31,1,2026-09-15T16:27:19.643884+00:00
HOUSEHOLD_INCOME_TOTAL_NUTS2,pt15:nuts2,2023,2026-09-15T16:27:19.643884+00:00,10376.22,final,2023-01-01,2023-12-31,1,2026-09-15T16:27:19.643884+00:00
HOUSEHOLD_INCOME_TOTAL_NUTS2,pt19:nuts2,2013,2026-09-15T16:27:19.643884+00:00,19898.7,final,2013-01-01,2013-12-31,1,2026-09-15T16:27:19.643884+00:00
HOUSEHOLD_INCOME_TOTAL_NUTS2,pt19:nuts2,2014,2026-09-15T16:27:19.643884+00:00,19443.8,final,2014-01-01,2014-12-31,1,2026-09-15T16:27:19.643884+00:00
HOUSEHOLD_INCOME_TOTAL_NUTS2,pt19:nuts2,2015,2026-09-15T16:27:19.643884+00:00,20471.76,final,2015-01-01,2015-12-31,1,2026-09-15T16:27:19.643884+00:00
HOUSEHOLD_INCOME_TOTAL_NUTS2,pt19:nuts2,2016,2026-09-15T16:27:19.643884+00:00,20924.43,final,2016-01-01,2016-12-31,1,2026-09-15T16:27:19.643884+00:00
HOUSEHOLD_INCOME_TOTAL_NUTS2,pt19:nuts2,2017,2026-09-15T16:27:19.643884+00:00,20983.83,final,2017-01-01,2017-12-31,1,2026-09-15T16:27:19.643884+00:00
HOUSEHOLD_INCOME_TOTAL_NUTS2,pt19:nuts2,2018,2026-09-15T16:27:19.643884+00:00,21833.8,final,2018-01-01,2018-12-31,1,2026-09-15T16:27:19.643884+00:00
HOUSEHOLD_INCOME_TOTAL_NUTS2,pt19:nuts2,2019,2026-09-15T16:27:19.643884+00:00,22804.57,final,2019-01-01,2019-12-31,1,2026-09-15T16:27:19.643884+00:00
HOUSEHOLD_INCOME_TOTAL_NUTS2,pt19:nuts2,2020,2026-09-15T16:27:19.643884+00:00,21827.59,final,2020-01-01,2020-12-31,1,2026-09-15T16:27:19.643884+00:00
HOUSEHOLD_INCOME_TOTAL_NUTS2,pt19:nuts2,2021,2026-09-15T16:27:19.643884+00:00,23563.2,final,2021-01-01,2021-12-31,1,2026-09-15T16:27:19.643884+00:00
HOUSEHOLD_INCOME_TOTAL_NUTS2,pt19:nuts2,2022,2026-09-15T16:27:19.643884+00:00,25613.91,final,2022-01-01,2022-12-31,1,2026-09-15T16:27:19.643884+00:00
HOUSEHOLD_INCOME_TOTAL_NUTS2,pt19:nuts2,2023,2026-09-15T16:27:19.643884+00:00,28261.58,final,2023-01-01,2023-12-31,1,2026-09-15T16:27:19.643884+00:00
HOUSEHOLD_INCOME_TOTAL_NUTS2,pt1a:nuts2,2013,2026-09-15T16:27:19.643884+00:00,32424.86,final,2013-01-01,2013-12-31,1,2026-09-15T16:27:19.643884+00:00
HOUSEHOLD_INCOME_TOTAL_NUTS2,pt1a:nuts2,2014,2026-09-15T16:27:19.643884+00:00,31439.49,final,2014-01-01,2014-12-31,1,2026-09-15T16:27:19.643884+00:00
HOUSEHOLD_INCOME_TOTAL_NUTS2,pt1a:nuts2,2015,2026-09-15T16:27:19.643884+00:00,31946.76,final,2015-01-01,2015-12-31,1,2026-09-15T16:27:19.643884+00:00
HOUSEHOLD_INCOME_TOTAL_NUTS2,pt1a:nuts2,2016,2026-09-15T16:27:19.643884+00:00,32382.17,final,2016-01-01,2016-12-31,1,2026-09-15T16:27:19.643884+00:00
HOUSEHOLD_INCOME_TOTAL_NUTS2,pt1a:nuts2,2017,2026-09-15T16:27:19.643884+00:00,32534.89,final,2017-01-01,2017-12-31,1,2026-09-15T16:27:19.643884+00:00
HOUSEHOLD_INCOME_TOTAL_NUTS2,pt1a:nuts2,2018,2026-09-15T16:27:19.643884+00:00,34303.8,final,2018-01-01,2018-12-31,1,2026-09-15T16:27:19.643884+00:00
HOUSEHOLD_INCOME_TOTAL_NUTS2,pt1a:nuts2,2019,2026-09-15T16:27:19.643884+00:00,36115.43,final,2019-01-01,2019-12-31,1,2026-09-15T16:27:19.643884+00:00
HOUSEHOLD_INCOME_TOTAL_NUTS2,pt1a:nuts2,2020,2026-09-15T16:27:19.643884+00:00,34627.29,final,2020-01-01,2020-12-31,1,2026-09-15T16:27:19.643884+00:00
HOUSEHOLD_INCOME_TOTAL_NUTS2,pt1a:nuts2,2021,2026-09-15T16:27:19.643884+00:00,36929.07,final,2021-01-01,2021-12-31,1,2026-09-15T16:27:19.643884+00:00
HOUSEHOLD_INCOME_TOTAL_NUTS2,pt1a:nuts2,2022,2026-09-15T16:27:19.643884+00:00,40698.57,final,2022-01-01,2022-12-31,1,2026-09-15T16:27:19.643884+00:00
HOUSEHOLD_INCOME_TOTAL_NUTS2,pt1a:nuts2,2023,2026-09-15T16:27:19.643884+00:00,45528.56,final,2023-01-01,2023-12-31,1,2026-09-15T16:27:19.643884+00:00
HOUSEHOLD_INCOME_TOTAL_NUTS2,pt1b:nuts2,2013,2026-09-15T16:27:19.643884+00:00,9740.72,final,2013-01-01,2013-12-31,1,2026-09-15T16:27:19.643884+00:00
HOUSEHOLD_INCOME_TOTAL_NUTS2,pt1b:nuts2,2014,2026-09-15T16:27:19.643884+00:00,9488.08,final,2014-01-01,2014-12-31,1,2026-09-15T16:27:19.643884+00:00
HOUSEHOLD_INCOME_TOTAL_NUTS2,pt1b:nuts2,2015,2026-09-15T16:27:19.643884+00:00,9739.97,final,2015-01-01,2015-12-31,1,2026-09-15T16:27:19.643884+00:00
HOUSEHOLD_INCOME_TOTAL_NUTS2,pt1b:nuts2,2016,2026-09-15T16:27:19.643884+00:00,9979.87,final,2016-01-01,2016-12-31,1,2026-09-15T16:27:19.643884+00:00
HOUSEHOLD_INCOME_TOTAL_NUTS2,pt1b:nuts2,2017,2026-09-15T16:27:19.643884+00:00,10193.07,final,2017-01-01,2017-12-31,1,2026-09-15T16:27:19.643884+00:00
HOUSEHOLD_INCOME_TOTAL_NUTS2,pt1b:nuts2,2018,2026-09-15T16:27:19.643884+00:00,10866.67,final,2018-01-01,2018-12-31,1,2026-09-15T16:27:19.643884+00:00
HOUSEHOLD_INCOME_TOTAL_NUTS2,pt1b:nuts2,2019,2026-09-15T16:27:19.643884+00:00,11443.06,final,2019-01-01,2019-12-31,1,2026-09-15T16:27:19.643884+00:00
HOUSEHOLD_INCOME_TOTAL_NUTS2,pt1b:nuts2,2020,2026-09-15T16:27:19.643884+00:00,10915.05,final,2020-01-01,2020-12-31,1,2026-09-15T16:27:19.643884+00:00
HOUSEHOLD_INCOME_TOTAL_NUTS2,pt1b:nuts2,2021,2026-09-15T16:27:19.643884+00:00,11934.93,final,2021-01-01,2021-12-31,1,2026-09-15T16:27:19.643884+00:00
HOUSEHOLD_INCOME_TOTAL_NUTS2,pt1b:nuts2,2022,2026-09-15T16:27:19.643884+00:00,13022.87,final,2022-01-01,2022-12-31,1,2026-09-15T16:27:19.643884+00:00
HOUSEHOLD_INCOME_TOTAL_NUTS2,pt1b:nuts2,2023,2026-09-15T16:27:19.643884+00:00,14489.02,final,2023-01-01,2023-12-31,1,2026-09-15T16:27:19.643884+00:00
HOUSEHOLD_INCOME_TOTAL_NUTS2,pt1c:nuts2,2013,2026-09-15T16:27:19.643884+00:00,6057.66,final,2013-01-01,2013-12-31,1,2026-09-15T16:27:19.643884+00:00
HOUSEHOLD_INCOME_TOTAL_NUTS2,pt1c:nuts2,2014,2026-09-15T16:27:19.643884+00:00,5975.01,final,2014-01-01,2014-12-31,1,2026-09-15T16:27:19.643884+00:00
HOUSEHOLD_INCOME_TOTAL_NUTS2,pt1c:nuts2,2015,2026-09-15T16:27:19.643884+00:00,6166.48,final,2015-01-01,2015-12-31,1,2026-09-15T16:27:19.643884+00:00
HOUSEHOLD_INCOME_TOTAL_NUTS2,pt1c:nuts2,2016,2026-09-15T16:27:19.643884+00:00,6312.24,final,2016-01-01,2016-12-31,1,2026-09-15T16:27:19.643884+00:00
HOUSEHOLD_INCOME_TOTAL_NUTS2,pt1c:nuts2,2017,2026-09-15T16:27:19.643884+00:00,6233.52,final,2017-01-01,2017-12-31,1,2026-09-15T16:27:19.643884+00:00
HOUSEHOLD_INCOME_TOTAL_NUTS2,pt1c:nuts2,2018,2026-09-15T16:27:19.643884+00:00,6568.38,final,2018-01-01,2018-12-31,1,2026-09-15T16:27:19.643884+00:00
HOUSEHOLD_INCOME_TOTAL_NUTS2,pt1c:nuts2,2019,2026-09-15T16:27:19.643884+00:00,6868.91,final,2019-01-01,2019-12-31,1,2026-09-15T16:27:19.643884+00:00
HOUSEHOLD_INCOME_TOTAL_NUTS2,pt1c:nuts2,2020,2026-09-15T16:27:19.643884+00:00,6580.24,final,2020-01-01,2020-12-31,1,2026-09-15T16:27:19.643884+00:00
HOUSEHOLD_INCOME_TOTAL_NUTS2,pt1c:nuts2,2021,2026-09-15T16:27:19.643884+00:00,7061.91,final,2021-01-01,2021-12-31,1,2026-09-15T16:27:19.643884+00:00
HOUSEHOLD_INCOME_TOTAL_NUTS2,pt1c:nuts2,2022,2026-09-15T16:27:19.643884+00:00,7689.13,final,2022-01-01,2022-12-31,1,2026-09-15T16:27:19.643884+00:00
HOUSEHOLD_INCOME_TOTAL_NUTS2,pt1c:nuts2,2023,2026-09-15T16:27:19.643884+00:00,8698.14,final,2023-01-01,2023-12-31,1,2026-09-15T16:27:19.643884+00:00
HOUSEHOLD_INCOME_TOTAL_NUTS2,pt1d:nuts2,2013,2026-09-15T16:27:19.643884+00:00,9830.54,final,2013-01-01,2013-12-31,1,2026-09-15T16:27:19.643884+00:00
HOUSEHOLD_INCOME_TOTAL_NUTS2,pt1d:nuts2,2014,2026-09-15T16:27:19.643884+00:00,9719.14,final,2014-01-01,2014-12-31,1,2026-09-15T16:27:19.643884+00:00
HOUSEHOLD_INCOME_TOTAL_NUTS2,pt1d:nuts2,2015,2026-09-15T16:27:19.643884+00:00,10177.32,final,2015-01-01,2015-12-31,1,2026-09-15T16:27:19.643884+00:00
HOUSEHOLD_INCOME_TOTAL_NUTS2,pt1d:nuts2,2016,2026-09-15T16:27:19.643884+00:00,10408.97,final,2016-01-01,2016-12-31,1,2026-09-15T16:27:19.643884+00:00
HOUSEHOLD_INCOME_TOTAL_NUTS2,pt1d:nuts2,2017,2026-09-15T16:27:19.643884+00:00,10344.92,final,2017-01-01,2017-12-31,1,2026-09-15T16:27:19.643884+00:00
HOUSEHOLD_INCOME_TOTAL_NUTS2,pt1d:nuts2,2018,2026-09-15T16:27:19.643884+00:00,10745.19,final,2018-01-01,2018-12-31,1,2026-09-15T16:27:19.643884+00:00
HOUSEHOLD_INCOME_TOTAL_NUTS2,pt1d:nuts2,2019,2026-09-15T16:27:19.643884+00:00,11327.8,final,2019-01-01,2019-12-31,1,2026-09-15T16:27:19.643884+00:00
HOUSEHOLD_INCOME_TOTAL_NUTS2,pt1d:nuts2,2020,2026-09-15T16:27:19.643884+00:00,10863.64,final,2020-01-01,2020-12-31,1,2026-09-15T16:27:19.643884+00:00
HOUSEHOLD_INCOME_TOTAL_NUTS2,pt1d:nuts2,2021,2026-09-15T16:27:19.643884+00:00,11724.68,final,2021-01-01,2021-12-31,1,2026-09-15T16:27:19.643884+00:00
HOUSEHOLD_INCOME_TOTAL_NUTS2,pt1d:nuts2,2022,2026-09-15T16:27:19.643884+00:00,12707.72,final,2022-01-01,2022-12-31,1,2026-09-15T16:27:19.643884+00:00
HOUSEHOLD_INCOME_TOTAL_NUTS2,pt1d:nuts2,2023,2026-09-15T16:27:19.643884+00:00,14158.7,final,2023-01-01,2023-12-31,1,2026-09-15T16:27:19.643884+00:00
HOUSEHOLD_INCOME_TOTAL_NUTS2,pt20:nuts2,2013,2026-09-15T16:27:19.643884+00:00,3112.82,final,2013-01-01,2013-12-31,1,2026-09-15T16:27:19.643884+00:00
HOUSEHOLD_INCOME_TOTAL_NUTS2,pt20:nuts2,2014,2026-09-15T16:27:19.643884+00:00,3061.84,final,2014-01-01,2014-12-31,1,2026-09-15T16:27:19.643884+00:00
HOUSEHOLD_INCOME_TOTAL_NUTS2,pt20:nuts2,2015,2026-09-15T16:27:19.643884+00:00,3183.68,final,2015-01-01,2015-12-31,1,2026-09-15T16:27:19.643884+00:00
HOUSEHOLD_INCOME_TOTAL_NUTS2,pt20:nuts2,2016,2026-09-15T16:27:19.643884+00:00,3185.52,final,2016-01-01,2016-12-31,1,2026-09-15T16:27:19.643884+00:00
HOUSEHOLD_INCOME_TOTAL_NUTS2,pt20:nuts2,2017,2026-09-15T16:27:19.643884+00:00,3165.12,final,2017-01-01,2017-12-31,1,2026-09-15T16:27:19.643884+00:00
HOUSEHOLD_INCOME_TOTAL_NUTS2,pt20:nuts2,2018,2026-09-15T16:27:19.643884+00:00,3309.89,final,2018-01-01,2018-12-31,1,2026-09-15T16:27:19.643884+00:00
HOUSEHOLD_INCOME_TOTAL_NUTS2,pt20:nuts2,2019,2026-09-15T16:27:19.643884+00:00,3482.09,final,2019-01-01,2019-12-31,1,2026-09-15T16:27:19.643884+00:00
HOUSEHOLD_INCOME_TOTAL_NUTS2,pt20:nuts2,2020,2026-09-15T16:27:19.643884+00:00,3319.17,final,2020-01-01,2020-12-31,1,2026-09-15T16:27:19.643884+00:00
HOUSEHOLD_INCOME_TOTAL_NUTS2,pt20:nuts2,2021,2026-09-15T16:27:19.643884+00:00,3532.54,final,2021-01-01,2021-12-31,1,2026-09-15T16:27:19.643884+00:00
HOUSEHOLD_INCOME_TOTAL_NUTS2,pt20:nuts2,2022,2026-09-15T16:27:19.643884+00:00,3852.76,final,2022-01-01,2022-12-31,1,2026-09-15T16:27:19.643884+00:00
HOUSEHOLD_INCOME_TOTAL_NUTS2,pt20:nuts2,2023,2026-09-15T16:27:19.643884+00:00,4288.4,final,2023-01-01,2023-12-31,1,2026-09-15T16:27:19.643884+00:00
HOUSEHOLD_INCOME_TOTAL_NUTS2,pt30:nuts2,2013,2026-09-15T16:27:19.643884+00:00,3185.4,final,2013-01-01,2013-12-31,1,2026-09-15T16:27:19.643884+00:00
HOUSEHOLD_INCOME_TOTAL_NUTS2,pt30:nuts2,2014,2026-09-15T16:27:19.643884+00:00,3091.18,final,2014-01-01,2014-12-31,1,2026-09-15T16:27:19.643884+00:00
HOUSEHOLD_INCOME_TOTAL_NUTS2,pt30:nuts2,2015,2026-09-15T16:27:19.643884+00:00,3151.63,final,2015-01-01,2015-12-31,1,2026-09-15T16:27:19.643884+00:00
HOUSEHOLD_INCOME_TOTAL_NUTS2,pt30:nuts2,2016,2026-09-15T16:27:19.643884+00:00,3336.85,final,2016-01-01,2016-12-31,1,2026-09-15T16:27:19.643884+00:00
HOUSEHOLD_INCOME_TOTAL_NUTS2,pt30:nuts2,2017,2026-09-15T16:27:19.643884+00:00,3352.76,final,2017-01-01,2017-12-31,1,2026-09-15T16:27:19.643884+00:00
HOUSEHOLD_INCOME_TOTAL_NUTS2,pt30:nuts2,2018,2026-09-15T16:27:19.643884+00:00,3512.44,final,2018-01-01,2018-12-31,1,2026-09-15T16:27:19.643884+00:00
HOUSEHOLD_INCOME_TOTAL_NUTS2,pt30:nuts2,2019,2026-09-15T16:27:19.643884+00:00,3638.47,final,2019-01-01,2019-12-31,1,2026-09-15T16:27:19.643884+00:00
HOUSEHOLD_INCOME_TOTAL_NUTS2,pt30:nuts2,2020,2026-09-15T16:27:19.643884+00:00,3414.6,final,2020-01-01,2020-12-31,1,2026-09-15T16:27:19.643884+00:00
HOUSEHOLD_INCOME_TOTAL_NUTS2,pt30:nuts2,2021,2026-09-15T16:27:19.643884+00:00,3641.91,final,2021-01-01,2021-12-31,1,2026-09-15T16:27:19.643884+00:00
HOUSEHOLD_INCOME_TOTAL_NUTS2,pt30:nuts2,2022,2026-09-15T16:27:19.643884+00:00,4095.85,final,2022-01-01,2022-12-31,1,2026-09-15T16:27:19.643884+00:00
HOUSEHOLD_INCOME_TOTAL_NUTS2,pt30:nuts2,2023,2026-09-15T16:27:19.643884+00:00,4649.33,final,2023-01-01,2023-12-31,1,2026-09-15T16:27:19.643884+00:00
HOUSEHOLD_INCOME_TOTAL_NUTS2,ro11:nuts2,2013,2026-09-15T16:27:19.643884+00:00,17325.13,final,2013-01-01,2013-12-31,1,2026-09-15T16:27:19.643884+00:00
HOUSEHOLD_INCOME_TOTAL_NUTS2,ro11:nuts2,2014,2026-09-15T16:27:19.643884+00:00,18067.16,final,2014-01-01,2014-12-31,1,2026-09-15T16:27:19.643884+00:00
HOUSEHOLD_INCOME_TOTAL_NUTS2,ro11:nuts2,2015,2026-09-15T16:27:19.643884+00:00,19169.6,final,2015-01-01,2015-12-31,1,2026-09-15T16:27:19.643884+00:00
HOUSEHOLD_INCOME_TOTAL_NUTS2,ro11:nuts2,2016,2026-09-15T16:27:19.643884+00:00,21741.43,final,2016-01-01,2016-12-31,1,2026-09-15T16:27:19.643884+00:00
HOUSEHOLD_INCOME_TOTAL_NUTS2,ro11:nuts2,2017,2026-09-15T16:27:19.643884+00:00,24440.74,final,2017-01-01,2017-12-31,1,2026-09-15T16:27:19.643884+00:00
HOUSEHOLD_INCOME_TOTAL_NUTS2,ro11:nuts2,2018,2026-09-15T16:27:19.643884+00:00,25893.22,final,2018-01-01,2018-12-31,1,2026-09-15T16:27:19.643884+00:00
HOUSEHOLD_INCOME_TOTAL_NUTS2,ro11:nuts2,2019,2026-09-15T16:27:19.643884+00:00,29821.31,final,2019-01-01,2019-12-31,1,2026-09-15T16:27:19.643884+00:00
HOUSEHOLD_INCOME_TOTAL_NUTS2,ro11:nuts2,2020,2026-09-15T16:27:19.643884+00:00,30547.37,final,2020-01-01,2020-12-31,1,2026-09-15T16:27:19.643884+00:00
HOUSEHOLD_INCOME_TOTAL_NUTS2,ro11:nuts2,2021,2026-09-15T16:27:19.643884+00:00,32126.57,final,2021-01-01,2021-12-31,1,2026-09-15T16:27:19.643884+00:00
HOUSEHOLD_INCOME_TOTAL_NUTS2,ro11:nuts2,2022,2026-09-15T16:27:19.643884+00:00,33979.92,final,2022-01-01,2022-12-31,1,2026-09-15T16:27:19.643884+00:00
HOUSEHOLD_INCOME_TOTAL_NUTS2,ro11:nuts2,2023,2026-09-15T16:27:19.643884+00:00,37494.04,final,2023-01-01,2023-12-31,1,2026-09-15T16:27:19.643884+00:00
HOUSEHOLD_INCOME_TOTAL_NUTS2,ro12:nuts2,2013,2026-09-15T16:27:19.643884+00:00,16501.61,final,2013-01-01,2013-12-31,1,2026-09-15T16:27:19.643884+00:00
HOUSEHOLD_INCOME_TOTAL_NUTS2,ro12:nuts2,2014,2026-09-15T16:27:19.643884+00:00,16795.62,final,2014-01-01,2014-12-31,1,2026-09-15T16:27:19.643884+00:00
HOUSEHOLD_INCOME_TOTAL_NUTS2,ro12:nuts2,2015,2026-09-15T16:27:19.643884+00:00,17815.88,final,2015-01-01,2015-12-31,1,2026-09-15T16:27:19.643884+00:00
HOUSEHOLD_INCOME_TOTAL_NUTS2,ro12:nuts2,2016,2026-09-15T16:27:19.643884+00:00,20037.73,final,2016-01-01,2016-12-31,1,2026-09-15T16:27:19.643884+00:00
HOUSEHOLD_INCOME_TOTAL_NUTS2,ro12:nuts2,2017,2026-09-15T16:27:19.643884+00:00,21985.55,final,2017-01-01,2017-12-31,1,2026-09-15T16:27:19.643884+00:00
HOUSEHOLD_INCOME_TOTAL_NUTS2,ro12:nuts2,2018,2026-09-15T16:27:19.643884+00:00,23364.13,final,2018-01-01,2018-12-31,1,2026-09-15T16:27:19.643884+00:00
HOUSEHOLD_INCOME_TOTAL_NUTS2,ro12:nuts2,2019,2026-09-15T16:27:19.643884+00:00,26623.1,final,2019-01-01,2019-12-31,1,2026-09-15T16:27:19.643884+00:00
HOUSEHOLD_INCOME_TOTAL_NUTS2,ro12:nuts2,2020,2026-09-15T16:27:19.643884+00:00,27434.06,final,2020-01-01,2020-12-31,1,2026-09-15T16:27:19.643884+00:00
HOUSEHOLD_INCOME_TOTAL_NUTS2,ro12:nuts2,2021,2026-09-15T16:27:19.643884+00:00,28730.76,final,2021-01-01,2021-12-31,1,2026-09-15T16:27:19.643884+00:00
HOUSEHOLD_INCOME_TOTAL_NUTS2,ro12:nuts2,2022,2026-09-15T16:27:19.643884+00:00,30241.09,final,2022-01-01,2022-12-31,1,2026-09-15T16:27:19.643884+00:00
HOUSEHOLD_INCOME_TOTAL_NUTS2,ro12:nuts2,2023,2026-09-15T16:27:19.643884+00:00,34040.7,final,2023-01-01,2023-12-31,1,2026-09-15T16:27:19.643884+00:00
HOUSEHOLD_INCOME_TOTAL_NUTS2,ro21:nuts2,2013,2026-09-15T16:27:19.643884+00:00,17494.2,final,2013-01-01,2013-12-31,1,2026-09-15T16:27:19.643884+00:00
HOUSEHOLD_INCOME_TOTAL_NUTS2,ro21:nuts2,2014,2026-09-15T16:27:19.643884+00:00,17698.11,final,2014-01-01,2014-12-31,1,2026-09-15T16:27:19.643884+00:00
HOUSEHOLD_INCOME_TOTAL_NUTS2,ro21:nuts2,2015,2026-09-15T16:27:19.643884+00:00,18500.66,final,2015-01-01,2015-12-31,1,2026-09-15T16:27:19.643884+00:00
HOUSEHOLD_INCOME_TOTAL_NUTS2,ro21:nuts2,2016,2026-09-15T16:27:19.643884+00:00,20650.92,final,2016-01-01,2016-12-31,1,2026-09-15T16:27:19.643884+00:00
HOUSEHOLD_INCOME_TOTAL_NUTS2,ro21:nuts2,2017,2026-09-15T16:27:19.643884+00:00,23033.72,final,2017-01-01,2017-12-31,1,2026-09-15T16:27:19.643884+00:00
HOUSEHOLD_INCOME_TOTAL_NUTS2,ro21:nuts2,2018,2026-09-15T16:27:19.643884+00:00,24465.74,final,2018-01-01,2018-12-31,1,2026-09-15T16:27:19.643884+00:00
HOUSEHOLD_INCOME_TOTAL_NUTS2,ro21:nuts2,2019,2026-09-15T16:27:19.643884+00:00,28943.1,final,2019-01-01,2019-12-31,1,2026-09-15T16:27:19.643884+00:00
HOUSEHOLD_INCOME_TOTAL_NUTS2,ro21:nuts2,2020,2026-09-15T16:27:19.643884+00:00,30032.17,final,2020-01-01,2020-12-31,1,2026-09-15T16:27:19.643884+00:00
HOUSEHOLD_INCOME_TOTAL_NUTS2,ro21:nuts2,2021,2026-09-15T16:27:19.643884+00:00,32007.73,final,2021-01-01,2021-12-31,1,2026-09-15T16:27:19.643884+00:00
HOUSEHOLD_INCOME_TOTAL_NUTS2,ro21:nuts2,2022,2026-09-15T16:27:19.643884+00:00,33004.58,final,2022-01-01,2022-12-31,1,2026-09-15T16:27:19.643884+00:00
HOUSEHOLD_INCOME_TOTAL_NUTS2,ro21:nuts2,2023,2026-09-15T16:27:19.643884+00:00,37501.89,final,2023-01-01,2023-12-31,1,2026-09-15T16:27:19.643884+00:00
HOUSEHOLD_INCOME_TOTAL_NUTS2,ro22:nuts2,2013,2026-09-15T16:27:19.643884+00:00,16329.68,final,2013-01-01,2013-12-31,1,2026-09-15T16:27:19.643884+00:00
HOUSEHOLD_INCOME_TOTAL_NUTS2,ro22:nuts2,2014,2026-09-15T16:27:19.643884+00:00,16150.45,final,2014-01-01,2014-12-31,1,2026-09-15T16:27:19.643884+00:00
HOUSEHOLD_INCOME_TOTAL_NUTS2,ro22:nuts2,2015,2026-09-15T16:27:19.643884+00:00,16761.75,final,2015-01-01,2015-12-31,1,2026-09-15T16:27:19.643884+00:00
HOUSEHOLD_INCOME_TOTAL_NUTS2,ro22:nuts2,2016,2026-09-15T16:27:19.643884+00:00,18088.02,final,2016-01-01,2016-12-31,1,2026-09-15T16:27:19.643884+00:00
HOUSEHOLD_INCOME_TOTAL_NUTS2,ro22:nuts2,2017,2026-09-15T16:27:19.643884+00:00,20213.65,final,2017-01-01,2017-12-31,1,2026-09-15T16:27:19.643884+00:00
HOUSEHOLD_INCOME_TOTAL_NUTS2,ro22:nuts2,2018,2026-09-15T16:27:19.643884+00:00,21431.64,final,2018-01-01,2018-12-31,1,2026-09-15T16:27:19.643884+00:00
HOUSEHOLD_INCOME_TOTAL_NUTS2,ro22:nuts2,2019,2026-09-15T16:27:19.643884+00:00,24413.86,final,2019-01-01,2019-12-31,1,2026-09-15T16:27:19.643884+00:00
HOUSEHOLD_INCOME_TOTAL_NUTS2,ro22:nuts2,2020,2026-09-15T16:27:19.643884+00:00,23764.68,final,2020-01-01,2020-12-31,1,2026-09-15T16:27:19.643884+00:00
HOUSEHOLD_INCOME_TOTAL_NUTS2,ro22:nuts2,2021,2026-09-15T16:27:19.643884+00:00,25932.24,final,2021-01-01,2021-12-31,1,2026-09-15T16:27:19.643884+00:00
HOUSEHOLD_INCOME_TOTAL_NUTS2,ro22:nuts2,2022,2026-09-15T16:27:19.643884+00:00,26227.01,final,2022-01-01,2022-12-31,1,2026-09-15T16:27:19.643884+00:00
HOUSEHOLD_INCOME_TOTAL_NUTS2,ro22:nuts2,2023,2026-09-15T16:27:19.643884+00:00,29383.22,final,2023-01-01,2023-12-31,1,2026-09-15T16:27:19.643884+00:00
HOUSEHOLD_INCOME_TOTAL_NUTS2,ro31:nuts2,2013,2026-09-15T16:27:19.643884+00:00,18786.64,final,2013-01-01,2013-12-31,1,2026-09-15T16:27:19.643884+00:00
HOUSEHOLD_INCOME_TOTAL_NUTS2,ro31:nuts2,2014,2026-09-15T16:27:19.643884+00:00,18682.24,final,2014-01-01,2014-12-31,1,2026-09-15T16:27:19.643884+00:00
HOUSEHOLD_INCOME_TOTAL_NUTS2,ro31:nuts2,2015,2026-09-15T16:27:19.643884+00:00,19810.34,final,2015-01-01,2015-12-31,1,2026-09-15T16:27:19.643884+00:00
HOUSEHOLD_INCOME_TOTAL_NUTS2,ro31:nuts2,2016,2026-09-15T16:27:19.643884+00:00,21412.14,final,2016-01-01,2016-12-31,1,2026-09-15T16:27:19.643884+00:00
HOUSEHOLD_INCOME_TOTAL_NUTS2,ro31:nuts2,2017,2026-09-15T16:27:19.643884+00:00,23813.99,final,2017-01-01,2017-12-31,1,2026-09-15T16:27:19.643884+00:00
HOUSEHOLD_INCOME_TOTAL_NUTS2,ro31:nuts2,2018,2026-09-15T16:27:19.643884+00:00,24984.15,final,2018-01-01,2018-12-31,1,2026-09-15T16:27:19.643884+00:00
HOUSEHOLD_INCOME_TOTAL_NUTS2,ro31:nuts2,2019,2026-09-15T16:27:19.643884+00:00,28626.1,final,2019-01-01,2019-12-31,1,2026-09-15T16:27:19.643884+00:00
HOUSEHOLD_INCOME_TOTAL_NUTS2,ro31:nuts2,2020,2026-09-15T16:27:19.643884+00:00,28678.13,final,2020-01-01,2020-12-31,1,2026-09-15T16:27:19.643884+00:00
HOUSEHOLD_INCOME_TOTAL_NUTS2,ro31:nuts2,2021,2026-09-15T16:27:19.643884+00:00,30109.6,final,2021-01-01,2021-12-31,1,2026-09-15T16:27:19.643884+00:00
HOUSEHOLD_INCOME_TOTAL_NUTS2,ro31:nuts2,2022,2026-09-15T16:27:19.643884+00:00,31437.87,final,2022-01-01,2022-12-31,1,2026-09-15T16:27:19.643884+00:00
HOUSEHOLD_INCOME_TOTAL_NUTS2,ro31:nuts2,2023,2026-09-15T16:27:19.643884+00:00,34147.86,final,2023-01-01,2023-12-31,1,2026-09-15T16:27:19.643884+00:00
HOUSEHOLD_INCOME_TOTAL_NUTS2,ro32:nuts2,2013,2026-09-15T16:27:19.643884+00:00,27800.75,final,2013-01-01,2013-12-31,1,2026-09-15T16:27:19.643884+00:00
HOUSEHOLD_INCOME_TOTAL_NUTS2,ro32:nuts2,2014,2026-09-15T16:27:19.643884+00:00,28363.05,final,2014-01-01,2014-12-31,1,2026-09-15T16:27:19.643884+00:00
HOUSEHOLD_INCOME_TOTAL_NUTS2,ro32:nuts2,2015,2026-09-15T16:27:19.643884+00:00,31630.77,final,2015-01-01,2015-12-31,1,2026-09-15T16:27:19.643884+00:00
HOUSEHOLD_INCOME_TOTAL_NUTS2,ro32:nuts2,2016,2026-09-15T16:27:19.643884+00:00,36391.08,final,2016-01-01,2016-12-31,1,2026-09-15T16:27:19.643884+00:00
HOUSEHOLD_INCOME_TOTAL_NUTS2,ro32:nuts2,2017,2026-09-15T16:27:19.643884+00:00,41063.01,final,2017-01-01,2017-12-31,1,2026-09-15T16:27:19.643884+00:00
HOUSEHOLD_INCOME_TOTAL_NUTS2,ro32:nuts2,2018,2026-09-15T16:27:19.643884+00:00,42163.2,final,2018-01-01,2018-12-31,1,2026-09-15T16:27:19.643884+00:00
HOUSEHOLD_INCOME_TOTAL_NUTS2,ro32:nuts2,2019,2026-09-15T16:27:19.643884+00:00,49230.0,final,2019-01-01,2019-12-31,1,2026-09-15T16:27:19.643884+00:00
HOUSEHOLD_INCOME_TOTAL_NUTS2,ro32:nuts2,2020,2026-09-15T16:27:19.643884+00:00,49969.14,final,2020-01-01,2020-12-31,1,2026-09-15T16:27:19.643884+00:00
HOUSEHOLD_INCOME_TOTAL_NUTS2,ro32:nuts2,2021,2026-09-15T16:27:19.643884+00:00,52839.16,final,2021-01-01,2021-12-31,1,2026-09-15T16:27:19.643884+00:00
HOUSEHOLD_INCOME_TOTAL_NUTS2,ro32:nuts2,2022,2026-09-15T16:27:19.643884+00:00,57472.17,final,2022-01-01,2022-12-31,1,2026-09-15T16:27:19.643884+00:00
HOUSEHOLD_INCOME_TOTAL_NUTS2,ro32:nuts2,2023,2026-09-15T16:27:19.643884+00:00,65541.55,final,2023-01-01,2023-12-31,1,2026-09-15T16:27:19.643884+00:00
HOUSEHOLD_INCOME_TOTAL_NUTS2,ro41:nuts2,2013,2026-09-15T16:27:19.643884+00:00,12088.42,final,2013-01-01,2013-12-31,1,2026-09-15T16:27:19.643884+00:00
HOUSEHOLD_INCOME_TOTAL_NUTS2,ro41:nuts2,2014,2026-09-15T16:27:19.643884+00:00,12024.22,final,2014-01-01,2014-12-31,1,2026-09-15T16:27:19.643884+00:00
HOUSEHOLD_INCOME_TOTAL_NUTS2,ro41:nuts2,2015,2026-09-15T16:27:19.643884+00:00,12374.14,final,2015-01-01,2015-12-31,1,2026-09-15T16:27:19.643884+00:00
HOUSEHOLD_INCOME_TOTAL_NUTS2,ro41:nuts2,2016,2026-09-15T16:27:19.643884+00:00,13577.12,final,2016-01-01,2016-12-31,1,2026-09-15T16:27:19.643884+00:00
HOUSEHOLD_INCOME_TOTAL_NUTS2,ro41:nuts2,2017,2026-09-15T16:27:19.643884+00:00,15390.27,final,2017-01-01,2017-12-31,1,2026-09-15T16:27:19.643884+00:00
HOUSEHOLD_INCOME_TOTAL_NUTS2,ro41:nuts2,2018,2026-09-15T16:27:19.643884+00:00,16384.7,final,2018-01-01,2018-12-31,1,2026-09-15T16:27:19.643884+00:00
HOUSEHOLD_INCOME_TOTAL_NUTS2,ro41:nuts2,2019,2026-09-15T16:27:19.643884+00:00,19243.61,final,2019-01-01,2019-12-31,1,2026-09-15T16:27:19.643884+00:00
HOUSEHOLD_INCOME_TOTAL_NUTS2,ro41:nuts2,2020,2026-09-15T16:27:19.643884+00:00,19426.46,final,2020-01-01,2020-12-31,1,2026-09-15T16:27:19.643884+00:00
HOUSEHOLD_INCOME_TOTAL_NUTS2,ro41:nuts2,2021,2026-09-15T16:27:19.643884+00:00,19750.47,final,2021-01-01,2021-12-31,1,2026-09-15T16:27:19.643884+00:00
HOUSEHOLD_INCOME_TOTAL_NUTS2,ro41:nuts2,2022,2026-09-15T16:27:19.643884+00:00,20112.15,final,2022-01-01,2022-12-31,1,2026-09-15T16:27:19.643884+00:00
HOUSEHOLD_INCOME_TOTAL_NUTS2,ro41:nuts2,2023,2026-09-15T16:27:19.643884+00:00,22639.93,final,2023-01-01,2023-12-31,1,2026-09-15T16:27:19.643884+00:00
HOUSEHOLD_INCOME_TOTAL_NUTS2,ro42:nuts2,2013,2026-09-15T16:27:19.643884+00:00,15220.38,final,2013-01-01,2013-12-31,1,2026-09-15T16:27:19.643884+00:00
HOUSEHOLD_INCOME_TOTAL_NUTS2,ro42:nuts2,2014,2026-09-15T16:27:19.643884+00:00,15147.94,final,2014-01-01,2014-12-31,1,2026-09-15T16:27:19.643884+00:00
HOUSEHOLD_INCOME_TOTAL_NUTS2,ro42:nuts2,2015,2026-09-15T16:27:19.643884+00:00,16177.69,final,2015-01-01,2015-12-31,1,2026-09-15T16:27:19.643884+00:00
HOUSEHOLD_INCOME_TOTAL_NUTS2,ro42:nuts2,2016,2026-09-15T16:27:19.643884+00:00,17999.02,final,2016-01-01,2016-12-31,1,2026-09-15T16:27:19.643884+00:00
HOUSEHOLD_INCOME_TOTAL_NUTS2,ro42:nuts2,2017,2026-09-15T16:27:19.643884+00:00,19184.23,final,2017-01-01,2017-12-31,1,2026-09-15T16:27:19.643884+00:00
HOUSEHOLD_INCOME_TOTAL_NUTS2,ro42:nuts2,2018,2026-09-15T16:27:19.643884+00:00,19970.82,final,2018-01-01,2018-12-31,1,2026-09-15T16:27:19.643884+00:00
HOUSEHOLD_INCOME_TOTAL_NUTS2,ro42:nuts2,2019,2026-09-15T16:27:19.643884+00:00,22995.51,final,2019-01-01,2019-12-31,1,2026-09-15T16:27:19.643884+00:00
HOUSEHOLD_INCOME_TOTAL_NUTS2,ro42:nuts2,2020,2026-09-15T16:27:19.643884+00:00,22543.76,final,2020-01-01,2020-12-31,1,2026-09-15T16:27:19.643884+00:00
HOUSEHOLD_INCOME_TOTAL_NUTS2,ro42:nuts2,2021,2026-09-15T16:27:19.643884+00:00,23608.38,final,2021-01-01,2021-12-31,1,2026-09-15T16:27:19.643884+00:00
HOUSEHOLD_INCOME_TOTAL_NUTS2,ro42:nuts2,2022,2026-09-15T16:27:19.643884+00:00,24442.0,final,2022-01-01,2022-12-31,1,2026-09-15T16:27:19.643884+00:00
HOUSEHOLD_INCOME_TOTAL_NUTS2,ro42:nuts2,2023,2026-09-15T16:27:19.643884+00:00,26814.8,final,2023-01-01,2023-12-31,1,2026-09-15T16:27:19.643884+00:00
HOUSEHOLD_INCOME_TOTAL_NUTS2,se11:nuts2,2013,2026-09-15T16:27:19.643884+00:00,41167.42,final,2013-01-01,2013-12-31,1,2026-09-15T16:27:19.643884+00:00
HOUSEHOLD_INCOME_TOTAL_NUTS2,se11:nuts2,2014,2026-09-15T16:27:19.643884+00:00,41733.42,final,2014-01-01,2014-12-31,1,2026-09-15T16:27:19.643884+00:00
HOUSEHOLD_INCOME_TOTAL_NUTS2,se11:nuts2,2015,2026-09-15T16:27:19.643884+00:00,42754.28,final,2015-01-01,2015-12-31,1,2026-09-15T16:27:19.643884+00:00
HOUSEHOLD_INCOME_TOTAL_NUTS2,se11:nuts2,2016,2026-09-15T16:27:19.643884+00:00,43424.42,final,2016-01-01,2016-12-31,1,2026-09-15T16:27:19.643884+00:00
HOUSEHOLD_INCOME_TOTAL_NUTS2,se11:nuts2,2017,2026-09-15T16:27:19.643884+00:00,44203.7,final,2017-01-01,2017-12-31,1,2026-09-15T16:27:19.643884+00:00
HOUSEHOLD_INCOME_TOTAL_NUTS2,se11:nuts2,2018,2026-09-15T16:27:19.643884+00:00,45750.15,final,2018-01-01,2018-12-31,1,2026-09-15T16:27:19.643884+00:00
HOUSEHOLD_INCOME_TOTAL_NUTS2,se11:nuts2,2019,2026-09-15T16:27:19.643884+00:00,48316.31,final,2019-01-01,2019-12-31,1,2026-09-15T16:27:19.643884+00:00
HOUSEHOLD_INCOME_TOTAL_NUTS2,se11:nuts2,2020,2026-09-15T16:27:19.643884+00:00,48639.56,final,2020-01-01,2020-12-31,1,2026-09-15T16:27:19.643884+00:00
HOUSEHOLD_INCOME_TOTAL_NUTS2,se11:nuts2,2021,2026-09-15T16:27:19.643884+00:00,51981.45,final,2021-01-01,2021-12-31,1,2026-09-15T16:27:19.643884+00:00
HOUSEHOLD_INCOME_TOTAL_NUTS2,se11:nuts2,2022,2026-09-15T16:27:19.643884+00:00,57198.58,final,2022-01-01,2022-12-31,1,2026-09-15T16:27:19.643884+00:00
HOUSEHOLD_INCOME_TOTAL_NUTS2,se11:nuts2,2023,2026-09-15T16:27:19.643884+00:00,59636.05,final,2023-01-01,2023-12-31,1,2026-09-15T16:27:19.643884+00:00
HOUSEHOLD_INCOME_TOTAL_NUTS2,se12:nuts2,2013,2026-09-15T16:27:19.643884+00:00,25492.51,final,2013-01-01,2013-12-31,1,2026-09-15T16:27:19.643884+00:00
HOUSEHOLD_INCOME_TOTAL_NUTS2,se12:nuts2,2014,2026-09-15T16:27:19.643884+00:00,26032.15,final,2014-01-01,2014-12-31,1,2026-09-15T16:27:19.643884+00:00
HOUSEHOLD_INCOME_TOTAL_NUTS2,se12:nuts2,2015,2026-09-15T16:27:19.643884+00:00,26577.99,final,2015-01-01,2015-12-31,1,2026-09-15T16:27:19.643884+00:00
HOUSEHOLD_INCOME_TOTAL_NUTS2,se12:nuts2,2016,2026-09-15T16:27:19.643884+00:00,26632.15,final,2016-01-01,2016-12-31,1,2026-09-15T16:27:19.643884+00:00
HOUSEHOLD_INCOME_TOTAL_NUTS2,se12:nuts2,2017,2026-09-15T16:27:19.643884+00:00,27199.85,final,2017-01-01,2017-12-31,1,2026-09-15T16:27:19.643884+00:00
HOUSEHOLD_INCOME_TOTAL_NUTS2,se12:nuts2,2018,2026-09-15T16:27:19.643884+00:00,27992.75,final,2018-01-01,2018-12-31,1,2026-09-15T16:27:19.643884+00:00
HOUSEHOLD_INCOME_TOTAL_NUTS2,se12:nuts2,2019,2026-09-15T16:27:19.643884+00:00,28673.75,final,2019-01-01,2019-12-31,1,2026-09-15T16:27:19.643884+00:00
HOUSEHOLD_INCOME_TOTAL_NUTS2,se12:nuts2,2020,2026-09-15T16:27:19.643884+00:00,28595.4,final,2020-01-01,2020-12-31,1,2026-09-15T16:27:19.643884+00:00
HOUSEHOLD_INCOME_TOTAL_NUTS2,se12:nuts2,2021,2026-09-15T16:27:19.643884+00:00,30443.27,final,2021-01-01,2021-12-31,1,2026-09-15T16:27:19.643884+00:00
HOUSEHOLD_INCOME_TOTAL_NUTS2,se12:nuts2,2022,2026-09-15T16:27:19.643884+00:00,32947.56,final,2022-01-01,2022-12-31,1,2026-09-15T16:27:19.643884+00:00
HOUSEHOLD_INCOME_TOTAL_NUTS2,se12:nuts2,2023,2026-09-15T16:27:19.643884+00:00,34194.8,final,2023-01-01,2023-12-31,1,2026-09-15T16:27:19.643884+00:00
HOUSEHOLD_INCOME_TOTAL_NUTS2,se21:nuts2,2013,2026-09-15T16:27:19.643884+00:00,12900.9,final,2013-01-01,2013-12-31,1,2026-09-15T16:27:19.643884+00:00
HOUSEHOLD_INCOME_TOTAL_NUTS2,se21:nuts2,2014,2026-09-15T16:27:19.643884+00:00,13151.84,final,2014-01-01,2014-12-31,1,2026-09-15T16:27:19.643884+00:00
HOUSEHOLD_INCOME_TOTAL_NUTS2,se21:nuts2,2015,2026-09-15T16:27:19.643884+00:00,13359.08,final,2015-01-01,2015-12-31,1,2026-09-15T16:27:19.643884+00:00
HOUSEHOLD_INCOME_TOTAL_NUTS2,se21:nuts2,2016,2026-09-15T16:27:19.643884+00:00,13459.5,final,2016-01-01,2016-12-31,1,2026-09-15T16:27:19.643884+00:00
HOUSEHOLD_INCOME_TOTAL_NUTS2,se21:nuts2,2017,2026-09-15T16:27:19.643884+00:00,13816.92,final,2017-01-01,2017-12-31,1,2026-09-15T16:27:19.643884+00:00
HOUSEHOLD_INCOME_TOTAL_NUTS2,se21:nuts2,2018,2026-09-15T16:27:19.643884+00:00,14099.05,final,2018-01-01,2018-12-31,1,2026-09-15T16:27:19.643884+00:00
HOUSEHOLD_INCOME_TOTAL_NUTS2,se21:nuts2,2019,2026-09-15T16:27:19.643884+00:00,14241.17,final,2019-01-01,2019-12-31,1,2026-09-15T16:27:19.643884+00:00
HOUSEHOLD_INCOME_TOTAL_NUTS2,se21:nuts2,2020,2026-09-15T16:27:19.643884+00:00,14013.49,final,2020-01-01,2020-12-31,1,2026-09-15T16:27:19.643884+00:00
HOUSEHOLD_INCOME_TOTAL_NUTS2,se21:nuts2,2021,2026-09-15T16:27:19.643884+00:00,15072.68,final,2021-01-01,2021-12-31,1,2026-09-15T16:27:19.643884+00:00
HOUSEHOLD_INCOME_TOTAL_NUTS2,se21:nuts2,2022,2026-09-15T16:27:19.643884+00:00,16295.21,final,2022-01-01,2022-12-31,1,2026-09-15T16:27:19.643884+00:00
HOUSEHOLD_INCOME_TOTAL_NUTS2,se21:nuts2,2023,2026-09-15T16:27:19.643884+00:00,16929.27,final,2023-01-01,2023-12-31,1,2026-09-15T16:27:19.643884+00:00
HOUSEHOLD_INCOME_TOTAL_NUTS2,se22:nuts2,2013,2026-09-15T16:27:19.643884+00:00,23274.23,final,2013-01-01,2013-12-31,1,2026-09-15T16:27:19.643884+00:00
HOUSEHOLD_INCOME_TOTAL_NUTS2,se22:nuts2,2014,2026-09-15T16:27:19.643884+00:00,23679.2,final,2014-01-01,2014-12-31,1,2026-09-15T16:27:19.643884+00:00
HOUSEHOLD_INCOME_TOTAL_NUTS2,se22:nuts2,2015,2026-09-15T16:27:19.643884+00:00,24155.19,final,2015-01-01,2015-12-31,1,2026-09-15T16:27:19.643884+00:00
HOUSEHOLD_INCOME_TOTAL_NUTS2,se22:nuts2,2016,2026-09-15T16:27:19.643884+00:00,24209.06,final,2016-01-01,2016-12-31,1,2026-09-15T16:27:19.643884+00:00
HOUSEHOLD_INCOME_TOTAL_NUTS2,se22:nuts2,2017,2026-09-15T16:27:19.643884+00:00,24731.83,final,2017-01-01,2017-12-31,1,2026-09-15T16:27:19.643884+00:00
HOUSEHOLD_INCOME_TOTAL_NUTS2,se22:nuts2,2018,2026-09-15T16:27:19.643884+00:00,25357.6,final,2018-01-01,2018-12-31,1,2026-09-15T16:27:19.643884+00:00
HOUSEHOLD_INCOME_TOTAL_NUTS2,se22:nuts2,2019,2026-09-15T16:27:19.643884+00:00,26050.78,final,2019-01-01,2019-12-31,1,2026-09-15T16:27:19.643884+00:00
HOUSEHOLD_INCOME_TOTAL_NUTS2,se22:nuts2,2020,2026-09-15T16:27:19.643884+00:00,26043.2,final,2020-01-01,2020-12-31,1,2026-09-15T16:27:19.643884+00:00
HOUSEHOLD_INCOME_TOTAL_NUTS2,se22:nuts2,2021,2026-09-15T16:27:19.643884+00:00,27803.81,final,2021-01-01,2021-12-31,1,2026-09-15T16:27:19.643884+00:00
HOUSEHOLD_INCOME_TOTAL_NUTS2,se22:nuts2,2022,2026-09-15T16:27:19.643884+00:00,30234.85,final,2022-01-01,2022-12-31,1,2026-09-15T16:27:19.643884+00:00
HOUSEHOLD_INCOME_TOTAL_NUTS2,se22:nuts2,2023,2026-09-15T16:27:19.643884+00:00,31414.48,final,2023-01-01,2023-12-31,1,2026-09-15T16:27:19.643884+00:00
HOUSEHOLD_INCOME_TOTAL_NUTS2,se23:nuts2,2013,2026-09-15T16:27:19.643884+00:00,31939.47,final,2013-01-01,2013-12-31,1,2026-09-15T16:27:19.643884+00:00
HOUSEHOLD_INCOME_TOTAL_NUTS2,se23:nuts2,2014,2026-09-15T16:27:19.643884+00:00,32705.85,final,2014-01-01,2014-12-31,1,2026-09-15T16:27:19.643884+00:00
HOUSEHOLD_INCOME_TOTAL_NUTS2,se23:nuts2,2015,2026-09-15T16:27:19.643884+00:00,33226.44,final,2015-01-01,2015-12-31,1,2026-09-15T16:27:19.643884+00:00
HOUSEHOLD_INCOME_TOTAL_NUTS2,se23:nuts2,2016,2026-09-15T16:27:19.643884+00:00,33626.89,final,2016-01-01,2016-12-31,1,2026-09-15T16:27:19.643884+00:00
HOUSEHOLD_INCOME_TOTAL_NUTS2,se23:nuts2,2017,2026-09-15T16:27:19.643884+00:00,34318.95,final,2017-01-01,2017-12-31,1,2026-09-15T16:27:19.643884+00:00
HOUSEHOLD_INCOME_TOTAL_NUTS2,se23:nuts2,2018,2026-09-15T16:27:19.643884+00:00,35283.01,final,2018-01-01,2018-12-31,1,2026-09-15T16:27:19.643884+00:00
HOUSEHOLD_INCOME_TOTAL_NUTS2,se23:nuts2,2019,2026-09-15T16:27:19.643884+00:00,36199.33,final,2019-01-01,2019-12-31,1,2026-09-15T16:27:19.643884+00:00
HOUSEHOLD_INCOME_TOTAL_NUTS2,se23:nuts2,2020,2026-09-15T16:27:19.643884+00:00,35901.86,final,2020-01-01,2020-12-31,1,2026-09-15T16:27:19.643884+00:00
HOUSEHOLD_INCOME_TOTAL_NUTS2,se23:nuts2,2021,2026-09-15T16:27:19.643884+00:00,38413.64,final,2021-01-01,2021-12-31,1,2026-09-15T16:27:19.643884+00:00
HOUSEHOLD_INCOME_TOTAL_NUTS2,se23:nuts2,2022,2026-09-15T16:27:19.643884+00:00,41671.71,final,2022-01-01,2022-12-31,1,2026-09-15T16:27:19.643884+00:00
HOUSEHOLD_INCOME_TOTAL_NUTS2,se23:nuts2,2023,2026-09-15T16:27:19.643884+00:00,43507.3,final,2023-01-01,2023-12-31,1,2026-09-15T16:27:19.643884+00:00
HOUSEHOLD_INCOME_TOTAL_NUTS2,se31:nuts2,2013,2026-09-15T16:27:19.643884+00:00,12913.21,final,2013-01-01,2013-12-31,1,2026-09-15T16:27:19.643884+00:00
HOUSEHOLD_INCOME_TOTAL_NUTS2,se31:nuts2,2014,2026-09-15T16:27:19.643884+00:00,13148.02,final,2014-01-01,2014-12-31,1,2026-09-15T16:27:19.643884+00:00
HOUSEHOLD_INCOME_TOTAL_NUTS2,se31:nuts2,2015,2026-09-15T16:27:19.643884+00:00,13307.95,final,2015-01-01,2015-12-31,1,2026-09-15T16:27:19.643884+00:00
HOUSEHOLD_INCOME_TOTAL_NUTS2,se31:nuts2,2016,2026-09-15T16:27:19.643884+00:00,13231.01,final,2016-01-01,2016-12-31,1,2026-09-15T16:27:19.643884+00:00
HOUSEHOLD_INCOME_TOTAL_NUTS2,se31:nuts2,2017,2026-09-15T16:27:19.643884+00:00,13538.19,final,2017-01-01,2017-12-31,1,2026-09-15T16:27:19.643884+00:00
HOUSEHOLD_INCOME_TOTAL_NUTS2,se31:nuts2,2018,2026-09-15T16:27:19.643884+00:00,13815.61,final,2018-01-01,2018-12-31,1,2026-09-15T16:27:19.643884+00:00
HOUSEHOLD_INCOME_TOTAL_NUTS2,se31:nuts2,2019,2026-09-15T16:27:19.643884+00:00,13951.82,final,2019-01-01,2019-12-31,1,2026-09-15T16:27:19.643884+00:00
HOUSEHOLD_INCOME_TOTAL_NUTS2,se31:nuts2,2020,2026-09-15T16:27:19.643884+00:00,13791.17,final,2020-01-01,2020-12-31,1,2026-09-15T16:27:19.643884+00:00
HOUSEHOLD_INCOME_TOTAL_NUTS2,se31:nuts2,2021,2026-09-15T16:27:19.643884+00:00,14721.01,final,2021-01-01,2021-12-31,1,2026-09-15T16:27:19.643884+00:00
HOUSEHOLD_INCOME_TOTAL_NUTS2,se31:nuts2,2022,2026-09-15T16:27:19.643884+00:00,15753.97,final,2022-01-01,2022-12-31,1,2026-09-15T16:27:19.643884+00:00
HOUSEHOLD_INCOME_TOTAL_NUTS2,se31:nuts2,2023,2026-09-15T16:27:19.643884+00:00,16295.79,final,2023-01-01,2023-12-31,1,2026-09-15T16:27:19.643884+00:00
HOUSEHOLD_INCOME_TOTAL_NUTS2,se32:nuts2,2013,2026-09-15T16:27:19.643884+00:00,5764.61,final,2013-01-01,2013-12-31,1,2026-09-15T16:27:19.643884+00:00
HOUSEHOLD_INCOME_TOTAL_NUTS2,se32:nuts2,2014,2026-09-15T16:27:19.643884+00:00,5891.93,final,2014-01-01,2014-12-31,1,2026-09-15T16:27:19.643884+00:00
HOUSEHOLD_INCOME_TOTAL_NUTS2,se32:nuts2,2015,2026-09-15T16:27:19.643884+00:00,5957.87,final,2015-01-01,2015-12-31,1,2026-09-15T16:27:19.643884+00:00
HOUSEHOLD_INCOME_TOTAL_NUTS2,se32:nuts2,2016,2026-09-15T16:27:19.643884+00:00,5895.69,final,2016-01-01,2016-12-31,1,2026-09-15T16:27:19.643884+00:00
HOUSEHOLD_INCOME_TOTAL_NUTS2,se32:nuts2,2017,2026-09-15T16:27:19.643884+00:00,5988.74,final,2017-01-01,2017-12-31,1,2026-09-15T16:27:19.643884+00:00
HOUSEHOLD_INCOME_TOTAL_NUTS2,se32:nuts2,2018,2026-09-15T16:27:19.643884+00:00,6100.85,final,2018-01-01,2018-12-31,1,2026-09-15T16:27:19.643884+00:00
HOUSEHOLD_INCOME_TOTAL_NUTS2,se32:nuts2,2019,2026-09-15T16:27:19.643884+00:00,6148.71,final,2019-01-01,2019-12-31,1,2026-09-15T16:27:19.643884+00:00
HOUSEHOLD_INCOME_TOTAL_NUTS2,se32:nuts2,2020,2026-09-15T16:27:19.643884+00:00,6112.64,final,2020-01-01,2020-12-31,1,2026-09-15T16:27:19.643884+00:00
HOUSEHOLD_INCOME_TOTAL_NUTS2,se32:nuts2,2021,2026-09-15T16:27:19.643884+00:00,6503.42,final,2021-01-01,2021-12-31,1,2026-09-15T16:27:19.643884+00:00
HOUSEHOLD_INCOME_TOTAL_NUTS2,se32:nuts2,2022,2026-09-15T16:27:19.643884+00:00,6910.74,final,2022-01-01,2022-12-31,1,2026-09-15T16:27:19.643884+00:00
HOUSEHOLD_INCOME_TOTAL_NUTS2,se32:nuts2,2023,2026-09-15T16:27:19.643884+00:00,7206.82,final,2023-01-01,2023-12-31,1,2026-09-15T16:27:19.643884+00:00
HOUSEHOLD_INCOME_TOTAL_NUTS2,se33:nuts2,2013,2026-09-15T16:27:19.643884+00:00,8087.56,final,2013-01-01,2013-12-31,1,2026-09-15T16:27:19.643884+00:00
HOUSEHOLD_INCOME_TOTAL_NUTS2,se33:nuts2,2014,2026-09-15T16:27:19.643884+00:00,8243.26,final,2014-01-01,2014-12-31,1,2026-09-15T16:27:19.643884+00:00
HOUSEHOLD_INCOME_TOTAL_NUTS2,se33:nuts2,2015,2026-09-15T16:27:19.643884+00:00,8303.6,final,2015-01-01,2015-12-31,1,2026-09-15T16:27:19.643884+00:00
HOUSEHOLD_INCOME_TOTAL_NUTS2,se33:nuts2,2016,2026-09-15T16:27:19.643884+00:00,8221.47,final,2016-01-01,2016-12-31,1,2026-09-15T16:27:19.643884+00:00
HOUSEHOLD_INCOME_TOTAL_NUTS2,se33:nuts2,2017,2026-09-15T16:27:19.643884+00:00,8357.73,final,2017-01-01,2017-12-31,1,2026-09-15T16:27:19.643884+00:00
HOUSEHOLD_INCOME_TOTAL_NUTS2,se33:nuts2,2018,2026-09-15T16:27:19.643884+00:00,8528.15,final,2018-01-01,2018-12-31,1,2026-09-15T16:27:19.643884+00:00
HOUSEHOLD_INCOME_TOTAL_NUTS2,se33:nuts2,2019,2026-09-15T16:27:19.643884+00:00,8654.96,final,2019-01-01,2019-12-31,1,2026-09-15T16:27:19.643884+00:00
HOUSEHOLD_INCOME_TOTAL_NUTS2,se33:nuts2,2020,2026-09-15T16:27:19.643884+00:00,8700.37,final,2020-01-01,2020-12-31,1,2026-09-15T16:27:19.643884+00:00
HOUSEHOLD_INCOME_TOTAL_NUTS2,se33:nuts2,2021,2026-09-15T16:27:19.643884+00:00,9308.3,final,2021-01-01,2021-12-31,1,2026-09-15T16:27:19.643884+00:00
HOUSEHOLD_INCOME_TOTAL_NUTS2,se33:nuts2,2022,2026-09-15T16:27:19.643884+00:00,9896.34,final,2022-01-01,2022-12-31,1,2026-09-15T16:27:19.643884+00:00
HOUSEHOLD_INCOME_TOTAL_NUTS2,se33:nuts2,2023,2026-09-15T16:27:19.643884+00:00,10404.04,final,2023-01-01,2023-12-31,1,2026-09-15T16:27:19.643884+00:00
HOUSEHOLD_INCOME_TOTAL_NUTS2,si03:nuts2,2013,2026-09-15T16:27:19.643884+00:00,12263.08,final,2013-01-01,2013-12-31,1,2026-09-15T16:27:19.643884+00:00
HOUSEHOLD_INCOME_TOTAL_NUTS2,si03:nuts2,2014,2026-09-15T16:27:19.643884+00:00,12360.36,final,2014-01-01,2014-12-31,1,2026-09-15T16:27:19.643884+00:00
HOUSEHOLD_INCOME_TOTAL_NUTS2,si03:nuts2,2015,2026-09-15T16:27:19.643884+00:00,12657.1,final,2015-01-01,2015-12-31,1,2026-09-15T16:27:19.643884+00:00
HOUSEHOLD_INCOME_TOTAL_NUTS2,si03:nuts2,2016,2026-09-15T16:27:19.643884+00:00,13056.75,final,2016-01-01,2016-12-31,1,2026-09-15T16:27:19.643884+00:00
HOUSEHOLD_INCOME_TOTAL_NUTS2,si03:nuts2,2017,2026-09-15T16:27:19.643884+00:00,13728.67,final,2017-01-01,2017-12-31,1,2026-09-15T16:27:19.643884+00:00
HOUSEHOLD_INCOME_TOTAL_NUTS2,si03:nuts2,2018,2026-09-15T16:27:19.643884+00:00,14615.29,final,2018-01-01,2018-12-31,1,2026-09-15T16:27:19.643884+00:00
HOUSEHOLD_INCOME_TOTAL_NUTS2,si03:nuts2,2019,2026-09-15T16:27:19.643884+00:00,15624.94,final,2019-01-01,2019-12-31,1,2026-09-15T16:27:19.643884+00:00
HOUSEHOLD_INCOME_TOTAL_NUTS2,si03:nuts2,2020,2026-09-15T16:27:19.643884+00:00,16362.83,final,2020-01-01,2020-12-31,1,2026-09-15T16:27:19.643884+00:00
HOUSEHOLD_INCOME_TOTAL_NUTS2,si03:nuts2,2021,2026-09-15T16:27:19.643884+00:00,17418.17,final,2021-01-01,2021-12-31,1,2026-09-15T16:27:19.643884+00:00
HOUSEHOLD_INCOME_TOTAL_NUTS2,si03:nuts2,2022,2026-09-15T16:27:19.643884+00:00,18914.91,final,2022-01-01,2022-12-31,1,2026-09-15T16:27:19.643884+00:00
HOUSEHOLD_INCOME_TOTAL_NUTS2,si03:nuts2,2023,2026-09-15T16:27:19.643884+00:00,20078.26,final,2023-01-01,2023-12-31,1,2026-09-15T16:27:19.643884+00:00
HOUSEHOLD_INCOME_TOTAL_NUTS2,si03:nuts2,2024,2026-09-15T16:27:19.643884+00:00,20825.37,final,2024-01-01,2024-12-31,1,2026-09-15T16:27:19.643884+00:00
HOUSEHOLD_INCOME_TOTAL_NUTS2,si04:nuts2,2013,2026-09-15T16:27:19.643884+00:00,11571.79,final,2013-01-01,2013-12-31,1,2026-09-15T16:27:19.643884+00:00
HOUSEHOLD_INCOME_TOTAL_NUTS2,si04:nuts2,2014,2026-09-15T16:27:19.643884+00:00,11544.8,final,2014-01-01,2014-12-31,1,2026-09-15T16:27:19.643884+00:00
HOUSEHOLD_INCOME_TOTAL_NUTS2,si04:nuts2,2015,2026-09-15T16:27:19.643884+00:00,11737.4,final,2015-01-01,2015-12-31,1,2026-09-15T16:27:19.643884+00:00
HOUSEHOLD_INCOME_TOTAL_NUTS2,si04:nuts2,2016,2026-09-15T16:27:19.643884+00:00,12171.7,final,2016-01-01,2016-12-31,1,2026-09-15T16:27:19.643884+00:00
HOUSEHOLD_INCOME_TOTAL_NUTS2,si04:nuts2,2017,2026-09-15T16:27:19.643884+00:00,12901.99,final,2017-01-01,2017-12-31,1,2026-09-15T16:27:19.643884+00:00
HOUSEHOLD_INCOME_TOTAL_NUTS2,si04:nuts2,2018,2026-09-15T16:27:19.643884+00:00,13547.85,final,2018-01-01,2018-12-31,1,2026-09-15T16:27:19.643884+00:00
HOUSEHOLD_INCOME_TOTAL_NUTS2,si04:nuts2,2019,2026-09-15T16:27:19.643884+00:00,14599.72,final,2019-01-01,2019-12-31,1,2026-09-15T16:27:19.643884+00:00
HOUSEHOLD_INCOME_TOTAL_NUTS2,si04:nuts2,2020,2026-09-15T16:27:19.643884+00:00,15106.84,final,2020-01-01,2020-12-31,1,2026-09-15T16:27:19.643884+00:00
HOUSEHOLD_INCOME_TOTAL_NUTS2,si04:nuts2,2021,2026-09-15T16:27:19.643884+00:00,16234.19,final,2021-01-01,2021-12-31,1,2026-09-15T16:27:19.643884+00:00
HOUSEHOLD_INCOME_TOTAL_NUTS2,si04:nuts2,2022,2026-09-15T16:27:19.643884+00:00,17592.15,final,2022-01-01,2022-12-31,1,2026-09-15T16:27:19.643884+00:00
HOUSEHOLD_INCOME_TOTAL_NUTS2,si04:nuts2,2023,2026-09-15T16:27:19.643884+00:00,18807.24,final,2023-01-01,2023-12-31,1,2026-09-15T16:27:19.643884+00:00
HOUSEHOLD_INCOME_TOTAL_NUTS2,si04:nuts2,2024,2026-09-15T16:27:19.643884+00:00,19728.97,final,2024-01-01,2024-12-31,1,2026-09-15T16:27:19.643884+00:00
HOUSEHOLD_INCOME_TOTAL_NUTS2,sk01:nuts2,2013,2026-09-15T16:27:19.643884+00:00,10864.17,final,2013-01-01,2013-12-31,1,2026-09-15T16:27:19.643884+00:00
HOUSEHOLD_INCOME_TOTAL_NUTS2,sk01:nuts2,2014,2026-09-15T16:27:19.643884+00:00,11255.61,final,2014-01-01,2014-12-31,1,2026-09-15T16:27:19.643884+00:00
HOUSEHOLD_INCOME_TOTAL_NUTS2,sk01:nuts2,2015,2026-09-15T16:27:19.643884+00:00,11765.28,final,2015-01-01,2015-12-31,1,2026-09-15T16:27:19.643884+00:00
HOUSEHOLD_INCOME_TOTAL_NUTS2,sk01:nuts2,2016,2026-09-15T16:27:19.643884+00:00,11180.49,final,2016-01-01,2016-12-31,1,2026-09-15T16:27:19.643884+00:00
HOUSEHOLD_INCOME_TOTAL_NUTS2,sk01:nuts2,2017,2026-09-15T16:27:19.643884+00:00,11417.15,final,2017-01-01,2017-12-31,1,2026-09-15T16:27:19.643884+00:00
HOUSEHOLD_INCOME_TOTAL_NUTS2,sk01:nuts2,2018,2026-09-15T16:27:19.643884+00:00,11834.39,final,2018-01-01,2018-12-31,1,2026-09-15T16:27:19.643884+00:00
HOUSEHOLD_INCOME_TOTAL_NUTS2,sk01:nuts2,2019,2026-09-15T16:27:19.643884+00:00,12029.2,final,2019-01-01,2019-12-31,1,2026-09-15T16:27:19.643884+00:00
HOUSEHOLD_INCOME_TOTAL_NUTS2,sk01:nuts2,2020,2026-09-15T16:27:19.643884+00:00,13400.33,final,2020-01-01,2020-12-31,1,2026-09-15T16:27:19.643884+00:00
HOUSEHOLD_INCOME_TOTAL_NUTS2,sk01:nuts2,2021,2026-09-15T16:27:19.643884+00:00,14269.89,final,2021-01-01,2021-12-31,1,2026-09-15T16:27:19.643884+00:00
HOUSEHOLD_INCOME_TOTAL_NUTS2,sk01:nuts2,2022,2026-09-15T16:27:19.643884+00:00,14758.72,final,2022-01-01,2022-12-31,1,2026-09-15T16:27:19.643884+00:00
HOUSEHOLD_INCOME_TOTAL_NUTS2,sk01:nuts2,2023,2026-09-15T16:27:19.643884+00:00,16486.56,final,2023-01-01,2023-12-31,1,2026-09-15T16:27:19.643884+00:00
HOUSEHOLD_INCOME_TOTAL_NUTS2,sk02:nuts2,2013,2026-09-15T16:27:19.643884+00:00,18043.1,final,2013-01-01,2013-12-31,1,2026-09-15T16:27:19.643884+00:00
HOUSEHOLD_INCOME_TOTAL_NUTS2,sk02:nuts2,2014,2026-09-15T16:27:19.643884+00:00,18178.64,final,2014-01-01,2014-12-31,1,2026-09-15T16:27:19.643884+00:00
HOUSEHOLD_INCOME_TOTAL_NUTS2,sk02:nuts2,2015,2026-09-15T16:27:19.643884+00:00,19112.87,final,2015-01-01,2015-12-31,1,2026-09-15T16:27:19.643884+00:00
HOUSEHOLD_INCOME_TOTAL_NUTS2,sk02:nuts2,2016,2026-09-15T16:27:19.643884+00:00,17696.66,final,2016-01-01,2016-12-31,1,2026-09-15T16:27:19.643884+00:00
HOUSEHOLD_INCOME_TOTAL_NUTS2,sk02:nuts2,2017,2026-09-15T16:27:19.643884+00:00,17643.01,final,2017-01-01,2017-12-31,1,2026-09-15T16:27:19.643884+00:00
HOUSEHOLD_INCOME_TOTAL_NUTS2,sk02:nuts2,2018,2026-09-15T16:27:19.643884+00:00,18850.2,final,2018-01-01,2018-12-31,1,2026-09-15T16:27:19.643884+00:00
HOUSEHOLD_INCOME_TOTAL_NUTS2,sk02:nuts2,2019,2026-09-15T16:27:19.643884+00:00,19451.54,final,2019-01-01,2019-12-31,1,2026-09-15T16:27:19.643884+00:00
HOUSEHOLD_INCOME_TOTAL_NUTS2,sk02:nuts2,2020,2026-09-15T16:27:19.643884+00:00,20895.39,final,2020-01-01,2020-12-31,1,2026-09-15T16:27:19.643884+00:00
HOUSEHOLD_INCOME_TOTAL_NUTS2,sk02:nuts2,2021,2026-09-15T16:27:19.643884+00:00,21890.16,final,2021-01-01,2021-12-31,1,2026-09-15T16:27:19.643884+00:00
HOUSEHOLD_INCOME_TOTAL_NUTS2,sk02:nuts2,2022,2026-09-15T16:27:19.643884+00:00,22813.14,final,2022-01-01,2022-12-31,1,2026-09-15T16:27:19.643884+00:00
HOUSEHOLD_INCOME_TOTAL_NUTS2,sk02:nuts2,2023,2026-09-15T16:27:19.643884+00:00,25717.89,final,2023-01-01,2023-12-31,1,2026-09-15T16:27:19.643884+00:00
HOUSEHOLD_INCOME_TOTAL_NUTS2,sk03:nuts2,2013,2026-09-15T16:27:19.643884+00:00,13100.02,final,2013-01-01,2013-12-31,1,2026-09-15T16:27:19.643884+00:00
HOUSEHOLD_INCOME_TOTAL_NUTS2,sk03:nuts2,2014,2026-09-15T16:27:19.643884+00:00,13502.63,final,2014-01-01,2014-12-31,1,2026-09-15T16:27:19.643884+00:00
HOUSEHOLD_INCOME_TOTAL_NUTS2,sk03:nuts2,2015,2026-09-15T16:27:19.643884+00:00,14168.7,final,2015-01-01,2015-12-31,1,2026-09-15T16:27:19.643884+00:00
HOUSEHOLD_INCOME_TOTAL_NUTS2,sk03:nuts2,2016,2026-09-15T16:27:19.643884+00:00,13134.98,final,2016-01-01,2016-12-31,1,2026-09-15T16:27:19.643884+00:00
HOUSEHOLD_INCOME_TOTAL_NUTS2,sk03:nuts2,2017,2026-09-15T16:27:19.643884+00:00,12740.04,final,2017-01-01,2017-12-31,1,2026-09-15T16:27:19.643884+00:00
HOUSEHOLD_INCOME_TOTAL_NUTS2,sk03:nuts2,2018,2026-09-15T16:27:19.643884+00:00,14140.21,final,2018-01-01,2018-12-31,1,2026-09-15T16:27:19.643884+00:00
HOUSEHOLD_INCOME_TOTAL_NUTS2,sk03:nuts2,2019,2026-09-15T16:27:19.643884+00:00,14631.43,final,2019-01-01,2019-12-31,1,2026-09-15T16:27:19.643884+00:00
HOUSEHOLD_INCOME_TOTAL_NUTS2,sk03:nuts2,2020,2026-09-15T16:27:19.643884+00:00,15550.63,final,2020-01-01,2020-12-31,1,2026-09-15T16:27:19.643884+00:00
HOUSEHOLD_INCOME_TOTAL_NUTS2,sk03:nuts2,2021,2026-09-15T16:27:19.643884+00:00,16636.41,final,2021-01-01,2021-12-31,1,2026-09-15T16:27:19.643884+00:00
HOUSEHOLD_INCOME_TOTAL_NUTS2,sk03:nuts2,2022,2026-09-15T16:27:19.643884+00:00,17465.91,final,2022-01-01,2022-12-31,1,2026-09-15T16:27:19.643884+00:00
HOUSEHOLD_INCOME_TOTAL_NUTS2,sk03:nuts2,2023,2026-09-15T16:27:19.643884+00:00,19426.55,final,2023-01-01,2023-12-31,1,2026-09-15T16:27:19.643884+00:00
HOUSEHOLD_INCOME_TOTAL_NUTS2,sk04:nuts2,2013,2026-09-15T16:27:19.643884+00:00,14347.94,final,2013-01-01,2013-12-31,1,2026-09-15T16:27:19.643884+00:00
HOUSEHOLD_INCOME_TOTAL_NUTS2,sk04:nuts2,2014,2026-09-15T16:27:19.643884+00:00,14645.19,final,2014-01-01,2014-12-31,1,2026-09-15T16:27:19.643884+00:00
HOUSEHOLD_INCOME_TOTAL_NUTS2,sk04:nuts2,2015,2026-09-15T16:27:19.643884+00:00,15589.7,final,2015-01-01,2015-12-31,1,2026-09-15T16:27:19.643884+00:00
HOUSEHOLD_INCOME_TOTAL_NUTS2,sk04:nuts2,2016,2026-09-15T16:27:19.643884+00:00,14615.86,final,2016-01-01,2016-12-31,1,2026-09-15T16:27:19.643884+00:00
HOUSEHOLD_INCOME_TOTAL_NUTS2,sk04:nuts2,2017,2026-09-15T16:27:19.643884+00:00,14207.94,final,2017-01-01,2017-12-31,1,2026-09-15T16:27:19.643884+00:00
HOUSEHOLD_INCOME_TOTAL_NUTS2,sk04:nuts2,2018,2026-09-15T16:27:19.643884+00:00,15215.39,final,2018-01-01,2018-12-31,1,2026-09-15T16:27:19.643884+00:00
HOUSEHOLD_INCOME_TOTAL_NUTS2,sk04:nuts2,2019,2026-09-15T16:27:19.643884+00:00,15519.69,final,2019-01-01,2019-12-31,1,2026-09-15T16:27:19.643884+00:00
HOUSEHOLD_INCOME_TOTAL_NUTS2,sk04:nuts2,2020,2026-09-15T16:27:19.643884+00:00,16715.29,final,2020-01-01,2020-12-31,1,2026-09-15T16:27:19.643884+00:00
HOUSEHOLD_INCOME_TOTAL_NUTS2,sk04:nuts2,2021,2026-09-15T16:27:19.643884+00:00,17899.76,final,2021-01-01,2021-12-31,1,2026-09-15T16:27:19.643884+00:00
HOUSEHOLD_INCOME_TOTAL_NUTS2,sk04:nuts2,2022,2026-09-15T16:27:19.643884+00:00,19005.04,final,2022-01-01,2022-12-31,1,2026-09-15T16:27:19.643884+00:00
HOUSEHOLD_INCOME_TOTAL_NUTS2,sk04:nuts2,2023,2026-09-15T16:27:19.643884+00:00,21480.58,final,2023-01-01,2023-12-31,1,2026-09-15T16:27:19.643884+00:00
