indicator_id,geo_id,period,vintage,value,status,period_start,period_end,is_latest,created_at
VALUE_ADDED_GROWTH_NUTS2,al01:nuts2,2008,2026-09-15T16:28:02.595641+00:00,83.7,final,2008-01-01,2008-12-31,1,2026-09-15T16:28:02.595641+00:00
VALUE_ADDED_GROWTH_NUTS2,al01:nuts2,2009,2026-09-15T16:28:02.595641+00:00,86.9,final,2009-01-01,2009-12-31,1,2026-09-15T16:28:02.595641+00:00
VALUE_ADDED_GROWTH_NUTS2,al01:nuts2,2010,2026-09-15T16:28:02.595641+00:00,92.1,final,2010-01-01,2010-12-31,1,2026-09-15T16:28:02.595641+00:00
VALUE_ADDED_GROWTH_NUTS2,al01:nuts2,2011,2026-09-15T16:28:02.595641+00:00,92.0,final,2011-01-01,2011-12-31,1,2026-09-15T16:28:02.595641+00:00
VALUE_ADDED_GROWTH_NUTS2,al01:nuts2,2012,2026-09-15T16:28:02.595641+00:00,93.6,final,2012-01-01,2012-12-31,1,2026-09-15T16:28:02.595641+00:00
VALUE_ADDED_GROWTH_NUTS2,al01:nuts2,2013,2026-09-15T16:28:02.595641+00:00,93.8,final,2013-01-01,2013-12-31,1,2026-09-15T16:28:02.595641+00:00
VALUE_ADDED_GROWTH_NUTS2,al01:nuts2,2014,2026-09-15T16:28:02.595641+00:00,92.9,final,2014-01-01,2014-12-31,1,2026-09-15T16:28:02.595641+00:00
VALUE_ADDED_GROWTH_NUTS2,al01:nuts2,2015,2026-09-15T16:28:02.595641+00:00,97.1,final,2015-01-01,2015-12-31,1,2026-09-15T16:28:02.595641+00:00
VALUE_ADDED_GROWTH_NUTS2,al01:nuts2,2016,2026-09-15T16:28:02.595641+00:00,101.4,final,2016-01-01,2016-12-31,1,2026-09-15T16:28:02.595641+00:00
VALUE_ADDED_GROWTH_NUTS2,al01:nuts2,2017,2026-09-15T16:28:02.595641+00:00,103.4,final,2017-01-01,2017-12-31,1,2026-09-15T16:28:02.595641+00:00
VALUE_ADDED_GROWTH_NUTS2,al01:nuts2,2018,2026-09-15T16:28:02.595641+00:00,103.3,final,2018-01-01,2018-12-31,1,2026-09-15T16:28:02.595641+00:00
VALUE_ADDED_GROWTH_NUTS2,al01:nuts2,2019,2026-09-15T16:28:02.595641+00:00,105.4,final,2019-01-01,2019-12-31,1,2026-09-15T16:28:02.595641+00:00
VALUE_ADDED_GROWTH_NUTS2,al01:nuts2,2020,2026-09-15T16:28:02.595641+00:00,100.0,final,2020-01-01,2020-12-31,1,2026-09-15T16:28:02.595641+00:00
VALUE_ADDED_GROWTH_NUTS2,al01:nuts2,2021,2026-09-15T16:28:02.595641+00:00,108.6,final,2021-01-01,2021-12-31,1,2026-09-15T16:28:02.595641+00:00
VALUE_ADDED_GROWTH_NUTS2,al01:nuts2,2022,2026-09-15T16:28:02.595641+00:00,115.6,final,2022-01-01,2022-12-31,1,2026-09-15T16:28:02.595641+00:00
VALUE_ADDED_GROWTH_NUTS2,al01:nuts2,2023,2026-09-15T16:28:02.595641+00:00,120.3,final,2023-01-01,2023-12-31,1,2026-09-15T16:28:02.595641+00:00
VALUE_ADDED_GROWTH_NUTS2,al02:nuts2,2008,2026-09-15T16:28:02.595641+00:00,71.4,final,2008-01-01,2008-12-31,1,2026-09-15T16:28:02.595641+00:00
VALUE_ADDED_GROWTH_NUTS2,al02:nuts2,2009,2026-09-15T16:28:02.595641+00:00,74.2,final,2009-01-01,2009-12-31,1,2026-09-15T16:28:02.595641+00:00
VALUE_ADDED_GROWTH_NUTS2,al02:nuts2,2010,2026-09-15T16:28:02.595641+00:00,75.2,final,2010-01-01,2010-12-31,1,2026-09-15T16:28:02.595641+00:00
VALUE_ADDED_GROWTH_NUTS2,al02:nuts2,2011,2026-09-15T16:28:02.595641+00:00,75.2,final,2011-01-01,2011-12-31,1,2026-09-15T16:28:02.595641+00:00
VALUE_ADDED_GROWTH_NUTS2,al02:nuts2,2012,2026-09-15T16:28:02.595641+00:00,75.6,final,2012-01-01,2012-12-31,1,2026-09-15T16:28:02.595641+00:00
VALUE_ADDED_GROWTH_NUTS2,al02:nuts2,2013,2026-09-15T16:28:02.595641+00:00,77.4,final,2013-01-01,2013-12-31,1,2026-09-15T16:28:02.595641+00:00
VALUE_ADDED_GROWTH_NUTS2,al02:nuts2,2014,2026-09-15T16:28:02.595641+00:00,79.5,final,2014-01-01,2014-12-31,1,2026-09-15T16:28:02.595641+00:00
VALUE_ADDED_GROWTH_NUTS2,al02:nuts2,2015,2026-09-15T16:28:02.595641+00:00,83.5,final,2015-01-01,2015-12-31,1,2026-09-15T16:28:02.595641+00:00
VALUE_ADDED_GROWTH_NUTS2,al02:nuts2,2016,2026-09-15T16:28:02.595641+00:00,86.7,final,2016-01-01,2016-12-31,1,2026-09-15T16:28:02.595641+00:00
VALUE_ADDED_GROWTH_NUTS2,al02:nuts2,2017,2026-09-15T16:28:02.595641+00:00,92.6,final,2017-01-01,2017-12-31,1,2026-09-15T16:28:02.595641+00:00
VALUE_ADDED_GROWTH_NUTS2,al02:nuts2,2018,2026-09-15T16:28:02.595641+00:00,96.9,final,2018-01-01,2018-12-31,1,2026-09-15T16:28:02.595641+00:00
VALUE_ADDED_GROWTH_NUTS2,al02:nuts2,2019,2026-09-15T16:28:02.595641+00:00,99.9,final,2019-01-01,2019-12-31,1,2026-09-15T16:28:02.595641+00:00
VALUE_ADDED_GROWTH_NUTS2,al02:nuts2,2020,2026-09-15T16:28:02.595641+00:00,100.0,final,2020-01-01,2020-12-31,1,2026-09-15T16:28:02.595641+00:00
VALUE_ADDED_GROWTH_NUTS2,al02:nuts2,2021,2026-09-15T16:28:02.595641+00:00,106.8,final,2021-01-01,2021-12-31,1,2026-09-15T16:28:02.595641+00:00
VALUE_ADDED_GROWTH_NUTS2,al02:nuts2,2022,2026-09-15T16:28:02.595641+00:00,113.4,final,2022-01-01,2022-12-31,1,2026-09-15T16:28:02.595641+00:00
VALUE_ADDED_GROWTH_NUTS2,al02:nuts2,2023,2026-09-15T16:28:02.595641+00:00,119.5,final,2023-01-01,2023-12-31,1,2026-09-15T16:28:02.595641+00:00
VALUE_ADDED_GROWTH_NUTS2,al03:nuts2,2008,2026-09-15T16:28:02.595641+00:00,78.6,final,2008-01-01,2008-12-31,1,2026-09-15T16:28:02.595641+00:00
VALUE_ADDED_GROWTH_NUTS2,al03:nuts2,2009,2026-09-15T16:28:02.595641+00:00,79.4,final,2009-01-01,2009-12-31,1,2026-09-15T16:28:02.595641+00:00
VALUE_ADDED_GROWTH_NUTS2,al03:nuts2,2010,2026-09-15T16:28:02.595641+00:00,81.8,final,2010-01-01,2010-12-31,1,2026-09-15T16:28:02.595641+00:00
VALUE_ADDED_GROWTH_NUTS2,al03:nuts2,2011,2026-09-15T16:28:02.595641+00:00,91.8,final,2011-01-01,2011-12-31,1,2026-09-15T16:28:02.595641+00:00
VALUE_ADDED_GROWTH_NUTS2,al03:nuts2,2012,2026-09-15T16:28:02.595641+00:00,92.8,final,2012-01-01,2012-12-31,1,2026-09-15T16:28:02.595641+00:00
VALUE_ADDED_GROWTH_NUTS2,al03:nuts2,2013,2026-09-15T16:28:02.595641+00:00,94.8,final,2013-01-01,2013-12-31,1,2026-09-15T16:28:02.595641+00:00
VALUE_ADDED_GROWTH_NUTS2,al03:nuts2,2014,2026-09-15T16:28:02.595641+00:00,97.4,final,2014-01-01,2014-12-31,1,2026-09-15T16:28:02.595641+00:00
VALUE_ADDED_GROWTH_NUTS2,al03:nuts2,2015,2026-09-15T16:28:02.595641+00:00,94.6,final,2015-01-01,2015-12-31,1,2026-09-15T16:28:02.595641+00:00
VALUE_ADDED_GROWTH_NUTS2,al03:nuts2,2016,2026-09-15T16:28:02.595641+00:00,98.0,final,2016-01-01,2016-12-31,1,2026-09-15T16:28:02.595641+00:00
VALUE_ADDED_GROWTH_NUTS2,al03:nuts2,2017,2026-09-15T16:28:02.595641+00:00,97.3,final,2017-01-01,2017-12-31,1,2026-09-15T16:28:02.595641+00:00
VALUE_ADDED_GROWTH_NUTS2,al03:nuts2,2018,2026-09-15T16:28:02.595641+00:00,102.6,final,2018-01-01,2018-12-31,1,2026-09-15T16:28:02.595641+00:00
VALUE_ADDED_GROWTH_NUTS2,al03:nuts2,2019,2026-09-15T16:28:02.595641+00:00,104.8,final,2019-01-01,2019-12-31,1,2026-09-15T16:28:02.595641+00:00
VALUE_ADDED_GROWTH_NUTS2,al03:nuts2,2020,2026-09-15T16:28:02.595641+00:00,100.0,final,2020-01-01,2020-12-31,1,2026-09-15T16:28:02.595641+00:00
VALUE_ADDED_GROWTH_NUTS2,al03:nuts2,2021,2026-09-15T16:28:02.595641+00:00,105.7,final,2021-01-01,2021-12-31,1,2026-09-15T16:28:02.595641+00:00
VALUE_ADDED_GROWTH_NUTS2,al03:nuts2,2022,2026-09-15T16:28:02.595641+00:00,108.3,final,2022-01-01,2022-12-31,1,2026-09-15T16:28:02.595641+00:00
VALUE_ADDED_GROWTH_NUTS2,al03:nuts2,2023,2026-09-15T16:28:02.595641+00:00,113.7,final,2023-01-01,2023-12-31,1,2026-09-15T16:28:02.595641+00:00
VALUE_ADDED_GROWTH_NUTS2,at11:nuts2,2000,2026-09-15T16:28:02.595641+00:00,78.5,final,2000-01-01,2000-12-31,1,2026-09-15T16:28:02.595641+00:00
VALUE_ADDED_GROWTH_NUTS2,at11:nuts2,2001,2026-09-15T16:28:02.595641+00:00,79.4,final,2001-01-01,2001-12-31,1,2026-09-15T16:28:02.595641+00:00
VALUE_ADDED_GROWTH_NUTS2,at11:nuts2,2002,2026-09-15T16:28:02.595641+00:00,81.1,final,2002-01-01,2002-12-31,1,2026-09-15T16:28:02.595641+00:00
VALUE_ADDED_GROWTH_NUTS2,at11:nuts2,2003,2026-09-15T16:28:02.595641+00:00,80.4,final,2003-01-01,2003-12-31,1,2026-09-15T16:28:02.595641+00:00
VALUE_ADDED_GROWTH_NUTS2,at11:nuts2,2004,2026-09-15T16:28:02.595641+00:00,83.9,final,2004-01-01,2004-12-31,1,2026-09-15T16:28:02.595641+00:00
VALUE_ADDED_GROWTH_NUTS2,at11:nuts2,2005,2026-09-15T16:28:02.595641+00:00,83.9,final,2005-01-01,2005-12-31,1,2026-09-15T16:28:02.595641+00:00
VALUE_ADDED_GROWTH_NUTS2,at11:nuts2,2006,2026-09-15T16:28:02.595641+00:00,85.8,final,2006-01-01,2006-12-31,1,2026-09-15T16:28:02.595641+00:00
VALUE_ADDED_GROWTH_NUTS2,at11:nuts2,2007,2026-09-15T16:28:02.595641+00:00,88.9,final,2007-01-01,2007-12-31,1,2026-09-15T16:28:02.595641+00:00
VALUE_ADDED_GROWTH_NUTS2,at11:nuts2,2008,2026-09-15T16:28:02.595641+00:00,88.2,final,2008-01-01,2008-12-31,1,2026-09-15T16:28:02.595641+00:00
VALUE_ADDED_GROWTH_NUTS2,at11:nuts2,2009,2026-09-15T16:28:02.595641+00:00,87.8,final,2009-01-01,2009-12-31,1,2026-09-15T16:28:02.595641+00:00
VALUE_ADDED_GROWTH_NUTS2,at11:nuts2,2010,2026-09-15T16:28:02.595641+00:00,90.1,final,2010-01-01,2010-12-31,1,2026-09-15T16:28:02.595641+00:00
VALUE_ADDED_GROWTH_NUTS2,at11:nuts2,2011,2026-09-15T16:28:02.595641+00:00,92.9,final,2011-01-01,2011-12-31,1,2026-09-15T16:28:02.595641+00:00
VALUE_ADDED_GROWTH_NUTS2,at11:nuts2,2012,2026-09-15T16:28:02.595641+00:00,94.0,final,2012-01-01,2012-12-31,1,2026-09-15T16:28:02.595641+00:00
VALUE_ADDED_GROWTH_NUTS2,at11:nuts2,2013,2026-09-15T16:28:02.595641+00:00,95.2,final,2013-01-01,2013-12-31,1,2026-09-15T16:28:02.595641+00:00
VALUE_ADDED_GROWTH_NUTS2,at11:nuts2,2014,2026-09-15T16:28:02.595641+00:00,96.9,final,2014-01-01,2014-12-31,1,2026-09-15T16:28:02.595641+00:00
VALUE_ADDED_GROWTH_NUTS2,at11:nuts2,2015,2026-09-15T16:28:02.595641+00:00,99.7,final,2015-01-01,2015-12-31,1,2026-09-15T16:28:02.595641+00:00
VALUE_ADDED_GROWTH_NUTS2,at11:nuts2,2016,2026-09-15T16:28:02.595641+00:00,100.7,final,2016-01-01,2016-12-31,1,2026-09-15T16:28:02.595641+00:00
VALUE_ADDED_GROWTH_NUTS2,at11:nuts2,2017,2026-09-15T16:28:02.595641+00:00,103.7,final,2017-01-01,2017-12-31,1,2026-09-15T16:28:02.595641+00:00
VALUE_ADDED_GROWTH_NUTS2,at11:nuts2,2018,2026-09-15T16:28:02.595641+00:00,105.2,final,2018-01-01,2018-12-31,1,2026-09-15T16:28:02.595641+00:00
VALUE_ADDED_GROWTH_NUTS2,at11:nuts2,2019,2026-09-15T16:28:02.595641+00:00,106.1,final,2019-01-01,2019-12-31,1,2026-09-15T16:28:02.595641+00:00
VALUE_ADDED_GROWTH_NUTS2,at11:nuts2,2020,2026-09-15T16:28:02.595641+00:00,100.0,final,2020-01-01,2020-12-31,1,2026-09-15T16:28:02.595641+00:00
VALUE_ADDED_GROWTH_NUTS2,at11:nuts2,2021,2026-09-15T16:28:02.595641+00:00,105.1,final,2021-01-01,2021-12-31,1,2026-09-15T16:28:02.595641+00:00
VALUE_ADDED_GROWTH_NUTS2,at11:nuts2,2022,2026-09-15T16:28:02.595641+00:00,110.6,final,2022-01-01,2022-12-31,1,2026-09-15T16:28:02.595641+00:00
VALUE_ADDED_GROWTH_NUTS2,at11:nuts2,2023,2026-09-15T16:28:02.595641+00:00,111.5,final,2023-01-01,2023-12-31,1,2026-09-15T16:28:02.595641+00:00
VALUE_ADDED_GROWTH_NUTS2,at11:nuts2,2024,2026-09-15T16:28:02.595641+00:00,110.7,final,2024-01-01,2024-12-31,1,2026-09-15T16:28:02.595641+00:00
VALUE_ADDED_GROWTH_NUTS2,at12:nuts2,2000,2026-09-15T16:28:02.595641+00:00,77.3,final,2000-01-01,2000-12-31,1,2026-09-15T16:28:02.595641+00:00
VALUE_ADDED_GROWTH_NUTS2,at12:nuts2,2001,2026-09-15T16:28:02.595641+00:00,76.5,final,2001-01-01,2001-12-31,1,2026-09-15T16:28:02.595641+00:00
VALUE_ADDED_GROWTH_NUTS2,at12:nuts2,2002,2026-09-15T16:28:02.595641+00:00,76.6,final,2002-01-01,2002-12-31,1,2026-09-15T16:28:02.595641+00:00
VALUE_ADDED_GROWTH_NUTS2,at12:nuts2,2003,2026-09-15T16:28:02.595641+00:00,77.5,final,2003-01-01,2003-12-31,1,2026-09-15T16:28:02.595641+00:00
VALUE_ADDED_GROWTH_NUTS2,at12:nuts2,2004,2026-09-15T16:28:02.595641+00:00,81.9,final,2004-01-01,2004-12-31,1,2026-09-15T16:28:02.595641+00:00
VALUE_ADDED_GROWTH_NUTS2,at12:nuts2,2005,2026-09-15T16:28:02.595641+00:00,83.6,final,2005-01-01,2005-12-31,1,2026-09-15T16:28:02.595641+00:00
VALUE_ADDED_GROWTH_NUTS2,at12:nuts2,2006,2026-09-15T16:28:02.595641+00:00,86.5,final,2006-01-01,2006-12-31,1,2026-09-15T16:28:02.595641+00:00
VALUE_ADDED_GROWTH_NUTS2,at12:nuts2,2007,2026-09-15T16:28:02.595641+00:00,90.4,final,2007-01-01,2007-12-31,1,2026-09-15T16:28:02.595641+00:00
VALUE_ADDED_GROWTH_NUTS2,at12:nuts2,2008,2026-09-15T16:28:02.595641+00:00,94.1,final,2008-01-01,2008-12-31,1,2026-09-15T16:28:02.595641+00:00
VALUE_ADDED_GROWTH_NUTS2,at12:nuts2,2009,2026-09-15T16:28:02.595641+00:00,91.6,final,2009-01-01,2009-12-31,1,2026-09-15T16:28:02.595641+00:00
VALUE_ADDED_GROWTH_NUTS2,at12:nuts2,2010,2026-09-15T16:28:02.595641+00:00,91.8,final,2010-01-01,2010-12-31,1,2026-09-15T16:28:02.595641+00:00
VALUE_ADDED_GROWTH_NUTS2,at12:nuts2,2011,2026-09-15T16:28:02.595641+00:00,95.0,final,2011-01-01,2011-12-31,1,2026-09-15T16:28:02.595641+00:00
VALUE_ADDED_GROWTH_NUTS2,at12:nuts2,2012,2026-09-15T16:28:02.595641+00:00,94.9,final,2012-01-01,2012-12-31,1,2026-09-15T16:28:02.595641+00:00
VALUE_ADDED_GROWTH_NUTS2,at12:nuts2,2013,2026-09-15T16:28:02.595641+00:00,94.7,final,2013-01-01,2013-12-31,1,2026-09-15T16:28:02.595641+00:00
VALUE_ADDED_GROWTH_NUTS2,at12:nuts2,2014,2026-09-15T16:28:02.595641+00:00,96.0,final,2014-01-01,2014-12-31,1,2026-09-15T16:28:02.595641+00:00
VALUE_ADDED_GROWTH_NUTS2,at12:nuts2,2015,2026-09-15T16:28:02.595641+00:00,96.9,final,2015-01-01,2015-12-31,1,2026-09-15T16:28:02.595641+00:00
VALUE_ADDED_GROWTH_NUTS2,at12:nuts2,2016,2026-09-15T16:28:02.595641+00:00,99.3,final,2016-01-01,2016-12-31,1,2026-09-15T16:28:02.595641+00:00
VALUE_ADDED_GROWTH_NUTS2,at12:nuts2,2017,2026-09-15T16:28:02.595641+00:00,102.5,final,2017-01-01,2017-12-31,1,2026-09-15T16:28:02.595641+00:00
VALUE_ADDED_GROWTH_NUTS2,at12:nuts2,2018,2026-09-15T16:28:02.595641+00:00,104.9,final,2018-01-01,2018-12-31,1,2026-09-15T16:28:02.595641+00:00
VALUE_ADDED_GROWTH_NUTS2,at12:nuts2,2019,2026-09-15T16:28:02.595641+00:00,108.1,final,2019-01-01,2019-12-31,1,2026-09-15T16:28:02.595641+00:00
VALUE_ADDED_GROWTH_NUTS2,at12:nuts2,2020,2026-09-15T16:28:02.595641+00:00,100.0,final,2020-01-01,2020-12-31,1,2026-09-15T16:28:02.595641+00:00
VALUE_ADDED_GROWTH_NUTS2,at12:nuts2,2021,2026-09-15T16:28:02.595641+00:00,104.3,final,2021-01-01,2021-12-31,1,2026-09-15T16:28:02.595641+00:00
VALUE_ADDED_GROWTH_NUTS2,at12:nuts2,2022,2026-09-15T16:28:02.595641+00:00,108.2,final,2022-01-01,2022-12-31,1,2026-09-15T16:28:02.595641+00:00
VALUE_ADDED_GROWTH_NUTS2,at12:nuts2,2023,2026-09-15T16:28:02.595641+00:00,107.9,final,2023-01-01,2023-12-31,1,2026-09-15T16:28:02.595641+00:00
VALUE_ADDED_GROWTH_NUTS2,at12:nuts2,2024,2026-09-15T16:28:02.595641+00:00,106.5,final,2024-01-01,2024-12-31,1,2026-09-15T16:28:02.595641+00:00
VALUE_ADDED_GROWTH_NUTS2,at13:nuts2,2000,2026-09-15T16:28:02.595641+00:00,83.6,final,2000-01-01,2000-12-31,1,2026-09-15T16:28:02.595641+00:00
VALUE_ADDED_GROWTH_NUTS2,at13:nuts2,2001,2026-09-15T16:28:02.595641+00:00,85.0,final,2001-01-01,2001-12-31,1,2026-09-15T16:28:02.595641+00:00
VALUE_ADDED_GROWTH_NUTS2,at13:nuts2,2002,2026-09-15T16:28:02.595641+00:00,87.6,final,2002-01-01,2002-12-31,1,2026-09-15T16:28:02.595641+00:00
VALUE_ADDED_GROWTH_NUTS2,at13:nuts2,2003,2026-09-15T16:28:02.595641+00:00,87.7,final,2003-01-01,2003-12-31,1,2026-09-15T16:28:02.595641+00:00
VALUE_ADDED_GROWTH_NUTS2,at13:nuts2,2004,2026-09-15T16:28:02.595641+00:00,88.8,final,2004-01-01,2004-12-31,1,2026-09-15T16:28:02.595641+00:00
VALUE_ADDED_GROWTH_NUTS2,at13:nuts2,2005,2026-09-15T16:28:02.595641+00:00,90.9,final,2005-01-01,2005-12-31,1,2026-09-15T16:28:02.595641+00:00
VALUE_ADDED_GROWTH_NUTS2,at13:nuts2,2006,2026-09-15T16:28:02.595641+00:00,94.3,final,2006-01-01,2006-12-31,1,2026-09-15T16:28:02.595641+00:00
VALUE_ADDED_GROWTH_NUTS2,at13:nuts2,2007,2026-09-15T16:28:02.595641+00:00,97.2,final,2007-01-01,2007-12-31,1,2026-09-15T16:28:02.595641+00:00
VALUE_ADDED_GROWTH_NUTS2,at13:nuts2,2008,2026-09-15T16:28:02.595641+00:00,98.2,final,2008-01-01,2008-12-31,1,2026-09-15T16:28:02.595641+00:00
VALUE_ADDED_GROWTH_NUTS2,at13:nuts2,2009,2026-09-15T16:28:02.595641+00:00,96.6,final,2009-01-01,2009-12-31,1,2026-09-15T16:28:02.595641+00:00
VALUE_ADDED_GROWTH_NUTS2,at13:nuts2,2010,2026-09-15T16:28:02.595641+00:00,98.5,final,2010-01-01,2010-12-31,1,2026-09-15T16:28:02.595641+00:00
VALUE_ADDED_GROWTH_NUTS2,at13:nuts2,2011,2026-09-15T16:28:02.595641+00:00,100.5,final,2011-01-01,2011-12-31,1,2026-09-15T16:28:02.595641+00:00
VALUE_ADDED_GROWTH_NUTS2,at13:nuts2,2012,2026-09-15T16:28:02.595641+00:00,100.1,final,2012-01-01,2012-12-31,1,2026-09-15T16:28:02.595641+00:00
VALUE_ADDED_GROWTH_NUTS2,at13:nuts2,2013,2026-09-15T16:28:02.595641+00:00,99.8,final,2013-01-01,2013-12-31,1,2026-09-15T16:28:02.595641+00:00
VALUE_ADDED_GROWTH_NUTS2,at13:nuts2,2014,2026-09-15T16:28:02.595641+00:00,98.9,final,2014-01-01,2014-12-31,1,2026-09-15T16:28:02.595641+00:00
VALUE_ADDED_GROWTH_NUTS2,at13:nuts2,2015,2026-09-15T16:28:02.595641+00:00,99.1,final,2015-01-01,2015-12-31,1,2026-09-15T16:28:02.595641+00:00
VALUE_ADDED_GROWTH_NUTS2,at13:nuts2,2016,2026-09-15T16:28:02.595641+00:00,101.8,final,2016-01-01,2016-12-31,1,2026-09-15T16:28:02.595641+00:00
VALUE_ADDED_GROWTH_NUTS2,at13:nuts2,2017,2026-09-15T16:28:02.595641+00:00,101.9,final,2017-01-01,2017-12-31,1,2026-09-15T16:28:02.595641+00:00
VALUE_ADDED_GROWTH_NUTS2,at13:nuts2,2018,2026-09-15T16:28:02.595641+00:00,105.1,final,2018-01-01,2018-12-31,1,2026-09-15T16:28:02.595641+00:00
VALUE_ADDED_GROWTH_NUTS2,at13:nuts2,2019,2026-09-15T16:28:02.595641+00:00,106.0,final,2019-01-01,2019-12-31,1,2026-09-15T16:28:02.595641+00:00
VALUE_ADDED_GROWTH_NUTS2,at13:nuts2,2020,2026-09-15T16:28:02.595641+00:00,100.0,final,2020-01-01,2020-12-31,1,2026-09-15T16:28:02.595641+00:00
VALUE_ADDED_GROWTH_NUTS2,at13:nuts2,2021,2026-09-15T16:28:02.595641+00:00,105.2,final,2021-01-01,2021-12-31,1,2026-09-15T16:28:02.595641+00:00
VALUE_ADDED_GROWTH_NUTS2,at13:nuts2,2022,2026-09-15T16:28:02.595641+00:00,110.3,final,2022-01-01,2022-12-31,1,2026-09-15T16:28:02.595641+00:00
VALUE_ADDED_GROWTH_NUTS2,at13:nuts2,2023,2026-09-15T16:28:02.595641+00:00,112.4,final,2023-01-01,2023-12-31,1,2026-09-15T16:28:02.595641+00:00
VALUE_ADDED_GROWTH_NUTS2,at13:nuts2,2024,2026-09-15T16:28:02.595641+00:00,113.1,final,2024-01-01,2024-12-31,1,2026-09-15T16:28:02.595641+00:00
VALUE_ADDED_GROWTH_NUTS2,at21:nuts2,2000,2026-09-15T16:28:02.595641+00:00,83.7,final,2000-01-01,2000-12-31,1,2026-09-15T16:28:02.595641+00:00
VALUE_ADDED_GROWTH_NUTS2,at21:nuts2,2001,2026-09-15T16:28:02.595641+00:00,84.6,final,2001-01-01,2001-12-31,1,2026-09-15T16:28:02.595641+00:00
VALUE_ADDED_GROWTH_NUTS2,at21:nuts2,2002,2026-09-15T16:28:02.595641+00:00,85.6,final,2002-01-01,2002-12-31,1,2026-09-15T16:28:02.595641+00:00
VALUE_ADDED_GROWTH_NUTS2,at21:nuts2,2003,2026-09-15T16:28:02.595641+00:00,86.6,final,2003-01-01,2003-12-31,1,2026-09-15T16:28:02.595641+00:00
VALUE_ADDED_GROWTH_NUTS2,at21:nuts2,2004,2026-09-15T16:28:02.595641+00:00,89.1,final,2004-01-01,2004-12-31,1,2026-09-15T16:28:02.595641+00:00
VALUE_ADDED_GROWTH_NUTS2,at21:nuts2,2005,2026-09-15T16:28:02.595641+00:00,89.5,final,2005-01-01,2005-12-31,1,2026-09-15T16:28:02.595641+00:00
VALUE_ADDED_GROWTH_NUTS2,at21:nuts2,2006,2026-09-15T16:28:02.595641+00:00,92.5,final,2006-01-01,2006-12-31,1,2026-09-15T16:28:02.595641+00:00
VALUE_ADDED_GROWTH_NUTS2,at21:nuts2,2007,2026-09-15T16:28:02.595641+00:00,96.9,final,2007-01-01,2007-12-31,1,2026-09-15T16:28:02.595641+00:00
VALUE_ADDED_GROWTH_NUTS2,at21:nuts2,2008,2026-09-15T16:28:02.595641+00:00,98.4,final,2008-01-01,2008-12-31,1,2026-09-15T16:28:02.595641+00:00
VALUE_ADDED_GROWTH_NUTS2,at21:nuts2,2009,2026-09-15T16:28:02.595641+00:00,92.0,final,2009-01-01,2009-12-31,1,2026-09-15T16:28:02.595641+00:00
VALUE_ADDED_GROWTH_NUTS2,at21:nuts2,2010,2026-09-15T16:28:02.595641+00:00,93.9,final,2010-01-01,2010-12-31,1,2026-09-15T16:28:02.595641+00:00
VALUE_ADDED_GROWTH_NUTS2,at21:nuts2,2011,2026-09-15T16:28:02.595641+00:00,96.7,final,2011-01-01,2011-12-31,1,2026-09-15T16:28:02.595641+00:00
VALUE_ADDED_GROWTH_NUTS2,at21:nuts2,2012,2026-09-15T16:28:02.595641+00:00,96.1,final,2012-01-01,2012-12-31,1,2026-09-15T16:28:02.595641+00:00
VALUE_ADDED_GROWTH_NUTS2,at21:nuts2,2013,2026-09-15T16:28:02.595641+00:00,95.0,final,2013-01-01,2013-12-31,1,2026-09-15T16:28:02.595641+00:00
VALUE_ADDED_GROWTH_NUTS2,at21:nuts2,2014,2026-09-15T16:28:02.595641+00:00,97.1,final,2014-01-01,2014-12-31,1,2026-09-15T16:28:02.595641+00:00
VALUE_ADDED_GROWTH_NUTS2,at21:nuts2,2015,2026-09-15T16:28:02.595641+00:00,96.8,final,2015-01-01,2015-12-31,1,2026-09-15T16:28:02.595641+00:00
VALUE_ADDED_GROWTH_NUTS2,at21:nuts2,2016,2026-09-15T16:28:02.595641+00:00,96.9,final,2016-01-01,2016-12-31,1,2026-09-15T16:28:02.595641+00:00
VALUE_ADDED_GROWTH_NUTS2,at21:nuts2,2017,2026-09-15T16:28:02.595641+00:00,100.3,final,2017-01-01,2017-12-31,1,2026-09-15T16:28:02.595641+00:00
VALUE_ADDED_GROWTH_NUTS2,at21:nuts2,2018,2026-09-15T16:28:02.595641+00:00,103.8,final,2018-01-01,2018-12-31,1,2026-09-15T16:28:02.595641+00:00
VALUE_ADDED_GROWTH_NUTS2,at21:nuts2,2019,2026-09-15T16:28:02.595641+00:00,105.1,final,2019-01-01,2019-12-31,1,2026-09-15T16:28:02.595641+00:00
VALUE_ADDED_GROWTH_NUTS2,at21:nuts2,2020,2026-09-15T16:28:02.595641+00:00,100.0,final,2020-01-01,2020-12-31,1,2026-09-15T16:28:02.595641+00:00
VALUE_ADDED_GROWTH_NUTS2,at21:nuts2,2021,2026-09-15T16:28:02.595641+00:00,105.0,final,2021-01-01,2021-12-31,1,2026-09-15T16:28:02.595641+00:00
VALUE_ADDED_GROWTH_NUTS2,at21:nuts2,2022,2026-09-15T16:28:02.595641+00:00,113.5,final,2022-01-01,2022-12-31,1,2026-09-15T16:28:02.595641+00:00
VALUE_ADDED_GROWTH_NUTS2,at21:nuts2,2023,2026-09-15T16:28:02.595641+00:00,114.4,final,2023-01-01,2023-12-31,1,2026-09-15T16:28:02.595641+00:00
VALUE_ADDED_GROWTH_NUTS2,at21:nuts2,2024,2026-09-15T16:28:02.595641+00:00,110.0,final,2024-01-01,2024-12-31,1,2026-09-15T16:28:02.595641+00:00
VALUE_ADDED_GROWTH_NUTS2,at22:nuts2,2000,2026-09-15T16:28:02.595641+00:00,81.5,final,2000-01-01,2000-12-31,1,2026-09-15T16:28:02.595641+00:00
VALUE_ADDED_GROWTH_NUTS2,at22:nuts2,2001,2026-09-15T16:28:02.595641+00:00,82.8,final,2001-01-01,2001-12-31,1,2026-09-15T16:28:02.595641+00:00
VALUE_ADDED_GROWTH_NUTS2,at22:nuts2,2002,2026-09-15T16:28:02.595641+00:00,82.8,final,2002-01-01,2002-12-31,1,2026-09-15T16:28:02.595641+00:00
VALUE_ADDED_GROWTH_NUTS2,at22:nuts2,2003,2026-09-15T16:28:02.595641+00:00,84.9,final,2003-01-01,2003-12-31,1,2026-09-15T16:28:02.595641+00:00
VALUE_ADDED_GROWTH_NUTS2,at22:nuts2,2004,2026-09-15T16:28:02.595641+00:00,87.9,final,2004-01-01,2004-12-31,1,2026-09-15T16:28:02.595641+00:00
VALUE_ADDED_GROWTH_NUTS2,at22:nuts2,2005,2026-09-15T16:28:02.595641+00:00,88.9,final,2005-01-01,2005-12-31,1,2026-09-15T16:28:02.595641+00:00
VALUE_ADDED_GROWTH_NUTS2,at22:nuts2,2006,2026-09-15T16:28:02.595641+00:00,92.0,final,2006-01-01,2006-12-31,1,2026-09-15T16:28:02.595641+00:00
VALUE_ADDED_GROWTH_NUTS2,at22:nuts2,2007,2026-09-15T16:28:02.595641+00:00,96.1,final,2007-01-01,2007-12-31,1,2026-09-15T16:28:02.595641+00:00
VALUE_ADDED_GROWTH_NUTS2,at22:nuts2,2008,2026-09-15T16:28:02.595641+00:00,97.4,final,2008-01-01,2008-12-31,1,2026-09-15T16:28:02.595641+00:00
VALUE_ADDED_GROWTH_NUTS2,at22:nuts2,2009,2026-09-15T16:28:02.595641+00:00,91.1,final,2009-01-01,2009-12-31,1,2026-09-15T16:28:02.595641+00:00
VALUE_ADDED_GROWTH_NUTS2,at22:nuts2,2010,2026-09-15T16:28:02.595641+00:00,92.5,final,2010-01-01,2010-12-31,1,2026-09-15T16:28:02.595641+00:00
VALUE_ADDED_GROWTH_NUTS2,at22:nuts2,2011,2026-09-15T16:28:02.595641+00:00,96.1,final,2011-01-01,2011-12-31,1,2026-09-15T16:28:02.595641+00:00
VALUE_ADDED_GROWTH_NUTS2,at22:nuts2,2012,2026-09-15T16:28:02.595641+00:00,97.4,final,2012-01-01,2012-12-31,1,2026-09-15T16:28:02.595641+00:00
VALUE_ADDED_GROWTH_NUTS2,at22:nuts2,2013,2026-09-15T16:28:02.595641+00:00,95.5,final,2013-01-01,2013-12-31,1,2026-09-15T16:28:02.595641+00:00
VALUE_ADDED_GROWTH_NUTS2,at22:nuts2,2014,2026-09-15T16:28:02.595641+00:00,97.0,final,2014-01-01,2014-12-31,1,2026-09-15T16:28:02.595641+00:00
VALUE_ADDED_GROWTH_NUTS2,at22:nuts2,2015,2026-09-15T16:28:02.595641+00:00,97.4,final,2015-01-01,2015-12-31,1,2026-09-15T16:28:02.595641+00:00
VALUE_ADDED_GROWTH_NUTS2,at22:nuts2,2016,2026-09-15T16:28:02.595641+00:00,99.7,final,2016-01-01,2016-12-31,1,2026-09-15T16:28:02.595641+00:00
VALUE_ADDED_GROWTH_NUTS2,at22:nuts2,2017,2026-09-15T16:28:02.595641+00:00,103.6,final,2017-01-01,2017-12-31,1,2026-09-15T16:28:02.595641+00:00
VALUE_ADDED_GROWTH_NUTS2,at22:nuts2,2018,2026-09-15T16:28:02.595641+00:00,105.1,final,2018-01-01,2018-12-31,1,2026-09-15T16:28:02.595641+00:00
VALUE_ADDED_GROWTH_NUTS2,at22:nuts2,2019,2026-09-15T16:28:02.595641+00:00,107.5,final,2019-01-01,2019-12-31,1,2026-09-15T16:28:02.595641+00:00
VALUE_ADDED_GROWTH_NUTS2,at22:nuts2,2020,2026-09-15T16:28:02.595641+00:00,100.0,final,2020-01-01,2020-12-31,1,2026-09-15T16:28:02.595641+00:00
VALUE_ADDED_GROWTH_NUTS2,at22:nuts2,2021,2026-09-15T16:28:02.595641+00:00,104.9,final,2021-01-01,2021-12-31,1,2026-09-15T16:28:02.595641+00:00
VALUE_ADDED_GROWTH_NUTS2,at22:nuts2,2022,2026-09-15T16:28:02.595641+00:00,111.1,final,2022-01-01,2022-12-31,1,2026-09-15T16:28:02.595641+00:00
VALUE_ADDED_GROWTH_NUTS2,at22:nuts2,2023,2026-09-15T16:28:02.595641+00:00,109.5,final,2023-01-01,2023-12-31,1,2026-09-15T16:28:02.595641+00:00
VALUE_ADDED_GROWTH_NUTS2,at22:nuts2,2024,2026-09-15T16:28:02.595641+00:00,109.3,final,2024-01-01,2024-12-31,1,2026-09-15T16:28:02.595641+00:00
VALUE_ADDED_GROWTH_NUTS2,at31:nuts2,2000,2026-09-15T16:28:02.595641+00:00,73.5,final,2000-01-01,2000-12-31,1,2026-09-15T16:28:02.595641+00:00
VALUE_ADDED_GROWTH_NUTS2,at31:nuts2,2001,2026-09-15T16:28:02.595641+00:00,76.0,final,2001-01-01,2001-12-31,1,2026-09-15T16:28:02.595641+00:00
VALUE_ADDED_GROWTH_NUTS2,at31:nuts2,2002,2026-09-15T16:28:02.595641+00:00,76.7,final,2002-01-01,2002-12-31,1,2026-09-15T16:28:02.595641+00:00
VALUE_ADDED_GROWTH_NUTS2,at31:nuts2,2003,2026-09-15T16:28:02.595641+00:00,78.5,final,2003-01-01,2003-12-31,1,2026-09-15T16:28:02.595641+00:00
VALUE_ADDED_GROWTH_NUTS2,at31:nuts2,2004,2026-09-15T16:28:02.595641+00:00,80.1,final,2004-01-01,2004-12-31,1,2026-09-15T16:28:02.595641+00:00
VALUE_ADDED_GROWTH_NUTS2,at31:nuts2,2005,2026-09-15T16:28:02.595641+00:00,83.2,final,2005-01-01,2005-12-31,1,2026-09-15T16:28:02.595641+00:00
VALUE_ADDED_GROWTH_NUTS2,at31:nuts2,2006,2026-09-15T16:28:02.595641+00:00,86.1,final,2006-01-01,2006-12-31,1,2026-09-15T16:28:02.595641+00:00
VALUE_ADDED_GROWTH_NUTS2,at31:nuts2,2007,2026-09-15T16:28:02.595641+00:00,89.6,final,2007-01-01,2007-12-31,1,2026-09-15T16:28:02.595641+00:00
VALUE_ADDED_GROWTH_NUTS2,at31:nuts2,2008,2026-09-15T16:28:02.595641+00:00,92.3,final,2008-01-01,2008-12-31,1,2026-09-15T16:28:02.595641+00:00
VALUE_ADDED_GROWTH_NUTS2,at31:nuts2,2009,2026-09-15T16:28:02.595641+00:00,85.5,final,2009-01-01,2009-12-31,1,2026-09-15T16:28:02.595641+00:00
VALUE_ADDED_GROWTH_NUTS2,at31:nuts2,2010,2026-09-15T16:28:02.595641+00:00,87.2,final,2010-01-01,2010-12-31,1,2026-09-15T16:28:02.595641+00:00
VALUE_ADDED_GROWTH_NUTS2,at31:nuts2,2011,2026-09-15T16:28:02.595641+00:00,91.2,final,2011-01-01,2011-12-31,1,2026-09-15T16:28:02.595641+00:00
VALUE_ADDED_GROWTH_NUTS2,at31:nuts2,2012,2026-09-15T16:28:02.595641+00:00,91.8,final,2012-01-01,2012-12-31,1,2026-09-15T16:28:02.595641+00:00
VALUE_ADDED_GROWTH_NUTS2,at31:nuts2,2013,2026-09-15T16:28:02.595641+00:00,93.0,final,2013-01-01,2013-12-31,1,2026-09-15T16:28:02.595641+00:00
VALUE_ADDED_GROWTH_NUTS2,at31:nuts2,2014,2026-09-15T16:28:02.595641+00:00,94.1,final,2014-01-01,2014-12-31,1,2026-09-15T16:28:02.595641+00:00
VALUE_ADDED_GROWTH_NUTS2,at31:nuts2,2015,2026-09-15T16:28:02.595641+00:00,95.6,final,2015-01-01,2015-12-31,1,2026-09-15T16:28:02.595641+00:00
VALUE_ADDED_GROWTH_NUTS2,at31:nuts2,2016,2026-09-15T16:28:02.595641+00:00,97.1,final,2016-01-01,2016-12-31,1,2026-09-15T16:28:02.595641+00:00
VALUE_ADDED_GROWTH_NUTS2,at31:nuts2,2017,2026-09-15T16:28:02.595641+00:00,100.0,final,2017-01-01,2017-12-31,1,2026-09-15T16:28:02.595641+00:00
VALUE_ADDED_GROWTH_NUTS2,at31:nuts2,2018,2026-09-15T16:28:02.595641+00:00,103.4,final,2018-01-01,2018-12-31,1,2026-09-15T16:28:02.595641+00:00
VALUE_ADDED_GROWTH_NUTS2,at31:nuts2,2019,2026-09-15T16:28:02.595641+00:00,105.2,final,2019-01-01,2019-12-31,1,2026-09-15T16:28:02.595641+00:00
VALUE_ADDED_GROWTH_NUTS2,at31:nuts2,2020,2026-09-15T16:28:02.595641+00:00,100.0,final,2020-01-01,2020-12-31,1,2026-09-15T16:28:02.595641+00:00
VALUE_ADDED_GROWTH_NUTS2,at31:nuts2,2021,2026-09-15T16:28:02.595641+00:00,106.2,final,2021-01-01,2021-12-31,1,2026-09-15T16:28:02.595641+00:00
VALUE_ADDED_GROWTH_NUTS2,at31:nuts2,2022,2026-09-15T16:28:02.595641+00:00,111.8,final,2022-01-01,2022-12-31,1,2026-09-15T16:28:02.595641+00:00
VALUE_ADDED_GROWTH_NUTS2,at31:nuts2,2023,2026-09-15T16:28:02.595641+00:00,108.9,final,2023-01-01,2023-12-31,1,2026-09-15T16:28:02.595641+00:00
VALUE_ADDED_GROWTH_NUTS2,at31:nuts2,2024,2026-09-15T16:28:02.595641+00:00,105.6,final,2024-01-01,2024-12-31,1,2026-09-15T16:28:02.595641+00:00
VALUE_ADDED_GROWTH_NUTS2,at32:nuts2,2000,2026-09-15T16:28:02.595641+00:00,75.0,final,2000-01-01,2000-12-31,1,2026-09-15T16:28:02.595641+00:00
VALUE_ADDED_GROWTH_NUTS2,at32:nuts2,2001,2026-09-15T16:28:02.595641+00:00,75.9,final,2001-01-01,2001-12-31,1,2026-09-15T16:28:02.595641+00:00
VALUE_ADDED_GROWTH_NUTS2,at32:nuts2,2002,2026-09-15T16:28:02.595641+00:00,76.9,final,2002-01-01,2002-12-31,1,2026-09-15T16:28:02.595641+00:00
VALUE_ADDED_GROWTH_NUTS2,at32:nuts2,2003,2026-09-15T16:28:02.595641+00:00,78.5,final,2003-01-01,2003-12-31,1,2026-09-15T16:28:02.595641+00:00
VALUE_ADDED_GROWTH_NUTS2,at32:nuts2,2004,2026-09-15T16:28:02.595641+00:00,81.5,final,2004-01-01,2004-12-31,1,2026-09-15T16:28:02.595641+00:00
VALUE_ADDED_GROWTH_NUTS2,at32:nuts2,2005,2026-09-15T16:28:02.595641+00:00,83.3,final,2005-01-01,2005-12-31,1,2026-09-15T16:28:02.595641+00:00
VALUE_ADDED_GROWTH_NUTS2,at32:nuts2,2006,2026-09-15T16:28:02.595641+00:00,86.6,final,2006-01-01,2006-12-31,1,2026-09-15T16:28:02.595641+00:00
VALUE_ADDED_GROWTH_NUTS2,at32:nuts2,2007,2026-09-15T16:28:02.595641+00:00,90.7,final,2007-01-01,2007-12-31,1,2026-09-15T16:28:02.595641+00:00
VALUE_ADDED_GROWTH_NUTS2,at32:nuts2,2008,2026-09-15T16:28:02.595641+00:00,90.5,final,2008-01-01,2008-12-31,1,2026-09-15T16:28:02.595641+00:00
VALUE_ADDED_GROWTH_NUTS2,at32:nuts2,2009,2026-09-15T16:28:02.595641+00:00,86.8,final,2009-01-01,2009-12-31,1,2026-09-15T16:28:02.595641+00:00
VALUE_ADDED_GROWTH_NUTS2,at32:nuts2,2010,2026-09-15T16:28:02.595641+00:00,90.9,final,2010-01-01,2010-12-31,1,2026-09-15T16:28:02.595641+00:00
VALUE_ADDED_GROWTH_NUTS2,at32:nuts2,2011,2026-09-15T16:28:02.595641+00:00,93.8,final,2011-01-01,2011-12-31,1,2026-09-15T16:28:02.595641+00:00
VALUE_ADDED_GROWTH_NUTS2,at32:nuts2,2012,2026-09-15T16:28:02.595641+00:00,95.5,final,2012-01-01,2012-12-31,1,2026-09-15T16:28:02.595641+00:00
VALUE_ADDED_GROWTH_NUTS2,at32:nuts2,2013,2026-09-15T16:28:02.595641+00:00,93.6,final,2013-01-01,2013-12-31,1,2026-09-15T16:28:02.595641+00:00
VALUE_ADDED_GROWTH_NUTS2,at32:nuts2,2014,2026-09-15T16:28:02.595641+00:00,93.7,final,2014-01-01,2014-12-31,1,2026-09-15T16:28:02.595641+00:00
VALUE_ADDED_GROWTH_NUTS2,at32:nuts2,2015,2026-09-15T16:28:02.595641+00:00,95.8,final,2015-01-01,2015-12-31,1,2026-09-15T16:28:02.595641+00:00
VALUE_ADDED_GROWTH_NUTS2,at32:nuts2,2016,2026-09-15T16:28:02.595641+00:00,98.3,final,2016-01-01,2016-12-31,1,2026-09-15T16:28:02.595641+00:00
VALUE_ADDED_GROWTH_NUTS2,at32:nuts2,2017,2026-09-15T16:28:02.595641+00:00,100.9,final,2017-01-01,2017-12-31,1,2026-09-15T16:28:02.595641+00:00
VALUE_ADDED_GROWTH_NUTS2,at32:nuts2,2018,2026-09-15T16:28:02.595641+00:00,103.3,final,2018-01-01,2018-12-31,1,2026-09-15T16:28:02.595641+00:00
VALUE_ADDED_GROWTH_NUTS2,at32:nuts2,2019,2026-09-15T16:28:02.595641+00:00,105.5,final,2019-01-01,2019-12-31,1,2026-09-15T16:28:02.595641+00:00
VALUE_ADDED_GROWTH_NUTS2,at32:nuts2,2020,2026-09-15T16:28:02.595641+00:00,100.0,final,2020-01-01,2020-12-31,1,2026-09-15T16:28:02.595641+00:00
VALUE_ADDED_GROWTH_NUTS2,at32:nuts2,2021,2026-09-15T16:28:02.595641+00:00,103.2,final,2021-01-01,2021-12-31,1,2026-09-15T16:28:02.595641+00:00
VALUE_ADDED_GROWTH_NUTS2,at32:nuts2,2022,2026-09-15T16:28:02.595641+00:00,116.7,final,2022-01-01,2022-12-31,1,2026-09-15T16:28:02.595641+00:00
VALUE_ADDED_GROWTH_NUTS2,at32:nuts2,2023,2026-09-15T16:28:02.595641+00:00,114.2,final,2023-01-01,2023-12-31,1,2026-09-15T16:28:02.595641+00:00
VALUE_ADDED_GROWTH_NUTS2,at32:nuts2,2024,2026-09-15T16:28:02.595641+00:00,113.3,final,2024-01-01,2024-12-31,1,2026-09-15T16:28:02.595641+00:00
VALUE_ADDED_GROWTH_NUTS2,at33:nuts2,2000,2026-09-15T16:28:02.595641+00:00,77.9,final,2000-01-01,2000-12-31,1,2026-09-15T16:28:02.595641+00:00
VALUE_ADDED_GROWTH_NUTS2,at33:nuts2,2001,2026-09-15T16:28:02.595641+00:00,79.9,final,2001-01-01,2001-12-31,1,2026-09-15T16:28:02.595641+00:00
VALUE_ADDED_GROWTH_NUTS2,at33:nuts2,2002,2026-09-15T16:28:02.595641+00:00,81.0,final,2002-01-01,2002-12-31,1,2026-09-15T16:28:02.595641+00:00
VALUE_ADDED_GROWTH_NUTS2,at33:nuts2,2003,2026-09-15T16:28:02.595641+00:00,82.3,final,2003-01-01,2003-12-31,1,2026-09-15T16:28:02.595641+00:00
VALUE_ADDED_GROWTH_NUTS2,at33:nuts2,2004,2026-09-15T16:28:02.595641+00:00,83.0,final,2004-01-01,2004-12-31,1,2026-09-15T16:28:02.595641+00:00
VALUE_ADDED_GROWTH_NUTS2,at33:nuts2,2005,2026-09-15T16:28:02.595641+00:00,87.0,final,2005-01-01,2005-12-31,1,2026-09-15T16:28:02.595641+00:00
VALUE_ADDED_GROWTH_NUTS2,at33:nuts2,2006,2026-09-15T16:28:02.595641+00:00,89.9,final,2006-01-01,2006-12-31,1,2026-09-15T16:28:02.595641+00:00
VALUE_ADDED_GROWTH_NUTS2,at33:nuts2,2007,2026-09-15T16:28:02.595641+00:00,92.0,final,2007-01-01,2007-12-31,1,2026-09-15T16:28:02.595641+00:00
VALUE_ADDED_GROWTH_NUTS2,at33:nuts2,2008,2026-09-15T16:28:02.595641+00:00,91.7,final,2008-01-01,2008-12-31,1,2026-09-15T16:28:02.595641+00:00
VALUE_ADDED_GROWTH_NUTS2,at33:nuts2,2009,2026-09-15T16:28:02.595641+00:00,89.5,final,2009-01-01,2009-12-31,1,2026-09-15T16:28:02.595641+00:00
VALUE_ADDED_GROWTH_NUTS2,at33:nuts2,2010,2026-09-15T16:28:02.595641+00:00,91.2,final,2010-01-01,2010-12-31,1,2026-09-15T16:28:02.595641+00:00
VALUE_ADDED_GROWTH_NUTS2,at33:nuts2,2011,2026-09-15T16:28:02.595641+00:00,93.7,final,2011-01-01,2011-12-31,1,2026-09-15T16:28:02.595641+00:00
VALUE_ADDED_GROWTH_NUTS2,at33:nuts2,2012,2026-09-15T16:28:02.595641+00:00,95.7,final,2012-01-01,2012-12-31,1,2026-09-15T16:28:02.595641+00:00
VALUE_ADDED_GROWTH_NUTS2,at33:nuts2,2013,2026-09-15T16:28:02.595641+00:00,96.5,final,2013-01-01,2013-12-31,1,2026-09-15T16:28:02.595641+00:00
VALUE_ADDED_GROWTH_NUTS2,at33:nuts2,2014,2026-09-15T16:28:02.595641+00:00,96.6,final,2014-01-01,2014-12-31,1,2026-09-15T16:28:02.595641+00:00
VALUE_ADDED_GROWTH_NUTS2,at33:nuts2,2015,2026-09-15T16:28:02.595641+00:00,99.5,final,2015-01-01,2015-12-31,1,2026-09-15T16:28:02.595641+00:00
VALUE_ADDED_GROWTH_NUTS2,at33:nuts2,2016,2026-09-15T16:28:02.595641+00:00,101.2,final,2016-01-01,2016-12-31,1,2026-09-15T16:28:02.595641+00:00
VALUE_ADDED_GROWTH_NUTS2,at33:nuts2,2017,2026-09-15T16:28:02.595641+00:00,103.9,final,2017-01-01,2017-12-31,1,2026-09-15T16:28:02.595641+00:00
VALUE_ADDED_GROWTH_NUTS2,at33:nuts2,2018,2026-09-15T16:28:02.595641+00:00,107.2,final,2018-01-01,2018-12-31,1,2026-09-15T16:28:02.595641+00:00
VALUE_ADDED_GROWTH_NUTS2,at33:nuts2,2019,2026-09-15T16:28:02.595641+00:00,109.2,final,2019-01-01,2019-12-31,1,2026-09-15T16:28:02.595641+00:00
VALUE_ADDED_GROWTH_NUTS2,at33:nuts2,2020,2026-09-15T16:28:02.595641+00:00,100.0,final,2020-01-01,2020-12-31,1,2026-09-15T16:28:02.595641+00:00
VALUE_ADDED_GROWTH_NUTS2,at33:nuts2,2021,2026-09-15T16:28:02.595641+00:00,99.0,final,2021-01-01,2021-12-31,1,2026-09-15T16:28:02.595641+00:00
VALUE_ADDED_GROWTH_NUTS2,at33:nuts2,2022,2026-09-15T16:28:02.595641+00:00,111.9,final,2022-01-01,2022-12-31,1,2026-09-15T16:28:02.595641+00:00
VALUE_ADDED_GROWTH_NUTS2,at33:nuts2,2023,2026-09-15T16:28:02.595641+00:00,112.3,final,2023-01-01,2023-12-31,1,2026-09-15T16:28:02.595641+00:00
VALUE_ADDED_GROWTH_NUTS2,at33:nuts2,2024,2026-09-15T16:28:02.595641+00:00,112.1,final,2024-01-01,2024-12-31,1,2026-09-15T16:28:02.595641+00:00
VALUE_ADDED_GROWTH_NUTS2,at34:nuts2,2000,2026-09-15T16:28:02.595641+00:00,72.3,final,2000-01-01,2000-12-31,1,2026-09-15T16:28:02.595641+00:00
VALUE_ADDED_GROWTH_NUTS2,at34:nuts2,2001,2026-09-15T16:28:02.595641+00:00,73.2,final,2001-01-01,2001-12-31,1,2026-09-15T16:28:02.595641+00:00
VALUE_ADDED_GROWTH_NUTS2,at34:nuts2,2002,2026-09-15T16:28:02.595641+00:00,74.4,final,2002-01-01,2002-12-31,1,2026-09-15T16:28:02.595641+00:00
VALUE_ADDED_GROWTH_NUTS2,at34:nuts2,2003,2026-09-15T16:28:02.595641+00:00,75.0,final,2003-01-01,2003-12-31,1,2026-09-15T16:28:02.595641+00:00
VALUE_ADDED_GROWTH_NUTS2,at34:nuts2,2004,2026-09-15T16:28:02.595641+00:00,77.4,final,2004-01-01,2004-12-31,1,2026-09-15T16:28:02.595641+00:00
VALUE_ADDED_GROWTH_NUTS2,at34:nuts2,2005,2026-09-15T16:28:02.595641+00:00,79.5,final,2005-01-01,2005-12-31,1,2026-09-15T16:28:02.595641+00:00
VALUE_ADDED_GROWTH_NUTS2,at34:nuts2,2006,2026-09-15T16:28:02.595641+00:00,82.8,final,2006-01-01,2006-12-31,1,2026-09-15T16:28:02.595641+00:00
VALUE_ADDED_GROWTH_NUTS2,at34:nuts2,2007,2026-09-15T16:28:02.595641+00:00,86.0,final,2007-01-01,2007-12-31,1,2026-09-15T16:28:02.595641+00:00
VALUE_ADDED_GROWTH_NUTS2,at34:nuts2,2008,2026-09-15T16:28:02.595641+00:00,87.4,final,2008-01-01,2008-12-31,1,2026-09-15T16:28:02.595641+00:00
VALUE_ADDED_GROWTH_NUTS2,at34:nuts2,2009,2026-09-15T16:28:02.595641+00:00,84.0,final,2009-01-01,2009-12-31,1,2026-09-15T16:28:02.595641+00:00
VALUE_ADDED_GROWTH_NUTS2,at34:nuts2,2010,2026-09-15T16:28:02.595641+00:00,86.0,final,2010-01-01,2010-12-31,1,2026-09-15T16:28:02.595641+00:00
VALUE_ADDED_GROWTH_NUTS2,at34:nuts2,2011,2026-09-15T16:28:02.595641+00:00,89.6,final,2011-01-01,2011-12-31,1,2026-09-15T16:28:02.595641+00:00
VALUE_ADDED_GROWTH_NUTS2,at34:nuts2,2012,2026-09-15T16:28:02.595641+00:00,89.5,final,2012-01-01,2012-12-31,1,2026-09-15T16:28:02.595641+00:00
VALUE_ADDED_GROWTH_NUTS2,at34:nuts2,2013,2026-09-15T16:28:02.595641+00:00,92.0,final,2013-01-01,2013-12-31,1,2026-09-15T16:28:02.595641+00:00
VALUE_ADDED_GROWTH_NUTS2,at34:nuts2,2014,2026-09-15T16:28:02.595641+00:00,94.9,final,2014-01-01,2014-12-31,1,2026-09-15T16:28:02.595641+00:00
VALUE_ADDED_GROWTH_NUTS2,at34:nuts2,2015,2026-09-15T16:28:02.595641+00:00,97.1,final,2015-01-01,2015-12-31,1,2026-09-15T16:28:02.595641+00:00
VALUE_ADDED_GROWTH_NUTS2,at34:nuts2,2016,2026-09-15T16:28:02.595641+00:00,98.2,final,2016-01-01,2016-12-31,1,2026-09-15T16:28:02.595641+00:00
VALUE_ADDED_GROWTH_NUTS2,at34:nuts2,2017,2026-09-15T16:28:02.595641+00:00,101.4,final,2017-01-01,2017-12-31,1,2026-09-15T16:28:02.595641+00:00
VALUE_ADDED_GROWTH_NUTS2,at34:nuts2,2018,2026-09-15T16:28:02.595641+00:00,103.3,final,2018-01-01,2018-12-31,1,2026-09-15T16:28:02.595641+00:00
VALUE_ADDED_GROWTH_NUTS2,at34:nuts2,2019,2026-09-15T16:28:02.595641+00:00,105.7,final,2019-01-01,2019-12-31,1,2026-09-15T16:28:02.595641+00:00
VALUE_ADDED_GROWTH_NUTS2,at34:nuts2,2020,2026-09-15T16:28:02.595641+00:00,100.0,final,2020-01-01,2020-12-31,1,2026-09-15T16:28:02.595641+00:00
VALUE_ADDED_GROWTH_NUTS2,at34:nuts2,2021,2026-09-15T16:28:02.595641+00:00,105.1,final,2021-01-01,2021-12-31,1,2026-09-15T16:28:02.595641+00:00
VALUE_ADDED_GROWTH_NUTS2,at34:nuts2,2022,2026-09-15T16:28:02.595641+00:00,113.1,final,2022-01-01,2022-12-31,1,2026-09-15T16:28:02.595641+00:00
VALUE_ADDED_GROWTH_NUTS2,at34:nuts2,2023,2026-09-15T16:28:02.595641+00:00,96.6,final,2023-01-01,2023-12-31,1,2026-09-15T16:28:02.595641+00:00
VALUE_ADDED_GROWTH_NUTS2,at34:nuts2,2024,2026-09-15T16:28:02.595641+00:00,95.7,final,2024-01-01,2024-12-31,1,2026-09-15T16:28:02.595641+00:00
VALUE_ADDED_GROWTH_NUTS2,be10:nuts2,2000,2026-09-15T16:28:02.595641+00:00,82.4,estimate,2000-01-01,2000-12-31,1,2026-09-15T16:28:02.595641+00:00
VALUE_ADDED_GROWTH_NUTS2,be10:nuts2,2001,2026-09-15T16:28:02.595641+00:00,84.8,estimate,2001-01-01,2001-12-31,1,2026-09-15T16:28:02.595641+00:00
VALUE_ADDED_GROWTH_NUTS2,be10:nuts2,2002,2026-09-15T16:28:02.595641+00:00,86.9,estimate,2002-01-01,2002-12-31,1,2026-09-15T16:28:02.595641+00:00
VALUE_ADDED_GROWTH_NUTS2,be10:nuts2,2003,2026-09-15T16:28:02.595641+00:00,86.2,final,2003-01-01,2003-12-31,1,2026-09-15T16:28:02.595641+00:00
VALUE_ADDED_GROWTH_NUTS2,be10:nuts2,2004,2026-09-15T16:28:02.595641+00:00,88.1,final,2004-01-01,2004-12-31,1,2026-09-15T16:28:02.595641+00:00
VALUE_ADDED_GROWTH_NUTS2,be10:nuts2,2005,2026-09-15T16:28:02.595641+00:00,89.6,final,2005-01-01,2005-12-31,1,2026-09-15T16:28:02.595641+00:00
VALUE_ADDED_GROWTH_NUTS2,be10:nuts2,2006,2026-09-15T16:28:02.595641+00:00,92.4,final,2006-01-01,2006-12-31,1,2026-09-15T16:28:02.595641+00:00
VALUE_ADDED_GROWTH_NUTS2,be10:nuts2,2007,2026-09-15T16:28:02.595641+00:00,94.3,final,2007-01-01,2007-12-31,1,2026-09-15T16:28:02.595641+00:00
VALUE_ADDED_GROWTH_NUTS2,be10:nuts2,2008,2026-09-15T16:28:02.595641+00:00,94.5,final,2008-01-01,2008-12-31,1,2026-09-15T16:28:02.595641+00:00
VALUE_ADDED_GROWTH_NUTS2,be10:nuts2,2009,2026-09-15T16:28:02.595641+00:00,93.0,final,2009-01-01,2009-12-31,1,2026-09-15T16:28:02.595641+00:00
VALUE_ADDED_GROWTH_NUTS2,be10:nuts2,2010,2026-09-15T16:28:02.595641+00:00,95.6,final,2010-01-01,2010-12-31,1,2026-09-15T16:28:02.595641+00:00
VALUE_ADDED_GROWTH_NUTS2,be10:nuts2,2011,2026-09-15T16:28:02.595641+00:00,97.0,final,2011-01-01,2011-12-31,1,2026-09-15T16:28:02.595641+00:00
VALUE_ADDED_GROWTH_NUTS2,be10:nuts2,2012,2026-09-15T16:28:02.595641+00:00,97.9,final,2012-01-01,2012-12-31,1,2026-09-15T16:28:02.595641+00:00
VALUE_ADDED_GROWTH_NUTS2,be10:nuts2,2013,2026-09-15T16:28:02.595641+00:00,97.0,final,2013-01-01,2013-12-31,1,2026-09-15T16:28:02.595641+00:00
VALUE_ADDED_GROWTH_NUTS2,be10:nuts2,2014,2026-09-15T16:28:02.595641+00:00,98.9,final,2014-01-01,2014-12-31,1,2026-09-15T16:28:02.595641+00:00
VALUE_ADDED_GROWTH_NUTS2,be10:nuts2,2015,2026-09-15T16:28:02.595641+00:00,100.4,final,2015-01-01,2015-12-31,1,2026-09-15T16:28:02.595641+00:00
VALUE_ADDED_GROWTH_NUTS2,be10:nuts2,2016,2026-09-15T16:28:02.595641+00:00,99.7,final,2016-01-01,2016-12-31,1,2026-09-15T16:28:02.595641+00:00
VALUE_ADDED_GROWTH_NUTS2,be10:nuts2,2017,2026-09-15T16:28:02.595641+00:00,101.3,final,2017-01-01,2017-12-31,1,2026-09-15T16:28:02.595641+00:00
VALUE_ADDED_GROWTH_NUTS2,be10:nuts2,2018,2026-09-15T16:28:02.595641+00:00,101.9,final,2018-01-01,2018-12-31,1,2026-09-15T16:28:02.595641+00:00
VALUE_ADDED_GROWTH_NUTS2,be10:nuts2,2019,2026-09-15T16:28:02.595641+00:00,105.2,final,2019-01-01,2019-12-31,1,2026-09-15T16:28:02.595641+00:00
VALUE_ADDED_GROWTH_NUTS2,be10:nuts2,2020,2026-09-15T16:28:02.595641+00:00,100.0,final,2020-01-01,2020-12-31,1,2026-09-15T16:28:02.595641+00:00
VALUE_ADDED_GROWTH_NUTS2,be10:nuts2,2021,2026-09-15T16:28:02.595641+00:00,104.0,final,2021-01-01,2021-12-31,1,2026-09-15T16:28:02.595641+00:00
VALUE_ADDED_GROWTH_NUTS2,be10:nuts2,2022,2026-09-15T16:28:02.595641+00:00,106.8,final,2022-01-01,2022-12-31,1,2026-09-15T16:28:02.595641+00:00
VALUE_ADDED_GROWTH_NUTS2,be10:nuts2,2023,2026-09-15T16:28:02.595641+00:00,108.3,final,2023-01-01,2023-12-31,1,2026-09-15T16:28:02.595641+00:00
VALUE_ADDED_GROWTH_NUTS2,be10:nuts2,2024,2026-09-15T16:28:02.595641+00:00,109.8,provisional,2024-01-01,2024-12-31,1,2026-09-15T16:28:02.595641+00:00
VALUE_ADDED_GROWTH_NUTS2,be21:nuts2,2000,2026-09-15T16:28:02.595641+00:00,73.6,estimate,2000-01-01,2000-12-31,1,2026-09-15T16:28:02.595641+00:00
VALUE_ADDED_GROWTH_NUTS2,be21:nuts2,2001,2026-09-15T16:28:02.595641+00:00,73.5,estimate,2001-01-01,2001-12-31,1,2026-09-15T16:28:02.595641+00:00
VALUE_ADDED_GROWTH_NUTS2,be21:nuts2,2002,2026-09-15T16:28:02.595641+00:00,75.6,estimate,2002-01-01,2002-12-31,1,2026-09-15T16:28:02.595641+00:00
VALUE_ADDED_GROWTH_NUTS2,be21:nuts2,2003,2026-09-15T16:28:02.595641+00:00,76.5,final,2003-01-01,2003-12-31,1,2026-09-15T16:28:02.595641+00:00
VALUE_ADDED_GROWTH_NUTS2,be21:nuts2,2004,2026-09-15T16:28:02.595641+00:00,79.6,final,2004-01-01,2004-12-31,1,2026-09-15T16:28:02.595641+00:00
VALUE_ADDED_GROWTH_NUTS2,be21:nuts2,2005,2026-09-15T16:28:02.595641+00:00,83.2,final,2005-01-01,2005-12-31,1,2026-09-15T16:28:02.595641+00:00
VALUE_ADDED_GROWTH_NUTS2,be21:nuts2,2006,2026-09-15T16:28:02.595641+00:00,83.9,final,2006-01-01,2006-12-31,1,2026-09-15T16:28:02.595641+00:00
VALUE_ADDED_GROWTH_NUTS2,be21:nuts2,2007,2026-09-15T16:28:02.595641+00:00,87.6,final,2007-01-01,2007-12-31,1,2026-09-15T16:28:02.595641+00:00
VALUE_ADDED_GROWTH_NUTS2,be21:nuts2,2008,2026-09-15T16:28:02.595641+00:00,88.6,final,2008-01-01,2008-12-31,1,2026-09-15T16:28:02.595641+00:00
VALUE_ADDED_GROWTH_NUTS2,be21:nuts2,2009,2026-09-15T16:28:02.595641+00:00,86.0,final,2009-01-01,2009-12-31,1,2026-09-15T16:28:02.595641+00:00
VALUE_ADDED_GROWTH_NUTS2,be21:nuts2,2010,2026-09-15T16:28:02.595641+00:00,88.0,final,2010-01-01,2010-12-31,1,2026-09-15T16:28:02.595641+00:00
VALUE_ADDED_GROWTH_NUTS2,be21:nuts2,2011,2026-09-15T16:28:02.595641+00:00,90.9,final,2011-01-01,2011-12-31,1,2026-09-15T16:28:02.595641+00:00
VALUE_ADDED_GROWTH_NUTS2,be21:nuts2,2012,2026-09-15T16:28:02.595641+00:00,91.1,final,2012-01-01,2012-12-31,1,2026-09-15T16:28:02.595641+00:00
VALUE_ADDED_GROWTH_NUTS2,be21:nuts2,2013,2026-09-15T16:28:02.595641+00:00,91.9,final,2013-01-01,2013-12-31,1,2026-09-15T16:28:02.595641+00:00
VALUE_ADDED_GROWTH_NUTS2,be21:nuts2,2014,2026-09-15T16:28:02.595641+00:00,93.8,final,2014-01-01,2014-12-31,1,2026-09-15T16:28:02.595641+00:00
VALUE_ADDED_GROWTH_NUTS2,be21:nuts2,2015,2026-09-15T16:28:02.595641+00:00,96.3,final,2015-01-01,2015-12-31,1,2026-09-15T16:28:02.595641+00:00
VALUE_ADDED_GROWTH_NUTS2,be21:nuts2,2016,2026-09-15T16:28:02.595641+00:00,97.3,final,2016-01-01,2016-12-31,1,2026-09-15T16:28:02.595641+00:00
VALUE_ADDED_GROWTH_NUTS2,be21:nuts2,2017,2026-09-15T16:28:02.595641+00:00,98.4,final,2017-01-01,2017-12-31,1,2026-09-15T16:28:02.595641+00:00
VALUE_ADDED_GROWTH_NUTS2,be21:nuts2,2018,2026-09-15T16:28:02.595641+00:00,100.7,final,2018-01-01,2018-12-31,1,2026-09-15T16:28:02.595641+00:00
VALUE_ADDED_GROWTH_NUTS2,be21:nuts2,2019,2026-09-15T16:28:02.595641+00:00,103.1,final,2019-01-01,2019-12-31,1,2026-09-15T16:28:02.595641+00:00
VALUE_ADDED_GROWTH_NUTS2,be21:nuts2,2020,2026-09-15T16:28:02.595641+00:00,100.0,final,2020-01-01,2020-12-31,1,2026-09-15T16:28:02.595641+00:00
VALUE_ADDED_GROWTH_NUTS2,be21:nuts2,2021,2026-09-15T16:28:02.595641+00:00,105.1,final,2021-01-01,2021-12-31,1,2026-09-15T16:28:02.595641+00:00
VALUE_ADDED_GROWTH_NUTS2,be21:nuts2,2022,2026-09-15T16:28:02.595641+00:00,111.9,final,2022-01-01,2022-12-31,1,2026-09-15T16:28:02.595641+00:00
VALUE_ADDED_GROWTH_NUTS2,be21:nuts2,2023,2026-09-15T16:28:02.595641+00:00,113.5,final,2023-01-01,2023-12-31,1,2026-09-15T16:28:02.595641+00:00
VALUE_ADDED_GROWTH_NUTS2,be21:nuts2,2024,2026-09-15T16:28:02.595641+00:00,113.1,provisional,2024-01-01,2024-12-31,1,2026-09-15T16:28:02.595641+00:00
VALUE_ADDED_GROWTH_NUTS2,be22:nuts2,2000,2026-09-15T16:28:02.595641+00:00,80.0,estimate,2000-01-01,2000-12-31,1,2026-09-15T16:28:02.595641+00:00
VALUE_ADDED_GROWTH_NUTS2,be22:nuts2,2001,2026-09-15T16:28:02.595641+00:00,81.5,estimate,2001-01-01,2001-12-31,1,2026-09-15T16:28:02.595641+00:00
VALUE_ADDED_GROWTH_NUTS2,be22:nuts2,2002,2026-09-15T16:28:02.595641+00:00,82.8,estimate,2002-01-01,2002-12-31,1,2026-09-15T16:28:02.595641+00:00
VALUE_ADDED_GROWTH_NUTS2,be22:nuts2,2003,2026-09-15T16:28:02.595641+00:00,84.3,final,2003-01-01,2003-12-31,1,2026-09-15T16:28:02.595641+00:00
VALUE_ADDED_GROWTH_NUTS2,be22:nuts2,2004,2026-09-15T16:28:02.595641+00:00,85.5,final,2004-01-01,2004-12-31,1,2026-09-15T16:28:02.595641+00:00
VALUE_ADDED_GROWTH_NUTS2,be22:nuts2,2005,2026-09-15T16:28:02.595641+00:00,86.0,final,2005-01-01,2005-12-31,1,2026-09-15T16:28:02.595641+00:00
VALUE_ADDED_GROWTH_NUTS2,be22:nuts2,2006,2026-09-15T16:28:02.595641+00:00,89.2,final,2006-01-01,2006-12-31,1,2026-09-15T16:28:02.595641+00:00
VALUE_ADDED_GROWTH_NUTS2,be22:nuts2,2007,2026-09-15T16:28:02.595641+00:00,93.1,final,2007-01-01,2007-12-31,1,2026-09-15T16:28:02.595641+00:00
VALUE_ADDED_GROWTH_NUTS2,be22:nuts2,2008,2026-09-15T16:28:02.595641+00:00,95.0,final,2008-01-01,2008-12-31,1,2026-09-15T16:28:02.595641+00:00
VALUE_ADDED_GROWTH_NUTS2,be22:nuts2,2009,2026-09-15T16:28:02.595641+00:00,88.6,final,2009-01-01,2009-12-31,1,2026-09-15T16:28:02.595641+00:00
VALUE_ADDED_GROWTH_NUTS2,be22:nuts2,2010,2026-09-15T16:28:02.595641+00:00,91.3,final,2010-01-01,2010-12-31,1,2026-09-15T16:28:02.595641+00:00
VALUE_ADDED_GROWTH_NUTS2,be22:nuts2,2011,2026-09-15T16:28:02.595641+00:00,94.6,final,2011-01-01,2011-12-31,1,2026-09-15T16:28:02.595641+00:00
VALUE_ADDED_GROWTH_NUTS2,be22:nuts2,2012,2026-09-15T16:28:02.595641+00:00,93.6,final,2012-01-01,2012-12-31,1,2026-09-15T16:28:02.595641+00:00
VALUE_ADDED_GROWTH_NUTS2,be22:nuts2,2013,2026-09-15T16:28:02.595641+00:00,94.3,final,2013-01-01,2013-12-31,1,2026-09-15T16:28:02.595641+00:00
VALUE_ADDED_GROWTH_NUTS2,be22:nuts2,2014,2026-09-15T16:28:02.595641+00:00,96.8,final,2014-01-01,2014-12-31,1,2026-09-15T16:28:02.595641+00:00
VALUE_ADDED_GROWTH_NUTS2,be22:nuts2,2015,2026-09-15T16:28:02.595641+00:00,97.0,final,2015-01-01,2015-12-31,1,2026-09-15T16:28:02.595641+00:00
VALUE_ADDED_GROWTH_NUTS2,be22:nuts2,2016,2026-09-15T16:28:02.595641+00:00,98.2,final,2016-01-01,2016-12-31,1,2026-09-15T16:28:02.595641+00:00
VALUE_ADDED_GROWTH_NUTS2,be22:nuts2,2017,2026-09-15T16:28:02.595641+00:00,100.4,final,2017-01-01,2017-12-31,1,2026-09-15T16:28:02.595641+00:00
VALUE_ADDED_GROWTH_NUTS2,be22:nuts2,2018,2026-09-15T16:28:02.595641+00:00,102.3,final,2018-01-01,2018-12-31,1,2026-09-15T16:28:02.595641+00:00
VALUE_ADDED_GROWTH_NUTS2,be22:nuts2,2019,2026-09-15T16:28:02.595641+00:00,104.2,final,2019-01-01,2019-12-31,1,2026-09-15T16:28:02.595641+00:00
VALUE_ADDED_GROWTH_NUTS2,be22:nuts2,2020,2026-09-15T16:28:02.595641+00:00,100.0,final,2020-01-01,2020-12-31,1,2026-09-15T16:28:02.595641+00:00
VALUE_ADDED_GROWTH_NUTS2,be22:nuts2,2021,2026-09-15T16:28:02.595641+00:00,106.0,final,2021-01-01,2021-12-31,1,2026-09-15T16:28:02.595641+00:00
VALUE_ADDED_GROWTH_NUTS2,be22:nuts2,2022,2026-09-15T16:28:02.595641+00:00,110.8,final,2022-01-01,2022-12-31,1,2026-09-15T16:28:02.595641+00:00
VALUE_ADDED_GROWTH_NUTS2,be22:nuts2,2023,2026-09-15T16:28:02.595641+00:00,111.0,final,2023-01-01,2023-12-31,1,2026-09-15T16:28:02.595641+00:00
VALUE_ADDED_GROWTH_NUTS2,be22:nuts2,2024,2026-09-15T16:28:02.595641+00:00,111.8,provisional,2024-01-01,2024-12-31,1,2026-09-15T16:28:02.595641+00:00
VALUE_ADDED_GROWTH_NUTS2,be23:nuts2,2000,2026-09-15T16:28:02.595641+00:00,73.3,estimate,2000-01-01,2000-12-31,1,2026-09-15T16:28:02.595641+00:00
VALUE_ADDED_GROWTH_NUTS2,be23:nuts2,2001,2026-09-15T16:28:02.595641+00:00,74.3,estimate,2001-01-01,2001-12-31,1,2026-09-15T16:28:02.595641+00:00
VALUE_ADDED_GROWTH_NUTS2,be23:nuts2,2002,2026-09-15T16:28:02.595641+00:00,76.4,estimate,2002-01-01,2002-12-31,1,2026-09-15T16:28:02.595641+00:00
VALUE_ADDED_GROWTH_NUTS2,be23:nuts2,2003,2026-09-15T16:28:02.595641+00:00,77.9,final,2003-01-01,2003-12-31,1,2026-09-15T16:28:02.595641+00:00
VALUE_ADDED_GROWTH_NUTS2,be23:nuts2,2004,2026-09-15T16:28:02.595641+00:00,80.3,final,2004-01-01,2004-12-31,1,2026-09-15T16:28:02.595641+00:00
VALUE_ADDED_GROWTH_NUTS2,be23:nuts2,2005,2026-09-15T16:28:02.595641+00:00,81.6,final,2005-01-01,2005-12-31,1,2026-09-15T16:28:02.595641+00:00
VALUE_ADDED_GROWTH_NUTS2,be23:nuts2,2006,2026-09-15T16:28:02.595641+00:00,84.2,final,2006-01-01,2006-12-31,1,2026-09-15T16:28:02.595641+00:00
VALUE_ADDED_GROWTH_NUTS2,be23:nuts2,2007,2026-09-15T16:28:02.595641+00:00,88.4,final,2007-01-01,2007-12-31,1,2026-09-15T16:28:02.595641+00:00
VALUE_ADDED_GROWTH_NUTS2,be23:nuts2,2008,2026-09-15T16:28:02.595641+00:00,88.1,final,2008-01-01,2008-12-31,1,2026-09-15T16:28:02.595641+00:00
VALUE_ADDED_GROWTH_NUTS2,be23:nuts2,2009,2026-09-15T16:28:02.595641+00:00,88.4,final,2009-01-01,2009-12-31,1,2026-09-15T16:28:02.595641+00:00
VALUE_ADDED_GROWTH_NUTS2,be23:nuts2,2010,2026-09-15T16:28:02.595641+00:00,90.3,final,2010-01-01,2010-12-31,1,2026-09-15T16:28:02.595641+00:00
VALUE_ADDED_GROWTH_NUTS2,be23:nuts2,2011,2026-09-15T16:28:02.595641+00:00,92.7,final,2011-01-01,2011-12-31,1,2026-09-15T16:28:02.595641+00:00
VALUE_ADDED_GROWTH_NUTS2,be23:nuts2,2012,2026-09-15T16:28:02.595641+00:00,92.1,final,2012-01-01,2012-12-31,1,2026-09-15T16:28:02.595641+00:00
VALUE_ADDED_GROWTH_NUTS2,be23:nuts2,2013,2026-09-15T16:28:02.595641+00:00,93.0,final,2013-01-01,2013-12-31,1,2026-09-15T16:28:02.595641+00:00
VALUE_ADDED_GROWTH_NUTS2,be23:nuts2,2014,2026-09-15T16:28:02.595641+00:00,94.4,final,2014-01-01,2014-12-31,1,2026-09-15T16:28:02.595641+00:00
VALUE_ADDED_GROWTH_NUTS2,be23:nuts2,2015,2026-09-15T16:28:02.595641+00:00,97.4,final,2015-01-01,2015-12-31,1,2026-09-15T16:28:02.595641+00:00
VALUE_ADDED_GROWTH_NUTS2,be23:nuts2,2016,2026-09-15T16:28:02.595641+00:00,98.5,final,2016-01-01,2016-12-31,1,2026-09-15T16:28:02.595641+00:00
VALUE_ADDED_GROWTH_NUTS2,be23:nuts2,2017,2026-09-15T16:28:02.595641+00:00,100.7,final,2017-01-01,2017-12-31,1,2026-09-15T16:28:02.595641+00:00
VALUE_ADDED_GROWTH_NUTS2,be23:nuts2,2018,2026-09-15T16:28:02.595641+00:00,101.4,final,2018-01-01,2018-12-31,1,2026-09-15T16:28:02.595641+00:00
VALUE_ADDED_GROWTH_NUTS2,be23:nuts2,2019,2026-09-15T16:28:02.595641+00:00,103.7,final,2019-01-01,2019-12-31,1,2026-09-15T16:28:02.595641+00:00
VALUE_ADDED_GROWTH_NUTS2,be23:nuts2,2020,2026-09-15T16:28:02.595641+00:00,100.0,final,2020-01-01,2020-12-31,1,2026-09-15T16:28:02.595641+00:00
VALUE_ADDED_GROWTH_NUTS2,be23:nuts2,2021,2026-09-15T16:28:02.595641+00:00,108.0,final,2021-01-01,2021-12-31,1,2026-09-15T16:28:02.595641+00:00
VALUE_ADDED_GROWTH_NUTS2,be23:nuts2,2022,2026-09-15T16:28:02.595641+00:00,112.9,final,2022-01-01,2022-12-31,1,2026-09-15T16:28:02.595641+00:00
VALUE_ADDED_GROWTH_NUTS2,be23:nuts2,2023,2026-09-15T16:28:02.595641+00:00,113.2,final,2023-01-01,2023-12-31,1,2026-09-15T16:28:02.595641+00:00
VALUE_ADDED_GROWTH_NUTS2,be23:nuts2,2024,2026-09-15T16:28:02.595641+00:00,115.3,provisional,2024-01-01,2024-12-31,1,2026-09-15T16:28:02.595641+00:00
VALUE_ADDED_GROWTH_NUTS2,be24:nuts2,2000,2026-09-15T16:28:02.595641+00:00,73.5,estimate,2000-01-01,2000-12-31,1,2026-09-15T16:28:02.595641+00:00
VALUE_ADDED_GROWTH_NUTS2,be24:nuts2,2001,2026-09-15T16:28:02.595641+00:00,76.3,estimate,2001-01-01,2001-12-31,1,2026-09-15T16:28:02.595641+00:00
VALUE_ADDED_GROWTH_NUTS2,be24:nuts2,2002,2026-09-15T16:28:02.595641+00:00,75.6,estimate,2002-01-01,2002-12-31,1,2026-09-15T16:28:02.595641+00:00
VALUE_ADDED_GROWTH_NUTS2,be24:nuts2,2003,2026-09-15T16:28:02.595641+00:00,77.4,final,2003-01-01,2003-12-31,1,2026-09-15T16:28:02.595641+00:00
VALUE_ADDED_GROWTH_NUTS2,be24:nuts2,2004,2026-09-15T16:28:02.595641+00:00,79.9,final,2004-01-01,2004-12-31,1,2026-09-15T16:28:02.595641+00:00
VALUE_ADDED_GROWTH_NUTS2,be24:nuts2,2005,2026-09-15T16:28:02.595641+00:00,82.2,final,2005-01-01,2005-12-31,1,2026-09-15T16:28:02.595641+00:00
VALUE_ADDED_GROWTH_NUTS2,be24:nuts2,2006,2026-09-15T16:28:02.595641+00:00,85.6,final,2006-01-01,2006-12-31,1,2026-09-15T16:28:02.595641+00:00
VALUE_ADDED_GROWTH_NUTS2,be24:nuts2,2007,2026-09-15T16:28:02.595641+00:00,89.0,final,2007-01-01,2007-12-31,1,2026-09-15T16:28:02.595641+00:00
VALUE_ADDED_GROWTH_NUTS2,be24:nuts2,2008,2026-09-15T16:28:02.595641+00:00,89.9,final,2008-01-01,2008-12-31,1,2026-09-15T16:28:02.595641+00:00
VALUE_ADDED_GROWTH_NUTS2,be24:nuts2,2009,2026-09-15T16:28:02.595641+00:00,90.9,final,2009-01-01,2009-12-31,1,2026-09-15T16:28:02.595641+00:00
VALUE_ADDED_GROWTH_NUTS2,be24:nuts2,2010,2026-09-15T16:28:02.595641+00:00,91.9,final,2010-01-01,2010-12-31,1,2026-09-15T16:28:02.595641+00:00
VALUE_ADDED_GROWTH_NUTS2,be24:nuts2,2011,2026-09-15T16:28:02.595641+00:00,94.4,final,2011-01-01,2011-12-31,1,2026-09-15T16:28:02.595641+00:00
VALUE_ADDED_GROWTH_NUTS2,be24:nuts2,2012,2026-09-15T16:28:02.595641+00:00,95.8,final,2012-01-01,2012-12-31,1,2026-09-15T16:28:02.595641+00:00
VALUE_ADDED_GROWTH_NUTS2,be24:nuts2,2013,2026-09-15T16:28:02.595641+00:00,95.8,final,2013-01-01,2013-12-31,1,2026-09-15T16:28:02.595641+00:00
VALUE_ADDED_GROWTH_NUTS2,be24:nuts2,2014,2026-09-15T16:28:02.595641+00:00,96.7,final,2014-01-01,2014-12-31,1,2026-09-15T16:28:02.595641+00:00
VALUE_ADDED_GROWTH_NUTS2,be24:nuts2,2015,2026-09-15T16:28:02.595641+00:00,98.8,final,2015-01-01,2015-12-31,1,2026-09-15T16:28:02.595641+00:00
VALUE_ADDED_GROWTH_NUTS2,be24:nuts2,2016,2026-09-15T16:28:02.595641+00:00,100.6,final,2016-01-01,2016-12-31,1,2026-09-15T16:28:02.595641+00:00
VALUE_ADDED_GROWTH_NUTS2,be24:nuts2,2017,2026-09-15T16:28:02.595641+00:00,101.5,final,2017-01-01,2017-12-31,1,2026-09-15T16:28:02.595641+00:00
VALUE_ADDED_GROWTH_NUTS2,be24:nuts2,2018,2026-09-15T16:28:02.595641+00:00,103.2,final,2018-01-01,2018-12-31,1,2026-09-15T16:28:02.595641+00:00
VALUE_ADDED_GROWTH_NUTS2,be24:nuts2,2019,2026-09-15T16:28:02.595641+00:00,106.1,final,2019-01-01,2019-12-31,1,2026-09-15T16:28:02.595641+00:00
VALUE_ADDED_GROWTH_NUTS2,be24:nuts2,2020,2026-09-15T16:28:02.595641+00:00,100.0,final,2020-01-01,2020-12-31,1,2026-09-15T16:28:02.595641+00:00
VALUE_ADDED_GROWTH_NUTS2,be24:nuts2,2021,2026-09-15T16:28:02.595641+00:00,110.8,final,2021-01-01,2021-12-31,1,2026-09-15T16:28:02.595641+00:00
VALUE_ADDED_GROWTH_NUTS2,be24:nuts2,2022,2026-09-15T16:28:02.595641+00:00,111.6,final,2022-01-01,2022-12-31,1,2026-09-15T16:28:02.595641+00:00
VALUE_ADDED_GROWTH_NUTS2,be24:nuts2,2023,2026-09-15T16:28:02.595641+00:00,117.6,final,2023-01-01,2023-12-31,1,2026-09-15T16:28:02.595641+00:00
VALUE_ADDED_GROWTH_NUTS2,be24:nuts2,2024,2026-09-15T16:28:02.595641+00:00,119.0,provisional,2024-01-01,2024-12-31,1,2026-09-15T16:28:02.595641+00:00
VALUE_ADDED_GROWTH_NUTS2,be25:nuts2,2000,2026-09-15T16:28:02.595641+00:00,78.1,estimate,2000-01-01,2000-12-31,1,2026-09-15T16:28:02.595641+00:00
VALUE_ADDED_GROWTH_NUTS2,be25:nuts2,2001,2026-09-15T16:28:02.595641+00:00,79.1,estimate,2001-01-01,2001-12-31,1,2026-09-15T16:28:02.595641+00:00
VALUE_ADDED_GROWTH_NUTS2,be25:nuts2,2002,2026-09-15T16:28:02.595641+00:00,79.9,estimate,2002-01-01,2002-12-31,1,2026-09-15T16:28:02.595641+00:00
VALUE_ADDED_GROWTH_NUTS2,be25:nuts2,2003,2026-09-15T16:28:02.595641+00:00,80.9,final,2003-01-01,2003-12-31,1,2026-09-15T16:28:02.595641+00:00
VALUE_ADDED_GROWTH_NUTS2,be25:nuts2,2004,2026-09-15T16:28:02.595641+00:00,83.4,final,2004-01-01,2004-12-31,1,2026-09-15T16:28:02.595641+00:00
VALUE_ADDED_GROWTH_NUTS2,be25:nuts2,2005,2026-09-15T16:28:02.595641+00:00,85.1,final,2005-01-01,2005-12-31,1,2026-09-15T16:28:02.595641+00:00
VALUE_ADDED_GROWTH_NUTS2,be25:nuts2,2006,2026-09-15T16:28:02.595641+00:00,88.8,final,2006-01-01,2006-12-31,1,2026-09-15T16:28:02.595641+00:00
VALUE_ADDED_GROWTH_NUTS2,be25:nuts2,2007,2026-09-15T16:28:02.595641+00:00,92.6,final,2007-01-01,2007-12-31,1,2026-09-15T16:28:02.595641+00:00
VALUE_ADDED_GROWTH_NUTS2,be25:nuts2,2008,2026-09-15T16:28:02.595641+00:00,92.0,final,2008-01-01,2008-12-31,1,2026-09-15T16:28:02.595641+00:00
VALUE_ADDED_GROWTH_NUTS2,be25:nuts2,2009,2026-09-15T16:28:02.595641+00:00,89.3,final,2009-01-01,2009-12-31,1,2026-09-15T16:28:02.595641+00:00
VALUE_ADDED_GROWTH_NUTS2,be25:nuts2,2010,2026-09-15T16:28:02.595641+00:00,92.2,final,2010-01-01,2010-12-31,1,2026-09-15T16:28:02.595641+00:00
VALUE_ADDED_GROWTH_NUTS2,be25:nuts2,2011,2026-09-15T16:28:02.595641+00:00,94.5,final,2011-01-01,2011-12-31,1,2026-09-15T16:28:02.595641+00:00
VALUE_ADDED_GROWTH_NUTS2,be25:nuts2,2012,2026-09-15T16:28:02.595641+00:00,94.4,final,2012-01-01,2012-12-31,1,2026-09-15T16:28:02.595641+00:00
VALUE_ADDED_GROWTH_NUTS2,be25:nuts2,2013,2026-09-15T16:28:02.595641+00:00,95.0,final,2013-01-01,2013-12-31,1,2026-09-15T16:28:02.595641+00:00
VALUE_ADDED_GROWTH_NUTS2,be25:nuts2,2014,2026-09-15T16:28:02.595641+00:00,97.4,final,2014-01-01,2014-12-31,1,2026-09-15T16:28:02.595641+00:00
VALUE_ADDED_GROWTH_NUTS2,be25:nuts2,2015,2026-09-15T16:28:02.595641+00:00,98.2,final,2015-01-01,2015-12-31,1,2026-09-15T16:28:02.595641+00:00
VALUE_ADDED_GROWTH_NUTS2,be25:nuts2,2016,2026-09-15T16:28:02.595641+00:00,99.6,final,2016-01-01,2016-12-31,1,2026-09-15T16:28:02.595641+00:00
VALUE_ADDED_GROWTH_NUTS2,be25:nuts2,2017,2026-09-15T16:28:02.595641+00:00,100.6,final,2017-01-01,2017-12-31,1,2026-09-15T16:28:02.595641+00:00
VALUE_ADDED_GROWTH_NUTS2,be25:nuts2,2018,2026-09-15T16:28:02.595641+00:00,101.6,final,2018-01-01,2018-12-31,1,2026-09-15T16:28:02.595641+00:00
VALUE_ADDED_GROWTH_NUTS2,be25:nuts2,2019,2026-09-15T16:28:02.595641+00:00,103.8,final,2019-01-01,2019-12-31,1,2026-09-15T16:28:02.595641+00:00
VALUE_ADDED_GROWTH_NUTS2,be25:nuts2,2020,2026-09-15T16:28:02.595641+00:00,100.0,final,2020-01-01,2020-12-31,1,2026-09-15T16:28:02.595641+00:00
VALUE_ADDED_GROWTH_NUTS2,be25:nuts2,2021,2026-09-15T16:28:02.595641+00:00,106.4,final,2021-01-01,2021-12-31,1,2026-09-15T16:28:02.595641+00:00
VALUE_ADDED_GROWTH_NUTS2,be25:nuts2,2022,2026-09-15T16:28:02.595641+00:00,110.9,final,2022-01-01,2022-12-31,1,2026-09-15T16:28:02.595641+00:00
VALUE_ADDED_GROWTH_NUTS2,be25:nuts2,2023,2026-09-15T16:28:02.595641+00:00,113.6,final,2023-01-01,2023-12-31,1,2026-09-15T16:28:02.595641+00:00
VALUE_ADDED_GROWTH_NUTS2,be25:nuts2,2024,2026-09-15T16:28:02.595641+00:00,114.6,provisional,2024-01-01,2024-12-31,1,2026-09-15T16:28:02.595641+00:00
VALUE_ADDED_GROWTH_NUTS2,be31:nuts2,2000,2026-09-15T16:28:02.595641+00:00,52.8,estimate,2000-01-01,2000-12-31,1,2026-09-15T16:28:02.595641+00:00
VALUE_ADDED_GROWTH_NUTS2,be31:nuts2,2001,2026-09-15T16:28:02.595641+00:00,54.4,estimate,2001-01-01,2001-12-31,1,2026-09-15T16:28:02.595641+00:00
VALUE_ADDED_GROWTH_NUTS2,be31:nuts2,2002,2026-09-15T16:28:02.595641+00:00,56.2,estimate,2002-01-01,2002-12-31,1,2026-09-15T16:28:02.595641+00:00
VALUE_ADDED_GROWTH_NUTS2,be31:nuts2,2003,2026-09-15T16:28:02.595641+00:00,56.4,final,2003-01-01,2003-12-31,1,2026-09-15T16:28:02.595641+00:00
VALUE_ADDED_GROWTH_NUTS2,be31:nuts2,2004,2026-09-15T16:28:02.595641+00:00,60.1,final,2004-01-01,2004-12-31,1,2026-09-15T16:28:02.595641+00:00
VALUE_ADDED_GROWTH_NUTS2,be31:nuts2,2005,2026-09-15T16:28:02.595641+00:00,63.5,final,2005-01-01,2005-12-31,1,2026-09-15T16:28:02.595641+00:00
VALUE_ADDED_GROWTH_NUTS2,be31:nuts2,2006,2026-09-15T16:28:02.595641+00:00,62.4,final,2006-01-01,2006-12-31,1,2026-09-15T16:28:02.595641+00:00
VALUE_ADDED_GROWTH_NUTS2,be31:nuts2,2007,2026-09-15T16:28:02.595641+00:00,66.8,final,2007-01-01,2007-12-31,1,2026-09-15T16:28:02.595641+00:00
VALUE_ADDED_GROWTH_NUTS2,be31:nuts2,2008,2026-09-15T16:28:02.595641+00:00,67.9,final,2008-01-01,2008-12-31,1,2026-09-15T16:28:02.595641+00:00
VALUE_ADDED_GROWTH_NUTS2,be31:nuts2,2009,2026-09-15T16:28:02.595641+00:00,69.1,final,2009-01-01,2009-12-31,1,2026-09-15T16:28:02.595641+00:00
VALUE_ADDED_GROWTH_NUTS2,be31:nuts2,2010,2026-09-15T16:28:02.595641+00:00,77.0,final,2010-01-01,2010-12-31,1,2026-09-15T16:28:02.595641+00:00
VALUE_ADDED_GROWTH_NUTS2,be31:nuts2,2011,2026-09-15T16:28:02.595641+00:00,72.8,final,2011-01-01,2011-12-31,1,2026-09-15T16:28:02.595641+00:00
VALUE_ADDED_GROWTH_NUTS2,be31:nuts2,2012,2026-09-15T16:28:02.595641+00:00,74.8,final,2012-01-01,2012-12-31,1,2026-09-15T16:28:02.595641+00:00
VALUE_ADDED_GROWTH_NUTS2,be31:nuts2,2013,2026-09-15T16:28:02.595641+00:00,77.0,final,2013-01-01,2013-12-31,1,2026-09-15T16:28:02.595641+00:00
VALUE_ADDED_GROWTH_NUTS2,be31:nuts2,2014,2026-09-15T16:28:02.595641+00:00,80.3,final,2014-01-01,2014-12-31,1,2026-09-15T16:28:02.595641+00:00
VALUE_ADDED_GROWTH_NUTS2,be31:nuts2,2015,2026-09-15T16:28:02.595641+00:00,79.1,final,2015-01-01,2015-12-31,1,2026-09-15T16:28:02.595641+00:00
VALUE_ADDED_GROWTH_NUTS2,be31:nuts2,2016,2026-09-15T16:28:02.595641+00:00,82.9,final,2016-01-01,2016-12-31,1,2026-09-15T16:28:02.595641+00:00
VALUE_ADDED_GROWTH_NUTS2,be31:nuts2,2017,2026-09-15T16:28:02.595641+00:00,85.6,final,2017-01-01,2017-12-31,1,2026-09-15T16:28:02.595641+00:00
VALUE_ADDED_GROWTH_NUTS2,be31:nuts2,2018,2026-09-15T16:28:02.595641+00:00,95.0,final,2018-01-01,2018-12-31,1,2026-09-15T16:28:02.595641+00:00
VALUE_ADDED_GROWTH_NUTS2,be31:nuts2,2019,2026-09-15T16:28:02.595641+00:00,103.8,final,2019-01-01,2019-12-31,1,2026-09-15T16:28:02.595641+00:00
VALUE_ADDED_GROWTH_NUTS2,be31:nuts2,2020,2026-09-15T16:28:02.595641+00:00,100.0,final,2020-01-01,2020-12-31,1,2026-09-15T16:28:02.595641+00:00
VALUE_ADDED_GROWTH_NUTS2,be31:nuts2,2021,2026-09-15T16:28:02.595641+00:00,94.3,final,2021-01-01,2021-12-31,1,2026-09-15T16:28:02.595641+00:00
VALUE_ADDED_GROWTH_NUTS2,be31:nuts2,2022,2026-09-15T16:28:02.595641+00:00,106.2,final,2022-01-01,2022-12-31,1,2026-09-15T16:28:02.595641+00:00
VALUE_ADDED_GROWTH_NUTS2,be31:nuts2,2023,2026-09-15T16:28:02.595641+00:00,112.1,final,2023-01-01,2023-12-31,1,2026-09-15T16:28:02.595641+00:00
VALUE_ADDED_GROWTH_NUTS2,be31:nuts2,2024,2026-09-15T16:28:02.595641+00:00,112.9,provisional,2024-01-01,2024-12-31,1,2026-09-15T16:28:02.595641+00:00
VALUE_ADDED_GROWTH_NUTS2,be32:nuts2,2000,2026-09-15T16:28:02.595641+00:00,87.3,estimate,2000-01-01,2000-12-31,1,2026-09-15T16:28:02.595641+00:00
VALUE_ADDED_GROWTH_NUTS2,be32:nuts2,2001,2026-09-15T16:28:02.595641+00:00,87.5,estimate,2001-01-01,2001-12-31,1,2026-09-15T16:28:02.595641+00:00
VALUE_ADDED_GROWTH_NUTS2,be32:nuts2,2002,2026-09-15T16:28:02.595641+00:00,87.2,estimate,2002-01-01,2002-12-31,1,2026-09-15T16:28:02.595641+00:00
VALUE_ADDED_GROWTH_NUTS2,be32:nuts2,2003,2026-09-15T16:28:02.595641+00:00,89.7,final,2003-01-01,2003-12-31,1,2026-09-15T16:28:02.595641+00:00
VALUE_ADDED_GROWTH_NUTS2,be32:nuts2,2004,2026-09-15T16:28:02.595641+00:00,93.9,final,2004-01-01,2004-12-31,1,2026-09-15T16:28:02.595641+00:00
VALUE_ADDED_GROWTH_NUTS2,be32:nuts2,2005,2026-09-15T16:28:02.595641+00:00,95.0,final,2005-01-01,2005-12-31,1,2026-09-15T16:28:02.595641+00:00
VALUE_ADDED_GROWTH_NUTS2,be32:nuts2,2006,2026-09-15T16:28:02.595641+00:00,95.6,final,2006-01-01,2006-12-31,1,2026-09-15T16:28:02.595641+00:00
VALUE_ADDED_GROWTH_NUTS2,be32:nuts2,2007,2026-09-15T16:28:02.595641+00:00,98.5,final,2007-01-01,2007-12-31,1,2026-09-15T16:28:02.595641+00:00
VALUE_ADDED_GROWTH_NUTS2,be32:nuts2,2008,2026-09-15T16:28:02.595641+00:00,100.6,final,2008-01-01,2008-12-31,1,2026-09-15T16:28:02.595641+00:00
VALUE_ADDED_GROWTH_NUTS2,be32:nuts2,2009,2026-09-15T16:28:02.595641+00:00,95.8,final,2009-01-01,2009-12-31,1,2026-09-15T16:28:02.595641+00:00
VALUE_ADDED_GROWTH_NUTS2,be32:nuts2,2010,2026-09-15T16:28:02.595641+00:00,98.3,final,2010-01-01,2010-12-31,1,2026-09-15T16:28:02.595641+00:00
VALUE_ADDED_GROWTH_NUTS2,be32:nuts2,2011,2026-09-15T16:28:02.595641+00:00,100.7,final,2011-01-01,2011-12-31,1,2026-09-15T16:28:02.595641+00:00
VALUE_ADDED_GROWTH_NUTS2,be32:nuts2,2012,2026-09-15T16:28:02.595641+00:00,99.4,final,2012-01-01,2012-12-31,1,2026-09-15T16:28:02.595641+00:00
VALUE_ADDED_GROWTH_NUTS2,be32:nuts2,2013,2026-09-15T16:28:02.595641+00:00,98.0,final,2013-01-01,2013-12-31,1,2026-09-15T16:28:02.595641+00:00
VALUE_ADDED_GROWTH_NUTS2,be32:nuts2,2014,2026-09-15T16:28:02.595641+00:00,100.2,final,2014-01-01,2014-12-31,1,2026-09-15T16:28:02.595641+00:00
VALUE_ADDED_GROWTH_NUTS2,be32:nuts2,2015,2026-09-15T16:28:02.595641+00:00,101.2,final,2015-01-01,2015-12-31,1,2026-09-15T16:28:02.595641+00:00
VALUE_ADDED_GROWTH_NUTS2,be32:nuts2,2016,2026-09-15T16:28:02.595641+00:00,101.1,final,2016-01-01,2016-12-31,1,2026-09-15T16:28:02.595641+00:00
VALUE_ADDED_GROWTH_NUTS2,be32:nuts2,2017,2026-09-15T16:28:02.595641+00:00,101.5,final,2017-01-01,2017-12-31,1,2026-09-15T16:28:02.595641+00:00
VALUE_ADDED_GROWTH_NUTS2,be32:nuts2,2018,2026-09-15T16:28:02.595641+00:00,104.3,final,2018-01-01,2018-12-31,1,2026-09-15T16:28:02.595641+00:00
VALUE_ADDED_GROWTH_NUTS2,be32:nuts2,2019,2026-09-15T16:28:02.595641+00:00,105.1,final,2019-01-01,2019-12-31,1,2026-09-15T16:28:02.595641+00:00
VALUE_ADDED_GROWTH_NUTS2,be32:nuts2,2020,2026-09-15T16:28:02.595641+00:00,100.0,final,2020-01-01,2020-12-31,1,2026-09-15T16:28:02.595641+00:00
VALUE_ADDED_GROWTH_NUTS2,be32:nuts2,2021,2026-09-15T16:28:02.595641+00:00,105.6,final,2021-01-01,2021-12-31,1,2026-09-15T16:28:02.595641+00:00
VALUE_ADDED_GROWTH_NUTS2,be32:nuts2,2022,2026-09-15T16:28:02.595641+00:00,108.9,final,2022-01-01,2022-12-31,1,2026-09-15T16:28:02.595641+00:00
VALUE_ADDED_GROWTH_NUTS2,be32:nuts2,2023,2026-09-15T16:28:02.595641+00:00,109.0,final,2023-01-01,2023-12-31,1,2026-09-15T16:28:02.595641+00:00
VALUE_ADDED_GROWTH_NUTS2,be32:nuts2,2024,2026-09-15T16:28:02.595641+00:00,110.5,provisional,2024-01-01,2024-12-31,1,2026-09-15T16:28:02.595641+00:00
VALUE_ADDED_GROWTH_NUTS2,be33:nuts2,2000,2026-09-15T16:28:02.595641+00:00,83.2,estimate,2000-01-01,2000-12-31,1,2026-09-15T16:28:02.595641+00:00
VALUE_ADDED_GROWTH_NUTS2,be33:nuts2,2001,2026-09-15T16:28:02.595641+00:00,83.5,estimate,2001-01-01,2001-12-31,1,2026-09-15T16:28:02.595641+00:00
VALUE_ADDED_GROWTH_NUTS2,be33:nuts2,2002,2026-09-15T16:28:02.595641+00:00,83.7,estimate,2002-01-01,2002-12-31,1,2026-09-15T16:28:02.595641+00:00
VALUE_ADDED_GROWTH_NUTS2,be33:nuts2,2003,2026-09-15T16:28:02.595641+00:00,84.2,final,2003-01-01,2003-12-31,1,2026-09-15T16:28:02.595641+00:00
VALUE_ADDED_GROWTH_NUTS2,be33:nuts2,2004,2026-09-15T16:28:02.595641+00:00,86.9,final,2004-01-01,2004-12-31,1,2026-09-15T16:28:02.595641+00:00
VALUE_ADDED_GROWTH_NUTS2,be33:nuts2,2005,2026-09-15T16:28:02.595641+00:00,88.6,final,2005-01-01,2005-12-31,1,2026-09-15T16:28:02.595641+00:00
VALUE_ADDED_GROWTH_NUTS2,be33:nuts2,2006,2026-09-15T16:28:02.595641+00:00,89.9,final,2006-01-01,2006-12-31,1,2026-09-15T16:28:02.595641+00:00
VALUE_ADDED_GROWTH_NUTS2,be33:nuts2,2007,2026-09-15T16:28:02.595641+00:00,92.8,final,2007-01-01,2007-12-31,1,2026-09-15T16:28:02.595641+00:00
VALUE_ADDED_GROWTH_NUTS2,be33:nuts2,2008,2026-09-15T16:28:02.595641+00:00,93.9,final,2008-01-01,2008-12-31,1,2026-09-15T16:28:02.595641+00:00
VALUE_ADDED_GROWTH_NUTS2,be33:nuts2,2009,2026-09-15T16:28:02.595641+00:00,94.7,final,2009-01-01,2009-12-31,1,2026-09-15T16:28:02.595641+00:00
VALUE_ADDED_GROWTH_NUTS2,be33:nuts2,2010,2026-09-15T16:28:02.595641+00:00,95.9,final,2010-01-01,2010-12-31,1,2026-09-15T16:28:02.595641+00:00
VALUE_ADDED_GROWTH_NUTS2,be33:nuts2,2011,2026-09-15T16:28:02.595641+00:00,98.9,final,2011-01-01,2011-12-31,1,2026-09-15T16:28:02.595641+00:00
VALUE_ADDED_GROWTH_NUTS2,be33:nuts2,2012,2026-09-15T16:28:02.595641+00:00,99.1,final,2012-01-01,2012-12-31,1,2026-09-15T16:28:02.595641+00:00
VALUE_ADDED_GROWTH_NUTS2,be33:nuts2,2013,2026-09-15T16:28:02.595641+00:00,99.4,final,2013-01-01,2013-12-31,1,2026-09-15T16:28:02.595641+00:00
VALUE_ADDED_GROWTH_NUTS2,be33:nuts2,2014,2026-09-15T16:28:02.595641+00:00,100.3,final,2014-01-01,2014-12-31,1,2026-09-15T16:28:02.595641+00:00
VALUE_ADDED_GROWTH_NUTS2,be33:nuts2,2015,2026-09-15T16:28:02.595641+00:00,100.2,final,2015-01-01,2015-12-31,1,2026-09-15T16:28:02.595641+00:00
VALUE_ADDED_GROWTH_NUTS2,be33:nuts2,2016,2026-09-15T16:28:02.595641+00:00,100.4,final,2016-01-01,2016-12-31,1,2026-09-15T16:28:02.595641+00:00
VALUE_ADDED_GROWTH_NUTS2,be33:nuts2,2017,2026-09-15T16:28:02.595641+00:00,101.9,final,2017-01-01,2017-12-31,1,2026-09-15T16:28:02.595641+00:00
VALUE_ADDED_GROWTH_NUTS2,be33:nuts2,2018,2026-09-15T16:28:02.595641+00:00,103.8,final,2018-01-01,2018-12-31,1,2026-09-15T16:28:02.595641+00:00
VALUE_ADDED_GROWTH_NUTS2,be33:nuts2,2019,2026-09-15T16:28:02.595641+00:00,105.5,final,2019-01-01,2019-12-31,1,2026-09-15T16:28:02.595641+00:00
VALUE_ADDED_GROWTH_NUTS2,be33:nuts2,2020,2026-09-15T16:28:02.595641+00:00,100.0,final,2020-01-01,2020-12-31,1,2026-09-15T16:28:02.595641+00:00
VALUE_ADDED_GROWTH_NUTS2,be33:nuts2,2021,2026-09-15T16:28:02.595641+00:00,105.7,final,2021-01-01,2021-12-31,1,2026-09-15T16:28:02.595641+00:00
VALUE_ADDED_GROWTH_NUTS2,be33:nuts2,2022,2026-09-15T16:28:02.595641+00:00,109.1,final,2022-01-01,2022-12-31,1,2026-09-15T16:28:02.595641+00:00
VALUE_ADDED_GROWTH_NUTS2,be33:nuts2,2023,2026-09-15T16:28:02.595641+00:00,110.7,final,2023-01-01,2023-12-31,1,2026-09-15T16:28:02.595641+00:00
VALUE_ADDED_GROWTH_NUTS2,be33:nuts2,2024,2026-09-15T16:28:02.595641+00:00,112.4,provisional,2024-01-01,2024-12-31,1,2026-09-15T16:28:02.595641+00:00
VALUE_ADDED_GROWTH_NUTS2,be34:nuts2,2000,2026-09-15T16:28:02.595641+00:00,86.1,estimate,2000-01-01,2000-12-31,1,2026-09-15T16:28:02.595641+00:00
VALUE_ADDED_GROWTH_NUTS2,be34:nuts2,2001,2026-09-15T16:28:02.595641+00:00,85.2,estimate,2001-01-01,2001-12-31,1,2026-09-15T16:28:02.595641+00:00
VALUE_ADDED_GROWTH_NUTS2,be34:nuts2,2002,2026-09-15T16:28:02.595641+00:00,86.9,estimate,2002-01-01,2002-12-31,1,2026-09-15T16:28:02.595641+00:00
VALUE_ADDED_GROWTH_NUTS2,be34:nuts2,2003,2026-09-15T16:28:02.595641+00:00,87.3,final,2003-01-01,2003-12-31,1,2026-09-15T16:28:02.595641+00:00
VALUE_ADDED_GROWTH_NUTS2,be34:nuts2,2004,2026-09-15T16:28:02.595641+00:00,88.8,final,2004-01-01,2004-12-31,1,2026-09-15T16:28:02.595641+00:00
VALUE_ADDED_GROWTH_NUTS2,be34:nuts2,2005,2026-09-15T16:28:02.595641+00:00,91.8,final,2005-01-01,2005-12-31,1,2026-09-15T16:28:02.595641+00:00
VALUE_ADDED_GROWTH_NUTS2,be34:nuts2,2006,2026-09-15T16:28:02.595641+00:00,94.9,final,2006-01-01,2006-12-31,1,2026-09-15T16:28:02.595641+00:00
VALUE_ADDED_GROWTH_NUTS2,be34:nuts2,2007,2026-09-15T16:28:02.595641+00:00,96.5,final,2007-01-01,2007-12-31,1,2026-09-15T16:28:02.595641+00:00
VALUE_ADDED_GROWTH_NUTS2,be34:nuts2,2008,2026-09-15T16:28:02.595641+00:00,95.9,final,2008-01-01,2008-12-31,1,2026-09-15T16:28:02.595641+00:00
VALUE_ADDED_GROWTH_NUTS2,be34:nuts2,2009,2026-09-15T16:28:02.595641+00:00,92.7,final,2009-01-01,2009-12-31,1,2026-09-15T16:28:02.595641+00:00
VALUE_ADDED_GROWTH_NUTS2,be34:nuts2,2010,2026-09-15T16:28:02.595641+00:00,94.3,final,2010-01-01,2010-12-31,1,2026-09-15T16:28:02.595641+00:00
VALUE_ADDED_GROWTH_NUTS2,be34:nuts2,2011,2026-09-15T16:28:02.595641+00:00,95.7,final,2011-01-01,2011-12-31,1,2026-09-15T16:28:02.595641+00:00
VALUE_ADDED_GROWTH_NUTS2,be34:nuts2,2012,2026-09-15T16:28:02.595641+00:00,95.6,final,2012-01-01,2012-12-31,1,2026-09-15T16:28:02.595641+00:00
VALUE_ADDED_GROWTH_NUTS2,be34:nuts2,2013,2026-09-15T16:28:02.595641+00:00,94.8,final,2013-01-01,2013-12-31,1,2026-09-15T16:28:02.595641+00:00
VALUE_ADDED_GROWTH_NUTS2,be34:nuts2,2014,2026-09-15T16:28:02.595641+00:00,96.1,final,2014-01-01,2014-12-31,1,2026-09-15T16:28:02.595641+00:00
VALUE_ADDED_GROWTH_NUTS2,be34:nuts2,2015,2026-09-15T16:28:02.595641+00:00,97.3,final,2015-01-01,2015-12-31,1,2026-09-15T16:28:02.595641+00:00
VALUE_ADDED_GROWTH_NUTS2,be34:nuts2,2016,2026-09-15T16:28:02.595641+00:00,98.5,final,2016-01-01,2016-12-31,1,2026-09-15T16:28:02.595641+00:00
VALUE_ADDED_GROWTH_NUTS2,be34:nuts2,2017,2026-09-15T16:28:02.595641+00:00,99.4,final,2017-01-01,2017-12-31,1,2026-09-15T16:28:02.595641+00:00
VALUE_ADDED_GROWTH_NUTS2,be34:nuts2,2018,2026-09-15T16:28:02.595641+00:00,101.5,final,2018-01-01,2018-12-31,1,2026-09-15T16:28:02.595641+00:00
VALUE_ADDED_GROWTH_NUTS2,be34:nuts2,2019,2026-09-15T16:28:02.595641+00:00,103.6,final,2019-01-01,2019-12-31,1,2026-09-15T16:28:02.595641+00:00
VALUE_ADDED_GROWTH_NUTS2,be34:nuts2,2020,2026-09-15T16:28:02.595641+00:00,100.0,final,2020-01-01,2020-12-31,1,2026-09-15T16:28:02.595641+00:00
VALUE_ADDED_GROWTH_NUTS2,be34:nuts2,2021,2026-09-15T16:28:02.595641+00:00,107.6,final,2021-01-01,2021-12-31,1,2026-09-15T16:28:02.595641+00:00
VALUE_ADDED_GROWTH_NUTS2,be34:nuts2,2022,2026-09-15T16:28:02.595641+00:00,111.4,final,2022-01-01,2022-12-31,1,2026-09-15T16:28:02.595641+00:00
VALUE_ADDED_GROWTH_NUTS2,be34:nuts2,2023,2026-09-15T16:28:02.595641+00:00,111.1,final,2023-01-01,2023-12-31,1,2026-09-15T16:28:02.595641+00:00
VALUE_ADDED_GROWTH_NUTS2,be34:nuts2,2024,2026-09-15T16:28:02.595641+00:00,112.1,provisional,2024-01-01,2024-12-31,1,2026-09-15T16:28:02.595641+00:00
VALUE_ADDED_GROWTH_NUTS2,be35:nuts2,2000,2026-09-15T16:28:02.595641+00:00,80.6,estimate,2000-01-01,2000-12-31,1,2026-09-15T16:28:02.595641+00:00
VALUE_ADDED_GROWTH_NUTS2,be35:nuts2,2001,2026-09-15T16:28:02.595641+00:00,81.5,estimate,2001-01-01,2001-12-31,1,2026-09-15T16:28:02.595641+00:00
VALUE_ADDED_GROWTH_NUTS2,be35:nuts2,2002,2026-09-15T16:28:02.595641+00:00,82.6,estimate,2002-01-01,2002-12-31,1,2026-09-15T16:28:02.595641+00:00
VALUE_ADDED_GROWTH_NUTS2,be35:nuts2,2003,2026-09-15T16:28:02.595641+00:00,84.3,final,2003-01-01,2003-12-31,1,2026-09-15T16:28:02.595641+00:00
VALUE_ADDED_GROWTH_NUTS2,be35:nuts2,2004,2026-09-15T16:28:02.595641+00:00,86.8,final,2004-01-01,2004-12-31,1,2026-09-15T16:28:02.595641+00:00
VALUE_ADDED_GROWTH_NUTS2,be35:nuts2,2005,2026-09-15T16:28:02.595641+00:00,88.8,final,2005-01-01,2005-12-31,1,2026-09-15T16:28:02.595641+00:00
VALUE_ADDED_GROWTH_NUTS2,be35:nuts2,2006,2026-09-15T16:28:02.595641+00:00,90.9,final,2006-01-01,2006-12-31,1,2026-09-15T16:28:02.595641+00:00
VALUE_ADDED_GROWTH_NUTS2,be35:nuts2,2007,2026-09-15T16:28:02.595641+00:00,92.6,final,2007-01-01,2007-12-31,1,2026-09-15T16:28:02.595641+00:00
VALUE_ADDED_GROWTH_NUTS2,be35:nuts2,2008,2026-09-15T16:28:02.595641+00:00,95.1,final,2008-01-01,2008-12-31,1,2026-09-15T16:28:02.595641+00:00
VALUE_ADDED_GROWTH_NUTS2,be35:nuts2,2009,2026-09-15T16:28:02.595641+00:00,92.4,final,2009-01-01,2009-12-31,1,2026-09-15T16:28:02.595641+00:00
VALUE_ADDED_GROWTH_NUTS2,be35:nuts2,2010,2026-09-15T16:28:02.595641+00:00,95.9,final,2010-01-01,2010-12-31,1,2026-09-15T16:28:02.595641+00:00
VALUE_ADDED_GROWTH_NUTS2,be35:nuts2,2011,2026-09-15T16:28:02.595641+00:00,97.5,final,2011-01-01,2011-12-31,1,2026-09-15T16:28:02.595641+00:00
VALUE_ADDED_GROWTH_NUTS2,be35:nuts2,2012,2026-09-15T16:28:02.595641+00:00,97.5,final,2012-01-01,2012-12-31,1,2026-09-15T16:28:02.595641+00:00
VALUE_ADDED_GROWTH_NUTS2,be35:nuts2,2013,2026-09-15T16:28:02.595641+00:00,97.1,final,2013-01-01,2013-12-31,1,2026-09-15T16:28:02.595641+00:00
VALUE_ADDED_GROWTH_NUTS2,be35:nuts2,2014,2026-09-15T16:28:02.595641+00:00,97.8,final,2014-01-01,2014-12-31,1,2026-09-15T16:28:02.595641+00:00
VALUE_ADDED_GROWTH_NUTS2,be35:nuts2,2015,2026-09-15T16:28:02.595641+00:00,98.2,final,2015-01-01,2015-12-31,1,2026-09-15T16:28:02.595641+00:00
VALUE_ADDED_GROWTH_NUTS2,be35:nuts2,2016,2026-09-15T16:28:02.595641+00:00,99.7,final,2016-01-01,2016-12-31,1,2026-09-15T16:28:02.595641+00:00
VALUE_ADDED_GROWTH_NUTS2,be35:nuts2,2017,2026-09-15T16:28:02.595641+00:00,99.9,final,2017-01-01,2017-12-31,1,2026-09-15T16:28:02.595641+00:00
VALUE_ADDED_GROWTH_NUTS2,be35:nuts2,2018,2026-09-15T16:28:02.595641+00:00,101.8,final,2018-01-01,2018-12-31,1,2026-09-15T16:28:02.595641+00:00
VALUE_ADDED_GROWTH_NUTS2,be35:nuts2,2019,2026-09-15T16:28:02.595641+00:00,103.5,final,2019-01-01,2019-12-31,1,2026-09-15T16:28:02.595641+00:00
VALUE_ADDED_GROWTH_NUTS2,be35:nuts2,2020,2026-09-15T16:28:02.595641+00:00,100.0,final,2020-01-01,2020-12-31,1,2026-09-15T16:28:02.595641+00:00
VALUE_ADDED_GROWTH_NUTS2,be35:nuts2,2021,2026-09-15T16:28:02.595641+00:00,107.0,final,2021-01-01,2021-12-31,1,2026-09-15T16:28:02.595641+00:00
VALUE_ADDED_GROWTH_NUTS2,be35:nuts2,2022,2026-09-15T16:28:02.595641+00:00,111.3,final,2022-01-01,2022-12-31,1,2026-09-15T16:28:02.595641+00:00
VALUE_ADDED_GROWTH_NUTS2,be35:nuts2,2023,2026-09-15T16:28:02.595641+00:00,113.7,final,2023-01-01,2023-12-31,1,2026-09-15T16:28:02.595641+00:00
VALUE_ADDED_GROWTH_NUTS2,be35:nuts2,2024,2026-09-15T16:28:02.595641+00:00,115.1,provisional,2024-01-01,2024-12-31,1,2026-09-15T16:28:02.595641+00:00
VALUE_ADDED_GROWTH_NUTS2,bg31:nuts2,2000,2026-09-15T16:28:02.595641+00:00,92.1,final,2000-01-01,2000-12-31,1,2026-09-15T16:28:02.595641+00:00
VALUE_ADDED_GROWTH_NUTS2,bg31:nuts2,2001,2026-09-15T16:28:02.595641+00:00,94.2,final,2001-01-01,2001-12-31,1,2026-09-15T16:28:02.595641+00:00
VALUE_ADDED_GROWTH_NUTS2,bg31:nuts2,2002,2026-09-15T16:28:02.595641+00:00,96.7,final,2002-01-01,2002-12-31,1,2026-09-15T16:28:02.595641+00:00
VALUE_ADDED_GROWTH_NUTS2,bg31:nuts2,2003,2026-09-15T16:28:02.595641+00:00,95.2,final,2003-01-01,2003-12-31,1,2026-09-15T16:28:02.595641+00:00
VALUE_ADDED_GROWTH_NUTS2,bg31:nuts2,2004,2026-09-15T16:28:02.595641+00:00,94.3,final,2004-01-01,2004-12-31,1,2026-09-15T16:28:02.595641+00:00
VALUE_ADDED_GROWTH_NUTS2,bg31:nuts2,2005,2026-09-15T16:28:02.595641+00:00,97.4,final,2005-01-01,2005-12-31,1,2026-09-15T16:28:02.595641+00:00
VALUE_ADDED_GROWTH_NUTS2,bg31:nuts2,2006,2026-09-15T16:28:02.595641+00:00,95.7,final,2006-01-01,2006-12-31,1,2026-09-15T16:28:02.595641+00:00
VALUE_ADDED_GROWTH_NUTS2,bg31:nuts2,2007,2026-09-15T16:28:02.595641+00:00,96.7,final,2007-01-01,2007-12-31,1,2026-09-15T16:28:02.595641+00:00
VALUE_ADDED_GROWTH_NUTS2,bg31:nuts2,2008,2026-09-15T16:28:02.595641+00:00,98.7,final,2008-01-01,2008-12-31,1,2026-09-15T16:28:02.595641+00:00
VALUE_ADDED_GROWTH_NUTS2,bg31:nuts2,2009,2026-09-15T16:28:02.595641+00:00,94.7,final,2009-01-01,2009-12-31,1,2026-09-15T16:28:02.595641+00:00
VALUE_ADDED_GROWTH_NUTS2,bg31:nuts2,2010,2026-09-15T16:28:02.595641+00:00,91.8,final,2010-01-01,2010-12-31,1,2026-09-15T16:28:02.595641+00:00
VALUE_ADDED_GROWTH_NUTS2,bg31:nuts2,2011,2026-09-15T16:28:02.595641+00:00,91.1,final,2011-01-01,2011-12-31,1,2026-09-15T16:28:02.595641+00:00
VALUE_ADDED_GROWTH_NUTS2,bg31:nuts2,2012,2026-09-15T16:28:02.595641+00:00,88.9,final,2012-01-01,2012-12-31,1,2026-09-15T16:28:02.595641+00:00
VALUE_ADDED_GROWTH_NUTS2,bg31:nuts2,2013,2026-09-15T16:28:02.595641+00:00,87.1,final,2013-01-01,2013-12-31,1,2026-09-15T16:28:02.595641+00:00
VALUE_ADDED_GROWTH_NUTS2,bg31:nuts2,2014,2026-09-15T16:28:02.595641+00:00,89.9,final,2014-01-01,2014-12-31,1,2026-09-15T16:28:02.595641+00:00
VALUE_ADDED_GROWTH_NUTS2,bg31:nuts2,2015,2026-09-15T16:28:02.595641+00:00,87.1,final,2015-01-01,2015-12-31,1,2026-09-15T16:28:02.595641+00:00
VALUE_ADDED_GROWTH_NUTS2,bg31:nuts2,2016,2026-09-15T16:28:02.595641+00:00,88.7,final,2016-01-01,2016-12-31,1,2026-09-15T16:28:02.595641+00:00
VALUE_ADDED_GROWTH_NUTS2,bg31:nuts2,2017,2026-09-15T16:28:02.595641+00:00,93.3,final,2017-01-01,2017-12-31,1,2026-09-15T16:28:02.595641+00:00
VALUE_ADDED_GROWTH_NUTS2,bg31:nuts2,2018,2026-09-15T16:28:02.595641+00:00,103.2,final,2018-01-01,2018-12-31,1,2026-09-15T16:28:02.595641+00:00
VALUE_ADDED_GROWTH_NUTS2,bg31:nuts2,2019,2026-09-15T16:28:02.595641+00:00,99.1,final,2019-01-01,2019-12-31,1,2026-09-15T16:28:02.595641+00:00
VALUE_ADDED_GROWTH_NUTS2,bg31:nuts2,2020,2026-09-15T16:28:02.595641+00:00,100.0,final,2020-01-01,2020-12-31,1,2026-09-15T16:28:02.595641+00:00
VALUE_ADDED_GROWTH_NUTS2,bg31:nuts2,2021,2026-09-15T16:28:02.595641+00:00,105.9,final,2021-01-01,2021-12-31,1,2026-09-15T16:28:02.595641+00:00
VALUE_ADDED_GROWTH_NUTS2,bg31:nuts2,2022,2026-09-15T16:28:02.595641+00:00,105.2,final,2022-01-01,2022-12-31,1,2026-09-15T16:28:02.595641+00:00
VALUE_ADDED_GROWTH_NUTS2,bg31:nuts2,2023,2026-09-15T16:28:02.595641+00:00,108.3,final,2023-01-01,2023-12-31,1,2026-09-15T16:28:02.595641+00:00
VALUE_ADDED_GROWTH_NUTS2,bg31:nuts2,2024,2026-09-15T16:28:02.595641+00:00,105.5,final,2024-01-01,2024-12-31,1,2026-09-15T16:28:02.595641+00:00
VALUE_ADDED_GROWTH_NUTS2,bg32:nuts2,2000,2026-09-15T16:28:02.595641+00:00,76.7,final,2000-01-01,2000-12-31,1,2026-09-15T16:28:02.595641+00:00
VALUE_ADDED_GROWTH_NUTS2,bg32:nuts2,2001,2026-09-15T16:28:02.595641+00:00,81.1,final,2001-01-01,2001-12-31,1,2026-09-15T16:28:02.595641+00:00
VALUE_ADDED_GROWTH_NUTS2,bg32:nuts2,2002,2026-09-15T16:28:02.595641+00:00,89.6,final,2002-01-01,2002-12-31,1,2026-09-15T16:28:02.595641+00:00
VALUE_ADDED_GROWTH_NUTS2,bg32:nuts2,2003,2026-09-15T16:28:02.595641+00:00,86.5,final,2003-01-01,2003-12-31,1,2026-09-15T16:28:02.595641+00:00
VALUE_ADDED_GROWTH_NUTS2,bg32:nuts2,2004,2026-09-15T16:28:02.595641+00:00,87.4,final,2004-01-01,2004-12-31,1,2026-09-15T16:28:02.595641+00:00
VALUE_ADDED_GROWTH_NUTS2,bg32:nuts2,2005,2026-09-15T16:28:02.595641+00:00,92.1,final,2005-01-01,2005-12-31,1,2026-09-15T16:28:02.595641+00:00
VALUE_ADDED_GROWTH_NUTS2,bg32:nuts2,2006,2026-09-15T16:28:02.595641+00:00,93.2,final,2006-01-01,2006-12-31,1,2026-09-15T16:28:02.595641+00:00
VALUE_ADDED_GROWTH_NUTS2,bg32:nuts2,2007,2026-09-15T16:28:02.595641+00:00,95.1,final,2007-01-01,2007-12-31,1,2026-09-15T16:28:02.595641+00:00
VALUE_ADDED_GROWTH_NUTS2,bg32:nuts2,2008,2026-09-15T16:28:02.595641+00:00,97.8,final,2008-01-01,2008-12-31,1,2026-09-15T16:28:02.595641+00:00
VALUE_ADDED_GROWTH_NUTS2,bg32:nuts2,2009,2026-09-15T16:28:02.595641+00:00,94.8,final,2009-01-01,2009-12-31,1,2026-09-15T16:28:02.595641+00:00
VALUE_ADDED_GROWTH_NUTS2,bg32:nuts2,2010,2026-09-15T16:28:02.595641+00:00,93.9,final,2010-01-01,2010-12-31,1,2026-09-15T16:28:02.595641+00:00
VALUE_ADDED_GROWTH_NUTS2,bg32:nuts2,2011,2026-09-15T16:28:02.595641+00:00,94.7,final,2011-01-01,2011-12-31,1,2026-09-15T16:28:02.595641+00:00
VALUE_ADDED_GROWTH_NUTS2,bg32:nuts2,2012,2026-09-15T16:28:02.595641+00:00,97.0,final,2012-01-01,2012-12-31,1,2026-09-15T16:28:02.595641+00:00
VALUE_ADDED_GROWTH_NUTS2,bg32:nuts2,2013,2026-09-15T16:28:02.595641+00:00,96.7,final,2013-01-01,2013-12-31,1,2026-09-15T16:28:02.595641+00:00
VALUE_ADDED_GROWTH_NUTS2,bg32:nuts2,2014,2026-09-15T16:28:02.595641+00:00,98.9,final,2014-01-01,2014-12-31,1,2026-09-15T16:28:02.595641+00:00
VALUE_ADDED_GROWTH_NUTS2,bg32:nuts2,2015,2026-09-15T16:28:02.595641+00:00,96.9,final,2015-01-01,2015-12-31,1,2026-09-15T16:28:02.595641+00:00
VALUE_ADDED_GROWTH_NUTS2,bg32:nuts2,2016,2026-09-15T16:28:02.595641+00:00,98.3,final,2016-01-01,2016-12-31,1,2026-09-15T16:28:02.595641+00:00
VALUE_ADDED_GROWTH_NUTS2,bg32:nuts2,2017,2026-09-15T16:28:02.595641+00:00,101.0,final,2017-01-01,2017-12-31,1,2026-09-15T16:28:02.595641+00:00
VALUE_ADDED_GROWTH_NUTS2,bg32:nuts2,2018,2026-09-15T16:28:02.595641+00:00,104.0,final,2018-01-01,2018-12-31,1,2026-09-15T16:28:02.595641+00:00
VALUE_ADDED_GROWTH_NUTS2,bg32:nuts2,2019,2026-09-15T16:28:02.595641+00:00,104.6,final,2019-01-01,2019-12-31,1,2026-09-15T16:28:02.595641+00:00
VALUE_ADDED_GROWTH_NUTS2,bg32:nuts2,2020,2026-09-15T16:28:02.595641+00:00,100.0,final,2020-01-01,2020-12-31,1,2026-09-15T16:28:02.595641+00:00
VALUE_ADDED_GROWTH_NUTS2,bg32:nuts2,2021,2026-09-15T16:28:02.595641+00:00,106.2,final,2021-01-01,2021-12-31,1,2026-09-15T16:28:02.595641+00:00
VALUE_ADDED_GROWTH_NUTS2,bg32:nuts2,2022,2026-09-15T16:28:02.595641+00:00,114.1,final,2022-01-01,2022-12-31,1,2026-09-15T16:28:02.595641+00:00
VALUE_ADDED_GROWTH_NUTS2,bg32:nuts2,2023,2026-09-15T16:28:02.595641+00:00,120.0,final,2023-01-01,2023-12-31,1,2026-09-15T16:28:02.595641+00:00
VALUE_ADDED_GROWTH_NUTS2,bg32:nuts2,2024,2026-09-15T16:28:02.595641+00:00,129.3,final,2024-01-01,2024-12-31,1,2026-09-15T16:28:02.595641+00:00
VALUE_ADDED_GROWTH_NUTS2,bg33:nuts2,2000,2026-09-15T16:28:02.595641+00:00,66.1,final,2000-01-01,2000-12-31,1,2026-09-15T16:28:02.595641+00:00
VALUE_ADDED_GROWTH_NUTS2,bg33:nuts2,2001,2026-09-15T16:28:02.595641+00:00,66.5,final,2001-01-01,2001-12-31,1,2026-09-15T16:28:02.595641+00:00
VALUE_ADDED_GROWTH_NUTS2,bg33:nuts2,2002,2026-09-15T16:28:02.595641+00:00,71.1,final,2002-01-01,2002-12-31,1,2026-09-15T16:28:02.595641+00:00
VALUE_ADDED_GROWTH_NUTS2,bg33:nuts2,2003,2026-09-15T16:28:02.595641+00:00,73.7,final,2003-01-01,2003-12-31,1,2026-09-15T16:28:02.595641+00:00
VALUE_ADDED_GROWTH_NUTS2,bg33:nuts2,2004,2026-09-15T16:28:02.595641+00:00,76.6,final,2004-01-01,2004-12-31,1,2026-09-15T16:28:02.595641+00:00
VALUE_ADDED_GROWTH_NUTS2,bg33:nuts2,2005,2026-09-15T16:28:02.595641+00:00,81.1,final,2005-01-01,2005-12-31,1,2026-09-15T16:28:02.595641+00:00
VALUE_ADDED_GROWTH_NUTS2,bg33:nuts2,2006,2026-09-15T16:28:02.595641+00:00,87.3,final,2006-01-01,2006-12-31,1,2026-09-15T16:28:02.595641+00:00
VALUE_ADDED_GROWTH_NUTS2,bg33:nuts2,2007,2026-09-15T16:28:02.595641+00:00,91.4,final,2007-01-01,2007-12-31,1,2026-09-15T16:28:02.595641+00:00
VALUE_ADDED_GROWTH_NUTS2,bg33:nuts2,2008,2026-09-15T16:28:02.595641+00:00,97.2,final,2008-01-01,2008-12-31,1,2026-09-15T16:28:02.595641+00:00
VALUE_ADDED_GROWTH_NUTS2,bg33:nuts2,2009,2026-09-15T16:28:02.595641+00:00,92.1,final,2009-01-01,2009-12-31,1,2026-09-15T16:28:02.595641+00:00
VALUE_ADDED_GROWTH_NUTS2,bg33:nuts2,2010,2026-09-15T16:28:02.595641+00:00,93.5,final,2010-01-01,2010-12-31,1,2026-09-15T16:28:02.595641+00:00
VALUE_ADDED_GROWTH_NUTS2,bg33:nuts2,2011,2026-09-15T16:28:02.595641+00:00,95.5,final,2011-01-01,2011-12-31,1,2026-09-15T16:28:02.595641+00:00
VALUE_ADDED_GROWTH_NUTS2,bg33:nuts2,2012,2026-09-15T16:28:02.595641+00:00,97.4,final,2012-01-01,2012-12-31,1,2026-09-15T16:28:02.595641+00:00
VALUE_ADDED_GROWTH_NUTS2,bg33:nuts2,2013,2026-09-15T16:28:02.595641+00:00,97.0,final,2013-01-01,2013-12-31,1,2026-09-15T16:28:02.595641+00:00
VALUE_ADDED_GROWTH_NUTS2,bg33:nuts2,2014,2026-09-15T16:28:02.595641+00:00,98.6,final,2014-01-01,2014-12-31,1,2026-09-15T16:28:02.595641+00:00
VALUE_ADDED_GROWTH_NUTS2,bg33:nuts2,2015,2026-09-15T16:28:02.595641+00:00,98.6,final,2015-01-01,2015-12-31,1,2026-09-15T16:28:02.595641+00:00
VALUE_ADDED_GROWTH_NUTS2,bg33:nuts2,2016,2026-09-15T16:28:02.595641+00:00,99.2,final,2016-01-01,2016-12-31,1,2026-09-15T16:28:02.595641+00:00
VALUE_ADDED_GROWTH_NUTS2,bg33:nuts2,2017,2026-09-15T16:28:02.595641+00:00,101.9,final,2017-01-01,2017-12-31,1,2026-09-15T16:28:02.595641+00:00
VALUE_ADDED_GROWTH_NUTS2,bg33:nuts2,2018,2026-09-15T16:28:02.595641+00:00,106.0,final,2018-01-01,2018-12-31,1,2026-09-15T16:28:02.595641+00:00
VALUE_ADDED_GROWTH_NUTS2,bg33:nuts2,2019,2026-09-15T16:28:02.595641+00:00,106.7,final,2019-01-01,2019-12-31,1,2026-09-15T16:28:02.595641+00:00
VALUE_ADDED_GROWTH_NUTS2,bg33:nuts2,2020,2026-09-15T16:28:02.595641+00:00,100.0,final,2020-01-01,2020-12-31,1,2026-09-15T16:28:02.595641+00:00
VALUE_ADDED_GROWTH_NUTS2,bg33:nuts2,2021,2026-09-15T16:28:02.595641+00:00,104.8,final,2021-01-01,2021-12-31,1,2026-09-15T16:28:02.595641+00:00
VALUE_ADDED_GROWTH_NUTS2,bg33:nuts2,2022,2026-09-15T16:28:02.595641+00:00,111.7,final,2022-01-01,2022-12-31,1,2026-09-15T16:28:02.595641+00:00
VALUE_ADDED_GROWTH_NUTS2,bg33:nuts2,2023,2026-09-15T16:28:02.595641+00:00,115.3,final,2023-01-01,2023-12-31,1,2026-09-15T16:28:02.595641+00:00
VALUE_ADDED_GROWTH_NUTS2,bg33:nuts2,2024,2026-09-15T16:28:02.595641+00:00,119.5,final,2024-01-01,2024-12-31,1,2026-09-15T16:28:02.595641+00:00
VALUE_ADDED_GROWTH_NUTS2,bg34:nuts2,2000,2026-09-15T16:28:02.595641+00:00,76.2,final,2000-01-01,2000-12-31,1,2026-09-15T16:28:02.595641+00:00
VALUE_ADDED_GROWTH_NUTS2,bg34:nuts2,2001,2026-09-15T16:28:02.595641+00:00,72.1,final,2001-01-01,2001-12-31,1,2026-09-15T16:28:02.595641+00:00
VALUE_ADDED_GROWTH_NUTS2,bg34:nuts2,2002,2026-09-15T16:28:02.595641+00:00,73.6,final,2002-01-01,2002-12-31,1,2026-09-15T16:28:02.595641+00:00
VALUE_ADDED_GROWTH_NUTS2,bg34:nuts2,2003,2026-09-15T16:28:02.595641+00:00,78.6,final,2003-01-01,2003-12-31,1,2026-09-15T16:28:02.595641+00:00
VALUE_ADDED_GROWTH_NUTS2,bg34:nuts2,2004,2026-09-15T16:28:02.595641+00:00,82.3,final,2004-01-01,2004-12-31,1,2026-09-15T16:28:02.595641+00:00
VALUE_ADDED_GROWTH_NUTS2,bg34:nuts2,2005,2026-09-15T16:28:02.595641+00:00,88.3,final,2005-01-01,2005-12-31,1,2026-09-15T16:28:02.595641+00:00
VALUE_ADDED_GROWTH_NUTS2,bg34:nuts2,2006,2026-09-15T16:28:02.595641+00:00,88.2,final,2006-01-01,2006-12-31,1,2026-09-15T16:28:02.595641+00:00
VALUE_ADDED_GROWTH_NUTS2,bg34:nuts2,2007,2026-09-15T16:28:02.595641+00:00,87.5,final,2007-01-01,2007-12-31,1,2026-09-15T16:28:02.595641+00:00
VALUE_ADDED_GROWTH_NUTS2,bg34:nuts2,2008,2026-09-15T16:28:02.595641+00:00,93.8,final,2008-01-01,2008-12-31,1,2026-09-15T16:28:02.595641+00:00
VALUE_ADDED_GROWTH_NUTS2,bg34:nuts2,2009,2026-09-15T16:28:02.595641+00:00,93.1,final,2009-01-01,2009-12-31,1,2026-09-15T16:28:02.595641+00:00
VALUE_ADDED_GROWTH_NUTS2,bg34:nuts2,2010,2026-09-15T16:28:02.595641+00:00,94.0,final,2010-01-01,2010-12-31,1,2026-09-15T16:28:02.595641+00:00
VALUE_ADDED_GROWTH_NUTS2,bg34:nuts2,2011,2026-09-15T16:28:02.595641+00:00,94.1,final,2011-01-01,2011-12-31,1,2026-09-15T16:28:02.595641+00:00
VALUE_ADDED_GROWTH_NUTS2,bg34:nuts2,2012,2026-09-15T16:28:02.595641+00:00,98.2,final,2012-01-01,2012-12-31,1,2026-09-15T16:28:02.595641+00:00
VALUE_ADDED_GROWTH_NUTS2,bg34:nuts2,2013,2026-09-15T16:28:02.595641+00:00,97.2,final,2013-01-01,2013-12-31,1,2026-09-15T16:28:02.595641+00:00
VALUE_ADDED_GROWTH_NUTS2,bg34:nuts2,2014,2026-09-15T16:28:02.595641+00:00,99.4,final,2014-01-01,2014-12-31,1,2026-09-15T16:28:02.595641+00:00
VALUE_ADDED_GROWTH_NUTS2,bg34:nuts2,2015,2026-09-15T16:28:02.595641+00:00,103.3,final,2015-01-01,2015-12-31,1,2026-09-15T16:28:02.595641+00:00
VALUE_ADDED_GROWTH_NUTS2,bg34:nuts2,2016,2026-09-15T16:28:02.595641+00:00,112.0,final,2016-01-01,2016-12-31,1,2026-09-15T16:28:02.595641+00:00
VALUE_ADDED_GROWTH_NUTS2,bg34:nuts2,2017,2026-09-15T16:28:02.595641+00:00,114.3,final,2017-01-01,2017-12-31,1,2026-09-15T16:28:02.595641+00:00
VALUE_ADDED_GROWTH_NUTS2,bg34:nuts2,2018,2026-09-15T16:28:02.595641+00:00,115.3,final,2018-01-01,2018-12-31,1,2026-09-15T16:28:02.595641+00:00
VALUE_ADDED_GROWTH_NUTS2,bg34:nuts2,2019,2026-09-15T16:28:02.595641+00:00,110.8,final,2019-01-01,2019-12-31,1,2026-09-15T16:28:02.595641+00:00
VALUE_ADDED_GROWTH_NUTS2,bg34:nuts2,2020,2026-09-15T16:28:02.595641+00:00,100.0,final,2020-01-01,2020-12-31,1,2026-09-15T16:28:02.595641+00:00
VALUE_ADDED_GROWTH_NUTS2,bg34:nuts2,2021,2026-09-15T16:28:02.595641+00:00,110.0,final,2021-01-01,2021-12-31,1,2026-09-15T16:28:02.595641+00:00
VALUE_ADDED_GROWTH_NUTS2,bg34:nuts2,2022,2026-09-15T16:28:02.595641+00:00,107.4,final,2022-01-01,2022-12-31,1,2026-09-15T16:28:02.595641+00:00
VALUE_ADDED_GROWTH_NUTS2,bg34:nuts2,2023,2026-09-15T16:28:02.595641+00:00,102.1,final,2023-01-01,2023-12-31,1,2026-09-15T16:28:02.595641+00:00
VALUE_ADDED_GROWTH_NUTS2,bg34:nuts2,2024,2026-09-15T16:28:02.595641+00:00,88.6,final,2024-01-01,2024-12-31,1,2026-09-15T16:28:02.595641+00:00
VALUE_ADDED_GROWTH_NUTS2,bg41:nuts2,2000,2026-09-15T16:28:02.595641+00:00,38.6,final,2000-01-01,2000-12-31,1,2026-09-15T16:28:02.595641+00:00
VALUE_ADDED_GROWTH_NUTS2,bg41:nuts2,2001,2026-09-15T16:28:02.595641+00:00,42.1,final,2001-01-01,2001-12-31,1,2026-09-15T16:28:02.595641+00:00
VALUE_ADDED_GROWTH_NUTS2,bg41:nuts2,2002,2026-09-15T16:28:02.595641+00:00,47.1,final,2002-01-01,2002-12-31,1,2026-09-15T16:28:02.595641+00:00
VALUE_ADDED_GROWTH_NUTS2,bg41:nuts2,2003,2026-09-15T16:28:02.595641+00:00,49.9,final,2003-01-01,2003-12-31,1,2026-09-15T16:28:02.595641+00:00
VALUE_ADDED_GROWTH_NUTS2,bg41:nuts2,2004,2026-09-15T16:28:02.595641+00:00,53.6,final,2004-01-01,2004-12-31,1,2026-09-15T16:28:02.595641+00:00
VALUE_ADDED_GROWTH_NUTS2,bg41:nuts2,2005,2026-09-15T16:28:02.595641+00:00,57.7,final,2005-01-01,2005-12-31,1,2026-09-15T16:28:02.595641+00:00
VALUE_ADDED_GROWTH_NUTS2,bg41:nuts2,2006,2026-09-15T16:28:02.595641+00:00,65.7,final,2006-01-01,2006-12-31,1,2026-09-15T16:28:02.595641+00:00
VALUE_ADDED_GROWTH_NUTS2,bg41:nuts2,2007,2026-09-15T16:28:02.595641+00:00,74.2,final,2007-01-01,2007-12-31,1,2026-09-15T16:28:02.595641+00:00
VALUE_ADDED_GROWTH_NUTS2,bg41:nuts2,2008,2026-09-15T16:28:02.595641+00:00,80.4,final,2008-01-01,2008-12-31,1,2026-09-15T16:28:02.595641+00:00
VALUE_ADDED_GROWTH_NUTS2,bg41:nuts2,2009,2026-09-15T16:28:02.595641+00:00,81.2,final,2009-01-01,2009-12-31,1,2026-09-15T16:28:02.595641+00:00
VALUE_ADDED_GROWTH_NUTS2,bg41:nuts2,2010,2026-09-15T16:28:02.595641+00:00,84.0,final,2010-01-01,2010-12-31,1,2026-09-15T16:28:02.595641+00:00
VALUE_ADDED_GROWTH_NUTS2,bg41:nuts2,2011,2026-09-15T16:28:02.595641+00:00,86.9,final,2011-01-01,2011-12-31,1,2026-09-15T16:28:02.595641+00:00
VALUE_ADDED_GROWTH_NUTS2,bg41:nuts2,2012,2026-09-15T16:28:02.595641+00:00,85.4,final,2012-01-01,2012-12-31,1,2026-09-15T16:28:02.595641+00:00
VALUE_ADDED_GROWTH_NUTS2,bg41:nuts2,2013,2026-09-15T16:28:02.595641+00:00,83.4,final,2013-01-01,2013-12-31,1,2026-09-15T16:28:02.595641+00:00
VALUE_ADDED_GROWTH_NUTS2,bg41:nuts2,2014,2026-09-15T16:28:02.595641+00:00,83.8,final,2014-01-01,2014-12-31,1,2026-09-15T16:28:02.595641+00:00
VALUE_ADDED_GROWTH_NUTS2,bg41:nuts2,2015,2026-09-15T16:28:02.595641+00:00,87.3,final,2015-01-01,2015-12-31,1,2026-09-15T16:28:02.595641+00:00
VALUE_ADDED_GROWTH_NUTS2,bg41:nuts2,2016,2026-09-15T16:28:02.595641+00:00,89.1,final,2016-01-01,2016-12-31,1,2026-09-15T16:28:02.595641+00:00
VALUE_ADDED_GROWTH_NUTS2,bg41:nuts2,2017,2026-09-15T16:28:02.595641+00:00,92.5,final,2017-01-01,2017-12-31,1,2026-09-15T16:28:02.595641+00:00
VALUE_ADDED_GROWTH_NUTS2,bg41:nuts2,2018,2026-09-15T16:28:02.595641+00:00,94.4,final,2018-01-01,2018-12-31,1,2026-09-15T16:28:02.595641+00:00
VALUE_ADDED_GROWTH_NUTS2,bg41:nuts2,2019,2026-09-15T16:28:02.595641+00:00,101.6,final,2019-01-01,2019-12-31,1,2026-09-15T16:28:02.595641+00:00
VALUE_ADDED_GROWTH_NUTS2,bg41:nuts2,2020,2026-09-15T16:28:02.595641+00:00,100.0,final,2020-01-01,2020-12-31,1,2026-09-15T16:28:02.595641+00:00
VALUE_ADDED_GROWTH_NUTS2,bg41:nuts2,2021,2026-09-15T16:28:02.595641+00:00,109.6,final,2021-01-01,2021-12-31,1,2026-09-15T16:28:02.595641+00:00
VALUE_ADDED_GROWTH_NUTS2,bg41:nuts2,2022,2026-09-15T16:28:02.595641+00:00,116.2,final,2022-01-01,2022-12-31,1,2026-09-15T16:28:02.595641+00:00
VALUE_ADDED_GROWTH_NUTS2,bg41:nuts2,2023,2026-09-15T16:28:02.595641+00:00,119.1,final,2023-01-01,2023-12-31,1,2026-09-15T16:28:02.595641+00:00
VALUE_ADDED_GROWTH_NUTS2,bg41:nuts2,2024,2026-09-15T16:28:02.595641+00:00,124.5,final,2024-01-01,2024-12-31,1,2026-09-15T16:28:02.595641+00:00
VALUE_ADDED_GROWTH_NUTS2,bg42:nuts2,2000,2026-09-15T16:28:02.595641+00:00,59.2,final,2000-01-01,2000-12-31,1,2026-09-15T16:28:02.595641+00:00
VALUE_ADDED_GROWTH_NUTS2,bg42:nuts2,2001,2026-09-15T16:28:02.595641+00:00,61.8,final,2001-01-01,2001-12-31,1,2026-09-15T16:28:02.595641+00:00
VALUE_ADDED_GROWTH_NUTS2,bg42:nuts2,2002,2026-09-15T16:28:02.595641+00:00,64.7,final,2002-01-01,2002-12-31,1,2026-09-15T16:28:02.595641+00:00
VALUE_ADDED_GROWTH_NUTS2,bg42:nuts2,2003,2026-09-15T16:28:02.595641+00:00,69.3,final,2003-01-01,2003-12-31,1,2026-09-15T16:28:02.595641+00:00
VALUE_ADDED_GROWTH_NUTS2,bg42:nuts2,2004,2026-09-15T16:28:02.595641+00:00,73.4,final,2004-01-01,2004-12-31,1,2026-09-15T16:28:02.595641+00:00
VALUE_ADDED_GROWTH_NUTS2,bg42:nuts2,2005,2026-09-15T16:28:02.595641+00:00,77.6,final,2005-01-01,2005-12-31,1,2026-09-15T16:28:02.595641+00:00
VALUE_ADDED_GROWTH_NUTS2,bg42:nuts2,2006,2026-09-15T16:28:02.595641+00:00,81.3,final,2006-01-01,2006-12-31,1,2026-09-15T16:28:02.595641+00:00
VALUE_ADDED_GROWTH_NUTS2,bg42:nuts2,2007,2026-09-15T16:28:02.595641+00:00,82.8,final,2007-01-01,2007-12-31,1,2026-09-15T16:28:02.595641+00:00
VALUE_ADDED_GROWTH_NUTS2,bg42:nuts2,2008,2026-09-15T16:28:02.595641+00:00,84.9,final,2008-01-01,2008-12-31,1,2026-09-15T16:28:02.595641+00:00
VALUE_ADDED_GROWTH_NUTS2,bg42:nuts2,2009,2026-09-15T16:28:02.595641+00:00,84.2,final,2009-01-01,2009-12-31,1,2026-09-15T16:28:02.595641+00:00
VALUE_ADDED_GROWTH_NUTS2,bg42:nuts2,2010,2026-09-15T16:28:02.595641+00:00,85.8,final,2010-01-01,2010-12-31,1,2026-09-15T16:28:02.595641+00:00
VALUE_ADDED_GROWTH_NUTS2,bg42:nuts2,2011,2026-09-15T16:28:02.595641+00:00,85.7,final,2011-01-01,2011-12-31,1,2026-09-15T16:28:02.595641+00:00
VALUE_ADDED_GROWTH_NUTS2,bg42:nuts2,2012,2026-09-15T16:28:02.595641+00:00,87.7,final,2012-01-01,2012-12-31,1,2026-09-15T16:28:02.595641+00:00
VALUE_ADDED_GROWTH_NUTS2,bg42:nuts2,2013,2026-09-15T16:28:02.595641+00:00,86.5,final,2013-01-01,2013-12-31,1,2026-09-15T16:28:02.595641+00:00
VALUE_ADDED_GROWTH_NUTS2,bg42:nuts2,2014,2026-09-15T16:28:02.595641+00:00,85.5,final,2014-01-01,2014-12-31,1,2026-09-15T16:28:02.595641+00:00
VALUE_ADDED_GROWTH_NUTS2,bg42:nuts2,2015,2026-09-15T16:28:02.595641+00:00,91.2,final,2015-01-01,2015-12-31,1,2026-09-15T16:28:02.595641+00:00
VALUE_ADDED_GROWTH_NUTS2,bg42:nuts2,2016,2026-09-15T16:28:02.595641+00:00,92.6,final,2016-01-01,2016-12-31,1,2026-09-15T16:28:02.595641+00:00
VALUE_ADDED_GROWTH_NUTS2,bg42:nuts2,2017,2026-09-15T16:28:02.595641+00:00,94.9,final,2017-01-01,2017-12-31,1,2026-09-15T16:28:02.595641+00:00
VALUE_ADDED_GROWTH_NUTS2,bg42:nuts2,2018,2026-09-15T16:28:02.595641+00:00,99.2,final,2018-01-01,2018-12-31,1,2026-09-15T16:28:02.595641+00:00
VALUE_ADDED_GROWTH_NUTS2,bg42:nuts2,2019,2026-09-15T16:28:02.595641+00:00,101.7,final,2019-01-01,2019-12-31,1,2026-09-15T16:28:02.595641+00:00
VALUE_ADDED_GROWTH_NUTS2,bg42:nuts2,2020,2026-09-15T16:28:02.595641+00:00,100.0,final,2020-01-01,2020-12-31,1,2026-09-15T16:28:02.595641+00:00
VALUE_ADDED_GROWTH_NUTS2,bg42:nuts2,2021,2026-09-15T16:28:02.595641+00:00,106.2,final,2021-01-01,2021-12-31,1,2026-09-15T16:28:02.595641+00:00
VALUE_ADDED_GROWTH_NUTS2,bg42:nuts2,2022,2026-09-15T16:28:02.595641+00:00,118.9,final,2022-01-01,2022-12-31,1,2026-09-15T16:28:02.595641+00:00
VALUE_ADDED_GROWTH_NUTS2,bg42:nuts2,2023,2026-09-15T16:28:02.595641+00:00,115.6,final,2023-01-01,2023-12-31,1,2026-09-15T16:28:02.595641+00:00
VALUE_ADDED_GROWTH_NUTS2,bg42:nuts2,2024,2026-09-15T16:28:02.595641+00:00,128.2,final,2024-01-01,2024-12-31,1,2026-09-15T16:28:02.595641+00:00
VALUE_ADDED_GROWTH_NUTS2,cy00:nuts2,2000,2026-09-15T16:28:02.595641+00:00,63.4,final,2000-01-01,2000-12-31,1,2026-09-15T16:28:02.595641+00:00
VALUE_ADDED_GROWTH_NUTS2,cy00:nuts2,2001,2026-09-15T16:28:02.595641+00:00,65.9,final,2001-01-01,2001-12-31,1,2026-09-15T16:28:02.595641+00:00
VALUE_ADDED_GROWTH_NUTS2,cy00:nuts2,2002,2026-09-15T16:28:02.595641+00:00,68.4,final,2002-01-01,2002-12-31,1,2026-09-15T16:28:02.595641+00:00
VALUE_ADDED_GROWTH_NUTS2,cy00:nuts2,2003,2026-09-15T16:28:02.595641+00:00,70.2,final,2003-01-01,2003-12-31,1,2026-09-15T16:28:02.595641+00:00
VALUE_ADDED_GROWTH_NUTS2,cy00:nuts2,2004,2026-09-15T16:28:02.595641+00:00,73.7,final,2004-01-01,2004-12-31,1,2026-09-15T16:28:02.595641+00:00
VALUE_ADDED_GROWTH_NUTS2,cy00:nuts2,2005,2026-09-15T16:28:02.595641+00:00,77.3,final,2005-01-01,2005-12-31,1,2026-09-15T16:28:02.595641+00:00
VALUE_ADDED_GROWTH_NUTS2,cy00:nuts2,2006,2026-09-15T16:28:02.595641+00:00,80.9,final,2006-01-01,2006-12-31,1,2026-09-15T16:28:02.595641+00:00
VALUE_ADDED_GROWTH_NUTS2,cy00:nuts2,2007,2026-09-15T16:28:02.595641+00:00,85.0,final,2007-01-01,2007-12-31,1,2026-09-15T16:28:02.595641+00:00
VALUE_ADDED_GROWTH_NUTS2,cy00:nuts2,2008,2026-09-15T16:28:02.595641+00:00,88.1,final,2008-01-01,2008-12-31,1,2026-09-15T16:28:02.595641+00:00
VALUE_ADDED_GROWTH_NUTS2,cy00:nuts2,2009,2026-09-15T16:28:02.595641+00:00,86.4,final,2009-01-01,2009-12-31,1,2026-09-15T16:28:02.595641+00:00
VALUE_ADDED_GROWTH_NUTS2,cy00:nuts2,2010,2026-09-15T16:28:02.595641+00:00,88.4,final,2010-01-01,2010-12-31,1,2026-09-15T16:28:02.595641+00:00
VALUE_ADDED_GROWTH_NUTS2,cy00:nuts2,2011,2026-09-15T16:28:02.595641+00:00,88.7,final,2011-01-01,2011-12-31,1,2026-09-15T16:28:02.595641+00:00
VALUE_ADDED_GROWTH_NUTS2,cy00:nuts2,2012,2026-09-15T16:28:02.595641+00:00,85.7,final,2012-01-01,2012-12-31,1,2026-09-15T16:28:02.595641+00:00
VALUE_ADDED_GROWTH_NUTS2,cy00:nuts2,2013,2026-09-15T16:28:02.595641+00:00,80.0,final,2013-01-01,2013-12-31,1,2026-09-15T16:28:02.595641+00:00
VALUE_ADDED_GROWTH_NUTS2,cy00:nuts2,2014,2026-09-15T16:28:02.595641+00:00,78.6,final,2014-01-01,2014-12-31,1,2026-09-15T16:28:02.595641+00:00
VALUE_ADDED_GROWTH_NUTS2,cy00:nuts2,2015,2026-09-15T16:28:02.595641+00:00,81.2,final,2015-01-01,2015-12-31,1,2026-09-15T16:28:02.595641+00:00
VALUE_ADDED_GROWTH_NUTS2,cy00:nuts2,2016,2026-09-15T16:28:02.595641+00:00,86.5,final,2016-01-01,2016-12-31,1,2026-09-15T16:28:02.595641+00:00
VALUE_ADDED_GROWTH_NUTS2,cy00:nuts2,2017,2026-09-15T16:28:02.595641+00:00,91.5,final,2017-01-01,2017-12-31,1,2026-09-15T16:28:02.595641+00:00
VALUE_ADDED_GROWTH_NUTS2,cy00:nuts2,2018,2026-09-15T16:28:02.595641+00:00,97.3,final,2018-01-01,2018-12-31,1,2026-09-15T16:28:02.595641+00:00
VALUE_ADDED_GROWTH_NUTS2,cy00:nuts2,2019,2026-09-15T16:28:02.595641+00:00,103.2,final,2019-01-01,2019-12-31,1,2026-09-15T16:28:02.595641+00:00
VALUE_ADDED_GROWTH_NUTS2,cy00:nuts2,2020,2026-09-15T16:28:02.595641+00:00,100.0,final,2020-01-01,2020-12-31,1,2026-09-15T16:28:02.595641+00:00
VALUE_ADDED_GROWTH_NUTS2,cy00:nuts2,2021,2026-09-15T16:28:02.595641+00:00,111.4,final,2021-01-01,2021-12-31,1,2026-09-15T16:28:02.595641+00:00
VALUE_ADDED_GROWTH_NUTS2,cy00:nuts2,2022,2026-09-15T16:28:02.595641+00:00,120.6,final,2022-01-01,2022-12-31,1,2026-09-15T16:28:02.595641+00:00
VALUE_ADDED_GROWTH_NUTS2,cy00:nuts2,2023,2026-09-15T16:28:02.595641+00:00,125.0,final,2023-01-01,2023-12-31,1,2026-09-15T16:28:02.595641+00:00
VALUE_ADDED_GROWTH_NUTS2,cy00:nuts2,2024,2026-09-15T16:28:02.595641+00:00,129.9,provisional,2024-01-01,2024-12-31,1,2026-09-15T16:28:02.595641+00:00
VALUE_ADDED_GROWTH_NUTS2,cz01:nuts2,2000,2026-09-15T16:28:02.595641+00:00,53.3,final,2000-01-01,2000-12-31,1,2026-09-15T16:28:02.595641+00:00
VALUE_ADDED_GROWTH_NUTS2,cz01:nuts2,2001,2026-09-15T16:28:02.595641+00:00,56.1,final,2001-01-01,2001-12-31,1,2026-09-15T16:28:02.595641+00:00
VALUE_ADDED_GROWTH_NUTS2,cz01:nuts2,2002,2026-09-15T16:28:02.595641+00:00,58.3,final,2002-01-01,2002-12-31,1,2026-09-15T16:28:02.595641+00:00
VALUE_ADDED_GROWTH_NUTS2,cz01:nuts2,2003,2026-09-15T16:28:02.595641+00:00,61.1,final,2003-01-01,2003-12-31,1,2026-09-15T16:28:02.595641+00:00
VALUE_ADDED_GROWTH_NUTS2,cz01:nuts2,2004,2026-09-15T16:28:02.595641+00:00,65.3,final,2004-01-01,2004-12-31,1,2026-09-15T16:28:02.595641+00:00
VALUE_ADDED_GROWTH_NUTS2,cz01:nuts2,2005,2026-09-15T16:28:02.595641+00:00,70.2,final,2005-01-01,2005-12-31,1,2026-09-15T16:28:02.595641+00:00
VALUE_ADDED_GROWTH_NUTS2,cz01:nuts2,2006,2026-09-15T16:28:02.595641+00:00,73.8,final,2006-01-01,2006-12-31,1,2026-09-15T16:28:02.595641+00:00
VALUE_ADDED_GROWTH_NUTS2,cz01:nuts2,2007,2026-09-15T16:28:02.595641+00:00,81.3,final,2007-01-01,2007-12-31,1,2026-09-15T16:28:02.595641+00:00
VALUE_ADDED_GROWTH_NUTS2,cz01:nuts2,2008,2026-09-15T16:28:02.595641+00:00,83.1,final,2008-01-01,2008-12-31,1,2026-09-15T16:28:02.595641+00:00
VALUE_ADDED_GROWTH_NUTS2,cz01:nuts2,2009,2026-09-15T16:28:02.595641+00:00,77.8,final,2009-01-01,2009-12-31,1,2026-09-15T16:28:02.595641+00:00
VALUE_ADDED_GROWTH_NUTS2,cz01:nuts2,2010,2026-09-15T16:28:02.595641+00:00,81.2,final,2010-01-01,2010-12-31,1,2026-09-15T16:28:02.595641+00:00
VALUE_ADDED_GROWTH_NUTS2,cz01:nuts2,2011,2026-09-15T16:28:02.595641+00:00,80.0,final,2011-01-01,2011-12-31,1,2026-09-15T16:28:02.595641+00:00
VALUE_ADDED_GROWTH_NUTS2,cz01:nuts2,2012,2026-09-15T16:28:02.595641+00:00,80.1,final,2012-01-01,2012-12-31,1,2026-09-15T16:28:02.595641+00:00
VALUE_ADDED_GROWTH_NUTS2,cz01:nuts2,2013,2026-09-15T16:28:02.595641+00:00,81.8,final,2013-01-01,2013-12-31,1,2026-09-15T16:28:02.595641+00:00
VALUE_ADDED_GROWTH_NUTS2,cz01:nuts2,2014,2026-09-15T16:28:02.595641+00:00,85.4,final,2014-01-01,2014-12-31,1,2026-09-15T16:28:02.595641+00:00
VALUE_ADDED_GROWTH_NUTS2,cz01:nuts2,2015,2026-09-15T16:28:02.595641+00:00,89.7,final,2015-01-01,2015-12-31,1,2026-09-15T16:28:02.595641+00:00
VALUE_ADDED_GROWTH_NUTS2,cz01:nuts2,2016,2026-09-15T16:28:02.595641+00:00,92.3,final,2016-01-01,2016-12-31,1,2026-09-15T16:28:02.595641+00:00
VALUE_ADDED_GROWTH_NUTS2,cz01:nuts2,2017,2026-09-15T16:28:02.595641+00:00,96.5,final,2017-01-01,2017-12-31,1,2026-09-15T16:28:02.595641+00:00
VALUE_ADDED_GROWTH_NUTS2,cz01:nuts2,2018,2026-09-15T16:28:02.595641+00:00,101.2,final,2018-01-01,2018-12-31,1,2026-09-15T16:28:02.595641+00:00
VALUE_ADDED_GROWTH_NUTS2,cz01:nuts2,2019,2026-09-15T16:28:02.595641+00:00,104.9,final,2019-01-01,2019-12-31,1,2026-09-15T16:28:02.595641+00:00
VALUE_ADDED_GROWTH_NUTS2,cz01:nuts2,2020,2026-09-15T16:28:02.595641+00:00,100.0,final,2020-01-01,2020-12-31,1,2026-09-15T16:28:02.595641+00:00
VALUE_ADDED_GROWTH_NUTS2,cz01:nuts2,2021,2026-09-15T16:28:02.595641+00:00,106.3,final,2021-01-01,2021-12-31,1,2026-09-15T16:28:02.595641+00:00
VALUE_ADDED_GROWTH_NUTS2,cz01:nuts2,2022,2026-09-15T16:28:02.595641+00:00,110.4,final,2022-01-01,2022-12-31,1,2026-09-15T16:28:02.595641+00:00
VALUE_ADDED_GROWTH_NUTS2,cz01:nuts2,2023,2026-09-15T16:28:02.595641+00:00,109.6,final,2023-01-01,2023-12-31,1,2026-09-15T16:28:02.595641+00:00
VALUE_ADDED_GROWTH_NUTS2,cz01:nuts2,2024,2026-09-15T16:28:02.595641+00:00,109.6,final,2024-01-01,2024-12-31,1,2026-09-15T16:28:02.595641+00:00
VALUE_ADDED_GROWTH_NUTS2,cz02:nuts2,2000,2026-09-15T16:28:02.595641+00:00,50.2,final,2000-01-01,2000-12-31,1,2026-09-15T16:28:02.595641+00:00
VALUE_ADDED_GROWTH_NUTS2,cz02:nuts2,2001,2026-09-15T16:28:02.595641+00:00,51.8,final,2001-01-01,2001-12-31,1,2026-09-15T16:28:02.595641+00:00
VALUE_ADDED_GROWTH_NUTS2,cz02:nuts2,2002,2026-09-15T16:28:02.595641+00:00,55.0,final,2002-01-01,2002-12-31,1,2026-09-15T16:28:02.595641+00:00
VALUE_ADDED_GROWTH_NUTS2,cz02:nuts2,2003,2026-09-15T16:28:02.595641+00:00,55.1,final,2003-01-01,2003-12-31,1,2026-09-15T16:28:02.595641+00:00
VALUE_ADDED_GROWTH_NUTS2,cz02:nuts2,2004,2026-09-15T16:28:02.595641+00:00,58.4,final,2004-01-01,2004-12-31,1,2026-09-15T16:28:02.595641+00:00
VALUE_ADDED_GROWTH_NUTS2,cz02:nuts2,2005,2026-09-15T16:28:02.595641+00:00,61.5,final,2005-01-01,2005-12-31,1,2026-09-15T16:28:02.595641+00:00
VALUE_ADDED_GROWTH_NUTS2,cz02:nuts2,2006,2026-09-15T16:28:02.595641+00:00,70.2,final,2006-01-01,2006-12-31,1,2026-09-15T16:28:02.595641+00:00
VALUE_ADDED_GROWTH_NUTS2,cz02:nuts2,2007,2026-09-15T16:28:02.595641+00:00,77.5,final,2007-01-01,2007-12-31,1,2026-09-15T16:28:02.595641+00:00
VALUE_ADDED_GROWTH_NUTS2,cz02:nuts2,2008,2026-09-15T16:28:02.595641+00:00,81.7,final,2008-01-01,2008-12-31,1,2026-09-15T16:28:02.595641+00:00
VALUE_ADDED_GROWTH_NUTS2,cz02:nuts2,2009,2026-09-15T16:28:02.595641+00:00,76.0,final,2009-01-01,2009-12-31,1,2026-09-15T16:28:02.595641+00:00
VALUE_ADDED_GROWTH_NUTS2,cz02:nuts2,2010,2026-09-15T16:28:02.595641+00:00,77.6,final,2010-01-01,2010-12-31,1,2026-09-15T16:28:02.595641+00:00
VALUE_ADDED_GROWTH_NUTS2,cz02:nuts2,2011,2026-09-15T16:28:02.595641+00:00,83.2,final,2011-01-01,2011-12-31,1,2026-09-15T16:28:02.595641+00:00
VALUE_ADDED_GROWTH_NUTS2,cz02:nuts2,2012,2026-09-15T16:28:02.595641+00:00,82.5,final,2012-01-01,2012-12-31,1,2026-09-15T16:28:02.595641+00:00
VALUE_ADDED_GROWTH_NUTS2,cz02:nuts2,2013,2026-09-15T16:28:02.595641+00:00,80.5,final,2013-01-01,2013-12-31,1,2026-09-15T16:28:02.595641+00:00
VALUE_ADDED_GROWTH_NUTS2,cz02:nuts2,2014,2026-09-15T16:28:02.595641+00:00,82.7,final,2014-01-01,2014-12-31,1,2026-09-15T16:28:02.595641+00:00
VALUE_ADDED_GROWTH_NUTS2,cz02:nuts2,2015,2026-09-15T16:28:02.595641+00:00,86.9,final,2015-01-01,2015-12-31,1,2026-09-15T16:28:02.595641+00:00
VALUE_ADDED_GROWTH_NUTS2,cz02:nuts2,2016,2026-09-15T16:28:02.595641+00:00,91.6,final,2016-01-01,2016-12-31,1,2026-09-15T16:28:02.595641+00:00
VALUE_ADDED_GROWTH_NUTS2,cz02:nuts2,2017,2026-09-15T16:28:02.595641+00:00,98.3,final,2017-01-01,2017-12-31,1,2026-09-15T16:28:02.595641+00:00
VALUE_ADDED_GROWTH_NUTS2,cz02:nuts2,2018,2026-09-15T16:28:02.595641+00:00,100.9,final,2018-01-01,2018-12-31,1,2026-09-15T16:28:02.595641+00:00
VALUE_ADDED_GROWTH_NUTS2,cz02:nuts2,2019,2026-09-15T16:28:02.595641+00:00,109.0,final,2019-01-01,2019-12-31,1,2026-09-15T16:28:02.595641+00:00
VALUE_ADDED_GROWTH_NUTS2,cz02:nuts2,2020,2026-09-15T16:28:02.595641+00:00,100.0,final,2020-01-01,2020-12-31,1,2026-09-15T16:28:02.595641+00:00
VALUE_ADDED_GROWTH_NUTS2,cz02:nuts2,2021,2026-09-15T16:28:02.595641+00:00,103.2,final,2021-01-01,2021-12-31,1,2026-09-15T16:28:02.595641+00:00
VALUE_ADDED_GROWTH_NUTS2,cz02:nuts2,2022,2026-09-15T16:28:02.595641+00:00,109.4,final,2022-01-01,2022-12-31,1,2026-09-15T16:28:02.595641+00:00
VALUE_ADDED_GROWTH_NUTS2,cz02:nuts2,2023,2026-09-15T16:28:02.595641+00:00,113.0,final,2023-01-01,2023-12-31,1,2026-09-15T16:28:02.595641+00:00
VALUE_ADDED_GROWTH_NUTS2,cz02:nuts2,2024,2026-09-15T16:28:02.595641+00:00,114.9,final,2024-01-01,2024-12-31,1,2026-09-15T16:28:02.595641+00:00
VALUE_ADDED_GROWTH_NUTS2,cz03:nuts2,2000,2026-09-15T16:28:02.595641+00:00,68.8,final,2000-01-01,2000-12-31,1,2026-09-15T16:28:02.595641+00:00
VALUE_ADDED_GROWTH_NUTS2,cz03:nuts2,2001,2026-09-15T16:28:02.595641+00:00,70.1,final,2001-01-01,2001-12-31,1,2026-09-15T16:28:02.595641+00:00
VALUE_ADDED_GROWTH_NUTS2,cz03:nuts2,2002,2026-09-15T16:28:02.595641+00:00,70.5,final,2002-01-01,2002-12-31,1,2026-09-15T16:28:02.595641+00:00
VALUE_ADDED_GROWTH_NUTS2,cz03:nuts2,2003,2026-09-15T16:28:02.595641+00:00,72.1,final,2003-01-01,2003-12-31,1,2026-09-15T16:28:02.595641+00:00
VALUE_ADDED_GROWTH_NUTS2,cz03:nuts2,2004,2026-09-15T16:28:02.595641+00:00,77.1,final,2004-01-01,2004-12-31,1,2026-09-15T16:28:02.595641+00:00
VALUE_ADDED_GROWTH_NUTS2,cz03:nuts2,2005,2026-09-15T16:28:02.595641+00:00,81.7,final,2005-01-01,2005-12-31,1,2026-09-15T16:28:02.595641+00:00
VALUE_ADDED_GROWTH_NUTS2,cz03:nuts2,2006,2026-09-15T16:28:02.595641+00:00,87.3,final,2006-01-01,2006-12-31,1,2026-09-15T16:28:02.595641+00:00
VALUE_ADDED_GROWTH_NUTS2,cz03:nuts2,2007,2026-09-15T16:28:02.595641+00:00,83.3,final,2007-01-01,2007-12-31,1,2026-09-15T16:28:02.595641+00:00
VALUE_ADDED_GROWTH_NUTS2,cz03:nuts2,2008,2026-09-15T16:28:02.595641+00:00,86.9,final,2008-01-01,2008-12-31,1,2026-09-15T16:28:02.595641+00:00
VALUE_ADDED_GROWTH_NUTS2,cz03:nuts2,2009,2026-09-15T16:28:02.595641+00:00,84.1,final,2009-01-01,2009-12-31,1,2026-09-15T16:28:02.595641+00:00
VALUE_ADDED_GROWTH_NUTS2,cz03:nuts2,2010,2026-09-15T16:28:02.595641+00:00,87.5,final,2010-01-01,2010-12-31,1,2026-09-15T16:28:02.595641+00:00
VALUE_ADDED_GROWTH_NUTS2,cz03:nuts2,2011,2026-09-15T16:28:02.595641+00:00,88.7,final,2011-01-01,2011-12-31,1,2026-09-15T16:28:02.595641+00:00
VALUE_ADDED_GROWTH_NUTS2,cz03:nuts2,2012,2026-09-15T16:28:02.595641+00:00,86.9,final,2012-01-01,2012-12-31,1,2026-09-15T16:28:02.595641+00:00
VALUE_ADDED_GROWTH_NUTS2,cz03:nuts2,2013,2026-09-15T16:28:02.595641+00:00,87.5,final,2013-01-01,2013-12-31,1,2026-09-15T16:28:02.595641+00:00
VALUE_ADDED_GROWTH_NUTS2,cz03:nuts2,2014,2026-09-15T16:28:02.595641+00:00,89.3,final,2014-01-01,2014-12-31,1,2026-09-15T16:28:02.595641+00:00
VALUE_ADDED_GROWTH_NUTS2,cz03:nuts2,2015,2026-09-15T16:28:02.595641+00:00,92.3,final,2015-01-01,2015-12-31,1,2026-09-15T16:28:02.595641+00:00
VALUE_ADDED_GROWTH_NUTS2,cz03:nuts2,2016,2026-09-15T16:28:02.595641+00:00,94.0,final,2016-01-01,2016-12-31,1,2026-09-15T16:28:02.595641+00:00
VALUE_ADDED_GROWTH_NUTS2,cz03:nuts2,2017,2026-09-15T16:28:02.595641+00:00,100.0,final,2017-01-01,2017-12-31,1,2026-09-15T16:28:02.595641+00:00
VALUE_ADDED_GROWTH_NUTS2,cz03:nuts2,2018,2026-09-15T16:28:02.595641+00:00,102.4,final,2018-01-01,2018-12-31,1,2026-09-15T16:28:02.595641+00:00
VALUE_ADDED_GROWTH_NUTS2,cz03:nuts2,2019,2026-09-15T16:28:02.595641+00:00,105.0,final,2019-01-01,2019-12-31,1,2026-09-15T16:28:02.595641+00:00
VALUE_ADDED_GROWTH_NUTS2,cz03:nuts2,2020,2026-09-15T16:28:02.595641+00:00,100.0,final,2020-01-01,2020-12-31,1,2026-09-15T16:28:02.595641+00:00
VALUE_ADDED_GROWTH_NUTS2,cz03:nuts2,2021,2026-09-15T16:28:02.595641+00:00,103.1,final,2021-01-01,2021-12-31,1,2026-09-15T16:28:02.595641+00:00
VALUE_ADDED_GROWTH_NUTS2,cz03:nuts2,2022,2026-09-15T16:28:02.595641+00:00,105.0,final,2022-01-01,2022-12-31,1,2026-09-15T16:28:02.595641+00:00
VALUE_ADDED_GROWTH_NUTS2,cz03:nuts2,2023,2026-09-15T16:28:02.595641+00:00,106.5,final,2023-01-01,2023-12-31,1,2026-09-15T16:28:02.595641+00:00
VALUE_ADDED_GROWTH_NUTS2,cz03:nuts2,2024,2026-09-15T16:28:02.595641+00:00,106.6,final,2024-01-01,2024-12-31,1,2026-09-15T16:28:02.595641+00:00
VALUE_ADDED_GROWTH_NUTS2,cz04:nuts2,2000,2026-09-15T16:28:02.595641+00:00,85.9,final,2000-01-01,2000-12-31,1,2026-09-15T16:28:02.595641+00:00
VALUE_ADDED_GROWTH_NUTS2,cz04:nuts2,2001,2026-09-15T16:28:02.595641+00:00,85.5,final,2001-01-01,2001-12-31,1,2026-09-15T16:28:02.595641+00:00
VALUE_ADDED_GROWTH_NUTS2,cz04:nuts2,2002,2026-09-15T16:28:02.595641+00:00,86.4,final,2002-01-01,2002-12-31,1,2026-09-15T16:28:02.595641+00:00
VALUE_ADDED_GROWTH_NUTS2,cz04:nuts2,2003,2026-09-15T16:28:02.595641+00:00,90.0,final,2003-01-01,2003-12-31,1,2026-09-15T16:28:02.595641+00:00
VALUE_ADDED_GROWTH_NUTS2,cz04:nuts2,2004,2026-09-15T16:28:02.595641+00:00,89.5,final,2004-01-01,2004-12-31,1,2026-09-15T16:28:02.595641+00:00
VALUE_ADDED_GROWTH_NUTS2,cz04:nuts2,2005,2026-09-15T16:28:02.595641+00:00,93.8,final,2005-01-01,2005-12-31,1,2026-09-15T16:28:02.595641+00:00
VALUE_ADDED_GROWTH_NUTS2,cz04:nuts2,2006,2026-09-15T16:28:02.595641+00:00,100.9,final,2006-01-01,2006-12-31,1,2026-09-15T16:28:02.595641+00:00
VALUE_ADDED_GROWTH_NUTS2,cz04:nuts2,2007,2026-09-15T16:28:02.595641+00:00,101.5,final,2007-01-01,2007-12-31,1,2026-09-15T16:28:02.595641+00:00
VALUE_ADDED_GROWTH_NUTS2,cz04:nuts2,2008,2026-09-15T16:28:02.595641+00:00,103.5,final,2008-01-01,2008-12-31,1,2026-09-15T16:28:02.595641+00:00
VALUE_ADDED_GROWTH_NUTS2,cz04:nuts2,2009,2026-09-15T16:28:02.595641+00:00,103.3,final,2009-01-01,2009-12-31,1,2026-09-15T16:28:02.595641+00:00
VALUE_ADDED_GROWTH_NUTS2,cz04:nuts2,2010,2026-09-15T16:28:02.595641+00:00,99.9,final,2010-01-01,2010-12-31,1,2026-09-15T16:28:02.595641+00:00
VALUE_ADDED_GROWTH_NUTS2,cz04:nuts2,2011,2026-09-15T16:28:02.595641+00:00,98.0,final,2011-01-01,2011-12-31,1,2026-09-15T16:28:02.595641+00:00
VALUE_ADDED_GROWTH_NUTS2,cz04:nuts2,2012,2026-09-15T16:28:02.595641+00:00,98.5,final,2012-01-01,2012-12-31,1,2026-09-15T16:28:02.595641+00:00
VALUE_ADDED_GROWTH_NUTS2,cz04:nuts2,2013,2026-09-15T16:28:02.595641+00:00,97.0,final,2013-01-01,2013-12-31,1,2026-09-15T16:28:02.595641+00:00
VALUE_ADDED_GROWTH_NUTS2,cz04:nuts2,2014,2026-09-15T16:28:02.595641+00:00,97.7,final,2014-01-01,2014-12-31,1,2026-09-15T16:28:02.595641+00:00
VALUE_ADDED_GROWTH_NUTS2,cz04:nuts2,2015,2026-09-15T16:28:02.595641+00:00,102.5,final,2015-01-01,2015-12-31,1,2026-09-15T16:28:02.595641+00:00
VALUE_ADDED_GROWTH_NUTS2,cz04:nuts2,2016,2026-09-15T16:28:02.595641+00:00,102.0,final,2016-01-01,2016-12-31,1,2026-09-15T16:28:02.595641+00:00
VALUE_ADDED_GROWTH_NUTS2,cz04:nuts2,2017,2026-09-15T16:28:02.595641+00:00,104.2,final,2017-01-01,2017-12-31,1,2026-09-15T16:28:02.595641+00:00
VALUE_ADDED_GROWTH_NUTS2,cz04:nuts2,2018,2026-09-15T16:28:02.595641+00:00,103.7,final,2018-01-01,2018-12-31,1,2026-09-15T16:28:02.595641+00:00
VALUE_ADDED_GROWTH_NUTS2,cz04:nuts2,2019,2026-09-15T16:28:02.595641+00:00,107.7,final,2019-01-01,2019-12-31,1,2026-09-15T16:28:02.595641+00:00
VALUE_ADDED_GROWTH_NUTS2,cz04:nuts2,2020,2026-09-15T16:28:02.595641+00:00,100.0,final,2020-01-01,2020-12-31,1,2026-09-15T16:28:02.595641+00:00
VALUE_ADDED_GROWTH_NUTS2,cz04:nuts2,2021,2026-09-15T16:28:02.595641+00:00,102.0,final,2021-01-01,2021-12-31,1,2026-09-15T16:28:02.595641+00:00
VALUE_ADDED_GROWTH_NUTS2,cz04:nuts2,2022,2026-09-15T16:28:02.595641+00:00,104.2,final,2022-01-01,2022-12-31,1,2026-09-15T16:28:02.595641+00:00
VALUE_ADDED_GROWTH_NUTS2,cz04:nuts2,2023,2026-09-15T16:28:02.595641+00:00,100.9,final,2023-01-01,2023-12-31,1,2026-09-15T16:28:02.595641+00:00
VALUE_ADDED_GROWTH_NUTS2,cz04:nuts2,2024,2026-09-15T16:28:02.595641+00:00,100.4,final,2024-01-01,2024-12-31,1,2026-09-15T16:28:02.595641+00:00
VALUE_ADDED_GROWTH_NUTS2,cz05:nuts2,2000,2026-09-15T16:28:02.595641+00:00,63.2,final,2000-01-01,2000-12-31,1,2026-09-15T16:28:02.595641+00:00
VALUE_ADDED_GROWTH_NUTS2,cz05:nuts2,2001,2026-09-15T16:28:02.595641+00:00,64.3,final,2001-01-01,2001-12-31,1,2026-09-15T16:28:02.595641+00:00
VALUE_ADDED_GROWTH_NUTS2,cz05:nuts2,2002,2026-09-15T16:28:02.595641+00:00,64.6,final,2002-01-01,2002-12-31,1,2026-09-15T16:28:02.595641+00:00
VALUE_ADDED_GROWTH_NUTS2,cz05:nuts2,2003,2026-09-15T16:28:02.595641+00:00,64.6,final,2003-01-01,2003-12-31,1,2026-09-15T16:28:02.595641+00:00
VALUE_ADDED_GROWTH_NUTS2,cz05:nuts2,2004,2026-09-15T16:28:02.595641+00:00,67.6,final,2004-01-01,2004-12-31,1,2026-09-15T16:28:02.595641+00:00
VALUE_ADDED_GROWTH_NUTS2,cz05:nuts2,2005,2026-09-15T16:28:02.595641+00:00,72.4,final,2005-01-01,2005-12-31,1,2026-09-15T16:28:02.595641+00:00
VALUE_ADDED_GROWTH_NUTS2,cz05:nuts2,2006,2026-09-15T16:28:02.595641+00:00,77.5,final,2006-01-01,2006-12-31,1,2026-09-15T16:28:02.595641+00:00
VALUE_ADDED_GROWTH_NUTS2,cz05:nuts2,2007,2026-09-15T16:28:02.595641+00:00,80.7,final,2007-01-01,2007-12-31,1,2026-09-15T16:28:02.595641+00:00
VALUE_ADDED_GROWTH_NUTS2,cz05:nuts2,2008,2026-09-15T16:28:02.595641+00:00,83.1,final,2008-01-01,2008-12-31,1,2026-09-15T16:28:02.595641+00:00
VALUE_ADDED_GROWTH_NUTS2,cz05:nuts2,2009,2026-09-15T16:28:02.595641+00:00,79.0,final,2009-01-01,2009-12-31,1,2026-09-15T16:28:02.595641+00:00
VALUE_ADDED_GROWTH_NUTS2,cz05:nuts2,2010,2026-09-15T16:28:02.595641+00:00,82.5,final,2010-01-01,2010-12-31,1,2026-09-15T16:28:02.595641+00:00
VALUE_ADDED_GROWTH_NUTS2,cz05:nuts2,2011,2026-09-15T16:28:02.595641+00:00,85.2,final,2011-01-01,2011-12-31,1,2026-09-15T16:28:02.595641+00:00
VALUE_ADDED_GROWTH_NUTS2,cz05:nuts2,2012,2026-09-15T16:28:02.595641+00:00,82.0,final,2012-01-01,2012-12-31,1,2026-09-15T16:28:02.595641+00:00
VALUE_ADDED_GROWTH_NUTS2,cz05:nuts2,2013,2026-09-15T16:28:02.595641+00:00,82.3,final,2013-01-01,2013-12-31,1,2026-09-15T16:28:02.595641+00:00
VALUE_ADDED_GROWTH_NUTS2,cz05:nuts2,2014,2026-09-15T16:28:02.595641+00:00,84.5,final,2014-01-01,2014-12-31,1,2026-09-15T16:28:02.595641+00:00
VALUE_ADDED_GROWTH_NUTS2,cz05:nuts2,2015,2026-09-15T16:28:02.595641+00:00,88.3,final,2015-01-01,2015-12-31,1,2026-09-15T16:28:02.595641+00:00
VALUE_ADDED_GROWTH_NUTS2,cz05:nuts2,2016,2026-09-15T16:28:02.595641+00:00,91.2,final,2016-01-01,2016-12-31,1,2026-09-15T16:28:02.595641+00:00
VALUE_ADDED_GROWTH_NUTS2,cz05:nuts2,2017,2026-09-15T16:28:02.595641+00:00,98.1,final,2017-01-01,2017-12-31,1,2026-09-15T16:28:02.595641+00:00
VALUE_ADDED_GROWTH_NUTS2,cz05:nuts2,2018,2026-09-15T16:28:02.595641+00:00,100.6,final,2018-01-01,2018-12-31,1,2026-09-15T16:28:02.595641+00:00
VALUE_ADDED_GROWTH_NUTS2,cz05:nuts2,2019,2026-09-15T16:28:02.595641+00:00,103.7,final,2019-01-01,2019-12-31,1,2026-09-15T16:28:02.595641+00:00
VALUE_ADDED_GROWTH_NUTS2,cz05:nuts2,2020,2026-09-15T16:28:02.595641+00:00,100.0,final,2020-01-01,2020-12-31,1,2026-09-15T16:28:02.595641+00:00
VALUE_ADDED_GROWTH_NUTS2,cz05:nuts2,2021,2026-09-15T16:28:02.595641+00:00,100.6,final,2021-01-01,2021-12-31,1,2026-09-15T16:28:02.595641+00:00
VALUE_ADDED_GROWTH_NUTS2,cz05:nuts2,2022,2026-09-15T16:28:02.595641+00:00,103.7,final,2022-01-01,2022-12-31,1,2026-09-15T16:28:02.595641+00:00
VALUE_ADDED_GROWTH_NUTS2,cz05:nuts2,2023,2026-09-15T16:28:02.595641+00:00,106.9,final,2023-01-01,2023-12-31,1,2026-09-15T16:28:02.595641+00:00
VALUE_ADDED_GROWTH_NUTS2,cz05:nuts2,2024,2026-09-15T16:28:02.595641+00:00,108.6,final,2024-01-01,2024-12-31,1,2026-09-15T16:28:02.595641+00:00
VALUE_ADDED_GROWTH_NUTS2,cz06:nuts2,2000,2026-09-15T16:28:02.595641+00:00,60.5,final,2000-01-01,2000-12-31,1,2026-09-15T16:28:02.595641+00:00
VALUE_ADDED_GROWTH_NUTS2,cz06:nuts2,2001,2026-09-15T16:28:02.595641+00:00,62.9,final,2001-01-01,2001-12-31,1,2026-09-15T16:28:02.595641+00:00
VALUE_ADDED_GROWTH_NUTS2,cz06:nuts2,2002,2026-09-15T16:28:02.595641+00:00,63.4,final,2002-01-01,2002-12-31,1,2026-09-15T16:28:02.595641+00:00
VALUE_ADDED_GROWTH_NUTS2,cz06:nuts2,2003,2026-09-15T16:28:02.595641+00:00,65.3,final,2003-01-01,2003-12-31,1,2026-09-15T16:28:02.595641+00:00
VALUE_ADDED_GROWTH_NUTS2,cz06:nuts2,2004,2026-09-15T16:28:02.595641+00:00,68.0,final,2004-01-01,2004-12-31,1,2026-09-15T16:28:02.595641+00:00
VALUE_ADDED_GROWTH_NUTS2,cz06:nuts2,2005,2026-09-15T16:28:02.595641+00:00,72.0,final,2005-01-01,2005-12-31,1,2026-09-15T16:28:02.595641+00:00
VALUE_ADDED_GROWTH_NUTS2,cz06:nuts2,2006,2026-09-15T16:28:02.595641+00:00,76.4,final,2006-01-01,2006-12-31,1,2026-09-15T16:28:02.595641+00:00
VALUE_ADDED_GROWTH_NUTS2,cz06:nuts2,2007,2026-09-15T16:28:02.595641+00:00,81.5,final,2007-01-01,2007-12-31,1,2026-09-15T16:28:02.595641+00:00
VALUE_ADDED_GROWTH_NUTS2,cz06:nuts2,2008,2026-09-15T16:28:02.595641+00:00,84.6,final,2008-01-01,2008-12-31,1,2026-09-15T16:28:02.595641+00:00
VALUE_ADDED_GROWTH_NUTS2,cz06:nuts2,2009,2026-09-15T16:28:02.595641+00:00,79.7,final,2009-01-01,2009-12-31,1,2026-09-15T16:28:02.595641+00:00
VALUE_ADDED_GROWTH_NUTS2,cz06:nuts2,2010,2026-09-15T16:28:02.595641+00:00,82.5,final,2010-01-01,2010-12-31,1,2026-09-15T16:28:02.595641+00:00
VALUE_ADDED_GROWTH_NUTS2,cz06:nuts2,2011,2026-09-15T16:28:02.595641+00:00,85.0,final,2011-01-01,2011-12-31,1,2026-09-15T16:28:02.595641+00:00
VALUE_ADDED_GROWTH_NUTS2,cz06:nuts2,2012,2026-09-15T16:28:02.595641+00:00,85.0,final,2012-01-01,2012-12-31,1,2026-09-15T16:28:02.595641+00:00
VALUE_ADDED_GROWTH_NUTS2,cz06:nuts2,2013,2026-09-15T16:28:02.595641+00:00,86.1,final,2013-01-01,2013-12-31,1,2026-09-15T16:28:02.595641+00:00
VALUE_ADDED_GROWTH_NUTS2,cz06:nuts2,2014,2026-09-15T16:28:02.595641+00:00,87.0,final,2014-01-01,2014-12-31,1,2026-09-15T16:28:02.595641+00:00
VALUE_ADDED_GROWTH_NUTS2,cz06:nuts2,2015,2026-09-15T16:28:02.595641+00:00,90.8,final,2015-01-01,2015-12-31,1,2026-09-15T16:28:02.595641+00:00
VALUE_ADDED_GROWTH_NUTS2,cz06:nuts2,2016,2026-09-15T16:28:02.595641+00:00,91.6,final,2016-01-01,2016-12-31,1,2026-09-15T16:28:02.595641+00:00
VALUE_ADDED_GROWTH_NUTS2,cz06:nuts2,2017,2026-09-15T16:28:02.595641+00:00,95.8,final,2017-01-01,2017-12-31,1,2026-09-15T16:28:02.595641+00:00
VALUE_ADDED_GROWTH_NUTS2,cz06:nuts2,2018,2026-09-15T16:28:02.595641+00:00,98.9,final,2018-01-01,2018-12-31,1,2026-09-15T16:28:02.595641+00:00
VALUE_ADDED_GROWTH_NUTS2,cz06:nuts2,2019,2026-09-15T16:28:02.595641+00:00,102.4,final,2019-01-01,2019-12-31,1,2026-09-15T16:28:02.595641+00:00
VALUE_ADDED_GROWTH_NUTS2,cz06:nuts2,2020,2026-09-15T16:28:02.595641+00:00,100.0,final,2020-01-01,2020-12-31,1,2026-09-15T16:28:02.595641+00:00
VALUE_ADDED_GROWTH_NUTS2,cz06:nuts2,2021,2026-09-15T16:28:02.595641+00:00,104.3,final,2021-01-01,2021-12-31,1,2026-09-15T16:28:02.595641+00:00
VALUE_ADDED_GROWTH_NUTS2,cz06:nuts2,2022,2026-09-15T16:28:02.595641+00:00,105.2,final,2022-01-01,2022-12-31,1,2026-09-15T16:28:02.595641+00:00
VALUE_ADDED_GROWTH_NUTS2,cz06:nuts2,2023,2026-09-15T16:28:02.595641+00:00,106.9,final,2023-01-01,2023-12-31,1,2026-09-15T16:28:02.595641+00:00
VALUE_ADDED_GROWTH_NUTS2,cz06:nuts2,2024,2026-09-15T16:28:02.595641+00:00,107.1,final,2024-01-01,2024-12-31,1,2026-09-15T16:28:02.595641+00:00
VALUE_ADDED_GROWTH_NUTS2,cz07:nuts2,2000,2026-09-15T16:28:02.595641+00:00,61.5,final,2000-01-01,2000-12-31,1,2026-09-15T16:28:02.595641+00:00
VALUE_ADDED_GROWTH_NUTS2,cz07:nuts2,2001,2026-09-15T16:28:02.595641+00:00,62.9,final,2001-01-01,2001-12-31,1,2026-09-15T16:28:02.595641+00:00
VALUE_ADDED_GROWTH_NUTS2,cz07:nuts2,2002,2026-09-15T16:28:02.595641+00:00,62.7,final,2002-01-01,2002-12-31,1,2026-09-15T16:28:02.595641+00:00
VALUE_ADDED_GROWTH_NUTS2,cz07:nuts2,2003,2026-09-15T16:28:02.595641+00:00,64.7,final,2003-01-01,2003-12-31,1,2026-09-15T16:28:02.595641+00:00
VALUE_ADDED_GROWTH_NUTS2,cz07:nuts2,2004,2026-09-15T16:28:02.595641+00:00,67.9,final,2004-01-01,2004-12-31,1,2026-09-15T16:28:02.595641+00:00
VALUE_ADDED_GROWTH_NUTS2,cz07:nuts2,2005,2026-09-15T16:28:02.595641+00:00,71.7,final,2005-01-01,2005-12-31,1,2026-09-15T16:28:02.595641+00:00
VALUE_ADDED_GROWTH_NUTS2,cz07:nuts2,2006,2026-09-15T16:28:02.595641+00:00,76.5,final,2006-01-01,2006-12-31,1,2026-09-15T16:28:02.595641+00:00
VALUE_ADDED_GROWTH_NUTS2,cz07:nuts2,2007,2026-09-15T16:28:02.595641+00:00,78.4,final,2007-01-01,2007-12-31,1,2026-09-15T16:28:02.595641+00:00
VALUE_ADDED_GROWTH_NUTS2,cz07:nuts2,2008,2026-09-15T16:28:02.595641+00:00,84.7,final,2008-01-01,2008-12-31,1,2026-09-15T16:28:02.595641+00:00
VALUE_ADDED_GROWTH_NUTS2,cz07:nuts2,2009,2026-09-15T16:28:02.595641+00:00,80.5,final,2009-01-01,2009-12-31,1,2026-09-15T16:28:02.595641+00:00
VALUE_ADDED_GROWTH_NUTS2,cz07:nuts2,2010,2026-09-15T16:28:02.595641+00:00,83.9,final,2010-01-01,2010-12-31,1,2026-09-15T16:28:02.595641+00:00
VALUE_ADDED_GROWTH_NUTS2,cz07:nuts2,2011,2026-09-15T16:28:02.595641+00:00,86.5,final,2011-01-01,2011-12-31,1,2026-09-15T16:28:02.595641+00:00
VALUE_ADDED_GROWTH_NUTS2,cz07:nuts2,2012,2026-09-15T16:28:02.595641+00:00,84.9,final,2012-01-01,2012-12-31,1,2026-09-15T16:28:02.595641+00:00
VALUE_ADDED_GROWTH_NUTS2,cz07:nuts2,2013,2026-09-15T16:28:02.595641+00:00,84.7,final,2013-01-01,2013-12-31,1,2026-09-15T16:28:02.595641+00:00
VALUE_ADDED_GROWTH_NUTS2,cz07:nuts2,2014,2026-09-15T16:28:02.595641+00:00,87.9,final,2014-01-01,2014-12-31,1,2026-09-15T16:28:02.595641+00:00
VALUE_ADDED_GROWTH_NUTS2,cz07:nuts2,2015,2026-09-15T16:28:02.595641+00:00,91.3,final,2015-01-01,2015-12-31,1,2026-09-15T16:28:02.595641+00:00
VALUE_ADDED_GROWTH_NUTS2,cz07:nuts2,2016,2026-09-15T16:28:02.595641+00:00,93.8,final,2016-01-01,2016-12-31,1,2026-09-15T16:28:02.595641+00:00
VALUE_ADDED_GROWTH_NUTS2,cz07:nuts2,2017,2026-09-15T16:28:02.595641+00:00,99.2,final,2017-01-01,2017-12-31,1,2026-09-15T16:28:02.595641+00:00
VALUE_ADDED_GROWTH_NUTS2,cz07:nuts2,2018,2026-09-15T16:28:02.595641+00:00,100.9,final,2018-01-01,2018-12-31,1,2026-09-15T16:28:02.595641+00:00
VALUE_ADDED_GROWTH_NUTS2,cz07:nuts2,2019,2026-09-15T16:28:02.595641+00:00,104.8,final,2019-01-01,2019-12-31,1,2026-09-15T16:28:02.595641+00:00
VALUE_ADDED_GROWTH_NUTS2,cz07:nuts2,2020,2026-09-15T16:28:02.595641+00:00,100.0,final,2020-01-01,2020-12-31,1,2026-09-15T16:28:02.595641+00:00
VALUE_ADDED_GROWTH_NUTS2,cz07:nuts2,2021,2026-09-15T16:28:02.595641+00:00,102.8,final,2021-01-01,2021-12-31,1,2026-09-15T16:28:02.595641+00:00
VALUE_ADDED_GROWTH_NUTS2,cz07:nuts2,2022,2026-09-15T16:28:02.595641+00:00,104.1,final,2022-01-01,2022-12-31,1,2026-09-15T16:28:02.595641+00:00
VALUE_ADDED_GROWTH_NUTS2,cz07:nuts2,2023,2026-09-15T16:28:02.595641+00:00,105.0,final,2023-01-01,2023-12-31,1,2026-09-15T16:28:02.595641+00:00
VALUE_ADDED_GROWTH_NUTS2,cz07:nuts2,2024,2026-09-15T16:28:02.595641+00:00,106.4,final,2024-01-01,2024-12-31,1,2026-09-15T16:28:02.595641+00:00
VALUE_ADDED_GROWTH_NUTS2,cz08:nuts2,2000,2026-09-15T16:28:02.595641+00:00,77.5,final,2000-01-01,2000-12-31,1,2026-09-15T16:28:02.595641+00:00
VALUE_ADDED_GROWTH_NUTS2,cz08:nuts2,2001,2026-09-15T16:28:02.595641+00:00,79.5,final,2001-01-01,2001-12-31,1,2026-09-15T16:28:02.595641+00:00
VALUE_ADDED_GROWTH_NUTS2,cz08:nuts2,2002,2026-09-15T16:28:02.595641+00:00,80.1,final,2002-01-01,2002-12-31,1,2026-09-15T16:28:02.595641+00:00
VALUE_ADDED_GROWTH_NUTS2,cz08:nuts2,2003,2026-09-15T16:28:02.595641+00:00,81.6,final,2003-01-01,2003-12-31,1,2026-09-15T16:28:02.595641+00:00
VALUE_ADDED_GROWTH_NUTS2,cz08:nuts2,2004,2026-09-15T16:28:02.595641+00:00,82.9,final,2004-01-01,2004-12-31,1,2026-09-15T16:28:02.595641+00:00
VALUE_ADDED_GROWTH_NUTS2,cz08:nuts2,2005,2026-09-15T16:28:02.595641+00:00,90.2,final,2005-01-01,2005-12-31,1,2026-09-15T16:28:02.595641+00:00
VALUE_ADDED_GROWTH_NUTS2,cz08:nuts2,2006,2026-09-15T16:28:02.595641+00:00,95.8,final,2006-01-01,2006-12-31,1,2026-09-15T16:28:02.595641+00:00
VALUE_ADDED_GROWTH_NUTS2,cz08:nuts2,2007,2026-09-15T16:28:02.595641+00:00,98.7,final,2007-01-01,2007-12-31,1,2026-09-15T16:28:02.595641+00:00
VALUE_ADDED_GROWTH_NUTS2,cz08:nuts2,2008,2026-09-15T16:28:02.595641+00:00,99.8,final,2008-01-01,2008-12-31,1,2026-09-15T16:28:02.595641+00:00
VALUE_ADDED_GROWTH_NUTS2,cz08:nuts2,2009,2026-09-15T16:28:02.595641+00:00,91.7,final,2009-01-01,2009-12-31,1,2026-09-15T16:28:02.595641+00:00
VALUE_ADDED_GROWTH_NUTS2,cz08:nuts2,2010,2026-09-15T16:28:02.595641+00:00,95.5,final,2010-01-01,2010-12-31,1,2026-09-15T16:28:02.595641+00:00
VALUE_ADDED_GROWTH_NUTS2,cz08:nuts2,2011,2026-09-15T16:28:02.595641+00:00,98.8,final,2011-01-01,2011-12-31,1,2026-09-15T16:28:02.595641+00:00
VALUE_ADDED_GROWTH_NUTS2,cz08:nuts2,2012,2026-09-15T16:28:02.595641+00:00,98.8,final,2012-01-01,2012-12-31,1,2026-09-15T16:28:02.595641+00:00
VALUE_ADDED_GROWTH_NUTS2,cz08:nuts2,2013,2026-09-15T16:28:02.595641+00:00,94.7,final,2013-01-01,2013-12-31,1,2026-09-15T16:28:02.595641+00:00
VALUE_ADDED_GROWTH_NUTS2,cz08:nuts2,2014,2026-09-15T16:28:02.595641+00:00,97.6,final,2014-01-01,2014-12-31,1,2026-09-15T16:28:02.595641+00:00
VALUE_ADDED_GROWTH_NUTS2,cz08:nuts2,2015,2026-09-15T16:28:02.595641+00:00,99.9,final,2015-01-01,2015-12-31,1,2026-09-15T16:28:02.595641+00:00
VALUE_ADDED_GROWTH_NUTS2,cz08:nuts2,2016,2026-09-15T16:28:02.595641+00:00,102.8,final,2016-01-01,2016-12-31,1,2026-09-15T16:28:02.595641+00:00
VALUE_ADDED_GROWTH_NUTS2,cz08:nuts2,2017,2026-09-15T16:28:02.595641+00:00,106.0,final,2017-01-01,2017-12-31,1,2026-09-15T16:28:02.595641+00:00
VALUE_ADDED_GROWTH_NUTS2,cz08:nuts2,2018,2026-09-15T16:28:02.595641+00:00,108.8,final,2018-01-01,2018-12-31,1,2026-09-15T16:28:02.595641+00:00
VALUE_ADDED_GROWTH_NUTS2,cz08:nuts2,2019,2026-09-15T16:28:02.595641+00:00,107.8,final,2019-01-01,2019-12-31,1,2026-09-15T16:28:02.595641+00:00
VALUE_ADDED_GROWTH_NUTS2,cz08:nuts2,2020,2026-09-15T16:28:02.595641+00:00,100.0,final,2020-01-01,2020-12-31,1,2026-09-15T16:28:02.595641+00:00
VALUE_ADDED_GROWTH_NUTS2,cz08:nuts2,2021,2026-09-15T16:28:02.595641+00:00,105.2,final,2021-01-01,2021-12-31,1,2026-09-15T16:28:02.595641+00:00
VALUE_ADDED_GROWTH_NUTS2,cz08:nuts2,2022,2026-09-15T16:28:02.595641+00:00,107.7,final,2022-01-01,2022-12-31,1,2026-09-15T16:28:02.595641+00:00
VALUE_ADDED_GROWTH_NUTS2,cz08:nuts2,2023,2026-09-15T16:28:02.595641+00:00,105.2,final,2023-01-01,2023-12-31,1,2026-09-15T16:28:02.595641+00:00
VALUE_ADDED_GROWTH_NUTS2,cz08:nuts2,2024,2026-09-15T16:28:02.595641+00:00,106.6,final,2024-01-01,2024-12-31,1,2026-09-15T16:28:02.595641+00:00
VALUE_ADDED_GROWTH_NUTS2,de11:nuts2,2000,2026-09-15T16:28:02.595641+00:00,78.2,final,2000-01-01,2000-12-31,1,2026-09-15T16:28:02.595641+00:00
VALUE_ADDED_GROWTH_NUTS2,de11:nuts2,2001,2026-09-15T16:28:02.595641+00:00,82.0,final,2001-01-01,2001-12-31,1,2026-09-15T16:28:02.595641+00:00
VALUE_ADDED_GROWTH_NUTS2,de11:nuts2,2002,2026-09-15T16:28:02.595641+00:00,80.8,final,2002-01-01,2002-12-31,1,2026-09-15T16:28:02.595641+00:00
VALUE_ADDED_GROWTH_NUTS2,de11:nuts2,2003,2026-09-15T16:28:02.595641+00:00,81.0,final,2003-01-01,2003-12-31,1,2026-09-15T16:28:02.595641+00:00
VALUE_ADDED_GROWTH_NUTS2,de11:nuts2,2004,2026-09-15T16:28:02.595641+00:00,80.7,final,2004-01-01,2004-12-31,1,2026-09-15T16:28:02.595641+00:00
VALUE_ADDED_GROWTH_NUTS2,de11:nuts2,2005,2026-09-15T16:28:02.595641+00:00,80.1,final,2005-01-01,2005-12-31,1,2026-09-15T16:28:02.595641+00:00
VALUE_ADDED_GROWTH_NUTS2,de11:nuts2,2006,2026-09-15T16:28:02.595641+00:00,86.3,final,2006-01-01,2006-12-31,1,2026-09-15T16:28:02.595641+00:00
VALUE_ADDED_GROWTH_NUTS2,de11:nuts2,2007,2026-09-15T16:28:02.595641+00:00,90.6,final,2007-01-01,2007-12-31,1,2026-09-15T16:28:02.595641+00:00
VALUE_ADDED_GROWTH_NUTS2,de11:nuts2,2008,2026-09-15T16:28:02.595641+00:00,89.3,final,2008-01-01,2008-12-31,1,2026-09-15T16:28:02.595641+00:00
VALUE_ADDED_GROWTH_NUTS2,de11:nuts2,2009,2026-09-15T16:28:02.595641+00:00,78.6,final,2009-01-01,2009-12-31,1,2026-09-15T16:28:02.595641+00:00
VALUE_ADDED_GROWTH_NUTS2,de11:nuts2,2010,2026-09-15T16:28:02.595641+00:00,86.6,final,2010-01-01,2010-12-31,1,2026-09-15T16:28:02.595641+00:00
VALUE_ADDED_GROWTH_NUTS2,de11:nuts2,2011,2026-09-15T16:28:02.595641+00:00,91.3,final,2011-01-01,2011-12-31,1,2026-09-15T16:28:02.595641+00:00
VALUE_ADDED_GROWTH_NUTS2,de11:nuts2,2012,2026-09-15T16:28:02.595641+00:00,92.7,final,2012-01-01,2012-12-31,1,2026-09-15T16:28:02.595641+00:00
VALUE_ADDED_GROWTH_NUTS2,de11:nuts2,2013,2026-09-15T16:28:02.595641+00:00,93.6,final,2013-01-01,2013-12-31,1,2026-09-15T16:28:02.595641+00:00
VALUE_ADDED_GROWTH_NUTS2,de11:nuts2,2014,2026-09-15T16:28:02.595641+00:00,95.4,final,2014-01-01,2014-12-31,1,2026-09-15T16:28:02.595641+00:00
VALUE_ADDED_GROWTH_NUTS2,de11:nuts2,2015,2026-09-15T16:28:02.595641+00:00,98.6,final,2015-01-01,2015-12-31,1,2026-09-15T16:28:02.595641+00:00
VALUE_ADDED_GROWTH_NUTS2,de11:nuts2,2016,2026-09-15T16:28:02.595641+00:00,99.8,final,2016-01-01,2016-12-31,1,2026-09-15T16:28:02.595641+00:00
VALUE_ADDED_GROWTH_NUTS2,de11:nuts2,2017,2026-09-15T16:28:02.595641+00:00,104.7,final,2017-01-01,2017-12-31,1,2026-09-15T16:28:02.595641+00:00
VALUE_ADDED_GROWTH_NUTS2,de11:nuts2,2018,2026-09-15T16:28:02.595641+00:00,107.6,final,2018-01-01,2018-12-31,1,2026-09-15T16:28:02.595641+00:00
VALUE_ADDED_GROWTH_NUTS2,de11:nuts2,2019,2026-09-15T16:28:02.595641+00:00,105.6,final,2019-01-01,2019-12-31,1,2026-09-15T16:28:02.595641+00:00
VALUE_ADDED_GROWTH_NUTS2,de11:nuts2,2020,2026-09-15T16:28:02.595641+00:00,100.0,final,2020-01-01,2020-12-31,1,2026-09-15T16:28:02.595641+00:00
VALUE_ADDED_GROWTH_NUTS2,de11:nuts2,2021,2026-09-15T16:28:02.595641+00:00,108.3,provisional,2021-01-01,2021-12-31,1,2026-09-15T16:28:02.595641+00:00
VALUE_ADDED_GROWTH_NUTS2,de11:nuts2,2022,2026-09-15T16:28:02.595641+00:00,112.5,provisional,2022-01-01,2022-12-31,1,2026-09-15T16:28:02.595641+00:00
VALUE_ADDED_GROWTH_NUTS2,de11:nuts2,2023,2026-09-15T16:28:02.595641+00:00,112.9,provisional,2023-01-01,2023-12-31,1,2026-09-15T16:28:02.595641+00:00
VALUE_ADDED_GROWTH_NUTS2,de11:nuts2,2024,2026-09-15T16:28:02.595641+00:00,111.8,estimate,2024-01-01,2024-12-31,1,2026-09-15T16:28:02.595641+00:00
VALUE_ADDED_GROWTH_NUTS2,de12:nuts2,2000,2026-09-15T16:28:02.595641+00:00,81.3,final,2000-01-01,2000-12-31,1,2026-09-15T16:28:02.595641+00:00
VALUE_ADDED_GROWTH_NUTS2,de12:nuts2,2001,2026-09-15T16:28:02.595641+00:00,83.9,final,2001-01-01,2001-12-31,1,2026-09-15T16:28:02.595641+00:00
VALUE_ADDED_GROWTH_NUTS2,de12:nuts2,2002,2026-09-15T16:28:02.595641+00:00,84.0,final,2002-01-01,2002-12-31,1,2026-09-15T16:28:02.595641+00:00
VALUE_ADDED_GROWTH_NUTS2,de12:nuts2,2003,2026-09-15T16:28:02.595641+00:00,83.3,final,2003-01-01,2003-12-31,1,2026-09-15T16:28:02.595641+00:00
VALUE_ADDED_GROWTH_NUTS2,de12:nuts2,2004,2026-09-15T16:28:02.595641+00:00,84.0,final,2004-01-01,2004-12-31,1,2026-09-15T16:28:02.595641+00:00
VALUE_ADDED_GROWTH_NUTS2,de12:nuts2,2005,2026-09-15T16:28:02.595641+00:00,85.4,final,2005-01-01,2005-12-31,1,2026-09-15T16:28:02.595641+00:00
VALUE_ADDED_GROWTH_NUTS2,de12:nuts2,2006,2026-09-15T16:28:02.595641+00:00,90.1,final,2006-01-01,2006-12-31,1,2026-09-15T16:28:02.595641+00:00
VALUE_ADDED_GROWTH_NUTS2,de12:nuts2,2007,2026-09-15T16:28:02.595641+00:00,93.0,final,2007-01-01,2007-12-31,1,2026-09-15T16:28:02.595641+00:00
VALUE_ADDED_GROWTH_NUTS2,de12:nuts2,2008,2026-09-15T16:28:02.595641+00:00,94.5,final,2008-01-01,2008-12-31,1,2026-09-15T16:28:02.595641+00:00
VALUE_ADDED_GROWTH_NUTS2,de12:nuts2,2009,2026-09-15T16:28:02.595641+00:00,86.4,final,2009-01-01,2009-12-31,1,2026-09-15T16:28:02.595641+00:00
VALUE_ADDED_GROWTH_NUTS2,de12:nuts2,2010,2026-09-15T16:28:02.595641+00:00,91.5,final,2010-01-01,2010-12-31,1,2026-09-15T16:28:02.595641+00:00
VALUE_ADDED_GROWTH_NUTS2,de12:nuts2,2011,2026-09-15T16:28:02.595641+00:00,94.8,final,2011-01-01,2011-12-31,1,2026-09-15T16:28:02.595641+00:00
VALUE_ADDED_GROWTH_NUTS2,de12:nuts2,2012,2026-09-15T16:28:02.595641+00:00,94.9,final,2012-01-01,2012-12-31,1,2026-09-15T16:28:02.595641+00:00
VALUE_ADDED_GROWTH_NUTS2,de12:nuts2,2013,2026-09-15T16:28:02.595641+00:00,95.0,final,2013-01-01,2013-12-31,1,2026-09-15T16:28:02.595641+00:00
VALUE_ADDED_GROWTH_NUTS2,de12:nuts2,2014,2026-09-15T16:28:02.595641+00:00,96.8,final,2014-01-01,2014-12-31,1,2026-09-15T16:28:02.595641+00:00
VALUE_ADDED_GROWTH_NUTS2,de12:nuts2,2015,2026-09-15T16:28:02.595641+00:00,98.8,final,2015-01-01,2015-12-31,1,2026-09-15T16:28:02.595641+00:00
VALUE_ADDED_GROWTH_NUTS2,de12:nuts2,2016,2026-09-15T16:28:02.595641+00:00,100.1,final,2016-01-01,2016-12-31,1,2026-09-15T16:28:02.595641+00:00
VALUE_ADDED_GROWTH_NUTS2,de12:nuts2,2017,2026-09-15T16:28:02.595641+00:00,103.7,final,2017-01-01,2017-12-31,1,2026-09-15T16:28:02.595641+00:00
VALUE_ADDED_GROWTH_NUTS2,de12:nuts2,2018,2026-09-15T16:28:02.595641+00:00,105.8,final,2018-01-01,2018-12-31,1,2026-09-15T16:28:02.595641+00:00
VALUE_ADDED_GROWTH_NUTS2,de12:nuts2,2019,2026-09-15T16:28:02.595641+00:00,106.3,final,2019-01-01,2019-12-31,1,2026-09-15T16:28:02.595641+00:00
VALUE_ADDED_GROWTH_NUTS2,de12:nuts2,2020,2026-09-15T16:28:02.595641+00:00,100.0,final,2020-01-01,2020-12-31,1,2026-09-15T16:28:02.595641+00:00
VALUE_ADDED_GROWTH_NUTS2,de12:nuts2,2021,2026-09-15T16:28:02.595641+00:00,104.1,provisional,2021-01-01,2021-12-31,1,2026-09-15T16:28:02.595641+00:00
VALUE_ADDED_GROWTH_NUTS2,de12:nuts2,2022,2026-09-15T16:28:02.595641+00:00,107.4,provisional,2022-01-01,2022-12-31,1,2026-09-15T16:28:02.595641+00:00
VALUE_ADDED_GROWTH_NUTS2,de12:nuts2,2023,2026-09-15T16:28:02.595641+00:00,106.1,provisional,2023-01-01,2023-12-31,1,2026-09-15T16:28:02.595641+00:00
VALUE_ADDED_GROWTH_NUTS2,de12:nuts2,2024,2026-09-15T16:28:02.595641+00:00,105.6,estimate,2024-01-01,2024-12-31,1,2026-09-15T16:28:02.595641+00:00
VALUE_ADDED_GROWTH_NUTS2,de13:nuts2,2000,2026-09-15T16:28:02.595641+00:00,80.6,final,2000-01-01,2000-12-31,1,2026-09-15T16:28:02.595641+00:00
VALUE_ADDED_GROWTH_NUTS2,de13:nuts2,2001,2026-09-15T16:28:02.595641+00:00,82.1,final,2001-01-01,2001-12-31,1,2026-09-15T16:28:02.595641+00:00
VALUE_ADDED_GROWTH_NUTS2,de13:nuts2,2002,2026-09-15T16:28:02.595641+00:00,81.6,final,2002-01-01,2002-12-31,1,2026-09-15T16:28:02.595641+00:00
VALUE_ADDED_GROWTH_NUTS2,de13:nuts2,2003,2026-09-15T16:28:02.595641+00:00,81.4,final,2003-01-01,2003-12-31,1,2026-09-15T16:28:02.595641+00:00
VALUE_ADDED_GROWTH_NUTS2,de13:nuts2,2004,2026-09-15T16:28:02.595641+00:00,82.6,final,2004-01-01,2004-12-31,1,2026-09-15T16:28:02.595641+00:00
VALUE_ADDED_GROWTH_NUTS2,de13:nuts2,2005,2026-09-15T16:28:02.595641+00:00,83.5,final,2005-01-01,2005-12-31,1,2026-09-15T16:28:02.595641+00:00
VALUE_ADDED_GROWTH_NUTS2,de13:nuts2,2006,2026-09-15T16:28:02.595641+00:00,88.3,final,2006-01-01,2006-12-31,1,2026-09-15T16:28:02.595641+00:00
VALUE_ADDED_GROWTH_NUTS2,de13:nuts2,2007,2026-09-15T16:28:02.595641+00:00,90.8,final,2007-01-01,2007-12-31,1,2026-09-15T16:28:02.595641+00:00
VALUE_ADDED_GROWTH_NUTS2,de13:nuts2,2008,2026-09-15T16:28:02.595641+00:00,92.4,final,2008-01-01,2008-12-31,1,2026-09-15T16:28:02.595641+00:00
VALUE_ADDED_GROWTH_NUTS2,de13:nuts2,2009,2026-09-15T16:28:02.595641+00:00,84.2,final,2009-01-01,2009-12-31,1,2026-09-15T16:28:02.595641+00:00
VALUE_ADDED_GROWTH_NUTS2,de13:nuts2,2010,2026-09-15T16:28:02.595641+00:00,89.5,final,2010-01-01,2010-12-31,1,2026-09-15T16:28:02.595641+00:00
VALUE_ADDED_GROWTH_NUTS2,de13:nuts2,2011,2026-09-15T16:28:02.595641+00:00,94.1,final,2011-01-01,2011-12-31,1,2026-09-15T16:28:02.595641+00:00
VALUE_ADDED_GROWTH_NUTS2,de13:nuts2,2012,2026-09-15T16:28:02.595641+00:00,94.3,final,2012-01-01,2012-12-31,1,2026-09-15T16:28:02.595641+00:00
VALUE_ADDED_GROWTH_NUTS2,de13:nuts2,2013,2026-09-15T16:28:02.595641+00:00,95.3,final,2013-01-01,2013-12-31,1,2026-09-15T16:28:02.595641+00:00
VALUE_ADDED_GROWTH_NUTS2,de13:nuts2,2014,2026-09-15T16:28:02.595641+00:00,98.3,final,2014-01-01,2014-12-31,1,2026-09-15T16:28:02.595641+00:00
VALUE_ADDED_GROWTH_NUTS2,de13:nuts2,2015,2026-09-15T16:28:02.595641+00:00,98.6,final,2015-01-01,2015-12-31,1,2026-09-15T16:28:02.595641+00:00
VALUE_ADDED_GROWTH_NUTS2,de13:nuts2,2016,2026-09-15T16:28:02.595641+00:00,100.2,final,2016-01-01,2016-12-31,1,2026-09-15T16:28:02.595641+00:00
VALUE_ADDED_GROWTH_NUTS2,de13:nuts2,2017,2026-09-15T16:28:02.595641+00:00,103.3,final,2017-01-01,2017-12-31,1,2026-09-15T16:28:02.595641+00:00
VALUE_ADDED_GROWTH_NUTS2,de13:nuts2,2018,2026-09-15T16:28:02.595641+00:00,105.4,final,2018-01-01,2018-12-31,1,2026-09-15T16:28:02.595641+00:00
VALUE_ADDED_GROWTH_NUTS2,de13:nuts2,2019,2026-09-15T16:28:02.595641+00:00,106.4,final,2019-01-01,2019-12-31,1,2026-09-15T16:28:02.595641+00:00
VALUE_ADDED_GROWTH_NUTS2,de13:nuts2,2020,2026-09-15T16:28:02.595641+00:00,100.0,final,2020-01-01,2020-12-31,1,2026-09-15T16:28:02.595641+00:00
VALUE_ADDED_GROWTH_NUTS2,de13:nuts2,2021,2026-09-15T16:28:02.595641+00:00,103.5,provisional,2021-01-01,2021-12-31,1,2026-09-15T16:28:02.595641+00:00
VALUE_ADDED_GROWTH_NUTS2,de13:nuts2,2022,2026-09-15T16:28:02.595641+00:00,104.8,provisional,2022-01-01,2022-12-31,1,2026-09-15T16:28:02.595641+00:00
VALUE_ADDED_GROWTH_NUTS2,de13:nuts2,2023,2026-09-15T16:28:02.595641+00:00,104.7,provisional,2023-01-01,2023-12-31,1,2026-09-15T16:28:02.595641+00:00
VALUE_ADDED_GROWTH_NUTS2,de13:nuts2,2024,2026-09-15T16:28:02.595641+00:00,103.8,estimate,2024-01-01,2024-12-31,1,2026-09-15T16:28:02.595641+00:00
VALUE_ADDED_GROWTH_NUTS2,de14:nuts2,2000,2026-09-15T16:28:02.595641+00:00,74.5,final,2000-01-01,2000-12-31,1,2026-09-15T16:28:02.595641+00:00
VALUE_ADDED_GROWTH_NUTS2,de14:nuts2,2001,2026-09-15T16:28:02.595641+00:00,76.7,final,2001-01-01,2001-12-31,1,2026-09-15T16:28:02.595641+00:00
VALUE_ADDED_GROWTH_NUTS2,de14:nuts2,2002,2026-09-15T16:28:02.595641+00:00,76.3,final,2002-01-01,2002-12-31,1,2026-09-15T16:28:02.595641+00:00
VALUE_ADDED_GROWTH_NUTS2,de14:nuts2,2003,2026-09-15T16:28:02.595641+00:00,76.4,final,2003-01-01,2003-12-31,1,2026-09-15T16:28:02.595641+00:00
VALUE_ADDED_GROWTH_NUTS2,de14:nuts2,2004,2026-09-15T16:28:02.595641+00:00,78.4,final,2004-01-01,2004-12-31,1,2026-09-15T16:28:02.595641+00:00
VALUE_ADDED_GROWTH_NUTS2,de14:nuts2,2005,2026-09-15T16:28:02.595641+00:00,79.7,final,2005-01-01,2005-12-31,1,2026-09-15T16:28:02.595641+00:00
VALUE_ADDED_GROWTH_NUTS2,de14:nuts2,2006,2026-09-15T16:28:02.595641+00:00,83.9,final,2006-01-01,2006-12-31,1,2026-09-15T16:28:02.595641+00:00
VALUE_ADDED_GROWTH_NUTS2,de14:nuts2,2007,2026-09-15T16:28:02.595641+00:00,87.6,final,2007-01-01,2007-12-31,1,2026-09-15T16:28:02.595641+00:00
VALUE_ADDED_GROWTH_NUTS2,de14:nuts2,2008,2026-09-15T16:28:02.595641+00:00,89.4,final,2008-01-01,2008-12-31,1,2026-09-15T16:28:02.595641+00:00
VALUE_ADDED_GROWTH_NUTS2,de14:nuts2,2009,2026-09-15T16:28:02.595641+00:00,80.0,final,2009-01-01,2009-12-31,1,2026-09-15T16:28:02.595641+00:00
VALUE_ADDED_GROWTH_NUTS2,de14:nuts2,2010,2026-09-15T16:28:02.595641+00:00,86.7,final,2010-01-01,2010-12-31,1,2026-09-15T16:28:02.595641+00:00
VALUE_ADDED_GROWTH_NUTS2,de14:nuts2,2011,2026-09-15T16:28:02.595641+00:00,91.7,final,2011-01-01,2011-12-31,1,2026-09-15T16:28:02.595641+00:00
VALUE_ADDED_GROWTH_NUTS2,de14:nuts2,2012,2026-09-15T16:28:02.595641+00:00,91.7,final,2012-01-01,2012-12-31,1,2026-09-15T16:28:02.595641+00:00
VALUE_ADDED_GROWTH_NUTS2,de14:nuts2,2013,2026-09-15T16:28:02.595641+00:00,92.8,final,2013-01-01,2013-12-31,1,2026-09-15T16:28:02.595641+00:00
VALUE_ADDED_GROWTH_NUTS2,de14:nuts2,2014,2026-09-15T16:28:02.595641+00:00,94.2,final,2014-01-01,2014-12-31,1,2026-09-15T16:28:02.595641+00:00
VALUE_ADDED_GROWTH_NUTS2,de14:nuts2,2015,2026-09-15T16:28:02.595641+00:00,95.3,final,2015-01-01,2015-12-31,1,2026-09-15T16:28:02.595641+00:00
VALUE_ADDED_GROWTH_NUTS2,de14:nuts2,2016,2026-09-15T16:28:02.595641+00:00,99.0,final,2016-01-01,2016-12-31,1,2026-09-15T16:28:02.595641+00:00
VALUE_ADDED_GROWTH_NUTS2,de14:nuts2,2017,2026-09-15T16:28:02.595641+00:00,101.7,final,2017-01-01,2017-12-31,1,2026-09-15T16:28:02.595641+00:00
VALUE_ADDED_GROWTH_NUTS2,de14:nuts2,2018,2026-09-15T16:28:02.595641+00:00,103.8,final,2018-01-01,2018-12-31,1,2026-09-15T16:28:02.595641+00:00
VALUE_ADDED_GROWTH_NUTS2,de14:nuts2,2019,2026-09-15T16:28:02.595641+00:00,104.6,final,2019-01-01,2019-12-31,1,2026-09-15T16:28:02.595641+00:00
VALUE_ADDED_GROWTH_NUTS2,de14:nuts2,2020,2026-09-15T16:28:02.595641+00:00,100.0,final,2020-01-01,2020-12-31,1,2026-09-15T16:28:02.595641+00:00
VALUE_ADDED_GROWTH_NUTS2,de14:nuts2,2021,2026-09-15T16:28:02.595641+00:00,105.8,provisional,2021-01-01,2021-12-31,1,2026-09-15T16:28:02.595641+00:00
VALUE_ADDED_GROWTH_NUTS2,de14:nuts2,2022,2026-09-15T16:28:02.595641+00:00,108.1,provisional,2022-01-01,2022-12-31,1,2026-09-15T16:28:02.595641+00:00
VALUE_ADDED_GROWTH_NUTS2,de14:nuts2,2023,2026-09-15T16:28:02.595641+00:00,107.7,provisional,2023-01-01,2023-12-31,1,2026-09-15T16:28:02.595641+00:00
VALUE_ADDED_GROWTH_NUTS2,de14:nuts2,2024,2026-09-15T16:28:02.595641+00:00,106.5,estimate,2024-01-01,2024-12-31,1,2026-09-15T16:28:02.595641+00:00
VALUE_ADDED_GROWTH_NUTS2,de21:nuts2,2000,2026-09-15T16:28:02.595641+00:00,71.7,final,2000-01-01,2000-12-31,1,2026-09-15T16:28:02.595641+00:00
VALUE_ADDED_GROWTH_NUTS2,de21:nuts2,2001,2026-09-15T16:28:02.595641+00:00,74.7,final,2001-01-01,2001-12-31,1,2026-09-15T16:28:02.595641+00:00
VALUE_ADDED_GROWTH_NUTS2,de21:nuts2,2002,2026-09-15T16:28:02.595641+00:00,75.1,final,2002-01-01,2002-12-31,1,2026-09-15T16:28:02.595641+00:00
VALUE_ADDED_GROWTH_NUTS2,de21:nuts2,2003,2026-09-15T16:28:02.595641+00:00,73.8,final,2003-01-01,2003-12-31,1,2026-09-15T16:28:02.595641+00:00
VALUE_ADDED_GROWTH_NUTS2,de21:nuts2,2004,2026-09-15T16:28:02.595641+00:00,75.7,final,2004-01-01,2004-12-31,1,2026-09-15T16:28:02.595641+00:00
VALUE_ADDED_GROWTH_NUTS2,de21:nuts2,2005,2026-09-15T16:28:02.595641+00:00,77.0,final,2005-01-01,2005-12-31,1,2026-09-15T16:28:02.595641+00:00
VALUE_ADDED_GROWTH_NUTS2,de21:nuts2,2006,2026-09-15T16:28:02.595641+00:00,80.2,final,2006-01-01,2006-12-31,1,2026-09-15T16:28:02.595641+00:00
VALUE_ADDED_GROWTH_NUTS2,de21:nuts2,2007,2026-09-15T16:28:02.595641+00:00,83.7,final,2007-01-01,2007-12-31,1,2026-09-15T16:28:02.595641+00:00
VALUE_ADDED_GROWTH_NUTS2,de21:nuts2,2008,2026-09-15T16:28:02.595641+00:00,82.6,final,2008-01-01,2008-12-31,1,2026-09-15T16:28:02.595641+00:00
VALUE_ADDED_GROWTH_NUTS2,de21:nuts2,2009,2026-09-15T16:28:02.595641+00:00,79.0,final,2009-01-01,2009-12-31,1,2026-09-15T16:28:02.595641+00:00
VALUE_ADDED_GROWTH_NUTS2,de21:nuts2,2010,2026-09-15T16:28:02.595641+00:00,83.1,final,2010-01-01,2010-12-31,1,2026-09-15T16:28:02.595641+00:00
VALUE_ADDED_GROWTH_NUTS2,de21:nuts2,2011,2026-09-15T16:28:02.595641+00:00,88.5,final,2011-01-01,2011-12-31,1,2026-09-15T16:28:02.595641+00:00
VALUE_ADDED_GROWTH_NUTS2,de21:nuts2,2012,2026-09-15T16:28:02.595641+00:00,89.8,final,2012-01-01,2012-12-31,1,2026-09-15T16:28:02.595641+00:00
VALUE_ADDED_GROWTH_NUTS2,de21:nuts2,2013,2026-09-15T16:28:02.595641+00:00,92.0,final,2013-01-01,2013-12-31,1,2026-09-15T16:28:02.595641+00:00
VALUE_ADDED_GROWTH_NUTS2,de21:nuts2,2014,2026-09-15T16:28:02.595641+00:00,93.7,final,2014-01-01,2014-12-31,1,2026-09-15T16:28:02.595641+00:00
VALUE_ADDED_GROWTH_NUTS2,de21:nuts2,2015,2026-09-15T16:28:02.595641+00:00,96.3,final,2015-01-01,2015-12-31,1,2026-09-15T16:28:02.595641+00:00
VALUE_ADDED_GROWTH_NUTS2,de21:nuts2,2016,2026-09-15T16:28:02.595641+00:00,98.9,final,2016-01-01,2016-12-31,1,2026-09-15T16:28:02.595641+00:00
VALUE_ADDED_GROWTH_NUTS2,de21:nuts2,2017,2026-09-15T16:28:02.595641+00:00,103.0,final,2017-01-01,2017-12-31,1,2026-09-15T16:28:02.595641+00:00
VALUE_ADDED_GROWTH_NUTS2,de21:nuts2,2018,2026-09-15T16:28:02.595641+00:00,103.4,final,2018-01-01,2018-12-31,1,2026-09-15T16:28:02.595641+00:00
VALUE_ADDED_GROWTH_NUTS2,de21:nuts2,2019,2026-09-15T16:28:02.595641+00:00,105.1,final,2019-01-01,2019-12-31,1,2026-09-15T16:28:02.595641+00:00
VALUE_ADDED_GROWTH_NUTS2,de21:nuts2,2020,2026-09-15T16:28:02.595641+00:00,100.0,final,2020-01-01,2020-12-31,1,2026-09-15T16:28:02.595641+00:00
VALUE_ADDED_GROWTH_NUTS2,de21:nuts2,2021,2026-09-15T16:28:02.595641+00:00,106.1,provisional,2021-01-01,2021-12-31,1,2026-09-15T16:28:02.595641+00:00
VALUE_ADDED_GROWTH_NUTS2,de21:nuts2,2022,2026-09-15T16:28:02.595641+00:00,110.4,provisional,2022-01-01,2022-12-31,1,2026-09-15T16:28:02.595641+00:00
VALUE_ADDED_GROWTH_NUTS2,de21:nuts2,2023,2026-09-15T16:28:02.595641+00:00,111.7,provisional,2023-01-01,2023-12-31,1,2026-09-15T16:28:02.595641+00:00
VALUE_ADDED_GROWTH_NUTS2,de21:nuts2,2024,2026-09-15T16:28:02.595641+00:00,110.5,estimate,2024-01-01,2024-12-31,1,2026-09-15T16:28:02.595641+00:00
VALUE_ADDED_GROWTH_NUTS2,de22:nuts2,2000,2026-09-15T16:28:02.595641+00:00,72.3,final,2000-01-01,2000-12-31,1,2026-09-15T16:28:02.595641+00:00
VALUE_ADDED_GROWTH_NUTS2,de22:nuts2,2001,2026-09-15T16:28:02.595641+00:00,75.8,final,2001-01-01,2001-12-31,1,2026-09-15T16:28:02.595641+00:00
VALUE_ADDED_GROWTH_NUTS2,de22:nuts2,2002,2026-09-15T16:28:02.595641+00:00,76.8,final,2002-01-01,2002-12-31,1,2026-09-15T16:28:02.595641+00:00
VALUE_ADDED_GROWTH_NUTS2,de22:nuts2,2003,2026-09-15T16:28:02.595641+00:00,76.0,final,2003-01-01,2003-12-31,1,2026-09-15T16:28:02.595641+00:00
VALUE_ADDED_GROWTH_NUTS2,de22:nuts2,2004,2026-09-15T16:28:02.595641+00:00,78.9,final,2004-01-01,2004-12-31,1,2026-09-15T16:28:02.595641+00:00
VALUE_ADDED_GROWTH_NUTS2,de22:nuts2,2005,2026-09-15T16:28:02.595641+00:00,79.8,final,2005-01-01,2005-12-31,1,2026-09-15T16:28:02.595641+00:00
VALUE_ADDED_GROWTH_NUTS2,de22:nuts2,2006,2026-09-15T16:28:02.595641+00:00,82.0,final,2006-01-01,2006-12-31,1,2026-09-15T16:28:02.595641+00:00
VALUE_ADDED_GROWTH_NUTS2,de22:nuts2,2007,2026-09-15T16:28:02.595641+00:00,84.7,final,2007-01-01,2007-12-31,1,2026-09-15T16:28:02.595641+00:00
VALUE_ADDED_GROWTH_NUTS2,de22:nuts2,2008,2026-09-15T16:28:02.595641+00:00,84.8,final,2008-01-01,2008-12-31,1,2026-09-15T16:28:02.595641+00:00
VALUE_ADDED_GROWTH_NUTS2,de22:nuts2,2009,2026-09-15T16:28:02.595641+00:00,80.7,final,2009-01-01,2009-12-31,1,2026-09-15T16:28:02.595641+00:00
VALUE_ADDED_GROWTH_NUTS2,de22:nuts2,2010,2026-09-15T16:28:02.595641+00:00,87.9,final,2010-01-01,2010-12-31,1,2026-09-15T16:28:02.595641+00:00
VALUE_ADDED_GROWTH_NUTS2,de22:nuts2,2011,2026-09-15T16:28:02.595641+00:00,92.7,final,2011-01-01,2011-12-31,1,2026-09-15T16:28:02.595641+00:00
VALUE_ADDED_GROWTH_NUTS2,de22:nuts2,2012,2026-09-15T16:28:02.595641+00:00,91.3,final,2012-01-01,2012-12-31,1,2026-09-15T16:28:02.595641+00:00
VALUE_ADDED_GROWTH_NUTS2,de22:nuts2,2013,2026-09-15T16:28:02.595641+00:00,92.1,final,2013-01-01,2013-12-31,1,2026-09-15T16:28:02.595641+00:00
VALUE_ADDED_GROWTH_NUTS2,de22:nuts2,2014,2026-09-15T16:28:02.595641+00:00,96.4,final,2014-01-01,2014-12-31,1,2026-09-15T16:28:02.595641+00:00
VALUE_ADDED_GROWTH_NUTS2,de22:nuts2,2015,2026-09-15T16:28:02.595641+00:00,96.6,final,2015-01-01,2015-12-31,1,2026-09-15T16:28:02.595641+00:00
VALUE_ADDED_GROWTH_NUTS2,de22:nuts2,2016,2026-09-15T16:28:02.595641+00:00,98.2,final,2016-01-01,2016-12-31,1,2026-09-15T16:28:02.595641+00:00
VALUE_ADDED_GROWTH_NUTS2,de22:nuts2,2017,2026-09-15T16:28:02.595641+00:00,102.1,final,2017-01-01,2017-12-31,1,2026-09-15T16:28:02.595641+00:00
VALUE_ADDED_GROWTH_NUTS2,de22:nuts2,2018,2026-09-15T16:28:02.595641+00:00,101.8,final,2018-01-01,2018-12-31,1,2026-09-15T16:28:02.595641+00:00
VALUE_ADDED_GROWTH_NUTS2,de22:nuts2,2019,2026-09-15T16:28:02.595641+00:00,103.1,final,2019-01-01,2019-12-31,1,2026-09-15T16:28:02.595641+00:00
VALUE_ADDED_GROWTH_NUTS2,de22:nuts2,2020,2026-09-15T16:28:02.595641+00:00,100.0,final,2020-01-01,2020-12-31,1,2026-09-15T16:28:02.595641+00:00
VALUE_ADDED_GROWTH_NUTS2,de22:nuts2,2021,2026-09-15T16:28:02.595641+00:00,104.2,provisional,2021-01-01,2021-12-31,1,2026-09-15T16:28:02.595641+00:00
VALUE_ADDED_GROWTH_NUTS2,de22:nuts2,2022,2026-09-15T16:28:02.595641+00:00,105.9,provisional,2022-01-01,2022-12-31,1,2026-09-15T16:28:02.595641+00:00
VALUE_ADDED_GROWTH_NUTS2,de22:nuts2,2023,2026-09-15T16:28:02.595641+00:00,105.1,provisional,2023-01-01,2023-12-31,1,2026-09-15T16:28:02.595641+00:00
VALUE_ADDED_GROWTH_NUTS2,de22:nuts2,2024,2026-09-15T16:28:02.595641+00:00,103.1,estimate,2024-01-01,2024-12-31,1,2026-09-15T16:28:02.595641+00:00
VALUE_ADDED_GROWTH_NUTS2,de23:nuts2,2000,2026-09-15T16:28:02.595641+00:00,72.3,final,2000-01-01,2000-12-31,1,2026-09-15T16:28:02.595641+00:00
VALUE_ADDED_GROWTH_NUTS2,de23:nuts2,2001,2026-09-15T16:28:02.595641+00:00,72.4,final,2001-01-01,2001-12-31,1,2026-09-15T16:28:02.595641+00:00
VALUE_ADDED_GROWTH_NUTS2,de23:nuts2,2002,2026-09-15T16:28:02.595641+00:00,74.4,final,2002-01-01,2002-12-31,1,2026-09-15T16:28:02.595641+00:00
VALUE_ADDED_GROWTH_NUTS2,de23:nuts2,2003,2026-09-15T16:28:02.595641+00:00,74.1,final,2003-01-01,2003-12-31,1,2026-09-15T16:28:02.595641+00:00
VALUE_ADDED_GROWTH_NUTS2,de23:nuts2,2004,2026-09-15T16:28:02.595641+00:00,75.6,final,2004-01-01,2004-12-31,1,2026-09-15T16:28:02.595641+00:00
VALUE_ADDED_GROWTH_NUTS2,de23:nuts2,2005,2026-09-15T16:28:02.595641+00:00,77.5,final,2005-01-01,2005-12-31,1,2026-09-15T16:28:02.595641+00:00
VALUE_ADDED_GROWTH_NUTS2,de23:nuts2,2006,2026-09-15T16:28:02.595641+00:00,80.1,final,2006-01-01,2006-12-31,1,2026-09-15T16:28:02.595641+00:00
VALUE_ADDED_GROWTH_NUTS2,de23:nuts2,2007,2026-09-15T16:28:02.595641+00:00,84.0,final,2007-01-01,2007-12-31,1,2026-09-15T16:28:02.595641+00:00
VALUE_ADDED_GROWTH_NUTS2,de23:nuts2,2008,2026-09-15T16:28:02.595641+00:00,85.6,final,2008-01-01,2008-12-31,1,2026-09-15T16:28:02.595641+00:00
VALUE_ADDED_GROWTH_NUTS2,de23:nuts2,2009,2026-09-15T16:28:02.595641+00:00,80.3,final,2009-01-01,2009-12-31,1,2026-09-15T16:28:02.595641+00:00
VALUE_ADDED_GROWTH_NUTS2,de23:nuts2,2010,2026-09-15T16:28:02.595641+00:00,86.0,final,2010-01-01,2010-12-31,1,2026-09-15T16:28:02.595641+00:00
VALUE_ADDED_GROWTH_NUTS2,de23:nuts2,2011,2026-09-15T16:28:02.595641+00:00,90.6,final,2011-01-01,2011-12-31,1,2026-09-15T16:28:02.595641+00:00
VALUE_ADDED_GROWTH_NUTS2,de23:nuts2,2012,2026-09-15T16:28:02.595641+00:00,91.0,final,2012-01-01,2012-12-31,1,2026-09-15T16:28:02.595641+00:00
VALUE_ADDED_GROWTH_NUTS2,de23:nuts2,2013,2026-09-15T16:28:02.595641+00:00,91.6,final,2013-01-01,2013-12-31,1,2026-09-15T16:28:02.595641+00:00
VALUE_ADDED_GROWTH_NUTS2,de23:nuts2,2014,2026-09-15T16:28:02.595641+00:00,95.7,final,2014-01-01,2014-12-31,1,2026-09-15T16:28:02.595641+00:00
VALUE_ADDED_GROWTH_NUTS2,de23:nuts2,2015,2026-09-15T16:28:02.595641+00:00,96.1,final,2015-01-01,2015-12-31,1,2026-09-15T16:28:02.595641+00:00
VALUE_ADDED_GROWTH_NUTS2,de23:nuts2,2016,2026-09-15T16:28:02.595641+00:00,97.9,final,2016-01-01,2016-12-31,1,2026-09-15T16:28:02.595641+00:00
VALUE_ADDED_GROWTH_NUTS2,de23:nuts2,2017,2026-09-15T16:28:02.595641+00:00,102.5,final,2017-01-01,2017-12-31,1,2026-09-15T16:28:02.595641+00:00
VALUE_ADDED_GROWTH_NUTS2,de23:nuts2,2018,2026-09-15T16:28:02.595641+00:00,103.2,final,2018-01-01,2018-12-31,1,2026-09-15T16:28:02.595641+00:00
VALUE_ADDED_GROWTH_NUTS2,de23:nuts2,2019,2026-09-15T16:28:02.595641+00:00,103.3,final,2019-01-01,2019-12-31,1,2026-09-15T16:28:02.595641+00:00
VALUE_ADDED_GROWTH_NUTS2,de23:nuts2,2020,2026-09-15T16:28:02.595641+00:00,100.0,final,2020-01-01,2020-12-31,1,2026-09-15T16:28:02.595641+00:00
VALUE_ADDED_GROWTH_NUTS2,de23:nuts2,2021,2026-09-15T16:28:02.595641+00:00,105.0,provisional,2021-01-01,2021-12-31,1,2026-09-15T16:28:02.595641+00:00
VALUE_ADDED_GROWTH_NUTS2,de23:nuts2,2022,2026-09-15T16:28:02.595641+00:00,107.3,provisional,2022-01-01,2022-12-31,1,2026-09-15T16:28:02.595641+00:00
VALUE_ADDED_GROWTH_NUTS2,de23:nuts2,2023,2026-09-15T16:28:02.595641+00:00,108.4,provisional,2023-01-01,2023-12-31,1,2026-09-15T16:28:02.595641+00:00
VALUE_ADDED_GROWTH_NUTS2,de23:nuts2,2024,2026-09-15T16:28:02.595641+00:00,106.3,estimate,2024-01-01,2024-12-31,1,2026-09-15T16:28:02.595641+00:00
VALUE_ADDED_GROWTH_NUTS2,de24:nuts2,2000,2026-09-15T16:28:02.595641+00:00,80.3,final,2000-01-01,2000-12-31,1,2026-09-15T16:28:02.595641+00:00
VALUE_ADDED_GROWTH_NUTS2,de24:nuts2,2001,2026-09-15T16:28:02.595641+00:00,82.8,final,2001-01-01,2001-12-31,1,2026-09-15T16:28:02.595641+00:00
VALUE_ADDED_GROWTH_NUTS2,de24:nuts2,2002,2026-09-15T16:28:02.595641+00:00,81.5,final,2002-01-01,2002-12-31,1,2026-09-15T16:28:02.595641+00:00
VALUE_ADDED_GROWTH_NUTS2,de24:nuts2,2003,2026-09-15T16:28:02.595641+00:00,79.8,final,2003-01-01,2003-12-31,1,2026-09-15T16:28:02.595641+00:00
VALUE_ADDED_GROWTH_NUTS2,de24:nuts2,2004,2026-09-15T16:28:02.595641+00:00,81.5,final,2004-01-01,2004-12-31,1,2026-09-15T16:28:02.595641+00:00
VALUE_ADDED_GROWTH_NUTS2,de24:nuts2,2005,2026-09-15T16:28:02.595641+00:00,81.7,final,2005-01-01,2005-12-31,1,2026-09-15T16:28:02.595641+00:00
VALUE_ADDED_GROWTH_NUTS2,de24:nuts2,2006,2026-09-15T16:28:02.595641+00:00,85.9,final,2006-01-01,2006-12-31,1,2026-09-15T16:28:02.595641+00:00
VALUE_ADDED_GROWTH_NUTS2,de24:nuts2,2007,2026-09-15T16:28:02.595641+00:00,87.2,final,2007-01-01,2007-12-31,1,2026-09-15T16:28:02.595641+00:00
VALUE_ADDED_GROWTH_NUTS2,de24:nuts2,2008,2026-09-15T16:28:02.595641+00:00,87.2,final,2008-01-01,2008-12-31,1,2026-09-15T16:28:02.595641+00:00
VALUE_ADDED_GROWTH_NUTS2,de24:nuts2,2009,2026-09-15T16:28:02.595641+00:00,84.5,final,2009-01-01,2009-12-31,1,2026-09-15T16:28:02.595641+00:00
VALUE_ADDED_GROWTH_NUTS2,de24:nuts2,2010,2026-09-15T16:28:02.595641+00:00,88.6,final,2010-01-01,2010-12-31,1,2026-09-15T16:28:02.595641+00:00
VALUE_ADDED_GROWTH_NUTS2,de24:nuts2,2011,2026-09-15T16:28:02.595641+00:00,92.7,final,2011-01-01,2011-12-31,1,2026-09-15T16:28:02.595641+00:00
VALUE_ADDED_GROWTH_NUTS2,de24:nuts2,2012,2026-09-15T16:28:02.595641+00:00,93.3,final,2012-01-01,2012-12-31,1,2026-09-15T16:28:02.595641+00:00
VALUE_ADDED_GROWTH_NUTS2,de24:nuts2,2013,2026-09-15T16:28:02.595641+00:00,93.6,final,2013-01-01,2013-12-31,1,2026-09-15T16:28:02.595641+00:00
VALUE_ADDED_GROWTH_NUTS2,de24:nuts2,2014,2026-09-15T16:28:02.595641+00:00,95.1,final,2014-01-01,2014-12-31,1,2026-09-15T16:28:02.595641+00:00
VALUE_ADDED_GROWTH_NUTS2,de24:nuts2,2015,2026-09-15T16:28:02.595641+00:00,97.6,final,2015-01-01,2015-12-31,1,2026-09-15T16:28:02.595641+00:00
VALUE_ADDED_GROWTH_NUTS2,de24:nuts2,2016,2026-09-15T16:28:02.595641+00:00,98.8,final,2016-01-01,2016-12-31,1,2026-09-15T16:28:02.595641+00:00
VALUE_ADDED_GROWTH_NUTS2,de24:nuts2,2017,2026-09-15T16:28:02.595641+00:00,102.3,final,2017-01-01,2017-12-31,1,2026-09-15T16:28:02.595641+00:00
VALUE_ADDED_GROWTH_NUTS2,de24:nuts2,2018,2026-09-15T16:28:02.595641+00:00,103.8,final,2018-01-01,2018-12-31,1,2026-09-15T16:28:02.595641+00:00
VALUE_ADDED_GROWTH_NUTS2,de24:nuts2,2019,2026-09-15T16:28:02.595641+00:00,104.3,final,2019-01-01,2019-12-31,1,2026-09-15T16:28:02.595641+00:00
VALUE_ADDED_GROWTH_NUTS2,de24:nuts2,2020,2026-09-15T16:28:02.595641+00:00,100.0,final,2020-01-01,2020-12-31,1,2026-09-15T16:28:02.595641+00:00
VALUE_ADDED_GROWTH_NUTS2,de24:nuts2,2021,2026-09-15T16:28:02.595641+00:00,104.3,provisional,2021-01-01,2021-12-31,1,2026-09-15T16:28:02.595641+00:00
VALUE_ADDED_GROWTH_NUTS2,de24:nuts2,2022,2026-09-15T16:28:02.595641+00:00,104.4,provisional,2022-01-01,2022-12-31,1,2026-09-15T16:28:02.595641+00:00
VALUE_ADDED_GROWTH_NUTS2,de24:nuts2,2023,2026-09-15T16:28:02.595641+00:00,104.6,provisional,2023-01-01,2023-12-31,1,2026-09-15T16:28:02.595641+00:00
VALUE_ADDED_GROWTH_NUTS2,de24:nuts2,2024,2026-09-15T16:28:02.595641+00:00,103.0,estimate,2024-01-01,2024-12-31,1,2026-09-15T16:28:02.595641+00:00
VALUE_ADDED_GROWTH_NUTS2,de25:nuts2,2000,2026-09-15T16:28:02.595641+00:00,75.1,final,2000-01-01,2000-12-31,1,2026-09-15T16:28:02.595641+00:00
VALUE_ADDED_GROWTH_NUTS2,de25:nuts2,2001,2026-09-15T16:28:02.595641+00:00,74.9,final,2001-01-01,2001-12-31,1,2026-09-15T16:28:02.595641+00:00
VALUE_ADDED_GROWTH_NUTS2,de25:nuts2,2002,2026-09-15T16:28:02.595641+00:00,76.6,final,2002-01-01,2002-12-31,1,2026-09-15T16:28:02.595641+00:00
VALUE_ADDED_GROWTH_NUTS2,de25:nuts2,2003,2026-09-15T16:28:02.595641+00:00,75.9,final,2003-01-01,2003-12-31,1,2026-09-15T16:28:02.595641+00:00
VALUE_ADDED_GROWTH_NUTS2,de25:nuts2,2004,2026-09-15T16:28:02.595641+00:00,78.9,final,2004-01-01,2004-12-31,1,2026-09-15T16:28:02.595641+00:00
VALUE_ADDED_GROWTH_NUTS2,de25:nuts2,2005,2026-09-15T16:28:02.595641+00:00,78.3,final,2005-01-01,2005-12-31,1,2026-09-15T16:28:02.595641+00:00
VALUE_ADDED_GROWTH_NUTS2,de25:nuts2,2006,2026-09-15T16:28:02.595641+00:00,81.2,final,2006-01-01,2006-12-31,1,2026-09-15T16:28:02.595641+00:00
VALUE_ADDED_GROWTH_NUTS2,de25:nuts2,2007,2026-09-15T16:28:02.595641+00:00,83.7,final,2007-01-01,2007-12-31,1,2026-09-15T16:28:02.595641+00:00
VALUE_ADDED_GROWTH_NUTS2,de25:nuts2,2008,2026-09-15T16:28:02.595641+00:00,85.8,final,2008-01-01,2008-12-31,1,2026-09-15T16:28:02.595641+00:00
VALUE_ADDED_GROWTH_NUTS2,de25:nuts2,2009,2026-09-15T16:28:02.595641+00:00,81.8,final,2009-01-01,2009-12-31,1,2026-09-15T16:28:02.595641+00:00
VALUE_ADDED_GROWTH_NUTS2,de25:nuts2,2010,2026-09-15T16:28:02.595641+00:00,85.1,final,2010-01-01,2010-12-31,1,2026-09-15T16:28:02.595641+00:00
VALUE_ADDED_GROWTH_NUTS2,de25:nuts2,2011,2026-09-15T16:28:02.595641+00:00,89.7,final,2011-01-01,2011-12-31,1,2026-09-15T16:28:02.595641+00:00
VALUE_ADDED_GROWTH_NUTS2,de25:nuts2,2012,2026-09-15T16:28:02.595641+00:00,91.6,final,2012-01-01,2012-12-31,1,2026-09-15T16:28:02.595641+00:00
VALUE_ADDED_GROWTH_NUTS2,de25:nuts2,2013,2026-09-15T16:28:02.595641+00:00,92.5,final,2013-01-01,2013-12-31,1,2026-09-15T16:28:02.595641+00:00
VALUE_ADDED_GROWTH_NUTS2,de25:nuts2,2014,2026-09-15T16:28:02.595641+00:00,94.4,final,2014-01-01,2014-12-31,1,2026-09-15T16:28:02.595641+00:00
VALUE_ADDED_GROWTH_NUTS2,de25:nuts2,2015,2026-09-15T16:28:02.595641+00:00,95.9,final,2015-01-01,2015-12-31,1,2026-09-15T16:28:02.595641+00:00
VALUE_ADDED_GROWTH_NUTS2,de25:nuts2,2016,2026-09-15T16:28:02.595641+00:00,98.5,final,2016-01-01,2016-12-31,1,2026-09-15T16:28:02.595641+00:00
VALUE_ADDED_GROWTH_NUTS2,de25:nuts2,2017,2026-09-15T16:28:02.595641+00:00,102.0,final,2017-01-01,2017-12-31,1,2026-09-15T16:28:02.595641+00:00
VALUE_ADDED_GROWTH_NUTS2,de25:nuts2,2018,2026-09-15T16:28:02.595641+00:00,104.2,final,2018-01-01,2018-12-31,1,2026-09-15T16:28:02.595641+00:00
VALUE_ADDED_GROWTH_NUTS2,de25:nuts2,2019,2026-09-15T16:28:02.595641+00:00,104.6,final,2019-01-01,2019-12-31,1,2026-09-15T16:28:02.595641+00:00
VALUE_ADDED_GROWTH_NUTS2,de25:nuts2,2020,2026-09-15T16:28:02.595641+00:00,100.0,final,2020-01-01,2020-12-31,1,2026-09-15T16:28:02.595641+00:00
VALUE_ADDED_GROWTH_NUTS2,de25:nuts2,2021,2026-09-15T16:28:02.595641+00:00,103.8,provisional,2021-01-01,2021-12-31,1,2026-09-15T16:28:02.595641+00:00
VALUE_ADDED_GROWTH_NUTS2,de25:nuts2,2022,2026-09-15T16:28:02.595641+00:00,105.2,provisional,2022-01-01,2022-12-31,1,2026-09-15T16:28:02.595641+00:00
VALUE_ADDED_GROWTH_NUTS2,de25:nuts2,2023,2026-09-15T16:28:02.595641+00:00,106.1,provisional,2023-01-01,2023-12-31,1,2026-09-15T16:28:02.595641+00:00
VALUE_ADDED_GROWTH_NUTS2,de25:nuts2,2024,2026-09-15T16:28:02.595641+00:00,104.8,estimate,2024-01-01,2024-12-31,1,2026-09-15T16:28:02.595641+00:00
VALUE_ADDED_GROWTH_NUTS2,de26:nuts2,2000,2026-09-15T16:28:02.595641+00:00,79.7,final,2000-01-01,2000-12-31,1,2026-09-15T16:28:02.595641+00:00
VALUE_ADDED_GROWTH_NUTS2,de26:nuts2,2001,2026-09-15T16:28:02.595641+00:00,82.8,final,2001-01-01,2001-12-31,1,2026-09-15T16:28:02.595641+00:00
VALUE_ADDED_GROWTH_NUTS2,de26:nuts2,2002,2026-09-15T16:28:02.595641+00:00,83.4,final,2002-01-01,2002-12-31,1,2026-09-15T16:28:02.595641+00:00
VALUE_ADDED_GROWTH_NUTS2,de26:nuts2,2003,2026-09-15T16:28:02.595641+00:00,83.6,final,2003-01-01,2003-12-31,1,2026-09-15T16:28:02.595641+00:00
VALUE_ADDED_GROWTH_NUTS2,de26:nuts2,2004,2026-09-15T16:28:02.595641+00:00,84.9,final,2004-01-01,2004-12-31,1,2026-09-15T16:28:02.595641+00:00
VALUE_ADDED_GROWTH_NUTS2,de26:nuts2,2005,2026-09-15T16:28:02.595641+00:00,87.5,final,2005-01-01,2005-12-31,1,2026-09-15T16:28:02.595641+00:00
VALUE_ADDED_GROWTH_NUTS2,de26:nuts2,2006,2026-09-15T16:28:02.595641+00:00,90.3,final,2006-01-01,2006-12-31,1,2026-09-15T16:28:02.595641+00:00
VALUE_ADDED_GROWTH_NUTS2,de26:nuts2,2007,2026-09-15T16:28:02.595641+00:00,92.7,final,2007-01-01,2007-12-31,1,2026-09-15T16:28:02.595641+00:00
VALUE_ADDED_GROWTH_NUTS2,de26:nuts2,2008,2026-09-15T16:28:02.595641+00:00,92.6,final,2008-01-01,2008-12-31,1,2026-09-15T16:28:02.595641+00:00
VALUE_ADDED_GROWTH_NUTS2,de26:nuts2,2009,2026-09-15T16:28:02.595641+00:00,86.3,final,2009-01-01,2009-12-31,1,2026-09-15T16:28:02.595641+00:00
VALUE_ADDED_GROWTH_NUTS2,de26:nuts2,2010,2026-09-15T16:28:02.595641+00:00,91.5,final,2010-01-01,2010-12-31,1,2026-09-15T16:28:02.595641+00:00
VALUE_ADDED_GROWTH_NUTS2,de26:nuts2,2011,2026-09-15T16:28:02.595641+00:00,97.1,final,2011-01-01,2011-12-31,1,2026-09-15T16:28:02.595641+00:00
VALUE_ADDED_GROWTH_NUTS2,de26:nuts2,2012,2026-09-15T16:28:02.595641+00:00,97.0,final,2012-01-01,2012-12-31,1,2026-09-15T16:28:02.595641+00:00
VALUE_ADDED_GROWTH_NUTS2,de26:nuts2,2013,2026-09-15T16:28:02.595641+00:00,96.4,final,2013-01-01,2013-12-31,1,2026-09-15T16:28:02.595641+00:00
VALUE_ADDED_GROWTH_NUTS2,de26:nuts2,2014,2026-09-15T16:28:02.595641+00:00,97.9,final,2014-01-01,2014-12-31,1,2026-09-15T16:28:02.595641+00:00
VALUE_ADDED_GROWTH_NUTS2,de26:nuts2,2015,2026-09-15T16:28:02.595641+00:00,98.8,final,2015-01-01,2015-12-31,1,2026-09-15T16:28:02.595641+00:00
VALUE_ADDED_GROWTH_NUTS2,de26:nuts2,2016,2026-09-15T16:28:02.595641+00:00,101.5,final,2016-01-01,2016-12-31,1,2026-09-15T16:28:02.595641+00:00
VALUE_ADDED_GROWTH_NUTS2,de26:nuts2,2017,2026-09-15T16:28:02.595641+00:00,104.5,final,2017-01-01,2017-12-31,1,2026-09-15T16:28:02.595641+00:00
VALUE_ADDED_GROWTH_NUTS2,de26:nuts2,2018,2026-09-15T16:28:02.595641+00:00,104.8,final,2018-01-01,2018-12-31,1,2026-09-15T16:28:02.595641+00:00
VALUE_ADDED_GROWTH_NUTS2,de26:nuts2,2019,2026-09-15T16:28:02.595641+00:00,104.9,final,2019-01-01,2019-12-31,1,2026-09-15T16:28:02.595641+00:00
VALUE_ADDED_GROWTH_NUTS2,de26:nuts2,2020,2026-09-15T16:28:02.595641+00:00,100.0,final,2020-01-01,2020-12-31,1,2026-09-15T16:28:02.595641+00:00
VALUE_ADDED_GROWTH_NUTS2,de26:nuts2,2021,2026-09-15T16:28:02.595641+00:00,102.5,provisional,2021-01-01,2021-12-31,1,2026-09-15T16:28:02.595641+00:00
VALUE_ADDED_GROWTH_NUTS2,de26:nuts2,2022,2026-09-15T16:28:02.595641+00:00,105.5,provisional,2022-01-01,2022-12-31,1,2026-09-15T16:28:02.595641+00:00
VALUE_ADDED_GROWTH_NUTS2,de26:nuts2,2023,2026-09-15T16:28:02.595641+00:00,107.1,provisional,2023-01-01,2023-12-31,1,2026-09-15T16:28:02.595641+00:00
VALUE_ADDED_GROWTH_NUTS2,de26:nuts2,2024,2026-09-15T16:28:02.595641+00:00,105.6,estimate,2024-01-01,2024-12-31,1,2026-09-15T16:28:02.595641+00:00
VALUE_ADDED_GROWTH_NUTS2,de27:nuts2,2000,2026-09-15T16:28:02.595641+00:00,73.8,final,2000-01-01,2000-12-31,1,2026-09-15T16:28:02.595641+00:00
VALUE_ADDED_GROWTH_NUTS2,de27:nuts2,2001,2026-09-15T16:28:02.595641+00:00,76.2,final,2001-01-01,2001-12-31,1,2026-09-15T16:28:02.595641+00:00
VALUE_ADDED_GROWTH_NUTS2,de27:nuts2,2002,2026-09-15T16:28:02.595641+00:00,77.9,final,2002-01-01,2002-12-31,1,2026-09-15T16:28:02.595641+00:00
VALUE_ADDED_GROWTH_NUTS2,de27:nuts2,2003,2026-09-15T16:28:02.595641+00:00,76.8,final,2003-01-01,2003-12-31,1,2026-09-15T16:28:02.595641+00:00
VALUE_ADDED_GROWTH_NUTS2,de27:nuts2,2004,2026-09-15T16:28:02.595641+00:00,78.2,final,2004-01-01,2004-12-31,1,2026-09-15T16:28:02.595641+00:00
VALUE_ADDED_GROWTH_NUTS2,de27:nuts2,2005,2026-09-15T16:28:02.595641+00:00,79.9,final,2005-01-01,2005-12-31,1,2026-09-15T16:28:02.595641+00:00
VALUE_ADDED_GROWTH_NUTS2,de27:nuts2,2006,2026-09-15T16:28:02.595641+00:00,83.6,final,2006-01-01,2006-12-31,1,2026-09-15T16:28:02.595641+00:00
VALUE_ADDED_GROWTH_NUTS2,de27:nuts2,2007,2026-09-15T16:28:02.595641+00:00,84.5,final,2007-01-01,2007-12-31,1,2026-09-15T16:28:02.595641+00:00
VALUE_ADDED_GROWTH_NUTS2,de27:nuts2,2008,2026-09-15T16:28:02.595641+00:00,86.1,final,2008-01-01,2008-12-31,1,2026-09-15T16:28:02.595641+00:00
VALUE_ADDED_GROWTH_NUTS2,de27:nuts2,2009,2026-09-15T16:28:02.595641+00:00,81.1,final,2009-01-01,2009-12-31,1,2026-09-15T16:28:02.595641+00:00
VALUE_ADDED_GROWTH_NUTS2,de27:nuts2,2010,2026-09-15T16:28:02.595641+00:00,85.5,final,2010-01-01,2010-12-31,1,2026-09-15T16:28:02.595641+00:00
VALUE_ADDED_GROWTH_NUTS2,de27:nuts2,2011,2026-09-15T16:28:02.595641+00:00,89.9,final,2011-01-01,2011-12-31,1,2026-09-15T16:28:02.595641+00:00
VALUE_ADDED_GROWTH_NUTS2,de27:nuts2,2012,2026-09-15T16:28:02.595641+00:00,91.6,final,2012-01-01,2012-12-31,1,2026-09-15T16:28:02.595641+00:00
VALUE_ADDED_GROWTH_NUTS2,de27:nuts2,2013,2026-09-15T16:28:02.595641+00:00,91.9,final,2013-01-01,2013-12-31,1,2026-09-15T16:28:02.595641+00:00
VALUE_ADDED_GROWTH_NUTS2,de27:nuts2,2014,2026-09-15T16:28:02.595641+00:00,94.3,final,2014-01-01,2014-12-31,1,2026-09-15T16:28:02.595641+00:00
VALUE_ADDED_GROWTH_NUTS2,de27:nuts2,2015,2026-09-15T16:28:02.595641+00:00,96.2,final,2015-01-01,2015-12-31,1,2026-09-15T16:28:02.595641+00:00
VALUE_ADDED_GROWTH_NUTS2,de27:nuts2,2016,2026-09-15T16:28:02.595641+00:00,98.7,final,2016-01-01,2016-12-31,1,2026-09-15T16:28:02.595641+00:00
VALUE_ADDED_GROWTH_NUTS2,de27:nuts2,2017,2026-09-15T16:28:02.595641+00:00,101.0,final,2017-01-01,2017-12-31,1,2026-09-15T16:28:02.595641+00:00
VALUE_ADDED_GROWTH_NUTS2,de27:nuts2,2018,2026-09-15T16:28:02.595641+00:00,101.6,final,2018-01-01,2018-12-31,1,2026-09-15T16:28:02.595641+00:00
VALUE_ADDED_GROWTH_NUTS2,de27:nuts2,2019,2026-09-15T16:28:02.595641+00:00,104.0,final,2019-01-01,2019-12-31,1,2026-09-15T16:28:02.595641+00:00
VALUE_ADDED_GROWTH_NUTS2,de27:nuts2,2020,2026-09-15T16:28:02.595641+00:00,100.0,final,2020-01-01,2020-12-31,1,2026-09-15T16:28:02.595641+00:00
VALUE_ADDED_GROWTH_NUTS2,de27:nuts2,2021,2026-09-15T16:28:02.595641+00:00,101.6,provisional,2021-01-01,2021-12-31,1,2026-09-15T16:28:02.595641+00:00
VALUE_ADDED_GROWTH_NUTS2,de27:nuts2,2022,2026-09-15T16:28:02.595641+00:00,103.1,provisional,2022-01-01,2022-12-31,1,2026-09-15T16:28:02.595641+00:00
VALUE_ADDED_GROWTH_NUTS2,de27:nuts2,2023,2026-09-15T16:28:02.595641+00:00,103.3,provisional,2023-01-01,2023-12-31,1,2026-09-15T16:28:02.595641+00:00
VALUE_ADDED_GROWTH_NUTS2,de27:nuts2,2024,2026-09-15T16:28:02.595641+00:00,101.7,estimate,2024-01-01,2024-12-31,1,2026-09-15T16:28:02.595641+00:00
VALUE_ADDED_GROWTH_NUTS2,de30:nuts2,2000,2026-09-15T16:28:02.595641+00:00,73.4,final,2000-01-01,2000-12-31,1,2026-09-15T16:28:02.595641+00:00
VALUE_ADDED_GROWTH_NUTS2,de30:nuts2,2001,2026-09-15T16:28:02.595641+00:00,73.4,final,2001-01-01,2001-12-31,1,2026-09-15T16:28:02.595641+00:00
VALUE_ADDED_GROWTH_NUTS2,de30:nuts2,2002,2026-09-15T16:28:02.595641+00:00,72.2,final,2002-01-01,2002-12-31,1,2026-09-15T16:28:02.595641+00:00
VALUE_ADDED_GROWTH_NUTS2,de30:nuts2,2003,2026-09-15T16:28:02.595641+00:00,70.6,final,2003-01-01,2003-12-31,1,2026-09-15T16:28:02.595641+00:00
VALUE_ADDED_GROWTH_NUTS2,de30:nuts2,2004,2026-09-15T16:28:02.595641+00:00,70.1,final,2004-01-01,2004-12-31,1,2026-09-15T16:28:02.595641+00:00
VALUE_ADDED_GROWTH_NUTS2,de30:nuts2,2005,2026-09-15T16:28:02.595641+00:00,71.5,final,2005-01-01,2005-12-31,1,2026-09-15T16:28:02.595641+00:00
VALUE_ADDED_GROWTH_NUTS2,de30:nuts2,2006,2026-09-15T16:28:02.595641+00:00,74.1,final,2006-01-01,2006-12-31,1,2026-09-15T16:28:02.595641+00:00
VALUE_ADDED_GROWTH_NUTS2,de30:nuts2,2007,2026-09-15T16:28:02.595641+00:00,76.7,final,2007-01-01,2007-12-31,1,2026-09-15T16:28:02.595641+00:00
VALUE_ADDED_GROWTH_NUTS2,de30:nuts2,2008,2026-09-15T16:28:02.595641+00:00,79.5,final,2008-01-01,2008-12-31,1,2026-09-15T16:28:02.595641+00:00
VALUE_ADDED_GROWTH_NUTS2,de30:nuts2,2009,2026-09-15T16:28:02.595641+00:00,78.1,final,2009-01-01,2009-12-31,1,2026-09-15T16:28:02.595641+00:00
VALUE_ADDED_GROWTH_NUTS2,de30:nuts2,2010,2026-09-15T16:28:02.595641+00:00,80.6,final,2010-01-01,2010-12-31,1,2026-09-15T16:28:02.595641+00:00
VALUE_ADDED_GROWTH_NUTS2,de30:nuts2,2011,2026-09-15T16:28:02.595641+00:00,83.8,final,2011-01-01,2011-12-31,1,2026-09-15T16:28:02.595641+00:00
VALUE_ADDED_GROWTH_NUTS2,de30:nuts2,2012,2026-09-15T16:28:02.595641+00:00,83.7,final,2012-01-01,2012-12-31,1,2026-09-15T16:28:02.595641+00:00
VALUE_ADDED_GROWTH_NUTS2,de30:nuts2,2013,2026-09-15T16:28:02.595641+00:00,84.1,final,2013-01-01,2013-12-31,1,2026-09-15T16:28:02.595641+00:00
VALUE_ADDED_GROWTH_NUTS2,de30:nuts2,2014,2026-09-15T16:28:02.595641+00:00,86.5,final,2014-01-01,2014-12-31,1,2026-09-15T16:28:02.595641+00:00
VALUE_ADDED_GROWTH_NUTS2,de30:nuts2,2015,2026-09-15T16:28:02.595641+00:00,89.8,final,2015-01-01,2015-12-31,1,2026-09-15T16:28:02.595641+00:00
VALUE_ADDED_GROWTH_NUTS2,de30:nuts2,2016,2026-09-15T16:28:02.595641+00:00,93.2,final,2016-01-01,2016-12-31,1,2026-09-15T16:28:02.595641+00:00
VALUE_ADDED_GROWTH_NUTS2,de30:nuts2,2017,2026-09-15T16:28:02.595641+00:00,97.0,final,2017-01-01,2017-12-31,1,2026-09-15T16:28:02.595641+00:00
VALUE_ADDED_GROWTH_NUTS2,de30:nuts2,2018,2026-09-15T16:28:02.595641+00:00,100.2,final,2018-01-01,2018-12-31,1,2026-09-15T16:28:02.595641+00:00
VALUE_ADDED_GROWTH_NUTS2,de30:nuts2,2019,2026-09-15T16:28:02.595641+00:00,102.6,final,2019-01-01,2019-12-31,1,2026-09-15T16:28:02.595641+00:00
VALUE_ADDED_GROWTH_NUTS2,de30:nuts2,2020,2026-09-15T16:28:02.595641+00:00,100.0,final,2020-01-01,2020-12-31,1,2026-09-15T16:28:02.595641+00:00
VALUE_ADDED_GROWTH_NUTS2,de30:nuts2,2021,2026-09-15T16:28:02.595641+00:00,105.3,provisional,2021-01-01,2021-12-31,1,2026-09-15T16:28:02.595641+00:00
VALUE_ADDED_GROWTH_NUTS2,de30:nuts2,2022,2026-09-15T16:28:02.595641+00:00,110.5,provisional,2022-01-01,2022-12-31,1,2026-09-15T16:28:02.595641+00:00
VALUE_ADDED_GROWTH_NUTS2,de30:nuts2,2023,2026-09-15T16:28:02.595641+00:00,113.0,provisional,2023-01-01,2023-12-31,1,2026-09-15T16:28:02.595641+00:00
VALUE_ADDED_GROWTH_NUTS2,de30:nuts2,2024,2026-09-15T16:28:02.595641+00:00,113.7,estimate,2024-01-01,2024-12-31,1,2026-09-15T16:28:02.595641+00:00
VALUE_ADDED_GROWTH_NUTS2,de40:nuts2,2000,2026-09-15T16:28:02.595641+00:00,81.1,final,2000-01-01,2000-12-31,1,2026-09-15T16:28:02.595641+00:00
VALUE_ADDED_GROWTH_NUTS2,de40:nuts2,2001,2026-09-15T16:28:02.595641+00:00,81.6,final,2001-01-01,2001-12-31,1,2026-09-15T16:28:02.595641+00:00
VALUE_ADDED_GROWTH_NUTS2,de40:nuts2,2002,2026-09-15T16:28:02.595641+00:00,81.9,final,2002-01-01,2002-12-31,1,2026-09-15T16:28:02.595641+00:00
VALUE_ADDED_GROWTH_NUTS2,de40:nuts2,2003,2026-09-15T16:28:02.595641+00:00,82.1,final,2003-01-01,2003-12-31,1,2026-09-15T16:28:02.595641+00:00
VALUE_ADDED_GROWTH_NUTS2,de40:nuts2,2004,2026-09-15T16:28:02.595641+00:00,83.7,final,2004-01-01,2004-12-31,1,2026-09-15T16:28:02.595641+00:00
VALUE_ADDED_GROWTH_NUTS2,de40:nuts2,2005,2026-09-15T16:28:02.595641+00:00,84.7,final,2005-01-01,2005-12-31,1,2026-09-15T16:28:02.595641+00:00
VALUE_ADDED_GROWTH_NUTS2,de40:nuts2,2006,2026-09-15T16:28:02.595641+00:00,87.9,final,2006-01-01,2006-12-31,1,2026-09-15T16:28:02.595641+00:00
VALUE_ADDED_GROWTH_NUTS2,de40:nuts2,2007,2026-09-15T16:28:02.595641+00:00,89.2,final,2007-01-01,2007-12-31,1,2026-09-15T16:28:02.595641+00:00
VALUE_ADDED_GROWTH_NUTS2,de40:nuts2,2008,2026-09-15T16:28:02.595641+00:00,90.9,final,2008-01-01,2008-12-31,1,2026-09-15T16:28:02.595641+00:00
VALUE_ADDED_GROWTH_NUTS2,de40:nuts2,2009,2026-09-15T16:28:02.595641+00:00,87.6,final,2009-01-01,2009-12-31,1,2026-09-15T16:28:02.595641+00:00
VALUE_ADDED_GROWTH_NUTS2,de40:nuts2,2010,2026-09-15T16:28:02.595641+00:00,90.8,final,2010-01-01,2010-12-31,1,2026-09-15T16:28:02.595641+00:00
VALUE_ADDED_GROWTH_NUTS2,de40:nuts2,2011,2026-09-15T16:28:02.595641+00:00,91.8,final,2011-01-01,2011-12-31,1,2026-09-15T16:28:02.595641+00:00
VALUE_ADDED_GROWTH_NUTS2,de40:nuts2,2012,2026-09-15T16:28:02.595641+00:00,93.2,final,2012-01-01,2012-12-31,1,2026-09-15T16:28:02.595641+00:00
VALUE_ADDED_GROWTH_NUTS2,de40:nuts2,2013,2026-09-15T16:28:02.595641+00:00,93.3,final,2013-01-01,2013-12-31,1,2026-09-15T16:28:02.595641+00:00
VALUE_ADDED_GROWTH_NUTS2,de40:nuts2,2014,2026-09-15T16:28:02.595641+00:00,96.9,final,2014-01-01,2014-12-31,1,2026-09-15T16:28:02.595641+00:00
VALUE_ADDED_GROWTH_NUTS2,de40:nuts2,2015,2026-09-15T16:28:02.595641+00:00,96.9,final,2015-01-01,2015-12-31,1,2026-09-15T16:28:02.595641+00:00
VALUE_ADDED_GROWTH_NUTS2,de40:nuts2,2016,2026-09-15T16:28:02.595641+00:00,98.7,final,2016-01-01,2016-12-31,1,2026-09-15T16:28:02.595641+00:00
VALUE_ADDED_GROWTH_NUTS2,de40:nuts2,2017,2026-09-15T16:28:02.595641+00:00,101.7,final,2017-01-01,2017-12-31,1,2026-09-15T16:28:02.595641+00:00
VALUE_ADDED_GROWTH_NUTS2,de40:nuts2,2018,2026-09-15T16:28:02.595641+00:00,102.1,final,2018-01-01,2018-12-31,1,2026-09-15T16:28:02.595641+00:00
VALUE_ADDED_GROWTH_NUTS2,de40:nuts2,2019,2026-09-15T16:28:02.595641+00:00,103.5,final,2019-01-01,2019-12-31,1,2026-09-15T16:28:02.595641+00:00
VALUE_ADDED_GROWTH_NUTS2,de40:nuts2,2020,2026-09-15T16:28:02.595641+00:00,100.0,final,2020-01-01,2020-12-31,1,2026-09-15T16:28:02.595641+00:00
VALUE_ADDED_GROWTH_NUTS2,de40:nuts2,2021,2026-09-15T16:28:02.595641+00:00,102.7,provisional,2021-01-01,2021-12-31,1,2026-09-15T16:28:02.595641+00:00
VALUE_ADDED_GROWTH_NUTS2,de40:nuts2,2022,2026-09-15T16:28:02.595641+00:00,104.2,provisional,2022-01-01,2022-12-31,1,2026-09-15T16:28:02.595641+00:00
VALUE_ADDED_GROWTH_NUTS2,de40:nuts2,2023,2026-09-15T16:28:02.595641+00:00,102.0,provisional,2023-01-01,2023-12-31,1,2026-09-15T16:28:02.595641+00:00
VALUE_ADDED_GROWTH_NUTS2,de40:nuts2,2024,2026-09-15T16:28:02.595641+00:00,101.1,estimate,2024-01-01,2024-12-31,1,2026-09-15T16:28:02.595641+00:00
VALUE_ADDED_GROWTH_NUTS2,de50:nuts2,2000,2026-09-15T16:28:02.595641+00:00,90.8,final,2000-01-01,2000-12-31,1,2026-09-15T16:28:02.595641+00:00
VALUE_ADDED_GROWTH_NUTS2,de50:nuts2,2001,2026-09-15T16:28:02.595641+00:00,92.6,final,2001-01-01,2001-12-31,1,2026-09-15T16:28:02.595641+00:00
VALUE_ADDED_GROWTH_NUTS2,de50:nuts2,2002,2026-09-15T16:28:02.595641+00:00,94.4,final,2002-01-01,2002-12-31,1,2026-09-15T16:28:02.595641+00:00
VALUE_ADDED_GROWTH_NUTS2,de50:nuts2,2003,2026-09-15T16:28:02.595641+00:00,95.3,final,2003-01-01,2003-12-31,1,2026-09-15T16:28:02.595641+00:00
VALUE_ADDED_GROWTH_NUTS2,de50:nuts2,2004,2026-09-15T16:28:02.595641+00:00,95.9,final,2004-01-01,2004-12-31,1,2026-09-15T16:28:02.595641+00:00
VALUE_ADDED_GROWTH_NUTS2,de50:nuts2,2005,2026-09-15T16:28:02.595641+00:00,97.4,final,2005-01-01,2005-12-31,1,2026-09-15T16:28:02.595641+00:00
VALUE_ADDED_GROWTH_NUTS2,de50:nuts2,2006,2026-09-15T16:28:02.595641+00:00,101.8,final,2006-01-01,2006-12-31,1,2026-09-15T16:28:02.595641+00:00
VALUE_ADDED_GROWTH_NUTS2,de50:nuts2,2007,2026-09-15T16:28:02.595641+00:00,104.0,final,2007-01-01,2007-12-31,1,2026-09-15T16:28:02.595641+00:00
VALUE_ADDED_GROWTH_NUTS2,de50:nuts2,2008,2026-09-15T16:28:02.595641+00:00,104.2,final,2008-01-01,2008-12-31,1,2026-09-15T16:28:02.595641+00:00
VALUE_ADDED_GROWTH_NUTS2,de50:nuts2,2009,2026-09-15T16:28:02.595641+00:00,93.8,final,2009-01-01,2009-12-31,1,2026-09-15T16:28:02.595641+00:00
VALUE_ADDED_GROWTH_NUTS2,de50:nuts2,2010,2026-09-15T16:28:02.595641+00:00,98.8,final,2010-01-01,2010-12-31,1,2026-09-15T16:28:02.595641+00:00
VALUE_ADDED_GROWTH_NUTS2,de50:nuts2,2011,2026-09-15T16:28:02.595641+00:00,100.6,final,2011-01-01,2011-12-31,1,2026-09-15T16:28:02.595641+00:00
VALUE_ADDED_GROWTH_NUTS2,de50:nuts2,2012,2026-09-15T16:28:02.595641+00:00,103.7,final,2012-01-01,2012-12-31,1,2026-09-15T16:28:02.595641+00:00
VALUE_ADDED_GROWTH_NUTS2,de50:nuts2,2013,2026-09-15T16:28:02.595641+00:00,103.1,final,2013-01-01,2013-12-31,1,2026-09-15T16:28:02.595641+00:00
VALUE_ADDED_GROWTH_NUTS2,de50:nuts2,2014,2026-09-15T16:28:02.595641+00:00,104.3,final,2014-01-01,2014-12-31,1,2026-09-15T16:28:02.595641+00:00
VALUE_ADDED_GROWTH_NUTS2,de50:nuts2,2015,2026-09-15T16:28:02.595641+00:00,104.2,final,2015-01-01,2015-12-31,1,2026-09-15T16:28:02.595641+00:00
VALUE_ADDED_GROWTH_NUTS2,de50:nuts2,2016,2026-09-15T16:28:02.595641+00:00,106.1,final,2016-01-01,2016-12-31,1,2026-09-15T16:28:02.595641+00:00
VALUE_ADDED_GROWTH_NUTS2,de50:nuts2,2017,2026-09-15T16:28:02.595641+00:00,107.3,final,2017-01-01,2017-12-31,1,2026-09-15T16:28:02.595641+00:00
VALUE_ADDED_GROWTH_NUTS2,de50:nuts2,2018,2026-09-15T16:28:02.595641+00:00,107.5,final,2018-01-01,2018-12-31,1,2026-09-15T16:28:02.595641+00:00
VALUE_ADDED_GROWTH_NUTS2,de50:nuts2,2019,2026-09-15T16:28:02.595641+00:00,105.3,final,2019-01-01,2019-12-31,1,2026-09-15T16:28:02.595641+00:00
VALUE_ADDED_GROWTH_NUTS2,de50:nuts2,2020,2026-09-15T16:28:02.595641+00:00,100.0,final,2020-01-01,2020-12-31,1,2026-09-15T16:28:02.595641+00:00
VALUE_ADDED_GROWTH_NUTS2,de50:nuts2,2021,2026-09-15T16:28:02.595641+00:00,105.9,provisional,2021-01-01,2021-12-31,1,2026-09-15T16:28:02.595641+00:00
VALUE_ADDED_GROWTH_NUTS2,de50:nuts2,2022,2026-09-15T16:28:02.595641+00:00,110.9,provisional,2022-01-01,2022-12-31,1,2026-09-15T16:28:02.595641+00:00
VALUE_ADDED_GROWTH_NUTS2,de50:nuts2,2023,2026-09-15T16:28:02.595641+00:00,109.5,provisional,2023-01-01,2023-12-31,1,2026-09-15T16:28:02.595641+00:00
VALUE_ADDED_GROWTH_NUTS2,de50:nuts2,2024,2026-09-15T16:28:02.595641+00:00,108.1,estimate,2024-01-01,2024-12-31,1,2026-09-15T16:28:02.595641+00:00
VALUE_ADDED_GROWTH_NUTS2,de60:nuts2,2000,2026-09-15T16:28:02.595641+00:00,81.1,final,2000-01-01,2000-12-31,1,2026-09-15T16:28:02.595641+00:00
VALUE_ADDED_GROWTH_NUTS2,de60:nuts2,2001,2026-09-15T16:28:02.595641+00:00,86.1,final,2001-01-01,2001-12-31,1,2026-09-15T16:28:02.595641+00:00
VALUE_ADDED_GROWTH_NUTS2,de60:nuts2,2002,2026-09-15T16:28:02.595641+00:00,87.1,final,2002-01-01,2002-12-31,1,2026-09-15T16:28:02.595641+00:00
VALUE_ADDED_GROWTH_NUTS2,de60:nuts2,2003,2026-09-15T16:28:02.595641+00:00,85.3,final,2003-01-01,2003-12-31,1,2026-09-15T16:28:02.595641+00:00
VALUE_ADDED_GROWTH_NUTS2,de60:nuts2,2004,2026-09-15T16:28:02.595641+00:00,86.5,final,2004-01-01,2004-12-31,1,2026-09-15T16:28:02.595641+00:00
VALUE_ADDED_GROWTH_NUTS2,de60:nuts2,2005,2026-09-15T16:28:02.595641+00:00,88.1,final,2005-01-01,2005-12-31,1,2026-09-15T16:28:02.595641+00:00
VALUE_ADDED_GROWTH_NUTS2,de60:nuts2,2006,2026-09-15T16:28:02.595641+00:00,89.6,final,2006-01-01,2006-12-31,1,2026-09-15T16:28:02.595641+00:00
VALUE_ADDED_GROWTH_NUTS2,de60:nuts2,2007,2026-09-15T16:28:02.595641+00:00,92.3,final,2007-01-01,2007-12-31,1,2026-09-15T16:28:02.595641+00:00
VALUE_ADDED_GROWTH_NUTS2,de60:nuts2,2008,2026-09-15T16:28:02.595641+00:00,96.5,final,2008-01-01,2008-12-31,1,2026-09-15T16:28:02.595641+00:00
VALUE_ADDED_GROWTH_NUTS2,de60:nuts2,2009,2026-09-15T16:28:02.595641+00:00,92.6,final,2009-01-01,2009-12-31,1,2026-09-15T16:28:02.595641+00:00
VALUE_ADDED_GROWTH_NUTS2,de60:nuts2,2010,2026-09-15T16:28:02.595641+00:00,93.4,final,2010-01-01,2010-12-31,1,2026-09-15T16:28:02.595641+00:00
VALUE_ADDED_GROWTH_NUTS2,de60:nuts2,2011,2026-09-15T16:28:02.595641+00:00,94.3,final,2011-01-01,2011-12-31,1,2026-09-15T16:28:02.595641+00:00
VALUE_ADDED_GROWTH_NUTS2,de60:nuts2,2012,2026-09-15T16:28:02.595641+00:00,94.8,final,2012-01-01,2012-12-31,1,2026-09-15T16:28:02.595641+00:00
VALUE_ADDED_GROWTH_NUTS2,de60:nuts2,2013,2026-09-15T16:28:02.595641+00:00,97.9,final,2013-01-01,2013-12-31,1,2026-09-15T16:28:02.595641+00:00
VALUE_ADDED_GROWTH_NUTS2,de60:nuts2,2014,2026-09-15T16:28:02.595641+00:00,97.4,final,2014-01-01,2014-12-31,1,2026-09-15T16:28:02.595641+00:00
VALUE_ADDED_GROWTH_NUTS2,de60:nuts2,2015,2026-09-15T16:28:02.595641+00:00,99.1,final,2015-01-01,2015-12-31,1,2026-09-15T16:28:02.595641+00:00
VALUE_ADDED_GROWTH_NUTS2,de60:nuts2,2016,2026-09-15T16:28:02.595641+00:00,101.2,final,2016-01-01,2016-12-31,1,2026-09-15T16:28:02.595641+00:00
VALUE_ADDED_GROWTH_NUTS2,de60:nuts2,2017,2026-09-15T16:28:02.595641+00:00,103.0,final,2017-01-01,2017-12-31,1,2026-09-15T16:28:02.595641+00:00
VALUE_ADDED_GROWTH_NUTS2,de60:nuts2,2018,2026-09-15T16:28:02.595641+00:00,103.5,final,2018-01-01,2018-12-31,1,2026-09-15T16:28:02.595641+00:00
VALUE_ADDED_GROWTH_NUTS2,de60:nuts2,2019,2026-09-15T16:28:02.595641+00:00,106.3,final,2019-01-01,2019-12-31,1,2026-09-15T16:28:02.595641+00:00
VALUE_ADDED_GROWTH_NUTS2,de60:nuts2,2020,2026-09-15T16:28:02.595641+00:00,100.0,final,2020-01-01,2020-12-31,1,2026-09-15T16:28:02.595641+00:00
VALUE_ADDED_GROWTH_NUTS2,de60:nuts2,2021,2026-09-15T16:28:02.595641+00:00,100.7,provisional,2021-01-01,2021-12-31,1,2026-09-15T16:28:02.595641+00:00
VALUE_ADDED_GROWTH_NUTS2,de60:nuts2,2022,2026-09-15T16:28:02.595641+00:00,104.6,provisional,2022-01-01,2022-12-31,1,2026-09-15T16:28:02.595641+00:00
VALUE_ADDED_GROWTH_NUTS2,de60:nuts2,2023,2026-09-15T16:28:02.595641+00:00,102.9,provisional,2023-01-01,2023-12-31,1,2026-09-15T16:28:02.595641+00:00
VALUE_ADDED_GROWTH_NUTS2,de60:nuts2,2024,2026-09-15T16:28:02.595641+00:00,104.5,estimate,2024-01-01,2024-12-31,1,2026-09-15T16:28:02.595641+00:00
VALUE_ADDED_GROWTH_NUTS2,de71:nuts2,2000,2026-09-15T16:28:02.595641+00:00,88.4,final,2000-01-01,2000-12-31,1,2026-09-15T16:28:02.595641+00:00
VALUE_ADDED_GROWTH_NUTS2,de71:nuts2,2001,2026-09-15T16:28:02.595641+00:00,91.0,final,2001-01-01,2001-12-31,1,2026-09-15T16:28:02.595641+00:00
VALUE_ADDED_GROWTH_NUTS2,de71:nuts2,2002,2026-09-15T16:28:02.595641+00:00,89.5,final,2002-01-01,2002-12-31,1,2026-09-15T16:28:02.595641+00:00
VALUE_ADDED_GROWTH_NUTS2,de71:nuts2,2003,2026-09-15T16:28:02.595641+00:00,89.7,final,2003-01-01,2003-12-31,1,2026-09-15T16:28:02.595641+00:00
VALUE_ADDED_GROWTH_NUTS2,de71:nuts2,2004,2026-09-15T16:28:02.595641+00:00,90.0,final,2004-01-01,2004-12-31,1,2026-09-15T16:28:02.595641+00:00
VALUE_ADDED_GROWTH_NUTS2,de71:nuts2,2005,2026-09-15T16:28:02.595641+00:00,90.5,final,2005-01-01,2005-12-31,1,2026-09-15T16:28:02.595641+00:00
VALUE_ADDED_GROWTH_NUTS2,de71:nuts2,2006,2026-09-15T16:28:02.595641+00:00,93.7,final,2006-01-01,2006-12-31,1,2026-09-15T16:28:02.595641+00:00
VALUE_ADDED_GROWTH_NUTS2,de71:nuts2,2007,2026-09-15T16:28:02.595641+00:00,96.7,final,2007-01-01,2007-12-31,1,2026-09-15T16:28:02.595641+00:00
VALUE_ADDED_GROWTH_NUTS2,de71:nuts2,2008,2026-09-15T16:28:02.595641+00:00,97.3,final,2008-01-01,2008-12-31,1,2026-09-15T16:28:02.595641+00:00
VALUE_ADDED_GROWTH_NUTS2,de71:nuts2,2009,2026-09-15T16:28:02.595641+00:00,89.8,final,2009-01-01,2009-12-31,1,2026-09-15T16:28:02.595641+00:00
VALUE_ADDED_GROWTH_NUTS2,de71:nuts2,2010,2026-09-15T16:28:02.595641+00:00,92.9,final,2010-01-01,2010-12-31,1,2026-09-15T16:28:02.595641+00:00
VALUE_ADDED_GROWTH_NUTS2,de71:nuts2,2011,2026-09-15T16:28:02.595641+00:00,96.5,final,2011-01-01,2011-12-31,1,2026-09-15T16:28:02.595641+00:00
VALUE_ADDED_GROWTH_NUTS2,de71:nuts2,2012,2026-09-15T16:28:02.595641+00:00,95.7,final,2012-01-01,2012-12-31,1,2026-09-15T16:28:02.595641+00:00
VALUE_ADDED_GROWTH_NUTS2,de71:nuts2,2013,2026-09-15T16:28:02.595641+00:00,96.6,final,2013-01-01,2013-12-31,1,2026-09-15T16:28:02.595641+00:00
VALUE_ADDED_GROWTH_NUTS2,de71:nuts2,2014,2026-09-15T16:28:02.595641+00:00,98.4,final,2014-01-01,2014-12-31,1,2026-09-15T16:28:02.595641+00:00
VALUE_ADDED_GROWTH_NUTS2,de71:nuts2,2015,2026-09-15T16:28:02.595641+00:00,99.0,final,2015-01-01,2015-12-31,1,2026-09-15T16:28:02.595641+00:00
VALUE_ADDED_GROWTH_NUTS2,de71:nuts2,2016,2026-09-15T16:28:02.595641+00:00,101.7,final,2016-01-01,2016-12-31,1,2026-09-15T16:28:02.595641+00:00
VALUE_ADDED_GROWTH_NUTS2,de71:nuts2,2017,2026-09-15T16:28:02.595641+00:00,104.2,final,2017-01-01,2017-12-31,1,2026-09-15T16:28:02.595641+00:00
VALUE_ADDED_GROWTH_NUTS2,de71:nuts2,2018,2026-09-15T16:28:02.595641+00:00,105.0,final,2018-01-01,2018-12-31,1,2026-09-15T16:28:02.595641+00:00
VALUE_ADDED_GROWTH_NUTS2,de71:nuts2,2019,2026-09-15T16:28:02.595641+00:00,105.5,final,2019-01-01,2019-12-31,1,2026-09-15T16:28:02.595641+00:00
VALUE_ADDED_GROWTH_NUTS2,de71:nuts2,2020,2026-09-15T16:28:02.595641+00:00,100.0,final,2020-01-01,2020-12-31,1,2026-09-15T16:28:02.595641+00:00
VALUE_ADDED_GROWTH_NUTS2,de71:nuts2,2021,2026-09-15T16:28:02.595641+00:00,105.3,provisional,2021-01-01,2021-12-31,1,2026-09-15T16:28:02.595641+00:00
VALUE_ADDED_GROWTH_NUTS2,de71:nuts2,2022,2026-09-15T16:28:02.595641+00:00,108.0,provisional,2022-01-01,2022-12-31,1,2026-09-15T16:28:02.595641+00:00
VALUE_ADDED_GROWTH_NUTS2,de71:nuts2,2023,2026-09-15T16:28:02.595641+00:00,108.5,provisional,2023-01-01,2023-12-31,1,2026-09-15T16:28:02.595641+00:00
VALUE_ADDED_GROWTH_NUTS2,de71:nuts2,2024,2026-09-15T16:28:02.595641+00:00,109.2,estimate,2024-01-01,2024-12-31,1,2026-09-15T16:28:02.595641+00:00
VALUE_ADDED_GROWTH_NUTS2,de72:nuts2,2000,2026-09-15T16:28:02.595641+00:00,86.0,final,2000-01-01,2000-12-31,1,2026-09-15T16:28:02.595641+00:00
VALUE_ADDED_GROWTH_NUTS2,de72:nuts2,2001,2026-09-15T16:28:02.595641+00:00,87.3,final,2001-01-01,2001-12-31,1,2026-09-15T16:28:02.595641+00:00
VALUE_ADDED_GROWTH_NUTS2,de72:nuts2,2002,2026-09-15T16:28:02.595641+00:00,87.0,final,2002-01-01,2002-12-31,1,2026-09-15T16:28:02.595641+00:00
VALUE_ADDED_GROWTH_NUTS2,de72:nuts2,2003,2026-09-15T16:28:02.595641+00:00,87.0,final,2003-01-01,2003-12-31,1,2026-09-15T16:28:02.595641+00:00
VALUE_ADDED_GROWTH_NUTS2,de72:nuts2,2004,2026-09-15T16:28:02.595641+00:00,89.4,final,2004-01-01,2004-12-31,1,2026-09-15T16:28:02.595641+00:00
VALUE_ADDED_GROWTH_NUTS2,de72:nuts2,2005,2026-09-15T16:28:02.595641+00:00,90.7,final,2005-01-01,2005-12-31,1,2026-09-15T16:28:02.595641+00:00
VALUE_ADDED_GROWTH_NUTS2,de72:nuts2,2006,2026-09-15T16:28:02.595641+00:00,93.4,final,2006-01-01,2006-12-31,1,2026-09-15T16:28:02.595641+00:00
VALUE_ADDED_GROWTH_NUTS2,de72:nuts2,2007,2026-09-15T16:28:02.595641+00:00,96.7,final,2007-01-01,2007-12-31,1,2026-09-15T16:28:02.595641+00:00
VALUE_ADDED_GROWTH_NUTS2,de72:nuts2,2008,2026-09-15T16:28:02.595641+00:00,98.7,final,2008-01-01,2008-12-31,1,2026-09-15T16:28:02.595641+00:00
VALUE_ADDED_GROWTH_NUTS2,de72:nuts2,2009,2026-09-15T16:28:02.595641+00:00,88.7,final,2009-01-01,2009-12-31,1,2026-09-15T16:28:02.595641+00:00
VALUE_ADDED_GROWTH_NUTS2,de72:nuts2,2010,2026-09-15T16:28:02.595641+00:00,91.8,final,2010-01-01,2010-12-31,1,2026-09-15T16:28:02.595641+00:00
VALUE_ADDED_GROWTH_NUTS2,de72:nuts2,2011,2026-09-15T16:28:02.595641+00:00,95.4,final,2011-01-01,2011-12-31,1,2026-09-15T16:28:02.595641+00:00
VALUE_ADDED_GROWTH_NUTS2,de72:nuts2,2012,2026-09-15T16:28:02.595641+00:00,94.6,final,2012-01-01,2012-12-31,1,2026-09-15T16:28:02.595641+00:00
VALUE_ADDED_GROWTH_NUTS2,de72:nuts2,2013,2026-09-15T16:28:02.595641+00:00,94.3,final,2013-01-01,2013-12-31,1,2026-09-15T16:28:02.595641+00:00
VALUE_ADDED_GROWTH_NUTS2,de72:nuts2,2014,2026-09-15T16:28:02.595641+00:00,96.6,final,2014-01-01,2014-12-31,1,2026-09-15T16:28:02.595641+00:00
VALUE_ADDED_GROWTH_NUTS2,de72:nuts2,2015,2026-09-15T16:28:02.595641+00:00,97.0,final,2015-01-01,2015-12-31,1,2026-09-15T16:28:02.595641+00:00
VALUE_ADDED_GROWTH_NUTS2,de72:nuts2,2016,2026-09-15T16:28:02.595641+00:00,98.4,final,2016-01-01,2016-12-31,1,2026-09-15T16:28:02.595641+00:00
VALUE_ADDED_GROWTH_NUTS2,de72:nuts2,2017,2026-09-15T16:28:02.595641+00:00,102.3,final,2017-01-01,2017-12-31,1,2026-09-15T16:28:02.595641+00:00
VALUE_ADDED_GROWTH_NUTS2,de72:nuts2,2018,2026-09-15T16:28:02.595641+00:00,103.8,final,2018-01-01,2018-12-31,1,2026-09-15T16:28:02.595641+00:00
VALUE_ADDED_GROWTH_NUTS2,de72:nuts2,2019,2026-09-15T16:28:02.595641+00:00,104.6,final,2019-01-01,2019-12-31,1,2026-09-15T16:28:02.595641+00:00
VALUE_ADDED_GROWTH_NUTS2,de72:nuts2,2020,2026-09-15T16:28:02.595641+00:00,100.0,final,2020-01-01,2020-12-31,1,2026-09-15T16:28:02.595641+00:00
VALUE_ADDED_GROWTH_NUTS2,de72:nuts2,2021,2026-09-15T16:28:02.595641+00:00,103.7,provisional,2021-01-01,2021-12-31,1,2026-09-15T16:28:02.595641+00:00
VALUE_ADDED_GROWTH_NUTS2,de72:nuts2,2022,2026-09-15T16:28:02.595641+00:00,103.9,provisional,2022-01-01,2022-12-31,1,2026-09-15T16:28:02.595641+00:00
VALUE_ADDED_GROWTH_NUTS2,de72:nuts2,2023,2026-09-15T16:28:02.595641+00:00,105.6,provisional,2023-01-01,2023-12-31,1,2026-09-15T16:28:02.595641+00:00
VALUE_ADDED_GROWTH_NUTS2,de72:nuts2,2024,2026-09-15T16:28:02.595641+00:00,105.0,estimate,2024-01-01,2024-12-31,1,2026-09-15T16:28:02.595641+00:00
VALUE_ADDED_GROWTH_NUTS2,de73:nuts2,2000,2026-09-15T16:28:02.595641+00:00,87.8,final,2000-01-01,2000-12-31,1,2026-09-15T16:28:02.595641+00:00
VALUE_ADDED_GROWTH_NUTS2,de73:nuts2,2001,2026-09-15T16:28:02.595641+00:00,89.3,final,2001-01-01,2001-12-31,1,2026-09-15T16:28:02.595641+00:00
VALUE_ADDED_GROWTH_NUTS2,de73:nuts2,2002,2026-09-15T16:28:02.595641+00:00,89.9,final,2002-01-01,2002-12-31,1,2026-09-15T16:28:02.595641+00:00
VALUE_ADDED_GROWTH_NUTS2,de73:nuts2,2003,2026-09-15T16:28:02.595641+00:00,91.9,final,2003-01-01,2003-12-31,1,2026-09-15T16:28:02.595641+00:00
VALUE_ADDED_GROWTH_NUTS2,de73:nuts2,2004,2026-09-15T16:28:02.595641+00:00,91.8,final,2004-01-01,2004-12-31,1,2026-09-15T16:28:02.595641+00:00
VALUE_ADDED_GROWTH_NUTS2,de73:nuts2,2005,2026-09-15T16:28:02.595641+00:00,91.6,final,2005-01-01,2005-12-31,1,2026-09-15T16:28:02.595641+00:00
VALUE_ADDED_GROWTH_NUTS2,de73:nuts2,2006,2026-09-15T16:28:02.595641+00:00,94.9,final,2006-01-01,2006-12-31,1,2026-09-15T16:28:02.595641+00:00
VALUE_ADDED_GROWTH_NUTS2,de73:nuts2,2007,2026-09-15T16:28:02.595641+00:00,97.1,final,2007-01-01,2007-12-31,1,2026-09-15T16:28:02.595641+00:00
VALUE_ADDED_GROWTH_NUTS2,de73:nuts2,2008,2026-09-15T16:28:02.595641+00:00,96.7,final,2008-01-01,2008-12-31,1,2026-09-15T16:28:02.595641+00:00
VALUE_ADDED_GROWTH_NUTS2,de73:nuts2,2009,2026-09-15T16:28:02.595641+00:00,90.3,final,2009-01-01,2009-12-31,1,2026-09-15T16:28:02.595641+00:00
VALUE_ADDED_GROWTH_NUTS2,de73:nuts2,2010,2026-09-15T16:28:02.595641+00:00,93.6,final,2010-01-01,2010-12-31,1,2026-09-15T16:28:02.595641+00:00
VALUE_ADDED_GROWTH_NUTS2,de73:nuts2,2011,2026-09-15T16:28:02.595641+00:00,97.0,final,2011-01-01,2011-12-31,1,2026-09-15T16:28:02.595641+00:00
VALUE_ADDED_GROWTH_NUTS2,de73:nuts2,2012,2026-09-15T16:28:02.595641+00:00,96.3,final,2012-01-01,2012-12-31,1,2026-09-15T16:28:02.595641+00:00
VALUE_ADDED_GROWTH_NUTS2,de73:nuts2,2013,2026-09-15T16:28:02.595641+00:00,97.2,final,2013-01-01,2013-12-31,1,2026-09-15T16:28:02.595641+00:00
VALUE_ADDED_GROWTH_NUTS2,de73:nuts2,2014,2026-09-15T16:28:02.595641+00:00,98.1,final,2014-01-01,2014-12-31,1,2026-09-15T16:28:02.595641+00:00
VALUE_ADDED_GROWTH_NUTS2,de73:nuts2,2015,2026-09-15T16:28:02.595641+00:00,99.2,final,2015-01-01,2015-12-31,1,2026-09-15T16:28:02.595641+00:00
VALUE_ADDED_GROWTH_NUTS2,de73:nuts2,2016,2026-09-15T16:28:02.595641+00:00,102.5,final,2016-01-01,2016-12-31,1,2026-09-15T16:28:02.595641+00:00
VALUE_ADDED_GROWTH_NUTS2,de73:nuts2,2017,2026-09-15T16:28:02.595641+00:00,102.4,final,2017-01-01,2017-12-31,1,2026-09-15T16:28:02.595641+00:00
VALUE_ADDED_GROWTH_NUTS2,de73:nuts2,2018,2026-09-15T16:28:02.595641+00:00,103.8,final,2018-01-01,2018-12-31,1,2026-09-15T16:28:02.595641+00:00
VALUE_ADDED_GROWTH_NUTS2,de73:nuts2,2019,2026-09-15T16:28:02.595641+00:00,106.1,final,2019-01-01,2019-12-31,1,2026-09-15T16:28:02.595641+00:00
VALUE_ADDED_GROWTH_NUTS2,de73:nuts2,2020,2026-09-15T16:28:02.595641+00:00,100.0,final,2020-01-01,2020-12-31,1,2026-09-15T16:28:02.595641+00:00
VALUE_ADDED_GROWTH_NUTS2,de73:nuts2,2021,2026-09-15T16:28:02.595641+00:00,103.6,provisional,2021-01-01,2021-12-31,1,2026-09-15T16:28:02.595641+00:00
VALUE_ADDED_GROWTH_NUTS2,de73:nuts2,2022,2026-09-15T16:28:02.595641+00:00,108.2,provisional,2022-01-01,2022-12-31,1,2026-09-15T16:28:02.595641+00:00
VALUE_ADDED_GROWTH_NUTS2,de73:nuts2,2023,2026-09-15T16:28:02.595641+00:00,107.6,provisional,2023-01-01,2023-12-31,1,2026-09-15T16:28:02.595641+00:00
VALUE_ADDED_GROWTH_NUTS2,de73:nuts2,2024,2026-09-15T16:28:02.595641+00:00,107.4,estimate,2024-01-01,2024-12-31,1,2026-09-15T16:28:02.595641+00:00
VALUE_ADDED_GROWTH_NUTS2,de80:nuts2,2000,2026-09-15T16:28:02.595641+00:00,86.0,final,2000-01-01,2000-12-31,1,2026-09-15T16:28:02.595641+00:00
VALUE_ADDED_GROWTH_NUTS2,de80:nuts2,2001,2026-09-15T16:28:02.595641+00:00,85.4,final,2001-01-01,2001-12-31,1,2026-09-15T16:28:02.595641+00:00
VALUE_ADDED_GROWTH_NUTS2,de80:nuts2,2002,2026-09-15T16:28:02.595641+00:00,85.9,final,2002-01-01,2002-12-31,1,2026-09-15T16:28:02.595641+00:00
VALUE_ADDED_GROWTH_NUTS2,de80:nuts2,2003,2026-09-15T16:28:02.595641+00:00,85.8,final,2003-01-01,2003-12-31,1,2026-09-15T16:28:02.595641+00:00
VALUE_ADDED_GROWTH_NUTS2,de80:nuts2,2004,2026-09-15T16:28:02.595641+00:00,86.5,final,2004-01-01,2004-12-31,1,2026-09-15T16:28:02.595641+00:00
VALUE_ADDED_GROWTH_NUTS2,de80:nuts2,2005,2026-09-15T16:28:02.595641+00:00,86.3,final,2005-01-01,2005-12-31,1,2026-09-15T16:28:02.595641+00:00
VALUE_ADDED_GROWTH_NUTS2,de80:nuts2,2006,2026-09-15T16:28:02.595641+00:00,88.3,final,2006-01-01,2006-12-31,1,2026-09-15T16:28:02.595641+00:00
VALUE_ADDED_GROWTH_NUTS2,de80:nuts2,2007,2026-09-15T16:28:02.595641+00:00,91.1,final,2007-01-01,2007-12-31,1,2026-09-15T16:28:02.595641+00:00
VALUE_ADDED_GROWTH_NUTS2,de80:nuts2,2008,2026-09-15T16:28:02.595641+00:00,91.8,final,2008-01-01,2008-12-31,1,2026-09-15T16:28:02.595641+00:00
VALUE_ADDED_GROWTH_NUTS2,de80:nuts2,2009,2026-09-15T16:28:02.595641+00:00,90.6,final,2009-01-01,2009-12-31,1,2026-09-15T16:28:02.595641+00:00
VALUE_ADDED_GROWTH_NUTS2,de80:nuts2,2010,2026-09-15T16:28:02.595641+00:00,91.6,final,2010-01-01,2010-12-31,1,2026-09-15T16:28:02.595641+00:00
VALUE_ADDED_GROWTH_NUTS2,de80:nuts2,2011,2026-09-15T16:28:02.595641+00:00,93.6,final,2011-01-01,2011-12-31,1,2026-09-15T16:28:02.595641+00:00
VALUE_ADDED_GROWTH_NUTS2,de80:nuts2,2012,2026-09-15T16:28:02.595641+00:00,93.3,final,2012-01-01,2012-12-31,1,2026-09-15T16:28:02.595641+00:00
VALUE_ADDED_GROWTH_NUTS2,de80:nuts2,2013,2026-09-15T16:28:02.595641+00:00,93.3,final,2013-01-01,2013-12-31,1,2026-09-15T16:28:02.595641+00:00
VALUE_ADDED_GROWTH_NUTS2,de80:nuts2,2014,2026-09-15T16:28:02.595641+00:00,96.0,final,2014-01-01,2014-12-31,1,2026-09-15T16:28:02.595641+00:00
VALUE_ADDED_GROWTH_NUTS2,de80:nuts2,2015,2026-09-15T16:28:02.595641+00:00,96.3,final,2015-01-01,2015-12-31,1,2026-09-15T16:28:02.595641+00:00
VALUE_ADDED_GROWTH_NUTS2,de80:nuts2,2016,2026-09-15T16:28:02.595641+00:00,97.8,final,2016-01-01,2016-12-31,1,2026-09-15T16:28:02.595641+00:00
VALUE_ADDED_GROWTH_NUTS2,de80:nuts2,2017,2026-09-15T16:28:02.595641+00:00,102.4,final,2017-01-01,2017-12-31,1,2026-09-15T16:28:02.595641+00:00
VALUE_ADDED_GROWTH_NUTS2,de80:nuts2,2018,2026-09-15T16:28:02.595641+00:00,100.8,final,2018-01-01,2018-12-31,1,2026-09-15T16:28:02.595641+00:00
VALUE_ADDED_GROWTH_NUTS2,de80:nuts2,2019,2026-09-15T16:28:02.595641+00:00,104.1,final,2019-01-01,2019-12-31,1,2026-09-15T16:28:02.595641+00:00
VALUE_ADDED_GROWTH_NUTS2,de80:nuts2,2020,2026-09-15T16:28:02.595641+00:00,100.0,final,2020-01-01,2020-12-31,1,2026-09-15T16:28:02.595641+00:00
VALUE_ADDED_GROWTH_NUTS2,de80:nuts2,2021,2026-09-15T16:28:02.595641+00:00,102.3,provisional,2021-01-01,2021-12-31,1,2026-09-15T16:28:02.595641+00:00
VALUE_ADDED_GROWTH_NUTS2,de80:nuts2,2022,2026-09-15T16:28:02.595641+00:00,104.7,provisional,2022-01-01,2022-12-31,1,2026-09-15T16:28:02.595641+00:00
VALUE_ADDED_GROWTH_NUTS2,de80:nuts2,2023,2026-09-15T16:28:02.595641+00:00,103.9,provisional,2023-01-01,2023-12-31,1,2026-09-15T16:28:02.595641+00:00
VALUE_ADDED_GROWTH_NUTS2,de80:nuts2,2024,2026-09-15T16:28:02.595641+00:00,105.0,estimate,2024-01-01,2024-12-31,1,2026-09-15T16:28:02.595641+00:00
VALUE_ADDED_GROWTH_NUTS2,de91:nuts2,2000,2026-09-15T16:28:02.595641+00:00,79.4,final,2000-01-01,2000-12-31,1,2026-09-15T16:28:02.595641+00:00
VALUE_ADDED_GROWTH_NUTS2,de91:nuts2,2001,2026-09-15T16:28:02.595641+00:00,79.8,final,2001-01-01,2001-12-31,1,2026-09-15T16:28:02.595641+00:00
VALUE_ADDED_GROWTH_NUTS2,de91:nuts2,2002,2026-09-15T16:28:02.595641+00:00,76.6,final,2002-01-01,2002-12-31,1,2026-09-15T16:28:02.595641+00:00
VALUE_ADDED_GROWTH_NUTS2,de91:nuts2,2003,2026-09-15T16:28:02.595641+00:00,76.9,final,2003-01-01,2003-12-31,1,2026-09-15T16:28:02.595641+00:00
VALUE_ADDED_GROWTH_NUTS2,de91:nuts2,2004,2026-09-15T16:28:02.595641+00:00,77.8,final,2004-01-01,2004-12-31,1,2026-09-15T16:28:02.595641+00:00
VALUE_ADDED_GROWTH_NUTS2,de91:nuts2,2005,2026-09-15T16:28:02.595641+00:00,81.1,final,2005-01-01,2005-12-31,1,2026-09-15T16:28:02.595641+00:00
VALUE_ADDED_GROWTH_NUTS2,de91:nuts2,2006,2026-09-15T16:28:02.595641+00:00,83.5,final,2006-01-01,2006-12-31,1,2026-09-15T16:28:02.595641+00:00
VALUE_ADDED_GROWTH_NUTS2,de91:nuts2,2007,2026-09-15T16:28:02.595641+00:00,87.7,final,2007-01-01,2007-12-31,1,2026-09-15T16:28:02.595641+00:00
VALUE_ADDED_GROWTH_NUTS2,de91:nuts2,2008,2026-09-15T16:28:02.595641+00:00,88.3,final,2008-01-01,2008-12-31,1,2026-09-15T16:28:02.595641+00:00
VALUE_ADDED_GROWTH_NUTS2,de91:nuts2,2009,2026-09-15T16:28:02.595641+00:00,80.6,final,2009-01-01,2009-12-31,1,2026-09-15T16:28:02.595641+00:00
VALUE_ADDED_GROWTH_NUTS2,de91:nuts2,2010,2026-09-15T16:28:02.595641+00:00,88.6,final,2010-01-01,2010-12-31,1,2026-09-15T16:28:02.595641+00:00
VALUE_ADDED_GROWTH_NUTS2,de91:nuts2,2011,2026-09-15T16:28:02.595641+00:00,93.9,final,2011-01-01,2011-12-31,1,2026-09-15T16:28:02.595641+00:00
VALUE_ADDED_GROWTH_NUTS2,de91:nuts2,2012,2026-09-15T16:28:02.595641+00:00,93.2,final,2012-01-01,2012-12-31,1,2026-09-15T16:28:02.595641+00:00
VALUE_ADDED_GROWTH_NUTS2,de91:nuts2,2013,2026-09-15T16:28:02.595641+00:00,92.8,final,2013-01-01,2013-12-31,1,2026-09-15T16:28:02.595641+00:00
VALUE_ADDED_GROWTH_NUTS2,de91:nuts2,2014,2026-09-15T16:28:02.595641+00:00,96.3,final,2014-01-01,2014-12-31,1,2026-09-15T16:28:02.595641+00:00
VALUE_ADDED_GROWTH_NUTS2,de91:nuts2,2015,2026-09-15T16:28:02.595641+00:00,91.3,final,2015-01-01,2015-12-31,1,2026-09-15T16:28:02.595641+00:00
VALUE_ADDED_GROWTH_NUTS2,de91:nuts2,2016,2026-09-15T16:28:02.595641+00:00,106.5,final,2016-01-01,2016-12-31,1,2026-09-15T16:28:02.595641+00:00
VALUE_ADDED_GROWTH_NUTS2,de91:nuts2,2017,2026-09-15T16:28:02.595641+00:00,104.1,final,2017-01-01,2017-12-31,1,2026-09-15T16:28:02.595641+00:00
VALUE_ADDED_GROWTH_NUTS2,de91:nuts2,2018,2026-09-15T16:28:02.595641+00:00,108.7,final,2018-01-01,2018-12-31,1,2026-09-15T16:28:02.595641+00:00
VALUE_ADDED_GROWTH_NUTS2,de91:nuts2,2019,2026-09-15T16:28:02.595641+00:00,108.6,final,2019-01-01,2019-12-31,1,2026-09-15T16:28:02.595641+00:00
VALUE_ADDED_GROWTH_NUTS2,de91:nuts2,2020,2026-09-15T16:28:02.595641+00:00,100.0,final,2020-01-01,2020-12-31,1,2026-09-15T16:28:02.595641+00:00
VALUE_ADDED_GROWTH_NUTS2,de91:nuts2,2021,2026-09-15T16:28:02.595641+00:00,99.6,provisional,2021-01-01,2021-12-31,1,2026-09-15T16:28:02.595641+00:00
VALUE_ADDED_GROWTH_NUTS2,de91:nuts2,2022,2026-09-15T16:28:02.595641+00:00,97.4,provisional,2022-01-01,2022-12-31,1,2026-09-15T16:28:02.595641+00:00
VALUE_ADDED_GROWTH_NUTS2,de91:nuts2,2023,2026-09-15T16:28:02.595641+00:00,102.2,provisional,2023-01-01,2023-12-31,1,2026-09-15T16:28:02.595641+00:00
VALUE_ADDED_GROWTH_NUTS2,de91:nuts2,2024,2026-09-15T16:28:02.595641+00:00,102.0,estimate,2024-01-01,2024-12-31,1,2026-09-15T16:28:02.595641+00:00
VALUE_ADDED_GROWTH_NUTS2,de92:nuts2,2000,2026-09-15T16:28:02.595641+00:00,82.6,final,2000-01-01,2000-12-31,1,2026-09-15T16:28:02.595641+00:00
VALUE_ADDED_GROWTH_NUTS2,de92:nuts2,2001,2026-09-15T16:28:02.595641+00:00,82.7,final,2001-01-01,2001-12-31,1,2026-09-15T16:28:02.595641+00:00
VALUE_ADDED_GROWTH_NUTS2,de92:nuts2,2002,2026-09-15T16:28:02.595641+00:00,82.7,final,2002-01-01,2002-12-31,1,2026-09-15T16:28:02.595641+00:00
VALUE_ADDED_GROWTH_NUTS2,de92:nuts2,2003,2026-09-15T16:28:02.595641+00:00,81.8,final,2003-01-01,2003-12-31,1,2026-09-15T16:28:02.595641+00:00
VALUE_ADDED_GROWTH_NUTS2,de92:nuts2,2004,2026-09-15T16:28:02.595641+00:00,82.2,final,2004-01-01,2004-12-31,1,2026-09-15T16:28:02.595641+00:00
VALUE_ADDED_GROWTH_NUTS2,de92:nuts2,2005,2026-09-15T16:28:02.595641+00:00,83.9,final,2005-01-01,2005-12-31,1,2026-09-15T16:28:02.595641+00:00
VALUE_ADDED_GROWTH_NUTS2,de92:nuts2,2006,2026-09-15T16:28:02.595641+00:00,88.0,final,2006-01-01,2006-12-31,1,2026-09-15T16:28:02.595641+00:00
VALUE_ADDED_GROWTH_NUTS2,de92:nuts2,2007,2026-09-15T16:28:02.595641+00:00,89.3,final,2007-01-01,2007-12-31,1,2026-09-15T16:28:02.595641+00:00
VALUE_ADDED_GROWTH_NUTS2,de92:nuts2,2008,2026-09-15T16:28:02.595641+00:00,91.4,final,2008-01-01,2008-12-31,1,2026-09-15T16:28:02.595641+00:00
VALUE_ADDED_GROWTH_NUTS2,de92:nuts2,2009,2026-09-15T16:28:02.595641+00:00,86.7,final,2009-01-01,2009-12-31,1,2026-09-15T16:28:02.595641+00:00
VALUE_ADDED_GROWTH_NUTS2,de92:nuts2,2010,2026-09-15T16:28:02.595641+00:00,90.2,final,2010-01-01,2010-12-31,1,2026-09-15T16:28:02.595641+00:00
VALUE_ADDED_GROWTH_NUTS2,de92:nuts2,2011,2026-09-15T16:28:02.595641+00:00,93.4,final,2011-01-01,2011-12-31,1,2026-09-15T16:28:02.595641+00:00
VALUE_ADDED_GROWTH_NUTS2,de92:nuts2,2012,2026-09-15T16:28:02.595641+00:00,93.6,final,2012-01-01,2012-12-31,1,2026-09-15T16:28:02.595641+00:00
VALUE_ADDED_GROWTH_NUTS2,de92:nuts2,2013,2026-09-15T16:28:02.595641+00:00,91.9,final,2013-01-01,2013-12-31,1,2026-09-15T16:28:02.595641+00:00
VALUE_ADDED_GROWTH_NUTS2,de92:nuts2,2014,2026-09-15T16:28:02.595641+00:00,95.9,final,2014-01-01,2014-12-31,1,2026-09-15T16:28:02.595641+00:00
VALUE_ADDED_GROWTH_NUTS2,de92:nuts2,2015,2026-09-15T16:28:02.595641+00:00,96.5,final,2015-01-01,2015-12-31,1,2026-09-15T16:28:02.595641+00:00
VALUE_ADDED_GROWTH_NUTS2,de92:nuts2,2016,2026-09-15T16:28:02.595641+00:00,100.4,final,2016-01-01,2016-12-31,1,2026-09-15T16:28:02.595641+00:00
VALUE_ADDED_GROWTH_NUTS2,de92:nuts2,2017,2026-09-15T16:28:02.595641+00:00,102.3,final,2017-01-01,2017-12-31,1,2026-09-15T16:28:02.595641+00:00
VALUE_ADDED_GROWTH_NUTS2,de92:nuts2,2018,2026-09-15T16:28:02.595641+00:00,103.1,final,2018-01-01,2018-12-31,1,2026-09-15T16:28:02.595641+00:00
VALUE_ADDED_GROWTH_NUTS2,de92:nuts2,2019,2026-09-15T16:28:02.595641+00:00,104.3,final,2019-01-01,2019-12-31,1,2026-09-15T16:28:02.595641+00:00
VALUE_ADDED_GROWTH_NUTS2,de92:nuts2,2020,2026-09-15T16:28:02.595641+00:00,100.0,final,2020-01-01,2020-12-31,1,2026-09-15T16:28:02.595641+00:00
VALUE_ADDED_GROWTH_NUTS2,de92:nuts2,2021,2026-09-15T16:28:02.595641+00:00,103.5,provisional,2021-01-01,2021-12-31,1,2026-09-15T16:28:02.595641+00:00
VALUE_ADDED_GROWTH_NUTS2,de92:nuts2,2022,2026-09-15T16:28:02.595641+00:00,102.0,provisional,2022-01-01,2022-12-31,1,2026-09-15T16:28:02.595641+00:00
VALUE_ADDED_GROWTH_NUTS2,de92:nuts2,2023,2026-09-15T16:28:02.595641+00:00,103.6,provisional,2023-01-01,2023-12-31,1,2026-09-15T16:28:02.595641+00:00
VALUE_ADDED_GROWTH_NUTS2,de92:nuts2,2024,2026-09-15T16:28:02.595641+00:00,103.8,estimate,2024-01-01,2024-12-31,1,2026-09-15T16:28:02.595641+00:00
VALUE_ADDED_GROWTH_NUTS2,de93:nuts2,2000,2026-09-15T16:28:02.595641+00:00,79.9,final,2000-01-01,2000-12-31,1,2026-09-15T16:28:02.595641+00:00
VALUE_ADDED_GROWTH_NUTS2,de93:nuts2,2001,2026-09-15T16:28:02.595641+00:00,79.1,final,2001-01-01,2001-12-31,1,2026-09-15T16:28:02.595641+00:00
VALUE_ADDED_GROWTH_NUTS2,de93:nuts2,2002,2026-09-15T16:28:02.595641+00:00,79.2,final,2002-01-01,2002-12-31,1,2026-09-15T16:28:02.595641+00:00
VALUE_ADDED_GROWTH_NUTS2,de93:nuts2,2003,2026-09-15T16:28:02.595641+00:00,79.1,final,2003-01-01,2003-12-31,1,2026-09-15T16:28:02.595641+00:00
VALUE_ADDED_GROWTH_NUTS2,de93:nuts2,2004,2026-09-15T16:28:02.595641+00:00,80.9,final,2004-01-01,2004-12-31,1,2026-09-15T16:28:02.595641+00:00
VALUE_ADDED_GROWTH_NUTS2,de93:nuts2,2005,2026-09-15T16:28:02.595641+00:00,81.4,final,2005-01-01,2005-12-31,1,2026-09-15T16:28:02.595641+00:00
VALUE_ADDED_GROWTH_NUTS2,de93:nuts2,2006,2026-09-15T16:28:02.595641+00:00,84.4,final,2006-01-01,2006-12-31,1,2026-09-15T16:28:02.595641+00:00
VALUE_ADDED_GROWTH_NUTS2,de93:nuts2,2007,2026-09-15T16:28:02.595641+00:00,87.1,final,2007-01-01,2007-12-31,1,2026-09-15T16:28:02.595641+00:00
VALUE_ADDED_GROWTH_NUTS2,de93:nuts2,2008,2026-09-15T16:28:02.595641+00:00,88.0,final,2008-01-01,2008-12-31,1,2026-09-15T16:28:02.595641+00:00
VALUE_ADDED_GROWTH_NUTS2,de93:nuts2,2009,2026-09-15T16:28:02.595641+00:00,84.6,final,2009-01-01,2009-12-31,1,2026-09-15T16:28:02.595641+00:00
VALUE_ADDED_GROWTH_NUTS2,de93:nuts2,2010,2026-09-15T16:28:02.595641+00:00,87.1,final,2010-01-01,2010-12-31,1,2026-09-15T16:28:02.595641+00:00
VALUE_ADDED_GROWTH_NUTS2,de93:nuts2,2011,2026-09-15T16:28:02.595641+00:00,90.4,final,2011-01-01,2011-12-31,1,2026-09-15T16:28:02.595641+00:00
VALUE_ADDED_GROWTH_NUTS2,de93:nuts2,2012,2026-09-15T16:28:02.595641+00:00,92.4,final,2012-01-01,2012-12-31,1,2026-09-15T16:28:02.595641+00:00
VALUE_ADDED_GROWTH_NUTS2,de93:nuts2,2013,2026-09-15T16:28:02.595641+00:00,92.7,final,2013-01-01,2013-12-31,1,2026-09-15T16:28:02.595641+00:00
VALUE_ADDED_GROWTH_NUTS2,de93:nuts2,2014,2026-09-15T16:28:02.595641+00:00,93.8,final,2014-01-01,2014-12-31,1,2026-09-15T16:28:02.595641+00:00
VALUE_ADDED_GROWTH_NUTS2,de93:nuts2,2015,2026-09-15T16:28:02.595641+00:00,94.9,final,2015-01-01,2015-12-31,1,2026-09-15T16:28:02.595641+00:00
VALUE_ADDED_GROWTH_NUTS2,de93:nuts2,2016,2026-09-15T16:28:02.595641+00:00,95.8,final,2016-01-01,2016-12-31,1,2026-09-15T16:28:02.595641+00:00
VALUE_ADDED_GROWTH_NUTS2,de93:nuts2,2017,2026-09-15T16:28:02.595641+00:00,97.9,final,2017-01-01,2017-12-31,1,2026-09-15T16:28:02.595641+00:00
VALUE_ADDED_GROWTH_NUTS2,de93:nuts2,2018,2026-09-15T16:28:02.595641+00:00,100.3,final,2018-01-01,2018-12-31,1,2026-09-15T16:28:02.595641+00:00
VALUE_ADDED_GROWTH_NUTS2,de93:nuts2,2019,2026-09-15T16:28:02.595641+00:00,102.2,final,2019-01-01,2019-12-31,1,2026-09-15T16:28:02.595641+00:00
VALUE_ADDED_GROWTH_NUTS2,de93:nuts2,2020,2026-09-15T16:28:02.595641+00:00,100.0,final,2020-01-01,2020-12-31,1,2026-09-15T16:28:02.595641+00:00
VALUE_ADDED_GROWTH_NUTS2,de93:nuts2,2021,2026-09-15T16:28:02.595641+00:00,103.0,provisional,2021-01-01,2021-12-31,1,2026-09-15T16:28:02.595641+00:00
VALUE_ADDED_GROWTH_NUTS2,de93:nuts2,2022,2026-09-15T16:28:02.595641+00:00,104.8,provisional,2022-01-01,2022-12-31,1,2026-09-15T16:28:02.595641+00:00
VALUE_ADDED_GROWTH_NUTS2,de93:nuts2,2023,2026-09-15T16:28:02.595641+00:00,102.7,provisional,2023-01-01,2023-12-31,1,2026-09-15T16:28:02.595641+00:00
VALUE_ADDED_GROWTH_NUTS2,de93:nuts2,2024,2026-09-15T16:28:02.595641+00:00,102.8,estimate,2024-01-01,2024-12-31,1,2026-09-15T16:28:02.595641+00:00
VALUE_ADDED_GROWTH_NUTS2,de94:nuts2,2000,2026-09-15T16:28:02.595641+00:00,77.1,final,2000-01-01,2000-12-31,1,2026-09-15T16:28:02.595641+00:00
VALUE_ADDED_GROWTH_NUTS2,de94:nuts2,2001,2026-09-15T16:28:02.595641+00:00,77.0,final,2001-01-01,2001-12-31,1,2026-09-15T16:28:02.595641+00:00
VALUE_ADDED_GROWTH_NUTS2,de94:nuts2,2002,2026-09-15T16:28:02.595641+00:00,75.9,final,2002-01-01,2002-12-31,1,2026-09-15T16:28:02.595641+00:00
VALUE_ADDED_GROWTH_NUTS2,de94:nuts2,2003,2026-09-15T16:28:02.595641+00:00,75.9,final,2003-01-01,2003-12-31,1,2026-09-15T16:28:02.595641+00:00
VALUE_ADDED_GROWTH_NUTS2,de94:nuts2,2004,2026-09-15T16:28:02.595641+00:00,79.1,final,2004-01-01,2004-12-31,1,2026-09-15T16:28:02.595641+00:00
VALUE_ADDED_GROWTH_NUTS2,de94:nuts2,2005,2026-09-15T16:28:02.595641+00:00,79.7,final,2005-01-01,2005-12-31,1,2026-09-15T16:28:02.595641+00:00
VALUE_ADDED_GROWTH_NUTS2,de94:nuts2,2006,2026-09-15T16:28:02.595641+00:00,83.5,final,2006-01-01,2006-12-31,1,2026-09-15T16:28:02.595641+00:00
VALUE_ADDED_GROWTH_NUTS2,de94:nuts2,2007,2026-09-15T16:28:02.595641+00:00,86.1,final,2007-01-01,2007-12-31,1,2026-09-15T16:28:02.595641+00:00
VALUE_ADDED_GROWTH_NUTS2,de94:nuts2,2008,2026-09-15T16:28:02.595641+00:00,87.7,final,2008-01-01,2008-12-31,1,2026-09-15T16:28:02.595641+00:00
VALUE_ADDED_GROWTH_NUTS2,de94:nuts2,2009,2026-09-15T16:28:02.595641+00:00,83.4,final,2009-01-01,2009-12-31,1,2026-09-15T16:28:02.595641+00:00
VALUE_ADDED_GROWTH_NUTS2,de94:nuts2,2010,2026-09-15T16:28:02.595641+00:00,88.2,final,2010-01-01,2010-12-31,1,2026-09-15T16:28:02.595641+00:00
VALUE_ADDED_GROWTH_NUTS2,de94:nuts2,2011,2026-09-15T16:28:02.595641+00:00,91.4,final,2011-01-01,2011-12-31,1,2026-09-15T16:28:02.595641+00:00
VALUE_ADDED_GROWTH_NUTS2,de94:nuts2,2012,2026-09-15T16:28:02.595641+00:00,93.0,final,2012-01-01,2012-12-31,1,2026-09-15T16:28:02.595641+00:00
VALUE_ADDED_GROWTH_NUTS2,de94:nuts2,2013,2026-09-15T16:28:02.595641+00:00,92.1,final,2013-01-01,2013-12-31,1,2026-09-15T16:28:02.595641+00:00
VALUE_ADDED_GROWTH_NUTS2,de94:nuts2,2014,2026-09-15T16:28:02.595641+00:00,93.7,final,2014-01-01,2014-12-31,1,2026-09-15T16:28:02.595641+00:00
VALUE_ADDED_GROWTH_NUTS2,de94:nuts2,2015,2026-09-15T16:28:02.595641+00:00,95.0,final,2015-01-01,2015-12-31,1,2026-09-15T16:28:02.595641+00:00
VALUE_ADDED_GROWTH_NUTS2,de94:nuts2,2016,2026-09-15T16:28:02.595641+00:00,98.1,final,2016-01-01,2016-12-31,1,2026-09-15T16:28:02.595641+00:00
VALUE_ADDED_GROWTH_NUTS2,de94:nuts2,2017,2026-09-15T16:28:02.595641+00:00,100.6,final,2017-01-01,2017-12-31,1,2026-09-15T16:28:02.595641+00:00
VALUE_ADDED_GROWTH_NUTS2,de94:nuts2,2018,2026-09-15T16:28:02.595641+00:00,101.1,final,2018-01-01,2018-12-31,1,2026-09-15T16:28:02.595641+00:00
VALUE_ADDED_GROWTH_NUTS2,de94:nuts2,2019,2026-09-15T16:28:02.595641+00:00,102.6,final,2019-01-01,2019-12-31,1,2026-09-15T16:28:02.595641+00:00
VALUE_ADDED_GROWTH_NUTS2,de94:nuts2,2020,2026-09-15T16:28:02.595641+00:00,100.0,final,2020-01-01,2020-12-31,1,2026-09-15T16:28:02.595641+00:00
VALUE_ADDED_GROWTH_NUTS2,de94:nuts2,2021,2026-09-15T16:28:02.595641+00:00,103.2,provisional,2021-01-01,2021-12-31,1,2026-09-15T16:28:02.595641+00:00
VALUE_ADDED_GROWTH_NUTS2,de94:nuts2,2022,2026-09-15T16:28:02.595641+00:00,106.5,provisional,2022-01-01,2022-12-31,1,2026-09-15T16:28:02.595641+00:00
VALUE_ADDED_GROWTH_NUTS2,de94:nuts2,2023,2026-09-15T16:28:02.595641+00:00,104.1,provisional,2023-01-01,2023-12-31,1,2026-09-15T16:28:02.595641+00:00
VALUE_ADDED_GROWTH_NUTS2,de94:nuts2,2024,2026-09-15T16:28:02.595641+00:00,104.1,estimate,2024-01-01,2024-12-31,1,2026-09-15T16:28:02.595641+00:00
VALUE_ADDED_GROWTH_NUTS2,dea1:nuts2,2000,2026-09-15T16:28:02.595641+00:00,88.4,final,2000-01-01,2000-12-31,1,2026-09-15T16:28:02.595641+00:00
VALUE_ADDED_GROWTH_NUTS2,dea1:nuts2,2001,2026-09-15T16:28:02.595641+00:00,90.8,final,2001-01-01,2001-12-31,1,2026-09-15T16:28:02.595641+00:00
VALUE_ADDED_GROWTH_NUTS2,dea1:nuts2,2002,2026-09-15T16:28:02.595641+00:00,90.4,final,2002-01-01,2002-12-31,1,2026-09-15T16:28:02.595641+00:00
VALUE_ADDED_GROWTH_NUTS2,dea1:nuts2,2003,2026-09-15T16:28:02.595641+00:00,90.1,final,2003-01-01,2003-12-31,1,2026-09-15T16:28:02.595641+00:00
VALUE_ADDED_GROWTH_NUTS2,dea1:nuts2,2004,2026-09-15T16:28:02.595641+00:00,91.7,final,2004-01-01,2004-12-31,1,2026-09-15T16:28:02.595641+00:00
VALUE_ADDED_GROWTH_NUTS2,dea1:nuts2,2005,2026-09-15T16:28:02.595641+00:00,92.0,final,2005-01-01,2005-12-31,1,2026-09-15T16:28:02.595641+00:00
VALUE_ADDED_GROWTH_NUTS2,dea1:nuts2,2006,2026-09-15T16:28:02.595641+00:00,93.8,final,2006-01-01,2006-12-31,1,2026-09-15T16:28:02.595641+00:00
VALUE_ADDED_GROWTH_NUTS2,dea1:nuts2,2007,2026-09-15T16:28:02.595641+00:00,98.2,final,2007-01-01,2007-12-31,1,2026-09-15T16:28:02.595641+00:00
VALUE_ADDED_GROWTH_NUTS2,dea1:nuts2,2008,2026-09-15T16:28:02.595641+00:00,100.9,final,2008-01-01,2008-12-31,1,2026-09-15T16:28:02.595641+00:00
VALUE_ADDED_GROWTH_NUTS2,dea1:nuts2,2009,2026-09-15T16:28:02.595641+00:00,94.2,final,2009-01-01,2009-12-31,1,2026-09-15T16:28:02.595641+00:00
VALUE_ADDED_GROWTH_NUTS2,dea1:nuts2,2010,2026-09-15T16:28:02.595641+00:00,95.6,final,2010-01-01,2010-12-31,1,2026-09-15T16:28:02.595641+00:00
VALUE_ADDED_GROWTH_NUTS2,dea1:nuts2,2011,2026-09-15T16:28:02.595641+00:00,97.5,final,2011-01-01,2011-12-31,1,2026-09-15T16:28:02.595641+00:00
VALUE_ADDED_GROWTH_NUTS2,dea1:nuts2,2012,2026-09-15T16:28:02.595641+00:00,96.5,final,2012-01-01,2012-12-31,1,2026-09-15T16:28:02.595641+00:00
VALUE_ADDED_GROWTH_NUTS2,dea1:nuts2,2013,2026-09-15T16:28:02.595641+00:00,96.4,final,2013-01-01,2013-12-31,1,2026-09-15T16:28:02.595641+00:00
VALUE_ADDED_GROWTH_NUTS2,dea1:nuts2,2014,2026-09-15T16:28:02.595641+00:00,98.3,final,2014-01-01,2014-12-31,1,2026-09-15T16:28:02.595641+00:00
VALUE_ADDED_GROWTH_NUTS2,dea1:nuts2,2015,2026-09-15T16:28:02.595641+00:00,100.0,final,2015-01-01,2015-12-31,1,2026-09-15T16:28:02.595641+00:00
VALUE_ADDED_GROWTH_NUTS2,dea1:nuts2,2016,2026-09-15T16:28:02.595641+00:00,100.7,final,2016-01-01,2016-12-31,1,2026-09-15T16:28:02.595641+00:00
VALUE_ADDED_GROWTH_NUTS2,dea1:nuts2,2017,2026-09-15T16:28:02.595641+00:00,103.6,final,2017-01-01,2017-12-31,1,2026-09-15T16:28:02.595641+00:00
VALUE_ADDED_GROWTH_NUTS2,dea1:nuts2,2018,2026-09-15T16:28:02.595641+00:00,104.9,final,2018-01-01,2018-12-31,1,2026-09-15T16:28:02.595641+00:00
VALUE_ADDED_GROWTH_NUTS2,dea1:nuts2,2019,2026-09-15T16:28:02.595641+00:00,104.0,final,2019-01-01,2019-12-31,1,2026-09-15T16:28:02.595641+00:00
VALUE_ADDED_GROWTH_NUTS2,dea1:nuts2,2020,2026-09-15T16:28:02.595641+00:00,100.0,final,2020-01-01,2020-12-31,1,2026-09-15T16:28:02.595641+00:00
VALUE_ADDED_GROWTH_NUTS2,dea1:nuts2,2021,2026-09-15T16:28:02.595641+00:00,102.8,provisional,2021-01-01,2021-12-31,1,2026-09-15T16:28:02.595641+00:00
VALUE_ADDED_GROWTH_NUTS2,dea1:nuts2,2022,2026-09-15T16:28:02.595641+00:00,104.3,provisional,2022-01-01,2022-12-31,1,2026-09-15T16:28:02.595641+00:00
VALUE_ADDED_GROWTH_NUTS2,dea1:nuts2,2023,2026-09-15T16:28:02.595641+00:00,102.6,provisional,2023-01-01,2023-12-31,1,2026-09-15T16:28:02.595641+00:00
VALUE_ADDED_GROWTH_NUTS2,dea1:nuts2,2024,2026-09-15T16:28:02.595641+00:00,101.9,estimate,2024-01-01,2024-12-31,1,2026-09-15T16:28:02.595641+00:00
VALUE_ADDED_GROWTH_NUTS2,dea2:nuts2,2000,2026-09-15T16:28:02.595641+00:00,83.6,final,2000-01-01,2000-12-31,1,2026-09-15T16:28:02.595641+00:00
VALUE_ADDED_GROWTH_NUTS2,dea2:nuts2,2001,2026-09-15T16:28:02.595641+00:00,84.9,final,2001-01-01,2001-12-31,1,2026-09-15T16:28:02.595641+00:00
VALUE_ADDED_GROWTH_NUTS2,dea2:nuts2,2002,2026-09-15T16:28:02.595641+00:00,87.2,final,2002-01-01,2002-12-31,1,2026-09-15T16:28:02.595641+00:00
VALUE_ADDED_GROWTH_NUTS2,dea2:nuts2,2003,2026-09-15T16:28:02.595641+00:00,84.2,final,2003-01-01,2003-12-31,1,2026-09-15T16:28:02.595641+00:00
VALUE_ADDED_GROWTH_NUTS2,dea2:nuts2,2004,2026-09-15T16:28:02.595641+00:00,85.2,final,2004-01-01,2004-12-31,1,2026-09-15T16:28:02.595641+00:00
VALUE_ADDED_GROWTH_NUTS2,dea2:nuts2,2005,2026-09-15T16:28:02.595641+00:00,84.7,final,2005-01-01,2005-12-31,1,2026-09-15T16:28:02.595641+00:00
VALUE_ADDED_GROWTH_NUTS2,dea2:nuts2,2006,2026-09-15T16:28:02.595641+00:00,88.3,final,2006-01-01,2006-12-31,1,2026-09-15T16:28:02.595641+00:00
VALUE_ADDED_GROWTH_NUTS2,dea2:nuts2,2007,2026-09-15T16:28:02.595641+00:00,91.8,final,2007-01-01,2007-12-31,1,2026-09-15T16:28:02.595641+00:00
VALUE_ADDED_GROWTH_NUTS2,dea2:nuts2,2008,2026-09-15T16:28:02.595641+00:00,91.1,final,2008-01-01,2008-12-31,1,2026-09-15T16:28:02.595641+00:00
VALUE_ADDED_GROWTH_NUTS2,dea2:nuts2,2009,2026-09-15T16:28:02.595641+00:00,87.5,final,2009-01-01,2009-12-31,1,2026-09-15T16:28:02.595641+00:00
VALUE_ADDED_GROWTH_NUTS2,dea2:nuts2,2010,2026-09-15T16:28:02.595641+00:00,90.0,final,2010-01-01,2010-12-31,1,2026-09-15T16:28:02.595641+00:00
VALUE_ADDED_GROWTH_NUTS2,dea2:nuts2,2011,2026-09-15T16:28:02.595641+00:00,92.1,final,2011-01-01,2011-12-31,1,2026-09-15T16:28:02.595641+00:00
VALUE_ADDED_GROWTH_NUTS2,dea2:nuts2,2012,2026-09-15T16:28:02.595641+00:00,92.4,final,2012-01-01,2012-12-31,1,2026-09-15T16:28:02.595641+00:00
VALUE_ADDED_GROWTH_NUTS2,dea2:nuts2,2013,2026-09-15T16:28:02.595641+00:00,93.9,final,2013-01-01,2013-12-31,1,2026-09-15T16:28:02.595641+00:00
VALUE_ADDED_GROWTH_NUTS2,dea2:nuts2,2014,2026-09-15T16:28:02.595641+00:00,96.3,final,2014-01-01,2014-12-31,1,2026-09-15T16:28:02.595641+00:00
VALUE_ADDED_GROWTH_NUTS2,dea2:nuts2,2015,2026-09-15T16:28:02.595641+00:00,98.7,final,2015-01-01,2015-12-31,1,2026-09-15T16:28:02.595641+00:00
VALUE_ADDED_GROWTH_NUTS2,dea2:nuts2,2016,2026-09-15T16:28:02.595641+00:00,99.4,final,2016-01-01,2016-12-31,1,2026-09-15T16:28:02.595641+00:00
VALUE_ADDED_GROWTH_NUTS2,dea2:nuts2,2017,2026-09-15T16:28:02.595641+00:00,102.9,final,2017-01-01,2017-12-31,1,2026-09-15T16:28:02.595641+00:00
VALUE_ADDED_GROWTH_NUTS2,dea2:nuts2,2018,2026-09-15T16:28:02.595641+00:00,105.1,final,2018-01-01,2018-12-31,1,2026-09-15T16:28:02.595641+00:00
VALUE_ADDED_GROWTH_NUTS2,dea2:nuts2,2019,2026-09-15T16:28:02.595641+00:00,104.6,final,2019-01-01,2019-12-31,1,2026-09-15T16:28:02.595641+00:00
VALUE_ADDED_GROWTH_NUTS2,dea2:nuts2,2020,2026-09-15T16:28:02.595641+00:00,100.0,final,2020-01-01,2020-12-31,1,2026-09-15T16:28:02.595641+00:00
VALUE_ADDED_GROWTH_NUTS2,dea2:nuts2,2021,2026-09-15T16:28:02.595641+00:00,102.6,provisional,2021-01-01,2021-12-31,1,2026-09-15T16:28:02.595641+00:00
VALUE_ADDED_GROWTH_NUTS2,dea2:nuts2,2022,2026-09-15T16:28:02.595641+00:00,104.0,provisional,2022-01-01,2022-12-31,1,2026-09-15T16:28:02.595641+00:00
VALUE_ADDED_GROWTH_NUTS2,dea2:nuts2,2023,2026-09-15T16:28:02.595641+00:00,102.7,provisional,2023-01-01,2023-12-31,1,2026-09-15T16:28:02.595641+00:00
VALUE_ADDED_GROWTH_NUTS2,dea2:nuts2,2024,2026-09-15T16:28:02.595641+00:00,102.3,estimate,2024-01-01,2024-12-31,1,2026-09-15T16:28:02.595641+00:00
VALUE_ADDED_GROWTH_NUTS2,dea3:nuts2,2000,2026-09-15T16:28:02.595641+00:00,83.4,final,2000-01-01,2000-12-31,1,2026-09-15T16:28:02.595641+00:00
VALUE_ADDED_GROWTH_NUTS2,dea3:nuts2,2001,2026-09-15T16:28:02.595641+00:00,84.7,final,2001-01-01,2001-12-31,1,2026-09-15T16:28:02.595641+00:00
VALUE_ADDED_GROWTH_NUTS2,dea3:nuts2,2002,2026-09-15T16:28:02.595641+00:00,84.2,final,2002-01-01,2002-12-31,1,2026-09-15T16:28:02.595641+00:00
VALUE_ADDED_GROWTH_NUTS2,dea3:nuts2,2003,2026-09-15T16:28:02.595641+00:00,84.3,final,2003-01-01,2003-12-31,1,2026-09-15T16:28:02.595641+00:00
VALUE_ADDED_GROWTH_NUTS2,dea3:nuts2,2004,2026-09-15T16:28:02.595641+00:00,86.7,final,2004-01-01,2004-12-31,1,2026-09-15T16:28:02.595641+00:00
VALUE_ADDED_GROWTH_NUTS2,dea3:nuts2,2005,2026-09-15T16:28:02.595641+00:00,87.7,final,2005-01-01,2005-12-31,1,2026-09-15T16:28:02.595641+00:00
VALUE_ADDED_GROWTH_NUTS2,dea3:nuts2,2006,2026-09-15T16:28:02.595641+00:00,90.9,final,2006-01-01,2006-12-31,1,2026-09-15T16:28:02.595641+00:00
VALUE_ADDED_GROWTH_NUTS2,dea3:nuts2,2007,2026-09-15T16:28:02.595641+00:00,93.9,final,2007-01-01,2007-12-31,1,2026-09-15T16:28:02.595641+00:00
VALUE_ADDED_GROWTH_NUTS2,dea3:nuts2,2008,2026-09-15T16:28:02.595641+00:00,95.3,final,2008-01-01,2008-12-31,1,2026-09-15T16:28:02.595641+00:00
VALUE_ADDED_GROWTH_NUTS2,dea3:nuts2,2009,2026-09-15T16:28:02.595641+00:00,88.6,final,2009-01-01,2009-12-31,1,2026-09-15T16:28:02.595641+00:00
VALUE_ADDED_GROWTH_NUTS2,dea3:nuts2,2010,2026-09-15T16:28:02.595641+00:00,92.6,final,2010-01-01,2010-12-31,1,2026-09-15T16:28:02.595641+00:00
VALUE_ADDED_GROWTH_NUTS2,dea3:nuts2,2011,2026-09-15T16:28:02.595641+00:00,95.2,final,2011-01-01,2011-12-31,1,2026-09-15T16:28:02.595641+00:00
VALUE_ADDED_GROWTH_NUTS2,dea3:nuts2,2012,2026-09-15T16:28:02.595641+00:00,95.1,final,2012-01-01,2012-12-31,1,2026-09-15T16:28:02.595641+00:00
VALUE_ADDED_GROWTH_NUTS2,dea3:nuts2,2013,2026-09-15T16:28:02.595641+00:00,93.6,final,2013-01-01,2013-12-31,1,2026-09-15T16:28:02.595641+00:00
VALUE_ADDED_GROWTH_NUTS2,dea3:nuts2,2014,2026-09-15T16:28:02.595641+00:00,94.7,final,2014-01-01,2014-12-31,1,2026-09-15T16:28:02.595641+00:00
VALUE_ADDED_GROWTH_NUTS2,dea3:nuts2,2015,2026-09-15T16:28:02.595641+00:00,96.2,final,2015-01-01,2015-12-31,1,2026-09-15T16:28:02.595641+00:00
VALUE_ADDED_GROWTH_NUTS2,dea3:nuts2,2016,2026-09-15T16:28:02.595641+00:00,98.2,final,2016-01-01,2016-12-31,1,2026-09-15T16:28:02.595641+00:00
VALUE_ADDED_GROWTH_NUTS2,dea3:nuts2,2017,2026-09-15T16:28:02.595641+00:00,101.3,final,2017-01-01,2017-12-31,1,2026-09-15T16:28:02.595641+00:00
VALUE_ADDED_GROWTH_NUTS2,dea3:nuts2,2018,2026-09-15T16:28:02.595641+00:00,101.2,final,2018-01-01,2018-12-31,1,2026-09-15T16:28:02.595641+00:00
VALUE_ADDED_GROWTH_NUTS2,dea3:nuts2,2019,2026-09-15T16:28:02.595641+00:00,102.7,final,2019-01-01,2019-12-31,1,2026-09-15T16:28:02.595641+00:00
VALUE_ADDED_GROWTH_NUTS2,dea3:nuts2,2020,2026-09-15T16:28:02.595641+00:00,100.0,final,2020-01-01,2020-12-31,1,2026-09-15T16:28:02.595641+00:00
VALUE_ADDED_GROWTH_NUTS2,dea3:nuts2,2021,2026-09-15T16:28:02.595641+00:00,102.5,provisional,2021-01-01,2021-12-31,1,2026-09-15T16:28:02.595641+00:00
VALUE_ADDED_GROWTH_NUTS2,dea3:nuts2,2022,2026-09-15T16:28:02.595641+00:00,103.3,provisional,2022-01-01,2022-12-31,1,2026-09-15T16:28:02.595641+00:00
VALUE_ADDED_GROWTH_NUTS2,dea3:nuts2,2023,2026-09-15T16:28:02.595641+00:00,101.8,provisional,2023-01-01,2023-12-31,1,2026-09-15T16:28:02.595641+00:00
VALUE_ADDED_GROWTH_NUTS2,dea3:nuts2,2024,2026-09-15T16:28:02.595641+00:00,100.9,estimate,2024-01-01,2024-12-31,1,2026-09-15T16:28:02.595641+00:00
VALUE_ADDED_GROWTH_NUTS2,dea4:nuts2,2000,2026-09-15T16:28:02.595641+00:00,82.3,final,2000-01-01,2000-12-31,1,2026-09-15T16:28:02.595641+00:00
VALUE_ADDED_GROWTH_NUTS2,dea4:nuts2,2001,2026-09-15T16:28:02.595641+00:00,82.5,final,2001-01-01,2001-12-31,1,2026-09-15T16:28:02.595641+00:00
VALUE_ADDED_GROWTH_NUTS2,dea4:nuts2,2002,2026-09-15T16:28:02.595641+00:00,81.8,final,2002-01-01,2002-12-31,1,2026-09-15T16:28:02.595641+00:00
VALUE_ADDED_GROWTH_NUTS2,dea4:nuts2,2003,2026-09-15T16:28:02.595641+00:00,81.3,final,2003-01-01,2003-12-31,1,2026-09-15T16:28:02.595641+00:00
VALUE_ADDED_GROWTH_NUTS2,dea4:nuts2,2004,2026-09-15T16:28:02.595641+00:00,82.1,final,2004-01-01,2004-12-31,1,2026-09-15T16:28:02.595641+00:00
VALUE_ADDED_GROWTH_NUTS2,dea4:nuts2,2005,2026-09-15T16:28:02.595641+00:00,83.6,final,2005-01-01,2005-12-31,1,2026-09-15T16:28:02.595641+00:00
VALUE_ADDED_GROWTH_NUTS2,dea4:nuts2,2006,2026-09-15T16:28:02.595641+00:00,86.2,final,2006-01-01,2006-12-31,1,2026-09-15T16:28:02.595641+00:00
VALUE_ADDED_GROWTH_NUTS2,dea4:nuts2,2007,2026-09-15T16:28:02.595641+00:00,89.9,final,2007-01-01,2007-12-31,1,2026-09-15T16:28:02.595641+00:00
VALUE_ADDED_GROWTH_NUTS2,dea4:nuts2,2008,2026-09-15T16:28:02.595641+00:00,89.8,final,2008-01-01,2008-12-31,1,2026-09-15T16:28:02.595641+00:00
VALUE_ADDED_GROWTH_NUTS2,dea4:nuts2,2009,2026-09-15T16:28:02.595641+00:00,84.2,final,2009-01-01,2009-12-31,1,2026-09-15T16:28:02.595641+00:00
VALUE_ADDED_GROWTH_NUTS2,dea4:nuts2,2010,2026-09-15T16:28:02.595641+00:00,86.7,final,2010-01-01,2010-12-31,1,2026-09-15T16:28:02.595641+00:00
VALUE_ADDED_GROWTH_NUTS2,dea4:nuts2,2011,2026-09-15T16:28:02.595641+00:00,90.6,final,2011-01-01,2011-12-31,1,2026-09-15T16:28:02.595641+00:00
VALUE_ADDED_GROWTH_NUTS2,dea4:nuts2,2012,2026-09-15T16:28:02.595641+00:00,91.3,final,2012-01-01,2012-12-31,1,2026-09-15T16:28:02.595641+00:00
VALUE_ADDED_GROWTH_NUTS2,dea4:nuts2,2013,2026-09-15T16:28:02.595641+00:00,92.1,final,2013-01-01,2013-12-31,1,2026-09-15T16:28:02.595641+00:00
VALUE_ADDED_GROWTH_NUTS2,dea4:nuts2,2014,2026-09-15T16:28:02.595641+00:00,95.1,final,2014-01-01,2014-12-31,1,2026-09-15T16:28:02.595641+00:00
VALUE_ADDED_GROWTH_NUTS2,dea4:nuts2,2015,2026-09-15T16:28:02.595641+00:00,95.2,final,2015-01-01,2015-12-31,1,2026-09-15T16:28:02.595641+00:00
VALUE_ADDED_GROWTH_NUTS2,dea4:nuts2,2016,2026-09-15T16:28:02.595641+00:00,97.3,final,2016-01-01,2016-12-31,1,2026-09-15T16:28:02.595641+00:00
VALUE_ADDED_GROWTH_NUTS2,dea4:nuts2,2017,2026-09-15T16:28:02.595641+00:00,99.5,final,2017-01-01,2017-12-31,1,2026-09-15T16:28:02.595641+00:00
VALUE_ADDED_GROWTH_NUTS2,dea4:nuts2,2018,2026-09-15T16:28:02.595641+00:00,100.8,final,2018-01-01,2018-12-31,1,2026-09-15T16:28:02.595641+00:00
VALUE_ADDED_GROWTH_NUTS2,dea4:nuts2,2019,2026-09-15T16:28:02.595641+00:00,101.7,final,2019-01-01,2019-12-31,1,2026-09-15T16:28:02.595641+00:00
VALUE_ADDED_GROWTH_NUTS2,dea4:nuts2,2020,2026-09-15T16:28:02.595641+00:00,100.0,final,2020-01-01,2020-12-31,1,2026-09-15T16:28:02.595641+00:00
VALUE_ADDED_GROWTH_NUTS2,dea4:nuts2,2021,2026-09-15T16:28:02.595641+00:00,101.2,provisional,2021-01-01,2021-12-31,1,2026-09-15T16:28:02.595641+00:00
VALUE_ADDED_GROWTH_NUTS2,dea4:nuts2,2022,2026-09-15T16:28:02.595641+00:00,101.1,provisional,2022-01-01,2022-12-31,1,2026-09-15T16:28:02.595641+00:00
VALUE_ADDED_GROWTH_NUTS2,dea4:nuts2,2023,2026-09-15T16:28:02.595641+00:00,99.7,provisional,2023-01-01,2023-12-31,1,2026-09-15T16:28:02.595641+00:00
VALUE_ADDED_GROWTH_NUTS2,dea4:nuts2,2024,2026-09-15T16:28:02.595641+00:00,98.5,estimate,2024-01-01,2024-12-31,1,2026-09-15T16:28:02.595641+00:00
VALUE_ADDED_GROWTH_NUTS2,dea5:nuts2,2000,2026-09-15T16:28:02.595641+00:00,88.8,final,2000-01-01,2000-12-31,1,2026-09-15T16:28:02.595641+00:00
VALUE_ADDED_GROWTH_NUTS2,dea5:nuts2,2001,2026-09-15T16:28:02.595641+00:00,88.7,final,2001-01-01,2001-12-31,1,2026-09-15T16:28:02.595641+00:00
VALUE_ADDED_GROWTH_NUTS2,dea5:nuts2,2002,2026-09-15T16:28:02.595641+00:00,88.5,final,2002-01-01,2002-12-31,1,2026-09-15T16:28:02.595641+00:00
VALUE_ADDED_GROWTH_NUTS2,dea5:nuts2,2003,2026-09-15T16:28:02.595641+00:00,88.5,final,2003-01-01,2003-12-31,1,2026-09-15T16:28:02.595641+00:00
VALUE_ADDED_GROWTH_NUTS2,dea5:nuts2,2004,2026-09-15T16:28:02.595641+00:00,89.9,final,2004-01-01,2004-12-31,1,2026-09-15T16:28:02.595641+00:00
VALUE_ADDED_GROWTH_NUTS2,dea5:nuts2,2005,2026-09-15T16:28:02.595641+00:00,91.2,final,2005-01-01,2005-12-31,1,2026-09-15T16:28:02.595641+00:00
VALUE_ADDED_GROWTH_NUTS2,dea5:nuts2,2006,2026-09-15T16:28:02.595641+00:00,93.8,final,2006-01-01,2006-12-31,1,2026-09-15T16:28:02.595641+00:00
VALUE_ADDED_GROWTH_NUTS2,dea5:nuts2,2007,2026-09-15T16:28:02.595641+00:00,96.4,final,2007-01-01,2007-12-31,1,2026-09-15T16:28:02.595641+00:00
VALUE_ADDED_GROWTH_NUTS2,dea5:nuts2,2008,2026-09-15T16:28:02.595641+00:00,97.9,final,2008-01-01,2008-12-31,1,2026-09-15T16:28:02.595641+00:00
VALUE_ADDED_GROWTH_NUTS2,dea5:nuts2,2009,2026-09-15T16:28:02.595641+00:00,91.0,final,2009-01-01,2009-12-31,1,2026-09-15T16:28:02.595641+00:00
VALUE_ADDED_GROWTH_NUTS2,dea5:nuts2,2010,2026-09-15T16:28:02.595641+00:00,95.0,final,2010-01-01,2010-12-31,1,2026-09-15T16:28:02.595641+00:00
VALUE_ADDED_GROWTH_NUTS2,dea5:nuts2,2011,2026-09-15T16:28:02.595641+00:00,98.1,final,2011-01-01,2011-12-31,1,2026-09-15T16:28:02.595641+00:00
VALUE_ADDED_GROWTH_NUTS2,dea5:nuts2,2012,2026-09-15T16:28:02.595641+00:00,97.6,final,2012-01-01,2012-12-31,1,2026-09-15T16:28:02.595641+00:00
VALUE_ADDED_GROWTH_NUTS2,dea5:nuts2,2013,2026-09-15T16:28:02.595641+00:00,97.2,final,2013-01-01,2013-12-31,1,2026-09-15T16:28:02.595641+00:00
VALUE_ADDED_GROWTH_NUTS2,dea5:nuts2,2014,2026-09-15T16:28:02.595641+00:00,99.7,final,2014-01-01,2014-12-31,1,2026-09-15T16:28:02.595641+00:00
VALUE_ADDED_GROWTH_NUTS2,dea5:nuts2,2015,2026-09-15T16:28:02.595641+00:00,100.1,final,2015-01-01,2015-12-31,1,2026-09-15T16:28:02.595641+00:00
VALUE_ADDED_GROWTH_NUTS2,dea5:nuts2,2016,2026-09-15T16:28:02.595641+00:00,101.0,final,2016-01-01,2016-12-31,1,2026-09-15T16:28:02.595641+00:00
VALUE_ADDED_GROWTH_NUTS2,dea5:nuts2,2017,2026-09-15T16:28:02.595641+00:00,103.6,final,2017-01-01,2017-12-31,1,2026-09-15T16:28:02.595641+00:00
VALUE_ADDED_GROWTH_NUTS2,dea5:nuts2,2018,2026-09-15T16:28:02.595641+00:00,105.1,final,2018-01-01,2018-12-31,1,2026-09-15T16:28:02.595641+00:00
VALUE_ADDED_GROWTH_NUTS2,dea5:nuts2,2019,2026-09-15T16:28:02.595641+00:00,105.0,final,2019-01-01,2019-12-31,1,2026-09-15T16:28:02.595641+00:00
VALUE_ADDED_GROWTH_NUTS2,dea5:nuts2,2020,2026-09-15T16:28:02.595641+00:00,100.0,final,2020-01-01,2020-12-31,1,2026-09-15T16:28:02.595641+00:00
VALUE_ADDED_GROWTH_NUTS2,dea5:nuts2,2021,2026-09-15T16:28:02.595641+00:00,103.2,provisional,2021-01-01,2021-12-31,1,2026-09-15T16:28:02.595641+00:00
VALUE_ADDED_GROWTH_NUTS2,dea5:nuts2,2022,2026-09-15T16:28:02.595641+00:00,103.8,provisional,2022-01-01,2022-12-31,1,2026-09-15T16:28:02.595641+00:00
VALUE_ADDED_GROWTH_NUTS2,dea5:nuts2,2023,2026-09-15T16:28:02.595641+00:00,101.6,provisional,2023-01-01,2023-12-31,1,2026-09-15T16:28:02.595641+00:00
VALUE_ADDED_GROWTH_NUTS2,dea5:nuts2,2024,2026-09-15T16:28:02.595641+00:00,100.6,estimate,2024-01-01,2024-12-31,1,2026-09-15T16:28:02.595641+00:00
VALUE_ADDED_GROWTH_NUTS2,deb1:nuts2,2000,2026-09-15T16:28:02.595641+00:00,84.1,final,2000-01-01,2000-12-31,1,2026-09-15T16:28:02.595641+00:00
VALUE_ADDED_GROWTH_NUTS2,deb1:nuts2,2001,2026-09-15T16:28:02.595641+00:00,83.2,final,2001-01-01,2001-12-31,1,2026-09-15T16:28:02.595641+00:00
VALUE_ADDED_GROWTH_NUTS2,deb1:nuts2,2002,2026-09-15T16:28:02.595641+00:00,84.3,final,2002-01-01,2002-12-31,1,2026-09-15T16:28:02.595641+00:00
VALUE_ADDED_GROWTH_NUTS2,deb1:nuts2,2003,2026-09-15T16:28:02.595641+00:00,84.0,final,2003-01-01,2003-12-31,1,2026-09-15T16:28:02.595641+00:00
VALUE_ADDED_GROWTH_NUTS2,deb1:nuts2,2004,2026-09-15T16:28:02.595641+00:00,86.0,final,2004-01-01,2004-12-31,1,2026-09-15T16:28:02.595641+00:00
VALUE_ADDED_GROWTH_NUTS2,deb1:nuts2,2005,2026-09-15T16:28:02.595641+00:00,86.2,final,2005-01-01,2005-12-31,1,2026-09-15T16:28:02.595641+00:00
VALUE_ADDED_GROWTH_NUTS2,deb1:nuts2,2006,2026-09-15T16:28:02.595641+00:00,89.5,final,2006-01-01,2006-12-31,1,2026-09-15T16:28:02.595641+00:00
VALUE_ADDED_GROWTH_NUTS2,deb1:nuts2,2007,2026-09-15T16:28:02.595641+00:00,90.9,final,2007-01-01,2007-12-31,1,2026-09-15T16:28:02.595641+00:00
VALUE_ADDED_GROWTH_NUTS2,deb1:nuts2,2008,2026-09-15T16:28:02.595641+00:00,91.1,final,2008-01-01,2008-12-31,1,2026-09-15T16:28:02.595641+00:00
VALUE_ADDED_GROWTH_NUTS2,deb1:nuts2,2009,2026-09-15T16:28:02.595641+00:00,85.6,final,2009-01-01,2009-12-31,1,2026-09-15T16:28:02.595641+00:00
VALUE_ADDED_GROWTH_NUTS2,deb1:nuts2,2010,2026-09-15T16:28:02.595641+00:00,89.3,final,2010-01-01,2010-12-31,1,2026-09-15T16:28:02.595641+00:00
VALUE_ADDED_GROWTH_NUTS2,deb1:nuts2,2011,2026-09-15T16:28:02.595641+00:00,91.6,final,2011-01-01,2011-12-31,1,2026-09-15T16:28:02.595641+00:00
VALUE_ADDED_GROWTH_NUTS2,deb1:nuts2,2012,2026-09-15T16:28:02.595641+00:00,92.2,final,2012-01-01,2012-12-31,1,2026-09-15T16:28:02.595641+00:00
VALUE_ADDED_GROWTH_NUTS2,deb1:nuts2,2013,2026-09-15T16:28:02.595641+00:00,92.5,final,2013-01-01,2013-12-31,1,2026-09-15T16:28:02.595641+00:00
VALUE_ADDED_GROWTH_NUTS2,deb1:nuts2,2014,2026-09-15T16:28:02.595641+00:00,95.7,final,2014-01-01,2014-12-31,1,2026-09-15T16:28:02.595641+00:00
VALUE_ADDED_GROWTH_NUTS2,deb1:nuts2,2015,2026-09-15T16:28:02.595641+00:00,96.4,final,2015-01-01,2015-12-31,1,2026-09-15T16:28:02.595641+00:00
VALUE_ADDED_GROWTH_NUTS2,deb1:nuts2,2016,2026-09-15T16:28:02.595641+00:00,97.3,final,2016-01-01,2016-12-31,1,2026-09-15T16:28:02.595641+00:00
VALUE_ADDED_GROWTH_NUTS2,deb1:nuts2,2017,2026-09-15T16:28:02.595641+00:00,100.7,final,2017-01-01,2017-12-31,1,2026-09-15T16:28:02.595641+00:00
VALUE_ADDED_GROWTH_NUTS2,deb1:nuts2,2018,2026-09-15T16:28:02.595641+00:00,101.6,final,2018-01-01,2018-12-31,1,2026-09-15T16:28:02.595641+00:00
VALUE_ADDED_GROWTH_NUTS2,deb1:nuts2,2019,2026-09-15T16:28:02.595641+00:00,102.5,final,2019-01-01,2019-12-31,1,2026-09-15T16:28:02.595641+00:00
VALUE_ADDED_GROWTH_NUTS2,deb1:nuts2,2020,2026-09-15T16:28:02.595641+00:00,100.0,final,2020-01-01,2020-12-31,1,2026-09-15T16:28:02.595641+00:00
VALUE_ADDED_GROWTH_NUTS2,deb1:nuts2,2021,2026-09-15T16:28:02.595641+00:00,102.1,provisional,2021-01-01,2021-12-31,1,2026-09-15T16:28:02.595641+00:00
VALUE_ADDED_GROWTH_NUTS2,deb1:nuts2,2022,2026-09-15T16:28:02.595641+00:00,105.3,provisional,2022-01-01,2022-12-31,1,2026-09-15T16:28:02.595641+00:00
VALUE_ADDED_GROWTH_NUTS2,deb1:nuts2,2023,2026-09-15T16:28:02.595641+00:00,105.0,provisional,2023-01-01,2023-12-31,1,2026-09-15T16:28:02.595641+00:00
VALUE_ADDED_GROWTH_NUTS2,deb1:nuts2,2024,2026-09-15T16:28:02.595641+00:00,104.0,estimate,2024-01-01,2024-12-31,1,2026-09-15T16:28:02.595641+00:00
VALUE_ADDED_GROWTH_NUTS2,deb2:nuts2,2000,2026-09-15T16:28:02.595641+00:00,81.6,final,2000-01-01,2000-12-31,1,2026-09-15T16:28:02.595641+00:00
VALUE_ADDED_GROWTH_NUTS2,deb2:nuts2,2001,2026-09-15T16:28:02.595641+00:00,81.4,final,2001-01-01,2001-12-31,1,2026-09-15T16:28:02.595641+00:00
VALUE_ADDED_GROWTH_NUTS2,deb2:nuts2,2002,2026-09-15T16:28:02.595641+00:00,83.4,final,2002-01-01,2002-12-31,1,2026-09-15T16:28:02.595641+00:00
VALUE_ADDED_GROWTH_NUTS2,deb2:nuts2,2003,2026-09-15T16:28:02.595641+00:00,85.1,final,2003-01-01,2003-12-31,1,2026-09-15T16:28:02.595641+00:00
VALUE_ADDED_GROWTH_NUTS2,deb2:nuts2,2004,2026-09-15T16:28:02.595641+00:00,87.2,final,2004-01-01,2004-12-31,1,2026-09-15T16:28:02.595641+00:00
VALUE_ADDED_GROWTH_NUTS2,deb2:nuts2,2005,2026-09-15T16:28:02.595641+00:00,87.2,final,2005-01-01,2005-12-31,1,2026-09-15T16:28:02.595641+00:00
VALUE_ADDED_GROWTH_NUTS2,deb2:nuts2,2006,2026-09-15T16:28:02.595641+00:00,89.7,final,2006-01-01,2006-12-31,1,2026-09-15T16:28:02.595641+00:00
VALUE_ADDED_GROWTH_NUTS2,deb2:nuts2,2007,2026-09-15T16:28:02.595641+00:00,91.7,final,2007-01-01,2007-12-31,1,2026-09-15T16:28:02.595641+00:00
VALUE_ADDED_GROWTH_NUTS2,deb2:nuts2,2008,2026-09-15T16:28:02.595641+00:00,93.0,final,2008-01-01,2008-12-31,1,2026-09-15T16:28:02.595641+00:00
VALUE_ADDED_GROWTH_NUTS2,deb2:nuts2,2009,2026-09-15T16:28:02.595641+00:00,88.2,final,2009-01-01,2009-12-31,1,2026-09-15T16:28:02.595641+00:00
VALUE_ADDED_GROWTH_NUTS2,deb2:nuts2,2010,2026-09-15T16:28:02.595641+00:00,91.5,final,2010-01-01,2010-12-31,1,2026-09-15T16:28:02.595641+00:00
VALUE_ADDED_GROWTH_NUTS2,deb2:nuts2,2011,2026-09-15T16:28:02.595641+00:00,95.6,final,2011-01-01,2011-12-31,1,2026-09-15T16:28:02.595641+00:00
VALUE_ADDED_GROWTH_NUTS2,deb2:nuts2,2012,2026-09-15T16:28:02.595641+00:00,95.3,final,2012-01-01,2012-12-31,1,2026-09-15T16:28:02.595641+00:00
VALUE_ADDED_GROWTH_NUTS2,deb2:nuts2,2013,2026-09-15T16:28:02.595641+00:00,96.5,final,2013-01-01,2013-12-31,1,2026-09-15T16:28:02.595641+00:00
VALUE_ADDED_GROWTH_NUTS2,deb2:nuts2,2014,2026-09-15T16:28:02.595641+00:00,98.1,final,2014-01-01,2014-12-31,1,2026-09-15T16:28:02.595641+00:00
VALUE_ADDED_GROWTH_NUTS2,deb2:nuts2,2015,2026-09-15T16:28:02.595641+00:00,98.8,final,2015-01-01,2015-12-31,1,2026-09-15T16:28:02.595641+00:00
VALUE_ADDED_GROWTH_NUTS2,deb2:nuts2,2016,2026-09-15T16:28:02.595641+00:00,100.8,final,2016-01-01,2016-12-31,1,2026-09-15T16:28:02.595641+00:00
VALUE_ADDED_GROWTH_NUTS2,deb2:nuts2,2017,2026-09-15T16:28:02.595641+00:00,100.5,final,2017-01-01,2017-12-31,1,2026-09-15T16:28:02.595641+00:00
VALUE_ADDED_GROWTH_NUTS2,deb2:nuts2,2018,2026-09-15T16:28:02.595641+00:00,101.8,final,2018-01-01,2018-12-31,1,2026-09-15T16:28:02.595641+00:00
VALUE_ADDED_GROWTH_NUTS2,deb2:nuts2,2019,2026-09-15T16:28:02.595641+00:00,102.6,final,2019-01-01,2019-12-31,1,2026-09-15T16:28:02.595641+00:00
VALUE_ADDED_GROWTH_NUTS2,deb2:nuts2,2020,2026-09-15T16:28:02.595641+00:00,100.0,final,2020-01-01,2020-12-31,1,2026-09-15T16:28:02.595641+00:00
VALUE_ADDED_GROWTH_NUTS2,deb2:nuts2,2021,2026-09-15T16:28:02.595641+00:00,99.9,provisional,2021-01-01,2021-12-31,1,2026-09-15T16:28:02.595641+00:00
VALUE_ADDED_GROWTH_NUTS2,deb2:nuts2,2022,2026-09-15T16:28:02.595641+00:00,102.7,provisional,2022-01-01,2022-12-31,1,2026-09-15T16:28:02.595641+00:00
VALUE_ADDED_GROWTH_NUTS2,deb2:nuts2,2023,2026-09-15T16:28:02.595641+00:00,102.1,provisional,2023-01-01,2023-12-31,1,2026-09-15T16:28:02.595641+00:00
VALUE_ADDED_GROWTH_NUTS2,deb2:nuts2,2024,2026-09-15T16:28:02.595641+00:00,101.0,estimate,2024-01-01,2024-12-31,1,2026-09-15T16:28:02.595641+00:00
VALUE_ADDED_GROWTH_NUTS2,deb3:nuts2,2000,2026-09-15T16:28:02.595641+00:00,84.8,final,2000-01-01,2000-12-31,1,2026-09-15T16:28:02.595641+00:00
VALUE_ADDED_GROWTH_NUTS2,deb3:nuts2,2001,2026-09-15T16:28:02.595641+00:00,83.6,final,2001-01-01,2001-12-31,1,2026-09-15T16:28:02.595641+00:00
VALUE_ADDED_GROWTH_NUTS2,deb3:nuts2,2002,2026-09-15T16:28:02.595641+00:00,84.3,final,2002-01-01,2002-12-31,1,2026-09-15T16:28:02.595641+00:00
VALUE_ADDED_GROWTH_NUTS2,deb3:nuts2,2003,2026-09-15T16:28:02.595641+00:00,84.0,final,2003-01-01,2003-12-31,1,2026-09-15T16:28:02.595641+00:00
VALUE_ADDED_GROWTH_NUTS2,deb3:nuts2,2004,2026-09-15T16:28:02.595641+00:00,86.7,final,2004-01-01,2004-12-31,1,2026-09-15T16:28:02.595641+00:00
VALUE_ADDED_GROWTH_NUTS2,deb3:nuts2,2005,2026-09-15T16:28:02.595641+00:00,86.5,final,2005-01-01,2005-12-31,1,2026-09-15T16:28:02.595641+00:00
VALUE_ADDED_GROWTH_NUTS2,deb3:nuts2,2006,2026-09-15T16:28:02.595641+00:00,90.3,final,2006-01-01,2006-12-31,1,2026-09-15T16:28:02.595641+00:00
VALUE_ADDED_GROWTH_NUTS2,deb3:nuts2,2007,2026-09-15T16:28:02.595641+00:00,93.4,final,2007-01-01,2007-12-31,1,2026-09-15T16:28:02.595641+00:00
VALUE_ADDED_GROWTH_NUTS2,deb3:nuts2,2008,2026-09-15T16:28:02.595641+00:00,93.6,final,2008-01-01,2008-12-31,1,2026-09-15T16:28:02.595641+00:00
VALUE_ADDED_GROWTH_NUTS2,deb3:nuts2,2009,2026-09-15T16:28:02.595641+00:00,88.8,final,2009-01-01,2009-12-31,1,2026-09-15T16:28:02.595641+00:00
VALUE_ADDED_GROWTH_NUTS2,deb3:nuts2,2010,2026-09-15T16:28:02.595641+00:00,95.0,final,2010-01-01,2010-12-31,1,2026-09-15T16:28:02.595641+00:00
VALUE_ADDED_GROWTH_NUTS2,deb3:nuts2,2011,2026-09-15T16:28:02.595641+00:00,97.4,final,2011-01-01,2011-12-31,1,2026-09-15T16:28:02.595641+00:00
VALUE_ADDED_GROWTH_NUTS2,deb3:nuts2,2012,2026-09-15T16:28:02.595641+00:00,99.2,final,2012-01-01,2012-12-31,1,2026-09-15T16:28:02.595641+00:00
VALUE_ADDED_GROWTH_NUTS2,deb3:nuts2,2013,2026-09-15T16:28:02.595641+00:00,98.8,final,2013-01-01,2013-12-31,1,2026-09-15T16:28:02.595641+00:00
VALUE_ADDED_GROWTH_NUTS2,deb3:nuts2,2014,2026-09-15T16:28:02.595641+00:00,100.6,final,2014-01-01,2014-12-31,1,2026-09-15T16:28:02.595641+00:00
VALUE_ADDED_GROWTH_NUTS2,deb3:nuts2,2015,2026-09-15T16:28:02.595641+00:00,102.9,final,2015-01-01,2015-12-31,1,2026-09-15T16:28:02.595641+00:00
VALUE_ADDED_GROWTH_NUTS2,deb3:nuts2,2016,2026-09-15T16:28:02.595641+00:00,104.4,final,2016-01-01,2016-12-31,1,2026-09-15T16:28:02.595641+00:00
VALUE_ADDED_GROWTH_NUTS2,deb3:nuts2,2017,2026-09-15T16:28:02.595641+00:00,105.2,final,2017-01-01,2017-12-31,1,2026-09-15T16:28:02.595641+00:00
VALUE_ADDED_GROWTH_NUTS2,deb3:nuts2,2018,2026-09-15T16:28:02.595641+00:00,104.8,final,2018-01-01,2018-12-31,1,2026-09-15T16:28:02.595641+00:00
VALUE_ADDED_GROWTH_NUTS2,deb3:nuts2,2019,2026-09-15T16:28:02.595641+00:00,105.1,final,2019-01-01,2019-12-31,1,2026-09-15T16:28:02.595641+00:00
VALUE_ADDED_GROWTH_NUTS2,deb3:nuts2,2020,2026-09-15T16:28:02.595641+00:00,100.0,final,2020-01-01,2020-12-31,1,2026-09-15T16:28:02.595641+00:00
VALUE_ADDED_GROWTH_NUTS2,deb3:nuts2,2021,2026-09-15T16:28:02.595641+00:00,120.5,provisional,2021-01-01,2021-12-31,1,2026-09-15T16:28:02.595641+00:00
VALUE_ADDED_GROWTH_NUTS2,deb3:nuts2,2022,2026-09-15T16:28:02.595641+00:00,118.7,provisional,2022-01-01,2022-12-31,1,2026-09-15T16:28:02.595641+00:00
VALUE_ADDED_GROWTH_NUTS2,deb3:nuts2,2023,2026-09-15T16:28:02.595641+00:00,109.2,provisional,2023-01-01,2023-12-31,1,2026-09-15T16:28:02.595641+00:00
VALUE_ADDED_GROWTH_NUTS2,deb3:nuts2,2024,2026-09-15T16:28:02.595641+00:00,107.1,estimate,2024-01-01,2024-12-31,1,2026-09-15T16:28:02.595641+00:00
VALUE_ADDED_GROWTH_NUTS2,dec0:nuts2,2000,2026-09-15T16:28:02.595641+00:00,94.5,final,2000-01-01,2000-12-31,1,2026-09-15T16:28:02.595641+00:00
VALUE_ADDED_GROWTH_NUTS2,dec0:nuts2,2001,2026-09-15T16:28:02.595641+00:00,96.7,final,2001-01-01,2001-12-31,1,2026-09-15T16:28:02.595641+00:00
VALUE_ADDED_GROWTH_NUTS2,dec0:nuts2,2002,2026-09-15T16:28:02.595641+00:00,95.3,final,2002-01-01,2002-12-31,1,2026-09-15T16:28:02.595641+00:00
VALUE_ADDED_GROWTH_NUTS2,dec0:nuts2,2003,2026-09-15T16:28:02.595641+00:00,95.2,final,2003-01-01,2003-12-31,1,2026-09-15T16:28:02.595641+00:00
VALUE_ADDED_GROWTH_NUTS2,dec0:nuts2,2004,2026-09-15T16:28:02.595641+00:00,98.6,final,2004-01-01,2004-12-31,1,2026-09-15T16:28:02.595641+00:00
VALUE_ADDED_GROWTH_NUTS2,dec0:nuts2,2005,2026-09-15T16:28:02.595641+00:00,102.2,final,2005-01-01,2005-12-31,1,2026-09-15T16:28:02.595641+00:00
VALUE_ADDED_GROWTH_NUTS2,dec0:nuts2,2006,2026-09-15T16:28:02.595641+00:00,105.5,final,2006-01-01,2006-12-31,1,2026-09-15T16:28:02.595641+00:00
VALUE_ADDED_GROWTH_NUTS2,dec0:nuts2,2007,2026-09-15T16:28:02.595641+00:00,108.2,final,2007-01-01,2007-12-31,1,2026-09-15T16:28:02.595641+00:00
VALUE_ADDED_GROWTH_NUTS2,dec0:nuts2,2008,2026-09-15T16:28:02.595641+00:00,108.5,final,2008-01-01,2008-12-31,1,2026-09-15T16:28:02.595641+00:00
VALUE_ADDED_GROWTH_NUTS2,dec0:nuts2,2009,2026-09-15T16:28:02.595641+00:00,96.4,final,2009-01-01,2009-12-31,1,2026-09-15T16:28:02.595641+00:00
VALUE_ADDED_GROWTH_NUTS2,dec0:nuts2,2010,2026-09-15T16:28:02.595641+00:00,101.7,final,2010-01-01,2010-12-31,1,2026-09-15T16:28:02.595641+00:00
VALUE_ADDED_GROWTH_NUTS2,dec0:nuts2,2011,2026-09-15T16:28:02.595641+00:00,106.0,final,2011-01-01,2011-12-31,1,2026-09-15T16:28:02.595641+00:00
VALUE_ADDED_GROWTH_NUTS2,dec0:nuts2,2012,2026-09-15T16:28:02.595641+00:00,104.6,final,2012-01-01,2012-12-31,1,2026-09-15T16:28:02.595641+00:00
VALUE_ADDED_GROWTH_NUTS2,dec0:nuts2,2013,2026-09-15T16:28:02.595641+00:00,102.0,final,2013-01-01,2013-12-31,1,2026-09-15T16:28:02.595641+00:00
VALUE_ADDED_GROWTH_NUTS2,dec0:nuts2,2014,2026-09-15T16:28:02.595641+00:00,105.3,final,2014-01-01,2014-12-31,1,2026-09-15T16:28:02.595641+00:00
VALUE_ADDED_GROWTH_NUTS2,dec0:nuts2,2015,2026-09-15T16:28:02.595641+00:00,105.6,final,2015-01-01,2015-12-31,1,2026-09-15T16:28:02.595641+00:00
VALUE_ADDED_GROWTH_NUTS2,dec0:nuts2,2016,2026-09-15T16:28:02.595641+00:00,105.8,final,2016-01-01,2016-12-31,1,2026-09-15T16:28:02.595641+00:00
VALUE_ADDED_GROWTH_NUTS2,dec0:nuts2,2017,2026-09-15T16:28:02.595641+00:00,108.5,final,2017-01-01,2017-12-31,1,2026-09-15T16:28:02.595641+00:00
VALUE_ADDED_GROWTH_NUTS2,dec0:nuts2,2018,2026-09-15T16:28:02.595641+00:00,108.0,final,2018-01-01,2018-12-31,1,2026-09-15T16:28:02.595641+00:00
VALUE_ADDED_GROWTH_NUTS2,dec0:nuts2,2019,2026-09-15T16:28:02.595641+00:00,106.4,final,2019-01-01,2019-12-31,1,2026-09-15T16:28:02.595641+00:00
VALUE_ADDED_GROWTH_NUTS2,dec0:nuts2,2020,2026-09-15T16:28:02.595641+00:00,100.0,final,2020-01-01,2020-12-31,1,2026-09-15T16:28:02.595641+00:00
VALUE_ADDED_GROWTH_NUTS2,dec0:nuts2,2021,2026-09-15T16:28:02.595641+00:00,101.9,provisional,2021-01-01,2021-12-31,1,2026-09-15T16:28:02.595641+00:00
VALUE_ADDED_GROWTH_NUTS2,dec0:nuts2,2022,2026-09-15T16:28:02.595641+00:00,106.7,provisional,2022-01-01,2022-12-31,1,2026-09-15T16:28:02.595641+00:00
VALUE_ADDED_GROWTH_NUTS2,dec0:nuts2,2023,2026-09-15T16:28:02.595641+00:00,102.0,provisional,2023-01-01,2023-12-31,1,2026-09-15T16:28:02.595641+00:00
VALUE_ADDED_GROWTH_NUTS2,dec0:nuts2,2024,2026-09-15T16:28:02.595641+00:00,99.7,estimate,2024-01-01,2024-12-31,1,2026-09-15T16:28:02.595641+00:00
VALUE_ADDED_GROWTH_NUTS2,ded2:nuts2,2000,2026-09-15T16:28:02.595641+00:00,77.1,final,2000-01-01,2000-12-31,1,2026-09-15T16:28:02.595641+00:00
VALUE_ADDED_GROWTH_NUTS2,ded2:nuts2,2001,2026-09-15T16:28:02.595641+00:00,79.2,final,2001-01-01,2001-12-31,1,2026-09-15T16:28:02.595641+00:00
VALUE_ADDED_GROWTH_NUTS2,ded2:nuts2,2002,2026-09-15T16:28:02.595641+00:00,81.7,final,2002-01-01,2002-12-31,1,2026-09-15T16:28:02.595641+00:00
VALUE_ADDED_GROWTH_NUTS2,ded2:nuts2,2003,2026-09-15T16:28:02.595641+00:00,83.7,final,2003-01-01,2003-12-31,1,2026-09-15T16:28:02.595641+00:00
VALUE_ADDED_GROWTH_NUTS2,ded2:nuts2,2004,2026-09-15T16:28:02.595641+00:00,86.0,final,2004-01-01,2004-12-31,1,2026-09-15T16:28:02.595641+00:00
VALUE_ADDED_GROWTH_NUTS2,ded2:nuts2,2005,2026-09-15T16:28:02.595641+00:00,85.5,final,2005-01-01,2005-12-31,1,2026-09-15T16:28:02.595641+00:00
VALUE_ADDED_GROWTH_NUTS2,ded2:nuts2,2006,2026-09-15T16:28:02.595641+00:00,88.2,final,2006-01-01,2006-12-31,1,2026-09-15T16:28:02.595641+00:00
VALUE_ADDED_GROWTH_NUTS2,ded2:nuts2,2007,2026-09-15T16:28:02.595641+00:00,91.0,final,2007-01-01,2007-12-31,1,2026-09-15T16:28:02.595641+00:00
VALUE_ADDED_GROWTH_NUTS2,ded2:nuts2,2008,2026-09-15T16:28:02.595641+00:00,90.1,final,2008-01-01,2008-12-31,1,2026-09-15T16:28:02.595641+00:00
VALUE_ADDED_GROWTH_NUTS2,ded2:nuts2,2009,2026-09-15T16:28:02.595641+00:00,86.2,final,2009-01-01,2009-12-31,1,2026-09-15T16:28:02.595641+00:00
VALUE_ADDED_GROWTH_NUTS2,ded2:nuts2,2010,2026-09-15T16:28:02.595641+00:00,88.7,final,2010-01-01,2010-12-31,1,2026-09-15T16:28:02.595641+00:00
VALUE_ADDED_GROWTH_NUTS2,ded2:nuts2,2011,2026-09-15T16:28:02.595641+00:00,90.5,final,2011-01-01,2011-12-31,1,2026-09-15T16:28:02.595641+00:00
VALUE_ADDED_GROWTH_NUTS2,ded2:nuts2,2012,2026-09-15T16:28:02.595641+00:00,90.7,final,2012-01-01,2012-12-31,1,2026-09-15T16:28:02.595641+00:00
VALUE_ADDED_GROWTH_NUTS2,ded2:nuts2,2013,2026-09-15T16:28:02.595641+00:00,91.3,final,2013-01-01,2013-12-31,1,2026-09-15T16:28:02.595641+00:00
VALUE_ADDED_GROWTH_NUTS2,ded2:nuts2,2014,2026-09-15T16:28:02.595641+00:00,93.7,final,2014-01-01,2014-12-31,1,2026-09-15T16:28:02.595641+00:00
VALUE_ADDED_GROWTH_NUTS2,ded2:nuts2,2015,2026-09-15T16:28:02.595641+00:00,97.4,final,2015-01-01,2015-12-31,1,2026-09-15T16:28:02.595641+00:00
VALUE_ADDED_GROWTH_NUTS2,ded2:nuts2,2016,2026-09-15T16:28:02.595641+00:00,99.0,final,2016-01-01,2016-12-31,1,2026-09-15T16:28:02.595641+00:00
VALUE_ADDED_GROWTH_NUTS2,ded2:nuts2,2017,2026-09-15T16:28:02.595641+00:00,101.3,final,2017-01-01,2017-12-31,1,2026-09-15T16:28:02.595641+00:00
VALUE_ADDED_GROWTH_NUTS2,ded2:nuts2,2018,2026-09-15T16:28:02.595641+00:00,102.9,final,2018-01-01,2018-12-31,1,2026-09-15T16:28:02.595641+00:00
VALUE_ADDED_GROWTH_NUTS2,ded2:nuts2,2019,2026-09-15T16:28:02.595641+00:00,104.2,final,2019-01-01,2019-12-31,1,2026-09-15T16:28:02.595641+00:00
VALUE_ADDED_GROWTH_NUTS2,ded2:nuts2,2020,2026-09-15T16:28:02.595641+00:00,100.0,final,2020-01-01,2020-12-31,1,2026-09-15T16:28:02.595641+00:00
VALUE_ADDED_GROWTH_NUTS2,ded2:nuts2,2021,2026-09-15T16:28:02.595641+00:00,102.4,provisional,2021-01-01,2021-12-31,1,2026-09-15T16:28:02.595641+00:00
VALUE_ADDED_GROWTH_NUTS2,ded2:nuts2,2022,2026-09-15T16:28:02.595641+00:00,105.6,provisional,2022-01-01,2022-12-31,1,2026-09-15T16:28:02.595641+00:00
VALUE_ADDED_GROWTH_NUTS2,ded2:nuts2,2023,2026-09-15T16:28:02.595641+00:00,104.1,provisional,2023-01-01,2023-12-31,1,2026-09-15T16:28:02.595641+00:00
VALUE_ADDED_GROWTH_NUTS2,ded2:nuts2,2024,2026-09-15T16:28:02.595641+00:00,103.3,estimate,2024-01-01,2024-12-31,1,2026-09-15T16:28:02.595641+00:00
VALUE_ADDED_GROWTH_NUTS2,ded4:nuts2,2000,2026-09-15T16:28:02.595641+00:00,88.0,final,2000-01-01,2000-12-31,1,2026-09-15T16:28:02.595641+00:00
VALUE_ADDED_GROWTH_NUTS2,ded4:nuts2,2001,2026-09-15T16:28:02.595641+00:00,88.7,final,2001-01-01,2001-12-31,1,2026-09-15T16:28:02.595641+00:00
VALUE_ADDED_GROWTH_NUTS2,ded4:nuts2,2002,2026-09-15T16:28:02.595641+00:00,89.9,final,2002-01-01,2002-12-31,1,2026-09-15T16:28:02.595641+00:00
VALUE_ADDED_GROWTH_NUTS2,ded4:nuts2,2003,2026-09-15T16:28:02.595641+00:00,90.6,final,2003-01-01,2003-12-31,1,2026-09-15T16:28:02.595641+00:00
VALUE_ADDED_GROWTH_NUTS2,ded4:nuts2,2004,2026-09-15T16:28:02.595641+00:00,92.4,final,2004-01-01,2004-12-31,1,2026-09-15T16:28:02.595641+00:00
VALUE_ADDED_GROWTH_NUTS2,ded4:nuts2,2005,2026-09-15T16:28:02.595641+00:00,92.0,final,2005-01-01,2005-12-31,1,2026-09-15T16:28:02.595641+00:00
VALUE_ADDED_GROWTH_NUTS2,ded4:nuts2,2006,2026-09-15T16:28:02.595641+00:00,96.9,final,2006-01-01,2006-12-31,1,2026-09-15T16:28:02.595641+00:00
VALUE_ADDED_GROWTH_NUTS2,ded4:nuts2,2007,2026-09-15T16:28:02.595641+00:00,99.5,final,2007-01-01,2007-12-31,1,2026-09-15T16:28:02.595641+00:00
VALUE_ADDED_GROWTH_NUTS2,ded4:nuts2,2008,2026-09-15T16:28:02.595641+00:00,99.3,final,2008-01-01,2008-12-31,1,2026-09-15T16:28:02.595641+00:00
VALUE_ADDED_GROWTH_NUTS2,ded4:nuts2,2009,2026-09-15T16:28:02.595641+00:00,92.9,final,2009-01-01,2009-12-31,1,2026-09-15T16:28:02.595641+00:00
VALUE_ADDED_GROWTH_NUTS2,ded4:nuts2,2010,2026-09-15T16:28:02.595641+00:00,96.8,final,2010-01-01,2010-12-31,1,2026-09-15T16:28:02.595641+00:00
VALUE_ADDED_GROWTH_NUTS2,ded4:nuts2,2011,2026-09-15T16:28:02.595641+00:00,99.6,final,2011-01-01,2011-12-31,1,2026-09-15T16:28:02.595641+00:00
VALUE_ADDED_GROWTH_NUTS2,ded4:nuts2,2012,2026-09-15T16:28:02.595641+00:00,98.9,final,2012-01-01,2012-12-31,1,2026-09-15T16:28:02.595641+00:00
VALUE_ADDED_GROWTH_NUTS2,ded4:nuts2,2013,2026-09-15T16:28:02.595641+00:00,97.3,final,2013-01-01,2013-12-31,1,2026-09-15T16:28:02.595641+00:00
VALUE_ADDED_GROWTH_NUTS2,ded4:nuts2,2014,2026-09-15T16:28:02.595641+00:00,100.1,final,2014-01-01,2014-12-31,1,2026-09-15T16:28:02.595641+00:00
VALUE_ADDED_GROWTH_NUTS2,ded4:nuts2,2015,2026-09-15T16:28:02.595641+00:00,101.3,final,2015-01-01,2015-12-31,1,2026-09-15T16:28:02.595641+00:00
VALUE_ADDED_GROWTH_NUTS2,ded4:nuts2,2016,2026-09-15T16:28:02.595641+00:00,103.0,final,2016-01-01,2016-12-31,1,2026-09-15T16:28:02.595641+00:00
VALUE_ADDED_GROWTH_NUTS2,ded4:nuts2,2017,2026-09-15T16:28:02.595641+00:00,104.8,final,2017-01-01,2017-12-31,1,2026-09-15T16:28:02.595641+00:00
VALUE_ADDED_GROWTH_NUTS2,ded4:nuts2,2018,2026-09-15T16:28:02.595641+00:00,105.2,final,2018-01-01,2018-12-31,1,2026-09-15T16:28:02.595641+00:00
VALUE_ADDED_GROWTH_NUTS2,ded4:nuts2,2019,2026-09-15T16:28:02.595641+00:00,105.3,final,2019-01-01,2019-12-31,1,2026-09-15T16:28:02.595641+00:00
VALUE_ADDED_GROWTH_NUTS2,ded4:nuts2,2020,2026-09-15T16:28:02.595641+00:00,100.0,final,2020-01-01,2020-12-31,1,2026-09-15T16:28:02.595641+00:00
VALUE_ADDED_GROWTH_NUTS2,ded4:nuts2,2021,2026-09-15T16:28:02.595641+00:00,102.6,provisional,2021-01-01,2021-12-31,1,2026-09-15T16:28:02.595641+00:00
VALUE_ADDED_GROWTH_NUTS2,ded4:nuts2,2022,2026-09-15T16:28:02.595641+00:00,104.4,provisional,2022-01-01,2022-12-31,1,2026-09-15T16:28:02.595641+00:00
VALUE_ADDED_GROWTH_NUTS2,ded4:nuts2,2023,2026-09-15T16:28:02.595641+00:00,105.0,provisional,2023-01-01,2023-12-31,1,2026-09-15T16:28:02.595641+00:00
VALUE_ADDED_GROWTH_NUTS2,ded4:nuts2,2024,2026-09-15T16:28:02.595641+00:00,103.8,estimate,2024-01-01,2024-12-31,1,2026-09-15T16:28:02.595641+00:00
VALUE_ADDED_GROWTH_NUTS2,ded5:nuts2,2000,2026-09-15T16:28:02.595641+00:00,69.5,final,2000-01-01,2000-12-31,1,2026-09-15T16:28:02.595641+00:00
VALUE_ADDED_GROWTH_NUTS2,ded5:nuts2,2001,2026-09-15T16:28:02.595641+00:00,70.6,final,2001-01-01,2001-12-31,1,2026-09-15T16:28:02.595641+00:00
VALUE_ADDED_GROWTH_NUTS2,ded5:nuts2,2002,2026-09-15T16:28:02.595641+00:00,71.9,final,2002-01-01,2002-12-31,1,2026-09-15T16:28:02.595641+00:00
VALUE_ADDED_GROWTH_NUTS2,ded5:nuts2,2003,2026-09-15T16:28:02.595641+00:00,72.1,final,2003-01-01,2003-12-31,1,2026-09-15T16:28:02.595641+00:00
VALUE_ADDED_GROWTH_NUTS2,ded5:nuts2,2004,2026-09-15T16:28:02.595641+00:00,72.9,final,2004-01-01,2004-12-31,1,2026-09-15T16:28:02.595641+00:00
VALUE_ADDED_GROWTH_NUTS2,ded5:nuts2,2005,2026-09-15T16:28:02.595641+00:00,72.8,final,2005-01-01,2005-12-31,1,2026-09-15T16:28:02.595641+00:00
VALUE_ADDED_GROWTH_NUTS2,ded5:nuts2,2006,2026-09-15T16:28:02.595641+00:00,77.3,final,2006-01-01,2006-12-31,1,2026-09-15T16:28:02.595641+00:00
VALUE_ADDED_GROWTH_NUTS2,ded5:nuts2,2007,2026-09-15T16:28:02.595641+00:00,79.9,final,2007-01-01,2007-12-31,1,2026-09-15T16:28:02.595641+00:00
VALUE_ADDED_GROWTH_NUTS2,ded5:nuts2,2008,2026-09-15T16:28:02.595641+00:00,81.1,final,2008-01-01,2008-12-31,1,2026-09-15T16:28:02.595641+00:00
VALUE_ADDED_GROWTH_NUTS2,ded5:nuts2,2009,2026-09-15T16:28:02.595641+00:00,79.0,final,2009-01-01,2009-12-31,1,2026-09-15T16:28:02.595641+00:00
VALUE_ADDED_GROWTH_NUTS2,ded5:nuts2,2010,2026-09-15T16:28:02.595641+00:00,81.9,final,2010-01-01,2010-12-31,1,2026-09-15T16:28:02.595641+00:00
VALUE_ADDED_GROWTH_NUTS2,ded5:nuts2,2011,2026-09-15T16:28:02.595641+00:00,86.1,final,2011-01-01,2011-12-31,1,2026-09-15T16:28:02.595641+00:00
VALUE_ADDED_GROWTH_NUTS2,ded5:nuts2,2012,2026-09-15T16:28:02.595641+00:00,88.6,final,2012-01-01,2012-12-31,1,2026-09-15T16:28:02.595641+00:00
VALUE_ADDED_GROWTH_NUTS2,ded5:nuts2,2013,2026-09-15T16:28:02.595641+00:00,90.0,final,2013-01-01,2013-12-31,1,2026-09-15T16:28:02.595641+00:00
VALUE_ADDED_GROWTH_NUTS2,ded5:nuts2,2014,2026-09-15T16:28:02.595641+00:00,93.3,final,2014-01-01,2014-12-31,1,2026-09-15T16:28:02.595641+00:00
VALUE_ADDED_GROWTH_NUTS2,ded5:nuts2,2015,2026-09-15T16:28:02.595641+00:00,95.0,final,2015-01-01,2015-12-31,1,2026-09-15T16:28:02.595641+00:00
VALUE_ADDED_GROWTH_NUTS2,ded5:nuts2,2016,2026-09-15T16:28:02.595641+00:00,97.7,final,2016-01-01,2016-12-31,1,2026-09-15T16:28:02.595641+00:00
VALUE_ADDED_GROWTH_NUTS2,ded5:nuts2,2017,2026-09-15T16:28:02.595641+00:00,101.2,final,2017-01-01,2017-12-31,1,2026-09-15T16:28:02.595641+00:00
VALUE_ADDED_GROWTH_NUTS2,ded5:nuts2,2018,2026-09-15T16:28:02.595641+00:00,102.2,final,2018-01-01,2018-12-31,1,2026-09-15T16:28:02.595641+00:00
VALUE_ADDED_GROWTH_NUTS2,ded5:nuts2,2019,2026-09-15T16:28:02.595641+00:00,104.2,final,2019-01-01,2019-12-31,1,2026-09-15T16:28:02.595641+00:00
VALUE_ADDED_GROWTH_NUTS2,ded5:nuts2,2020,2026-09-15T16:28:02.595641+00:00,100.0,final,2020-01-01,2020-12-31,1,2026-09-15T16:28:02.595641+00:00
VALUE_ADDED_GROWTH_NUTS2,ded5:nuts2,2021,2026-09-15T16:28:02.595641+00:00,105.3,provisional,2021-01-01,2021-12-31,1,2026-09-15T16:28:02.595641+00:00
VALUE_ADDED_GROWTH_NUTS2,ded5:nuts2,2022,2026-09-15T16:28:02.595641+00:00,109.0,provisional,2022-01-01,2022-12-31,1,2026-09-15T16:28:02.595641+00:00
VALUE_ADDED_GROWTH_NUTS2,ded5:nuts2,2023,2026-09-15T16:28:02.595641+00:00,109.2,provisional,2023-01-01,2023-12-31,1,2026-09-15T16:28:02.595641+00:00
VALUE_ADDED_GROWTH_NUTS2,ded5:nuts2,2024,2026-09-15T16:28:02.595641+00:00,108.7,estimate,2024-01-01,2024-12-31,1,2026-09-15T16:28:02.595641+00:00
VALUE_ADDED_GROWTH_NUTS2,dee0:nuts2,2000,2026-09-15T16:28:02.595641+00:00,90.3,final,2000-01-01,2000-12-31,1,2026-09-15T16:28:02.595641+00:00
VALUE_ADDED_GROWTH_NUTS2,dee0:nuts2,2001,2026-09-15T16:28:02.595641+00:00,89.8,final,2001-01-01,2001-12-31,1,2026-09-15T16:28:02.595641+00:00
VALUE_ADDED_GROWTH_NUTS2,dee0:nuts2,2002,2026-09-15T16:28:02.595641+00:00,91.9,final,2002-01-01,2002-12-31,1,2026-09-15T16:28:02.595641+00:00
VALUE_ADDED_GROWTH_NUTS2,dee0:nuts2,2003,2026-09-15T16:28:02.595641+00:00,91.8,final,2003-01-01,2003-12-31,1,2026-09-15T16:28:02.595641+00:00
VALUE_ADDED_GROWTH_NUTS2,dee0:nuts2,2004,2026-09-15T16:28:02.595641+00:00,92.9,final,2004-01-01,2004-12-31,1,2026-09-15T16:28:02.595641+00:00
VALUE_ADDED_GROWTH_NUTS2,dee0:nuts2,2005,2026-09-15T16:28:02.595641+00:00,92.3,final,2005-01-01,2005-12-31,1,2026-09-15T16:28:02.595641+00:00
VALUE_ADDED_GROWTH_NUTS2,dee0:nuts2,2006,2026-09-15T16:28:02.595641+00:00,95.8,final,2006-01-01,2006-12-31,1,2026-09-15T16:28:02.595641+00:00
VALUE_ADDED_GROWTH_NUTS2,dee0:nuts2,2007,2026-09-15T16:28:02.595641+00:00,97.8,final,2007-01-01,2007-12-31,1,2026-09-15T16:28:02.595641+00:00
VALUE_ADDED_GROWTH_NUTS2,dee0:nuts2,2008,2026-09-15T16:28:02.595641+00:00,98.0,final,2008-01-01,2008-12-31,1,2026-09-15T16:28:02.595641+00:00
VALUE_ADDED_GROWTH_NUTS2,dee0:nuts2,2009,2026-09-15T16:28:02.595641+00:00,92.1,final,2009-01-01,2009-12-31,1,2026-09-15T16:28:02.595641+00:00
VALUE_ADDED_GROWTH_NUTS2,dee0:nuts2,2010,2026-09-15T16:28:02.595641+00:00,96.8,final,2010-01-01,2010-12-31,1,2026-09-15T16:28:02.595641+00:00
VALUE_ADDED_GROWTH_NUTS2,dee0:nuts2,2011,2026-09-15T16:28:02.595641+00:00,96.5,final,2011-01-01,2011-12-31,1,2026-09-15T16:28:02.595641+00:00
VALUE_ADDED_GROWTH_NUTS2,dee0:nuts2,2012,2026-09-15T16:28:02.595641+00:00,98.9,final,2012-01-01,2012-12-31,1,2026-09-15T16:28:02.595641+00:00
VALUE_ADDED_GROWTH_NUTS2,dee0:nuts2,2013,2026-09-15T16:28:02.595641+00:00,97.7,final,2013-01-01,2013-12-31,1,2026-09-15T16:28:02.595641+00:00
VALUE_ADDED_GROWTH_NUTS2,dee0:nuts2,2014,2026-09-15T16:28:02.595641+00:00,98.8,final,2014-01-01,2014-12-31,1,2026-09-15T16:28:02.595641+00:00
VALUE_ADDED_GROWTH_NUTS2,dee0:nuts2,2015,2026-09-15T16:28:02.595641+00:00,99.0,final,2015-01-01,2015-12-31,1,2026-09-15T16:28:02.595641+00:00
VALUE_ADDED_GROWTH_NUTS2,dee0:nuts2,2016,2026-09-15T16:28:02.595641+00:00,100.7,final,2016-01-01,2016-12-31,1,2026-09-15T16:28:02.595641+00:00
VALUE_ADDED_GROWTH_NUTS2,dee0:nuts2,2017,2026-09-15T16:28:02.595641+00:00,102.3,final,2017-01-01,2017-12-31,1,2026-09-15T16:28:02.595641+00:00
VALUE_ADDED_GROWTH_NUTS2,dee0:nuts2,2018,2026-09-15T16:28:02.595641+00:00,101.8,final,2018-01-01,2018-12-31,1,2026-09-15T16:28:02.595641+00:00
VALUE_ADDED_GROWTH_NUTS2,dee0:nuts2,2019,2026-09-15T16:28:02.595641+00:00,103.6,final,2019-01-01,2019-12-31,1,2026-09-15T16:28:02.595641+00:00
VALUE_ADDED_GROWTH_NUTS2,dee0:nuts2,2020,2026-09-15T16:28:02.595641+00:00,100.0,final,2020-01-01,2020-12-31,1,2026-09-15T16:28:02.595641+00:00
VALUE_ADDED_GROWTH_NUTS2,dee0:nuts2,2021,2026-09-15T16:28:02.595641+00:00,102.0,provisional,2021-01-01,2021-12-31,1,2026-09-15T16:28:02.595641+00:00
VALUE_ADDED_GROWTH_NUTS2,dee0:nuts2,2022,2026-09-15T16:28:02.595641+00:00,102.6,provisional,2022-01-01,2022-12-31,1,2026-09-15T16:28:02.595641+00:00
VALUE_ADDED_GROWTH_NUTS2,dee0:nuts2,2023,2026-09-15T16:28:02.595641+00:00,99.2,provisional,2023-01-01,2023-12-31,1,2026-09-15T16:28:02.595641+00:00
VALUE_ADDED_GROWTH_NUTS2,dee0:nuts2,2024,2026-09-15T16:28:02.595641+00:00,97.9,estimate,2024-01-01,2024-12-31,1,2026-09-15T16:28:02.595641+00:00
VALUE_ADDED_GROWTH_NUTS2,def0:nuts2,2000,2026-09-15T16:28:02.595641+00:00,83.6,final,2000-01-01,2000-12-31,1,2026-09-15T16:28:02.595641+00:00
VALUE_ADDED_GROWTH_NUTS2,def0:nuts2,2001,2026-09-15T16:28:02.595641+00:00,84.9,final,2001-01-01,2001-12-31,1,2026-09-15T16:28:02.595641+00:00
VALUE_ADDED_GROWTH_NUTS2,def0:nuts2,2002,2026-09-15T16:28:02.595641+00:00,83.5,final,2002-01-01,2002-12-31,1,2026-09-15T16:28:02.595641+00:00
VALUE_ADDED_GROWTH_NUTS2,def0:nuts2,2003,2026-09-15T16:28:02.595641+00:00,83.2,final,2003-01-01,2003-12-31,1,2026-09-15T16:28:02.595641+00:00
VALUE_ADDED_GROWTH_NUTS2,def0:nuts2,2004,2026-09-15T16:28:02.595641+00:00,84.8,final,2004-01-01,2004-12-31,1,2026-09-15T16:28:02.595641+00:00
VALUE_ADDED_GROWTH_NUTS2,def0:nuts2,2005,2026-09-15T16:28:02.595641+00:00,85.1,final,2005-01-01,2005-12-31,1,2026-09-15T16:28:02.595641+00:00
VALUE_ADDED_GROWTH_NUTS2,def0:nuts2,2006,2026-09-15T16:28:02.595641+00:00,87.4,final,2006-01-01,2006-12-31,1,2026-09-15T16:28:02.595641+00:00
VALUE_ADDED_GROWTH_NUTS2,def0:nuts2,2007,2026-09-15T16:28:02.595641+00:00,88.6,final,2007-01-01,2007-12-31,1,2026-09-15T16:28:02.595641+00:00
VALUE_ADDED_GROWTH_NUTS2,def0:nuts2,2008,2026-09-15T16:28:02.595641+00:00,90.9,final,2008-01-01,2008-12-31,1,2026-09-15T16:28:02.595641+00:00
VALUE_ADDED_GROWTH_NUTS2,def0:nuts2,2009,2026-09-15T16:28:02.595641+00:00,87.1,final,2009-01-01,2009-12-31,1,2026-09-15T16:28:02.595641+00:00
VALUE_ADDED_GROWTH_NUTS2,def0:nuts2,2010,2026-09-15T16:28:02.595641+00:00,88.3,final,2010-01-01,2010-12-31,1,2026-09-15T16:28:02.595641+00:00
VALUE_ADDED_GROWTH_NUTS2,def0:nuts2,2011,2026-09-15T16:28:02.595641+00:00,90.7,final,2011-01-01,2011-12-31,1,2026-09-15T16:28:02.595641+00:00
VALUE_ADDED_GROWTH_NUTS2,def0:nuts2,2012,2026-09-15T16:28:02.595641+00:00,93.0,final,2012-01-01,2012-12-31,1,2026-09-15T16:28:02.595641+00:00
VALUE_ADDED_GROWTH_NUTS2,def0:nuts2,2013,2026-09-15T16:28:02.595641+00:00,92.1,final,2013-01-01,2013-12-31,1,2026-09-15T16:28:02.595641+00:00
VALUE_ADDED_GROWTH_NUTS2,def0:nuts2,2014,2026-09-15T16:28:02.595641+00:00,93.6,final,2014-01-01,2014-12-31,1,2026-09-15T16:28:02.595641+00:00
VALUE_ADDED_GROWTH_NUTS2,def0:nuts2,2015,2026-09-15T16:28:02.595641+00:00,94.3,final,2015-01-01,2015-12-31,1,2026-09-15T16:28:02.595641+00:00
VALUE_ADDED_GROWTH_NUTS2,def0:nuts2,2016,2026-09-15T16:28:02.595641+00:00,96.5,final,2016-01-01,2016-12-31,1,2026-09-15T16:28:02.595641+00:00
VALUE_ADDED_GROWTH_NUTS2,def0:nuts2,2017,2026-09-15T16:28:02.595641+00:00,99.7,final,2017-01-01,2017-12-31,1,2026-09-15T16:28:02.595641+00:00
VALUE_ADDED_GROWTH_NUTS2,def0:nuts2,2018,2026-09-15T16:28:02.595641+00:00,100.5,final,2018-01-01,2018-12-31,1,2026-09-15T16:28:02.595641+00:00
VALUE_ADDED_GROWTH_NUTS2,def0:nuts2,2019,2026-09-15T16:28:02.595641+00:00,102.5,final,2019-01-01,2019-12-31,1,2026-09-15T16:28:02.595641+00:00
VALUE_ADDED_GROWTH_NUTS2,def0:nuts2,2020,2026-09-15T16:28:02.595641+00:00,100.0,final,2020-01-01,2020-12-31,1,2026-09-15T16:28:02.595641+00:00
VALUE_ADDED_GROWTH_NUTS2,def0:nuts2,2021,2026-09-15T16:28:02.595641+00:00,100.4,provisional,2021-01-01,2021-12-31,1,2026-09-15T16:28:02.595641+00:00
VALUE_ADDED_GROWTH_NUTS2,def0:nuts2,2022,2026-09-15T16:28:02.595641+00:00,102.5,provisional,2022-01-01,2022-12-31,1,2026-09-15T16:28:02.595641+00:00
VALUE_ADDED_GROWTH_NUTS2,def0:nuts2,2023,2026-09-15T16:28:02.595641+00:00,101.1,provisional,2023-01-01,2023-12-31,1,2026-09-15T16:28:02.595641+00:00
VALUE_ADDED_GROWTH_NUTS2,def0:nuts2,2024,2026-09-15T16:28:02.595641+00:00,102.0,estimate,2024-01-01,2024-12-31,1,2026-09-15T16:28:02.595641+00:00
VALUE_ADDED_GROWTH_NUTS2,deg0:nuts2,2000,2026-09-15T16:28:02.595641+00:00,82.6,final,2000-01-01,2000-12-31,1,2026-09-15T16:28:02.595641+00:00
VALUE_ADDED_GROWTH_NUTS2,deg0:nuts2,2001,2026-09-15T16:28:02.595641+00:00,83.5,final,2001-01-01,2001-12-31,1,2026-09-15T16:28:02.595641+00:00
VALUE_ADDED_GROWTH_NUTS2,deg0:nuts2,2002,2026-09-15T16:28:02.595641+00:00,83.7,final,2002-01-01,2002-12-31,1,2026-09-15T16:28:02.595641+00:00
VALUE_ADDED_GROWTH_NUTS2,deg0:nuts2,2003,2026-09-15T16:28:02.595641+00:00,85.1,final,2003-01-01,2003-12-31,1,2026-09-15T16:28:02.595641+00:00
VALUE_ADDED_GROWTH_NUTS2,deg0:nuts2,2004,2026-09-15T16:28:02.595641+00:00,86.7,final,2004-01-01,2004-12-31,1,2026-09-15T16:28:02.595641+00:00
VALUE_ADDED_GROWTH_NUTS2,deg0:nuts2,2005,2026-09-15T16:28:02.595641+00:00,86.4,final,2005-01-01,2005-12-31,1,2026-09-15T16:28:02.595641+00:00
VALUE_ADDED_GROWTH_NUTS2,deg0:nuts2,2006,2026-09-15T16:28:02.595641+00:00,89.7,final,2006-01-01,2006-12-31,1,2026-09-15T16:28:02.595641+00:00
VALUE_ADDED_GROWTH_NUTS2,deg0:nuts2,2007,2026-09-15T16:28:02.595641+00:00,91.9,final,2007-01-01,2007-12-31,1,2026-09-15T16:28:02.595641+00:00
VALUE_ADDED_GROWTH_NUTS2,deg0:nuts2,2008,2026-09-15T16:28:02.595641+00:00,91.7,final,2008-01-01,2008-12-31,1,2026-09-15T16:28:02.595641+00:00
VALUE_ADDED_GROWTH_NUTS2,deg0:nuts2,2009,2026-09-15T16:28:02.595641+00:00,86.5,final,2009-01-01,2009-12-31,1,2026-09-15T16:28:02.595641+00:00
VALUE_ADDED_GROWTH_NUTS2,deg0:nuts2,2010,2026-09-15T16:28:02.595641+00:00,91.0,final,2010-01-01,2010-12-31,1,2026-09-15T16:28:02.595641+00:00
VALUE_ADDED_GROWTH_NUTS2,deg0:nuts2,2011,2026-09-15T16:28:02.595641+00:00,95.0,final,2011-01-01,2011-12-31,1,2026-09-15T16:28:02.595641+00:00
VALUE_ADDED_GROWTH_NUTS2,deg0:nuts2,2012,2026-09-15T16:28:02.595641+00:00,94.8,final,2012-01-01,2012-12-31,1,2026-09-15T16:28:02.595641+00:00
VALUE_ADDED_GROWTH_NUTS2,deg0:nuts2,2013,2026-09-15T16:28:02.595641+00:00,95.9,final,2013-01-01,2013-12-31,1,2026-09-15T16:28:02.595641+00:00
VALUE_ADDED_GROWTH_NUTS2,deg0:nuts2,2014,2026-09-15T16:28:02.595641+00:00,99.4,final,2014-01-01,2014-12-31,1,2026-09-15T16:28:02.595641+00:00
VALUE_ADDED_GROWTH_NUTS2,deg0:nuts2,2015,2026-09-15T16:28:02.595641+00:00,100.3,final,2015-01-01,2015-12-31,1,2026-09-15T16:28:02.595641+00:00
VALUE_ADDED_GROWTH_NUTS2,deg0:nuts2,2016,2026-09-15T16:28:02.595641+00:00,102.0,final,2016-01-01,2016-12-31,1,2026-09-15T16:28:02.595641+00:00
VALUE_ADDED_GROWTH_NUTS2,deg0:nuts2,2017,2026-09-15T16:28:02.595641+00:00,103.9,final,2017-01-01,2017-12-31,1,2026-09-15T16:28:02.595641+00:00
VALUE_ADDED_GROWTH_NUTS2,deg0:nuts2,2018,2026-09-15T16:28:02.595641+00:00,103.9,final,2018-01-01,2018-12-31,1,2026-09-15T16:28:02.595641+00:00
VALUE_ADDED_GROWTH_NUTS2,deg0:nuts2,2019,2026-09-15T16:28:02.595641+00:00,103.7,final,2019-01-01,2019-12-31,1,2026-09-15T16:28:02.595641+00:00
VALUE_ADDED_GROWTH_NUTS2,deg0:nuts2,2020,2026-09-15T16:28:02.595641+00:00,100.0,final,2020-01-01,2020-12-31,1,2026-09-15T16:28:02.595641+00:00
VALUE_ADDED_GROWTH_NUTS2,deg0:nuts2,2021,2026-09-15T16:28:02.595641+00:00,102.9,provisional,2021-01-01,2021-12-31,1,2026-09-15T16:28:02.595641+00:00
VALUE_ADDED_GROWTH_NUTS2,deg0:nuts2,2022,2026-09-15T16:28:02.595641+00:00,104.6,provisional,2022-01-01,2022-12-31,1,2026-09-15T16:28:02.595641+00:00
VALUE_ADDED_GROWTH_NUTS2,deg0:nuts2,2023,2026-09-15T16:28:02.595641+00:00,104.1,provisional,2023-01-01,2023-12-31,1,2026-09-15T16:28:02.595641+00:00
VALUE_ADDED_GROWTH_NUTS2,deg0:nuts2,2024,2026-09-15T16:28:02.595641+00:00,102.3,estimate,2024-01-01,2024-12-31,1,2026-09-15T16:28:02.595641+00:00
VALUE_ADDED_GROWTH_NUTS2,dk01:nuts2,2000,2026-09-15T16:28:02.595641+00:00,71.2,final,2000-01-01,2000-12-31,1,2026-09-15T16:28:02.595641+00:00
VALUE_ADDED_GROWTH_NUTS2,dk01:nuts2,2001,2026-09-15T16:28:02.595641+00:00,72.6,final,2001-01-01,2001-12-31,1,2026-09-15T16:28:02.595641+00:00
VALUE_ADDED_GROWTH_NUTS2,dk01:nuts2,2002,2026-09-15T16:28:02.595641+00:00,71.4,final,2002-01-01,2002-12-31,1,2026-09-15T16:28:02.595641+00:00
VALUE_ADDED_GROWTH_NUTS2,dk01:nuts2,2003,2026-09-15T16:28:02.595641+00:00,72.1,final,2003-01-01,2003-12-31,1,2026-09-15T16:28:02.595641+00:00
VALUE_ADDED_GROWTH_NUTS2,dk01:nuts2,2004,2026-09-15T16:28:02.595641+00:00,74.3,final,2004-01-01,2004-12-31,1,2026-09-15T16:28:02.595641+00:00
VALUE_ADDED_GROWTH_NUTS2,dk01:nuts2,2005,2026-09-15T16:28:02.595641+00:00,77.6,final,2005-01-01,2005-12-31,1,2026-09-15T16:28:02.595641+00:00
VALUE_ADDED_GROWTH_NUTS2,dk01:nuts2,2006,2026-09-15T16:28:02.595641+00:00,79.0,final,2006-01-01,2006-12-31,1,2026-09-15T16:28:02.595641+00:00
VALUE_ADDED_GROWTH_NUTS2,dk01:nuts2,2007,2026-09-15T16:28:02.595641+00:00,79.8,final,2007-01-01,2007-12-31,1,2026-09-15T16:28:02.595641+00:00
VALUE_ADDED_GROWTH_NUTS2,dk01:nuts2,2008,2026-09-15T16:28:02.595641+00:00,81.3,final,2008-01-01,2008-12-31,1,2026-09-15T16:28:02.595641+00:00
VALUE_ADDED_GROWTH_NUTS2,dk01:nuts2,2009,2026-09-15T16:28:02.595641+00:00,78.5,final,2009-01-01,2009-12-31,1,2026-09-15T16:28:02.595641+00:00
VALUE_ADDED_GROWTH_NUTS2,dk01:nuts2,2010,2026-09-15T16:28:02.595641+00:00,81.2,final,2010-01-01,2010-12-31,1,2026-09-15T16:28:02.595641+00:00
VALUE_ADDED_GROWTH_NUTS2,dk01:nuts2,2011,2026-09-15T16:28:02.595641+00:00,82.6,final,2011-01-01,2011-12-31,1,2026-09-15T16:28:02.595641+00:00
VALUE_ADDED_GROWTH_NUTS2,dk01:nuts2,2012,2026-09-15T16:28:02.595641+00:00,84.2,final,2012-01-01,2012-12-31,1,2026-09-15T16:28:02.595641+00:00
VALUE_ADDED_GROWTH_NUTS2,dk01:nuts2,2013,2026-09-15T16:28:02.595641+00:00,86.6,final,2013-01-01,2013-12-31,1,2026-09-15T16:28:02.595641+00:00
VALUE_ADDED_GROWTH_NUTS2,dk01:nuts2,2014,2026-09-15T16:28:02.595641+00:00,88.5,final,2014-01-01,2014-12-31,1,2026-09-15T16:28:02.595641+00:00
VALUE_ADDED_GROWTH_NUTS2,dk01:nuts2,2015,2026-09-15T16:28:02.595641+00:00,91.6,final,2015-01-01,2015-12-31,1,2026-09-15T16:28:02.595641+00:00
VALUE_ADDED_GROWTH_NUTS2,dk01:nuts2,2016,2026-09-15T16:28:02.595641+00:00,95.1,final,2016-01-01,2016-12-31,1,2026-09-15T16:28:02.595641+00:00
VALUE_ADDED_GROWTH_NUTS2,dk01:nuts2,2017,2026-09-15T16:28:02.595641+00:00,98.9,final,2017-01-01,2017-12-31,1,2026-09-15T16:28:02.595641+00:00
VALUE_ADDED_GROWTH_NUTS2,dk01:nuts2,2018,2026-09-15T16:28:02.595641+00:00,101.6,final,2018-01-01,2018-12-31,1,2026-09-15T16:28:02.595641+00:00
VALUE_ADDED_GROWTH_NUTS2,dk01:nuts2,2019,2026-09-15T16:28:02.595641+00:00,102.9,final,2019-01-01,2019-12-31,1,2026-09-15T16:28:02.595641+00:00
VALUE_ADDED_GROWTH_NUTS2,dk01:nuts2,2020,2026-09-15T16:28:02.595641+00:00,100.0,final,2020-01-01,2020-12-31,1,2026-09-15T16:28:02.595641+00:00
VALUE_ADDED_GROWTH_NUTS2,dk01:nuts2,2021,2026-09-15T16:28:02.595641+00:00,107.2,final,2021-01-01,2021-12-31,1,2026-09-15T16:28:02.595641+00:00
VALUE_ADDED_GROWTH_NUTS2,dk01:nuts2,2022,2026-09-15T16:28:02.595641+00:00,110.8,final,2022-01-01,2022-12-31,1,2026-09-15T16:28:02.595641+00:00
VALUE_ADDED_GROWTH_NUTS2,dk01:nuts2,2023,2026-09-15T16:28:02.595641+00:00,115.9,final,2023-01-01,2023-12-31,1,2026-09-15T16:28:02.595641+00:00
VALUE_ADDED_GROWTH_NUTS2,dk01:nuts2,2024,2026-09-15T16:28:02.595641+00:00,123.0,final,2024-01-01,2024-12-31,1,2026-09-15T16:28:02.595641+00:00
VALUE_ADDED_GROWTH_NUTS2,dk02:nuts2,2000,2026-09-15T16:28:02.595641+00:00,89.8,final,2000-01-01,2000-12-31,1,2026-09-15T16:28:02.595641+00:00
VALUE_ADDED_GROWTH_NUTS2,dk02:nuts2,2001,2026-09-15T16:28:02.595641+00:00,91.3,final,2001-01-01,2001-12-31,1,2026-09-15T16:28:02.595641+00:00
VALUE_ADDED_GROWTH_NUTS2,dk02:nuts2,2002,2026-09-15T16:28:02.595641+00:00,91.9,final,2002-01-01,2002-12-31,1,2026-09-15T16:28:02.595641+00:00
VALUE_ADDED_GROWTH_NUTS2,dk02:nuts2,2003,2026-09-15T16:28:02.595641+00:00,92.1,final,2003-01-01,2003-12-31,1,2026-09-15T16:28:02.595641+00:00
VALUE_ADDED_GROWTH_NUTS2,dk02:nuts2,2004,2026-09-15T16:28:02.595641+00:00,93.9,final,2004-01-01,2004-12-31,1,2026-09-15T16:28:02.595641+00:00
VALUE_ADDED_GROWTH_NUTS2,dk02:nuts2,2005,2026-09-15T16:28:02.595641+00:00,94.8,final,2005-01-01,2005-12-31,1,2026-09-15T16:28:02.595641+00:00
VALUE_ADDED_GROWTH_NUTS2,dk02:nuts2,2006,2026-09-15T16:28:02.595641+00:00,97.7,final,2006-01-01,2006-12-31,1,2026-09-15T16:28:02.595641+00:00
VALUE_ADDED_GROWTH_NUTS2,dk02:nuts2,2007,2026-09-15T16:28:02.595641+00:00,96.6,final,2007-01-01,2007-12-31,1,2026-09-15T16:28:02.595641+00:00
VALUE_ADDED_GROWTH_NUTS2,dk02:nuts2,2008,2026-09-15T16:28:02.595641+00:00,93.7,final,2008-01-01,2008-12-31,1,2026-09-15T16:28:02.595641+00:00
VALUE_ADDED_GROWTH_NUTS2,dk02:nuts2,2009,2026-09-15T16:28:02.595641+00:00,88.4,final,2009-01-01,2009-12-31,1,2026-09-15T16:28:02.595641+00:00
VALUE_ADDED_GROWTH_NUTS2,dk02:nuts2,2010,2026-09-15T16:28:02.595641+00:00,90.5,final,2010-01-01,2010-12-31,1,2026-09-15T16:28:02.595641+00:00
VALUE_ADDED_GROWTH_NUTS2,dk02:nuts2,2011,2026-09-15T16:28:02.595641+00:00,91.1,final,2011-01-01,2011-12-31,1,2026-09-15T16:28:02.595641+00:00
VALUE_ADDED_GROWTH_NUTS2,dk02:nuts2,2012,2026-09-15T16:28:02.595641+00:00,89.9,final,2012-01-01,2012-12-31,1,2026-09-15T16:28:02.595641+00:00
VALUE_ADDED_GROWTH_NUTS2,dk02:nuts2,2013,2026-09-15T16:28:02.595641+00:00,91.5,final,2013-01-01,2013-12-31,1,2026-09-15T16:28:02.595641+00:00
VALUE_ADDED_GROWTH_NUTS2,dk02:nuts2,2014,2026-09-15T16:28:02.595641+00:00,92.3,final,2014-01-01,2014-12-31,1,2026-09-15T16:28:02.595641+00:00
VALUE_ADDED_GROWTH_NUTS2,dk02:nuts2,2015,2026-09-15T16:28:02.595641+00:00,96.4,final,2015-01-01,2015-12-31,1,2026-09-15T16:28:02.595641+00:00
VALUE_ADDED_GROWTH_NUTS2,dk02:nuts2,2016,2026-09-15T16:28:02.595641+00:00,95.2,final,2016-01-01,2016-12-31,1,2026-09-15T16:28:02.595641+00:00
VALUE_ADDED_GROWTH_NUTS2,dk02:nuts2,2017,2026-09-15T16:28:02.595641+00:00,99.0,final,2017-01-01,2017-12-31,1,2026-09-15T16:28:02.595641+00:00
VALUE_ADDED_GROWTH_NUTS2,dk02:nuts2,2018,2026-09-15T16:28:02.595641+00:00,100.0,final,2018-01-01,2018-12-31,1,2026-09-15T16:28:02.595641+00:00
VALUE_ADDED_GROWTH_NUTS2,dk02:nuts2,2019,2026-09-15T16:28:02.595641+00:00,103.2,final,2019-01-01,2019-12-31,1,2026-09-15T16:28:02.595641+00:00
VALUE_ADDED_GROWTH_NUTS2,dk02:nuts2,2020,2026-09-15T16:28:02.595641+00:00,100.0,final,2020-01-01,2020-12-31,1,2026-09-15T16:28:02.595641+00:00
VALUE_ADDED_GROWTH_NUTS2,dk02:nuts2,2021,2026-09-15T16:28:02.595641+00:00,106.1,final,2021-01-01,2021-12-31,1,2026-09-15T16:28:02.595641+00:00
VALUE_ADDED_GROWTH_NUTS2,dk02:nuts2,2022,2026-09-15T16:28:02.595641+00:00,108.5,final,2022-01-01,2022-12-31,1,2026-09-15T16:28:02.595641+00:00
VALUE_ADDED_GROWTH_NUTS2,dk02:nuts2,2023,2026-09-15T16:28:02.595641+00:00,112.9,final,2023-01-01,2023-12-31,1,2026-09-15T16:28:02.595641+00:00
VALUE_ADDED_GROWTH_NUTS2,dk02:nuts2,2024,2026-09-15T16:28:02.595641+00:00,117.6,final,2024-01-01,2024-12-31,1,2026-09-15T16:28:02.595641+00:00
VALUE_ADDED_GROWTH_NUTS2,dk03:nuts2,2000,2026-09-15T16:28:02.595641+00:00,85.1,final,2000-01-01,2000-12-31,1,2026-09-15T16:28:02.595641+00:00
VALUE_ADDED_GROWTH_NUTS2,dk03:nuts2,2001,2026-09-15T16:28:02.595641+00:00,85.0,final,2001-01-01,2001-12-31,1,2026-09-15T16:28:02.595641+00:00
VALUE_ADDED_GROWTH_NUTS2,dk03:nuts2,2002,2026-09-15T16:28:02.595641+00:00,85.6,final,2002-01-01,2002-12-31,1,2026-09-15T16:28:02.595641+00:00
VALUE_ADDED_GROWTH_NUTS2,dk03:nuts2,2003,2026-09-15T16:28:02.595641+00:00,86.1,final,2003-01-01,2003-12-31,1,2026-09-15T16:28:02.595641+00:00
VALUE_ADDED_GROWTH_NUTS2,dk03:nuts2,2004,2026-09-15T16:28:02.595641+00:00,87.0,final,2004-01-01,2004-12-31,1,2026-09-15T16:28:02.595641+00:00
VALUE_ADDED_GROWTH_NUTS2,dk03:nuts2,2005,2026-09-15T16:28:02.595641+00:00,86.3,final,2005-01-01,2005-12-31,1,2026-09-15T16:28:02.595641+00:00
VALUE_ADDED_GROWTH_NUTS2,dk03:nuts2,2006,2026-09-15T16:28:02.595641+00:00,92.0,final,2006-01-01,2006-12-31,1,2026-09-15T16:28:02.595641+00:00
VALUE_ADDED_GROWTH_NUTS2,dk03:nuts2,2007,2026-09-15T16:28:02.595641+00:00,94.2,final,2007-01-01,2007-12-31,1,2026-09-15T16:28:02.595641+00:00
VALUE_ADDED_GROWTH_NUTS2,dk03:nuts2,2008,2026-09-15T16:28:02.595641+00:00,94.6,final,2008-01-01,2008-12-31,1,2026-09-15T16:28:02.595641+00:00
VALUE_ADDED_GROWTH_NUTS2,dk03:nuts2,2009,2026-09-15T16:28:02.595641+00:00,89.8,final,2009-01-01,2009-12-31,1,2026-09-15T16:28:02.595641+00:00
VALUE_ADDED_GROWTH_NUTS2,dk03:nuts2,2010,2026-09-15T16:28:02.595641+00:00,91.0,final,2010-01-01,2010-12-31,1,2026-09-15T16:28:02.595641+00:00
VALUE_ADDED_GROWTH_NUTS2,dk03:nuts2,2011,2026-09-15T16:28:02.595641+00:00,93.0,final,2011-01-01,2011-12-31,1,2026-09-15T16:28:02.595641+00:00
VALUE_ADDED_GROWTH_NUTS2,dk03:nuts2,2012,2026-09-15T16:28:02.595641+00:00,92.7,final,2012-01-01,2012-12-31,1,2026-09-15T16:28:02.595641+00:00
VALUE_ADDED_GROWTH_NUTS2,dk03:nuts2,2013,2026-09-15T16:28:02.595641+00:00,94.6,final,2013-01-01,2013-12-31,1,2026-09-15T16:28:02.595641+00:00
VALUE_ADDED_GROWTH_NUTS2,dk03:nuts2,2014,2026-09-15T16:28:02.595641+00:00,95.2,final,2014-01-01,2014-12-31,1,2026-09-15T16:28:02.595641+00:00
VALUE_ADDED_GROWTH_NUTS2,dk03:nuts2,2015,2026-09-15T16:28:02.595641+00:00,96.4,final,2015-01-01,2015-12-31,1,2026-09-15T16:28:02.595641+00:00
VALUE_ADDED_GROWTH_NUTS2,dk03:nuts2,2016,2026-09-15T16:28:02.595641+00:00,97.7,final,2016-01-01,2016-12-31,1,2026-09-15T16:28:02.595641+00:00
VALUE_ADDED_GROWTH_NUTS2,dk03:nuts2,2017,2026-09-15T16:28:02.595641+00:00,100.0,final,2017-01-01,2017-12-31,1,2026-09-15T16:28:02.595641+00:00
VALUE_ADDED_GROWTH_NUTS2,dk03:nuts2,2018,2026-09-15T16:28:02.595641+00:00,100.9,final,2018-01-01,2018-12-31,1,2026-09-15T16:28:02.595641+00:00
VALUE_ADDED_GROWTH_NUTS2,dk03:nuts2,2019,2026-09-15T16:28:02.595641+00:00,102.3,final,2019-01-01,2019-12-31,1,2026-09-15T16:28:02.595641+00:00
VALUE_ADDED_GROWTH_NUTS2,dk03:nuts2,2020,2026-09-15T16:28:02.595641+00:00,100.0,final,2020-01-01,2020-12-31,1,2026-09-15T16:28:02.595641+00:00
VALUE_ADDED_GROWTH_NUTS2,dk03:nuts2,2021,2026-09-15T16:28:02.595641+00:00,106.9,final,2021-01-01,2021-12-31,1,2026-09-15T16:28:02.595641+00:00
VALUE_ADDED_GROWTH_NUTS2,dk03:nuts2,2022,2026-09-15T16:28:02.595641+00:00,108.5,final,2022-01-01,2022-12-31,1,2026-09-15T16:28:02.595641+00:00
VALUE_ADDED_GROWTH_NUTS2,dk03:nuts2,2023,2026-09-15T16:28:02.595641+00:00,106.7,final,2023-01-01,2023-12-31,1,2026-09-15T16:28:02.595641+00:00
VALUE_ADDED_GROWTH_NUTS2,dk03:nuts2,2024,2026-09-15T16:28:02.595641+00:00,107.9,final,2024-01-01,2024-12-31,1,2026-09-15T16:28:02.595641+00:00
VALUE_ADDED_GROWTH_NUTS2,dk04:nuts2,2000,2026-09-15T16:28:02.595641+00:00,78.3,final,2000-01-01,2000-12-31,1,2026-09-15T16:28:02.595641+00:00
VALUE_ADDED_GROWTH_NUTS2,dk04:nuts2,2001,2026-09-15T16:28:02.595641+00:00,79.4,final,2001-01-01,2001-12-31,1,2026-09-15T16:28:02.595641+00:00
VALUE_ADDED_GROWTH_NUTS2,dk04:nuts2,2002,2026-09-15T16:28:02.595641+00:00,80.7,final,2002-01-01,2002-12-31,1,2026-09-15T16:28:02.595641+00:00
VALUE_ADDED_GROWTH_NUTS2,dk04:nuts2,2003,2026-09-15T16:28:02.595641+00:00,80.2,final,2003-01-01,2003-12-31,1,2026-09-15T16:28:02.595641+00:00
VALUE_ADDED_GROWTH_NUTS2,dk04:nuts2,2004,2026-09-15T16:28:02.595641+00:00,81.8,final,2004-01-01,2004-12-31,1,2026-09-15T16:28:02.595641+00:00
VALUE_ADDED_GROWTH_NUTS2,dk04:nuts2,2005,2026-09-15T16:28:02.595641+00:00,82.0,final,2005-01-01,2005-12-31,1,2026-09-15T16:28:02.595641+00:00
VALUE_ADDED_GROWTH_NUTS2,dk04:nuts2,2006,2026-09-15T16:28:02.595641+00:00,87.5,final,2006-01-01,2006-12-31,1,2026-09-15T16:28:02.595641+00:00
VALUE_ADDED_GROWTH_NUTS2,dk04:nuts2,2007,2026-09-15T16:28:02.595641+00:00,88.2,final,2007-01-01,2007-12-31,1,2026-09-15T16:28:02.595641+00:00
VALUE_ADDED_GROWTH_NUTS2,dk04:nuts2,2008,2026-09-15T16:28:02.595641+00:00,88.6,final,2008-01-01,2008-12-31,1,2026-09-15T16:28:02.595641+00:00
VALUE_ADDED_GROWTH_NUTS2,dk04:nuts2,2009,2026-09-15T16:28:02.595641+00:00,85.1,final,2009-01-01,2009-12-31,1,2026-09-15T16:28:02.595641+00:00
VALUE_ADDED_GROWTH_NUTS2,dk04:nuts2,2010,2026-09-15T16:28:02.595641+00:00,84.9,final,2010-01-01,2010-12-31,1,2026-09-15T16:28:02.595641+00:00
VALUE_ADDED_GROWTH_NUTS2,dk04:nuts2,2011,2026-09-15T16:28:02.595641+00:00,87.2,final,2011-01-01,2011-12-31,1,2026-09-15T16:28:02.595641+00:00
VALUE_ADDED_GROWTH_NUTS2,dk04:nuts2,2012,2026-09-15T16:28:02.595641+00:00,86.3,final,2012-01-01,2012-12-31,1,2026-09-15T16:28:02.595641+00:00
VALUE_ADDED_GROWTH_NUTS2,dk04:nuts2,2013,2026-09-15T16:28:02.595641+00:00,87.2,final,2013-01-01,2013-12-31,1,2026-09-15T16:28:02.595641+00:00
VALUE_ADDED_GROWTH_NUTS2,dk04:nuts2,2014,2026-09-15T16:28:02.595641+00:00,88.4,final,2014-01-01,2014-12-31,1,2026-09-15T16:28:02.595641+00:00
VALUE_ADDED_GROWTH_NUTS2,dk04:nuts2,2015,2026-09-15T16:28:02.595641+00:00,88.0,final,2015-01-01,2015-12-31,1,2026-09-15T16:28:02.595641+00:00
VALUE_ADDED_GROWTH_NUTS2,dk04:nuts2,2016,2026-09-15T16:28:02.595641+00:00,93.3,final,2016-01-01,2016-12-31,1,2026-09-15T16:28:02.595641+00:00
VALUE_ADDED_GROWTH_NUTS2,dk04:nuts2,2017,2026-09-15T16:28:02.595641+00:00,96.2,final,2017-01-01,2017-12-31,1,2026-09-15T16:28:02.595641+00:00
VALUE_ADDED_GROWTH_NUTS2,dk04:nuts2,2018,2026-09-15T16:28:02.595641+00:00,97.4,final,2018-01-01,2018-12-31,1,2026-09-15T16:28:02.595641+00:00
VALUE_ADDED_GROWTH_NUTS2,dk04:nuts2,2019,2026-09-15T16:28:02.595641+00:00,100.2,final,2019-01-01,2019-12-31,1,2026-09-15T16:28:02.595641+00:00
VALUE_ADDED_GROWTH_NUTS2,dk04:nuts2,2020,2026-09-15T16:28:02.595641+00:00,100.0,final,2020-01-01,2020-12-31,1,2026-09-15T16:28:02.595641+00:00
VALUE_ADDED_GROWTH_NUTS2,dk04:nuts2,2021,2026-09-15T16:28:02.595641+00:00,107.1,final,2021-01-01,2021-12-31,1,2026-09-15T16:28:02.595641+00:00
VALUE_ADDED_GROWTH_NUTS2,dk04:nuts2,2022,2026-09-15T16:28:02.595641+00:00,104.5,final,2022-01-01,2022-12-31,1,2026-09-15T16:28:02.595641+00:00
VALUE_ADDED_GROWTH_NUTS2,dk04:nuts2,2023,2026-09-15T16:28:02.595641+00:00,101.9,final,2023-01-01,2023-12-31,1,2026-09-15T16:28:02.595641+00:00
VALUE_ADDED_GROWTH_NUTS2,dk04:nuts2,2024,2026-09-15T16:28:02.595641+00:00,103.8,final,2024-01-01,2024-12-31,1,2026-09-15T16:28:02.595641+00:00
VALUE_ADDED_GROWTH_NUTS2,dk05:nuts2,2000,2026-09-15T16:28:02.595641+00:00,88.6,final,2000-01-01,2000-12-31,1,2026-09-15T16:28:02.595641+00:00
VALUE_ADDED_GROWTH_NUTS2,dk05:nuts2,2001,2026-09-15T16:28:02.595641+00:00,88.4,final,2001-01-01,2001-12-31,1,2026-09-15T16:28:02.595641+00:00
VALUE_ADDED_GROWTH_NUTS2,dk05:nuts2,2002,2026-09-15T16:28:02.595641+00:00,91.0,final,2002-01-01,2002-12-31,1,2026-09-15T16:28:02.595641+00:00
VALUE_ADDED_GROWTH_NUTS2,dk05:nuts2,2003,2026-09-15T16:28:02.595641+00:00,91.5,final,2003-01-01,2003-12-31,1,2026-09-15T16:28:02.595641+00:00
VALUE_ADDED_GROWTH_NUTS2,dk05:nuts2,2004,2026-09-15T16:28:02.595641+00:00,90.5,final,2004-01-01,2004-12-31,1,2026-09-15T16:28:02.595641+00:00
VALUE_ADDED_GROWTH_NUTS2,dk05:nuts2,2005,2026-09-15T16:28:02.595641+00:00,91.0,final,2005-01-01,2005-12-31,1,2026-09-15T16:28:02.595641+00:00
VALUE_ADDED_GROWTH_NUTS2,dk05:nuts2,2006,2026-09-15T16:28:02.595641+00:00,96.1,final,2006-01-01,2006-12-31,1,2026-09-15T16:28:02.595641+00:00
VALUE_ADDED_GROWTH_NUTS2,dk05:nuts2,2007,2026-09-15T16:28:02.595641+00:00,96.9,final,2007-01-01,2007-12-31,1,2026-09-15T16:28:02.595641+00:00
VALUE_ADDED_GROWTH_NUTS2,dk05:nuts2,2008,2026-09-15T16:28:02.595641+00:00,98.0,final,2008-01-01,2008-12-31,1,2026-09-15T16:28:02.595641+00:00
VALUE_ADDED_GROWTH_NUTS2,dk05:nuts2,2009,2026-09-15T16:28:02.595641+00:00,93.2,final,2009-01-01,2009-12-31,1,2026-09-15T16:28:02.595641+00:00
VALUE_ADDED_GROWTH_NUTS2,dk05:nuts2,2010,2026-09-15T16:28:02.595641+00:00,93.6,final,2010-01-01,2010-12-31,1,2026-09-15T16:28:02.595641+00:00
VALUE_ADDED_GROWTH_NUTS2,dk05:nuts2,2011,2026-09-15T16:28:02.595641+00:00,93.6,final,2011-01-01,2011-12-31,1,2026-09-15T16:28:02.595641+00:00
VALUE_ADDED_GROWTH_NUTS2,dk05:nuts2,2012,2026-09-15T16:28:02.595641+00:00,94.1,final,2012-01-01,2012-12-31,1,2026-09-15T16:28:02.595641+00:00
VALUE_ADDED_GROWTH_NUTS2,dk05:nuts2,2013,2026-09-15T16:28:02.595641+00:00,94.3,final,2013-01-01,2013-12-31,1,2026-09-15T16:28:02.595641+00:00
VALUE_ADDED_GROWTH_NUTS2,dk05:nuts2,2014,2026-09-15T16:28:02.595641+00:00,94.3,final,2014-01-01,2014-12-31,1,2026-09-15T16:28:02.595641+00:00
VALUE_ADDED_GROWTH_NUTS2,dk05:nuts2,2015,2026-09-15T16:28:02.595641+00:00,96.9,final,2015-01-01,2015-12-31,1,2026-09-15T16:28:02.595641+00:00
VALUE_ADDED_GROWTH_NUTS2,dk05:nuts2,2016,2026-09-15T16:28:02.595641+00:00,97.4,final,2016-01-01,2016-12-31,1,2026-09-15T16:28:02.595641+00:00
VALUE_ADDED_GROWTH_NUTS2,dk05:nuts2,2017,2026-09-15T16:28:02.595641+00:00,100.9,final,2017-01-01,2017-12-31,1,2026-09-15T16:28:02.595641+00:00
VALUE_ADDED_GROWTH_NUTS2,dk05:nuts2,2018,2026-09-15T16:28:02.595641+00:00,101.5,final,2018-01-01,2018-12-31,1,2026-09-15T16:28:02.595641+00:00
VALUE_ADDED_GROWTH_NUTS2,dk05:nuts2,2019,2026-09-15T16:28:02.595641+00:00,102.3,final,2019-01-01,2019-12-31,1,2026-09-15T16:28:02.595641+00:00
VALUE_ADDED_GROWTH_NUTS2,dk05:nuts2,2020,2026-09-15T16:28:02.595641+00:00,100.0,final,2020-01-01,2020-12-31,1,2026-09-15T16:28:02.595641+00:00
VALUE_ADDED_GROWTH_NUTS2,dk05:nuts2,2021,2026-09-15T16:28:02.595641+00:00,105.5,final,2021-01-01,2021-12-31,1,2026-09-15T16:28:02.595641+00:00
VALUE_ADDED_GROWTH_NUTS2,dk05:nuts2,2022,2026-09-15T16:28:02.595641+00:00,104.9,final,2022-01-01,2022-12-31,1,2026-09-15T16:28:02.595641+00:00
VALUE_ADDED_GROWTH_NUTS2,dk05:nuts2,2023,2026-09-15T16:28:02.595641+00:00,102.3,final,2023-01-01,2023-12-31,1,2026-09-15T16:28:02.595641+00:00
VALUE_ADDED_GROWTH_NUTS2,dk05:nuts2,2024,2026-09-15T16:28:02.595641+00:00,104.0,final,2024-01-01,2024-12-31,1,2026-09-15T16:28:02.595641+00:00
VALUE_ADDED_GROWTH_NUTS2,ee00:nuts2,2000,2026-09-15T16:28:02.595641+00:00,52.4,final,2000-01-01,2000-12-31,1,2026-09-15T16:28:02.595641+00:00
VALUE_ADDED_GROWTH_NUTS2,ee00:nuts2,2001,2026-09-15T16:28:02.595641+00:00,55.3,final,2001-01-01,2001-12-31,1,2026-09-15T16:28:02.595641+00:00
VALUE_ADDED_GROWTH_NUTS2,ee00:nuts2,2002,2026-09-15T16:28:02.595641+00:00,59.0,final,2002-01-01,2002-12-31,1,2026-09-15T16:28:02.595641+00:00
VALUE_ADDED_GROWTH_NUTS2,ee00:nuts2,2003,2026-09-15T16:28:02.595641+00:00,63.5,final,2003-01-01,2003-12-31,1,2026-09-15T16:28:02.595641+00:00
VALUE_ADDED_GROWTH_NUTS2,ee00:nuts2,2004,2026-09-15T16:28:02.595641+00:00,67.5,final,2004-01-01,2004-12-31,1,2026-09-15T16:28:02.595641+00:00
VALUE_ADDED_GROWTH_NUTS2,ee00:nuts2,2005,2026-09-15T16:28:02.595641+00:00,73.9,final,2005-01-01,2005-12-31,1,2026-09-15T16:28:02.595641+00:00
VALUE_ADDED_GROWTH_NUTS2,ee00:nuts2,2006,2026-09-15T16:28:02.595641+00:00,80.7,final,2006-01-01,2006-12-31,1,2026-09-15T16:28:02.595641+00:00
VALUE_ADDED_GROWTH_NUTS2,ee00:nuts2,2007,2026-09-15T16:28:02.595641+00:00,86.4,final,2007-01-01,2007-12-31,1,2026-09-15T16:28:02.595641+00:00
VALUE_ADDED_GROWTH_NUTS2,ee00:nuts2,2008,2026-09-15T16:28:02.595641+00:00,83.8,final,2008-01-01,2008-12-31,1,2026-09-15T16:28:02.595641+00:00
VALUE_ADDED_GROWTH_NUTS2,ee00:nuts2,2009,2026-09-15T16:28:02.595641+00:00,71.0,final,2009-01-01,2009-12-31,1,2026-09-15T16:28:02.595641+00:00
VALUE_ADDED_GROWTH_NUTS2,ee00:nuts2,2010,2026-09-15T16:28:02.595641+00:00,73.6,final,2010-01-01,2010-12-31,1,2026-09-15T16:28:02.595641+00:00
VALUE_ADDED_GROWTH_NUTS2,ee00:nuts2,2011,2026-09-15T16:28:02.595641+00:00,79.4,final,2011-01-01,2011-12-31,1,2026-09-15T16:28:02.595641+00:00
VALUE_ADDED_GROWTH_NUTS2,ee00:nuts2,2012,2026-09-15T16:28:02.595641+00:00,82.0,final,2012-01-01,2012-12-31,1,2026-09-15T16:28:02.595641+00:00
VALUE_ADDED_GROWTH_NUTS2,ee00:nuts2,2013,2026-09-15T16:28:02.595641+00:00,83.4,final,2013-01-01,2013-12-31,1,2026-09-15T16:28:02.595641+00:00
VALUE_ADDED_GROWTH_NUTS2,ee00:nuts2,2014,2026-09-15T16:28:02.595641+00:00,86.1,final,2014-01-01,2014-12-31,1,2026-09-15T16:28:02.595641+00:00
VALUE_ADDED_GROWTH_NUTS2,ee00:nuts2,2015,2026-09-15T16:28:02.595641+00:00,87.4,final,2015-01-01,2015-12-31,1,2026-09-15T16:28:02.595641+00:00
VALUE_ADDED_GROWTH_NUTS2,ee00:nuts2,2016,2026-09-15T16:28:02.595641+00:00,89.9,final,2016-01-01,2016-12-31,1,2026-09-15T16:28:02.595641+00:00
VALUE_ADDED_GROWTH_NUTS2,ee00:nuts2,2017,2026-09-15T16:28:02.595641+00:00,95.7,final,2017-01-01,2017-12-31,1,2026-09-15T16:28:02.595641+00:00
VALUE_ADDED_GROWTH_NUTS2,ee00:nuts2,2018,2026-09-15T16:28:02.595641+00:00,99.7,final,2018-01-01,2018-12-31,1,2026-09-15T16:28:02.595641+00:00
VALUE_ADDED_GROWTH_NUTS2,ee00:nuts2,2019,2026-09-15T16:28:02.595641+00:00,102.8,final,2019-01-01,2019-12-31,1,2026-09-15T16:28:02.595641+00:00
VALUE_ADDED_GROWTH_NUTS2,ee00:nuts2,2020,2026-09-15T16:28:02.595641+00:00,100.0,final,2020-01-01,2020-12-31,1,2026-09-15T16:28:02.595641+00:00
VALUE_ADDED_GROWTH_NUTS2,ee00:nuts2,2021,2026-09-15T16:28:02.595641+00:00,107.9,final,2021-01-01,2021-12-31,1,2026-09-15T16:28:02.595641+00:00
VALUE_ADDED_GROWTH_NUTS2,ee00:nuts2,2022,2026-09-15T16:28:02.595641+00:00,107.0,final,2022-01-01,2022-12-31,1,2026-09-15T16:28:02.595641+00:00
VALUE_ADDED_GROWTH_NUTS2,ee00:nuts2,2023,2026-09-15T16:28:02.595641+00:00,103.9,final,2023-01-01,2023-12-31,1,2026-09-15T16:28:02.595641+00:00
VALUE_ADDED_GROWTH_NUTS2,ee00:nuts2,2024,2026-09-15T16:28:02.595641+00:00,103.0,final,2024-01-01,2024-12-31,1,2026-09-15T16:28:02.595641+00:00
VALUE_ADDED_GROWTH_NUTS2,el30:nuts2,2000,2026-09-15T16:28:02.595641+00:00,95.1,final,2000-01-01,2000-12-31,1,2026-09-15T16:28:02.595641+00:00
VALUE_ADDED_GROWTH_NUTS2,el30:nuts2,2001,2026-09-15T16:28:02.595641+00:00,99.2,final,2001-01-01,2001-12-31,1,2026-09-15T16:28:02.595641+00:00
VALUE_ADDED_GROWTH_NUTS2,el30:nuts2,2002,2026-09-15T16:28:02.595641+00:00,104.9,final,2002-01-01,2002-12-31,1,2026-09-15T16:28:02.595641+00:00
VALUE_ADDED_GROWTH_NUTS2,el30:nuts2,2003,2026-09-15T16:28:02.595641+00:00,111.9,final,2003-01-01,2003-12-31,1,2026-09-15T16:28:02.595641+00:00
VALUE_ADDED_GROWTH_NUTS2,el30:nuts2,2004,2026-09-15T16:28:02.595641+00:00,118.9,final,2004-01-01,2004-12-31,1,2026-09-15T16:28:02.595641+00:00
VALUE_ADDED_GROWTH_NUTS2,el30:nuts2,2005,2026-09-15T16:28:02.595641+00:00,120.7,final,2005-01-01,2005-12-31,1,2026-09-15T16:28:02.595641+00:00
VALUE_ADDED_GROWTH_NUTS2,el30:nuts2,2006,2026-09-15T16:28:02.595641+00:00,129.1,final,2006-01-01,2006-12-31,1,2026-09-15T16:28:02.595641+00:00
VALUE_ADDED_GROWTH_NUTS2,el30:nuts2,2007,2026-09-15T16:28:02.595641+00:00,133.6,final,2007-01-01,2007-12-31,1,2026-09-15T16:28:02.595641+00:00
VALUE_ADDED_GROWTH_NUTS2,el30:nuts2,2008,2026-09-15T16:28:02.595641+00:00,134.5,final,2008-01-01,2008-12-31,1,2026-09-15T16:28:02.595641+00:00
VALUE_ADDED_GROWTH_NUTS2,el30:nuts2,2009,2026-09-15T16:28:02.595641+00:00,131.1,final,2009-01-01,2009-12-31,1,2026-09-15T16:28:02.595641+00:00
VALUE_ADDED_GROWTH_NUTS2,el30:nuts2,2010,2026-09-15T16:28:02.595641+00:00,123.1,final,2010-01-01,2010-12-31,1,2026-09-15T16:28:02.595641+00:00
VALUE_ADDED_GROWTH_NUTS2,el30:nuts2,2011,2026-09-15T16:28:02.595641+00:00,111.6,final,2011-01-01,2011-12-31,1,2026-09-15T16:28:02.595641+00:00
VALUE_ADDED_GROWTH_NUTS2,el30:nuts2,2012,2026-09-15T16:28:02.595641+00:00,102.0,final,2012-01-01,2012-12-31,1,2026-09-15T16:28:02.595641+00:00
VALUE_ADDED_GROWTH_NUTS2,el30:nuts2,2013,2026-09-15T16:28:02.595641+00:00,100.8,final,2013-01-01,2013-12-31,1,2026-09-15T16:28:02.595641+00:00
VALUE_ADDED_GROWTH_NUTS2,el30:nuts2,2014,2026-09-15T16:28:02.595641+00:00,101.4,final,2014-01-01,2014-12-31,1,2026-09-15T16:28:02.595641+00:00
VALUE_ADDED_GROWTH_NUTS2,el30:nuts2,2015,2026-09-15T16:28:02.595641+00:00,101.6,final,2015-01-01,2015-12-31,1,2026-09-15T16:28:02.595641+00:00
VALUE_ADDED_GROWTH_NUTS2,el30:nuts2,2016,2026-09-15T16:28:02.595641+00:00,101.3,final,2016-01-01,2016-12-31,1,2026-09-15T16:28:02.595641+00:00
VALUE_ADDED_GROWTH_NUTS2,el30:nuts2,2017,2026-09-15T16:28:02.595641+00:00,104.0,final,2017-01-01,2017-12-31,1,2026-09-15T16:28:02.595641+00:00
VALUE_ADDED_GROWTH_NUTS2,el30:nuts2,2018,2026-09-15T16:28:02.595641+00:00,105.7,final,2018-01-01,2018-12-31,1,2026-09-15T16:28:02.595641+00:00
VALUE_ADDED_GROWTH_NUTS2,el30:nuts2,2019,2026-09-15T16:28:02.595641+00:00,108.6,final,2019-01-01,2019-12-31,1,2026-09-15T16:28:02.595641+00:00
VALUE_ADDED_GROWTH_NUTS2,el30:nuts2,2020,2026-09-15T16:28:02.595641+00:00,100.0,final,2020-01-01,2020-12-31,1,2026-09-15T16:28:02.595641+00:00
VALUE_ADDED_GROWTH_NUTS2,el30:nuts2,2021,2026-09-15T16:28:02.595641+00:00,108.6,final,2021-01-01,2021-12-31,1,2026-09-15T16:28:02.595641+00:00
VALUE_ADDED_GROWTH_NUTS2,el30:nuts2,2022,2026-09-15T16:28:02.595641+00:00,114.3,final,2022-01-01,2022-12-31,1,2026-09-15T16:28:02.595641+00:00
VALUE_ADDED_GROWTH_NUTS2,el30:nuts2,2023,2026-09-15T16:28:02.595641+00:00,118.0,provisional,2023-01-01,2023-12-31,1,2026-09-15T16:28:02.595641+00:00
VALUE_ADDED_GROWTH_NUTS2,el30:nuts2,2024,2026-09-15T16:28:02.595641+00:00,119.6,provisional,2024-01-01,2024-12-31,1,2026-09-15T16:28:02.595641+00:00
VALUE_ADDED_GROWTH_NUTS2,el41:nuts2,2000,2026-09-15T16:28:02.595641+00:00,98.2,final,2000-01-01,2000-12-31,1,2026-09-15T16:28:02.595641+00:00
VALUE_ADDED_GROWTH_NUTS2,el41:nuts2,2001,2026-09-15T16:28:02.595641+00:00,102.2,final,2001-01-01,2001-12-31,1,2026-09-15T16:28:02.595641+00:00
VALUE_ADDED_GROWTH_NUTS2,el41:nuts2,2002,2026-09-15T16:28:02.595641+00:00,103.5,final,2002-01-01,2002-12-31,1,2026-09-15T16:28:02.595641+00:00
VALUE_ADDED_GROWTH_NUTS2,el41:nuts2,2003,2026-09-15T16:28:02.595641+00:00,118.7,final,2003-01-01,2003-12-31,1,2026-09-15T16:28:02.595641+00:00
VALUE_ADDED_GROWTH_NUTS2,el41:nuts2,2004,2026-09-15T16:28:02.595641+00:00,123.0,final,2004-01-01,2004-12-31,1,2026-09-15T16:28:02.595641+00:00
VALUE_ADDED_GROWTH_NUTS2,el41:nuts2,2005,2026-09-15T16:28:02.595641+00:00,127.3,final,2005-01-01,2005-12-31,1,2026-09-15T16:28:02.595641+00:00
VALUE_ADDED_GROWTH_NUTS2,el41:nuts2,2006,2026-09-15T16:28:02.595641+00:00,135.9,final,2006-01-01,2006-12-31,1,2026-09-15T16:28:02.595641+00:00
VALUE_ADDED_GROWTH_NUTS2,el41:nuts2,2007,2026-09-15T16:28:02.595641+00:00,140.1,final,2007-01-01,2007-12-31,1,2026-09-15T16:28:02.595641+00:00
VALUE_ADDED_GROWTH_NUTS2,el41:nuts2,2008,2026-09-15T16:28:02.595641+00:00,143.1,final,2008-01-01,2008-12-31,1,2026-09-15T16:28:02.595641+00:00
VALUE_ADDED_GROWTH_NUTS2,el41:nuts2,2009,2026-09-15T16:28:02.595641+00:00,135.5,final,2009-01-01,2009-12-31,1,2026-09-15T16:28:02.595641+00:00
VALUE_ADDED_GROWTH_NUTS2,el41:nuts2,2010,2026-09-15T16:28:02.595641+00:00,127.4,final,2010-01-01,2010-12-31,1,2026-09-15T16:28:02.595641+00:00
VALUE_ADDED_GROWTH_NUTS2,el41:nuts2,2011,2026-09-15T16:28:02.595641+00:00,118.6,final,2011-01-01,2011-12-31,1,2026-09-15T16:28:02.595641+00:00
VALUE_ADDED_GROWTH_NUTS2,el41:nuts2,2012,2026-09-15T16:28:02.595641+00:00,111.0,final,2012-01-01,2012-12-31,1,2026-09-15T16:28:02.595641+00:00
VALUE_ADDED_GROWTH_NUTS2,el41:nuts2,2013,2026-09-15T16:28:02.595641+00:00,110.4,final,2013-01-01,2013-12-31,1,2026-09-15T16:28:02.595641+00:00
VALUE_ADDED_GROWTH_NUTS2,el41:nuts2,2014,2026-09-15T16:28:02.595641+00:00,111.0,final,2014-01-01,2014-12-31,1,2026-09-15T16:28:02.595641+00:00
VALUE_ADDED_GROWTH_NUTS2,el41:nuts2,2015,2026-09-15T16:28:02.595641+00:00,109.5,final,2015-01-01,2015-12-31,1,2026-09-15T16:28:02.595641+00:00
VALUE_ADDED_GROWTH_NUTS2,el41:nuts2,2016,2026-09-15T16:28:02.595641+00:00,108.1,final,2016-01-01,2016-12-31,1,2026-09-15T16:28:02.595641+00:00
VALUE_ADDED_GROWTH_NUTS2,el41:nuts2,2017,2026-09-15T16:28:02.595641+00:00,108.6,final,2017-01-01,2017-12-31,1,2026-09-15T16:28:02.595641+00:00
VALUE_ADDED_GROWTH_NUTS2,el41:nuts2,2018,2026-09-15T16:28:02.595641+00:00,110.0,final,2018-01-01,2018-12-31,1,2026-09-15T16:28:02.595641+00:00
VALUE_ADDED_GROWTH_NUTS2,el41:nuts2,2019,2026-09-15T16:28:02.595641+00:00,112.0,final,2019-01-01,2019-12-31,1,2026-09-15T16:28:02.595641+00:00
VALUE_ADDED_GROWTH_NUTS2,el41:nuts2,2020,2026-09-15T16:28:02.595641+00:00,100.0,final,2020-01-01,2020-12-31,1,2026-09-15T16:28:02.595641+00:00
VALUE_ADDED_GROWTH_NUTS2,el41:nuts2,2021,2026-09-15T16:28:02.595641+00:00,105.7,final,2021-01-01,2021-12-31,1,2026-09-15T16:28:02.595641+00:00
VALUE_ADDED_GROWTH_NUTS2,el41:nuts2,2022,2026-09-15T16:28:02.595641+00:00,110.6,final,2022-01-01,2022-12-31,1,2026-09-15T16:28:02.595641+00:00
VALUE_ADDED_GROWTH_NUTS2,el41:nuts2,2023,2026-09-15T16:28:02.595641+00:00,113.9,provisional,2023-01-01,2023-12-31,1,2026-09-15T16:28:02.595641+00:00
VALUE_ADDED_GROWTH_NUTS2,el41:nuts2,2024,2026-09-15T16:28:02.595641+00:00,114.8,provisional,2024-01-01,2024-12-31,1,2026-09-15T16:28:02.595641+00:00
VALUE_ADDED_GROWTH_NUTS2,el42:nuts2,2000,2026-09-15T16:28:02.595641+00:00,117.8,final,2000-01-01,2000-12-31,1,2026-09-15T16:28:02.595641+00:00
VALUE_ADDED_GROWTH_NUTS2,el42:nuts2,2001,2026-09-15T16:28:02.595641+00:00,117.4,final,2001-01-01,2001-12-31,1,2026-09-15T16:28:02.595641+00:00
VALUE_ADDED_GROWTH_NUTS2,el42:nuts2,2002,2026-09-15T16:28:02.595641+00:00,120.4,final,2002-01-01,2002-12-31,1,2026-09-15T16:28:02.595641+00:00
VALUE_ADDED_GROWTH_NUTS2,el42:nuts2,2003,2026-09-15T16:28:02.595641+00:00,129.9,final,2003-01-01,2003-12-31,1,2026-09-15T16:28:02.595641+00:00
VALUE_ADDED_GROWTH_NUTS2,el42:nuts2,2004,2026-09-15T16:28:02.595641+00:00,140.4,final,2004-01-01,2004-12-31,1,2026-09-15T16:28:02.595641+00:00
VALUE_ADDED_GROWTH_NUTS2,el42:nuts2,2005,2026-09-15T16:28:02.595641+00:00,145.0,final,2005-01-01,2005-12-31,1,2026-09-15T16:28:02.595641+00:00
VALUE_ADDED_GROWTH_NUTS2,el42:nuts2,2006,2026-09-15T16:28:02.595641+00:00,151.7,final,2006-01-01,2006-12-31,1,2026-09-15T16:28:02.595641+00:00
VALUE_ADDED_GROWTH_NUTS2,el42:nuts2,2007,2026-09-15T16:28:02.595641+00:00,156.3,final,2007-01-01,2007-12-31,1,2026-09-15T16:28:02.595641+00:00
VALUE_ADDED_GROWTH_NUTS2,el42:nuts2,2008,2026-09-15T16:28:02.595641+00:00,162.5,final,2008-01-01,2008-12-31,1,2026-09-15T16:28:02.595641+00:00
VALUE_ADDED_GROWTH_NUTS2,el42:nuts2,2009,2026-09-15T16:28:02.595641+00:00,148.9,final,2009-01-01,2009-12-31,1,2026-09-15T16:28:02.595641+00:00
VALUE_ADDED_GROWTH_NUTS2,el42:nuts2,2010,2026-09-15T16:28:02.595641+00:00,139.8,final,2010-01-01,2010-12-31,1,2026-09-15T16:28:02.595641+00:00
VALUE_ADDED_GROWTH_NUTS2,el42:nuts2,2011,2026-09-15T16:28:02.595641+00:00,130.4,final,2011-01-01,2011-12-31,1,2026-09-15T16:28:02.595641+00:00
VALUE_ADDED_GROWTH_NUTS2,el42:nuts2,2012,2026-09-15T16:28:02.595641+00:00,122.4,final,2012-01-01,2012-12-31,1,2026-09-15T16:28:02.595641+00:00
VALUE_ADDED_GROWTH_NUTS2,el42:nuts2,2013,2026-09-15T16:28:02.595641+00:00,129.5,final,2013-01-01,2013-12-31,1,2026-09-15T16:28:02.595641+00:00
VALUE_ADDED_GROWTH_NUTS2,el42:nuts2,2014,2026-09-15T16:28:02.595641+00:00,129.2,final,2014-01-01,2014-12-31,1,2026-09-15T16:28:02.595641+00:00
VALUE_ADDED_GROWTH_NUTS2,el42:nuts2,2015,2026-09-15T16:28:02.595641+00:00,127.0,final,2015-01-01,2015-12-31,1,2026-09-15T16:28:02.595641+00:00
VALUE_ADDED_GROWTH_NUTS2,el42:nuts2,2016,2026-09-15T16:28:02.595641+00:00,123.1,final,2016-01-01,2016-12-31,1,2026-09-15T16:28:02.595641+00:00
VALUE_ADDED_GROWTH_NUTS2,el42:nuts2,2017,2026-09-15T16:28:02.595641+00:00,125.2,final,2017-01-01,2017-12-31,1,2026-09-15T16:28:02.595641+00:00
VALUE_ADDED_GROWTH_NUTS2,el42:nuts2,2018,2026-09-15T16:28:02.595641+00:00,128.4,final,2018-01-01,2018-12-31,1,2026-09-15T16:28:02.595641+00:00
VALUE_ADDED_GROWTH_NUTS2,el42:nuts2,2019,2026-09-15T16:28:02.595641+00:00,130.0,final,2019-01-01,2019-12-31,1,2026-09-15T16:28:02.595641+00:00
VALUE_ADDED_GROWTH_NUTS2,el42:nuts2,2020,2026-09-15T16:28:02.595641+00:00,100.0,final,2020-01-01,2020-12-31,1,2026-09-15T16:28:02.595641+00:00
VALUE_ADDED_GROWTH_NUTS2,el42:nuts2,2021,2026-09-15T16:28:02.595641+00:00,113.3,final,2021-01-01,2021-12-31,1,2026-09-15T16:28:02.595641+00:00
VALUE_ADDED_GROWTH_NUTS2,el42:nuts2,2022,2026-09-15T16:28:02.595641+00:00,122.5,final,2022-01-01,2022-12-31,1,2026-09-15T16:28:02.595641+00:00
VALUE_ADDED_GROWTH_NUTS2,el42:nuts2,2023,2026-09-15T16:28:02.595641+00:00,128.4,provisional,2023-01-01,2023-12-31,1,2026-09-15T16:28:02.595641+00:00
VALUE_ADDED_GROWTH_NUTS2,el42:nuts2,2024,2026-09-15T16:28:02.595641+00:00,129.2,provisional,2024-01-01,2024-12-31,1,2026-09-15T16:28:02.595641+00:00
VALUE_ADDED_GROWTH_NUTS2,el43:nuts2,2000,2026-09-15T16:28:02.595641+00:00,104.6,final,2000-01-01,2000-12-31,1,2026-09-15T16:28:02.595641+00:00
VALUE_ADDED_GROWTH_NUTS2,el43:nuts2,2001,2026-09-15T16:28:02.595641+00:00,110.2,final,2001-01-01,2001-12-31,1,2026-09-15T16:28:02.595641+00:00
VALUE_ADDED_GROWTH_NUTS2,el43:nuts2,2002,2026-09-15T16:28:02.595641+00:00,117.3,final,2002-01-01,2002-12-31,1,2026-09-15T16:28:02.595641+00:00
VALUE_ADDED_GROWTH_NUTS2,el43:nuts2,2003,2026-09-15T16:28:02.595641+00:00,122.4,final,2003-01-01,2003-12-31,1,2026-09-15T16:28:02.595641+00:00
VALUE_ADDED_GROWTH_NUTS2,el43:nuts2,2004,2026-09-15T16:28:02.595641+00:00,134.3,final,2004-01-01,2004-12-31,1,2026-09-15T16:28:02.595641+00:00
VALUE_ADDED_GROWTH_NUTS2,el43:nuts2,2005,2026-09-15T16:28:02.595641+00:00,133.5,final,2005-01-01,2005-12-31,1,2026-09-15T16:28:02.595641+00:00
VALUE_ADDED_GROWTH_NUTS2,el43:nuts2,2006,2026-09-15T16:28:02.595641+00:00,139.9,final,2006-01-01,2006-12-31,1,2026-09-15T16:28:02.595641+00:00
VALUE_ADDED_GROWTH_NUTS2,el43:nuts2,2007,2026-09-15T16:28:02.595641+00:00,141.5,final,2007-01-01,2007-12-31,1,2026-09-15T16:28:02.595641+00:00
VALUE_ADDED_GROWTH_NUTS2,el43:nuts2,2008,2026-09-15T16:28:02.595641+00:00,144.7,final,2008-01-01,2008-12-31,1,2026-09-15T16:28:02.595641+00:00
VALUE_ADDED_GROWTH_NUTS2,el43:nuts2,2009,2026-09-15T16:28:02.595641+00:00,139.0,final,2009-01-01,2009-12-31,1,2026-09-15T16:28:02.595641+00:00
VALUE_ADDED_GROWTH_NUTS2,el43:nuts2,2010,2026-09-15T16:28:02.595641+00:00,130.5,final,2010-01-01,2010-12-31,1,2026-09-15T16:28:02.595641+00:00
VALUE_ADDED_GROWTH_NUTS2,el43:nuts2,2011,2026-09-15T16:28:02.595641+00:00,117.2,final,2011-01-01,2011-12-31,1,2026-09-15T16:28:02.595641+00:00
VALUE_ADDED_GROWTH_NUTS2,el43:nuts2,2012,2026-09-15T16:28:02.595641+00:00,108.0,final,2012-01-01,2012-12-31,1,2026-09-15T16:28:02.595641+00:00
VALUE_ADDED_GROWTH_NUTS2,el43:nuts2,2013,2026-09-15T16:28:02.595641+00:00,110.2,final,2013-01-01,2013-12-31,1,2026-09-15T16:28:02.595641+00:00
VALUE_ADDED_GROWTH_NUTS2,el43:nuts2,2014,2026-09-15T16:28:02.595641+00:00,113.2,final,2014-01-01,2014-12-31,1,2026-09-15T16:28:02.595641+00:00
VALUE_ADDED_GROWTH_NUTS2,el43:nuts2,2015,2026-09-15T16:28:02.595641+00:00,113.3,final,2015-01-01,2015-12-31,1,2026-09-15T16:28:02.595641+00:00
VALUE_ADDED_GROWTH_NUTS2,el43:nuts2,2016,2026-09-15T16:28:02.595641+00:00,111.2,final,2016-01-01,2016-12-31,1,2026-09-15T16:28:02.595641+00:00
VALUE_ADDED_GROWTH_NUTS2,el43:nuts2,2017,2026-09-15T16:28:02.595641+00:00,115.4,final,2017-01-01,2017-12-31,1,2026-09-15T16:28:02.595641+00:00
VALUE_ADDED_GROWTH_NUTS2,el43:nuts2,2018,2026-09-15T16:28:02.595641+00:00,116.6,final,2018-01-01,2018-12-31,1,2026-09-15T16:28:02.595641+00:00
VALUE_ADDED_GROWTH_NUTS2,el43:nuts2,2019,2026-09-15T16:28:02.595641+00:00,117.6,final,2019-01-01,2019-12-31,1,2026-09-15T16:28:02.595641+00:00
VALUE_ADDED_GROWTH_NUTS2,el43:nuts2,2020,2026-09-15T16:28:02.595641+00:00,100.0,final,2020-01-01,2020-12-31,1,2026-09-15T16:28:02.595641+00:00
VALUE_ADDED_GROWTH_NUTS2,el43:nuts2,2021,2026-09-15T16:28:02.595641+00:00,110.9,final,2021-01-01,2021-12-31,1,2026-09-15T16:28:02.595641+00:00
VALUE_ADDED_GROWTH_NUTS2,el43:nuts2,2022,2026-09-15T16:28:02.595641+00:00,120.6,final,2022-01-01,2022-12-31,1,2026-09-15T16:28:02.595641+00:00
VALUE_ADDED_GROWTH_NUTS2,el43:nuts2,2023,2026-09-15T16:28:02.595641+00:00,123.4,provisional,2023-01-01,2023-12-31,1,2026-09-15T16:28:02.595641+00:00
VALUE_ADDED_GROWTH_NUTS2,el43:nuts2,2024,2026-09-15T16:28:02.595641+00:00,125.6,provisional,2024-01-01,2024-12-31,1,2026-09-15T16:28:02.595641+00:00
VALUE_ADDED_GROWTH_NUTS2,el51:nuts2,2000,2026-09-15T16:28:02.595641+00:00,113.1,final,2000-01-01,2000-12-31,1,2026-09-15T16:28:02.595641+00:00
VALUE_ADDED_GROWTH_NUTS2,el51:nuts2,2001,2026-09-15T16:28:02.595641+00:00,115.6,final,2001-01-01,2001-12-31,1,2026-09-15T16:28:02.595641+00:00
VALUE_ADDED_GROWTH_NUTS2,el51:nuts2,2002,2026-09-15T16:28:02.595641+00:00,118.5,final,2002-01-01,2002-12-31,1,2026-09-15T16:28:02.595641+00:00
VALUE_ADDED_GROWTH_NUTS2,el51:nuts2,2003,2026-09-15T16:28:02.595641+00:00,122.9,final,2003-01-01,2003-12-31,1,2026-09-15T16:28:02.595641+00:00
VALUE_ADDED_GROWTH_NUTS2,el51:nuts2,2004,2026-09-15T16:28:02.595641+00:00,130.3,final,2004-01-01,2004-12-31,1,2026-09-15T16:28:02.595641+00:00
VALUE_ADDED_GROWTH_NUTS2,el51:nuts2,2005,2026-09-15T16:28:02.595641+00:00,132.9,final,2005-01-01,2005-12-31,1,2026-09-15T16:28:02.595641+00:00
VALUE_ADDED_GROWTH_NUTS2,el51:nuts2,2006,2026-09-15T16:28:02.595641+00:00,131.2,final,2006-01-01,2006-12-31,1,2026-09-15T16:28:02.595641+00:00
VALUE_ADDED_GROWTH_NUTS2,el51:nuts2,2007,2026-09-15T16:28:02.595641+00:00,139.1,final,2007-01-01,2007-12-31,1,2026-09-15T16:28:02.595641+00:00
VALUE_ADDED_GROWTH_NUTS2,el51:nuts2,2008,2026-09-15T16:28:02.595641+00:00,140.9,final,2008-01-01,2008-12-31,1,2026-09-15T16:28:02.595641+00:00
VALUE_ADDED_GROWTH_NUTS2,el51:nuts2,2009,2026-09-15T16:28:02.595641+00:00,136.3,final,2009-01-01,2009-12-31,1,2026-09-15T16:28:02.595641+00:00
VALUE_ADDED_GROWTH_NUTS2,el51:nuts2,2010,2026-09-15T16:28:02.595641+00:00,135.6,final,2010-01-01,2010-12-31,1,2026-09-15T16:28:02.595641+00:00
VALUE_ADDED_GROWTH_NUTS2,el51:nuts2,2011,2026-09-15T16:28:02.595641+00:00,119.0,final,2011-01-01,2011-12-31,1,2026-09-15T16:28:02.595641+00:00
VALUE_ADDED_GROWTH_NUTS2,el51:nuts2,2012,2026-09-15T16:28:02.595641+00:00,111.7,final,2012-01-01,2012-12-31,1,2026-09-15T16:28:02.595641+00:00
VALUE_ADDED_GROWTH_NUTS2,el51:nuts2,2013,2026-09-15T16:28:02.595641+00:00,107.2,final,2013-01-01,2013-12-31,1,2026-09-15T16:28:02.595641+00:00
VALUE_ADDED_GROWTH_NUTS2,el51:nuts2,2014,2026-09-15T16:28:02.595641+00:00,106.3,final,2014-01-01,2014-12-31,1,2026-09-15T16:28:02.595641+00:00
VALUE_ADDED_GROWTH_NUTS2,el51:nuts2,2015,2026-09-15T16:28:02.595641+00:00,105.3,final,2015-01-01,2015-12-31,1,2026-09-15T16:28:02.595641+00:00
VALUE_ADDED_GROWTH_NUTS2,el51:nuts2,2016,2026-09-15T16:28:02.595641+00:00,107.0,final,2016-01-01,2016-12-31,1,2026-09-15T16:28:02.595641+00:00
VALUE_ADDED_GROWTH_NUTS2,el51:nuts2,2017,2026-09-15T16:28:02.595641+00:00,107.1,final,2017-01-01,2017-12-31,1,2026-09-15T16:28:02.595641+00:00
VALUE_ADDED_GROWTH_NUTS2,el51:nuts2,2018,2026-09-15T16:28:02.595641+00:00,108.9,final,2018-01-01,2018-12-31,1,2026-09-15T16:28:02.595641+00:00
VALUE_ADDED_GROWTH_NUTS2,el51:nuts2,2019,2026-09-15T16:28:02.595641+00:00,108.8,final,2019-01-01,2019-12-31,1,2026-09-15T16:28:02.595641+00:00
VALUE_ADDED_GROWTH_NUTS2,el51:nuts2,2020,2026-09-15T16:28:02.595641+00:00,100.0,final,2020-01-01,2020-12-31,1,2026-09-15T16:28:02.595641+00:00
VALUE_ADDED_GROWTH_NUTS2,el51:nuts2,2021,2026-09-15T16:28:02.595641+00:00,107.9,final,2021-01-01,2021-12-31,1,2026-09-15T16:28:02.595641+00:00
VALUE_ADDED_GROWTH_NUTS2,el51:nuts2,2022,2026-09-15T16:28:02.595641+00:00,112.1,final,2022-01-01,2022-12-31,1,2026-09-15T16:28:02.595641+00:00
VALUE_ADDED_GROWTH_NUTS2,el51:nuts2,2023,2026-09-15T16:28:02.595641+00:00,113.5,provisional,2023-01-01,2023-12-31,1,2026-09-15T16:28:02.595641+00:00
VALUE_ADDED_GROWTH_NUTS2,el51:nuts2,2024,2026-09-15T16:28:02.595641+00:00,116.4,provisional,2024-01-01,2024-12-31,1,2026-09-15T16:28:02.595641+00:00
VALUE_ADDED_GROWTH_NUTS2,el52:nuts2,2000,2026-09-15T16:28:02.595641+00:00,101.1,final,2000-01-01,2000-12-31,1,2026-09-15T16:28:02.595641+00:00
VALUE_ADDED_GROWTH_NUTS2,el52:nuts2,2001,2026-09-15T16:28:02.595641+00:00,105.5,final,2001-01-01,2001-12-31,1,2026-09-15T16:28:02.595641+00:00
VALUE_ADDED_GROWTH_NUTS2,el52:nuts2,2002,2026-09-15T16:28:02.595641+00:00,109.9,final,2002-01-01,2002-12-31,1,2026-09-15T16:28:02.595641+00:00
VALUE_ADDED_GROWTH_NUTS2,el52:nuts2,2003,2026-09-15T16:28:02.595641+00:00,114.9,final,2003-01-01,2003-12-31,1,2026-09-15T16:28:02.595641+00:00
VALUE_ADDED_GROWTH_NUTS2,el52:nuts2,2004,2026-09-15T16:28:02.595641+00:00,124.5,final,2004-01-01,2004-12-31,1,2026-09-15T16:28:02.595641+00:00
VALUE_ADDED_GROWTH_NUTS2,el52:nuts2,2005,2026-09-15T16:28:02.595641+00:00,123.3,final,2005-01-01,2005-12-31,1,2026-09-15T16:28:02.595641+00:00
VALUE_ADDED_GROWTH_NUTS2,el52:nuts2,2006,2026-09-15T16:28:02.595641+00:00,129.1,final,2006-01-01,2006-12-31,1,2026-09-15T16:28:02.595641+00:00
VALUE_ADDED_GROWTH_NUTS2,el52:nuts2,2007,2026-09-15T16:28:02.595641+00:00,134.9,final,2007-01-01,2007-12-31,1,2026-09-15T16:28:02.595641+00:00
VALUE_ADDED_GROWTH_NUTS2,el52:nuts2,2008,2026-09-15T16:28:02.595641+00:00,134.9,final,2008-01-01,2008-12-31,1,2026-09-15T16:28:02.595641+00:00
VALUE_ADDED_GROWTH_NUTS2,el52:nuts2,2009,2026-09-15T16:28:02.595641+00:00,130.5,final,2009-01-01,2009-12-31,1,2026-09-15T16:28:02.595641+00:00
VALUE_ADDED_GROWTH_NUTS2,el52:nuts2,2010,2026-09-15T16:28:02.595641+00:00,121.4,final,2010-01-01,2010-12-31,1,2026-09-15T16:28:02.595641+00:00
VALUE_ADDED_GROWTH_NUTS2,el52:nuts2,2011,2026-09-15T16:28:02.595641+00:00,111.7,final,2011-01-01,2011-12-31,1,2026-09-15T16:28:02.595641+00:00
VALUE_ADDED_GROWTH_NUTS2,el52:nuts2,2012,2026-09-15T16:28:02.595641+00:00,104.0,final,2012-01-01,2012-12-31,1,2026-09-15T16:28:02.595641+00:00
VALUE_ADDED_GROWTH_NUTS2,el52:nuts2,2013,2026-09-15T16:28:02.595641+00:00,100.7,final,2013-01-01,2013-12-31,1,2026-09-15T16:28:02.595641+00:00
VALUE_ADDED_GROWTH_NUTS2,el52:nuts2,2014,2026-09-15T16:28:02.595641+00:00,100.0,final,2014-01-01,2014-12-31,1,2026-09-15T16:28:02.595641+00:00
VALUE_ADDED_GROWTH_NUTS2,el52:nuts2,2015,2026-09-15T16:28:02.595641+00:00,101.9,final,2015-01-01,2015-12-31,1,2026-09-15T16:28:02.595641+00:00
VALUE_ADDED_GROWTH_NUTS2,el52:nuts2,2016,2026-09-15T16:28:02.595641+00:00,102.7,final,2016-01-01,2016-12-31,1,2026-09-15T16:28:02.595641+00:00
VALUE_ADDED_GROWTH_NUTS2,el52:nuts2,2017,2026-09-15T16:28:02.595641+00:00,104.2,final,2017-01-01,2017-12-31,1,2026-09-15T16:28:02.595641+00:00
VALUE_ADDED_GROWTH_NUTS2,el52:nuts2,2018,2026-09-15T16:28:02.595641+00:00,107.0,final,2018-01-01,2018-12-31,1,2026-09-15T16:28:02.595641+00:00
VALUE_ADDED_GROWTH_NUTS2,el52:nuts2,2019,2026-09-15T16:28:02.595641+00:00,108.5,final,2019-01-01,2019-12-31,1,2026-09-15T16:28:02.595641+00:00
VALUE_ADDED_GROWTH_NUTS2,el52:nuts2,2020,2026-09-15T16:28:02.595641+00:00,100.0,final,2020-01-01,2020-12-31,1,2026-09-15T16:28:02.595641+00:00
VALUE_ADDED_GROWTH_NUTS2,el52:nuts2,2021,2026-09-15T16:28:02.595641+00:00,106.6,final,2021-01-01,2021-12-31,1,2026-09-15T16:28:02.595641+00:00
VALUE_ADDED_GROWTH_NUTS2,el52:nuts2,2022,2026-09-15T16:28:02.595641+00:00,114.8,final,2022-01-01,2022-12-31,1,2026-09-15T16:28:02.595641+00:00
VALUE_ADDED_GROWTH_NUTS2,el52:nuts2,2023,2026-09-15T16:28:02.595641+00:00,116.0,provisional,2023-01-01,2023-12-31,1,2026-09-15T16:28:02.595641+00:00
VALUE_ADDED_GROWTH_NUTS2,el52:nuts2,2024,2026-09-15T16:28:02.595641+00:00,118.2,provisional,2024-01-01,2024-12-31,1,2026-09-15T16:28:02.595641+00:00
VALUE_ADDED_GROWTH_NUTS2,el53:nuts2,2000,2026-09-15T16:28:02.595641+00:00,149.6,final,2000-01-01,2000-12-31,1,2026-09-15T16:28:02.595641+00:00
VALUE_ADDED_GROWTH_NUTS2,el53:nuts2,2001,2026-09-15T16:28:02.595641+00:00,151.0,final,2001-01-01,2001-12-31,1,2026-09-15T16:28:02.595641+00:00
VALUE_ADDED_GROWTH_NUTS2,el53:nuts2,2002,2026-09-15T16:28:02.595641+00:00,150.6,final,2002-01-01,2002-12-31,1,2026-09-15T16:28:02.595641+00:00
VALUE_ADDED_GROWTH_NUTS2,el53:nuts2,2003,2026-09-15T16:28:02.595641+00:00,162.0,final,2003-01-01,2003-12-31,1,2026-09-15T16:28:02.595641+00:00
VALUE_ADDED_GROWTH_NUTS2,el53:nuts2,2004,2026-09-15T16:28:02.595641+00:00,173.8,final,2004-01-01,2004-12-31,1,2026-09-15T16:28:02.595641+00:00
VALUE_ADDED_GROWTH_NUTS2,el53:nuts2,2005,2026-09-15T16:28:02.595641+00:00,181.1,final,2005-01-01,2005-12-31,1,2026-09-15T16:28:02.595641+00:00
VALUE_ADDED_GROWTH_NUTS2,el53:nuts2,2006,2026-09-15T16:28:02.595641+00:00,187.5,final,2006-01-01,2006-12-31,1,2026-09-15T16:28:02.595641+00:00
VALUE_ADDED_GROWTH_NUTS2,el53:nuts2,2007,2026-09-15T16:28:02.595641+00:00,181.4,final,2007-01-01,2007-12-31,1,2026-09-15T16:28:02.595641+00:00
VALUE_ADDED_GROWTH_NUTS2,el53:nuts2,2008,2026-09-15T16:28:02.595641+00:00,172.0,final,2008-01-01,2008-12-31,1,2026-09-15T16:28:02.595641+00:00
VALUE_ADDED_GROWTH_NUTS2,el53:nuts2,2009,2026-09-15T16:28:02.595641+00:00,169.8,final,2009-01-01,2009-12-31,1,2026-09-15T16:28:02.595641+00:00
VALUE_ADDED_GROWTH_NUTS2,el53:nuts2,2010,2026-09-15T16:28:02.595641+00:00,170.1,final,2010-01-01,2010-12-31,1,2026-09-15T16:28:02.595641+00:00
VALUE_ADDED_GROWTH_NUTS2,el53:nuts2,2011,2026-09-15T16:28:02.595641+00:00,168.0,final,2011-01-01,2011-12-31,1,2026-09-15T16:28:02.595641+00:00
VALUE_ADDED_GROWTH_NUTS2,el53:nuts2,2012,2026-09-15T16:28:02.595641+00:00,169.9,final,2012-01-01,2012-12-31,1,2026-09-15T16:28:02.595641+00:00
VALUE_ADDED_GROWTH_NUTS2,el53:nuts2,2013,2026-09-15T16:28:02.595641+00:00,154.1,final,2013-01-01,2013-12-31,1,2026-09-15T16:28:02.595641+00:00
VALUE_ADDED_GROWTH_NUTS2,el53:nuts2,2014,2026-09-15T16:28:02.595641+00:00,147.1,final,2014-01-01,2014-12-31,1,2026-09-15T16:28:02.595641+00:00
VALUE_ADDED_GROWTH_NUTS2,el53:nuts2,2015,2026-09-15T16:28:02.595641+00:00,134.1,final,2015-01-01,2015-12-31,1,2026-09-15T16:28:02.595641+00:00
VALUE_ADDED_GROWTH_NUTS2,el53:nuts2,2016,2026-09-15T16:28:02.595641+00:00,125.6,final,2016-01-01,2016-12-31,1,2026-09-15T16:28:02.595641+00:00
VALUE_ADDED_GROWTH_NUTS2,el53:nuts2,2017,2026-09-15T16:28:02.595641+00:00,126.2,final,2017-01-01,2017-12-31,1,2026-09-15T16:28:02.595641+00:00
VALUE_ADDED_GROWTH_NUTS2,el53:nuts2,2018,2026-09-15T16:28:02.595641+00:00,125.3,final,2018-01-01,2018-12-31,1,2026-09-15T16:28:02.595641+00:00
VALUE_ADDED_GROWTH_NUTS2,el53:nuts2,2019,2026-09-15T16:28:02.595641+00:00,116.7,final,2019-01-01,2019-12-31,1,2026-09-15T16:28:02.595641+00:00
VALUE_ADDED_GROWTH_NUTS2,el53:nuts2,2020,2026-09-15T16:28:02.595641+00:00,100.0,final,2020-01-01,2020-12-31,1,2026-09-15T16:28:02.595641+00:00
VALUE_ADDED_GROWTH_NUTS2,el53:nuts2,2021,2026-09-15T16:28:02.595641+00:00,103.9,final,2021-01-01,2021-12-31,1,2026-09-15T16:28:02.595641+00:00
VALUE_ADDED_GROWTH_NUTS2,el53:nuts2,2022,2026-09-15T16:28:02.595641+00:00,97.7,final,2022-01-01,2022-12-31,1,2026-09-15T16:28:02.595641+00:00
VALUE_ADDED_GROWTH_NUTS2,el53:nuts2,2023,2026-09-15T16:28:02.595641+00:00,94.9,provisional,2023-01-01,2023-12-31,1,2026-09-15T16:28:02.595641+00:00
VALUE_ADDED_GROWTH_NUTS2,el53:nuts2,2024,2026-09-15T16:28:02.595641+00:00,94.7,provisional,2024-01-01,2024-12-31,1,2026-09-15T16:28:02.595641+00:00
VALUE_ADDED_GROWTH_NUTS2,el54:nuts2,2000,2026-09-15T16:28:02.595641+00:00,115.7,final,2000-01-01,2000-12-31,1,2026-09-15T16:28:02.595641+00:00
VALUE_ADDED_GROWTH_NUTS2,el54:nuts2,2001,2026-09-15T16:28:02.595641+00:00,120.1,final,2001-01-01,2001-12-31,1,2026-09-15T16:28:02.595641+00:00
VALUE_ADDED_GROWTH_NUTS2,el54:nuts2,2002,2026-09-15T16:28:02.595641+00:00,123.9,final,2002-01-01,2002-12-31,1,2026-09-15T16:28:02.595641+00:00
VALUE_ADDED_GROWTH_NUTS2,el54:nuts2,2003,2026-09-15T16:28:02.595641+00:00,128.6,final,2003-01-01,2003-12-31,1,2026-09-15T16:28:02.595641+00:00
VALUE_ADDED_GROWTH_NUTS2,el54:nuts2,2004,2026-09-15T16:28:02.595641+00:00,130.8,final,2004-01-01,2004-12-31,1,2026-09-15T16:28:02.595641+00:00
VALUE_ADDED_GROWTH_NUTS2,el54:nuts2,2005,2026-09-15T16:28:02.595641+00:00,131.3,final,2005-01-01,2005-12-31,1,2026-09-15T16:28:02.595641+00:00
VALUE_ADDED_GROWTH_NUTS2,el54:nuts2,2006,2026-09-15T16:28:02.595641+00:00,135.5,final,2006-01-01,2006-12-31,1,2026-09-15T16:28:02.595641+00:00
VALUE_ADDED_GROWTH_NUTS2,el54:nuts2,2007,2026-09-15T16:28:02.595641+00:00,137.0,final,2007-01-01,2007-12-31,1,2026-09-15T16:28:02.595641+00:00
VALUE_ADDED_GROWTH_NUTS2,el54:nuts2,2008,2026-09-15T16:28:02.595641+00:00,134.0,final,2008-01-01,2008-12-31,1,2026-09-15T16:28:02.595641+00:00
VALUE_ADDED_GROWTH_NUTS2,el54:nuts2,2009,2026-09-15T16:28:02.595641+00:00,129.1,final,2009-01-01,2009-12-31,1,2026-09-15T16:28:02.595641+00:00
VALUE_ADDED_GROWTH_NUTS2,el54:nuts2,2010,2026-09-15T16:28:02.595641+00:00,126.1,final,2010-01-01,2010-12-31,1,2026-09-15T16:28:02.595641+00:00
VALUE_ADDED_GROWTH_NUTS2,el54:nuts2,2011,2026-09-15T16:28:02.595641+00:00,117.2,final,2011-01-01,2011-12-31,1,2026-09-15T16:28:02.595641+00:00
VALUE_ADDED_GROWTH_NUTS2,el54:nuts2,2012,2026-09-15T16:28:02.595641+00:00,106.1,final,2012-01-01,2012-12-31,1,2026-09-15T16:28:02.595641+00:00
VALUE_ADDED_GROWTH_NUTS2,el54:nuts2,2013,2026-09-15T16:28:02.595641+00:00,106.6,final,2013-01-01,2013-12-31,1,2026-09-15T16:28:02.595641+00:00
VALUE_ADDED_GROWTH_NUTS2,el54:nuts2,2014,2026-09-15T16:28:02.595641+00:00,106.6,final,2014-01-01,2014-12-31,1,2026-09-15T16:28:02.595641+00:00
VALUE_ADDED_GROWTH_NUTS2,el54:nuts2,2015,2026-09-15T16:28:02.595641+00:00,106.1,final,2015-01-01,2015-12-31,1,2026-09-15T16:28:02.595641+00:00
VALUE_ADDED_GROWTH_NUTS2,el54:nuts2,2016,2026-09-15T16:28:02.595641+00:00,106.7,final,2016-01-01,2016-12-31,1,2026-09-15T16:28:02.595641+00:00
VALUE_ADDED_GROWTH_NUTS2,el54:nuts2,2017,2026-09-15T16:28:02.595641+00:00,107.0,final,2017-01-01,2017-12-31,1,2026-09-15T16:28:02.595641+00:00
VALUE_ADDED_GROWTH_NUTS2,el54:nuts2,2018,2026-09-15T16:28:02.595641+00:00,109.2,final,2018-01-01,2018-12-31,1,2026-09-15T16:28:02.595641+00:00
VALUE_ADDED_GROWTH_NUTS2,el54:nuts2,2019,2026-09-15T16:28:02.595641+00:00,109.6,final,2019-01-01,2019-12-31,1,2026-09-15T16:28:02.595641+00:00
VALUE_ADDED_GROWTH_NUTS2,el54:nuts2,2020,2026-09-15T16:28:02.595641+00:00,100.0,final,2020-01-01,2020-12-31,1,2026-09-15T16:28:02.595641+00:00
VALUE_ADDED_GROWTH_NUTS2,el54:nuts2,2021,2026-09-15T16:28:02.595641+00:00,106.6,final,2021-01-01,2021-12-31,1,2026-09-15T16:28:02.595641+00:00
VALUE_ADDED_GROWTH_NUTS2,el54:nuts2,2022,2026-09-15T16:28:02.595641+00:00,110.7,final,2022-01-01,2022-12-31,1,2026-09-15T16:28:02.595641+00:00
VALUE_ADDED_GROWTH_NUTS2,el54:nuts2,2023,2026-09-15T16:28:02.595641+00:00,113.8,provisional,2023-01-01,2023-12-31,1,2026-09-15T16:28:02.595641+00:00
VALUE_ADDED_GROWTH_NUTS2,el54:nuts2,2024,2026-09-15T16:28:02.595641+00:00,116.1,provisional,2024-01-01,2024-12-31,1,2026-09-15T16:28:02.595641+00:00
VALUE_ADDED_GROWTH_NUTS2,el61:nuts2,2000,2026-09-15T16:28:02.595641+00:00,96.0,final,2000-01-01,2000-12-31,1,2026-09-15T16:28:02.595641+00:00
VALUE_ADDED_GROWTH_NUTS2,el61:nuts2,2001,2026-09-15T16:28:02.595641+00:00,100.5,final,2001-01-01,2001-12-31,1,2026-09-15T16:28:02.595641+00:00
VALUE_ADDED_GROWTH_NUTS2,el61:nuts2,2002,2026-09-15T16:28:02.595641+00:00,111.2,final,2002-01-01,2002-12-31,1,2026-09-15T16:28:02.595641+00:00
VALUE_ADDED_GROWTH_NUTS2,el61:nuts2,2003,2026-09-15T16:28:02.595641+00:00,121.0,final,2003-01-01,2003-12-31,1,2026-09-15T16:28:02.595641+00:00
VALUE_ADDED_GROWTH_NUTS2,el61:nuts2,2004,2026-09-15T16:28:02.595641+00:00,127.7,final,2004-01-01,2004-12-31,1,2026-09-15T16:28:02.595641+00:00
VALUE_ADDED_GROWTH_NUTS2,el61:nuts2,2005,2026-09-15T16:28:02.595641+00:00,123.9,final,2005-01-01,2005-12-31,1,2026-09-15T16:28:02.595641+00:00
VALUE_ADDED_GROWTH_NUTS2,el61:nuts2,2006,2026-09-15T16:28:02.595641+00:00,129.0,final,2006-01-01,2006-12-31,1,2026-09-15T16:28:02.595641+00:00
VALUE_ADDED_GROWTH_NUTS2,el61:nuts2,2007,2026-09-15T16:28:02.595641+00:00,130.4,final,2007-01-01,2007-12-31,1,2026-09-15T16:28:02.595641+00:00
VALUE_ADDED_GROWTH_NUTS2,el61:nuts2,2008,2026-09-15T16:28:02.595641+00:00,130.3,final,2008-01-01,2008-12-31,1,2026-09-15T16:28:02.595641+00:00
VALUE_ADDED_GROWTH_NUTS2,el61:nuts2,2009,2026-09-15T16:28:02.595641+00:00,125.7,final,2009-01-01,2009-12-31,1,2026-09-15T16:28:02.595641+00:00
VALUE_ADDED_GROWTH_NUTS2,el61:nuts2,2010,2026-09-15T16:28:02.595641+00:00,114.6,final,2010-01-01,2010-12-31,1,2026-09-15T16:28:02.595641+00:00
VALUE_ADDED_GROWTH_NUTS2,el61:nuts2,2011,2026-09-15T16:28:02.595641+00:00,103.8,final,2011-01-01,2011-12-31,1,2026-09-15T16:28:02.595641+00:00
VALUE_ADDED_GROWTH_NUTS2,el61:nuts2,2012,2026-09-15T16:28:02.595641+00:00,100.4,final,2012-01-01,2012-12-31,1,2026-09-15T16:28:02.595641+00:00
VALUE_ADDED_GROWTH_NUTS2,el61:nuts2,2013,2026-09-15T16:28:02.595641+00:00,99.9,final,2013-01-01,2013-12-31,1,2026-09-15T16:28:02.595641+00:00
VALUE_ADDED_GROWTH_NUTS2,el61:nuts2,2014,2026-09-15T16:28:02.595641+00:00,101.1,final,2014-01-01,2014-12-31,1,2026-09-15T16:28:02.595641+00:00
VALUE_ADDED_GROWTH_NUTS2,el61:nuts2,2015,2026-09-15T16:28:02.595641+00:00,102.3,final,2015-01-01,2015-12-31,1,2026-09-15T16:28:02.595641+00:00
VALUE_ADDED_GROWTH_NUTS2,el61:nuts2,2016,2026-09-15T16:28:02.595641+00:00,100.9,final,2016-01-01,2016-12-31,1,2026-09-15T16:28:02.595641+00:00
VALUE_ADDED_GROWTH_NUTS2,el61:nuts2,2017,2026-09-15T16:28:02.595641+00:00,101.9,final,2017-01-01,2017-12-31,1,2026-09-15T16:28:02.595641+00:00
VALUE_ADDED_GROWTH_NUTS2,el61:nuts2,2018,2026-09-15T16:28:02.595641+00:00,105.2,final,2018-01-01,2018-12-31,1,2026-09-15T16:28:02.595641+00:00
VALUE_ADDED_GROWTH_NUTS2,el61:nuts2,2019,2026-09-15T16:28:02.595641+00:00,107.9,final,2019-01-01,2019-12-31,1,2026-09-15T16:28:02.595641+00:00
VALUE_ADDED_GROWTH_NUTS2,el61:nuts2,2020,2026-09-15T16:28:02.595641+00:00,100.0,final,2020-01-01,2020-12-31,1,2026-09-15T16:28:02.595641+00:00
VALUE_ADDED_GROWTH_NUTS2,el61:nuts2,2021,2026-09-15T16:28:02.595641+00:00,110.4,final,2021-01-01,2021-12-31,1,2026-09-15T16:28:02.595641+00:00
VALUE_ADDED_GROWTH_NUTS2,el61:nuts2,2022,2026-09-15T16:28:02.595641+00:00,112.4,final,2022-01-01,2022-12-31,1,2026-09-15T16:28:02.595641+00:00
VALUE_ADDED_GROWTH_NUTS2,el61:nuts2,2023,2026-09-15T16:28:02.595641+00:00,113.7,provisional,2023-01-01,2023-12-31,1,2026-09-15T16:28:02.595641+00:00
VALUE_ADDED_GROWTH_NUTS2,el61:nuts2,2024,2026-09-15T16:28:02.595641+00:00,116.2,provisional,2024-01-01,2024-12-31,1,2026-09-15T16:28:02.595641+00:00
VALUE_ADDED_GROWTH_NUTS2,el62:nuts2,2000,2026-09-15T16:28:02.595641+00:00,126.7,final,2000-01-01,2000-12-31,1,2026-09-15T16:28:02.595641+00:00
VALUE_ADDED_GROWTH_NUTS2,el62:nuts2,2001,2026-09-15T16:28:02.595641+00:00,130.2,final,2001-01-01,2001-12-31,1,2026-09-15T16:28:02.595641+00:00
VALUE_ADDED_GROWTH_NUTS2,el62:nuts2,2002,2026-09-15T16:28:02.595641+00:00,133.7,final,2002-01-01,2002-12-31,1,2026-09-15T16:28:02.595641+00:00
VALUE_ADDED_GROWTH_NUTS2,el62:nuts2,2003,2026-09-15T16:28:02.595641+00:00,146.3,final,2003-01-01,2003-12-31,1,2026-09-15T16:28:02.595641+00:00
VALUE_ADDED_GROWTH_NUTS2,el62:nuts2,2004,2026-09-15T16:28:02.595641+00:00,153.8,final,2004-01-01,2004-12-31,1,2026-09-15T16:28:02.595641+00:00
VALUE_ADDED_GROWTH_NUTS2,el62:nuts2,2005,2026-09-15T16:28:02.595641+00:00,157.7,final,2005-01-01,2005-12-31,1,2026-09-15T16:28:02.595641+00:00
VALUE_ADDED_GROWTH_NUTS2,el62:nuts2,2006,2026-09-15T16:28:02.595641+00:00,161.4,final,2006-01-01,2006-12-31,1,2026-09-15T16:28:02.595641+00:00
VALUE_ADDED_GROWTH_NUTS2,el62:nuts2,2007,2026-09-15T16:28:02.595641+00:00,165.6,final,2007-01-01,2007-12-31,1,2026-09-15T16:28:02.595641+00:00
VALUE_ADDED_GROWTH_NUTS2,el62:nuts2,2008,2026-09-15T16:28:02.595641+00:00,169.9,final,2008-01-01,2008-12-31,1,2026-09-15T16:28:02.595641+00:00
VALUE_ADDED_GROWTH_NUTS2,el62:nuts2,2009,2026-09-15T16:28:02.595641+00:00,155.7,final,2009-01-01,2009-12-31,1,2026-09-15T16:28:02.595641+00:00
VALUE_ADDED_GROWTH_NUTS2,el62:nuts2,2010,2026-09-15T16:28:02.595641+00:00,145.6,final,2010-01-01,2010-12-31,1,2026-09-15T16:28:02.595641+00:00
VALUE_ADDED_GROWTH_NUTS2,el62:nuts2,2011,2026-09-15T16:28:02.595641+00:00,127.9,final,2011-01-01,2011-12-31,1,2026-09-15T16:28:02.595641+00:00
VALUE_ADDED_GROWTH_NUTS2,el62:nuts2,2012,2026-09-15T16:28:02.595641+00:00,121.5,final,2012-01-01,2012-12-31,1,2026-09-15T16:28:02.595641+00:00
VALUE_ADDED_GROWTH_NUTS2,el62:nuts2,2013,2026-09-15T16:28:02.595641+00:00,123.2,final,2013-01-01,2013-12-31,1,2026-09-15T16:28:02.595641+00:00
VALUE_ADDED_GROWTH_NUTS2,el62:nuts2,2014,2026-09-15T16:28:02.595641+00:00,125.6,final,2014-01-01,2014-12-31,1,2026-09-15T16:28:02.595641+00:00
VALUE_ADDED_GROWTH_NUTS2,el62:nuts2,2015,2026-09-15T16:28:02.595641+00:00,123.4,final,2015-01-01,2015-12-31,1,2026-09-15T16:28:02.595641+00:00
VALUE_ADDED_GROWTH_NUTS2,el62:nuts2,2016,2026-09-15T16:28:02.595641+00:00,122.7,final,2016-01-01,2016-12-31,1,2026-09-15T16:28:02.595641+00:00
VALUE_ADDED_GROWTH_NUTS2,el62:nuts2,2017,2026-09-15T16:28:02.595641+00:00,124.5,final,2017-01-01,2017-12-31,1,2026-09-15T16:28:02.595641+00:00
VALUE_ADDED_GROWTH_NUTS2,el62:nuts2,2018,2026-09-15T16:28:02.595641+00:00,126.6,final,2018-01-01,2018-12-31,1,2026-09-15T16:28:02.595641+00:00
VALUE_ADDED_GROWTH_NUTS2,el62:nuts2,2019,2026-09-15T16:28:02.595641+00:00,127.3,final,2019-01-01,2019-12-31,1,2026-09-15T16:28:02.595641+00:00
VALUE_ADDED_GROWTH_NUTS2,el62:nuts2,2020,2026-09-15T16:28:02.595641+00:00,100.0,final,2020-01-01,2020-12-31,1,2026-09-15T16:28:02.595641+00:00
VALUE_ADDED_GROWTH_NUTS2,el62:nuts2,2021,2026-09-15T16:28:02.595641+00:00,112.4,final,2021-01-01,2021-12-31,1,2026-09-15T16:28:02.595641+00:00
VALUE_ADDED_GROWTH_NUTS2,el62:nuts2,2022,2026-09-15T16:28:02.595641+00:00,123.1,final,2022-01-01,2022-12-31,1,2026-09-15T16:28:02.595641+00:00
VALUE_ADDED_GROWTH_NUTS2,el62:nuts2,2023,2026-09-15T16:28:02.595641+00:00,130.8,provisional,2023-01-01,2023-12-31,1,2026-09-15T16:28:02.595641+00:00
VALUE_ADDED_GROWTH_NUTS2,el62:nuts2,2024,2026-09-15T16:28:02.595641+00:00,132.3,provisional,2024-01-01,2024-12-31,1,2026-09-15T16:28:02.595641+00:00
VALUE_ADDED_GROWTH_NUTS2,el63:nuts2,2000,2026-09-15T16:28:02.595641+00:00,113.7,final,2000-01-01,2000-12-31,1,2026-09-15T16:28:02.595641+00:00
VALUE_ADDED_GROWTH_NUTS2,el63:nuts2,2001,2026-09-15T16:28:02.595641+00:00,117.9,final,2001-01-01,2001-12-31,1,2026-09-15T16:28:02.595641+00:00
VALUE_ADDED_GROWTH_NUTS2,el63:nuts2,2002,2026-09-15T16:28:02.595641+00:00,121.7,final,2002-01-01,2002-12-31,1,2026-09-15T16:28:02.595641+00:00
VALUE_ADDED_GROWTH_NUTS2,el63:nuts2,2003,2026-09-15T16:28:02.595641+00:00,128.2,final,2003-01-01,2003-12-31,1,2026-09-15T16:28:02.595641+00:00
VALUE_ADDED_GROWTH_NUTS2,el63:nuts2,2004,2026-09-15T16:28:02.595641+00:00,137.2,final,2004-01-01,2004-12-31,1,2026-09-15T16:28:02.595641+00:00
VALUE_ADDED_GROWTH_NUTS2,el63:nuts2,2005,2026-09-15T16:28:02.595641+00:00,139.2,final,2005-01-01,2005-12-31,1,2026-09-15T16:28:02.595641+00:00
VALUE_ADDED_GROWTH_NUTS2,el63:nuts2,2006,2026-09-15T16:28:02.595641+00:00,147.9,final,2006-01-01,2006-12-31,1,2026-09-15T16:28:02.595641+00:00
VALUE_ADDED_GROWTH_NUTS2,el63:nuts2,2007,2026-09-15T16:28:02.595641+00:00,149.8,final,2007-01-01,2007-12-31,1,2026-09-15T16:28:02.595641+00:00
VALUE_ADDED_GROWTH_NUTS2,el63:nuts2,2008,2026-09-15T16:28:02.595641+00:00,146.3,final,2008-01-01,2008-12-31,1,2026-09-15T16:28:02.595641+00:00
VALUE_ADDED_GROWTH_NUTS2,el63:nuts2,2009,2026-09-15T16:28:02.595641+00:00,137.7,final,2009-01-01,2009-12-31,1,2026-09-15T16:28:02.595641+00:00
VALUE_ADDED_GROWTH_NUTS2,el63:nuts2,2010,2026-09-15T16:28:02.595641+00:00,132.6,final,2010-01-01,2010-12-31,1,2026-09-15T16:28:02.595641+00:00
VALUE_ADDED_GROWTH_NUTS2,el63:nuts2,2011,2026-09-15T16:28:02.595641+00:00,119.1,final,2011-01-01,2011-12-31,1,2026-09-15T16:28:02.595641+00:00
VALUE_ADDED_GROWTH_NUTS2,el63:nuts2,2012,2026-09-15T16:28:02.595641+00:00,112.6,final,2012-01-01,2012-12-31,1,2026-09-15T16:28:02.595641+00:00
VALUE_ADDED_GROWTH_NUTS2,el63:nuts2,2013,2026-09-15T16:28:02.595641+00:00,108.7,final,2013-01-01,2013-12-31,1,2026-09-15T16:28:02.595641+00:00
VALUE_ADDED_GROWTH_NUTS2,el63:nuts2,2014,2026-09-15T16:28:02.595641+00:00,109.4,final,2014-01-01,2014-12-31,1,2026-09-15T16:28:02.595641+00:00
VALUE_ADDED_GROWTH_NUTS2,el63:nuts2,2015,2026-09-15T16:28:02.595641+00:00,108.7,final,2015-01-01,2015-12-31,1,2026-09-15T16:28:02.595641+00:00
VALUE_ADDED_GROWTH_NUTS2,el63:nuts2,2016,2026-09-15T16:28:02.595641+00:00,106.9,final,2016-01-01,2016-12-31,1,2026-09-15T16:28:02.595641+00:00
VALUE_ADDED_GROWTH_NUTS2,el63:nuts2,2017,2026-09-15T16:28:02.595641+00:00,108.4,final,2017-01-01,2017-12-31,1,2026-09-15T16:28:02.595641+00:00
VALUE_ADDED_GROWTH_NUTS2,el63:nuts2,2018,2026-09-15T16:28:02.595641+00:00,108.0,final,2018-01-01,2018-12-31,1,2026-09-15T16:28:02.595641+00:00
VALUE_ADDED_GROWTH_NUTS2,el63:nuts2,2019,2026-09-15T16:28:02.595641+00:00,109.4,final,2019-01-01,2019-12-31,1,2026-09-15T16:28:02.595641+00:00
VALUE_ADDED_GROWTH_NUTS2,el63:nuts2,2020,2026-09-15T16:28:02.595641+00:00,100.0,final,2020-01-01,2020-12-31,1,2026-09-15T16:28:02.595641+00:00
VALUE_ADDED_GROWTH_NUTS2,el63:nuts2,2021,2026-09-15T16:28:02.595641+00:00,106.3,final,2021-01-01,2021-12-31,1,2026-09-15T16:28:02.595641+00:00
VALUE_ADDED_GROWTH_NUTS2,el63:nuts2,2022,2026-09-15T16:28:02.595641+00:00,112.9,final,2022-01-01,2022-12-31,1,2026-09-15T16:28:02.595641+00:00
VALUE_ADDED_GROWTH_NUTS2,el63:nuts2,2023,2026-09-15T16:28:02.595641+00:00,113.3,provisional,2023-01-01,2023-12-31,1,2026-09-15T16:28:02.595641+00:00
VALUE_ADDED_GROWTH_NUTS2,el63:nuts2,2024,2026-09-15T16:28:02.595641+00:00,115.2,provisional,2024-01-01,2024-12-31,1,2026-09-15T16:28:02.595641+00:00
VALUE_ADDED_GROWTH_NUTS2,el64:nuts2,2000,2026-09-15T16:28:02.595641+00:00,117.9,final,2000-01-01,2000-12-31,1,2026-09-15T16:28:02.595641+00:00
VALUE_ADDED_GROWTH_NUTS2,el64:nuts2,2001,2026-09-15T16:28:02.595641+00:00,121.5,final,2001-01-01,2001-12-31,1,2026-09-15T16:28:02.595641+00:00
VALUE_ADDED_GROWTH_NUTS2,el64:nuts2,2002,2026-09-15T16:28:02.595641+00:00,122.8,final,2002-01-01,2002-12-31,1,2026-09-15T16:28:02.595641+00:00
VALUE_ADDED_GROWTH_NUTS2,el64:nuts2,2003,2026-09-15T16:28:02.595641+00:00,129.4,final,2003-01-01,2003-12-31,1,2026-09-15T16:28:02.595641+00:00
VALUE_ADDED_GROWTH_NUTS2,el64:nuts2,2004,2026-09-15T16:28:02.595641+00:00,131.2,final,2004-01-01,2004-12-31,1,2026-09-15T16:28:02.595641+00:00
VALUE_ADDED_GROWTH_NUTS2,el64:nuts2,2005,2026-09-15T16:28:02.595641+00:00,135.2,final,2005-01-01,2005-12-31,1,2026-09-15T16:28:02.595641+00:00
VALUE_ADDED_GROWTH_NUTS2,el64:nuts2,2006,2026-09-15T16:28:02.595641+00:00,133.1,final,2006-01-01,2006-12-31,1,2026-09-15T16:28:02.595641+00:00
VALUE_ADDED_GROWTH_NUTS2,el64:nuts2,2007,2026-09-15T16:28:02.595641+00:00,133.9,final,2007-01-01,2007-12-31,1,2026-09-15T16:28:02.595641+00:00
VALUE_ADDED_GROWTH_NUTS2,el64:nuts2,2008,2026-09-15T16:28:02.595641+00:00,131.0,final,2008-01-01,2008-12-31,1,2026-09-15T16:28:02.595641+00:00
VALUE_ADDED_GROWTH_NUTS2,el64:nuts2,2009,2026-09-15T16:28:02.595641+00:00,127.4,final,2009-01-01,2009-12-31,1,2026-09-15T16:28:02.595641+00:00
VALUE_ADDED_GROWTH_NUTS2,el64:nuts2,2010,2026-09-15T16:28:02.595641+00:00,119.2,final,2010-01-01,2010-12-31,1,2026-09-15T16:28:02.595641+00:00
VALUE_ADDED_GROWTH_NUTS2,el64:nuts2,2011,2026-09-15T16:28:02.595641+00:00,109.8,final,2011-01-01,2011-12-31,1,2026-09-15T16:28:02.595641+00:00
VALUE_ADDED_GROWTH_NUTS2,el64:nuts2,2012,2026-09-15T16:28:02.595641+00:00,102.8,final,2012-01-01,2012-12-31,1,2026-09-15T16:28:02.595641+00:00
VALUE_ADDED_GROWTH_NUTS2,el64:nuts2,2013,2026-09-15T16:28:02.595641+00:00,97.1,final,2013-01-01,2013-12-31,1,2026-09-15T16:28:02.595641+00:00
VALUE_ADDED_GROWTH_NUTS2,el64:nuts2,2014,2026-09-15T16:28:02.595641+00:00,94.4,final,2014-01-01,2014-12-31,1,2026-09-15T16:28:02.595641+00:00
VALUE_ADDED_GROWTH_NUTS2,el64:nuts2,2015,2026-09-15T16:28:02.595641+00:00,93.6,final,2015-01-01,2015-12-31,1,2026-09-15T16:28:02.595641+00:00
VALUE_ADDED_GROWTH_NUTS2,el64:nuts2,2016,2026-09-15T16:28:02.595641+00:00,95.6,final,2016-01-01,2016-12-31,1,2026-09-15T16:28:02.595641+00:00
VALUE_ADDED_GROWTH_NUTS2,el64:nuts2,2017,2026-09-15T16:28:02.595641+00:00,99.8,final,2017-01-01,2017-12-31,1,2026-09-15T16:28:02.595641+00:00
VALUE_ADDED_GROWTH_NUTS2,el64:nuts2,2018,2026-09-15T16:28:02.595641+00:00,103.4,final,2018-01-01,2018-12-31,1,2026-09-15T16:28:02.595641+00:00
VALUE_ADDED_GROWTH_NUTS2,el64:nuts2,2019,2026-09-15T16:28:02.595641+00:00,104.0,final,2019-01-01,2019-12-31,1,2026-09-15T16:28:02.595641+00:00
VALUE_ADDED_GROWTH_NUTS2,el64:nuts2,2020,2026-09-15T16:28:02.595641+00:00,100.0,final,2020-01-01,2020-12-31,1,2026-09-15T16:28:02.595641+00:00
VALUE_ADDED_GROWTH_NUTS2,el64:nuts2,2021,2026-09-15T16:28:02.595641+00:00,106.0,final,2021-01-01,2021-12-31,1,2026-09-15T16:28:02.595641+00:00
VALUE_ADDED_GROWTH_NUTS2,el64:nuts2,2022,2026-09-15T16:28:02.595641+00:00,104.8,final,2022-01-01,2022-12-31,1,2026-09-15T16:28:02.595641+00:00
VALUE_ADDED_GROWTH_NUTS2,el64:nuts2,2023,2026-09-15T16:28:02.595641+00:00,104.8,provisional,2023-01-01,2023-12-31,1,2026-09-15T16:28:02.595641+00:00
VALUE_ADDED_GROWTH_NUTS2,el64:nuts2,2024,2026-09-15T16:28:02.595641+00:00,110.1,provisional,2024-01-01,2024-12-31,1,2026-09-15T16:28:02.595641+00:00
VALUE_ADDED_GROWTH_NUTS2,el65:nuts2,2000,2026-09-15T16:28:02.595641+00:00,102.3,final,2000-01-01,2000-12-31,1,2026-09-15T16:28:02.595641+00:00
VALUE_ADDED_GROWTH_NUTS2,el65:nuts2,2001,2026-09-15T16:28:02.595641+00:00,107.2,final,2001-01-01,2001-12-31,1,2026-09-15T16:28:02.595641+00:00
VALUE_ADDED_GROWTH_NUTS2,el65:nuts2,2002,2026-09-15T16:28:02.595641+00:00,109.2,final,2002-01-01,2002-12-31,1,2026-09-15T16:28:02.595641+00:00
VALUE_ADDED_GROWTH_NUTS2,el65:nuts2,2003,2026-09-15T16:28:02.595641+00:00,114.1,final,2003-01-01,2003-12-31,1,2026-09-15T16:28:02.595641+00:00
VALUE_ADDED_GROWTH_NUTS2,el65:nuts2,2004,2026-09-15T16:28:02.595641+00:00,116.9,final,2004-01-01,2004-12-31,1,2026-09-15T16:28:02.595641+00:00
VALUE_ADDED_GROWTH_NUTS2,el65:nuts2,2005,2026-09-15T16:28:02.595641+00:00,119.3,final,2005-01-01,2005-12-31,1,2026-09-15T16:28:02.595641+00:00
VALUE_ADDED_GROWTH_NUTS2,el65:nuts2,2006,2026-09-15T16:28:02.595641+00:00,127.0,final,2006-01-01,2006-12-31,1,2026-09-15T16:28:02.595641+00:00
VALUE_ADDED_GROWTH_NUTS2,el65:nuts2,2007,2026-09-15T16:28:02.595641+00:00,129.8,final,2007-01-01,2007-12-31,1,2026-09-15T16:28:02.595641+00:00
VALUE_ADDED_GROWTH_NUTS2,el65:nuts2,2008,2026-09-15T16:28:02.595641+00:00,129.3,final,2008-01-01,2008-12-31,1,2026-09-15T16:28:02.595641+00:00
VALUE_ADDED_GROWTH_NUTS2,el65:nuts2,2009,2026-09-15T16:28:02.595641+00:00,126.0,final,2009-01-01,2009-12-31,1,2026-09-15T16:28:02.595641+00:00
VALUE_ADDED_GROWTH_NUTS2,el65:nuts2,2010,2026-09-15T16:28:02.595641+00:00,118.9,final,2010-01-01,2010-12-31,1,2026-09-15T16:28:02.595641+00:00
VALUE_ADDED_GROWTH_NUTS2,el65:nuts2,2011,2026-09-15T16:28:02.595641+00:00,110.6,final,2011-01-01,2011-12-31,1,2026-09-15T16:28:02.595641+00:00
VALUE_ADDED_GROWTH_NUTS2,el65:nuts2,2012,2026-09-15T16:28:02.595641+00:00,104.7,final,2012-01-01,2012-12-31,1,2026-09-15T16:28:02.595641+00:00
VALUE_ADDED_GROWTH_NUTS2,el65:nuts2,2013,2026-09-15T16:28:02.595641+00:00,102.5,final,2013-01-01,2013-12-31,1,2026-09-15T16:28:02.595641+00:00
VALUE_ADDED_GROWTH_NUTS2,el65:nuts2,2014,2026-09-15T16:28:02.595641+00:00,101.9,final,2014-01-01,2014-12-31,1,2026-09-15T16:28:02.595641+00:00
VALUE_ADDED_GROWTH_NUTS2,el65:nuts2,2015,2026-09-15T16:28:02.595641+00:00,103.4,final,2015-01-01,2015-12-31,1,2026-09-15T16:28:02.595641+00:00
VALUE_ADDED_GROWTH_NUTS2,el65:nuts2,2016,2026-09-15T16:28:02.595641+00:00,104.5,final,2016-01-01,2016-12-31,1,2026-09-15T16:28:02.595641+00:00
VALUE_ADDED_GROWTH_NUTS2,el65:nuts2,2017,2026-09-15T16:28:02.595641+00:00,108.0,final,2017-01-01,2017-12-31,1,2026-09-15T16:28:02.595641+00:00
VALUE_ADDED_GROWTH_NUTS2,el65:nuts2,2018,2026-09-15T16:28:02.595641+00:00,108.6,final,2018-01-01,2018-12-31,1,2026-09-15T16:28:02.595641+00:00
VALUE_ADDED_GROWTH_NUTS2,el65:nuts2,2019,2026-09-15T16:28:02.595641+00:00,109.8,final,2019-01-01,2019-12-31,1,2026-09-15T16:28:02.595641+00:00
VALUE_ADDED_GROWTH_NUTS2,el65:nuts2,2020,2026-09-15T16:28:02.595641+00:00,100.0,final,2020-01-01,2020-12-31,1,2026-09-15T16:28:02.595641+00:00
VALUE_ADDED_GROWTH_NUTS2,el65:nuts2,2021,2026-09-15T16:28:02.595641+00:00,105.3,final,2021-01-01,2021-12-31,1,2026-09-15T16:28:02.595641+00:00
VALUE_ADDED_GROWTH_NUTS2,el65:nuts2,2022,2026-09-15T16:28:02.595641+00:00,108.5,final,2022-01-01,2022-12-31,1,2026-09-15T16:28:02.595641+00:00
VALUE_ADDED_GROWTH_NUTS2,el65:nuts2,2023,2026-09-15T16:28:02.595641+00:00,108.7,provisional,2023-01-01,2023-12-31,1,2026-09-15T16:28:02.595641+00:00
VALUE_ADDED_GROWTH_NUTS2,el65:nuts2,2024,2026-09-15T16:28:02.595641+00:00,110.4,provisional,2024-01-01,2024-12-31,1,2026-09-15T16:28:02.595641+00:00
VALUE_ADDED_GROWTH_NUTS2,es11:nuts2,2000,2026-09-15T16:28:02.595641+00:00,80.6,final,2000-01-01,2000-12-31,1,2026-09-15T16:28:02.595641+00:00
VALUE_ADDED_GROWTH_NUTS2,es11:nuts2,2001,2026-09-15T16:28:02.595641+00:00,83.4,final,2001-01-01,2001-12-31,1,2026-09-15T16:28:02.595641+00:00
VALUE_ADDED_GROWTH_NUTS2,es11:nuts2,2002,2026-09-15T16:28:02.595641+00:00,85.4,final,2002-01-01,2002-12-31,1,2026-09-15T16:28:02.595641+00:00
VALUE_ADDED_GROWTH_NUTS2,es11:nuts2,2003,2026-09-15T16:28:02.595641+00:00,87.6,final,2003-01-01,2003-12-31,1,2026-09-15T16:28:02.595641+00:00
VALUE_ADDED_GROWTH_NUTS2,es11:nuts2,2004,2026-09-15T16:28:02.595641+00:00,90.5,final,2004-01-01,2004-12-31,1,2026-09-15T16:28:02.595641+00:00
VALUE_ADDED_GROWTH_NUTS2,es11:nuts2,2005,2026-09-15T16:28:02.595641+00:00,93.4,final,2005-01-01,2005-12-31,1,2026-09-15T16:28:02.595641+00:00
VALUE_ADDED_GROWTH_NUTS2,es11:nuts2,2006,2026-09-15T16:28:02.595641+00:00,97.5,final,2006-01-01,2006-12-31,1,2026-09-15T16:28:02.595641+00:00
VALUE_ADDED_GROWTH_NUTS2,es11:nuts2,2007,2026-09-15T16:28:02.595641+00:00,101.9,final,2007-01-01,2007-12-31,1,2026-09-15T16:28:02.595641+00:00
VALUE_ADDED_GROWTH_NUTS2,es11:nuts2,2008,2026-09-15T16:28:02.595641+00:00,103.9,final,2008-01-01,2008-12-31,1,2026-09-15T16:28:02.595641+00:00
VALUE_ADDED_GROWTH_NUTS2,es11:nuts2,2009,2026-09-15T16:28:02.595641+00:00,100.6,final,2009-01-01,2009-12-31,1,2026-09-15T16:28:02.595641+00:00
VALUE_ADDED_GROWTH_NUTS2,es11:nuts2,2010,2026-09-15T16:28:02.595641+00:00,100.8,final,2010-01-01,2010-12-31,1,2026-09-15T16:28:02.595641+00:00
VALUE_ADDED_GROWTH_NUTS2,es11:nuts2,2011,2026-09-15T16:28:02.595641+00:00,99.6,final,2011-01-01,2011-12-31,1,2026-09-15T16:28:02.595641+00:00
VALUE_ADDED_GROWTH_NUTS2,es11:nuts2,2012,2026-09-15T16:28:02.595641+00:00,97.2,final,2012-01-01,2012-12-31,1,2026-09-15T16:28:02.595641+00:00
VALUE_ADDED_GROWTH_NUTS2,es11:nuts2,2013,2026-09-15T16:28:02.595641+00:00,96.2,final,2013-01-01,2013-12-31,1,2026-09-15T16:28:02.595641+00:00
VALUE_ADDED_GROWTH_NUTS2,es11:nuts2,2014,2026-09-15T16:28:02.595641+00:00,96.6,final,2014-01-01,2014-12-31,1,2026-09-15T16:28:02.595641+00:00
VALUE_ADDED_GROWTH_NUTS2,es11:nuts2,2015,2026-09-15T16:28:02.595641+00:00,100.7,final,2015-01-01,2015-12-31,1,2026-09-15T16:28:02.595641+00:00
VALUE_ADDED_GROWTH_NUTS2,es11:nuts2,2016,2026-09-15T16:28:02.595641+00:00,103.1,final,2016-01-01,2016-12-31,1,2026-09-15T16:28:02.595641+00:00
VALUE_ADDED_GROWTH_NUTS2,es11:nuts2,2017,2026-09-15T16:28:02.595641+00:00,105.7,final,2017-01-01,2017-12-31,1,2026-09-15T16:28:02.595641+00:00
VALUE_ADDED_GROWTH_NUTS2,es11:nuts2,2018,2026-09-15T16:28:02.595641+00:00,108.0,final,2018-01-01,2018-12-31,1,2026-09-15T16:28:02.595641+00:00
VALUE_ADDED_GROWTH_NUTS2,es11:nuts2,2019,2026-09-15T16:28:02.595641+00:00,109.7,final,2019-01-01,2019-12-31,1,2026-09-15T16:28:02.595641+00:00
VALUE_ADDED_GROWTH_NUTS2,es11:nuts2,2020,2026-09-15T16:28:02.595641+00:00,100.0,final,2020-01-01,2020-12-31,1,2026-09-15T16:28:02.595641+00:00
VALUE_ADDED_GROWTH_NUTS2,es11:nuts2,2021,2026-09-15T16:28:02.595641+00:00,105.6,final,2021-01-01,2021-12-31,1,2026-09-15T16:28:02.595641+00:00
VALUE_ADDED_GROWTH_NUTS2,es11:nuts2,2022,2026-09-15T16:28:02.595641+00:00,111.8,final,2022-01-01,2022-12-31,1,2026-09-15T16:28:02.595641+00:00
VALUE_ADDED_GROWTH_NUTS2,es11:nuts2,2023,2026-09-15T16:28:02.595641+00:00,115.0,provisional,2023-01-01,2023-12-31,1,2026-09-15T16:28:02.595641+00:00
VALUE_ADDED_GROWTH_NUTS2,es11:nuts2,2024,2026-09-15T16:28:02.595641+00:00,119.0,provisional,2024-01-01,2024-12-31,1,2026-09-15T16:28:02.595641+00:00
VALUE_ADDED_GROWTH_NUTS2,es12:nuts2,2000,2026-09-15T16:28:02.595641+00:00,93.6,final,2000-01-01,2000-12-31,1,2026-09-15T16:28:02.595641+00:00
VALUE_ADDED_GROWTH_NUTS2,es12:nuts2,2001,2026-09-15T16:28:02.595641+00:00,97.1,final,2001-01-01,2001-12-31,1,2026-09-15T16:28:02.595641+00:00
VALUE_ADDED_GROWTH_NUTS2,es12:nuts2,2002,2026-09-15T16:28:02.595641+00:00,99.1,final,2002-01-01,2002-12-31,1,2026-09-15T16:28:02.595641+00:00
VALUE_ADDED_GROWTH_NUTS2,es12:nuts2,2003,2026-09-15T16:28:02.595641+00:00,101.1,final,2003-01-01,2003-12-31,1,2026-09-15T16:28:02.595641+00:00
VALUE_ADDED_GROWTH_NUTS2,es12:nuts2,2004,2026-09-15T16:28:02.595641+00:00,102.9,final,2004-01-01,2004-12-31,1,2026-09-15T16:28:02.595641+00:00
VALUE_ADDED_GROWTH_NUTS2,es12:nuts2,2005,2026-09-15T16:28:02.595641+00:00,105.7,final,2005-01-01,2005-12-31,1,2026-09-15T16:28:02.595641+00:00
VALUE_ADDED_GROWTH_NUTS2,es12:nuts2,2006,2026-09-15T16:28:02.595641+00:00,110.1,final,2006-01-01,2006-12-31,1,2026-09-15T16:28:02.595641+00:00
VALUE_ADDED_GROWTH_NUTS2,es12:nuts2,2007,2026-09-15T16:28:02.595641+00:00,113.9,final,2007-01-01,2007-12-31,1,2026-09-15T16:28:02.595641+00:00
VALUE_ADDED_GROWTH_NUTS2,es12:nuts2,2008,2026-09-15T16:28:02.595641+00:00,115.2,final,2008-01-01,2008-12-31,1,2026-09-15T16:28:02.595641+00:00
VALUE_ADDED_GROWTH_NUTS2,es12:nuts2,2009,2026-09-15T16:28:02.595641+00:00,110.2,final,2009-01-01,2009-12-31,1,2026-09-15T16:28:02.595641+00:00
VALUE_ADDED_GROWTH_NUTS2,es12:nuts2,2010,2026-09-15T16:28:02.595641+00:00,110.5,final,2010-01-01,2010-12-31,1,2026-09-15T16:28:02.595641+00:00
VALUE_ADDED_GROWTH_NUTS2,es12:nuts2,2011,2026-09-15T16:28:02.595641+00:00,110.0,final,2011-01-01,2011-12-31,1,2026-09-15T16:28:02.595641+00:00
VALUE_ADDED_GROWTH_NUTS2,es12:nuts2,2012,2026-09-15T16:28:02.595641+00:00,105.8,final,2012-01-01,2012-12-31,1,2026-09-15T16:28:02.595641+00:00
VALUE_ADDED_GROWTH_NUTS2,es12:nuts2,2013,2026-09-15T16:28:02.595641+00:00,102.8,final,2013-01-01,2013-12-31,1,2026-09-15T16:28:02.595641+00:00
VALUE_ADDED_GROWTH_NUTS2,es12:nuts2,2014,2026-09-15T16:28:02.595641+00:00,102.2,final,2014-01-01,2014-12-31,1,2026-09-15T16:28:02.595641+00:00
VALUE_ADDED_GROWTH_NUTS2,es12:nuts2,2015,2026-09-15T16:28:02.595641+00:00,104.5,final,2015-01-01,2015-12-31,1,2026-09-15T16:28:02.595641+00:00
VALUE_ADDED_GROWTH_NUTS2,es12:nuts2,2016,2026-09-15T16:28:02.595641+00:00,105.7,final,2016-01-01,2016-12-31,1,2026-09-15T16:28:02.595641+00:00
VALUE_ADDED_GROWTH_NUTS2,es12:nuts2,2017,2026-09-15T16:28:02.595641+00:00,108.0,final,2017-01-01,2017-12-31,1,2026-09-15T16:28:02.595641+00:00
VALUE_ADDED_GROWTH_NUTS2,es12:nuts2,2018,2026-09-15T16:28:02.595641+00:00,109.9,final,2018-01-01,2018-12-31,1,2026-09-15T16:28:02.595641+00:00
VALUE_ADDED_GROWTH_NUTS2,es12:nuts2,2019,2026-09-15T16:28:02.595641+00:00,111.4,final,2019-01-01,2019-12-31,1,2026-09-15T16:28:02.595641+00:00
VALUE_ADDED_GROWTH_NUTS2,es12:nuts2,2020,2026-09-15T16:28:02.595641+00:00,100.0,final,2020-01-01,2020-12-31,1,2026-09-15T16:28:02.595641+00:00
VALUE_ADDED_GROWTH_NUTS2,es12:nuts2,2021,2026-09-15T16:28:02.595641+00:00,105.0,final,2021-01-01,2021-12-31,1,2026-09-15T16:28:02.595641+00:00
VALUE_ADDED_GROWTH_NUTS2,es12:nuts2,2022,2026-09-15T16:28:02.595641+00:00,110.3,final,2022-01-01,2022-12-31,1,2026-09-15T16:28:02.595641+00:00
VALUE_ADDED_GROWTH_NUTS2,es12:nuts2,2023,2026-09-15T16:28:02.595641+00:00,112.6,provisional,2023-01-01,2023-12-31,1,2026-09-15T16:28:02.595641+00:00
VALUE_ADDED_GROWTH_NUTS2,es12:nuts2,2024,2026-09-15T16:28:02.595641+00:00,116.5,provisional,2024-01-01,2024-12-31,1,2026-09-15T16:28:02.595641+00:00
VALUE_ADDED_GROWTH_NUTS2,es13:nuts2,2000,2026-09-15T16:28:02.595641+00:00,89.6,final,2000-01-01,2000-12-31,1,2026-09-15T16:28:02.595641+00:00
VALUE_ADDED_GROWTH_NUTS2,es13:nuts2,2001,2026-09-15T16:28:02.595641+00:00,93.5,final,2001-01-01,2001-12-31,1,2026-09-15T16:28:02.595641+00:00
VALUE_ADDED_GROWTH_NUTS2,es13:nuts2,2002,2026-09-15T16:28:02.595641+00:00,96.1,final,2002-01-01,2002-12-31,1,2026-09-15T16:28:02.595641+00:00
VALUE_ADDED_GROWTH_NUTS2,es13:nuts2,2003,2026-09-15T16:28:02.595641+00:00,97.2,final,2003-01-01,2003-12-31,1,2026-09-15T16:28:02.595641+00:00
VALUE_ADDED_GROWTH_NUTS2,es13:nuts2,2004,2026-09-15T16:28:02.595641+00:00,98.9,final,2004-01-01,2004-12-31,1,2026-09-15T16:28:02.595641+00:00
VALUE_ADDED_GROWTH_NUTS2,es13:nuts2,2005,2026-09-15T16:28:02.595641+00:00,101.8,final,2005-01-01,2005-12-31,1,2026-09-15T16:28:02.595641+00:00
VALUE_ADDED_GROWTH_NUTS2,es13:nuts2,2006,2026-09-15T16:28:02.595641+00:00,105.0,final,2006-01-01,2006-12-31,1,2026-09-15T16:28:02.595641+00:00
VALUE_ADDED_GROWTH_NUTS2,es13:nuts2,2007,2026-09-15T16:28:02.595641+00:00,108.7,final,2007-01-01,2007-12-31,1,2026-09-15T16:28:02.595641+00:00
VALUE_ADDED_GROWTH_NUTS2,es13:nuts2,2008,2026-09-15T16:28:02.595641+00:00,109.8,final,2008-01-01,2008-12-31,1,2026-09-15T16:28:02.595641+00:00
VALUE_ADDED_GROWTH_NUTS2,es13:nuts2,2009,2026-09-15T16:28:02.595641+00:00,106.4,final,2009-01-01,2009-12-31,1,2026-09-15T16:28:02.595641+00:00
VALUE_ADDED_GROWTH_NUTS2,es13:nuts2,2010,2026-09-15T16:28:02.595641+00:00,105.7,final,2010-01-01,2010-12-31,1,2026-09-15T16:28:02.595641+00:00
VALUE_ADDED_GROWTH_NUTS2,es13:nuts2,2011,2026-09-15T16:28:02.595641+00:00,103.9,final,2011-01-01,2011-12-31,1,2026-09-15T16:28:02.595641+00:00
VALUE_ADDED_GROWTH_NUTS2,es13:nuts2,2012,2026-09-15T16:28:02.595641+00:00,101.5,final,2012-01-01,2012-12-31,1,2026-09-15T16:28:02.595641+00:00
VALUE_ADDED_GROWTH_NUTS2,es13:nuts2,2013,2026-09-15T16:28:02.595641+00:00,98.5,final,2013-01-01,2013-12-31,1,2026-09-15T16:28:02.595641+00:00
VALUE_ADDED_GROWTH_NUTS2,es13:nuts2,2014,2026-09-15T16:28:02.595641+00:00,99.6,final,2014-01-01,2014-12-31,1,2026-09-15T16:28:02.595641+00:00
VALUE_ADDED_GROWTH_NUTS2,es13:nuts2,2015,2026-09-15T16:28:02.595641+00:00,101.5,final,2015-01-01,2015-12-31,1,2026-09-15T16:28:02.595641+00:00
VALUE_ADDED_GROWTH_NUTS2,es13:nuts2,2016,2026-09-15T16:28:02.595641+00:00,103.6,final,2016-01-01,2016-12-31,1,2026-09-15T16:28:02.595641+00:00
VALUE_ADDED_GROWTH_NUTS2,es13:nuts2,2017,2026-09-15T16:28:02.595641+00:00,106.9,final,2017-01-01,2017-12-31,1,2026-09-15T16:28:02.595641+00:00
VALUE_ADDED_GROWTH_NUTS2,es13:nuts2,2018,2026-09-15T16:28:02.595641+00:00,109.3,final,2018-01-01,2018-12-31,1,2026-09-15T16:28:02.595641+00:00
VALUE_ADDED_GROWTH_NUTS2,es13:nuts2,2019,2026-09-15T16:28:02.595641+00:00,110.9,final,2019-01-01,2019-12-31,1,2026-09-15T16:28:02.595641+00:00
VALUE_ADDED_GROWTH_NUTS2,es13:nuts2,2020,2026-09-15T16:28:02.595641+00:00,100.0,final,2020-01-01,2020-12-31,1,2026-09-15T16:28:02.595641+00:00
VALUE_ADDED_GROWTH_NUTS2,es13:nuts2,2021,2026-09-15T16:28:02.595641+00:00,106.7,final,2021-01-01,2021-12-31,1,2026-09-15T16:28:02.595641+00:00
VALUE_ADDED_GROWTH_NUTS2,es13:nuts2,2022,2026-09-15T16:28:02.595641+00:00,112.3,final,2022-01-01,2022-12-31,1,2026-09-15T16:28:02.595641+00:00
VALUE_ADDED_GROWTH_NUTS2,es13:nuts2,2023,2026-09-15T16:28:02.595641+00:00,114.7,provisional,2023-01-01,2023-12-31,1,2026-09-15T16:28:02.595641+00:00
VALUE_ADDED_GROWTH_NUTS2,es13:nuts2,2024,2026-09-15T16:28:02.595641+00:00,118.1,provisional,2024-01-01,2024-12-31,1,2026-09-15T16:28:02.595641+00:00
VALUE_ADDED_GROWTH_NUTS2,es21:nuts2,2000,2026-09-15T16:28:02.595641+00:00,84.9,final,2000-01-01,2000-12-31,1,2026-09-15T16:28:02.595641+00:00
VALUE_ADDED_GROWTH_NUTS2,es21:nuts2,2001,2026-09-15T16:28:02.595641+00:00,87.7,final,2001-01-01,2001-12-31,1,2026-09-15T16:28:02.595641+00:00
VALUE_ADDED_GROWTH_NUTS2,es21:nuts2,2002,2026-09-15T16:28:02.595641+00:00,89.1,final,2002-01-01,2002-12-31,1,2026-09-15T16:28:02.595641+00:00
VALUE_ADDED_GROWTH_NUTS2,es21:nuts2,2003,2026-09-15T16:28:02.595641+00:00,90.6,final,2003-01-01,2003-12-31,1,2026-09-15T16:28:02.595641+00:00
VALUE_ADDED_GROWTH_NUTS2,es21:nuts2,2004,2026-09-15T16:28:02.595641+00:00,92.8,final,2004-01-01,2004-12-31,1,2026-09-15T16:28:02.595641+00:00
VALUE_ADDED_GROWTH_NUTS2,es21:nuts2,2005,2026-09-15T16:28:02.595641+00:00,95.6,final,2005-01-01,2005-12-31,1,2026-09-15T16:28:02.595641+00:00
VALUE_ADDED_GROWTH_NUTS2,es21:nuts2,2006,2026-09-15T16:28:02.595641+00:00,99.3,final,2006-01-01,2006-12-31,1,2026-09-15T16:28:02.595641+00:00
VALUE_ADDED_GROWTH_NUTS2,es21:nuts2,2007,2026-09-15T16:28:02.595641+00:00,102.7,final,2007-01-01,2007-12-31,1,2026-09-15T16:28:02.595641+00:00
VALUE_ADDED_GROWTH_NUTS2,es21:nuts2,2008,2026-09-15T16:28:02.595641+00:00,104.3,final,2008-01-01,2008-12-31,1,2026-09-15T16:28:02.595641+00:00
VALUE_ADDED_GROWTH_NUTS2,es21:nuts2,2009,2026-09-15T16:28:02.595641+00:00,100.9,final,2009-01-01,2009-12-31,1,2026-09-15T16:28:02.595641+00:00
VALUE_ADDED_GROWTH_NUTS2,es21:nuts2,2010,2026-09-15T16:28:02.595641+00:00,101.4,final,2010-01-01,2010-12-31,1,2026-09-15T16:28:02.595641+00:00
VALUE_ADDED_GROWTH_NUTS2,es21:nuts2,2011,2026-09-15T16:28:02.595641+00:00,101.1,final,2011-01-01,2011-12-31,1,2026-09-15T16:28:02.595641+00:00
VALUE_ADDED_GROWTH_NUTS2,es21:nuts2,2012,2026-09-15T16:28:02.595641+00:00,99.4,final,2012-01-01,2012-12-31,1,2026-09-15T16:28:02.595641+00:00
VALUE_ADDED_GROWTH_NUTS2,es21:nuts2,2013,2026-09-15T16:28:02.595641+00:00,97.5,final,2013-01-01,2013-12-31,1,2026-09-15T16:28:02.595641+00:00
VALUE_ADDED_GROWTH_NUTS2,es21:nuts2,2014,2026-09-15T16:28:02.595641+00:00,98.8,final,2014-01-01,2014-12-31,1,2026-09-15T16:28:02.595641+00:00
VALUE_ADDED_GROWTH_NUTS2,es21:nuts2,2015,2026-09-15T16:28:02.595641+00:00,102.2,final,2015-01-01,2015-12-31,1,2026-09-15T16:28:02.595641+00:00
VALUE_ADDED_GROWTH_NUTS2,es21:nuts2,2016,2026-09-15T16:28:02.595641+00:00,104.5,final,2016-01-01,2016-12-31,1,2026-09-15T16:28:02.595641+00:00
VALUE_ADDED_GROWTH_NUTS2,es21:nuts2,2017,2026-09-15T16:28:02.595641+00:00,107.2,final,2017-01-01,2017-12-31,1,2026-09-15T16:28:02.595641+00:00
VALUE_ADDED_GROWTH_NUTS2,es21:nuts2,2018,2026-09-15T16:28:02.595641+00:00,109.5,final,2018-01-01,2018-12-31,1,2026-09-15T16:28:02.595641+00:00
VALUE_ADDED_GROWTH_NUTS2,es21:nuts2,2019,2026-09-15T16:28:02.595641+00:00,111.3,final,2019-01-01,2019-12-31,1,2026-09-15T16:28:02.595641+00:00
VALUE_ADDED_GROWTH_NUTS2,es21:nuts2,2020,2026-09-15T16:28:02.595641+00:00,100.0,final,2020-01-01,2020-12-31,1,2026-09-15T16:28:02.595641+00:00
VALUE_ADDED_GROWTH_NUTS2,es21:nuts2,2021,2026-09-15T16:28:02.595641+00:00,106.0,final,2021-01-01,2021-12-31,1,2026-09-15T16:28:02.595641+00:00
VALUE_ADDED_GROWTH_NUTS2,es21:nuts2,2022,2026-09-15T16:28:02.595641+00:00,113.5,final,2022-01-01,2022-12-31,1,2026-09-15T16:28:02.595641+00:00
VALUE_ADDED_GROWTH_NUTS2,es21:nuts2,2023,2026-09-15T16:28:02.595641+00:00,115.7,provisional,2023-01-01,2023-12-31,1,2026-09-15T16:28:02.595641+00:00
VALUE_ADDED_GROWTH_NUTS2,es21:nuts2,2024,2026-09-15T16:28:02.595641+00:00,119.3,provisional,2024-01-01,2024-12-31,1,2026-09-15T16:28:02.595641+00:00
VALUE_ADDED_GROWTH_NUTS2,es22:nuts2,2000,2026-09-15T16:28:02.595641+00:00,80.8,final,2000-01-01,2000-12-31,1,2026-09-15T16:28:02.595641+00:00
VALUE_ADDED_GROWTH_NUTS2,es22:nuts2,2001,2026-09-15T16:28:02.595641+00:00,83.1,final,2001-01-01,2001-12-31,1,2026-09-15T16:28:02.595641+00:00
VALUE_ADDED_GROWTH_NUTS2,es22:nuts2,2002,2026-09-15T16:28:02.595641+00:00,85.5,final,2002-01-01,2002-12-31,1,2026-09-15T16:28:02.595641+00:00
VALUE_ADDED_GROWTH_NUTS2,es22:nuts2,2003,2026-09-15T16:28:02.595641+00:00,87.7,final,2003-01-01,2003-12-31,1,2026-09-15T16:28:02.595641+00:00
VALUE_ADDED_GROWTH_NUTS2,es22:nuts2,2004,2026-09-15T16:28:02.595641+00:00,90.3,final,2004-01-01,2004-12-31,1,2026-09-15T16:28:02.595641+00:00
VALUE_ADDED_GROWTH_NUTS2,es22:nuts2,2005,2026-09-15T16:28:02.595641+00:00,92.9,final,2005-01-01,2005-12-31,1,2026-09-15T16:28:02.595641+00:00
VALUE_ADDED_GROWTH_NUTS2,es22:nuts2,2006,2026-09-15T16:28:02.595641+00:00,96.7,final,2006-01-01,2006-12-31,1,2026-09-15T16:28:02.595641+00:00
VALUE_ADDED_GROWTH_NUTS2,es22:nuts2,2007,2026-09-15T16:28:02.595641+00:00,100.3,final,2007-01-01,2007-12-31,1,2026-09-15T16:28:02.595641+00:00
VALUE_ADDED_GROWTH_NUTS2,es22:nuts2,2008,2026-09-15T16:28:02.595641+00:00,102.5,final,2008-01-01,2008-12-31,1,2026-09-15T16:28:02.595641+00:00
VALUE_ADDED_GROWTH_NUTS2,es22:nuts2,2009,2026-09-15T16:28:02.595641+00:00,99.0,final,2009-01-01,2009-12-31,1,2026-09-15T16:28:02.595641+00:00
VALUE_ADDED_GROWTH_NUTS2,es22:nuts2,2010,2026-09-15T16:28:02.595641+00:00,99.4,final,2010-01-01,2010-12-31,1,2026-09-15T16:28:02.595641+00:00
VALUE_ADDED_GROWTH_NUTS2,es22:nuts2,2011,2026-09-15T16:28:02.595641+00:00,100.0,final,2011-01-01,2011-12-31,1,2026-09-15T16:28:02.595641+00:00
VALUE_ADDED_GROWTH_NUTS2,es22:nuts2,2012,2026-09-15T16:28:02.595641+00:00,96.9,final,2012-01-01,2012-12-31,1,2026-09-15T16:28:02.595641+00:00
VALUE_ADDED_GROWTH_NUTS2,es22:nuts2,2013,2026-09-15T16:28:02.595641+00:00,96.0,final,2013-01-01,2013-12-31,1,2026-09-15T16:28:02.595641+00:00
VALUE_ADDED_GROWTH_NUTS2,es22:nuts2,2014,2026-09-15T16:28:02.595641+00:00,97.5,final,2014-01-01,2014-12-31,1,2026-09-15T16:28:02.595641+00:00
VALUE_ADDED_GROWTH_NUTS2,es22:nuts2,2015,2026-09-15T16:28:02.595641+00:00,100.4,final,2015-01-01,2015-12-31,1,2026-09-15T16:28:02.595641+00:00
VALUE_ADDED_GROWTH_NUTS2,es22:nuts2,2016,2026-09-15T16:28:02.595641+00:00,102.6,final,2016-01-01,2016-12-31,1,2026-09-15T16:28:02.595641+00:00
VALUE_ADDED_GROWTH_NUTS2,es22:nuts2,2017,2026-09-15T16:28:02.595641+00:00,106.4,final,2017-01-01,2017-12-31,1,2026-09-15T16:28:02.595641+00:00
VALUE_ADDED_GROWTH_NUTS2,es22:nuts2,2018,2026-09-15T16:28:02.595641+00:00,108.5,final,2018-01-01,2018-12-31,1,2026-09-15T16:28:02.595641+00:00
VALUE_ADDED_GROWTH_NUTS2,es22:nuts2,2019,2026-09-15T16:28:02.595641+00:00,111.1,final,2019-01-01,2019-12-31,1,2026-09-15T16:28:02.595641+00:00
VALUE_ADDED_GROWTH_NUTS2,es22:nuts2,2020,2026-09-15T16:28:02.595641+00:00,100.0,final,2020-01-01,2020-12-31,1,2026-09-15T16:28:02.595641+00:00
VALUE_ADDED_GROWTH_NUTS2,es22:nuts2,2021,2026-09-15T16:28:02.595641+00:00,106.5,final,2021-01-01,2021-12-31,1,2026-09-15T16:28:02.595641+00:00
VALUE_ADDED_GROWTH_NUTS2,es22:nuts2,2022,2026-09-15T16:28:02.595641+00:00,112.6,final,2022-01-01,2022-12-31,1,2026-09-15T16:28:02.595641+00:00
VALUE_ADDED_GROWTH_NUTS2,es22:nuts2,2023,2026-09-15T16:28:02.595641+00:00,114.2,provisional,2023-01-01,2023-12-31,1,2026-09-15T16:28:02.595641+00:00
VALUE_ADDED_GROWTH_NUTS2,es22:nuts2,2024,2026-09-15T16:28:02.595641+00:00,118.5,provisional,2024-01-01,2024-12-31,1,2026-09-15T16:28:02.595641+00:00
VALUE_ADDED_GROWTH_NUTS2,es23:nuts2,2000,2026-09-15T16:28:02.595641+00:00,85.6,final,2000-01-01,2000-12-31,1,2026-09-15T16:28:02.595641+00:00
VALUE_ADDED_GROWTH_NUTS2,es23:nuts2,2001,2026-09-15T16:28:02.595641+00:00,87.9,final,2001-01-01,2001-12-31,1,2026-09-15T16:28:02.595641+00:00
VALUE_ADDED_GROWTH_NUTS2,es23:nuts2,2002,2026-09-15T16:28:02.595641+00:00,89.7,final,2002-01-01,2002-12-31,1,2026-09-15T16:28:02.595641+00:00
VALUE_ADDED_GROWTH_NUTS2,es23:nuts2,2003,2026-09-15T16:28:02.595641+00:00,93.0,final,2003-01-01,2003-12-31,1,2026-09-15T16:28:02.595641+00:00
VALUE_ADDED_GROWTH_NUTS2,es23:nuts2,2004,2026-09-15T16:28:02.595641+00:00,96.0,final,2004-01-01,2004-12-31,1,2026-09-15T16:28:02.595641+00:00
VALUE_ADDED_GROWTH_NUTS2,es23:nuts2,2005,2026-09-15T16:28:02.595641+00:00,99.3,final,2005-01-01,2005-12-31,1,2026-09-15T16:28:02.595641+00:00
VALUE_ADDED_GROWTH_NUTS2,es23:nuts2,2006,2026-09-15T16:28:02.595641+00:00,103.6,final,2006-01-01,2006-12-31,1,2026-09-15T16:28:02.595641+00:00
VALUE_ADDED_GROWTH_NUTS2,es23:nuts2,2007,2026-09-15T16:28:02.595641+00:00,108.1,final,2007-01-01,2007-12-31,1,2026-09-15T16:28:02.595641+00:00
VALUE_ADDED_GROWTH_NUTS2,es23:nuts2,2008,2026-09-15T16:28:02.595641+00:00,110.2,final,2008-01-01,2008-12-31,1,2026-09-15T16:28:02.595641+00:00
VALUE_ADDED_GROWTH_NUTS2,es23:nuts2,2009,2026-09-15T16:28:02.595641+00:00,105.8,final,2009-01-01,2009-12-31,1,2026-09-15T16:28:02.595641+00:00
VALUE_ADDED_GROWTH_NUTS2,es23:nuts2,2010,2026-09-15T16:28:02.595641+00:00,106.3,final,2010-01-01,2010-12-31,1,2026-09-15T16:28:02.595641+00:00
VALUE_ADDED_GROWTH_NUTS2,es23:nuts2,2011,2026-09-15T16:28:02.595641+00:00,105.4,final,2011-01-01,2011-12-31,1,2026-09-15T16:28:02.595641+00:00
VALUE_ADDED_GROWTH_NUTS2,es23:nuts2,2012,2026-09-15T16:28:02.595641+00:00,101.8,final,2012-01-01,2012-12-31,1,2026-09-15T16:28:02.595641+00:00
VALUE_ADDED_GROWTH_NUTS2,es23:nuts2,2013,2026-09-15T16:28:02.595641+00:00,99.3,final,2013-01-01,2013-12-31,1,2026-09-15T16:28:02.595641+00:00
VALUE_ADDED_GROWTH_NUTS2,es23:nuts2,2014,2026-09-15T16:28:02.595641+00:00,100.0,final,2014-01-01,2014-12-31,1,2026-09-15T16:28:02.595641+00:00
VALUE_ADDED_GROWTH_NUTS2,es23:nuts2,2015,2026-09-15T16:28:02.595641+00:00,103.2,final,2015-01-01,2015-12-31,1,2026-09-15T16:28:02.595641+00:00
VALUE_ADDED_GROWTH_NUTS2,es23:nuts2,2016,2026-09-15T16:28:02.595641+00:00,104.7,final,2016-01-01,2016-12-31,1,2026-09-15T16:28:02.595641+00:00
VALUE_ADDED_GROWTH_NUTS2,es23:nuts2,2017,2026-09-15T16:28:02.595641+00:00,105.7,final,2017-01-01,2017-12-31,1,2026-09-15T16:28:02.595641+00:00
VALUE_ADDED_GROWTH_NUTS2,es23:nuts2,2018,2026-09-15T16:28:02.595641+00:00,107.8,final,2018-01-01,2018-12-31,1,2026-09-15T16:28:02.595641+00:00
VALUE_ADDED_GROWTH_NUTS2,es23:nuts2,2019,2026-09-15T16:28:02.595641+00:00,109.4,final,2019-01-01,2019-12-31,1,2026-09-15T16:28:02.595641+00:00
VALUE_ADDED_GROWTH_NUTS2,es23:nuts2,2020,2026-09-15T16:28:02.595641+00:00,100.0,final,2020-01-01,2020-12-31,1,2026-09-15T16:28:02.595641+00:00
VALUE_ADDED_GROWTH_NUTS2,es23:nuts2,2021,2026-09-15T16:28:02.595641+00:00,104.7,final,2021-01-01,2021-12-31,1,2026-09-15T16:28:02.595641+00:00
VALUE_ADDED_GROWTH_NUTS2,es23:nuts2,2022,2026-09-15T16:28:02.595641+00:00,111.0,final,2022-01-01,2022-12-31,1,2026-09-15T16:28:02.595641+00:00
VALUE_ADDED_GROWTH_NUTS2,es23:nuts2,2023,2026-09-15T16:28:02.595641+00:00,114.1,provisional,2023-01-01,2023-12-31,1,2026-09-15T16:28:02.595641+00:00
VALUE_ADDED_GROWTH_NUTS2,es23:nuts2,2024,2026-09-15T16:28:02.595641+00:00,118.3,provisional,2024-01-01,2024-12-31,1,2026-09-15T16:28:02.595641+00:00
VALUE_ADDED_GROWTH_NUTS2,es24:nuts2,2000,2026-09-15T16:28:02.595641+00:00,84.8,final,2000-01-01,2000-12-31,1,2026-09-15T16:28:02.595641+00:00
VALUE_ADDED_GROWTH_NUTS2,es24:nuts2,2001,2026-09-15T16:28:02.595641+00:00,87.3,final,2001-01-01,2001-12-31,1,2026-09-15T16:28:02.595641+00:00
VALUE_ADDED_GROWTH_NUTS2,es24:nuts2,2002,2026-09-15T16:28:02.595641+00:00,90.5,final,2002-01-01,2002-12-31,1,2026-09-15T16:28:02.595641+00:00
VALUE_ADDED_GROWTH_NUTS2,es24:nuts2,2003,2026-09-15T16:28:02.595641+00:00,92.7,final,2003-01-01,2003-12-31,1,2026-09-15T16:28:02.595641+00:00
VALUE_ADDED_GROWTH_NUTS2,es24:nuts2,2004,2026-09-15T16:28:02.595641+00:00,94.8,final,2004-01-01,2004-12-31,1,2026-09-15T16:28:02.595641+00:00
VALUE_ADDED_GROWTH_NUTS2,es24:nuts2,2005,2026-09-15T16:28:02.595641+00:00,97.5,final,2005-01-01,2005-12-31,1,2026-09-15T16:28:02.595641+00:00
VALUE_ADDED_GROWTH_NUTS2,es24:nuts2,2006,2026-09-15T16:28:02.595641+00:00,101.4,final,2006-01-01,2006-12-31,1,2026-09-15T16:28:02.595641+00:00
VALUE_ADDED_GROWTH_NUTS2,es24:nuts2,2007,2026-09-15T16:28:02.595641+00:00,105.9,final,2007-01-01,2007-12-31,1,2026-09-15T16:28:02.595641+00:00
VALUE_ADDED_GROWTH_NUTS2,es24:nuts2,2008,2026-09-15T16:28:02.595641+00:00,107.0,final,2008-01-01,2008-12-31,1,2026-09-15T16:28:02.595641+00:00
VALUE_ADDED_GROWTH_NUTS2,es24:nuts2,2009,2026-09-15T16:28:02.595641+00:00,102.9,final,2009-01-01,2009-12-31,1,2026-09-15T16:28:02.595641+00:00
VALUE_ADDED_GROWTH_NUTS2,es24:nuts2,2010,2026-09-15T16:28:02.595641+00:00,103.0,final,2010-01-01,2010-12-31,1,2026-09-15T16:28:02.595641+00:00
VALUE_ADDED_GROWTH_NUTS2,es24:nuts2,2011,2026-09-15T16:28:02.595641+00:00,101.7,final,2011-01-01,2011-12-31,1,2026-09-15T16:28:02.595641+00:00
VALUE_ADDED_GROWTH_NUTS2,es24:nuts2,2012,2026-09-15T16:28:02.595641+00:00,97.3,final,2012-01-01,2012-12-31,1,2026-09-15T16:28:02.595641+00:00
VALUE_ADDED_GROWTH_NUTS2,es24:nuts2,2013,2026-09-15T16:28:02.595641+00:00,98.0,final,2013-01-01,2013-12-31,1,2026-09-15T16:28:02.595641+00:00
VALUE_ADDED_GROWTH_NUTS2,es24:nuts2,2014,2026-09-15T16:28:02.595641+00:00,98.7,final,2014-01-01,2014-12-31,1,2026-09-15T16:28:02.595641+00:00
VALUE_ADDED_GROWTH_NUTS2,es24:nuts2,2015,2026-09-15T16:28:02.595641+00:00,100.1,final,2015-01-01,2015-12-31,1,2026-09-15T16:28:02.595641+00:00
VALUE_ADDED_GROWTH_NUTS2,es24:nuts2,2016,2026-09-15T16:28:02.595641+00:00,102.4,final,2016-01-01,2016-12-31,1,2026-09-15T16:28:02.595641+00:00
VALUE_ADDED_GROWTH_NUTS2,es24:nuts2,2017,2026-09-15T16:28:02.595641+00:00,105.1,final,2017-01-01,2017-12-31,1,2026-09-15T16:28:02.595641+00:00
VALUE_ADDED_GROWTH_NUTS2,es24:nuts2,2018,2026-09-15T16:28:02.595641+00:00,107.9,final,2018-01-01,2018-12-31,1,2026-09-15T16:28:02.595641+00:00
VALUE_ADDED_GROWTH_NUTS2,es24:nuts2,2019,2026-09-15T16:28:02.595641+00:00,109.2,final,2019-01-01,2019-12-31,1,2026-09-15T16:28:02.595641+00:00
VALUE_ADDED_GROWTH_NUTS2,es24:nuts2,2020,2026-09-15T16:28:02.595641+00:00,100.0,final,2020-01-01,2020-12-31,1,2026-09-15T16:28:02.595641+00:00
VALUE_ADDED_GROWTH_NUTS2,es24:nuts2,2021,2026-09-15T16:28:02.595641+00:00,105.1,final,2021-01-01,2021-12-31,1,2026-09-15T16:28:02.595641+00:00
VALUE_ADDED_GROWTH_NUTS2,es24:nuts2,2022,2026-09-15T16:28:02.595641+00:00,109.0,final,2022-01-01,2022-12-31,1,2026-09-15T16:28:02.595641+00:00
VALUE_ADDED_GROWTH_NUTS2,es24:nuts2,2023,2026-09-15T16:28:02.595641+00:00,110.7,provisional,2023-01-01,2023-12-31,1,2026-09-15T16:28:02.595641+00:00
VALUE_ADDED_GROWTH_NUTS2,es24:nuts2,2024,2026-09-15T16:28:02.595641+00:00,114.6,provisional,2024-01-01,2024-12-31,1,2026-09-15T16:28:02.595641+00:00
VALUE_ADDED_GROWTH_NUTS2,es30:nuts2,2000,2026-09-15T16:28:02.595641+00:00,72.3,final,2000-01-01,2000-12-31,1,2026-09-15T16:28:02.595641+00:00
VALUE_ADDED_GROWTH_NUTS2,es30:nuts2,2001,2026-09-15T16:28:02.595641+00:00,75.5,final,2001-01-01,2001-12-31,1,2026-09-15T16:28:02.595641+00:00
VALUE_ADDED_GROWTH_NUTS2,es30:nuts2,2002,2026-09-15T16:28:02.595641+00:00,77.5,final,2002-01-01,2002-12-31,1,2026-09-15T16:28:02.595641+00:00
VALUE_ADDED_GROWTH_NUTS2,es30:nuts2,2003,2026-09-15T16:28:02.595641+00:00,79.7,final,2003-01-01,2003-12-31,1,2026-09-15T16:28:02.595641+00:00
VALUE_ADDED_GROWTH_NUTS2,es30:nuts2,2004,2026-09-15T16:28:02.595641+00:00,82.3,final,2004-01-01,2004-12-31,1,2026-09-15T16:28:02.595641+00:00
VALUE_ADDED_GROWTH_NUTS2,es30:nuts2,2005,2026-09-15T16:28:02.595641+00:00,85.9,final,2005-01-01,2005-12-31,1,2026-09-15T16:28:02.595641+00:00
VALUE_ADDED_GROWTH_NUTS2,es30:nuts2,2006,2026-09-15T16:28:02.595641+00:00,90.1,final,2006-01-01,2006-12-31,1,2026-09-15T16:28:02.595641+00:00
VALUE_ADDED_GROWTH_NUTS2,es30:nuts2,2007,2026-09-15T16:28:02.595641+00:00,93.9,final,2007-01-01,2007-12-31,1,2026-09-15T16:28:02.595641+00:00
VALUE_ADDED_GROWTH_NUTS2,es30:nuts2,2008,2026-09-15T16:28:02.595641+00:00,95.6,final,2008-01-01,2008-12-31,1,2026-09-15T16:28:02.595641+00:00
VALUE_ADDED_GROWTH_NUTS2,es30:nuts2,2009,2026-09-15T16:28:02.595641+00:00,94.0,final,2009-01-01,2009-12-31,1,2026-09-15T16:28:02.595641+00:00
VALUE_ADDED_GROWTH_NUTS2,es30:nuts2,2010,2026-09-15T16:28:02.595641+00:00,94.2,final,2010-01-01,2010-12-31,1,2026-09-15T16:28:02.595641+00:00
VALUE_ADDED_GROWTH_NUTS2,es30:nuts2,2011,2026-09-15T16:28:02.595641+00:00,95.3,final,2011-01-01,2011-12-31,1,2026-09-15T16:28:02.595641+00:00
VALUE_ADDED_GROWTH_NUTS2,es30:nuts2,2012,2026-09-15T16:28:02.595641+00:00,93.9,final,2012-01-01,2012-12-31,1,2026-09-15T16:28:02.595641+00:00
VALUE_ADDED_GROWTH_NUTS2,es30:nuts2,2013,2026-09-15T16:28:02.595641+00:00,92.4,final,2013-01-01,2013-12-31,1,2026-09-15T16:28:02.595641+00:00
VALUE_ADDED_GROWTH_NUTS2,es30:nuts2,2014,2026-09-15T16:28:02.595641+00:00,93.6,final,2014-01-01,2014-12-31,1,2026-09-15T16:28:02.595641+00:00
VALUE_ADDED_GROWTH_NUTS2,es30:nuts2,2015,2026-09-15T16:28:02.595641+00:00,97.3,final,2015-01-01,2015-12-31,1,2026-09-15T16:28:02.595641+00:00
VALUE_ADDED_GROWTH_NUTS2,es30:nuts2,2016,2026-09-15T16:28:02.595641+00:00,100.9,final,2016-01-01,2016-12-31,1,2026-09-15T16:28:02.595641+00:00
VALUE_ADDED_GROWTH_NUTS2,es30:nuts2,2017,2026-09-15T16:28:02.595641+00:00,104.9,final,2017-01-01,2017-12-31,1,2026-09-15T16:28:02.595641+00:00
VALUE_ADDED_GROWTH_NUTS2,es30:nuts2,2018,2026-09-15T16:28:02.595641+00:00,108.1,final,2018-01-01,2018-12-31,1,2026-09-15T16:28:02.595641+00:00
VALUE_ADDED_GROWTH_NUTS2,es30:nuts2,2019,2026-09-15T16:28:02.595641+00:00,111.3,final,2019-01-01,2019-12-31,1,2026-09-15T16:28:02.595641+00:00
VALUE_ADDED_GROWTH_NUTS2,es30:nuts2,2020,2026-09-15T16:28:02.595641+00:00,100.0,final,2020-01-01,2020-12-31,1,2026-09-15T16:28:02.595641+00:00
VALUE_ADDED_GROWTH_NUTS2,es30:nuts2,2021,2026-09-15T16:28:02.595641+00:00,106.0,final,2021-01-01,2021-12-31,1,2026-09-15T16:28:02.595641+00:00
VALUE_ADDED_GROWTH_NUTS2,es30:nuts2,2022,2026-09-15T16:28:02.595641+00:00,115.4,final,2022-01-01,2022-12-31,1,2026-09-15T16:28:02.595641+00:00
VALUE_ADDED_GROWTH_NUTS2,es30:nuts2,2023,2026-09-15T16:28:02.595641+00:00,119.4,provisional,2023-01-01,2023-12-31,1,2026-09-15T16:28:02.595641+00:00
VALUE_ADDED_GROWTH_NUTS2,es30:nuts2,2024,2026-09-15T16:28:02.595641+00:00,124.2,provisional,2024-01-01,2024-12-31,1,2026-09-15T16:28:02.595641+00:00
VALUE_ADDED_GROWTH_NUTS2,es41:nuts2,2000,2026-09-15T16:28:02.595641+00:00,90.8,final,2000-01-01,2000-12-31,1,2026-09-15T16:28:02.595641+00:00
VALUE_ADDED_GROWTH_NUTS2,es41:nuts2,2001,2026-09-15T16:28:02.595641+00:00,92.8,final,2001-01-01,2001-12-31,1,2026-09-15T16:28:02.595641+00:00
VALUE_ADDED_GROWTH_NUTS2,es41:nuts2,2002,2026-09-15T16:28:02.595641+00:00,95.1,final,2002-01-01,2002-12-31,1,2026-09-15T16:28:02.595641+00:00
VALUE_ADDED_GROWTH_NUTS2,es41:nuts2,2003,2026-09-15T16:28:02.595641+00:00,97.2,final,2003-01-01,2003-12-31,1,2026-09-15T16:28:02.595641+00:00
VALUE_ADDED_GROWTH_NUTS2,es41:nuts2,2004,2026-09-15T16:28:02.595641+00:00,99.0,final,2004-01-01,2004-12-31,1,2026-09-15T16:28:02.595641+00:00
VALUE_ADDED_GROWTH_NUTS2,es41:nuts2,2005,2026-09-15T16:28:02.595641+00:00,101.3,final,2005-01-01,2005-12-31,1,2026-09-15T16:28:02.595641+00:00
VALUE_ADDED_GROWTH_NUTS2,es41:nuts2,2006,2026-09-15T16:28:02.595641+00:00,104.3,final,2006-01-01,2006-12-31,1,2026-09-15T16:28:02.595641+00:00
VALUE_ADDED_GROWTH_NUTS2,es41:nuts2,2007,2026-09-15T16:28:02.595641+00:00,107.9,final,2007-01-01,2007-12-31,1,2026-09-15T16:28:02.595641+00:00
VALUE_ADDED_GROWTH_NUTS2,es41:nuts2,2008,2026-09-15T16:28:02.595641+00:00,108.3,final,2008-01-01,2008-12-31,1,2026-09-15T16:28:02.595641+00:00
VALUE_ADDED_GROWTH_NUTS2,es41:nuts2,2009,2026-09-15T16:28:02.595641+00:00,105.3,final,2009-01-01,2009-12-31,1,2026-09-15T16:28:02.595641+00:00
VALUE_ADDED_GROWTH_NUTS2,es41:nuts2,2010,2026-09-15T16:28:02.595641+00:00,105.2,final,2010-01-01,2010-12-31,1,2026-09-15T16:28:02.595641+00:00
VALUE_ADDED_GROWTH_NUTS2,es41:nuts2,2011,2026-09-15T16:28:02.595641+00:00,105.4,final,2011-01-01,2011-12-31,1,2026-09-15T16:28:02.595641+00:00
VALUE_ADDED_GROWTH_NUTS2,es41:nuts2,2012,2026-09-15T16:28:02.595641+00:00,101.6,final,2012-01-01,2012-12-31,1,2026-09-15T16:28:02.595641+00:00
VALUE_ADDED_GROWTH_NUTS2,es41:nuts2,2013,2026-09-15T16:28:02.595641+00:00,99.6,final,2013-01-01,2013-12-31,1,2026-09-15T16:28:02.595641+00:00
VALUE_ADDED_GROWTH_NUTS2,es41:nuts2,2014,2026-09-15T16:28:02.595641+00:00,99.6,final,2014-01-01,2014-12-31,1,2026-09-15T16:28:02.595641+00:00
VALUE_ADDED_GROWTH_NUTS2,es41:nuts2,2015,2026-09-15T16:28:02.595641+00:00,101.9,final,2015-01-01,2015-12-31,1,2026-09-15T16:28:02.595641+00:00
VALUE_ADDED_GROWTH_NUTS2,es41:nuts2,2016,2026-09-15T16:28:02.595641+00:00,104.0,final,2016-01-01,2016-12-31,1,2026-09-15T16:28:02.595641+00:00
VALUE_ADDED_GROWTH_NUTS2,es41:nuts2,2017,2026-09-15T16:28:02.595641+00:00,105.4,final,2017-01-01,2017-12-31,1,2026-09-15T16:28:02.595641+00:00
VALUE_ADDED_GROWTH_NUTS2,es41:nuts2,2018,2026-09-15T16:28:02.595641+00:00,108.5,final,2018-01-01,2018-12-31,1,2026-09-15T16:28:02.595641+00:00
VALUE_ADDED_GROWTH_NUTS2,es41:nuts2,2019,2026-09-15T16:28:02.595641+00:00,109.3,final,2019-01-01,2019-12-31,1,2026-09-15T16:28:02.595641+00:00
VALUE_ADDED_GROWTH_NUTS2,es41:nuts2,2020,2026-09-15T16:28:02.595641+00:00,100.0,final,2020-01-01,2020-12-31,1,2026-09-15T16:28:02.595641+00:00
VALUE_ADDED_GROWTH_NUTS2,es41:nuts2,2021,2026-09-15T16:28:02.595641+00:00,104.6,final,2021-01-01,2021-12-31,1,2026-09-15T16:28:02.595641+00:00
VALUE_ADDED_GROWTH_NUTS2,es41:nuts2,2022,2026-09-15T16:28:02.595641+00:00,109.2,final,2022-01-01,2022-12-31,1,2026-09-15T16:28:02.595641+00:00
VALUE_ADDED_GROWTH_NUTS2,es41:nuts2,2023,2026-09-15T16:28:02.595641+00:00,111.1,provisional,2023-01-01,2023-12-31,1,2026-09-15T16:28:02.595641+00:00
VALUE_ADDED_GROWTH_NUTS2,es41:nuts2,2024,2026-09-15T16:28:02.595641+00:00,114.8,provisional,2024-01-01,2024-12-31,1,2026-09-15T16:28:02.595641+00:00
VALUE_ADDED_GROWTH_NUTS2,es42:nuts2,2000,2026-09-15T16:28:02.595641+00:00,77.2,final,2000-01-01,2000-12-31,1,2026-09-15T16:28:02.595641+00:00
VALUE_ADDED_GROWTH_NUTS2,es42:nuts2,2001,2026-09-15T16:28:02.595641+00:00,80.5,final,2001-01-01,2001-12-31,1,2026-09-15T16:28:02.595641+00:00
VALUE_ADDED_GROWTH_NUTS2,es42:nuts2,2002,2026-09-15T16:28:02.595641+00:00,83.8,final,2002-01-01,2002-12-31,1,2026-09-15T16:28:02.595641+00:00
VALUE_ADDED_GROWTH_NUTS2,es42:nuts2,2003,2026-09-15T16:28:02.595641+00:00,86.9,final,2003-01-01,2003-12-31,1,2026-09-15T16:28:02.595641+00:00
VALUE_ADDED_GROWTH_NUTS2,es42:nuts2,2004,2026-09-15T16:28:02.595641+00:00,90.0,final,2004-01-01,2004-12-31,1,2026-09-15T16:28:02.595641+00:00
VALUE_ADDED_GROWTH_NUTS2,es42:nuts2,2005,2026-09-15T16:28:02.595641+00:00,93.7,final,2005-01-01,2005-12-31,1,2026-09-15T16:28:02.595641+00:00
VALUE_ADDED_GROWTH_NUTS2,es42:nuts2,2006,2026-09-15T16:28:02.595641+00:00,98.6,final,2006-01-01,2006-12-31,1,2026-09-15T16:28:02.595641+00:00
VALUE_ADDED_GROWTH_NUTS2,es42:nuts2,2007,2026-09-15T16:28:02.595641+00:00,104.4,final,2007-01-01,2007-12-31,1,2026-09-15T16:28:02.595641+00:00
VALUE_ADDED_GROWTH_NUTS2,es42:nuts2,2008,2026-09-15T16:28:02.595641+00:00,107.0,final,2008-01-01,2008-12-31,1,2026-09-15T16:28:02.595641+00:00
VALUE_ADDED_GROWTH_NUTS2,es42:nuts2,2009,2026-09-15T16:28:02.595641+00:00,104.2,final,2009-01-01,2009-12-31,1,2026-09-15T16:28:02.595641+00:00
VALUE_ADDED_GROWTH_NUTS2,es42:nuts2,2010,2026-09-15T16:28:02.595641+00:00,103.7,final,2010-01-01,2010-12-31,1,2026-09-15T16:28:02.595641+00:00
VALUE_ADDED_GROWTH_NUTS2,es42:nuts2,2011,2026-09-15T16:28:02.595641+00:00,102.5,final,2011-01-01,2011-12-31,1,2026-09-15T16:28:02.595641+00:00
VALUE_ADDED_GROWTH_NUTS2,es42:nuts2,2012,2026-09-15T16:28:02.595641+00:00,97.3,final,2012-01-01,2012-12-31,1,2026-09-15T16:28:02.595641+00:00
VALUE_ADDED_GROWTH_NUTS2,es42:nuts2,2013,2026-09-15T16:28:02.595641+00:00,97.4,final,2013-01-01,2013-12-31,1,2026-09-15T16:28:02.595641+00:00
VALUE_ADDED_GROWTH_NUTS2,es42:nuts2,2014,2026-09-15T16:28:02.595641+00:00,95.7,final,2014-01-01,2014-12-31,1,2026-09-15T16:28:02.595641+00:00
VALUE_ADDED_GROWTH_NUTS2,es42:nuts2,2015,2026-09-15T16:28:02.595641+00:00,99.2,final,2015-01-01,2015-12-31,1,2026-09-15T16:28:02.595641+00:00
VALUE_ADDED_GROWTH_NUTS2,es42:nuts2,2016,2026-09-15T16:28:02.595641+00:00,102.1,final,2016-01-01,2016-12-31,1,2026-09-15T16:28:02.595641+00:00
VALUE_ADDED_GROWTH_NUTS2,es42:nuts2,2017,2026-09-15T16:28:02.595641+00:00,104.3,final,2017-01-01,2017-12-31,1,2026-09-15T16:28:02.595641+00:00
VALUE_ADDED_GROWTH_NUTS2,es42:nuts2,2018,2026-09-15T16:28:02.595641+00:00,107.2,final,2018-01-01,2018-12-31,1,2026-09-15T16:28:02.595641+00:00
VALUE_ADDED_GROWTH_NUTS2,es42:nuts2,2019,2026-09-15T16:28:02.595641+00:00,108.5,final,2019-01-01,2019-12-31,1,2026-09-15T16:28:02.595641+00:00
VALUE_ADDED_GROWTH_NUTS2,es42:nuts2,2020,2026-09-15T16:28:02.595641+00:00,100.0,final,2020-01-01,2020-12-31,1,2026-09-15T16:28:02.595641+00:00
VALUE_ADDED_GROWTH_NUTS2,es42:nuts2,2021,2026-09-15T16:28:02.595641+00:00,105.3,final,2021-01-01,2021-12-31,1,2026-09-15T16:28:02.595641+00:00
VALUE_ADDED_GROWTH_NUTS2,es42:nuts2,2022,2026-09-15T16:28:02.595641+00:00,108.7,final,2022-01-01,2022-12-31,1,2026-09-15T16:28:02.595641+00:00
VALUE_ADDED_GROWTH_NUTS2,es42:nuts2,2023,2026-09-15T16:28:02.595641+00:00,109.3,provisional,2023-01-01,2023-12-31,1,2026-09-15T16:28:02.595641+00:00
VALUE_ADDED_GROWTH_NUTS2,es42:nuts2,2024,2026-09-15T16:28:02.595641+00:00,113.6,provisional,2024-01-01,2024-12-31,1,2026-09-15T16:28:02.595641+00:00
VALUE_ADDED_GROWTH_NUTS2,es43:nuts2,2000,2026-09-15T16:28:02.595641+00:00,82.6,final,2000-01-01,2000-12-31,1,2026-09-15T16:28:02.595641+00:00
VALUE_ADDED_GROWTH_NUTS2,es43:nuts2,2001,2026-09-15T16:28:02.595641+00:00,85.0,final,2001-01-01,2001-12-31,1,2026-09-15T16:28:02.595641+00:00
VALUE_ADDED_GROWTH_NUTS2,es43:nuts2,2002,2026-09-15T16:28:02.595641+00:00,87.9,final,2002-01-01,2002-12-31,1,2026-09-15T16:28:02.595641+00:00
VALUE_ADDED_GROWTH_NUTS2,es43:nuts2,2003,2026-09-15T16:28:02.595641+00:00,90.3,final,2003-01-01,2003-12-31,1,2026-09-15T16:28:02.595641+00:00
VALUE_ADDED_GROWTH_NUTS2,es43:nuts2,2004,2026-09-15T16:28:02.595641+00:00,92.6,final,2004-01-01,2004-12-31,1,2026-09-15T16:28:02.595641+00:00
VALUE_ADDED_GROWTH_NUTS2,es43:nuts2,2005,2026-09-15T16:28:02.595641+00:00,95.6,final,2005-01-01,2005-12-31,1,2026-09-15T16:28:02.595641+00:00
VALUE_ADDED_GROWTH_NUTS2,es43:nuts2,2006,2026-09-15T16:28:02.595641+00:00,99.1,final,2006-01-01,2006-12-31,1,2026-09-15T16:28:02.595641+00:00
VALUE_ADDED_GROWTH_NUTS2,es43:nuts2,2007,2026-09-15T16:28:02.595641+00:00,103.2,final,2007-01-01,2007-12-31,1,2026-09-15T16:28:02.595641+00:00
VALUE_ADDED_GROWTH_NUTS2,es43:nuts2,2008,2026-09-15T16:28:02.595641+00:00,104.9,final,2008-01-01,2008-12-31,1,2026-09-15T16:28:02.595641+00:00
VALUE_ADDED_GROWTH_NUTS2,es43:nuts2,2009,2026-09-15T16:28:02.595641+00:00,102.2,final,2009-01-01,2009-12-31,1,2026-09-15T16:28:02.595641+00:00
VALUE_ADDED_GROWTH_NUTS2,es43:nuts2,2010,2026-09-15T16:28:02.595641+00:00,102.9,final,2010-01-01,2010-12-31,1,2026-09-15T16:28:02.595641+00:00
VALUE_ADDED_GROWTH_NUTS2,es43:nuts2,2011,2026-09-15T16:28:02.595641+00:00,102.4,final,2011-01-01,2011-12-31,1,2026-09-15T16:28:02.595641+00:00
VALUE_ADDED_GROWTH_NUTS2,es43:nuts2,2012,2026-09-15T16:28:02.595641+00:00,99.1,final,2012-01-01,2012-12-31,1,2026-09-15T16:28:02.595641+00:00
VALUE_ADDED_GROWTH_NUTS2,es43:nuts2,2013,2026-09-15T16:28:02.595641+00:00,98.6,final,2013-01-01,2013-12-31,1,2026-09-15T16:28:02.595641+00:00
VALUE_ADDED_GROWTH_NUTS2,es43:nuts2,2014,2026-09-15T16:28:02.595641+00:00,98.4,final,2014-01-01,2014-12-31,1,2026-09-15T16:28:02.595641+00:00
VALUE_ADDED_GROWTH_NUTS2,es43:nuts2,2015,2026-09-15T16:28:02.595641+00:00,101.0,final,2015-01-01,2015-12-31,1,2026-09-15T16:28:02.595641+00:00
VALUE_ADDED_GROWTH_NUTS2,es43:nuts2,2016,2026-09-15T16:28:02.595641+00:00,102.2,final,2016-01-01,2016-12-31,1,2026-09-15T16:28:02.595641+00:00
VALUE_ADDED_GROWTH_NUTS2,es43:nuts2,2017,2026-09-15T16:28:02.595641+00:00,106.2,final,2017-01-01,2017-12-31,1,2026-09-15T16:28:02.595641+00:00
VALUE_ADDED_GROWTH_NUTS2,es43:nuts2,2018,2026-09-15T16:28:02.595641+00:00,107.9,final,2018-01-01,2018-12-31,1,2026-09-15T16:28:02.595641+00:00
VALUE_ADDED_GROWTH_NUTS2,es43:nuts2,2019,2026-09-15T16:28:02.595641+00:00,110.1,final,2019-01-01,2019-12-31,1,2026-09-15T16:28:02.595641+00:00
VALUE_ADDED_GROWTH_NUTS2,es43:nuts2,2020,2026-09-15T16:28:02.595641+00:00,100.0,final,2020-01-01,2020-12-31,1,2026-09-15T16:28:02.595641+00:00
VALUE_ADDED_GROWTH_NUTS2,es43:nuts2,2021,2026-09-15T16:28:02.595641+00:00,104.0,final,2021-01-01,2021-12-31,1,2026-09-15T16:28:02.595641+00:00
VALUE_ADDED_GROWTH_NUTS2,es43:nuts2,2022,2026-09-15T16:28:02.595641+00:00,106.7,final,2022-01-01,2022-12-31,1,2026-09-15T16:28:02.595641+00:00
VALUE_ADDED_GROWTH_NUTS2,es43:nuts2,2023,2026-09-15T16:28:02.595641+00:00,109.2,provisional,2023-01-01,2023-12-31,1,2026-09-15T16:28:02.595641+00:00
VALUE_ADDED_GROWTH_NUTS2,es43:nuts2,2024,2026-09-15T16:28:02.595641+00:00,112.6,provisional,2024-01-01,2024-12-31,1,2026-09-15T16:28:02.595641+00:00
VALUE_ADDED_GROWTH_NUTS2,es51:nuts2,2000,2026-09-15T16:28:02.595641+00:00,82.7,final,2000-01-01,2000-12-31,1,2026-09-15T16:28:02.595641+00:00
VALUE_ADDED_GROWTH_NUTS2,es51:nuts2,2001,2026-09-15T16:28:02.595641+00:00,86.3,final,2001-01-01,2001-12-31,1,2026-09-15T16:28:02.595641+00:00
VALUE_ADDED_GROWTH_NUTS2,es51:nuts2,2002,2026-09-15T16:28:02.595641+00:00,88.4,final,2002-01-01,2002-12-31,1,2026-09-15T16:28:02.595641+00:00
VALUE_ADDED_GROWTH_NUTS2,es51:nuts2,2003,2026-09-15T16:28:02.595641+00:00,90.8,final,2003-01-01,2003-12-31,1,2026-09-15T16:28:02.595641+00:00
VALUE_ADDED_GROWTH_NUTS2,es51:nuts2,2004,2026-09-15T16:28:02.595641+00:00,93.4,final,2004-01-01,2004-12-31,1,2026-09-15T16:28:02.595641+00:00
VALUE_ADDED_GROWTH_NUTS2,es51:nuts2,2005,2026-09-15T16:28:02.595641+00:00,96.5,final,2005-01-01,2005-12-31,1,2026-09-15T16:28:02.595641+00:00
VALUE_ADDED_GROWTH_NUTS2,es51:nuts2,2006,2026-09-15T16:28:02.595641+00:00,100.5,final,2006-01-01,2006-12-31,1,2026-09-15T16:28:02.595641+00:00
VALUE_ADDED_GROWTH_NUTS2,es51:nuts2,2007,2026-09-15T16:28:02.595641+00:00,104.4,final,2007-01-01,2007-12-31,1,2026-09-15T16:28:02.595641+00:00
VALUE_ADDED_GROWTH_NUTS2,es51:nuts2,2008,2026-09-15T16:28:02.595641+00:00,104.9,final,2008-01-01,2008-12-31,1,2026-09-15T16:28:02.595641+00:00
VALUE_ADDED_GROWTH_NUTS2,es51:nuts2,2009,2026-09-15T16:28:02.595641+00:00,101.6,final,2009-01-01,2009-12-31,1,2026-09-15T16:28:02.595641+00:00
VALUE_ADDED_GROWTH_NUTS2,es51:nuts2,2010,2026-09-15T16:28:02.595641+00:00,101.9,final,2010-01-01,2010-12-31,1,2026-09-15T16:28:02.595641+00:00
VALUE_ADDED_GROWTH_NUTS2,es51:nuts2,2011,2026-09-15T16:28:02.595641+00:00,100.7,final,2011-01-01,2011-12-31,1,2026-09-15T16:28:02.595641+00:00
VALUE_ADDED_GROWTH_NUTS2,es51:nuts2,2012,2026-09-15T16:28:02.595641+00:00,97.9,final,2012-01-01,2012-12-31,1,2026-09-15T16:28:02.595641+00:00
VALUE_ADDED_GROWTH_NUTS2,es51:nuts2,2013,2026-09-15T16:28:02.595641+00:00,97.0,final,2013-01-01,2013-12-31,1,2026-09-15T16:28:02.595641+00:00
VALUE_ADDED_GROWTH_NUTS2,es51:nuts2,2014,2026-09-15T16:28:02.595641+00:00,98.4,final,2014-01-01,2014-12-31,1,2026-09-15T16:28:02.595641+00:00
VALUE_ADDED_GROWTH_NUTS2,es51:nuts2,2015,2026-09-15T16:28:02.595641+00:00,102.3,final,2015-01-01,2015-12-31,1,2026-09-15T16:28:02.595641+00:00
VALUE_ADDED_GROWTH_NUTS2,es51:nuts2,2016,2026-09-15T16:28:02.595641+00:00,105.3,final,2016-01-01,2016-12-31,1,2026-09-15T16:28:02.595641+00:00
VALUE_ADDED_GROWTH_NUTS2,es51:nuts2,2017,2026-09-15T16:28:02.595641+00:00,108.3,final,2017-01-01,2017-12-31,1,2026-09-15T16:28:02.595641+00:00
VALUE_ADDED_GROWTH_NUTS2,es51:nuts2,2018,2026-09-15T16:28:02.595641+00:00,110.9,final,2018-01-01,2018-12-31,1,2026-09-15T16:28:02.595641+00:00
VALUE_ADDED_GROWTH_NUTS2,es51:nuts2,2019,2026-09-15T16:28:02.595641+00:00,113.4,final,2019-01-01,2019-12-31,1,2026-09-15T16:28:02.595641+00:00
VALUE_ADDED_GROWTH_NUTS2,es51:nuts2,2020,2026-09-15T16:28:02.595641+00:00,100.0,final,2020-01-01,2020-12-31,1,2026-09-15T16:28:02.595641+00:00
VALUE_ADDED_GROWTH_NUTS2,es51:nuts2,2021,2026-09-15T16:28:02.595641+00:00,106.8,final,2021-01-01,2021-12-31,1,2026-09-15T16:28:02.595641+00:00
VALUE_ADDED_GROWTH_NUTS2,es51:nuts2,2022,2026-09-15T16:28:02.595641+00:00,114.4,final,2022-01-01,2022-12-31,1,2026-09-15T16:28:02.595641+00:00
VALUE_ADDED_GROWTH_NUTS2,es51:nuts2,2023,2026-09-15T16:28:02.595641+00:00,117.9,provisional,2023-01-01,2023-12-31,1,2026-09-15T16:28:02.595641+00:00
VALUE_ADDED_GROWTH_NUTS2,es51:nuts2,2024,2026-09-15T16:28:02.595641+00:00,122.8,provisional,2024-01-01,2024-12-31,1,2026-09-15T16:28:02.595641+00:00
VALUE_ADDED_GROWTH_NUTS2,es52:nuts2,2000,2026-09-15T16:28:02.595641+00:00,85.3,final,2000-01-01,2000-12-31,1,2026-09-15T16:28:02.595641+00:00
VALUE_ADDED_GROWTH_NUTS2,es52:nuts2,2001,2026-09-15T16:28:02.595641+00:00,89.6,final,2001-01-01,2001-12-31,1,2026-09-15T16:28:02.595641+00:00
VALUE_ADDED_GROWTH_NUTS2,es52:nuts2,2002,2026-09-15T16:28:02.595641+00:00,92.1,final,2002-01-01,2002-12-31,1,2026-09-15T16:28:02.595641+00:00
VALUE_ADDED_GROWTH_NUTS2,es52:nuts2,2003,2026-09-15T16:28:02.595641+00:00,94.2,final,2003-01-01,2003-12-31,1,2026-09-15T16:28:02.595641+00:00
VALUE_ADDED_GROWTH_NUTS2,es52:nuts2,2004,2026-09-15T16:28:02.595641+00:00,96.8,final,2004-01-01,2004-12-31,1,2026-09-15T16:28:02.595641+00:00
VALUE_ADDED_GROWTH_NUTS2,es52:nuts2,2005,2026-09-15T16:28:02.595641+00:00,99.9,final,2005-01-01,2005-12-31,1,2026-09-15T16:28:02.595641+00:00
VALUE_ADDED_GROWTH_NUTS2,es52:nuts2,2006,2026-09-15T16:28:02.595641+00:00,104.0,final,2006-01-01,2006-12-31,1,2026-09-15T16:28:02.595641+00:00
VALUE_ADDED_GROWTH_NUTS2,es52:nuts2,2007,2026-09-15T16:28:02.595641+00:00,107.8,final,2007-01-01,2007-12-31,1,2026-09-15T16:28:02.595641+00:00
VALUE_ADDED_GROWTH_NUTS2,es52:nuts2,2008,2026-09-15T16:28:02.595641+00:00,108.7,final,2008-01-01,2008-12-31,1,2026-09-15T16:28:02.595641+00:00
VALUE_ADDED_GROWTH_NUTS2,es52:nuts2,2009,2026-09-15T16:28:02.595641+00:00,102.9,final,2009-01-01,2009-12-31,1,2026-09-15T16:28:02.595641+00:00
VALUE_ADDED_GROWTH_NUTS2,es52:nuts2,2010,2026-09-15T16:28:02.595641+00:00,102.2,final,2010-01-01,2010-12-31,1,2026-09-15T16:28:02.595641+00:00
VALUE_ADDED_GROWTH_NUTS2,es52:nuts2,2011,2026-09-15T16:28:02.595641+00:00,101.0,final,2011-01-01,2011-12-31,1,2026-09-15T16:28:02.595641+00:00
VALUE_ADDED_GROWTH_NUTS2,es52:nuts2,2012,2026-09-15T16:28:02.595641+00:00,97.1,final,2012-01-01,2012-12-31,1,2026-09-15T16:28:02.595641+00:00
VALUE_ADDED_GROWTH_NUTS2,es52:nuts2,2013,2026-09-15T16:28:02.595641+00:00,96.1,final,2013-01-01,2013-12-31,1,2026-09-15T16:28:02.595641+00:00
VALUE_ADDED_GROWTH_NUTS2,es52:nuts2,2014,2026-09-15T16:28:02.595641+00:00,97.8,final,2014-01-01,2014-12-31,1,2026-09-15T16:28:02.595641+00:00
VALUE_ADDED_GROWTH_NUTS2,es52:nuts2,2015,2026-09-15T16:28:02.595641+00:00,101.1,final,2015-01-01,2015-12-31,1,2026-09-15T16:28:02.595641+00:00
VALUE_ADDED_GROWTH_NUTS2,es52:nuts2,2016,2026-09-15T16:28:02.595641+00:00,103.2,final,2016-01-01,2016-12-31,1,2026-09-15T16:28:02.595641+00:00
VALUE_ADDED_GROWTH_NUTS2,es52:nuts2,2017,2026-09-15T16:28:02.595641+00:00,106.8,final,2017-01-01,2017-12-31,1,2026-09-15T16:28:02.595641+00:00
VALUE_ADDED_GROWTH_NUTS2,es52:nuts2,2018,2026-09-15T16:28:02.595641+00:00,109.3,final,2018-01-01,2018-12-31,1,2026-09-15T16:28:02.595641+00:00
VALUE_ADDED_GROWTH_NUTS2,es52:nuts2,2019,2026-09-15T16:28:02.595641+00:00,111.6,final,2019-01-01,2019-12-31,1,2026-09-15T16:28:02.595641+00:00
VALUE_ADDED_GROWTH_NUTS2,es52:nuts2,2020,2026-09-15T16:28:02.595641+00:00,100.0,final,2020-01-01,2020-12-31,1,2026-09-15T16:28:02.595641+00:00
VALUE_ADDED_GROWTH_NUTS2,es52:nuts2,2021,2026-09-15T16:28:02.595641+00:00,107.2,final,2021-01-01,2021-12-31,1,2026-09-15T16:28:02.595641+00:00
VALUE_ADDED_GROWTH_NUTS2,es52:nuts2,2022,2026-09-15T16:28:02.595641+00:00,113.8,final,2022-01-01,2022-12-31,1,2026-09-15T16:28:02.595641+00:00
VALUE_ADDED_GROWTH_NUTS2,es52:nuts2,2023,2026-09-15T16:28:02.595641+00:00,116.7,provisional,2023-01-01,2023-12-31,1,2026-09-15T16:28:02.595641+00:00
VALUE_ADDED_GROWTH_NUTS2,es52:nuts2,2024,2026-09-15T16:28:02.595641+00:00,121.1,provisional,2024-01-01,2024-12-31,1,2026-09-15T16:28:02.595641+00:00
VALUE_ADDED_GROWTH_NUTS2,es53:nuts2,2000,2026-09-15T16:28:02.595641+00:00,94.7,final,2000-01-01,2000-12-31,1,2026-09-15T16:28:02.595641+00:00
VALUE_ADDED_GROWTH_NUTS2,es53:nuts2,2001,2026-09-15T16:28:02.595641+00:00,97.2,final,2001-01-01,2001-12-31,1,2026-09-15T16:28:02.595641+00:00
VALUE_ADDED_GROWTH_NUTS2,es53:nuts2,2002,2026-09-15T16:28:02.595641+00:00,97.8,final,2002-01-01,2002-12-31,1,2026-09-15T16:28:02.595641+00:00
VALUE_ADDED_GROWTH_NUTS2,es53:nuts2,2003,2026-09-15T16:28:02.595641+00:00,98.7,final,2003-01-01,2003-12-31,1,2026-09-15T16:28:02.595641+00:00
VALUE_ADDED_GROWTH_NUTS2,es53:nuts2,2004,2026-09-15T16:28:02.595641+00:00,100.4,final,2004-01-01,2004-12-31,1,2026-09-15T16:28:02.595641+00:00
VALUE_ADDED_GROWTH_NUTS2,es53:nuts2,2005,2026-09-15T16:28:02.595641+00:00,104.0,final,2005-01-01,2005-12-31,1,2026-09-15T16:28:02.595641+00:00
VALUE_ADDED_GROWTH_NUTS2,es53:nuts2,2006,2026-09-15T16:28:02.595641+00:00,108.0,final,2006-01-01,2006-12-31,1,2026-09-15T16:28:02.595641+00:00
VALUE_ADDED_GROWTH_NUTS2,es53:nuts2,2007,2026-09-15T16:28:02.595641+00:00,112.4,final,2007-01-01,2007-12-31,1,2026-09-15T16:28:02.595641+00:00
VALUE_ADDED_GROWTH_NUTS2,es53:nuts2,2008,2026-09-15T16:28:02.595641+00:00,114.5,final,2008-01-01,2008-12-31,1,2026-09-15T16:28:02.595641+00:00
VALUE_ADDED_GROWTH_NUTS2,es53:nuts2,2009,2026-09-15T16:28:02.595641+00:00,110.5,final,2009-01-01,2009-12-31,1,2026-09-15T16:28:02.595641+00:00
VALUE_ADDED_GROWTH_NUTS2,es53:nuts2,2010,2026-09-15T16:28:02.595641+00:00,109.5,final,2010-01-01,2010-12-31,1,2026-09-15T16:28:02.595641+00:00
VALUE_ADDED_GROWTH_NUTS2,es53:nuts2,2011,2026-09-15T16:28:02.595641+00:00,109.8,final,2011-01-01,2011-12-31,1,2026-09-15T16:28:02.595641+00:00
VALUE_ADDED_GROWTH_NUTS2,es53:nuts2,2012,2026-09-15T16:28:02.595641+00:00,108.6,final,2012-01-01,2012-12-31,1,2026-09-15T16:28:02.595641+00:00
VALUE_ADDED_GROWTH_NUTS2,es53:nuts2,2013,2026-09-15T16:28:02.595641+00:00,107.4,final,2013-01-01,2013-12-31,1,2026-09-15T16:28:02.595641+00:00
VALUE_ADDED_GROWTH_NUTS2,es53:nuts2,2014,2026-09-15T16:28:02.595641+00:00,110.4,final,2014-01-01,2014-12-31,1,2026-09-15T16:28:02.595641+00:00
VALUE_ADDED_GROWTH_NUTS2,es53:nuts2,2015,2026-09-15T16:28:02.595641+00:00,114.6,final,2015-01-01,2015-12-31,1,2026-09-15T16:28:02.595641+00:00
VALUE_ADDED_GROWTH_NUTS2,es53:nuts2,2016,2026-09-15T16:28:02.595641+00:00,119.1,final,2016-01-01,2016-12-31,1,2026-09-15T16:28:02.595641+00:00
VALUE_ADDED_GROWTH_NUTS2,es53:nuts2,2017,2026-09-15T16:28:02.595641+00:00,122.9,final,2017-01-01,2017-12-31,1,2026-09-15T16:28:02.595641+00:00
VALUE_ADDED_GROWTH_NUTS2,es53:nuts2,2018,2026-09-15T16:28:02.595641+00:00,126.6,final,2018-01-01,2018-12-31,1,2026-09-15T16:28:02.595641+00:00
VALUE_ADDED_GROWTH_NUTS2,es53:nuts2,2019,2026-09-15T16:28:02.595641+00:00,129.1,final,2019-01-01,2019-12-31,1,2026-09-15T16:28:02.595641+00:00
VALUE_ADDED_GROWTH_NUTS2,es53:nuts2,2020,2026-09-15T16:28:02.595641+00:00,100.0,final,2020-01-01,2020-12-31,1,2026-09-15T16:28:02.595641+00:00
VALUE_ADDED_GROWTH_NUTS2,es53:nuts2,2021,2026-09-15T16:28:02.595641+00:00,111.1,final,2021-01-01,2021-12-31,1,2026-09-15T16:28:02.595641+00:00
VALUE_ADDED_GROWTH_NUTS2,es53:nuts2,2022,2026-09-15T16:28:02.595641+00:00,129.6,final,2022-01-01,2022-12-31,1,2026-09-15T16:28:02.595641+00:00
VALUE_ADDED_GROWTH_NUTS2,es53:nuts2,2023,2026-09-15T16:28:02.595641+00:00,134.6,provisional,2023-01-01,2023-12-31,1,2026-09-15T16:28:02.595641+00:00
VALUE_ADDED_GROWTH_NUTS2,es53:nuts2,2024,2026-09-15T16:28:02.595641+00:00,140.7,provisional,2024-01-01,2024-12-31,1,2026-09-15T16:28:02.595641+00:00
VALUE_ADDED_GROWTH_NUTS2,es61:nuts2,2000,2026-09-15T16:28:02.595641+00:00,84.1,final,2000-01-01,2000-12-31,1,2026-09-15T16:28:02.595641+00:00
VALUE_ADDED_GROWTH_NUTS2,es61:nuts2,2001,2026-09-15T16:28:02.595641+00:00,87.3,final,2001-01-01,2001-12-31,1,2026-09-15T16:28:02.595641+00:00
VALUE_ADDED_GROWTH_NUTS2,es61:nuts2,2002,2026-09-15T16:28:02.595641+00:00,90.4,final,2002-01-01,2002-12-31,1,2026-09-15T16:28:02.595641+00:00
VALUE_ADDED_GROWTH_NUTS2,es61:nuts2,2003,2026-09-15T16:28:02.595641+00:00,93.7,final,2003-01-01,2003-12-31,1,2026-09-15T16:28:02.595641+00:00
VALUE_ADDED_GROWTH_NUTS2,es61:nuts2,2004,2026-09-15T16:28:02.595641+00:00,96.7,final,2004-01-01,2004-12-31,1,2026-09-15T16:28:02.595641+00:00
VALUE_ADDED_GROWTH_NUTS2,es61:nuts2,2005,2026-09-15T16:28:02.595641+00:00,99.7,final,2005-01-01,2005-12-31,1,2026-09-15T16:28:02.595641+00:00
VALUE_ADDED_GROWTH_NUTS2,es61:nuts2,2006,2026-09-15T16:28:02.595641+00:00,103.9,final,2006-01-01,2006-12-31,1,2026-09-15T16:28:02.595641+00:00
VALUE_ADDED_GROWTH_NUTS2,es61:nuts2,2007,2026-09-15T16:28:02.595641+00:00,108.0,final,2007-01-01,2007-12-31,1,2026-09-15T16:28:02.595641+00:00
VALUE_ADDED_GROWTH_NUTS2,es61:nuts2,2008,2026-09-15T16:28:02.595641+00:00,108.4,final,2008-01-01,2008-12-31,1,2026-09-15T16:28:02.595641+00:00
VALUE_ADDED_GROWTH_NUTS2,es61:nuts2,2009,2026-09-15T16:28:02.595641+00:00,104.5,final,2009-01-01,2009-12-31,1,2026-09-15T16:28:02.595641+00:00
VALUE_ADDED_GROWTH_NUTS2,es61:nuts2,2010,2026-09-15T16:28:02.595641+00:00,102.9,final,2010-01-01,2010-12-31,1,2026-09-15T16:28:02.595641+00:00
VALUE_ADDED_GROWTH_NUTS2,es61:nuts2,2011,2026-09-15T16:28:02.595641+00:00,103.0,final,2011-01-01,2011-12-31,1,2026-09-15T16:28:02.595641+00:00
VALUE_ADDED_GROWTH_NUTS2,es61:nuts2,2012,2026-09-15T16:28:02.595641+00:00,99.5,final,2012-01-01,2012-12-31,1,2026-09-15T16:28:02.595641+00:00
VALUE_ADDED_GROWTH_NUTS2,es61:nuts2,2013,2026-09-15T16:28:02.595641+00:00,97.7,final,2013-01-01,2013-12-31,1,2026-09-15T16:28:02.595641+00:00
VALUE_ADDED_GROWTH_NUTS2,es61:nuts2,2014,2026-09-15T16:28:02.595641+00:00,98.9,final,2014-01-01,2014-12-31,1,2026-09-15T16:28:02.595641+00:00
VALUE_ADDED_GROWTH_NUTS2,es61:nuts2,2015,2026-09-15T16:28:02.595641+00:00,102.1,final,2015-01-01,2015-12-31,1,2026-09-15T16:28:02.595641+00:00
VALUE_ADDED_GROWTH_NUTS2,es61:nuts2,2016,2026-09-15T16:28:02.595641+00:00,104.3,final,2016-01-01,2016-12-31,1,2026-09-15T16:28:02.595641+00:00
VALUE_ADDED_GROWTH_NUTS2,es61:nuts2,2017,2026-09-15T16:28:02.595641+00:00,107.0,final,2017-01-01,2017-12-31,1,2026-09-15T16:28:02.595641+00:00
VALUE_ADDED_GROWTH_NUTS2,es61:nuts2,2018,2026-09-15T16:28:02.595641+00:00,109.8,final,2018-01-01,2018-12-31,1,2026-09-15T16:28:02.595641+00:00
VALUE_ADDED_GROWTH_NUTS2,es61:nuts2,2019,2026-09-15T16:28:02.595641+00:00,111.9,final,2019-01-01,2019-12-31,1,2026-09-15T16:28:02.595641+00:00
VALUE_ADDED_GROWTH_NUTS2,es61:nuts2,2020,2026-09-15T16:28:02.595641+00:00,100.0,final,2020-01-01,2020-12-31,1,2026-09-15T16:28:02.595641+00:00
VALUE_ADDED_GROWTH_NUTS2,es61:nuts2,2021,2026-09-15T16:28:02.595641+00:00,106.1,final,2021-01-01,2021-12-31,1,2026-09-15T16:28:02.595641+00:00
VALUE_ADDED_GROWTH_NUTS2,es61:nuts2,2022,2026-09-15T16:28:02.595641+00:00,112.4,final,2022-01-01,2022-12-31,1,2026-09-15T16:28:02.595641+00:00
VALUE_ADDED_GROWTH_NUTS2,es61:nuts2,2023,2026-09-15T16:28:02.595641+00:00,114.8,provisional,2023-01-01,2023-12-31,1,2026-09-15T16:28:02.595641+00:00
VALUE_ADDED_GROWTH_NUTS2,es61:nuts2,2024,2026-09-15T16:28:02.595641+00:00,119.5,provisional,2024-01-01,2024-12-31,1,2026-09-15T16:28:02.595641+00:00
VALUE_ADDED_GROWTH_NUTS2,es62:nuts2,2000,2026-09-15T16:28:02.595641+00:00,76.5,final,2000-01-01,2000-12-31,1,2026-09-15T16:28:02.595641+00:00
VALUE_ADDED_GROWTH_NUTS2,es62:nuts2,2001,2026-09-15T16:28:02.595641+00:00,79.8,final,2001-01-01,2001-12-31,1,2026-09-15T16:28:02.595641+00:00
VALUE_ADDED_GROWTH_NUTS2,es62:nuts2,2002,2026-09-15T16:28:02.595641+00:00,82.7,final,2002-01-01,2002-12-31,1,2026-09-15T16:28:02.595641+00:00
VALUE_ADDED_GROWTH_NUTS2,es62:nuts2,2003,2026-09-15T16:28:02.595641+00:00,85.5,final,2003-01-01,2003-12-31,1,2026-09-15T16:28:02.595641+00:00
VALUE_ADDED_GROWTH_NUTS2,es62:nuts2,2004,2026-09-15T16:28:02.595641+00:00,87.7,final,2004-01-01,2004-12-31,1,2026-09-15T16:28:02.595641+00:00
VALUE_ADDED_GROWTH_NUTS2,es62:nuts2,2005,2026-09-15T16:28:02.595641+00:00,91.1,final,2005-01-01,2005-12-31,1,2026-09-15T16:28:02.595641+00:00
VALUE_ADDED_GROWTH_NUTS2,es62:nuts2,2006,2026-09-15T16:28:02.595641+00:00,95.0,final,2006-01-01,2006-12-31,1,2026-09-15T16:28:02.595641+00:00
VALUE_ADDED_GROWTH_NUTS2,es62:nuts2,2007,2026-09-15T16:28:02.595641+00:00,99.1,final,2007-01-01,2007-12-31,1,2026-09-15T16:28:02.595641+00:00
VALUE_ADDED_GROWTH_NUTS2,es62:nuts2,2008,2026-09-15T16:28:02.595641+00:00,100.8,final,2008-01-01,2008-12-31,1,2026-09-15T16:28:02.595641+00:00
VALUE_ADDED_GROWTH_NUTS2,es62:nuts2,2009,2026-09-15T16:28:02.595641+00:00,96.2,final,2009-01-01,2009-12-31,1,2026-09-15T16:28:02.595641+00:00
VALUE_ADDED_GROWTH_NUTS2,es62:nuts2,2010,2026-09-15T16:28:02.595641+00:00,96.1,final,2010-01-01,2010-12-31,1,2026-09-15T16:28:02.595641+00:00
VALUE_ADDED_GROWTH_NUTS2,es62:nuts2,2011,2026-09-15T16:28:02.595641+00:00,95.5,final,2011-01-01,2011-12-31,1,2026-09-15T16:28:02.595641+00:00
VALUE_ADDED_GROWTH_NUTS2,es62:nuts2,2012,2026-09-15T16:28:02.595641+00:00,92.9,final,2012-01-01,2012-12-31,1,2026-09-15T16:28:02.595641+00:00
VALUE_ADDED_GROWTH_NUTS2,es62:nuts2,2013,2026-09-15T16:28:02.595641+00:00,92.0,final,2013-01-01,2013-12-31,1,2026-09-15T16:28:02.595641+00:00
VALUE_ADDED_GROWTH_NUTS2,es62:nuts2,2014,2026-09-15T16:28:02.595641+00:00,93.8,final,2014-01-01,2014-12-31,1,2026-09-15T16:28:02.595641+00:00
VALUE_ADDED_GROWTH_NUTS2,es62:nuts2,2015,2026-09-15T16:28:02.595641+00:00,100.5,final,2015-01-01,2015-12-31,1,2026-09-15T16:28:02.595641+00:00
VALUE_ADDED_GROWTH_NUTS2,es62:nuts2,2016,2026-09-15T16:28:02.595641+00:00,103.9,final,2016-01-01,2016-12-31,1,2026-09-15T16:28:02.595641+00:00
VALUE_ADDED_GROWTH_NUTS2,es62:nuts2,2017,2026-09-15T16:28:02.595641+00:00,107.2,final,2017-01-01,2017-12-31,1,2026-09-15T16:28:02.595641+00:00
VALUE_ADDED_GROWTH_NUTS2,es62:nuts2,2018,2026-09-15T16:28:02.595641+00:00,107.1,final,2018-01-01,2018-12-31,1,2026-09-15T16:28:02.595641+00:00
VALUE_ADDED_GROWTH_NUTS2,es62:nuts2,2019,2026-09-15T16:28:02.595641+00:00,109.7,final,2019-01-01,2019-12-31,1,2026-09-15T16:28:02.595641+00:00
VALUE_ADDED_GROWTH_NUTS2,es62:nuts2,2020,2026-09-15T16:28:02.595641+00:00,100.0,final,2020-01-01,2020-12-31,1,2026-09-15T16:28:02.595641+00:00
VALUE_ADDED_GROWTH_NUTS2,es62:nuts2,2021,2026-09-15T16:28:02.595641+00:00,106.8,final,2021-01-01,2021-12-31,1,2026-09-15T16:28:02.595641+00:00
VALUE_ADDED_GROWTH_NUTS2,es62:nuts2,2022,2026-09-15T16:28:02.595641+00:00,111.5,final,2022-01-01,2022-12-31,1,2026-09-15T16:28:02.595641+00:00
VALUE_ADDED_GROWTH_NUTS2,es62:nuts2,2023,2026-09-15T16:28:02.595641+00:00,112.9,provisional,2023-01-01,2023-12-31,1,2026-09-15T16:28:02.595641+00:00
VALUE_ADDED_GROWTH_NUTS2,es62:nuts2,2024,2026-09-15T16:28:02.595641+00:00,118.6,provisional,2024-01-01,2024-12-31,1,2026-09-15T16:28:02.595641+00:00
VALUE_ADDED_GROWTH_NUTS2,es63:nuts2,2000,2026-09-15T16:28:02.595641+00:00,119.5,final,2000-01-01,2000-12-31,1,2026-09-15T16:28:02.595641+00:00
VALUE_ADDED_GROWTH_NUTS2,es63:nuts2,2001,2026-09-15T16:28:02.595641+00:00,115.8,final,2001-01-01,2001-12-31,1,2026-09-15T16:28:02.595641+00:00
VALUE_ADDED_GROWTH_NUTS2,es63:nuts2,2002,2026-09-15T16:28:02.595641+00:00,113.2,final,2002-01-01,2002-12-31,1,2026-09-15T16:28:02.595641+00:00
VALUE_ADDED_GROWTH_NUTS2,es63:nuts2,2003,2026-09-15T16:28:02.595641+00:00,112.8,final,2003-01-01,2003-12-31,1,2026-09-15T16:28:02.595641+00:00
VALUE_ADDED_GROWTH_NUTS2,es63:nuts2,2004,2026-09-15T16:28:02.595641+00:00,110.6,final,2004-01-01,2004-12-31,1,2026-09-15T16:28:02.595641+00:00
VALUE_ADDED_GROWTH_NUTS2,es63:nuts2,2005,2026-09-15T16:28:02.595641+00:00,108.7,final,2005-01-01,2005-12-31,1,2026-09-15T16:28:02.595641+00:00
VALUE_ADDED_GROWTH_NUTS2,es63:nuts2,2006,2026-09-15T16:28:02.595641+00:00,107.4,final,2006-01-01,2006-12-31,1,2026-09-15T16:28:02.595641+00:00
VALUE_ADDED_GROWTH_NUTS2,es63:nuts2,2007,2026-09-15T16:28:02.595641+00:00,107.4,final,2007-01-01,2007-12-31,1,2026-09-15T16:28:02.595641+00:00
VALUE_ADDED_GROWTH_NUTS2,es63:nuts2,2008,2026-09-15T16:28:02.595641+00:00,106.0,final,2008-01-01,2008-12-31,1,2026-09-15T16:28:02.595641+00:00
VALUE_ADDED_GROWTH_NUTS2,es63:nuts2,2009,2026-09-15T16:28:02.595641+00:00,101.8,final,2009-01-01,2009-12-31,1,2026-09-15T16:28:02.595641+00:00
VALUE_ADDED_GROWTH_NUTS2,es63:nuts2,2010,2026-09-15T16:28:02.595641+00:00,100.2,final,2010-01-01,2010-12-31,1,2026-09-15T16:28:02.595641+00:00
VALUE_ADDED_GROWTH_NUTS2,es63:nuts2,2011,2026-09-15T16:28:02.595641+00:00,101.1,final,2011-01-01,2011-12-31,1,2026-09-15T16:28:02.595641+00:00
VALUE_ADDED_GROWTH_NUTS2,es63:nuts2,2012,2026-09-15T16:28:02.595641+00:00,99.2,final,2012-01-01,2012-12-31,1,2026-09-15T16:28:02.595641+00:00
VALUE_ADDED_GROWTH_NUTS2,es63:nuts2,2013,2026-09-15T16:28:02.595641+00:00,100.1,final,2013-01-01,2013-12-31,1,2026-09-15T16:28:02.595641+00:00
VALUE_ADDED_GROWTH_NUTS2,es63:nuts2,2014,2026-09-15T16:28:02.595641+00:00,99.5,final,2014-01-01,2014-12-31,1,2026-09-15T16:28:02.595641+00:00
VALUE_ADDED_GROWTH_NUTS2,es63:nuts2,2015,2026-09-15T16:28:02.595641+00:00,102.1,final,2015-01-01,2015-12-31,1,2026-09-15T16:28:02.595641+00:00
VALUE_ADDED_GROWTH_NUTS2,es63:nuts2,2016,2026-09-15T16:28:02.595641+00:00,103.7,final,2016-01-01,2016-12-31,1,2026-09-15T16:28:02.595641+00:00
VALUE_ADDED_GROWTH_NUTS2,es63:nuts2,2017,2026-09-15T16:28:02.595641+00:00,106.2,final,2017-01-01,2017-12-31,1,2026-09-15T16:28:02.595641+00:00
VALUE_ADDED_GROWTH_NUTS2,es63:nuts2,2018,2026-09-15T16:28:02.595641+00:00,108.5,final,2018-01-01,2018-12-31,1,2026-09-15T16:28:02.595641+00:00
VALUE_ADDED_GROWTH_NUTS2,es63:nuts2,2019,2026-09-15T16:28:02.595641+00:00,109.7,final,2019-01-01,2019-12-31,1,2026-09-15T16:28:02.595641+00:00
VALUE_ADDED_GROWTH_NUTS2,es63:nuts2,2020,2026-09-15T16:28:02.595641+00:00,100.0,final,2020-01-01,2020-12-31,1,2026-09-15T16:28:02.595641+00:00
VALUE_ADDED_GROWTH_NUTS2,es63:nuts2,2021,2026-09-15T16:28:02.595641+00:00,103.4,final,2021-01-01,2021-12-31,1,2026-09-15T16:28:02.595641+00:00
VALUE_ADDED_GROWTH_NUTS2,es63:nuts2,2022,2026-09-15T16:28:02.595641+00:00,107.1,final,2022-01-01,2022-12-31,1,2026-09-15T16:28:02.595641+00:00
VALUE_ADDED_GROWTH_NUTS2,es63:nuts2,2023,2026-09-15T16:28:02.595641+00:00,108.7,provisional,2023-01-01,2023-12-31,1,2026-09-15T16:28:02.595641+00:00
VALUE_ADDED_GROWTH_NUTS2,es63:nuts2,2024,2026-09-15T16:28:02.595641+00:00,110.2,provisional,2024-01-01,2024-12-31,1,2026-09-15T16:28:02.595641+00:00
VALUE_ADDED_GROWTH_NUTS2,es64:nuts2,2000,2026-09-15T16:28:02.595641+00:00,119.8,final,2000-01-01,2000-12-31,1,2026-09-15T16:28:02.595641+00:00
VALUE_ADDED_GROWTH_NUTS2,es64:nuts2,2001,2026-09-15T16:28:02.595641+00:00,116.0,final,2001-01-01,2001-12-31,1,2026-09-15T16:28:02.595641+00:00
VALUE_ADDED_GROWTH_NUTS2,es64:nuts2,2002,2026-09-15T16:28:02.595641+00:00,112.5,final,2002-01-01,2002-12-31,1,2026-09-15T16:28:02.595641+00:00
VALUE_ADDED_GROWTH_NUTS2,es64:nuts2,2003,2026-09-15T16:28:02.595641+00:00,111.4,final,2003-01-01,2003-12-31,1,2026-09-15T16:28:02.595641+00:00
VALUE_ADDED_GROWTH_NUTS2,es64:nuts2,2004,2026-09-15T16:28:02.595641+00:00,109.2,final,2004-01-01,2004-12-31,1,2026-09-15T16:28:02.595641+00:00
VALUE_ADDED_GROWTH_NUTS2,es64:nuts2,2005,2026-09-15T16:28:02.595641+00:00,107.8,final,2005-01-01,2005-12-31,1,2026-09-15T16:28:02.595641+00:00
VALUE_ADDED_GROWTH_NUTS2,es64:nuts2,2006,2026-09-15T16:28:02.595641+00:00,106.5,final,2006-01-01,2006-12-31,1,2026-09-15T16:28:02.595641+00:00
VALUE_ADDED_GROWTH_NUTS2,es64:nuts2,2007,2026-09-15T16:28:02.595641+00:00,104.7,final,2007-01-01,2007-12-31,1,2026-09-15T16:28:02.595641+00:00
VALUE_ADDED_GROWTH_NUTS2,es64:nuts2,2008,2026-09-15T16:28:02.595641+00:00,102.8,final,2008-01-01,2008-12-31,1,2026-09-15T16:28:02.595641+00:00
VALUE_ADDED_GROWTH_NUTS2,es64:nuts2,2009,2026-09-15T16:28:02.595641+00:00,99.1,final,2009-01-01,2009-12-31,1,2026-09-15T16:28:02.595641+00:00
VALUE_ADDED_GROWTH_NUTS2,es64:nuts2,2010,2026-09-15T16:28:02.595641+00:00,96.5,final,2010-01-01,2010-12-31,1,2026-09-15T16:28:02.595641+00:00
VALUE_ADDED_GROWTH_NUTS2,es64:nuts2,2011,2026-09-15T16:28:02.595641+00:00,98.0,final,2011-01-01,2011-12-31,1,2026-09-15T16:28:02.595641+00:00
VALUE_ADDED_GROWTH_NUTS2,es64:nuts2,2012,2026-09-15T16:28:02.595641+00:00,96.3,final,2012-01-01,2012-12-31,1,2026-09-15T16:28:02.595641+00:00
VALUE_ADDED_GROWTH_NUTS2,es64:nuts2,2013,2026-09-15T16:28:02.595641+00:00,97.0,final,2013-01-01,2013-12-31,1,2026-09-15T16:28:02.595641+00:00
VALUE_ADDED_GROWTH_NUTS2,es64:nuts2,2014,2026-09-15T16:28:02.595641+00:00,98.2,final,2014-01-01,2014-12-31,1,2026-09-15T16:28:02.595641+00:00
VALUE_ADDED_GROWTH_NUTS2,es64:nuts2,2015,2026-09-15T16:28:02.595641+00:00,100.8,final,2015-01-01,2015-12-31,1,2026-09-15T16:28:02.595641+00:00
VALUE_ADDED_GROWTH_NUTS2,es64:nuts2,2016,2026-09-15T16:28:02.595641+00:00,103.0,final,2016-01-01,2016-12-31,1,2026-09-15T16:28:02.595641+00:00
VALUE_ADDED_GROWTH_NUTS2,es64:nuts2,2017,2026-09-15T16:28:02.595641+00:00,105.5,final,2017-01-01,2017-12-31,1,2026-09-15T16:28:02.595641+00:00
VALUE_ADDED_GROWTH_NUTS2,es64:nuts2,2018,2026-09-15T16:28:02.595641+00:00,108.1,final,2018-01-01,2018-12-31,1,2026-09-15T16:28:02.595641+00:00
VALUE_ADDED_GROWTH_NUTS2,es64:nuts2,2019,2026-09-15T16:28:02.595641+00:00,109.8,final,2019-01-01,2019-12-31,1,2026-09-15T16:28:02.595641+00:00
VALUE_ADDED_GROWTH_NUTS2,es64:nuts2,2020,2026-09-15T16:28:02.595641+00:00,100.0,final,2020-01-01,2020-12-31,1,2026-09-15T16:28:02.595641+00:00
VALUE_ADDED_GROWTH_NUTS2,es64:nuts2,2021,2026-09-15T16:28:02.595641+00:00,103.2,final,2021-01-01,2021-12-31,1,2026-09-15T16:28:02.595641+00:00
VALUE_ADDED_GROWTH_NUTS2,es64:nuts2,2022,2026-09-15T16:28:02.595641+00:00,106.7,final,2022-01-01,2022-12-31,1,2026-09-15T16:28:02.595641+00:00
VALUE_ADDED_GROWTH_NUTS2,es64:nuts2,2023,2026-09-15T16:28:02.595641+00:00,109.2,provisional,2023-01-01,2023-12-31,1,2026-09-15T16:28:02.595641+00:00
VALUE_ADDED_GROWTH_NUTS2,es64:nuts2,2024,2026-09-15T16:28:02.595641+00:00,110.9,provisional,2024-01-01,2024-12-31,1,2026-09-15T16:28:02.595641+00:00
VALUE_ADDED_GROWTH_NUTS2,es70:nuts2,2000,2026-09-15T16:28:02.595641+00:00,95.1,final,2000-01-01,2000-12-31,1,2026-09-15T16:28:02.595641+00:00
VALUE_ADDED_GROWTH_NUTS2,es70:nuts2,2001,2026-09-15T16:28:02.595641+00:00,99.5,final,2001-01-01,2001-12-31,1,2026-09-15T16:28:02.595641+00:00
VALUE_ADDED_GROWTH_NUTS2,es70:nuts2,2002,2026-09-15T16:28:02.595641+00:00,101.6,final,2002-01-01,2002-12-31,1,2026-09-15T16:28:02.595641+00:00
VALUE_ADDED_GROWTH_NUTS2,es70:nuts2,2003,2026-09-15T16:28:02.595641+00:00,104.6,final,2003-01-01,2003-12-31,1,2026-09-15T16:28:02.595641+00:00
VALUE_ADDED_GROWTH_NUTS2,es70:nuts2,2004,2026-09-15T16:28:02.595641+00:00,106.2,final,2004-01-01,2004-12-31,1,2026-09-15T16:28:02.595641+00:00
VALUE_ADDED_GROWTH_NUTS2,es70:nuts2,2005,2026-09-15T16:28:02.595641+00:00,109.0,final,2005-01-01,2005-12-31,1,2026-09-15T16:28:02.595641+00:00
VALUE_ADDED_GROWTH_NUTS2,es70:nuts2,2006,2026-09-15T16:28:02.595641+00:00,112.1,final,2006-01-01,2006-12-31,1,2026-09-15T16:28:02.595641+00:00
VALUE_ADDED_GROWTH_NUTS2,es70:nuts2,2007,2026-09-15T16:28:02.595641+00:00,115.8,final,2007-01-01,2007-12-31,1,2026-09-15T16:28:02.595641+00:00
VALUE_ADDED_GROWTH_NUTS2,es70:nuts2,2008,2026-09-15T16:28:02.595641+00:00,115.8,final,2008-01-01,2008-12-31,1,2026-09-15T16:28:02.595641+00:00
VALUE_ADDED_GROWTH_NUTS2,es70:nuts2,2009,2026-09-15T16:28:02.595641+00:00,111.0,final,2009-01-01,2009-12-31,1,2026-09-15T16:28:02.595641+00:00
VALUE_ADDED_GROWTH_NUTS2,es70:nuts2,2010,2026-09-15T16:28:02.595641+00:00,111.7,final,2010-01-01,2010-12-31,1,2026-09-15T16:28:02.595641+00:00
VALUE_ADDED_GROWTH_NUTS2,es70:nuts2,2011,2026-09-15T16:28:02.595641+00:00,111.4,final,2011-01-01,2011-12-31,1,2026-09-15T16:28:02.595641+00:00
VALUE_ADDED_GROWTH_NUTS2,es70:nuts2,2012,2026-09-15T16:28:02.595641+00:00,108.7,final,2012-01-01,2012-12-31,1,2026-09-15T16:28:02.595641+00:00
VALUE_ADDED_GROWTH_NUTS2,es70:nuts2,2013,2026-09-15T16:28:02.595641+00:00,107.9,final,2013-01-01,2013-12-31,1,2026-09-15T16:28:02.595641+00:00
VALUE_ADDED_GROWTH_NUTS2,es70:nuts2,2014,2026-09-15T16:28:02.595641+00:00,108.4,final,2014-01-01,2014-12-31,1,2026-09-15T16:28:02.595641+00:00
VALUE_ADDED_GROWTH_NUTS2,es70:nuts2,2015,2026-09-15T16:28:02.595641+00:00,111.1,final,2015-01-01,2015-12-31,1,2026-09-15T16:28:02.595641+00:00
VALUE_ADDED_GROWTH_NUTS2,es70:nuts2,2016,2026-09-15T16:28:02.595641+00:00,113.7,final,2016-01-01,2016-12-31,1,2026-09-15T16:28:02.595641+00:00
VALUE_ADDED_GROWTH_NUTS2,es70:nuts2,2017,2026-09-15T16:28:02.595641+00:00,118.1,final,2017-01-01,2017-12-31,1,2026-09-15T16:28:02.595641+00:00
VALUE_ADDED_GROWTH_NUTS2,es70:nuts2,2018,2026-09-15T16:28:02.595641+00:00,121.0,final,2018-01-01,2018-12-31,1,2026-09-15T16:28:02.595641+00:00
VALUE_ADDED_GROWTH_NUTS2,es70:nuts2,2019,2026-09-15T16:28:02.595641+00:00,123.0,final,2019-01-01,2019-12-31,1,2026-09-15T16:28:02.595641+00:00
VALUE_ADDED_GROWTH_NUTS2,es70:nuts2,2020,2026-09-15T16:28:02.595641+00:00,100.0,final,2020-01-01,2020-12-31,1,2026-09-15T16:28:02.595641+00:00
VALUE_ADDED_GROWTH_NUTS2,es70:nuts2,2021,2026-09-15T16:28:02.595641+00:00,108.4,final,2021-01-01,2021-12-31,1,2026-09-15T16:28:02.595641+00:00
VALUE_ADDED_GROWTH_NUTS2,es70:nuts2,2022,2026-09-15T16:28:02.595641+00:00,121.7,final,2022-01-01,2022-12-31,1,2026-09-15T16:28:02.595641+00:00
VALUE_ADDED_GROWTH_NUTS2,es70:nuts2,2023,2026-09-15T16:28:02.595641+00:00,126.0,provisional,2023-01-01,2023-12-31,1,2026-09-15T16:28:02.595641+00:00
VALUE_ADDED_GROWTH_NUTS2,es70:nuts2,2024,2026-09-15T16:28:02.595641+00:00,131.8,provisional,2024-01-01,2024-12-31,1,2026-09-15T16:28:02.595641+00:00
VALUE_ADDED_GROWTH_NUTS2,fi19:nuts2,2000,2026-09-15T16:28:02.595641+00:00,83.5,final,2000-01-01,2000-12-31,1,2026-09-15T16:28:02.595641+00:00
VALUE_ADDED_GROWTH_NUTS2,fi19:nuts2,2001,2026-09-15T16:28:02.595641+00:00,87.7,final,2001-01-01,2001-12-31,1,2026-09-15T16:28:02.595641+00:00
VALUE_ADDED_GROWTH_NUTS2,fi19:nuts2,2002,2026-09-15T16:28:02.595641+00:00,88.4,final,2002-01-01,2002-12-31,1,2026-09-15T16:28:02.595641+00:00
VALUE_ADDED_GROWTH_NUTS2,fi19:nuts2,2003,2026-09-15T16:28:02.595641+00:00,90.3,final,2003-01-01,2003-12-31,1,2026-09-15T16:28:02.595641+00:00
VALUE_ADDED_GROWTH_NUTS2,fi19:nuts2,2004,2026-09-15T16:28:02.595641+00:00,92.9,final,2004-01-01,2004-12-31,1,2026-09-15T16:28:02.595641+00:00
VALUE_ADDED_GROWTH_NUTS2,fi19:nuts2,2005,2026-09-15T16:28:02.595641+00:00,96.1,final,2005-01-01,2005-12-31,1,2026-09-15T16:28:02.595641+00:00
VALUE_ADDED_GROWTH_NUTS2,fi19:nuts2,2006,2026-09-15T16:28:02.595641+00:00,99.3,final,2006-01-01,2006-12-31,1,2026-09-15T16:28:02.595641+00:00
VALUE_ADDED_GROWTH_NUTS2,fi19:nuts2,2007,2026-09-15T16:28:02.595641+00:00,106.5,final,2007-01-01,2007-12-31,1,2026-09-15T16:28:02.595641+00:00
VALUE_ADDED_GROWTH_NUTS2,fi19:nuts2,2008,2026-09-15T16:28:02.595641+00:00,107.2,final,2008-01-01,2008-12-31,1,2026-09-15T16:28:02.595641+00:00
VALUE_ADDED_GROWTH_NUTS2,fi19:nuts2,2009,2026-09-15T16:28:02.595641+00:00,96.8,final,2009-01-01,2009-12-31,1,2026-09-15T16:28:02.595641+00:00
VALUE_ADDED_GROWTH_NUTS2,fi19:nuts2,2010,2026-09-15T16:28:02.595641+00:00,99.5,final,2010-01-01,2010-12-31,1,2026-09-15T16:28:02.595641+00:00
VALUE_ADDED_GROWTH_NUTS2,fi19:nuts2,2011,2026-09-15T16:28:02.595641+00:00,102.9,final,2011-01-01,2011-12-31,1,2026-09-15T16:28:02.595641+00:00
VALUE_ADDED_GROWTH_NUTS2,fi19:nuts2,2012,2026-09-15T16:28:02.595641+00:00,100.8,final,2012-01-01,2012-12-31,1,2026-09-15T16:28:02.595641+00:00
VALUE_ADDED_GROWTH_NUTS2,fi19:nuts2,2013,2026-09-15T16:28:02.595641+00:00,97.0,final,2013-01-01,2013-12-31,1,2026-09-15T16:28:02.595641+00:00
VALUE_ADDED_GROWTH_NUTS2,fi19:nuts2,2014,2026-09-15T16:28:02.595641+00:00,96.3,final,2014-01-01,2014-12-31,1,2026-09-15T16:28:02.595641+00:00
VALUE_ADDED_GROWTH_NUTS2,fi19:nuts2,2015,2026-09-15T16:28:02.595641+00:00,96.4,final,2015-01-01,2015-12-31,1,2026-09-15T16:28:02.595641+00:00
VALUE_ADDED_GROWTH_NUTS2,fi19:nuts2,2016,2026-09-15T16:28:02.595641+00:00,97.2,final,2016-01-01,2016-12-31,1,2026-09-15T16:28:02.595641+00:00
VALUE_ADDED_GROWTH_NUTS2,fi19:nuts2,2017,2026-09-15T16:28:02.595641+00:00,100.5,final,2017-01-01,2017-12-31,1,2026-09-15T16:28:02.595641+00:00
VALUE_ADDED_GROWTH_NUTS2,fi19:nuts2,2018,2026-09-15T16:28:02.595641+00:00,101.1,final,2018-01-01,2018-12-31,1,2026-09-15T16:28:02.595641+00:00
VALUE_ADDED_GROWTH_NUTS2,fi19:nuts2,2019,2026-09-15T16:28:02.595641+00:00,101.7,final,2019-01-01,2019-12-31,1,2026-09-15T16:28:02.595641+00:00
VALUE_ADDED_GROWTH_NUTS2,fi19:nuts2,2020,2026-09-15T16:28:02.595641+00:00,100.0,final,2020-01-01,2020-12-31,1,2026-09-15T16:28:02.595641+00:00
VALUE_ADDED_GROWTH_NUTS2,fi19:nuts2,2021,2026-09-15T16:28:02.595641+00:00,104.1,final,2021-01-01,2021-12-31,1,2026-09-15T16:28:02.595641+00:00
VALUE_ADDED_GROWTH_NUTS2,fi19:nuts2,2022,2026-09-15T16:28:02.595641+00:00,106.5,final,2022-01-01,2022-12-31,1,2026-09-15T16:28:02.595641+00:00
VALUE_ADDED_GROWTH_NUTS2,fi19:nuts2,2023,2026-09-15T16:28:02.595641+00:00,107.4,final,2023-01-01,2023-12-31,1,2026-09-15T16:28:02.595641+00:00
VALUE_ADDED_GROWTH_NUTS2,fi19:nuts2,2024,2026-09-15T16:28:02.595641+00:00,107.3,final,2024-01-01,2024-12-31,1,2026-09-15T16:28:02.595641+00:00
VALUE_ADDED_GROWTH_NUTS2,fi1b:nuts2,2000,2026-09-15T16:28:02.595641+00:00,75.4,final,2000-01-01,2000-12-31,1,2026-09-15T16:28:02.595641+00:00
VALUE_ADDED_GROWTH_NUTS2,fi1b:nuts2,2001,2026-09-15T16:28:02.595641+00:00,78.6,final,2001-01-01,2001-12-31,1,2026-09-15T16:28:02.595641+00:00
VALUE_ADDED_GROWTH_NUTS2,fi1b:nuts2,2002,2026-09-15T16:28:02.595641+00:00,78.0,final,2002-01-01,2002-12-31,1,2026-09-15T16:28:02.595641+00:00
VALUE_ADDED_GROWTH_NUTS2,fi1b:nuts2,2003,2026-09-15T16:28:02.595641+00:00,77.8,final,2003-01-01,2003-12-31,1,2026-09-15T16:28:02.595641+00:00
VALUE_ADDED_GROWTH_NUTS2,fi1b:nuts2,2004,2026-09-15T16:28:02.595641+00:00,80.9,final,2004-01-01,2004-12-31,1,2026-09-15T16:28:02.595641+00:00
VALUE_ADDED_GROWTH_NUTS2,fi1b:nuts2,2005,2026-09-15T16:28:02.595641+00:00,83.5,final,2005-01-01,2005-12-31,1,2026-09-15T16:28:02.595641+00:00
VALUE_ADDED_GROWTH_NUTS2,fi1b:nuts2,2006,2026-09-15T16:28:02.595641+00:00,87.5,final,2006-01-01,2006-12-31,1,2026-09-15T16:28:02.595641+00:00
VALUE_ADDED_GROWTH_NUTS2,fi1b:nuts2,2007,2026-09-15T16:28:02.595641+00:00,93.9,final,2007-01-01,2007-12-31,1,2026-09-15T16:28:02.595641+00:00
VALUE_ADDED_GROWTH_NUTS2,fi1b:nuts2,2008,2026-09-15T16:28:02.595641+00:00,96.3,final,2008-01-01,2008-12-31,1,2026-09-15T16:28:02.595641+00:00
VALUE_ADDED_GROWTH_NUTS2,fi1b:nuts2,2009,2026-09-15T16:28:02.595641+00:00,90.1,final,2009-01-01,2009-12-31,1,2026-09-15T16:28:02.595641+00:00
VALUE_ADDED_GROWTH_NUTS2,fi1b:nuts2,2010,2026-09-15T16:28:02.595641+00:00,93.7,final,2010-01-01,2010-12-31,1,2026-09-15T16:28:02.595641+00:00
VALUE_ADDED_GROWTH_NUTS2,fi1b:nuts2,2011,2026-09-15T16:28:02.595641+00:00,93.4,final,2011-01-01,2011-12-31,1,2026-09-15T16:28:02.595641+00:00
VALUE_ADDED_GROWTH_NUTS2,fi1b:nuts2,2012,2026-09-15T16:28:02.595641+00:00,90.6,final,2012-01-01,2012-12-31,1,2026-09-15T16:28:02.595641+00:00
VALUE_ADDED_GROWTH_NUTS2,fi1b:nuts2,2013,2026-09-15T16:28:02.595641+00:00,91.9,final,2013-01-01,2013-12-31,1,2026-09-15T16:28:02.595641+00:00
VALUE_ADDED_GROWTH_NUTS2,fi1b:nuts2,2014,2026-09-15T16:28:02.595641+00:00,91.1,final,2014-01-01,2014-12-31,1,2026-09-15T16:28:02.595641+00:00
VALUE_ADDED_GROWTH_NUTS2,fi1b:nuts2,2015,2026-09-15T16:28:02.595641+00:00,92.7,final,2015-01-01,2015-12-31,1,2026-09-15T16:28:02.595641+00:00
VALUE_ADDED_GROWTH_NUTS2,fi1b:nuts2,2016,2026-09-15T16:28:02.595641+00:00,95.0,final,2016-01-01,2016-12-31,1,2026-09-15T16:28:02.595641+00:00
VALUE_ADDED_GROWTH_NUTS2,fi1b:nuts2,2017,2026-09-15T16:28:02.595641+00:00,98.6,final,2017-01-01,2017-12-31,1,2026-09-15T16:28:02.595641+00:00
VALUE_ADDED_GROWTH_NUTS2,fi1b:nuts2,2018,2026-09-15T16:28:02.595641+00:00,100.3,final,2018-01-01,2018-12-31,1,2026-09-15T16:28:02.595641+00:00
VALUE_ADDED_GROWTH_NUTS2,fi1b:nuts2,2019,2026-09-15T16:28:02.595641+00:00,103.3,final,2019-01-01,2019-12-31,1,2026-09-15T16:28:02.595641+00:00
VALUE_ADDED_GROWTH_NUTS2,fi1b:nuts2,2020,2026-09-15T16:28:02.595641+00:00,100.0,final,2020-01-01,2020-12-31,1,2026-09-15T16:28:02.595641+00:00
VALUE_ADDED_GROWTH_NUTS2,fi1b:nuts2,2021,2026-09-15T16:28:02.595641+00:00,103.2,final,2021-01-01,2021-12-31,1,2026-09-15T16:28:02.595641+00:00
VALUE_ADDED_GROWTH_NUTS2,fi1b:nuts2,2022,2026-09-15T16:28:02.595641+00:00,102.9,final,2022-01-01,2022-12-31,1,2026-09-15T16:28:02.595641+00:00
VALUE_ADDED_GROWTH_NUTS2,fi1b:nuts2,2023,2026-09-15T16:28:02.595641+00:00,103.0,final,2023-01-01,2023-12-31,1,2026-09-15T16:28:02.595641+00:00
VALUE_ADDED_GROWTH_NUTS2,fi1b:nuts2,2024,2026-09-15T16:28:02.595641+00:00,102.8,final,2024-01-01,2024-12-31,1,2026-09-15T16:28:02.595641+00:00
VALUE_ADDED_GROWTH_NUTS2,fi1c:nuts2,2000,2026-09-15T16:28:02.595641+00:00,89.0,final,2000-01-01,2000-12-31,1,2026-09-15T16:28:02.595641+00:00
VALUE_ADDED_GROWTH_NUTS2,fi1c:nuts2,2001,2026-09-15T16:28:02.595641+00:00,89.4,final,2001-01-01,2001-12-31,1,2026-09-15T16:28:02.595641+00:00
VALUE_ADDED_GROWTH_NUTS2,fi1c:nuts2,2002,2026-09-15T16:28:02.595641+00:00,92.7,final,2002-01-01,2002-12-31,1,2026-09-15T16:28:02.595641+00:00
VALUE_ADDED_GROWTH_NUTS2,fi1c:nuts2,2003,2026-09-15T16:28:02.595641+00:00,93.4,final,2003-01-01,2003-12-31,1,2026-09-15T16:28:02.595641+00:00
VALUE_ADDED_GROWTH_NUTS2,fi1c:nuts2,2004,2026-09-15T16:28:02.595641+00:00,97.6,final,2004-01-01,2004-12-31,1,2026-09-15T16:28:02.595641+00:00
VALUE_ADDED_GROWTH_NUTS2,fi1c:nuts2,2005,2026-09-15T16:28:02.595641+00:00,98.9,final,2005-01-01,2005-12-31,1,2026-09-15T16:28:02.595641+00:00
VALUE_ADDED_GROWTH_NUTS2,fi1c:nuts2,2006,2026-09-15T16:28:02.595641+00:00,101.4,final,2006-01-01,2006-12-31,1,2026-09-15T16:28:02.595641+00:00
VALUE_ADDED_GROWTH_NUTS2,fi1c:nuts2,2007,2026-09-15T16:28:02.595641+00:00,106.4,final,2007-01-01,2007-12-31,1,2026-09-15T16:28:02.595641+00:00
VALUE_ADDED_GROWTH_NUTS2,fi1c:nuts2,2008,2026-09-15T16:28:02.595641+00:00,106.4,final,2008-01-01,2008-12-31,1,2026-09-15T16:28:02.595641+00:00
VALUE_ADDED_GROWTH_NUTS2,fi1c:nuts2,2009,2026-09-15T16:28:02.595641+00:00,95.0,final,2009-01-01,2009-12-31,1,2026-09-15T16:28:02.595641+00:00
VALUE_ADDED_GROWTH_NUTS2,fi1c:nuts2,2010,2026-09-15T16:28:02.595641+00:00,95.8,final,2010-01-01,2010-12-31,1,2026-09-15T16:28:02.595641+00:00
VALUE_ADDED_GROWTH_NUTS2,fi1c:nuts2,2011,2026-09-15T16:28:02.595641+00:00,100.1,final,2011-01-01,2011-12-31,1,2026-09-15T16:28:02.595641+00:00
VALUE_ADDED_GROWTH_NUTS2,fi1c:nuts2,2012,2026-09-15T16:28:02.595641+00:00,98.7,final,2012-01-01,2012-12-31,1,2026-09-15T16:28:02.595641+00:00
VALUE_ADDED_GROWTH_NUTS2,fi1c:nuts2,2013,2026-09-15T16:28:02.595641+00:00,95.7,final,2013-01-01,2013-12-31,1,2026-09-15T16:28:02.595641+00:00
VALUE_ADDED_GROWTH_NUTS2,fi1c:nuts2,2014,2026-09-15T16:28:02.595641+00:00,95.9,final,2014-01-01,2014-12-31,1,2026-09-15T16:28:02.595641+00:00
VALUE_ADDED_GROWTH_NUTS2,fi1c:nuts2,2015,2026-09-15T16:28:02.595641+00:00,95.1,final,2015-01-01,2015-12-31,1,2026-09-15T16:28:02.595641+00:00
VALUE_ADDED_GROWTH_NUTS2,fi1c:nuts2,2016,2026-09-15T16:28:02.595641+00:00,97.2,final,2016-01-01,2016-12-31,1,2026-09-15T16:28:02.595641+00:00
VALUE_ADDED_GROWTH_NUTS2,fi1c:nuts2,2017,2026-09-15T16:28:02.595641+00:00,102.0,final,2017-01-01,2017-12-31,1,2026-09-15T16:28:02.595641+00:00
VALUE_ADDED_GROWTH_NUTS2,fi1c:nuts2,2018,2026-09-15T16:28:02.595641+00:00,101.8,final,2018-01-01,2018-12-31,1,2026-09-15T16:28:02.595641+00:00
VALUE_ADDED_GROWTH_NUTS2,fi1c:nuts2,2019,2026-09-15T16:28:02.595641+00:00,102.5,final,2019-01-01,2019-12-31,1,2026-09-15T16:28:02.595641+00:00
VALUE_ADDED_GROWTH_NUTS2,fi1c:nuts2,2020,2026-09-15T16:28:02.595641+00:00,100.0,final,2020-01-01,2020-12-31,1,2026-09-15T16:28:02.595641+00:00
VALUE_ADDED_GROWTH_NUTS2,fi1c:nuts2,2021,2026-09-15T16:28:02.595641+00:00,102.1,final,2021-01-01,2021-12-31,1,2026-09-15T16:28:02.595641+00:00
VALUE_ADDED_GROWTH_NUTS2,fi1c:nuts2,2022,2026-09-15T16:28:02.595641+00:00,102.5,final,2022-01-01,2022-12-31,1,2026-09-15T16:28:02.595641+00:00
VALUE_ADDED_GROWTH_NUTS2,fi1c:nuts2,2023,2026-09-15T16:28:02.595641+00:00,100.0,final,2023-01-01,2023-12-31,1,2026-09-15T16:28:02.595641+00:00
VALUE_ADDED_GROWTH_NUTS2,fi1c:nuts2,2024,2026-09-15T16:28:02.595641+00:00,101.1,final,2024-01-01,2024-12-31,1,2026-09-15T16:28:02.595641+00:00
VALUE_ADDED_GROWTH_NUTS2,fi1d:nuts2,2000,2026-09-15T16:28:02.595641+00:00,83.8,final,2000-01-01,2000-12-31,1,2026-09-15T16:28:02.595641+00:00
VALUE_ADDED_GROWTH_NUTS2,fi1d:nuts2,2001,2026-09-15T16:28:02.595641+00:00,83.4,final,2001-01-01,2001-12-31,1,2026-09-15T16:28:02.595641+00:00
VALUE_ADDED_GROWTH_NUTS2,fi1d:nuts2,2002,2026-09-15T16:28:02.595641+00:00,86.5,final,2002-01-01,2002-12-31,1,2026-09-15T16:28:02.595641+00:00
VALUE_ADDED_GROWTH_NUTS2,fi1d:nuts2,2003,2026-09-15T16:28:02.595641+00:00,89.5,final,2003-01-01,2003-12-31,1,2026-09-15T16:28:02.595641+00:00
VALUE_ADDED_GROWTH_NUTS2,fi1d:nuts2,2004,2026-09-15T16:28:02.595641+00:00,93.3,final,2004-01-01,2004-12-31,1,2026-09-15T16:28:02.595641+00:00
VALUE_ADDED_GROWTH_NUTS2,fi1d:nuts2,2005,2026-09-15T16:28:02.595641+00:00,94.9,final,2005-01-01,2005-12-31,1,2026-09-15T16:28:02.595641+00:00
VALUE_ADDED_GROWTH_NUTS2,fi1d:nuts2,2006,2026-09-15T16:28:02.595641+00:00,98.5,final,2006-01-01,2006-12-31,1,2026-09-15T16:28:02.595641+00:00
VALUE_ADDED_GROWTH_NUTS2,fi1d:nuts2,2007,2026-09-15T16:28:02.595641+00:00,101.8,final,2007-01-01,2007-12-31,1,2026-09-15T16:28:02.595641+00:00
VALUE_ADDED_GROWTH_NUTS2,fi1d:nuts2,2008,2026-09-15T16:28:02.595641+00:00,101.3,final,2008-01-01,2008-12-31,1,2026-09-15T16:28:02.595641+00:00
VALUE_ADDED_GROWTH_NUTS2,fi1d:nuts2,2009,2026-09-15T16:28:02.595641+00:00,91.1,final,2009-01-01,2009-12-31,1,2026-09-15T16:28:02.595641+00:00
VALUE_ADDED_GROWTH_NUTS2,fi1d:nuts2,2010,2026-09-15T16:28:02.595641+00:00,95.3,final,2010-01-01,2010-12-31,1,2026-09-15T16:28:02.595641+00:00
VALUE_ADDED_GROWTH_NUTS2,fi1d:nuts2,2011,2026-09-15T16:28:02.595641+00:00,96.6,final,2011-01-01,2011-12-31,1,2026-09-15T16:28:02.595641+00:00
VALUE_ADDED_GROWTH_NUTS2,fi1d:nuts2,2012,2026-09-15T16:28:02.595641+00:00,95.5,final,2012-01-01,2012-12-31,1,2026-09-15T16:28:02.595641+00:00
VALUE_ADDED_GROWTH_NUTS2,fi1d:nuts2,2013,2026-09-15T16:28:02.595641+00:00,94.4,final,2013-01-01,2013-12-31,1,2026-09-15T16:28:02.595641+00:00
VALUE_ADDED_GROWTH_NUTS2,fi1d:nuts2,2014,2026-09-15T16:28:02.595641+00:00,94.5,final,2014-01-01,2014-12-31,1,2026-09-15T16:28:02.595641+00:00
VALUE_ADDED_GROWTH_NUTS2,fi1d:nuts2,2015,2026-09-15T16:28:02.595641+00:00,93.5,final,2015-01-01,2015-12-31,1,2026-09-15T16:28:02.595641+00:00
VALUE_ADDED_GROWTH_NUTS2,fi1d:nuts2,2016,2026-09-15T16:28:02.595641+00:00,97.2,final,2016-01-01,2016-12-31,1,2026-09-15T16:28:02.595641+00:00
VALUE_ADDED_GROWTH_NUTS2,fi1d:nuts2,2017,2026-09-15T16:28:02.595641+00:00,100.2,final,2017-01-01,2017-12-31,1,2026-09-15T16:28:02.595641+00:00
VALUE_ADDED_GROWTH_NUTS2,fi1d:nuts2,2018,2026-09-15T16:28:02.595641+00:00,100.6,final,2018-01-01,2018-12-31,1,2026-09-15T16:28:02.595641+00:00
VALUE_ADDED_GROWTH_NUTS2,fi1d:nuts2,2019,2026-09-15T16:28:02.595641+00:00,101.5,final,2019-01-01,2019-12-31,1,2026-09-15T16:28:02.595641+00:00
VALUE_ADDED_GROWTH_NUTS2,fi1d:nuts2,2020,2026-09-15T16:28:02.595641+00:00,100.0,final,2020-01-01,2020-12-31,1,2026-09-15T16:28:02.595641+00:00
VALUE_ADDED_GROWTH_NUTS2,fi1d:nuts2,2021,2026-09-15T16:28:02.595641+00:00,100.7,final,2021-01-01,2021-12-31,1,2026-09-15T16:28:02.595641+00:00
VALUE_ADDED_GROWTH_NUTS2,fi1d:nuts2,2022,2026-09-15T16:28:02.595641+00:00,103.7,final,2022-01-01,2022-12-31,1,2026-09-15T16:28:02.595641+00:00
VALUE_ADDED_GROWTH_NUTS2,fi1d:nuts2,2023,2026-09-15T16:28:02.595641+00:00,103.7,final,2023-01-01,2023-12-31,1,2026-09-15T16:28:02.595641+00:00
VALUE_ADDED_GROWTH_NUTS2,fi1d:nuts2,2024,2026-09-15T16:28:02.595641+00:00,105.1,final,2024-01-01,2024-12-31,1,2026-09-15T16:28:02.595641+00:00
VALUE_ADDED_GROWTH_NUTS2,fi20:nuts2,2000,2026-09-15T16:28:02.595641+00:00,102.6,final,2000-01-01,2000-12-31,1,2026-09-15T16:28:02.595641+00:00
VALUE_ADDED_GROWTH_NUTS2,fi20:nuts2,2001,2026-09-15T16:28:02.595641+00:00,116.7,final,2001-01-01,2001-12-31,1,2026-09-15T16:28:02.595641+00:00
VALUE_ADDED_GROWTH_NUTS2,fi20:nuts2,2002,2026-09-15T16:28:02.595641+00:00,115.2,final,2002-01-01,2002-12-31,1,2026-09-15T16:28:02.595641+00:00
VALUE_ADDED_GROWTH_NUTS2,fi20:nuts2,2003,2026-09-15T16:28:02.595641+00:00,112.1,final,2003-01-01,2003-12-31,1,2026-09-15T16:28:02.595641+00:00
VALUE_ADDED_GROWTH_NUTS2,fi20:nuts2,2004,2026-09-15T16:28:02.595641+00:00,114.7,final,2004-01-01,2004-12-31,1,2026-09-15T16:28:02.595641+00:00
VALUE_ADDED_GROWTH_NUTS2,fi20:nuts2,2005,2026-09-15T16:28:02.595641+00:00,118.0,final,2005-01-01,2005-12-31,1,2026-09-15T16:28:02.595641+00:00
VALUE_ADDED_GROWTH_NUTS2,fi20:nuts2,2006,2026-09-15T16:28:02.595641+00:00,119.0,final,2006-01-01,2006-12-31,1,2026-09-15T16:28:02.595641+00:00
VALUE_ADDED_GROWTH_NUTS2,fi20:nuts2,2007,2026-09-15T16:28:02.595641+00:00,118.6,final,2007-01-01,2007-12-31,1,2026-09-15T16:28:02.595641+00:00
VALUE_ADDED_GROWTH_NUTS2,fi20:nuts2,2008,2026-09-15T16:28:02.595641+00:00,111.6,final,2008-01-01,2008-12-31,1,2026-09-15T16:28:02.595641+00:00
VALUE_ADDED_GROWTH_NUTS2,fi20:nuts2,2009,2026-09-15T16:28:02.595641+00:00,119.4,final,2009-01-01,2009-12-31,1,2026-09-15T16:28:02.595641+00:00
VALUE_ADDED_GROWTH_NUTS2,fi20:nuts2,2010,2026-09-15T16:28:02.595641+00:00,119.5,final,2010-01-01,2010-12-31,1,2026-09-15T16:28:02.595641+00:00
VALUE_ADDED_GROWTH_NUTS2,fi20:nuts2,2011,2026-09-15T16:28:02.595641+00:00,120.4,final,2011-01-01,2011-12-31,1,2026-09-15T16:28:02.595641+00:00
VALUE_ADDED_GROWTH_NUTS2,fi20:nuts2,2012,2026-09-15T16:28:02.595641+00:00,127.5,final,2012-01-01,2012-12-31,1,2026-09-15T16:28:02.595641+00:00
VALUE_ADDED_GROWTH_NUTS2,fi20:nuts2,2013,2026-09-15T16:28:02.595641+00:00,129.0,final,2013-01-01,2013-12-31,1,2026-09-15T16:28:02.595641+00:00
VALUE_ADDED_GROWTH_NUTS2,fi20:nuts2,2014,2026-09-15T16:28:02.595641+00:00,129.0,final,2014-01-01,2014-12-31,1,2026-09-15T16:28:02.595641+00:00
VALUE_ADDED_GROWTH_NUTS2,fi20:nuts2,2015,2026-09-15T16:28:02.595641+00:00,122.9,final,2015-01-01,2015-12-31,1,2026-09-15T16:28:02.595641+00:00
VALUE_ADDED_GROWTH_NUTS2,fi20:nuts2,2016,2026-09-15T16:28:02.595641+00:00,120.5,final,2016-01-01,2016-12-31,1,2026-09-15T16:28:02.595641+00:00
VALUE_ADDED_GROWTH_NUTS2,fi20:nuts2,2017,2026-09-15T16:28:02.595641+00:00,121.7,final,2017-01-01,2017-12-31,1,2026-09-15T16:28:02.595641+00:00
VALUE_ADDED_GROWTH_NUTS2,fi20:nuts2,2018,2026-09-15T16:28:02.595641+00:00,112.2,final,2018-01-01,2018-12-31,1,2026-09-15T16:28:02.595641+00:00
VALUE_ADDED_GROWTH_NUTS2,fi20:nuts2,2019,2026-09-15T16:28:02.595641+00:00,116.0,final,2019-01-01,2019-12-31,1,2026-09-15T16:28:02.595641+00:00
VALUE_ADDED_GROWTH_NUTS2,fi20:nuts2,2020,2026-09-15T16:28:02.595641+00:00,100.0,final,2020-01-01,2020-12-31,1,2026-09-15T16:28:02.595641+00:00
VALUE_ADDED_GROWTH_NUTS2,fi20:nuts2,2021,2026-09-15T16:28:02.595641+00:00,112.7,final,2021-01-01,2021-12-31,1,2026-09-15T16:28:02.595641+00:00
VALUE_ADDED_GROWTH_NUTS2,fi20:nuts2,2022,2026-09-15T16:28:02.595641+00:00,115.4,final,2022-01-01,2022-12-31,1,2026-09-15T16:28:02.595641+00:00
VALUE_ADDED_GROWTH_NUTS2,fi20:nuts2,2023,2026-09-15T16:28:02.595641+00:00,120.5,final,2023-01-01,2023-12-31,1,2026-09-15T16:28:02.595641+00:00
VALUE_ADDED_GROWTH_NUTS2,fi20:nuts2,2024,2026-09-15T16:28:02.595641+00:00,121.0,final,2024-01-01,2024-12-31,1,2026-09-15T16:28:02.595641+00:00
VALUE_ADDED_GROWTH_NUTS2,fr10:nuts2,2000,2026-09-15T16:28:02.595641+00:00,83.4,final,2000-01-01,2000-12-31,1,2026-09-15T16:28:02.595641+00:00
VALUE_ADDED_GROWTH_NUTS2,fr10:nuts2,2001,2026-09-15T16:28:02.595641+00:00,84.5,final,2001-01-01,2001-12-31,1,2026-09-15T16:28:02.595641+00:00
VALUE_ADDED_GROWTH_NUTS2,fr10:nuts2,2002,2026-09-15T16:28:02.595641+00:00,85.8,final,2002-01-01,2002-12-31,1,2026-09-15T16:28:02.595641+00:00
VALUE_ADDED_GROWTH_NUTS2,fr10:nuts2,2003,2026-09-15T16:28:02.595641+00:00,85.9,final,2003-01-01,2003-12-31,1,2026-09-15T16:28:02.595641+00:00
VALUE_ADDED_GROWTH_NUTS2,fr10:nuts2,2004,2026-09-15T16:28:02.595641+00:00,87.6,final,2004-01-01,2004-12-31,1,2026-09-15T16:28:02.595641+00:00
VALUE_ADDED_GROWTH_NUTS2,fr10:nuts2,2005,2026-09-15T16:28:02.595641+00:00,89.5,final,2005-01-01,2005-12-31,1,2026-09-15T16:28:02.595641+00:00
VALUE_ADDED_GROWTH_NUTS2,fr10:nuts2,2006,2026-09-15T16:28:02.595641+00:00,91.2,final,2006-01-01,2006-12-31,1,2026-09-15T16:28:02.595641+00:00
VALUE_ADDED_GROWTH_NUTS2,fr10:nuts2,2007,2026-09-15T16:28:02.595641+00:00,94.8,final,2007-01-01,2007-12-31,1,2026-09-15T16:28:02.595641+00:00
VALUE_ADDED_GROWTH_NUTS2,fr10:nuts2,2008,2026-09-15T16:28:02.595641+00:00,96.4,final,2008-01-01,2008-12-31,1,2026-09-15T16:28:02.595641+00:00
VALUE_ADDED_GROWTH_NUTS2,fr10:nuts2,2009,2026-09-15T16:28:02.595641+00:00,93.7,final,2009-01-01,2009-12-31,1,2026-09-15T16:28:02.595641+00:00
VALUE_ADDED_GROWTH_NUTS2,fr10:nuts2,2010,2026-09-15T16:28:02.595641+00:00,98.1,final,2010-01-01,2010-12-31,1,2026-09-15T16:28:02.595641+00:00
VALUE_ADDED_GROWTH_NUTS2,fr10:nuts2,2011,2026-09-15T16:28:02.595641+00:00,99.0,final,2011-01-01,2011-12-31,1,2026-09-15T16:28:02.595641+00:00
VALUE_ADDED_GROWTH_NUTS2,fr10:nuts2,2012,2026-09-15T16:28:02.595641+00:00,100.1,final,2012-01-01,2012-12-31,1,2026-09-15T16:28:02.595641+00:00
VALUE_ADDED_GROWTH_NUTS2,fr10:nuts2,2013,2026-09-15T16:28:02.595641+00:00,101.7,final,2013-01-01,2013-12-31,1,2026-09-15T16:28:02.595641+00:00
VALUE_ADDED_GROWTH_NUTS2,fr10:nuts2,2014,2026-09-15T16:28:02.595641+00:00,102.5,final,2014-01-01,2014-12-31,1,2026-09-15T16:28:02.595641+00:00
VALUE_ADDED_GROWTH_NUTS2,fr10:nuts2,2015,2026-09-15T16:28:02.595641+00:00,103.3,final,2015-01-01,2015-12-31,1,2026-09-15T16:28:02.595641+00:00
VALUE_ADDED_GROWTH_NUTS2,fr10:nuts2,2016,2026-09-15T16:28:02.595641+00:00,104.5,final,2016-01-01,2016-12-31,1,2026-09-15T16:28:02.595641+00:00
VALUE_ADDED_GROWTH_NUTS2,fr10:nuts2,2017,2026-09-15T16:28:02.595641+00:00,106.2,final,2017-01-01,2017-12-31,1,2026-09-15T16:28:02.595641+00:00
VALUE_ADDED_GROWTH_NUTS2,fr10:nuts2,2018,2026-09-15T16:28:02.595641+00:00,108.4,final,2018-01-01,2018-12-31,1,2026-09-15T16:28:02.595641+00:00
VALUE_ADDED_GROWTH_NUTS2,fr10:nuts2,2019,2026-09-15T16:28:02.595641+00:00,111.4,final,2019-01-01,2019-12-31,1,2026-09-15T16:28:02.595641+00:00
VALUE_ADDED_GROWTH_NUTS2,fr10:nuts2,2020,2026-09-15T16:28:02.595641+00:00,100.0,final,2020-01-01,2020-12-31,1,2026-09-15T16:28:02.595641+00:00
VALUE_ADDED_GROWTH_NUTS2,fr10:nuts2,2021,2026-09-15T16:28:02.595641+00:00,107.0,final,2021-01-01,2021-12-31,1,2026-09-15T16:28:02.595641+00:00
VALUE_ADDED_GROWTH_NUTS2,fr10:nuts2,2022,2026-09-15T16:28:02.595641+00:00,112.3,provisional,2022-01-01,2022-12-31,1,2026-09-15T16:28:02.595641+00:00
VALUE_ADDED_GROWTH_NUTS2,fr10:nuts2,2023,2026-09-15T16:28:02.595641+00:00,115.4,provisional,2023-01-01,2023-12-31,1,2026-09-15T16:28:02.595641+00:00
VALUE_ADDED_GROWTH_NUTS2,fr10:nuts2,2024,2026-09-15T16:28:02.595641+00:00,117.8,provisional,2024-01-01,2024-12-31,1,2026-09-15T16:28:02.595641+00:00
VALUE_ADDED_GROWTH_NUTS2,frb0:nuts2,2000,2026-09-15T16:28:02.595641+00:00,94.4,final,2000-01-01,2000-12-31,1,2026-09-15T16:28:02.595641+00:00
VALUE_ADDED_GROWTH_NUTS2,frb0:nuts2,2001,2026-09-15T16:28:02.595641+00:00,96.1,final,2001-01-01,2001-12-31,1,2026-09-15T16:28:02.595641+00:00
VALUE_ADDED_GROWTH_NUTS2,frb0:nuts2,2002,2026-09-15T16:28:02.595641+00:00,96.3,final,2002-01-01,2002-12-31,1,2026-09-15T16:28:02.595641+00:00
VALUE_ADDED_GROWTH_NUTS2,frb0:nuts2,2003,2026-09-15T16:28:02.595641+00:00,96.9,final,2003-01-01,2003-12-31,1,2026-09-15T16:28:02.595641+00:00
VALUE_ADDED_GROWTH_NUTS2,frb0:nuts2,2004,2026-09-15T16:28:02.595641+00:00,99.7,final,2004-01-01,2004-12-31,1,2026-09-15T16:28:02.595641+00:00
VALUE_ADDED_GROWTH_NUTS2,frb0:nuts2,2005,2026-09-15T16:28:02.595641+00:00,100.2,final,2005-01-01,2005-12-31,1,2026-09-15T16:28:02.595641+00:00
VALUE_ADDED_GROWTH_NUTS2,frb0:nuts2,2006,2026-09-15T16:28:02.595641+00:00,102.3,final,2006-01-01,2006-12-31,1,2026-09-15T16:28:02.595641+00:00
VALUE_ADDED_GROWTH_NUTS2,frb0:nuts2,2007,2026-09-15T16:28:02.595641+00:00,104.3,final,2007-01-01,2007-12-31,1,2026-09-15T16:28:02.595641+00:00
VALUE_ADDED_GROWTH_NUTS2,frb0:nuts2,2008,2026-09-15T16:28:02.595641+00:00,101.8,final,2008-01-01,2008-12-31,1,2026-09-15T16:28:02.595641+00:00
VALUE_ADDED_GROWTH_NUTS2,frb0:nuts2,2009,2026-09-15T16:28:02.595641+00:00,99.4,final,2009-01-01,2009-12-31,1,2026-09-15T16:28:02.595641+00:00
VALUE_ADDED_GROWTH_NUTS2,frb0:nuts2,2010,2026-09-15T16:28:02.595641+00:00,100.3,final,2010-01-01,2010-12-31,1,2026-09-15T16:28:02.595641+00:00
VALUE_ADDED_GROWTH_NUTS2,frb0:nuts2,2011,2026-09-15T16:28:02.595641+00:00,102.4,final,2011-01-01,2011-12-31,1,2026-09-15T16:28:02.595641+00:00
VALUE_ADDED_GROWTH_NUTS2,frb0:nuts2,2012,2026-09-15T16:28:02.595641+00:00,102.3,final,2012-01-01,2012-12-31,1,2026-09-15T16:28:02.595641+00:00
VALUE_ADDED_GROWTH_NUTS2,frb0:nuts2,2013,2026-09-15T16:28:02.595641+00:00,102.6,final,2013-01-01,2013-12-31,1,2026-09-15T16:28:02.595641+00:00
VALUE_ADDED_GROWTH_NUTS2,frb0:nuts2,2014,2026-09-15T16:28:02.595641+00:00,102.9,final,2014-01-01,2014-12-31,1,2026-09-15T16:28:02.595641+00:00
VALUE_ADDED_GROWTH_NUTS2,frb0:nuts2,2015,2026-09-15T16:28:02.595641+00:00,103.4,final,2015-01-01,2015-12-31,1,2026-09-15T16:28:02.595641+00:00
VALUE_ADDED_GROWTH_NUTS2,frb0:nuts2,2016,2026-09-15T16:28:02.595641+00:00,103.0,final,2016-01-01,2016-12-31,1,2026-09-15T16:28:02.595641+00:00
VALUE_ADDED_GROWTH_NUTS2,frb0:nuts2,2017,2026-09-15T16:28:02.595641+00:00,104.6,final,2017-01-01,2017-12-31,1,2026-09-15T16:28:02.595641+00:00
VALUE_ADDED_GROWTH_NUTS2,frb0:nuts2,2018,2026-09-15T16:28:02.595641+00:00,105.3,final,2018-01-01,2018-12-31,1,2026-09-15T16:28:02.595641+00:00
VALUE_ADDED_GROWTH_NUTS2,frb0:nuts2,2019,2026-09-15T16:28:02.595641+00:00,106.6,final,2019-01-01,2019-12-31,1,2026-09-15T16:28:02.595641+00:00
VALUE_ADDED_GROWTH_NUTS2,frb0:nuts2,2020,2026-09-15T16:28:02.595641+00:00,100.0,final,2020-01-01,2020-12-31,1,2026-09-15T16:28:02.595641+00:00
VALUE_ADDED_GROWTH_NUTS2,frb0:nuts2,2021,2026-09-15T16:28:02.595641+00:00,104.7,final,2021-01-01,2021-12-31,1,2026-09-15T16:28:02.595641+00:00
VALUE_ADDED_GROWTH_NUTS2,frb0:nuts2,2022,2026-09-15T16:28:02.595641+00:00,104.4,provisional,2022-01-01,2022-12-31,1,2026-09-15T16:28:02.595641+00:00
VALUE_ADDED_GROWTH_NUTS2,frb0:nuts2,2023,2026-09-15T16:28:02.595641+00:00,108.7,provisional,2023-01-01,2023-12-31,1,2026-09-15T16:28:02.595641+00:00
VALUE_ADDED_GROWTH_NUTS2,frb0:nuts2,2024,2026-09-15T16:28:02.595641+00:00,109.9,provisional,2024-01-01,2024-12-31,1,2026-09-15T16:28:02.595641+00:00
VALUE_ADDED_GROWTH_NUTS2,frc1:nuts2,2000,2026-09-15T16:28:02.595641+00:00,94.0,final,2000-01-01,2000-12-31,1,2026-09-15T16:28:02.595641+00:00
VALUE_ADDED_GROWTH_NUTS2,frc1:nuts2,2001,2026-09-15T16:28:02.595641+00:00,94.1,final,2001-01-01,2001-12-31,1,2026-09-15T16:28:02.595641+00:00
VALUE_ADDED_GROWTH_NUTS2,frc1:nuts2,2002,2026-09-15T16:28:02.595641+00:00,94.1,final,2002-01-01,2002-12-31,1,2026-09-15T16:28:02.595641+00:00
VALUE_ADDED_GROWTH_NUTS2,frc1:nuts2,2003,2026-09-15T16:28:02.595641+00:00,94.1,final,2003-01-01,2003-12-31,1,2026-09-15T16:28:02.595641+00:00
VALUE_ADDED_GROWTH_NUTS2,frc1:nuts2,2004,2026-09-15T16:28:02.595641+00:00,97.7,final,2004-01-01,2004-12-31,1,2026-09-15T16:28:02.595641+00:00
VALUE_ADDED_GROWTH_NUTS2,frc1:nuts2,2005,2026-09-15T16:28:02.595641+00:00,97.7,final,2005-01-01,2005-12-31,1,2026-09-15T16:28:02.595641+00:00
VALUE_ADDED_GROWTH_NUTS2,frc1:nuts2,2006,2026-09-15T16:28:02.595641+00:00,100.1,final,2006-01-01,2006-12-31,1,2026-09-15T16:28:02.595641+00:00
VALUE_ADDED_GROWTH_NUTS2,frc1:nuts2,2007,2026-09-15T16:28:02.595641+00:00,103.9,final,2007-01-01,2007-12-31,1,2026-09-15T16:28:02.595641+00:00
VALUE_ADDED_GROWTH_NUTS2,frc1:nuts2,2008,2026-09-15T16:28:02.595641+00:00,104.7,final,2008-01-01,2008-12-31,1,2026-09-15T16:28:02.595641+00:00
VALUE_ADDED_GROWTH_NUTS2,frc1:nuts2,2009,2026-09-15T16:28:02.595641+00:00,100.6,final,2009-01-01,2009-12-31,1,2026-09-15T16:28:02.595641+00:00
VALUE_ADDED_GROWTH_NUTS2,frc1:nuts2,2010,2026-09-15T16:28:02.595641+00:00,98.8,final,2010-01-01,2010-12-31,1,2026-09-15T16:28:02.595641+00:00
VALUE_ADDED_GROWTH_NUTS2,frc1:nuts2,2011,2026-09-15T16:28:02.595641+00:00,102.0,final,2011-01-01,2011-12-31,1,2026-09-15T16:28:02.595641+00:00
VALUE_ADDED_GROWTH_NUTS2,frc1:nuts2,2012,2026-09-15T16:28:02.595641+00:00,101.4,final,2012-01-01,2012-12-31,1,2026-09-15T16:28:02.595641+00:00
VALUE_ADDED_GROWTH_NUTS2,frc1:nuts2,2013,2026-09-15T16:28:02.595641+00:00,101.7,final,2013-01-01,2013-12-31,1,2026-09-15T16:28:02.595641+00:00
VALUE_ADDED_GROWTH_NUTS2,frc1:nuts2,2014,2026-09-15T16:28:02.595641+00:00,103.3,final,2014-01-01,2014-12-31,1,2026-09-15T16:28:02.595641+00:00
VALUE_ADDED_GROWTH_NUTS2,frc1:nuts2,2015,2026-09-15T16:28:02.595641+00:00,102.4,final,2015-01-01,2015-12-31,1,2026-09-15T16:28:02.595641+00:00
VALUE_ADDED_GROWTH_NUTS2,frc1:nuts2,2016,2026-09-15T16:28:02.595641+00:00,100.8,final,2016-01-01,2016-12-31,1,2026-09-15T16:28:02.595641+00:00
VALUE_ADDED_GROWTH_NUTS2,frc1:nuts2,2017,2026-09-15T16:28:02.595641+00:00,104.0,final,2017-01-01,2017-12-31,1,2026-09-15T16:28:02.595641+00:00
VALUE_ADDED_GROWTH_NUTS2,frc1:nuts2,2018,2026-09-15T16:28:02.595641+00:00,105.3,final,2018-01-01,2018-12-31,1,2026-09-15T16:28:02.595641+00:00
VALUE_ADDED_GROWTH_NUTS2,frc1:nuts2,2019,2026-09-15T16:28:02.595641+00:00,105.7,final,2019-01-01,2019-12-31,1,2026-09-15T16:28:02.595641+00:00
VALUE_ADDED_GROWTH_NUTS2,frc1:nuts2,2020,2026-09-15T16:28:02.595641+00:00,100.0,final,2020-01-01,2020-12-31,1,2026-09-15T16:28:02.595641+00:00
VALUE_ADDED_GROWTH_NUTS2,frc1:nuts2,2021,2026-09-15T16:28:02.595641+00:00,104.5,final,2021-01-01,2021-12-31,1,2026-09-15T16:28:02.595641+00:00
VALUE_ADDED_GROWTH_NUTS2,frc1:nuts2,2022,2026-09-15T16:28:02.595641+00:00,106.0,provisional,2022-01-01,2022-12-31,1,2026-09-15T16:28:02.595641+00:00
VALUE_ADDED_GROWTH_NUTS2,frc1:nuts2,2023,2026-09-15T16:28:02.595641+00:00,107.6,provisional,2023-01-01,2023-12-31,1,2026-09-15T16:28:02.595641+00:00
VALUE_ADDED_GROWTH_NUTS2,frc1:nuts2,2024,2026-09-15T16:28:02.595641+00:00,108.7,provisional,2024-01-01,2024-12-31,1,2026-09-15T16:28:02.595641+00:00
VALUE_ADDED_GROWTH_NUTS2,frc2:nuts2,2000,2026-09-15T16:28:02.595641+00:00,100.4,final,2000-01-01,2000-12-31,1,2026-09-15T16:28:02.595641+00:00
VALUE_ADDED_GROWTH_NUTS2,frc2:nuts2,2001,2026-09-15T16:28:02.595641+00:00,102.9,final,2001-01-01,2001-12-31,1,2026-09-15T16:28:02.595641+00:00
VALUE_ADDED_GROWTH_NUTS2,frc2:nuts2,2002,2026-09-15T16:28:02.595641+00:00,102.8,final,2002-01-01,2002-12-31,1,2026-09-15T16:28:02.595641+00:00
VALUE_ADDED_GROWTH_NUTS2,frc2:nuts2,2003,2026-09-15T16:28:02.595641+00:00,102.8,final,2003-01-01,2003-12-31,1,2026-09-15T16:28:02.595641+00:00
VALUE_ADDED_GROWTH_NUTS2,frc2:nuts2,2004,2026-09-15T16:28:02.595641+00:00,104.1,final,2004-01-01,2004-12-31,1,2026-09-15T16:28:02.595641+00:00
VALUE_ADDED_GROWTH_NUTS2,frc2:nuts2,2005,2026-09-15T16:28:02.595641+00:00,103.5,final,2005-01-01,2005-12-31,1,2026-09-15T16:28:02.595641+00:00
VALUE_ADDED_GROWTH_NUTS2,frc2:nuts2,2006,2026-09-15T16:28:02.595641+00:00,104.2,final,2006-01-01,2006-12-31,1,2026-09-15T16:28:02.595641+00:00
VALUE_ADDED_GROWTH_NUTS2,frc2:nuts2,2007,2026-09-15T16:28:02.595641+00:00,106.1,final,2007-01-01,2007-12-31,1,2026-09-15T16:28:02.595641+00:00
VALUE_ADDED_GROWTH_NUTS2,frc2:nuts2,2008,2026-09-15T16:28:02.595641+00:00,106.0,final,2008-01-01,2008-12-31,1,2026-09-15T16:28:02.595641+00:00
VALUE_ADDED_GROWTH_NUTS2,frc2:nuts2,2009,2026-09-15T16:28:02.595641+00:00,102.3,final,2009-01-01,2009-12-31,1,2026-09-15T16:28:02.595641+00:00
VALUE_ADDED_GROWTH_NUTS2,frc2:nuts2,2010,2026-09-15T16:28:02.595641+00:00,102.1,final,2010-01-01,2010-12-31,1,2026-09-15T16:28:02.595641+00:00
VALUE_ADDED_GROWTH_NUTS2,frc2:nuts2,2011,2026-09-15T16:28:02.595641+00:00,104.1,final,2011-01-01,2011-12-31,1,2026-09-15T16:28:02.595641+00:00
VALUE_ADDED_GROWTH_NUTS2,frc2:nuts2,2012,2026-09-15T16:28:02.595641+00:00,99.2,final,2012-01-01,2012-12-31,1,2026-09-15T16:28:02.595641+00:00
VALUE_ADDED_GROWTH_NUTS2,frc2:nuts2,2013,2026-09-15T16:28:02.595641+00:00,98.8,final,2013-01-01,2013-12-31,1,2026-09-15T16:28:02.595641+00:00
VALUE_ADDED_GROWTH_NUTS2,frc2:nuts2,2014,2026-09-15T16:28:02.595641+00:00,100.5,final,2014-01-01,2014-12-31,1,2026-09-15T16:28:02.595641+00:00
VALUE_ADDED_GROWTH_NUTS2,frc2:nuts2,2015,2026-09-15T16:28:02.595641+00:00,101.7,final,2015-01-01,2015-12-31,1,2026-09-15T16:28:02.595641+00:00
VALUE_ADDED_GROWTH_NUTS2,frc2:nuts2,2016,2026-09-15T16:28:02.595641+00:00,102.7,final,2016-01-01,2016-12-31,1,2026-09-15T16:28:02.595641+00:00
VALUE_ADDED_GROWTH_NUTS2,frc2:nuts2,2017,2026-09-15T16:28:02.595641+00:00,104.0,final,2017-01-01,2017-12-31,1,2026-09-15T16:28:02.595641+00:00
VALUE_ADDED_GROWTH_NUTS2,frc2:nuts2,2018,2026-09-15T16:28:02.595641+00:00,103.6,final,2018-01-01,2018-12-31,1,2026-09-15T16:28:02.595641+00:00
VALUE_ADDED_GROWTH_NUTS2,frc2:nuts2,2019,2026-09-15T16:28:02.595641+00:00,106.0,final,2019-01-01,2019-12-31,1,2026-09-15T16:28:02.595641+00:00
VALUE_ADDED_GROWTH_NUTS2,frc2:nuts2,2020,2026-09-15T16:28:02.595641+00:00,100.0,final,2020-01-01,2020-12-31,1,2026-09-15T16:28:02.595641+00:00
VALUE_ADDED_GROWTH_NUTS2,frc2:nuts2,2021,2026-09-15T16:28:02.595641+00:00,103.5,final,2021-01-01,2021-12-31,1,2026-09-15T16:28:02.595641+00:00
VALUE_ADDED_GROWTH_NUTS2,frc2:nuts2,2022,2026-09-15T16:28:02.595641+00:00,103.6,provisional,2022-01-01,2022-12-31,1,2026-09-15T16:28:02.595641+00:00
VALUE_ADDED_GROWTH_NUTS2,frc2:nuts2,2023,2026-09-15T16:28:02.595641+00:00,105.1,provisional,2023-01-01,2023-12-31,1,2026-09-15T16:28:02.595641+00:00
VALUE_ADDED_GROWTH_NUTS2,frc2:nuts2,2024,2026-09-15T16:28:02.595641+00:00,105.3,provisional,2024-01-01,2024-12-31,1,2026-09-15T16:28:02.595641+00:00
VALUE_ADDED_GROWTH_NUTS2,frd1:nuts2,2000,2026-09-15T16:28:02.595641+00:00,94.5,final,2000-01-01,2000-12-31,1,2026-09-15T16:28:02.595641+00:00
VALUE_ADDED_GROWTH_NUTS2,frd1:nuts2,2001,2026-09-15T16:28:02.595641+00:00,94.5,final,2001-01-01,2001-12-31,1,2026-09-15T16:28:02.595641+00:00
VALUE_ADDED_GROWTH_NUTS2,frd1:nuts2,2002,2026-09-15T16:28:02.595641+00:00,95.8,final,2002-01-01,2002-12-31,1,2026-09-15T16:28:02.595641+00:00
VALUE_ADDED_GROWTH_NUTS2,frd1:nuts2,2003,2026-09-15T16:28:02.595641+00:00,97.6,final,2003-01-01,2003-12-31,1,2026-09-15T16:28:02.595641+00:00
VALUE_ADDED_GROWTH_NUTS2,frd1:nuts2,2004,2026-09-15T16:28:02.595641+00:00,100.9,final,2004-01-01,2004-12-31,1,2026-09-15T16:28:02.595641+00:00
VALUE_ADDED_GROWTH_NUTS2,frd1:nuts2,2005,2026-09-15T16:28:02.595641+00:00,101.2,final,2005-01-01,2005-12-31,1,2026-09-15T16:28:02.595641+00:00
VALUE_ADDED_GROWTH_NUTS2,frd1:nuts2,2006,2026-09-15T16:28:02.595641+00:00,103.4,final,2006-01-01,2006-12-31,1,2026-09-15T16:28:02.595641+00:00
VALUE_ADDED_GROWTH_NUTS2,frd1:nuts2,2007,2026-09-15T16:28:02.595641+00:00,104.8,final,2007-01-01,2007-12-31,1,2026-09-15T16:28:02.595641+00:00
VALUE_ADDED_GROWTH_NUTS2,frd1:nuts2,2008,2026-09-15T16:28:02.595641+00:00,105.3,final,2008-01-01,2008-12-31,1,2026-09-15T16:28:02.595641+00:00
VALUE_ADDED_GROWTH_NUTS2,frd1:nuts2,2009,2026-09-15T16:28:02.595641+00:00,102.5,final,2009-01-01,2009-12-31,1,2026-09-15T16:28:02.595641+00:00
VALUE_ADDED_GROWTH_NUTS2,frd1:nuts2,2010,2026-09-15T16:28:02.595641+00:00,101.7,final,2010-01-01,2010-12-31,1,2026-09-15T16:28:02.595641+00:00
VALUE_ADDED_GROWTH_NUTS2,frd1:nuts2,2011,2026-09-15T16:28:02.595641+00:00,105.0,final,2011-01-01,2011-12-31,1,2026-09-15T16:28:02.595641+00:00
VALUE_ADDED_GROWTH_NUTS2,frd1:nuts2,2012,2026-09-15T16:28:02.595641+00:00,103.0,final,2012-01-01,2012-12-31,1,2026-09-15T16:28:02.595641+00:00
VALUE_ADDED_GROWTH_NUTS2,frd1:nuts2,2013,2026-09-15T16:28:02.595641+00:00,104.1,final,2013-01-01,2013-12-31,1,2026-09-15T16:28:02.595641+00:00
VALUE_ADDED_GROWTH_NUTS2,frd1:nuts2,2014,2026-09-15T16:28:02.595641+00:00,103.8,final,2014-01-01,2014-12-31,1,2026-09-15T16:28:02.595641+00:00
VALUE_ADDED_GROWTH_NUTS2,frd1:nuts2,2015,2026-09-15T16:28:02.595641+00:00,104.1,final,2015-01-01,2015-12-31,1,2026-09-15T16:28:02.595641+00:00
VALUE_ADDED_GROWTH_NUTS2,frd1:nuts2,2016,2026-09-15T16:28:02.595641+00:00,104.0,final,2016-01-01,2016-12-31,1,2026-09-15T16:28:02.595641+00:00
VALUE_ADDED_GROWTH_NUTS2,frd1:nuts2,2017,2026-09-15T16:28:02.595641+00:00,102.8,final,2017-01-01,2017-12-31,1,2026-09-15T16:28:02.595641+00:00
VALUE_ADDED_GROWTH_NUTS2,frd1:nuts2,2018,2026-09-15T16:28:02.595641+00:00,104.6,final,2018-01-01,2018-12-31,1,2026-09-15T16:28:02.595641+00:00
VALUE_ADDED_GROWTH_NUTS2,frd1:nuts2,2019,2026-09-15T16:28:02.595641+00:00,106.0,final,2019-01-01,2019-12-31,1,2026-09-15T16:28:02.595641+00:00
VALUE_ADDED_GROWTH_NUTS2,frd1:nuts2,2020,2026-09-15T16:28:02.595641+00:00,100.0,final,2020-01-01,2020-12-31,1,2026-09-15T16:28:02.595641+00:00
VALUE_ADDED_GROWTH_NUTS2,frd1:nuts2,2021,2026-09-15T16:28:02.595641+00:00,104.8,final,2021-01-01,2021-12-31,1,2026-09-15T16:28:02.595641+00:00
VALUE_ADDED_GROWTH_NUTS2,frd1:nuts2,2022,2026-09-15T16:28:02.595641+00:00,106.3,provisional,2022-01-01,2022-12-31,1,2026-09-15T16:28:02.595641+00:00
VALUE_ADDED_GROWTH_NUTS2,frd1:nuts2,2023,2026-09-15T16:28:02.595641+00:00,109.7,provisional,2023-01-01,2023-12-31,1,2026-09-15T16:28:02.595641+00:00
VALUE_ADDED_GROWTH_NUTS2,frd1:nuts2,2024,2026-09-15T16:28:02.595641+00:00,110.5,provisional,2024-01-01,2024-12-31,1,2026-09-15T16:28:02.595641+00:00
VALUE_ADDED_GROWTH_NUTS2,frd2:nuts2,2000,2026-09-15T16:28:02.595641+00:00,96.9,final,2000-01-01,2000-12-31,1,2026-09-15T16:28:02.595641+00:00
VALUE_ADDED_GROWTH_NUTS2,frd2:nuts2,2001,2026-09-15T16:28:02.595641+00:00,97.4,final,2001-01-01,2001-12-31,1,2026-09-15T16:28:02.595641+00:00
VALUE_ADDED_GROWTH_NUTS2,frd2:nuts2,2002,2026-09-15T16:28:02.595641+00:00,97.5,final,2002-01-01,2002-12-31,1,2026-09-15T16:28:02.595641+00:00
VALUE_ADDED_GROWTH_NUTS2,frd2:nuts2,2003,2026-09-15T16:28:02.595641+00:00,98.4,final,2003-01-01,2003-12-31,1,2026-09-15T16:28:02.595641+00:00
VALUE_ADDED_GROWTH_NUTS2,frd2:nuts2,2004,2026-09-15T16:28:02.595641+00:00,100.8,final,2004-01-01,2004-12-31,1,2026-09-15T16:28:02.595641+00:00
VALUE_ADDED_GROWTH_NUTS2,frd2:nuts2,2005,2026-09-15T16:28:02.595641+00:00,101.4,final,2005-01-01,2005-12-31,1,2026-09-15T16:28:02.595641+00:00
VALUE_ADDED_GROWTH_NUTS2,frd2:nuts2,2006,2026-09-15T16:28:02.595641+00:00,103.3,final,2006-01-01,2006-12-31,1,2026-09-15T16:28:02.595641+00:00
VALUE_ADDED_GROWTH_NUTS2,frd2:nuts2,2007,2026-09-15T16:28:02.595641+00:00,106.9,final,2007-01-01,2007-12-31,1,2026-09-15T16:28:02.595641+00:00
VALUE_ADDED_GROWTH_NUTS2,frd2:nuts2,2008,2026-09-15T16:28:02.595641+00:00,106.3,final,2008-01-01,2008-12-31,1,2026-09-15T16:28:02.595641+00:00
VALUE_ADDED_GROWTH_NUTS2,frd2:nuts2,2009,2026-09-15T16:28:02.595641+00:00,102.1,final,2009-01-01,2009-12-31,1,2026-09-15T16:28:02.595641+00:00
VALUE_ADDED_GROWTH_NUTS2,frd2:nuts2,2010,2026-09-15T16:28:02.595641+00:00,104.8,final,2010-01-01,2010-12-31,1,2026-09-15T16:28:02.595641+00:00
VALUE_ADDED_GROWTH_NUTS2,frd2:nuts2,2011,2026-09-15T16:28:02.595641+00:00,106.6,final,2011-01-01,2011-12-31,1,2026-09-15T16:28:02.595641+00:00
VALUE_ADDED_GROWTH_NUTS2,frd2:nuts2,2012,2026-09-15T16:28:02.595641+00:00,107.0,final,2012-01-01,2012-12-31,1,2026-09-15T16:28:02.595641+00:00
VALUE_ADDED_GROWTH_NUTS2,frd2:nuts2,2013,2026-09-15T16:28:02.595641+00:00,108.0,final,2013-01-01,2013-12-31,1,2026-09-15T16:28:02.595641+00:00
VALUE_ADDED_GROWTH_NUTS2,frd2:nuts2,2014,2026-09-15T16:28:02.595641+00:00,107.6,final,2014-01-01,2014-12-31,1,2026-09-15T16:28:02.595641+00:00
VALUE_ADDED_GROWTH_NUTS2,frd2:nuts2,2015,2026-09-15T16:28:02.595641+00:00,108.0,final,2015-01-01,2015-12-31,1,2026-09-15T16:28:02.595641+00:00
VALUE_ADDED_GROWTH_NUTS2,frd2:nuts2,2016,2026-09-15T16:28:02.595641+00:00,105.8,final,2016-01-01,2016-12-31,1,2026-09-15T16:28:02.595641+00:00
VALUE_ADDED_GROWTH_NUTS2,frd2:nuts2,2017,2026-09-15T16:28:02.595641+00:00,107.0,final,2017-01-01,2017-12-31,1,2026-09-15T16:28:02.595641+00:00
VALUE_ADDED_GROWTH_NUTS2,frd2:nuts2,2018,2026-09-15T16:28:02.595641+00:00,106.4,final,2018-01-01,2018-12-31,1,2026-09-15T16:28:02.595641+00:00
VALUE_ADDED_GROWTH_NUTS2,frd2:nuts2,2019,2026-09-15T16:28:02.595641+00:00,107.4,final,2019-01-01,2019-12-31,1,2026-09-15T16:28:02.595641+00:00
VALUE_ADDED_GROWTH_NUTS2,frd2:nuts2,2020,2026-09-15T16:28:02.595641+00:00,100.0,final,2020-01-01,2020-12-31,1,2026-09-15T16:28:02.595641+00:00
VALUE_ADDED_GROWTH_NUTS2,frd2:nuts2,2021,2026-09-15T16:28:02.595641+00:00,105.7,final,2021-01-01,2021-12-31,1,2026-09-15T16:28:02.595641+00:00
VALUE_ADDED_GROWTH_NUTS2,frd2:nuts2,2022,2026-09-15T16:28:02.595641+00:00,107.3,provisional,2022-01-01,2022-12-31,1,2026-09-15T16:28:02.595641+00:00
VALUE_ADDED_GROWTH_NUTS2,frd2:nuts2,2023,2026-09-15T16:28:02.595641+00:00,111.2,provisional,2023-01-01,2023-12-31,1,2026-09-15T16:28:02.595641+00:00
VALUE_ADDED_GROWTH_NUTS2,frd2:nuts2,2024,2026-09-15T16:28:02.595641+00:00,113.7,provisional,2024-01-01,2024-12-31,1,2026-09-15T16:28:02.595641+00:00
VALUE_ADDED_GROWTH_NUTS2,fre1:nuts2,2000,2026-09-15T16:28:02.595641+00:00,86.4,final,2000-01-01,2000-12-31,1,2026-09-15T16:28:02.595641+00:00
VALUE_ADDED_GROWTH_NUTS2,fre1:nuts2,2001,2026-09-15T16:28:02.595641+00:00,87.1,final,2001-01-01,2001-12-31,1,2026-09-15T16:28:02.595641+00:00
VALUE_ADDED_GROWTH_NUTS2,fre1:nuts2,2002,2026-09-15T16:28:02.595641+00:00,88.6,final,2002-01-01,2002-12-31,1,2026-09-15T16:28:02.595641+00:00
VALUE_ADDED_GROWTH_NUTS2,fre1:nuts2,2003,2026-09-15T16:28:02.595641+00:00,89.7,final,2003-01-01,2003-12-31,1,2026-09-15T16:28:02.595641+00:00
VALUE_ADDED_GROWTH_NUTS2,fre1:nuts2,2004,2026-09-15T16:28:02.595641+00:00,91.8,final,2004-01-01,2004-12-31,1,2026-09-15T16:28:02.595641+00:00
VALUE_ADDED_GROWTH_NUTS2,fre1:nuts2,2005,2026-09-15T16:28:02.595641+00:00,93.0,final,2005-01-01,2005-12-31,1,2026-09-15T16:28:02.595641+00:00
VALUE_ADDED_GROWTH_NUTS2,fre1:nuts2,2006,2026-09-15T16:28:02.595641+00:00,95.8,final,2006-01-01,2006-12-31,1,2026-09-15T16:28:02.595641+00:00
VALUE_ADDED_GROWTH_NUTS2,fre1:nuts2,2007,2026-09-15T16:28:02.595641+00:00,98.3,final,2007-01-01,2007-12-31,1,2026-09-15T16:28:02.595641+00:00
VALUE_ADDED_GROWTH_NUTS2,fre1:nuts2,2008,2026-09-15T16:28:02.595641+00:00,100.3,final,2008-01-01,2008-12-31,1,2026-09-15T16:28:02.595641+00:00
VALUE_ADDED_GROWTH_NUTS2,fre1:nuts2,2009,2026-09-15T16:28:02.595641+00:00,97.5,final,2009-01-01,2009-12-31,1,2026-09-15T16:28:02.595641+00:00
VALUE_ADDED_GROWTH_NUTS2,fre1:nuts2,2010,2026-09-15T16:28:02.595641+00:00,97.3,final,2010-01-01,2010-12-31,1,2026-09-15T16:28:02.595641+00:00
VALUE_ADDED_GROWTH_NUTS2,fre1:nuts2,2011,2026-09-15T16:28:02.595641+00:00,100.1,final,2011-01-01,2011-12-31,1,2026-09-15T16:28:02.595641+00:00
VALUE_ADDED_GROWTH_NUTS2,fre1:nuts2,2012,2026-09-15T16:28:02.595641+00:00,98.9,final,2012-01-01,2012-12-31,1,2026-09-15T16:28:02.595641+00:00
VALUE_ADDED_GROWTH_NUTS2,fre1:nuts2,2013,2026-09-15T16:28:02.595641+00:00,99.7,final,2013-01-01,2013-12-31,1,2026-09-15T16:28:02.595641+00:00
VALUE_ADDED_GROWTH_NUTS2,fre1:nuts2,2014,2026-09-15T16:28:02.595641+00:00,100.8,final,2014-01-01,2014-12-31,1,2026-09-15T16:28:02.595641+00:00
VALUE_ADDED_GROWTH_NUTS2,fre1:nuts2,2015,2026-09-15T16:28:02.595641+00:00,101.5,final,2015-01-01,2015-12-31,1,2026-09-15T16:28:02.595641+00:00
VALUE_ADDED_GROWTH_NUTS2,fre1:nuts2,2016,2026-09-15T16:28:02.595641+00:00,101.9,final,2016-01-01,2016-12-31,1,2026-09-15T16:28:02.595641+00:00
VALUE_ADDED_GROWTH_NUTS2,fre1:nuts2,2017,2026-09-15T16:28:02.595641+00:00,103.9,final,2017-01-01,2017-12-31,1,2026-09-15T16:28:02.595641+00:00
VALUE_ADDED_GROWTH_NUTS2,fre1:nuts2,2018,2026-09-15T16:28:02.595641+00:00,105.0,final,2018-01-01,2018-12-31,1,2026-09-15T16:28:02.595641+00:00
VALUE_ADDED_GROWTH_NUTS2,fre1:nuts2,2019,2026-09-15T16:28:02.595641+00:00,106.1,final,2019-01-01,2019-12-31,1,2026-09-15T16:28:02.595641+00:00
VALUE_ADDED_GROWTH_NUTS2,fre1:nuts2,2020,2026-09-15T16:28:02.595641+00:00,100.0,final,2020-01-01,2020-12-31,1,2026-09-15T16:28:02.595641+00:00
VALUE_ADDED_GROWTH_NUTS2,fre1:nuts2,2021,2026-09-15T16:28:02.595641+00:00,105.2,final,2021-01-01,2021-12-31,1,2026-09-15T16:28:02.595641+00:00
VALUE_ADDED_GROWTH_NUTS2,fre1:nuts2,2022,2026-09-15T16:28:02.595641+00:00,106.7,provisional,2022-01-01,2022-12-31,1,2026-09-15T16:28:02.595641+00:00
VALUE_ADDED_GROWTH_NUTS2,fre1:nuts2,2023,2026-09-15T16:28:02.595641+00:00,108.2,provisional,2023-01-01,2023-12-31,1,2026-09-15T16:28:02.595641+00:00
VALUE_ADDED_GROWTH_NUTS2,fre1:nuts2,2024,2026-09-15T16:28:02.595641+00:00,109.6,provisional,2024-01-01,2024-12-31,1,2026-09-15T16:28:02.595641+00:00
VALUE_ADDED_GROWTH_NUTS2,fre2:nuts2,2000,2026-09-15T16:28:02.595641+00:00,97.6,final,2000-01-01,2000-12-31,1,2026-09-15T16:28:02.595641+00:00
VALUE_ADDED_GROWTH_NUTS2,fre2:nuts2,2001,2026-09-15T16:28:02.595641+00:00,98.6,final,2001-01-01,2001-12-31,1,2026-09-15T16:28:02.595641+00:00
VALUE_ADDED_GROWTH_NUTS2,fre2:nuts2,2002,2026-09-15T16:28:02.595641+00:00,98.6,final,2002-01-01,2002-12-31,1,2026-09-15T16:28:02.595641+00:00
VALUE_ADDED_GROWTH_NUTS2,fre2:nuts2,2003,2026-09-15T16:28:02.595641+00:00,99.5,final,2003-01-01,2003-12-31,1,2026-09-15T16:28:02.595641+00:00
VALUE_ADDED_GROWTH_NUTS2,fre2:nuts2,2004,2026-09-15T16:28:02.595641+00:00,100.4,final,2004-01-01,2004-12-31,1,2026-09-15T16:28:02.595641+00:00
VALUE_ADDED_GROWTH_NUTS2,fre2:nuts2,2005,2026-09-15T16:28:02.595641+00:00,101.1,final,2005-01-01,2005-12-31,1,2026-09-15T16:28:02.595641+00:00
VALUE_ADDED_GROWTH_NUTS2,fre2:nuts2,2006,2026-09-15T16:28:02.595641+00:00,102.1,final,2006-01-01,2006-12-31,1,2026-09-15T16:28:02.595641+00:00
VALUE_ADDED_GROWTH_NUTS2,fre2:nuts2,2007,2026-09-15T16:28:02.595641+00:00,105.1,final,2007-01-01,2007-12-31,1,2026-09-15T16:28:02.595641+00:00
VALUE_ADDED_GROWTH_NUTS2,fre2:nuts2,2008,2026-09-15T16:28:02.595641+00:00,104.7,final,2008-01-01,2008-12-31,1,2026-09-15T16:28:02.595641+00:00
VALUE_ADDED_GROWTH_NUTS2,fre2:nuts2,2009,2026-09-15T16:28:02.595641+00:00,100.9,final,2009-01-01,2009-12-31,1,2026-09-15T16:28:02.595641+00:00
VALUE_ADDED_GROWTH_NUTS2,fre2:nuts2,2010,2026-09-15T16:28:02.595641+00:00,101.8,final,2010-01-01,2010-12-31,1,2026-09-15T16:28:02.595641+00:00
VALUE_ADDED_GROWTH_NUTS2,fre2:nuts2,2011,2026-09-15T16:28:02.595641+00:00,104.1,final,2011-01-01,2011-12-31,1,2026-09-15T16:28:02.595641+00:00
VALUE_ADDED_GROWTH_NUTS2,fre2:nuts2,2012,2026-09-15T16:28:02.595641+00:00,104.3,final,2012-01-01,2012-12-31,1,2026-09-15T16:28:02.595641+00:00
VALUE_ADDED_GROWTH_NUTS2,fre2:nuts2,2013,2026-09-15T16:28:02.595641+00:00,104.1,final,2013-01-01,2013-12-31,1,2026-09-15T16:28:02.595641+00:00
VALUE_ADDED_GROWTH_NUTS2,fre2:nuts2,2014,2026-09-15T16:28:02.595641+00:00,103.9,final,2014-01-01,2014-12-31,1,2026-09-15T16:28:02.595641+00:00
VALUE_ADDED_GROWTH_NUTS2,fre2:nuts2,2015,2026-09-15T16:28:02.595641+00:00,105.4,final,2015-01-01,2015-12-31,1,2026-09-15T16:28:02.595641+00:00
VALUE_ADDED_GROWTH_NUTS2,fre2:nuts2,2016,2026-09-15T16:28:02.595641+00:00,103.0,final,2016-01-01,2016-12-31,1,2026-09-15T16:28:02.595641+00:00
VALUE_ADDED_GROWTH_NUTS2,fre2:nuts2,2017,2026-09-15T16:28:02.595641+00:00,106.2,final,2017-01-01,2017-12-31,1,2026-09-15T16:28:02.595641+00:00
VALUE_ADDED_GROWTH_NUTS2,fre2:nuts2,2018,2026-09-15T16:28:02.595641+00:00,105.5,final,2018-01-01,2018-12-31,1,2026-09-15T16:28:02.595641+00:00
VALUE_ADDED_GROWTH_NUTS2,fre2:nuts2,2019,2026-09-15T16:28:02.595641+00:00,107.2,final,2019-01-01,2019-12-31,1,2026-09-15T16:28:02.595641+00:00
VALUE_ADDED_GROWTH_NUTS2,fre2:nuts2,2020,2026-09-15T16:28:02.595641+00:00,100.0,final,2020-01-01,2020-12-31,1,2026-09-15T16:28:02.595641+00:00
VALUE_ADDED_GROWTH_NUTS2,fre2:nuts2,2021,2026-09-15T16:28:02.595641+00:00,104.7,final,2021-01-01,2021-12-31,1,2026-09-15T16:28:02.595641+00:00
VALUE_ADDED_GROWTH_NUTS2,fre2:nuts2,2022,2026-09-15T16:28:02.595641+00:00,107.3,provisional,2022-01-01,2022-12-31,1,2026-09-15T16:28:02.595641+00:00
VALUE_ADDED_GROWTH_NUTS2,fre2:nuts2,2023,2026-09-15T16:28:02.595641+00:00,110.1,provisional,2023-01-01,2023-12-31,1,2026-09-15T16:28:02.595641+00:00
VALUE_ADDED_GROWTH_NUTS2,fre2:nuts2,2024,2026-09-15T16:28:02.595641+00:00,111.4,provisional,2024-01-01,2024-12-31,1,2026-09-15T16:28:02.595641+00:00
VALUE_ADDED_GROWTH_NUTS2,frf1:nuts2,2000,2026-09-15T16:28:02.595641+00:00,92.7,final,2000-01-01,2000-12-31,1,2026-09-15T16:28:02.595641+00:00
VALUE_ADDED_GROWTH_NUTS2,frf1:nuts2,2001,2026-09-15T16:28:02.595641+00:00,93.3,final,2001-01-01,2001-12-31,1,2026-09-15T16:28:02.595641+00:00
VALUE_ADDED_GROWTH_NUTS2,frf1:nuts2,2002,2026-09-15T16:28:02.595641+00:00,93.4,final,2002-01-01,2002-12-31,1,2026-09-15T16:28:02.595641+00:00
VALUE_ADDED_GROWTH_NUTS2,frf1:nuts2,2003,2026-09-15T16:28:02.595641+00:00,93.5,final,2003-01-01,2003-12-31,1,2026-09-15T16:28:02.595641+00:00
VALUE_ADDED_GROWTH_NUTS2,frf1:nuts2,2004,2026-09-15T16:28:02.595641+00:00,95.1,final,2004-01-01,2004-12-31,1,2026-09-15T16:28:02.595641+00:00
VALUE_ADDED_GROWTH_NUTS2,frf1:nuts2,2005,2026-09-15T16:28:02.595641+00:00,94.7,final,2005-01-01,2005-12-31,1,2026-09-15T16:28:02.595641+00:00
VALUE_ADDED_GROWTH_NUTS2,frf1:nuts2,2006,2026-09-15T16:28:02.595641+00:00,96.7,final,2006-01-01,2006-12-31,1,2026-09-15T16:28:02.595641+00:00
VALUE_ADDED_GROWTH_NUTS2,frf1:nuts2,2007,2026-09-15T16:28:02.595641+00:00,100.0,final,2007-01-01,2007-12-31,1,2026-09-15T16:28:02.595641+00:00
VALUE_ADDED_GROWTH_NUTS2,frf1:nuts2,2008,2026-09-15T16:28:02.595641+00:00,101.4,final,2008-01-01,2008-12-31,1,2026-09-15T16:28:02.595641+00:00
VALUE_ADDED_GROWTH_NUTS2,frf1:nuts2,2009,2026-09-15T16:28:02.595641+00:00,98.5,final,2009-01-01,2009-12-31,1,2026-09-15T16:28:02.595641+00:00
VALUE_ADDED_GROWTH_NUTS2,frf1:nuts2,2010,2026-09-15T16:28:02.595641+00:00,97.5,final,2010-01-01,2010-12-31,1,2026-09-15T16:28:02.595641+00:00
VALUE_ADDED_GROWTH_NUTS2,frf1:nuts2,2011,2026-09-15T16:28:02.595641+00:00,100.5,final,2011-01-01,2011-12-31,1,2026-09-15T16:28:02.595641+00:00
VALUE_ADDED_GROWTH_NUTS2,frf1:nuts2,2012,2026-09-15T16:28:02.595641+00:00,99.2,final,2012-01-01,2012-12-31,1,2026-09-15T16:28:02.595641+00:00
VALUE_ADDED_GROWTH_NUTS2,frf1:nuts2,2013,2026-09-15T16:28:02.595641+00:00,100.2,final,2013-01-01,2013-12-31,1,2026-09-15T16:28:02.595641+00:00
VALUE_ADDED_GROWTH_NUTS2,frf1:nuts2,2014,2026-09-15T16:28:02.595641+00:00,101.3,final,2014-01-01,2014-12-31,1,2026-09-15T16:28:02.595641+00:00
VALUE_ADDED_GROWTH_NUTS2,frf1:nuts2,2015,2026-09-15T16:28:02.595641+00:00,101.2,final,2015-01-01,2015-12-31,1,2026-09-15T16:28:02.595641+00:00
VALUE_ADDED_GROWTH_NUTS2,frf1:nuts2,2016,2026-09-15T16:28:02.595641+00:00,102.3,final,2016-01-01,2016-12-31,1,2026-09-15T16:28:02.595641+00:00
VALUE_ADDED_GROWTH_NUTS2,frf1:nuts2,2017,2026-09-15T16:28:02.595641+00:00,104.3,final,2017-01-01,2017-12-31,1,2026-09-15T16:28:02.595641+00:00
VALUE_ADDED_GROWTH_NUTS2,frf1:nuts2,2018,2026-09-15T16:28:02.595641+00:00,106.5,final,2018-01-01,2018-12-31,1,2026-09-15T16:28:02.595641+00:00
VALUE_ADDED_GROWTH_NUTS2,frf1:nuts2,2019,2026-09-15T16:28:02.595641+00:00,107.8,final,2019-01-01,2019-12-31,1,2026-09-15T16:28:02.595641+00:00
VALUE_ADDED_GROWTH_NUTS2,frf1:nuts2,2020,2026-09-15T16:28:02.595641+00:00,100.0,final,2020-01-01,2020-12-31,1,2026-09-15T16:28:02.595641+00:00
VALUE_ADDED_GROWTH_NUTS2,frf1:nuts2,2021,2026-09-15T16:28:02.595641+00:00,105.3,final,2021-01-01,2021-12-31,1,2026-09-15T16:28:02.595641+00:00
VALUE_ADDED_GROWTH_NUTS2,frf1:nuts2,2022,2026-09-15T16:28:02.595641+00:00,106.9,provisional,2022-01-01,2022-12-31,1,2026-09-15T16:28:02.595641+00:00
VALUE_ADDED_GROWTH_NUTS2,frf1:nuts2,2023,2026-09-15T16:28:02.595641+00:00,109.5,provisional,2023-01-01,2023-12-31,1,2026-09-15T16:28:02.595641+00:00
VALUE_ADDED_GROWTH_NUTS2,frf1:nuts2,2024,2026-09-15T16:28:02.595641+00:00,110.5,provisional,2024-01-01,2024-12-31,1,2026-09-15T16:28:02.595641+00:00
VALUE_ADDED_GROWTH_NUTS2,frf2:nuts2,2000,2026-09-15T16:28:02.595641+00:00,104.7,final,2000-01-01,2000-12-31,1,2026-09-15T16:28:02.595641+00:00
VALUE_ADDED_GROWTH_NUTS2,frf2:nuts2,2001,2026-09-15T16:28:02.595641+00:00,103.1,final,2001-01-01,2001-12-31,1,2026-09-15T16:28:02.595641+00:00
VALUE_ADDED_GROWTH_NUTS2,frf2:nuts2,2002,2026-09-15T16:28:02.595641+00:00,102.6,final,2002-01-01,2002-12-31,1,2026-09-15T16:28:02.595641+00:00
VALUE_ADDED_GROWTH_NUTS2,frf2:nuts2,2003,2026-09-15T16:28:02.595641+00:00,101.7,final,2003-01-01,2003-12-31,1,2026-09-15T16:28:02.595641+00:00
VALUE_ADDED_GROWTH_NUTS2,frf2:nuts2,2004,2026-09-15T16:28:02.595641+00:00,107.9,final,2004-01-01,2004-12-31,1,2026-09-15T16:28:02.595641+00:00
VALUE_ADDED_GROWTH_NUTS2,frf2:nuts2,2005,2026-09-15T16:28:02.595641+00:00,107.1,final,2005-01-01,2005-12-31,1,2026-09-15T16:28:02.595641+00:00
VALUE_ADDED_GROWTH_NUTS2,frf2:nuts2,2006,2026-09-15T16:28:02.595641+00:00,108.4,final,2006-01-01,2006-12-31,1,2026-09-15T16:28:02.595641+00:00
VALUE_ADDED_GROWTH_NUTS2,frf2:nuts2,2007,2026-09-15T16:28:02.595641+00:00,111.5,final,2007-01-01,2007-12-31,1,2026-09-15T16:28:02.595641+00:00
VALUE_ADDED_GROWTH_NUTS2,frf2:nuts2,2008,2026-09-15T16:28:02.595641+00:00,110.7,final,2008-01-01,2008-12-31,1,2026-09-15T16:28:02.595641+00:00
VALUE_ADDED_GROWTH_NUTS2,frf2:nuts2,2009,2026-09-15T16:28:02.595641+00:00,104.9,final,2009-01-01,2009-12-31,1,2026-09-15T16:28:02.595641+00:00
VALUE_ADDED_GROWTH_NUTS2,frf2:nuts2,2010,2026-09-15T16:28:02.595641+00:00,104.8,final,2010-01-01,2010-12-31,1,2026-09-15T16:28:02.595641+00:00
VALUE_ADDED_GROWTH_NUTS2,frf2:nuts2,2011,2026-09-15T16:28:02.595641+00:00,110.2,final,2011-01-01,2011-12-31,1,2026-09-15T16:28:02.595641+00:00
VALUE_ADDED_GROWTH_NUTS2,frf2:nuts2,2012,2026-09-15T16:28:02.595641+00:00,106.9,final,2012-01-01,2012-12-31,1,2026-09-15T16:28:02.595641+00:00
VALUE_ADDED_GROWTH_NUTS2,frf2:nuts2,2013,2026-09-15T16:28:02.595641+00:00,107.3,final,2013-01-01,2013-12-31,1,2026-09-15T16:28:02.595641+00:00
VALUE_ADDED_GROWTH_NUTS2,frf2:nuts2,2014,2026-09-15T16:28:02.595641+00:00,106.8,final,2014-01-01,2014-12-31,1,2026-09-15T16:28:02.595641+00:00
VALUE_ADDED_GROWTH_NUTS2,frf2:nuts2,2015,2026-09-15T16:28:02.595641+00:00,106.0,final,2015-01-01,2015-12-31,1,2026-09-15T16:28:02.595641+00:00
VALUE_ADDED_GROWTH_NUTS2,frf2:nuts2,2016,2026-09-15T16:28:02.595641+00:00,103.7,final,2016-01-01,2016-12-31,1,2026-09-15T16:28:02.595641+00:00
VALUE_ADDED_GROWTH_NUTS2,frf2:nuts2,2017,2026-09-15T16:28:02.595641+00:00,106.4,final,2017-01-01,2017-12-31,1,2026-09-15T16:28:02.595641+00:00
VALUE_ADDED_GROWTH_NUTS2,frf2:nuts2,2018,2026-09-15T16:28:02.595641+00:00,107.5,final,2018-01-01,2018-12-31,1,2026-09-15T16:28:02.595641+00:00
VALUE_ADDED_GROWTH_NUTS2,frf2:nuts2,2019,2026-09-15T16:28:02.595641+00:00,107.7,final,2019-01-01,2019-12-31,1,2026-09-15T16:28:02.595641+00:00
VALUE_ADDED_GROWTH_NUTS2,frf2:nuts2,2020,2026-09-15T16:28:02.595641+00:00,100.0,final,2020-01-01,2020-12-31,1,2026-09-15T16:28:02.595641+00:00
VALUE_ADDED_GROWTH_NUTS2,frf2:nuts2,2021,2026-09-15T16:28:02.595641+00:00,105.0,final,2021-01-01,2021-12-31,1,2026-09-15T16:28:02.595641+00:00
VALUE_ADDED_GROWTH_NUTS2,frf2:nuts2,2022,2026-09-15T16:28:02.595641+00:00,110.3,provisional,2022-01-01,2022-12-31,1,2026-09-15T16:28:02.595641+00:00
VALUE_ADDED_GROWTH_NUTS2,frf2:nuts2,2023,2026-09-15T16:28:02.595641+00:00,113.5,provisional,2023-01-01,2023-12-31,1,2026-09-15T16:28:02.595641+00:00
VALUE_ADDED_GROWTH_NUTS2,frf2:nuts2,2024,2026-09-15T16:28:02.595641+00:00,114.5,provisional,2024-01-01,2024-12-31,1,2026-09-15T16:28:02.595641+00:00
VALUE_ADDED_GROWTH_NUTS2,frf3:nuts2,2000,2026-09-15T16:28:02.595641+00:00,99.9,final,2000-01-01,2000-12-31,1,2026-09-15T16:28:02.595641+00:00
VALUE_ADDED_GROWTH_NUTS2,frf3:nuts2,2001,2026-09-15T16:28:02.595641+00:00,101.6,final,2001-01-01,2001-12-31,1,2026-09-15T16:28:02.595641+00:00
VALUE_ADDED_GROWTH_NUTS2,frf3:nuts2,2002,2026-09-15T16:28:02.595641+00:00,101.9,final,2002-01-01,2002-12-31,1,2026-09-15T16:28:02.595641+00:00
VALUE_ADDED_GROWTH_NUTS2,frf3:nuts2,2003,2026-09-15T16:28:02.595641+00:00,102.6,final,2003-01-01,2003-12-31,1,2026-09-15T16:28:02.595641+00:00
VALUE_ADDED_GROWTH_NUTS2,frf3:nuts2,2004,2026-09-15T16:28:02.595641+00:00,105.8,final,2004-01-01,2004-12-31,1,2026-09-15T16:28:02.595641+00:00
VALUE_ADDED_GROWTH_NUTS2,frf3:nuts2,2005,2026-09-15T16:28:02.595641+00:00,105.9,final,2005-01-01,2005-12-31,1,2026-09-15T16:28:02.595641+00:00
VALUE_ADDED_GROWTH_NUTS2,frf3:nuts2,2006,2026-09-15T16:28:02.595641+00:00,107.8,final,2006-01-01,2006-12-31,1,2026-09-15T16:28:02.595641+00:00
VALUE_ADDED_GROWTH_NUTS2,frf3:nuts2,2007,2026-09-15T16:28:02.595641+00:00,109.2,final,2007-01-01,2007-12-31,1,2026-09-15T16:28:02.595641+00:00
VALUE_ADDED_GROWTH_NUTS2,frf3:nuts2,2008,2026-09-15T16:28:02.595641+00:00,107.1,final,2008-01-01,2008-12-31,1,2026-09-15T16:28:02.595641+00:00
VALUE_ADDED_GROWTH_NUTS2,frf3:nuts2,2009,2026-09-15T16:28:02.595641+00:00,104.0,final,2009-01-01,2009-12-31,1,2026-09-15T16:28:02.595641+00:00
VALUE_ADDED_GROWTH_NUTS2,frf3:nuts2,2010,2026-09-15T16:28:02.595641+00:00,102.7,final,2010-01-01,2010-12-31,1,2026-09-15T16:28:02.595641+00:00
VALUE_ADDED_GROWTH_NUTS2,frf3:nuts2,2011,2026-09-15T16:28:02.595641+00:00,104.3,final,2011-01-01,2011-12-31,1,2026-09-15T16:28:02.595641+00:00
VALUE_ADDED_GROWTH_NUTS2,frf3:nuts2,2012,2026-09-15T16:28:02.595641+00:00,102.7,final,2012-01-01,2012-12-31,1,2026-09-15T16:28:02.595641+00:00
VALUE_ADDED_GROWTH_NUTS2,frf3:nuts2,2013,2026-09-15T16:28:02.595641+00:00,103.2,final,2013-01-01,2013-12-31,1,2026-09-15T16:28:02.595641+00:00
VALUE_ADDED_GROWTH_NUTS2,frf3:nuts2,2014,2026-09-15T16:28:02.595641+00:00,104.6,final,2014-01-01,2014-12-31,1,2026-09-15T16:28:02.595641+00:00
VALUE_ADDED_GROWTH_NUTS2,frf3:nuts2,2015,2026-09-15T16:28:02.595641+00:00,104.5,final,2015-01-01,2015-12-31,1,2026-09-15T16:28:02.595641+00:00
VALUE_ADDED_GROWTH_NUTS2,frf3:nuts2,2016,2026-09-15T16:28:02.595641+00:00,103.5,final,2016-01-01,2016-12-31,1,2026-09-15T16:28:02.595641+00:00
VALUE_ADDED_GROWTH_NUTS2,frf3:nuts2,2017,2026-09-15T16:28:02.595641+00:00,105.5,final,2017-01-01,2017-12-31,1,2026-09-15T16:28:02.595641+00:00
VALUE_ADDED_GROWTH_NUTS2,frf3:nuts2,2018,2026-09-15T16:28:02.595641+00:00,105.9,final,2018-01-01,2018-12-31,1,2026-09-15T16:28:02.595641+00:00
VALUE_ADDED_GROWTH_NUTS2,frf3:nuts2,2019,2026-09-15T16:28:02.595641+00:00,106.7,final,2019-01-01,2019-12-31,1,2026-09-15T16:28:02.595641+00:00
VALUE_ADDED_GROWTH_NUTS2,frf3:nuts2,2020,2026-09-15T16:28:02.595641+00:00,100.0,final,2020-01-01,2020-12-31,1,2026-09-15T16:28:02.595641+00:00
VALUE_ADDED_GROWTH_NUTS2,frf3:nuts2,2021,2026-09-15T16:28:02.595641+00:00,104.9,final,2021-01-01,2021-12-31,1,2026-09-15T16:28:02.595641+00:00
VALUE_ADDED_GROWTH_NUTS2,frf3:nuts2,2022,2026-09-15T16:28:02.595641+00:00,105.6,provisional,2022-01-01,2022-12-31,1,2026-09-15T16:28:02.595641+00:00
VALUE_ADDED_GROWTH_NUTS2,frf3:nuts2,2023,2026-09-15T16:28:02.595641+00:00,107.8,provisional,2023-01-01,2023-12-31,1,2026-09-15T16:28:02.595641+00:00
VALUE_ADDED_GROWTH_NUTS2,frf3:nuts2,2024,2026-09-15T16:28:02.595641+00:00,109.5,provisional,2024-01-01,2024-12-31,1,2026-09-15T16:28:02.595641+00:00
VALUE_ADDED_GROWTH_NUTS2,frg0:nuts2,2000,2026-09-15T16:28:02.595641+00:00,76.0,final,2000-01-01,2000-12-31,1,2026-09-15T16:28:02.595641+00:00
VALUE_ADDED_GROWTH_NUTS2,frg0:nuts2,2001,2026-09-15T16:28:02.595641+00:00,78.3,final,2001-01-01,2001-12-31,1,2026-09-15T16:28:02.595641+00:00
VALUE_ADDED_GROWTH_NUTS2,frg0:nuts2,2002,2026-09-15T16:28:02.595641+00:00,79.3,final,2002-01-01,2002-12-31,1,2026-09-15T16:28:02.595641+00:00
VALUE_ADDED_GROWTH_NUTS2,frg0:nuts2,2003,2026-09-15T16:28:02.595641+00:00,80.5,final,2003-01-01,2003-12-31,1,2026-09-15T16:28:02.595641+00:00
VALUE_ADDED_GROWTH_NUTS2,frg0:nuts2,2004,2026-09-15T16:28:02.595641+00:00,82.7,final,2004-01-01,2004-12-31,1,2026-09-15T16:28:02.595641+00:00
VALUE_ADDED_GROWTH_NUTS2,frg0:nuts2,2005,2026-09-15T16:28:02.595641+00:00,84.2,final,2005-01-01,2005-12-31,1,2026-09-15T16:28:02.595641+00:00
VALUE_ADDED_GROWTH_NUTS2,frg0:nuts2,2006,2026-09-15T16:28:02.595641+00:00,86.1,final,2006-01-01,2006-12-31,1,2026-09-15T16:28:02.595641+00:00
VALUE_ADDED_GROWTH_NUTS2,frg0:nuts2,2007,2026-09-15T16:28:02.595641+00:00,88.6,final,2007-01-01,2007-12-31,1,2026-09-15T16:28:02.595641+00:00
VALUE_ADDED_GROWTH_NUTS2,frg0:nuts2,2008,2026-09-15T16:28:02.595641+00:00,90.6,final,2008-01-01,2008-12-31,1,2026-09-15T16:28:02.595641+00:00
VALUE_ADDED_GROWTH_NUTS2,frg0:nuts2,2009,2026-09-15T16:28:02.595641+00:00,88.0,final,2009-01-01,2009-12-31,1,2026-09-15T16:28:02.595641+00:00
VALUE_ADDED_GROWTH_NUTS2,frg0:nuts2,2010,2026-09-15T16:28:02.595641+00:00,87.7,final,2010-01-01,2010-12-31,1,2026-09-15T16:28:02.595641+00:00
VALUE_ADDED_GROWTH_NUTS2,frg0:nuts2,2011,2026-09-15T16:28:02.595641+00:00,92.0,final,2011-01-01,2011-12-31,1,2026-09-15T16:28:02.595641+00:00
VALUE_ADDED_GROWTH_NUTS2,frg0:nuts2,2012,2026-09-15T16:28:02.595641+00:00,92.3,final,2012-01-01,2012-12-31,1,2026-09-15T16:28:02.595641+00:00
VALUE_ADDED_GROWTH_NUTS2,frg0:nuts2,2013,2026-09-15T16:28:02.595641+00:00,93.5,final,2013-01-01,2013-12-31,1,2026-09-15T16:28:02.595641+00:00
VALUE_ADDED_GROWTH_NUTS2,frg0:nuts2,2014,2026-09-15T16:28:02.595641+00:00,95.2,final,2014-01-01,2014-12-31,1,2026-09-15T16:28:02.595641+00:00
VALUE_ADDED_GROWTH_NUTS2,frg0:nuts2,2015,2026-09-15T16:28:02.595641+00:00,96.8,final,2015-01-01,2015-12-31,1,2026-09-15T16:28:02.595641+00:00
VALUE_ADDED_GROWTH_NUTS2,frg0:nuts2,2016,2026-09-15T16:28:02.595641+00:00,97.7,final,2016-01-01,2016-12-31,1,2026-09-15T16:28:02.595641+00:00
VALUE_ADDED_GROWTH_NUTS2,frg0:nuts2,2017,2026-09-15T16:28:02.595641+00:00,99.8,final,2017-01-01,2017-12-31,1,2026-09-15T16:28:02.595641+00:00
VALUE_ADDED_GROWTH_NUTS2,frg0:nuts2,2018,2026-09-15T16:28:02.595641+00:00,101.6,final,2018-01-01,2018-12-31,1,2026-09-15T16:28:02.595641+00:00
VALUE_ADDED_GROWTH_NUTS2,frg0:nuts2,2019,2026-09-15T16:28:02.595641+00:00,104.5,final,2019-01-01,2019-12-31,1,2026-09-15T16:28:02.595641+00:00
VALUE_ADDED_GROWTH_NUTS2,frg0:nuts2,2020,2026-09-15T16:28:02.595641+00:00,100.0,final,2020-01-01,2020-12-31,1,2026-09-15T16:28:02.595641+00:00
VALUE_ADDED_GROWTH_NUTS2,frg0:nuts2,2021,2026-09-15T16:28:02.595641+00:00,104.5,final,2021-01-01,2021-12-31,1,2026-09-15T16:28:02.595641+00:00
VALUE_ADDED_GROWTH_NUTS2,frg0:nuts2,2022,2026-09-15T16:28:02.595641+00:00,105.5,provisional,2022-01-01,2022-12-31,1,2026-09-15T16:28:02.595641+00:00
VALUE_ADDED_GROWTH_NUTS2,frg0:nuts2,2023,2026-09-15T16:28:02.595641+00:00,108.3,provisional,2023-01-01,2023-12-31,1,2026-09-15T16:28:02.595641+00:00
VALUE_ADDED_GROWTH_NUTS2,frg0:nuts2,2024,2026-09-15T16:28:02.595641+00:00,109.4,provisional,2024-01-01,2024-12-31,1,2026-09-15T16:28:02.595641+00:00
VALUE_ADDED_GROWTH_NUTS2,frh0:nuts2,2000,2026-09-15T16:28:02.595641+00:00,78.4,final,2000-01-01,2000-12-31,1,2026-09-15T16:28:02.595641+00:00
VALUE_ADDED_GROWTH_NUTS2,frh0:nuts2,2001,2026-09-15T16:28:02.595641+00:00,80.0,final,2001-01-01,2001-12-31,1,2026-09-15T16:28:02.595641+00:00
VALUE_ADDED_GROWTH_NUTS2,frh0:nuts2,2002,2026-09-15T16:28:02.595641+00:00,80.8,final,2002-01-01,2002-12-31,1,2026-09-15T16:28:02.595641+00:00
VALUE_ADDED_GROWTH_NUTS2,frh0:nuts2,2003,2026-09-15T16:28:02.595641+00:00,82.2,final,2003-01-01,2003-12-31,1,2026-09-15T16:28:02.595641+00:00
VALUE_ADDED_GROWTH_NUTS2,frh0:nuts2,2004,2026-09-15T16:28:02.595641+00:00,86.9,final,2004-01-01,2004-12-31,1,2026-09-15T16:28:02.595641+00:00
VALUE_ADDED_GROWTH_NUTS2,frh0:nuts2,2005,2026-09-15T16:28:02.595641+00:00,89.0,final,2005-01-01,2005-12-31,1,2026-09-15T16:28:02.595641+00:00
VALUE_ADDED_GROWTH_NUTS2,frh0:nuts2,2006,2026-09-15T16:28:02.595641+00:00,91.6,final,2006-01-01,2006-12-31,1,2026-09-15T16:28:02.595641+00:00
VALUE_ADDED_GROWTH_NUTS2,frh0:nuts2,2007,2026-09-15T16:28:02.595641+00:00,93.0,final,2007-01-01,2007-12-31,1,2026-09-15T16:28:02.595641+00:00
VALUE_ADDED_GROWTH_NUTS2,frh0:nuts2,2008,2026-09-15T16:28:02.595641+00:00,91.7,final,2008-01-01,2008-12-31,1,2026-09-15T16:28:02.595641+00:00
VALUE_ADDED_GROWTH_NUTS2,frh0:nuts2,2009,2026-09-15T16:28:02.595641+00:00,89.1,final,2009-01-01,2009-12-31,1,2026-09-15T16:28:02.595641+00:00
VALUE_ADDED_GROWTH_NUTS2,frh0:nuts2,2010,2026-09-15T16:28:02.595641+00:00,89.0,final,2010-01-01,2010-12-31,1,2026-09-15T16:28:02.595641+00:00
VALUE_ADDED_GROWTH_NUTS2,frh0:nuts2,2011,2026-09-15T16:28:02.595641+00:00,92.5,final,2011-01-01,2011-12-31,1,2026-09-15T16:28:02.595641+00:00
VALUE_ADDED_GROWTH_NUTS2,frh0:nuts2,2012,2026-09-15T16:28:02.595641+00:00,93.1,final,2012-01-01,2012-12-31,1,2026-09-15T16:28:02.595641+00:00
VALUE_ADDED_GROWTH_NUTS2,frh0:nuts2,2013,2026-09-15T16:28:02.595641+00:00,94.2,final,2013-01-01,2013-12-31,1,2026-09-15T16:28:02.595641+00:00
VALUE_ADDED_GROWTH_NUTS2,frh0:nuts2,2014,2026-09-15T16:28:02.595641+00:00,96.2,final,2014-01-01,2014-12-31,1,2026-09-15T16:28:02.595641+00:00
VALUE_ADDED_GROWTH_NUTS2,frh0:nuts2,2015,2026-09-15T16:28:02.595641+00:00,97.5,final,2015-01-01,2015-12-31,1,2026-09-15T16:28:02.595641+00:00
VALUE_ADDED_GROWTH_NUTS2,frh0:nuts2,2016,2026-09-15T16:28:02.595641+00:00,98.8,final,2016-01-01,2016-12-31,1,2026-09-15T16:28:02.595641+00:00
VALUE_ADDED_GROWTH_NUTS2,frh0:nuts2,2017,2026-09-15T16:28:02.595641+00:00,101.8,final,2017-01-01,2017-12-31,1,2026-09-15T16:28:02.595641+00:00
VALUE_ADDED_GROWTH_NUTS2,frh0:nuts2,2018,2026-09-15T16:28:02.595641+00:00,102.5,final,2018-01-01,2018-12-31,1,2026-09-15T16:28:02.595641+00:00
VALUE_ADDED_GROWTH_NUTS2,frh0:nuts2,2019,2026-09-15T16:28:02.595641+00:00,105.1,final,2019-01-01,2019-12-31,1,2026-09-15T16:28:02.595641+00:00
VALUE_ADDED_GROWTH_NUTS2,frh0:nuts2,2020,2026-09-15T16:28:02.595641+00:00,100.0,final,2020-01-01,2020-12-31,1,2026-09-15T16:28:02.595641+00:00
VALUE_ADDED_GROWTH_NUTS2,frh0:nuts2,2021,2026-09-15T16:28:02.595641+00:00,105.7,final,2021-01-01,2021-12-31,1,2026-09-15T16:28:02.595641+00:00
VALUE_ADDED_GROWTH_NUTS2,frh0:nuts2,2022,2026-09-15T16:28:02.595641+00:00,107.9,provisional,2022-01-01,2022-12-31,1,2026-09-15T16:28:02.595641+00:00
VALUE_ADDED_GROWTH_NUTS2,frh0:nuts2,2023,2026-09-15T16:28:02.595641+00:00,110.6,provisional,2023-01-01,2023-12-31,1,2026-09-15T16:28:02.595641+00:00
VALUE_ADDED_GROWTH_NUTS2,frh0:nuts2,2024,2026-09-15T16:28:02.595641+00:00,112.5,provisional,2024-01-01,2024-12-31,1,2026-09-15T16:28:02.595641+00:00
VALUE_ADDED_GROWTH_NUTS2,fri1:nuts2,2000,2026-09-15T16:28:02.595641+00:00,76.5,final,2000-01-01,2000-12-31,1,2026-09-15T16:28:02.595641+00:00
VALUE_ADDED_GROWTH_NUTS2,fri1:nuts2,2001,2026-09-15T16:28:02.595641+00:00,79.9,final,2001-01-01,2001-12-31,1,2026-09-15T16:28:02.595641+00:00
VALUE_ADDED_GROWTH_NUTS2,fri1:nuts2,2002,2026-09-15T16:28:02.595641+00:00,81.4,final,2002-01-01,2002-12-31,1,2026-09-15T16:28:02.595641+00:00
VALUE_ADDED_GROWTH_NUTS2,fri1:nuts2,2003,2026-09-15T16:28:02.595641+00:00,81.9,final,2003-01-01,2003-12-31,1,2026-09-15T16:28:02.595641+00:00
VALUE_ADDED_GROWTH_NUTS2,fri1:nuts2,2004,2026-09-15T16:28:02.595641+00:00,84.0,final,2004-01-01,2004-12-31,1,2026-09-15T16:28:02.595641+00:00
VALUE_ADDED_GROWTH_NUTS2,fri1:nuts2,2005,2026-09-15T16:28:02.595641+00:00,86.2,final,2005-01-01,2005-12-31,1,2026-09-15T16:28:02.595641+00:00
VALUE_ADDED_GROWTH_NUTS2,fri1:nuts2,2006,2026-09-15T16:28:02.595641+00:00,89.6,final,2006-01-01,2006-12-31,1,2026-09-15T16:28:02.595641+00:00
VALUE_ADDED_GROWTH_NUTS2,fri1:nuts2,2007,2026-09-15T16:28:02.595641+00:00,91.5,final,2007-01-01,2007-12-31,1,2026-09-15T16:28:02.595641+00:00
VALUE_ADDED_GROWTH_NUTS2,fri1:nuts2,2008,2026-09-15T16:28:02.595641+00:00,90.5,final,2008-01-01,2008-12-31,1,2026-09-15T16:28:02.595641+00:00
VALUE_ADDED_GROWTH_NUTS2,fri1:nuts2,2009,2026-09-15T16:28:02.595641+00:00,89.9,final,2009-01-01,2009-12-31,1,2026-09-15T16:28:02.595641+00:00
VALUE_ADDED_GROWTH_NUTS2,fri1:nuts2,2010,2026-09-15T16:28:02.595641+00:00,91.4,final,2010-01-01,2010-12-31,1,2026-09-15T16:28:02.595641+00:00
VALUE_ADDED_GROWTH_NUTS2,fri1:nuts2,2011,2026-09-15T16:28:02.595641+00:00,94.9,final,2011-01-01,2011-12-31,1,2026-09-15T16:28:02.595641+00:00
VALUE_ADDED_GROWTH_NUTS2,fri1:nuts2,2012,2026-09-15T16:28:02.595641+00:00,95.5,final,2012-01-01,2012-12-31,1,2026-09-15T16:28:02.595641+00:00
VALUE_ADDED_GROWTH_NUTS2,fri1:nuts2,2013,2026-09-15T16:28:02.595641+00:00,95.4,final,2013-01-01,2013-12-31,1,2026-09-15T16:28:02.595641+00:00
VALUE_ADDED_GROWTH_NUTS2,fri1:nuts2,2014,2026-09-15T16:28:02.595641+00:00,97.3,final,2014-01-01,2014-12-31,1,2026-09-15T16:28:02.595641+00:00
VALUE_ADDED_GROWTH_NUTS2,fri1:nuts2,2015,2026-09-15T16:28:02.595641+00:00,98.4,final,2015-01-01,2015-12-31,1,2026-09-15T16:28:02.595641+00:00
VALUE_ADDED_GROWTH_NUTS2,fri1:nuts2,2016,2026-09-15T16:28:02.595641+00:00,99.9,final,2016-01-01,2016-12-31,1,2026-09-15T16:28:02.595641+00:00
VALUE_ADDED_GROWTH_NUTS2,fri1:nuts2,2017,2026-09-15T16:28:02.595641+00:00,101.8,final,2017-01-01,2017-12-31,1,2026-09-15T16:28:02.595641+00:00
VALUE_ADDED_GROWTH_NUTS2,fri1:nuts2,2018,2026-09-15T16:28:02.595641+00:00,104.2,final,2018-01-01,2018-12-31,1,2026-09-15T16:28:02.595641+00:00
VALUE_ADDED_GROWTH_NUTS2,fri1:nuts2,2019,2026-09-15T16:28:02.595641+00:00,106.6,final,2019-01-01,2019-12-31,1,2026-09-15T16:28:02.595641+00:00
VALUE_ADDED_GROWTH_NUTS2,fri1:nuts2,2020,2026-09-15T16:28:02.595641+00:00,100.0,final,2020-01-01,2020-12-31,1,2026-09-15T16:28:02.595641+00:00
VALUE_ADDED_GROWTH_NUTS2,fri1:nuts2,2021,2026-09-15T16:28:02.595641+00:00,106.8,final,2021-01-01,2021-12-31,1,2026-09-15T16:28:02.595641+00:00
VALUE_ADDED_GROWTH_NUTS2,fri1:nuts2,2022,2026-09-15T16:28:02.595641+00:00,108.8,provisional,2022-01-01,2022-12-31,1,2026-09-15T16:28:02.595641+00:00
VALUE_ADDED_GROWTH_NUTS2,fri1:nuts2,2023,2026-09-15T16:28:02.595641+00:00,112.1,provisional,2023-01-01,2023-12-31,1,2026-09-15T16:28:02.595641+00:00
VALUE_ADDED_GROWTH_NUTS2,fri1:nuts2,2024,2026-09-15T16:28:02.595641+00:00,113.4,provisional,2024-01-01,2024-12-31,1,2026-09-15T16:28:02.595641+00:00
VALUE_ADDED_GROWTH_NUTS2,fri2:nuts2,2000,2026-09-15T16:28:02.595641+00:00,90.1,final,2000-01-01,2000-12-31,1,2026-09-15T16:28:02.595641+00:00
VALUE_ADDED_GROWTH_NUTS2,fri2:nuts2,2001,2026-09-15T16:28:02.595641+00:00,91.6,final,2001-01-01,2001-12-31,1,2026-09-15T16:28:02.595641+00:00
VALUE_ADDED_GROWTH_NUTS2,fri2:nuts2,2002,2026-09-15T16:28:02.595641+00:00,93.9,final,2002-01-01,2002-12-31,1,2026-09-15T16:28:02.595641+00:00
VALUE_ADDED_GROWTH_NUTS2,fri2:nuts2,2003,2026-09-15T16:28:02.595641+00:00,94.5,final,2003-01-01,2003-12-31,1,2026-09-15T16:28:02.595641+00:00
VALUE_ADDED_GROWTH_NUTS2,fri2:nuts2,2004,2026-09-15T16:28:02.595641+00:00,95.0,final,2004-01-01,2004-12-31,1,2026-09-15T16:28:02.595641+00:00
VALUE_ADDED_GROWTH_NUTS2,fri2:nuts2,2005,2026-09-15T16:28:02.595641+00:00,97.4,final,2005-01-01,2005-12-31,1,2026-09-15T16:28:02.595641+00:00
VALUE_ADDED_GROWTH_NUTS2,fri2:nuts2,2006,2026-09-15T16:28:02.595641+00:00,99.6,final,2006-01-01,2006-12-31,1,2026-09-15T16:28:02.595641+00:00
VALUE_ADDED_GROWTH_NUTS2,fri2:nuts2,2007,2026-09-15T16:28:02.595641+00:00,101.2,final,2007-01-01,2007-12-31,1,2026-09-15T16:28:02.595641+00:00
VALUE_ADDED_GROWTH_NUTS2,fri2:nuts2,2008,2026-09-15T16:28:02.595641+00:00,99.7,final,2008-01-01,2008-12-31,1,2026-09-15T16:28:02.595641+00:00
VALUE_ADDED_GROWTH_NUTS2,fri2:nuts2,2009,2026-09-15T16:28:02.595641+00:00,97.6,final,2009-01-01,2009-12-31,1,2026-09-15T16:28:02.595641+00:00
VALUE_ADDED_GROWTH_NUTS2,fri2:nuts2,2010,2026-09-15T16:28:02.595641+00:00,94.1,final,2010-01-01,2010-12-31,1,2026-09-15T16:28:02.595641+00:00
VALUE_ADDED_GROWTH_NUTS2,fri2:nuts2,2011,2026-09-15T16:28:02.595641+00:00,96.4,final,2011-01-01,2011-12-31,1,2026-09-15T16:28:02.595641+00:00
VALUE_ADDED_GROWTH_NUTS2,fri2:nuts2,2012,2026-09-15T16:28:02.595641+00:00,96.2,final,2012-01-01,2012-12-31,1,2026-09-15T16:28:02.595641+00:00
VALUE_ADDED_GROWTH_NUTS2,fri2:nuts2,2013,2026-09-15T16:28:02.595641+00:00,98.0,final,2013-01-01,2013-12-31,1,2026-09-15T16:28:02.595641+00:00
VALUE_ADDED_GROWTH_NUTS2,fri2:nuts2,2014,2026-09-15T16:28:02.595641+00:00,99.6,final,2014-01-01,2014-12-31,1,2026-09-15T16:28:02.595641+00:00
VALUE_ADDED_GROWTH_NUTS2,fri2:nuts2,2015,2026-09-15T16:28:02.595641+00:00,100.2,final,2015-01-01,2015-12-31,1,2026-09-15T16:28:02.595641+00:00
VALUE_ADDED_GROWTH_NUTS2,fri2:nuts2,2016,2026-09-15T16:28:02.595641+00:00,98.5,final,2016-01-01,2016-12-31,1,2026-09-15T16:28:02.595641+00:00
VALUE_ADDED_GROWTH_NUTS2,fri2:nuts2,2017,2026-09-15T16:28:02.595641+00:00,101.0,final,2017-01-01,2017-12-31,1,2026-09-15T16:28:02.595641+00:00
VALUE_ADDED_GROWTH_NUTS2,fri2:nuts2,2018,2026-09-15T16:28:02.595641+00:00,100.9,final,2018-01-01,2018-12-31,1,2026-09-15T16:28:02.595641+00:00
VALUE_ADDED_GROWTH_NUTS2,fri2:nuts2,2019,2026-09-15T16:28:02.595641+00:00,104.8,final,2019-01-01,2019-12-31,1,2026-09-15T16:28:02.595641+00:00
VALUE_ADDED_GROWTH_NUTS2,fri2:nuts2,2020,2026-09-15T16:28:02.595641+00:00,100.0,final,2020-01-01,2020-12-31,1,2026-09-15T16:28:02.595641+00:00
VALUE_ADDED_GROWTH_NUTS2,fri2:nuts2,2021,2026-09-15T16:28:02.595641+00:00,104.3,final,2021-01-01,2021-12-31,1,2026-09-15T16:28:02.595641+00:00
VALUE_ADDED_GROWTH_NUTS2,fri2:nuts2,2022,2026-09-15T16:28:02.595641+00:00,102.2,provisional,2022-01-01,2022-12-31,1,2026-09-15T16:28:02.595641+00:00
VALUE_ADDED_GROWTH_NUTS2,fri2:nuts2,2023,2026-09-15T16:28:02.595641+00:00,105.0,provisional,2023-01-01,2023-12-31,1,2026-09-15T16:28:02.595641+00:00
VALUE_ADDED_GROWTH_NUTS2,fri2:nuts2,2024,2026-09-15T16:28:02.595641+00:00,105.0,provisional,2024-01-01,2024-12-31,1,2026-09-15T16:28:02.595641+00:00
VALUE_ADDED_GROWTH_NUTS2,fri3:nuts2,2000,2026-09-15T16:28:02.595641+00:00,82.0,final,2000-01-01,2000-12-31,1,2026-09-15T16:28:02.595641+00:00
VALUE_ADDED_GROWTH_NUTS2,fri3:nuts2,2001,2026-09-15T16:28:02.595641+00:00,83.7,final,2001-01-01,2001-12-31,1,2026-09-15T16:28:02.595641+00:00
VALUE_ADDED_GROWTH_NUTS2,fri3:nuts2,2002,2026-09-15T16:28:02.595641+00:00,85.4,final,2002-01-01,2002-12-31,1,2026-09-15T16:28:02.595641+00:00
VALUE_ADDED_GROWTH_NUTS2,fri3:nuts2,2003,2026-09-15T16:28:02.595641+00:00,86.8,final,2003-01-01,2003-12-31,1,2026-09-15T16:28:02.595641+00:00
VALUE_ADDED_GROWTH_NUTS2,fri3:nuts2,2004,2026-09-15T16:28:02.595641+00:00,89.3,final,2004-01-01,2004-12-31,1,2026-09-15T16:28:02.595641+00:00
VALUE_ADDED_GROWTH_NUTS2,fri3:nuts2,2005,2026-09-15T16:28:02.595641+00:00,89.7,final,2005-01-01,2005-12-31,1,2026-09-15T16:28:02.595641+00:00
VALUE_ADDED_GROWTH_NUTS2,fri3:nuts2,2006,2026-09-15T16:28:02.595641+00:00,91.7,final,2006-01-01,2006-12-31,1,2026-09-15T16:28:02.595641+00:00
VALUE_ADDED_GROWTH_NUTS2,fri3:nuts2,2007,2026-09-15T16:28:02.595641+00:00,94.7,final,2007-01-01,2007-12-31,1,2026-09-15T16:28:02.595641+00:00
VALUE_ADDED_GROWTH_NUTS2,fri3:nuts2,2008,2026-09-15T16:28:02.595641+00:00,94.0,final,2008-01-01,2008-12-31,1,2026-09-15T16:28:02.595641+00:00
VALUE_ADDED_GROWTH_NUTS2,fri3:nuts2,2009,2026-09-15T16:28:02.595641+00:00,92.0,final,2009-01-01,2009-12-31,1,2026-09-15T16:28:02.595641+00:00
VALUE_ADDED_GROWTH_NUTS2,fri3:nuts2,2010,2026-09-15T16:28:02.595641+00:00,92.2,final,2010-01-01,2010-12-31,1,2026-09-15T16:28:02.595641+00:00
VALUE_ADDED_GROWTH_NUTS2,fri3:nuts2,2011,2026-09-15T16:28:02.595641+00:00,95.9,final,2011-01-01,2011-12-31,1,2026-09-15T16:28:02.595641+00:00
VALUE_ADDED_GROWTH_NUTS2,fri3:nuts2,2012,2026-09-15T16:28:02.595641+00:00,97.3,final,2012-01-01,2012-12-31,1,2026-09-15T16:28:02.595641+00:00
VALUE_ADDED_GROWTH_NUTS2,fri3:nuts2,2013,2026-09-15T16:28:02.595641+00:00,97.7,final,2013-01-01,2013-12-31,1,2026-09-15T16:28:02.595641+00:00
VALUE_ADDED_GROWTH_NUTS2,fri3:nuts2,2014,2026-09-15T16:28:02.595641+00:00,99.5,final,2014-01-01,2014-12-31,1,2026-09-15T16:28:02.595641+00:00
VALUE_ADDED_GROWTH_NUTS2,fri3:nuts2,2015,2026-09-15T16:28:02.595641+00:00,99.4,final,2015-01-01,2015-12-31,1,2026-09-15T16:28:02.595641+00:00
VALUE_ADDED_GROWTH_NUTS2,fri3:nuts2,2016,2026-09-15T16:28:02.595641+00:00,99.3,final,2016-01-01,2016-12-31,1,2026-09-15T16:28:02.595641+00:00
VALUE_ADDED_GROWTH_NUTS2,fri3:nuts2,2017,2026-09-15T16:28:02.595641+00:00,101.6,final,2017-01-01,2017-12-31,1,2026-09-15T16:28:02.595641+00:00
VALUE_ADDED_GROWTH_NUTS2,fri3:nuts2,2018,2026-09-15T16:28:02.595641+00:00,103.2,final,2018-01-01,2018-12-31,1,2026-09-15T16:28:02.595641+00:00
VALUE_ADDED_GROWTH_NUTS2,fri3:nuts2,2019,2026-09-15T16:28:02.595641+00:00,105.4,final,2019-01-01,2019-12-31,1,2026-09-15T16:28:02.595641+00:00
VALUE_ADDED_GROWTH_NUTS2,fri3:nuts2,2020,2026-09-15T16:28:02.595641+00:00,100.0,final,2020-01-01,2020-12-31,1,2026-09-15T16:28:02.595641+00:00
VALUE_ADDED_GROWTH_NUTS2,fri3:nuts2,2021,2026-09-15T16:28:02.595641+00:00,104.8,final,2021-01-01,2021-12-31,1,2026-09-15T16:28:02.595641+00:00
VALUE_ADDED_GROWTH_NUTS2,fri3:nuts2,2022,2026-09-15T16:28:02.595641+00:00,105.9,provisional,2022-01-01,2022-12-31,1,2026-09-15T16:28:02.595641+00:00
VALUE_ADDED_GROWTH_NUTS2,fri3:nuts2,2023,2026-09-15T16:28:02.595641+00:00,109.8,provisional,2023-01-01,2023-12-31,1,2026-09-15T16:28:02.595641+00:00
VALUE_ADDED_GROWTH_NUTS2,fri3:nuts2,2024,2026-09-15T16:28:02.595641+00:00,109.8,provisional,2024-01-01,2024-12-31,1,2026-09-15T16:28:02.595641+00:00
VALUE_ADDED_GROWTH_NUTS2,frj1:nuts2,2000,2026-09-15T16:28:02.595641+00:00,74.8,final,2000-01-01,2000-12-31,1,2026-09-15T16:28:02.595641+00:00
VALUE_ADDED_GROWTH_NUTS2,frj1:nuts2,2001,2026-09-15T16:28:02.595641+00:00,77.3,final,2001-01-01,2001-12-31,1,2026-09-15T16:28:02.595641+00:00
VALUE_ADDED_GROWTH_NUTS2,frj1:nuts2,2002,2026-09-15T16:28:02.595641+00:00,78.5,final,2002-01-01,2002-12-31,1,2026-09-15T16:28:02.595641+00:00
VALUE_ADDED_GROWTH_NUTS2,frj1:nuts2,2003,2026-09-15T16:28:02.595641+00:00,81.3,final,2003-01-01,2003-12-31,1,2026-09-15T16:28:02.595641+00:00
VALUE_ADDED_GROWTH_NUTS2,frj1:nuts2,2004,2026-09-15T16:28:02.595641+00:00,85.1,final,2004-01-01,2004-12-31,1,2026-09-15T16:28:02.595641+00:00
VALUE_ADDED_GROWTH_NUTS2,frj1:nuts2,2005,2026-09-15T16:28:02.595641+00:00,86.9,final,2005-01-01,2005-12-31,1,2026-09-15T16:28:02.595641+00:00
VALUE_ADDED_GROWTH_NUTS2,frj1:nuts2,2006,2026-09-15T16:28:02.595641+00:00,89.5,final,2006-01-01,2006-12-31,1,2026-09-15T16:28:02.595641+00:00
VALUE_ADDED_GROWTH_NUTS2,frj1:nuts2,2007,2026-09-15T16:28:02.595641+00:00,92.2,final,2007-01-01,2007-12-31,1,2026-09-15T16:28:02.595641+00:00
VALUE_ADDED_GROWTH_NUTS2,frj1:nuts2,2008,2026-09-15T16:28:02.595641+00:00,92.4,final,2008-01-01,2008-12-31,1,2026-09-15T16:28:02.595641+00:00
VALUE_ADDED_GROWTH_NUTS2,frj1:nuts2,2009,2026-09-15T16:28:02.595641+00:00,91.3,final,2009-01-01,2009-12-31,1,2026-09-15T16:28:02.595641+00:00
VALUE_ADDED_GROWTH_NUTS2,frj1:nuts2,2010,2026-09-15T16:28:02.595641+00:00,92.3,final,2010-01-01,2010-12-31,1,2026-09-15T16:28:02.595641+00:00
VALUE_ADDED_GROWTH_NUTS2,frj1:nuts2,2011,2026-09-15T16:28:02.595641+00:00,95.7,final,2011-01-01,2011-12-31,1,2026-09-15T16:28:02.595641+00:00
VALUE_ADDED_GROWTH_NUTS2,frj1:nuts2,2012,2026-09-15T16:28:02.595641+00:00,95.3,final,2012-01-01,2012-12-31,1,2026-09-15T16:28:02.595641+00:00
VALUE_ADDED_GROWTH_NUTS2,frj1:nuts2,2013,2026-09-15T16:28:02.595641+00:00,94.9,final,2013-01-01,2013-12-31,1,2026-09-15T16:28:02.595641+00:00
VALUE_ADDED_GROWTH_NUTS2,frj1:nuts2,2014,2026-09-15T16:28:02.595641+00:00,96.1,final,2014-01-01,2014-12-31,1,2026-09-15T16:28:02.595641+00:00
VALUE_ADDED_GROWTH_NUTS2,frj1:nuts2,2015,2026-09-15T16:28:02.595641+00:00,96.7,final,2015-01-01,2015-12-31,1,2026-09-15T16:28:02.595641+00:00
VALUE_ADDED_GROWTH_NUTS2,frj1:nuts2,2016,2026-09-15T16:28:02.595641+00:00,98.0,final,2016-01-01,2016-12-31,1,2026-09-15T16:28:02.595641+00:00
VALUE_ADDED_GROWTH_NUTS2,frj1:nuts2,2017,2026-09-15T16:28:02.595641+00:00,100.0,final,2017-01-01,2017-12-31,1,2026-09-15T16:28:02.595641+00:00
VALUE_ADDED_GROWTH_NUTS2,frj1:nuts2,2018,2026-09-15T16:28:02.595641+00:00,101.5,final,2018-01-01,2018-12-31,1,2026-09-15T16:28:02.595641+00:00
VALUE_ADDED_GROWTH_NUTS2,frj1:nuts2,2019,2026-09-15T16:28:02.595641+00:00,104.1,final,2019-01-01,2019-12-31,1,2026-09-15T16:28:02.595641+00:00
VALUE_ADDED_GROWTH_NUTS2,frj1:nuts2,2020,2026-09-15T16:28:02.595641+00:00,100.0,final,2020-01-01,2020-12-31,1,2026-09-15T16:28:02.595641+00:00
VALUE_ADDED_GROWTH_NUTS2,frj1:nuts2,2021,2026-09-15T16:28:02.595641+00:00,106.9,final,2021-01-01,2021-12-31,1,2026-09-15T16:28:02.595641+00:00
VALUE_ADDED_GROWTH_NUTS2,frj1:nuts2,2022,2026-09-15T16:28:02.595641+00:00,108.6,provisional,2022-01-01,2022-12-31,1,2026-09-15T16:28:02.595641+00:00
VALUE_ADDED_GROWTH_NUTS2,frj1:nuts2,2023,2026-09-15T16:28:02.595641+00:00,110.5,provisional,2023-01-01,2023-12-31,1,2026-09-15T16:28:02.595641+00:00
VALUE_ADDED_GROWTH_NUTS2,frj1:nuts2,2024,2026-09-15T16:28:02.595641+00:00,111.7,provisional,2024-01-01,2024-12-31,1,2026-09-15T16:28:02.595641+00:00
VALUE_ADDED_GROWTH_NUTS2,frj2:nuts2,2000,2026-09-15T16:28:02.595641+00:00,71.9,final,2000-01-01,2000-12-31,1,2026-09-15T16:28:02.595641+00:00
VALUE_ADDED_GROWTH_NUTS2,frj2:nuts2,2001,2026-09-15T16:28:02.595641+00:00,75.7,final,2001-01-01,2001-12-31,1,2026-09-15T16:28:02.595641+00:00
VALUE_ADDED_GROWTH_NUTS2,frj2:nuts2,2002,2026-09-15T16:28:02.595641+00:00,76.9,final,2002-01-01,2002-12-31,1,2026-09-15T16:28:02.595641+00:00
VALUE_ADDED_GROWTH_NUTS2,frj2:nuts2,2003,2026-09-15T16:28:02.595641+00:00,77.8,final,2003-01-01,2003-12-31,1,2026-09-15T16:28:02.595641+00:00
VALUE_ADDED_GROWTH_NUTS2,frj2:nuts2,2004,2026-09-15T16:28:02.595641+00:00,80.5,final,2004-01-01,2004-12-31,1,2026-09-15T16:28:02.595641+00:00
VALUE_ADDED_GROWTH_NUTS2,frj2:nuts2,2005,2026-09-15T16:28:02.595641+00:00,83.7,final,2005-01-01,2005-12-31,1,2026-09-15T16:28:02.595641+00:00
VALUE_ADDED_GROWTH_NUTS2,frj2:nuts2,2006,2026-09-15T16:28:02.595641+00:00,89.0,final,2006-01-01,2006-12-31,1,2026-09-15T16:28:02.595641+00:00
VALUE_ADDED_GROWTH_NUTS2,frj2:nuts2,2007,2026-09-15T16:28:02.595641+00:00,88.5,final,2007-01-01,2007-12-31,1,2026-09-15T16:28:02.595641+00:00
VALUE_ADDED_GROWTH_NUTS2,frj2:nuts2,2008,2026-09-15T16:28:02.595641+00:00,89.7,final,2008-01-01,2008-12-31,1,2026-09-15T16:28:02.595641+00:00
VALUE_ADDED_GROWTH_NUTS2,frj2:nuts2,2009,2026-09-15T16:28:02.595641+00:00,89.1,final,2009-01-01,2009-12-31,1,2026-09-15T16:28:02.595641+00:00
VALUE_ADDED_GROWTH_NUTS2,frj2:nuts2,2010,2026-09-15T16:28:02.595641+00:00,88.4,final,2010-01-01,2010-12-31,1,2026-09-15T16:28:02.595641+00:00
VALUE_ADDED_GROWTH_NUTS2,frj2:nuts2,2011,2026-09-15T16:28:02.595641+00:00,92.3,final,2011-01-01,2011-12-31,1,2026-09-15T16:28:02.595641+00:00
VALUE_ADDED_GROWTH_NUTS2,frj2:nuts2,2012,2026-09-15T16:28:02.595641+00:00,94.9,final,2012-01-01,2012-12-31,1,2026-09-15T16:28:02.595641+00:00
VALUE_ADDED_GROWTH_NUTS2,frj2:nuts2,2013,2026-09-15T16:28:02.595641+00:00,96.9,final,2013-01-01,2013-12-31,1,2026-09-15T16:28:02.595641+00:00
VALUE_ADDED_GROWTH_NUTS2,frj2:nuts2,2014,2026-09-15T16:28:02.595641+00:00,99.8,final,2014-01-01,2014-12-31,1,2026-09-15T16:28:02.595641+00:00
VALUE_ADDED_GROWTH_NUTS2,frj2:nuts2,2015,2026-09-15T16:28:02.595641+00:00,101.5,final,2015-01-01,2015-12-31,1,2026-09-15T16:28:02.595641+00:00
VALUE_ADDED_GROWTH_NUTS2,frj2:nuts2,2016,2026-09-15T16:28:02.595641+00:00,103.0,final,2016-01-01,2016-12-31,1,2026-09-15T16:28:02.595641+00:00
VALUE_ADDED_GROWTH_NUTS2,frj2:nuts2,2017,2026-09-15T16:28:02.595641+00:00,104.6,final,2017-01-01,2017-12-31,1,2026-09-15T16:28:02.595641+00:00
VALUE_ADDED_GROWTH_NUTS2,frj2:nuts2,2018,2026-09-15T16:28:02.595641+00:00,107.7,final,2018-01-01,2018-12-31,1,2026-09-15T16:28:02.595641+00:00
VALUE_ADDED_GROWTH_NUTS2,frj2:nuts2,2019,2026-09-15T16:28:02.595641+00:00,110.2,final,2019-01-01,2019-12-31,1,2026-09-15T16:28:02.595641+00:00
VALUE_ADDED_GROWTH_NUTS2,frj2:nuts2,2020,2026-09-15T16:28:02.595641+00:00,100.0,final,2020-01-01,2020-12-31,1,2026-09-15T16:28:02.595641+00:00
VALUE_ADDED_GROWTH_NUTS2,frj2:nuts2,2021,2026-09-15T16:28:02.595641+00:00,106.6,final,2021-01-01,2021-12-31,1,2026-09-15T16:28:02.595641+00:00
VALUE_ADDED_GROWTH_NUTS2,frj2:nuts2,2022,2026-09-15T16:28:02.595641+00:00,108.4,provisional,2022-01-01,2022-12-31,1,2026-09-15T16:28:02.595641+00:00
VALUE_ADDED_GROWTH_NUTS2,frj2:nuts2,2023,2026-09-15T16:28:02.595641+00:00,113.6,provisional,2023-01-01,2023-12-31,1,2026-09-15T16:28:02.595641+00:00
VALUE_ADDED_GROWTH_NUTS2,frj2:nuts2,2024,2026-09-15T16:28:02.595641+00:00,115.5,provisional,2024-01-01,2024-12-31,1,2026-09-15T16:28:02.595641+00:00
VALUE_ADDED_GROWTH_NUTS2,frk1:nuts2,2000,2026-09-15T16:28:02.595641+00:00,85.8,final,2000-01-01,2000-12-31,1,2026-09-15T16:28:02.595641+00:00
VALUE_ADDED_GROWTH_NUTS2,frk1:nuts2,2001,2026-09-15T16:28:02.595641+00:00,86.5,final,2001-01-01,2001-12-31,1,2026-09-15T16:28:02.595641+00:00
VALUE_ADDED_GROWTH_NUTS2,frk1:nuts2,2002,2026-09-15T16:28:02.595641+00:00,87.4,final,2002-01-01,2002-12-31,1,2026-09-15T16:28:02.595641+00:00
VALUE_ADDED_GROWTH_NUTS2,frk1:nuts2,2003,2026-09-15T16:28:02.595641+00:00,88.2,final,2003-01-01,2003-12-31,1,2026-09-15T16:28:02.595641+00:00
VALUE_ADDED_GROWTH_NUTS2,frk1:nuts2,2004,2026-09-15T16:28:02.595641+00:00,91.2,final,2004-01-01,2004-12-31,1,2026-09-15T16:28:02.595641+00:00
VALUE_ADDED_GROWTH_NUTS2,frk1:nuts2,2005,2026-09-15T16:28:02.595641+00:00,92.2,final,2005-01-01,2005-12-31,1,2026-09-15T16:28:02.595641+00:00
VALUE_ADDED_GROWTH_NUTS2,frk1:nuts2,2006,2026-09-15T16:28:02.595641+00:00,93.8,final,2006-01-01,2006-12-31,1,2026-09-15T16:28:02.595641+00:00
VALUE_ADDED_GROWTH_NUTS2,frk1:nuts2,2007,2026-09-15T16:28:02.595641+00:00,96.4,final,2007-01-01,2007-12-31,1,2026-09-15T16:28:02.595641+00:00
VALUE_ADDED_GROWTH_NUTS2,frk1:nuts2,2008,2026-09-15T16:28:02.595641+00:00,94.7,final,2008-01-01,2008-12-31,1,2026-09-15T16:28:02.595641+00:00
VALUE_ADDED_GROWTH_NUTS2,frk1:nuts2,2009,2026-09-15T16:28:02.595641+00:00,92.4,final,2009-01-01,2009-12-31,1,2026-09-15T16:28:02.595641+00:00
VALUE_ADDED_GROWTH_NUTS2,frk1:nuts2,2010,2026-09-15T16:28:02.595641+00:00,91.4,final,2010-01-01,2010-12-31,1,2026-09-15T16:28:02.595641+00:00
VALUE_ADDED_GROWTH_NUTS2,frk1:nuts2,2011,2026-09-15T16:28:02.595641+00:00,95.9,final,2011-01-01,2011-12-31,1,2026-09-15T16:28:02.595641+00:00
VALUE_ADDED_GROWTH_NUTS2,frk1:nuts2,2012,2026-09-15T16:28:02.595641+00:00,95.3,final,2012-01-01,2012-12-31,1,2026-09-15T16:28:02.595641+00:00
VALUE_ADDED_GROWTH_NUTS2,frk1:nuts2,2013,2026-09-15T16:28:02.595641+00:00,96.7,final,2013-01-01,2013-12-31,1,2026-09-15T16:28:02.595641+00:00
VALUE_ADDED_GROWTH_NUTS2,frk1:nuts2,2014,2026-09-15T16:28:02.595641+00:00,98.0,final,2014-01-01,2014-12-31,1,2026-09-15T16:28:02.595641+00:00
VALUE_ADDED_GROWTH_NUTS2,frk1:nuts2,2015,2026-09-15T16:28:02.595641+00:00,98.9,final,2015-01-01,2015-12-31,1,2026-09-15T16:28:02.595641+00:00
VALUE_ADDED_GROWTH_NUTS2,frk1:nuts2,2016,2026-09-15T16:28:02.595641+00:00,98.8,final,2016-01-01,2016-12-31,1,2026-09-15T16:28:02.595641+00:00
VALUE_ADDED_GROWTH_NUTS2,frk1:nuts2,2017,2026-09-15T16:28:02.595641+00:00,103.3,final,2017-01-01,2017-12-31,1,2026-09-15T16:28:02.595641+00:00
VALUE_ADDED_GROWTH_NUTS2,frk1:nuts2,2018,2026-09-15T16:28:02.595641+00:00,104.5,final,2018-01-01,2018-12-31,1,2026-09-15T16:28:02.595641+00:00
VALUE_ADDED_GROWTH_NUTS2,frk1:nuts2,2019,2026-09-15T16:28:02.595641+00:00,106.5,final,2019-01-01,2019-12-31,1,2026-09-15T16:28:02.595641+00:00
VALUE_ADDED_GROWTH_NUTS2,frk1:nuts2,2020,2026-09-15T16:28:02.595641+00:00,100.0,final,2020-01-01,2020-12-31,1,2026-09-15T16:28:02.595641+00:00
VALUE_ADDED_GROWTH_NUTS2,frk1:nuts2,2021,2026-09-15T16:28:02.595641+00:00,105.2,final,2021-01-01,2021-12-31,1,2026-09-15T16:28:02.595641+00:00
VALUE_ADDED_GROWTH_NUTS2,frk1:nuts2,2022,2026-09-15T16:28:02.595641+00:00,104.8,provisional,2022-01-01,2022-12-31,1,2026-09-15T16:28:02.595641+00:00
VALUE_ADDED_GROWTH_NUTS2,frk1:nuts2,2023,2026-09-15T16:28:02.595641+00:00,107.7,provisional,2023-01-01,2023-12-31,1,2026-09-15T16:28:02.595641+00:00
VALUE_ADDED_GROWTH_NUTS2,frk1:nuts2,2024,2026-09-15T16:28:02.595641+00:00,108.7,provisional,2024-01-01,2024-12-31,1,2026-09-15T16:28:02.595641+00:00
VALUE_ADDED_GROWTH_NUTS2,frk2:nuts2,2000,2026-09-15T16:28:02.595641+00:00,79.5,final,2000-01-01,2000-12-31,1,2026-09-15T16:28:02.595641+00:00
VALUE_ADDED_GROWTH_NUTS2,frk2:nuts2,2001,2026-09-15T16:28:02.595641+00:00,80.9,final,2001-01-01,2001-12-31,1,2026-09-15T16:28:02.595641+00:00
VALUE_ADDED_GROWTH_NUTS2,frk2:nuts2,2002,2026-09-15T16:28:02.595641+00:00,80.7,final,2002-01-01,2002-12-31,1,2026-09-15T16:28:02.595641+00:00
VALUE_ADDED_GROWTH_NUTS2,frk2:nuts2,2003,2026-09-15T16:28:02.595641+00:00,81.3,final,2003-01-01,2003-12-31,1,2026-09-15T16:28:02.595641+00:00
VALUE_ADDED_GROWTH_NUTS2,frk2:nuts2,2004,2026-09-15T16:28:02.595641+00:00,85.3,final,2004-01-01,2004-12-31,1,2026-09-15T16:28:02.595641+00:00
VALUE_ADDED_GROWTH_NUTS2,frk2:nuts2,2005,2026-09-15T16:28:02.595641+00:00,86.6,final,2005-01-01,2005-12-31,1,2026-09-15T16:28:02.595641+00:00
VALUE_ADDED_GROWTH_NUTS2,frk2:nuts2,2006,2026-09-15T16:28:02.595641+00:00,90.0,final,2006-01-01,2006-12-31,1,2026-09-15T16:28:02.595641+00:00
VALUE_ADDED_GROWTH_NUTS2,frk2:nuts2,2007,2026-09-15T16:28:02.595641+00:00,91.7,final,2007-01-01,2007-12-31,1,2026-09-15T16:28:02.595641+00:00
VALUE_ADDED_GROWTH_NUTS2,frk2:nuts2,2008,2026-09-15T16:28:02.595641+00:00,93.7,final,2008-01-01,2008-12-31,1,2026-09-15T16:28:02.595641+00:00
VALUE_ADDED_GROWTH_NUTS2,frk2:nuts2,2009,2026-09-15T16:28:02.595641+00:00,90.4,final,2009-01-01,2009-12-31,1,2026-09-15T16:28:02.595641+00:00
VALUE_ADDED_GROWTH_NUTS2,frk2:nuts2,2010,2026-09-15T16:28:02.595641+00:00,92.1,final,2010-01-01,2010-12-31,1,2026-09-15T16:28:02.595641+00:00
VALUE_ADDED_GROWTH_NUTS2,frk2:nuts2,2011,2026-09-15T16:28:02.595641+00:00,95.6,final,2011-01-01,2011-12-31,1,2026-09-15T16:28:02.595641+00:00
VALUE_ADDED_GROWTH_NUTS2,frk2:nuts2,2012,2026-09-15T16:28:02.595641+00:00,95.6,final,2012-01-01,2012-12-31,1,2026-09-15T16:28:02.595641+00:00
VALUE_ADDED_GROWTH_NUTS2,frk2:nuts2,2013,2026-09-15T16:28:02.595641+00:00,95.9,final,2013-01-01,2013-12-31,1,2026-09-15T16:28:02.595641+00:00
VALUE_ADDED_GROWTH_NUTS2,frk2:nuts2,2014,2026-09-15T16:28:02.595641+00:00,97.4,final,2014-01-01,2014-12-31,1,2026-09-15T16:28:02.595641+00:00
VALUE_ADDED_GROWTH_NUTS2,frk2:nuts2,2015,2026-09-15T16:28:02.595641+00:00,98.5,final,2015-01-01,2015-12-31,1,2026-09-15T16:28:02.595641+00:00
VALUE_ADDED_GROWTH_NUTS2,frk2:nuts2,2016,2026-09-15T16:28:02.595641+00:00,100.1,final,2016-01-01,2016-12-31,1,2026-09-15T16:28:02.595641+00:00
VALUE_ADDED_GROWTH_NUTS2,frk2:nuts2,2017,2026-09-15T16:28:02.595641+00:00,102.2,final,2017-01-01,2017-12-31,1,2026-09-15T16:28:02.595641+00:00
VALUE_ADDED_GROWTH_NUTS2,frk2:nuts2,2018,2026-09-15T16:28:02.595641+00:00,105.0,final,2018-01-01,2018-12-31,1,2026-09-15T16:28:02.595641+00:00
VALUE_ADDED_GROWTH_NUTS2,frk2:nuts2,2019,2026-09-15T16:28:02.595641+00:00,106.9,final,2019-01-01,2019-12-31,1,2026-09-15T16:28:02.595641+00:00
VALUE_ADDED_GROWTH_NUTS2,frk2:nuts2,2020,2026-09-15T16:28:02.595641+00:00,100.0,final,2020-01-01,2020-12-31,1,2026-09-15T16:28:02.595641+00:00
VALUE_ADDED_GROWTH_NUTS2,frk2:nuts2,2021,2026-09-15T16:28:02.595641+00:00,105.0,final,2021-01-01,2021-12-31,1,2026-09-15T16:28:02.595641+00:00
VALUE_ADDED_GROWTH_NUTS2,frk2:nuts2,2022,2026-09-15T16:28:02.595641+00:00,107.2,provisional,2022-01-01,2022-12-31,1,2026-09-15T16:28:02.595641+00:00
VALUE_ADDED_GROWTH_NUTS2,frk2:nuts2,2023,2026-09-15T16:28:02.595641+00:00,111.4,provisional,2023-01-01,2023-12-31,1,2026-09-15T16:28:02.595641+00:00
VALUE_ADDED_GROWTH_NUTS2,frk2:nuts2,2024,2026-09-15T16:28:02.595641+00:00,113.3,provisional,2024-01-01,2024-12-31,1,2026-09-15T16:28:02.595641+00:00
VALUE_ADDED_GROWTH_NUTS2,frl0:nuts2,2000,2026-09-15T16:28:02.595641+00:00,79.8,final,2000-01-01,2000-12-31,1,2026-09-15T16:28:02.595641+00:00
VALUE_ADDED_GROWTH_NUTS2,frl0:nuts2,2001,2026-09-15T16:28:02.595641+00:00,82.4,final,2001-01-01,2001-12-31,1,2026-09-15T16:28:02.595641+00:00
VALUE_ADDED_GROWTH_NUTS2,frl0:nuts2,2002,2026-09-15T16:28:02.595641+00:00,83.0,final,2002-01-01,2002-12-31,1,2026-09-15T16:28:02.595641+00:00
VALUE_ADDED_GROWTH_NUTS2,frl0:nuts2,2003,2026-09-15T16:28:02.595641+00:00,84.7,final,2003-01-01,2003-12-31,1,2026-09-15T16:28:02.595641+00:00
VALUE_ADDED_GROWTH_NUTS2,frl0:nuts2,2004,2026-09-15T16:28:02.595641+00:00,88.5,final,2004-01-01,2004-12-31,1,2026-09-15T16:28:02.595641+00:00
VALUE_ADDED_GROWTH_NUTS2,frl0:nuts2,2005,2026-09-15T16:28:02.595641+00:00,91.3,final,2005-01-01,2005-12-31,1,2026-09-15T16:28:02.595641+00:00
VALUE_ADDED_GROWTH_NUTS2,frl0:nuts2,2006,2026-09-15T16:28:02.595641+00:00,94.4,final,2006-01-01,2006-12-31,1,2026-09-15T16:28:02.595641+00:00
VALUE_ADDED_GROWTH_NUTS2,frl0:nuts2,2007,2026-09-15T16:28:02.595641+00:00,95.7,final,2007-01-01,2007-12-31,1,2026-09-15T16:28:02.595641+00:00
VALUE_ADDED_GROWTH_NUTS2,frl0:nuts2,2008,2026-09-15T16:28:02.595641+00:00,95.1,final,2008-01-01,2008-12-31,1,2026-09-15T16:28:02.595641+00:00
VALUE_ADDED_GROWTH_NUTS2,frl0:nuts2,2009,2026-09-15T16:28:02.595641+00:00,93.7,final,2009-01-01,2009-12-31,1,2026-09-15T16:28:02.595641+00:00
VALUE_ADDED_GROWTH_NUTS2,frl0:nuts2,2010,2026-09-15T16:28:02.595641+00:00,96.9,final,2010-01-01,2010-12-31,1,2026-09-15T16:28:02.595641+00:00
VALUE_ADDED_GROWTH_NUTS2,frl0:nuts2,2011,2026-09-15T16:28:02.595641+00:00,98.3,final,2011-01-01,2011-12-31,1,2026-09-15T16:28:02.595641+00:00
VALUE_ADDED_GROWTH_NUTS2,frl0:nuts2,2012,2026-09-15T16:28:02.595641+00:00,100.1,final,2012-01-01,2012-12-31,1,2026-09-15T16:28:02.595641+00:00
VALUE_ADDED_GROWTH_NUTS2,frl0:nuts2,2013,2026-09-15T16:28:02.595641+00:00,99.5,final,2013-01-01,2013-12-31,1,2026-09-15T16:28:02.595641+00:00
VALUE_ADDED_GROWTH_NUTS2,frl0:nuts2,2014,2026-09-15T16:28:02.595641+00:00,100.6,final,2014-01-01,2014-12-31,1,2026-09-15T16:28:02.595641+00:00
VALUE_ADDED_GROWTH_NUTS2,frl0:nuts2,2015,2026-09-15T16:28:02.595641+00:00,101.1,final,2015-01-01,2015-12-31,1,2026-09-15T16:28:02.595641+00:00
VALUE_ADDED_GROWTH_NUTS2,frl0:nuts2,2016,2026-09-15T16:28:02.595641+00:00,101.7,final,2016-01-01,2016-12-31,1,2026-09-15T16:28:02.595641+00:00
VALUE_ADDED_GROWTH_NUTS2,frl0:nuts2,2017,2026-09-15T16:28:02.595641+00:00,103.8,final,2017-01-01,2017-12-31,1,2026-09-15T16:28:02.595641+00:00
VALUE_ADDED_GROWTH_NUTS2,frl0:nuts2,2018,2026-09-15T16:28:02.595641+00:00,105.3,final,2018-01-01,2018-12-31,1,2026-09-15T16:28:02.595641+00:00
VALUE_ADDED_GROWTH_NUTS2,frl0:nuts2,2019,2026-09-15T16:28:02.595641+00:00,106.9,final,2019-01-01,2019-12-31,1,2026-09-15T16:28:02.595641+00:00
VALUE_ADDED_GROWTH_NUTS2,frl0:nuts2,2020,2026-09-15T16:28:02.595641+00:00,100.0,final,2020-01-01,2020-12-31,1,2026-09-15T16:28:02.595641+00:00
VALUE_ADDED_GROWTH_NUTS2,frl0:nuts2,2021,2026-09-15T16:28:02.595641+00:00,115.2,final,2021-01-01,2021-12-31,1,2026-09-15T16:28:02.595641+00:00
VALUE_ADDED_GROWTH_NUTS2,frl0:nuts2,2022,2026-09-15T16:28:02.595641+00:00,123.3,provisional,2022-01-01,2022-12-31,1,2026-09-15T16:28:02.595641+00:00
VALUE_ADDED_GROWTH_NUTS2,frl0:nuts2,2023,2026-09-15T16:28:02.595641+00:00,113.8,provisional,2023-01-01,2023-12-31,1,2026-09-15T16:28:02.595641+00:00
VALUE_ADDED_GROWTH_NUTS2,frl0:nuts2,2024,2026-09-15T16:28:02.595641+00:00,115.9,provisional,2024-01-01,2024-12-31,1,2026-09-15T16:28:02.595641+00:00
VALUE_ADDED_GROWTH_NUTS2,frm0:nuts2,2000,2026-09-15T16:28:02.595641+00:00,65.4,final,2000-01-01,2000-12-31,1,2026-09-15T16:28:02.595641+00:00
VALUE_ADDED_GROWTH_NUTS2,frm0:nuts2,2001,2026-09-15T16:28:02.595641+00:00,68.1,final,2001-01-01,2001-12-31,1,2026-09-15T16:28:02.595641+00:00
VALUE_ADDED_GROWTH_NUTS2,frm0:nuts2,2002,2026-09-15T16:28:02.595641+00:00,68.6,final,2002-01-01,2002-12-31,1,2026-09-15T16:28:02.595641+00:00
VALUE_ADDED_GROWTH_NUTS2,frm0:nuts2,2003,2026-09-15T16:28:02.595641+00:00,70.6,final,2003-01-01,2003-12-31,1,2026-09-15T16:28:02.595641+00:00
VALUE_ADDED_GROWTH_NUTS2,frm0:nuts2,2004,2026-09-15T16:28:02.595641+00:00,73.4,final,2004-01-01,2004-12-31,1,2026-09-15T16:28:02.595641+00:00
VALUE_ADDED_GROWTH_NUTS2,frm0:nuts2,2005,2026-09-15T16:28:02.595641+00:00,76.7,final,2005-01-01,2005-12-31,1,2026-09-15T16:28:02.595641+00:00
VALUE_ADDED_GROWTH_NUTS2,frm0:nuts2,2006,2026-09-15T16:28:02.595641+00:00,80.9,final,2006-01-01,2006-12-31,1,2026-09-15T16:28:02.595641+00:00
VALUE_ADDED_GROWTH_NUTS2,frm0:nuts2,2007,2026-09-15T16:28:02.595641+00:00,81.2,final,2007-01-01,2007-12-31,1,2026-09-15T16:28:02.595641+00:00
VALUE_ADDED_GROWTH_NUTS2,frm0:nuts2,2008,2026-09-15T16:28:02.595641+00:00,85.1,final,2008-01-01,2008-12-31,1,2026-09-15T16:28:02.595641+00:00
VALUE_ADDED_GROWTH_NUTS2,frm0:nuts2,2009,2026-09-15T16:28:02.595641+00:00,88.0,final,2009-01-01,2009-12-31,1,2026-09-15T16:28:02.595641+00:00
VALUE_ADDED_GROWTH_NUTS2,frm0:nuts2,2010,2026-09-15T16:28:02.595641+00:00,88.2,final,2010-01-01,2010-12-31,1,2026-09-15T16:28:02.595641+00:00
VALUE_ADDED_GROWTH_NUTS2,frm0:nuts2,2011,2026-09-15T16:28:02.595641+00:00,92.5,final,2011-01-01,2011-12-31,1,2026-09-15T16:28:02.595641+00:00
VALUE_ADDED_GROWTH_NUTS2,frm0:nuts2,2012,2026-09-15T16:28:02.595641+00:00,93.4,final,2012-01-01,2012-12-31,1,2026-09-15T16:28:02.595641+00:00
VALUE_ADDED_GROWTH_NUTS2,frm0:nuts2,2013,2026-09-15T16:28:02.595641+00:00,94.5,final,2013-01-01,2013-12-31,1,2026-09-15T16:28:02.595641+00:00
VALUE_ADDED_GROWTH_NUTS2,frm0:nuts2,2014,2026-09-15T16:28:02.595641+00:00,96.1,final,2014-01-01,2014-12-31,1,2026-09-15T16:28:02.595641+00:00
VALUE_ADDED_GROWTH_NUTS2,frm0:nuts2,2015,2026-09-15T16:28:02.595641+00:00,98.4,final,2015-01-01,2015-12-31,1,2026-09-15T16:28:02.595641+00:00
VALUE_ADDED_GROWTH_NUTS2,frm0:nuts2,2016,2026-09-15T16:28:02.595641+00:00,99.5,final,2016-01-01,2016-12-31,1,2026-09-15T16:28:02.595641+00:00
VALUE_ADDED_GROWTH_NUTS2,frm0:nuts2,2017,2026-09-15T16:28:02.595641+00:00,102.5,final,2017-01-01,2017-12-31,1,2026-09-15T16:28:02.595641+00:00
VALUE_ADDED_GROWTH_NUTS2,frm0:nuts2,2018,2026-09-15T16:28:02.595641+00:00,105.5,final,2018-01-01,2018-12-31,1,2026-09-15T16:28:02.595641+00:00
VALUE_ADDED_GROWTH_NUTS2,frm0:nuts2,2019,2026-09-15T16:28:02.595641+00:00,107.5,final,2019-01-01,2019-12-31,1,2026-09-15T16:28:02.595641+00:00
VALUE_ADDED_GROWTH_NUTS2,frm0:nuts2,2020,2026-09-15T16:28:02.595641+00:00,100.0,final,2020-01-01,2020-12-31,1,2026-09-15T16:28:02.595641+00:00
VALUE_ADDED_GROWTH_NUTS2,frm0:nuts2,2021,2026-09-15T16:28:02.595641+00:00,108.8,final,2021-01-01,2021-12-31,1,2026-09-15T16:28:02.595641+00:00
VALUE_ADDED_GROWTH_NUTS2,frm0:nuts2,2022,2026-09-15T16:28:02.595641+00:00,111.4,provisional,2022-01-01,2022-12-31,1,2026-09-15T16:28:02.595641+00:00
VALUE_ADDED_GROWTH_NUTS2,frm0:nuts2,2023,2026-09-15T16:28:02.595641+00:00,116.3,provisional,2023-01-01,2023-12-31,1,2026-09-15T16:28:02.595641+00:00
VALUE_ADDED_GROWTH_NUTS2,frm0:nuts2,2024,2026-09-15T16:28:02.595641+00:00,120.5,provisional,2024-01-01,2024-12-31,1,2026-09-15T16:28:02.595641+00:00
VALUE_ADDED_GROWTH_NUTS2,fry1:nuts2,2000,2026-09-15T16:28:02.595641+00:00,75.9,final,2000-01-01,2000-12-31,1,2026-09-15T16:28:02.595641+00:00
VALUE_ADDED_GROWTH_NUTS2,fry1:nuts2,2001,2026-09-15T16:28:02.595641+00:00,79.3,final,2001-01-01,2001-12-31,1,2026-09-15T16:28:02.595641+00:00
VALUE_ADDED_GROWTH_NUTS2,fry1:nuts2,2002,2026-09-15T16:28:02.595641+00:00,80.9,final,2002-01-01,2002-12-31,1,2026-09-15T16:28:02.595641+00:00
VALUE_ADDED_GROWTH_NUTS2,fry1:nuts2,2003,2026-09-15T16:28:02.595641+00:00,85.3,final,2003-01-01,2003-12-31,1,2026-09-15T16:28:02.595641+00:00
VALUE_ADDED_GROWTH_NUTS2,fry1:nuts2,2004,2026-09-15T16:28:02.595641+00:00,88.3,final,2004-01-01,2004-12-31,1,2026-09-15T16:28:02.595641+00:00
VALUE_ADDED_GROWTH_NUTS2,fry1:nuts2,2005,2026-09-15T16:28:02.595641+00:00,91.1,final,2005-01-01,2005-12-31,1,2026-09-15T16:28:02.595641+00:00
VALUE_ADDED_GROWTH_NUTS2,fry1:nuts2,2006,2026-09-15T16:28:02.595641+00:00,94.5,final,2006-01-01,2006-12-31,1,2026-09-15T16:28:02.595641+00:00
VALUE_ADDED_GROWTH_NUTS2,fry1:nuts2,2007,2026-09-15T16:28:02.595641+00:00,96.1,final,2007-01-01,2007-12-31,1,2026-09-15T16:28:02.595641+00:00
VALUE_ADDED_GROWTH_NUTS2,fry1:nuts2,2008,2026-09-15T16:28:02.595641+00:00,98.9,final,2008-01-01,2008-12-31,1,2026-09-15T16:28:02.595641+00:00
VALUE_ADDED_GROWTH_NUTS2,fry1:nuts2,2009,2026-09-15T16:28:02.595641+00:00,94.2,final,2009-01-01,2009-12-31,1,2026-09-15T16:28:02.595641+00:00
VALUE_ADDED_GROWTH_NUTS2,fry1:nuts2,2010,2026-09-15T16:28:02.595641+00:00,95.7,final,2010-01-01,2010-12-31,1,2026-09-15T16:28:02.595641+00:00
VALUE_ADDED_GROWTH_NUTS2,fry1:nuts2,2011,2026-09-15T16:28:02.595641+00:00,96.7,final,2011-01-01,2011-12-31,1,2026-09-15T16:28:02.595641+00:00
VALUE_ADDED_GROWTH_NUTS2,fry1:nuts2,2012,2026-09-15T16:28:02.595641+00:00,97.4,final,2012-01-01,2012-12-31,1,2026-09-15T16:28:02.595641+00:00
VALUE_ADDED_GROWTH_NUTS2,fry1:nuts2,2013,2026-09-15T16:28:02.595641+00:00,97.2,final,2013-01-01,2013-12-31,1,2026-09-15T16:28:02.595641+00:00
VALUE_ADDED_GROWTH_NUTS2,fry1:nuts2,2014,2026-09-15T16:28:02.595641+00:00,99.0,final,2014-01-01,2014-12-31,1,2026-09-15T16:28:02.595641+00:00
VALUE_ADDED_GROWTH_NUTS2,fry1:nuts2,2015,2026-09-15T16:28:02.595641+00:00,100.2,final,2015-01-01,2015-12-31,1,2026-09-15T16:28:02.595641+00:00
VALUE_ADDED_GROWTH_NUTS2,fry1:nuts2,2016,2026-09-15T16:28:02.595641+00:00,101.8,final,2016-01-01,2016-12-31,1,2026-09-15T16:28:02.595641+00:00
VALUE_ADDED_GROWTH_NUTS2,fry1:nuts2,2017,2026-09-15T16:28:02.595641+00:00,101.9,final,2017-01-01,2017-12-31,1,2026-09-15T16:28:02.595641+00:00
VALUE_ADDED_GROWTH_NUTS2,fry1:nuts2,2018,2026-09-15T16:28:02.595641+00:00,103.0,final,2018-01-01,2018-12-31,1,2026-09-15T16:28:02.595641+00:00
VALUE_ADDED_GROWTH_NUTS2,fry1:nuts2,2019,2026-09-15T16:28:02.595641+00:00,106.1,final,2019-01-01,2019-12-31,1,2026-09-15T16:28:02.595641+00:00
VALUE_ADDED_GROWTH_NUTS2,fry1:nuts2,2020,2026-09-15T16:28:02.595641+00:00,100.0,final,2020-01-01,2020-12-31,1,2026-09-15T16:28:02.595641+00:00
VALUE_ADDED_GROWTH_NUTS2,fry1:nuts2,2021,2026-09-15T16:28:02.595641+00:00,102.5,final,2021-01-01,2021-12-31,1,2026-09-15T16:28:02.595641+00:00
VALUE_ADDED_GROWTH_NUTS2,fry1:nuts2,2022,2026-09-15T16:28:02.595641+00:00,104.4,provisional,2022-01-01,2022-12-31,1,2026-09-15T16:28:02.595641+00:00
VALUE_ADDED_GROWTH_NUTS2,fry1:nuts2,2023,2026-09-15T16:28:02.595641+00:00,103.8,provisional,2023-01-01,2023-12-31,1,2026-09-15T16:28:02.595641+00:00
VALUE_ADDED_GROWTH_NUTS2,fry1:nuts2,2024,2026-09-15T16:28:02.595641+00:00,105.8,provisional,2024-01-01,2024-12-31,1,2026-09-15T16:28:02.595641+00:00
VALUE_ADDED_GROWTH_NUTS2,fry2:nuts2,2000,2026-09-15T16:28:02.595641+00:00,84.2,final,2000-01-01,2000-12-31,1,2026-09-15T16:28:02.595641+00:00
VALUE_ADDED_GROWTH_NUTS2,fry2:nuts2,2001,2026-09-15T16:28:02.595641+00:00,88.0,final,2001-01-01,2001-12-31,1,2026-09-15T16:28:02.595641+00:00
VALUE_ADDED_GROWTH_NUTS2,fry2:nuts2,2002,2026-09-15T16:28:02.595641+00:00,89.6,final,2002-01-01,2002-12-31,1,2026-09-15T16:28:02.595641+00:00
VALUE_ADDED_GROWTH_NUTS2,fry2:nuts2,2003,2026-09-15T16:28:02.595641+00:00,92.7,final,2003-01-01,2003-12-31,1,2026-09-15T16:28:02.595641+00:00
VALUE_ADDED_GROWTH_NUTS2,fry2:nuts2,2004,2026-09-15T16:28:02.595641+00:00,96.1,final,2004-01-01,2004-12-31,1,2026-09-15T16:28:02.595641+00:00
VALUE_ADDED_GROWTH_NUTS2,fry2:nuts2,2005,2026-09-15T16:28:02.595641+00:00,99.0,final,2005-01-01,2005-12-31,1,2026-09-15T16:28:02.595641+00:00
VALUE_ADDED_GROWTH_NUTS2,fry2:nuts2,2006,2026-09-15T16:28:02.595641+00:00,101.8,final,2006-01-01,2006-12-31,1,2026-09-15T16:28:02.595641+00:00
VALUE_ADDED_GROWTH_NUTS2,fry2:nuts2,2007,2026-09-15T16:28:02.595641+00:00,102.8,final,2007-01-01,2007-12-31,1,2026-09-15T16:28:02.595641+00:00
VALUE_ADDED_GROWTH_NUTS2,fry2:nuts2,2008,2026-09-15T16:28:02.595641+00:00,104.7,final,2008-01-01,2008-12-31,1,2026-09-15T16:28:02.595641+00:00
VALUE_ADDED_GROWTH_NUTS2,fry2:nuts2,2009,2026-09-15T16:28:02.595641+00:00,101.3,final,2009-01-01,2009-12-31,1,2026-09-15T16:28:02.595641+00:00
VALUE_ADDED_GROWTH_NUTS2,fry2:nuts2,2010,2026-09-15T16:28:02.595641+00:00,103.5,final,2010-01-01,2010-12-31,1,2026-09-15T16:28:02.595641+00:00
VALUE_ADDED_GROWTH_NUTS2,fry2:nuts2,2011,2026-09-15T16:28:02.595641+00:00,106.1,final,2011-01-01,2011-12-31,1,2026-09-15T16:28:02.595641+00:00
VALUE_ADDED_GROWTH_NUTS2,fry2:nuts2,2012,2026-09-15T16:28:02.595641+00:00,106.4,final,2012-01-01,2012-12-31,1,2026-09-15T16:28:02.595641+00:00
VALUE_ADDED_GROWTH_NUTS2,fry2:nuts2,2013,2026-09-15T16:28:02.595641+00:00,105.2,final,2013-01-01,2013-12-31,1,2026-09-15T16:28:02.595641+00:00
VALUE_ADDED_GROWTH_NUTS2,fry2:nuts2,2014,2026-09-15T16:28:02.595641+00:00,107.6,final,2014-01-01,2014-12-31,1,2026-09-15T16:28:02.595641+00:00
VALUE_ADDED_GROWTH_NUTS2,fry2:nuts2,2015,2026-09-15T16:28:02.595641+00:00,108.4,final,2015-01-01,2015-12-31,1,2026-09-15T16:28:02.595641+00:00
VALUE_ADDED_GROWTH_NUTS2,fry2:nuts2,2016,2026-09-15T16:28:02.595641+00:00,106.7,final,2016-01-01,2016-12-31,1,2026-09-15T16:28:02.595641+00:00
VALUE_ADDED_GROWTH_NUTS2,fry2:nuts2,2017,2026-09-15T16:28:02.595641+00:00,107.7,final,2017-01-01,2017-12-31,1,2026-09-15T16:28:02.595641+00:00
VALUE_ADDED_GROWTH_NUTS2,fry2:nuts2,2018,2026-09-15T16:28:02.595641+00:00,106.9,final,2018-01-01,2018-12-31,1,2026-09-15T16:28:02.595641+00:00
VALUE_ADDED_GROWTH_NUTS2,fry2:nuts2,2019,2026-09-15T16:28:02.595641+00:00,104.1,final,2019-01-01,2019-12-31,1,2026-09-15T16:28:02.595641+00:00
VALUE_ADDED_GROWTH_NUTS2,fry2:nuts2,2020,2026-09-15T16:28:02.595641+00:00,100.0,final,2020-01-01,2020-12-31,1,2026-09-15T16:28:02.595641+00:00
VALUE_ADDED_GROWTH_NUTS2,fry2:nuts2,2021,2026-09-15T16:28:02.595641+00:00,103.3,final,2021-01-01,2021-12-31,1,2026-09-15T16:28:02.595641+00:00
VALUE_ADDED_GROWTH_NUTS2,fry2:nuts2,2022,2026-09-15T16:28:02.595641+00:00,109.0,provisional,2022-01-01,2022-12-31,1,2026-09-15T16:28:02.595641+00:00
VALUE_ADDED_GROWTH_NUTS2,fry2:nuts2,2023,2026-09-15T16:28:02.595641+00:00,109.5,provisional,2023-01-01,2023-12-31,1,2026-09-15T16:28:02.595641+00:00
VALUE_ADDED_GROWTH_NUTS2,fry2:nuts2,2024,2026-09-15T16:28:02.595641+00:00,110.6,provisional,2024-01-01,2024-12-31,1,2026-09-15T16:28:02.595641+00:00
VALUE_ADDED_GROWTH_NUTS2,fry3:nuts2,2000,2026-09-15T16:28:02.595641+00:00,59.6,final,2000-01-01,2000-12-31,1,2026-09-15T16:28:02.595641+00:00
VALUE_ADDED_GROWTH_NUTS2,fry3:nuts2,2001,2026-09-15T16:28:02.595641+00:00,68.7,final,2001-01-01,2001-12-31,1,2026-09-15T16:28:02.595641+00:00
VALUE_ADDED_GROWTH_NUTS2,fry3:nuts2,2002,2026-09-15T16:28:02.595641+00:00,72.5,final,2002-01-01,2002-12-31,1,2026-09-15T16:28:02.595641+00:00
VALUE_ADDED_GROWTH_NUTS2,fry3:nuts2,2003,2026-09-15T16:28:02.595641+00:00,70.4,final,2003-01-01,2003-12-31,1,2026-09-15T16:28:02.595641+00:00
VALUE_ADDED_GROWTH_NUTS2,fry3:nuts2,2004,2026-09-15T16:28:02.595641+00:00,74.1,final,2004-01-01,2004-12-31,1,2026-09-15T16:28:02.595641+00:00
VALUE_ADDED_GROWTH_NUTS2,fry3:nuts2,2005,2026-09-15T16:28:02.595641+00:00,76.1,final,2005-01-01,2005-12-31,1,2026-09-15T16:28:02.595641+00:00
VALUE_ADDED_GROWTH_NUTS2,fry3:nuts2,2006,2026-09-15T16:28:02.595641+00:00,81.0,final,2006-01-01,2006-12-31,1,2026-09-15T16:28:02.595641+00:00
VALUE_ADDED_GROWTH_NUTS2,fry3:nuts2,2007,2026-09-15T16:28:02.595641+00:00,80.5,final,2007-01-01,2007-12-31,1,2026-09-15T16:28:02.595641+00:00
VALUE_ADDED_GROWTH_NUTS2,fry3:nuts2,2008,2026-09-15T16:28:02.595641+00:00,81.9,final,2008-01-01,2008-12-31,1,2026-09-15T16:28:02.595641+00:00
VALUE_ADDED_GROWTH_NUTS2,fry3:nuts2,2009,2026-09-15T16:28:02.595641+00:00,84.5,final,2009-01-01,2009-12-31,1,2026-09-15T16:28:02.595641+00:00
VALUE_ADDED_GROWTH_NUTS2,fry3:nuts2,2010,2026-09-15T16:28:02.595641+00:00,87.8,final,2010-01-01,2010-12-31,1,2026-09-15T16:28:02.595641+00:00
VALUE_ADDED_GROWTH_NUTS2,fry3:nuts2,2011,2026-09-15T16:28:02.595641+00:00,92.4,final,2011-01-01,2011-12-31,1,2026-09-15T16:28:02.595641+00:00
VALUE_ADDED_GROWTH_NUTS2,fry3:nuts2,2012,2026-09-15T16:28:02.595641+00:00,97.9,final,2012-01-01,2012-12-31,1,2026-09-15T16:28:02.595641+00:00
VALUE_ADDED_GROWTH_NUTS2,fry3:nuts2,2013,2026-09-15T16:28:02.595641+00:00,100.0,final,2013-01-01,2013-12-31,1,2026-09-15T16:28:02.595641+00:00
VALUE_ADDED_GROWTH_NUTS2,fry3:nuts2,2014,2026-09-15T16:28:02.595641+00:00,99.2,final,2014-01-01,2014-12-31,1,2026-09-15T16:28:02.595641+00:00
VALUE_ADDED_GROWTH_NUTS2,fry3:nuts2,2015,2026-09-15T16:28:02.595641+00:00,100.2,final,2015-01-01,2015-12-31,1,2026-09-15T16:28:02.595641+00:00
VALUE_ADDED_GROWTH_NUTS2,fry3:nuts2,2016,2026-09-15T16:28:02.595641+00:00,103.0,final,2016-01-01,2016-12-31,1,2026-09-15T16:28:02.595641+00:00
VALUE_ADDED_GROWTH_NUTS2,fry3:nuts2,2017,2026-09-15T16:28:02.595641+00:00,99.4,final,2017-01-01,2017-12-31,1,2026-09-15T16:28:02.595641+00:00
VALUE_ADDED_GROWTH_NUTS2,fry3:nuts2,2018,2026-09-15T16:28:02.595641+00:00,98.0,final,2018-01-01,2018-12-31,1,2026-09-15T16:28:02.595641+00:00
VALUE_ADDED_GROWTH_NUTS2,fry3:nuts2,2019,2026-09-15T16:28:02.595641+00:00,102.9,final,2019-01-01,2019-12-31,1,2026-09-15T16:28:02.595641+00:00
VALUE_ADDED_GROWTH_NUTS2,fry3:nuts2,2020,2026-09-15T16:28:02.595641+00:00,100.0,final,2020-01-01,2020-12-31,1,2026-09-15T16:28:02.595641+00:00
VALUE_ADDED_GROWTH_NUTS2,fry3:nuts2,2021,2026-09-15T16:28:02.595641+00:00,104.1,final,2021-01-01,2021-12-31,1,2026-09-15T16:28:02.595641+00:00
VALUE_ADDED_GROWTH_NUTS2,fry3:nuts2,2022,2026-09-15T16:28:02.595641+00:00,104.7,provisional,2022-01-01,2022-12-31,1,2026-09-15T16:28:02.595641+00:00
VALUE_ADDED_GROWTH_NUTS2,fry3:nuts2,2023,2026-09-15T16:28:02.595641+00:00,101.6,provisional,2023-01-01,2023-12-31,1,2026-09-15T16:28:02.595641+00:00
VALUE_ADDED_GROWTH_NUTS2,fry3:nuts2,2024,2026-09-15T16:28:02.595641+00:00,100.5,provisional,2024-01-01,2024-12-31,1,2026-09-15T16:28:02.595641+00:00
VALUE_ADDED_GROWTH_NUTS2,fry4:nuts2,2000,2026-09-15T16:28:02.595641+00:00,67.7,final,2000-01-01,2000-12-31,1,2026-09-15T16:28:02.595641+00:00
VALUE_ADDED_GROWTH_NUTS2,fry4:nuts2,2001,2026-09-15T16:28:02.595641+00:00,71.1,final,2001-01-01,2001-12-31,1,2026-09-15T16:28:02.595641+00:00
VALUE_ADDED_GROWTH_NUTS2,fry4:nuts2,2002,2026-09-15T16:28:02.595641+00:00,74.0,final,2002-01-01,2002-12-31,1,2026-09-15T16:28:02.595641+00:00
VALUE_ADDED_GROWTH_NUTS2,fry4:nuts2,2003,2026-09-15T16:28:02.595641+00:00,77.1,final,2003-01-01,2003-12-31,1,2026-09-15T16:28:02.595641+00:00
VALUE_ADDED_GROWTH_NUTS2,fry4:nuts2,2004,2026-09-15T16:28:02.595641+00:00,81.1,final,2004-01-01,2004-12-31,1,2026-09-15T16:28:02.595641+00:00
VALUE_ADDED_GROWTH_NUTS2,fry4:nuts2,2005,2026-09-15T16:28:02.595641+00:00,84.0,final,2005-01-01,2005-12-31,1,2026-09-15T16:28:02.595641+00:00
VALUE_ADDED_GROWTH_NUTS2,fry4:nuts2,2006,2026-09-15T16:28:02.595641+00:00,87.6,final,2006-01-01,2006-12-31,1,2026-09-15T16:28:02.595641+00:00
VALUE_ADDED_GROWTH_NUTS2,fry4:nuts2,2007,2026-09-15T16:28:02.595641+00:00,91.4,final,2007-01-01,2007-12-31,1,2026-09-15T16:28:02.595641+00:00
VALUE_ADDED_GROWTH_NUTS2,fry4:nuts2,2008,2026-09-15T16:28:02.595641+00:00,91.8,final,2008-01-01,2008-12-31,1,2026-09-15T16:28:02.595641+00:00
VALUE_ADDED_GROWTH_NUTS2,fry4:nuts2,2009,2026-09-15T16:28:02.595641+00:00,88.7,final,2009-01-01,2009-12-31,1,2026-09-15T16:28:02.595641+00:00
VALUE_ADDED_GROWTH_NUTS2,fry4:nuts2,2010,2026-09-15T16:28:02.595641+00:00,86.8,final,2010-01-01,2010-12-31,1,2026-09-15T16:28:02.595641+00:00
VALUE_ADDED_GROWTH_NUTS2,fry4:nuts2,2011,2026-09-15T16:28:02.595641+00:00,89.1,final,2011-01-01,2011-12-31,1,2026-09-15T16:28:02.595641+00:00
VALUE_ADDED_GROWTH_NUTS2,fry4:nuts2,2012,2026-09-15T16:28:02.595641+00:00,89.3,final,2012-01-01,2012-12-31,1,2026-09-15T16:28:02.595641+00:00
VALUE_ADDED_GROWTH_NUTS2,fry4:nuts2,2013,2026-09-15T16:28:02.595641+00:00,90.4,final,2013-01-01,2013-12-31,1,2026-09-15T16:28:02.595641+00:00
VALUE_ADDED_GROWTH_NUTS2,fry4:nuts2,2014,2026-09-15T16:28:02.595641+00:00,92.7,final,2014-01-01,2014-12-31,1,2026-09-15T16:28:02.595641+00:00
VALUE_ADDED_GROWTH_NUTS2,fry4:nuts2,2015,2026-09-15T16:28:02.595641+00:00,95.2,final,2015-01-01,2015-12-31,1,2026-09-15T16:28:02.595641+00:00
VALUE_ADDED_GROWTH_NUTS2,fry4:nuts2,2016,2026-09-15T16:28:02.595641+00:00,97.5,final,2016-01-01,2016-12-31,1,2026-09-15T16:28:02.595641+00:00
VALUE_ADDED_GROWTH_NUTS2,fry4:nuts2,2017,2026-09-15T16:28:02.595641+00:00,99.9,final,2017-01-01,2017-12-31,1,2026-09-15T16:28:02.595641+00:00
VALUE_ADDED_GROWTH_NUTS2,fry4:nuts2,2018,2026-09-15T16:28:02.595641+00:00,100.8,final,2018-01-01,2018-12-31,1,2026-09-15T16:28:02.595641+00:00
VALUE_ADDED_GROWTH_NUTS2,fry4:nuts2,2019,2026-09-15T16:28:02.595641+00:00,103.3,final,2019-01-01,2019-12-31,1,2026-09-15T16:28:02.595641+00:00
VALUE_ADDED_GROWTH_NUTS2,fry4:nuts2,2020,2026-09-15T16:28:02.595641+00:00,100.0,final,2020-01-01,2020-12-31,1,2026-09-15T16:28:02.595641+00:00
VALUE_ADDED_GROWTH_NUTS2,fry4:nuts2,2021,2026-09-15T16:28:02.595641+00:00,108.2,final,2021-01-01,2021-12-31,1,2026-09-15T16:28:02.595641+00:00
VALUE_ADDED_GROWTH_NUTS2,fry4:nuts2,2022,2026-09-15T16:28:02.595641+00:00,111.1,provisional,2022-01-01,2022-12-31,1,2026-09-15T16:28:02.595641+00:00
VALUE_ADDED_GROWTH_NUTS2,fry4:nuts2,2023,2026-09-15T16:28:02.595641+00:00,112.9,provisional,2023-01-01,2023-12-31,1,2026-09-15T16:28:02.595641+00:00
VALUE_ADDED_GROWTH_NUTS2,fry4:nuts2,2024,2026-09-15T16:28:02.595641+00:00,113.4,provisional,2024-01-01,2024-12-31,1,2026-09-15T16:28:02.595641+00:00
VALUE_ADDED_GROWTH_NUTS2,fry5:nuts2,2000,2026-09-15T16:28:02.595641+00:00,9.3,final,2000-01-01,2000-12-31,1,2026-09-15T16:28:02.595641+00:00
VALUE_ADDED_GROWTH_NUTS2,fry5:nuts2,2001,2026-09-15T16:28:02.595641+00:00,8.4,final,2001-01-01,2001-12-31,1,2026-09-15T16:28:02.595641+00:00
VALUE_ADDED_GROWTH_NUTS2,fry5:nuts2,2002,2026-09-15T16:28:02.595641+00:00,9.3,final,2002-01-01,2002-12-31,1,2026-09-15T16:28:02.595641+00:00
VALUE_ADDED_GROWTH_NUTS2,fry5:nuts2,2003,2026-09-15T16:28:02.595641+00:00,11.1,final,2003-01-01,2003-12-31,1,2026-09-15T16:28:02.595641+00:00
VALUE_ADDED_GROWTH_NUTS2,fry5:nuts2,2004,2026-09-15T16:28:02.595641+00:00,13.3,final,2004-01-01,2004-12-31,1,2026-09-15T16:28:02.595641+00:00
VALUE_ADDED_GROWTH_NUTS2,fry5:nuts2,2005,2026-09-15T16:28:02.595641+00:00,15.7,final,2005-01-01,2005-12-31,1,2026-09-15T16:28:02.595641+00:00
VALUE_ADDED_GROWTH_NUTS2,fry5:nuts2,2006,2026-09-15T16:28:02.595641+00:00,19.0,final,2006-01-01,2006-12-31,1,2026-09-15T16:28:02.595641+00:00
VALUE_ADDED_GROWTH_NUTS2,fry5:nuts2,2007,2026-09-15T16:28:02.595641+00:00,24.5,final,2007-01-01,2007-12-31,1,2026-09-15T16:28:02.595641+00:00
VALUE_ADDED_GROWTH_NUTS2,fry5:nuts2,2008,2026-09-15T16:28:02.595641+00:00,29.1,final,2008-01-01,2008-12-31,1,2026-09-15T16:28:02.595641+00:00
VALUE_ADDED_GROWTH_NUTS2,fry5:nuts2,2009,2026-09-15T16:28:02.595641+00:00,30.2,final,2009-01-01,2009-12-31,1,2026-09-15T16:28:02.595641+00:00
VALUE_ADDED_GROWTH_NUTS2,fry5:nuts2,2010,2026-09-15T16:28:02.595641+00:00,34.4,final,2010-01-01,2010-12-31,1,2026-09-15T16:28:02.595641+00:00
VALUE_ADDED_GROWTH_NUTS2,fry5:nuts2,2011,2026-09-15T16:28:02.595641+00:00,37.3,final,2011-01-01,2011-12-31,1,2026-09-15T16:28:02.595641+00:00
VALUE_ADDED_GROWTH_NUTS2,fry5:nuts2,2012,2026-09-15T16:28:02.595641+00:00,41.7,final,2012-01-01,2012-12-31,1,2026-09-15T16:28:02.595641+00:00
VALUE_ADDED_GROWTH_NUTS2,fry5:nuts2,2013,2026-09-15T16:28:02.595641+00:00,47.4,final,2013-01-01,2013-12-31,1,2026-09-15T16:28:02.595641+00:00
VALUE_ADDED_GROWTH_NUTS2,fry5:nuts2,2014,2026-09-15T16:28:02.595641+00:00,54.9,final,2014-01-01,2014-12-31,1,2026-09-15T16:28:02.595641+00:00
VALUE_ADDED_GROWTH_NUTS2,fry5:nuts2,2015,2026-09-15T16:28:02.595641+00:00,65.9,final,2015-01-01,2015-12-31,1,2026-09-15T16:28:02.595641+00:00
VALUE_ADDED_GROWTH_NUTS2,fry5:nuts2,2016,2026-09-15T16:28:02.595641+00:00,74.9,final,2016-01-01,2016-12-31,1,2026-09-15T16:28:02.595641+00:00
VALUE_ADDED_GROWTH_NUTS2,fry5:nuts2,2017,2026-09-15T16:28:02.595641+00:00,87.5,final,2017-01-01,2017-12-31,1,2026-09-15T16:28:02.595641+00:00
VALUE_ADDED_GROWTH_NUTS2,fry5:nuts2,2018,2026-09-15T16:28:02.595641+00:00,88.4,final,2018-01-01,2018-12-31,1,2026-09-15T16:28:02.595641+00:00
VALUE_ADDED_GROWTH_NUTS2,fry5:nuts2,2019,2026-09-15T16:28:02.595641+00:00,96.7,final,2019-01-01,2019-12-31,1,2026-09-15T16:28:02.595641+00:00
VALUE_ADDED_GROWTH_NUTS2,fry5:nuts2,2020,2026-09-15T16:28:02.595641+00:00,100.0,final,2020-01-01,2020-12-31,1,2026-09-15T16:28:02.595641+00:00
VALUE_ADDED_GROWTH_NUTS2,fry5:nuts2,2021,2026-09-15T16:28:02.595641+00:00,110.4,final,2021-01-01,2021-12-31,1,2026-09-15T16:28:02.595641+00:00
VALUE_ADDED_GROWTH_NUTS2,fry5:nuts2,2022,2026-09-15T16:28:02.595641+00:00,113.7,provisional,2022-01-01,2022-12-31,1,2026-09-15T16:28:02.595641+00:00
VALUE_ADDED_GROWTH_NUTS2,fry5:nuts2,2023,2026-09-15T16:28:02.595641+00:00,120.2,provisional,2023-01-01,2023-12-31,1,2026-09-15T16:28:02.595641+00:00
VALUE_ADDED_GROWTH_NUTS2,fry5:nuts2,2024,2026-09-15T16:28:02.595641+00:00,127.7,provisional,2024-01-01,2024-12-31,1,2026-09-15T16:28:02.595641+00:00
VALUE_ADDED_GROWTH_NUTS2,hr02:nuts2,2000,2026-09-15T16:28:02.595641+00:00,91.7,final,2000-01-01,2000-12-31,1,2026-09-15T16:28:02.595641+00:00
VALUE_ADDED_GROWTH_NUTS2,hr02:nuts2,2001,2026-09-15T16:28:02.595641+00:00,94.9,final,2001-01-01,2001-12-31,1,2026-09-15T16:28:02.595641+00:00
VALUE_ADDED_GROWTH_NUTS2,hr02:nuts2,2002,2026-09-15T16:28:02.595641+00:00,99.0,final,2002-01-01,2002-12-31,1,2026-09-15T16:28:02.595641+00:00
VALUE_ADDED_GROWTH_NUTS2,hr02:nuts2,2003,2026-09-15T16:28:02.595641+00:00,100.7,final,2003-01-01,2003-12-31,1,2026-09-15T16:28:02.595641+00:00
VALUE_ADDED_GROWTH_NUTS2,hr02:nuts2,2004,2026-09-15T16:28:02.595641+00:00,103.3,final,2004-01-01,2004-12-31,1,2026-09-15T16:28:02.595641+00:00
VALUE_ADDED_GROWTH_NUTS2,hr02:nuts2,2005,2026-09-15T16:28:02.595641+00:00,105.4,final,2005-01-01,2005-12-31,1,2026-09-15T16:28:02.595641+00:00
VALUE_ADDED_GROWTH_NUTS2,hr02:nuts2,2006,2026-09-15T16:28:02.595641+00:00,113.6,final,2006-01-01,2006-12-31,1,2026-09-15T16:28:02.595641+00:00
VALUE_ADDED_GROWTH_NUTS2,hr02:nuts2,2007,2026-09-15T16:28:02.595641+00:00,115.7,final,2007-01-01,2007-12-31,1,2026-09-15T16:28:02.595641+00:00
VALUE_ADDED_GROWTH_NUTS2,hr02:nuts2,2008,2026-09-15T16:28:02.595641+00:00,119.8,final,2008-01-01,2008-12-31,1,2026-09-15T16:28:02.595641+00:00
VALUE_ADDED_GROWTH_NUTS2,hr02:nuts2,2009,2026-09-15T16:28:02.595641+00:00,112.3,final,2009-01-01,2009-12-31,1,2026-09-15T16:28:02.595641+00:00
VALUE_ADDED_GROWTH_NUTS2,hr02:nuts2,2010,2026-09-15T16:28:02.595641+00:00,105.0,final,2010-01-01,2010-12-31,1,2026-09-15T16:28:02.595641+00:00
VALUE_ADDED_GROWTH_NUTS2,hr02:nuts2,2011,2026-09-15T16:28:02.595641+00:00,105.1,final,2011-01-01,2011-12-31,1,2026-09-15T16:28:02.595641+00:00
VALUE_ADDED_GROWTH_NUTS2,hr02:nuts2,2012,2026-09-15T16:28:02.595641+00:00,99.6,final,2012-01-01,2012-12-31,1,2026-09-15T16:28:02.595641+00:00
VALUE_ADDED_GROWTH_NUTS2,hr02:nuts2,2013,2026-09-15T16:28:02.595641+00:00,98.3,final,2013-01-01,2013-12-31,1,2026-09-15T16:28:02.595641+00:00
VALUE_ADDED_GROWTH_NUTS2,hr02:nuts2,2014,2026-09-15T16:28:02.595641+00:00,94.8,final,2014-01-01,2014-12-31,1,2026-09-15T16:28:02.595641+00:00
VALUE_ADDED_GROWTH_NUTS2,hr02:nuts2,2015,2026-09-15T16:28:02.595641+00:00,97.0,final,2015-01-01,2015-12-31,1,2026-09-15T16:28:02.595641+00:00
VALUE_ADDED_GROWTH_NUTS2,hr02:nuts2,2016,2026-09-15T16:28:02.595641+00:00,99.4,final,2016-01-01,2016-12-31,1,2026-09-15T16:28:02.595641+00:00
VALUE_ADDED_GROWTH_NUTS2,hr02:nuts2,2017,2026-09-15T16:28:02.595641+00:00,99.5,final,2017-01-01,2017-12-31,1,2026-09-15T16:28:02.595641+00:00
VALUE_ADDED_GROWTH_NUTS2,hr02:nuts2,2018,2026-09-15T16:28:02.595641+00:00,100.8,final,2018-01-01,2018-12-31,1,2026-09-15T16:28:02.595641+00:00
VALUE_ADDED_GROWTH_NUTS2,hr02:nuts2,2019,2026-09-15T16:28:02.595641+00:00,104.0,final,2019-01-01,2019-12-31,1,2026-09-15T16:28:02.595641+00:00
VALUE_ADDED_GROWTH_NUTS2,hr02:nuts2,2020,2026-09-15T16:28:02.595641+00:00,100.0,final,2020-01-01,2020-12-31,1,2026-09-15T16:28:02.595641+00:00
VALUE_ADDED_GROWTH_NUTS2,hr02:nuts2,2021,2026-09-15T16:28:02.595641+00:00,110.2,final,2021-01-01,2021-12-31,1,2026-09-15T16:28:02.595641+00:00
VALUE_ADDED_GROWTH_NUTS2,hr02:nuts2,2022,2026-09-15T16:28:02.595641+00:00,116.6,final,2022-01-01,2022-12-31,1,2026-09-15T16:28:02.595641+00:00
VALUE_ADDED_GROWTH_NUTS2,hr02:nuts2,2023,2026-09-15T16:28:02.595641+00:00,117.5,final,2023-01-01,2023-12-31,1,2026-09-15T16:28:02.595641+00:00
VALUE_ADDED_GROWTH_NUTS2,hr02:nuts2,2024,2026-09-15T16:28:02.595641+00:00,120.2,provisional,2024-01-01,2024-12-31,1,2026-09-15T16:28:02.595641+00:00
VALUE_ADDED_GROWTH_NUTS2,hr03:nuts2,2000,2026-09-15T16:28:02.595641+00:00,81.8,final,2000-01-01,2000-12-31,1,2026-09-15T16:28:02.595641+00:00
VALUE_ADDED_GROWTH_NUTS2,hr03:nuts2,2001,2026-09-15T16:28:02.595641+00:00,83.7,final,2001-01-01,2001-12-31,1,2026-09-15T16:28:02.595641+00:00
VALUE_ADDED_GROWTH_NUTS2,hr03:nuts2,2002,2026-09-15T16:28:02.595641+00:00,87.1,final,2002-01-01,2002-12-31,1,2026-09-15T16:28:02.595641+00:00
VALUE_ADDED_GROWTH_NUTS2,hr03:nuts2,2003,2026-09-15T16:28:02.595641+00:00,94.9,final,2003-01-01,2003-12-31,1,2026-09-15T16:28:02.595641+00:00
VALUE_ADDED_GROWTH_NUTS2,hr03:nuts2,2004,2026-09-15T16:28:02.595641+00:00,100.8,final,2004-01-01,2004-12-31,1,2026-09-15T16:28:02.595641+00:00
VALUE_ADDED_GROWTH_NUTS2,hr03:nuts2,2005,2026-09-15T16:28:02.595641+00:00,103.9,final,2005-01-01,2005-12-31,1,2026-09-15T16:28:02.595641+00:00
VALUE_ADDED_GROWTH_NUTS2,hr03:nuts2,2006,2026-09-15T16:28:02.595641+00:00,108.0,final,2006-01-01,2006-12-31,1,2026-09-15T16:28:02.595641+00:00
VALUE_ADDED_GROWTH_NUTS2,hr03:nuts2,2007,2026-09-15T16:28:02.595641+00:00,114.8,final,2007-01-01,2007-12-31,1,2026-09-15T16:28:02.595641+00:00
VALUE_ADDED_GROWTH_NUTS2,hr03:nuts2,2008,2026-09-15T16:28:02.595641+00:00,115.9,final,2008-01-01,2008-12-31,1,2026-09-15T16:28:02.595641+00:00
VALUE_ADDED_GROWTH_NUTS2,hr03:nuts2,2009,2026-09-15T16:28:02.595641+00:00,108.8,final,2009-01-01,2009-12-31,1,2026-09-15T16:28:02.595641+00:00
VALUE_ADDED_GROWTH_NUTS2,hr03:nuts2,2010,2026-09-15T16:28:02.595641+00:00,105.3,final,2010-01-01,2010-12-31,1,2026-09-15T16:28:02.595641+00:00
VALUE_ADDED_GROWTH_NUTS2,hr03:nuts2,2011,2026-09-15T16:28:02.595641+00:00,104.6,final,2011-01-01,2011-12-31,1,2026-09-15T16:28:02.595641+00:00
VALUE_ADDED_GROWTH_NUTS2,hr03:nuts2,2012,2026-09-15T16:28:02.595641+00:00,101.4,final,2012-01-01,2012-12-31,1,2026-09-15T16:28:02.595641+00:00
VALUE_ADDED_GROWTH_NUTS2,hr03:nuts2,2013,2026-09-15T16:28:02.595641+00:00,101.2,final,2013-01-01,2013-12-31,1,2026-09-15T16:28:02.595641+00:00
VALUE_ADDED_GROWTH_NUTS2,hr03:nuts2,2014,2026-09-15T16:28:02.595641+00:00,101.9,final,2014-01-01,2014-12-31,1,2026-09-15T16:28:02.595641+00:00
VALUE_ADDED_GROWTH_NUTS2,hr03:nuts2,2015,2026-09-15T16:28:02.595641+00:00,103.9,final,2015-01-01,2015-12-31,1,2026-09-15T16:28:02.595641+00:00
VALUE_ADDED_GROWTH_NUTS2,hr03:nuts2,2016,2026-09-15T16:28:02.595641+00:00,107.9,final,2016-01-01,2016-12-31,1,2026-09-15T16:28:02.595641+00:00
VALUE_ADDED_GROWTH_NUTS2,hr03:nuts2,2017,2026-09-15T16:28:02.595641+00:00,111.5,final,2017-01-01,2017-12-31,1,2026-09-15T16:28:02.595641+00:00
VALUE_ADDED_GROWTH_NUTS2,hr03:nuts2,2018,2026-09-15T16:28:02.595641+00:00,112.9,final,2018-01-01,2018-12-31,1,2026-09-15T16:28:02.595641+00:00
VALUE_ADDED_GROWTH_NUTS2,hr03:nuts2,2019,2026-09-15T16:28:02.595641+00:00,114.7,final,2019-01-01,2019-12-31,1,2026-09-15T16:28:02.595641+00:00
VALUE_ADDED_GROWTH_NUTS2,hr03:nuts2,2020,2026-09-15T16:28:02.595641+00:00,100.0,final,2020-01-01,2020-12-31,1,2026-09-15T16:28:02.595641+00:00
VALUE_ADDED_GROWTH_NUTS2,hr03:nuts2,2021,2026-09-15T16:28:02.595641+00:00,116.1,final,2021-01-01,2021-12-31,1,2026-09-15T16:28:02.595641+00:00
VALUE_ADDED_GROWTH_NUTS2,hr03:nuts2,2022,2026-09-15T16:28:02.595641+00:00,130.6,final,2022-01-01,2022-12-31,1,2026-09-15T16:28:02.595641+00:00
VALUE_ADDED_GROWTH_NUTS2,hr03:nuts2,2023,2026-09-15T16:28:02.595641+00:00,132.9,final,2023-01-01,2023-12-31,1,2026-09-15T16:28:02.595641+00:00
VALUE_ADDED_GROWTH_NUTS2,hr03:nuts2,2024,2026-09-15T16:28:02.595641+00:00,138.6,provisional,2024-01-01,2024-12-31,1,2026-09-15T16:28:02.595641+00:00
VALUE_ADDED_GROWTH_NUTS2,hr05:nuts2,2000,2026-09-15T16:28:02.595641+00:00,62.2,final,2000-01-01,2000-12-31,1,2026-09-15T16:28:02.595641+00:00
VALUE_ADDED_GROWTH_NUTS2,hr05:nuts2,2001,2026-09-15T16:28:02.595641+00:00,66.2,final,2001-01-01,2001-12-31,1,2026-09-15T16:28:02.595641+00:00
VALUE_ADDED_GROWTH_NUTS2,hr05:nuts2,2002,2026-09-15T16:28:02.595641+00:00,69.7,final,2002-01-01,2002-12-31,1,2026-09-15T16:28:02.595641+00:00
VALUE_ADDED_GROWTH_NUTS2,hr05:nuts2,2003,2026-09-15T16:28:02.595641+00:00,75.2,final,2003-01-01,2003-12-31,1,2026-09-15T16:28:02.595641+00:00
VALUE_ADDED_GROWTH_NUTS2,hr05:nuts2,2004,2026-09-15T16:28:02.595641+00:00,79.1,final,2004-01-01,2004-12-31,1,2026-09-15T16:28:02.595641+00:00
VALUE_ADDED_GROWTH_NUTS2,hr05:nuts2,2005,2026-09-15T16:28:02.595641+00:00,84.2,final,2005-01-01,2005-12-31,1,2026-09-15T16:28:02.595641+00:00
VALUE_ADDED_GROWTH_NUTS2,hr05:nuts2,2006,2026-09-15T16:28:02.595641+00:00,87.9,final,2006-01-01,2006-12-31,1,2026-09-15T16:28:02.595641+00:00
VALUE_ADDED_GROWTH_NUTS2,hr05:nuts2,2007,2026-09-15T16:28:02.595641+00:00,92.4,final,2007-01-01,2007-12-31,1,2026-09-15T16:28:02.595641+00:00
VALUE_ADDED_GROWTH_NUTS2,hr05:nuts2,2008,2026-09-15T16:28:02.595641+00:00,94.3,final,2008-01-01,2008-12-31,1,2026-09-15T16:28:02.595641+00:00
VALUE_ADDED_GROWTH_NUTS2,hr05:nuts2,2009,2026-09-15T16:28:02.595641+00:00,89.5,final,2009-01-01,2009-12-31,1,2026-09-15T16:28:02.595641+00:00
VALUE_ADDED_GROWTH_NUTS2,hr05:nuts2,2010,2026-09-15T16:28:02.595641+00:00,94.0,final,2010-01-01,2010-12-31,1,2026-09-15T16:28:02.595641+00:00
VALUE_ADDED_GROWTH_NUTS2,hr05:nuts2,2011,2026-09-15T16:28:02.595641+00:00,94.5,final,2011-01-01,2011-12-31,1,2026-09-15T16:28:02.595641+00:00
VALUE_ADDED_GROWTH_NUTS2,hr05:nuts2,2012,2026-09-15T16:28:02.595641+00:00,92.2,final,2012-01-01,2012-12-31,1,2026-09-15T16:28:02.595641+00:00
VALUE_ADDED_GROWTH_NUTS2,hr05:nuts2,2013,2026-09-15T16:28:02.595641+00:00,90.5,final,2013-01-01,2013-12-31,1,2026-09-15T16:28:02.595641+00:00
VALUE_ADDED_GROWTH_NUTS2,hr05:nuts2,2014,2026-09-15T16:28:02.595641+00:00,90.5,final,2014-01-01,2014-12-31,1,2026-09-15T16:28:02.595641+00:00
VALUE_ADDED_GROWTH_NUTS2,hr05:nuts2,2015,2026-09-15T16:28:02.595641+00:00,92.7,final,2015-01-01,2015-12-31,1,2026-09-15T16:28:02.595641+00:00
VALUE_ADDED_GROWTH_NUTS2,hr05:nuts2,2016,2026-09-15T16:28:02.595641+00:00,95.8,final,2016-01-01,2016-12-31,1,2026-09-15T16:28:02.595641+00:00
VALUE_ADDED_GROWTH_NUTS2,hr05:nuts2,2017,2026-09-15T16:28:02.595641+00:00,98.8,final,2017-01-01,2017-12-31,1,2026-09-15T16:28:02.595641+00:00
VALUE_ADDED_GROWTH_NUTS2,hr05:nuts2,2018,2026-09-15T16:28:02.595641+00:00,102.4,final,2018-01-01,2018-12-31,1,2026-09-15T16:28:02.595641+00:00
VALUE_ADDED_GROWTH_NUTS2,hr05:nuts2,2019,2026-09-15T16:28:02.595641+00:00,106.5,final,2019-01-01,2019-12-31,1,2026-09-15T16:28:02.595641+00:00
VALUE_ADDED_GROWTH_NUTS2,hr05:nuts2,2020,2026-09-15T16:28:02.595641+00:00,100.0,final,2020-01-01,2020-12-31,1,2026-09-15T16:28:02.595641+00:00
VALUE_ADDED_GROWTH_NUTS2,hr05:nuts2,2021,2026-09-15T16:28:02.595641+00:00,109.6,final,2021-01-01,2021-12-31,1,2026-09-15T16:28:02.595641+00:00
VALUE_ADDED_GROWTH_NUTS2,hr05:nuts2,2022,2026-09-15T16:28:02.595641+00:00,116.0,final,2022-01-01,2022-12-31,1,2026-09-15T16:28:02.595641+00:00
VALUE_ADDED_GROWTH_NUTS2,hr05:nuts2,2023,2026-09-15T16:28:02.595641+00:00,123.4,final,2023-01-01,2023-12-31,1,2026-09-15T16:28:02.595641+00:00
VALUE_ADDED_GROWTH_NUTS2,hr05:nuts2,2024,2026-09-15T16:28:02.595641+00:00,127.7,provisional,2024-01-01,2024-12-31,1,2026-09-15T16:28:02.595641+00:00
VALUE_ADDED_GROWTH_NUTS2,hr06:nuts2,2000,2026-09-15T16:28:02.595641+00:00,72.1,final,2000-01-01,2000-12-31,1,2026-09-15T16:28:02.595641+00:00
VALUE_ADDED_GROWTH_NUTS2,hr06:nuts2,2001,2026-09-15T16:28:02.595641+00:00,72.8,final,2001-01-01,2001-12-31,1,2026-09-15T16:28:02.595641+00:00
VALUE_ADDED_GROWTH_NUTS2,hr06:nuts2,2002,2026-09-15T16:28:02.595641+00:00,79.4,final,2002-01-01,2002-12-31,1,2026-09-15T16:28:02.595641+00:00
VALUE_ADDED_GROWTH_NUTS2,hr06:nuts2,2003,2026-09-15T16:28:02.595641+00:00,81.3,final,2003-01-01,2003-12-31,1,2026-09-15T16:28:02.595641+00:00
VALUE_ADDED_GROWTH_NUTS2,hr06:nuts2,2004,2026-09-15T16:28:02.595641+00:00,82.0,final,2004-01-01,2004-12-31,1,2026-09-15T16:28:02.595641+00:00
VALUE_ADDED_GROWTH_NUTS2,hr06:nuts2,2005,2026-09-15T16:28:02.595641+00:00,86.2,final,2005-01-01,2005-12-31,1,2026-09-15T16:28:02.595641+00:00
VALUE_ADDED_GROWTH_NUTS2,hr06:nuts2,2006,2026-09-15T16:28:02.595641+00:00,88.7,final,2006-01-01,2006-12-31,1,2026-09-15T16:28:02.595641+00:00
VALUE_ADDED_GROWTH_NUTS2,hr06:nuts2,2007,2026-09-15T16:28:02.595641+00:00,93.8,final,2007-01-01,2007-12-31,1,2026-09-15T16:28:02.595641+00:00
VALUE_ADDED_GROWTH_NUTS2,hr06:nuts2,2008,2026-09-15T16:28:02.595641+00:00,95.7,final,2008-01-01,2008-12-31,1,2026-09-15T16:28:02.595641+00:00
VALUE_ADDED_GROWTH_NUTS2,hr06:nuts2,2009,2026-09-15T16:28:02.595641+00:00,90.8,final,2009-01-01,2009-12-31,1,2026-09-15T16:28:02.595641+00:00
VALUE_ADDED_GROWTH_NUTS2,hr06:nuts2,2010,2026-09-15T16:28:02.595641+00:00,84.3,final,2010-01-01,2010-12-31,1,2026-09-15T16:28:02.595641+00:00
VALUE_ADDED_GROWTH_NUTS2,hr06:nuts2,2011,2026-09-15T16:28:02.595641+00:00,85.6,final,2011-01-01,2011-12-31,1,2026-09-15T16:28:02.595641+00:00
VALUE_ADDED_GROWTH_NUTS2,hr06:nuts2,2012,2026-09-15T16:28:02.595641+00:00,82.8,final,2012-01-01,2012-12-31,1,2026-09-15T16:28:02.595641+00:00
VALUE_ADDED_GROWTH_NUTS2,hr06:nuts2,2013,2026-09-15T16:28:02.595641+00:00,85.4,final,2013-01-01,2013-12-31,1,2026-09-15T16:28:02.595641+00:00
VALUE_ADDED_GROWTH_NUTS2,hr06:nuts2,2014,2026-09-15T16:28:02.595641+00:00,84.3,final,2014-01-01,2014-12-31,1,2026-09-15T16:28:02.595641+00:00
VALUE_ADDED_GROWTH_NUTS2,hr06:nuts2,2015,2026-09-15T16:28:02.595641+00:00,86.4,final,2015-01-01,2015-12-31,1,2026-09-15T16:28:02.595641+00:00
VALUE_ADDED_GROWTH_NUTS2,hr06:nuts2,2016,2026-09-15T16:28:02.595641+00:00,90.2,final,2016-01-01,2016-12-31,1,2026-09-15T16:28:02.595641+00:00
VALUE_ADDED_GROWTH_NUTS2,hr06:nuts2,2017,2026-09-15T16:28:02.595641+00:00,94.0,final,2017-01-01,2017-12-31,1,2026-09-15T16:28:02.595641+00:00
VALUE_ADDED_GROWTH_NUTS2,hr06:nuts2,2018,2026-09-15T16:28:02.595641+00:00,97.7,final,2018-01-01,2018-12-31,1,2026-09-15T16:28:02.595641+00:00
VALUE_ADDED_GROWTH_NUTS2,hr06:nuts2,2019,2026-09-15T16:28:02.595641+00:00,102.4,final,2019-01-01,2019-12-31,1,2026-09-15T16:28:02.595641+00:00
VALUE_ADDED_GROWTH_NUTS2,hr06:nuts2,2020,2026-09-15T16:28:02.595641+00:00,100.0,final,2020-01-01,2020-12-31,1,2026-09-15T16:28:02.595641+00:00
VALUE_ADDED_GROWTH_NUTS2,hr06:nuts2,2021,2026-09-15T16:28:02.595641+00:00,109.8,final,2021-01-01,2021-12-31,1,2026-09-15T16:28:02.595641+00:00
VALUE_ADDED_GROWTH_NUTS2,hr06:nuts2,2022,2026-09-15T16:28:02.595641+00:00,119.4,final,2022-01-01,2022-12-31,1,2026-09-15T16:28:02.595641+00:00
VALUE_ADDED_GROWTH_NUTS2,hr06:nuts2,2023,2026-09-15T16:28:02.595641+00:00,128.0,final,2023-01-01,2023-12-31,1,2026-09-15T16:28:02.595641+00:00
VALUE_ADDED_GROWTH_NUTS2,hr06:nuts2,2024,2026-09-15T16:28:02.595641+00:00,130.2,provisional,2024-01-01,2024-12-31,1,2026-09-15T16:28:02.595641+00:00
VALUE_ADDED_GROWTH_NUTS2,hu11:nuts2,2000,2026-09-15T16:28:02.595641+00:00,60.1,final,2000-01-01,2000-12-31,1,2026-09-15T16:28:02.595641+00:00
VALUE_ADDED_GROWTH_NUTS2,hu11:nuts2,2001,2026-09-15T16:28:02.595641+00:00,61.8,final,2001-01-01,2001-12-31,1,2026-09-15T16:28:02.595641+00:00
VALUE_ADDED_GROWTH_NUTS2,hu11:nuts2,2002,2026-09-15T16:28:02.595641+00:00,66.9,final,2002-01-01,2002-12-31,1,2026-09-15T16:28:02.595641+00:00
VALUE_ADDED_GROWTH_NUTS2,hu11:nuts2,2003,2026-09-15T16:28:02.595641+00:00,68.1,final,2003-01-01,2003-12-31,1,2026-09-15T16:28:02.595641+00:00
VALUE_ADDED_GROWTH_NUTS2,hu11:nuts2,2004,2026-09-15T16:28:02.595641+00:00,71.5,final,2004-01-01,2004-12-31,1,2026-09-15T16:28:02.595641+00:00
VALUE_ADDED_GROWTH_NUTS2,hu11:nuts2,2005,2026-09-15T16:28:02.595641+00:00,75.6,final,2005-01-01,2005-12-31,1,2026-09-15T16:28:02.595641+00:00
VALUE_ADDED_GROWTH_NUTS2,hu11:nuts2,2006,2026-09-15T16:28:02.595641+00:00,79.9,final,2006-01-01,2006-12-31,1,2026-09-15T16:28:02.595641+00:00
VALUE_ADDED_GROWTH_NUTS2,hu11:nuts2,2007,2026-09-15T16:28:02.595641+00:00,79.4,final,2007-01-01,2007-12-31,1,2026-09-15T16:28:02.595641+00:00
VALUE_ADDED_GROWTH_NUTS2,hu11:nuts2,2008,2026-09-15T16:28:02.595641+00:00,80.7,final,2008-01-01,2008-12-31,1,2026-09-15T16:28:02.595641+00:00
VALUE_ADDED_GROWTH_NUTS2,hu11:nuts2,2009,2026-09-15T16:28:02.595641+00:00,78.7,final,2009-01-01,2009-12-31,1,2026-09-15T16:28:02.595641+00:00
VALUE_ADDED_GROWTH_NUTS2,hu11:nuts2,2010,2026-09-15T16:28:02.595641+00:00,76.9,final,2010-01-01,2010-12-31,1,2026-09-15T16:28:02.595641+00:00
VALUE_ADDED_GROWTH_NUTS2,hu11:nuts2,2011,2026-09-15T16:28:02.595641+00:00,79.2,final,2011-01-01,2011-12-31,1,2026-09-15T16:28:02.595641+00:00
VALUE_ADDED_GROWTH_NUTS2,hu11:nuts2,2012,2026-09-15T16:28:02.595641+00:00,79.4,final,2012-01-01,2012-12-31,1,2026-09-15T16:28:02.595641+00:00
VALUE_ADDED_GROWTH_NUTS2,hu11:nuts2,2013,2026-09-15T16:28:02.595641+00:00,78.7,final,2013-01-01,2013-12-31,1,2026-09-15T16:28:02.595641+00:00
VALUE_ADDED_GROWTH_NUTS2,hu11:nuts2,2014,2026-09-15T16:28:02.595641+00:00,83.6,final,2014-01-01,2014-12-31,1,2026-09-15T16:28:02.595641+00:00
VALUE_ADDED_GROWTH_NUTS2,hu11:nuts2,2015,2026-09-15T16:28:02.595641+00:00,84.7,final,2015-01-01,2015-12-31,1,2026-09-15T16:28:02.595641+00:00
VALUE_ADDED_GROWTH_NUTS2,hu11:nuts2,2016,2026-09-15T16:28:02.595641+00:00,86.5,final,2016-01-01,2016-12-31,1,2026-09-15T16:28:02.595641+00:00
VALUE_ADDED_GROWTH_NUTS2,hu11:nuts2,2017,2026-09-15T16:28:02.595641+00:00,91.0,final,2017-01-01,2017-12-31,1,2026-09-15T16:28:02.595641+00:00
VALUE_ADDED_GROWTH_NUTS2,hu11:nuts2,2018,2026-09-15T16:28:02.595641+00:00,96.7,final,2018-01-01,2018-12-31,1,2026-09-15T16:28:02.595641+00:00
VALUE_ADDED_GROWTH_NUTS2,hu11:nuts2,2019,2026-09-15T16:28:02.595641+00:00,104.9,final,2019-01-01,2019-12-31,1,2026-09-15T16:28:02.595641+00:00
VALUE_ADDED_GROWTH_NUTS2,hu11:nuts2,2020,2026-09-15T16:28:02.595641+00:00,100.0,final,2020-01-01,2020-12-31,1,2026-09-15T16:28:02.595641+00:00
VALUE_ADDED_GROWTH_NUTS2,hu11:nuts2,2021,2026-09-15T16:28:02.595641+00:00,108.3,final,2021-01-01,2021-12-31,1,2026-09-15T16:28:02.595641+00:00
VALUE_ADDED_GROWTH_NUTS2,hu11:nuts2,2022,2026-09-15T16:28:02.595641+00:00,114.3,final,2022-01-01,2022-12-31,1,2026-09-15T16:28:02.595641+00:00
VALUE_ADDED_GROWTH_NUTS2,hu11:nuts2,2023,2026-09-15T16:28:02.595641+00:00,115.6,final,2023-01-01,2023-12-31,1,2026-09-15T16:28:02.595641+00:00
VALUE_ADDED_GROWTH_NUTS2,hu11:nuts2,2024,2026-09-15T16:28:02.595641+00:00,118.0,provisional,2024-01-01,2024-12-31,1,2026-09-15T16:28:02.595641+00:00
VALUE_ADDED_GROWTH_NUTS2,hu12:nuts2,2000,2026-09-15T16:28:02.595641+00:00,51.0,final,2000-01-01,2000-12-31,1,2026-09-15T16:28:02.595641+00:00
VALUE_ADDED_GROWTH_NUTS2,hu12:nuts2,2001,2026-09-15T16:28:02.595641+00:00,56.7,final,2001-01-01,2001-12-31,1,2026-09-15T16:28:02.595641+00:00
VALUE_ADDED_GROWTH_NUTS2,hu12:nuts2,2002,2026-09-15T16:28:02.595641+00:00,60.9,final,2002-01-01,2002-12-31,1,2026-09-15T16:28:02.595641+00:00
VALUE_ADDED_GROWTH_NUTS2,hu12:nuts2,2003,2026-09-15T16:28:02.595641+00:00,66.0,final,2003-01-01,2003-12-31,1,2026-09-15T16:28:02.595641+00:00
VALUE_ADDED_GROWTH_NUTS2,hu12:nuts2,2004,2026-09-15T16:28:02.595641+00:00,70.0,final,2004-01-01,2004-12-31,1,2026-09-15T16:28:02.595641+00:00
VALUE_ADDED_GROWTH_NUTS2,hu12:nuts2,2005,2026-09-15T16:28:02.595641+00:00,75.7,final,2005-01-01,2005-12-31,1,2026-09-15T16:28:02.595641+00:00
VALUE_ADDED_GROWTH_NUTS2,hu12:nuts2,2006,2026-09-15T16:28:02.595641+00:00,78.3,final,2006-01-01,2006-12-31,1,2026-09-15T16:28:02.595641+00:00
VALUE_ADDED_GROWTH_NUTS2,hu12:nuts2,2007,2026-09-15T16:28:02.595641+00:00,86.1,final,2007-01-01,2007-12-31,1,2026-09-15T16:28:02.595641+00:00
VALUE_ADDED_GROWTH_NUTS2,hu12:nuts2,2008,2026-09-15T16:28:02.595641+00:00,82.0,final,2008-01-01,2008-12-31,1,2026-09-15T16:28:02.595641+00:00
VALUE_ADDED_GROWTH_NUTS2,hu12:nuts2,2009,2026-09-15T16:28:02.595641+00:00,76.9,final,2009-01-01,2009-12-31,1,2026-09-15T16:28:02.595641+00:00
VALUE_ADDED_GROWTH_NUTS2,hu12:nuts2,2010,2026-09-15T16:28:02.595641+00:00,80.7,final,2010-01-01,2010-12-31,1,2026-09-15T16:28:02.595641+00:00
VALUE_ADDED_GROWTH_NUTS2,hu12:nuts2,2011,2026-09-15T16:28:02.595641+00:00,79.0,final,2011-01-01,2011-12-31,1,2026-09-15T16:28:02.595641+00:00
VALUE_ADDED_GROWTH_NUTS2,hu12:nuts2,2012,2026-09-15T16:28:02.595641+00:00,74.6,final,2012-01-01,2012-12-31,1,2026-09-15T16:28:02.595641+00:00
VALUE_ADDED_GROWTH_NUTS2,hu12:nuts2,2013,2026-09-15T16:28:02.595641+00:00,77.2,final,2013-01-01,2013-12-31,1,2026-09-15T16:28:02.595641+00:00
VALUE_ADDED_GROWTH_NUTS2,hu12:nuts2,2014,2026-09-15T16:28:02.595641+00:00,80.3,final,2014-01-01,2014-12-31,1,2026-09-15T16:28:02.595641+00:00
VALUE_ADDED_GROWTH_NUTS2,hu12:nuts2,2015,2026-09-15T16:28:02.595641+00:00,85.3,final,2015-01-01,2015-12-31,1,2026-09-15T16:28:02.595641+00:00
VALUE_ADDED_GROWTH_NUTS2,hu12:nuts2,2016,2026-09-15T16:28:02.595641+00:00,85.3,final,2016-01-01,2016-12-31,1,2026-09-15T16:28:02.595641+00:00
VALUE_ADDED_GROWTH_NUTS2,hu12:nuts2,2017,2026-09-15T16:28:02.595641+00:00,88.7,final,2017-01-01,2017-12-31,1,2026-09-15T16:28:02.595641+00:00
VALUE_ADDED_GROWTH_NUTS2,hu12:nuts2,2018,2026-09-15T16:28:02.595641+00:00,94.7,final,2018-01-01,2018-12-31,1,2026-09-15T16:28:02.595641+00:00
VALUE_ADDED_GROWTH_NUTS2,hu12:nuts2,2019,2026-09-15T16:28:02.595641+00:00,101.3,final,2019-01-01,2019-12-31,1,2026-09-15T16:28:02.595641+00:00
VALUE_ADDED_GROWTH_NUTS2,hu12:nuts2,2020,2026-09-15T16:28:02.595641+00:00,100.0,final,2020-01-01,2020-12-31,1,2026-09-15T16:28:02.595641+00:00
VALUE_ADDED_GROWTH_NUTS2,hu12:nuts2,2021,2026-09-15T16:28:02.595641+00:00,112.5,final,2021-01-01,2021-12-31,1,2026-09-15T16:28:02.595641+00:00
VALUE_ADDED_GROWTH_NUTS2,hu12:nuts2,2022,2026-09-15T16:28:02.595641+00:00,124.2,final,2022-01-01,2022-12-31,1,2026-09-15T16:28:02.595641+00:00
VALUE_ADDED_GROWTH_NUTS2,hu12:nuts2,2023,2026-09-15T16:28:02.595641+00:00,121.6,final,2023-01-01,2023-12-31,1,2026-09-15T16:28:02.595641+00:00
VALUE_ADDED_GROWTH_NUTS2,hu12:nuts2,2024,2026-09-15T16:28:02.595641+00:00,121.3,provisional,2024-01-01,2024-12-31,1,2026-09-15T16:28:02.595641+00:00
VALUE_ADDED_GROWTH_NUTS2,hu21:nuts2,2000,2026-09-15T16:28:02.595641+00:00,68.9,final,2000-01-01,2000-12-31,1,2026-09-15T16:28:02.595641+00:00
VALUE_ADDED_GROWTH_NUTS2,hu21:nuts2,2001,2026-09-15T16:28:02.595641+00:00,70.8,final,2001-01-01,2001-12-31,1,2026-09-15T16:28:02.595641+00:00
VALUE_ADDED_GROWTH_NUTS2,hu21:nuts2,2002,2026-09-15T16:28:02.595641+00:00,70.9,final,2002-01-01,2002-12-31,1,2026-09-15T16:28:02.595641+00:00
VALUE_ADDED_GROWTH_NUTS2,hu21:nuts2,2003,2026-09-15T16:28:02.595641+00:00,75.5,final,2003-01-01,2003-12-31,1,2026-09-15T16:28:02.595641+00:00
VALUE_ADDED_GROWTH_NUTS2,hu21:nuts2,2004,2026-09-15T16:28:02.595641+00:00,81.0,final,2004-01-01,2004-12-31,1,2026-09-15T16:28:02.595641+00:00
VALUE_ADDED_GROWTH_NUTS2,hu21:nuts2,2005,2026-09-15T16:28:02.595641+00:00,85.0,final,2005-01-01,2005-12-31,1,2026-09-15T16:28:02.595641+00:00
VALUE_ADDED_GROWTH_NUTS2,hu21:nuts2,2006,2026-09-15T16:28:02.595641+00:00,85.7,final,2006-01-01,2006-12-31,1,2026-09-15T16:28:02.595641+00:00
VALUE_ADDED_GROWTH_NUTS2,hu21:nuts2,2007,2026-09-15T16:28:02.595641+00:00,89.7,final,2007-01-01,2007-12-31,1,2026-09-15T16:28:02.595641+00:00
VALUE_ADDED_GROWTH_NUTS2,hu21:nuts2,2008,2026-09-15T16:28:02.595641+00:00,88.8,final,2008-01-01,2008-12-31,1,2026-09-15T16:28:02.595641+00:00
VALUE_ADDED_GROWTH_NUTS2,hu21:nuts2,2009,2026-09-15T16:28:02.595641+00:00,74.3,final,2009-01-01,2009-12-31,1,2026-09-15T16:28:02.595641+00:00
VALUE_ADDED_GROWTH_NUTS2,hu21:nuts2,2010,2026-09-15T16:28:02.595641+00:00,78.6,final,2010-01-01,2010-12-31,1,2026-09-15T16:28:02.595641+00:00
VALUE_ADDED_GROWTH_NUTS2,hu21:nuts2,2011,2026-09-15T16:28:02.595641+00:00,81.9,final,2011-01-01,2011-12-31,1,2026-09-15T16:28:02.595641+00:00
VALUE_ADDED_GROWTH_NUTS2,hu21:nuts2,2012,2026-09-15T16:28:02.595641+00:00,79.1,final,2012-01-01,2012-12-31,1,2026-09-15T16:28:02.595641+00:00
VALUE_ADDED_GROWTH_NUTS2,hu21:nuts2,2013,2026-09-15T16:28:02.595641+00:00,82.6,final,2013-01-01,2013-12-31,1,2026-09-15T16:28:02.595641+00:00
VALUE_ADDED_GROWTH_NUTS2,hu21:nuts2,2014,2026-09-15T16:28:02.595641+00:00,85.6,final,2014-01-01,2014-12-31,1,2026-09-15T16:28:02.595641+00:00
VALUE_ADDED_GROWTH_NUTS2,hu21:nuts2,2015,2026-09-15T16:28:02.595641+00:00,91.6,final,2015-01-01,2015-12-31,1,2026-09-15T16:28:02.595641+00:00
VALUE_ADDED_GROWTH_NUTS2,hu21:nuts2,2016,2026-09-15T16:28:02.595641+00:00,97.2,final,2016-01-01,2016-12-31,1,2026-09-15T16:28:02.595641+00:00
VALUE_ADDED_GROWTH_NUTS2,hu21:nuts2,2017,2026-09-15T16:28:02.595641+00:00,98.5,final,2017-01-01,2017-12-31,1,2026-09-15T16:28:02.595641+00:00
VALUE_ADDED_GROWTH_NUTS2,hu21:nuts2,2018,2026-09-15T16:28:02.595641+00:00,103.5,final,2018-01-01,2018-12-31,1,2026-09-15T16:28:02.595641+00:00
VALUE_ADDED_GROWTH_NUTS2,hu21:nuts2,2019,2026-09-15T16:28:02.595641+00:00,108.1,final,2019-01-01,2019-12-31,1,2026-09-15T16:28:02.595641+00:00
VALUE_ADDED_GROWTH_NUTS2,hu21:nuts2,2020,2026-09-15T16:28:02.595641+00:00,100.0,final,2020-01-01,2020-12-31,1,2026-09-15T16:28:02.595641+00:00
VALUE_ADDED_GROWTH_NUTS2,hu21:nuts2,2021,2026-09-15T16:28:02.595641+00:00,107.9,final,2021-01-01,2021-12-31,1,2026-09-15T16:28:02.595641+00:00
VALUE_ADDED_GROWTH_NUTS2,hu21:nuts2,2022,2026-09-15T16:28:02.595641+00:00,112.5,final,2022-01-01,2022-12-31,1,2026-09-15T16:28:02.595641+00:00
VALUE_ADDED_GROWTH_NUTS2,hu21:nuts2,2023,2026-09-15T16:28:02.595641+00:00,112.0,final,2023-01-01,2023-12-31,1,2026-09-15T16:28:02.595641+00:00
VALUE_ADDED_GROWTH_NUTS2,hu21:nuts2,2024,2026-09-15T16:28:02.595641+00:00,110.9,provisional,2024-01-01,2024-12-31,1,2026-09-15T16:28:02.595641+00:00
VALUE_ADDED_GROWTH_NUTS2,hu22:nuts2,2000,2026-09-15T16:28:02.595641+00:00,68.6,final,2000-01-01,2000-12-31,1,2026-09-15T16:28:02.595641+00:00
VALUE_ADDED_GROWTH_NUTS2,hu22:nuts2,2001,2026-09-15T16:28:02.595641+00:00,68.3,final,2001-01-01,2001-12-31,1,2026-09-15T16:28:02.595641+00:00
VALUE_ADDED_GROWTH_NUTS2,hu22:nuts2,2002,2026-09-15T16:28:02.595641+00:00,71.0,final,2002-01-01,2002-12-31,1,2026-09-15T16:28:02.595641+00:00
VALUE_ADDED_GROWTH_NUTS2,hu22:nuts2,2003,2026-09-15T16:28:02.595641+00:00,78.3,final,2003-01-01,2003-12-31,1,2026-09-15T16:28:02.595641+00:00
VALUE_ADDED_GROWTH_NUTS2,hu22:nuts2,2004,2026-09-15T16:28:02.595641+00:00,78.7,final,2004-01-01,2004-12-31,1,2026-09-15T16:28:02.595641+00:00
VALUE_ADDED_GROWTH_NUTS2,hu22:nuts2,2005,2026-09-15T16:28:02.595641+00:00,78.9,final,2005-01-01,2005-12-31,1,2026-09-15T16:28:02.595641+00:00
VALUE_ADDED_GROWTH_NUTS2,hu22:nuts2,2006,2026-09-15T16:28:02.595641+00:00,84.1,final,2006-01-01,2006-12-31,1,2026-09-15T16:28:02.595641+00:00
VALUE_ADDED_GROWTH_NUTS2,hu22:nuts2,2007,2026-09-15T16:28:02.595641+00:00,84.2,final,2007-01-01,2007-12-31,1,2026-09-15T16:28:02.595641+00:00
VALUE_ADDED_GROWTH_NUTS2,hu22:nuts2,2008,2026-09-15T16:28:02.595641+00:00,84.5,final,2008-01-01,2008-12-31,1,2026-09-15T16:28:02.595641+00:00
VALUE_ADDED_GROWTH_NUTS2,hu22:nuts2,2009,2026-09-15T16:28:02.595641+00:00,75.2,final,2009-01-01,2009-12-31,1,2026-09-15T16:28:02.595641+00:00
VALUE_ADDED_GROWTH_NUTS2,hu22:nuts2,2010,2026-09-15T16:28:02.595641+00:00,81.7,final,2010-01-01,2010-12-31,1,2026-09-15T16:28:02.595641+00:00
VALUE_ADDED_GROWTH_NUTS2,hu22:nuts2,2011,2026-09-15T16:28:02.595641+00:00,83.5,final,2011-01-01,2011-12-31,1,2026-09-15T16:28:02.595641+00:00
VALUE_ADDED_GROWTH_NUTS2,hu22:nuts2,2012,2026-09-15T16:28:02.595641+00:00,83.0,final,2012-01-01,2012-12-31,1,2026-09-15T16:28:02.595641+00:00
VALUE_ADDED_GROWTH_NUTS2,hu22:nuts2,2013,2026-09-15T16:28:02.595641+00:00,87.9,final,2013-01-01,2013-12-31,1,2026-09-15T16:28:02.595641+00:00
VALUE_ADDED_GROWTH_NUTS2,hu22:nuts2,2014,2026-09-15T16:28:02.595641+00:00,93.6,final,2014-01-01,2014-12-31,1,2026-09-15T16:28:02.595641+00:00
VALUE_ADDED_GROWTH_NUTS2,hu22:nuts2,2015,2026-09-15T16:28:02.595641+00:00,99.0,final,2015-01-01,2015-12-31,1,2026-09-15T16:28:02.595641+00:00
VALUE_ADDED_GROWTH_NUTS2,hu22:nuts2,2016,2026-09-15T16:28:02.595641+00:00,101.9,final,2016-01-01,2016-12-31,1,2026-09-15T16:28:02.595641+00:00
VALUE_ADDED_GROWTH_NUTS2,hu22:nuts2,2017,2026-09-15T16:28:02.595641+00:00,103.9,final,2017-01-01,2017-12-31,1,2026-09-15T16:28:02.595641+00:00
VALUE_ADDED_GROWTH_NUTS2,hu22:nuts2,2018,2026-09-15T16:28:02.595641+00:00,106.7,final,2018-01-01,2018-12-31,1,2026-09-15T16:28:02.595641+00:00
VALUE_ADDED_GROWTH_NUTS2,hu22:nuts2,2019,2026-09-15T16:28:02.595641+00:00,108.2,final,2019-01-01,2019-12-31,1,2026-09-15T16:28:02.595641+00:00
VALUE_ADDED_GROWTH_NUTS2,hu22:nuts2,2020,2026-09-15T16:28:02.595641+00:00,100.0,final,2020-01-01,2020-12-31,1,2026-09-15T16:28:02.595641+00:00
VALUE_ADDED_GROWTH_NUTS2,hu22:nuts2,2021,2026-09-15T16:28:02.595641+00:00,104.6,final,2021-01-01,2021-12-31,1,2026-09-15T16:28:02.595641+00:00
VALUE_ADDED_GROWTH_NUTS2,hu22:nuts2,2022,2026-09-15T16:28:02.595641+00:00,110.0,final,2022-01-01,2022-12-31,1,2026-09-15T16:28:02.595641+00:00
VALUE_ADDED_GROWTH_NUTS2,hu22:nuts2,2023,2026-09-15T16:28:02.595641+00:00,108.6,final,2023-01-01,2023-12-31,1,2026-09-15T16:28:02.595641+00:00
VALUE_ADDED_GROWTH_NUTS2,hu22:nuts2,2024,2026-09-15T16:28:02.595641+00:00,107.4,provisional,2024-01-01,2024-12-31,1,2026-09-15T16:28:02.595641+00:00
VALUE_ADDED_GROWTH_NUTS2,hu23:nuts2,2000,2026-09-15T16:28:02.595641+00:00,76.1,final,2000-01-01,2000-12-31,1,2026-09-15T16:28:02.595641+00:00
VALUE_ADDED_GROWTH_NUTS2,hu23:nuts2,2001,2026-09-15T16:28:02.595641+00:00,78.8,final,2001-01-01,2001-12-31,1,2026-09-15T16:28:02.595641+00:00
VALUE_ADDED_GROWTH_NUTS2,hu23:nuts2,2002,2026-09-15T16:28:02.595641+00:00,81.9,final,2002-01-01,2002-12-31,1,2026-09-15T16:28:02.595641+00:00
VALUE_ADDED_GROWTH_NUTS2,hu23:nuts2,2003,2026-09-15T16:28:02.595641+00:00,82.7,final,2003-01-01,2003-12-31,1,2026-09-15T16:28:02.595641+00:00
VALUE_ADDED_GROWTH_NUTS2,hu23:nuts2,2004,2026-09-15T16:28:02.595641+00:00,86.1,final,2004-01-01,2004-12-31,1,2026-09-15T16:28:02.595641+00:00
VALUE_ADDED_GROWTH_NUTS2,hu23:nuts2,2005,2026-09-15T16:28:02.595641+00:00,86.5,final,2005-01-01,2005-12-31,1,2026-09-15T16:28:02.595641+00:00
VALUE_ADDED_GROWTH_NUTS2,hu23:nuts2,2006,2026-09-15T16:28:02.595641+00:00,88.5,final,2006-01-01,2006-12-31,1,2026-09-15T16:28:02.595641+00:00
VALUE_ADDED_GROWTH_NUTS2,hu23:nuts2,2007,2026-09-15T16:28:02.595641+00:00,86.8,final,2007-01-01,2007-12-31,1,2026-09-15T16:28:02.595641+00:00
VALUE_ADDED_GROWTH_NUTS2,hu23:nuts2,2008,2026-09-15T16:28:02.595641+00:00,90.0,final,2008-01-01,2008-12-31,1,2026-09-15T16:28:02.595641+00:00
VALUE_ADDED_GROWTH_NUTS2,hu23:nuts2,2009,2026-09-15T16:28:02.595641+00:00,84.8,final,2009-01-01,2009-12-31,1,2026-09-15T16:28:02.595641+00:00
VALUE_ADDED_GROWTH_NUTS2,hu23:nuts2,2010,2026-09-15T16:28:02.595641+00:00,85.9,final,2010-01-01,2010-12-31,1,2026-09-15T16:28:02.595641+00:00
VALUE_ADDED_GROWTH_NUTS2,hu23:nuts2,2011,2026-09-15T16:28:02.595641+00:00,86.1,final,2011-01-01,2011-12-31,1,2026-09-15T16:28:02.595641+00:00
VALUE_ADDED_GROWTH_NUTS2,hu23:nuts2,2012,2026-09-15T16:28:02.595641+00:00,83.7,final,2012-01-01,2012-12-31,1,2026-09-15T16:28:02.595641+00:00
VALUE_ADDED_GROWTH_NUTS2,hu23:nuts2,2013,2026-09-15T16:28:02.595641+00:00,89.0,final,2013-01-01,2013-12-31,1,2026-09-15T16:28:02.595641+00:00
VALUE_ADDED_GROWTH_NUTS2,hu23:nuts2,2014,2026-09-15T16:28:02.595641+00:00,89.0,final,2014-01-01,2014-12-31,1,2026-09-15T16:28:02.595641+00:00
VALUE_ADDED_GROWTH_NUTS2,hu23:nuts2,2015,2026-09-15T16:28:02.595641+00:00,90.6,final,2015-01-01,2015-12-31,1,2026-09-15T16:28:02.595641+00:00
VALUE_ADDED_GROWTH_NUTS2,hu23:nuts2,2016,2026-09-15T16:28:02.595641+00:00,94.0,final,2016-01-01,2016-12-31,1,2026-09-15T16:28:02.595641+00:00
VALUE_ADDED_GROWTH_NUTS2,hu23:nuts2,2017,2026-09-15T16:28:02.595641+00:00,98.3,final,2017-01-01,2017-12-31,1,2026-09-15T16:28:02.595641+00:00
VALUE_ADDED_GROWTH_NUTS2,hu23:nuts2,2018,2026-09-15T16:28:02.595641+00:00,104.0,final,2018-01-01,2018-12-31,1,2026-09-15T16:28:02.595641+00:00
VALUE_ADDED_GROWTH_NUTS2,hu23:nuts2,2019,2026-09-15T16:28:02.595641+00:00,105.3,final,2019-01-01,2019-12-31,1,2026-09-15T16:28:02.595641+00:00
VALUE_ADDED_GROWTH_NUTS2,hu23:nuts2,2020,2026-09-15T16:28:02.595641+00:00,100.0,final,2020-01-01,2020-12-31,1,2026-09-15T16:28:02.595641+00:00
VALUE_ADDED_GROWTH_NUTS2,hu23:nuts2,2021,2026-09-15T16:28:02.595641+00:00,106.1,final,2021-01-01,2021-12-31,1,2026-09-15T16:28:02.595641+00:00
VALUE_ADDED_GROWTH_NUTS2,hu23:nuts2,2022,2026-09-15T16:28:02.595641+00:00,108.7,final,2022-01-01,2022-12-31,1,2026-09-15T16:28:02.595641+00:00
VALUE_ADDED_GROWTH_NUTS2,hu23:nuts2,2023,2026-09-15T16:28:02.595641+00:00,104.6,final,2023-01-01,2023-12-31,1,2026-09-15T16:28:02.595641+00:00
VALUE_ADDED_GROWTH_NUTS2,hu23:nuts2,2024,2026-09-15T16:28:02.595641+00:00,104.6,provisional,2024-01-01,2024-12-31,1,2026-09-15T16:28:02.595641+00:00
VALUE_ADDED_GROWTH_NUTS2,hu31:nuts2,2000,2026-09-15T16:28:02.595641+00:00,71.4,final,2000-01-01,2000-12-31,1,2026-09-15T16:28:02.595641+00:00
VALUE_ADDED_GROWTH_NUTS2,hu31:nuts2,2001,2026-09-15T16:28:02.595641+00:00,76.0,final,2001-01-01,2001-12-31,1,2026-09-15T16:28:02.595641+00:00
VALUE_ADDED_GROWTH_NUTS2,hu31:nuts2,2002,2026-09-15T16:28:02.595641+00:00,78.4,final,2002-01-01,2002-12-31,1,2026-09-15T16:28:02.595641+00:00
VALUE_ADDED_GROWTH_NUTS2,hu31:nuts2,2003,2026-09-15T16:28:02.595641+00:00,80.8,final,2003-01-01,2003-12-31,1,2026-09-15T16:28:02.595641+00:00
VALUE_ADDED_GROWTH_NUTS2,hu31:nuts2,2004,2026-09-15T16:28:02.595641+00:00,85.0,final,2004-01-01,2004-12-31,1,2026-09-15T16:28:02.595641+00:00
VALUE_ADDED_GROWTH_NUTS2,hu31:nuts2,2005,2026-09-15T16:28:02.595641+00:00,89.6,final,2005-01-01,2005-12-31,1,2026-09-15T16:28:02.595641+00:00
VALUE_ADDED_GROWTH_NUTS2,hu31:nuts2,2006,2026-09-15T16:28:02.595641+00:00,91.0,final,2006-01-01,2006-12-31,1,2026-09-15T16:28:02.595641+00:00
VALUE_ADDED_GROWTH_NUTS2,hu31:nuts2,2007,2026-09-15T16:28:02.595641+00:00,89.2,final,2007-01-01,2007-12-31,1,2026-09-15T16:28:02.595641+00:00
VALUE_ADDED_GROWTH_NUTS2,hu31:nuts2,2008,2026-09-15T16:28:02.595641+00:00,87.1,final,2008-01-01,2008-12-31,1,2026-09-15T16:28:02.595641+00:00
VALUE_ADDED_GROWTH_NUTS2,hu31:nuts2,2009,2026-09-15T16:28:02.595641+00:00,76.5,final,2009-01-01,2009-12-31,1,2026-09-15T16:28:02.595641+00:00
VALUE_ADDED_GROWTH_NUTS2,hu31:nuts2,2010,2026-09-15T16:28:02.595641+00:00,77.5,final,2010-01-01,2010-12-31,1,2026-09-15T16:28:02.595641+00:00
VALUE_ADDED_GROWTH_NUTS2,hu31:nuts2,2011,2026-09-15T16:28:02.595641+00:00,78.2,final,2011-01-01,2011-12-31,1,2026-09-15T16:28:02.595641+00:00
VALUE_ADDED_GROWTH_NUTS2,hu31:nuts2,2012,2026-09-15T16:28:02.595641+00:00,77.3,final,2012-01-01,2012-12-31,1,2026-09-15T16:28:02.595641+00:00
VALUE_ADDED_GROWTH_NUTS2,hu31:nuts2,2013,2026-09-15T16:28:02.595641+00:00,81.9,final,2013-01-01,2013-12-31,1,2026-09-15T16:28:02.595641+00:00
VALUE_ADDED_GROWTH_NUTS2,hu31:nuts2,2014,2026-09-15T16:28:02.595641+00:00,84.5,final,2014-01-01,2014-12-31,1,2026-09-15T16:28:02.595641+00:00
VALUE_ADDED_GROWTH_NUTS2,hu31:nuts2,2015,2026-09-15T16:28:02.595641+00:00,90.4,final,2015-01-01,2015-12-31,1,2026-09-15T16:28:02.595641+00:00
VALUE_ADDED_GROWTH_NUTS2,hu31:nuts2,2016,2026-09-15T16:28:02.595641+00:00,93.3,final,2016-01-01,2016-12-31,1,2026-09-15T16:28:02.595641+00:00
VALUE_ADDED_GROWTH_NUTS2,hu31:nuts2,2017,2026-09-15T16:28:02.595641+00:00,98.8,final,2017-01-01,2017-12-31,1,2026-09-15T16:28:02.595641+00:00
VALUE_ADDED_GROWTH_NUTS2,hu31:nuts2,2018,2026-09-15T16:28:02.595641+00:00,103.4,final,2018-01-01,2018-12-31,1,2026-09-15T16:28:02.595641+00:00
VALUE_ADDED_GROWTH_NUTS2,hu31:nuts2,2019,2026-09-15T16:28:02.595641+00:00,103.5,final,2019-01-01,2019-12-31,1,2026-09-15T16:28:02.595641+00:00
VALUE_ADDED_GROWTH_NUTS2,hu31:nuts2,2020,2026-09-15T16:28:02.595641+00:00,100.0,final,2020-01-01,2020-12-31,1,2026-09-15T16:28:02.595641+00:00
VALUE_ADDED_GROWTH_NUTS2,hu31:nuts2,2021,2026-09-15T16:28:02.595641+00:00,106.8,final,2021-01-01,2021-12-31,1,2026-09-15T16:28:02.595641+00:00
VALUE_ADDED_GROWTH_NUTS2,hu31:nuts2,2022,2026-09-15T16:28:02.595641+00:00,105.4,final,2022-01-01,2022-12-31,1,2026-09-15T16:28:02.595641+00:00
VALUE_ADDED_GROWTH_NUTS2,hu31:nuts2,2023,2026-09-15T16:28:02.595641+00:00,101.4,final,2023-01-01,2023-12-31,1,2026-09-15T16:28:02.595641+00:00
VALUE_ADDED_GROWTH_NUTS2,hu31:nuts2,2024,2026-09-15T16:28:02.595641+00:00,99.7,provisional,2024-01-01,2024-12-31,1,2026-09-15T16:28:02.595641+00:00
VALUE_ADDED_GROWTH_NUTS2,hu32:nuts2,2000,2026-09-15T16:28:02.595641+00:00,66.5,final,2000-01-01,2000-12-31,1,2026-09-15T16:28:02.595641+00:00
VALUE_ADDED_GROWTH_NUTS2,hu32:nuts2,2001,2026-09-15T16:28:02.595641+00:00,72.7,final,2001-01-01,2001-12-31,1,2026-09-15T16:28:02.595641+00:00
VALUE_ADDED_GROWTH_NUTS2,hu32:nuts2,2002,2026-09-15T16:28:02.595641+00:00,73.6,final,2002-01-01,2002-12-31,1,2026-09-15T16:28:02.595641+00:00
VALUE_ADDED_GROWTH_NUTS2,hu32:nuts2,2003,2026-09-15T16:28:02.595641+00:00,77.3,final,2003-01-01,2003-12-31,1,2026-09-15T16:28:02.595641+00:00
VALUE_ADDED_GROWTH_NUTS2,hu32:nuts2,2004,2026-09-15T16:28:02.595641+00:00,80.8,final,2004-01-01,2004-12-31,1,2026-09-15T16:28:02.595641+00:00
VALUE_ADDED_GROWTH_NUTS2,hu32:nuts2,2005,2026-09-15T16:28:02.595641+00:00,82.4,final,2005-01-01,2005-12-31,1,2026-09-15T16:28:02.595641+00:00
VALUE_ADDED_GROWTH_NUTS2,hu32:nuts2,2006,2026-09-15T16:28:02.595641+00:00,84.6,final,2006-01-01,2006-12-31,1,2026-09-15T16:28:02.595641+00:00
VALUE_ADDED_GROWTH_NUTS2,hu32:nuts2,2007,2026-09-15T16:28:02.595641+00:00,81.3,final,2007-01-01,2007-12-31,1,2026-09-15T16:28:02.595641+00:00
VALUE_ADDED_GROWTH_NUTS2,hu32:nuts2,2008,2026-09-15T16:28:02.595641+00:00,84.2,final,2008-01-01,2008-12-31,1,2026-09-15T16:28:02.595641+00:00
VALUE_ADDED_GROWTH_NUTS2,hu32:nuts2,2009,2026-09-15T16:28:02.595641+00:00,79.2,final,2009-01-01,2009-12-31,1,2026-09-15T16:28:02.595641+00:00
VALUE_ADDED_GROWTH_NUTS2,hu32:nuts2,2010,2026-09-15T16:28:02.595641+00:00,80.4,final,2010-01-01,2010-12-31,1,2026-09-15T16:28:02.595641+00:00
VALUE_ADDED_GROWTH_NUTS2,hu32:nuts2,2011,2026-09-15T16:28:02.595641+00:00,82.8,final,2011-01-01,2011-12-31,1,2026-09-15T16:28:02.595641+00:00
VALUE_ADDED_GROWTH_NUTS2,hu32:nuts2,2012,2026-09-15T16:28:02.595641+00:00,81.7,final,2012-01-01,2012-12-31,1,2026-09-15T16:28:02.595641+00:00
VALUE_ADDED_GROWTH_NUTS2,hu32:nuts2,2013,2026-09-15T16:28:02.595641+00:00,83.9,final,2013-01-01,2013-12-31,1,2026-09-15T16:28:02.595641+00:00
VALUE_ADDED_GROWTH_NUTS2,hu32:nuts2,2014,2026-09-15T16:28:02.595641+00:00,87.3,final,2014-01-01,2014-12-31,1,2026-09-15T16:28:02.595641+00:00
VALUE_ADDED_GROWTH_NUTS2,hu32:nuts2,2015,2026-09-15T16:28:02.595641+00:00,88.9,final,2015-01-01,2015-12-31,1,2026-09-15T16:28:02.595641+00:00
VALUE_ADDED_GROWTH_NUTS2,hu32:nuts2,2016,2026-09-15T16:28:02.595641+00:00,90.3,final,2016-01-01,2016-12-31,1,2026-09-15T16:28:02.595641+00:00
VALUE_ADDED_GROWTH_NUTS2,hu32:nuts2,2017,2026-09-15T16:28:02.595641+00:00,94.3,final,2017-01-01,2017-12-31,1,2026-09-15T16:28:02.595641+00:00
VALUE_ADDED_GROWTH_NUTS2,hu32:nuts2,2018,2026-09-15T16:28:02.595641+00:00,100.4,final,2018-01-01,2018-12-31,1,2026-09-15T16:28:02.595641+00:00
VALUE_ADDED_GROWTH_NUTS2,hu32:nuts2,2019,2026-09-15T16:28:02.595641+00:00,103.7,final,2019-01-01,2019-12-31,1,2026-09-15T16:28:02.595641+00:00
VALUE_ADDED_GROWTH_NUTS2,hu32:nuts2,2020,2026-09-15T16:28:02.595641+00:00,100.0,final,2020-01-01,2020-12-31,1,2026-09-15T16:28:02.595641+00:00
VALUE_ADDED_GROWTH_NUTS2,hu32:nuts2,2021,2026-09-15T16:28:02.595641+00:00,105.9,final,2021-01-01,2021-12-31,1,2026-09-15T16:28:02.595641+00:00
VALUE_ADDED_GROWTH_NUTS2,hu32:nuts2,2022,2026-09-15T16:28:02.595641+00:00,107.6,final,2022-01-01,2022-12-31,1,2026-09-15T16:28:02.595641+00:00
VALUE_ADDED_GROWTH_NUTS2,hu32:nuts2,2023,2026-09-15T16:28:02.595641+00:00,110.5,final,2023-01-01,2023-12-31,1,2026-09-15T16:28:02.595641+00:00
VALUE_ADDED_GROWTH_NUTS2,hu32:nuts2,2024,2026-09-15T16:28:02.595641+00:00,110.4,provisional,2024-01-01,2024-12-31,1,2026-09-15T16:28:02.595641+00:00
VALUE_ADDED_GROWTH_NUTS2,hu33:nuts2,2000,2026-09-15T16:28:02.595641+00:00,69.5,final,2000-01-01,2000-12-31,1,2026-09-15T16:28:02.595641+00:00
VALUE_ADDED_GROWTH_NUTS2,hu33:nuts2,2001,2026-09-15T16:28:02.595641+00:00,72.0,final,2001-01-01,2001-12-31,1,2026-09-15T16:28:02.595641+00:00
VALUE_ADDED_GROWTH_NUTS2,hu33:nuts2,2002,2026-09-15T16:28:02.595641+00:00,73.5,final,2002-01-01,2002-12-31,1,2026-09-15T16:28:02.595641+00:00
VALUE_ADDED_GROWTH_NUTS2,hu33:nuts2,2003,2026-09-15T16:28:02.595641+00:00,75.0,final,2003-01-01,2003-12-31,1,2026-09-15T16:28:02.595641+00:00
VALUE_ADDED_GROWTH_NUTS2,hu33:nuts2,2004,2026-09-15T16:28:02.595641+00:00,80.3,final,2004-01-01,2004-12-31,1,2026-09-15T16:28:02.595641+00:00
VALUE_ADDED_GROWTH_NUTS2,hu33:nuts2,2005,2026-09-15T16:28:02.595641+00:00,82.0,final,2005-01-01,2005-12-31,1,2026-09-15T16:28:02.595641+00:00
VALUE_ADDED_GROWTH_NUTS2,hu33:nuts2,2006,2026-09-15T16:28:02.595641+00:00,83.9,final,2006-01-01,2006-12-31,1,2026-09-15T16:28:02.595641+00:00
VALUE_ADDED_GROWTH_NUTS2,hu33:nuts2,2007,2026-09-15T16:28:02.595641+00:00,80.7,final,2007-01-01,2007-12-31,1,2026-09-15T16:28:02.595641+00:00
VALUE_ADDED_GROWTH_NUTS2,hu33:nuts2,2008,2026-09-15T16:28:02.595641+00:00,85.0,final,2008-01-01,2008-12-31,1,2026-09-15T16:28:02.595641+00:00
VALUE_ADDED_GROWTH_NUTS2,hu33:nuts2,2009,2026-09-15T16:28:02.595641+00:00,78.6,final,2009-01-01,2009-12-31,1,2026-09-15T16:28:02.595641+00:00
VALUE_ADDED_GROWTH_NUTS2,hu33:nuts2,2010,2026-09-15T16:28:02.595641+00:00,78.3,final,2010-01-01,2010-12-31,1,2026-09-15T16:28:02.595641+00:00
VALUE_ADDED_GROWTH_NUTS2,hu33:nuts2,2011,2026-09-15T16:28:02.595641+00:00,79.4,final,2011-01-01,2011-12-31,1,2026-09-15T16:28:02.595641+00:00
VALUE_ADDED_GROWTH_NUTS2,hu33:nuts2,2012,2026-09-15T16:28:02.595641+00:00,78.7,final,2012-01-01,2012-12-31,1,2026-09-15T16:28:02.595641+00:00
VALUE_ADDED_GROWTH_NUTS2,hu33:nuts2,2013,2026-09-15T16:28:02.595641+00:00,84.0,final,2013-01-01,2013-12-31,1,2026-09-15T16:28:02.595641+00:00
VALUE_ADDED_GROWTH_NUTS2,hu33:nuts2,2014,2026-09-15T16:28:02.595641+00:00,86.0,final,2014-01-01,2014-12-31,1,2026-09-15T16:28:02.595641+00:00
VALUE_ADDED_GROWTH_NUTS2,hu33:nuts2,2015,2026-09-15T16:28:02.595641+00:00,90.0,final,2015-01-01,2015-12-31,1,2026-09-15T16:28:02.595641+00:00
VALUE_ADDED_GROWTH_NUTS2,hu33:nuts2,2016,2026-09-15T16:28:02.595641+00:00,92.5,final,2016-01-01,2016-12-31,1,2026-09-15T16:28:02.595641+00:00
VALUE_ADDED_GROWTH_NUTS2,hu33:nuts2,2017,2026-09-15T16:28:02.595641+00:00,94.8,final,2017-01-01,2017-12-31,1,2026-09-15T16:28:02.595641+00:00
VALUE_ADDED_GROWTH_NUTS2,hu33:nuts2,2018,2026-09-15T16:28:02.595641+00:00,102.0,final,2018-01-01,2018-12-31,1,2026-09-15T16:28:02.595641+00:00
VALUE_ADDED_GROWTH_NUTS2,hu33:nuts2,2019,2026-09-15T16:28:02.595641+00:00,103.9,final,2019-01-01,2019-12-31,1,2026-09-15T16:28:02.595641+00:00
VALUE_ADDED_GROWTH_NUTS2,hu33:nuts2,2020,2026-09-15T16:28:02.595641+00:00,100.0,final,2020-01-01,2020-12-31,1,2026-09-15T16:28:02.595641+00:00
VALUE_ADDED_GROWTH_NUTS2,hu33:nuts2,2021,2026-09-15T16:28:02.595641+00:00,105.7,final,2021-01-01,2021-12-31,1,2026-09-15T16:28:02.595641+00:00
VALUE_ADDED_GROWTH_NUTS2,hu33:nuts2,2022,2026-09-15T16:28:02.595641+00:00,106.9,final,2022-01-01,2022-12-31,1,2026-09-15T16:28:02.595641+00:00
VALUE_ADDED_GROWTH_NUTS2,hu33:nuts2,2023,2026-09-15T16:28:02.595641+00:00,107.4,final,2023-01-01,2023-12-31,1,2026-09-15T16:28:02.595641+00:00
VALUE_ADDED_GROWTH_NUTS2,hu33:nuts2,2024,2026-09-15T16:28:02.595641+00:00,103.9,provisional,2024-01-01,2024-12-31,1,2026-09-15T16:28:02.595641+00:00
VALUE_ADDED_GROWTH_NUTS2,ie04:nuts2,2000,2026-09-15T16:28:02.595641+00:00,59.3,final,2000-01-01,2000-12-31,1,2026-09-15T16:28:02.595641+00:00
VALUE_ADDED_GROWTH_NUTS2,ie04:nuts2,2001,2026-09-15T16:28:02.595641+00:00,61.1,final,2001-01-01,2001-12-31,1,2026-09-15T16:28:02.595641+00:00
VALUE_ADDED_GROWTH_NUTS2,ie04:nuts2,2002,2026-09-15T16:28:02.595641+00:00,64.4,final,2002-01-01,2002-12-31,1,2026-09-15T16:28:02.595641+00:00
VALUE_ADDED_GROWTH_NUTS2,ie04:nuts2,2003,2026-09-15T16:28:02.595641+00:00,65.2,final,2003-01-01,2003-12-31,1,2026-09-15T16:28:02.595641+00:00
VALUE_ADDED_GROWTH_NUTS2,ie04:nuts2,2004,2026-09-15T16:28:02.595641+00:00,68.7,final,2004-01-01,2004-12-31,1,2026-09-15T16:28:02.595641+00:00
VALUE_ADDED_GROWTH_NUTS2,ie04:nuts2,2005,2026-09-15T16:28:02.595641+00:00,73.8,final,2005-01-01,2005-12-31,1,2026-09-15T16:28:02.595641+00:00
VALUE_ADDED_GROWTH_NUTS2,ie04:nuts2,2006,2026-09-15T16:28:02.595641+00:00,73.1,final,2006-01-01,2006-12-31,1,2026-09-15T16:28:02.595641+00:00
VALUE_ADDED_GROWTH_NUTS2,ie04:nuts2,2007,2026-09-15T16:28:02.595641+00:00,80.9,final,2007-01-01,2007-12-31,1,2026-09-15T16:28:02.595641+00:00
VALUE_ADDED_GROWTH_NUTS2,ie04:nuts2,2008,2026-09-15T16:28:02.595641+00:00,81.3,final,2008-01-01,2008-12-31,1,2026-09-15T16:28:02.595641+00:00
VALUE_ADDED_GROWTH_NUTS2,ie04:nuts2,2009,2026-09-15T16:28:02.595641+00:00,69.4,final,2009-01-01,2009-12-31,1,2026-09-15T16:28:02.595641+00:00
VALUE_ADDED_GROWTH_NUTS2,ie04:nuts2,2010,2026-09-15T16:28:02.595641+00:00,78.0,final,2010-01-01,2010-12-31,1,2026-09-15T16:28:02.595641+00:00
VALUE_ADDED_GROWTH_NUTS2,ie04:nuts2,2011,2026-09-15T16:28:02.595641+00:00,74.4,final,2011-01-01,2011-12-31,1,2026-09-15T16:28:02.595641+00:00
VALUE_ADDED_GROWTH_NUTS2,ie04:nuts2,2012,2026-09-15T16:28:02.595641+00:00,68.7,final,2012-01-01,2012-12-31,1,2026-09-15T16:28:02.595641+00:00
VALUE_ADDED_GROWTH_NUTS2,ie04:nuts2,2013,2026-09-15T16:28:02.595641+00:00,70.4,final,2013-01-01,2013-12-31,1,2026-09-15T16:28:02.595641+00:00
VALUE_ADDED_GROWTH_NUTS2,ie04:nuts2,2014,2026-09-15T16:28:02.595641+00:00,76.9,final,2014-01-01,2014-12-31,1,2026-09-15T16:28:02.595641+00:00
VALUE_ADDED_GROWTH_NUTS2,ie04:nuts2,2015,2026-09-15T16:28:02.595641+00:00,76.2,final,2015-01-01,2015-12-31,1,2026-09-15T16:28:02.595641+00:00
VALUE_ADDED_GROWTH_NUTS2,ie04:nuts2,2016,2026-09-15T16:28:02.595641+00:00,77.9,final,2016-01-01,2016-12-31,1,2026-09-15T16:28:02.595641+00:00
VALUE_ADDED_GROWTH_NUTS2,ie04:nuts2,2017,2026-09-15T16:28:02.595641+00:00,78.8,final,2017-01-01,2017-12-31,1,2026-09-15T16:28:02.595641+00:00
VALUE_ADDED_GROWTH_NUTS2,ie04:nuts2,2018,2026-09-15T16:28:02.595641+00:00,83.3,final,2018-01-01,2018-12-31,1,2026-09-15T16:28:02.595641+00:00
VALUE_ADDED_GROWTH_NUTS2,ie04:nuts2,2019,2026-09-15T16:28:02.595641+00:00,89.0,final,2019-01-01,2019-12-31,1,2026-09-15T16:28:02.595641+00:00
VALUE_ADDED_GROWTH_NUTS2,ie04:nuts2,2020,2026-09-15T16:28:02.595641+00:00,100.0,final,2020-01-01,2020-12-31,1,2026-09-15T16:28:02.595641+00:00
VALUE_ADDED_GROWTH_NUTS2,ie04:nuts2,2021,2026-09-15T16:28:02.595641+00:00,114.5,final,2021-01-01,2021-12-31,1,2026-09-15T16:28:02.595641+00:00
VALUE_ADDED_GROWTH_NUTS2,ie04:nuts2,2022,2026-09-15T16:28:02.595641+00:00,120.7,final,2022-01-01,2022-12-31,1,2026-09-15T16:28:02.595641+00:00
VALUE_ADDED_GROWTH_NUTS2,ie04:nuts2,2023,2026-09-15T16:28:02.595641+00:00,128.8,final,2023-01-01,2023-12-31,1,2026-09-15T16:28:02.595641+00:00
VALUE_ADDED_GROWTH_NUTS2,ie04:nuts2,2024,2026-09-15T16:28:02.595641+00:00,124.2,estimate,2024-01-01,2024-12-31,1,2026-09-15T16:28:02.595641+00:00
VALUE_ADDED_GROWTH_NUTS2,ie05:nuts2,2000,2026-09-15T16:28:02.595641+00:00,35.0,final,2000-01-01,2000-12-31,1,2026-09-15T16:28:02.595641+00:00
VALUE_ADDED_GROWTH_NUTS2,ie05:nuts2,2001,2026-09-15T16:28:02.595641+00:00,36.2,final,2001-01-01,2001-12-31,1,2026-09-15T16:28:02.595641+00:00
VALUE_ADDED_GROWTH_NUTS2,ie05:nuts2,2002,2026-09-15T16:28:02.595641+00:00,38.6,final,2002-01-01,2002-12-31,1,2026-09-15T16:28:02.595641+00:00
VALUE_ADDED_GROWTH_NUTS2,ie05:nuts2,2003,2026-09-15T16:28:02.595641+00:00,39.0,final,2003-01-01,2003-12-31,1,2026-09-15T16:28:02.595641+00:00
VALUE_ADDED_GROWTH_NUTS2,ie05:nuts2,2004,2026-09-15T16:28:02.595641+00:00,40.5,final,2004-01-01,2004-12-31,1,2026-09-15T16:28:02.595641+00:00
VALUE_ADDED_GROWTH_NUTS2,ie05:nuts2,2005,2026-09-15T16:28:02.595641+00:00,42.4,final,2005-01-01,2005-12-31,1,2026-09-15T16:28:02.595641+00:00
VALUE_ADDED_GROWTH_NUTS2,ie05:nuts2,2006,2026-09-15T16:28:02.595641+00:00,44.3,final,2006-01-01,2006-12-31,1,2026-09-15T16:28:02.595641+00:00
VALUE_ADDED_GROWTH_NUTS2,ie05:nuts2,2007,2026-09-15T16:28:02.595641+00:00,47.6,final,2007-01-01,2007-12-31,1,2026-09-15T16:28:02.595641+00:00
VALUE_ADDED_GROWTH_NUTS2,ie05:nuts2,2008,2026-09-15T16:28:02.595641+00:00,44.8,final,2008-01-01,2008-12-31,1,2026-09-15T16:28:02.595641+00:00
VALUE_ADDED_GROWTH_NUTS2,ie05:nuts2,2009,2026-09-15T16:28:02.595641+00:00,44.4,final,2009-01-01,2009-12-31,1,2026-09-15T16:28:02.595641+00:00
VALUE_ADDED_GROWTH_NUTS2,ie05:nuts2,2010,2026-09-15T16:28:02.595641+00:00,44.3,final,2010-01-01,2010-12-31,1,2026-09-15T16:28:02.595641+00:00
VALUE_ADDED_GROWTH_NUTS2,ie05:nuts2,2011,2026-09-15T16:28:02.595641+00:00,45.5,final,2011-01-01,2011-12-31,1,2026-09-15T16:28:02.595641+00:00
VALUE_ADDED_GROWTH_NUTS2,ie05:nuts2,2012,2026-09-15T16:28:02.595641+00:00,43.9,final,2012-01-01,2012-12-31,1,2026-09-15T16:28:02.595641+00:00
VALUE_ADDED_GROWTH_NUTS2,ie05:nuts2,2013,2026-09-15T16:28:02.595641+00:00,41.3,final,2013-01-01,2013-12-31,1,2026-09-15T16:28:02.595641+00:00
VALUE_ADDED_GROWTH_NUTS2,ie05:nuts2,2014,2026-09-15T16:28:02.595641+00:00,44.8,final,2014-01-01,2014-12-31,1,2026-09-15T16:28:02.595641+00:00
VALUE_ADDED_GROWTH_NUTS2,ie05:nuts2,2015,2026-09-15T16:28:02.595641+00:00,76.0,final,2015-01-01,2015-12-31,1,2026-09-15T16:28:02.595641+00:00
VALUE_ADDED_GROWTH_NUTS2,ie05:nuts2,2016,2026-09-15T16:28:02.595641+00:00,72.5,final,2016-01-01,2016-12-31,1,2026-09-15T16:28:02.595641+00:00
VALUE_ADDED_GROWTH_NUTS2,ie05:nuts2,2017,2026-09-15T16:28:02.595641+00:00,79.2,final,2017-01-01,2017-12-31,1,2026-09-15T16:28:02.595641+00:00
VALUE_ADDED_GROWTH_NUTS2,ie05:nuts2,2018,2026-09-15T16:28:02.595641+00:00,83.4,final,2018-01-01,2018-12-31,1,2026-09-15T16:28:02.595641+00:00
VALUE_ADDED_GROWTH_NUTS2,ie05:nuts2,2019,2026-09-15T16:28:02.595641+00:00,88.8,final,2019-01-01,2019-12-31,1,2026-09-15T16:28:02.595641+00:00
VALUE_ADDED_GROWTH_NUTS2,ie05:nuts2,2020,2026-09-15T16:28:02.595641+00:00,100.0,final,2020-01-01,2020-12-31,1,2026-09-15T16:28:02.595641+00:00
VALUE_ADDED_GROWTH_NUTS2,ie05:nuts2,2021,2026-09-15T16:28:02.595641+00:00,119.3,final,2021-01-01,2021-12-31,1,2026-09-15T16:28:02.595641+00:00
VALUE_ADDED_GROWTH_NUTS2,ie05:nuts2,2022,2026-09-15T16:28:02.595641+00:00,131.2,final,2022-01-01,2022-12-31,1,2026-09-15T16:28:02.595641+00:00
VALUE_ADDED_GROWTH_NUTS2,ie05:nuts2,2023,2026-09-15T16:28:02.595641+00:00,121.2,final,2023-01-01,2023-12-31,1,2026-09-15T16:28:02.595641+00:00
VALUE_ADDED_GROWTH_NUTS2,ie05:nuts2,2024,2026-09-15T16:28:02.595641+00:00,114.6,estimate,2024-01-01,2024-12-31,1,2026-09-15T16:28:02.595641+00:00
VALUE_ADDED_GROWTH_NUTS2,ie06:nuts2,2000,2026-09-15T16:28:02.595641+00:00,43.6,final,2000-01-01,2000-12-31,1,2026-09-15T16:28:02.595641+00:00
VALUE_ADDED_GROWTH_NUTS2,ie06:nuts2,2001,2026-09-15T16:28:02.595641+00:00,45.4,final,2001-01-01,2001-12-31,1,2026-09-15T16:28:02.595641+00:00
VALUE_ADDED_GROWTH_NUTS2,ie06:nuts2,2002,2026-09-15T16:28:02.595641+00:00,48.1,final,2002-01-01,2002-12-31,1,2026-09-15T16:28:02.595641+00:00
VALUE_ADDED_GROWTH_NUTS2,ie06:nuts2,2003,2026-09-15T16:28:02.595641+00:00,48.8,final,2003-01-01,2003-12-31,1,2026-09-15T16:28:02.595641+00:00
VALUE_ADDED_GROWTH_NUTS2,ie06:nuts2,2004,2026-09-15T16:28:02.595641+00:00,51.7,final,2004-01-01,2004-12-31,1,2026-09-15T16:28:02.595641+00:00
VALUE_ADDED_GROWTH_NUTS2,ie06:nuts2,2005,2026-09-15T16:28:02.595641+00:00,55.1,final,2005-01-01,2005-12-31,1,2026-09-15T16:28:02.595641+00:00
VALUE_ADDED_GROWTH_NUTS2,ie06:nuts2,2006,2026-09-15T16:28:02.595641+00:00,58.3,final,2006-01-01,2006-12-31,1,2026-09-15T16:28:02.595641+00:00
VALUE_ADDED_GROWTH_NUTS2,ie06:nuts2,2007,2026-09-15T16:28:02.595641+00:00,62.6,final,2007-01-01,2007-12-31,1,2026-09-15T16:28:02.595641+00:00
VALUE_ADDED_GROWTH_NUTS2,ie06:nuts2,2008,2026-09-15T16:28:02.595641+00:00,62.0,final,2008-01-01,2008-12-31,1,2026-09-15T16:28:02.595641+00:00
VALUE_ADDED_GROWTH_NUTS2,ie06:nuts2,2009,2026-09-15T16:28:02.595641+00:00,57.4,final,2009-01-01,2009-12-31,1,2026-09-15T16:28:02.595641+00:00
VALUE_ADDED_GROWTH_NUTS2,ie06:nuts2,2010,2026-09-15T16:28:02.595641+00:00,58.0,final,2010-01-01,2010-12-31,1,2026-09-15T16:28:02.595641+00:00
VALUE_ADDED_GROWTH_NUTS2,ie06:nuts2,2011,2026-09-15T16:28:02.595641+00:00,60.1,final,2011-01-01,2011-12-31,1,2026-09-15T16:28:02.595641+00:00
VALUE_ADDED_GROWTH_NUTS2,ie06:nuts2,2012,2026-09-15T16:28:02.595641+00:00,59.2,final,2012-01-01,2012-12-31,1,2026-09-15T16:28:02.595641+00:00
VALUE_ADDED_GROWTH_NUTS2,ie06:nuts2,2013,2026-09-15T16:28:02.595641+00:00,62.7,final,2013-01-01,2013-12-31,1,2026-09-15T16:28:02.595641+00:00
VALUE_ADDED_GROWTH_NUTS2,ie06:nuts2,2014,2026-09-15T16:28:02.595641+00:00,68.1,final,2014-01-01,2014-12-31,1,2026-09-15T16:28:02.595641+00:00
VALUE_ADDED_GROWTH_NUTS2,ie06:nuts2,2015,2026-09-15T16:28:02.595641+00:00,72.5,final,2015-01-01,2015-12-31,1,2026-09-15T16:28:02.595641+00:00
VALUE_ADDED_GROWTH_NUTS2,ie06:nuts2,2016,2026-09-15T16:28:02.595641+00:00,76.1,final,2016-01-01,2016-12-31,1,2026-09-15T16:28:02.595641+00:00
VALUE_ADDED_GROWTH_NUTS2,ie06:nuts2,2017,2026-09-15T16:28:02.595641+00:00,82.0,final,2017-01-01,2017-12-31,1,2026-09-15T16:28:02.595641+00:00
VALUE_ADDED_GROWTH_NUTS2,ie06:nuts2,2018,2026-09-15T16:28:02.595641+00:00,92.3,final,2018-01-01,2018-12-31,1,2026-09-15T16:28:02.595641+00:00
VALUE_ADDED_GROWTH_NUTS2,ie06:nuts2,2019,2026-09-15T16:28:02.595641+00:00,96.3,final,2019-01-01,2019-12-31,1,2026-09-15T16:28:02.595641+00:00
VALUE_ADDED_GROWTH_NUTS2,ie06:nuts2,2020,2026-09-15T16:28:02.595641+00:00,100.0,final,2020-01-01,2020-12-31,1,2026-09-15T16:28:02.595641+00:00
VALUE_ADDED_GROWTH_NUTS2,ie06:nuts2,2021,2026-09-15T16:28:02.595641+00:00,114.9,final,2021-01-01,2021-12-31,1,2026-09-15T16:28:02.595641+00:00
VALUE_ADDED_GROWTH_NUTS2,ie06:nuts2,2022,2026-09-15T16:28:02.595641+00:00,124.6,final,2022-01-01,2022-12-31,1,2026-09-15T16:28:02.595641+00:00
VALUE_ADDED_GROWTH_NUTS2,ie06:nuts2,2023,2026-09-15T16:28:02.595641+00:00,125.2,final,2023-01-01,2023-12-31,1,2026-09-15T16:28:02.595641+00:00
VALUE_ADDED_GROWTH_NUTS2,ie06:nuts2,2024,2026-09-15T16:28:02.595641+00:00,135.9,estimate,2024-01-01,2024-12-31,1,2026-09-15T16:28:02.595641+00:00
VALUE_ADDED_GROWTH_NUTS2,itc1:nuts2,2000,2026-09-15T16:28:02.595641+00:00,108.6,final,2000-01-01,2000-12-31,1,2026-09-15T16:28:02.595641+00:00
VALUE_ADDED_GROWTH_NUTS2,itc1:nuts2,2001,2026-09-15T16:28:02.595641+00:00,110.3,final,2001-01-01,2001-12-31,1,2026-09-15T16:28:02.595641+00:00
VALUE_ADDED_GROWTH_NUTS2,itc1:nuts2,2002,2026-09-15T16:28:02.595641+00:00,110.6,final,2002-01-01,2002-12-31,1,2026-09-15T16:28:02.595641+00:00
VALUE_ADDED_GROWTH_NUTS2,itc1:nuts2,2003,2026-09-15T16:28:02.595641+00:00,111.1,final,2003-01-01,2003-12-31,1,2026-09-15T16:28:02.595641+00:00
VALUE_ADDED_GROWTH_NUTS2,itc1:nuts2,2004,2026-09-15T16:28:02.595641+00:00,112.7,final,2004-01-01,2004-12-31,1,2026-09-15T16:28:02.595641+00:00
VALUE_ADDED_GROWTH_NUTS2,itc1:nuts2,2005,2026-09-15T16:28:02.595641+00:00,113.7,final,2005-01-01,2005-12-31,1,2026-09-15T16:28:02.595641+00:00
VALUE_ADDED_GROWTH_NUTS2,itc1:nuts2,2006,2026-09-15T16:28:02.595641+00:00,115.9,final,2006-01-01,2006-12-31,1,2026-09-15T16:28:02.595641+00:00
VALUE_ADDED_GROWTH_NUTS2,itc1:nuts2,2007,2026-09-15T16:28:02.595641+00:00,116.8,final,2007-01-01,2007-12-31,1,2026-09-15T16:28:02.595641+00:00
VALUE_ADDED_GROWTH_NUTS2,itc1:nuts2,2008,2026-09-15T16:28:02.595641+00:00,114.8,final,2008-01-01,2008-12-31,1,2026-09-15T16:28:02.595641+00:00
VALUE_ADDED_GROWTH_NUTS2,itc1:nuts2,2009,2026-09-15T16:28:02.595641+00:00,104.6,final,2009-01-01,2009-12-31,1,2026-09-15T16:28:02.595641+00:00
VALUE_ADDED_GROWTH_NUTS2,itc1:nuts2,2010,2026-09-15T16:28:02.595641+00:00,108.5,final,2010-01-01,2010-12-31,1,2026-09-15T16:28:02.595641+00:00
VALUE_ADDED_GROWTH_NUTS2,itc1:nuts2,2011,2026-09-15T16:28:02.595641+00:00,109.8,final,2011-01-01,2011-12-31,1,2026-09-15T16:28:02.595641+00:00
VALUE_ADDED_GROWTH_NUTS2,itc1:nuts2,2012,2026-09-15T16:28:02.595641+00:00,104.6,final,2012-01-01,2012-12-31,1,2026-09-15T16:28:02.595641+00:00
VALUE_ADDED_GROWTH_NUTS2,itc1:nuts2,2013,2026-09-15T16:28:02.595641+00:00,104.7,final,2013-01-01,2013-12-31,1,2026-09-15T16:28:02.595641+00:00
VALUE_ADDED_GROWTH_NUTS2,itc1:nuts2,2014,2026-09-15T16:28:02.595641+00:00,103.6,final,2014-01-01,2014-12-31,1,2026-09-15T16:28:02.595641+00:00
VALUE_ADDED_GROWTH_NUTS2,itc1:nuts2,2015,2026-09-15T16:28:02.595641+00:00,104.8,final,2015-01-01,2015-12-31,1,2026-09-15T16:28:02.595641+00:00
VALUE_ADDED_GROWTH_NUTS2,itc1:nuts2,2016,2026-09-15T16:28:02.595641+00:00,106.1,final,2016-01-01,2016-12-31,1,2026-09-15T16:28:02.595641+00:00
VALUE_ADDED_GROWTH_NUTS2,itc1:nuts2,2017,2026-09-15T16:28:02.595641+00:00,109.5,final,2017-01-01,2017-12-31,1,2026-09-15T16:28:02.595641+00:00
VALUE_ADDED_GROWTH_NUTS2,itc1:nuts2,2018,2026-09-15T16:28:02.595641+00:00,110.5,final,2018-01-01,2018-12-31,1,2026-09-15T16:28:02.595641+00:00
VALUE_ADDED_GROWTH_NUTS2,itc1:nuts2,2019,2026-09-15T16:28:02.595641+00:00,110.2,final,2019-01-01,2019-12-31,1,2026-09-15T16:28:02.595641+00:00
VALUE_ADDED_GROWTH_NUTS2,itc1:nuts2,2020,2026-09-15T16:28:02.595641+00:00,100.0,final,2020-01-01,2020-12-31,1,2026-09-15T16:28:02.595641+00:00
VALUE_ADDED_GROWTH_NUTS2,itc1:nuts2,2021,2026-09-15T16:28:02.595641+00:00,109.0,final,2021-01-01,2021-12-31,1,2026-09-15T16:28:02.595641+00:00
VALUE_ADDED_GROWTH_NUTS2,itc1:nuts2,2022,2026-09-15T16:28:02.595641+00:00,113.0,final,2022-01-01,2022-12-31,1,2026-09-15T16:28:02.595641+00:00
VALUE_ADDED_GROWTH_NUTS2,itc1:nuts2,2023,2026-09-15T16:28:02.595641+00:00,115.1,final,2023-01-01,2023-12-31,1,2026-09-15T16:28:02.595641+00:00
VALUE_ADDED_GROWTH_NUTS2,itc1:nuts2,2024,2026-09-15T16:28:02.595641+00:00,116.3,final,2024-01-01,2024-12-31,1,2026-09-15T16:28:02.595641+00:00
VALUE_ADDED_GROWTH_NUTS2,itc2:nuts2,2000,2026-09-15T16:28:02.595641+00:00,114.2,final,2000-01-01,2000-12-31,1,2026-09-15T16:28:02.595641+00:00
VALUE_ADDED_GROWTH_NUTS2,itc2:nuts2,2001,2026-09-15T16:28:02.595641+00:00,115.2,final,2001-01-01,2001-12-31,1,2026-09-15T16:28:02.595641+00:00
VALUE_ADDED_GROWTH_NUTS2,itc2:nuts2,2002,2026-09-15T16:28:02.595641+00:00,116.0,final,2002-01-01,2002-12-31,1,2026-09-15T16:28:02.595641+00:00
VALUE_ADDED_GROWTH_NUTS2,itc2:nuts2,2003,2026-09-15T16:28:02.595641+00:00,120.9,final,2003-01-01,2003-12-31,1,2026-09-15T16:28:02.595641+00:00
VALUE_ADDED_GROWTH_NUTS2,itc2:nuts2,2004,2026-09-15T16:28:02.595641+00:00,120.1,final,2004-01-01,2004-12-31,1,2026-09-15T16:28:02.595641+00:00
VALUE_ADDED_GROWTH_NUTS2,itc2:nuts2,2005,2026-09-15T16:28:02.595641+00:00,119.2,final,2005-01-01,2005-12-31,1,2026-09-15T16:28:02.595641+00:00
VALUE_ADDED_GROWTH_NUTS2,itc2:nuts2,2006,2026-09-15T16:28:02.595641+00:00,120.4,final,2006-01-01,2006-12-31,1,2026-09-15T16:28:02.595641+00:00
VALUE_ADDED_GROWTH_NUTS2,itc2:nuts2,2007,2026-09-15T16:28:02.595641+00:00,120.5,final,2007-01-01,2007-12-31,1,2026-09-15T16:28:02.595641+00:00
VALUE_ADDED_GROWTH_NUTS2,itc2:nuts2,2008,2026-09-15T16:28:02.595641+00:00,121.0,final,2008-01-01,2008-12-31,1,2026-09-15T16:28:02.595641+00:00
VALUE_ADDED_GROWTH_NUTS2,itc2:nuts2,2009,2026-09-15T16:28:02.595641+00:00,113.4,final,2009-01-01,2009-12-31,1,2026-09-15T16:28:02.595641+00:00
VALUE_ADDED_GROWTH_NUTS2,itc2:nuts2,2010,2026-09-15T16:28:02.595641+00:00,118.4,final,2010-01-01,2010-12-31,1,2026-09-15T16:28:02.595641+00:00
VALUE_ADDED_GROWTH_NUTS2,itc2:nuts2,2011,2026-09-15T16:28:02.595641+00:00,118.0,final,2011-01-01,2011-12-31,1,2026-09-15T16:28:02.595641+00:00
VALUE_ADDED_GROWTH_NUTS2,itc2:nuts2,2012,2026-09-15T16:28:02.595641+00:00,117.2,final,2012-01-01,2012-12-31,1,2026-09-15T16:28:02.595641+00:00
VALUE_ADDED_GROWTH_NUTS2,itc2:nuts2,2013,2026-09-15T16:28:02.595641+00:00,111.5,final,2013-01-01,2013-12-31,1,2026-09-15T16:28:02.595641+00:00
VALUE_ADDED_GROWTH_NUTS2,itc2:nuts2,2014,2026-09-15T16:28:02.595641+00:00,109.1,final,2014-01-01,2014-12-31,1,2026-09-15T16:28:02.595641+00:00
VALUE_ADDED_GROWTH_NUTS2,itc2:nuts2,2015,2026-09-15T16:28:02.595641+00:00,108.0,final,2015-01-01,2015-12-31,1,2026-09-15T16:28:02.595641+00:00
VALUE_ADDED_GROWTH_NUTS2,itc2:nuts2,2016,2026-09-15T16:28:02.595641+00:00,105.7,final,2016-01-01,2016-12-31,1,2026-09-15T16:28:02.595641+00:00
VALUE_ADDED_GROWTH_NUTS2,itc2:nuts2,2017,2026-09-15T16:28:02.595641+00:00,108.6,final,2017-01-01,2017-12-31,1,2026-09-15T16:28:02.595641+00:00
VALUE_ADDED_GROWTH_NUTS2,itc2:nuts2,2018,2026-09-15T16:28:02.595641+00:00,109.6,final,2018-01-01,2018-12-31,1,2026-09-15T16:28:02.595641+00:00
VALUE_ADDED_GROWTH_NUTS2,itc2:nuts2,2019,2026-09-15T16:28:02.595641+00:00,109.6,final,2019-01-01,2019-12-31,1,2026-09-15T16:28:02.595641+00:00
VALUE_ADDED_GROWTH_NUTS2,itc2:nuts2,2020,2026-09-15T16:28:02.595641+00:00,100.0,final,2020-01-01,2020-12-31,1,2026-09-15T16:28:02.595641+00:00
VALUE_ADDED_GROWTH_NUTS2,itc2:nuts2,2021,2026-09-15T16:28:02.595641+00:00,106.1,final,2021-01-01,2021-12-31,1,2026-09-15T16:28:02.595641+00:00
VALUE_ADDED_GROWTH_NUTS2,itc2:nuts2,2022,2026-09-15T16:28:02.595641+00:00,111.6,final,2022-01-01,2022-12-31,1,2026-09-15T16:28:02.595641+00:00
VALUE_ADDED_GROWTH_NUTS2,itc2:nuts2,2023,2026-09-15T16:28:02.595641+00:00,112.8,final,2023-01-01,2023-12-31,1,2026-09-15T16:28:02.595641+00:00
VALUE_ADDED_GROWTH_NUTS2,itc2:nuts2,2024,2026-09-15T16:28:02.595641+00:00,114.1,final,2024-01-01,2024-12-31,1,2026-09-15T16:28:02.595641+00:00
VALUE_ADDED_GROWTH_NUTS2,itc3:nuts2,2000,2026-09-15T16:28:02.595641+00:00,119.1,final,2000-01-01,2000-12-31,1,2026-09-15T16:28:02.595641+00:00
VALUE_ADDED_GROWTH_NUTS2,itc3:nuts2,2001,2026-09-15T16:28:02.595641+00:00,122.0,final,2001-01-01,2001-12-31,1,2026-09-15T16:28:02.595641+00:00
VALUE_ADDED_GROWTH_NUTS2,itc3:nuts2,2002,2026-09-15T16:28:02.595641+00:00,119.1,final,2002-01-01,2002-12-31,1,2026-09-15T16:28:02.595641+00:00
VALUE_ADDED_GROWTH_NUTS2,itc3:nuts2,2003,2026-09-15T16:28:02.595641+00:00,119.6,final,2003-01-01,2003-12-31,1,2026-09-15T16:28:02.595641+00:00
VALUE_ADDED_GROWTH_NUTS2,itc3:nuts2,2004,2026-09-15T16:28:02.595641+00:00,120.5,final,2004-01-01,2004-12-31,1,2026-09-15T16:28:02.595641+00:00
VALUE_ADDED_GROWTH_NUTS2,itc3:nuts2,2005,2026-09-15T16:28:02.595641+00:00,121.5,final,2005-01-01,2005-12-31,1,2026-09-15T16:28:02.595641+00:00
VALUE_ADDED_GROWTH_NUTS2,itc3:nuts2,2006,2026-09-15T16:28:02.595641+00:00,122.0,final,2006-01-01,2006-12-31,1,2026-09-15T16:28:02.595641+00:00
VALUE_ADDED_GROWTH_NUTS2,itc3:nuts2,2007,2026-09-15T16:28:02.595641+00:00,125.0,final,2007-01-01,2007-12-31,1,2026-09-15T16:28:02.595641+00:00
VALUE_ADDED_GROWTH_NUTS2,itc3:nuts2,2008,2026-09-15T16:28:02.595641+00:00,124.8,final,2008-01-01,2008-12-31,1,2026-09-15T16:28:02.595641+00:00
VALUE_ADDED_GROWTH_NUTS2,itc3:nuts2,2009,2026-09-15T16:28:02.595641+00:00,116.5,final,2009-01-01,2009-12-31,1,2026-09-15T16:28:02.595641+00:00
VALUE_ADDED_GROWTH_NUTS2,itc3:nuts2,2010,2026-09-15T16:28:02.595641+00:00,115.6,final,2010-01-01,2010-12-31,1,2026-09-15T16:28:02.595641+00:00
VALUE_ADDED_GROWTH_NUTS2,itc3:nuts2,2011,2026-09-15T16:28:02.595641+00:00,116.3,final,2011-01-01,2011-12-31,1,2026-09-15T16:28:02.595641+00:00
VALUE_ADDED_GROWTH_NUTS2,itc3:nuts2,2012,2026-09-15T16:28:02.595641+00:00,112.4,final,2012-01-01,2012-12-31,1,2026-09-15T16:28:02.595641+00:00
VALUE_ADDED_GROWTH_NUTS2,itc3:nuts2,2013,2026-09-15T16:28:02.595641+00:00,109.1,final,2013-01-01,2013-12-31,1,2026-09-15T16:28:02.595641+00:00
VALUE_ADDED_GROWTH_NUTS2,itc3:nuts2,2014,2026-09-15T16:28:02.595641+00:00,109.7,final,2014-01-01,2014-12-31,1,2026-09-15T16:28:02.595641+00:00
VALUE_ADDED_GROWTH_NUTS2,itc3:nuts2,2015,2026-09-15T16:28:02.595641+00:00,109.6,final,2015-01-01,2015-12-31,1,2026-09-15T16:28:02.595641+00:00
VALUE_ADDED_GROWTH_NUTS2,itc3:nuts2,2016,2026-09-15T16:28:02.595641+00:00,110.2,final,2016-01-01,2016-12-31,1,2026-09-15T16:28:02.595641+00:00
VALUE_ADDED_GROWTH_NUTS2,itc3:nuts2,2017,2026-09-15T16:28:02.595641+00:00,111.9,final,2017-01-01,2017-12-31,1,2026-09-15T16:28:02.595641+00:00
VALUE_ADDED_GROWTH_NUTS2,itc3:nuts2,2018,2026-09-15T16:28:02.595641+00:00,111.3,final,2018-01-01,2018-12-31,1,2026-09-15T16:28:02.595641+00:00
VALUE_ADDED_GROWTH_NUTS2,itc3:nuts2,2019,2026-09-15T16:28:02.595641+00:00,111.7,final,2019-01-01,2019-12-31,1,2026-09-15T16:28:02.595641+00:00
VALUE_ADDED_GROWTH_NUTS2,itc3:nuts2,2020,2026-09-15T16:28:02.595641+00:00,100.0,final,2020-01-01,2020-12-31,1,2026-09-15T16:28:02.595641+00:00
VALUE_ADDED_GROWTH_NUTS2,itc3:nuts2,2021,2026-09-15T16:28:02.595641+00:00,108.0,final,2021-01-01,2021-12-31,1,2026-09-15T16:28:02.595641+00:00
VALUE_ADDED_GROWTH_NUTS2,itc3:nuts2,2022,2026-09-15T16:28:02.595641+00:00,112.0,final,2022-01-01,2022-12-31,1,2026-09-15T16:28:02.595641+00:00
VALUE_ADDED_GROWTH_NUTS2,itc3:nuts2,2023,2026-09-15T16:28:02.595641+00:00,116.6,final,2023-01-01,2023-12-31,1,2026-09-15T16:28:02.595641+00:00
VALUE_ADDED_GROWTH_NUTS2,itc3:nuts2,2024,2026-09-15T16:28:02.595641+00:00,115.3,final,2024-01-01,2024-12-31,1,2026-09-15T16:28:02.595641+00:00
VALUE_ADDED_GROWTH_NUTS2,itc4:nuts2,2000,2026-09-15T16:28:02.595641+00:00,94.0,final,2000-01-01,2000-12-31,1,2026-09-15T16:28:02.595641+00:00
VALUE_ADDED_GROWTH_NUTS2,itc4:nuts2,2001,2026-09-15T16:28:02.595641+00:00,96.2,final,2001-01-01,2001-12-31,1,2026-09-15T16:28:02.595641+00:00
VALUE_ADDED_GROWTH_NUTS2,itc4:nuts2,2002,2026-09-15T16:28:02.595641+00:00,97.6,final,2002-01-01,2002-12-31,1,2026-09-15T16:28:02.595641+00:00
VALUE_ADDED_GROWTH_NUTS2,itc4:nuts2,2003,2026-09-15T16:28:02.595641+00:00,97.9,final,2003-01-01,2003-12-31,1,2026-09-15T16:28:02.595641+00:00
VALUE_ADDED_GROWTH_NUTS2,itc4:nuts2,2004,2026-09-15T16:28:02.595641+00:00,99.0,final,2004-01-01,2004-12-31,1,2026-09-15T16:28:02.595641+00:00
VALUE_ADDED_GROWTH_NUTS2,itc4:nuts2,2005,2026-09-15T16:28:02.595641+00:00,99.9,final,2005-01-01,2005-12-31,1,2026-09-15T16:28:02.595641+00:00
VALUE_ADDED_GROWTH_NUTS2,itc4:nuts2,2006,2026-09-15T16:28:02.595641+00:00,101.4,final,2006-01-01,2006-12-31,1,2026-09-15T16:28:02.595641+00:00
VALUE_ADDED_GROWTH_NUTS2,itc4:nuts2,2007,2026-09-15T16:28:02.595641+00:00,103.2,final,2007-01-01,2007-12-31,1,2026-09-15T16:28:02.595641+00:00
VALUE_ADDED_GROWTH_NUTS2,itc4:nuts2,2008,2026-09-15T16:28:02.595641+00:00,105.1,final,2008-01-01,2008-12-31,1,2026-09-15T16:28:02.595641+00:00
VALUE_ADDED_GROWTH_NUTS2,itc4:nuts2,2009,2026-09-15T16:28:02.595641+00:00,98.4,final,2009-01-01,2009-12-31,1,2026-09-15T16:28:02.595641+00:00
VALUE_ADDED_GROWTH_NUTS2,itc4:nuts2,2010,2026-09-15T16:28:02.595641+00:00,103.1,final,2010-01-01,2010-12-31,1,2026-09-15T16:28:02.595641+00:00
VALUE_ADDED_GROWTH_NUTS2,itc4:nuts2,2011,2026-09-15T16:28:02.595641+00:00,103.8,final,2011-01-01,2011-12-31,1,2026-09-15T16:28:02.595641+00:00
VALUE_ADDED_GROWTH_NUTS2,itc4:nuts2,2012,2026-09-15T16:28:02.595641+00:00,101.0,final,2012-01-01,2012-12-31,1,2026-09-15T16:28:02.595641+00:00
VALUE_ADDED_GROWTH_NUTS2,itc4:nuts2,2013,2026-09-15T16:28:02.595641+00:00,99.2,final,2013-01-01,2013-12-31,1,2026-09-15T16:28:02.595641+00:00
VALUE_ADDED_GROWTH_NUTS2,itc4:nuts2,2014,2026-09-15T16:28:02.595641+00:00,99.8,final,2014-01-01,2014-12-31,1,2026-09-15T16:28:02.595641+00:00
VALUE_ADDED_GROWTH_NUTS2,itc4:nuts2,2015,2026-09-15T16:28:02.595641+00:00,100.9,final,2015-01-01,2015-12-31,1,2026-09-15T16:28:02.595641+00:00
VALUE_ADDED_GROWTH_NUTS2,itc4:nuts2,2016,2026-09-15T16:28:02.595641+00:00,102.8,final,2016-01-01,2016-12-31,1,2026-09-15T16:28:02.595641+00:00
VALUE_ADDED_GROWTH_NUTS2,itc4:nuts2,2017,2026-09-15T16:28:02.595641+00:00,105.2,final,2017-01-01,2017-12-31,1,2026-09-15T16:28:02.595641+00:00
VALUE_ADDED_GROWTH_NUTS2,itc4:nuts2,2018,2026-09-15T16:28:02.595641+00:00,107.0,final,2018-01-01,2018-12-31,1,2026-09-15T16:28:02.595641+00:00
VALUE_ADDED_GROWTH_NUTS2,itc4:nuts2,2019,2026-09-15T16:28:02.595641+00:00,107.4,final,2019-01-01,2019-12-31,1,2026-09-15T16:28:02.595641+00:00
VALUE_ADDED_GROWTH_NUTS2,itc4:nuts2,2020,2026-09-15T16:28:02.595641+00:00,100.0,final,2020-01-01,2020-12-31,1,2026-09-15T16:28:02.595641+00:00
VALUE_ADDED_GROWTH_NUTS2,itc4:nuts2,2021,2026-09-15T16:28:02.595641+00:00,110.6,final,2021-01-01,2021-12-31,1,2026-09-15T16:28:02.595641+00:00
VALUE_ADDED_GROWTH_NUTS2,itc4:nuts2,2022,2026-09-15T16:28:02.595641+00:00,115.4,final,2022-01-01,2022-12-31,1,2026-09-15T16:28:02.595641+00:00
VALUE_ADDED_GROWTH_NUTS2,itc4:nuts2,2023,2026-09-15T16:28:02.595641+00:00,115.8,final,2023-01-01,2023-12-31,1,2026-09-15T16:28:02.595641+00:00
VALUE_ADDED_GROWTH_NUTS2,itc4:nuts2,2024,2026-09-15T16:28:02.595641+00:00,117.2,final,2024-01-01,2024-12-31,1,2026-09-15T16:28:02.595641+00:00
VALUE_ADDED_GROWTH_NUTS2,itf1:nuts2,2000,2026-09-15T16:28:02.595641+00:00,108.7,final,2000-01-01,2000-12-31,1,2026-09-15T16:28:02.595641+00:00
VALUE_ADDED_GROWTH_NUTS2,itf1:nuts2,2001,2026-09-15T16:28:02.595641+00:00,110.7,final,2001-01-01,2001-12-31,1,2026-09-15T16:28:02.595641+00:00
VALUE_ADDED_GROWTH_NUTS2,itf1:nuts2,2002,2026-09-15T16:28:02.595641+00:00,110.0,final,2002-01-01,2002-12-31,1,2026-09-15T16:28:02.595641+00:00
VALUE_ADDED_GROWTH_NUTS2,itf1:nuts2,2003,2026-09-15T16:28:02.595641+00:00,108.5,final,2003-01-01,2003-12-31,1,2026-09-15T16:28:02.595641+00:00
VALUE_ADDED_GROWTH_NUTS2,itf1:nuts2,2004,2026-09-15T16:28:02.595641+00:00,106.4,final,2004-01-01,2004-12-31,1,2026-09-15T16:28:02.595641+00:00
VALUE_ADDED_GROWTH_NUTS2,itf1:nuts2,2005,2026-09-15T16:28:02.595641+00:00,108.8,final,2005-01-01,2005-12-31,1,2026-09-15T16:28:02.595641+00:00
VALUE_ADDED_GROWTH_NUTS2,itf1:nuts2,2006,2026-09-15T16:28:02.595641+00:00,111.0,final,2006-01-01,2006-12-31,1,2026-09-15T16:28:02.595641+00:00
VALUE_ADDED_GROWTH_NUTS2,itf1:nuts2,2007,2026-09-15T16:28:02.595641+00:00,113.0,final,2007-01-01,2007-12-31,1,2026-09-15T16:28:02.595641+00:00
VALUE_ADDED_GROWTH_NUTS2,itf1:nuts2,2008,2026-09-15T16:28:02.595641+00:00,113.3,final,2008-01-01,2008-12-31,1,2026-09-15T16:28:02.595641+00:00
VALUE_ADDED_GROWTH_NUTS2,itf1:nuts2,2009,2026-09-15T16:28:02.595641+00:00,106.4,final,2009-01-01,2009-12-31,1,2026-09-15T16:28:02.595641+00:00
VALUE_ADDED_GROWTH_NUTS2,itf1:nuts2,2010,2026-09-15T16:28:02.595641+00:00,108.8,final,2010-01-01,2010-12-31,1,2026-09-15T16:28:02.595641+00:00
VALUE_ADDED_GROWTH_NUTS2,itf1:nuts2,2011,2026-09-15T16:28:02.595641+00:00,111.5,final,2011-01-01,2011-12-31,1,2026-09-15T16:28:02.595641+00:00
VALUE_ADDED_GROWTH_NUTS2,itf1:nuts2,2012,2026-09-15T16:28:02.595641+00:00,109.9,final,2012-01-01,2012-12-31,1,2026-09-15T16:28:02.595641+00:00
VALUE_ADDED_GROWTH_NUTS2,itf1:nuts2,2013,2026-09-15T16:28:02.595641+00:00,107.6,final,2013-01-01,2013-12-31,1,2026-09-15T16:28:02.595641+00:00
VALUE_ADDED_GROWTH_NUTS2,itf1:nuts2,2014,2026-09-15T16:28:02.595641+00:00,106.2,final,2014-01-01,2014-12-31,1,2026-09-15T16:28:02.595641+00:00
VALUE_ADDED_GROWTH_NUTS2,itf1:nuts2,2015,2026-09-15T16:28:02.595641+00:00,106.5,final,2015-01-01,2015-12-31,1,2026-09-15T16:28:02.595641+00:00
VALUE_ADDED_GROWTH_NUTS2,itf1:nuts2,2016,2026-09-15T16:28:02.595641+00:00,107.2,final,2016-01-01,2016-12-31,1,2026-09-15T16:28:02.595641+00:00
VALUE_ADDED_GROWTH_NUTS2,itf1:nuts2,2017,2026-09-15T16:28:02.595641+00:00,107.9,final,2017-01-01,2017-12-31,1,2026-09-15T16:28:02.595641+00:00
VALUE_ADDED_GROWTH_NUTS2,itf1:nuts2,2018,2026-09-15T16:28:02.595641+00:00,107.7,final,2018-01-01,2018-12-31,1,2026-09-15T16:28:02.595641+00:00
VALUE_ADDED_GROWTH_NUTS2,itf1:nuts2,2019,2026-09-15T16:28:02.595641+00:00,108.7,final,2019-01-01,2019-12-31,1,2026-09-15T16:28:02.595641+00:00
VALUE_ADDED_GROWTH_NUTS2,itf1:nuts2,2020,2026-09-15T16:28:02.595641+00:00,100.0,final,2020-01-01,2020-12-31,1,2026-09-15T16:28:02.595641+00:00
VALUE_ADDED_GROWTH_NUTS2,itf1:nuts2,2021,2026-09-15T16:28:02.595641+00:00,108.4,final,2021-01-01,2021-12-31,1,2026-09-15T16:28:02.595641+00:00
VALUE_ADDED_GROWTH_NUTS2,itf1:nuts2,2022,2026-09-15T16:28:02.595641+00:00,114.6,final,2022-01-01,2022-12-31,1,2026-09-15T16:28:02.595641+00:00
VALUE_ADDED_GROWTH_NUTS2,itf1:nuts2,2023,2026-09-15T16:28:02.595641+00:00,117.0,final,2023-01-01,2023-12-31,1,2026-09-15T16:28:02.595641+00:00
VALUE_ADDED_GROWTH_NUTS2,itf1:nuts2,2024,2026-09-15T16:28:02.595641+00:00,117.9,final,2024-01-01,2024-12-31,1,2026-09-15T16:28:02.595641+00:00
VALUE_ADDED_GROWTH_NUTS2,itf2:nuts2,2000,2026-09-15T16:28:02.595641+00:00,122.2,final,2000-01-01,2000-12-31,1,2026-09-15T16:28:02.595641+00:00
VALUE_ADDED_GROWTH_NUTS2,itf2:nuts2,2001,2026-09-15T16:28:02.595641+00:00,124.7,final,2001-01-01,2001-12-31,1,2026-09-15T16:28:02.595641+00:00
VALUE_ADDED_GROWTH_NUTS2,itf2:nuts2,2002,2026-09-15T16:28:02.595641+00:00,124.6,final,2002-01-01,2002-12-31,1,2026-09-15T16:28:02.595641+00:00
VALUE_ADDED_GROWTH_NUTS2,itf2:nuts2,2003,2026-09-15T16:28:02.595641+00:00,122.5,final,2003-01-01,2003-12-31,1,2026-09-15T16:28:02.595641+00:00
VALUE_ADDED_GROWTH_NUTS2,itf2:nuts2,2004,2026-09-15T16:28:02.595641+00:00,124.6,final,2004-01-01,2004-12-31,1,2026-09-15T16:28:02.595641+00:00
VALUE_ADDED_GROWTH_NUTS2,itf2:nuts2,2005,2026-09-15T16:28:02.595641+00:00,123.6,final,2005-01-01,2005-12-31,1,2026-09-15T16:28:02.595641+00:00
VALUE_ADDED_GROWTH_NUTS2,itf2:nuts2,2006,2026-09-15T16:28:02.595641+00:00,126.9,final,2006-01-01,2006-12-31,1,2026-09-15T16:28:02.595641+00:00
VALUE_ADDED_GROWTH_NUTS2,itf2:nuts2,2007,2026-09-15T16:28:02.595641+00:00,127.8,final,2007-01-01,2007-12-31,1,2026-09-15T16:28:02.595641+00:00
VALUE_ADDED_GROWTH_NUTS2,itf2:nuts2,2008,2026-09-15T16:28:02.595641+00:00,121.7,final,2008-01-01,2008-12-31,1,2026-09-15T16:28:02.595641+00:00
VALUE_ADDED_GROWTH_NUTS2,itf2:nuts2,2009,2026-09-15T16:28:02.595641+00:00,116.6,final,2009-01-01,2009-12-31,1,2026-09-15T16:28:02.595641+00:00
VALUE_ADDED_GROWTH_NUTS2,itf2:nuts2,2010,2026-09-15T16:28:02.595641+00:00,114.7,final,2010-01-01,2010-12-31,1,2026-09-15T16:28:02.595641+00:00
VALUE_ADDED_GROWTH_NUTS2,itf2:nuts2,2011,2026-09-15T16:28:02.595641+00:00,113.0,final,2011-01-01,2011-12-31,1,2026-09-15T16:28:02.595641+00:00
VALUE_ADDED_GROWTH_NUTS2,itf2:nuts2,2012,2026-09-15T16:28:02.595641+00:00,108.7,final,2012-01-01,2012-12-31,1,2026-09-15T16:28:02.595641+00:00
VALUE_ADDED_GROWTH_NUTS2,itf2:nuts2,2013,2026-09-15T16:28:02.595641+00:00,101.6,final,2013-01-01,2013-12-31,1,2026-09-15T16:28:02.595641+00:00
VALUE_ADDED_GROWTH_NUTS2,itf2:nuts2,2014,2026-09-15T16:28:02.595641+00:00,100.5,final,2014-01-01,2014-12-31,1,2026-09-15T16:28:02.595641+00:00
VALUE_ADDED_GROWTH_NUTS2,itf2:nuts2,2015,2026-09-15T16:28:02.595641+00:00,102.5,final,2015-01-01,2015-12-31,1,2026-09-15T16:28:02.595641+00:00
VALUE_ADDED_GROWTH_NUTS2,itf2:nuts2,2016,2026-09-15T16:28:02.595641+00:00,103.7,final,2016-01-01,2016-12-31,1,2026-09-15T16:28:02.595641+00:00
VALUE_ADDED_GROWTH_NUTS2,itf2:nuts2,2017,2026-09-15T16:28:02.595641+00:00,105.9,final,2017-01-01,2017-12-31,1,2026-09-15T16:28:02.595641+00:00
VALUE_ADDED_GROWTH_NUTS2,itf2:nuts2,2018,2026-09-15T16:28:02.595641+00:00,107.6,final,2018-01-01,2018-12-31,1,2026-09-15T16:28:02.595641+00:00
VALUE_ADDED_GROWTH_NUTS2,itf2:nuts2,2019,2026-09-15T16:28:02.595641+00:00,109.2,final,2019-01-01,2019-12-31,1,2026-09-15T16:28:02.595641+00:00
VALUE_ADDED_GROWTH_NUTS2,itf2:nuts2,2020,2026-09-15T16:28:02.595641+00:00,100.0,final,2020-01-01,2020-12-31,1,2026-09-15T16:28:02.595641+00:00
VALUE_ADDED_GROWTH_NUTS2,itf2:nuts2,2021,2026-09-15T16:28:02.595641+00:00,107.5,final,2021-01-01,2021-12-31,1,2026-09-15T16:28:02.595641+00:00
VALUE_ADDED_GROWTH_NUTS2,itf2:nuts2,2022,2026-09-15T16:28:02.595641+00:00,111.2,final,2022-01-01,2022-12-31,1,2026-09-15T16:28:02.595641+00:00
VALUE_ADDED_GROWTH_NUTS2,itf2:nuts2,2023,2026-09-15T16:28:02.595641+00:00,114.0,final,2023-01-01,2023-12-31,1,2026-09-15T16:28:02.595641+00:00
VALUE_ADDED_GROWTH_NUTS2,itf2:nuts2,2024,2026-09-15T16:28:02.595641+00:00,112.6,final,2024-01-01,2024-12-31,1,2026-09-15T16:28:02.595641+00:00
VALUE_ADDED_GROWTH_NUTS2,itf3:nuts2,2000,2026-09-15T16:28:02.595641+00:00,114.9,final,2000-01-01,2000-12-31,1,2026-09-15T16:28:02.595641+00:00
VALUE_ADDED_GROWTH_NUTS2,itf3:nuts2,2001,2026-09-15T16:28:02.595641+00:00,117.1,final,2001-01-01,2001-12-31,1,2026-09-15T16:28:02.595641+00:00
VALUE_ADDED_GROWTH_NUTS2,itf3:nuts2,2002,2026-09-15T16:28:02.595641+00:00,118.3,final,2002-01-01,2002-12-31,1,2026-09-15T16:28:02.595641+00:00
VALUE_ADDED_GROWTH_NUTS2,itf3:nuts2,2003,2026-09-15T16:28:02.595641+00:00,117.1,final,2003-01-01,2003-12-31,1,2026-09-15T16:28:02.595641+00:00
VALUE_ADDED_GROWTH_NUTS2,itf3:nuts2,2004,2026-09-15T16:28:02.595641+00:00,117.6,final,2004-01-01,2004-12-31,1,2026-09-15T16:28:02.595641+00:00
VALUE_ADDED_GROWTH_NUTS2,itf3:nuts2,2005,2026-09-15T16:28:02.595641+00:00,117.5,final,2005-01-01,2005-12-31,1,2026-09-15T16:28:02.595641+00:00
VALUE_ADDED_GROWTH_NUTS2,itf3:nuts2,2006,2026-09-15T16:28:02.595641+00:00,119.3,final,2006-01-01,2006-12-31,1,2026-09-15T16:28:02.595641+00:00
VALUE_ADDED_GROWTH_NUTS2,itf3:nuts2,2007,2026-09-15T16:28:02.595641+00:00,121.0,final,2007-01-01,2007-12-31,1,2026-09-15T16:28:02.595641+00:00
VALUE_ADDED_GROWTH_NUTS2,itf3:nuts2,2008,2026-09-15T16:28:02.595641+00:00,118.7,final,2008-01-01,2008-12-31,1,2026-09-15T16:28:02.595641+00:00
VALUE_ADDED_GROWTH_NUTS2,itf3:nuts2,2009,2026-09-15T16:28:02.595641+00:00,112.8,final,2009-01-01,2009-12-31,1,2026-09-15T16:28:02.595641+00:00
VALUE_ADDED_GROWTH_NUTS2,itf3:nuts2,2010,2026-09-15T16:28:02.595641+00:00,110.5,final,2010-01-01,2010-12-31,1,2026-09-15T16:28:02.595641+00:00
VALUE_ADDED_GROWTH_NUTS2,itf3:nuts2,2011,2026-09-15T16:28:02.595641+00:00,109.2,final,2011-01-01,2011-12-31,1,2026-09-15T16:28:02.595641+00:00
VALUE_ADDED_GROWTH_NUTS2,itf3:nuts2,2012,2026-09-15T16:28:02.595641+00:00,106.8,final,2012-01-01,2012-12-31,1,2026-09-15T16:28:02.595641+00:00
VALUE_ADDED_GROWTH_NUTS2,itf3:nuts2,2013,2026-09-15T16:28:02.595641+00:00,104.0,final,2013-01-01,2013-12-31,1,2026-09-15T16:28:02.595641+00:00
VALUE_ADDED_GROWTH_NUTS2,itf3:nuts2,2014,2026-09-15T16:28:02.595641+00:00,104.0,final,2014-01-01,2014-12-31,1,2026-09-15T16:28:02.595641+00:00
VALUE_ADDED_GROWTH_NUTS2,itf3:nuts2,2015,2026-09-15T16:28:02.595641+00:00,105.9,final,2015-01-01,2015-12-31,1,2026-09-15T16:28:02.595641+00:00
VALUE_ADDED_GROWTH_NUTS2,itf3:nuts2,2016,2026-09-15T16:28:02.595641+00:00,106.3,final,2016-01-01,2016-12-31,1,2026-09-15T16:28:02.595641+00:00
VALUE_ADDED_GROWTH_NUTS2,itf3:nuts2,2017,2026-09-15T16:28:02.595641+00:00,107.7,final,2017-01-01,2017-12-31,1,2026-09-15T16:28:02.595641+00:00
VALUE_ADDED_GROWTH_NUTS2,itf3:nuts2,2018,2026-09-15T16:28:02.595641+00:00,108.3,final,2018-01-01,2018-12-31,1,2026-09-15T16:28:02.595641+00:00
VALUE_ADDED_GROWTH_NUTS2,itf3:nuts2,2019,2026-09-15T16:28:02.595641+00:00,109.4,final,2019-01-01,2019-12-31,1,2026-09-15T16:28:02.595641+00:00
VALUE_ADDED_GROWTH_NUTS2,itf3:nuts2,2020,2026-09-15T16:28:02.595641+00:00,100.0,final,2020-01-01,2020-12-31,1,2026-09-15T16:28:02.595641+00:00
VALUE_ADDED_GROWTH_NUTS2,itf3:nuts2,2021,2026-09-15T16:28:02.595641+00:00,108.2,final,2021-01-01,2021-12-31,1,2026-09-15T16:28:02.595641+00:00
VALUE_ADDED_GROWTH_NUTS2,itf3:nuts2,2022,2026-09-15T16:28:02.595641+00:00,115.3,final,2022-01-01,2022-12-31,1,2026-09-15T16:28:02.595641+00:00
VALUE_ADDED_GROWTH_NUTS2,itf3:nuts2,2023,2026-09-15T16:28:02.595641+00:00,118.6,final,2023-01-01,2023-12-31,1,2026-09-15T16:28:02.595641+00:00
VALUE_ADDED_GROWTH_NUTS2,itf3:nuts2,2024,2026-09-15T16:28:02.595641+00:00,119.5,final,2024-01-01,2024-12-31,1,2026-09-15T16:28:02.595641+00:00
VALUE_ADDED_GROWTH_NUTS2,itf4:nuts2,2000,2026-09-15T16:28:02.595641+00:00,111.7,final,2000-01-01,2000-12-31,1,2026-09-15T16:28:02.595641+00:00
VALUE_ADDED_GROWTH_NUTS2,itf4:nuts2,2001,2026-09-15T16:28:02.595641+00:00,113.1,final,2001-01-01,2001-12-31,1,2026-09-15T16:28:02.595641+00:00
VALUE_ADDED_GROWTH_NUTS2,itf4:nuts2,2002,2026-09-15T16:28:02.595641+00:00,111.6,final,2002-01-01,2002-12-31,1,2026-09-15T16:28:02.595641+00:00
VALUE_ADDED_GROWTH_NUTS2,itf4:nuts2,2003,2026-09-15T16:28:02.595641+00:00,110.0,final,2003-01-01,2003-12-31,1,2026-09-15T16:28:02.595641+00:00
VALUE_ADDED_GROWTH_NUTS2,itf4:nuts2,2004,2026-09-15T16:28:02.595641+00:00,111.2,final,2004-01-01,2004-12-31,1,2026-09-15T16:28:02.595641+00:00
VALUE_ADDED_GROWTH_NUTS2,itf4:nuts2,2005,2026-09-15T16:28:02.595641+00:00,111.7,final,2005-01-01,2005-12-31,1,2026-09-15T16:28:02.595641+00:00
VALUE_ADDED_GROWTH_NUTS2,itf4:nuts2,2006,2026-09-15T16:28:02.595641+00:00,114.3,final,2006-01-01,2006-12-31,1,2026-09-15T16:28:02.595641+00:00
VALUE_ADDED_GROWTH_NUTS2,itf4:nuts2,2007,2026-09-15T16:28:02.595641+00:00,114.9,final,2007-01-01,2007-12-31,1,2026-09-15T16:28:02.595641+00:00
VALUE_ADDED_GROWTH_NUTS2,itf4:nuts2,2008,2026-09-15T16:28:02.595641+00:00,111.5,final,2008-01-01,2008-12-31,1,2026-09-15T16:28:02.595641+00:00
VALUE_ADDED_GROWTH_NUTS2,itf4:nuts2,2009,2026-09-15T16:28:02.595641+00:00,106.2,final,2009-01-01,2009-12-31,1,2026-09-15T16:28:02.595641+00:00
VALUE_ADDED_GROWTH_NUTS2,itf4:nuts2,2010,2026-09-15T16:28:02.595641+00:00,107.0,final,2010-01-01,2010-12-31,1,2026-09-15T16:28:02.595641+00:00
VALUE_ADDED_GROWTH_NUTS2,itf4:nuts2,2011,2026-09-15T16:28:02.595641+00:00,107.4,final,2011-01-01,2011-12-31,1,2026-09-15T16:28:02.595641+00:00
VALUE_ADDED_GROWTH_NUTS2,itf4:nuts2,2012,2026-09-15T16:28:02.595641+00:00,106.2,final,2012-01-01,2012-12-31,1,2026-09-15T16:28:02.595641+00:00
VALUE_ADDED_GROWTH_NUTS2,itf4:nuts2,2013,2026-09-15T16:28:02.595641+00:00,102.9,final,2013-01-01,2013-12-31,1,2026-09-15T16:28:02.595641+00:00
VALUE_ADDED_GROWTH_NUTS2,itf4:nuts2,2014,2026-09-15T16:28:02.595641+00:00,103.1,final,2014-01-01,2014-12-31,1,2026-09-15T16:28:02.595641+00:00
VALUE_ADDED_GROWTH_NUTS2,itf4:nuts2,2015,2026-09-15T16:28:02.595641+00:00,104.4,final,2015-01-01,2015-12-31,1,2026-09-15T16:28:02.595641+00:00
VALUE_ADDED_GROWTH_NUTS2,itf4:nuts2,2016,2026-09-15T16:28:02.595641+00:00,105.2,final,2016-01-01,2016-12-31,1,2026-09-15T16:28:02.595641+00:00
VALUE_ADDED_GROWTH_NUTS2,itf4:nuts2,2017,2026-09-15T16:28:02.595641+00:00,105.8,final,2017-01-01,2017-12-31,1,2026-09-15T16:28:02.595641+00:00
VALUE_ADDED_GROWTH_NUTS2,itf4:nuts2,2018,2026-09-15T16:28:02.595641+00:00,106.7,final,2018-01-01,2018-12-31,1,2026-09-15T16:28:02.595641+00:00
VALUE_ADDED_GROWTH_NUTS2,itf4:nuts2,2019,2026-09-15T16:28:02.595641+00:00,107.1,final,2019-01-01,2019-12-31,1,2026-09-15T16:28:02.595641+00:00
VALUE_ADDED_GROWTH_NUTS2,itf4:nuts2,2020,2026-09-15T16:28:02.595641+00:00,100.0,final,2020-01-01,2020-12-31,1,2026-09-15T16:28:02.595641+00:00
VALUE_ADDED_GROWTH_NUTS2,itf4:nuts2,2021,2026-09-15T16:28:02.595641+00:00,109.0,final,2021-01-01,2021-12-31,1,2026-09-15T16:28:02.595641+00:00
VALUE_ADDED_GROWTH_NUTS2,itf4:nuts2,2022,2026-09-15T16:28:02.595641+00:00,115.2,final,2022-01-01,2022-12-31,1,2026-09-15T16:28:02.595641+00:00
VALUE_ADDED_GROWTH_NUTS2,itf4:nuts2,2023,2026-09-15T16:28:02.595641+00:00,116.1,final,2023-01-01,2023-12-31,1,2026-09-15T16:28:02.595641+00:00
VALUE_ADDED_GROWTH_NUTS2,itf4:nuts2,2024,2026-09-15T16:28:02.595641+00:00,115.9,final,2024-01-01,2024-12-31,1,2026-09-15T16:28:02.595641+00:00
VALUE_ADDED_GROWTH_NUTS2,itf5:nuts2,2000,2026-09-15T16:28:02.595641+00:00,107.1,final,2000-01-01,2000-12-31,1,2026-09-15T16:28:02.595641+00:00
VALUE_ADDED_GROWTH_NUTS2,itf5:nuts2,2001,2026-09-15T16:28:02.595641+00:00,106.7,final,2001-01-01,2001-12-31,1,2026-09-15T16:28:02.595641+00:00
VALUE_ADDED_GROWTH_NUTS2,itf5:nuts2,2002,2026-09-15T16:28:02.595641+00:00,106.3,final,2002-01-01,2002-12-31,1,2026-09-15T16:28:02.595641+00:00
VALUE_ADDED_GROWTH_NUTS2,itf5:nuts2,2003,2026-09-15T16:28:02.595641+00:00,103.5,final,2003-01-01,2003-12-31,1,2026-09-15T16:28:02.595641+00:00
VALUE_ADDED_GROWTH_NUTS2,itf5:nuts2,2004,2026-09-15T16:28:02.595641+00:00,104.8,final,2004-01-01,2004-12-31,1,2026-09-15T16:28:02.595641+00:00
VALUE_ADDED_GROWTH_NUTS2,itf5:nuts2,2005,2026-09-15T16:28:02.595641+00:00,103.6,final,2005-01-01,2005-12-31,1,2026-09-15T16:28:02.595641+00:00
VALUE_ADDED_GROWTH_NUTS2,itf5:nuts2,2006,2026-09-15T16:28:02.595641+00:00,106.1,final,2006-01-01,2006-12-31,1,2026-09-15T16:28:02.595641+00:00
VALUE_ADDED_GROWTH_NUTS2,itf5:nuts2,2007,2026-09-15T16:28:02.595641+00:00,108.1,final,2007-01-01,2007-12-31,1,2026-09-15T16:28:02.595641+00:00
VALUE_ADDED_GROWTH_NUTS2,itf5:nuts2,2008,2026-09-15T16:28:02.595641+00:00,105.2,final,2008-01-01,2008-12-31,1,2026-09-15T16:28:02.595641+00:00
VALUE_ADDED_GROWTH_NUTS2,itf5:nuts2,2009,2026-09-15T16:28:02.595641+00:00,99.0,final,2009-01-01,2009-12-31,1,2026-09-15T16:28:02.595641+00:00
VALUE_ADDED_GROWTH_NUTS2,itf5:nuts2,2010,2026-09-15T16:28:02.595641+00:00,96.1,final,2010-01-01,2010-12-31,1,2026-09-15T16:28:02.595641+00:00
VALUE_ADDED_GROWTH_NUTS2,itf5:nuts2,2011,2026-09-15T16:28:02.595641+00:00,97.9,final,2011-01-01,2011-12-31,1,2026-09-15T16:28:02.595641+00:00
VALUE_ADDED_GROWTH_NUTS2,itf5:nuts2,2012,2026-09-15T16:28:02.595641+00:00,95.4,final,2012-01-01,2012-12-31,1,2026-09-15T16:28:02.595641+00:00
VALUE_ADDED_GROWTH_NUTS2,itf5:nuts2,2013,2026-09-15T16:28:02.595641+00:00,97.4,final,2013-01-01,2013-12-31,1,2026-09-15T16:28:02.595641+00:00
VALUE_ADDED_GROWTH_NUTS2,itf5:nuts2,2014,2026-09-15T16:28:02.595641+00:00,96.0,final,2014-01-01,2014-12-31,1,2026-09-15T16:28:02.595641+00:00
VALUE_ADDED_GROWTH_NUTS2,itf5:nuts2,2015,2026-09-15T16:28:02.595641+00:00,104.6,final,2015-01-01,2015-12-31,1,2026-09-15T16:28:02.595641+00:00
VALUE_ADDED_GROWTH_NUTS2,itf5:nuts2,2016,2026-09-15T16:28:02.595641+00:00,108.2,final,2016-01-01,2016-12-31,1,2026-09-15T16:28:02.595641+00:00
VALUE_ADDED_GROWTH_NUTS2,itf5:nuts2,2017,2026-09-15T16:28:02.595641+00:00,108.6,final,2017-01-01,2017-12-31,1,2026-09-15T16:28:02.595641+00:00
VALUE_ADDED_GROWTH_NUTS2,itf5:nuts2,2018,2026-09-15T16:28:02.595641+00:00,111.4,final,2018-01-01,2018-12-31,1,2026-09-15T16:28:02.595641+00:00
VALUE_ADDED_GROWTH_NUTS2,itf5:nuts2,2019,2026-09-15T16:28:02.595641+00:00,109.9,final,2019-01-01,2019-12-31,1,2026-09-15T16:28:02.595641+00:00
VALUE_ADDED_GROWTH_NUTS2,itf5:nuts2,2020,2026-09-15T16:28:02.595641+00:00,100.0,final,2020-01-01,2020-12-31,1,2026-09-15T16:28:02.595641+00:00
VALUE_ADDED_GROWTH_NUTS2,itf5:nuts2,2021,2026-09-15T16:28:02.595641+00:00,110.2,final,2021-01-01,2021-12-31,1,2026-09-15T16:28:02.595641+00:00
VALUE_ADDED_GROWTH_NUTS2,itf5:nuts2,2022,2026-09-15T16:28:02.595641+00:00,111.5,final,2022-01-01,2022-12-31,1,2026-09-15T16:28:02.595641+00:00
VALUE_ADDED_GROWTH_NUTS2,itf5:nuts2,2023,2026-09-15T16:28:02.595641+00:00,112.7,final,2023-01-01,2023-12-31,1,2026-09-15T16:28:02.595641+00:00
VALUE_ADDED_GROWTH_NUTS2,itf5:nuts2,2024,2026-09-15T16:28:02.595641+00:00,113.8,final,2024-01-01,2024-12-31,1,2026-09-15T16:28:02.595641+00:00
VALUE_ADDED_GROWTH_NUTS2,itf6:nuts2,2000,2026-09-15T16:28:02.595641+00:00,120.6,final,2000-01-01,2000-12-31,1,2026-09-15T16:28:02.595641+00:00
VALUE_ADDED_GROWTH_NUTS2,itf6:nuts2,2001,2026-09-15T16:28:02.595641+00:00,122.9,final,2001-01-01,2001-12-31,1,2026-09-15T16:28:02.595641+00:00
VALUE_ADDED_GROWTH_NUTS2,itf6:nuts2,2002,2026-09-15T16:28:02.595641+00:00,121.3,final,2002-01-01,2002-12-31,1,2026-09-15T16:28:02.595641+00:00
VALUE_ADDED_GROWTH_NUTS2,itf6:nuts2,2003,2026-09-15T16:28:02.595641+00:00,121.3,final,2003-01-01,2003-12-31,1,2026-09-15T16:28:02.595641+00:00
VALUE_ADDED_GROWTH_NUTS2,itf6:nuts2,2004,2026-09-15T16:28:02.595641+00:00,124.0,final,2004-01-01,2004-12-31,1,2026-09-15T16:28:02.595641+00:00
VALUE_ADDED_GROWTH_NUTS2,itf6:nuts2,2005,2026-09-15T16:28:02.595641+00:00,123.1,final,2005-01-01,2005-12-31,1,2026-09-15T16:28:02.595641+00:00
VALUE_ADDED_GROWTH_NUTS2,itf6:nuts2,2006,2026-09-15T16:28:02.595641+00:00,124.2,final,2006-01-01,2006-12-31,1,2026-09-15T16:28:02.595641+00:00
VALUE_ADDED_GROWTH_NUTS2,itf6:nuts2,2007,2026-09-15T16:28:02.595641+00:00,125.3,final,2007-01-01,2007-12-31,1,2026-09-15T16:28:02.595641+00:00
VALUE_ADDED_GROWTH_NUTS2,itf6:nuts2,2008,2026-09-15T16:28:02.595641+00:00,124.1,final,2008-01-01,2008-12-31,1,2026-09-15T16:28:02.595641+00:00
VALUE_ADDED_GROWTH_NUTS2,itf6:nuts2,2009,2026-09-15T16:28:02.595641+00:00,118.7,final,2009-01-01,2009-12-31,1,2026-09-15T16:28:02.595641+00:00
VALUE_ADDED_GROWTH_NUTS2,itf6:nuts2,2010,2026-09-15T16:28:02.595641+00:00,117.6,final,2010-01-01,2010-12-31,1,2026-09-15T16:28:02.595641+00:00
VALUE_ADDED_GROWTH_NUTS2,itf6:nuts2,2011,2026-09-15T16:28:02.595641+00:00,116.6,final,2011-01-01,2011-12-31,1,2026-09-15T16:28:02.595641+00:00
VALUE_ADDED_GROWTH_NUTS2,itf6:nuts2,2012,2026-09-15T16:28:02.595641+00:00,112.2,final,2012-01-01,2012-12-31,1,2026-09-15T16:28:02.595641+00:00
VALUE_ADDED_GROWTH_NUTS2,itf6:nuts2,2013,2026-09-15T16:28:02.595641+00:00,108.8,final,2013-01-01,2013-12-31,1,2026-09-15T16:28:02.595641+00:00
VALUE_ADDED_GROWTH_NUTS2,itf6:nuts2,2014,2026-09-15T16:28:02.595641+00:00,107.6,final,2014-01-01,2014-12-31,1,2026-09-15T16:28:02.595641+00:00
VALUE_ADDED_GROWTH_NUTS2,itf6:nuts2,2015,2026-09-15T16:28:02.595641+00:00,109.6,final,2015-01-01,2015-12-31,1,2026-09-15T16:28:02.595641+00:00
VALUE_ADDED_GROWTH_NUTS2,itf6:nuts2,2016,2026-09-15T16:28:02.595641+00:00,108.9,final,2016-01-01,2016-12-31,1,2026-09-15T16:28:02.595641+00:00
VALUE_ADDED_GROWTH_NUTS2,itf6:nuts2,2017,2026-09-15T16:28:02.595641+00:00,109.6,final,2017-01-01,2017-12-31,1,2026-09-15T16:28:02.595641+00:00
VALUE_ADDED_GROWTH_NUTS2,itf6:nuts2,2018,2026-09-15T16:28:02.595641+00:00,108.6,final,2018-01-01,2018-12-31,1,2026-09-15T16:28:02.595641+00:00
VALUE_ADDED_GROWTH_NUTS2,itf6:nuts2,2019,2026-09-15T16:28:02.595641+00:00,108.6,final,2019-01-01,2019-12-31,1,2026-09-15T16:28:02.595641+00:00
VALUE_ADDED_GROWTH_NUTS2,itf6:nuts2,2020,2026-09-15T16:28:02.595641+00:00,100.0,final,2020-01-01,2020-12-31,1,2026-09-15T16:28:02.595641+00:00
VALUE_ADDED_GROWTH_NUTS2,itf6:nuts2,2021,2026-09-15T16:28:02.595641+00:00,108.0,final,2021-01-01,2021-12-31,1,2026-09-15T16:28:02.595641+00:00
VALUE_ADDED_GROWTH_NUTS2,itf6:nuts2,2022,2026-09-15T16:28:02.595641+00:00,112.2,final,2022-01-01,2022-12-31,1,2026-09-15T16:28:02.595641+00:00
VALUE_ADDED_GROWTH_NUTS2,itf6:nuts2,2023,2026-09-15T16:28:02.595641+00:00,113.6,final,2023-01-01,2023-12-31,1,2026-09-15T16:28:02.595641+00:00
VALUE_ADDED_GROWTH_NUTS2,itf6:nuts2,2024,2026-09-15T16:28:02.595641+00:00,112.8,final,2024-01-01,2024-12-31,1,2026-09-15T16:28:02.595641+00:00
VALUE_ADDED_GROWTH_NUTS2,itg1:nuts2,2000,2026-09-15T16:28:02.595641+00:00,116.7,final,2000-01-01,2000-12-31,1,2026-09-15T16:28:02.595641+00:00
VALUE_ADDED_GROWTH_NUTS2,itg1:nuts2,2001,2026-09-15T16:28:02.595641+00:00,119.4,final,2001-01-01,2001-12-31,1,2026-09-15T16:28:02.595641+00:00
VALUE_ADDED_GROWTH_NUTS2,itg1:nuts2,2002,2026-09-15T16:28:02.595641+00:00,118.8,final,2002-01-01,2002-12-31,1,2026-09-15T16:28:02.595641+00:00
VALUE_ADDED_GROWTH_NUTS2,itg1:nuts2,2003,2026-09-15T16:28:02.595641+00:00,118.7,final,2003-01-01,2003-12-31,1,2026-09-15T16:28:02.595641+00:00
VALUE_ADDED_GROWTH_NUTS2,itg1:nuts2,2004,2026-09-15T16:28:02.595641+00:00,119.4,final,2004-01-01,2004-12-31,1,2026-09-15T16:28:02.595641+00:00
VALUE_ADDED_GROWTH_NUTS2,itg1:nuts2,2005,2026-09-15T16:28:02.595641+00:00,122.0,final,2005-01-01,2005-12-31,1,2026-09-15T16:28:02.595641+00:00
VALUE_ADDED_GROWTH_NUTS2,itg1:nuts2,2006,2026-09-15T16:28:02.595641+00:00,124.1,final,2006-01-01,2006-12-31,1,2026-09-15T16:28:02.595641+00:00
VALUE_ADDED_GROWTH_NUTS2,itg1:nuts2,2007,2026-09-15T16:28:02.595641+00:00,123.9,final,2007-01-01,2007-12-31,1,2026-09-15T16:28:02.595641+00:00
VALUE_ADDED_GROWTH_NUTS2,itg1:nuts2,2008,2026-09-15T16:28:02.595641+00:00,122.2,final,2008-01-01,2008-12-31,1,2026-09-15T16:28:02.595641+00:00
VALUE_ADDED_GROWTH_NUTS2,itg1:nuts2,2009,2026-09-15T16:28:02.595641+00:00,116.8,final,2009-01-01,2009-12-31,1,2026-09-15T16:28:02.595641+00:00
VALUE_ADDED_GROWTH_NUTS2,itg1:nuts2,2010,2026-09-15T16:28:02.595641+00:00,116.1,final,2010-01-01,2010-12-31,1,2026-09-15T16:28:02.595641+00:00
VALUE_ADDED_GROWTH_NUTS2,itg1:nuts2,2011,2026-09-15T16:28:02.595641+00:00,114.4,final,2011-01-01,2011-12-31,1,2026-09-15T16:28:02.595641+00:00
VALUE_ADDED_GROWTH_NUTS2,itg1:nuts2,2012,2026-09-15T16:28:02.595641+00:00,111.9,final,2012-01-01,2012-12-31,1,2026-09-15T16:28:02.595641+00:00
VALUE_ADDED_GROWTH_NUTS2,itg1:nuts2,2013,2026-09-15T16:28:02.595641+00:00,110.0,final,2013-01-01,2013-12-31,1,2026-09-15T16:28:02.595641+00:00
VALUE_ADDED_GROWTH_NUTS2,itg1:nuts2,2014,2026-09-15T16:28:02.595641+00:00,107.3,final,2014-01-01,2014-12-31,1,2026-09-15T16:28:02.595641+00:00
VALUE_ADDED_GROWTH_NUTS2,itg1:nuts2,2015,2026-09-15T16:28:02.595641+00:00,108.2,final,2015-01-01,2015-12-31,1,2026-09-15T16:28:02.595641+00:00
VALUE_ADDED_GROWTH_NUTS2,itg1:nuts2,2016,2026-09-15T16:28:02.595641+00:00,108.5,final,2016-01-01,2016-12-31,1,2026-09-15T16:28:02.595641+00:00
VALUE_ADDED_GROWTH_NUTS2,itg1:nuts2,2017,2026-09-15T16:28:02.595641+00:00,109.2,final,2017-01-01,2017-12-31,1,2026-09-15T16:28:02.595641+00:00
VALUE_ADDED_GROWTH_NUTS2,itg1:nuts2,2018,2026-09-15T16:28:02.595641+00:00,108.2,final,2018-01-01,2018-12-31,1,2026-09-15T16:28:02.595641+00:00
VALUE_ADDED_GROWTH_NUTS2,itg1:nuts2,2019,2026-09-15T16:28:02.595641+00:00,108.4,final,2019-01-01,2019-12-31,1,2026-09-15T16:28:02.595641+00:00
VALUE_ADDED_GROWTH_NUTS2,itg1:nuts2,2020,2026-09-15T16:28:02.595641+00:00,100.0,final,2020-01-01,2020-12-31,1,2026-09-15T16:28:02.595641+00:00
VALUE_ADDED_GROWTH_NUTS2,itg1:nuts2,2021,2026-09-15T16:28:02.595641+00:00,108.5,final,2021-01-01,2021-12-31,1,2026-09-15T16:28:02.595641+00:00
VALUE_ADDED_GROWTH_NUTS2,itg1:nuts2,2022,2026-09-15T16:28:02.595641+00:00,117.1,final,2022-01-01,2022-12-31,1,2026-09-15T16:28:02.595641+00:00
VALUE_ADDED_GROWTH_NUTS2,itg1:nuts2,2023,2026-09-15T16:28:02.595641+00:00,117.3,final,2023-01-01,2023-12-31,1,2026-09-15T16:28:02.595641+00:00
VALUE_ADDED_GROWTH_NUTS2,itg1:nuts2,2024,2026-09-15T16:28:02.595641+00:00,119.5,final,2024-01-01,2024-12-31,1,2026-09-15T16:28:02.595641+00:00
VALUE_ADDED_GROWTH_NUTS2,itg2:nuts2,2000,2026-09-15T16:28:02.595641+00:00,107.6,final,2000-01-01,2000-12-31,1,2026-09-15T16:28:02.595641+00:00
VALUE_ADDED_GROWTH_NUTS2,itg2:nuts2,2001,2026-09-15T16:28:02.595641+00:00,110.3,final,2001-01-01,2001-12-31,1,2026-09-15T16:28:02.595641+00:00
VALUE_ADDED_GROWTH_NUTS2,itg2:nuts2,2002,2026-09-15T16:28:02.595641+00:00,109.4,final,2002-01-01,2002-12-31,1,2026-09-15T16:28:02.595641+00:00
VALUE_ADDED_GROWTH_NUTS2,itg2:nuts2,2003,2026-09-15T16:28:02.595641+00:00,111.5,final,2003-01-01,2003-12-31,1,2026-09-15T16:28:02.595641+00:00
VALUE_ADDED_GROWTH_NUTS2,itg2:nuts2,2004,2026-09-15T16:28:02.595641+00:00,113.1,final,2004-01-01,2004-12-31,1,2026-09-15T16:28:02.595641+00:00
VALUE_ADDED_GROWTH_NUTS2,itg2:nuts2,2005,2026-09-15T16:28:02.595641+00:00,112.6,final,2005-01-01,2005-12-31,1,2026-09-15T16:28:02.595641+00:00
VALUE_ADDED_GROWTH_NUTS2,itg2:nuts2,2006,2026-09-15T16:28:02.595641+00:00,114.1,final,2006-01-01,2006-12-31,1,2026-09-15T16:28:02.595641+00:00
VALUE_ADDED_GROWTH_NUTS2,itg2:nuts2,2007,2026-09-15T16:28:02.595641+00:00,115.0,final,2007-01-01,2007-12-31,1,2026-09-15T16:28:02.595641+00:00
VALUE_ADDED_GROWTH_NUTS2,itg2:nuts2,2008,2026-09-15T16:28:02.595641+00:00,115.3,final,2008-01-01,2008-12-31,1,2026-09-15T16:28:02.595641+00:00
VALUE_ADDED_GROWTH_NUTS2,itg2:nuts2,2009,2026-09-15T16:28:02.595641+00:00,111.0,final,2009-01-01,2009-12-31,1,2026-09-15T16:28:02.595641+00:00
VALUE_ADDED_GROWTH_NUTS2,itg2:nuts2,2010,2026-09-15T16:28:02.595641+00:00,110.8,final,2010-01-01,2010-12-31,1,2026-09-15T16:28:02.595641+00:00
VALUE_ADDED_GROWTH_NUTS2,itg2:nuts2,2011,2026-09-15T16:28:02.595641+00:00,111.0,final,2011-01-01,2011-12-31,1,2026-09-15T16:28:02.595641+00:00
VALUE_ADDED_GROWTH_NUTS2,itg2:nuts2,2012,2026-09-15T16:28:02.595641+00:00,109.9,final,2012-01-01,2012-12-31,1,2026-09-15T16:28:02.595641+00:00
VALUE_ADDED_GROWTH_NUTS2,itg2:nuts2,2013,2026-09-15T16:28:02.595641+00:00,106.9,final,2013-01-01,2013-12-31,1,2026-09-15T16:28:02.595641+00:00
VALUE_ADDED_GROWTH_NUTS2,itg2:nuts2,2014,2026-09-15T16:28:02.595641+00:00,106.2,final,2014-01-01,2014-12-31,1,2026-09-15T16:28:02.595641+00:00
VALUE_ADDED_GROWTH_NUTS2,itg2:nuts2,2015,2026-09-15T16:28:02.595641+00:00,109.3,final,2015-01-01,2015-12-31,1,2026-09-15T16:28:02.595641+00:00
VALUE_ADDED_GROWTH_NUTS2,itg2:nuts2,2016,2026-09-15T16:28:02.595641+00:00,106.7,final,2016-01-01,2016-12-31,1,2026-09-15T16:28:02.595641+00:00
VALUE_ADDED_GROWTH_NUTS2,itg2:nuts2,2017,2026-09-15T16:28:02.595641+00:00,107.5,final,2017-01-01,2017-12-31,1,2026-09-15T16:28:02.595641+00:00
VALUE_ADDED_GROWTH_NUTS2,itg2:nuts2,2018,2026-09-15T16:28:02.595641+00:00,107.9,final,2018-01-01,2018-12-31,1,2026-09-15T16:28:02.595641+00:00
VALUE_ADDED_GROWTH_NUTS2,itg2:nuts2,2019,2026-09-15T16:28:02.595641+00:00,109.3,final,2019-01-01,2019-12-31,1,2026-09-15T16:28:02.595641+00:00
VALUE_ADDED_GROWTH_NUTS2,itg2:nuts2,2020,2026-09-15T16:28:02.595641+00:00,100.0,final,2020-01-01,2020-12-31,1,2026-09-15T16:28:02.595641+00:00
VALUE_ADDED_GROWTH_NUTS2,itg2:nuts2,2021,2026-09-15T16:28:02.595641+00:00,108.5,final,2021-01-01,2021-12-31,1,2026-09-15T16:28:02.595641+00:00
VALUE_ADDED_GROWTH_NUTS2,itg2:nuts2,2022,2026-09-15T16:28:02.595641+00:00,115.4,final,2022-01-01,2022-12-31,1,2026-09-15T16:28:02.595641+00:00
VALUE_ADDED_GROWTH_NUTS2,itg2:nuts2,2023,2026-09-15T16:28:02.595641+00:00,118.9,final,2023-01-01,2023-12-31,1,2026-09-15T16:28:02.595641+00:00
VALUE_ADDED_GROWTH_NUTS2,itg2:nuts2,2024,2026-09-15T16:28:02.595641+00:00,120.4,final,2024-01-01,2024-12-31,1,2026-09-15T16:28:02.595641+00:00
VALUE_ADDED_GROWTH_NUTS2,ith1:nuts2,2000,2026-09-15T16:28:02.595641+00:00,84.8,final,2000-01-01,2000-12-31,1,2026-09-15T16:28:02.595641+00:00
VALUE_ADDED_GROWTH_NUTS2,ith1:nuts2,2001,2026-09-15T16:28:02.595641+00:00,85.0,final,2001-01-01,2001-12-31,1,2026-09-15T16:28:02.595641+00:00
VALUE_ADDED_GROWTH_NUTS2,ith1:nuts2,2002,2026-09-15T16:28:02.595641+00:00,83.4,final,2002-01-01,2002-12-31,1,2026-09-15T16:28:02.595641+00:00
VALUE_ADDED_GROWTH_NUTS2,ith1:nuts2,2003,2026-09-15T16:28:02.595641+00:00,84.1,final,2003-01-01,2003-12-31,1,2026-09-15T16:28:02.595641+00:00
VALUE_ADDED_GROWTH_NUTS2,ith1:nuts2,2004,2026-09-15T16:28:02.595641+00:00,87.0,final,2004-01-01,2004-12-31,1,2026-09-15T16:28:02.595641+00:00
VALUE_ADDED_GROWTH_NUTS2,ith1:nuts2,2005,2026-09-15T16:28:02.595641+00:00,86.9,final,2005-01-01,2005-12-31,1,2026-09-15T16:28:02.595641+00:00
VALUE_ADDED_GROWTH_NUTS2,ith1:nuts2,2006,2026-09-15T16:28:02.595641+00:00,90.1,final,2006-01-01,2006-12-31,1,2026-09-15T16:28:02.595641+00:00
VALUE_ADDED_GROWTH_NUTS2,ith1:nuts2,2007,2026-09-15T16:28:02.595641+00:00,92.0,final,2007-01-01,2007-12-31,1,2026-09-15T16:28:02.595641+00:00
VALUE_ADDED_GROWTH_NUTS2,ith1:nuts2,2008,2026-09-15T16:28:02.595641+00:00,92.4,final,2008-01-01,2008-12-31,1,2026-09-15T16:28:02.595641+00:00
VALUE_ADDED_GROWTH_NUTS2,ith1:nuts2,2009,2026-09-15T16:28:02.595641+00:00,90.9,final,2009-01-01,2009-12-31,1,2026-09-15T16:28:02.595641+00:00
VALUE_ADDED_GROWTH_NUTS2,ith1:nuts2,2010,2026-09-15T16:28:02.595641+00:00,93.6,final,2010-01-01,2010-12-31,1,2026-09-15T16:28:02.595641+00:00
VALUE_ADDED_GROWTH_NUTS2,ith1:nuts2,2011,2026-09-15T16:28:02.595641+00:00,95.8,final,2011-01-01,2011-12-31,1,2026-09-15T16:28:02.595641+00:00
VALUE_ADDED_GROWTH_NUTS2,ith1:nuts2,2012,2026-09-15T16:28:02.595641+00:00,97.9,final,2012-01-01,2012-12-31,1,2026-09-15T16:28:02.595641+00:00
VALUE_ADDED_GROWTH_NUTS2,ith1:nuts2,2013,2026-09-15T16:28:02.595641+00:00,98.2,final,2013-01-01,2013-12-31,1,2026-09-15T16:28:02.595641+00:00
VALUE_ADDED_GROWTH_NUTS2,ith1:nuts2,2014,2026-09-15T16:28:02.595641+00:00,98.8,final,2014-01-01,2014-12-31,1,2026-09-15T16:28:02.595641+00:00
VALUE_ADDED_GROWTH_NUTS2,ith1:nuts2,2015,2026-09-15T16:28:02.595641+00:00,100.7,final,2015-01-01,2015-12-31,1,2026-09-15T16:28:02.595641+00:00
VALUE_ADDED_GROWTH_NUTS2,ith1:nuts2,2016,2026-09-15T16:28:02.595641+00:00,101.8,final,2016-01-01,2016-12-31,1,2026-09-15T16:28:02.595641+00:00
VALUE_ADDED_GROWTH_NUTS2,ith1:nuts2,2017,2026-09-15T16:28:02.595641+00:00,103.8,final,2017-01-01,2017-12-31,1,2026-09-15T16:28:02.595641+00:00
VALUE_ADDED_GROWTH_NUTS2,ith1:nuts2,2018,2026-09-15T16:28:02.595641+00:00,107.5,final,2018-01-01,2018-12-31,1,2026-09-15T16:28:02.595641+00:00
VALUE_ADDED_GROWTH_NUTS2,ith1:nuts2,2019,2026-09-15T16:28:02.595641+00:00,109.1,final,2019-01-01,2019-12-31,1,2026-09-15T16:28:02.595641+00:00
VALUE_ADDED_GROWTH_NUTS2,ith1:nuts2,2020,2026-09-15T16:28:02.595641+00:00,100.0,final,2020-01-01,2020-12-31,1,2026-09-15T16:28:02.595641+00:00
VALUE_ADDED_GROWTH_NUTS2,ith1:nuts2,2021,2026-09-15T16:28:02.595641+00:00,106.6,final,2021-01-01,2021-12-31,1,2026-09-15T16:28:02.595641+00:00
VALUE_ADDED_GROWTH_NUTS2,ith1:nuts2,2022,2026-09-15T16:28:02.595641+00:00,113.4,final,2022-01-01,2022-12-31,1,2026-09-15T16:28:02.595641+00:00
VALUE_ADDED_GROWTH_NUTS2,ith1:nuts2,2023,2026-09-15T16:28:02.595641+00:00,116.5,final,2023-01-01,2023-12-31,1,2026-09-15T16:28:02.595641+00:00
VALUE_ADDED_GROWTH_NUTS2,ith1:nuts2,2024,2026-09-15T16:28:02.595641+00:00,115.2,final,2024-01-01,2024-12-31,1,2026-09-15T16:28:02.595641+00:00
VALUE_ADDED_GROWTH_NUTS2,ith2:nuts2,2000,2026-09-15T16:28:02.595641+00:00,95.2,final,2000-01-01,2000-12-31,1,2026-09-15T16:28:02.595641+00:00
VALUE_ADDED_GROWTH_NUTS2,ith2:nuts2,2001,2026-09-15T16:28:02.595641+00:00,96.5,final,2001-01-01,2001-12-31,1,2026-09-15T16:28:02.595641+00:00
VALUE_ADDED_GROWTH_NUTS2,ith2:nuts2,2002,2026-09-15T16:28:02.595641+00:00,95.7,final,2002-01-01,2002-12-31,1,2026-09-15T16:28:02.595641+00:00
VALUE_ADDED_GROWTH_NUTS2,ith2:nuts2,2003,2026-09-15T16:28:02.595641+00:00,95.9,final,2003-01-01,2003-12-31,1,2026-09-15T16:28:02.595641+00:00
VALUE_ADDED_GROWTH_NUTS2,ith2:nuts2,2004,2026-09-15T16:28:02.595641+00:00,96.9,final,2004-01-01,2004-12-31,1,2026-09-15T16:28:02.595641+00:00
VALUE_ADDED_GROWTH_NUTS2,ith2:nuts2,2005,2026-09-15T16:28:02.595641+00:00,97.4,final,2005-01-01,2005-12-31,1,2026-09-15T16:28:02.595641+00:00
VALUE_ADDED_GROWTH_NUTS2,ith2:nuts2,2006,2026-09-15T16:28:02.595641+00:00,98.7,final,2006-01-01,2006-12-31,1,2026-09-15T16:28:02.595641+00:00
VALUE_ADDED_GROWTH_NUTS2,ith2:nuts2,2007,2026-09-15T16:28:02.595641+00:00,100.7,final,2007-01-01,2007-12-31,1,2026-09-15T16:28:02.595641+00:00
VALUE_ADDED_GROWTH_NUTS2,ith2:nuts2,2008,2026-09-15T16:28:02.595641+00:00,99.6,final,2008-01-01,2008-12-31,1,2026-09-15T16:28:02.595641+00:00
VALUE_ADDED_GROWTH_NUTS2,ith2:nuts2,2009,2026-09-15T16:28:02.595641+00:00,96.6,final,2009-01-01,2009-12-31,1,2026-09-15T16:28:02.595641+00:00
VALUE_ADDED_GROWTH_NUTS2,ith2:nuts2,2010,2026-09-15T16:28:02.595641+00:00,99.2,final,2010-01-01,2010-12-31,1,2026-09-15T16:28:02.595641+00:00
VALUE_ADDED_GROWTH_NUTS2,ith2:nuts2,2011,2026-09-15T16:28:02.595641+00:00,99.8,final,2011-01-01,2011-12-31,1,2026-09-15T16:28:02.595641+00:00
VALUE_ADDED_GROWTH_NUTS2,ith2:nuts2,2012,2026-09-15T16:28:02.595641+00:00,99.1,final,2012-01-01,2012-12-31,1,2026-09-15T16:28:02.595641+00:00
VALUE_ADDED_GROWTH_NUTS2,ith2:nuts2,2013,2026-09-15T16:28:02.595641+00:00,99.8,final,2013-01-01,2013-12-31,1,2026-09-15T16:28:02.595641+00:00
VALUE_ADDED_GROWTH_NUTS2,ith2:nuts2,2014,2026-09-15T16:28:02.595641+00:00,99.8,final,2014-01-01,2014-12-31,1,2026-09-15T16:28:02.595641+00:00
VALUE_ADDED_GROWTH_NUTS2,ith2:nuts2,2015,2026-09-15T16:28:02.595641+00:00,99.2,final,2015-01-01,2015-12-31,1,2026-09-15T16:28:02.595641+00:00
VALUE_ADDED_GROWTH_NUTS2,ith2:nuts2,2016,2026-09-15T16:28:02.595641+00:00,101.1,final,2016-01-01,2016-12-31,1,2026-09-15T16:28:02.595641+00:00
VALUE_ADDED_GROWTH_NUTS2,ith2:nuts2,2017,2026-09-15T16:28:02.595641+00:00,102.7,final,2017-01-01,2017-12-31,1,2026-09-15T16:28:02.595641+00:00
VALUE_ADDED_GROWTH_NUTS2,ith2:nuts2,2018,2026-09-15T16:28:02.595641+00:00,105.9,final,2018-01-01,2018-12-31,1,2026-09-15T16:28:02.595641+00:00
VALUE_ADDED_GROWTH_NUTS2,ith2:nuts2,2019,2026-09-15T16:28:02.595641+00:00,107.7,final,2019-01-01,2019-12-31,1,2026-09-15T16:28:02.595641+00:00
VALUE_ADDED_GROWTH_NUTS2,ith2:nuts2,2020,2026-09-15T16:28:02.595641+00:00,100.0,final,2020-01-01,2020-12-31,1,2026-09-15T16:28:02.595641+00:00
VALUE_ADDED_GROWTH_NUTS2,ith2:nuts2,2021,2026-09-15T16:28:02.595641+00:00,107.0,final,2021-01-01,2021-12-31,1,2026-09-15T16:28:02.595641+00:00
VALUE_ADDED_GROWTH_NUTS2,ith2:nuts2,2022,2026-09-15T16:28:02.595641+00:00,113.0,final,2022-01-01,2022-12-31,1,2026-09-15T16:28:02.595641+00:00
VALUE_ADDED_GROWTH_NUTS2,ith2:nuts2,2023,2026-09-15T16:28:02.595641+00:00,113.4,final,2023-01-01,2023-12-31,1,2026-09-15T16:28:02.595641+00:00
VALUE_ADDED_GROWTH_NUTS2,ith2:nuts2,2024,2026-09-15T16:28:02.595641+00:00,114.0,final,2024-01-01,2024-12-31,1,2026-09-15T16:28:02.595641+00:00
VALUE_ADDED_GROWTH_NUTS2,ith3:nuts2,2000,2026-09-15T16:28:02.595641+00:00,101.1,final,2000-01-01,2000-12-31,1,2026-09-15T16:28:02.595641+00:00
VALUE_ADDED_GROWTH_NUTS2,ith3:nuts2,2001,2026-09-15T16:28:02.595641+00:00,101.8,final,2001-01-01,2001-12-31,1,2026-09-15T16:28:02.595641+00:00
VALUE_ADDED_GROWTH_NUTS2,ith3:nuts2,2002,2026-09-15T16:28:02.595641+00:00,100.6,final,2002-01-01,2002-12-31,1,2026-09-15T16:28:02.595641+00:00
VALUE_ADDED_GROWTH_NUTS2,ith3:nuts2,2003,2026-09-15T16:28:02.595641+00:00,102.4,final,2003-01-01,2003-12-31,1,2026-09-15T16:28:02.595641+00:00
VALUE_ADDED_GROWTH_NUTS2,ith3:nuts2,2004,2026-09-15T16:28:02.595641+00:00,105.4,final,2004-01-01,2004-12-31,1,2026-09-15T16:28:02.595641+00:00
VALUE_ADDED_GROWTH_NUTS2,ith3:nuts2,2005,2026-09-15T16:28:02.595641+00:00,106.5,final,2005-01-01,2005-12-31,1,2026-09-15T16:28:02.595641+00:00
VALUE_ADDED_GROWTH_NUTS2,ith3:nuts2,2006,2026-09-15T16:28:02.595641+00:00,108.5,final,2006-01-01,2006-12-31,1,2026-09-15T16:28:02.595641+00:00
VALUE_ADDED_GROWTH_NUTS2,ith3:nuts2,2007,2026-09-15T16:28:02.595641+00:00,110.5,final,2007-01-01,2007-12-31,1,2026-09-15T16:28:02.595641+00:00
VALUE_ADDED_GROWTH_NUTS2,ith3:nuts2,2008,2026-09-15T16:28:02.595641+00:00,108.3,final,2008-01-01,2008-12-31,1,2026-09-15T16:28:02.595641+00:00
VALUE_ADDED_GROWTH_NUTS2,ith3:nuts2,2009,2026-09-15T16:28:02.595641+00:00,101.9,final,2009-01-01,2009-12-31,1,2026-09-15T16:28:02.595641+00:00
VALUE_ADDED_GROWTH_NUTS2,ith3:nuts2,2010,2026-09-15T16:28:02.595641+00:00,104.0,final,2010-01-01,2010-12-31,1,2026-09-15T16:28:02.595641+00:00
VALUE_ADDED_GROWTH_NUTS2,ith3:nuts2,2011,2026-09-15T16:28:02.595641+00:00,105.9,final,2011-01-01,2011-12-31,1,2026-09-15T16:28:02.595641+00:00
VALUE_ADDED_GROWTH_NUTS2,ith3:nuts2,2012,2026-09-15T16:28:02.595641+00:00,102.7,final,2012-01-01,2012-12-31,1,2026-09-15T16:28:02.595641+00:00
VALUE_ADDED_GROWTH_NUTS2,ith3:nuts2,2013,2026-09-15T16:28:02.595641+00:00,102.1,final,2013-01-01,2013-12-31,1,2026-09-15T16:28:02.595641+00:00
VALUE_ADDED_GROWTH_NUTS2,ith3:nuts2,2014,2026-09-15T16:28:02.595641+00:00,102.5,final,2014-01-01,2014-12-31,1,2026-09-15T16:28:02.595641+00:00
VALUE_ADDED_GROWTH_NUTS2,ith3:nuts2,2015,2026-09-15T16:28:02.595641+00:00,103.7,final,2015-01-01,2015-12-31,1,2026-09-15T16:28:02.595641+00:00
VALUE_ADDED_GROWTH_NUTS2,ith3:nuts2,2016,2026-09-15T16:28:02.595641+00:00,105.6,final,2016-01-01,2016-12-31,1,2026-09-15T16:28:02.595641+00:00
VALUE_ADDED_GROWTH_NUTS2,ith3:nuts2,2017,2026-09-15T16:28:02.595641+00:00,108.0,final,2017-01-01,2017-12-31,1,2026-09-15T16:28:02.595641+00:00
VALUE_ADDED_GROWTH_NUTS2,ith3:nuts2,2018,2026-09-15T16:28:02.595641+00:00,109.1,final,2018-01-01,2018-12-31,1,2026-09-15T16:28:02.595641+00:00
VALUE_ADDED_GROWTH_NUTS2,ith3:nuts2,2019,2026-09-15T16:28:02.595641+00:00,110.2,final,2019-01-01,2019-12-31,1,2026-09-15T16:28:02.595641+00:00
VALUE_ADDED_GROWTH_NUTS2,ith3:nuts2,2020,2026-09-15T16:28:02.595641+00:00,100.0,final,2020-01-01,2020-12-31,1,2026-09-15T16:28:02.595641+00:00
VALUE_ADDED_GROWTH_NUTS2,ith3:nuts2,2021,2026-09-15T16:28:02.595641+00:00,109.4,final,2021-01-01,2021-12-31,1,2026-09-15T16:28:02.595641+00:00
VALUE_ADDED_GROWTH_NUTS2,ith3:nuts2,2022,2026-09-15T16:28:02.595641+00:00,114.8,final,2022-01-01,2022-12-31,1,2026-09-15T16:28:02.595641+00:00
VALUE_ADDED_GROWTH_NUTS2,ith3:nuts2,2023,2026-09-15T16:28:02.595641+00:00,115.4,final,2023-01-01,2023-12-31,1,2026-09-15T16:28:02.595641+00:00
VALUE_ADDED_GROWTH_NUTS2,ith3:nuts2,2024,2026-09-15T16:28:02.595641+00:00,115.2,final,2024-01-01,2024-12-31,1,2026-09-15T16:28:02.595641+00:00
VALUE_ADDED_GROWTH_NUTS2,ith4:nuts2,2000,2026-09-15T16:28:02.595641+00:00,105.8,final,2000-01-01,2000-12-31,1,2026-09-15T16:28:02.595641+00:00
VALUE_ADDED_GROWTH_NUTS2,ith4:nuts2,2001,2026-09-15T16:28:02.595641+00:00,108.2,final,2001-01-01,2001-12-31,1,2026-09-15T16:28:02.595641+00:00
VALUE_ADDED_GROWTH_NUTS2,ith4:nuts2,2002,2026-09-15T16:28:02.595641+00:00,107.4,final,2002-01-01,2002-12-31,1,2026-09-15T16:28:02.595641+00:00
VALUE_ADDED_GROWTH_NUTS2,ith4:nuts2,2003,2026-09-15T16:28:02.595641+00:00,104.1,final,2003-01-01,2003-12-31,1,2026-09-15T16:28:02.595641+00:00
VALUE_ADDED_GROWTH_NUTS2,ith4:nuts2,2004,2026-09-15T16:28:02.595641+00:00,105.2,final,2004-01-01,2004-12-31,1,2026-09-15T16:28:02.595641+00:00
VALUE_ADDED_GROWTH_NUTS2,ith4:nuts2,2005,2026-09-15T16:28:02.595641+00:00,108.2,final,2005-01-01,2005-12-31,1,2026-09-15T16:28:02.595641+00:00
VALUE_ADDED_GROWTH_NUTS2,ith4:nuts2,2006,2026-09-15T16:28:02.595641+00:00,111.2,final,2006-01-01,2006-12-31,1,2026-09-15T16:28:02.595641+00:00
VALUE_ADDED_GROWTH_NUTS2,ith4:nuts2,2007,2026-09-15T16:28:02.595641+00:00,113.4,final,2007-01-01,2007-12-31,1,2026-09-15T16:28:02.595641+00:00
VALUE_ADDED_GROWTH_NUTS2,ith4:nuts2,2008,2026-09-15T16:28:02.595641+00:00,110.4,final,2008-01-01,2008-12-31,1,2026-09-15T16:28:02.595641+00:00
VALUE_ADDED_GROWTH_NUTS2,ith4:nuts2,2009,2026-09-15T16:28:02.595641+00:00,102.3,final,2009-01-01,2009-12-31,1,2026-09-15T16:28:02.595641+00:00
VALUE_ADDED_GROWTH_NUTS2,ith4:nuts2,2010,2026-09-15T16:28:02.595641+00:00,105.7,final,2010-01-01,2010-12-31,1,2026-09-15T16:28:02.595641+00:00
VALUE_ADDED_GROWTH_NUTS2,ith4:nuts2,2011,2026-09-15T16:28:02.595641+00:00,106.0,final,2011-01-01,2011-12-31,1,2026-09-15T16:28:02.595641+00:00
VALUE_ADDED_GROWTH_NUTS2,ith4:nuts2,2012,2026-09-15T16:28:02.595641+00:00,101.3,final,2012-01-01,2012-12-31,1,2026-09-15T16:28:02.595641+00:00
VALUE_ADDED_GROWTH_NUTS2,ith4:nuts2,2013,2026-09-15T16:28:02.595641+00:00,101.7,final,2013-01-01,2013-12-31,1,2026-09-15T16:28:02.595641+00:00
VALUE_ADDED_GROWTH_NUTS2,ith4:nuts2,2014,2026-09-15T16:28:02.595641+00:00,101.3,final,2014-01-01,2014-12-31,1,2026-09-15T16:28:02.595641+00:00
VALUE_ADDED_GROWTH_NUTS2,ith4:nuts2,2015,2026-09-15T16:28:02.595641+00:00,103.5,final,2015-01-01,2015-12-31,1,2026-09-15T16:28:02.595641+00:00
VALUE_ADDED_GROWTH_NUTS2,ith4:nuts2,2016,2026-09-15T16:28:02.595641+00:00,103.2,final,2016-01-01,2016-12-31,1,2026-09-15T16:28:02.595641+00:00
VALUE_ADDED_GROWTH_NUTS2,ith4:nuts2,2017,2026-09-15T16:28:02.595641+00:00,105.1,final,2017-01-01,2017-12-31,1,2026-09-15T16:28:02.595641+00:00
VALUE_ADDED_GROWTH_NUTS2,ith4:nuts2,2018,2026-09-15T16:28:02.595641+00:00,106.7,final,2018-01-01,2018-12-31,1,2026-09-15T16:28:02.595641+00:00
VALUE_ADDED_GROWTH_NUTS2,ith4:nuts2,2019,2026-09-15T16:28:02.595641+00:00,108.2,final,2019-01-01,2019-12-31,1,2026-09-15T16:28:02.595641+00:00
VALUE_ADDED_GROWTH_NUTS2,ith4:nuts2,2020,2026-09-15T16:28:02.595641+00:00,100.0,final,2020-01-01,2020-12-31,1,2026-09-15T16:28:02.595641+00:00
VALUE_ADDED_GROWTH_NUTS2,ith4:nuts2,2021,2026-09-15T16:28:02.595641+00:00,109.3,final,2021-01-01,2021-12-31,1,2026-09-15T16:28:02.595641+00:00
VALUE_ADDED_GROWTH_NUTS2,ith4:nuts2,2022,2026-09-15T16:28:02.595641+00:00,111.3,final,2022-01-01,2022-12-31,1,2026-09-15T16:28:02.595641+00:00
VALUE_ADDED_GROWTH_NUTS2,ith4:nuts2,2023,2026-09-15T16:28:02.595641+00:00,110.7,final,2023-01-01,2023-12-31,1,2026-09-15T16:28:02.595641+00:00
VALUE_ADDED_GROWTH_NUTS2,ith4:nuts2,2024,2026-09-15T16:28:02.595641+00:00,111.8,final,2024-01-01,2024-12-31,1,2026-09-15T16:28:02.595641+00:00
VALUE_ADDED_GROWTH_NUTS2,ith5:nuts2,2000,2026-09-15T16:28:02.595641+00:00,96.8,final,2000-01-01,2000-12-31,1,2026-09-15T16:28:02.595641+00:00
VALUE_ADDED_GROWTH_NUTS2,ith5:nuts2,2001,2026-09-15T16:28:02.595641+00:00,98.1,final,2001-01-01,2001-12-31,1,2026-09-15T16:28:02.595641+00:00
VALUE_ADDED_GROWTH_NUTS2,ith5:nuts2,2002,2026-09-15T16:28:02.595641+00:00,98.2,final,2002-01-01,2002-12-31,1,2026-09-15T16:28:02.595641+00:00
VALUE_ADDED_GROWTH_NUTS2,ith5:nuts2,2003,2026-09-15T16:28:02.595641+00:00,98.1,final,2003-01-01,2003-12-31,1,2026-09-15T16:28:02.595641+00:00
VALUE_ADDED_GROWTH_NUTS2,ith5:nuts2,2004,2026-09-15T16:28:02.595641+00:00,100.0,final,2004-01-01,2004-12-31,1,2026-09-15T16:28:02.595641+00:00
VALUE_ADDED_GROWTH_NUTS2,ith5:nuts2,2005,2026-09-15T16:28:02.595641+00:00,100.9,final,2005-01-01,2005-12-31,1,2026-09-15T16:28:02.595641+00:00
VALUE_ADDED_GROWTH_NUTS2,ith5:nuts2,2006,2026-09-15T16:28:02.595641+00:00,104.5,final,2006-01-01,2006-12-31,1,2026-09-15T16:28:02.595641+00:00
VALUE_ADDED_GROWTH_NUTS2,ith5:nuts2,2007,2026-09-15T16:28:02.595641+00:00,107.1,final,2007-01-01,2007-12-31,1,2026-09-15T16:28:02.595641+00:00
VALUE_ADDED_GROWTH_NUTS2,ith5:nuts2,2008,2026-09-15T16:28:02.595641+00:00,106.2,final,2008-01-01,2008-12-31,1,2026-09-15T16:28:02.595641+00:00
VALUE_ADDED_GROWTH_NUTS2,ith5:nuts2,2009,2026-09-15T16:28:02.595641+00:00,98.9,final,2009-01-01,2009-12-31,1,2026-09-15T16:28:02.595641+00:00
VALUE_ADDED_GROWTH_NUTS2,ith5:nuts2,2010,2026-09-15T16:28:02.595641+00:00,101.1,final,2010-01-01,2010-12-31,1,2026-09-15T16:28:02.595641+00:00
VALUE_ADDED_GROWTH_NUTS2,ith5:nuts2,2011,2026-09-15T16:28:02.595641+00:00,103.9,final,2011-01-01,2011-12-31,1,2026-09-15T16:28:02.595641+00:00
VALUE_ADDED_GROWTH_NUTS2,ith5:nuts2,2012,2026-09-15T16:28:02.595641+00:00,101.1,final,2012-01-01,2012-12-31,1,2026-09-15T16:28:02.595641+00:00
VALUE_ADDED_GROWTH_NUTS2,ith5:nuts2,2013,2026-09-15T16:28:02.595641+00:00,100.7,final,2013-01-01,2013-12-31,1,2026-09-15T16:28:02.595641+00:00
VALUE_ADDED_GROWTH_NUTS2,ith5:nuts2,2014,2026-09-15T16:28:02.595641+00:00,101.6,final,2014-01-01,2014-12-31,1,2026-09-15T16:28:02.595641+00:00
VALUE_ADDED_GROWTH_NUTS2,ith5:nuts2,2015,2026-09-15T16:28:02.595641+00:00,102.1,final,2015-01-01,2015-12-31,1,2026-09-15T16:28:02.595641+00:00
VALUE_ADDED_GROWTH_NUTS2,ith5:nuts2,2016,2026-09-15T16:28:02.595641+00:00,104.1,final,2016-01-01,2016-12-31,1,2026-09-15T16:28:02.595641+00:00
VALUE_ADDED_GROWTH_NUTS2,ith5:nuts2,2017,2026-09-15T16:28:02.595641+00:00,106.7,final,2017-01-01,2017-12-31,1,2026-09-15T16:28:02.595641+00:00
VALUE_ADDED_GROWTH_NUTS2,ith5:nuts2,2018,2026-09-15T16:28:02.595641+00:00,108.3,final,2018-01-01,2018-12-31,1,2026-09-15T16:28:02.595641+00:00
VALUE_ADDED_GROWTH_NUTS2,ith5:nuts2,2019,2026-09-15T16:28:02.595641+00:00,108.5,final,2019-01-01,2019-12-31,1,2026-09-15T16:28:02.595641+00:00
VALUE_ADDED_GROWTH_NUTS2,ith5:nuts2,2020,2026-09-15T16:28:02.595641+00:00,100.0,final,2020-01-01,2020-12-31,1,2026-09-15T16:28:02.595641+00:00
VALUE_ADDED_GROWTH_NUTS2,ith5:nuts2,2021,2026-09-15T16:28:02.595641+00:00,110.1,final,2021-01-01,2021-12-31,1,2026-09-15T16:28:02.595641+00:00
VALUE_ADDED_GROWTH_NUTS2,ith5:nuts2,2022,2026-09-15T16:28:02.595641+00:00,114.4,final,2022-01-01,2022-12-31,1,2026-09-15T16:28:02.595641+00:00
VALUE_ADDED_GROWTH_NUTS2,ith5:nuts2,2023,2026-09-15T16:28:02.595641+00:00,114.8,final,2023-01-01,2023-12-31,1,2026-09-15T16:28:02.595641+00:00
VALUE_ADDED_GROWTH_NUTS2,ith5:nuts2,2024,2026-09-15T16:28:02.595641+00:00,115.0,final,2024-01-01,2024-12-31,1,2026-09-15T16:28:02.595641+00:00
VALUE_ADDED_GROWTH_NUTS2,iti1:nuts2,2000,2026-09-15T16:28:02.595641+00:00,105.0,final,2000-01-01,2000-12-31,1,2026-09-15T16:28:02.595641+00:00
VALUE_ADDED_GROWTH_NUTS2,iti1:nuts2,2001,2026-09-15T16:28:02.595641+00:00,106.6,final,2001-01-01,2001-12-31,1,2026-09-15T16:28:02.595641+00:00
VALUE_ADDED_GROWTH_NUTS2,iti1:nuts2,2002,2026-09-15T16:28:02.595641+00:00,107.0,final,2002-01-01,2002-12-31,1,2026-09-15T16:28:02.595641+00:00
VALUE_ADDED_GROWTH_NUTS2,iti1:nuts2,2003,2026-09-15T16:28:02.595641+00:00,107.2,final,2003-01-01,2003-12-31,1,2026-09-15T16:28:02.595641+00:00
VALUE_ADDED_GROWTH_NUTS2,iti1:nuts2,2004,2026-09-15T16:28:02.595641+00:00,108.7,final,2004-01-01,2004-12-31,1,2026-09-15T16:28:02.595641+00:00
VALUE_ADDED_GROWTH_NUTS2,iti1:nuts2,2005,2026-09-15T16:28:02.595641+00:00,108.8,final,2005-01-01,2005-12-31,1,2026-09-15T16:28:02.595641+00:00
VALUE_ADDED_GROWTH_NUTS2,iti1:nuts2,2006,2026-09-15T16:28:02.595641+00:00,111.3,final,2006-01-01,2006-12-31,1,2026-09-15T16:28:02.595641+00:00
VALUE_ADDED_GROWTH_NUTS2,iti1:nuts2,2007,2026-09-15T16:28:02.595641+00:00,113.4,final,2007-01-01,2007-12-31,1,2026-09-15T16:28:02.595641+00:00
VALUE_ADDED_GROWTH_NUTS2,iti1:nuts2,2008,2026-09-15T16:28:02.595641+00:00,111.9,final,2008-01-01,2008-12-31,1,2026-09-15T16:28:02.595641+00:00
VALUE_ADDED_GROWTH_NUTS2,iti1:nuts2,2009,2026-09-15T16:28:02.595641+00:00,107.4,final,2009-01-01,2009-12-31,1,2026-09-15T16:28:02.595641+00:00
VALUE_ADDED_GROWTH_NUTS2,iti1:nuts2,2010,2026-09-15T16:28:02.595641+00:00,108.6,final,2010-01-01,2010-12-31,1,2026-09-15T16:28:02.595641+00:00
VALUE_ADDED_GROWTH_NUTS2,iti1:nuts2,2011,2026-09-15T16:28:02.595641+00:00,109.7,final,2011-01-01,2011-12-31,1,2026-09-15T16:28:02.595641+00:00
VALUE_ADDED_GROWTH_NUTS2,iti1:nuts2,2012,2026-09-15T16:28:02.595641+00:00,107.9,final,2012-01-01,2012-12-31,1,2026-09-15T16:28:02.595641+00:00
VALUE_ADDED_GROWTH_NUTS2,iti1:nuts2,2013,2026-09-15T16:28:02.595641+00:00,106.1,final,2013-01-01,2013-12-31,1,2026-09-15T16:28:02.595641+00:00
VALUE_ADDED_GROWTH_NUTS2,iti1:nuts2,2014,2026-09-15T16:28:02.595641+00:00,107.0,final,2014-01-01,2014-12-31,1,2026-09-15T16:28:02.595641+00:00
VALUE_ADDED_GROWTH_NUTS2,iti1:nuts2,2015,2026-09-15T16:28:02.595641+00:00,107.0,final,2015-01-01,2015-12-31,1,2026-09-15T16:28:02.595641+00:00
VALUE_ADDED_GROWTH_NUTS2,iti1:nuts2,2016,2026-09-15T16:28:02.595641+00:00,107.9,final,2016-01-01,2016-12-31,1,2026-09-15T16:28:02.595641+00:00
VALUE_ADDED_GROWTH_NUTS2,iti1:nuts2,2017,2026-09-15T16:28:02.595641+00:00,109.7,final,2017-01-01,2017-12-31,1,2026-09-15T16:28:02.595641+00:00
VALUE_ADDED_GROWTH_NUTS2,iti1:nuts2,2018,2026-09-15T16:28:02.595641+00:00,111.2,final,2018-01-01,2018-12-31,1,2026-09-15T16:28:02.595641+00:00
VALUE_ADDED_GROWTH_NUTS2,iti1:nuts2,2019,2026-09-15T16:28:02.595641+00:00,114.5,final,2019-01-01,2019-12-31,1,2026-09-15T16:28:02.595641+00:00
VALUE_ADDED_GROWTH_NUTS2,iti1:nuts2,2020,2026-09-15T16:28:02.595641+00:00,100.0,final,2020-01-01,2020-12-31,1,2026-09-15T16:28:02.595641+00:00
VALUE_ADDED_GROWTH_NUTS2,iti1:nuts2,2021,2026-09-15T16:28:02.595641+00:00,109.3,final,2021-01-01,2021-12-31,1,2026-09-15T16:28:02.595641+00:00
VALUE_ADDED_GROWTH_NUTS2,iti1:nuts2,2022,2026-09-15T16:28:02.595641+00:00,116.5,final,2022-01-01,2022-12-31,1,2026-09-15T16:28:02.595641+00:00
VALUE_ADDED_GROWTH_NUTS2,iti1:nuts2,2023,2026-09-15T16:28:02.595641+00:00,116.9,final,2023-01-01,2023-12-31,1,2026-09-15T16:28:02.595641+00:00
VALUE_ADDED_GROWTH_NUTS2,iti1:nuts2,2024,2026-09-15T16:28:02.595641+00:00,117.4,final,2024-01-01,2024-12-31,1,2026-09-15T16:28:02.595641+00:00
VALUE_ADDED_GROWTH_NUTS2,iti2:nuts2,2000,2026-09-15T16:28:02.595641+00:00,116.6,final,2000-01-01,2000-12-31,1,2026-09-15T16:28:02.595641+00:00
VALUE_ADDED_GROWTH_NUTS2,iti2:nuts2,2001,2026-09-15T16:28:02.595641+00:00,118.7,final,2001-01-01,2001-12-31,1,2026-09-15T16:28:02.595641+00:00
VALUE_ADDED_GROWTH_NUTS2,iti2:nuts2,2002,2026-09-15T16:28:02.595641+00:00,118.0,final,2002-01-01,2002-12-31,1,2026-09-15T16:28:02.595641+00:00
VALUE_ADDED_GROWTH_NUTS2,iti2:nuts2,2003,2026-09-15T16:28:02.595641+00:00,118.4,final,2003-01-01,2003-12-31,1,2026-09-15T16:28:02.595641+00:00
VALUE_ADDED_GROWTH_NUTS2,iti2:nuts2,2004,2026-09-15T16:28:02.595641+00:00,120.2,final,2004-01-01,2004-12-31,1,2026-09-15T16:28:02.595641+00:00
VALUE_ADDED_GROWTH_NUTS2,iti2:nuts2,2005,2026-09-15T16:28:02.595641+00:00,120.1,final,2005-01-01,2005-12-31,1,2026-09-15T16:28:02.595641+00:00
VALUE_ADDED_GROWTH_NUTS2,iti2:nuts2,2006,2026-09-15T16:28:02.595641+00:00,122.7,final,2006-01-01,2006-12-31,1,2026-09-15T16:28:02.595641+00:00
VALUE_ADDED_GROWTH_NUTS2,iti2:nuts2,2007,2026-09-15T16:28:02.595641+00:00,124.0,final,2007-01-01,2007-12-31,1,2026-09-15T16:28:02.595641+00:00
VALUE_ADDED_GROWTH_NUTS2,iti2:nuts2,2008,2026-09-15T16:28:02.595641+00:00,122.2,final,2008-01-01,2008-12-31,1,2026-09-15T16:28:02.595641+00:00
VALUE_ADDED_GROWTH_NUTS2,iti2:nuts2,2009,2026-09-15T16:28:02.595641+00:00,112.7,final,2009-01-01,2009-12-31,1,2026-09-15T16:28:02.595641+00:00
VALUE_ADDED_GROWTH_NUTS2,iti2:nuts2,2010,2026-09-15T16:28:02.595641+00:00,114.9,final,2010-01-01,2010-12-31,1,2026-09-15T16:28:02.595641+00:00
VALUE_ADDED_GROWTH_NUTS2,iti2:nuts2,2011,2026-09-15T16:28:02.595641+00:00,114.5,final,2011-01-01,2011-12-31,1,2026-09-15T16:28:02.595641+00:00
VALUE_ADDED_GROWTH_NUTS2,iti2:nuts2,2012,2026-09-15T16:28:02.595641+00:00,109.7,final,2012-01-01,2012-12-31,1,2026-09-15T16:28:02.595641+00:00
VALUE_ADDED_GROWTH_NUTS2,iti2:nuts2,2013,2026-09-15T16:28:02.595641+00:00,106.9,final,2013-01-01,2013-12-31,1,2026-09-15T16:28:02.595641+00:00
VALUE_ADDED_GROWTH_NUTS2,iti2:nuts2,2014,2026-09-15T16:28:02.595641+00:00,103.8,final,2014-01-01,2014-12-31,1,2026-09-15T16:28:02.595641+00:00
VALUE_ADDED_GROWTH_NUTS2,iti2:nuts2,2015,2026-09-15T16:28:02.595641+00:00,106.8,final,2015-01-01,2015-12-31,1,2026-09-15T16:28:02.595641+00:00
VALUE_ADDED_GROWTH_NUTS2,iti2:nuts2,2016,2026-09-15T16:28:02.595641+00:00,106.1,final,2016-01-01,2016-12-31,1,2026-09-15T16:28:02.595641+00:00
VALUE_ADDED_GROWTH_NUTS2,iti2:nuts2,2017,2026-09-15T16:28:02.595641+00:00,108.0,final,2017-01-01,2017-12-31,1,2026-09-15T16:28:02.595641+00:00
VALUE_ADDED_GROWTH_NUTS2,iti2:nuts2,2018,2026-09-15T16:28:02.595641+00:00,110.1,final,2018-01-01,2018-12-31,1,2026-09-15T16:28:02.595641+00:00
VALUE_ADDED_GROWTH_NUTS2,iti2:nuts2,2019,2026-09-15T16:28:02.595641+00:00,109.9,final,2019-01-01,2019-12-31,1,2026-09-15T16:28:02.595641+00:00
VALUE_ADDED_GROWTH_NUTS2,iti2:nuts2,2020,2026-09-15T16:28:02.595641+00:00,100.0,final,2020-01-01,2020-12-31,1,2026-09-15T16:28:02.595641+00:00
VALUE_ADDED_GROWTH_NUTS2,iti2:nuts2,2021,2026-09-15T16:28:02.595641+00:00,108.5,final,2021-01-01,2021-12-31,1,2026-09-15T16:28:02.595641+00:00
VALUE_ADDED_GROWTH_NUTS2,iti2:nuts2,2022,2026-09-15T16:28:02.595641+00:00,112.7,final,2022-01-01,2022-12-31,1,2026-09-15T16:28:02.595641+00:00
VALUE_ADDED_GROWTH_NUTS2,iti2:nuts2,2023,2026-09-15T16:28:02.595641+00:00,115.3,final,2023-01-01,2023-12-31,1,2026-09-15T16:28:02.595641+00:00
VALUE_ADDED_GROWTH_NUTS2,iti2:nuts2,2024,2026-09-15T16:28:02.595641+00:00,116.2,final,2024-01-01,2024-12-31,1,2026-09-15T16:28:02.595641+00:00
VALUE_ADDED_GROWTH_NUTS2,iti3:nuts2,2000,2026-09-15T16:28:02.595641+00:00,104.9,final,2000-01-01,2000-12-31,1,2026-09-15T16:28:02.595641+00:00
VALUE_ADDED_GROWTH_NUTS2,iti3:nuts2,2001,2026-09-15T16:28:02.595641+00:00,106.9,final,2001-01-01,2001-12-31,1,2026-09-15T16:28:02.595641+00:00
VALUE_ADDED_GROWTH_NUTS2,iti3:nuts2,2002,2026-09-15T16:28:02.595641+00:00,109.1,final,2002-01-01,2002-12-31,1,2026-09-15T16:28:02.595641+00:00
VALUE_ADDED_GROWTH_NUTS2,iti3:nuts2,2003,2026-09-15T16:28:02.595641+00:00,108.5,final,2003-01-01,2003-12-31,1,2026-09-15T16:28:02.595641+00:00
VALUE_ADDED_GROWTH_NUTS2,iti3:nuts2,2004,2026-09-15T16:28:02.595641+00:00,110.7,final,2004-01-01,2004-12-31,1,2026-09-15T16:28:02.595641+00:00
VALUE_ADDED_GROWTH_NUTS2,iti3:nuts2,2005,2026-09-15T16:28:02.595641+00:00,111.8,final,2005-01-01,2005-12-31,1,2026-09-15T16:28:02.595641+00:00
VALUE_ADDED_GROWTH_NUTS2,iti3:nuts2,2006,2026-09-15T16:28:02.595641+00:00,115.9,final,2006-01-01,2006-12-31,1,2026-09-15T16:28:02.595641+00:00
VALUE_ADDED_GROWTH_NUTS2,iti3:nuts2,2007,2026-09-15T16:28:02.595641+00:00,118.0,final,2007-01-01,2007-12-31,1,2026-09-15T16:28:02.595641+00:00
VALUE_ADDED_GROWTH_NUTS2,iti3:nuts2,2008,2026-09-15T16:28:02.595641+00:00,114.8,final,2008-01-01,2008-12-31,1,2026-09-15T16:28:02.595641+00:00
VALUE_ADDED_GROWTH_NUTS2,iti3:nuts2,2009,2026-09-15T16:28:02.595641+00:00,109.0,final,2009-01-01,2009-12-31,1,2026-09-15T16:28:02.595641+00:00
VALUE_ADDED_GROWTH_NUTS2,iti3:nuts2,2010,2026-09-15T16:28:02.595641+00:00,109.6,final,2010-01-01,2010-12-31,1,2026-09-15T16:28:02.595641+00:00
VALUE_ADDED_GROWTH_NUTS2,iti3:nuts2,2011,2026-09-15T16:28:02.595641+00:00,109.7,final,2011-01-01,2011-12-31,1,2026-09-15T16:28:02.595641+00:00
VALUE_ADDED_GROWTH_NUTS2,iti3:nuts2,2012,2026-09-15T16:28:02.595641+00:00,106.0,final,2012-01-01,2012-12-31,1,2026-09-15T16:28:02.595641+00:00
VALUE_ADDED_GROWTH_NUTS2,iti3:nuts2,2013,2026-09-15T16:28:02.595641+00:00,103.8,final,2013-01-01,2013-12-31,1,2026-09-15T16:28:02.595641+00:00
VALUE_ADDED_GROWTH_NUTS2,iti3:nuts2,2014,2026-09-15T16:28:02.595641+00:00,105.5,final,2014-01-01,2014-12-31,1,2026-09-15T16:28:02.595641+00:00
VALUE_ADDED_GROWTH_NUTS2,iti3:nuts2,2015,2026-09-15T16:28:02.595641+00:00,104.8,final,2015-01-01,2015-12-31,1,2026-09-15T16:28:02.595641+00:00
VALUE_ADDED_GROWTH_NUTS2,iti3:nuts2,2016,2026-09-15T16:28:02.595641+00:00,105.5,final,2016-01-01,2016-12-31,1,2026-09-15T16:28:02.595641+00:00
VALUE_ADDED_GROWTH_NUTS2,iti3:nuts2,2017,2026-09-15T16:28:02.595641+00:00,107.6,final,2017-01-01,2017-12-31,1,2026-09-15T16:28:02.595641+00:00
VALUE_ADDED_GROWTH_NUTS2,iti3:nuts2,2018,2026-09-15T16:28:02.595641+00:00,108.3,final,2018-01-01,2018-12-31,1,2026-09-15T16:28:02.595641+00:00
VALUE_ADDED_GROWTH_NUTS2,iti3:nuts2,2019,2026-09-15T16:28:02.595641+00:00,109.3,final,2019-01-01,2019-12-31,1,2026-09-15T16:28:02.595641+00:00
VALUE_ADDED_GROWTH_NUTS2,iti3:nuts2,2020,2026-09-15T16:28:02.595641+00:00,100.0,final,2020-01-01,2020-12-31,1,2026-09-15T16:28:02.595641+00:00
VALUE_ADDED_GROWTH_NUTS2,iti3:nuts2,2021,2026-09-15T16:28:02.595641+00:00,108.4,final,2021-01-01,2021-12-31,1,2026-09-15T16:28:02.595641+00:00
VALUE_ADDED_GROWTH_NUTS2,iti3:nuts2,2022,2026-09-15T16:28:02.595641+00:00,113.1,final,2022-01-01,2022-12-31,1,2026-09-15T16:28:02.595641+00:00
VALUE_ADDED_GROWTH_NUTS2,iti3:nuts2,2023,2026-09-15T16:28:02.595641+00:00,113.7,final,2023-01-01,2023-12-31,1,2026-09-15T16:28:02.595641+00:00
VALUE_ADDED_GROWTH_NUTS2,iti3:nuts2,2024,2026-09-15T16:28:02.595641+00:00,113.6,final,2024-01-01,2024-12-31,1,2026-09-15T16:28:02.595641+00:00
VALUE_ADDED_GROWTH_NUTS2,iti4:nuts2,2000,2026-09-15T16:28:02.595641+00:00,99.4,final,2000-01-01,2000-12-31,1,2026-09-15T16:28:02.595641+00:00
VALUE_ADDED_GROWTH_NUTS2,iti4:nuts2,2001,2026-09-15T16:28:02.595641+00:00,102.9,final,2001-01-01,2001-12-31,1,2026-09-15T16:28:02.595641+00:00
VALUE_ADDED_GROWTH_NUTS2,iti4:nuts2,2002,2026-09-15T16:28:02.595641+00:00,105.3,final,2002-01-01,2002-12-31,1,2026-09-15T16:28:02.595641+00:00
VALUE_ADDED_GROWTH_NUTS2,iti4:nuts2,2003,2026-09-15T16:28:02.595641+00:00,105.0,final,2003-01-01,2003-12-31,1,2026-09-15T16:28:02.595641+00:00
VALUE_ADDED_GROWTH_NUTS2,iti4:nuts2,2004,2026-09-15T16:28:02.595641+00:00,109.1,final,2004-01-01,2004-12-31,1,2026-09-15T16:28:02.595641+00:00
VALUE_ADDED_GROWTH_NUTS2,iti4:nuts2,2005,2026-09-15T16:28:02.595641+00:00,109.9,final,2005-01-01,2005-12-31,1,2026-09-15T16:28:02.595641+00:00
VALUE_ADDED_GROWTH_NUTS2,iti4:nuts2,2006,2026-09-15T16:28:02.595641+00:00,111.6,final,2006-01-01,2006-12-31,1,2026-09-15T16:28:02.595641+00:00
VALUE_ADDED_GROWTH_NUTS2,iti4:nuts2,2007,2026-09-15T16:28:02.595641+00:00,113.9,final,2007-01-01,2007-12-31,1,2026-09-15T16:28:02.595641+00:00
VALUE_ADDED_GROWTH_NUTS2,iti4:nuts2,2008,2026-09-15T16:28:02.595641+00:00,111.9,final,2008-01-01,2008-12-31,1,2026-09-15T16:28:02.595641+00:00
VALUE_ADDED_GROWTH_NUTS2,iti4:nuts2,2009,2026-09-15T16:28:02.595641+00:00,108.8,final,2009-01-01,2009-12-31,1,2026-09-15T16:28:02.595641+00:00
VALUE_ADDED_GROWTH_NUTS2,iti4:nuts2,2010,2026-09-15T16:28:02.595641+00:00,109.1,final,2010-01-01,2010-12-31,1,2026-09-15T16:28:02.595641+00:00
VALUE_ADDED_GROWTH_NUTS2,iti4:nuts2,2011,2026-09-15T16:28:02.595641+00:00,110.1,final,2011-01-01,2011-12-31,1,2026-09-15T16:28:02.595641+00:00
VALUE_ADDED_GROWTH_NUTS2,iti4:nuts2,2012,2026-09-15T16:28:02.595641+00:00,105.7,final,2012-01-01,2012-12-31,1,2026-09-15T16:28:02.595641+00:00
VALUE_ADDED_GROWTH_NUTS2,iti4:nuts2,2013,2026-09-15T16:28:02.595641+00:00,103.7,final,2013-01-01,2013-12-31,1,2026-09-15T16:28:02.595641+00:00
VALUE_ADDED_GROWTH_NUTS2,iti4:nuts2,2014,2026-09-15T16:28:02.595641+00:00,102.9,final,2014-01-01,2014-12-31,1,2026-09-15T16:28:02.595641+00:00
VALUE_ADDED_GROWTH_NUTS2,iti4:nuts2,2015,2026-09-15T16:28:02.595641+00:00,102.7,final,2015-01-01,2015-12-31,1,2026-09-15T16:28:02.595641+00:00
VALUE_ADDED_GROWTH_NUTS2,iti4:nuts2,2016,2026-09-15T16:28:02.595641+00:00,105.8,final,2016-01-01,2016-12-31,1,2026-09-15T16:28:02.595641+00:00
VALUE_ADDED_GROWTH_NUTS2,iti4:nuts2,2017,2026-09-15T16:28:02.595641+00:00,107.0,final,2017-01-01,2017-12-31,1,2026-09-15T16:28:02.595641+00:00
VALUE_ADDED_GROWTH_NUTS2,iti4:nuts2,2018,2026-09-15T16:28:02.595641+00:00,107.4,final,2018-01-01,2018-12-31,1,2026-09-15T16:28:02.595641+00:00
VALUE_ADDED_GROWTH_NUTS2,iti4:nuts2,2019,2026-09-15T16:28:02.595641+00:00,108.5,final,2019-01-01,2019-12-31,1,2026-09-15T16:28:02.595641+00:00
VALUE_ADDED_GROWTH_NUTS2,iti4:nuts2,2020,2026-09-15T16:28:02.595641+00:00,100.0,final,2020-01-01,2020-12-31,1,2026-09-15T16:28:02.595641+00:00
VALUE_ADDED_GROWTH_NUTS2,iti4:nuts2,2021,2026-09-15T16:28:02.595641+00:00,105.9,final,2021-01-01,2021-12-31,1,2026-09-15T16:28:02.595641+00:00
VALUE_ADDED_GROWTH_NUTS2,iti4:nuts2,2022,2026-09-15T16:28:02.595641+00:00,112.1,final,2022-01-01,2022-12-31,1,2026-09-15T16:28:02.595641+00:00
VALUE_ADDED_GROWTH_NUTS2,iti4:nuts2,2023,2026-09-15T16:28:02.595641+00:00,113.1,final,2023-01-01,2023-12-31,1,2026-09-15T16:28:02.595641+00:00
VALUE_ADDED_GROWTH_NUTS2,iti4:nuts2,2024,2026-09-15T16:28:02.595641+00:00,114.5,final,2024-01-01,2024-12-31,1,2026-09-15T16:28:02.595641+00:00
VALUE_ADDED_GROWTH_NUTS2,lt01:nuts2,2000,2026-09-15T16:28:02.595641+00:00,37.2,final,2000-01-01,2000-12-31,1,2026-09-15T16:28:02.595641+00:00
VALUE_ADDED_GROWTH_NUTS2,lt01:nuts2,2001,2026-09-15T16:28:02.595641+00:00,40.2,final,2001-01-01,2001-12-31,1,2026-09-15T16:28:02.595641+00:00
VALUE_ADDED_GROWTH_NUTS2,lt01:nuts2,2002,2026-09-15T16:28:02.595641+00:00,44.7,final,2002-01-01,2002-12-31,1,2026-09-15T16:28:02.595641+00:00
VALUE_ADDED_GROWTH_NUTS2,lt01:nuts2,2003,2026-09-15T16:28:02.595641+00:00,49.5,final,2003-01-01,2003-12-31,1,2026-09-15T16:28:02.595641+00:00
VALUE_ADDED_GROWTH_NUTS2,lt01:nuts2,2004,2026-09-15T16:28:02.595641+00:00,53.1,final,2004-01-01,2004-12-31,1,2026-09-15T16:28:02.595641+00:00
VALUE_ADDED_GROWTH_NUTS2,lt01:nuts2,2005,2026-09-15T16:28:02.595641+00:00,58.0,final,2005-01-01,2005-12-31,1,2026-09-15T16:28:02.595641+00:00
VALUE_ADDED_GROWTH_NUTS2,lt01:nuts2,2006,2026-09-15T16:28:02.595641+00:00,64.6,final,2006-01-01,2006-12-31,1,2026-09-15T16:28:02.595641+00:00
VALUE_ADDED_GROWTH_NUTS2,lt01:nuts2,2007,2026-09-15T16:28:02.595641+00:00,73.0,final,2007-01-01,2007-12-31,1,2026-09-15T16:28:02.595641+00:00
VALUE_ADDED_GROWTH_NUTS2,lt01:nuts2,2008,2026-09-15T16:28:02.595641+00:00,73.6,final,2008-01-01,2008-12-31,1,2026-09-15T16:28:02.595641+00:00
VALUE_ADDED_GROWTH_NUTS2,lt01:nuts2,2009,2026-09-15T16:28:02.595641+00:00,61.9,final,2009-01-01,2009-12-31,1,2026-09-15T16:28:02.595641+00:00
VALUE_ADDED_GROWTH_NUTS2,lt01:nuts2,2010,2026-09-15T16:28:02.595641+00:00,62.9,final,2010-01-01,2010-12-31,1,2026-09-15T16:28:02.595641+00:00
VALUE_ADDED_GROWTH_NUTS2,lt01:nuts2,2011,2026-09-15T16:28:02.595641+00:00,66.5,final,2011-01-01,2011-12-31,1,2026-09-15T16:28:02.595641+00:00
VALUE_ADDED_GROWTH_NUTS2,lt01:nuts2,2012,2026-09-15T16:28:02.595641+00:00,70.9,final,2012-01-01,2012-12-31,1,2026-09-15T16:28:02.595641+00:00
VALUE_ADDED_GROWTH_NUTS2,lt01:nuts2,2013,2026-09-15T16:28:02.595641+00:00,74.9,final,2013-01-01,2013-12-31,1,2026-09-15T16:28:02.595641+00:00
VALUE_ADDED_GROWTH_NUTS2,lt01:nuts2,2014,2026-09-15T16:28:02.595641+00:00,78.6,final,2014-01-01,2014-12-31,1,2026-09-15T16:28:02.595641+00:00
VALUE_ADDED_GROWTH_NUTS2,lt01:nuts2,2015,2026-09-15T16:28:02.595641+00:00,81.2,final,2015-01-01,2015-12-31,1,2026-09-15T16:28:02.595641+00:00
VALUE_ADDED_GROWTH_NUTS2,lt01:nuts2,2016,2026-09-15T16:28:02.595641+00:00,83.7,final,2016-01-01,2016-12-31,1,2026-09-15T16:28:02.595641+00:00
VALUE_ADDED_GROWTH_NUTS2,lt01:nuts2,2017,2026-09-15T16:28:02.595641+00:00,87.9,final,2017-01-01,2017-12-31,1,2026-09-15T16:28:02.595641+00:00
VALUE_ADDED_GROWTH_NUTS2,lt01:nuts2,2018,2026-09-15T16:28:02.595641+00:00,94.4,final,2018-01-01,2018-12-31,1,2026-09-15T16:28:02.595641+00:00
VALUE_ADDED_GROWTH_NUTS2,lt01:nuts2,2019,2026-09-15T16:28:02.595641+00:00,100.4,final,2019-01-01,2019-12-31,1,2026-09-15T16:28:02.595641+00:00
VALUE_ADDED_GROWTH_NUTS2,lt01:nuts2,2020,2026-09-15T16:28:02.595641+00:00,100.0,final,2020-01-01,2020-12-31,1,2026-09-15T16:28:02.595641+00:00
VALUE_ADDED_GROWTH_NUTS2,lt01:nuts2,2021,2026-09-15T16:28:02.595641+00:00,108.2,final,2021-01-01,2021-12-31,1,2026-09-15T16:28:02.595641+00:00
VALUE_ADDED_GROWTH_NUTS2,lt01:nuts2,2022,2026-09-15T16:28:02.595641+00:00,113.2,final,2022-01-01,2022-12-31,1,2026-09-15T16:28:02.595641+00:00
VALUE_ADDED_GROWTH_NUTS2,lt01:nuts2,2023,2026-09-15T16:28:02.595641+00:00,116.3,final,2023-01-01,2023-12-31,1,2026-09-15T16:28:02.595641+00:00
VALUE_ADDED_GROWTH_NUTS2,lt01:nuts2,2024,2026-09-15T16:28:02.595641+00:00,119.5,final,2024-01-01,2024-12-31,1,2026-09-15T16:28:02.595641+00:00
VALUE_ADDED_GROWTH_NUTS2,lt02:nuts2,2000,2026-09-15T16:28:02.595641+00:00,51.5,final,2000-01-01,2000-12-31,1,2026-09-15T16:28:02.595641+00:00
VALUE_ADDED_GROWTH_NUTS2,lt02:nuts2,2001,2026-09-15T16:28:02.595641+00:00,54.5,final,2001-01-01,2001-12-31,1,2026-09-15T16:28:02.595641+00:00
VALUE_ADDED_GROWTH_NUTS2,lt02:nuts2,2002,2026-09-15T16:28:02.595641+00:00,56.9,final,2002-01-01,2002-12-31,1,2026-09-15T16:28:02.595641+00:00
VALUE_ADDED_GROWTH_NUTS2,lt02:nuts2,2003,2026-09-15T16:28:02.595641+00:00,62.8,final,2003-01-01,2003-12-31,1,2026-09-15T16:28:02.595641+00:00
VALUE_ADDED_GROWTH_NUTS2,lt02:nuts2,2004,2026-09-15T16:28:02.595641+00:00,66.7,final,2004-01-01,2004-12-31,1,2026-09-15T16:28:02.595641+00:00
VALUE_ADDED_GROWTH_NUTS2,lt02:nuts2,2005,2026-09-15T16:28:02.595641+00:00,71.2,final,2005-01-01,2005-12-31,1,2026-09-15T16:28:02.595641+00:00
VALUE_ADDED_GROWTH_NUTS2,lt02:nuts2,2006,2026-09-15T16:28:02.595641+00:00,74.8,final,2006-01-01,2006-12-31,1,2026-09-15T16:28:02.595641+00:00
VALUE_ADDED_GROWTH_NUTS2,lt02:nuts2,2007,2026-09-15T16:28:02.595641+00:00,82.2,final,2007-01-01,2007-12-31,1,2026-09-15T16:28:02.595641+00:00
VALUE_ADDED_GROWTH_NUTS2,lt02:nuts2,2008,2026-09-15T16:28:02.595641+00:00,85.3,final,2008-01-01,2008-12-31,1,2026-09-15T16:28:02.595641+00:00
VALUE_ADDED_GROWTH_NUTS2,lt02:nuts2,2009,2026-09-15T16:28:02.595641+00:00,73.2,final,2009-01-01,2009-12-31,1,2026-09-15T16:28:02.595641+00:00
VALUE_ADDED_GROWTH_NUTS2,lt02:nuts2,2010,2026-09-15T16:28:02.595641+00:00,73.0,final,2010-01-01,2010-12-31,1,2026-09-15T16:28:02.595641+00:00
VALUE_ADDED_GROWTH_NUTS2,lt02:nuts2,2011,2026-09-15T16:28:02.595641+00:00,77.9,final,2011-01-01,2011-12-31,1,2026-09-15T16:28:02.595641+00:00
VALUE_ADDED_GROWTH_NUTS2,lt02:nuts2,2012,2026-09-15T16:28:02.595641+00:00,80.3,final,2012-01-01,2012-12-31,1,2026-09-15T16:28:02.595641+00:00
VALUE_ADDED_GROWTH_NUTS2,lt02:nuts2,2013,2026-09-15T16:28:02.595641+00:00,82.7,final,2013-01-01,2013-12-31,1,2026-09-15T16:28:02.595641+00:00
VALUE_ADDED_GROWTH_NUTS2,lt02:nuts2,2014,2026-09-15T16:28:02.595641+00:00,85.2,final,2014-01-01,2014-12-31,1,2026-09-15T16:28:02.595641+00:00
VALUE_ADDED_GROWTH_NUTS2,lt02:nuts2,2015,2026-09-15T16:28:02.595641+00:00,87.3,final,2015-01-01,2015-12-31,1,2026-09-15T16:28:02.595641+00:00
VALUE_ADDED_GROWTH_NUTS2,lt02:nuts2,2016,2026-09-15T16:28:02.595641+00:00,89.4,final,2016-01-01,2016-12-31,1,2026-09-15T16:28:02.595641+00:00
VALUE_ADDED_GROWTH_NUTS2,lt02:nuts2,2017,2026-09-15T16:28:02.595641+00:00,93.3,final,2017-01-01,2017-12-31,1,2026-09-15T16:28:02.595641+00:00
VALUE_ADDED_GROWTH_NUTS2,lt02:nuts2,2018,2026-09-15T16:28:02.595641+00:00,96.3,final,2018-01-01,2018-12-31,1,2026-09-15T16:28:02.595641+00:00
VALUE_ADDED_GROWTH_NUTS2,lt02:nuts2,2019,2026-09-15T16:28:02.595641+00:00,99.6,final,2019-01-01,2019-12-31,1,2026-09-15T16:28:02.595641+00:00
VALUE_ADDED_GROWTH_NUTS2,lt02:nuts2,2020,2026-09-15T16:28:02.595641+00:00,100.0,final,2020-01-01,2020-12-31,1,2026-09-15T16:28:02.595641+00:00
VALUE_ADDED_GROWTH_NUTS2,lt02:nuts2,2021,2026-09-15T16:28:02.595641+00:00,105.1,final,2021-01-01,2021-12-31,1,2026-09-15T16:28:02.595641+00:00
VALUE_ADDED_GROWTH_NUTS2,lt02:nuts2,2022,2026-09-15T16:28:02.595641+00:00,105.9,final,2022-01-01,2022-12-31,1,2026-09-15T16:28:02.595641+00:00
VALUE_ADDED_GROWTH_NUTS2,lt02:nuts2,2023,2026-09-15T16:28:02.595641+00:00,105.1,final,2023-01-01,2023-12-31,1,2026-09-15T16:28:02.595641+00:00
VALUE_ADDED_GROWTH_NUTS2,lt02:nuts2,2024,2026-09-15T16:28:02.595641+00:00,108.5,final,2024-01-01,2024-12-31,1,2026-09-15T16:28:02.595641+00:00
VALUE_ADDED_GROWTH_NUTS2,lu00:nuts2,2000,2026-09-15T16:28:02.595641+00:00,61.0,final,2000-01-01,2000-12-31,1,2026-09-15T16:28:02.595641+00:00
VALUE_ADDED_GROWTH_NUTS2,lu00:nuts2,2001,2026-09-15T16:28:02.595641+00:00,63.3,final,2001-01-01,2001-12-31,1,2026-09-15T16:28:02.595641+00:00
VALUE_ADDED_GROWTH_NUTS2,lu00:nuts2,2002,2026-09-15T16:28:02.595641+00:00,65.2,final,2002-01-01,2002-12-31,1,2026-09-15T16:28:02.595641+00:00
VALUE_ADDED_GROWTH_NUTS2,lu00:nuts2,2003,2026-09-15T16:28:02.595641+00:00,66.9,final,2003-01-01,2003-12-31,1,2026-09-15T16:28:02.595641+00:00
VALUE_ADDED_GROWTH_NUTS2,lu00:nuts2,2004,2026-09-15T16:28:02.595641+00:00,69.3,final,2004-01-01,2004-12-31,1,2026-09-15T16:28:02.595641+00:00
VALUE_ADDED_GROWTH_NUTS2,lu00:nuts2,2005,2026-09-15T16:28:02.595641+00:00,70.8,final,2005-01-01,2005-12-31,1,2026-09-15T16:28:02.595641+00:00
VALUE_ADDED_GROWTH_NUTS2,lu00:nuts2,2006,2026-09-15T16:28:02.595641+00:00,75.6,final,2006-01-01,2006-12-31,1,2026-09-15T16:28:02.595641+00:00
VALUE_ADDED_GROWTH_NUTS2,lu00:nuts2,2007,2026-09-15T16:28:02.595641+00:00,81.8,final,2007-01-01,2007-12-31,1,2026-09-15T16:28:02.595641+00:00
VALUE_ADDED_GROWTH_NUTS2,lu00:nuts2,2008,2026-09-15T16:28:02.595641+00:00,81.4,final,2008-01-01,2008-12-31,1,2026-09-15T16:28:02.595641+00:00
VALUE_ADDED_GROWTH_NUTS2,lu00:nuts2,2009,2026-09-15T16:28:02.595641+00:00,78.7,final,2009-01-01,2009-12-31,1,2026-09-15T16:28:02.595641+00:00
VALUE_ADDED_GROWTH_NUTS2,lu00:nuts2,2010,2026-09-15T16:28:02.595641+00:00,81.6,final,2010-01-01,2010-12-31,1,2026-09-15T16:28:02.595641+00:00
VALUE_ADDED_GROWTH_NUTS2,lu00:nuts2,2011,2026-09-15T16:28:02.595641+00:00,81.9,final,2011-01-01,2011-12-31,1,2026-09-15T16:28:02.595641+00:00
VALUE_ADDED_GROWTH_NUTS2,lu00:nuts2,2012,2026-09-15T16:28:02.595641+00:00,83.0,final,2012-01-01,2012-12-31,1,2026-09-15T16:28:02.595641+00:00
VALUE_ADDED_GROWTH_NUTS2,lu00:nuts2,2013,2026-09-15T16:28:02.595641+00:00,85.6,final,2013-01-01,2013-12-31,1,2026-09-15T16:28:02.595641+00:00
VALUE_ADDED_GROWTH_NUTS2,lu00:nuts2,2014,2026-09-15T16:28:02.595641+00:00,87.4,final,2014-01-01,2014-12-31,1,2026-09-15T16:28:02.595641+00:00
VALUE_ADDED_GROWTH_NUTS2,lu00:nuts2,2015,2026-09-15T16:28:02.595641+00:00,91.4,final,2015-01-01,2015-12-31,1,2026-09-15T16:28:02.595641+00:00
VALUE_ADDED_GROWTH_NUTS2,lu00:nuts2,2016,2026-09-15T16:28:02.595641+00:00,96.0,final,2016-01-01,2016-12-31,1,2026-09-15T16:28:02.595641+00:00
VALUE_ADDED_GROWTH_NUTS2,lu00:nuts2,2017,2026-09-15T16:28:02.595641+00:00,96.9,final,2017-01-01,2017-12-31,1,2026-09-15T16:28:02.595641+00:00
VALUE_ADDED_GROWTH_NUTS2,lu00:nuts2,2018,2026-09-15T16:28:02.595641+00:00,98.1,final,2018-01-01,2018-12-31,1,2026-09-15T16:28:02.595641+00:00
VALUE_ADDED_GROWTH_NUTS2,lu00:nuts2,2019,2026-09-15T16:28:02.595641+00:00,100.9,final,2019-01-01,2019-12-31,1,2026-09-15T16:28:02.595641+00:00
VALUE_ADDED_GROWTH_NUTS2,lu00:nuts2,2020,2026-09-15T16:28:02.595641+00:00,100.0,final,2020-01-01,2020-12-31,1,2026-09-15T16:28:02.595641+00:00
VALUE_ADDED_GROWTH_NUTS2,lu00:nuts2,2021,2026-09-15T16:28:02.595641+00:00,107.3,final,2021-01-01,2021-12-31,1,2026-09-15T16:28:02.595641+00:00
VALUE_ADDED_GROWTH_NUTS2,lu00:nuts2,2022,2026-09-15T16:28:02.595641+00:00,105.7,final,2022-01-01,2022-12-31,1,2026-09-15T16:28:02.595641+00:00
VALUE_ADDED_GROWTH_NUTS2,lu00:nuts2,2023,2026-09-15T16:28:02.595641+00:00,105.5,final,2023-01-01,2023-12-31,1,2026-09-15T16:28:02.595641+00:00
VALUE_ADDED_GROWTH_NUTS2,lu00:nuts2,2024,2026-09-15T16:28:02.595641+00:00,105.6,final,2024-01-01,2024-12-31,1,2026-09-15T16:28:02.595641+00:00
VALUE_ADDED_GROWTH_NUTS2,lv00:nuts2,2000,2026-09-15T16:28:02.595641+00:00,51.7,final,2000-01-01,2000-12-31,1,2026-09-15T16:28:02.595641+00:00
VALUE_ADDED_GROWTH_NUTS2,lv00:nuts2,2001,2026-09-15T16:28:02.595641+00:00,55.2,final,2001-01-01,2001-12-31,1,2026-09-15T16:28:02.595641+00:00
VALUE_ADDED_GROWTH_NUTS2,lv00:nuts2,2002,2026-09-15T16:28:02.595641+00:00,59.6,final,2002-01-01,2002-12-31,1,2026-09-15T16:28:02.595641+00:00
VALUE_ADDED_GROWTH_NUTS2,lv00:nuts2,2003,2026-09-15T16:28:02.595641+00:00,64.6,final,2003-01-01,2003-12-31,1,2026-09-15T16:28:02.595641+00:00
VALUE_ADDED_GROWTH_NUTS2,lv00:nuts2,2004,2026-09-15T16:28:02.595641+00:00,70.3,final,2004-01-01,2004-12-31,1,2026-09-15T16:28:02.595641+00:00
VALUE_ADDED_GROWTH_NUTS2,lv00:nuts2,2005,2026-09-15T16:28:02.595641+00:00,78.7,final,2005-01-01,2005-12-31,1,2026-09-15T16:28:02.595641+00:00
VALUE_ADDED_GROWTH_NUTS2,lv00:nuts2,2006,2026-09-15T16:28:02.595641+00:00,88.5,final,2006-01-01,2006-12-31,1,2026-09-15T16:28:02.595641+00:00
VALUE_ADDED_GROWTH_NUTS2,lv00:nuts2,2007,2026-09-15T16:28:02.595641+00:00,97.0,final,2007-01-01,2007-12-31,1,2026-09-15T16:28:02.595641+00:00
VALUE_ADDED_GROWTH_NUTS2,lv00:nuts2,2008,2026-09-15T16:28:02.595641+00:00,95.4,final,2008-01-01,2008-12-31,1,2026-09-15T16:28:02.595641+00:00
VALUE_ADDED_GROWTH_NUTS2,lv00:nuts2,2009,2026-09-15T16:28:02.595641+00:00,82.4,final,2009-01-01,2009-12-31,1,2026-09-15T16:28:02.595641+00:00
VALUE_ADDED_GROWTH_NUTS2,lv00:nuts2,2010,2026-09-15T16:28:02.595641+00:00,79.1,final,2010-01-01,2010-12-31,1,2026-09-15T16:28:02.595641+00:00
VALUE_ADDED_GROWTH_NUTS2,lv00:nuts2,2011,2026-09-15T16:28:02.595641+00:00,81.3,final,2011-01-01,2011-12-31,1,2026-09-15T16:28:02.595641+00:00
VALUE_ADDED_GROWTH_NUTS2,lv00:nuts2,2012,2026-09-15T16:28:02.595641+00:00,87.1,final,2012-01-01,2012-12-31,1,2026-09-15T16:28:02.595641+00:00
VALUE_ADDED_GROWTH_NUTS2,lv00:nuts2,2013,2026-09-15T16:28:02.595641+00:00,88.4,final,2013-01-01,2013-12-31,1,2026-09-15T16:28:02.595641+00:00
VALUE_ADDED_GROWTH_NUTS2,lv00:nuts2,2014,2026-09-15T16:28:02.595641+00:00,90.1,final,2014-01-01,2014-12-31,1,2026-09-15T16:28:02.595641+00:00
VALUE_ADDED_GROWTH_NUTS2,lv00:nuts2,2015,2026-09-15T16:28:02.595641+00:00,93.5,final,2015-01-01,2015-12-31,1,2026-09-15T16:28:02.595641+00:00
VALUE_ADDED_GROWTH_NUTS2,lv00:nuts2,2016,2026-09-15T16:28:02.595641+00:00,95.5,final,2016-01-01,2016-12-31,1,2026-09-15T16:28:02.595641+00:00
VALUE_ADDED_GROWTH_NUTS2,lv00:nuts2,2017,2026-09-15T16:28:02.595641+00:00,98.9,final,2017-01-01,2017-12-31,1,2026-09-15T16:28:02.595641+00:00
VALUE_ADDED_GROWTH_NUTS2,lv00:nuts2,2018,2026-09-15T16:28:02.595641+00:00,102.7,final,2018-01-01,2018-12-31,1,2026-09-15T16:28:02.595641+00:00
VALUE_ADDED_GROWTH_NUTS2,lv00:nuts2,2019,2026-09-15T16:28:02.595641+00:00,103.5,final,2019-01-01,2019-12-31,1,2026-09-15T16:28:02.595641+00:00
VALUE_ADDED_GROWTH_NUTS2,lv00:nuts2,2020,2026-09-15T16:28:02.595641+00:00,100.0,final,2020-01-01,2020-12-31,1,2026-09-15T16:28:02.595641+00:00
VALUE_ADDED_GROWTH_NUTS2,lv00:nuts2,2021,2026-09-15T16:28:02.595641+00:00,107.5,final,2021-01-01,2021-12-31,1,2026-09-15T16:28:02.595641+00:00
VALUE_ADDED_GROWTH_NUTS2,lv00:nuts2,2022,2026-09-15T16:28:02.595641+00:00,109.4,final,2022-01-01,2022-12-31,1,2026-09-15T16:28:02.595641+00:00
VALUE_ADDED_GROWTH_NUTS2,lv00:nuts2,2023,2026-09-15T16:28:02.595641+00:00,109.0,final,2023-01-01,2023-12-31,1,2026-09-15T16:28:02.595641+00:00
VALUE_ADDED_GROWTH_NUTS2,lv00:nuts2,2024,2026-09-15T16:28:02.595641+00:00,109.0,final,2024-01-01,2024-12-31,1,2026-09-15T16:28:02.595641+00:00
VALUE_ADDED_GROWTH_NUTS2,me00:nuts2,2006,2026-09-15T16:28:02.595641+00:00,79.8,final,2006-01-01,2006-12-31,1,2026-09-15T16:28:02.595641+00:00
VALUE_ADDED_GROWTH_NUTS2,me00:nuts2,2007,2026-09-15T16:28:02.595641+00:00,84.8,final,2007-01-01,2007-12-31,1,2026-09-15T16:28:02.595641+00:00
VALUE_ADDED_GROWTH_NUTS2,me00:nuts2,2008,2026-09-15T16:28:02.595641+00:00,90.4,final,2008-01-01,2008-12-31,1,2026-09-15T16:28:02.595641+00:00
VALUE_ADDED_GROWTH_NUTS2,me00:nuts2,2009,2026-09-15T16:28:02.595641+00:00,86.7,final,2009-01-01,2009-12-31,1,2026-09-15T16:28:02.595641+00:00
VALUE_ADDED_GROWTH_NUTS2,me00:nuts2,2010,2026-09-15T16:28:02.595641+00:00,89.1,final,2010-01-01,2010-12-31,1,2026-09-15T16:28:02.595641+00:00
VALUE_ADDED_GROWTH_NUTS2,me00:nuts2,2011,2026-09-15T16:28:02.595641+00:00,92.6,final,2011-01-01,2011-12-31,1,2026-09-15T16:28:02.595641+00:00
VALUE_ADDED_GROWTH_NUTS2,me00:nuts2,2012,2026-09-15T16:28:02.595641+00:00,90.8,final,2012-01-01,2012-12-31,1,2026-09-15T16:28:02.595641+00:00
VALUE_ADDED_GROWTH_NUTS2,me00:nuts2,2013,2026-09-15T16:28:02.595641+00:00,94.3,final,2013-01-01,2013-12-31,1,2026-09-15T16:28:02.595641+00:00
VALUE_ADDED_GROWTH_NUTS2,me00:nuts2,2014,2026-09-15T16:28:02.595641+00:00,96.7,final,2014-01-01,2014-12-31,1,2026-09-15T16:28:02.595641+00:00
VALUE_ADDED_GROWTH_NUTS2,me00:nuts2,2015,2026-09-15T16:28:02.595641+00:00,99.4,final,2015-01-01,2015-12-31,1,2026-09-15T16:28:02.595641+00:00
VALUE_ADDED_GROWTH_NUTS2,me00:nuts2,2016,2026-09-15T16:28:02.595641+00:00,102.3,final,2016-01-01,2016-12-31,1,2026-09-15T16:28:02.595641+00:00
VALUE_ADDED_GROWTH_NUTS2,me00:nuts2,2017,2026-09-15T16:28:02.595641+00:00,105.2,final,2017-01-01,2017-12-31,1,2026-09-15T16:28:02.595641+00:00
VALUE_ADDED_GROWTH_NUTS2,me00:nuts2,2018,2026-09-15T16:28:02.595641+00:00,111.1,final,2018-01-01,2018-12-31,1,2026-09-15T16:28:02.595641+00:00
VALUE_ADDED_GROWTH_NUTS2,me00:nuts2,2019,2026-09-15T16:28:02.595641+00:00,116.2,final,2019-01-01,2019-12-31,1,2026-09-15T16:28:02.595641+00:00
VALUE_ADDED_GROWTH_NUTS2,me00:nuts2,2020,2026-09-15T16:28:02.595641+00:00,100.0,final,2020-01-01,2020-12-31,1,2026-09-15T16:28:02.595641+00:00
VALUE_ADDED_GROWTH_NUTS2,me00:nuts2,2021,2026-09-15T16:28:02.595641+00:00,113.3,final,2021-01-01,2021-12-31,1,2026-09-15T16:28:02.595641+00:00
VALUE_ADDED_GROWTH_NUTS2,me00:nuts2,2022,2026-09-15T16:28:02.595641+00:00,122.2,final,2022-01-01,2022-12-31,1,2026-09-15T16:28:02.595641+00:00
VALUE_ADDED_GROWTH_NUTS2,me00:nuts2,2023,2026-09-15T16:28:02.595641+00:00,129.4,final,2023-01-01,2023-12-31,1,2026-09-15T16:28:02.595641+00:00
VALUE_ADDED_GROWTH_NUTS2,me00:nuts2,2024,2026-09-15T16:28:02.595641+00:00,131.9,final,2024-01-01,2024-12-31,1,2026-09-15T16:28:02.595641+00:00
VALUE_ADDED_GROWTH_NUTS2,mk00:nuts2,2000,2026-09-15T16:28:02.595641+00:00,61.9,final,2000-01-01,2000-12-31,1,2026-09-15T16:28:02.595641+00:00
VALUE_ADDED_GROWTH_NUTS2,mk00:nuts2,2001,2026-09-15T16:28:02.595641+00:00,60.3,final,2001-01-01,2001-12-31,1,2026-09-15T16:28:02.595641+00:00
VALUE_ADDED_GROWTH_NUTS2,mk00:nuts2,2002,2026-09-15T16:28:02.595641+00:00,61.0,final,2002-01-01,2002-12-31,1,2026-09-15T16:28:02.595641+00:00
VALUE_ADDED_GROWTH_NUTS2,mk00:nuts2,2003,2026-09-15T16:28:02.595641+00:00,62.5,final,2003-01-01,2003-12-31,1,2026-09-15T16:28:02.595641+00:00
VALUE_ADDED_GROWTH_NUTS2,mk00:nuts2,2004,2026-09-15T16:28:02.595641+00:00,65.4,final,2004-01-01,2004-12-31,1,2026-09-15T16:28:02.595641+00:00
VALUE_ADDED_GROWTH_NUTS2,mk00:nuts2,2005,2026-09-15T16:28:02.595641+00:00,68.2,final,2005-01-01,2005-12-31,1,2026-09-15T16:28:02.595641+00:00
VALUE_ADDED_GROWTH_NUTS2,mk00:nuts2,2006,2026-09-15T16:28:02.595641+00:00,71.3,final,2006-01-01,2006-12-31,1,2026-09-15T16:28:02.595641+00:00
VALUE_ADDED_GROWTH_NUTS2,mk00:nuts2,2007,2026-09-15T16:28:02.595641+00:00,75.5,final,2007-01-01,2007-12-31,1,2026-09-15T16:28:02.595641+00:00
VALUE_ADDED_GROWTH_NUTS2,mk00:nuts2,2008,2026-09-15T16:28:02.595641+00:00,79.8,final,2008-01-01,2008-12-31,1,2026-09-15T16:28:02.595641+00:00
VALUE_ADDED_GROWTH_NUTS2,mk00:nuts2,2009,2026-09-15T16:28:02.595641+00:00,79.6,final,2009-01-01,2009-12-31,1,2026-09-15T16:28:02.595641+00:00
VALUE_ADDED_GROWTH_NUTS2,mk00:nuts2,2010,2026-09-15T16:28:02.595641+00:00,82.3,final,2010-01-01,2010-12-31,1,2026-09-15T16:28:02.595641+00:00
VALUE_ADDED_GROWTH_NUTS2,mk00:nuts2,2011,2026-09-15T16:28:02.595641+00:00,83.9,final,2011-01-01,2011-12-31,1,2026-09-15T16:28:02.595641+00:00
VALUE_ADDED_GROWTH_NUTS2,mk00:nuts2,2012,2026-09-15T16:28:02.595641+00:00,83.4,final,2012-01-01,2012-12-31,1,2026-09-15T16:28:02.595641+00:00
VALUE_ADDED_GROWTH_NUTS2,mk00:nuts2,2013,2026-09-15T16:28:02.595641+00:00,86.6,final,2013-01-01,2013-12-31,1,2026-09-15T16:28:02.595641+00:00
VALUE_ADDED_GROWTH_NUTS2,mk00:nuts2,2014,2026-09-15T16:28:02.595641+00:00,90.9,final,2014-01-01,2014-12-31,1,2026-09-15T16:28:02.595641+00:00
VALUE_ADDED_GROWTH_NUTS2,mk00:nuts2,2015,2026-09-15T16:28:02.595641+00:00,95.0,final,2015-01-01,2015-12-31,1,2026-09-15T16:28:02.595641+00:00
VALUE_ADDED_GROWTH_NUTS2,mk00:nuts2,2016,2026-09-15T16:28:02.595641+00:00,96.9,final,2016-01-01,2016-12-31,1,2026-09-15T16:28:02.595641+00:00
VALUE_ADDED_GROWTH_NUTS2,mk00:nuts2,2017,2026-09-15T16:28:02.595641+00:00,97.8,final,2017-01-01,2017-12-31,1,2026-09-15T16:28:02.595641+00:00
VALUE_ADDED_GROWTH_NUTS2,mk00:nuts2,2018,2026-09-15T16:28:02.595641+00:00,100.6,final,2018-01-01,2018-12-31,1,2026-09-15T16:28:02.595641+00:00
VALUE_ADDED_GROWTH_NUTS2,mk00:nuts2,2019,2026-09-15T16:28:02.595641+00:00,104.5,final,2019-01-01,2019-12-31,1,2026-09-15T16:28:02.595641+00:00
VALUE_ADDED_GROWTH_NUTS2,mk00:nuts2,2020,2026-09-15T16:28:02.595641+00:00,100.0,final,2020-01-01,2020-12-31,1,2026-09-15T16:28:02.595641+00:00
VALUE_ADDED_GROWTH_NUTS2,mk00:nuts2,2021,2026-09-15T16:28:02.595641+00:00,104.0,final,2021-01-01,2021-12-31,1,2026-09-15T16:28:02.595641+00:00
VALUE_ADDED_GROWTH_NUTS2,mk00:nuts2,2022,2026-09-15T16:28:02.595641+00:00,107.0,final,2022-01-01,2022-12-31,1,2026-09-15T16:28:02.595641+00:00
VALUE_ADDED_GROWTH_NUTS2,mk00:nuts2,2023,2026-09-15T16:28:02.595641+00:00,110.1,final,2023-01-01,2023-12-31,1,2026-09-15T16:28:02.595641+00:00
VALUE_ADDED_GROWTH_NUTS2,mk00:nuts2,2024,2026-09-15T16:28:02.595641+00:00,112.5,provisional,2024-01-01,2024-12-31,1,2026-09-15T16:28:02.595641+00:00
VALUE_ADDED_GROWTH_NUTS2,mt00:nuts2,2000,2026-09-15T16:28:02.595641+00:00,45.2,final,2000-01-01,2000-12-31,1,2026-09-15T16:28:02.595641+00:00
VALUE_ADDED_GROWTH_NUTS2,mt00:nuts2,2001,2026-09-15T16:28:02.595641+00:00,44.5,final,2001-01-01,2001-12-31,1,2026-09-15T16:28:02.595641+00:00
VALUE_ADDED_GROWTH_NUTS2,mt00:nuts2,2002,2026-09-15T16:28:02.595641+00:00,46.1,final,2002-01-01,2002-12-31,1,2026-09-15T16:28:02.595641+00:00
VALUE_ADDED_GROWTH_NUTS2,mt00:nuts2,2003,2026-09-15T16:28:02.595641+00:00,48.2,final,2003-01-01,2003-12-31,1,2026-09-15T16:28:02.595641+00:00
VALUE_ADDED_GROWTH_NUTS2,mt00:nuts2,2004,2026-09-15T16:28:02.595641+00:00,47.6,final,2004-01-01,2004-12-31,1,2026-09-15T16:28:02.595641+00:00
VALUE_ADDED_GROWTH_NUTS2,mt00:nuts2,2005,2026-09-15T16:28:02.595641+00:00,47.9,final,2005-01-01,2005-12-31,1,2026-09-15T16:28:02.595641+00:00
VALUE_ADDED_GROWTH_NUTS2,mt00:nuts2,2006,2026-09-15T16:28:02.595641+00:00,49.3,final,2006-01-01,2006-12-31,1,2026-09-15T16:28:02.595641+00:00
VALUE_ADDED_GROWTH_NUTS2,mt00:nuts2,2007,2026-09-15T16:28:02.595641+00:00,52.0,final,2007-01-01,2007-12-31,1,2026-09-15T16:28:02.595641+00:00
VALUE_ADDED_GROWTH_NUTS2,mt00:nuts2,2008,2026-09-15T16:28:02.595641+00:00,54.6,final,2008-01-01,2008-12-31,1,2026-09-15T16:28:02.595641+00:00
VALUE_ADDED_GROWTH_NUTS2,mt00:nuts2,2009,2026-09-15T16:28:02.595641+00:00,54.9,final,2009-01-01,2009-12-31,1,2026-09-15T16:28:02.595641+00:00
VALUE_ADDED_GROWTH_NUTS2,mt00:nuts2,2010,2026-09-15T16:28:02.595641+00:00,58.1,final,2010-01-01,2010-12-31,1,2026-09-15T16:28:02.595641+00:00
VALUE_ADDED_GROWTH_NUTS2,mt00:nuts2,2011,2026-09-15T16:28:02.595641+00:00,57.6,final,2011-01-01,2011-12-31,1,2026-09-15T16:28:02.595641+00:00
VALUE_ADDED_GROWTH_NUTS2,mt00:nuts2,2012,2026-09-15T16:28:02.595641+00:00,60.3,final,2012-01-01,2012-12-31,1,2026-09-15T16:28:02.595641+00:00
VALUE_ADDED_GROWTH_NUTS2,mt00:nuts2,2013,2026-09-15T16:28:02.595641+00:00,65.0,final,2013-01-01,2013-12-31,1,2026-09-15T16:28:02.595641+00:00
VALUE_ADDED_GROWTH_NUTS2,mt00:nuts2,2014,2026-09-15T16:28:02.595641+00:00,70.9,final,2014-01-01,2014-12-31,1,2026-09-15T16:28:02.595641+00:00
VALUE_ADDED_GROWTH_NUTS2,mt00:nuts2,2015,2026-09-15T16:28:02.595641+00:00,77.4,final,2015-01-01,2015-12-31,1,2026-09-15T16:28:02.595641+00:00
VALUE_ADDED_GROWTH_NUTS2,mt00:nuts2,2016,2026-09-15T16:28:02.595641+00:00,80.6,final,2016-01-01,2016-12-31,1,2026-09-15T16:28:02.595641+00:00
VALUE_ADDED_GROWTH_NUTS2,mt00:nuts2,2017,2026-09-15T16:28:02.595641+00:00,91.2,final,2017-01-01,2017-12-31,1,2026-09-15T16:28:02.595641+00:00
VALUE_ADDED_GROWTH_NUTS2,mt00:nuts2,2018,2026-09-15T16:28:02.595641+00:00,98.0,final,2018-01-01,2018-12-31,1,2026-09-15T16:28:02.595641+00:00
VALUE_ADDED_GROWTH_NUTS2,mt00:nuts2,2019,2026-09-15T16:28:02.595641+00:00,102.1,final,2019-01-01,2019-12-31,1,2026-09-15T16:28:02.595641+00:00
VALUE_ADDED_GROWTH_NUTS2,mt00:nuts2,2020,2026-09-15T16:28:02.595641+00:00,100.0,final,2020-01-01,2020-12-31,1,2026-09-15T16:28:02.595641+00:00
VALUE_ADDED_GROWTH_NUTS2,mt00:nuts2,2021,2026-09-15T16:28:02.595641+00:00,112.9,final,2021-01-01,2021-12-31,1,2026-09-15T16:28:02.595641+00:00
VALUE_ADDED_GROWTH_NUTS2,mt00:nuts2,2022,2026-09-15T16:28:02.595641+00:00,117.3,final,2022-01-01,2022-12-31,1,2026-09-15T16:28:02.595641+00:00
VALUE_ADDED_GROWTH_NUTS2,mt00:nuts2,2023,2026-09-15T16:28:02.595641+00:00,128.0,final,2023-01-01,2023-12-31,1,2026-09-15T16:28:02.595641+00:00
VALUE_ADDED_GROWTH_NUTS2,mt00:nuts2,2024,2026-09-15T16:28:02.595641+00:00,134.7,final,2024-01-01,2024-12-31,1,2026-09-15T16:28:02.595641+00:00
VALUE_ADDED_GROWTH_NUTS2,nl11:nuts2,2000,2026-09-15T16:28:02.595641+00:00,99.0,final,2000-01-01,2000-12-31,1,2026-09-15T16:28:02.595641+00:00
VALUE_ADDED_GROWTH_NUTS2,nl11:nuts2,2001,2026-09-15T16:28:02.595641+00:00,102.9,final,2001-01-01,2001-12-31,1,2026-09-15T16:28:02.595641+00:00
VALUE_ADDED_GROWTH_NUTS2,nl11:nuts2,2002,2026-09-15T16:28:02.595641+00:00,105.3,final,2002-01-01,2002-12-31,1,2026-09-15T16:28:02.595641+00:00
VALUE_ADDED_GROWTH_NUTS2,nl11:nuts2,2003,2026-09-15T16:28:02.595641+00:00,106.8,final,2003-01-01,2003-12-31,1,2026-09-15T16:28:02.595641+00:00
VALUE_ADDED_GROWTH_NUTS2,nl11:nuts2,2004,2026-09-15T16:28:02.595641+00:00,108.3,final,2004-01-01,2004-12-31,1,2026-09-15T16:28:02.595641+00:00
VALUE_ADDED_GROWTH_NUTS2,nl11:nuts2,2005,2026-09-15T16:28:02.595641+00:00,112.4,final,2005-01-01,2005-12-31,1,2026-09-15T16:28:02.595641+00:00
VALUE_ADDED_GROWTH_NUTS2,nl11:nuts2,2006,2026-09-15T16:28:02.595641+00:00,113.7,final,2006-01-01,2006-12-31,1,2026-09-15T16:28:02.595641+00:00
VALUE_ADDED_GROWTH_NUTS2,nl11:nuts2,2007,2026-09-15T16:28:02.595641+00:00,111.8,final,2007-01-01,2007-12-31,1,2026-09-15T16:28:02.595641+00:00
VALUE_ADDED_GROWTH_NUTS2,nl11:nuts2,2008,2026-09-15T16:28:02.595641+00:00,122.0,final,2008-01-01,2008-12-31,1,2026-09-15T16:28:02.595641+00:00
VALUE_ADDED_GROWTH_NUTS2,nl11:nuts2,2009,2026-09-15T16:28:02.595641+00:00,117.5,final,2009-01-01,2009-12-31,1,2026-09-15T16:28:02.595641+00:00
VALUE_ADDED_GROWTH_NUTS2,nl11:nuts2,2010,2026-09-15T16:28:02.595641+00:00,124.5,final,2010-01-01,2010-12-31,1,2026-09-15T16:28:02.595641+00:00
VALUE_ADDED_GROWTH_NUTS2,nl11:nuts2,2011,2026-09-15T16:28:02.595641+00:00,121.7,final,2011-01-01,2011-12-31,1,2026-09-15T16:28:02.595641+00:00
VALUE_ADDED_GROWTH_NUTS2,nl11:nuts2,2012,2026-09-15T16:28:02.595641+00:00,120.2,final,2012-01-01,2012-12-31,1,2026-09-15T16:28:02.595641+00:00
VALUE_ADDED_GROWTH_NUTS2,nl11:nuts2,2013,2026-09-15T16:28:02.595641+00:00,126.4,final,2013-01-01,2013-12-31,1,2026-09-15T16:28:02.595641+00:00
VALUE_ADDED_GROWTH_NUTS2,nl11:nuts2,2014,2026-09-15T16:28:02.595641+00:00,117.1,final,2014-01-01,2014-12-31,1,2026-09-15T16:28:02.595641+00:00
VALUE_ADDED_GROWTH_NUTS2,nl11:nuts2,2015,2026-09-15T16:28:02.595641+00:00,110.2,final,2015-01-01,2015-12-31,1,2026-09-15T16:28:02.595641+00:00
VALUE_ADDED_GROWTH_NUTS2,nl11:nuts2,2016,2026-09-15T16:28:02.595641+00:00,111.9,final,2016-01-01,2016-12-31,1,2026-09-15T16:28:02.595641+00:00
VALUE_ADDED_GROWTH_NUTS2,nl11:nuts2,2017,2026-09-15T16:28:02.595641+00:00,112.6,final,2017-01-01,2017-12-31,1,2026-09-15T16:28:02.595641+00:00
VALUE_ADDED_GROWTH_NUTS2,nl11:nuts2,2018,2026-09-15T16:28:02.595641+00:00,108.9,final,2018-01-01,2018-12-31,1,2026-09-15T16:28:02.595641+00:00
VALUE_ADDED_GROWTH_NUTS2,nl11:nuts2,2019,2026-09-15T16:28:02.595641+00:00,108.3,final,2019-01-01,2019-12-31,1,2026-09-15T16:28:02.595641+00:00
VALUE_ADDED_GROWTH_NUTS2,nl11:nuts2,2020,2026-09-15T16:28:02.595641+00:00,100.0,final,2020-01-01,2020-12-31,1,2026-09-15T16:28:02.595641+00:00
VALUE_ADDED_GROWTH_NUTS2,nl11:nuts2,2021,2026-09-15T16:28:02.595641+00:00,105.2,final,2021-01-01,2021-12-31,1,2026-09-15T16:28:02.595641+00:00
VALUE_ADDED_GROWTH_NUTS2,nl11:nuts2,2022,2026-09-15T16:28:02.595641+00:00,108.1,final,2022-01-01,2022-12-31,1,2026-09-15T16:28:02.595641+00:00
VALUE_ADDED_GROWTH_NUTS2,nl11:nuts2,2023,2026-09-15T16:28:02.595641+00:00,96.0,final,2023-01-01,2023-12-31,1,2026-09-15T16:28:02.595641+00:00
VALUE_ADDED_GROWTH_NUTS2,nl11:nuts2,2024,2026-09-15T16:28:02.595641+00:00,94.0,provisional,2024-01-01,2024-12-31,1,2026-09-15T16:28:02.595641+00:00
VALUE_ADDED_GROWTH_NUTS2,nl12:nuts2,2000,2026-09-15T16:28:02.595641+00:00,84.4,final,2000-01-01,2000-12-31,1,2026-09-15T16:28:02.595641+00:00
VALUE_ADDED_GROWTH_NUTS2,nl12:nuts2,2001,2026-09-15T16:28:02.595641+00:00,86.6,final,2001-01-01,2001-12-31,1,2026-09-15T16:28:02.595641+00:00
VALUE_ADDED_GROWTH_NUTS2,nl12:nuts2,2002,2026-09-15T16:28:02.595641+00:00,85.2,final,2002-01-01,2002-12-31,1,2026-09-15T16:28:02.595641+00:00
VALUE_ADDED_GROWTH_NUTS2,nl12:nuts2,2003,2026-09-15T16:28:02.595641+00:00,86.2,final,2003-01-01,2003-12-31,1,2026-09-15T16:28:02.595641+00:00
VALUE_ADDED_GROWTH_NUTS2,nl12:nuts2,2004,2026-09-15T16:28:02.595641+00:00,86.3,final,2004-01-01,2004-12-31,1,2026-09-15T16:28:02.595641+00:00
VALUE_ADDED_GROWTH_NUTS2,nl12:nuts2,2005,2026-09-15T16:28:02.595641+00:00,88.3,final,2005-01-01,2005-12-31,1,2026-09-15T16:28:02.595641+00:00
VALUE_ADDED_GROWTH_NUTS2,nl12:nuts2,2006,2026-09-15T16:28:02.595641+00:00,90.1,final,2006-01-01,2006-12-31,1,2026-09-15T16:28:02.595641+00:00
VALUE_ADDED_GROWTH_NUTS2,nl12:nuts2,2007,2026-09-15T16:28:02.595641+00:00,94.9,final,2007-01-01,2007-12-31,1,2026-09-15T16:28:02.595641+00:00
VALUE_ADDED_GROWTH_NUTS2,nl12:nuts2,2008,2026-09-15T16:28:02.595641+00:00,96.3,final,2008-01-01,2008-12-31,1,2026-09-15T16:28:02.595641+00:00
VALUE_ADDED_GROWTH_NUTS2,nl12:nuts2,2009,2026-09-15T16:28:02.595641+00:00,93.9,final,2009-01-01,2009-12-31,1,2026-09-15T16:28:02.595641+00:00
VALUE_ADDED_GROWTH_NUTS2,nl12:nuts2,2010,2026-09-15T16:28:02.595641+00:00,94.8,final,2010-01-01,2010-12-31,1,2026-09-15T16:28:02.595641+00:00
VALUE_ADDED_GROWTH_NUTS2,nl12:nuts2,2011,2026-09-15T16:28:02.595641+00:00,97.3,final,2011-01-01,2011-12-31,1,2026-09-15T16:28:02.595641+00:00
VALUE_ADDED_GROWTH_NUTS2,nl12:nuts2,2012,2026-09-15T16:28:02.595641+00:00,94.4,final,2012-01-01,2012-12-31,1,2026-09-15T16:28:02.595641+00:00
VALUE_ADDED_GROWTH_NUTS2,nl12:nuts2,2013,2026-09-15T16:28:02.595641+00:00,92.0,final,2013-01-01,2013-12-31,1,2026-09-15T16:28:02.595641+00:00
VALUE_ADDED_GROWTH_NUTS2,nl12:nuts2,2014,2026-09-15T16:28:02.595641+00:00,93.1,final,2014-01-01,2014-12-31,1,2026-09-15T16:28:02.595641+00:00
VALUE_ADDED_GROWTH_NUTS2,nl12:nuts2,2015,2026-09-15T16:28:02.595641+00:00,95.0,final,2015-01-01,2015-12-31,1,2026-09-15T16:28:02.595641+00:00
VALUE_ADDED_GROWTH_NUTS2,nl12:nuts2,2016,2026-09-15T16:28:02.595641+00:00,96.3,final,2016-01-01,2016-12-31,1,2026-09-15T16:28:02.595641+00:00
VALUE_ADDED_GROWTH_NUTS2,nl12:nuts2,2017,2026-09-15T16:28:02.595641+00:00,97.8,final,2017-01-01,2017-12-31,1,2026-09-15T16:28:02.595641+00:00
VALUE_ADDED_GROWTH_NUTS2,nl12:nuts2,2018,2026-09-15T16:28:02.595641+00:00,99.1,final,2018-01-01,2018-12-31,1,2026-09-15T16:28:02.595641+00:00
VALUE_ADDED_GROWTH_NUTS2,nl12:nuts2,2019,2026-09-15T16:28:02.595641+00:00,101.9,final,2019-01-01,2019-12-31,1,2026-09-15T16:28:02.595641+00:00
VALUE_ADDED_GROWTH_NUTS2,nl12:nuts2,2020,2026-09-15T16:28:02.595641+00:00,100.0,final,2020-01-01,2020-12-31,1,2026-09-15T16:28:02.595641+00:00
VALUE_ADDED_GROWTH_NUTS2,nl12:nuts2,2021,2026-09-15T16:28:02.595641+00:00,105.9,final,2021-01-01,2021-12-31,1,2026-09-15T16:28:02.595641+00:00
VALUE_ADDED_GROWTH_NUTS2,nl12:nuts2,2022,2026-09-15T16:28:02.595641+00:00,110.8,final,2022-01-01,2022-12-31,1,2026-09-15T16:28:02.595641+00:00
VALUE_ADDED_GROWTH_NUTS2,nl12:nuts2,2023,2026-09-15T16:28:02.595641+00:00,109.7,final,2023-01-01,2023-12-31,1,2026-09-15T16:28:02.595641+00:00
VALUE_ADDED_GROWTH_NUTS2,nl12:nuts2,2024,2026-09-15T16:28:02.595641+00:00,108.8,provisional,2024-01-01,2024-12-31,1,2026-09-15T16:28:02.595641+00:00
VALUE_ADDED_GROWTH_NUTS2,nl13:nuts2,2000,2026-09-15T16:28:02.595641+00:00,86.9,final,2000-01-01,2000-12-31,1,2026-09-15T16:28:02.595641+00:00
VALUE_ADDED_GROWTH_NUTS2,nl13:nuts2,2001,2026-09-15T16:28:02.595641+00:00,88.6,final,2001-01-01,2001-12-31,1,2026-09-15T16:28:02.595641+00:00
VALUE_ADDED_GROWTH_NUTS2,nl13:nuts2,2002,2026-09-15T16:28:02.595641+00:00,89.6,final,2002-01-01,2002-12-31,1,2026-09-15T16:28:02.595641+00:00
VALUE_ADDED_GROWTH_NUTS2,nl13:nuts2,2003,2026-09-15T16:28:02.595641+00:00,88.7,final,2003-01-01,2003-12-31,1,2026-09-15T16:28:02.595641+00:00
VALUE_ADDED_GROWTH_NUTS2,nl13:nuts2,2004,2026-09-15T16:28:02.595641+00:00,89.4,final,2004-01-01,2004-12-31,1,2026-09-15T16:28:02.595641+00:00
VALUE_ADDED_GROWTH_NUTS2,nl13:nuts2,2005,2026-09-15T16:28:02.595641+00:00,89.7,final,2005-01-01,2005-12-31,1,2026-09-15T16:28:02.595641+00:00
VALUE_ADDED_GROWTH_NUTS2,nl13:nuts2,2006,2026-09-15T16:28:02.595641+00:00,91.5,final,2006-01-01,2006-12-31,1,2026-09-15T16:28:02.595641+00:00
VALUE_ADDED_GROWTH_NUTS2,nl13:nuts2,2007,2026-09-15T16:28:02.595641+00:00,95.8,final,2007-01-01,2007-12-31,1,2026-09-15T16:28:02.595641+00:00
VALUE_ADDED_GROWTH_NUTS2,nl13:nuts2,2008,2026-09-15T16:28:02.595641+00:00,97.1,final,2008-01-01,2008-12-31,1,2026-09-15T16:28:02.595641+00:00
VALUE_ADDED_GROWTH_NUTS2,nl13:nuts2,2009,2026-09-15T16:28:02.595641+00:00,94.0,final,2009-01-01,2009-12-31,1,2026-09-15T16:28:02.595641+00:00
VALUE_ADDED_GROWTH_NUTS2,nl13:nuts2,2010,2026-09-15T16:28:02.595641+00:00,94.8,final,2010-01-01,2010-12-31,1,2026-09-15T16:28:02.595641+00:00
VALUE_ADDED_GROWTH_NUTS2,nl13:nuts2,2011,2026-09-15T16:28:02.595641+00:00,96.4,final,2011-01-01,2011-12-31,1,2026-09-15T16:28:02.595641+00:00
VALUE_ADDED_GROWTH_NUTS2,nl13:nuts2,2012,2026-09-15T16:28:02.595641+00:00,96.7,final,2012-01-01,2012-12-31,1,2026-09-15T16:28:02.595641+00:00
VALUE_ADDED_GROWTH_NUTS2,nl13:nuts2,2013,2026-09-15T16:28:02.595641+00:00,96.5,final,2013-01-01,2013-12-31,1,2026-09-15T16:28:02.595641+00:00
VALUE_ADDED_GROWTH_NUTS2,nl13:nuts2,2014,2026-09-15T16:28:02.595641+00:00,97.7,final,2014-01-01,2014-12-31,1,2026-09-15T16:28:02.595641+00:00
VALUE_ADDED_GROWTH_NUTS2,nl13:nuts2,2015,2026-09-15T16:28:02.595641+00:00,97.9,final,2015-01-01,2015-12-31,1,2026-09-15T16:28:02.595641+00:00
VALUE_ADDED_GROWTH_NUTS2,nl13:nuts2,2016,2026-09-15T16:28:02.595641+00:00,98.0,final,2016-01-01,2016-12-31,1,2026-09-15T16:28:02.595641+00:00
VALUE_ADDED_GROWTH_NUTS2,nl13:nuts2,2017,2026-09-15T16:28:02.595641+00:00,99.6,final,2017-01-01,2017-12-31,1,2026-09-15T16:28:02.595641+00:00
VALUE_ADDED_GROWTH_NUTS2,nl13:nuts2,2018,2026-09-15T16:28:02.595641+00:00,102.0,final,2018-01-01,2018-12-31,1,2026-09-15T16:28:02.595641+00:00
VALUE_ADDED_GROWTH_NUTS2,nl13:nuts2,2019,2026-09-15T16:28:02.595641+00:00,103.4,final,2019-01-01,2019-12-31,1,2026-09-15T16:28:02.595641+00:00
VALUE_ADDED_GROWTH_NUTS2,nl13:nuts2,2020,2026-09-15T16:28:02.595641+00:00,100.0,final,2020-01-01,2020-12-31,1,2026-09-15T16:28:02.595641+00:00
VALUE_ADDED_GROWTH_NUTS2,nl13:nuts2,2021,2026-09-15T16:28:02.595641+00:00,105.1,final,2021-01-01,2021-12-31,1,2026-09-15T16:28:02.595641+00:00
VALUE_ADDED_GROWTH_NUTS2,nl13:nuts2,2022,2026-09-15T16:28:02.595641+00:00,108.2,final,2022-01-01,2022-12-31,1,2026-09-15T16:28:02.595641+00:00
VALUE_ADDED_GROWTH_NUTS2,nl13:nuts2,2023,2026-09-15T16:28:02.595641+00:00,109.9,final,2023-01-01,2023-12-31,1,2026-09-15T16:28:02.595641+00:00
VALUE_ADDED_GROWTH_NUTS2,nl13:nuts2,2024,2026-09-15T16:28:02.595641+00:00,111.1,provisional,2024-01-01,2024-12-31,1,2026-09-15T16:28:02.595641+00:00
VALUE_ADDED_GROWTH_NUTS2,nl21:nuts2,2000,2026-09-15T16:28:02.595641+00:00,75.3,final,2000-01-01,2000-12-31,1,2026-09-15T16:28:02.595641+00:00
VALUE_ADDED_GROWTH_NUTS2,nl21:nuts2,2001,2026-09-15T16:28:02.595641+00:00,77.4,final,2001-01-01,2001-12-31,1,2026-09-15T16:28:02.595641+00:00
VALUE_ADDED_GROWTH_NUTS2,nl21:nuts2,2002,2026-09-15T16:28:02.595641+00:00,77.0,final,2002-01-01,2002-12-31,1,2026-09-15T16:28:02.595641+00:00
VALUE_ADDED_GROWTH_NUTS2,nl21:nuts2,2003,2026-09-15T16:28:02.595641+00:00,77.4,final,2003-01-01,2003-12-31,1,2026-09-15T16:28:02.595641+00:00
VALUE_ADDED_GROWTH_NUTS2,nl21:nuts2,2004,2026-09-15T16:28:02.595641+00:00,78.5,final,2004-01-01,2004-12-31,1,2026-09-15T16:28:02.595641+00:00
VALUE_ADDED_GROWTH_NUTS2,nl21:nuts2,2005,2026-09-15T16:28:02.595641+00:00,80.5,final,2005-01-01,2005-12-31,1,2026-09-15T16:28:02.595641+00:00
VALUE_ADDED_GROWTH_NUTS2,nl21:nuts2,2006,2026-09-15T16:28:02.595641+00:00,83.0,final,2006-01-01,2006-12-31,1,2026-09-15T16:28:02.595641+00:00
VALUE_ADDED_GROWTH_NUTS2,nl21:nuts2,2007,2026-09-15T16:28:02.595641+00:00,86.5,final,2007-01-01,2007-12-31,1,2026-09-15T16:28:02.595641+00:00
VALUE_ADDED_GROWTH_NUTS2,nl21:nuts2,2008,2026-09-15T16:28:02.595641+00:00,89.9,final,2008-01-01,2008-12-31,1,2026-09-15T16:28:02.595641+00:00
VALUE_ADDED_GROWTH_NUTS2,nl21:nuts2,2009,2026-09-15T16:28:02.595641+00:00,89.1,final,2009-01-01,2009-12-31,1,2026-09-15T16:28:02.595641+00:00
VALUE_ADDED_GROWTH_NUTS2,nl21:nuts2,2010,2026-09-15T16:28:02.595641+00:00,89.7,final,2010-01-01,2010-12-31,1,2026-09-15T16:28:02.595641+00:00
VALUE_ADDED_GROWTH_NUTS2,nl21:nuts2,2011,2026-09-15T16:28:02.595641+00:00,92.3,final,2011-01-01,2011-12-31,1,2026-09-15T16:28:02.595641+00:00
VALUE_ADDED_GROWTH_NUTS2,nl21:nuts2,2012,2026-09-15T16:28:02.595641+00:00,90.5,final,2012-01-01,2012-12-31,1,2026-09-15T16:28:02.595641+00:00
VALUE_ADDED_GROWTH_NUTS2,nl21:nuts2,2013,2026-09-15T16:28:02.595641+00:00,89.9,final,2013-01-01,2013-12-31,1,2026-09-15T16:28:02.595641+00:00
VALUE_ADDED_GROWTH_NUTS2,nl21:nuts2,2014,2026-09-15T16:28:02.595641+00:00,90.7,final,2014-01-01,2014-12-31,1,2026-09-15T16:28:02.595641+00:00
VALUE_ADDED_GROWTH_NUTS2,nl21:nuts2,2015,2026-09-15T16:28:02.595641+00:00,93.4,final,2015-01-01,2015-12-31,1,2026-09-15T16:28:02.595641+00:00
VALUE_ADDED_GROWTH_NUTS2,nl21:nuts2,2016,2026-09-15T16:28:02.595641+00:00,96.1,final,2016-01-01,2016-12-31,1,2026-09-15T16:28:02.595641+00:00
VALUE_ADDED_GROWTH_NUTS2,nl21:nuts2,2017,2026-09-15T16:28:02.595641+00:00,98.8,final,2017-01-01,2017-12-31,1,2026-09-15T16:28:02.595641+00:00
VALUE_ADDED_GROWTH_NUTS2,nl21:nuts2,2018,2026-09-15T16:28:02.595641+00:00,101.3,final,2018-01-01,2018-12-31,1,2026-09-15T16:28:02.595641+00:00
VALUE_ADDED_GROWTH_NUTS2,nl21:nuts2,2019,2026-09-15T16:28:02.595641+00:00,103.3,final,2019-01-01,2019-12-31,1,2026-09-15T16:28:02.595641+00:00
VALUE_ADDED_GROWTH_NUTS2,nl21:nuts2,2020,2026-09-15T16:28:02.595641+00:00,100.0,final,2020-01-01,2020-12-31,1,2026-09-15T16:28:02.595641+00:00
VALUE_ADDED_GROWTH_NUTS2,nl21:nuts2,2021,2026-09-15T16:28:02.595641+00:00,107.4,final,2021-01-01,2021-12-31,1,2026-09-15T16:28:02.595641+00:00
VALUE_ADDED_GROWTH_NUTS2,nl21:nuts2,2022,2026-09-15T16:28:02.595641+00:00,113.4,final,2022-01-01,2022-12-31,1,2026-09-15T16:28:02.595641+00:00
VALUE_ADDED_GROWTH_NUTS2,nl21:nuts2,2023,2026-09-15T16:28:02.595641+00:00,111.9,final,2023-01-01,2023-12-31,1,2026-09-15T16:28:02.595641+00:00
VALUE_ADDED_GROWTH_NUTS2,nl21:nuts2,2024,2026-09-15T16:28:02.595641+00:00,113.4,provisional,2024-01-01,2024-12-31,1,2026-09-15T16:28:02.595641+00:00
VALUE_ADDED_GROWTH_NUTS2,nl22:nuts2,2000,2026-09-15T16:28:02.595641+00:00,77.6,final,2000-01-01,2000-12-31,1,2026-09-15T16:28:02.595641+00:00
VALUE_ADDED_GROWTH_NUTS2,nl22:nuts2,2001,2026-09-15T16:28:02.595641+00:00,79.9,final,2001-01-01,2001-12-31,1,2026-09-15T16:28:02.595641+00:00
VALUE_ADDED_GROWTH_NUTS2,nl22:nuts2,2002,2026-09-15T16:28:02.595641+00:00,79.5,final,2002-01-01,2002-12-31,1,2026-09-15T16:28:02.595641+00:00
VALUE_ADDED_GROWTH_NUTS2,nl22:nuts2,2003,2026-09-15T16:28:02.595641+00:00,79.8,final,2003-01-01,2003-12-31,1,2026-09-15T16:28:02.595641+00:00
VALUE_ADDED_GROWTH_NUTS2,nl22:nuts2,2004,2026-09-15T16:28:02.595641+00:00,80.7,final,2004-01-01,2004-12-31,1,2026-09-15T16:28:02.595641+00:00
VALUE_ADDED_GROWTH_NUTS2,nl22:nuts2,2005,2026-09-15T16:28:02.595641+00:00,82.1,final,2005-01-01,2005-12-31,1,2026-09-15T16:28:02.595641+00:00
VALUE_ADDED_GROWTH_NUTS2,nl22:nuts2,2006,2026-09-15T16:28:02.595641+00:00,86.2,final,2006-01-01,2006-12-31,1,2026-09-15T16:28:02.595641+00:00
VALUE_ADDED_GROWTH_NUTS2,nl22:nuts2,2007,2026-09-15T16:28:02.595641+00:00,89.1,final,2007-01-01,2007-12-31,1,2026-09-15T16:28:02.595641+00:00
VALUE_ADDED_GROWTH_NUTS2,nl22:nuts2,2008,2026-09-15T16:28:02.595641+00:00,91.1,final,2008-01-01,2008-12-31,1,2026-09-15T16:28:02.595641+00:00
VALUE_ADDED_GROWTH_NUTS2,nl22:nuts2,2009,2026-09-15T16:28:02.595641+00:00,89.7,final,2009-01-01,2009-12-31,1,2026-09-15T16:28:02.595641+00:00
VALUE_ADDED_GROWTH_NUTS2,nl22:nuts2,2010,2026-09-15T16:28:02.595641+00:00,90.0,final,2010-01-01,2010-12-31,1,2026-09-15T16:28:02.595641+00:00
VALUE_ADDED_GROWTH_NUTS2,nl22:nuts2,2011,2026-09-15T16:28:02.595641+00:00,92.7,final,2011-01-01,2011-12-31,1,2026-09-15T16:28:02.595641+00:00
VALUE_ADDED_GROWTH_NUTS2,nl22:nuts2,2012,2026-09-15T16:28:02.595641+00:00,91.4,final,2012-01-01,2012-12-31,1,2026-09-15T16:28:02.595641+00:00
VALUE_ADDED_GROWTH_NUTS2,nl22:nuts2,2013,2026-09-15T16:28:02.595641+00:00,90.6,final,2013-01-01,2013-12-31,1,2026-09-15T16:28:02.595641+00:00
VALUE_ADDED_GROWTH_NUTS2,nl22:nuts2,2014,2026-09-15T16:28:02.595641+00:00,92.3,final,2014-01-01,2014-12-31,1,2026-09-15T16:28:02.595641+00:00
VALUE_ADDED_GROWTH_NUTS2,nl22:nuts2,2015,2026-09-15T16:28:02.595641+00:00,94.3,final,2015-01-01,2015-12-31,1,2026-09-15T16:28:02.595641+00:00
VALUE_ADDED_GROWTH_NUTS2,nl22:nuts2,2016,2026-09-15T16:28:02.595641+00:00,96.0,final,2016-01-01,2016-12-31,1,2026-09-15T16:28:02.595641+00:00
VALUE_ADDED_GROWTH_NUTS2,nl22:nuts2,2017,2026-09-15T16:28:02.595641+00:00,97.9,final,2017-01-01,2017-12-31,1,2026-09-15T16:28:02.595641+00:00
VALUE_ADDED_GROWTH_NUTS2,nl22:nuts2,2018,2026-09-15T16:28:02.595641+00:00,100.2,final,2018-01-01,2018-12-31,1,2026-09-15T16:28:02.595641+00:00
VALUE_ADDED_GROWTH_NUTS2,nl22:nuts2,2019,2026-09-15T16:28:02.595641+00:00,103.2,final,2019-01-01,2019-12-31,1,2026-09-15T16:28:02.595641+00:00
VALUE_ADDED_GROWTH_NUTS2,nl22:nuts2,2020,2026-09-15T16:28:02.595641+00:00,100.0,final,2020-01-01,2020-12-31,1,2026-09-15T16:28:02.595641+00:00
VALUE_ADDED_GROWTH_NUTS2,nl22:nuts2,2021,2026-09-15T16:28:02.595641+00:00,106.4,final,2021-01-01,2021-12-31,1,2026-09-15T16:28:02.595641+00:00
VALUE_ADDED_GROWTH_NUTS2,nl22:nuts2,2022,2026-09-15T16:28:02.595641+00:00,112.4,final,2022-01-01,2022-12-31,1,2026-09-15T16:28:02.595641+00:00
VALUE_ADDED_GROWTH_NUTS2,nl22:nuts2,2023,2026-09-15T16:28:02.595641+00:00,111.0,final,2023-01-01,2023-12-31,1,2026-09-15T16:28:02.595641+00:00
VALUE_ADDED_GROWTH_NUTS2,nl22:nuts2,2024,2026-09-15T16:28:02.595641+00:00,112.8,provisional,2024-01-01,2024-12-31,1,2026-09-15T16:28:02.595641+00:00
VALUE_ADDED_GROWTH_NUTS2,nl23:nuts2,2000,2026-09-15T16:28:02.595641+00:00,63.0,final,2000-01-01,2000-12-31,1,2026-09-15T16:28:02.595641+00:00
VALUE_ADDED_GROWTH_NUTS2,nl23:nuts2,2001,2026-09-15T16:28:02.595641+00:00,67.4,final,2001-01-01,2001-12-31,1,2026-09-15T16:28:02.595641+00:00
VALUE_ADDED_GROWTH_NUTS2,nl23:nuts2,2002,2026-09-15T16:28:02.595641+00:00,68.2,final,2002-01-01,2002-12-31,1,2026-09-15T16:28:02.595641+00:00
VALUE_ADDED_GROWTH_NUTS2,nl23:nuts2,2003,2026-09-15T16:28:02.595641+00:00,72.2,final,2003-01-01,2003-12-31,1,2026-09-15T16:28:02.595641+00:00
VALUE_ADDED_GROWTH_NUTS2,nl23:nuts2,2004,2026-09-15T16:28:02.595641+00:00,74.6,final,2004-01-01,2004-12-31,1,2026-09-15T16:28:02.595641+00:00
VALUE_ADDED_GROWTH_NUTS2,nl23:nuts2,2005,2026-09-15T16:28:02.595641+00:00,77.4,final,2005-01-01,2005-12-31,1,2026-09-15T16:28:02.595641+00:00
VALUE_ADDED_GROWTH_NUTS2,nl23:nuts2,2006,2026-09-15T16:28:02.595641+00:00,83.8,final,2006-01-01,2006-12-31,1,2026-09-15T16:28:02.595641+00:00
VALUE_ADDED_GROWTH_NUTS2,nl23:nuts2,2007,2026-09-15T16:28:02.595641+00:00,88.4,final,2007-01-01,2007-12-31,1,2026-09-15T16:28:02.595641+00:00
VALUE_ADDED_GROWTH_NUTS2,nl23:nuts2,2008,2026-09-15T16:28:02.595641+00:00,88.1,final,2008-01-01,2008-12-31,1,2026-09-15T16:28:02.595641+00:00
VALUE_ADDED_GROWTH_NUTS2,nl23:nuts2,2009,2026-09-15T16:28:02.595641+00:00,84.0,final,2009-01-01,2009-12-31,1,2026-09-15T16:28:02.595641+00:00
VALUE_ADDED_GROWTH_NUTS2,nl23:nuts2,2010,2026-09-15T16:28:02.595641+00:00,87.5,final,2010-01-01,2010-12-31,1,2026-09-15T16:28:02.595641+00:00
VALUE_ADDED_GROWTH_NUTS2,nl23:nuts2,2011,2026-09-15T16:28:02.595641+00:00,91.4,final,2011-01-01,2011-12-31,1,2026-09-15T16:28:02.595641+00:00
VALUE_ADDED_GROWTH_NUTS2,nl23:nuts2,2012,2026-09-15T16:28:02.595641+00:00,88.2,final,2012-01-01,2012-12-31,1,2026-09-15T16:28:02.595641+00:00
VALUE_ADDED_GROWTH_NUTS2,nl23:nuts2,2013,2026-09-15T16:28:02.595641+00:00,88.0,final,2013-01-01,2013-12-31,1,2026-09-15T16:28:02.595641+00:00
VALUE_ADDED_GROWTH_NUTS2,nl23:nuts2,2014,2026-09-15T16:28:02.595641+00:00,90.4,final,2014-01-01,2014-12-31,1,2026-09-15T16:28:02.595641+00:00
VALUE_ADDED_GROWTH_NUTS2,nl23:nuts2,2015,2026-09-15T16:28:02.595641+00:00,91.4,final,2015-01-01,2015-12-31,1,2026-09-15T16:28:02.595641+00:00
VALUE_ADDED_GROWTH_NUTS2,nl23:nuts2,2016,2026-09-15T16:28:02.595641+00:00,93.1,final,2016-01-01,2016-12-31,1,2026-09-15T16:28:02.595641+00:00
VALUE_ADDED_GROWTH_NUTS2,nl23:nuts2,2017,2026-09-15T16:28:02.595641+00:00,95.5,final,2017-01-01,2017-12-31,1,2026-09-15T16:28:02.595641+00:00
VALUE_ADDED_GROWTH_NUTS2,nl23:nuts2,2018,2026-09-15T16:28:02.595641+00:00,98.6,final,2018-01-01,2018-12-31,1,2026-09-15T16:28:02.595641+00:00
VALUE_ADDED_GROWTH_NUTS2,nl23:nuts2,2019,2026-09-15T16:28:02.595641+00:00,102.7,final,2019-01-01,2019-12-31,1,2026-09-15T16:28:02.595641+00:00
VALUE_ADDED_GROWTH_NUTS2,nl23:nuts2,2020,2026-09-15T16:28:02.595641+00:00,100.0,final,2020-01-01,2020-12-31,1,2026-09-15T16:28:02.595641+00:00
VALUE_ADDED_GROWTH_NUTS2,nl23:nuts2,2021,2026-09-15T16:28:02.595641+00:00,106.1,final,2021-01-01,2021-12-31,1,2026-09-15T16:28:02.595641+00:00
VALUE_ADDED_GROWTH_NUTS2,nl23:nuts2,2022,2026-09-15T16:28:02.595641+00:00,113.3,final,2022-01-01,2022-12-31,1,2026-09-15T16:28:02.595641+00:00
VALUE_ADDED_GROWTH_NUTS2,nl23:nuts2,2023,2026-09-15T16:28:02.595641+00:00,115.2,final,2023-01-01,2023-12-31,1,2026-09-15T16:28:02.595641+00:00
VALUE_ADDED_GROWTH_NUTS2,nl23:nuts2,2024,2026-09-15T16:28:02.595641+00:00,117.7,provisional,2024-01-01,2024-12-31,1,2026-09-15T16:28:02.595641+00:00
VALUE_ADDED_GROWTH_NUTS2,nl32:nuts2,2000,2026-09-15T16:28:02.595641+00:00,72.1,final,2000-01-01,2000-12-31,1,2026-09-15T16:28:02.595641+00:00
VALUE_ADDED_GROWTH_NUTS2,nl32:nuts2,2001,2026-09-15T16:28:02.595641+00:00,72.3,final,2001-01-01,2001-12-31,1,2026-09-15T16:28:02.595641+00:00
VALUE_ADDED_GROWTH_NUTS2,nl32:nuts2,2002,2026-09-15T16:28:02.595641+00:00,74.5,final,2002-01-01,2002-12-31,1,2026-09-15T16:28:02.595641+00:00
VALUE_ADDED_GROWTH_NUTS2,nl32:nuts2,2003,2026-09-15T16:28:02.595641+00:00,74.1,final,2003-01-01,2003-12-31,1,2026-09-15T16:28:02.595641+00:00
VALUE_ADDED_GROWTH_NUTS2,nl32:nuts2,2004,2026-09-15T16:28:02.595641+00:00,76.1,final,2004-01-01,2004-12-31,1,2026-09-15T16:28:02.595641+00:00
VALUE_ADDED_GROWTH_NUTS2,nl32:nuts2,2005,2026-09-15T16:28:02.595641+00:00,77.3,final,2005-01-01,2005-12-31,1,2026-09-15T16:28:02.595641+00:00
VALUE_ADDED_GROWTH_NUTS2,nl32:nuts2,2006,2026-09-15T16:28:02.595641+00:00,79.9,final,2006-01-01,2006-12-31,1,2026-09-15T16:28:02.595641+00:00
VALUE_ADDED_GROWTH_NUTS2,nl32:nuts2,2007,2026-09-15T16:28:02.595641+00:00,82.8,final,2007-01-01,2007-12-31,1,2026-09-15T16:28:02.595641+00:00
VALUE_ADDED_GROWTH_NUTS2,nl32:nuts2,2008,2026-09-15T16:28:02.595641+00:00,85.0,final,2008-01-01,2008-12-31,1,2026-09-15T16:28:02.595641+00:00
VALUE_ADDED_GROWTH_NUTS2,nl32:nuts2,2009,2026-09-15T16:28:02.595641+00:00,81.2,final,2009-01-01,2009-12-31,1,2026-09-15T16:28:02.595641+00:00
VALUE_ADDED_GROWTH_NUTS2,nl32:nuts2,2010,2026-09-15T16:28:02.595641+00:00,82.6,final,2010-01-01,2010-12-31,1,2026-09-15T16:28:02.595641+00:00
VALUE_ADDED_GROWTH_NUTS2,nl32:nuts2,2011,2026-09-15T16:28:02.595641+00:00,85.1,final,2011-01-01,2011-12-31,1,2026-09-15T16:28:02.595641+00:00
VALUE_ADDED_GROWTH_NUTS2,nl32:nuts2,2012,2026-09-15T16:28:02.595641+00:00,85.6,final,2012-01-01,2012-12-31,1,2026-09-15T16:28:02.595641+00:00
VALUE_ADDED_GROWTH_NUTS2,nl32:nuts2,2013,2026-09-15T16:28:02.595641+00:00,87.2,final,2013-01-01,2013-12-31,1,2026-09-15T16:28:02.595641+00:00
VALUE_ADDED_GROWTH_NUTS2,nl32:nuts2,2014,2026-09-15T16:28:02.595641+00:00,91.3,final,2014-01-01,2014-12-31,1,2026-09-15T16:28:02.595641+00:00
VALUE_ADDED_GROWTH_NUTS2,nl32:nuts2,2015,2026-09-15T16:28:02.595641+00:00,94.3,final,2015-01-01,2015-12-31,1,2026-09-15T16:28:02.595641+00:00
VALUE_ADDED_GROWTH_NUTS2,nl32:nuts2,2016,2026-09-15T16:28:02.595641+00:00,97.3,final,2016-01-01,2016-12-31,1,2026-09-15T16:28:02.595641+00:00
VALUE_ADDED_GROWTH_NUTS2,nl32:nuts2,2017,2026-09-15T16:28:02.595641+00:00,101.0,final,2017-01-01,2017-12-31,1,2026-09-15T16:28:02.595641+00:00
VALUE_ADDED_GROWTH_NUTS2,nl32:nuts2,2018,2026-09-15T16:28:02.595641+00:00,104.7,final,2018-01-01,2018-12-31,1,2026-09-15T16:28:02.595641+00:00
VALUE_ADDED_GROWTH_NUTS2,nl32:nuts2,2019,2026-09-15T16:28:02.595641+00:00,108.5,final,2019-01-01,2019-12-31,1,2026-09-15T16:28:02.595641+00:00
VALUE_ADDED_GROWTH_NUTS2,nl32:nuts2,2020,2026-09-15T16:28:02.595641+00:00,100.0,final,2020-01-01,2020-12-31,1,2026-09-15T16:28:02.595641+00:00
VALUE_ADDED_GROWTH_NUTS2,nl32:nuts2,2021,2026-09-15T16:28:02.595641+00:00,108.2,final,2021-01-01,2021-12-31,1,2026-09-15T16:28:02.595641+00:00
VALUE_ADDED_GROWTH_NUTS2,nl32:nuts2,2022,2026-09-15T16:28:02.595641+00:00,118.1,final,2022-01-01,2022-12-31,1,2026-09-15T16:28:02.595641+00:00
VALUE_ADDED_GROWTH_NUTS2,nl32:nuts2,2023,2026-09-15T16:28:02.595641+00:00,119.3,final,2023-01-01,2023-12-31,1,2026-09-15T16:28:02.595641+00:00
VALUE_ADDED_GROWTH_NUTS2,nl32:nuts2,2024,2026-09-15T16:28:02.595641+00:00,120.5,provisional,2024-01-01,2024-12-31,1,2026-09-15T16:28:02.595641+00:00
VALUE_ADDED_GROWTH_NUTS2,nl34:nuts2,2000,2026-09-15T16:28:02.595641+00:00,73.3,final,2000-01-01,2000-12-31,1,2026-09-15T16:28:02.595641+00:00
VALUE_ADDED_GROWTH_NUTS2,nl34:nuts2,2001,2026-09-15T16:28:02.595641+00:00,74.5,final,2001-01-01,2001-12-31,1,2026-09-15T16:28:02.595641+00:00
VALUE_ADDED_GROWTH_NUTS2,nl34:nuts2,2002,2026-09-15T16:28:02.595641+00:00,77.3,final,2002-01-01,2002-12-31,1,2026-09-15T16:28:02.595641+00:00
VALUE_ADDED_GROWTH_NUTS2,nl34:nuts2,2003,2026-09-15T16:28:02.595641+00:00,79.1,final,2003-01-01,2003-12-31,1,2026-09-15T16:28:02.595641+00:00
VALUE_ADDED_GROWTH_NUTS2,nl34:nuts2,2004,2026-09-15T16:28:02.595641+00:00,80.2,final,2004-01-01,2004-12-31,1,2026-09-15T16:28:02.595641+00:00
VALUE_ADDED_GROWTH_NUTS2,nl34:nuts2,2005,2026-09-15T16:28:02.595641+00:00,80.9,final,2005-01-01,2005-12-31,1,2026-09-15T16:28:02.595641+00:00
VALUE_ADDED_GROWTH_NUTS2,nl34:nuts2,2006,2026-09-15T16:28:02.595641+00:00,81.8,final,2006-01-01,2006-12-31,1,2026-09-15T16:28:02.595641+00:00
VALUE_ADDED_GROWTH_NUTS2,nl34:nuts2,2007,2026-09-15T16:28:02.595641+00:00,88.6,final,2007-01-01,2007-12-31,1,2026-09-15T16:28:02.595641+00:00
VALUE_ADDED_GROWTH_NUTS2,nl34:nuts2,2008,2026-09-15T16:28:02.595641+00:00,92.9,final,2008-01-01,2008-12-31,1,2026-09-15T16:28:02.595641+00:00
VALUE_ADDED_GROWTH_NUTS2,nl34:nuts2,2009,2026-09-15T16:28:02.595641+00:00,86.8,final,2009-01-01,2009-12-31,1,2026-09-15T16:28:02.595641+00:00
VALUE_ADDED_GROWTH_NUTS2,nl34:nuts2,2010,2026-09-15T16:28:02.595641+00:00,92.4,final,2010-01-01,2010-12-31,1,2026-09-15T16:28:02.595641+00:00
VALUE_ADDED_GROWTH_NUTS2,nl34:nuts2,2011,2026-09-15T16:28:02.595641+00:00,94.0,final,2011-01-01,2011-12-31,1,2026-09-15T16:28:02.595641+00:00
VALUE_ADDED_GROWTH_NUTS2,nl34:nuts2,2012,2026-09-15T16:28:02.595641+00:00,92.4,final,2012-01-01,2012-12-31,1,2026-09-15T16:28:02.595641+00:00
VALUE_ADDED_GROWTH_NUTS2,nl34:nuts2,2013,2026-09-15T16:28:02.595641+00:00,91.9,final,2013-01-01,2013-12-31,1,2026-09-15T16:28:02.595641+00:00
VALUE_ADDED_GROWTH_NUTS2,nl34:nuts2,2014,2026-09-15T16:28:02.595641+00:00,93.6,final,2014-01-01,2014-12-31,1,2026-09-15T16:28:02.595641+00:00
VALUE_ADDED_GROWTH_NUTS2,nl34:nuts2,2015,2026-09-15T16:28:02.595641+00:00,94.8,final,2015-01-01,2015-12-31,1,2026-09-15T16:28:02.595641+00:00
VALUE_ADDED_GROWTH_NUTS2,nl34:nuts2,2016,2026-09-15T16:28:02.595641+00:00,95.6,final,2016-01-01,2016-12-31,1,2026-09-15T16:28:02.595641+00:00
VALUE_ADDED_GROWTH_NUTS2,nl34:nuts2,2017,2026-09-15T16:28:02.595641+00:00,97.9,final,2017-01-01,2017-12-31,1,2026-09-15T16:28:02.595641+00:00
VALUE_ADDED_GROWTH_NUTS2,nl34:nuts2,2018,2026-09-15T16:28:02.595641+00:00,100.6,final,2018-01-01,2018-12-31,1,2026-09-15T16:28:02.595641+00:00
VALUE_ADDED_GROWTH_NUTS2,nl34:nuts2,2019,2026-09-15T16:28:02.595641+00:00,101.2,final,2019-01-01,2019-12-31,1,2026-09-15T16:28:02.595641+00:00
VALUE_ADDED_GROWTH_NUTS2,nl34:nuts2,2020,2026-09-15T16:28:02.595641+00:00,100.0,final,2020-01-01,2020-12-31,1,2026-09-15T16:28:02.595641+00:00
VALUE_ADDED_GROWTH_NUTS2,nl34:nuts2,2021,2026-09-15T16:28:02.595641+00:00,103.4,final,2021-01-01,2021-12-31,1,2026-09-15T16:28:02.595641+00:00
VALUE_ADDED_GROWTH_NUTS2,nl34:nuts2,2022,2026-09-15T16:28:02.595641+00:00,109.4,final,2022-01-01,2022-12-31,1,2026-09-15T16:28:02.595641+00:00
VALUE_ADDED_GROWTH_NUTS2,nl34:nuts2,2023,2026-09-15T16:28:02.595641+00:00,109.7,final,2023-01-01,2023-12-31,1,2026-09-15T16:28:02.595641+00:00
VALUE_ADDED_GROWTH_NUTS2,nl34:nuts2,2024,2026-09-15T16:28:02.595641+00:00,111.1,provisional,2024-01-01,2024-12-31,1,2026-09-15T16:28:02.595641+00:00
VALUE_ADDED_GROWTH_NUTS2,nl35:nuts2,2000,2026-09-15T16:28:02.595641+00:00,74.0,final,2000-01-01,2000-12-31,1,2026-09-15T16:28:02.595641+00:00
VALUE_ADDED_GROWTH_NUTS2,nl35:nuts2,2001,2026-09-15T16:28:02.595641+00:00,77.3,final,2001-01-01,2001-12-31,1,2026-09-15T16:28:02.595641+00:00
VALUE_ADDED_GROWTH_NUTS2,nl35:nuts2,2002,2026-09-15T16:28:02.595641+00:00,76.1,final,2002-01-01,2002-12-31,1,2026-09-15T16:28:02.595641+00:00
VALUE_ADDED_GROWTH_NUTS2,nl35:nuts2,2003,2026-09-15T16:28:02.595641+00:00,74.5,final,2003-01-01,2003-12-31,1,2026-09-15T16:28:02.595641+00:00
VALUE_ADDED_GROWTH_NUTS2,nl35:nuts2,2004,2026-09-15T16:28:02.595641+00:00,75.7,final,2004-01-01,2004-12-31,1,2026-09-15T16:28:02.595641+00:00
VALUE_ADDED_GROWTH_NUTS2,nl35:nuts2,2005,2026-09-15T16:28:02.595641+00:00,77.4,final,2005-01-01,2005-12-31,1,2026-09-15T16:28:02.595641+00:00
VALUE_ADDED_GROWTH_NUTS2,nl35:nuts2,2006,2026-09-15T16:28:02.595641+00:00,80.3,final,2006-01-01,2006-12-31,1,2026-09-15T16:28:02.595641+00:00
VALUE_ADDED_GROWTH_NUTS2,nl35:nuts2,2007,2026-09-15T16:28:02.595641+00:00,84.4,final,2007-01-01,2007-12-31,1,2026-09-15T16:28:02.595641+00:00
VALUE_ADDED_GROWTH_NUTS2,nl35:nuts2,2008,2026-09-15T16:28:02.595641+00:00,86.3,final,2008-01-01,2008-12-31,1,2026-09-15T16:28:02.595641+00:00
VALUE_ADDED_GROWTH_NUTS2,nl35:nuts2,2009,2026-09-15T16:28:02.595641+00:00,86.0,final,2009-01-01,2009-12-31,1,2026-09-15T16:28:02.595641+00:00
VALUE_ADDED_GROWTH_NUTS2,nl35:nuts2,2010,2026-09-15T16:28:02.595641+00:00,84.3,final,2010-01-01,2010-12-31,1,2026-09-15T16:28:02.595641+00:00
VALUE_ADDED_GROWTH_NUTS2,nl35:nuts2,2011,2026-09-15T16:28:02.595641+00:00,84.9,final,2011-01-01,2011-12-31,1,2026-09-15T16:28:02.595641+00:00
VALUE_ADDED_GROWTH_NUTS2,nl35:nuts2,2012,2026-09-15T16:28:02.595641+00:00,84.6,final,2012-01-01,2012-12-31,1,2026-09-15T16:28:02.595641+00:00
VALUE_ADDED_GROWTH_NUTS2,nl35:nuts2,2013,2026-09-15T16:28:02.595641+00:00,86.2,final,2013-01-01,2013-12-31,1,2026-09-15T16:28:02.595641+00:00
VALUE_ADDED_GROWTH_NUTS2,nl35:nuts2,2014,2026-09-15T16:28:02.595641+00:00,87.7,final,2014-01-01,2014-12-31,1,2026-09-15T16:28:02.595641+00:00
VALUE_ADDED_GROWTH_NUTS2,nl35:nuts2,2015,2026-09-15T16:28:02.595641+00:00,89.4,final,2015-01-01,2015-12-31,1,2026-09-15T16:28:02.595641+00:00
VALUE_ADDED_GROWTH_NUTS2,nl35:nuts2,2016,2026-09-15T16:28:02.595641+00:00,91.5,final,2016-01-01,2016-12-31,1,2026-09-15T16:28:02.595641+00:00
VALUE_ADDED_GROWTH_NUTS2,nl35:nuts2,2017,2026-09-15T16:28:02.595641+00:00,95.9,final,2017-01-01,2017-12-31,1,2026-09-15T16:28:02.595641+00:00
VALUE_ADDED_GROWTH_NUTS2,nl35:nuts2,2018,2026-09-15T16:28:02.595641+00:00,98.6,final,2018-01-01,2018-12-31,1,2026-09-15T16:28:02.595641+00:00
VALUE_ADDED_GROWTH_NUTS2,nl35:nuts2,2019,2026-09-15T16:28:02.595641+00:00,100.5,final,2019-01-01,2019-12-31,1,2026-09-15T16:28:02.595641+00:00
VALUE_ADDED_GROWTH_NUTS2,nl35:nuts2,2020,2026-09-15T16:28:02.595641+00:00,100.0,final,2020-01-01,2020-12-31,1,2026-09-15T16:28:02.595641+00:00
VALUE_ADDED_GROWTH_NUTS2,nl35:nuts2,2021,2026-09-15T16:28:02.595641+00:00,106.9,final,2021-01-01,2021-12-31,1,2026-09-15T16:28:02.595641+00:00
VALUE_ADDED_GROWTH_NUTS2,nl35:nuts2,2022,2026-09-15T16:28:02.595641+00:00,112.0,final,2022-01-01,2022-12-31,1,2026-09-15T16:28:02.595641+00:00
VALUE_ADDED_GROWTH_NUTS2,nl35:nuts2,2023,2026-09-15T16:28:02.595641+00:00,113.8,final,2023-01-01,2023-12-31,1,2026-09-15T16:28:02.595641+00:00
VALUE_ADDED_GROWTH_NUTS2,nl35:nuts2,2024,2026-09-15T16:28:02.595641+00:00,116.4,provisional,2024-01-01,2024-12-31,1,2026-09-15T16:28:02.595641+00:00
VALUE_ADDED_GROWTH_NUTS2,nl36:nuts2,2000,2026-09-15T16:28:02.595641+00:00,80.5,final,2000-01-01,2000-12-31,1,2026-09-15T16:28:02.595641+00:00
VALUE_ADDED_GROWTH_NUTS2,nl36:nuts2,2001,2026-09-15T16:28:02.595641+00:00,82.6,final,2001-01-01,2001-12-31,1,2026-09-15T16:28:02.595641+00:00
VALUE_ADDED_GROWTH_NUTS2,nl36:nuts2,2002,2026-09-15T16:28:02.595641+00:00,82.2,final,2002-01-01,2002-12-31,1,2026-09-15T16:28:02.595641+00:00
VALUE_ADDED_GROWTH_NUTS2,nl36:nuts2,2003,2026-09-15T16:28:02.595641+00:00,83.1,final,2003-01-01,2003-12-31,1,2026-09-15T16:28:02.595641+00:00
VALUE_ADDED_GROWTH_NUTS2,nl36:nuts2,2004,2026-09-15T16:28:02.595641+00:00,84.6,final,2004-01-01,2004-12-31,1,2026-09-15T16:28:02.595641+00:00
VALUE_ADDED_GROWTH_NUTS2,nl36:nuts2,2005,2026-09-15T16:28:02.595641+00:00,87.0,final,2005-01-01,2005-12-31,1,2026-09-15T16:28:02.595641+00:00
VALUE_ADDED_GROWTH_NUTS2,nl36:nuts2,2006,2026-09-15T16:28:02.595641+00:00,90.0,final,2006-01-01,2006-12-31,1,2026-09-15T16:28:02.595641+00:00
VALUE_ADDED_GROWTH_NUTS2,nl36:nuts2,2007,2026-09-15T16:28:02.595641+00:00,94.4,final,2007-01-01,2007-12-31,1,2026-09-15T16:28:02.595641+00:00
VALUE_ADDED_GROWTH_NUTS2,nl36:nuts2,2008,2026-09-15T16:28:02.595641+00:00,96.2,final,2008-01-01,2008-12-31,1,2026-09-15T16:28:02.595641+00:00
VALUE_ADDED_GROWTH_NUTS2,nl36:nuts2,2009,2026-09-15T16:28:02.595641+00:00,91.9,final,2009-01-01,2009-12-31,1,2026-09-15T16:28:02.595641+00:00
VALUE_ADDED_GROWTH_NUTS2,nl36:nuts2,2010,2026-09-15T16:28:02.595641+00:00,93.5,final,2010-01-01,2010-12-31,1,2026-09-15T16:28:02.595641+00:00
VALUE_ADDED_GROWTH_NUTS2,nl36:nuts2,2011,2026-09-15T16:28:02.595641+00:00,94.9,final,2011-01-01,2011-12-31,1,2026-09-15T16:28:02.595641+00:00
VALUE_ADDED_GROWTH_NUTS2,nl36:nuts2,2012,2026-09-15T16:28:02.595641+00:00,93.6,final,2012-01-01,2012-12-31,1,2026-09-15T16:28:02.595641+00:00
VALUE_ADDED_GROWTH_NUTS2,nl36:nuts2,2013,2026-09-15T16:28:02.595641+00:00,93.2,final,2013-01-01,2013-12-31,1,2026-09-15T16:28:02.595641+00:00
VALUE_ADDED_GROWTH_NUTS2,nl36:nuts2,2014,2026-09-15T16:28:02.595641+00:00,94.7,final,2014-01-01,2014-12-31,1,2026-09-15T16:28:02.595641+00:00
VALUE_ADDED_GROWTH_NUTS2,nl36:nuts2,2015,2026-09-15T16:28:02.595641+00:00,96.9,final,2015-01-01,2015-12-31,1,2026-09-15T16:28:02.595641+00:00
VALUE_ADDED_GROWTH_NUTS2,nl36:nuts2,2016,2026-09-15T16:28:02.595641+00:00,98.2,final,2016-01-01,2016-12-31,1,2026-09-15T16:28:02.595641+00:00
VALUE_ADDED_GROWTH_NUTS2,nl36:nuts2,2017,2026-09-15T16:28:02.595641+00:00,99.7,final,2017-01-01,2017-12-31,1,2026-09-15T16:28:02.595641+00:00
VALUE_ADDED_GROWTH_NUTS2,nl36:nuts2,2018,2026-09-15T16:28:02.595641+00:00,100.9,final,2018-01-01,2018-12-31,1,2026-09-15T16:28:02.595641+00:00
VALUE_ADDED_GROWTH_NUTS2,nl36:nuts2,2019,2026-09-15T16:28:02.595641+00:00,103.0,final,2019-01-01,2019-12-31,1,2026-09-15T16:28:02.595641+00:00
VALUE_ADDED_GROWTH_NUTS2,nl36:nuts2,2020,2026-09-15T16:28:02.595641+00:00,100.0,final,2020-01-01,2020-12-31,1,2026-09-15T16:28:02.595641+00:00
VALUE_ADDED_GROWTH_NUTS2,nl36:nuts2,2021,2026-09-15T16:28:02.595641+00:00,105.1,final,2021-01-01,2021-12-31,1,2026-09-15T16:28:02.595641+00:00
VALUE_ADDED_GROWTH_NUTS2,nl36:nuts2,2022,2026-09-15T16:28:02.595641+00:00,110.5,final,2022-01-01,2022-12-31,1,2026-09-15T16:28:02.595641+00:00
VALUE_ADDED_GROWTH_NUTS2,nl36:nuts2,2023,2026-09-15T16:28:02.595641+00:00,110.0,final,2023-01-01,2023-12-31,1,2026-09-15T16:28:02.595641+00:00
VALUE_ADDED_GROWTH_NUTS2,nl36:nuts2,2024,2026-09-15T16:28:02.595641+00:00,111.7,provisional,2024-01-01,2024-12-31,1,2026-09-15T16:28:02.595641+00:00
VALUE_ADDED_GROWTH_NUTS2,nl41:nuts2,2000,2026-09-15T16:28:02.595641+00:00,73.6,final,2000-01-01,2000-12-31,1,2026-09-15T16:28:02.595641+00:00
VALUE_ADDED_GROWTH_NUTS2,nl41:nuts2,2001,2026-09-15T16:28:02.595641+00:00,75.4,final,2001-01-01,2001-12-31,1,2026-09-15T16:28:02.595641+00:00
VALUE_ADDED_GROWTH_NUTS2,nl41:nuts2,2002,2026-09-15T16:28:02.595641+00:00,74.4,final,2002-01-01,2002-12-31,1,2026-09-15T16:28:02.595641+00:00
VALUE_ADDED_GROWTH_NUTS2,nl41:nuts2,2003,2026-09-15T16:28:02.595641+00:00,74.4,final,2003-01-01,2003-12-31,1,2026-09-15T16:28:02.595641+00:00
VALUE_ADDED_GROWTH_NUTS2,nl41:nuts2,2004,2026-09-15T16:28:02.595641+00:00,76.3,final,2004-01-01,2004-12-31,1,2026-09-15T16:28:02.595641+00:00
VALUE_ADDED_GROWTH_NUTS2,nl41:nuts2,2005,2026-09-15T16:28:02.595641+00:00,78.4,final,2005-01-01,2005-12-31,1,2026-09-15T16:28:02.595641+00:00
VALUE_ADDED_GROWTH_NUTS2,nl41:nuts2,2006,2026-09-15T16:28:02.595641+00:00,81.2,final,2006-01-01,2006-12-31,1,2026-09-15T16:28:02.595641+00:00
VALUE_ADDED_GROWTH_NUTS2,nl41:nuts2,2007,2026-09-15T16:28:02.595641+00:00,83.6,final,2007-01-01,2007-12-31,1,2026-09-15T16:28:02.595641+00:00
VALUE_ADDED_GROWTH_NUTS2,nl41:nuts2,2008,2026-09-15T16:28:02.595641+00:00,85.9,final,2008-01-01,2008-12-31,1,2026-09-15T16:28:02.595641+00:00
VALUE_ADDED_GROWTH_NUTS2,nl41:nuts2,2009,2026-09-15T16:28:02.595641+00:00,83.6,final,2009-01-01,2009-12-31,1,2026-09-15T16:28:02.595641+00:00
VALUE_ADDED_GROWTH_NUTS2,nl41:nuts2,2010,2026-09-15T16:28:02.595641+00:00,85.8,final,2010-01-01,2010-12-31,1,2026-09-15T16:28:02.595641+00:00
VALUE_ADDED_GROWTH_NUTS2,nl41:nuts2,2011,2026-09-15T16:28:02.595641+00:00,88.5,final,2011-01-01,2011-12-31,1,2026-09-15T16:28:02.595641+00:00
VALUE_ADDED_GROWTH_NUTS2,nl41:nuts2,2012,2026-09-15T16:28:02.595641+00:00,88.8,final,2012-01-01,2012-12-31,1,2026-09-15T16:28:02.595641+00:00
VALUE_ADDED_GROWTH_NUTS2,nl41:nuts2,2013,2026-09-15T16:28:02.595641+00:00,88.4,final,2013-01-01,2013-12-31,1,2026-09-15T16:28:02.595641+00:00
VALUE_ADDED_GROWTH_NUTS2,nl41:nuts2,2014,2026-09-15T16:28:02.595641+00:00,89.7,final,2014-01-01,2014-12-31,1,2026-09-15T16:28:02.595641+00:00
VALUE_ADDED_GROWTH_NUTS2,nl41:nuts2,2015,2026-09-15T16:28:02.595641+00:00,91.7,final,2015-01-01,2015-12-31,1,2026-09-15T16:28:02.595641+00:00
VALUE_ADDED_GROWTH_NUTS2,nl41:nuts2,2016,2026-09-15T16:28:02.595641+00:00,94.1,final,2016-01-01,2016-12-31,1,2026-09-15T16:28:02.595641+00:00
VALUE_ADDED_GROWTH_NUTS2,nl41:nuts2,2017,2026-09-15T16:28:02.595641+00:00,97.8,final,2017-01-01,2017-12-31,1,2026-09-15T16:28:02.595641+00:00
VALUE_ADDED_GROWTH_NUTS2,nl41:nuts2,2018,2026-09-15T16:28:02.595641+00:00,100.4,final,2018-01-01,2018-12-31,1,2026-09-15T16:28:02.595641+00:00
VALUE_ADDED_GROWTH_NUTS2,nl41:nuts2,2019,2026-09-15T16:28:02.595641+00:00,103.0,final,2019-01-01,2019-12-31,1,2026-09-15T16:28:02.595641+00:00
VALUE_ADDED_GROWTH_NUTS2,nl41:nuts2,2020,2026-09-15T16:28:02.595641+00:00,100.0,final,2020-01-01,2020-12-31,1,2026-09-15T16:28:02.595641+00:00
VALUE_ADDED_GROWTH_NUTS2,nl41:nuts2,2021,2026-09-15T16:28:02.595641+00:00,107.7,final,2021-01-01,2021-12-31,1,2026-09-15T16:28:02.595641+00:00
VALUE_ADDED_GROWTH_NUTS2,nl41:nuts2,2022,2026-09-15T16:28:02.595641+00:00,112.9,final,2022-01-01,2022-12-31,1,2026-09-15T16:28:02.595641+00:00
VALUE_ADDED_GROWTH_NUTS2,nl41:nuts2,2023,2026-09-15T16:28:02.595641+00:00,113.5,final,2023-01-01,2023-12-31,1,2026-09-15T16:28:02.595641+00:00
VALUE_ADDED_GROWTH_NUTS2,nl41:nuts2,2024,2026-09-15T16:28:02.595641+00:00,114.3,provisional,2024-01-01,2024-12-31,1,2026-09-15T16:28:02.595641+00:00
VALUE_ADDED_GROWTH_NUTS2,nl42:nuts2,2000,2026-09-15T16:28:02.595641+00:00,85.8,final,2000-01-01,2000-12-31,1,2026-09-15T16:28:02.595641+00:00
VALUE_ADDED_GROWTH_NUTS2,nl42:nuts2,2001,2026-09-15T16:28:02.595641+00:00,87.5,final,2001-01-01,2001-12-31,1,2026-09-15T16:28:02.595641+00:00
VALUE_ADDED_GROWTH_NUTS2,nl42:nuts2,2002,2026-09-15T16:28:02.595641+00:00,87.8,final,2002-01-01,2002-12-31,1,2026-09-15T16:28:02.595641+00:00
VALUE_ADDED_GROWTH_NUTS2,nl42:nuts2,2003,2026-09-15T16:28:02.595641+00:00,87.0,final,2003-01-01,2003-12-31,1,2026-09-15T16:28:02.595641+00:00
VALUE_ADDED_GROWTH_NUTS2,nl42:nuts2,2004,2026-09-15T16:28:02.595641+00:00,89.6,final,2004-01-01,2004-12-31,1,2026-09-15T16:28:02.595641+00:00
VALUE_ADDED_GROWTH_NUTS2,nl42:nuts2,2005,2026-09-15T16:28:02.595641+00:00,89.9,final,2005-01-01,2005-12-31,1,2026-09-15T16:28:02.595641+00:00
VALUE_ADDED_GROWTH_NUTS2,nl42:nuts2,2006,2026-09-15T16:28:02.595641+00:00,92.4,final,2006-01-01,2006-12-31,1,2026-09-15T16:28:02.595641+00:00
VALUE_ADDED_GROWTH_NUTS2,nl42:nuts2,2007,2026-09-15T16:28:02.595641+00:00,96.7,final,2007-01-01,2007-12-31,1,2026-09-15T16:28:02.595641+00:00
VALUE_ADDED_GROWTH_NUTS2,nl42:nuts2,2008,2026-09-15T16:28:02.595641+00:00,97.5,final,2008-01-01,2008-12-31,1,2026-09-15T16:28:02.595641+00:00
VALUE_ADDED_GROWTH_NUTS2,nl42:nuts2,2009,2026-09-15T16:28:02.595641+00:00,93.1,final,2009-01-01,2009-12-31,1,2026-09-15T16:28:02.595641+00:00
VALUE_ADDED_GROWTH_NUTS2,nl42:nuts2,2010,2026-09-15T16:28:02.595641+00:00,94.9,final,2010-01-01,2010-12-31,1,2026-09-15T16:28:02.595641+00:00
VALUE_ADDED_GROWTH_NUTS2,nl42:nuts2,2011,2026-09-15T16:28:02.595641+00:00,97.4,final,2011-01-01,2011-12-31,1,2026-09-15T16:28:02.595641+00:00
VALUE_ADDED_GROWTH_NUTS2,nl42:nuts2,2012,2026-09-15T16:28:02.595641+00:00,95.7,final,2012-01-01,2012-12-31,1,2026-09-15T16:28:02.595641+00:00
VALUE_ADDED_GROWTH_NUTS2,nl42:nuts2,2013,2026-09-15T16:28:02.595641+00:00,95.7,final,2013-01-01,2013-12-31,1,2026-09-15T16:28:02.595641+00:00
VALUE_ADDED_GROWTH_NUTS2,nl42:nuts2,2014,2026-09-15T16:28:02.595641+00:00,96.5,final,2014-01-01,2014-12-31,1,2026-09-15T16:28:02.595641+00:00
VALUE_ADDED_GROWTH_NUTS2,nl42:nuts2,2015,2026-09-15T16:28:02.595641+00:00,96.8,final,2015-01-01,2015-12-31,1,2026-09-15T16:28:02.595641+00:00
VALUE_ADDED_GROWTH_NUTS2,nl42:nuts2,2016,2026-09-15T16:28:02.595641+00:00,100.5,final,2016-01-01,2016-12-31,1,2026-09-15T16:28:02.595641+00:00
VALUE_ADDED_GROWTH_NUTS2,nl42:nuts2,2017,2026-09-15T16:28:02.595641+00:00,102.4,final,2017-01-01,2017-12-31,1,2026-09-15T16:28:02.595641+00:00
VALUE_ADDED_GROWTH_NUTS2,nl42:nuts2,2018,2026-09-15T16:28:02.595641+00:00,104.1,final,2018-01-01,2018-12-31,1,2026-09-15T16:28:02.595641+00:00
VALUE_ADDED_GROWTH_NUTS2,nl42:nuts2,2019,2026-09-15T16:28:02.595641+00:00,104.8,final,2019-01-01,2019-12-31,1,2026-09-15T16:28:02.595641+00:00
VALUE_ADDED_GROWTH_NUTS2,nl42:nuts2,2020,2026-09-15T16:28:02.595641+00:00,100.0,final,2020-01-01,2020-12-31,1,2026-09-15T16:28:02.595641+00:00
VALUE_ADDED_GROWTH_NUTS2,nl42:nuts2,2021,2026-09-15T16:28:02.595641+00:00,106.4,final,2021-01-01,2021-12-31,1,2026-09-15T16:28:02.595641+00:00
VALUE_ADDED_GROWTH_NUTS2,nl42:nuts2,2022,2026-09-15T16:28:02.595641+00:00,108.8,final,2022-01-01,2022-12-31,1,2026-09-15T16:28:02.595641+00:00
VALUE_ADDED_GROWTH_NUTS2,nl42:nuts2,2023,2026-09-15T16:28:02.595641+00:00,107.1,final,2023-01-01,2023-12-31,1,2026-09-15T16:28:02.595641+00:00
VALUE_ADDED_GROWTH_NUTS2,nl42:nuts2,2024,2026-09-15T16:28:02.595641+00:00,106.2,provisional,2024-01-01,2024-12-31,1,2026-09-15T16:28:02.595641+00:00
VALUE_ADDED_GROWTH_NUTS2,pl21:nuts2,2000,2026-09-15T16:28:02.595641+00:00,48.6,final,2000-01-01,2000-12-31,1,2026-09-15T16:28:02.595641+00:00
VALUE_ADDED_GROWTH_NUTS2,pl21:nuts2,2001,2026-09-15T16:28:02.595641+00:00,48.3,final,2001-01-01,2001-12-31,1,2026-09-15T16:28:02.595641+00:00
VALUE_ADDED_GROWTH_NUTS2,pl21:nuts2,2002,2026-09-15T16:28:02.595641+00:00,49.7,final,2002-01-01,2002-12-31,1,2026-09-15T16:28:02.595641+00:00
VALUE_ADDED_GROWTH_NUTS2,pl21:nuts2,2003,2026-09-15T16:28:02.595641+00:00,52.0,final,2003-01-01,2003-12-31,1,2026-09-15T16:28:02.595641+00:00
VALUE_ADDED_GROWTH_NUTS2,pl21:nuts2,2004,2026-09-15T16:28:02.595641+00:00,55.8,final,2004-01-01,2004-12-31,1,2026-09-15T16:28:02.595641+00:00
VALUE_ADDED_GROWTH_NUTS2,pl21:nuts2,2005,2026-09-15T16:28:02.595641+00:00,57.8,final,2005-01-01,2005-12-31,1,2026-09-15T16:28:02.595641+00:00
VALUE_ADDED_GROWTH_NUTS2,pl21:nuts2,2006,2026-09-15T16:28:02.595641+00:00,60.5,final,2006-01-01,2006-12-31,1,2026-09-15T16:28:02.595641+00:00
VALUE_ADDED_GROWTH_NUTS2,pl21:nuts2,2007,2026-09-15T16:28:02.595641+00:00,63.1,final,2007-01-01,2007-12-31,1,2026-09-15T16:28:02.595641+00:00
VALUE_ADDED_GROWTH_NUTS2,pl21:nuts2,2008,2026-09-15T16:28:02.595641+00:00,66.6,final,2008-01-01,2008-12-31,1,2026-09-15T16:28:02.595641+00:00
VALUE_ADDED_GROWTH_NUTS2,pl21:nuts2,2009,2026-09-15T16:28:02.595641+00:00,69.0,final,2009-01-01,2009-12-31,1,2026-09-15T16:28:02.595641+00:00
VALUE_ADDED_GROWTH_NUTS2,pl21:nuts2,2010,2026-09-15T16:28:02.595641+00:00,70.2,final,2010-01-01,2010-12-31,1,2026-09-15T16:28:02.595641+00:00
VALUE_ADDED_GROWTH_NUTS2,pl21:nuts2,2011,2026-09-15T16:28:02.595641+00:00,74.4,final,2011-01-01,2011-12-31,1,2026-09-15T16:28:02.595641+00:00
VALUE_ADDED_GROWTH_NUTS2,pl21:nuts2,2012,2026-09-15T16:28:02.595641+00:00,75.3,final,2012-01-01,2012-12-31,1,2026-09-15T16:28:02.595641+00:00
VALUE_ADDED_GROWTH_NUTS2,pl21:nuts2,2013,2026-09-15T16:28:02.595641+00:00,75.6,final,2013-01-01,2013-12-31,1,2026-09-15T16:28:02.595641+00:00
VALUE_ADDED_GROWTH_NUTS2,pl21:nuts2,2014,2026-09-15T16:28:02.595641+00:00,78.7,final,2014-01-01,2014-12-31,1,2026-09-15T16:28:02.595641+00:00
VALUE_ADDED_GROWTH_NUTS2,pl21:nuts2,2015,2026-09-15T16:28:02.595641+00:00,83.3,final,2015-01-01,2015-12-31,1,2026-09-15T16:28:02.595641+00:00
VALUE_ADDED_GROWTH_NUTS2,pl21:nuts2,2016,2026-09-15T16:28:02.595641+00:00,85.9,final,2016-01-01,2016-12-31,1,2026-09-15T16:28:02.595641+00:00
VALUE_ADDED_GROWTH_NUTS2,pl21:nuts2,2017,2026-09-15T16:28:02.595641+00:00,91.1,final,2017-01-01,2017-12-31,1,2026-09-15T16:28:02.595641+00:00
VALUE_ADDED_GROWTH_NUTS2,pl21:nuts2,2018,2026-09-15T16:28:02.595641+00:00,97.5,final,2018-01-01,2018-12-31,1,2026-09-15T16:28:02.595641+00:00
VALUE_ADDED_GROWTH_NUTS2,pl21:nuts2,2019,2026-09-15T16:28:02.595641+00:00,101.7,final,2019-01-01,2019-12-31,1,2026-09-15T16:28:02.595641+00:00
VALUE_ADDED_GROWTH_NUTS2,pl21:nuts2,2020,2026-09-15T16:28:02.595641+00:00,100.0,final,2020-01-01,2020-12-31,1,2026-09-15T16:28:02.595641+00:00
VALUE_ADDED_GROWTH_NUTS2,pl21:nuts2,2021,2026-09-15T16:28:02.595641+00:00,107.5,final,2021-01-01,2021-12-31,1,2026-09-15T16:28:02.595641+00:00
VALUE_ADDED_GROWTH_NUTS2,pl21:nuts2,2022,2026-09-15T16:28:02.595641+00:00,111.3,final,2022-01-01,2022-12-31,1,2026-09-15T16:28:02.595641+00:00
VALUE_ADDED_GROWTH_NUTS2,pl21:nuts2,2023,2026-09-15T16:28:02.595641+00:00,114.0,final,2023-01-01,2023-12-31,1,2026-09-15T16:28:02.595641+00:00
VALUE_ADDED_GROWTH_NUTS2,pl21:nuts2,2024,2026-09-15T16:28:02.595641+00:00,116.6,provisional,2024-01-01,2024-12-31,1,2026-09-15T16:28:02.595641+00:00
VALUE_ADDED_GROWTH_NUTS2,pl22:nuts2,2000,2026-09-15T16:28:02.595641+00:00,51.7,final,2000-01-01,2000-12-31,1,2026-09-15T16:28:02.595641+00:00
VALUE_ADDED_GROWTH_NUTS2,pl22:nuts2,2001,2026-09-15T16:28:02.595641+00:00,52.4,final,2001-01-01,2001-12-31,1,2026-09-15T16:28:02.595641+00:00
VALUE_ADDED_GROWTH_NUTS2,pl22:nuts2,2002,2026-09-15T16:28:02.595641+00:00,53.8,final,2002-01-01,2002-12-31,1,2026-09-15T16:28:02.595641+00:00
VALUE_ADDED_GROWTH_NUTS2,pl22:nuts2,2003,2026-09-15T16:28:02.595641+00:00,55.2,final,2003-01-01,2003-12-31,1,2026-09-15T16:28:02.595641+00:00
VALUE_ADDED_GROWTH_NUTS2,pl22:nuts2,2004,2026-09-15T16:28:02.595641+00:00,57.0,final,2004-01-01,2004-12-31,1,2026-09-15T16:28:02.595641+00:00
VALUE_ADDED_GROWTH_NUTS2,pl22:nuts2,2005,2026-09-15T16:28:02.595641+00:00,57.1,final,2005-01-01,2005-12-31,1,2026-09-15T16:28:02.595641+00:00
VALUE_ADDED_GROWTH_NUTS2,pl22:nuts2,2006,2026-09-15T16:28:02.595641+00:00,62.9,final,2006-01-01,2006-12-31,1,2026-09-15T16:28:02.595641+00:00
VALUE_ADDED_GROWTH_NUTS2,pl22:nuts2,2007,2026-09-15T16:28:02.595641+00:00,68.3,final,2007-01-01,2007-12-31,1,2026-09-15T16:28:02.595641+00:00
VALUE_ADDED_GROWTH_NUTS2,pl22:nuts2,2008,2026-09-15T16:28:02.595641+00:00,72.3,final,2008-01-01,2008-12-31,1,2026-09-15T16:28:02.595641+00:00
VALUE_ADDED_GROWTH_NUTS2,pl22:nuts2,2009,2026-09-15T16:28:02.595641+00:00,73.6,final,2009-01-01,2009-12-31,1,2026-09-15T16:28:02.595641+00:00
VALUE_ADDED_GROWTH_NUTS2,pl22:nuts2,2010,2026-09-15T16:28:02.595641+00:00,76.1,final,2010-01-01,2010-12-31,1,2026-09-15T16:28:02.595641+00:00
VALUE_ADDED_GROWTH_NUTS2,pl22:nuts2,2011,2026-09-15T16:28:02.595641+00:00,80.2,final,2011-01-01,2011-12-31,1,2026-09-15T16:28:02.595641+00:00
VALUE_ADDED_GROWTH_NUTS2,pl22:nuts2,2012,2026-09-15T16:28:02.595641+00:00,80.7,final,2012-01-01,2012-12-31,1,2026-09-15T16:28:02.595641+00:00
VALUE_ADDED_GROWTH_NUTS2,pl22:nuts2,2013,2026-09-15T16:28:02.595641+00:00,80.6,final,2013-01-01,2013-12-31,1,2026-09-15T16:28:02.595641+00:00
VALUE_ADDED_GROWTH_NUTS2,pl22:nuts2,2014,2026-09-15T16:28:02.595641+00:00,83.6,final,2014-01-01,2014-12-31,1,2026-09-15T16:28:02.595641+00:00
VALUE_ADDED_GROWTH_NUTS2,pl22:nuts2,2015,2026-09-15T16:28:02.595641+00:00,87.7,final,2015-01-01,2015-12-31,1,2026-09-15T16:28:02.595641+00:00
VALUE_ADDED_GROWTH_NUTS2,pl22:nuts2,2016,2026-09-15T16:28:02.595641+00:00,90.6,final,2016-01-01,2016-12-31,1,2026-09-15T16:28:02.595641+00:00
VALUE_ADDED_GROWTH_NUTS2,pl22:nuts2,2017,2026-09-15T16:28:02.595641+00:00,94.5,final,2017-01-01,2017-12-31,1,2026-09-15T16:28:02.595641+00:00
VALUE_ADDED_GROWTH_NUTS2,pl22:nuts2,2018,2026-09-15T16:28:02.595641+00:00,100.3,final,2018-01-01,2018-12-31,1,2026-09-15T16:28:02.595641+00:00
VALUE_ADDED_GROWTH_NUTS2,pl22:nuts2,2019,2026-09-15T16:28:02.595641+00:00,103.4,final,2019-01-01,2019-12-31,1,2026-09-15T16:28:02.595641+00:00
VALUE_ADDED_GROWTH_NUTS2,pl22:nuts2,2020,2026-09-15T16:28:02.595641+00:00,100.0,final,2020-01-01,2020-12-31,1,2026-09-15T16:28:02.595641+00:00
VALUE_ADDED_GROWTH_NUTS2,pl22:nuts2,2021,2026-09-15T16:28:02.595641+00:00,109.1,final,2021-01-01,2021-12-31,1,2026-09-15T16:28:02.595641+00:00
VALUE_ADDED_GROWTH_NUTS2,pl22:nuts2,2022,2026-09-15T16:28:02.595641+00:00,115.0,final,2022-01-01,2022-12-31,1,2026-09-15T16:28:02.595641+00:00
VALUE_ADDED_GROWTH_NUTS2,pl22:nuts2,2023,2026-09-15T16:28:02.595641+00:00,115.1,final,2023-01-01,2023-12-31,1,2026-09-15T16:28:02.595641+00:00
VALUE_ADDED_GROWTH_NUTS2,pl22:nuts2,2024,2026-09-15T16:28:02.595641+00:00,116.7,provisional,2024-01-01,2024-12-31,1,2026-09-15T16:28:02.595641+00:00
VALUE_ADDED_GROWTH_NUTS2,pl41:nuts2,2000,2026-09-15T16:28:02.595641+00:00,48.3,final,2000-01-01,2000-12-31,1,2026-09-15T16:28:02.595641+00:00
VALUE_ADDED_GROWTH_NUTS2,pl41:nuts2,2001,2026-09-15T16:28:02.595641+00:00,49.0,final,2001-01-01,2001-12-31,1,2026-09-15T16:28:02.595641+00:00
VALUE_ADDED_GROWTH_NUTS2,pl41:nuts2,2002,2026-09-15T16:28:02.595641+00:00,49.1,final,2002-01-01,2002-12-31,1,2026-09-15T16:28:02.595641+00:00
VALUE_ADDED_GROWTH_NUTS2,pl41:nuts2,2003,2026-09-15T16:28:02.595641+00:00,51.8,final,2003-01-01,2003-12-31,1,2026-09-15T16:28:02.595641+00:00
VALUE_ADDED_GROWTH_NUTS2,pl41:nuts2,2004,2026-09-15T16:28:02.595641+00:00,56.8,final,2004-01-01,2004-12-31,1,2026-09-15T16:28:02.595641+00:00
VALUE_ADDED_GROWTH_NUTS2,pl41:nuts2,2005,2026-09-15T16:28:02.595641+00:00,58.6,final,2005-01-01,2005-12-31,1,2026-09-15T16:28:02.595641+00:00
VALUE_ADDED_GROWTH_NUTS2,pl41:nuts2,2006,2026-09-15T16:28:02.595641+00:00,61.0,final,2006-01-01,2006-12-31,1,2026-09-15T16:28:02.595641+00:00
VALUE_ADDED_GROWTH_NUTS2,pl41:nuts2,2007,2026-09-15T16:28:02.595641+00:00,64.2,final,2007-01-01,2007-12-31,1,2026-09-15T16:28:02.595641+00:00
VALUE_ADDED_GROWTH_NUTS2,pl41:nuts2,2008,2026-09-15T16:28:02.595641+00:00,65.9,final,2008-01-01,2008-12-31,1,2026-09-15T16:28:02.595641+00:00
VALUE_ADDED_GROWTH_NUTS2,pl41:nuts2,2009,2026-09-15T16:28:02.595641+00:00,68.5,final,2009-01-01,2009-12-31,1,2026-09-15T16:28:02.595641+00:00
VALUE_ADDED_GROWTH_NUTS2,pl41:nuts2,2010,2026-09-15T16:28:02.595641+00:00,69.6,final,2010-01-01,2010-12-31,1,2026-09-15T16:28:02.595641+00:00
VALUE_ADDED_GROWTH_NUTS2,pl41:nuts2,2011,2026-09-15T16:28:02.595641+00:00,73.6,final,2011-01-01,2011-12-31,1,2026-09-15T16:28:02.595641+00:00
VALUE_ADDED_GROWTH_NUTS2,pl41:nuts2,2012,2026-09-15T16:28:02.595641+00:00,75.3,final,2012-01-01,2012-12-31,1,2026-09-15T16:28:02.595641+00:00
VALUE_ADDED_GROWTH_NUTS2,pl41:nuts2,2013,2026-09-15T16:28:02.595641+00:00,76.1,final,2013-01-01,2013-12-31,1,2026-09-15T16:28:02.595641+00:00
VALUE_ADDED_GROWTH_NUTS2,pl41:nuts2,2014,2026-09-15T16:28:02.595641+00:00,79.5,final,2014-01-01,2014-12-31,1,2026-09-15T16:28:02.595641+00:00
VALUE_ADDED_GROWTH_NUTS2,pl41:nuts2,2015,2026-09-15T16:28:02.595641+00:00,83.9,final,2015-01-01,2015-12-31,1,2026-09-15T16:28:02.595641+00:00
VALUE_ADDED_GROWTH_NUTS2,pl41:nuts2,2016,2026-09-15T16:28:02.595641+00:00,86.8,final,2016-01-01,2016-12-31,1,2026-09-15T16:28:02.595641+00:00
VALUE_ADDED_GROWTH_NUTS2,pl41:nuts2,2017,2026-09-15T16:28:02.595641+00:00,91.4,final,2017-01-01,2017-12-31,1,2026-09-15T16:28:02.595641+00:00
VALUE_ADDED_GROWTH_NUTS2,pl41:nuts2,2018,2026-09-15T16:28:02.595641+00:00,96.4,final,2018-01-01,2018-12-31,1,2026-09-15T16:28:02.595641+00:00
VALUE_ADDED_GROWTH_NUTS2,pl41:nuts2,2019,2026-09-15T16:28:02.595641+00:00,101.2,final,2019-01-01,2019-12-31,1,2026-09-15T16:28:02.595641+00:00
VALUE_ADDED_GROWTH_NUTS2,pl41:nuts2,2020,2026-09-15T16:28:02.595641+00:00,100.0,final,2020-01-01,2020-12-31,1,2026-09-15T16:28:02.595641+00:00
VALUE_ADDED_GROWTH_NUTS2,pl41:nuts2,2021,2026-09-15T16:28:02.595641+00:00,106.2,final,2021-01-01,2021-12-31,1,2026-09-15T16:28:02.595641+00:00
VALUE_ADDED_GROWTH_NUTS2,pl41:nuts2,2022,2026-09-15T16:28:02.595641+00:00,112.2,final,2022-01-01,2022-12-31,1,2026-09-15T16:28:02.595641+00:00
VALUE_ADDED_GROWTH_NUTS2,pl41:nuts2,2023,2026-09-15T16:28:02.595641+00:00,112.3,final,2023-01-01,2023-12-31,1,2026-09-15T16:28:02.595641+00:00
VALUE_ADDED_GROWTH_NUTS2,pl41:nuts2,2024,2026-09-15T16:28:02.595641+00:00,115.7,provisional,2024-01-01,2024-12-31,1,2026-09-15T16:28:02.595641+00:00
VALUE_ADDED_GROWTH_NUTS2,pl42:nuts2,2000,2026-09-15T16:28:02.595641+00:00,61.4,final,2000-01-01,2000-12-31,1,2026-09-15T16:28:02.595641+00:00
VALUE_ADDED_GROWTH_NUTS2,pl42:nuts2,2001,2026-09-15T16:28:02.595641+00:00,60.7,final,2001-01-01,2001-12-31,1,2026-09-15T16:28:02.595641+00:00
VALUE_ADDED_GROWTH_NUTS2,pl42:nuts2,2002,2026-09-15T16:28:02.595641+00:00,60.9,final,2002-01-01,2002-12-31,1,2026-09-15T16:28:02.595641+00:00
VALUE_ADDED_GROWTH_NUTS2,pl42:nuts2,2003,2026-09-15T16:28:02.595641+00:00,61.0,final,2003-01-01,2003-12-31,1,2026-09-15T16:28:02.595641+00:00
VALUE_ADDED_GROWTH_NUTS2,pl42:nuts2,2004,2026-09-15T16:28:02.595641+00:00,63.5,final,2004-01-01,2004-12-31,1,2026-09-15T16:28:02.595641+00:00
VALUE_ADDED_GROWTH_NUTS2,pl42:nuts2,2005,2026-09-15T16:28:02.595641+00:00,65.4,final,2005-01-01,2005-12-31,1,2026-09-15T16:28:02.595641+00:00
VALUE_ADDED_GROWTH_NUTS2,pl42:nuts2,2006,2026-09-15T16:28:02.595641+00:00,69.1,final,2006-01-01,2006-12-31,1,2026-09-15T16:28:02.595641+00:00
VALUE_ADDED_GROWTH_NUTS2,pl42:nuts2,2007,2026-09-15T16:28:02.595641+00:00,71.0,final,2007-01-01,2007-12-31,1,2026-09-15T16:28:02.595641+00:00
VALUE_ADDED_GROWTH_NUTS2,pl42:nuts2,2008,2026-09-15T16:28:02.595641+00:00,72.1,final,2008-01-01,2008-12-31,1,2026-09-15T16:28:02.595641+00:00
VALUE_ADDED_GROWTH_NUTS2,pl42:nuts2,2009,2026-09-15T16:28:02.595641+00:00,74.4,final,2009-01-01,2009-12-31,1,2026-09-15T16:28:02.595641+00:00
VALUE_ADDED_GROWTH_NUTS2,pl42:nuts2,2010,2026-09-15T16:28:02.595641+00:00,77.1,final,2010-01-01,2010-12-31,1,2026-09-15T16:28:02.595641+00:00
VALUE_ADDED_GROWTH_NUTS2,pl42:nuts2,2011,2026-09-15T16:28:02.595641+00:00,79.8,final,2011-01-01,2011-12-31,1,2026-09-15T16:28:02.595641+00:00
VALUE_ADDED_GROWTH_NUTS2,pl42:nuts2,2012,2026-09-15T16:28:02.595641+00:00,80.4,final,2012-01-01,2012-12-31,1,2026-09-15T16:28:02.595641+00:00
VALUE_ADDED_GROWTH_NUTS2,pl42:nuts2,2013,2026-09-15T16:28:02.595641+00:00,80.2,final,2013-01-01,2013-12-31,1,2026-09-15T16:28:02.595641+00:00
VALUE_ADDED_GROWTH_NUTS2,pl42:nuts2,2014,2026-09-15T16:28:02.595641+00:00,83.8,final,2014-01-01,2014-12-31,1,2026-09-15T16:28:02.595641+00:00
VALUE_ADDED_GROWTH_NUTS2,pl42:nuts2,2015,2026-09-15T16:28:02.595641+00:00,87.1,final,2015-01-01,2015-12-31,1,2026-09-15T16:28:02.595641+00:00
VALUE_ADDED_GROWTH_NUTS2,pl42:nuts2,2016,2026-09-15T16:28:02.595641+00:00,88.8,final,2016-01-01,2016-12-31,1,2026-09-15T16:28:02.595641+00:00
VALUE_ADDED_GROWTH_NUTS2,pl42:nuts2,2017,2026-09-15T16:28:02.595641+00:00,93.3,final,2017-01-01,2017-12-31,1,2026-09-15T16:28:02.595641+00:00
VALUE_ADDED_GROWTH_NUTS2,pl42:nuts2,2018,2026-09-15T16:28:02.595641+00:00,98.8,final,2018-01-01,2018-12-31,1,2026-09-15T16:28:02.595641+00:00
VALUE_ADDED_GROWTH_NUTS2,pl42:nuts2,2019,2026-09-15T16:28:02.595641+00:00,101.6,final,2019-01-01,2019-12-31,1,2026-09-15T16:28:02.595641+00:00
VALUE_ADDED_GROWTH_NUTS2,pl42:nuts2,2020,2026-09-15T16:28:02.595641+00:00,100.0,final,2020-01-01,2020-12-31,1,2026-09-15T16:28:02.595641+00:00
VALUE_ADDED_GROWTH_NUTS2,pl42:nuts2,2021,2026-09-15T16:28:02.595641+00:00,106.5,final,2021-01-01,2021-12-31,1,2026-09-15T16:28:02.595641+00:00
VALUE_ADDED_GROWTH_NUTS2,pl42:nuts2,2022,2026-09-15T16:28:02.595641+00:00,110.6,final,2022-01-01,2022-12-31,1,2026-09-15T16:28:02.595641+00:00
VALUE_ADDED_GROWTH_NUTS2,pl42:nuts2,2023,2026-09-15T16:28:02.595641+00:00,111.9,final,2023-01-01,2023-12-31,1,2026-09-15T16:28:02.595641+00:00
VALUE_ADDED_GROWTH_NUTS2,pl42:nuts2,2024,2026-09-15T16:28:02.595641+00:00,112.5,provisional,2024-01-01,2024-12-31,1,2026-09-15T16:28:02.595641+00:00
VALUE_ADDED_GROWTH_NUTS2,pl43:nuts2,2000,2026-09-15T16:28:02.595641+00:00,54.1,final,2000-01-01,2000-12-31,1,2026-09-15T16:28:02.595641+00:00
VALUE_ADDED_GROWTH_NUTS2,pl43:nuts2,2001,2026-09-15T16:28:02.595641+00:00,54.4,final,2001-01-01,2001-12-31,1,2026-09-15T16:28:02.595641+00:00
VALUE_ADDED_GROWTH_NUTS2,pl43:nuts2,2002,2026-09-15T16:28:02.595641+00:00,55.0,final,2002-01-01,2002-12-31,1,2026-09-15T16:28:02.595641+00:00
VALUE_ADDED_GROWTH_NUTS2,pl43:nuts2,2003,2026-09-15T16:28:02.595641+00:00,56.1,final,2003-01-01,2003-12-31,1,2026-09-15T16:28:02.595641+00:00
VALUE_ADDED_GROWTH_NUTS2,pl43:nuts2,2004,2026-09-15T16:28:02.595641+00:00,61.0,final,2004-01-01,2004-12-31,1,2026-09-15T16:28:02.595641+00:00
VALUE_ADDED_GROWTH_NUTS2,pl43:nuts2,2005,2026-09-15T16:28:02.595641+00:00,64.7,final,2005-01-01,2005-12-31,1,2026-09-15T16:28:02.595641+00:00
VALUE_ADDED_GROWTH_NUTS2,pl43:nuts2,2006,2026-09-15T16:28:02.595641+00:00,68.1,final,2006-01-01,2006-12-31,1,2026-09-15T16:28:02.595641+00:00
VALUE_ADDED_GROWTH_NUTS2,pl43:nuts2,2007,2026-09-15T16:28:02.595641+00:00,71.9,final,2007-01-01,2007-12-31,1,2026-09-15T16:28:02.595641+00:00
VALUE_ADDED_GROWTH_NUTS2,pl43:nuts2,2008,2026-09-15T16:28:02.595641+00:00,75.3,final,2008-01-01,2008-12-31,1,2026-09-15T16:28:02.595641+00:00
VALUE_ADDED_GROWTH_NUTS2,pl43:nuts2,2009,2026-09-15T16:28:02.595641+00:00,75.5,final,2009-01-01,2009-12-31,1,2026-09-15T16:28:02.595641+00:00
VALUE_ADDED_GROWTH_NUTS2,pl43:nuts2,2010,2026-09-15T16:28:02.595641+00:00,77.7,final,2010-01-01,2010-12-31,1,2026-09-15T16:28:02.595641+00:00
VALUE_ADDED_GROWTH_NUTS2,pl43:nuts2,2011,2026-09-15T16:28:02.595641+00:00,80.6,final,2011-01-01,2011-12-31,1,2026-09-15T16:28:02.595641+00:00
VALUE_ADDED_GROWTH_NUTS2,pl43:nuts2,2012,2026-09-15T16:28:02.595641+00:00,82.3,final,2012-01-01,2012-12-31,1,2026-09-15T16:28:02.595641+00:00
VALUE_ADDED_GROWTH_NUTS2,pl43:nuts2,2013,2026-09-15T16:28:02.595641+00:00,82.2,final,2013-01-01,2013-12-31,1,2026-09-15T16:28:02.595641+00:00
VALUE_ADDED_GROWTH_NUTS2,pl43:nuts2,2014,2026-09-15T16:28:02.595641+00:00,86.1,final,2014-01-01,2014-12-31,1,2026-09-15T16:28:02.595641+00:00
VALUE_ADDED_GROWTH_NUTS2,pl43:nuts2,2015,2026-09-15T16:28:02.595641+00:00,88.6,final,2015-01-01,2015-12-31,1,2026-09-15T16:28:02.595641+00:00
VALUE_ADDED_GROWTH_NUTS2,pl43:nuts2,2016,2026-09-15T16:28:02.595641+00:00,90.7,final,2016-01-01,2016-12-31,1,2026-09-15T16:28:02.595641+00:00
VALUE_ADDED_GROWTH_NUTS2,pl43:nuts2,2017,2026-09-15T16:28:02.595641+00:00,94.4,final,2017-01-01,2017-12-31,1,2026-09-15T16:28:02.595641+00:00
VALUE_ADDED_GROWTH_NUTS2,pl43:nuts2,2018,2026-09-15T16:28:02.595641+00:00,98.6,final,2018-01-01,2018-12-31,1,2026-09-15T16:28:02.595641+00:00
VALUE_ADDED_GROWTH_NUTS2,pl43:nuts2,2019,2026-09-15T16:28:02.595641+00:00,101.8,final,2019-01-01,2019-12-31,1,2026-09-15T16:28:02.595641+00:00
VALUE_ADDED_GROWTH_NUTS2,pl43:nuts2,2020,2026-09-15T16:28:02.595641+00:00,100.0,final,2020-01-01,2020-12-31,1,2026-09-15T16:28:02.595641+00:00
VALUE_ADDED_GROWTH_NUTS2,pl43:nuts2,2021,2026-09-15T16:28:02.595641+00:00,106.9,final,2021-01-01,2021-12-31,1,2026-09-15T16:28:02.595641+00:00
VALUE_ADDED_GROWTH_NUTS2,pl43:nuts2,2022,2026-09-15T16:28:02.595641+00:00,112.6,final,2022-01-01,2022-12-31,1,2026-09-15T16:28:02.595641+00:00
VALUE_ADDED_GROWTH_NUTS2,pl43:nuts2,2023,2026-09-15T16:28:02.595641+00:00,112.7,final,2023-01-01,2023-12-31,1,2026-09-15T16:28:02.595641+00:00
VALUE_ADDED_GROWTH_NUTS2,pl43:nuts2,2024,2026-09-15T16:28:02.595641+00:00,116.1,provisional,2024-01-01,2024-12-31,1,2026-09-15T16:28:02.595641+00:00
VALUE_ADDED_GROWTH_NUTS2,pl51:nuts2,2000,2026-09-15T16:28:02.595641+00:00,52.2,final,2000-01-01,2000-12-31,1,2026-09-15T16:28:02.595641+00:00
VALUE_ADDED_GROWTH_NUTS2,pl51:nuts2,2001,2026-09-15T16:28:02.595641+00:00,52.3,final,2001-01-01,2001-12-31,1,2026-09-15T16:28:02.595641+00:00
VALUE_ADDED_GROWTH_NUTS2,pl51:nuts2,2002,2026-09-15T16:28:02.595641+00:00,54.0,final,2002-01-01,2002-12-31,1,2026-09-15T16:28:02.595641+00:00
VALUE_ADDED_GROWTH_NUTS2,pl51:nuts2,2003,2026-09-15T16:28:02.595641+00:00,55.1,final,2003-01-01,2003-12-31,1,2026-09-15T16:28:02.595641+00:00
VALUE_ADDED_GROWTH_NUTS2,pl51:nuts2,2004,2026-09-15T16:28:02.595641+00:00,56.7,final,2004-01-01,2004-12-31,1,2026-09-15T16:28:02.595641+00:00
VALUE_ADDED_GROWTH_NUTS2,pl51:nuts2,2005,2026-09-15T16:28:02.595641+00:00,59.8,final,2005-01-01,2005-12-31,1,2026-09-15T16:28:02.595641+00:00
VALUE_ADDED_GROWTH_NUTS2,pl51:nuts2,2006,2026-09-15T16:28:02.595641+00:00,61.2,final,2006-01-01,2006-12-31,1,2026-09-15T16:28:02.595641+00:00
VALUE_ADDED_GROWTH_NUTS2,pl51:nuts2,2007,2026-09-15T16:28:02.595641+00:00,66.9,final,2007-01-01,2007-12-31,1,2026-09-15T16:28:02.595641+00:00
VALUE_ADDED_GROWTH_NUTS2,pl51:nuts2,2008,2026-09-15T16:28:02.595641+00:00,69.8,final,2008-01-01,2008-12-31,1,2026-09-15T16:28:02.595641+00:00
VALUE_ADDED_GROWTH_NUTS2,pl51:nuts2,2009,2026-09-15T16:28:02.595641+00:00,71.5,final,2009-01-01,2009-12-31,1,2026-09-15T16:28:02.595641+00:00
VALUE_ADDED_GROWTH_NUTS2,pl51:nuts2,2010,2026-09-15T16:28:02.595641+00:00,74.7,final,2010-01-01,2010-12-31,1,2026-09-15T16:28:02.595641+00:00
VALUE_ADDED_GROWTH_NUTS2,pl51:nuts2,2011,2026-09-15T16:28:02.595641+00:00,79.2,final,2011-01-01,2011-12-31,1,2026-09-15T16:28:02.595641+00:00
VALUE_ADDED_GROWTH_NUTS2,pl51:nuts2,2012,2026-09-15T16:28:02.595641+00:00,80.4,final,2012-01-01,2012-12-31,1,2026-09-15T16:28:02.595641+00:00
VALUE_ADDED_GROWTH_NUTS2,pl51:nuts2,2013,2026-09-15T16:28:02.595641+00:00,79.9,final,2013-01-01,2013-12-31,1,2026-09-15T16:28:02.595641+00:00
VALUE_ADDED_GROWTH_NUTS2,pl51:nuts2,2014,2026-09-15T16:28:02.595641+00:00,83.2,final,2014-01-01,2014-12-31,1,2026-09-15T16:28:02.595641+00:00
VALUE_ADDED_GROWTH_NUTS2,pl51:nuts2,2015,2026-09-15T16:28:02.595641+00:00,86.6,final,2015-01-01,2015-12-31,1,2026-09-15T16:28:02.595641+00:00
VALUE_ADDED_GROWTH_NUTS2,pl51:nuts2,2016,2026-09-15T16:28:02.595641+00:00,88.4,final,2016-01-01,2016-12-31,1,2026-09-15T16:28:02.595641+00:00
VALUE_ADDED_GROWTH_NUTS2,pl51:nuts2,2017,2026-09-15T16:28:02.595641+00:00,92.7,final,2017-01-01,2017-12-31,1,2026-09-15T16:28:02.595641+00:00
VALUE_ADDED_GROWTH_NUTS2,pl51:nuts2,2018,2026-09-15T16:28:02.595641+00:00,97.8,final,2018-01-01,2018-12-31,1,2026-09-15T16:28:02.595641+00:00
VALUE_ADDED_GROWTH_NUTS2,pl51:nuts2,2019,2026-09-15T16:28:02.595641+00:00,101.9,final,2019-01-01,2019-12-31,1,2026-09-15T16:28:02.595641+00:00
VALUE_ADDED_GROWTH_NUTS2,pl51:nuts2,2020,2026-09-15T16:28:02.595641+00:00,100.0,final,2020-01-01,2020-12-31,1,2026-09-15T16:28:02.595641+00:00
VALUE_ADDED_GROWTH_NUTS2,pl51:nuts2,2021,2026-09-15T16:28:02.595641+00:00,108.0,final,2021-01-01,2021-12-31,1,2026-09-15T16:28:02.595641+00:00
VALUE_ADDED_GROWTH_NUTS2,pl51:nuts2,2022,2026-09-15T16:28:02.595641+00:00,113.5,final,2022-01-01,2022-12-31,1,2026-09-15T16:28:02.595641+00:00
VALUE_ADDED_GROWTH_NUTS2,pl51:nuts2,2023,2026-09-15T16:28:02.595641+00:00,113.1,final,2023-01-01,2023-12-31,1,2026-09-15T16:28:02.595641+00:00
VALUE_ADDED_GROWTH_NUTS2,pl51:nuts2,2024,2026-09-15T16:28:02.595641+00:00,116.3,provisional,2024-01-01,2024-12-31,1,2026-09-15T16:28:02.595641+00:00
VALUE_ADDED_GROWTH_NUTS2,pl52:nuts2,2000,2026-09-15T16:28:02.595641+00:00,66.8,final,2000-01-01,2000-12-31,1,2026-09-15T16:28:02.595641+00:00
VALUE_ADDED_GROWTH_NUTS2,pl52:nuts2,2001,2026-09-15T16:28:02.595641+00:00,65.7,final,2001-01-01,2001-12-31,1,2026-09-15T16:28:02.595641+00:00
VALUE_ADDED_GROWTH_NUTS2,pl52:nuts2,2002,2026-09-15T16:28:02.595641+00:00,66.9,final,2002-01-01,2002-12-31,1,2026-09-15T16:28:02.595641+00:00
VALUE_ADDED_GROWTH_NUTS2,pl52:nuts2,2003,2026-09-15T16:28:02.595641+00:00,67.2,final,2003-01-01,2003-12-31,1,2026-09-15T16:28:02.595641+00:00
VALUE_ADDED_GROWTH_NUTS2,pl52:nuts2,2004,2026-09-15T16:28:02.595641+00:00,70.9,final,2004-01-01,2004-12-31,1,2026-09-15T16:28:02.595641+00:00
VALUE_ADDED_GROWTH_NUTS2,pl52:nuts2,2005,2026-09-15T16:28:02.595641+00:00,69.8,final,2005-01-01,2005-12-31,1,2026-09-15T16:28:02.595641+00:00
VALUE_ADDED_GROWTH_NUTS2,pl52:nuts2,2006,2026-09-15T16:28:02.595641+00:00,72.9,final,2006-01-01,2006-12-31,1,2026-09-15T16:28:02.595641+00:00
VALUE_ADDED_GROWTH_NUTS2,pl52:nuts2,2007,2026-09-15T16:28:02.595641+00:00,78.5,final,2007-01-01,2007-12-31,1,2026-09-15T16:28:02.595641+00:00
VALUE_ADDED_GROWTH_NUTS2,pl52:nuts2,2008,2026-09-15T16:28:02.595641+00:00,78.4,final,2008-01-01,2008-12-31,1,2026-09-15T16:28:02.595641+00:00
VALUE_ADDED_GROWTH_NUTS2,pl52:nuts2,2009,2026-09-15T16:28:02.595641+00:00,77.7,final,2009-01-01,2009-12-31,1,2026-09-15T16:28:02.595641+00:00
VALUE_ADDED_GROWTH_NUTS2,pl52:nuts2,2010,2026-09-15T16:28:02.595641+00:00,79.1,final,2010-01-01,2010-12-31,1,2026-09-15T16:28:02.595641+00:00
VALUE_ADDED_GROWTH_NUTS2,pl52:nuts2,2011,2026-09-15T16:28:02.595641+00:00,83.2,final,2011-01-01,2011-12-31,1,2026-09-15T16:28:02.595641+00:00
VALUE_ADDED_GROWTH_NUTS2,pl52:nuts2,2012,2026-09-15T16:28:02.595641+00:00,83.5,final,2012-01-01,2012-12-31,1,2026-09-15T16:28:02.595641+00:00
VALUE_ADDED_GROWTH_NUTS2,pl52:nuts2,2013,2026-09-15T16:28:02.595641+00:00,83.2,final,2013-01-01,2013-12-31,1,2026-09-15T16:28:02.595641+00:00
VALUE_ADDED_GROWTH_NUTS2,pl52:nuts2,2014,2026-09-15T16:28:02.595641+00:00,87.3,final,2014-01-01,2014-12-31,1,2026-09-15T16:28:02.595641+00:00
VALUE_ADDED_GROWTH_NUTS2,pl52:nuts2,2015,2026-09-15T16:28:02.595641+00:00,89.7,final,2015-01-01,2015-12-31,1,2026-09-15T16:28:02.595641+00:00
VALUE_ADDED_GROWTH_NUTS2,pl52:nuts2,2016,2026-09-15T16:28:02.595641+00:00,90.4,final,2016-01-01,2016-12-31,1,2026-09-15T16:28:02.595641+00:00
VALUE_ADDED_GROWTH_NUTS2,pl52:nuts2,2017,2026-09-15T16:28:02.595641+00:00,94.5,final,2017-01-01,2017-12-31,1,2026-09-15T16:28:02.595641+00:00
VALUE_ADDED_GROWTH_NUTS2,pl52:nuts2,2018,2026-09-15T16:28:02.595641+00:00,99.5,final,2018-01-01,2018-12-31,1,2026-09-15T16:28:02.595641+00:00
VALUE_ADDED_GROWTH_NUTS2,pl52:nuts2,2019,2026-09-15T16:28:02.595641+00:00,103.0,final,2019-01-01,2019-12-31,1,2026-09-15T16:28:02.595641+00:00
VALUE_ADDED_GROWTH_NUTS2,pl52:nuts2,2020,2026-09-15T16:28:02.595641+00:00,100.0,final,2020-01-01,2020-12-31,1,2026-09-15T16:28:02.595641+00:00
VALUE_ADDED_GROWTH_NUTS2,pl52:nuts2,2021,2026-09-15T16:28:02.595641+00:00,107.3,final,2021-01-01,2021-12-31,1,2026-09-15T16:28:02.595641+00:00
VALUE_ADDED_GROWTH_NUTS2,pl52:nuts2,2022,2026-09-15T16:28:02.595641+00:00,110.2,final,2022-01-01,2022-12-31,1,2026-09-15T16:28:02.595641+00:00
VALUE_ADDED_GROWTH_NUTS2,pl52:nuts2,2023,2026-09-15T16:28:02.595641+00:00,110.4,final,2023-01-01,2023-12-31,1,2026-09-15T16:28:02.595641+00:00
VALUE_ADDED_GROWTH_NUTS2,pl52:nuts2,2024,2026-09-15T16:28:02.595641+00:00,112.7,provisional,2024-01-01,2024-12-31,1,2026-09-15T16:28:02.595641+00:00
VALUE_ADDED_GROWTH_NUTS2,pl61:nuts2,2000,2026-09-15T16:28:02.595641+00:00,54.8,final,2000-01-01,2000-12-31,1,2026-09-15T16:28:02.595641+00:00
VALUE_ADDED_GROWTH_NUTS2,pl61:nuts2,2001,2026-09-15T16:28:02.595641+00:00,56.0,final,2001-01-01,2001-12-31,1,2026-09-15T16:28:02.595641+00:00
VALUE_ADDED_GROWTH_NUTS2,pl61:nuts2,2002,2026-09-15T16:28:02.595641+00:00,57.1,final,2002-01-01,2002-12-31,1,2026-09-15T16:28:02.595641+00:00
VALUE_ADDED_GROWTH_NUTS2,pl61:nuts2,2003,2026-09-15T16:28:02.595641+00:00,58.7,final,2003-01-01,2003-12-31,1,2026-09-15T16:28:02.595641+00:00
VALUE_ADDED_GROWTH_NUTS2,pl61:nuts2,2004,2026-09-15T16:28:02.595641+00:00,62.8,final,2004-01-01,2004-12-31,1,2026-09-15T16:28:02.595641+00:00
VALUE_ADDED_GROWTH_NUTS2,pl61:nuts2,2005,2026-09-15T16:28:02.595641+00:00,64.1,final,2005-01-01,2005-12-31,1,2026-09-15T16:28:02.595641+00:00
VALUE_ADDED_GROWTH_NUTS2,pl61:nuts2,2006,2026-09-15T16:28:02.595641+00:00,68.5,final,2006-01-01,2006-12-31,1,2026-09-15T16:28:02.595641+00:00
VALUE_ADDED_GROWTH_NUTS2,pl61:nuts2,2007,2026-09-15T16:28:02.595641+00:00,73.1,final,2007-01-01,2007-12-31,1,2026-09-15T16:28:02.595641+00:00
VALUE_ADDED_GROWTH_NUTS2,pl61:nuts2,2008,2026-09-15T16:28:02.595641+00:00,75.7,final,2008-01-01,2008-12-31,1,2026-09-15T16:28:02.595641+00:00
VALUE_ADDED_GROWTH_NUTS2,pl61:nuts2,2009,2026-09-15T16:28:02.595641+00:00,75.3,final,2009-01-01,2009-12-31,1,2026-09-15T16:28:02.595641+00:00
VALUE_ADDED_GROWTH_NUTS2,pl61:nuts2,2010,2026-09-15T16:28:02.595641+00:00,77.4,final,2010-01-01,2010-12-31,1,2026-09-15T16:28:02.595641+00:00
VALUE_ADDED_GROWTH_NUTS2,pl61:nuts2,2011,2026-09-15T16:28:02.595641+00:00,80.4,final,2011-01-01,2011-12-31,1,2026-09-15T16:28:02.595641+00:00
VALUE_ADDED_GROWTH_NUTS2,pl61:nuts2,2012,2026-09-15T16:28:02.595641+00:00,80.6,final,2012-01-01,2012-12-31,1,2026-09-15T16:28:02.595641+00:00
VALUE_ADDED_GROWTH_NUTS2,pl61:nuts2,2013,2026-09-15T16:28:02.595641+00:00,81.3,final,2013-01-01,2013-12-31,1,2026-09-15T16:28:02.595641+00:00
VALUE_ADDED_GROWTH_NUTS2,pl61:nuts2,2014,2026-09-15T16:28:02.595641+00:00,83.7,final,2014-01-01,2014-12-31,1,2026-09-15T16:28:02.595641+00:00
VALUE_ADDED_GROWTH_NUTS2,pl61:nuts2,2015,2026-09-15T16:28:02.595641+00:00,87.1,final,2015-01-01,2015-12-31,1,2026-09-15T16:28:02.595641+00:00
VALUE_ADDED_GROWTH_NUTS2,pl61:nuts2,2016,2026-09-15T16:28:02.595641+00:00,88.8,final,2016-01-01,2016-12-31,1,2026-09-15T16:28:02.595641+00:00
VALUE_ADDED_GROWTH_NUTS2,pl61:nuts2,2017,2026-09-15T16:28:02.595641+00:00,92.5,final,2017-01-01,2017-12-31,1,2026-09-15T16:28:02.595641+00:00
VALUE_ADDED_GROWTH_NUTS2,pl61:nuts2,2018,2026-09-15T16:28:02.595641+00:00,98.3,final,2018-01-01,2018-12-31,1,2026-09-15T16:28:02.595641+00:00
VALUE_ADDED_GROWTH_NUTS2,pl61:nuts2,2019,2026-09-15T16:28:02.595641+00:00,100.6,final,2019-01-01,2019-12-31,1,2026-09-15T16:28:02.595641+00:00
VALUE_ADDED_GROWTH_NUTS2,pl61:nuts2,2020,2026-09-15T16:28:02.595641+00:00,100.0,final,2020-01-01,2020-12-31,1,2026-09-15T16:28:02.595641+00:00
VALUE_ADDED_GROWTH_NUTS2,pl61:nuts2,2021,2026-09-15T16:28:02.595641+00:00,107.0,final,2021-01-01,2021-12-31,1,2026-09-15T16:28:02.595641+00:00
VALUE_ADDED_GROWTH_NUTS2,pl61:nuts2,2022,2026-09-15T16:28:02.595641+00:00,112.8,final,2022-01-01,2022-12-31,1,2026-09-15T16:28:02.595641+00:00
VALUE_ADDED_GROWTH_NUTS2,pl61:nuts2,2023,2026-09-15T16:28:02.595641+00:00,110.8,final,2023-01-01,2023-12-31,1,2026-09-15T16:28:02.595641+00:00
VALUE_ADDED_GROWTH_NUTS2,pl61:nuts2,2024,2026-09-15T16:28:02.595641+00:00,113.8,provisional,2024-01-01,2024-12-31,1,2026-09-15T16:28:02.595641+00:00
VALUE_ADDED_GROWTH_NUTS2,pl62:nuts2,2000,2026-09-15T16:28:02.595641+00:00,59.5,final,2000-01-01,2000-12-31,1,2026-09-15T16:28:02.595641+00:00
VALUE_ADDED_GROWTH_NUTS2,pl62:nuts2,2001,2026-09-15T16:28:02.595641+00:00,58.8,final,2001-01-01,2001-12-31,1,2026-09-15T16:28:02.595641+00:00
VALUE_ADDED_GROWTH_NUTS2,pl62:nuts2,2002,2026-09-15T16:28:02.595641+00:00,59.9,final,2002-01-01,2002-12-31,1,2026-09-15T16:28:02.595641+00:00
VALUE_ADDED_GROWTH_NUTS2,pl62:nuts2,2003,2026-09-15T16:28:02.595641+00:00,63.5,final,2003-01-01,2003-12-31,1,2026-09-15T16:28:02.595641+00:00
VALUE_ADDED_GROWTH_NUTS2,pl62:nuts2,2004,2026-09-15T16:28:02.595641+00:00,65.7,final,2004-01-01,2004-12-31,1,2026-09-15T16:28:02.595641+00:00
VALUE_ADDED_GROWTH_NUTS2,pl62:nuts2,2005,2026-09-15T16:28:02.595641+00:00,66.7,final,2005-01-01,2005-12-31,1,2026-09-15T16:28:02.595641+00:00
VALUE_ADDED_GROWTH_NUTS2,pl62:nuts2,2006,2026-09-15T16:28:02.595641+00:00,69.5,final,2006-01-01,2006-12-31,1,2026-09-15T16:28:02.595641+00:00
VALUE_ADDED_GROWTH_NUTS2,pl62:nuts2,2007,2026-09-15T16:28:02.595641+00:00,72.2,final,2007-01-01,2007-12-31,1,2026-09-15T16:28:02.595641+00:00
VALUE_ADDED_GROWTH_NUTS2,pl62:nuts2,2008,2026-09-15T16:28:02.595641+00:00,75.1,final,2008-01-01,2008-12-31,1,2026-09-15T16:28:02.595641+00:00
VALUE_ADDED_GROWTH_NUTS2,pl62:nuts2,2009,2026-09-15T16:28:02.595641+00:00,77.4,final,2009-01-01,2009-12-31,1,2026-09-15T16:28:02.595641+00:00
VALUE_ADDED_GROWTH_NUTS2,pl62:nuts2,2010,2026-09-15T16:28:02.595641+00:00,79.7,final,2010-01-01,2010-12-31,1,2026-09-15T16:28:02.595641+00:00
VALUE_ADDED_GROWTH_NUTS2,pl62:nuts2,2011,2026-09-15T16:28:02.595641+00:00,82.9,final,2011-01-01,2011-12-31,1,2026-09-15T16:28:02.595641+00:00
VALUE_ADDED_GROWTH_NUTS2,pl62:nuts2,2012,2026-09-15T16:28:02.595641+00:00,82.8,final,2012-01-01,2012-12-31,1,2026-09-15T16:28:02.595641+00:00
VALUE_ADDED_GROWTH_NUTS2,pl62:nuts2,2013,2026-09-15T16:28:02.595641+00:00,82.7,final,2013-01-01,2013-12-31,1,2026-09-15T16:28:02.595641+00:00
VALUE_ADDED_GROWTH_NUTS2,pl62:nuts2,2014,2026-09-15T16:28:02.595641+00:00,86.7,final,2014-01-01,2014-12-31,1,2026-09-15T16:28:02.595641+00:00
VALUE_ADDED_GROWTH_NUTS2,pl62:nuts2,2015,2026-09-15T16:28:02.595641+00:00,88.9,final,2015-01-01,2015-12-31,1,2026-09-15T16:28:02.595641+00:00
VALUE_ADDED_GROWTH_NUTS2,pl62:nuts2,2016,2026-09-15T16:28:02.595641+00:00,90.6,final,2016-01-01,2016-12-31,1,2026-09-15T16:28:02.595641+00:00
VALUE_ADDED_GROWTH_NUTS2,pl62:nuts2,2017,2026-09-15T16:28:02.595641+00:00,94.1,final,2017-01-01,2017-12-31,1,2026-09-15T16:28:02.595641+00:00
VALUE_ADDED_GROWTH_NUTS2,pl62:nuts2,2018,2026-09-15T16:28:02.595641+00:00,97.8,final,2018-01-01,2018-12-31,1,2026-09-15T16:28:02.595641+00:00
VALUE_ADDED_GROWTH_NUTS2,pl62:nuts2,2019,2026-09-15T16:28:02.595641+00:00,100.7,final,2019-01-01,2019-12-31,1,2026-09-15T16:28:02.595641+00:00
VALUE_ADDED_GROWTH_NUTS2,pl62:nuts2,2020,2026-09-15T16:28:02.595641+00:00,100.0,final,2020-01-01,2020-12-31,1,2026-09-15T16:28:02.595641+00:00
VALUE_ADDED_GROWTH_NUTS2,pl62:nuts2,2021,2026-09-15T16:28:02.595641+00:00,106.9,final,2021-01-01,2021-12-31,1,2026-09-15T16:28:02.595641+00:00
VALUE_ADDED_GROWTH_NUTS2,pl62:nuts2,2022,2026-09-15T16:28:02.595641+00:00,111.4,final,2022-01-01,2022-12-31,1,2026-09-15T16:28:02.595641+00:00
VALUE_ADDED_GROWTH_NUTS2,pl62:nuts2,2023,2026-09-15T16:28:02.595641+00:00,112.9,final,2023-01-01,2023-12-31,1,2026-09-15T16:28:02.595641+00:00
VALUE_ADDED_GROWTH_NUTS2,pl62:nuts2,2024,2026-09-15T16:28:02.595641+00:00,113.3,provisional,2024-01-01,2024-12-31,1,2026-09-15T16:28:02.595641+00:00
VALUE_ADDED_GROWTH_NUTS2,pl63:nuts2,2000,2026-09-15T16:28:02.595641+00:00,46.7,final,2000-01-01,2000-12-31,1,2026-09-15T16:28:02.595641+00:00
VALUE_ADDED_GROWTH_NUTS2,pl63:nuts2,2001,2026-09-15T16:28:02.595641+00:00,47.7,final,2001-01-01,2001-12-31,1,2026-09-15T16:28:02.595641+00:00
VALUE_ADDED_GROWTH_NUTS2,pl63:nuts2,2002,2026-09-15T16:28:02.595641+00:00,49.6,final,2002-01-01,2002-12-31,1,2026-09-15T16:28:02.595641+00:00
VALUE_ADDED_GROWTH_NUTS2,pl63:nuts2,2003,2026-09-15T16:28:02.595641+00:00,50.7,final,2003-01-01,2003-12-31,1,2026-09-15T16:28:02.595641+00:00
VALUE_ADDED_GROWTH_NUTS2,pl63:nuts2,2004,2026-09-15T16:28:02.595641+00:00,54.8,final,2004-01-01,2004-12-31,1,2026-09-15T16:28:02.595641+00:00
VALUE_ADDED_GROWTH_NUTS2,pl63:nuts2,2005,2026-09-15T16:28:02.595641+00:00,56.8,final,2005-01-01,2005-12-31,1,2026-09-15T16:28:02.595641+00:00
VALUE_ADDED_GROWTH_NUTS2,pl63:nuts2,2006,2026-09-15T16:28:02.595641+00:00,59.8,final,2006-01-01,2006-12-31,1,2026-09-15T16:28:02.595641+00:00
VALUE_ADDED_GROWTH_NUTS2,pl63:nuts2,2007,2026-09-15T16:28:02.595641+00:00,64.2,final,2007-01-01,2007-12-31,1,2026-09-15T16:28:02.595641+00:00
VALUE_ADDED_GROWTH_NUTS2,pl63:nuts2,2008,2026-09-15T16:28:02.595641+00:00,65.6,final,2008-01-01,2008-12-31,1,2026-09-15T16:28:02.595641+00:00
VALUE_ADDED_GROWTH_NUTS2,pl63:nuts2,2009,2026-09-15T16:28:02.595641+00:00,69.3,final,2009-01-01,2009-12-31,1,2026-09-15T16:28:02.595641+00:00
VALUE_ADDED_GROWTH_NUTS2,pl63:nuts2,2010,2026-09-15T16:28:02.595641+00:00,71.1,final,2010-01-01,2010-12-31,1,2026-09-15T16:28:02.595641+00:00
VALUE_ADDED_GROWTH_NUTS2,pl63:nuts2,2011,2026-09-15T16:28:02.595641+00:00,75.1,final,2011-01-01,2011-12-31,1,2026-09-15T16:28:02.595641+00:00
VALUE_ADDED_GROWTH_NUTS2,pl63:nuts2,2012,2026-09-15T16:28:02.595641+00:00,77.0,final,2012-01-01,2012-12-31,1,2026-09-15T16:28:02.595641+00:00
VALUE_ADDED_GROWTH_NUTS2,pl63:nuts2,2013,2026-09-15T16:28:02.595641+00:00,77.0,final,2013-01-01,2013-12-31,1,2026-09-15T16:28:02.595641+00:00
VALUE_ADDED_GROWTH_NUTS2,pl63:nuts2,2014,2026-09-15T16:28:02.595641+00:00,79.7,final,2014-01-01,2014-12-31,1,2026-09-15T16:28:02.595641+00:00
VALUE_ADDED_GROWTH_NUTS2,pl63:nuts2,2015,2026-09-15T16:28:02.595641+00:00,84.6,final,2015-01-01,2015-12-31,1,2026-09-15T16:28:02.595641+00:00
VALUE_ADDED_GROWTH_NUTS2,pl63:nuts2,2016,2026-09-15T16:28:02.595641+00:00,88.1,final,2016-01-01,2016-12-31,1,2026-09-15T16:28:02.595641+00:00
VALUE_ADDED_GROWTH_NUTS2,pl63:nuts2,2017,2026-09-15T16:28:02.595641+00:00,92.3,final,2017-01-01,2017-12-31,1,2026-09-15T16:28:02.595641+00:00
VALUE_ADDED_GROWTH_NUTS2,pl63:nuts2,2018,2026-09-15T16:28:02.595641+00:00,98.6,final,2018-01-01,2018-12-31,1,2026-09-15T16:28:02.595641+00:00
VALUE_ADDED_GROWTH_NUTS2,pl63:nuts2,2019,2026-09-15T16:28:02.595641+00:00,103.2,final,2019-01-01,2019-12-31,1,2026-09-15T16:28:02.595641+00:00
VALUE_ADDED_GROWTH_NUTS2,pl63:nuts2,2020,2026-09-15T16:28:02.595641+00:00,100.0,final,2020-01-01,2020-12-31,1,2026-09-15T16:28:02.595641+00:00
VALUE_ADDED_GROWTH_NUTS2,pl63:nuts2,2021,2026-09-15T16:28:02.595641+00:00,107.7,final,2021-01-01,2021-12-31,1,2026-09-15T16:28:02.595641+00:00
VALUE_ADDED_GROWTH_NUTS2,pl63:nuts2,2022,2026-09-15T16:28:02.595641+00:00,114.0,final,2022-01-01,2022-12-31,1,2026-09-15T16:28:02.595641+00:00
VALUE_ADDED_GROWTH_NUTS2,pl63:nuts2,2023,2026-09-15T16:28:02.595641+00:00,118.2,final,2023-01-01,2023-12-31,1,2026-09-15T16:28:02.595641+00:00
VALUE_ADDED_GROWTH_NUTS2,pl63:nuts2,2024,2026-09-15T16:28:02.595641+00:00,121.5,provisional,2024-01-01,2024-12-31,1,2026-09-15T16:28:02.595641+00:00
VALUE_ADDED_GROWTH_NUTS2,pl71:nuts2,2000,2026-09-15T16:28:02.595641+00:00,50.0,final,2000-01-01,2000-12-31,1,2026-09-15T16:28:02.595641+00:00
VALUE_ADDED_GROWTH_NUTS2,pl71:nuts2,2001,2026-09-15T16:28:02.595641+00:00,50.8,final,2001-01-01,2001-12-31,1,2026-09-15T16:28:02.595641+00:00
VALUE_ADDED_GROWTH_NUTS2,pl71:nuts2,2002,2026-09-15T16:28:02.595641+00:00,52.6,final,2002-01-01,2002-12-31,1,2026-09-15T16:28:02.595641+00:00
VALUE_ADDED_GROWTH_NUTS2,pl71:nuts2,2003,2026-09-15T16:28:02.595641+00:00,55.2,final,2003-01-01,2003-12-31,1,2026-09-15T16:28:02.595641+00:00
VALUE_ADDED_GROWTH_NUTS2,pl71:nuts2,2004,2026-09-15T16:28:02.595641+00:00,58.1,final,2004-01-01,2004-12-31,1,2026-09-15T16:28:02.595641+00:00
VALUE_ADDED_GROWTH_NUTS2,pl71:nuts2,2005,2026-09-15T16:28:02.595641+00:00,59.8,final,2005-01-01,2005-12-31,1,2026-09-15T16:28:02.595641+00:00
VALUE_ADDED_GROWTH_NUTS2,pl71:nuts2,2006,2026-09-15T16:28:02.595641+00:00,63.5,final,2006-01-01,2006-12-31,1,2026-09-15T16:28:02.595641+00:00
VALUE_ADDED_GROWTH_NUTS2,pl71:nuts2,2007,2026-09-15T16:28:02.595641+00:00,67.3,final,2007-01-01,2007-12-31,1,2026-09-15T16:28:02.595641+00:00
VALUE_ADDED_GROWTH_NUTS2,pl71:nuts2,2008,2026-09-15T16:28:02.595641+00:00,70.8,final,2008-01-01,2008-12-31,1,2026-09-15T16:28:02.595641+00:00
VALUE_ADDED_GROWTH_NUTS2,pl71:nuts2,2009,2026-09-15T16:28:02.595641+00:00,72.2,final,2009-01-01,2009-12-31,1,2026-09-15T16:28:02.595641+00:00
VALUE_ADDED_GROWTH_NUTS2,pl71:nuts2,2010,2026-09-15T16:28:02.595641+00:00,75.3,final,2010-01-01,2010-12-31,1,2026-09-15T16:28:02.595641+00:00
VALUE_ADDED_GROWTH_NUTS2,pl71:nuts2,2011,2026-09-15T16:28:02.595641+00:00,78.6,final,2011-01-01,2011-12-31,1,2026-09-15T16:28:02.595641+00:00
VALUE_ADDED_GROWTH_NUTS2,pl71:nuts2,2012,2026-09-15T16:28:02.595641+00:00,80.1,final,2012-01-01,2012-12-31,1,2026-09-15T16:28:02.595641+00:00
VALUE_ADDED_GROWTH_NUTS2,pl71:nuts2,2013,2026-09-15T16:28:02.595641+00:00,79.8,final,2013-01-01,2013-12-31,1,2026-09-15T16:28:02.595641+00:00
VALUE_ADDED_GROWTH_NUTS2,pl71:nuts2,2014,2026-09-15T16:28:02.595641+00:00,83.2,final,2014-01-01,2014-12-31,1,2026-09-15T16:28:02.595641+00:00
VALUE_ADDED_GROWTH_NUTS2,pl71:nuts2,2015,2026-09-15T16:28:02.595641+00:00,86.2,final,2015-01-01,2015-12-31,1,2026-09-15T16:28:02.595641+00:00
VALUE_ADDED_GROWTH_NUTS2,pl71:nuts2,2016,2026-09-15T16:28:02.595641+00:00,87.6,final,2016-01-01,2016-12-31,1,2026-09-15T16:28:02.595641+00:00
VALUE_ADDED_GROWTH_NUTS2,pl71:nuts2,2017,2026-09-15T16:28:02.595641+00:00,91.5,final,2017-01-01,2017-12-31,1,2026-09-15T16:28:02.595641+00:00
VALUE_ADDED_GROWTH_NUTS2,pl71:nuts2,2018,2026-09-15T16:28:02.595641+00:00,96.2,final,2018-01-01,2018-12-31,1,2026-09-15T16:28:02.595641+00:00
VALUE_ADDED_GROWTH_NUTS2,pl71:nuts2,2019,2026-09-15T16:28:02.595641+00:00,101.1,final,2019-01-01,2019-12-31,1,2026-09-15T16:28:02.595641+00:00
VALUE_ADDED_GROWTH_NUTS2,pl71:nuts2,2020,2026-09-15T16:28:02.595641+00:00,100.0,final,2020-01-01,2020-12-31,1,2026-09-15T16:28:02.595641+00:00
VALUE_ADDED_GROWTH_NUTS2,pl71:nuts2,2021,2026-09-15T16:28:02.595641+00:00,105.3,final,2021-01-01,2021-12-31,1,2026-09-15T16:28:02.595641+00:00
VALUE_ADDED_GROWTH_NUTS2,pl71:nuts2,2022,2026-09-15T16:28:02.595641+00:00,109.6,final,2022-01-01,2022-12-31,1,2026-09-15T16:28:02.595641+00:00
VALUE_ADDED_GROWTH_NUTS2,pl71:nuts2,2023,2026-09-15T16:28:02.595641+00:00,109.0,final,2023-01-01,2023-12-31,1,2026-09-15T16:28:02.595641+00:00
VALUE_ADDED_GROWTH_NUTS2,pl71:nuts2,2024,2026-09-15T16:28:02.595641+00:00,110.3,provisional,2024-01-01,2024-12-31,1,2026-09-15T16:28:02.595641+00:00
VALUE_ADDED_GROWTH_NUTS2,pl72:nuts2,2000,2026-09-15T16:28:02.595641+00:00,59.7,final,2000-01-01,2000-12-31,1,2026-09-15T16:28:02.595641+00:00
VALUE_ADDED_GROWTH_NUTS2,pl72:nuts2,2001,2026-09-15T16:28:02.595641+00:00,60.0,final,2001-01-01,2001-12-31,1,2026-09-15T16:28:02.595641+00:00
VALUE_ADDED_GROWTH_NUTS2,pl72:nuts2,2002,2026-09-15T16:28:02.595641+00:00,62.0,final,2002-01-01,2002-12-31,1,2026-09-15T16:28:02.595641+00:00
VALUE_ADDED_GROWTH_NUTS2,pl72:nuts2,2003,2026-09-15T16:28:02.595641+00:00,65.0,final,2003-01-01,2003-12-31,1,2026-09-15T16:28:02.595641+00:00
VALUE_ADDED_GROWTH_NUTS2,pl72:nuts2,2004,2026-09-15T16:28:02.595641+00:00,68.4,final,2004-01-01,2004-12-31,1,2026-09-15T16:28:02.595641+00:00
VALUE_ADDED_GROWTH_NUTS2,pl72:nuts2,2005,2026-09-15T16:28:02.595641+00:00,67.4,final,2005-01-01,2005-12-31,1,2026-09-15T16:28:02.595641+00:00
VALUE_ADDED_GROWTH_NUTS2,pl72:nuts2,2006,2026-09-15T16:28:02.595641+00:00,72.8,final,2006-01-01,2006-12-31,1,2026-09-15T16:28:02.595641+00:00
VALUE_ADDED_GROWTH_NUTS2,pl72:nuts2,2007,2026-09-15T16:28:02.595641+00:00,77.7,final,2007-01-01,2007-12-31,1,2026-09-15T16:28:02.595641+00:00
VALUE_ADDED_GROWTH_NUTS2,pl72:nuts2,2008,2026-09-15T16:28:02.595641+00:00,81.6,final,2008-01-01,2008-12-31,1,2026-09-15T16:28:02.595641+00:00
VALUE_ADDED_GROWTH_NUTS2,pl72:nuts2,2009,2026-09-15T16:28:02.595641+00:00,81.4,final,2009-01-01,2009-12-31,1,2026-09-15T16:28:02.595641+00:00
VALUE_ADDED_GROWTH_NUTS2,pl72:nuts2,2010,2026-09-15T16:28:02.595641+00:00,83.0,final,2010-01-01,2010-12-31,1,2026-09-15T16:28:02.595641+00:00
VALUE_ADDED_GROWTH_NUTS2,pl72:nuts2,2011,2026-09-15T16:28:02.595641+00:00,85.9,final,2011-01-01,2011-12-31,1,2026-09-15T16:28:02.595641+00:00
VALUE_ADDED_GROWTH_NUTS2,pl72:nuts2,2012,2026-09-15T16:28:02.595641+00:00,85.6,final,2012-01-01,2012-12-31,1,2026-09-15T16:28:02.595641+00:00
VALUE_ADDED_GROWTH_NUTS2,pl72:nuts2,2013,2026-09-15T16:28:02.595641+00:00,84.2,final,2013-01-01,2013-12-31,1,2026-09-15T16:28:02.595641+00:00
VALUE_ADDED_GROWTH_NUTS2,pl72:nuts2,2014,2026-09-15T16:28:02.595641+00:00,87.2,final,2014-01-01,2014-12-31,1,2026-09-15T16:28:02.595641+00:00
VALUE_ADDED_GROWTH_NUTS2,pl72:nuts2,2015,2026-09-15T16:28:02.595641+00:00,89.5,final,2015-01-01,2015-12-31,1,2026-09-15T16:28:02.595641+00:00
VALUE_ADDED_GROWTH_NUTS2,pl72:nuts2,2016,2026-09-15T16:28:02.595641+00:00,90.6,final,2016-01-01,2016-12-31,1,2026-09-15T16:28:02.595641+00:00
VALUE_ADDED_GROWTH_NUTS2,pl72:nuts2,2017,2026-09-15T16:28:02.595641+00:00,94.0,final,2017-01-01,2017-12-31,1,2026-09-15T16:28:02.595641+00:00
VALUE_ADDED_GROWTH_NUTS2,pl72:nuts2,2018,2026-09-15T16:28:02.595641+00:00,100.2,final,2018-01-01,2018-12-31,1,2026-09-15T16:28:02.595641+00:00
VALUE_ADDED_GROWTH_NUTS2,pl72:nuts2,2019,2026-09-15T16:28:02.595641+00:00,102.5,final,2019-01-01,2019-12-31,1,2026-09-15T16:28:02.595641+00:00
VALUE_ADDED_GROWTH_NUTS2,pl72:nuts2,2020,2026-09-15T16:28:02.595641+00:00,100.0,final,2020-01-01,2020-12-31,1,2026-09-15T16:28:02.595641+00:00
VALUE_ADDED_GROWTH_NUTS2,pl72:nuts2,2021,2026-09-15T16:28:02.595641+00:00,106.8,final,2021-01-01,2021-12-31,1,2026-09-15T16:28:02.595641+00:00
VALUE_ADDED_GROWTH_NUTS2,pl72:nuts2,2022,2026-09-15T16:28:02.595641+00:00,109.7,final,2022-01-01,2022-12-31,1,2026-09-15T16:28:02.595641+00:00
VALUE_ADDED_GROWTH_NUTS2,pl72:nuts2,2023,2026-09-15T16:28:02.595641+00:00,111.1,final,2023-01-01,2023-12-31,1,2026-09-15T16:28:02.595641+00:00
VALUE_ADDED_GROWTH_NUTS2,pl72:nuts2,2024,2026-09-15T16:28:02.595641+00:00,114.4,provisional,2024-01-01,2024-12-31,1,2026-09-15T16:28:02.595641+00:00
VALUE_ADDED_GROWTH_NUTS2,pl81:nuts2,2000,2026-09-15T16:28:02.595641+00:00,57.6,final,2000-01-01,2000-12-31,1,2026-09-15T16:28:02.595641+00:00
VALUE_ADDED_GROWTH_NUTS2,pl81:nuts2,2001,2026-09-15T16:28:02.595641+00:00,59.1,final,2001-01-01,2001-12-31,1,2026-09-15T16:28:02.595641+00:00
VALUE_ADDED_GROWTH_NUTS2,pl81:nuts2,2002,2026-09-15T16:28:02.595641+00:00,59.7,final,2002-01-01,2002-12-31,1,2026-09-15T16:28:02.595641+00:00
VALUE_ADDED_GROWTH_NUTS2,pl81:nuts2,2003,2026-09-15T16:28:02.595641+00:00,61.9,final,2003-01-01,2003-12-31,1,2026-09-15T16:28:02.595641+00:00
VALUE_ADDED_GROWTH_NUTS2,pl81:nuts2,2004,2026-09-15T16:28:02.595641+00:00,63.7,final,2004-01-01,2004-12-31,1,2026-09-15T16:28:02.595641+00:00
VALUE_ADDED_GROWTH_NUTS2,pl81:nuts2,2005,2026-09-15T16:28:02.595641+00:00,64.7,final,2005-01-01,2005-12-31,1,2026-09-15T16:28:02.595641+00:00
VALUE_ADDED_GROWTH_NUTS2,pl81:nuts2,2006,2026-09-15T16:28:02.595641+00:00,67.7,final,2006-01-01,2006-12-31,1,2026-09-15T16:28:02.595641+00:00
VALUE_ADDED_GROWTH_NUTS2,pl81:nuts2,2007,2026-09-15T16:28:02.595641+00:00,71.7,final,2007-01-01,2007-12-31,1,2026-09-15T16:28:02.595641+00:00
VALUE_ADDED_GROWTH_NUTS2,pl81:nuts2,2008,2026-09-15T16:28:02.595641+00:00,75.2,final,2008-01-01,2008-12-31,1,2026-09-15T16:28:02.595641+00:00
VALUE_ADDED_GROWTH_NUTS2,pl81:nuts2,2009,2026-09-15T16:28:02.595641+00:00,76.1,final,2009-01-01,2009-12-31,1,2026-09-15T16:28:02.595641+00:00
VALUE_ADDED_GROWTH_NUTS2,pl81:nuts2,2010,2026-09-15T16:28:02.595641+00:00,78.5,final,2010-01-01,2010-12-31,1,2026-09-15T16:28:02.595641+00:00
VALUE_ADDED_GROWTH_NUTS2,pl81:nuts2,2011,2026-09-15T16:28:02.595641+00:00,83.0,final,2011-01-01,2011-12-31,1,2026-09-15T16:28:02.595641+00:00
VALUE_ADDED_GROWTH_NUTS2,pl81:nuts2,2012,2026-09-15T16:28:02.595641+00:00,84.2,final,2012-01-01,2012-12-31,1,2026-09-15T16:28:02.595641+00:00
VALUE_ADDED_GROWTH_NUTS2,pl81:nuts2,2013,2026-09-15T16:28:02.595641+00:00,85.0,final,2013-01-01,2013-12-31,1,2026-09-15T16:28:02.595641+00:00
VALUE_ADDED_GROWTH_NUTS2,pl81:nuts2,2014,2026-09-15T16:28:02.595641+00:00,87.4,final,2014-01-01,2014-12-31,1,2026-09-15T16:28:02.595641+00:00
VALUE_ADDED_GROWTH_NUTS2,pl81:nuts2,2015,2026-09-15T16:28:02.595641+00:00,89.0,final,2015-01-01,2015-12-31,1,2026-09-15T16:28:02.595641+00:00
VALUE_ADDED_GROWTH_NUTS2,pl81:nuts2,2016,2026-09-15T16:28:02.595641+00:00,91.4,final,2016-01-01,2016-12-31,1,2026-09-15T16:28:02.595641+00:00
VALUE_ADDED_GROWTH_NUTS2,pl81:nuts2,2017,2026-09-15T16:28:02.595641+00:00,95.2,final,2017-01-01,2017-12-31,1,2026-09-15T16:28:02.595641+00:00
VALUE_ADDED_GROWTH_NUTS2,pl81:nuts2,2018,2026-09-15T16:28:02.595641+00:00,98.7,final,2018-01-01,2018-12-31,1,2026-09-15T16:28:02.595641+00:00
VALUE_ADDED_GROWTH_NUTS2,pl81:nuts2,2019,2026-09-15T16:28:02.595641+00:00,102.7,final,2019-01-01,2019-12-31,1,2026-09-15T16:28:02.595641+00:00
VALUE_ADDED_GROWTH_NUTS2,pl81:nuts2,2020,2026-09-15T16:28:02.595641+00:00,100.0,final,2020-01-01,2020-12-31,1,2026-09-15T16:28:02.595641+00:00
VALUE_ADDED_GROWTH_NUTS2,pl81:nuts2,2021,2026-09-15T16:28:02.595641+00:00,106.3,final,2021-01-01,2021-12-31,1,2026-09-15T16:28:02.595641+00:00
VALUE_ADDED_GROWTH_NUTS2,pl81:nuts2,2022,2026-09-15T16:28:02.595641+00:00,112.7,final,2022-01-01,2022-12-31,1,2026-09-15T16:28:02.595641+00:00
VALUE_ADDED_GROWTH_NUTS2,pl81:nuts2,2023,2026-09-15T16:28:02.595641+00:00,114.0,final,2023-01-01,2023-12-31,1,2026-09-15T16:28:02.595641+00:00
VALUE_ADDED_GROWTH_NUTS2,pl81:nuts2,2024,2026-09-15T16:28:02.595641+00:00,116.7,provisional,2024-01-01,2024-12-31,1,2026-09-15T16:28:02.595641+00:00
VALUE_ADDED_GROWTH_NUTS2,pl82:nuts2,2000,2026-09-15T16:28:02.595641+00:00,49.8,final,2000-01-01,2000-12-31,1,2026-09-15T16:28:02.595641+00:00
VALUE_ADDED_GROWTH_NUTS2,pl82:nuts2,2001,2026-09-15T16:28:02.595641+00:00,51.5,final,2001-01-01,2001-12-31,1,2026-09-15T16:28:02.595641+00:00
VALUE_ADDED_GROWTH_NUTS2,pl82:nuts2,2002,2026-09-15T16:28:02.595641+00:00,52.8,final,2002-01-01,2002-12-31,1,2026-09-15T16:28:02.595641+00:00
VALUE_ADDED_GROWTH_NUTS2,pl82:nuts2,2003,2026-09-15T16:28:02.595641+00:00,54.8,final,2003-01-01,2003-12-31,1,2026-09-15T16:28:02.595641+00:00
VALUE_ADDED_GROWTH_NUTS2,pl82:nuts2,2004,2026-09-15T16:28:02.595641+00:00,57.9,final,2004-01-01,2004-12-31,1,2026-09-15T16:28:02.595641+00:00
VALUE_ADDED_GROWTH_NUTS2,pl82:nuts2,2005,2026-09-15T16:28:02.595641+00:00,61.1,final,2005-01-01,2005-12-31,1,2026-09-15T16:28:02.595641+00:00
VALUE_ADDED_GROWTH_NUTS2,pl82:nuts2,2006,2026-09-15T16:28:02.595641+00:00,64.4,final,2006-01-01,2006-12-31,1,2026-09-15T16:28:02.595641+00:00
VALUE_ADDED_GROWTH_NUTS2,pl82:nuts2,2007,2026-09-15T16:28:02.595641+00:00,67.4,final,2007-01-01,2007-12-31,1,2026-09-15T16:28:02.595641+00:00
VALUE_ADDED_GROWTH_NUTS2,pl82:nuts2,2008,2026-09-15T16:28:02.595641+00:00,71.2,final,2008-01-01,2008-12-31,1,2026-09-15T16:28:02.595641+00:00
VALUE_ADDED_GROWTH_NUTS2,pl82:nuts2,2009,2026-09-15T16:28:02.595641+00:00,72.7,final,2009-01-01,2009-12-31,1,2026-09-15T16:28:02.595641+00:00
VALUE_ADDED_GROWTH_NUTS2,pl82:nuts2,2010,2026-09-15T16:28:02.595641+00:00,75.1,final,2010-01-01,2010-12-31,1,2026-09-15T16:28:02.595641+00:00
VALUE_ADDED_GROWTH_NUTS2,pl82:nuts2,2011,2026-09-15T16:28:02.595641+00:00,79.6,final,2011-01-01,2011-12-31,1,2026-09-15T16:28:02.595641+00:00
VALUE_ADDED_GROWTH_NUTS2,pl82:nuts2,2012,2026-09-15T16:28:02.595641+00:00,80.1,final,2012-01-01,2012-12-31,1,2026-09-15T16:28:02.595641+00:00
VALUE_ADDED_GROWTH_NUTS2,pl82:nuts2,2013,2026-09-15T16:28:02.595641+00:00,81.5,final,2013-01-01,2013-12-31,1,2026-09-15T16:28:02.595641+00:00
VALUE_ADDED_GROWTH_NUTS2,pl82:nuts2,2014,2026-09-15T16:28:02.595641+00:00,84.0,final,2014-01-01,2014-12-31,1,2026-09-15T16:28:02.595641+00:00
VALUE_ADDED_GROWTH_NUTS2,pl82:nuts2,2015,2026-09-15T16:28:02.595641+00:00,87.4,final,2015-01-01,2015-12-31,1,2026-09-15T16:28:02.595641+00:00
VALUE_ADDED_GROWTH_NUTS2,pl82:nuts2,2016,2026-09-15T16:28:02.595641+00:00,89.9,final,2016-01-01,2016-12-31,1,2026-09-15T16:28:02.595641+00:00
VALUE_ADDED_GROWTH_NUTS2,pl82:nuts2,2017,2026-09-15T16:28:02.595641+00:00,94.1,final,2017-01-01,2017-12-31,1,2026-09-15T16:28:02.595641+00:00
VALUE_ADDED_GROWTH_NUTS2,pl82:nuts2,2018,2026-09-15T16:28:02.595641+00:00,100.9,final,2018-01-01,2018-12-31,1,2026-09-15T16:28:02.595641+00:00
VALUE_ADDED_GROWTH_NUTS2,pl82:nuts2,2019,2026-09-15T16:28:02.595641+00:00,104.9,final,2019-01-01,2019-12-31,1,2026-09-15T16:28:02.595641+00:00
VALUE_ADDED_GROWTH_NUTS2,pl82:nuts2,2020,2026-09-15T16:28:02.595641+00:00,100.0,final,2020-01-01,2020-12-31,1,2026-09-15T16:28:02.595641+00:00
VALUE_ADDED_GROWTH_NUTS2,pl82:nuts2,2021,2026-09-15T16:28:02.595641+00:00,108.2,final,2021-01-01,2021-12-31,1,2026-09-15T16:28:02.595641+00:00
VALUE_ADDED_GROWTH_NUTS2,pl82:nuts2,2022,2026-09-15T16:28:02.595641+00:00,113.4,final,2022-01-01,2022-12-31,1,2026-09-15T16:28:02.595641+00:00
VALUE_ADDED_GROWTH_NUTS2,pl82:nuts2,2023,2026-09-15T16:28:02.595641+00:00,115.1,final,2023-01-01,2023-12-31,1,2026-09-15T16:28:02.595641+00:00
VALUE_ADDED_GROWTH_NUTS2,pl82:nuts2,2024,2026-09-15T16:28:02.595641+00:00,118.1,provisional,2024-01-01,2024-12-31,1,2026-09-15T16:28:02.595641+00:00
VALUE_ADDED_GROWTH_NUTS2,pl84:nuts2,2000,2026-09-15T16:28:02.595641+00:00,56.4,final,2000-01-01,2000-12-31,1,2026-09-15T16:28:02.595641+00:00
VALUE_ADDED_GROWTH_NUTS2,pl84:nuts2,2001,2026-09-15T16:28:02.595641+00:00,59.1,final,2001-01-01,2001-12-31,1,2026-09-15T16:28:02.595641+00:00
VALUE_ADDED_GROWTH_NUTS2,pl84:nuts2,2002,2026-09-15T16:28:02.595641+00:00,60.4,final,2002-01-01,2002-12-31,1,2026-09-15T16:28:02.595641+00:00
VALUE_ADDED_GROWTH_NUTS2,pl84:nuts2,2003,2026-09-15T16:28:02.595641+00:00,62.0,final,2003-01-01,2003-12-31,1,2026-09-15T16:28:02.595641+00:00
VALUE_ADDED_GROWTH_NUTS2,pl84:nuts2,2004,2026-09-15T16:28:02.595641+00:00,62.9,final,2004-01-01,2004-12-31,1,2026-09-15T16:28:02.595641+00:00
VALUE_ADDED_GROWTH_NUTS2,pl84:nuts2,2005,2026-09-15T16:28:02.595641+00:00,64.3,final,2005-01-01,2005-12-31,1,2026-09-15T16:28:02.595641+00:00
VALUE_ADDED_GROWTH_NUTS2,pl84:nuts2,2006,2026-09-15T16:28:02.595641+00:00,66.3,final,2006-01-01,2006-12-31,1,2026-09-15T16:28:02.595641+00:00
VALUE_ADDED_GROWTH_NUTS2,pl84:nuts2,2007,2026-09-15T16:28:02.595641+00:00,70.2,final,2007-01-01,2007-12-31,1,2026-09-15T16:28:02.595641+00:00
VALUE_ADDED_GROWTH_NUTS2,pl84:nuts2,2008,2026-09-15T16:28:02.595641+00:00,71.2,final,2008-01-01,2008-12-31,1,2026-09-15T16:28:02.595641+00:00
VALUE_ADDED_GROWTH_NUTS2,pl84:nuts2,2009,2026-09-15T16:28:02.595641+00:00,74.2,final,2009-01-01,2009-12-31,1,2026-09-15T16:28:02.595641+00:00
VALUE_ADDED_GROWTH_NUTS2,pl84:nuts2,2010,2026-09-15T16:28:02.595641+00:00,75.9,final,2010-01-01,2010-12-31,1,2026-09-15T16:28:02.595641+00:00
VALUE_ADDED_GROWTH_NUTS2,pl84:nuts2,2011,2026-09-15T16:28:02.595641+00:00,79.3,final,2011-01-01,2011-12-31,1,2026-09-15T16:28:02.595641+00:00
VALUE_ADDED_GROWTH_NUTS2,pl84:nuts2,2012,2026-09-15T16:28:02.595641+00:00,79.3,final,2012-01-01,2012-12-31,1,2026-09-15T16:28:02.595641+00:00
VALUE_ADDED_GROWTH_NUTS2,pl84:nuts2,2013,2026-09-15T16:28:02.595641+00:00,80.8,final,2013-01-01,2013-12-31,1,2026-09-15T16:28:02.595641+00:00
VALUE_ADDED_GROWTH_NUTS2,pl84:nuts2,2014,2026-09-15T16:28:02.595641+00:00,83.5,final,2014-01-01,2014-12-31,1,2026-09-15T16:28:02.595641+00:00
VALUE_ADDED_GROWTH_NUTS2,pl84:nuts2,2015,2026-09-15T16:28:02.595641+00:00,85.1,final,2015-01-01,2015-12-31,1,2026-09-15T16:28:02.595641+00:00
VALUE_ADDED_GROWTH_NUTS2,pl84:nuts2,2016,2026-09-15T16:28:02.595641+00:00,86.4,final,2016-01-01,2016-12-31,1,2026-09-15T16:28:02.595641+00:00
VALUE_ADDED_GROWTH_NUTS2,pl84:nuts2,2017,2026-09-15T16:28:02.595641+00:00,91.1,final,2017-01-01,2017-12-31,1,2026-09-15T16:28:02.595641+00:00
VALUE_ADDED_GROWTH_NUTS2,pl84:nuts2,2018,2026-09-15T16:28:02.595641+00:00,96.2,final,2018-01-01,2018-12-31,1,2026-09-15T16:28:02.595641+00:00
VALUE_ADDED_GROWTH_NUTS2,pl84:nuts2,2019,2026-09-15T16:28:02.595641+00:00,100.8,final,2019-01-01,2019-12-31,1,2026-09-15T16:28:02.595641+00:00
VALUE_ADDED_GROWTH_NUTS2,pl84:nuts2,2020,2026-09-15T16:28:02.595641+00:00,100.0,final,2020-01-01,2020-12-31,1,2026-09-15T16:28:02.595641+00:00
VALUE_ADDED_GROWTH_NUTS2,pl84:nuts2,2021,2026-09-15T16:28:02.595641+00:00,104.6,final,2021-01-01,2021-12-31,1,2026-09-15T16:28:02.595641+00:00
VALUE_ADDED_GROWTH_NUTS2,pl84:nuts2,2022,2026-09-15T16:28:02.595641+00:00,110.5,final,2022-01-01,2022-12-31,1,2026-09-15T16:28:02.595641+00:00
VALUE_ADDED_GROWTH_NUTS2,pl84:nuts2,2023,2026-09-15T16:28:02.595641+00:00,114.9,final,2023-01-01,2023-12-31,1,2026-09-15T16:28:02.595641+00:00
VALUE_ADDED_GROWTH_NUTS2,pl84:nuts2,2024,2026-09-15T16:28:02.595641+00:00,115.4,provisional,2024-01-01,2024-12-31,1,2026-09-15T16:28:02.595641+00:00
VALUE_ADDED_GROWTH_NUTS2,pl91:nuts2,2000,2026-09-15T16:28:02.595641+00:00,42.8,final,2000-01-01,2000-12-31,1,2026-09-15T16:28:02.595641+00:00
VALUE_ADDED_GROWTH_NUTS2,pl91:nuts2,2001,2026-09-15T16:28:02.595641+00:00,43.6,final,2001-01-01,2001-12-31,1,2026-09-15T16:28:02.595641+00:00
VALUE_ADDED_GROWTH_NUTS2,pl91:nuts2,2002,2026-09-15T16:28:02.595641+00:00,43.5,final,2002-01-01,2002-12-31,1,2026-09-15T16:28:02.595641+00:00
VALUE_ADDED_GROWTH_NUTS2,pl91:nuts2,2003,2026-09-15T16:28:02.595641+00:00,44.9,final,2003-01-01,2003-12-31,1,2026-09-15T16:28:02.595641+00:00
VALUE_ADDED_GROWTH_NUTS2,pl91:nuts2,2004,2026-09-15T16:28:02.595641+00:00,46.9,final,2004-01-01,2004-12-31,1,2026-09-15T16:28:02.595641+00:00
VALUE_ADDED_GROWTH_NUTS2,pl91:nuts2,2005,2026-09-15T16:28:02.595641+00:00,49.9,final,2005-01-01,2005-12-31,1,2026-09-15T16:28:02.595641+00:00
VALUE_ADDED_GROWTH_NUTS2,pl91:nuts2,2006,2026-09-15T16:28:02.595641+00:00,53.9,final,2006-01-01,2006-12-31,1,2026-09-15T16:28:02.595641+00:00
VALUE_ADDED_GROWTH_NUTS2,pl91:nuts2,2007,2026-09-15T16:28:02.595641+00:00,58.8,final,2007-01-01,2007-12-31,1,2026-09-15T16:28:02.595641+00:00
VALUE_ADDED_GROWTH_NUTS2,pl91:nuts2,2008,2026-09-15T16:28:02.595641+00:00,61.2,final,2008-01-01,2008-12-31,1,2026-09-15T16:28:02.595641+00:00
VALUE_ADDED_GROWTH_NUTS2,pl91:nuts2,2009,2026-09-15T16:28:02.595641+00:00,63.9,final,2009-01-01,2009-12-31,1,2026-09-15T16:28:02.595641+00:00
VALUE_ADDED_GROWTH_NUTS2,pl91:nuts2,2010,2026-09-15T16:28:02.595641+00:00,66.2,final,2010-01-01,2010-12-31,1,2026-09-15T16:28:02.595641+00:00
VALUE_ADDED_GROWTH_NUTS2,pl91:nuts2,2011,2026-09-15T16:28:02.595641+00:00,69.2,final,2011-01-01,2011-12-31,1,2026-09-15T16:28:02.595641+00:00
VALUE_ADDED_GROWTH_NUTS2,pl91:nuts2,2012,2026-09-15T16:28:02.595641+00:00,70.7,final,2012-01-01,2012-12-31,1,2026-09-15T16:28:02.595641+00:00
VALUE_ADDED_GROWTH_NUTS2,pl91:nuts2,2013,2026-09-15T16:28:02.595641+00:00,72.9,final,2013-01-01,2013-12-31,1,2026-09-15T16:28:02.595641+00:00
VALUE_ADDED_GROWTH_NUTS2,pl91:nuts2,2014,2026-09-15T16:28:02.595641+00:00,75.2,final,2014-01-01,2014-12-31,1,2026-09-15T16:28:02.595641+00:00
VALUE_ADDED_GROWTH_NUTS2,pl91:nuts2,2015,2026-09-15T16:28:02.595641+00:00,79.5,final,2015-01-01,2015-12-31,1,2026-09-15T16:28:02.595641+00:00
VALUE_ADDED_GROWTH_NUTS2,pl91:nuts2,2016,2026-09-15T16:28:02.595641+00:00,82.5,final,2016-01-01,2016-12-31,1,2026-09-15T16:28:02.595641+00:00
VALUE_ADDED_GROWTH_NUTS2,pl91:nuts2,2017,2026-09-15T16:28:02.595641+00:00,88.0,final,2017-01-01,2017-12-31,1,2026-09-15T16:28:02.595641+00:00
VALUE_ADDED_GROWTH_NUTS2,pl91:nuts2,2018,2026-09-15T16:28:02.595641+00:00,96.0,final,2018-01-01,2018-12-31,1,2026-09-15T16:28:02.595641+00:00
VALUE_ADDED_GROWTH_NUTS2,pl91:nuts2,2019,2026-09-15T16:28:02.595641+00:00,102.2,final,2019-01-01,2019-12-31,1,2026-09-15T16:28:02.595641+00:00
VALUE_ADDED_GROWTH_NUTS2,pl91:nuts2,2020,2026-09-15T16:28:02.595641+00:00,100.0,final,2020-01-01,2020-12-31,1,2026-09-15T16:28:02.595641+00:00
VALUE_ADDED_GROWTH_NUTS2,pl91:nuts2,2021,2026-09-15T16:28:02.595641+00:00,104.7,final,2021-01-01,2021-12-31,1,2026-09-15T16:28:02.595641+00:00
VALUE_ADDED_GROWTH_NUTS2,pl91:nuts2,2022,2026-09-15T16:28:02.595641+00:00,113.0,final,2022-01-01,2022-12-31,1,2026-09-15T16:28:02.595641+00:00
VALUE_ADDED_GROWTH_NUTS2,pl91:nuts2,2023,2026-09-15T16:28:02.595641+00:00,116.1,final,2023-01-01,2023-12-31,1,2026-09-15T16:28:02.595641+00:00
VALUE_ADDED_GROWTH_NUTS2,pl91:nuts2,2024,2026-09-15T16:28:02.595641+00:00,118.4,provisional,2024-01-01,2024-12-31,1,2026-09-15T16:28:02.595641+00:00
VALUE_ADDED_GROWTH_NUTS2,pl92:nuts2,2000,2026-09-15T16:28:02.595641+00:00,47.1,final,2000-01-01,2000-12-31,1,2026-09-15T16:28:02.595641+00:00
VALUE_ADDED_GROWTH_NUTS2,pl92:nuts2,2001,2026-09-15T16:28:02.595641+00:00,48.7,final,2001-01-01,2001-12-31,1,2026-09-15T16:28:02.595641+00:00
VALUE_ADDED_GROWTH_NUTS2,pl92:nuts2,2002,2026-09-15T16:28:02.595641+00:00,49.1,final,2002-01-01,2002-12-31,1,2026-09-15T16:28:02.595641+00:00
VALUE_ADDED_GROWTH_NUTS2,pl92:nuts2,2003,2026-09-15T16:28:02.595641+00:00,51.0,final,2003-01-01,2003-12-31,1,2026-09-15T16:28:02.595641+00:00
VALUE_ADDED_GROWTH_NUTS2,pl92:nuts2,2004,2026-09-15T16:28:02.595641+00:00,54.8,final,2004-01-01,2004-12-31,1,2026-09-15T16:28:02.595641+00:00
VALUE_ADDED_GROWTH_NUTS2,pl92:nuts2,2005,2026-09-15T16:28:02.595641+00:00,56.0,final,2005-01-01,2005-12-31,1,2026-09-15T16:28:02.595641+00:00
VALUE_ADDED_GROWTH_NUTS2,pl92:nuts2,2006,2026-09-15T16:28:02.595641+00:00,60.0,final,2006-01-01,2006-12-31,1,2026-09-15T16:28:02.595641+00:00
VALUE_ADDED_GROWTH_NUTS2,pl92:nuts2,2007,2026-09-15T16:28:02.595641+00:00,63.8,final,2007-01-01,2007-12-31,1,2026-09-15T16:28:02.595641+00:00
VALUE_ADDED_GROWTH_NUTS2,pl92:nuts2,2008,2026-09-15T16:28:02.595641+00:00,66.5,final,2008-01-01,2008-12-31,1,2026-09-15T16:28:02.595641+00:00
VALUE_ADDED_GROWTH_NUTS2,pl92:nuts2,2009,2026-09-15T16:28:02.595641+00:00,70.4,final,2009-01-01,2009-12-31,1,2026-09-15T16:28:02.595641+00:00
VALUE_ADDED_GROWTH_NUTS2,pl92:nuts2,2010,2026-09-15T16:28:02.595641+00:00,73.5,final,2010-01-01,2010-12-31,1,2026-09-15T16:28:02.595641+00:00
VALUE_ADDED_GROWTH_NUTS2,pl92:nuts2,2011,2026-09-15T16:28:02.595641+00:00,78.9,final,2011-01-01,2011-12-31,1,2026-09-15T16:28:02.595641+00:00
VALUE_ADDED_GROWTH_NUTS2,pl92:nuts2,2012,2026-09-15T16:28:02.595641+00:00,79.4,final,2012-01-01,2012-12-31,1,2026-09-15T16:28:02.595641+00:00
VALUE_ADDED_GROWTH_NUTS2,pl92:nuts2,2013,2026-09-15T16:28:02.595641+00:00,78.7,final,2013-01-01,2013-12-31,1,2026-09-15T16:28:02.595641+00:00
VALUE_ADDED_GROWTH_NUTS2,pl92:nuts2,2014,2026-09-15T16:28:02.595641+00:00,82.3,final,2014-01-01,2014-12-31,1,2026-09-15T16:28:02.595641+00:00
VALUE_ADDED_GROWTH_NUTS2,pl92:nuts2,2015,2026-09-15T16:28:02.595641+00:00,86.2,final,2015-01-01,2015-12-31,1,2026-09-15T16:28:02.595641+00:00
VALUE_ADDED_GROWTH_NUTS2,pl92:nuts2,2016,2026-09-15T16:28:02.595641+00:00,89.3,final,2016-01-01,2016-12-31,1,2026-09-15T16:28:02.595641+00:00
VALUE_ADDED_GROWTH_NUTS2,pl92:nuts2,2017,2026-09-15T16:28:02.595641+00:00,92.4,final,2017-01-01,2017-12-31,1,2026-09-15T16:28:02.595641+00:00
VALUE_ADDED_GROWTH_NUTS2,pl92:nuts2,2018,2026-09-15T16:28:02.595641+00:00,95.6,final,2018-01-01,2018-12-31,1,2026-09-15T16:28:02.595641+00:00
VALUE_ADDED_GROWTH_NUTS2,pl92:nuts2,2019,2026-09-15T16:28:02.595641+00:00,101.5,final,2019-01-01,2019-12-31,1,2026-09-15T16:28:02.595641+00:00
VALUE_ADDED_GROWTH_NUTS2,pl92:nuts2,2020,2026-09-15T16:28:02.595641+00:00,100.0,final,2020-01-01,2020-12-31,1,2026-09-15T16:28:02.595641+00:00
VALUE_ADDED_GROWTH_NUTS2,pl92:nuts2,2021,2026-09-15T16:28:02.595641+00:00,104.2,final,2021-01-01,2021-12-31,1,2026-09-15T16:28:02.595641+00:00
VALUE_ADDED_GROWTH_NUTS2,pl92:nuts2,2022,2026-09-15T16:28:02.595641+00:00,110.8,final,2022-01-01,2022-12-31,1,2026-09-15T16:28:02.595641+00:00
VALUE_ADDED_GROWTH_NUTS2,pl92:nuts2,2023,2026-09-15T16:28:02.595641+00:00,115.1,final,2023-01-01,2023-12-31,1,2026-09-15T16:28:02.595641+00:00
VALUE_ADDED_GROWTH_NUTS2,pl92:nuts2,2024,2026-09-15T16:28:02.595641+00:00,116.6,provisional,2024-01-01,2024-12-31,1,2026-09-15T16:28:02.595641+00:00
VALUE_ADDED_GROWTH_NUTS2,pt11:nuts2,2000,2026-09-15T16:28:02.595641+00:00,86.9,final,2000-01-01,2000-12-31,1,2026-09-15T16:28:02.595641+00:00
VALUE_ADDED_GROWTH_NUTS2,pt11:nuts2,2001,2026-09-15T16:28:02.595641+00:00,89.8,final,2001-01-01,2001-12-31,1,2026-09-15T16:28:02.595641+00:00
VALUE_ADDED_GROWTH_NUTS2,pt11:nuts2,2002,2026-09-15T16:28:02.595641+00:00,89.0,final,2002-01-01,2002-12-31,1,2026-09-15T16:28:02.595641+00:00
VALUE_ADDED_GROWTH_NUTS2,pt11:nuts2,2003,2026-09-15T16:28:02.595641+00:00,87.0,final,2003-01-01,2003-12-31,1,2026-09-15T16:28:02.595641+00:00
VALUE_ADDED_GROWTH_NUTS2,pt11:nuts2,2004,2026-09-15T16:28:02.595641+00:00,87.5,final,2004-01-01,2004-12-31,1,2026-09-15T16:28:02.595641+00:00
VALUE_ADDED_GROWTH_NUTS2,pt11:nuts2,2005,2026-09-15T16:28:02.595641+00:00,88.5,final,2005-01-01,2005-12-31,1,2026-09-15T16:28:02.595641+00:00
VALUE_ADDED_GROWTH_NUTS2,pt11:nuts2,2006,2026-09-15T16:28:02.595641+00:00,90.0,final,2006-01-01,2006-12-31,1,2026-09-15T16:28:02.595641+00:00
VALUE_ADDED_GROWTH_NUTS2,pt11:nuts2,2007,2026-09-15T16:28:02.595641+00:00,93.4,final,2007-01-01,2007-12-31,1,2026-09-15T16:28:02.595641+00:00
VALUE_ADDED_GROWTH_NUTS2,pt11:nuts2,2008,2026-09-15T16:28:02.595641+00:00,94.3,final,2008-01-01,2008-12-31,1,2026-09-15T16:28:02.595641+00:00
VALUE_ADDED_GROWTH_NUTS2,pt11:nuts2,2009,2026-09-15T16:28:02.595641+00:00,91.2,final,2009-01-01,2009-12-31,1,2026-09-15T16:28:02.595641+00:00
VALUE_ADDED_GROWTH_NUTS2,pt11:nuts2,2010,2026-09-15T16:28:02.595641+00:00,93.1,final,2010-01-01,2010-12-31,1,2026-09-15T16:28:02.595641+00:00
VALUE_ADDED_GROWTH_NUTS2,pt11:nuts2,2011,2026-09-15T16:28:02.595641+00:00,92.5,final,2011-01-01,2011-12-31,1,2026-09-15T16:28:02.595641+00:00
VALUE_ADDED_GROWTH_NUTS2,pt11:nuts2,2012,2026-09-15T16:28:02.595641+00:00,90.5,final,2012-01-01,2012-12-31,1,2026-09-15T16:28:02.595641+00:00
VALUE_ADDED_GROWTH_NUTS2,pt11:nuts2,2013,2026-09-15T16:28:02.595641+00:00,90.9,final,2013-01-01,2013-12-31,1,2026-09-15T16:28:02.595641+00:00
VALUE_ADDED_GROWTH_NUTS2,pt11:nuts2,2014,2026-09-15T16:28:02.595641+00:00,92.3,final,2014-01-01,2014-12-31,1,2026-09-15T16:28:02.595641+00:00
VALUE_ADDED_GROWTH_NUTS2,pt11:nuts2,2015,2026-09-15T16:28:02.595641+00:00,94.0,final,2015-01-01,2015-12-31,1,2026-09-15T16:28:02.595641+00:00
VALUE_ADDED_GROWTH_NUTS2,pt11:nuts2,2016,2026-09-15T16:28:02.595641+00:00,96.5,final,2016-01-01,2016-12-31,1,2026-09-15T16:28:02.595641+00:00
VALUE_ADDED_GROWTH_NUTS2,pt11:nuts2,2017,2026-09-15T16:28:02.595641+00:00,99.6,final,2017-01-01,2017-12-31,1,2026-09-15T16:28:02.595641+00:00
VALUE_ADDED_GROWTH_NUTS2,pt11:nuts2,2018,2026-09-15T16:28:02.595641+00:00,103.2,final,2018-01-01,2018-12-31,1,2026-09-15T16:28:02.595641+00:00
VALUE_ADDED_GROWTH_NUTS2,pt11:nuts2,2019,2026-09-15T16:28:02.595641+00:00,106.1,final,2019-01-01,2019-12-31,1,2026-09-15T16:28:02.595641+00:00
VALUE_ADDED_GROWTH_NUTS2,pt11:nuts2,2020,2026-09-15T16:28:02.595641+00:00,100.0,final,2020-01-01,2020-12-31,1,2026-09-15T16:28:02.595641+00:00
VALUE_ADDED_GROWTH_NUTS2,pt11:nuts2,2021,2026-09-15T16:28:02.595641+00:00,105.3,final,2021-01-01,2021-12-31,1,2026-09-15T16:28:02.595641+00:00
VALUE_ADDED_GROWTH_NUTS2,pt11:nuts2,2022,2026-09-15T16:28:02.595641+00:00,110.6,final,2022-01-01,2022-12-31,1,2026-09-15T16:28:02.595641+00:00
VALUE_ADDED_GROWTH_NUTS2,pt11:nuts2,2023,2026-09-15T16:28:02.595641+00:00,114.4,final,2023-01-01,2023-12-31,1,2026-09-15T16:28:02.595641+00:00
VALUE_ADDED_GROWTH_NUTS2,pt11:nuts2,2024,2026-09-15T16:28:02.595641+00:00,116.8,provisional,2024-01-01,2024-12-31,1,2026-09-15T16:28:02.595641+00:00
VALUE_ADDED_GROWTH_NUTS2,pt15:nuts2,2000,2026-09-15T16:28:02.595641+00:00,98.6,final,2000-01-01,2000-12-31,1,2026-09-15T16:28:02.595641+00:00
VALUE_ADDED_GROWTH_NUTS2,pt15:nuts2,2001,2026-09-15T16:28:02.595641+00:00,103.5,final,2001-01-01,2001-12-31,1,2026-09-15T16:28:02.595641+00:00
VALUE_ADDED_GROWTH_NUTS2,pt15:nuts2,2002,2026-09-15T16:28:02.595641+00:00,104.8,final,2002-01-01,2002-12-31,1,2026-09-15T16:28:02.595641+00:00
VALUE_ADDED_GROWTH_NUTS2,pt15:nuts2,2003,2026-09-15T16:28:02.595641+00:00,105.5,final,2003-01-01,2003-12-31,1,2026-09-15T16:28:02.595641+00:00
VALUE_ADDED_GROWTH_NUTS2,pt15:nuts2,2004,2026-09-15T16:28:02.595641+00:00,105.9,final,2004-01-01,2004-12-31,1,2026-09-15T16:28:02.595641+00:00
VALUE_ADDED_GROWTH_NUTS2,pt15:nuts2,2005,2026-09-15T16:28:02.595641+00:00,108.2,final,2005-01-01,2005-12-31,1,2026-09-15T16:28:02.595641+00:00
VALUE_ADDED_GROWTH_NUTS2,pt15:nuts2,2006,2026-09-15T16:28:02.595641+00:00,111.3,final,2006-01-01,2006-12-31,1,2026-09-15T16:28:02.595641+00:00
VALUE_ADDED_GROWTH_NUTS2,pt15:nuts2,2007,2026-09-15T16:28:02.595641+00:00,114.7,final,2007-01-01,2007-12-31,1,2026-09-15T16:28:02.595641+00:00
VALUE_ADDED_GROWTH_NUTS2,pt15:nuts2,2008,2026-09-15T16:28:02.595641+00:00,115.4,final,2008-01-01,2008-12-31,1,2026-09-15T16:28:02.595641+00:00
VALUE_ADDED_GROWTH_NUTS2,pt15:nuts2,2009,2026-09-15T16:28:02.595641+00:00,108.4,final,2009-01-01,2009-12-31,1,2026-09-15T16:28:02.595641+00:00
VALUE_ADDED_GROWTH_NUTS2,pt15:nuts2,2010,2026-09-15T16:28:02.595641+00:00,107.9,final,2010-01-01,2010-12-31,1,2026-09-15T16:28:02.595641+00:00
VALUE_ADDED_GROWTH_NUTS2,pt15:nuts2,2011,2026-09-15T16:28:02.595641+00:00,105.1,final,2011-01-01,2011-12-31,1,2026-09-15T16:28:02.595641+00:00
VALUE_ADDED_GROWTH_NUTS2,pt15:nuts2,2012,2026-09-15T16:28:02.595641+00:00,102.8,final,2012-01-01,2012-12-31,1,2026-09-15T16:28:02.595641+00:00
VALUE_ADDED_GROWTH_NUTS2,pt15:nuts2,2013,2026-09-15T16:28:02.595641+00:00,101.3,final,2013-01-01,2013-12-31,1,2026-09-15T16:28:02.595641+00:00
VALUE_ADDED_GROWTH_NUTS2,pt15:nuts2,2014,2026-09-15T16:28:02.595641+00:00,103.2,final,2014-01-01,2014-12-31,1,2026-09-15T16:28:02.595641+00:00
VALUE_ADDED_GROWTH_NUTS2,pt15:nuts2,2015,2026-09-15T16:28:02.595641+00:00,105.6,final,2015-01-01,2015-12-31,1,2026-09-15T16:28:02.595641+00:00
VALUE_ADDED_GROWTH_NUTS2,pt15:nuts2,2016,2026-09-15T16:28:02.595641+00:00,110.4,final,2016-01-01,2016-12-31,1,2026-09-15T16:28:02.595641+00:00
VALUE_ADDED_GROWTH_NUTS2,pt15:nuts2,2017,2026-09-15T16:28:02.595641+00:00,115.7,final,2017-01-01,2017-12-31,1,2026-09-15T16:28:02.595641+00:00
VALUE_ADDED_GROWTH_NUTS2,pt15:nuts2,2018,2026-09-15T16:28:02.595641+00:00,118.3,final,2018-01-01,2018-12-31,1,2026-09-15T16:28:02.595641+00:00
VALUE_ADDED_GROWTH_NUTS2,pt15:nuts2,2019,2026-09-15T16:28:02.595641+00:00,121.9,final,2019-01-01,2019-12-31,1,2026-09-15T16:28:02.595641+00:00
VALUE_ADDED_GROWTH_NUTS2,pt15:nuts2,2020,2026-09-15T16:28:02.595641+00:00,100.0,final,2020-01-01,2020-12-31,1,2026-09-15T16:28:02.595641+00:00
VALUE_ADDED_GROWTH_NUTS2,pt15:nuts2,2021,2026-09-15T16:28:02.595641+00:00,106.6,final,2021-01-01,2021-12-31,1,2026-09-15T16:28:02.595641+00:00
VALUE_ADDED_GROWTH_NUTS2,pt15:nuts2,2022,2026-09-15T16:28:02.595641+00:00,128.6,final,2022-01-01,2022-12-31,1,2026-09-15T16:28:02.595641+00:00
VALUE_ADDED_GROWTH_NUTS2,pt15:nuts2,2023,2026-09-15T16:28:02.595641+00:00,133.0,final,2023-01-01,2023-12-31,1,2026-09-15T16:28:02.595641+00:00
VALUE_ADDED_GROWTH_NUTS2,pt15:nuts2,2024,2026-09-15T16:28:02.595641+00:00,135.8,provisional,2024-01-01,2024-12-31,1,2026-09-15T16:28:02.595641+00:00
VALUE_ADDED_GROWTH_NUTS2,pt19:nuts2,2000,2026-09-15T16:28:02.595641+00:00,92.6,final,2000-01-01,2000-12-31,1,2026-09-15T16:28:02.595641+00:00
VALUE_ADDED_GROWTH_NUTS2,pt19:nuts2,2001,2026-09-15T16:28:02.595641+00:00,94.4,final,2001-01-01,2001-12-31,1,2026-09-15T16:28:02.595641+00:00
VALUE_ADDED_GROWTH_NUTS2,pt19:nuts2,2002,2026-09-15T16:28:02.595641+00:00,93.8,final,2002-01-01,2002-12-31,1,2026-09-15T16:28:02.595641+00:00
VALUE_ADDED_GROWTH_NUTS2,pt19:nuts2,2003,2026-09-15T16:28:02.595641+00:00,94.0,final,2003-01-01,2003-12-31,1,2026-09-15T16:28:02.595641+00:00
VALUE_ADDED_GROWTH_NUTS2,pt19:nuts2,2004,2026-09-15T16:28:02.595641+00:00,95.4,final,2004-01-01,2004-12-31,1,2026-09-15T16:28:02.595641+00:00
VALUE_ADDED_GROWTH_NUTS2,pt19:nuts2,2005,2026-09-15T16:28:02.595641+00:00,95.5,final,2005-01-01,2005-12-31,1,2026-09-15T16:28:02.595641+00:00
VALUE_ADDED_GROWTH_NUTS2,pt19:nuts2,2006,2026-09-15T16:28:02.595641+00:00,97.0,final,2006-01-01,2006-12-31,1,2026-09-15T16:28:02.595641+00:00
VALUE_ADDED_GROWTH_NUTS2,pt19:nuts2,2007,2026-09-15T16:28:02.595641+00:00,99.2,final,2007-01-01,2007-12-31,1,2026-09-15T16:28:02.595641+00:00
VALUE_ADDED_GROWTH_NUTS2,pt19:nuts2,2008,2026-09-15T16:28:02.595641+00:00,98.4,final,2008-01-01,2008-12-31,1,2026-09-15T16:28:02.595641+00:00
VALUE_ADDED_GROWTH_NUTS2,pt19:nuts2,2009,2026-09-15T16:28:02.595641+00:00,95.9,final,2009-01-01,2009-12-31,1,2026-09-15T16:28:02.595641+00:00
VALUE_ADDED_GROWTH_NUTS2,pt19:nuts2,2010,2026-09-15T16:28:02.595641+00:00,96.8,final,2010-01-01,2010-12-31,1,2026-09-15T16:28:02.595641+00:00
VALUE_ADDED_GROWTH_NUTS2,pt19:nuts2,2011,2026-09-15T16:28:02.595641+00:00,96.2,final,2011-01-01,2011-12-31,1,2026-09-15T16:28:02.595641+00:00
VALUE_ADDED_GROWTH_NUTS2,pt19:nuts2,2012,2026-09-15T16:28:02.595641+00:00,93.9,final,2012-01-01,2012-12-31,1,2026-09-15T16:28:02.595641+00:00
VALUE_ADDED_GROWTH_NUTS2,pt19:nuts2,2013,2026-09-15T16:28:02.595641+00:00,93.0,final,2013-01-01,2013-12-31,1,2026-09-15T16:28:02.595641+00:00
VALUE_ADDED_GROWTH_NUTS2,pt19:nuts2,2014,2026-09-15T16:28:02.595641+00:00,93.1,final,2014-01-01,2014-12-31,1,2026-09-15T16:28:02.595641+00:00
VALUE_ADDED_GROWTH_NUTS2,pt19:nuts2,2015,2026-09-15T16:28:02.595641+00:00,95.5,final,2015-01-01,2015-12-31,1,2026-09-15T16:28:02.595641+00:00
VALUE_ADDED_GROWTH_NUTS2,pt19:nuts2,2016,2026-09-15T16:28:02.595641+00:00,97.3,final,2016-01-01,2016-12-31,1,2026-09-15T16:28:02.595641+00:00
VALUE_ADDED_GROWTH_NUTS2,pt19:nuts2,2017,2026-09-15T16:28:02.595641+00:00,100.0,final,2017-01-01,2017-12-31,1,2026-09-15T16:28:02.595641+00:00
VALUE_ADDED_GROWTH_NUTS2,pt19:nuts2,2018,2026-09-15T16:28:02.595641+00:00,102.9,final,2018-01-01,2018-12-31,1,2026-09-15T16:28:02.595641+00:00
VALUE_ADDED_GROWTH_NUTS2,pt19:nuts2,2019,2026-09-15T16:28:02.595641+00:00,105.2,final,2019-01-01,2019-12-31,1,2026-09-15T16:28:02.595641+00:00
VALUE_ADDED_GROWTH_NUTS2,pt19:nuts2,2020,2026-09-15T16:28:02.595641+00:00,100.0,final,2020-01-01,2020-12-31,1,2026-09-15T16:28:02.595641+00:00
VALUE_ADDED_GROWTH_NUTS2,pt19:nuts2,2021,2026-09-15T16:28:02.595641+00:00,104.1,final,2021-01-01,2021-12-31,1,2026-09-15T16:28:02.595641+00:00
VALUE_ADDED_GROWTH_NUTS2,pt19:nuts2,2022,2026-09-15T16:28:02.595641+00:00,108.3,final,2022-01-01,2022-12-31,1,2026-09-15T16:28:02.595641+00:00
VALUE_ADDED_GROWTH_NUTS2,pt19:nuts2,2023,2026-09-15T16:28:02.595641+00:00,111.1,final,2023-01-01,2023-12-31,1,2026-09-15T16:28:02.595641+00:00
VALUE_ADDED_GROWTH_NUTS2,pt19:nuts2,2024,2026-09-15T16:28:02.595641+00:00,113.3,provisional,2024-01-01,2024-12-31,1,2026-09-15T16:28:02.595641+00:00
VALUE_ADDED_GROWTH_NUTS2,pt1a:nuts2,2000,2026-09-15T16:28:02.595641+00:00,93.0,final,2000-01-01,2000-12-31,1,2026-09-15T16:28:02.595641+00:00
VALUE_ADDED_GROWTH_NUTS2,pt1a:nuts2,2001,2026-09-15T16:28:02.595641+00:00,94.9,final,2001-01-01,2001-12-31,1,2026-09-15T16:28:02.595641+00:00
VALUE_ADDED_GROWTH_NUTS2,pt1a:nuts2,2002,2026-09-15T16:28:02.595641+00:00,97.0,final,2002-01-01,2002-12-31,1,2026-09-15T16:28:02.595641+00:00
VALUE_ADDED_GROWTH_NUTS2,pt1a:nuts2,2003,2026-09-15T16:28:02.595641+00:00,96.8,final,2003-01-01,2003-12-31,1,2026-09-15T16:28:02.595641+00:00
VALUE_ADDED_GROWTH_NUTS2,pt1a:nuts2,2004,2026-09-15T16:28:02.595641+00:00,99.5,final,2004-01-01,2004-12-31,1,2026-09-15T16:28:02.595641+00:00
VALUE_ADDED_GROWTH_NUTS2,pt1a:nuts2,2005,2026-09-15T16:28:02.595641+00:00,100.1,final,2005-01-01,2005-12-31,1,2026-09-15T16:28:02.595641+00:00
VALUE_ADDED_GROWTH_NUTS2,pt1a:nuts2,2006,2026-09-15T16:28:02.595641+00:00,100.7,final,2006-01-01,2006-12-31,1,2026-09-15T16:28:02.595641+00:00
VALUE_ADDED_GROWTH_NUTS2,pt1a:nuts2,2007,2026-09-15T16:28:02.595641+00:00,103.5,final,2007-01-01,2007-12-31,1,2026-09-15T16:28:02.595641+00:00
VALUE_ADDED_GROWTH_NUTS2,pt1a:nuts2,2008,2026-09-15T16:28:02.595641+00:00,104.8,final,2008-01-01,2008-12-31,1,2026-09-15T16:28:02.595641+00:00
VALUE_ADDED_GROWTH_NUTS2,pt1a:nuts2,2009,2026-09-15T16:28:02.595641+00:00,103.5,final,2009-01-01,2009-12-31,1,2026-09-15T16:28:02.595641+00:00
VALUE_ADDED_GROWTH_NUTS2,pt1a:nuts2,2010,2026-09-15T16:28:02.595641+00:00,105.4,final,2010-01-01,2010-12-31,1,2026-09-15T16:28:02.595641+00:00
VALUE_ADDED_GROWTH_NUTS2,pt1a:nuts2,2011,2026-09-15T16:28:02.595641+00:00,104.2,final,2011-01-01,2011-12-31,1,2026-09-15T16:28:02.595641+00:00
VALUE_ADDED_GROWTH_NUTS2,pt1a:nuts2,2012,2026-09-15T16:28:02.595641+00:00,100.5,final,2012-01-01,2012-12-31,1,2026-09-15T16:28:02.595641+00:00
VALUE_ADDED_GROWTH_NUTS2,pt1a:nuts2,2013,2026-09-15T16:28:02.595641+00:00,99.8,final,2013-01-01,2013-12-31,1,2026-09-15T16:28:02.595641+00:00
VALUE_ADDED_GROWTH_NUTS2,pt1a:nuts2,2014,2026-09-15T16:28:02.595641+00:00,99.0,final,2014-01-01,2014-12-31,1,2026-09-15T16:28:02.595641+00:00
VALUE_ADDED_GROWTH_NUTS2,pt1a:nuts2,2015,2026-09-15T16:28:02.595641+00:00,98.9,final,2015-01-01,2015-12-31,1,2026-09-15T16:28:02.595641+00:00
VALUE_ADDED_GROWTH_NUTS2,pt1a:nuts2,2016,2026-09-15T16:28:02.595641+00:00,99.9,final,2016-01-01,2016-12-31,1,2026-09-15T16:28:02.595641+00:00
VALUE_ADDED_GROWTH_NUTS2,pt1a:nuts2,2017,2026-09-15T16:28:02.595641+00:00,102.8,final,2017-01-01,2017-12-31,1,2026-09-15T16:28:02.595641+00:00
VALUE_ADDED_GROWTH_NUTS2,pt1a:nuts2,2018,2026-09-15T16:28:02.595641+00:00,105.8,final,2018-01-01,2018-12-31,1,2026-09-15T16:28:02.595641+00:00
VALUE_ADDED_GROWTH_NUTS2,pt1a:nuts2,2019,2026-09-15T16:28:02.595641+00:00,109.4,final,2019-01-01,2019-12-31,1,2026-09-15T16:28:02.595641+00:00
VALUE_ADDED_GROWTH_NUTS2,pt1a:nuts2,2020,2026-09-15T16:28:02.595641+00:00,100.0,final,2020-01-01,2020-12-31,1,2026-09-15T16:28:02.595641+00:00
VALUE_ADDED_GROWTH_NUTS2,pt1a:nuts2,2021,2026-09-15T16:28:02.595641+00:00,104.9,final,2021-01-01,2021-12-31,1,2026-09-15T16:28:02.595641+00:00
VALUE_ADDED_GROWTH_NUTS2,pt1a:nuts2,2022,2026-09-15T16:28:02.595641+00:00,114.3,final,2022-01-01,2022-12-31,1,2026-09-15T16:28:02.595641+00:00
VALUE_ADDED_GROWTH_NUTS2,pt1a:nuts2,2023,2026-09-15T16:28:02.595641+00:00,117.9,final,2023-01-01,2023-12-31,1,2026-09-15T16:28:02.595641+00:00
VALUE_ADDED_GROWTH_NUTS2,pt1a:nuts2,2024,2026-09-15T16:28:02.595641+00:00,120.3,provisional,2024-01-01,2024-12-31,1,2026-09-15T16:28:02.595641+00:00
VALUE_ADDED_GROWTH_NUTS2,pt1b:nuts2,2000,2026-09-15T16:28:02.595641+00:00,99.5,final,2000-01-01,2000-12-31,1,2026-09-15T16:28:02.595641+00:00
VALUE_ADDED_GROWTH_NUTS2,pt1b:nuts2,2001,2026-09-15T16:28:02.595641+00:00,99.7,final,2001-01-01,2001-12-31,1,2026-09-15T16:28:02.595641+00:00
VALUE_ADDED_GROWTH_NUTS2,pt1b:nuts2,2002,2026-09-15T16:28:02.595641+00:00,100.2,final,2002-01-01,2002-12-31,1,2026-09-15T16:28:02.595641+00:00
VALUE_ADDED_GROWTH_NUTS2,pt1b:nuts2,2003,2026-09-15T16:28:02.595641+00:00,96.4,final,2003-01-01,2003-12-31,1,2026-09-15T16:28:02.595641+00:00
VALUE_ADDED_GROWTH_NUTS2,pt1b:nuts2,2004,2026-09-15T16:28:02.595641+00:00,97.3,final,2004-01-01,2004-12-31,1,2026-09-15T16:28:02.595641+00:00
VALUE_ADDED_GROWTH_NUTS2,pt1b:nuts2,2005,2026-09-15T16:28:02.595641+00:00,97.3,final,2005-01-01,2005-12-31,1,2026-09-15T16:28:02.595641+00:00
VALUE_ADDED_GROWTH_NUTS2,pt1b:nuts2,2006,2026-09-15T16:28:02.595641+00:00,102.9,final,2006-01-01,2006-12-31,1,2026-09-15T16:28:02.595641+00:00
VALUE_ADDED_GROWTH_NUTS2,pt1b:nuts2,2007,2026-09-15T16:28:02.595641+00:00,104.2,final,2007-01-01,2007-12-31,1,2026-09-15T16:28:02.595641+00:00
VALUE_ADDED_GROWTH_NUTS2,pt1b:nuts2,2008,2026-09-15T16:28:02.595641+00:00,106.4,final,2008-01-01,2008-12-31,1,2026-09-15T16:28:02.595641+00:00
VALUE_ADDED_GROWTH_NUTS2,pt1b:nuts2,2009,2026-09-15T16:28:02.595641+00:00,102.1,final,2009-01-01,2009-12-31,1,2026-09-15T16:28:02.595641+00:00
VALUE_ADDED_GROWTH_NUTS2,pt1b:nuts2,2010,2026-09-15T16:28:02.595641+00:00,103.7,final,2010-01-01,2010-12-31,1,2026-09-15T16:28:02.595641+00:00
VALUE_ADDED_GROWTH_NUTS2,pt1b:nuts2,2011,2026-09-15T16:28:02.595641+00:00,102.2,final,2011-01-01,2011-12-31,1,2026-09-15T16:28:02.595641+00:00
VALUE_ADDED_GROWTH_NUTS2,pt1b:nuts2,2012,2026-09-15T16:28:02.595641+00:00,96.4,final,2012-01-01,2012-12-31,1,2026-09-15T16:28:02.595641+00:00
VALUE_ADDED_GROWTH_NUTS2,pt1b:nuts2,2013,2026-09-15T16:28:02.595641+00:00,93.9,final,2013-01-01,2013-12-31,1,2026-09-15T16:28:02.595641+00:00
VALUE_ADDED_GROWTH_NUTS2,pt1b:nuts2,2014,2026-09-15T16:28:02.595641+00:00,93.7,final,2014-01-01,2014-12-31,1,2026-09-15T16:28:02.595641+00:00
VALUE_ADDED_GROWTH_NUTS2,pt1b:nuts2,2015,2026-09-15T16:28:02.595641+00:00,94.0,final,2015-01-01,2015-12-31,1,2026-09-15T16:28:02.595641+00:00
VALUE_ADDED_GROWTH_NUTS2,pt1b:nuts2,2016,2026-09-15T16:28:02.595641+00:00,95.1,final,2016-01-01,2016-12-31,1,2026-09-15T16:28:02.595641+00:00
VALUE_ADDED_GROWTH_NUTS2,pt1b:nuts2,2017,2026-09-15T16:28:02.595641+00:00,99.7,final,2017-01-01,2017-12-31,1,2026-09-15T16:28:02.595641+00:00
VALUE_ADDED_GROWTH_NUTS2,pt1b:nuts2,2018,2026-09-15T16:28:02.595641+00:00,103.9,final,2018-01-01,2018-12-31,1,2026-09-15T16:28:02.595641+00:00
VALUE_ADDED_GROWTH_NUTS2,pt1b:nuts2,2019,2026-09-15T16:28:02.595641+00:00,107.5,final,2019-01-01,2019-12-31,1,2026-09-15T16:28:02.595641+00:00
VALUE_ADDED_GROWTH_NUTS2,pt1b:nuts2,2020,2026-09-15T16:28:02.595641+00:00,100.0,final,2020-01-01,2020-12-31,1,2026-09-15T16:28:02.595641+00:00
VALUE_ADDED_GROWTH_NUTS2,pt1b:nuts2,2021,2026-09-15T16:28:02.595641+00:00,107.3,final,2021-01-01,2021-12-31,1,2026-09-15T16:28:02.595641+00:00
VALUE_ADDED_GROWTH_NUTS2,pt1b:nuts2,2022,2026-09-15T16:28:02.595641+00:00,113.3,final,2022-01-01,2022-12-31,1,2026-09-15T16:28:02.595641+00:00
VALUE_ADDED_GROWTH_NUTS2,pt1b:nuts2,2023,2026-09-15T16:28:02.595641+00:00,115.0,final,2023-01-01,2023-12-31,1,2026-09-15T16:28:02.595641+00:00
VALUE_ADDED_GROWTH_NUTS2,pt1b:nuts2,2024,2026-09-15T16:28:02.595641+00:00,117.3,provisional,2024-01-01,2024-12-31,1,2026-09-15T16:28:02.595641+00:00
VALUE_ADDED_GROWTH_NUTS2,pt1c:nuts2,2000,2026-09-15T16:28:02.595641+00:00,116.0,final,2000-01-01,2000-12-31,1,2026-09-15T16:28:02.595641+00:00
VALUE_ADDED_GROWTH_NUTS2,pt1c:nuts2,2001,2026-09-15T16:28:02.595641+00:00,116.8,final,2001-01-01,2001-12-31,1,2026-09-15T16:28:02.595641+00:00
VALUE_ADDED_GROWTH_NUTS2,pt1c:nuts2,2002,2026-09-15T16:28:02.595641+00:00,115.9,final,2002-01-01,2002-12-31,1,2026-09-15T16:28:02.595641+00:00
VALUE_ADDED_GROWTH_NUTS2,pt1c:nuts2,2003,2026-09-15T16:28:02.595641+00:00,116.3,final,2003-01-01,2003-12-31,1,2026-09-15T16:28:02.595641+00:00
VALUE_ADDED_GROWTH_NUTS2,pt1c:nuts2,2004,2026-09-15T16:28:02.595641+00:00,116.3,final,2004-01-01,2004-12-31,1,2026-09-15T16:28:02.595641+00:00
VALUE_ADDED_GROWTH_NUTS2,pt1c:nuts2,2005,2026-09-15T16:28:02.595641+00:00,116.3,final,2005-01-01,2005-12-31,1,2026-09-15T16:28:02.595641+00:00
VALUE_ADDED_GROWTH_NUTS2,pt1c:nuts2,2006,2026-09-15T16:28:02.595641+00:00,119.0,final,2006-01-01,2006-12-31,1,2026-09-15T16:28:02.595641+00:00
VALUE_ADDED_GROWTH_NUTS2,pt1c:nuts2,2007,2026-09-15T16:28:02.595641+00:00,121.3,final,2007-01-01,2007-12-31,1,2026-09-15T16:28:02.595641+00:00
VALUE_ADDED_GROWTH_NUTS2,pt1c:nuts2,2008,2026-09-15T16:28:02.595641+00:00,119.6,final,2008-01-01,2008-12-31,1,2026-09-15T16:28:02.595641+00:00
VALUE_ADDED_GROWTH_NUTS2,pt1c:nuts2,2009,2026-09-15T16:28:02.595641+00:00,114.5,final,2009-01-01,2009-12-31,1,2026-09-15T16:28:02.595641+00:00
VALUE_ADDED_GROWTH_NUTS2,pt1c:nuts2,2010,2026-09-15T16:28:02.595641+00:00,118.4,final,2010-01-01,2010-12-31,1,2026-09-15T16:28:02.595641+00:00
VALUE_ADDED_GROWTH_NUTS2,pt1c:nuts2,2011,2026-09-15T16:28:02.595641+00:00,117.2,final,2011-01-01,2011-12-31,1,2026-09-15T16:28:02.595641+00:00
VALUE_ADDED_GROWTH_NUTS2,pt1c:nuts2,2012,2026-09-15T16:28:02.595641+00:00,111.6,final,2012-01-01,2012-12-31,1,2026-09-15T16:28:02.595641+00:00
VALUE_ADDED_GROWTH_NUTS2,pt1c:nuts2,2013,2026-09-15T16:28:02.595641+00:00,108.8,final,2013-01-01,2013-12-31,1,2026-09-15T16:28:02.595641+00:00
VALUE_ADDED_GROWTH_NUTS2,pt1c:nuts2,2014,2026-09-15T16:28:02.595641+00:00,108.4,final,2014-01-01,2014-12-31,1,2026-09-15T16:28:02.595641+00:00
VALUE_ADDED_GROWTH_NUTS2,pt1c:nuts2,2015,2026-09-15T16:28:02.595641+00:00,112.1,final,2015-01-01,2015-12-31,1,2026-09-15T16:28:02.595641+00:00
VALUE_ADDED_GROWTH_NUTS2,pt1c:nuts2,2016,2026-09-15T16:28:02.595641+00:00,109.6,final,2016-01-01,2016-12-31,1,2026-09-15T16:28:02.595641+00:00
VALUE_ADDED_GROWTH_NUTS2,pt1c:nuts2,2017,2026-09-15T16:28:02.595641+00:00,113.2,final,2017-01-01,2017-12-31,1,2026-09-15T16:28:02.595641+00:00
VALUE_ADDED_GROWTH_NUTS2,pt1c:nuts2,2018,2026-09-15T16:28:02.595641+00:00,113.7,final,2018-01-01,2018-12-31,1,2026-09-15T16:28:02.595641+00:00
VALUE_ADDED_GROWTH_NUTS2,pt1c:nuts2,2019,2026-09-15T16:28:02.595641+00:00,112.7,final,2019-01-01,2019-12-31,1,2026-09-15T16:28:02.595641+00:00
VALUE_ADDED_GROWTH_NUTS2,pt1c:nuts2,2020,2026-09-15T16:28:02.595641+00:00,100.0,final,2020-01-01,2020-12-31,1,2026-09-15T16:28:02.595641+00:00
VALUE_ADDED_GROWTH_NUTS2,pt1c:nuts2,2021,2026-09-15T16:28:02.595641+00:00,108.7,final,2021-01-01,2021-12-31,1,2026-09-15T16:28:02.595641+00:00
VALUE_ADDED_GROWTH_NUTS2,pt1c:nuts2,2022,2026-09-15T16:28:02.595641+00:00,110.4,final,2022-01-01,2022-12-31,1,2026-09-15T16:28:02.595641+00:00
VALUE_ADDED_GROWTH_NUTS2,pt1c:nuts2,2023,2026-09-15T16:28:02.595641+00:00,111.0,final,2023-01-01,2023-12-31,1,2026-09-15T16:28:02.595641+00:00
VALUE_ADDED_GROWTH_NUTS2,pt1c:nuts2,2024,2026-09-15T16:28:02.595641+00:00,112.1,provisional,2024-01-01,2024-12-31,1,2026-09-15T16:28:02.595641+00:00
VALUE_ADDED_GROWTH_NUTS2,pt1d:nuts2,2000,2026-09-15T16:28:02.595641+00:00,99.8,final,2000-01-01,2000-12-31,1,2026-09-15T16:28:02.595641+00:00
VALUE_ADDED_GROWTH_NUTS2,pt1d:nuts2,2001,2026-09-15T16:28:02.595641+00:00,100.8,final,2001-01-01,2001-12-31,1,2026-09-15T16:28:02.595641+00:00
VALUE_ADDED_GROWTH_NUTS2,pt1d:nuts2,2002,2026-09-15T16:28:02.595641+00:00,101.3,final,2002-01-01,2002-12-31,1,2026-09-15T16:28:02.595641+00:00
VALUE_ADDED_GROWTH_NUTS2,pt1d:nuts2,2003,2026-09-15T16:28:02.595641+00:00,102.1,final,2003-01-01,2003-12-31,1,2026-09-15T16:28:02.595641+00:00
VALUE_ADDED_GROWTH_NUTS2,pt1d:nuts2,2004,2026-09-15T16:28:02.595641+00:00,104.8,final,2004-01-01,2004-12-31,1,2026-09-15T16:28:02.595641+00:00
VALUE_ADDED_GROWTH_NUTS2,pt1d:nuts2,2005,2026-09-15T16:28:02.595641+00:00,102.0,final,2005-01-01,2005-12-31,1,2026-09-15T16:28:02.595641+00:00
VALUE_ADDED_GROWTH_NUTS2,pt1d:nuts2,2006,2026-09-15T16:28:02.595641+00:00,103.8,final,2006-01-01,2006-12-31,1,2026-09-15T16:28:02.595641+00:00
VALUE_ADDED_GROWTH_NUTS2,pt1d:nuts2,2007,2026-09-15T16:28:02.595641+00:00,106.7,final,2007-01-01,2007-12-31,1,2026-09-15T16:28:02.595641+00:00
VALUE_ADDED_GROWTH_NUTS2,pt1d:nuts2,2008,2026-09-15T16:28:02.595641+00:00,105.0,final,2008-01-01,2008-12-31,1,2026-09-15T16:28:02.595641+00:00
VALUE_ADDED_GROWTH_NUTS2,pt1d:nuts2,2009,2026-09-15T16:28:02.595641+00:00,102.2,final,2009-01-01,2009-12-31,1,2026-09-15T16:28:02.595641+00:00
VALUE_ADDED_GROWTH_NUTS2,pt1d:nuts2,2010,2026-09-15T16:28:02.595641+00:00,101.9,final,2010-01-01,2010-12-31,1,2026-09-15T16:28:02.595641+00:00
VALUE_ADDED_GROWTH_NUTS2,pt1d:nuts2,2011,2026-09-15T16:28:02.595641+00:00,100.1,final,2011-01-01,2011-12-31,1,2026-09-15T16:28:02.595641+00:00
VALUE_ADDED_GROWTH_NUTS2,pt1d:nuts2,2012,2026-09-15T16:28:02.595641+00:00,96.5,final,2012-01-01,2012-12-31,1,2026-09-15T16:28:02.595641+00:00
VALUE_ADDED_GROWTH_NUTS2,pt1d:nuts2,2013,2026-09-15T16:28:02.595641+00:00,95.3,final,2013-01-01,2013-12-31,1,2026-09-15T16:28:02.595641+00:00
VALUE_ADDED_GROWTH_NUTS2,pt1d:nuts2,2014,2026-09-15T16:28:02.595641+00:00,95.6,final,2014-01-01,2014-12-31,1,2026-09-15T16:28:02.595641+00:00
VALUE_ADDED_GROWTH_NUTS2,pt1d:nuts2,2015,2026-09-15T16:28:02.595641+00:00,97.0,final,2015-01-01,2015-12-31,1,2026-09-15T16:28:02.595641+00:00
VALUE_ADDED_GROWTH_NUTS2,pt1d:nuts2,2016,2026-09-15T16:28:02.595641+00:00,99.1,final,2016-01-01,2016-12-31,1,2026-09-15T16:28:02.595641+00:00
VALUE_ADDED_GROWTH_NUTS2,pt1d:nuts2,2017,2026-09-15T16:28:02.595641+00:00,101.7,final,2017-01-01,2017-12-31,1,2026-09-15T16:28:02.595641+00:00
VALUE_ADDED_GROWTH_NUTS2,pt1d:nuts2,2018,2026-09-15T16:28:02.595641+00:00,102.9,final,2018-01-01,2018-12-31,1,2026-09-15T16:28:02.595641+00:00
VALUE_ADDED_GROWTH_NUTS2,pt1d:nuts2,2019,2026-09-15T16:28:02.595641+00:00,105.4,final,2019-01-01,2019-12-31,1,2026-09-15T16:28:02.595641+00:00
VALUE_ADDED_GROWTH_NUTS2,pt1d:nuts2,2020,2026-09-15T16:28:02.595641+00:00,100.0,final,2020-01-01,2020-12-31,1,2026-09-15T16:28:02.595641+00:00
VALUE_ADDED_GROWTH_NUTS2,pt1d:nuts2,2021,2026-09-15T16:28:02.595641+00:00,103.4,final,2021-01-01,2021-12-31,1,2026-09-15T16:28:02.595641+00:00
VALUE_ADDED_GROWTH_NUTS2,pt1d:nuts2,2022,2026-09-15T16:28:02.595641+00:00,107.5,final,2022-01-01,2022-12-31,1,2026-09-15T16:28:02.595641+00:00
VALUE_ADDED_GROWTH_NUTS2,pt1d:nuts2,2023,2026-09-15T16:28:02.595641+00:00,112.7,final,2023-01-01,2023-12-31,1,2026-09-15T16:28:02.595641+00:00
VALUE_ADDED_GROWTH_NUTS2,pt1d:nuts2,2024,2026-09-15T16:28:02.595641+00:00,115.1,provisional,2024-01-01,2024-12-31,1,2026-09-15T16:28:02.595641+00:00
VALUE_ADDED_GROWTH_NUTS2,pt20:nuts2,2000,2026-09-15T16:28:02.595641+00:00,88.0,final,2000-01-01,2000-12-31,1,2026-09-15T16:28:02.595641+00:00
VALUE_ADDED_GROWTH_NUTS2,pt20:nuts2,2001,2026-09-15T16:28:02.595641+00:00,93.0,final,2001-01-01,2001-12-31,1,2026-09-15T16:28:02.595641+00:00
VALUE_ADDED_GROWTH_NUTS2,pt20:nuts2,2002,2026-09-15T16:28:02.595641+00:00,96.1,final,2002-01-01,2002-12-31,1,2026-09-15T16:28:02.595641+00:00
VALUE_ADDED_GROWTH_NUTS2,pt20:nuts2,2003,2026-09-15T16:28:02.595641+00:00,95.9,final,2003-01-01,2003-12-31,1,2026-09-15T16:28:02.595641+00:00
VALUE_ADDED_GROWTH_NUTS2,pt20:nuts2,2004,2026-09-15T16:28:02.595641+00:00,97.3,final,2004-01-01,2004-12-31,1,2026-09-15T16:28:02.595641+00:00
VALUE_ADDED_GROWTH_NUTS2,pt20:nuts2,2005,2026-09-15T16:28:02.595641+00:00,99.0,final,2005-01-01,2005-12-31,1,2026-09-15T16:28:02.595641+00:00
VALUE_ADDED_GROWTH_NUTS2,pt20:nuts2,2006,2026-09-15T16:28:02.595641+00:00,101.0,final,2006-01-01,2006-12-31,1,2026-09-15T16:28:02.595641+00:00
VALUE_ADDED_GROWTH_NUTS2,pt20:nuts2,2007,2026-09-15T16:28:02.595641+00:00,103.7,final,2007-01-01,2007-12-31,1,2026-09-15T16:28:02.595641+00:00
VALUE_ADDED_GROWTH_NUTS2,pt20:nuts2,2008,2026-09-15T16:28:02.595641+00:00,106.9,final,2008-01-01,2008-12-31,1,2026-09-15T16:28:02.595641+00:00
VALUE_ADDED_GROWTH_NUTS2,pt20:nuts2,2009,2026-09-15T16:28:02.595641+00:00,105.0,final,2009-01-01,2009-12-31,1,2026-09-15T16:28:02.595641+00:00
VALUE_ADDED_GROWTH_NUTS2,pt20:nuts2,2010,2026-09-15T16:28:02.595641+00:00,106.3,final,2010-01-01,2010-12-31,1,2026-09-15T16:28:02.595641+00:00
VALUE_ADDED_GROWTH_NUTS2,pt20:nuts2,2011,2026-09-15T16:28:02.595641+00:00,104.9,final,2011-01-01,2011-12-31,1,2026-09-15T16:28:02.595641+00:00
VALUE_ADDED_GROWTH_NUTS2,pt20:nuts2,2012,2026-09-15T16:28:02.595641+00:00,101.8,final,2012-01-01,2012-12-31,1,2026-09-15T16:28:02.595641+00:00
VALUE_ADDED_GROWTH_NUTS2,pt20:nuts2,2013,2026-09-15T16:28:02.595641+00:00,101.0,final,2013-01-01,2013-12-31,1,2026-09-15T16:28:02.595641+00:00
VALUE_ADDED_GROWTH_NUTS2,pt20:nuts2,2014,2026-09-15T16:28:02.595641+00:00,100.8,final,2014-01-01,2014-12-31,1,2026-09-15T16:28:02.595641+00:00
VALUE_ADDED_GROWTH_NUTS2,pt20:nuts2,2015,2026-09-15T16:28:02.595641+00:00,103.5,final,2015-01-01,2015-12-31,1,2026-09-15T16:28:02.595641+00:00
VALUE_ADDED_GROWTH_NUTS2,pt20:nuts2,2016,2026-09-15T16:28:02.595641+00:00,106.4,final,2016-01-01,2016-12-31,1,2026-09-15T16:28:02.595641+00:00
VALUE_ADDED_GROWTH_NUTS2,pt20:nuts2,2017,2026-09-15T16:28:02.595641+00:00,107.3,final,2017-01-01,2017-12-31,1,2026-09-15T16:28:02.595641+00:00
VALUE_ADDED_GROWTH_NUTS2,pt20:nuts2,2018,2026-09-15T16:28:02.595641+00:00,108.7,final,2018-01-01,2018-12-31,1,2026-09-15T16:28:02.595641+00:00
VALUE_ADDED_GROWTH_NUTS2,pt20:nuts2,2019,2026-09-15T16:28:02.595641+00:00,110.7,final,2019-01-01,2019-12-31,1,2026-09-15T16:28:02.595641+00:00
VALUE_ADDED_GROWTH_NUTS2,pt20:nuts2,2020,2026-09-15T16:28:02.595641+00:00,100.0,final,2020-01-01,2020-12-31,1,2026-09-15T16:28:02.595641+00:00
VALUE_ADDED_GROWTH_NUTS2,pt20:nuts2,2021,2026-09-15T16:28:02.595641+00:00,107.0,final,2021-01-01,2021-12-31,1,2026-09-15T16:28:02.595641+00:00
VALUE_ADDED_GROWTH_NUTS2,pt20:nuts2,2022,2026-09-15T16:28:02.595641+00:00,113.6,final,2022-01-01,2022-12-31,1,2026-09-15T16:28:02.595641+00:00
VALUE_ADDED_GROWTH_NUTS2,pt20:nuts2,2023,2026-09-15T16:28:02.595641+00:00,117.6,final,2023-01-01,2023-12-31,1,2026-09-15T16:28:02.595641+00:00
VALUE_ADDED_GROWTH_NUTS2,pt20:nuts2,2024,2026-09-15T16:28:02.595641+00:00,120.2,provisional,2024-01-01,2024-12-31,1,2026-09-15T16:28:02.595641+00:00
VALUE_ADDED_GROWTH_NUTS2,pt30:nuts2,2000,2026-09-15T16:28:02.595641+00:00,94.1,final,2000-01-01,2000-12-31,1,2026-09-15T16:28:02.595641+00:00
VALUE_ADDED_GROWTH_NUTS2,pt30:nuts2,2001,2026-09-15T16:28:02.595641+00:00,94.0,final,2001-01-01,2001-12-31,1,2026-09-15T16:28:02.595641+00:00
VALUE_ADDED_GROWTH_NUTS2,pt30:nuts2,2002,2026-09-15T16:28:02.595641+00:00,102.1,final,2002-01-01,2002-12-31,1,2026-09-15T16:28:02.595641+00:00
VALUE_ADDED_GROWTH_NUTS2,pt30:nuts2,2003,2026-09-15T16:28:02.595641+00:00,102.4,final,2003-01-01,2003-12-31,1,2026-09-15T16:28:02.595641+00:00
VALUE_ADDED_GROWTH_NUTS2,pt30:nuts2,2004,2026-09-15T16:28:02.595641+00:00,108.1,final,2004-01-01,2004-12-31,1,2026-09-15T16:28:02.595641+00:00
VALUE_ADDED_GROWTH_NUTS2,pt30:nuts2,2005,2026-09-15T16:28:02.595641+00:00,110.6,final,2005-01-01,2005-12-31,1,2026-09-15T16:28:02.595641+00:00
VALUE_ADDED_GROWTH_NUTS2,pt30:nuts2,2006,2026-09-15T16:28:02.595641+00:00,113.5,final,2006-01-01,2006-12-31,1,2026-09-15T16:28:02.595641+00:00
VALUE_ADDED_GROWTH_NUTS2,pt30:nuts2,2007,2026-09-15T16:28:02.595641+00:00,115.2,final,2007-01-01,2007-12-31,1,2026-09-15T16:28:02.595641+00:00
VALUE_ADDED_GROWTH_NUTS2,pt30:nuts2,2008,2026-09-15T16:28:02.595641+00:00,116.8,final,2008-01-01,2008-12-31,1,2026-09-15T16:28:02.595641+00:00
VALUE_ADDED_GROWTH_NUTS2,pt30:nuts2,2009,2026-09-15T16:28:02.595641+00:00,113.1,final,2009-01-01,2009-12-31,1,2026-09-15T16:28:02.595641+00:00
VALUE_ADDED_GROWTH_NUTS2,pt30:nuts2,2010,2026-09-15T16:28:02.595641+00:00,114.1,final,2010-01-01,2010-12-31,1,2026-09-15T16:28:02.595641+00:00
VALUE_ADDED_GROWTH_NUTS2,pt30:nuts2,2011,2026-09-15T16:28:02.595641+00:00,114.5,final,2011-01-01,2011-12-31,1,2026-09-15T16:28:02.595641+00:00
VALUE_ADDED_GROWTH_NUTS2,pt30:nuts2,2012,2026-09-15T16:28:02.595641+00:00,106.2,final,2012-01-01,2012-12-31,1,2026-09-15T16:28:02.595641+00:00
VALUE_ADDED_GROWTH_NUTS2,pt30:nuts2,2013,2026-09-15T16:28:02.595641+00:00,105.3,final,2013-01-01,2013-12-31,1,2026-09-15T16:28:02.595641+00:00
VALUE_ADDED_GROWTH_NUTS2,pt30:nuts2,2014,2026-09-15T16:28:02.595641+00:00,105.8,final,2014-01-01,2014-12-31,1,2026-09-15T16:28:02.595641+00:00
VALUE_ADDED_GROWTH_NUTS2,pt30:nuts2,2015,2026-09-15T16:28:02.595641+00:00,106.7,final,2015-01-01,2015-12-31,1,2026-09-15T16:28:02.595641+00:00
VALUE_ADDED_GROWTH_NUTS2,pt30:nuts2,2016,2026-09-15T16:28:02.595641+00:00,108.8,final,2016-01-01,2016-12-31,1,2026-09-15T16:28:02.595641+00:00
VALUE_ADDED_GROWTH_NUTS2,pt30:nuts2,2017,2026-09-15T16:28:02.595641+00:00,114.2,final,2017-01-01,2017-12-31,1,2026-09-15T16:28:02.595641+00:00
VALUE_ADDED_GROWTH_NUTS2,pt30:nuts2,2018,2026-09-15T16:28:02.595641+00:00,115.6,final,2018-01-01,2018-12-31,1,2026-09-15T16:28:02.595641+00:00
VALUE_ADDED_GROWTH_NUTS2,pt30:nuts2,2019,2026-09-15T16:28:02.595641+00:00,117.6,final,2019-01-01,2019-12-31,1,2026-09-15T16:28:02.595641+00:00
VALUE_ADDED_GROWTH_NUTS2,pt30:nuts2,2020,2026-09-15T16:28:02.595641+00:00,100.0,final,2020-01-01,2020-12-31,1,2026-09-15T16:28:02.595641+00:00
VALUE_ADDED_GROWTH_NUTS2,pt30:nuts2,2021,2026-09-15T16:28:02.595641+00:00,110.9,final,2021-01-01,2021-12-31,1,2026-09-15T16:28:02.595641+00:00
VALUE_ADDED_GROWTH_NUTS2,pt30:nuts2,2022,2026-09-15T16:28:02.595641+00:00,129.3,final,2022-01-01,2022-12-31,1,2026-09-15T16:28:02.595641+00:00
VALUE_ADDED_GROWTH_NUTS2,pt30:nuts2,2023,2026-09-15T16:28:02.595641+00:00,135.1,final,2023-01-01,2023-12-31,1,2026-09-15T16:28:02.595641+00:00
VALUE_ADDED_GROWTH_NUTS2,pt30:nuts2,2024,2026-09-15T16:28:02.595641+00:00,136.8,provisional,2024-01-01,2024-12-31,1,2026-09-15T16:28:02.595641+00:00
VALUE_ADDED_GROWTH_NUTS2,ro11:nuts2,2000,2026-09-15T16:28:02.595641+00:00,44.5,final,2000-01-01,2000-12-31,1,2026-09-15T16:28:02.595641+00:00
VALUE_ADDED_GROWTH_NUTS2,ro11:nuts2,2001,2026-09-15T16:28:02.595641+00:00,48.4,final,2001-01-01,2001-12-31,1,2026-09-15T16:28:02.595641+00:00
VALUE_ADDED_GROWTH_NUTS2,ro11:nuts2,2002,2026-09-15T16:28:02.595641+00:00,52.6,final,2002-01-01,2002-12-31,1,2026-09-15T16:28:02.595641+00:00
VALUE_ADDED_GROWTH_NUTS2,ro11:nuts2,2003,2026-09-15T16:28:02.595641+00:00,53.5,final,2003-01-01,2003-12-31,1,2026-09-15T16:28:02.595641+00:00
VALUE_ADDED_GROWTH_NUTS2,ro11:nuts2,2004,2026-09-15T16:28:02.595641+00:00,59.1,final,2004-01-01,2004-12-31,1,2026-09-15T16:28:02.595641+00:00
VALUE_ADDED_GROWTH_NUTS2,ro11:nuts2,2005,2026-09-15T16:28:02.595641+00:00,60.9,final,2005-01-01,2005-12-31,1,2026-09-15T16:28:02.595641+00:00
VALUE_ADDED_GROWTH_NUTS2,ro11:nuts2,2006,2026-09-15T16:28:02.595641+00:00,66.5,final,2006-01-01,2006-12-31,1,2026-09-15T16:28:02.595641+00:00
VALUE_ADDED_GROWTH_NUTS2,ro11:nuts2,2007,2026-09-15T16:28:02.595641+00:00,72.6,final,2007-01-01,2007-12-31,1,2026-09-15T16:28:02.595641+00:00
VALUE_ADDED_GROWTH_NUTS2,ro11:nuts2,2008,2026-09-15T16:28:02.595641+00:00,74.6,final,2008-01-01,2008-12-31,1,2026-09-15T16:28:02.595641+00:00
VALUE_ADDED_GROWTH_NUTS2,ro11:nuts2,2009,2026-09-15T16:28:02.595641+00:00,71.6,final,2009-01-01,2009-12-31,1,2026-09-15T16:28:02.595641+00:00
VALUE_ADDED_GROWTH_NUTS2,ro11:nuts2,2010,2026-09-15T16:28:02.595641+00:00,67.4,final,2010-01-01,2010-12-31,1,2026-09-15T16:28:02.595641+00:00
VALUE_ADDED_GROWTH_NUTS2,ro11:nuts2,2011,2026-09-15T16:28:02.595641+00:00,67.3,final,2011-01-01,2011-12-31,1,2026-09-15T16:28:02.595641+00:00
VALUE_ADDED_GROWTH_NUTS2,ro11:nuts2,2012,2026-09-15T16:28:02.595641+00:00,70.3,final,2012-01-01,2012-12-31,1,2026-09-15T16:28:02.595641+00:00
VALUE_ADDED_GROWTH_NUTS2,ro11:nuts2,2013,2026-09-15T16:28:02.595641+00:00,70.8,final,2013-01-01,2013-12-31,1,2026-09-15T16:28:02.595641+00:00
VALUE_ADDED_GROWTH_NUTS2,ro11:nuts2,2014,2026-09-15T16:28:02.595641+00:00,76.4,final,2014-01-01,2014-12-31,1,2026-09-15T16:28:02.595641+00:00
VALUE_ADDED_GROWTH_NUTS2,ro11:nuts2,2015,2026-09-15T16:28:02.595641+00:00,77.9,final,2015-01-01,2015-12-31,1,2026-09-15T16:28:02.595641+00:00
VALUE_ADDED_GROWTH_NUTS2,ro11:nuts2,2016,2026-09-15T16:28:02.595641+00:00,82.1,final,2016-01-01,2016-12-31,1,2026-09-15T16:28:02.595641+00:00
VALUE_ADDED_GROWTH_NUTS2,ro11:nuts2,2017,2026-09-15T16:28:02.595641+00:00,93.3,final,2017-01-01,2017-12-31,1,2026-09-15T16:28:02.595641+00:00
VALUE_ADDED_GROWTH_NUTS2,ro11:nuts2,2018,2026-09-15T16:28:02.595641+00:00,97.2,final,2018-01-01,2018-12-31,1,2026-09-15T16:28:02.595641+00:00
VALUE_ADDED_GROWTH_NUTS2,ro11:nuts2,2019,2026-09-15T16:28:02.595641+00:00,102.6,final,2019-01-01,2019-12-31,1,2026-09-15T16:28:02.595641+00:00
VALUE_ADDED_GROWTH_NUTS2,ro11:nuts2,2020,2026-09-15T16:28:02.595641+00:00,100.0,final,2020-01-01,2020-12-31,1,2026-09-15T16:28:02.595641+00:00
VALUE_ADDED_GROWTH_NUTS2,ro11:nuts2,2021,2026-09-15T16:28:02.595641+00:00,106.6,final,2021-01-01,2021-12-31,1,2026-09-15T16:28:02.595641+00:00
VALUE_ADDED_GROWTH_NUTS2,ro11:nuts2,2022,2026-09-15T16:28:02.595641+00:00,112.5,final,2022-01-01,2022-12-31,1,2026-09-15T16:28:02.595641+00:00
VALUE_ADDED_GROWTH_NUTS2,ro11:nuts2,2023,2026-09-15T16:28:02.595641+00:00,116.2,final,2023-01-01,2023-12-31,1,2026-09-15T16:28:02.595641+00:00
VALUE_ADDED_GROWTH_NUTS2,ro11:nuts2,2024,2026-09-15T16:28:02.595641+00:00,116.4,provisional,2024-01-01,2024-12-31,1,2026-09-15T16:28:02.595641+00:00
VALUE_ADDED_GROWTH_NUTS2,ro12:nuts2,2000,2026-09-15T16:28:02.595641+00:00,62.4,final,2000-01-01,2000-12-31,1,2026-09-15T16:28:02.595641+00:00
VALUE_ADDED_GROWTH_NUTS2,ro12:nuts2,2001,2026-09-15T16:28:02.595641+00:00,64.4,final,2001-01-01,2001-12-31,1,2026-09-15T16:28:02.595641+00:00
VALUE_ADDED_GROWTH_NUTS2,ro12:nuts2,2002,2026-09-15T16:28:02.595641+00:00,68.8,final,2002-01-01,2002-12-31,1,2026-09-15T16:28:02.595641+00:00
VALUE_ADDED_GROWTH_NUTS2,ro12:nuts2,2003,2026-09-15T16:28:02.595641+00:00,69.1,final,2003-01-01,2003-12-31,1,2026-09-15T16:28:02.595641+00:00
VALUE_ADDED_GROWTH_NUTS2,ro12:nuts2,2004,2026-09-15T16:28:02.595641+00:00,73.0,final,2004-01-01,2004-12-31,1,2026-09-15T16:28:02.595641+00:00
VALUE_ADDED_GROWTH_NUTS2,ro12:nuts2,2005,2026-09-15T16:28:02.595641+00:00,73.2,final,2005-01-01,2005-12-31,1,2026-09-15T16:28:02.595641+00:00
VALUE_ADDED_GROWTH_NUTS2,ro12:nuts2,2006,2026-09-15T16:28:02.595641+00:00,80.1,final,2006-01-01,2006-12-31,1,2026-09-15T16:28:02.595641+00:00
VALUE_ADDED_GROWTH_NUTS2,ro12:nuts2,2007,2026-09-15T16:28:02.595641+00:00,87.4,final,2007-01-01,2007-12-31,1,2026-09-15T16:28:02.595641+00:00
VALUE_ADDED_GROWTH_NUTS2,ro12:nuts2,2008,2026-09-15T16:28:02.595641+00:00,89.0,final,2008-01-01,2008-12-31,1,2026-09-15T16:28:02.595641+00:00
VALUE_ADDED_GROWTH_NUTS2,ro12:nuts2,2009,2026-09-15T16:28:02.595641+00:00,84.8,final,2009-01-01,2009-12-31,1,2026-09-15T16:28:02.595641+00:00
VALUE_ADDED_GROWTH_NUTS2,ro12:nuts2,2010,2026-09-15T16:28:02.595641+00:00,81.3,final,2010-01-01,2010-12-31,1,2026-09-15T16:28:02.595641+00:00
VALUE_ADDED_GROWTH_NUTS2,ro12:nuts2,2011,2026-09-15T16:28:02.595641+00:00,82.6,final,2011-01-01,2011-12-31,1,2026-09-15T16:28:02.595641+00:00
VALUE_ADDED_GROWTH_NUTS2,ro12:nuts2,2012,2026-09-15T16:28:02.595641+00:00,85.6,final,2012-01-01,2012-12-31,1,2026-09-15T16:28:02.595641+00:00
VALUE_ADDED_GROWTH_NUTS2,ro12:nuts2,2013,2026-09-15T16:28:02.595641+00:00,84.5,final,2013-01-01,2013-12-31,1,2026-09-15T16:28:02.595641+00:00
VALUE_ADDED_GROWTH_NUTS2,ro12:nuts2,2014,2026-09-15T16:28:02.595641+00:00,87.2,final,2014-01-01,2014-12-31,1,2026-09-15T16:28:02.595641+00:00
VALUE_ADDED_GROWTH_NUTS2,ro12:nuts2,2015,2026-09-15T16:28:02.595641+00:00,88.2,final,2015-01-01,2015-12-31,1,2026-09-15T16:28:02.595641+00:00
VALUE_ADDED_GROWTH_NUTS2,ro12:nuts2,2016,2026-09-15T16:28:02.595641+00:00,90.5,final,2016-01-01,2016-12-31,1,2026-09-15T16:28:02.595641+00:00
VALUE_ADDED_GROWTH_NUTS2,ro12:nuts2,2017,2026-09-15T16:28:02.595641+00:00,97.0,final,2017-01-01,2017-12-31,1,2026-09-15T16:28:02.595641+00:00
VALUE_ADDED_GROWTH_NUTS2,ro12:nuts2,2018,2026-09-15T16:28:02.595641+00:00,103.1,final,2018-01-01,2018-12-31,1,2026-09-15T16:28:02.595641+00:00
VALUE_ADDED_GROWTH_NUTS2,ro12:nuts2,2019,2026-09-15T16:28:02.595641+00:00,104.4,final,2019-01-01,2019-12-31,1,2026-09-15T16:28:02.595641+00:00
VALUE_ADDED_GROWTH_NUTS2,ro12:nuts2,2020,2026-09-15T16:28:02.595641+00:00,100.0,final,2020-01-01,2020-12-31,1,2026-09-15T16:28:02.595641+00:00
VALUE_ADDED_GROWTH_NUTS2,ro12:nuts2,2021,2026-09-15T16:28:02.595641+00:00,104.9,final,2021-01-01,2021-12-31,1,2026-09-15T16:28:02.595641+00:00
VALUE_ADDED_GROWTH_NUTS2,ro12:nuts2,2022,2026-09-15T16:28:02.595641+00:00,106.2,final,2022-01-01,2022-12-31,1,2026-09-15T16:28:02.595641+00:00
VALUE_ADDED_GROWTH_NUTS2,ro12:nuts2,2023,2026-09-15T16:28:02.595641+00:00,108.7,final,2023-01-01,2023-12-31,1,2026-09-15T16:28:02.595641+00:00
VALUE_ADDED_GROWTH_NUTS2,ro12:nuts2,2024,2026-09-15T16:28:02.595641+00:00,108.8,provisional,2024-01-01,2024-12-31,1,2026-09-15T16:28:02.595641+00:00
VALUE_ADDED_GROWTH_NUTS2,ro21:nuts2,2000,2026-09-15T16:28:02.595641+00:00,111.5,final,2000-01-01,2000-12-31,1,2026-09-15T16:28:02.595641+00:00
VALUE_ADDED_GROWTH_NUTS2,ro21:nuts2,2001,2026-09-15T16:28:02.595641+00:00,120.0,final,2001-01-01,2001-12-31,1,2026-09-15T16:28:02.595641+00:00
VALUE_ADDED_GROWTH_NUTS2,ro21:nuts2,2002,2026-09-15T16:28:02.595641+00:00,126.7,final,2002-01-01,2002-12-31,1,2026-09-15T16:28:02.595641+00:00
VALUE_ADDED_GROWTH_NUTS2,ro21:nuts2,2003,2026-09-15T16:28:02.595641+00:00,125.3,final,2003-01-01,2003-12-31,1,2026-09-15T16:28:02.595641+00:00
VALUE_ADDED_GROWTH_NUTS2,ro21:nuts2,2004,2026-09-15T16:28:02.595641+00:00,131.8,final,2004-01-01,2004-12-31,1,2026-09-15T16:28:02.595641+00:00
VALUE_ADDED_GROWTH_NUTS2,ro21:nuts2,2005,2026-09-15T16:28:02.595641+00:00,132.5,final,2005-01-01,2005-12-31,1,2026-09-15T16:28:02.595641+00:00
VALUE_ADDED_GROWTH_NUTS2,ro21:nuts2,2006,2026-09-15T16:28:02.595641+00:00,138.4,final,2006-01-01,2006-12-31,1,2026-09-15T16:28:02.595641+00:00
VALUE_ADDED_GROWTH_NUTS2,ro21:nuts2,2007,2026-09-15T16:28:02.595641+00:00,143.5,final,2007-01-01,2007-12-31,1,2026-09-15T16:28:02.595641+00:00
VALUE_ADDED_GROWTH_NUTS2,ro21:nuts2,2008,2026-09-15T16:28:02.595641+00:00,147.3,final,2008-01-01,2008-12-31,1,2026-09-15T16:28:02.595641+00:00
VALUE_ADDED_GROWTH_NUTS2,ro21:nuts2,2009,2026-09-15T16:28:02.595641+00:00,136.7,final,2009-01-01,2009-12-31,1,2026-09-15T16:28:02.595641+00:00
VALUE_ADDED_GROWTH_NUTS2,ro21:nuts2,2010,2026-09-15T16:28:02.595641+00:00,122.5,final,2010-01-01,2010-12-31,1,2026-09-15T16:28:02.595641+00:00
VALUE_ADDED_GROWTH_NUTS2,ro21:nuts2,2011,2026-09-15T16:28:02.595641+00:00,114.7,final,2011-01-01,2011-12-31,1,2026-09-15T16:28:02.595641+00:00
VALUE_ADDED_GROWTH_NUTS2,ro21:nuts2,2012,2026-09-15T16:28:02.595641+00:00,111.9,final,2012-01-01,2012-12-31,1,2026-09-15T16:28:02.595641+00:00
VALUE_ADDED_GROWTH_NUTS2,ro21:nuts2,2013,2026-09-15T16:28:02.595641+00:00,108.3,final,2013-01-01,2013-12-31,1,2026-09-15T16:28:02.595641+00:00
VALUE_ADDED_GROWTH_NUTS2,ro21:nuts2,2014,2026-09-15T16:28:02.595641+00:00,107.7,final,2014-01-01,2014-12-31,1,2026-09-15T16:28:02.595641+00:00
VALUE_ADDED_GROWTH_NUTS2,ro21:nuts2,2015,2026-09-15T16:28:02.595641+00:00,103.4,final,2015-01-01,2015-12-31,1,2026-09-15T16:28:02.595641+00:00
VALUE_ADDED_GROWTH_NUTS2,ro21:nuts2,2016,2026-09-15T16:28:02.595641+00:00,100.6,final,2016-01-01,2016-12-31,1,2026-09-15T16:28:02.595641+00:00
VALUE_ADDED_GROWTH_NUTS2,ro21:nuts2,2017,2026-09-15T16:28:02.595641+00:00,105.8,final,2017-01-01,2017-12-31,1,2026-09-15T16:28:02.595641+00:00
VALUE_ADDED_GROWTH_NUTS2,ro21:nuts2,2018,2026-09-15T16:28:02.595641+00:00,106.3,final,2018-01-01,2018-12-31,1,2026-09-15T16:28:02.595641+00:00
VALUE_ADDED_GROWTH_NUTS2,ro21:nuts2,2019,2026-09-15T16:28:02.595641+00:00,106.5,final,2019-01-01,2019-12-31,1,2026-09-15T16:28:02.595641+00:00
VALUE_ADDED_GROWTH_NUTS2,ro21:nuts2,2020,2026-09-15T16:28:02.595641+00:00,100.0,final,2020-01-01,2020-12-31,1,2026-09-15T16:28:02.595641+00:00
VALUE_ADDED_GROWTH_NUTS2,ro21:nuts2,2021,2026-09-15T16:28:02.595641+00:00,100.9,final,2021-01-01,2021-12-31,1,2026-09-15T16:28:02.595641+00:00
VALUE_ADDED_GROWTH_NUTS2,ro21:nuts2,2022,2026-09-15T16:28:02.595641+00:00,100.6,final,2022-01-01,2022-12-31,1,2026-09-15T16:28:02.595641+00:00
VALUE_ADDED_GROWTH_NUTS2,ro21:nuts2,2023,2026-09-15T16:28:02.595641+00:00,104.8,final,2023-01-01,2023-12-31,1,2026-09-15T16:28:02.595641+00:00
VALUE_ADDED_GROWTH_NUTS2,ro21:nuts2,2024,2026-09-15T16:28:02.595641+00:00,104.9,provisional,2024-01-01,2024-12-31,1,2026-09-15T16:28:02.595641+00:00
VALUE_ADDED_GROWTH_NUTS2,ro22:nuts2,2000,2026-09-15T16:28:02.595641+00:00,64.0,final,2000-01-01,2000-12-31,1,2026-09-15T16:28:02.595641+00:00
VALUE_ADDED_GROWTH_NUTS2,ro22:nuts2,2001,2026-09-15T16:28:02.595641+00:00,66.6,final,2001-01-01,2001-12-31,1,2026-09-15T16:28:02.595641+00:00
VALUE_ADDED_GROWTH_NUTS2,ro22:nuts2,2002,2026-09-15T16:28:02.595641+00:00,69.5,final,2002-01-01,2002-12-31,1,2026-09-15T16:28:02.595641+00:00
VALUE_ADDED_GROWTH_NUTS2,ro22:nuts2,2003,2026-09-15T16:28:02.595641+00:00,69.9,final,2003-01-01,2003-12-31,1,2026-09-15T16:28:02.595641+00:00
VALUE_ADDED_GROWTH_NUTS2,ro22:nuts2,2004,2026-09-15T16:28:02.595641+00:00,79.7,final,2004-01-01,2004-12-31,1,2026-09-15T16:28:02.595641+00:00
VALUE_ADDED_GROWTH_NUTS2,ro22:nuts2,2005,2026-09-15T16:28:02.595641+00:00,78.4,final,2005-01-01,2005-12-31,1,2026-09-15T16:28:02.595641+00:00
VALUE_ADDED_GROWTH_NUTS2,ro22:nuts2,2006,2026-09-15T16:28:02.595641+00:00,84.3,final,2006-01-01,2006-12-31,1,2026-09-15T16:28:02.595641+00:00
VALUE_ADDED_GROWTH_NUTS2,ro22:nuts2,2007,2026-09-15T16:28:02.595641+00:00,85.2,final,2007-01-01,2007-12-31,1,2026-09-15T16:28:02.595641+00:00
VALUE_ADDED_GROWTH_NUTS2,ro22:nuts2,2008,2026-09-15T16:28:02.595641+00:00,89.6,final,2008-01-01,2008-12-31,1,2026-09-15T16:28:02.595641+00:00
VALUE_ADDED_GROWTH_NUTS2,ro22:nuts2,2009,2026-09-15T16:28:02.595641+00:00,88.8,final,2009-01-01,2009-12-31,1,2026-09-15T16:28:02.595641+00:00
VALUE_ADDED_GROWTH_NUTS2,ro22:nuts2,2010,2026-09-15T16:28:02.595641+00:00,81.9,final,2010-01-01,2010-12-31,1,2026-09-15T16:28:02.595641+00:00
VALUE_ADDED_GROWTH_NUTS2,ro22:nuts2,2011,2026-09-15T16:28:02.595641+00:00,86.4,final,2011-01-01,2011-12-31,1,2026-09-15T16:28:02.595641+00:00
VALUE_ADDED_GROWTH_NUTS2,ro22:nuts2,2012,2026-09-15T16:28:02.595641+00:00,84.8,final,2012-01-01,2012-12-31,1,2026-09-15T16:28:02.595641+00:00
VALUE_ADDED_GROWTH_NUTS2,ro22:nuts2,2013,2026-09-15T16:28:02.595641+00:00,90.4,final,2013-01-01,2013-12-31,1,2026-09-15T16:28:02.595641+00:00
VALUE_ADDED_GROWTH_NUTS2,ro22:nuts2,2014,2026-09-15T16:28:02.595641+00:00,94.5,final,2014-01-01,2014-12-31,1,2026-09-15T16:28:02.595641+00:00
VALUE_ADDED_GROWTH_NUTS2,ro22:nuts2,2015,2026-09-15T16:28:02.595641+00:00,96.1,final,2015-01-01,2015-12-31,1,2026-09-15T16:28:02.595641+00:00
VALUE_ADDED_GROWTH_NUTS2,ro22:nuts2,2016,2026-09-15T16:28:02.595641+00:00,96.8,final,2016-01-01,2016-12-31,1,2026-09-15T16:28:02.595641+00:00
VALUE_ADDED_GROWTH_NUTS2,ro22:nuts2,2017,2026-09-15T16:28:02.595641+00:00,102.6,final,2017-01-01,2017-12-31,1,2026-09-15T16:28:02.595641+00:00
VALUE_ADDED_GROWTH_NUTS2,ro22:nuts2,2018,2026-09-15T16:28:02.595641+00:00,106.0,final,2018-01-01,2018-12-31,1,2026-09-15T16:28:02.595641+00:00
VALUE_ADDED_GROWTH_NUTS2,ro22:nuts2,2019,2026-09-15T16:28:02.595641+00:00,106.8,final,2019-01-01,2019-12-31,1,2026-09-15T16:28:02.595641+00:00
VALUE_ADDED_GROWTH_NUTS2,ro22:nuts2,2020,2026-09-15T16:28:02.595641+00:00,100.0,final,2020-01-01,2020-12-31,1,2026-09-15T16:28:02.595641+00:00
VALUE_ADDED_GROWTH_NUTS2,ro22:nuts2,2021,2026-09-15T16:28:02.595641+00:00,103.8,final,2021-01-01,2021-12-31,1,2026-09-15T16:28:02.595641+00:00
VALUE_ADDED_GROWTH_NUTS2,ro22:nuts2,2022,2026-09-15T16:28:02.595641+00:00,97.1,final,2022-01-01,2022-12-31,1,2026-09-15T16:28:02.595641+00:00
VALUE_ADDED_GROWTH_NUTS2,ro22:nuts2,2023,2026-09-15T16:28:02.595641+00:00,99.3,final,2023-01-01,2023-12-31,1,2026-09-15T16:28:02.595641+00:00
VALUE_ADDED_GROWTH_NUTS2,ro22:nuts2,2024,2026-09-15T16:28:02.595641+00:00,99.4,provisional,2024-01-01,2024-12-31,1,2026-09-15T16:28:02.595641+00:00
VALUE_ADDED_GROWTH_NUTS2,ro31:nuts2,2000,2026-09-15T16:28:02.595641+00:00,102.5,final,2000-01-01,2000-12-31,1,2026-09-15T16:28:02.595641+00:00
VALUE_ADDED_GROWTH_NUTS2,ro31:nuts2,2001,2026-09-15T16:28:02.595641+00:00,108.8,final,2001-01-01,2001-12-31,1,2026-09-15T16:28:02.595641+00:00
VALUE_ADDED_GROWTH_NUTS2,ro31:nuts2,2002,2026-09-15T16:28:02.595641+00:00,109.7,final,2002-01-01,2002-12-31,1,2026-09-15T16:28:02.595641+00:00
VALUE_ADDED_GROWTH_NUTS2,ro31:nuts2,2003,2026-09-15T16:28:02.595641+00:00,109.2,final,2003-01-01,2003-12-31,1,2026-09-15T16:28:02.595641+00:00
VALUE_ADDED_GROWTH_NUTS2,ro31:nuts2,2004,2026-09-15T16:28:02.595641+00:00,122.1,final,2004-01-01,2004-12-31,1,2026-09-15T16:28:02.595641+00:00
VALUE_ADDED_GROWTH_NUTS2,ro31:nuts2,2005,2026-09-15T16:28:02.595641+00:00,121.9,final,2005-01-01,2005-12-31,1,2026-09-15T16:28:02.595641+00:00
VALUE_ADDED_GROWTH_NUTS2,ro31:nuts2,2006,2026-09-15T16:28:02.595641+00:00,128.2,final,2006-01-01,2006-12-31,1,2026-09-15T16:28:02.595641+00:00
VALUE_ADDED_GROWTH_NUTS2,ro31:nuts2,2007,2026-09-15T16:28:02.595641+00:00,127.9,final,2007-01-01,2007-12-31,1,2026-09-15T16:28:02.595641+00:00
VALUE_ADDED_GROWTH_NUTS2,ro31:nuts2,2008,2026-09-15T16:28:02.595641+00:00,134.6,final,2008-01-01,2008-12-31,1,2026-09-15T16:28:02.595641+00:00
VALUE_ADDED_GROWTH_NUTS2,ro31:nuts2,2009,2026-09-15T16:28:02.595641+00:00,131.0,final,2009-01-01,2009-12-31,1,2026-09-15T16:28:02.595641+00:00
VALUE_ADDED_GROWTH_NUTS2,ro31:nuts2,2010,2026-09-15T16:28:02.595641+00:00,112.0,final,2010-01-01,2010-12-31,1,2026-09-15T16:28:02.595641+00:00
VALUE_ADDED_GROWTH_NUTS2,ro31:nuts2,2011,2026-09-15T16:28:02.595641+00:00,114.4,final,2011-01-01,2011-12-31,1,2026-09-15T16:28:02.595641+00:00
VALUE_ADDED_GROWTH_NUTS2,ro31:nuts2,2012,2026-09-15T16:28:02.595641+00:00,102.8,final,2012-01-01,2012-12-31,1,2026-09-15T16:28:02.595641+00:00
VALUE_ADDED_GROWTH_NUTS2,ro31:nuts2,2013,2026-09-15T16:28:02.595641+00:00,103.0,final,2013-01-01,2013-12-31,1,2026-09-15T16:28:02.595641+00:00
VALUE_ADDED_GROWTH_NUTS2,ro31:nuts2,2014,2026-09-15T16:28:02.595641+00:00,111.6,final,2014-01-01,2014-12-31,1,2026-09-15T16:28:02.595641+00:00
VALUE_ADDED_GROWTH_NUTS2,ro31:nuts2,2015,2026-09-15T16:28:02.595641+00:00,109.5,final,2015-01-01,2015-12-31,1,2026-09-15T16:28:02.595641+00:00
VALUE_ADDED_GROWTH_NUTS2,ro31:nuts2,2016,2026-09-15T16:28:02.595641+00:00,107.8,final,2016-01-01,2016-12-31,1,2026-09-15T16:28:02.595641+00:00
VALUE_ADDED_GROWTH_NUTS2,ro31:nuts2,2017,2026-09-15T16:28:02.595641+00:00,108.1,final,2017-01-01,2017-12-31,1,2026-09-15T16:28:02.595641+00:00
VALUE_ADDED_GROWTH_NUTS2,ro31:nuts2,2018,2026-09-15T16:28:02.595641+00:00,110.1,final,2018-01-01,2018-12-31,1,2026-09-15T16:28:02.595641+00:00
VALUE_ADDED_GROWTH_NUTS2,ro31:nuts2,2019,2026-09-15T16:28:02.595641+00:00,107.1,final,2019-01-01,2019-12-31,1,2026-09-15T16:28:02.595641+00:00
VALUE_ADDED_GROWTH_NUTS2,ro31:nuts2,2020,2026-09-15T16:28:02.595641+00:00,100.0,final,2020-01-01,2020-12-31,1,2026-09-15T16:28:02.595641+00:00
VALUE_ADDED_GROWTH_NUTS2,ro31:nuts2,2021,2026-09-15T16:28:02.595641+00:00,99.7,final,2021-01-01,2021-12-31,1,2026-09-15T16:28:02.595641+00:00
VALUE_ADDED_GROWTH_NUTS2,ro31:nuts2,2022,2026-09-15T16:28:02.595641+00:00,96.2,final,2022-01-01,2022-12-31,1,2026-09-15T16:28:02.595641+00:00
VALUE_ADDED_GROWTH_NUTS2,ro31:nuts2,2023,2026-09-15T16:28:02.595641+00:00,90.9,final,2023-01-01,2023-12-31,1,2026-09-15T16:28:02.595641+00:00
VALUE_ADDED_GROWTH_NUTS2,ro31:nuts2,2024,2026-09-15T16:28:02.595641+00:00,90.8,provisional,2024-01-01,2024-12-31,1,2026-09-15T16:28:02.595641+00:00
VALUE_ADDED_GROWTH_NUTS2,ro32:nuts2,2000,2026-09-15T16:28:02.595641+00:00,18.9,final,2000-01-01,2000-12-31,1,2026-09-15T16:28:02.595641+00:00
VALUE_ADDED_GROWTH_NUTS2,ro32:nuts2,2001,2026-09-15T16:28:02.595641+00:00,19.7,final,2001-01-01,2001-12-31,1,2026-09-15T16:28:02.595641+00:00
VALUE_ADDED_GROWTH_NUTS2,ro32:nuts2,2002,2026-09-15T16:28:02.595641+00:00,21.6,final,2002-01-01,2002-12-31,1,2026-09-15T16:28:02.595641+00:00
VALUE_ADDED_GROWTH_NUTS2,ro32:nuts2,2003,2026-09-15T16:28:02.595641+00:00,22.8,final,2003-01-01,2003-12-31,1,2026-09-15T16:28:02.595641+00:00
VALUE_ADDED_GROWTH_NUTS2,ro32:nuts2,2004,2026-09-15T16:28:02.595641+00:00,26.2,final,2004-01-01,2004-12-31,1,2026-09-15T16:28:02.595641+00:00
VALUE_ADDED_GROWTH_NUTS2,ro32:nuts2,2005,2026-09-15T16:28:02.595641+00:00,30.7,final,2005-01-01,2005-12-31,1,2026-09-15T16:28:02.595641+00:00
VALUE_ADDED_GROWTH_NUTS2,ro32:nuts2,2006,2026-09-15T16:28:02.595641+00:00,34.0,final,2006-01-01,2006-12-31,1,2026-09-15T16:28:02.595641+00:00
VALUE_ADDED_GROWTH_NUTS2,ro32:nuts2,2007,2026-09-15T16:28:02.595641+00:00,39.2,final,2007-01-01,2007-12-31,1,2026-09-15T16:28:02.595641+00:00
VALUE_ADDED_GROWTH_NUTS2,ro32:nuts2,2008,2026-09-15T16:28:02.595641+00:00,49.2,final,2008-01-01,2008-12-31,1,2026-09-15T16:28:02.595641+00:00
VALUE_ADDED_GROWTH_NUTS2,ro32:nuts2,2009,2026-09-15T16:28:02.595641+00:00,46.3,final,2009-01-01,2009-12-31,1,2026-09-15T16:28:02.595641+00:00
VALUE_ADDED_GROWTH_NUTS2,ro32:nuts2,2010,2026-09-15T16:28:02.595641+00:00,48.0,final,2010-01-01,2010-12-31,1,2026-09-15T16:28:02.595641+00:00
VALUE_ADDED_GROWTH_NUTS2,ro32:nuts2,2011,2026-09-15T16:28:02.595641+00:00,54.8,final,2011-01-01,2011-12-31,1,2026-09-15T16:28:02.595641+00:00
VALUE_ADDED_GROWTH_NUTS2,ro32:nuts2,2012,2026-09-15T16:28:02.595641+00:00,59.1,final,2012-01-01,2012-12-31,1,2026-09-15T16:28:02.595641+00:00
VALUE_ADDED_GROWTH_NUTS2,ro32:nuts2,2013,2026-09-15T16:28:02.595641+00:00,60.5,final,2013-01-01,2013-12-31,1,2026-09-15T16:28:02.595641+00:00
VALUE_ADDED_GROWTH_NUTS2,ro32:nuts2,2014,2026-09-15T16:28:02.595641+00:00,63.2,final,2014-01-01,2014-12-31,1,2026-09-15T16:28:02.595641+00:00
VALUE_ADDED_GROWTH_NUTS2,ro32:nuts2,2015,2026-09-15T16:28:02.595641+00:00,68.4,final,2015-01-01,2015-12-31,1,2026-09-15T16:28:02.595641+00:00
VALUE_ADDED_GROWTH_NUTS2,ro32:nuts2,2016,2026-09-15T16:28:02.595641+00:00,73.0,final,2016-01-01,2016-12-31,1,2026-09-15T16:28:02.595641+00:00
VALUE_ADDED_GROWTH_NUTS2,ro32:nuts2,2017,2026-09-15T16:28:02.595641+00:00,82.7,final,2017-01-01,2017-12-31,1,2026-09-15T16:28:02.595641+00:00
VALUE_ADDED_GROWTH_NUTS2,ro32:nuts2,2018,2026-09-15T16:28:02.595641+00:00,89.1,final,2018-01-01,2018-12-31,1,2026-09-15T16:28:02.595641+00:00
VALUE_ADDED_GROWTH_NUTS2,ro32:nuts2,2019,2026-09-15T16:28:02.595641+00:00,97.9,final,2019-01-01,2019-12-31,1,2026-09-15T16:28:02.595641+00:00
VALUE_ADDED_GROWTH_NUTS2,ro32:nuts2,2020,2026-09-15T16:28:02.595641+00:00,100.0,final,2020-01-01,2020-12-31,1,2026-09-15T16:28:02.595641+00:00
VALUE_ADDED_GROWTH_NUTS2,ro32:nuts2,2021,2026-09-15T16:28:02.595641+00:00,110.4,final,2021-01-01,2021-12-31,1,2026-09-15T16:28:02.595641+00:00
VALUE_ADDED_GROWTH_NUTS2,ro32:nuts2,2022,2026-09-15T16:28:02.595641+00:00,123.8,final,2022-01-01,2022-12-31,1,2026-09-15T16:28:02.595641+00:00
VALUE_ADDED_GROWTH_NUTS2,ro32:nuts2,2023,2026-09-15T16:28:02.595641+00:00,127.3,final,2023-01-01,2023-12-31,1,2026-09-15T16:28:02.595641+00:00
VALUE_ADDED_GROWTH_NUTS2,ro32:nuts2,2024,2026-09-15T16:28:02.595641+00:00,127.8,provisional,2024-01-01,2024-12-31,1,2026-09-15T16:28:02.595641+00:00
VALUE_ADDED_GROWTH_NUTS2,ro41:nuts2,2000,2026-09-15T16:28:02.595641+00:00,111.8,final,2000-01-01,2000-12-31,1,2026-09-15T16:28:02.595641+00:00
VALUE_ADDED_GROWTH_NUTS2,ro41:nuts2,2001,2026-09-15T16:28:02.595641+00:00,121.6,final,2001-01-01,2001-12-31,1,2026-09-15T16:28:02.595641+00:00
VALUE_ADDED_GROWTH_NUTS2,ro41:nuts2,2002,2026-09-15T16:28:02.595641+00:00,114.6,final,2002-01-01,2002-12-31,1,2026-09-15T16:28:02.595641+00:00
VALUE_ADDED_GROWTH_NUTS2,ro41:nuts2,2003,2026-09-15T16:28:02.595641+00:00,123.1,final,2003-01-01,2003-12-31,1,2026-09-15T16:28:02.595641+00:00
VALUE_ADDED_GROWTH_NUTS2,ro41:nuts2,2004,2026-09-15T16:28:02.595641+00:00,133.1,final,2004-01-01,2004-12-31,1,2026-09-15T16:28:02.595641+00:00
VALUE_ADDED_GROWTH_NUTS2,ro41:nuts2,2005,2026-09-15T16:28:02.595641+00:00,128.9,final,2005-01-01,2005-12-31,1,2026-09-15T16:28:02.595641+00:00
VALUE_ADDED_GROWTH_NUTS2,ro41:nuts2,2006,2026-09-15T16:28:02.595641+00:00,138.6,final,2006-01-01,2006-12-31,1,2026-09-15T16:28:02.595641+00:00
VALUE_ADDED_GROWTH_NUTS2,ro41:nuts2,2007,2026-09-15T16:28:02.595641+00:00,139.9,final,2007-01-01,2007-12-31,1,2026-09-15T16:28:02.595641+00:00
VALUE_ADDED_GROWTH_NUTS2,ro41:nuts2,2008,2026-09-15T16:28:02.595641+00:00,142.7,final,2008-01-01,2008-12-31,1,2026-09-15T16:28:02.595641+00:00
VALUE_ADDED_GROWTH_NUTS2,ro41:nuts2,2009,2026-09-15T16:28:02.595641+00:00,135.9,final,2009-01-01,2009-12-31,1,2026-09-15T16:28:02.595641+00:00
VALUE_ADDED_GROWTH_NUTS2,ro41:nuts2,2010,2026-09-15T16:28:02.595641+00:00,119.3,final,2010-01-01,2010-12-31,1,2026-09-15T16:28:02.595641+00:00
VALUE_ADDED_GROWTH_NUTS2,ro41:nuts2,2011,2026-09-15T16:28:02.595641+00:00,116.0,final,2011-01-01,2011-12-31,1,2026-09-15T16:28:02.595641+00:00
VALUE_ADDED_GROWTH_NUTS2,ro41:nuts2,2012,2026-09-15T16:28:02.595641+00:00,113.2,final,2012-01-01,2012-12-31,1,2026-09-15T16:28:02.595641+00:00
VALUE_ADDED_GROWTH_NUTS2,ro41:nuts2,2013,2026-09-15T16:28:02.595641+00:00,106.2,final,2013-01-01,2013-12-31,1,2026-09-15T16:28:02.595641+00:00
VALUE_ADDED_GROWTH_NUTS2,ro41:nuts2,2014,2026-09-15T16:28:02.595641+00:00,102.6,final,2014-01-01,2014-12-31,1,2026-09-15T16:28:02.595641+00:00
VALUE_ADDED_GROWTH_NUTS2,ro41:nuts2,2015,2026-09-15T16:28:02.595641+00:00,100.9,final,2015-01-01,2015-12-31,1,2026-09-15T16:28:02.595641+00:00
VALUE_ADDED_GROWTH_NUTS2,ro41:nuts2,2016,2026-09-15T16:28:02.595641+00:00,98.8,final,2016-01-01,2016-12-31,1,2026-09-15T16:28:02.595641+00:00
VALUE_ADDED_GROWTH_NUTS2,ro41:nuts2,2017,2026-09-15T16:28:02.595641+00:00,105.5,final,2017-01-01,2017-12-31,1,2026-09-15T16:28:02.595641+00:00
VALUE_ADDED_GROWTH_NUTS2,ro41:nuts2,2018,2026-09-15T16:28:02.595641+00:00,109.5,final,2018-01-01,2018-12-31,1,2026-09-15T16:28:02.595641+00:00
VALUE_ADDED_GROWTH_NUTS2,ro41:nuts2,2019,2026-09-15T16:28:02.595641+00:00,109.3,final,2019-01-01,2019-12-31,1,2026-09-15T16:28:02.595641+00:00
VALUE_ADDED_GROWTH_NUTS2,ro41:nuts2,2020,2026-09-15T16:28:02.595641+00:00,100.0,final,2020-01-01,2020-12-31,1,2026-09-15T16:28:02.595641+00:00
VALUE_ADDED_GROWTH_NUTS2,ro41:nuts2,2021,2026-09-15T16:28:02.595641+00:00,97.7,final,2021-01-01,2021-12-31,1,2026-09-15T16:28:02.595641+00:00
VALUE_ADDED_GROWTH_NUTS2,ro41:nuts2,2022,2026-09-15T16:28:02.595641+00:00,94.2,final,2022-01-01,2022-12-31,1,2026-09-15T16:28:02.595641+00:00
VALUE_ADDED_GROWTH_NUTS2,ro41:nuts2,2023,2026-09-15T16:28:02.595641+00:00,95.1,final,2023-01-01,2023-12-31,1,2026-09-15T16:28:02.595641+00:00
VALUE_ADDED_GROWTH_NUTS2,ro41:nuts2,2024,2026-09-15T16:28:02.595641+00:00,95.0,provisional,2024-01-01,2024-12-31,1,2026-09-15T16:28:02.595641+00:00
VALUE_ADDED_GROWTH_NUTS2,ro42:nuts2,2000,2026-09-15T16:28:02.595641+00:00,36.5,final,2000-01-01,2000-12-31,1,2026-09-15T16:28:02.595641+00:00
VALUE_ADDED_GROWTH_NUTS2,ro42:nuts2,2001,2026-09-15T16:28:02.595641+00:00,38.8,final,2001-01-01,2001-12-31,1,2026-09-15T16:28:02.595641+00:00
VALUE_ADDED_GROWTH_NUTS2,ro42:nuts2,2002,2026-09-15T16:28:02.595641+00:00,40.6,final,2002-01-01,2002-12-31,1,2026-09-15T16:28:02.595641+00:00
VALUE_ADDED_GROWTH_NUTS2,ro42:nuts2,2003,2026-09-15T16:28:02.595641+00:00,42.0,final,2003-01-01,2003-12-31,1,2026-09-15T16:28:02.595641+00:00
VALUE_ADDED_GROWTH_NUTS2,ro42:nuts2,2004,2026-09-15T16:28:02.595641+00:00,46.6,final,2004-01-01,2004-12-31,1,2026-09-15T16:28:02.595641+00:00
VALUE_ADDED_GROWTH_NUTS2,ro42:nuts2,2005,2026-09-15T16:28:02.595641+00:00,48.3,final,2005-01-01,2005-12-31,1,2026-09-15T16:28:02.595641+00:00
VALUE_ADDED_GROWTH_NUTS2,ro42:nuts2,2006,2026-09-15T16:28:02.595641+00:00,54.2,final,2006-01-01,2006-12-31,1,2026-09-15T16:28:02.595641+00:00
VALUE_ADDED_GROWTH_NUTS2,ro42:nuts2,2007,2026-09-15T16:28:02.595641+00:00,58.1,final,2007-01-01,2007-12-31,1,2026-09-15T16:28:02.595641+00:00
VALUE_ADDED_GROWTH_NUTS2,ro42:nuts2,2008,2026-09-15T16:28:02.595641+00:00,64.6,final,2008-01-01,2008-12-31,1,2026-09-15T16:28:02.595641+00:00
VALUE_ADDED_GROWTH_NUTS2,ro42:nuts2,2009,2026-09-15T16:28:02.595641+00:00,62.4,final,2009-01-01,2009-12-31,1,2026-09-15T16:28:02.595641+00:00
VALUE_ADDED_GROWTH_NUTS2,ro42:nuts2,2010,2026-09-15T16:28:02.595641+00:00,61.3,final,2010-01-01,2010-12-31,1,2026-09-15T16:28:02.595641+00:00
VALUE_ADDED_GROWTH_NUTS2,ro42:nuts2,2011,2026-09-15T16:28:02.595641+00:00,64.9,final,2011-01-01,2011-12-31,1,2026-09-15T16:28:02.595641+00:00
VALUE_ADDED_GROWTH_NUTS2,ro42:nuts2,2012,2026-09-15T16:28:02.595641+00:00,72.1,final,2012-01-01,2012-12-31,1,2026-09-15T16:28:02.595641+00:00
VALUE_ADDED_GROWTH_NUTS2,ro42:nuts2,2013,2026-09-15T16:28:02.595641+00:00,71.3,final,2013-01-01,2013-12-31,1,2026-09-15T16:28:02.595641+00:00
VALUE_ADDED_GROWTH_NUTS2,ro42:nuts2,2014,2026-09-15T16:28:02.595641+00:00,75.3,final,2014-01-01,2014-12-31,1,2026-09-15T16:28:02.595641+00:00
VALUE_ADDED_GROWTH_NUTS2,ro42:nuts2,2015,2026-09-15T16:28:02.595641+00:00,81.0,final,2015-01-01,2015-12-31,1,2026-09-15T16:28:02.595641+00:00
VALUE_ADDED_GROWTH_NUTS2,ro42:nuts2,2016,2026-09-15T16:28:02.595641+00:00,85.9,final,2016-01-01,2016-12-31,1,2026-09-15T16:28:02.595641+00:00
VALUE_ADDED_GROWTH_NUTS2,ro42:nuts2,2017,2026-09-15T16:28:02.595641+00:00,92.5,final,2017-01-01,2017-12-31,1,2026-09-15T16:28:02.595641+00:00
VALUE_ADDED_GROWTH_NUTS2,ro42:nuts2,2018,2026-09-15T16:28:02.595641+00:00,99.7,final,2018-01-01,2018-12-31,1,2026-09-15T16:28:02.595641+00:00
VALUE_ADDED_GROWTH_NUTS2,ro42:nuts2,2019,2026-09-15T16:28:02.595641+00:00,105.7,final,2019-01-01,2019-12-31,1,2026-09-15T16:28:02.595641+00:00
VALUE_ADDED_GROWTH_NUTS2,ro42:nuts2,2020,2026-09-15T16:28:02.595641+00:00,100.0,final,2020-01-01,2020-12-31,1,2026-09-15T16:28:02.595641+00:00
VALUE_ADDED_GROWTH_NUTS2,ro42:nuts2,2021,2026-09-15T16:28:02.595641+00:00,107.4,final,2021-01-01,2021-12-31,1,2026-09-15T16:28:02.595641+00:00
VALUE_ADDED_GROWTH_NUTS2,ro42:nuts2,2022,2026-09-15T16:28:02.595641+00:00,113.5,final,2022-01-01,2022-12-31,1,2026-09-15T16:28:02.595641+00:00
VALUE_ADDED_GROWTH_NUTS2,ro42:nuts2,2023,2026-09-15T16:28:02.595641+00:00,118.3,final,2023-01-01,2023-12-31,1,2026-09-15T16:28:02.595641+00:00
VALUE_ADDED_GROWTH_NUTS2,ro42:nuts2,2024,2026-09-15T16:28:02.595641+00:00,118.6,provisional,2024-01-01,2024-12-31,1,2026-09-15T16:28:02.595641+00:00
VALUE_ADDED_GROWTH_NUTS2,rs11:nuts2,2000,2026-09-15T16:28:02.595641+00:00,39.8,final,2000-01-01,2000-12-31,1,2026-09-15T16:28:02.595641+00:00
VALUE_ADDED_GROWTH_NUTS2,rs11:nuts2,2001,2026-09-15T16:28:02.595641+00:00,44.7,final,2001-01-01,2001-12-31,1,2026-09-15T16:28:02.595641+00:00
VALUE_ADDED_GROWTH_NUTS2,rs11:nuts2,2002,2026-09-15T16:28:02.595641+00:00,52.5,final,2002-01-01,2002-12-31,1,2026-09-15T16:28:02.595641+00:00
VALUE_ADDED_GROWTH_NUTS2,rs11:nuts2,2003,2026-09-15T16:28:02.595641+00:00,57.1,final,2003-01-01,2003-12-31,1,2026-09-15T16:28:02.595641+00:00
VALUE_ADDED_GROWTH_NUTS2,rs11:nuts2,2004,2026-09-15T16:28:02.595641+00:00,64.6,final,2004-01-01,2004-12-31,1,2026-09-15T16:28:02.595641+00:00
VALUE_ADDED_GROWTH_NUTS2,rs11:nuts2,2005,2026-09-15T16:28:02.595641+00:00,68.5,final,2005-01-01,2005-12-31,1,2026-09-15T16:28:02.595641+00:00
VALUE_ADDED_GROWTH_NUTS2,rs11:nuts2,2006,2026-09-15T16:28:02.595641+00:00,72.3,final,2006-01-01,2006-12-31,1,2026-09-15T16:28:02.595641+00:00
VALUE_ADDED_GROWTH_NUTS2,rs11:nuts2,2007,2026-09-15T16:28:02.595641+00:00,80.8,final,2007-01-01,2007-12-31,1,2026-09-15T16:28:02.595641+00:00
VALUE_ADDED_GROWTH_NUTS2,rs11:nuts2,2008,2026-09-15T16:28:02.595641+00:00,87.6,final,2008-01-01,2008-12-31,1,2026-09-15T16:28:02.595641+00:00
VALUE_ADDED_GROWTH_NUTS2,rs11:nuts2,2009,2026-09-15T16:28:02.595641+00:00,84.1,final,2009-01-01,2009-12-31,1,2026-09-15T16:28:02.595641+00:00
VALUE_ADDED_GROWTH_NUTS2,rs11:nuts2,2010,2026-09-15T16:28:02.595641+00:00,86.1,final,2010-01-01,2010-12-31,1,2026-09-15T16:28:02.595641+00:00
VALUE_ADDED_GROWTH_NUTS2,rs11:nuts2,2011,2026-09-15T16:28:02.595641+00:00,83.8,final,2011-01-01,2011-12-31,1,2026-09-15T16:28:02.595641+00:00
VALUE_ADDED_GROWTH_NUTS2,rs11:nuts2,2012,2026-09-15T16:28:02.595641+00:00,85.4,final,2012-01-01,2012-12-31,1,2026-09-15T16:28:02.595641+00:00
VALUE_ADDED_GROWTH_NUTS2,rs11:nuts2,2013,2026-09-15T16:28:02.595641+00:00,85.0,final,2013-01-01,2013-12-31,1,2026-09-15T16:28:02.595641+00:00
VALUE_ADDED_GROWTH_NUTS2,rs11:nuts2,2014,2026-09-15T16:28:02.595641+00:00,80.1,final,2014-01-01,2014-12-31,1,2026-09-15T16:28:02.595641+00:00
VALUE_ADDED_GROWTH_NUTS2,rs11:nuts2,2015,2026-09-15T16:28:02.595641+00:00,82.7,final,2015-01-01,2015-12-31,1,2026-09-15T16:28:02.595641+00:00
VALUE_ADDED_GROWTH_NUTS2,rs11:nuts2,2016,2026-09-15T16:28:02.595641+00:00,86.0,final,2016-01-01,2016-12-31,1,2026-09-15T16:28:02.595641+00:00
VALUE_ADDED_GROWTH_NUTS2,rs11:nuts2,2017,2026-09-15T16:28:02.595641+00:00,88.7,final,2017-01-01,2017-12-31,1,2026-09-15T16:28:02.595641+00:00
VALUE_ADDED_GROWTH_NUTS2,rs11:nuts2,2018,2026-09-15T16:28:02.595641+00:00,95.0,final,2018-01-01,2018-12-31,1,2026-09-15T16:28:02.595641+00:00
VALUE_ADDED_GROWTH_NUTS2,rs11:nuts2,2019,2026-09-15T16:28:02.595641+00:00,101.0,final,2019-01-01,2019-12-31,1,2026-09-15T16:28:02.595641+00:00
VALUE_ADDED_GROWTH_NUTS2,rs11:nuts2,2020,2026-09-15T16:28:02.595641+00:00,100.0,final,2020-01-01,2020-12-31,1,2026-09-15T16:28:02.595641+00:00
VALUE_ADDED_GROWTH_NUTS2,rs11:nuts2,2021,2026-09-15T16:28:02.595641+00:00,104.1,final,2021-01-01,2021-12-31,1,2026-09-15T16:28:02.595641+00:00
VALUE_ADDED_GROWTH_NUTS2,rs11:nuts2,2022,2026-09-15T16:28:02.595641+00:00,104.4,final,2022-01-01,2022-12-31,1,2026-09-15T16:28:02.595641+00:00
VALUE_ADDED_GROWTH_NUTS2,rs11:nuts2,2023,2026-09-15T16:28:02.595641+00:00,112.1,provisional,2023-01-01,2023-12-31,1,2026-09-15T16:28:02.595641+00:00
VALUE_ADDED_GROWTH_NUTS2,rs11:nuts2,2024,2026-09-15T16:28:02.595641+00:00,116.6,provisional,2024-01-01,2024-12-31,1,2026-09-15T16:28:02.595641+00:00
VALUE_ADDED_GROWTH_NUTS2,rs12:nuts2,2000,2026-09-15T16:28:02.595641+00:00,69.0,final,2000-01-01,2000-12-31,1,2026-09-15T16:28:02.595641+00:00
VALUE_ADDED_GROWTH_NUTS2,rs12:nuts2,2001,2026-09-15T16:28:02.595641+00:00,73.3,final,2001-01-01,2001-12-31,1,2026-09-15T16:28:02.595641+00:00
VALUE_ADDED_GROWTH_NUTS2,rs12:nuts2,2002,2026-09-15T16:28:02.595641+00:00,72.6,final,2002-01-01,2002-12-31,1,2026-09-15T16:28:02.595641+00:00
VALUE_ADDED_GROWTH_NUTS2,rs12:nuts2,2003,2026-09-15T16:28:02.595641+00:00,71.1,final,2003-01-01,2003-12-31,1,2026-09-15T16:28:02.595641+00:00
VALUE_ADDED_GROWTH_NUTS2,rs12:nuts2,2004,2026-09-15T16:28:02.595641+00:00,73.3,final,2004-01-01,2004-12-31,1,2026-09-15T16:28:02.595641+00:00
VALUE_ADDED_GROWTH_NUTS2,rs12:nuts2,2005,2026-09-15T16:28:02.595641+00:00,78.6,final,2005-01-01,2005-12-31,1,2026-09-15T16:28:02.595641+00:00
VALUE_ADDED_GROWTH_NUTS2,rs12:nuts2,2006,2026-09-15T16:28:02.595641+00:00,78.0,final,2006-01-01,2006-12-31,1,2026-09-15T16:28:02.595641+00:00
VALUE_ADDED_GROWTH_NUTS2,rs12:nuts2,2007,2026-09-15T16:28:02.595641+00:00,84.8,final,2007-01-01,2007-12-31,1,2026-09-15T16:28:02.595641+00:00
VALUE_ADDED_GROWTH_NUTS2,rs12:nuts2,2008,2026-09-15T16:28:02.595641+00:00,87.2,final,2008-01-01,2008-12-31,1,2026-09-15T16:28:02.595641+00:00
VALUE_ADDED_GROWTH_NUTS2,rs12:nuts2,2009,2026-09-15T16:28:02.595641+00:00,81.7,final,2009-01-01,2009-12-31,1,2026-09-15T16:28:02.595641+00:00
VALUE_ADDED_GROWTH_NUTS2,rs12:nuts2,2010,2026-09-15T16:28:02.595641+00:00,83.7,final,2010-01-01,2010-12-31,1,2026-09-15T16:28:02.595641+00:00
VALUE_ADDED_GROWTH_NUTS2,rs12:nuts2,2011,2026-09-15T16:28:02.595641+00:00,87.6,final,2011-01-01,2011-12-31,1,2026-09-15T16:28:02.595641+00:00
VALUE_ADDED_GROWTH_NUTS2,rs12:nuts2,2012,2026-09-15T16:28:02.595641+00:00,88.9,final,2012-01-01,2012-12-31,1,2026-09-15T16:28:02.595641+00:00
VALUE_ADDED_GROWTH_NUTS2,rs12:nuts2,2013,2026-09-15T16:28:02.595641+00:00,90.6,final,2013-01-01,2013-12-31,1,2026-09-15T16:28:02.595641+00:00
VALUE_ADDED_GROWTH_NUTS2,rs12:nuts2,2014,2026-09-15T16:28:02.595641+00:00,90.1,final,2014-01-01,2014-12-31,1,2026-09-15T16:28:02.595641+00:00
VALUE_ADDED_GROWTH_NUTS2,rs12:nuts2,2015,2026-09-15T16:28:02.595641+00:00,89.3,final,2015-01-01,2015-12-31,1,2026-09-15T16:28:02.595641+00:00
VALUE_ADDED_GROWTH_NUTS2,rs12:nuts2,2016,2026-09-15T16:28:02.595641+00:00,92.0,final,2016-01-01,2016-12-31,1,2026-09-15T16:28:02.595641+00:00
VALUE_ADDED_GROWTH_NUTS2,rs12:nuts2,2017,2026-09-15T16:28:02.595641+00:00,93.8,final,2017-01-01,2017-12-31,1,2026-09-15T16:28:02.595641+00:00
VALUE_ADDED_GROWTH_NUTS2,rs12:nuts2,2018,2026-09-15T16:28:02.595641+00:00,96.4,final,2018-01-01,2018-12-31,1,2026-09-15T16:28:02.595641+00:00
VALUE_ADDED_GROWTH_NUTS2,rs12:nuts2,2019,2026-09-15T16:28:02.595641+00:00,100.1,final,2019-01-01,2019-12-31,1,2026-09-15T16:28:02.595641+00:00
VALUE_ADDED_GROWTH_NUTS2,rs12:nuts2,2020,2026-09-15T16:28:02.595641+00:00,100.0,final,2020-01-01,2020-12-31,1,2026-09-15T16:28:02.595641+00:00
VALUE_ADDED_GROWTH_NUTS2,rs12:nuts2,2021,2026-09-15T16:28:02.595641+00:00,107.7,final,2021-01-01,2021-12-31,1,2026-09-15T16:28:02.595641+00:00
VALUE_ADDED_GROWTH_NUTS2,rs12:nuts2,2022,2026-09-15T16:28:02.595641+00:00,114.2,final,2022-01-01,2022-12-31,1,2026-09-15T16:28:02.595641+00:00
VALUE_ADDED_GROWTH_NUTS2,rs12:nuts2,2023,2026-09-15T16:28:02.595641+00:00,117.7,provisional,2023-01-01,2023-12-31,1,2026-09-15T16:28:02.595641+00:00
VALUE_ADDED_GROWTH_NUTS2,rs12:nuts2,2024,2026-09-15T16:28:02.595641+00:00,118.9,provisional,2024-01-01,2024-12-31,1,2026-09-15T16:28:02.595641+00:00
VALUE_ADDED_GROWTH_NUTS2,rs21:nuts2,2000,2026-09-15T16:28:02.595641+00:00,64.9,final,2000-01-01,2000-12-31,1,2026-09-15T16:28:02.595641+00:00
VALUE_ADDED_GROWTH_NUTS2,rs21:nuts2,2001,2026-09-15T16:28:02.595641+00:00,66.6,final,2001-01-01,2001-12-31,1,2026-09-15T16:28:02.595641+00:00
VALUE_ADDED_GROWTH_NUTS2,rs21:nuts2,2002,2026-09-15T16:28:02.595641+00:00,69.3,final,2002-01-01,2002-12-31,1,2026-09-15T16:28:02.595641+00:00
VALUE_ADDED_GROWTH_NUTS2,rs21:nuts2,2003,2026-09-15T16:28:02.595641+00:00,73.3,final,2003-01-01,2003-12-31,1,2026-09-15T16:28:02.595641+00:00
VALUE_ADDED_GROWTH_NUTS2,rs21:nuts2,2004,2026-09-15T16:28:02.595641+00:00,72.1,final,2004-01-01,2004-12-31,1,2026-09-15T16:28:02.595641+00:00
VALUE_ADDED_GROWTH_NUTS2,rs21:nuts2,2005,2026-09-15T16:28:02.595641+00:00,77.8,final,2005-01-01,2005-12-31,1,2026-09-15T16:28:02.595641+00:00
VALUE_ADDED_GROWTH_NUTS2,rs21:nuts2,2006,2026-09-15T16:28:02.595641+00:00,77.9,final,2006-01-01,2006-12-31,1,2026-09-15T16:28:02.595641+00:00
VALUE_ADDED_GROWTH_NUTS2,rs21:nuts2,2007,2026-09-15T16:28:02.595641+00:00,83.5,final,2007-01-01,2007-12-31,1,2026-09-15T16:28:02.595641+00:00
VALUE_ADDED_GROWTH_NUTS2,rs21:nuts2,2008,2026-09-15T16:28:02.595641+00:00,85.7,final,2008-01-01,2008-12-31,1,2026-09-15T16:28:02.595641+00:00
VALUE_ADDED_GROWTH_NUTS2,rs21:nuts2,2009,2026-09-15T16:28:02.595641+00:00,87.8,final,2009-01-01,2009-12-31,1,2026-09-15T16:28:02.595641+00:00
VALUE_ADDED_GROWTH_NUTS2,rs21:nuts2,2010,2026-09-15T16:28:02.595641+00:00,87.9,final,2010-01-01,2010-12-31,1,2026-09-15T16:28:02.595641+00:00
VALUE_ADDED_GROWTH_NUTS2,rs21:nuts2,2011,2026-09-15T16:28:02.595641+00:00,88.5,final,2011-01-01,2011-12-31,1,2026-09-15T16:28:02.595641+00:00
VALUE_ADDED_GROWTH_NUTS2,rs21:nuts2,2012,2026-09-15T16:28:02.595641+00:00,86.4,final,2012-01-01,2012-12-31,1,2026-09-15T16:28:02.595641+00:00
VALUE_ADDED_GROWTH_NUTS2,rs21:nuts2,2013,2026-09-15T16:28:02.595641+00:00,88.0,final,2013-01-01,2013-12-31,1,2026-09-15T16:28:02.595641+00:00
VALUE_ADDED_GROWTH_NUTS2,rs21:nuts2,2014,2026-09-15T16:28:02.595641+00:00,92.1,final,2014-01-01,2014-12-31,1,2026-09-15T16:28:02.595641+00:00
VALUE_ADDED_GROWTH_NUTS2,rs21:nuts2,2015,2026-09-15T16:28:02.595641+00:00,94.1,final,2015-01-01,2015-12-31,1,2026-09-15T16:28:02.595641+00:00
VALUE_ADDED_GROWTH_NUTS2,rs21:nuts2,2016,2026-09-15T16:28:02.595641+00:00,94.6,final,2016-01-01,2016-12-31,1,2026-09-15T16:28:02.595641+00:00
VALUE_ADDED_GROWTH_NUTS2,rs21:nuts2,2017,2026-09-15T16:28:02.595641+00:00,95.9,final,2017-01-01,2017-12-31,1,2026-09-15T16:28:02.595641+00:00
VALUE_ADDED_GROWTH_NUTS2,rs21:nuts2,2018,2026-09-15T16:28:02.595641+00:00,97.3,final,2018-01-01,2018-12-31,1,2026-09-15T16:28:02.595641+00:00
VALUE_ADDED_GROWTH_NUTS2,rs21:nuts2,2019,2026-09-15T16:28:02.595641+00:00,101.0,final,2019-01-01,2019-12-31,1,2026-09-15T16:28:02.595641+00:00
VALUE_ADDED_GROWTH_NUTS2,rs21:nuts2,2020,2026-09-15T16:28:02.595641+00:00,100.0,final,2020-01-01,2020-12-31,1,2026-09-15T16:28:02.595641+00:00
VALUE_ADDED_GROWTH_NUTS2,rs21:nuts2,2021,2026-09-15T16:28:02.595641+00:00,109.2,final,2021-01-01,2021-12-31,1,2026-09-15T16:28:02.595641+00:00
VALUE_ADDED_GROWTH_NUTS2,rs21:nuts2,2022,2026-09-15T16:28:02.595641+00:00,113.4,final,2022-01-01,2022-12-31,1,2026-09-15T16:28:02.595641+00:00
VALUE_ADDED_GROWTH_NUTS2,rs21:nuts2,2023,2026-09-15T16:28:02.595641+00:00,114.7,provisional,2023-01-01,2023-12-31,1,2026-09-15T16:28:02.595641+00:00
VALUE_ADDED_GROWTH_NUTS2,rs21:nuts2,2024,2026-09-15T16:28:02.595641+00:00,121.7,provisional,2024-01-01,2024-12-31,1,2026-09-15T16:28:02.595641+00:00
VALUE_ADDED_GROWTH_NUTS2,rs22:nuts2,2000,2026-09-15T16:28:02.595641+00:00,72.6,final,2000-01-01,2000-12-31,1,2026-09-15T16:28:02.595641+00:00
VALUE_ADDED_GROWTH_NUTS2,rs22:nuts2,2001,2026-09-15T16:28:02.595641+00:00,73.2,final,2001-01-01,2001-12-31,1,2026-09-15T16:28:02.595641+00:00
VALUE_ADDED_GROWTH_NUTS2,rs22:nuts2,2002,2026-09-15T16:28:02.595641+00:00,76.3,final,2002-01-01,2002-12-31,1,2026-09-15T16:28:02.595641+00:00
VALUE_ADDED_GROWTH_NUTS2,rs22:nuts2,2003,2026-09-15T16:28:02.595641+00:00,79.2,final,2003-01-01,2003-12-31,1,2026-09-15T16:28:02.595641+00:00
VALUE_ADDED_GROWTH_NUTS2,rs22:nuts2,2004,2026-09-15T16:28:02.595641+00:00,76.8,final,2004-01-01,2004-12-31,1,2026-09-15T16:28:02.595641+00:00
VALUE_ADDED_GROWTH_NUTS2,rs22:nuts2,2005,2026-09-15T16:28:02.595641+00:00,80.4,final,2005-01-01,2005-12-31,1,2026-09-15T16:28:02.595641+00:00
VALUE_ADDED_GROWTH_NUTS2,rs22:nuts2,2006,2026-09-15T16:28:02.595641+00:00,83.3,final,2006-01-01,2006-12-31,1,2026-09-15T16:28:02.595641+00:00
VALUE_ADDED_GROWTH_NUTS2,rs22:nuts2,2007,2026-09-15T16:28:02.595641+00:00,78.9,final,2007-01-01,2007-12-31,1,2026-09-15T16:28:02.595641+00:00
VALUE_ADDED_GROWTH_NUTS2,rs22:nuts2,2008,2026-09-15T16:28:02.595641+00:00,82.2,final,2008-01-01,2008-12-31,1,2026-09-15T16:28:02.595641+00:00
VALUE_ADDED_GROWTH_NUTS2,rs22:nuts2,2009,2026-09-15T16:28:02.595641+00:00,83.7,final,2009-01-01,2009-12-31,1,2026-09-15T16:28:02.595641+00:00
VALUE_ADDED_GROWTH_NUTS2,rs22:nuts2,2010,2026-09-15T16:28:02.595641+00:00,85.6,final,2010-01-01,2010-12-31,1,2026-09-15T16:28:02.595641+00:00
VALUE_ADDED_GROWTH_NUTS2,rs22:nuts2,2011,2026-09-15T16:28:02.595641+00:00,86.6,final,2011-01-01,2011-12-31,1,2026-09-15T16:28:02.595641+00:00
VALUE_ADDED_GROWTH_NUTS2,rs22:nuts2,2012,2026-09-15T16:28:02.595641+00:00,83.0,final,2012-01-01,2012-12-31,1,2026-09-15T16:28:02.595641+00:00
VALUE_ADDED_GROWTH_NUTS2,rs22:nuts2,2013,2026-09-15T16:28:02.595641+00:00,84.3,final,2013-01-01,2013-12-31,1,2026-09-15T16:28:02.595641+00:00
VALUE_ADDED_GROWTH_NUTS2,rs22:nuts2,2014,2026-09-15T16:28:02.595641+00:00,83.3,final,2014-01-01,2014-12-31,1,2026-09-15T16:28:02.595641+00:00
VALUE_ADDED_GROWTH_NUTS2,rs22:nuts2,2015,2026-09-15T16:28:02.595641+00:00,84.1,final,2015-01-01,2015-12-31,1,2026-09-15T16:28:02.595641+00:00
VALUE_ADDED_GROWTH_NUTS2,rs22:nuts2,2016,2026-09-15T16:28:02.595641+00:00,85.8,final,2016-01-01,2016-12-31,1,2026-09-15T16:28:02.595641+00:00
VALUE_ADDED_GROWTH_NUTS2,rs22:nuts2,2017,2026-09-15T16:28:02.595641+00:00,89.3,final,2017-01-01,2017-12-31,1,2026-09-15T16:28:02.595641+00:00
VALUE_ADDED_GROWTH_NUTS2,rs22:nuts2,2018,2026-09-15T16:28:02.595641+00:00,96.0,final,2018-01-01,2018-12-31,1,2026-09-15T16:28:02.595641+00:00
VALUE_ADDED_GROWTH_NUTS2,rs22:nuts2,2019,2026-09-15T16:28:02.595641+00:00,98.9,final,2019-01-01,2019-12-31,1,2026-09-15T16:28:02.595641+00:00
VALUE_ADDED_GROWTH_NUTS2,rs22:nuts2,2020,2026-09-15T16:28:02.595641+00:00,100.0,final,2020-01-01,2020-12-31,1,2026-09-15T16:28:02.595641+00:00
VALUE_ADDED_GROWTH_NUTS2,rs22:nuts2,2021,2026-09-15T16:28:02.595641+00:00,118.5,final,2021-01-01,2021-12-31,1,2026-09-15T16:28:02.595641+00:00
VALUE_ADDED_GROWTH_NUTS2,rs22:nuts2,2022,2026-09-15T16:28:02.595641+00:00,120.7,final,2022-01-01,2022-12-31,1,2026-09-15T16:28:02.595641+00:00
VALUE_ADDED_GROWTH_NUTS2,rs22:nuts2,2023,2026-09-15T16:28:02.595641+00:00,126.5,provisional,2023-01-01,2023-12-31,1,2026-09-15T16:28:02.595641+00:00
VALUE_ADDED_GROWTH_NUTS2,rs22:nuts2,2024,2026-09-15T16:28:02.595641+00:00,133.5,provisional,2024-01-01,2024-12-31,1,2026-09-15T16:28:02.595641+00:00
VALUE_ADDED_GROWTH_NUTS2,se11:nuts2,2000,2026-09-15T16:28:02.595641+00:00,58.4,final,2000-01-01,2000-12-31,1,2026-09-15T16:28:02.595641+00:00
VALUE_ADDED_GROWTH_NUTS2,se11:nuts2,2001,2026-09-15T16:28:02.595641+00:00,59.0,final,2001-01-01,2001-12-31,1,2026-09-15T16:28:02.595641+00:00
VALUE_ADDED_GROWTH_NUTS2,se11:nuts2,2002,2026-09-15T16:28:02.595641+00:00,60.5,final,2002-01-01,2002-12-31,1,2026-09-15T16:28:02.595641+00:00
VALUE_ADDED_GROWTH_NUTS2,se11:nuts2,2003,2026-09-15T16:28:02.595641+00:00,61.4,final,2003-01-01,2003-12-31,1,2026-09-15T16:28:02.595641+00:00
VALUE_ADDED_GROWTH_NUTS2,se11:nuts2,2004,2026-09-15T16:28:02.595641+00:00,64.7,final,2004-01-01,2004-12-31,1,2026-09-15T16:28:02.595641+00:00
VALUE_ADDED_GROWTH_NUTS2,se11:nuts2,2005,2026-09-15T16:28:02.595641+00:00,67.2,final,2005-01-01,2005-12-31,1,2026-09-15T16:28:02.595641+00:00
VALUE_ADDED_GROWTH_NUTS2,se11:nuts2,2006,2026-09-15T16:28:02.595641+00:00,70.7,final,2006-01-01,2006-12-31,1,2026-09-15T16:28:02.595641+00:00
VALUE_ADDED_GROWTH_NUTS2,se11:nuts2,2007,2026-09-15T16:28:02.595641+00:00,74.5,final,2007-01-01,2007-12-31,1,2026-09-15T16:28:02.595641+00:00
VALUE_ADDED_GROWTH_NUTS2,se11:nuts2,2008,2026-09-15T16:28:02.595641+00:00,74.3,final,2008-01-01,2008-12-31,1,2026-09-15T16:28:02.595641+00:00
VALUE_ADDED_GROWTH_NUTS2,se11:nuts2,2009,2026-09-15T16:28:02.595641+00:00,74.8,final,2009-01-01,2009-12-31,1,2026-09-15T16:28:02.595641+00:00
VALUE_ADDED_GROWTH_NUTS2,se11:nuts2,2010,2026-09-15T16:28:02.595641+00:00,77.4,final,2010-01-01,2010-12-31,1,2026-09-15T16:28:02.595641+00:00
VALUE_ADDED_GROWTH_NUTS2,se11:nuts2,2011,2026-09-15T16:28:02.595641+00:00,81.5,final,2011-01-01,2011-12-31,1,2026-09-15T16:28:02.595641+00:00
VALUE_ADDED_GROWTH_NUTS2,se11:nuts2,2012,2026-09-15T16:28:02.595641+00:00,81.8,final,2012-01-01,2012-12-31,1,2026-09-15T16:28:02.595641+00:00
VALUE_ADDED_GROWTH_NUTS2,se11:nuts2,2013,2026-09-15T16:28:02.595641+00:00,83.4,final,2013-01-01,2013-12-31,1,2026-09-15T16:28:02.595641+00:00
VALUE_ADDED_GROWTH_NUTS2,se11:nuts2,2014,2026-09-15T16:28:02.595641+00:00,86.9,final,2014-01-01,2014-12-31,1,2026-09-15T16:28:02.595641+00:00
VALUE_ADDED_GROWTH_NUTS2,se11:nuts2,2015,2026-09-15T16:28:02.595641+00:00,91.7,final,2015-01-01,2015-12-31,1,2026-09-15T16:28:02.595641+00:00
VALUE_ADDED_GROWTH_NUTS2,se11:nuts2,2016,2026-09-15T16:28:02.595641+00:00,93.4,final,2016-01-01,2016-12-31,1,2026-09-15T16:28:02.595641+00:00
VALUE_ADDED_GROWTH_NUTS2,se11:nuts2,2017,2026-09-15T16:28:02.595641+00:00,94.1,final,2017-01-01,2017-12-31,1,2026-09-15T16:28:02.595641+00:00
VALUE_ADDED_GROWTH_NUTS2,se11:nuts2,2018,2026-09-15T16:28:02.595641+00:00,97.9,final,2018-01-01,2018-12-31,1,2026-09-15T16:28:02.595641+00:00
VALUE_ADDED_GROWTH_NUTS2,se11:nuts2,2019,2026-09-15T16:28:02.595641+00:00,102.1,final,2019-01-01,2019-12-31,1,2026-09-15T16:28:02.595641+00:00
VALUE_ADDED_GROWTH_NUTS2,se11:nuts2,2020,2026-09-15T16:28:02.595641+00:00,100.0,final,2020-01-01,2020-12-31,1,2026-09-15T16:28:02.595641+00:00
VALUE_ADDED_GROWTH_NUTS2,se11:nuts2,2021,2026-09-15T16:28:02.595641+00:00,105.4,final,2021-01-01,2021-12-31,1,2026-09-15T16:28:02.595641+00:00
VALUE_ADDED_GROWTH_NUTS2,se11:nuts2,2022,2026-09-15T16:28:02.595641+00:00,107.3,final,2022-01-01,2022-12-31,1,2026-09-15T16:28:02.595641+00:00
VALUE_ADDED_GROWTH_NUTS2,se11:nuts2,2023,2026-09-15T16:28:02.595641+00:00,108.6,final,2023-01-01,2023-12-31,1,2026-09-15T16:28:02.595641+00:00
VALUE_ADDED_GROWTH_NUTS2,se11:nuts2,2024,2026-09-15T16:28:02.595641+00:00,111.3,final,2024-01-01,2024-12-31,1,2026-09-15T16:28:02.595641+00:00
VALUE_ADDED_GROWTH_NUTS2,se12:nuts2,2000,2026-09-15T16:28:02.595641+00:00,72.5,final,2000-01-01,2000-12-31,1,2026-09-15T16:28:02.595641+00:00
VALUE_ADDED_GROWTH_NUTS2,se12:nuts2,2001,2026-09-15T16:28:02.595641+00:00,73.9,final,2001-01-01,2001-12-31,1,2026-09-15T16:28:02.595641+00:00
VALUE_ADDED_GROWTH_NUTS2,se12:nuts2,2002,2026-09-15T16:28:02.595641+00:00,75.9,final,2002-01-01,2002-12-31,1,2026-09-15T16:28:02.595641+00:00
VALUE_ADDED_GROWTH_NUTS2,se12:nuts2,2003,2026-09-15T16:28:02.595641+00:00,77.0,final,2003-01-01,2003-12-31,1,2026-09-15T16:28:02.595641+00:00
VALUE_ADDED_GROWTH_NUTS2,se12:nuts2,2004,2026-09-15T16:28:02.595641+00:00,80.0,final,2004-01-01,2004-12-31,1,2026-09-15T16:28:02.595641+00:00
VALUE_ADDED_GROWTH_NUTS2,se12:nuts2,2005,2026-09-15T16:28:02.595641+00:00,81.6,final,2005-01-01,2005-12-31,1,2026-09-15T16:28:02.595641+00:00
VALUE_ADDED_GROWTH_NUTS2,se12:nuts2,2006,2026-09-15T16:28:02.595641+00:00,85.3,final,2006-01-01,2006-12-31,1,2026-09-15T16:28:02.595641+00:00
VALUE_ADDED_GROWTH_NUTS2,se12:nuts2,2007,2026-09-15T16:28:02.595641+00:00,87.2,final,2007-01-01,2007-12-31,1,2026-09-15T16:28:02.595641+00:00
VALUE_ADDED_GROWTH_NUTS2,se12:nuts2,2008,2026-09-15T16:28:02.595641+00:00,85.8,final,2008-01-01,2008-12-31,1,2026-09-15T16:28:02.595641+00:00
VALUE_ADDED_GROWTH_NUTS2,se12:nuts2,2009,2026-09-15T16:28:02.595641+00:00,80.5,final,2009-01-01,2009-12-31,1,2026-09-15T16:28:02.595641+00:00
VALUE_ADDED_GROWTH_NUTS2,se12:nuts2,2010,2026-09-15T16:28:02.595641+00:00,86.6,final,2010-01-01,2010-12-31,1,2026-09-15T16:28:02.595641+00:00
VALUE_ADDED_GROWTH_NUTS2,se12:nuts2,2011,2026-09-15T16:28:02.595641+00:00,89.6,final,2011-01-01,2011-12-31,1,2026-09-15T16:28:02.595641+00:00
VALUE_ADDED_GROWTH_NUTS2,se12:nuts2,2012,2026-09-15T16:28:02.595641+00:00,90.0,final,2012-01-01,2012-12-31,1,2026-09-15T16:28:02.595641+00:00
VALUE_ADDED_GROWTH_NUTS2,se12:nuts2,2013,2026-09-15T16:28:02.595641+00:00,90.2,final,2013-01-01,2013-12-31,1,2026-09-15T16:28:02.595641+00:00
VALUE_ADDED_GROWTH_NUTS2,se12:nuts2,2014,2026-09-15T16:28:02.595641+00:00,90.9,final,2014-01-01,2014-12-31,1,2026-09-15T16:28:02.595641+00:00
VALUE_ADDED_GROWTH_NUTS2,se12:nuts2,2015,2026-09-15T16:28:02.595641+00:00,93.9,final,2015-01-01,2015-12-31,1,2026-09-15T16:28:02.595641+00:00
VALUE_ADDED_GROWTH_NUTS2,se12:nuts2,2016,2026-09-15T16:28:02.595641+00:00,96.4,final,2016-01-01,2016-12-31,1,2026-09-15T16:28:02.595641+00:00
VALUE_ADDED_GROWTH_NUTS2,se12:nuts2,2017,2026-09-15T16:28:02.595641+00:00,99.3,final,2017-01-01,2017-12-31,1,2026-09-15T16:28:02.595641+00:00
VALUE_ADDED_GROWTH_NUTS2,se12:nuts2,2018,2026-09-15T16:28:02.595641+00:00,100.5,final,2018-01-01,2018-12-31,1,2026-09-15T16:28:02.595641+00:00
VALUE_ADDED_GROWTH_NUTS2,se12:nuts2,2019,2026-09-15T16:28:02.595641+00:00,101.3,final,2019-01-01,2019-12-31,1,2026-09-15T16:28:02.595641+00:00
VALUE_ADDED_GROWTH_NUTS2,se12:nuts2,2020,2026-09-15T16:28:02.595641+00:00,100.0,final,2020-01-01,2020-12-31,1,2026-09-15T16:28:02.595641+00:00
VALUE_ADDED_GROWTH_NUTS2,se12:nuts2,2021,2026-09-15T16:28:02.595641+00:00,105.8,final,2021-01-01,2021-12-31,1,2026-09-15T16:28:02.595641+00:00
VALUE_ADDED_GROWTH_NUTS2,se12:nuts2,2022,2026-09-15T16:28:02.595641+00:00,109.0,final,2022-01-01,2022-12-31,1,2026-09-15T16:28:02.595641+00:00
VALUE_ADDED_GROWTH_NUTS2,se12:nuts2,2023,2026-09-15T16:28:02.595641+00:00,108.8,final,2023-01-01,2023-12-31,1,2026-09-15T16:28:02.595641+00:00
VALUE_ADDED_GROWTH_NUTS2,se12:nuts2,2024,2026-09-15T16:28:02.595641+00:00,109.8,final,2024-01-01,2024-12-31,1,2026-09-15T16:28:02.595641+00:00
VALUE_ADDED_GROWTH_NUTS2,se21:nuts2,2000,2026-09-15T16:28:02.595641+00:00,81.7,final,2000-01-01,2000-12-31,1,2026-09-15T16:28:02.595641+00:00
VALUE_ADDED_GROWTH_NUTS2,se21:nuts2,2001,2026-09-15T16:28:02.595641+00:00,81.8,final,2001-01-01,2001-12-31,1,2026-09-15T16:28:02.595641+00:00
VALUE_ADDED_GROWTH_NUTS2,se21:nuts2,2002,2026-09-15T16:28:02.595641+00:00,83.3,final,2002-01-01,2002-12-31,1,2026-09-15T16:28:02.595641+00:00
VALUE_ADDED_GROWTH_NUTS2,se21:nuts2,2003,2026-09-15T16:28:02.595641+00:00,84.6,final,2003-01-01,2003-12-31,1,2026-09-15T16:28:02.595641+00:00
VALUE_ADDED_GROWTH_NUTS2,se21:nuts2,2004,2026-09-15T16:28:02.595641+00:00,88.7,final,2004-01-01,2004-12-31,1,2026-09-15T16:28:02.595641+00:00
VALUE_ADDED_GROWTH_NUTS2,se21:nuts2,2005,2026-09-15T16:28:02.595641+00:00,86.7,final,2005-01-01,2005-12-31,1,2026-09-15T16:28:02.595641+00:00
VALUE_ADDED_GROWTH_NUTS2,se21:nuts2,2006,2026-09-15T16:28:02.595641+00:00,91.8,final,2006-01-01,2006-12-31,1,2026-09-15T16:28:02.595641+00:00
VALUE_ADDED_GROWTH_NUTS2,se21:nuts2,2007,2026-09-15T16:28:02.595641+00:00,93.6,final,2007-01-01,2007-12-31,1,2026-09-15T16:28:02.595641+00:00
VALUE_ADDED_GROWTH_NUTS2,se21:nuts2,2008,2026-09-15T16:28:02.595641+00:00,93.7,final,2008-01-01,2008-12-31,1,2026-09-15T16:28:02.595641+00:00
VALUE_ADDED_GROWTH_NUTS2,se21:nuts2,2009,2026-09-15T16:28:02.595641+00:00,83.4,final,2009-01-01,2009-12-31,1,2026-09-15T16:28:02.595641+00:00
VALUE_ADDED_GROWTH_NUTS2,se21:nuts2,2010,2026-09-15T16:28:02.595641+00:00,89.2,final,2010-01-01,2010-12-31,1,2026-09-15T16:28:02.595641+00:00
VALUE_ADDED_GROWTH_NUTS2,se21:nuts2,2011,2026-09-15T16:28:02.595641+00:00,92.8,final,2011-01-01,2011-12-31,1,2026-09-15T16:28:02.595641+00:00
VALUE_ADDED_GROWTH_NUTS2,se21:nuts2,2012,2026-09-15T16:28:02.595641+00:00,90.8,final,2012-01-01,2012-12-31,1,2026-09-15T16:28:02.595641+00:00
VALUE_ADDED_GROWTH_NUTS2,se21:nuts2,2013,2026-09-15T16:28:02.595641+00:00,91.2,final,2013-01-01,2013-12-31,1,2026-09-15T16:28:02.595641+00:00
VALUE_ADDED_GROWTH_NUTS2,se21:nuts2,2014,2026-09-15T16:28:02.595641+00:00,92.8,final,2014-01-01,2014-12-31,1,2026-09-15T16:28:02.595641+00:00
VALUE_ADDED_GROWTH_NUTS2,se21:nuts2,2015,2026-09-15T16:28:02.595641+00:00,96.1,final,2015-01-01,2015-12-31,1,2026-09-15T16:28:02.595641+00:00
VALUE_ADDED_GROWTH_NUTS2,se21:nuts2,2016,2026-09-15T16:28:02.595641+00:00,98.7,final,2016-01-01,2016-12-31,1,2026-09-15T16:28:02.595641+00:00
VALUE_ADDED_GROWTH_NUTS2,se21:nuts2,2017,2026-09-15T16:28:02.595641+00:00,102.4,final,2017-01-01,2017-12-31,1,2026-09-15T16:28:02.595641+00:00
VALUE_ADDED_GROWTH_NUTS2,se21:nuts2,2018,2026-09-15T16:28:02.595641+00:00,101.7,final,2018-01-01,2018-12-31,1,2026-09-15T16:28:02.595641+00:00
VALUE_ADDED_GROWTH_NUTS2,se21:nuts2,2019,2026-09-15T16:28:02.595641+00:00,102.6,final,2019-01-01,2019-12-31,1,2026-09-15T16:28:02.595641+00:00
VALUE_ADDED_GROWTH_NUTS2,se21:nuts2,2020,2026-09-15T16:28:02.595641+00:00,100.0,final,2020-01-01,2020-12-31,1,2026-09-15T16:28:02.595641+00:00
VALUE_ADDED_GROWTH_NUTS2,se21:nuts2,2021,2026-09-15T16:28:02.595641+00:00,106.9,final,2021-01-01,2021-12-31,1,2026-09-15T16:28:02.595641+00:00
VALUE_ADDED_GROWTH_NUTS2,se21:nuts2,2022,2026-09-15T16:28:02.595641+00:00,107.3,final,2022-01-01,2022-12-31,1,2026-09-15T16:28:02.595641+00:00
VALUE_ADDED_GROWTH_NUTS2,se21:nuts2,2023,2026-09-15T16:28:02.595641+00:00,105.8,final,2023-01-01,2023-12-31,1,2026-09-15T16:28:02.595641+00:00
VALUE_ADDED_GROWTH_NUTS2,se21:nuts2,2024,2026-09-15T16:28:02.595641+00:00,104.0,final,2024-01-01,2024-12-31,1,2026-09-15T16:28:02.595641+00:00
VALUE_ADDED_GROWTH_NUTS2,se22:nuts2,2000,2026-09-15T16:28:02.595641+00:00,70.4,final,2000-01-01,2000-12-31,1,2026-09-15T16:28:02.595641+00:00
VALUE_ADDED_GROWTH_NUTS2,se22:nuts2,2001,2026-09-15T16:28:02.595641+00:00,70.5,final,2001-01-01,2001-12-31,1,2026-09-15T16:28:02.595641+00:00
VALUE_ADDED_GROWTH_NUTS2,se22:nuts2,2002,2026-09-15T16:28:02.595641+00:00,72.6,final,2002-01-01,2002-12-31,1,2026-09-15T16:28:02.595641+00:00
VALUE_ADDED_GROWTH_NUTS2,se22:nuts2,2003,2026-09-15T16:28:02.595641+00:00,73.4,final,2003-01-01,2003-12-31,1,2026-09-15T16:28:02.595641+00:00
VALUE_ADDED_GROWTH_NUTS2,se22:nuts2,2004,2026-09-15T16:28:02.595641+00:00,76.6,final,2004-01-01,2004-12-31,1,2026-09-15T16:28:02.595641+00:00
VALUE_ADDED_GROWTH_NUTS2,se22:nuts2,2005,2026-09-15T16:28:02.595641+00:00,78.9,final,2005-01-01,2005-12-31,1,2026-09-15T16:28:02.595641+00:00
VALUE_ADDED_GROWTH_NUTS2,se22:nuts2,2006,2026-09-15T16:28:02.595641+00:00,82.6,final,2006-01-01,2006-12-31,1,2026-09-15T16:28:02.595641+00:00
VALUE_ADDED_GROWTH_NUTS2,se22:nuts2,2007,2026-09-15T16:28:02.595641+00:00,89.2,final,2007-01-01,2007-12-31,1,2026-09-15T16:28:02.595641+00:00
VALUE_ADDED_GROWTH_NUTS2,se22:nuts2,2008,2026-09-15T16:28:02.595641+00:00,84.0,final,2008-01-01,2008-12-31,1,2026-09-15T16:28:02.595641+00:00
VALUE_ADDED_GROWTH_NUTS2,se22:nuts2,2009,2026-09-15T16:28:02.595641+00:00,79.8,final,2009-01-01,2009-12-31,1,2026-09-15T16:28:02.595641+00:00
VALUE_ADDED_GROWTH_NUTS2,se22:nuts2,2010,2026-09-15T16:28:02.595641+00:00,84.5,final,2010-01-01,2010-12-31,1,2026-09-15T16:28:02.595641+00:00
VALUE_ADDED_GROWTH_NUTS2,se22:nuts2,2011,2026-09-15T16:28:02.595641+00:00,86.0,final,2011-01-01,2011-12-31,1,2026-09-15T16:28:02.595641+00:00
VALUE_ADDED_GROWTH_NUTS2,se22:nuts2,2012,2026-09-15T16:28:02.595641+00:00,85.6,final,2012-01-01,2012-12-31,1,2026-09-15T16:28:02.595641+00:00
VALUE_ADDED_GROWTH_NUTS2,se22:nuts2,2013,2026-09-15T16:28:02.595641+00:00,86.7,final,2013-01-01,2013-12-31,1,2026-09-15T16:28:02.595641+00:00
VALUE_ADDED_GROWTH_NUTS2,se22:nuts2,2014,2026-09-15T16:28:02.595641+00:00,89.5,final,2014-01-01,2014-12-31,1,2026-09-15T16:28:02.595641+00:00
VALUE_ADDED_GROWTH_NUTS2,se22:nuts2,2015,2026-09-15T16:28:02.595641+00:00,92.7,final,2015-01-01,2015-12-31,1,2026-09-15T16:28:02.595641+00:00
VALUE_ADDED_GROWTH_NUTS2,se22:nuts2,2016,2026-09-15T16:28:02.595641+00:00,92.5,final,2016-01-01,2016-12-31,1,2026-09-15T16:28:02.595641+00:00
VALUE_ADDED_GROWTH_NUTS2,se22:nuts2,2017,2026-09-15T16:28:02.595641+00:00,95.3,final,2017-01-01,2017-12-31,1,2026-09-15T16:28:02.595641+00:00
VALUE_ADDED_GROWTH_NUTS2,se22:nuts2,2018,2026-09-15T16:28:02.595641+00:00,97.2,final,2018-01-01,2018-12-31,1,2026-09-15T16:28:02.595641+00:00
VALUE_ADDED_GROWTH_NUTS2,se22:nuts2,2019,2026-09-15T16:28:02.595641+00:00,100.6,final,2019-01-01,2019-12-31,1,2026-09-15T16:28:02.595641+00:00
VALUE_ADDED_GROWTH_NUTS2,se22:nuts2,2020,2026-09-15T16:28:02.595641+00:00,100.0,final,2020-01-01,2020-12-31,1,2026-09-15T16:28:02.595641+00:00
VALUE_ADDED_GROWTH_NUTS2,se22:nuts2,2021,2026-09-15T16:28:02.595641+00:00,104.2,final,2021-01-01,2021-12-31,1,2026-09-15T16:28:02.595641+00:00
VALUE_ADDED_GROWTH_NUTS2,se22:nuts2,2022,2026-09-15T16:28:02.595641+00:00,103.6,final,2022-01-01,2022-12-31,1,2026-09-15T16:28:02.595641+00:00
VALUE_ADDED_GROWTH_NUTS2,se22:nuts2,2023,2026-09-15T16:28:02.595641+00:00,103.9,final,2023-01-01,2023-12-31,1,2026-09-15T16:28:02.595641+00:00
VALUE_ADDED_GROWTH_NUTS2,se22:nuts2,2024,2026-09-15T16:28:02.595641+00:00,106.8,final,2024-01-01,2024-12-31,1,2026-09-15T16:28:02.595641+00:00
VALUE_ADDED_GROWTH_NUTS2,se23:nuts2,2000,2026-09-15T16:28:02.595641+00:00,67.5,final,2000-01-01,2000-12-31,1,2026-09-15T16:28:02.595641+00:00
VALUE_ADDED_GROWTH_NUTS2,se23:nuts2,2001,2026-09-15T16:28:02.595641+00:00,69.6,final,2001-01-01,2001-12-31,1,2026-09-15T16:28:02.595641+00:00
VALUE_ADDED_GROWTH_NUTS2,se23:nuts2,2002,2026-09-15T16:28:02.595641+00:00,70.8,final,2002-01-01,2002-12-31,1,2026-09-15T16:28:02.595641+00:00
VALUE_ADDED_GROWTH_NUTS2,se23:nuts2,2003,2026-09-15T16:28:02.595641+00:00,73.8,final,2003-01-01,2003-12-31,1,2026-09-15T16:28:02.595641+00:00
VALUE_ADDED_GROWTH_NUTS2,se23:nuts2,2004,2026-09-15T16:28:02.595641+00:00,76.1,final,2004-01-01,2004-12-31,1,2026-09-15T16:28:02.595641+00:00
VALUE_ADDED_GROWTH_NUTS2,se23:nuts2,2005,2026-09-15T16:28:02.595641+00:00,78.7,final,2005-01-01,2005-12-31,1,2026-09-15T16:28:02.595641+00:00
VALUE_ADDED_GROWTH_NUTS2,se23:nuts2,2006,2026-09-15T16:28:02.595641+00:00,83.9,final,2006-01-01,2006-12-31,1,2026-09-15T16:28:02.595641+00:00
VALUE_ADDED_GROWTH_NUTS2,se23:nuts2,2007,2026-09-15T16:28:02.595641+00:00,86.1,final,2007-01-01,2007-12-31,1,2026-09-15T16:28:02.595641+00:00
VALUE_ADDED_GROWTH_NUTS2,se23:nuts2,2008,2026-09-15T16:28:02.595641+00:00,86.9,final,2008-01-01,2008-12-31,1,2026-09-15T16:28:02.595641+00:00
VALUE_ADDED_GROWTH_NUTS2,se23:nuts2,2009,2026-09-15T16:28:02.595641+00:00,81.0,final,2009-01-01,2009-12-31,1,2026-09-15T16:28:02.595641+00:00
VALUE_ADDED_GROWTH_NUTS2,se23:nuts2,2010,2026-09-15T16:28:02.595641+00:00,85.8,final,2010-01-01,2010-12-31,1,2026-09-15T16:28:02.595641+00:00
VALUE_ADDED_GROWTH_NUTS2,se23:nuts2,2011,2026-09-15T16:28:02.595641+00:00,89.8,final,2011-01-01,2011-12-31,1,2026-09-15T16:28:02.595641+00:00
VALUE_ADDED_GROWTH_NUTS2,se23:nuts2,2012,2026-09-15T16:28:02.595641+00:00,88.2,final,2012-01-01,2012-12-31,1,2026-09-15T16:28:02.595641+00:00
VALUE_ADDED_GROWTH_NUTS2,se23:nuts2,2013,2026-09-15T16:28:02.595641+00:00,89.9,final,2013-01-01,2013-12-31,1,2026-09-15T16:28:02.595641+00:00
VALUE_ADDED_GROWTH_NUTS2,se23:nuts2,2014,2026-09-15T16:28:02.595641+00:00,91.8,final,2014-01-01,2014-12-31,1,2026-09-15T16:28:02.595641+00:00
VALUE_ADDED_GROWTH_NUTS2,se23:nuts2,2015,2026-09-15T16:28:02.595641+00:00,97.2,final,2015-01-01,2015-12-31,1,2026-09-15T16:28:02.595641+00:00
VALUE_ADDED_GROWTH_NUTS2,se23:nuts2,2016,2026-09-15T16:28:02.595641+00:00,99.5,final,2016-01-01,2016-12-31,1,2026-09-15T16:28:02.595641+00:00
VALUE_ADDED_GROWTH_NUTS2,se23:nuts2,2017,2026-09-15T16:28:02.595641+00:00,101.2,final,2017-01-01,2017-12-31,1,2026-09-15T16:28:02.595641+00:00
VALUE_ADDED_GROWTH_NUTS2,se23:nuts2,2018,2026-09-15T16:28:02.595641+00:00,102.3,final,2018-01-01,2018-12-31,1,2026-09-15T16:28:02.595641+00:00
VALUE_ADDED_GROWTH_NUTS2,se23:nuts2,2019,2026-09-15T16:28:02.595641+00:00,104.8,final,2019-01-01,2019-12-31,1,2026-09-15T16:28:02.595641+00:00
VALUE_ADDED_GROWTH_NUTS2,se23:nuts2,2020,2026-09-15T16:28:02.595641+00:00,100.0,final,2020-01-01,2020-12-31,1,2026-09-15T16:28:02.595641+00:00
VALUE_ADDED_GROWTH_NUTS2,se23:nuts2,2021,2026-09-15T16:28:02.595641+00:00,106.7,final,2021-01-01,2021-12-31,1,2026-09-15T16:28:02.595641+00:00
VALUE_ADDED_GROWTH_NUTS2,se23:nuts2,2022,2026-09-15T16:28:02.595641+00:00,109.7,final,2022-01-01,2022-12-31,1,2026-09-15T16:28:02.595641+00:00
VALUE_ADDED_GROWTH_NUTS2,se23:nuts2,2023,2026-09-15T16:28:02.595641+00:00,111.5,final,2023-01-01,2023-12-31,1,2026-09-15T16:28:02.595641+00:00
VALUE_ADDED_GROWTH_NUTS2,se23:nuts2,2024,2026-09-15T16:28:02.595641+00:00,109.5,final,2024-01-01,2024-12-31,1,2026-09-15T16:28:02.595641+00:00
VALUE_ADDED_GROWTH_NUTS2,se31:nuts2,2000,2026-09-15T16:28:02.595641+00:00,84.2,final,2000-01-01,2000-12-31,1,2026-09-15T16:28:02.595641+00:00
VALUE_ADDED_GROWTH_NUTS2,se31:nuts2,2001,2026-09-15T16:28:02.595641+00:00,82.3,final,2001-01-01,2001-12-31,1,2026-09-15T16:28:02.595641+00:00
VALUE_ADDED_GROWTH_NUTS2,se31:nuts2,2002,2026-09-15T16:28:02.595641+00:00,85.1,final,2002-01-01,2002-12-31,1,2026-09-15T16:28:02.595641+00:00
VALUE_ADDED_GROWTH_NUTS2,se31:nuts2,2003,2026-09-15T16:28:02.595641+00:00,87.3,final,2003-01-01,2003-12-31,1,2026-09-15T16:28:02.595641+00:00
VALUE_ADDED_GROWTH_NUTS2,se31:nuts2,2004,2026-09-15T16:28:02.595641+00:00,91.0,final,2004-01-01,2004-12-31,1,2026-09-15T16:28:02.595641+00:00
VALUE_ADDED_GROWTH_NUTS2,se31:nuts2,2005,2026-09-15T16:28:02.595641+00:00,92.8,final,2005-01-01,2005-12-31,1,2026-09-15T16:28:02.595641+00:00
VALUE_ADDED_GROWTH_NUTS2,se31:nuts2,2006,2026-09-15T16:28:02.595641+00:00,95.3,final,2006-01-01,2006-12-31,1,2026-09-15T16:28:02.595641+00:00
VALUE_ADDED_GROWTH_NUTS2,se31:nuts2,2007,2026-09-15T16:28:02.595641+00:00,93.3,final,2007-01-01,2007-12-31,1,2026-09-15T16:28:02.595641+00:00
VALUE_ADDED_GROWTH_NUTS2,se31:nuts2,2008,2026-09-15T16:28:02.595641+00:00,92.4,final,2008-01-01,2008-12-31,1,2026-09-15T16:28:02.595641+00:00
VALUE_ADDED_GROWTH_NUTS2,se31:nuts2,2009,2026-09-15T16:28:02.595641+00:00,85.5,final,2009-01-01,2009-12-31,1,2026-09-15T16:28:02.595641+00:00
VALUE_ADDED_GROWTH_NUTS2,se31:nuts2,2010,2026-09-15T16:28:02.595641+00:00,92.8,final,2010-01-01,2010-12-31,1,2026-09-15T16:28:02.595641+00:00
VALUE_ADDED_GROWTH_NUTS2,se31:nuts2,2011,2026-09-15T16:28:02.595641+00:00,94.2,final,2011-01-01,2011-12-31,1,2026-09-15T16:28:02.595641+00:00
VALUE_ADDED_GROWTH_NUTS2,se31:nuts2,2012,2026-09-15T16:28:02.595641+00:00,95.0,final,2012-01-01,2012-12-31,1,2026-09-15T16:28:02.595641+00:00
VALUE_ADDED_GROWTH_NUTS2,se31:nuts2,2013,2026-09-15T16:28:02.595641+00:00,94.8,final,2013-01-01,2013-12-31,1,2026-09-15T16:28:02.595641+00:00
VALUE_ADDED_GROWTH_NUTS2,se31:nuts2,2014,2026-09-15T16:28:02.595641+00:00,95.1,final,2014-01-01,2014-12-31,1,2026-09-15T16:28:02.595641+00:00
VALUE_ADDED_GROWTH_NUTS2,se31:nuts2,2015,2026-09-15T16:28:02.595641+00:00,96.7,final,2015-01-01,2015-12-31,1,2026-09-15T16:28:02.595641+00:00
VALUE_ADDED_GROWTH_NUTS2,se31:nuts2,2016,2026-09-15T16:28:02.595641+00:00,98.8,final,2016-01-01,2016-12-31,1,2026-09-15T16:28:02.595641+00:00
VALUE_ADDED_GROWTH_NUTS2,se31:nuts2,2017,2026-09-15T16:28:02.595641+00:00,100.2,final,2017-01-01,2017-12-31,1,2026-09-15T16:28:02.595641+00:00
VALUE_ADDED_GROWTH_NUTS2,se31:nuts2,2018,2026-09-15T16:28:02.595641+00:00,100.6,final,2018-01-01,2018-12-31,1,2026-09-15T16:28:02.595641+00:00
VALUE_ADDED_GROWTH_NUTS2,se31:nuts2,2019,2026-09-15T16:28:02.595641+00:00,102.7,final,2019-01-01,2019-12-31,1,2026-09-15T16:28:02.595641+00:00
VALUE_ADDED_GROWTH_NUTS2,se31:nuts2,2020,2026-09-15T16:28:02.595641+00:00,100.0,final,2020-01-01,2020-12-31,1,2026-09-15T16:28:02.595641+00:00
VALUE_ADDED_GROWTH_NUTS2,se31:nuts2,2021,2026-09-15T16:28:02.595641+00:00,101.2,final,2021-01-01,2021-12-31,1,2026-09-15T16:28:02.595641+00:00
VALUE_ADDED_GROWTH_NUTS2,se31:nuts2,2022,2026-09-15T16:28:02.595641+00:00,101.4,final,2022-01-01,2022-12-31,1,2026-09-15T16:28:02.595641+00:00
VALUE_ADDED_GROWTH_NUTS2,se31:nuts2,2023,2026-09-15T16:28:02.595641+00:00,98.6,final,2023-01-01,2023-12-31,1,2026-09-15T16:28:02.595641+00:00
VALUE_ADDED_GROWTH_NUTS2,se31:nuts2,2024,2026-09-15T16:28:02.595641+00:00,98.5,final,2024-01-01,2024-12-31,1,2026-09-15T16:28:02.595641+00:00
VALUE_ADDED_GROWTH_NUTS2,se32:nuts2,2000,2026-09-15T16:28:02.595641+00:00,84.8,final,2000-01-01,2000-12-31,1,2026-09-15T16:28:02.595641+00:00
VALUE_ADDED_GROWTH_NUTS2,se32:nuts2,2001,2026-09-15T16:28:02.595641+00:00,90.2,final,2001-01-01,2001-12-31,1,2026-09-15T16:28:02.595641+00:00
VALUE_ADDED_GROWTH_NUTS2,se32:nuts2,2002,2026-09-15T16:28:02.595641+00:00,88.5,final,2002-01-01,2002-12-31,1,2026-09-15T16:28:02.595641+00:00
VALUE_ADDED_GROWTH_NUTS2,se32:nuts2,2003,2026-09-15T16:28:02.595641+00:00,87.8,final,2003-01-01,2003-12-31,1,2026-09-15T16:28:02.595641+00:00
VALUE_ADDED_GROWTH_NUTS2,se32:nuts2,2004,2026-09-15T16:28:02.595641+00:00,92.1,final,2004-01-01,2004-12-31,1,2026-09-15T16:28:02.595641+00:00
VALUE_ADDED_GROWTH_NUTS2,se32:nuts2,2005,2026-09-15T16:28:02.595641+00:00,96.1,final,2005-01-01,2005-12-31,1,2026-09-15T16:28:02.595641+00:00
VALUE_ADDED_GROWTH_NUTS2,se32:nuts2,2006,2026-09-15T16:28:02.595641+00:00,96.5,final,2006-01-01,2006-12-31,1,2026-09-15T16:28:02.595641+00:00
VALUE_ADDED_GROWTH_NUTS2,se32:nuts2,2007,2026-09-15T16:28:02.595641+00:00,94.3,final,2007-01-01,2007-12-31,1,2026-09-15T16:28:02.595641+00:00
VALUE_ADDED_GROWTH_NUTS2,se32:nuts2,2008,2026-09-15T16:28:02.595641+00:00,95.2,final,2008-01-01,2008-12-31,1,2026-09-15T16:28:02.595641+00:00
VALUE_ADDED_GROWTH_NUTS2,se32:nuts2,2009,2026-09-15T16:28:02.595641+00:00,92.7,final,2009-01-01,2009-12-31,1,2026-09-15T16:28:02.595641+00:00
VALUE_ADDED_GROWTH_NUTS2,se32:nuts2,2010,2026-09-15T16:28:02.595641+00:00,99.8,final,2010-01-01,2010-12-31,1,2026-09-15T16:28:02.595641+00:00
VALUE_ADDED_GROWTH_NUTS2,se32:nuts2,2011,2026-09-15T16:28:02.595641+00:00,98.3,final,2011-01-01,2011-12-31,1,2026-09-15T16:28:02.595641+00:00
VALUE_ADDED_GROWTH_NUTS2,se32:nuts2,2012,2026-09-15T16:28:02.595641+00:00,98.2,final,2012-01-01,2012-12-31,1,2026-09-15T16:28:02.595641+00:00
VALUE_ADDED_GROWTH_NUTS2,se32:nuts2,2013,2026-09-15T16:28:02.595641+00:00,97.1,final,2013-01-01,2013-12-31,1,2026-09-15T16:28:02.595641+00:00
VALUE_ADDED_GROWTH_NUTS2,se32:nuts2,2014,2026-09-15T16:28:02.595641+00:00,97.9,final,2014-01-01,2014-12-31,1,2026-09-15T16:28:02.595641+00:00
VALUE_ADDED_GROWTH_NUTS2,se32:nuts2,2015,2026-09-15T16:28:02.595641+00:00,98.9,final,2015-01-01,2015-12-31,1,2026-09-15T16:28:02.595641+00:00
VALUE_ADDED_GROWTH_NUTS2,se32:nuts2,2016,2026-09-15T16:28:02.595641+00:00,98.8,final,2016-01-01,2016-12-31,1,2026-09-15T16:28:02.595641+00:00
VALUE_ADDED_GROWTH_NUTS2,se32:nuts2,2017,2026-09-15T16:28:02.595641+00:00,100.9,final,2017-01-01,2017-12-31,1,2026-09-15T16:28:02.595641+00:00
VALUE_ADDED_GROWTH_NUTS2,se32:nuts2,2018,2026-09-15T16:28:02.595641+00:00,100.4,final,2018-01-01,2018-12-31,1,2026-09-15T16:28:02.595641+00:00
VALUE_ADDED_GROWTH_NUTS2,se32:nuts2,2019,2026-09-15T16:28:02.595641+00:00,102.7,final,2019-01-01,2019-12-31,1,2026-09-15T16:28:02.595641+00:00
VALUE_ADDED_GROWTH_NUTS2,se32:nuts2,2020,2026-09-15T16:28:02.595641+00:00,100.0,final,2020-01-01,2020-12-31,1,2026-09-15T16:28:02.595641+00:00
VALUE_ADDED_GROWTH_NUTS2,se32:nuts2,2021,2026-09-15T16:28:02.595641+00:00,104.6,final,2021-01-01,2021-12-31,1,2026-09-15T16:28:02.595641+00:00
VALUE_ADDED_GROWTH_NUTS2,se32:nuts2,2022,2026-09-15T16:28:02.595641+00:00,106.2,final,2022-01-01,2022-12-31,1,2026-09-15T16:28:02.595641+00:00
VALUE_ADDED_GROWTH_NUTS2,se32:nuts2,2023,2026-09-15T16:28:02.595641+00:00,105.2,final,2023-01-01,2023-12-31,1,2026-09-15T16:28:02.595641+00:00
VALUE_ADDED_GROWTH_NUTS2,se32:nuts2,2024,2026-09-15T16:28:02.595641+00:00,111.3,final,2024-01-01,2024-12-31,1,2026-09-15T16:28:02.595641+00:00
VALUE_ADDED_GROWTH_NUTS2,se33:nuts2,2000,2026-09-15T16:28:02.595641+00:00,82.4,final,2000-01-01,2000-12-31,1,2026-09-15T16:28:02.595641+00:00
VALUE_ADDED_GROWTH_NUTS2,se33:nuts2,2001,2026-09-15T16:28:02.595641+00:00,83.5,final,2001-01-01,2001-12-31,1,2026-09-15T16:28:02.595641+00:00
VALUE_ADDED_GROWTH_NUTS2,se33:nuts2,2002,2026-09-15T16:28:02.595641+00:00,84.6,final,2002-01-01,2002-12-31,1,2026-09-15T16:28:02.595641+00:00
VALUE_ADDED_GROWTH_NUTS2,se33:nuts2,2003,2026-09-15T16:28:02.595641+00:00,85.7,final,2003-01-01,2003-12-31,1,2026-09-15T16:28:02.595641+00:00
VALUE_ADDED_GROWTH_NUTS2,se33:nuts2,2004,2026-09-15T16:28:02.595641+00:00,90.8,final,2004-01-01,2004-12-31,1,2026-09-15T16:28:02.595641+00:00
VALUE_ADDED_GROWTH_NUTS2,se33:nuts2,2005,2026-09-15T16:28:02.595641+00:00,92.2,final,2005-01-01,2005-12-31,1,2026-09-15T16:28:02.595641+00:00
VALUE_ADDED_GROWTH_NUTS2,se33:nuts2,2006,2026-09-15T16:28:02.595641+00:00,95.1,final,2006-01-01,2006-12-31,1,2026-09-15T16:28:02.595641+00:00
VALUE_ADDED_GROWTH_NUTS2,se33:nuts2,2007,2026-09-15T16:28:02.595641+00:00,92.4,final,2007-01-01,2007-12-31,1,2026-09-15T16:28:02.595641+00:00
VALUE_ADDED_GROWTH_NUTS2,se33:nuts2,2008,2026-09-15T16:28:02.595641+00:00,92.5,final,2008-01-01,2008-12-31,1,2026-09-15T16:28:02.595641+00:00
VALUE_ADDED_GROWTH_NUTS2,se33:nuts2,2009,2026-09-15T16:28:02.595641+00:00,84.7,final,2009-01-01,2009-12-31,1,2026-09-15T16:28:02.595641+00:00
VALUE_ADDED_GROWTH_NUTS2,se33:nuts2,2010,2026-09-15T16:28:02.595641+00:00,93.3,final,2010-01-01,2010-12-31,1,2026-09-15T16:28:02.595641+00:00
VALUE_ADDED_GROWTH_NUTS2,se33:nuts2,2011,2026-09-15T16:28:02.595641+00:00,94.4,final,2011-01-01,2011-12-31,1,2026-09-15T16:28:02.595641+00:00
VALUE_ADDED_GROWTH_NUTS2,se33:nuts2,2012,2026-09-15T16:28:02.595641+00:00,93.8,final,2012-01-01,2012-12-31,1,2026-09-15T16:28:02.595641+00:00
VALUE_ADDED_GROWTH_NUTS2,se33:nuts2,2013,2026-09-15T16:28:02.595641+00:00,93.1,final,2013-01-01,2013-12-31,1,2026-09-15T16:28:02.595641+00:00
VALUE_ADDED_GROWTH_NUTS2,se33:nuts2,2014,2026-09-15T16:28:02.595641+00:00,92.2,final,2014-01-01,2014-12-31,1,2026-09-15T16:28:02.595641+00:00
VALUE_ADDED_GROWTH_NUTS2,se33:nuts2,2015,2026-09-15T16:28:02.595641+00:00,93.9,final,2015-01-01,2015-12-31,1,2026-09-15T16:28:02.595641+00:00
VALUE_ADDED_GROWTH_NUTS2,se33:nuts2,2016,2026-09-15T16:28:02.595641+00:00,94.6,final,2016-01-01,2016-12-31,1,2026-09-15T16:28:02.595641+00:00
VALUE_ADDED_GROWTH_NUTS2,se33:nuts2,2017,2026-09-15T16:28:02.595641+00:00,97.7,final,2017-01-01,2017-12-31,1,2026-09-15T16:28:02.595641+00:00
VALUE_ADDED_GROWTH_NUTS2,se33:nuts2,2018,2026-09-15T16:28:02.595641+00:00,97.7,final,2018-01-01,2018-12-31,1,2026-09-15T16:28:02.595641+00:00
VALUE_ADDED_GROWTH_NUTS2,se33:nuts2,2019,2026-09-15T16:28:02.595641+00:00,100.1,final,2019-01-01,2019-12-31,1,2026-09-15T16:28:02.595641+00:00
VALUE_ADDED_GROWTH_NUTS2,se33:nuts2,2020,2026-09-15T16:28:02.595641+00:00,100.0,final,2020-01-01,2020-12-31,1,2026-09-15T16:28:02.595641+00:00
VALUE_ADDED_GROWTH_NUTS2,se33:nuts2,2021,2026-09-15T16:28:02.595641+00:00,105.4,final,2021-01-01,2021-12-31,1,2026-09-15T16:28:02.595641+00:00
VALUE_ADDED_GROWTH_NUTS2,se33:nuts2,2022,2026-09-15T16:28:02.595641+00:00,103.8,final,2022-01-01,2022-12-31,1,2026-09-15T16:28:02.595641+00:00
VALUE_ADDED_GROWTH_NUTS2,se33:nuts2,2023,2026-09-15T16:28:02.595641+00:00,102.1,final,2023-01-01,2023-12-31,1,2026-09-15T16:28:02.595641+00:00
VALUE_ADDED_GROWTH_NUTS2,se33:nuts2,2024,2026-09-15T16:28:02.595641+00:00,102.7,final,2024-01-01,2024-12-31,1,2026-09-15T16:28:02.595641+00:00
VALUE_ADDED_GROWTH_NUTS2,si03:nuts2,2000,2026-09-15T16:28:02.595641+00:00,69.5,final,2000-01-01,2000-12-31,1,2026-09-15T16:28:02.595641+00:00
VALUE_ADDED_GROWTH_NUTS2,si03:nuts2,2001,2026-09-15T16:28:02.595641+00:00,71.0,final,2001-01-01,2001-12-31,1,2026-09-15T16:28:02.595641+00:00
VALUE_ADDED_GROWTH_NUTS2,si03:nuts2,2002,2026-09-15T16:28:02.595641+00:00,73.9,final,2002-01-01,2002-12-31,1,2026-09-15T16:28:02.595641+00:00
VALUE_ADDED_GROWTH_NUTS2,si03:nuts2,2003,2026-09-15T16:28:02.595641+00:00,74.4,final,2003-01-01,2003-12-31,1,2026-09-15T16:28:02.595641+00:00
VALUE_ADDED_GROWTH_NUTS2,si03:nuts2,2004,2026-09-15T16:28:02.595641+00:00,78.1,final,2004-01-01,2004-12-31,1,2026-09-15T16:28:02.595641+00:00
VALUE_ADDED_GROWTH_NUTS2,si03:nuts2,2005,2026-09-15T16:28:02.595641+00:00,80.8,final,2005-01-01,2005-12-31,1,2026-09-15T16:28:02.595641+00:00
VALUE_ADDED_GROWTH_NUTS2,si03:nuts2,2006,2026-09-15T16:28:02.595641+00:00,85.2,final,2006-01-01,2006-12-31,1,2026-09-15T16:28:02.595641+00:00
VALUE_ADDED_GROWTH_NUTS2,si03:nuts2,2007,2026-09-15T16:28:02.595641+00:00,91.2,final,2007-01-01,2007-12-31,1,2026-09-15T16:28:02.595641+00:00
VALUE_ADDED_GROWTH_NUTS2,si03:nuts2,2008,2026-09-15T16:28:02.595641+00:00,94.0,final,2008-01-01,2008-12-31,1,2026-09-15T16:28:02.595641+00:00
VALUE_ADDED_GROWTH_NUTS2,si03:nuts2,2009,2026-09-15T16:28:02.595641+00:00,85.9,final,2009-01-01,2009-12-31,1,2026-09-15T16:28:02.595641+00:00
VALUE_ADDED_GROWTH_NUTS2,si03:nuts2,2010,2026-09-15T16:28:02.595641+00:00,87.1,final,2010-01-01,2010-12-31,1,2026-09-15T16:28:02.595641+00:00
VALUE_ADDED_GROWTH_NUTS2,si03:nuts2,2011,2026-09-15T16:28:02.595641+00:00,87.8,final,2011-01-01,2011-12-31,1,2026-09-15T16:28:02.595641+00:00
VALUE_ADDED_GROWTH_NUTS2,si03:nuts2,2012,2026-09-15T16:28:02.595641+00:00,85.1,final,2012-01-01,2012-12-31,1,2026-09-15T16:28:02.595641+00:00
VALUE_ADDED_GROWTH_NUTS2,si03:nuts2,2013,2026-09-15T16:28:02.595641+00:00,84.2,final,2013-01-01,2013-12-31,1,2026-09-15T16:28:02.595641+00:00
VALUE_ADDED_GROWTH_NUTS2,si03:nuts2,2014,2026-09-15T16:28:02.595641+00:00,86.8,final,2014-01-01,2014-12-31,1,2026-09-15T16:28:02.595641+00:00
VALUE_ADDED_GROWTH_NUTS2,si03:nuts2,2015,2026-09-15T16:28:02.595641+00:00,88.7,final,2015-01-01,2015-12-31,1,2026-09-15T16:28:02.595641+00:00
VALUE_ADDED_GROWTH_NUTS2,si03:nuts2,2016,2026-09-15T16:28:02.595641+00:00,90.9,final,2016-01-01,2016-12-31,1,2026-09-15T16:28:02.595641+00:00
VALUE_ADDED_GROWTH_NUTS2,si03:nuts2,2017,2026-09-15T16:28:02.595641+00:00,95.7,final,2017-01-01,2017-12-31,1,2026-09-15T16:28:02.595641+00:00
VALUE_ADDED_GROWTH_NUTS2,si03:nuts2,2018,2026-09-15T16:28:02.595641+00:00,99.3,final,2018-01-01,2018-12-31,1,2026-09-15T16:28:02.595641+00:00
VALUE_ADDED_GROWTH_NUTS2,si03:nuts2,2019,2026-09-15T16:28:02.595641+00:00,103.4,final,2019-01-01,2019-12-31,1,2026-09-15T16:28:02.595641+00:00
VALUE_ADDED_GROWTH_NUTS2,si03:nuts2,2020,2026-09-15T16:28:02.595641+00:00,100.0,final,2020-01-01,2020-12-31,1,2026-09-15T16:28:02.595641+00:00
VALUE_ADDED_GROWTH_NUTS2,si03:nuts2,2021,2026-09-15T16:28:02.595641+00:00,106.9,final,2021-01-01,2021-12-31,1,2026-09-15T16:28:02.595641+00:00
VALUE_ADDED_GROWTH_NUTS2,si03:nuts2,2022,2026-09-15T16:28:02.595641+00:00,109.9,final,2022-01-01,2022-12-31,1,2026-09-15T16:28:02.595641+00:00
VALUE_ADDED_GROWTH_NUTS2,si03:nuts2,2023,2026-09-15T16:28:02.595641+00:00,111.2,final,2023-01-01,2023-12-31,1,2026-09-15T16:28:02.595641+00:00
VALUE_ADDED_GROWTH_NUTS2,si03:nuts2,2024,2026-09-15T16:28:02.595641+00:00,113.8,final,2024-01-01,2024-12-31,1,2026-09-15T16:28:02.595641+00:00
VALUE_ADDED_GROWTH_NUTS2,si04:nuts2,2000,2026-09-15T16:28:02.595641+00:00,60.1,final,2000-01-01,2000-12-31,1,2026-09-15T16:28:02.595641+00:00
VALUE_ADDED_GROWTH_NUTS2,si04:nuts2,2001,2026-09-15T16:28:02.595641+00:00,62.9,final,2001-01-01,2001-12-31,1,2026-09-15T16:28:02.595641+00:00
VALUE_ADDED_GROWTH_NUTS2,si04:nuts2,2002,2026-09-15T16:28:02.595641+00:00,64.9,final,2002-01-01,2002-12-31,1,2026-09-15T16:28:02.595641+00:00
VALUE_ADDED_GROWTH_NUTS2,si04:nuts2,2003,2026-09-15T16:28:02.595641+00:00,68.6,final,2003-01-01,2003-12-31,1,2026-09-15T16:28:02.595641+00:00
VALUE_ADDED_GROWTH_NUTS2,si04:nuts2,2004,2026-09-15T16:28:02.595641+00:00,71.5,final,2004-01-01,2004-12-31,1,2026-09-15T16:28:02.595641+00:00
VALUE_ADDED_GROWTH_NUTS2,si04:nuts2,2005,2026-09-15T16:28:02.595641+00:00,74.3,final,2005-01-01,2005-12-31,1,2026-09-15T16:28:02.595641+00:00
VALUE_ADDED_GROWTH_NUTS2,si04:nuts2,2006,2026-09-15T16:28:02.595641+00:00,79.3,final,2006-01-01,2006-12-31,1,2026-09-15T16:28:02.595641+00:00
VALUE_ADDED_GROWTH_NUTS2,si04:nuts2,2007,2026-09-15T16:28:02.595641+00:00,85.3,final,2007-01-01,2007-12-31,1,2026-09-15T16:28:02.595641+00:00
VALUE_ADDED_GROWTH_NUTS2,si04:nuts2,2008,2026-09-15T16:28:02.595641+00:00,87.8,final,2008-01-01,2008-12-31,1,2026-09-15T16:28:02.595641+00:00
VALUE_ADDED_GROWTH_NUTS2,si04:nuts2,2009,2026-09-15T16:28:02.595641+00:00,82.7,final,2009-01-01,2009-12-31,1,2026-09-15T16:28:02.595641+00:00
VALUE_ADDED_GROWTH_NUTS2,si04:nuts2,2010,2026-09-15T16:28:02.595641+00:00,83.4,final,2010-01-01,2010-12-31,1,2026-09-15T16:28:02.595641+00:00
VALUE_ADDED_GROWTH_NUTS2,si04:nuts2,2011,2026-09-15T16:28:02.595641+00:00,83.4,final,2011-01-01,2011-12-31,1,2026-09-15T16:28:02.595641+00:00
VALUE_ADDED_GROWTH_NUTS2,si04:nuts2,2012,2026-09-15T16:28:02.595641+00:00,81.6,final,2012-01-01,2012-12-31,1,2026-09-15T16:28:02.595641+00:00
VALUE_ADDED_GROWTH_NUTS2,si04:nuts2,2013,2026-09-15T16:28:02.595641+00:00,81.6,final,2013-01-01,2013-12-31,1,2026-09-15T16:28:02.595641+00:00
VALUE_ADDED_GROWTH_NUTS2,si04:nuts2,2014,2026-09-15T16:28:02.595641+00:00,84.7,final,2014-01-01,2014-12-31,1,2026-09-15T16:28:02.595641+00:00
VALUE_ADDED_GROWTH_NUTS2,si04:nuts2,2015,2026-09-15T16:28:02.595641+00:00,86.8,final,2015-01-01,2015-12-31,1,2026-09-15T16:28:02.595641+00:00
VALUE_ADDED_GROWTH_NUTS2,si04:nuts2,2016,2026-09-15T16:28:02.595641+00:00,90.0,final,2016-01-01,2016-12-31,1,2026-09-15T16:28:02.595641+00:00
VALUE_ADDED_GROWTH_NUTS2,si04:nuts2,2017,2026-09-15T16:28:02.595641+00:00,95.1,final,2017-01-01,2017-12-31,1,2026-09-15T16:28:02.595641+00:00
VALUE_ADDED_GROWTH_NUTS2,si04:nuts2,2018,2026-09-15T16:28:02.595641+00:00,99.7,final,2018-01-01,2018-12-31,1,2026-09-15T16:28:02.595641+00:00
VALUE_ADDED_GROWTH_NUTS2,si04:nuts2,2019,2026-09-15T16:28:02.595641+00:00,103.0,final,2019-01-01,2019-12-31,1,2026-09-15T16:28:02.595641+00:00
VALUE_ADDED_GROWTH_NUTS2,si04:nuts2,2020,2026-09-15T16:28:02.595641+00:00,100.0,final,2020-01-01,2020-12-31,1,2026-09-15T16:28:02.595641+00:00
VALUE_ADDED_GROWTH_NUTS2,si04:nuts2,2021,2026-09-15T16:28:02.595641+00:00,108.6,final,2021-01-01,2021-12-31,1,2026-09-15T16:28:02.595641+00:00
VALUE_ADDED_GROWTH_NUTS2,si04:nuts2,2022,2026-09-15T16:28:02.595641+00:00,111.4,final,2022-01-01,2022-12-31,1,2026-09-15T16:28:02.595641+00:00
VALUE_ADDED_GROWTH_NUTS2,si04:nuts2,2023,2026-09-15T16:28:02.595641+00:00,115.5,final,2023-01-01,2023-12-31,1,2026-09-15T16:28:02.595641+00:00
VALUE_ADDED_GROWTH_NUTS2,si04:nuts2,2024,2026-09-15T16:28:02.595641+00:00,117.1,final,2024-01-01,2024-12-31,1,2026-09-15T16:28:02.595641+00:00
VALUE_ADDED_GROWTH_NUTS2,sk01:nuts2,2000,2026-09-15T16:28:02.595641+00:00,47.7,final,2000-01-01,2000-12-31,1,2026-09-15T16:28:02.595641+00:00
VALUE_ADDED_GROWTH_NUTS2,sk01:nuts2,2001,2026-09-15T16:28:02.595641+00:00,48.7,final,2001-01-01,2001-12-31,1,2026-09-15T16:28:02.595641+00:00
VALUE_ADDED_GROWTH_NUTS2,sk01:nuts2,2002,2026-09-15T16:28:02.595641+00:00,51.4,final,2002-01-01,2002-12-31,1,2026-09-15T16:28:02.595641+00:00
VALUE_ADDED_GROWTH_NUTS2,sk01:nuts2,2003,2026-09-15T16:28:02.595641+00:00,52.5,final,2003-01-01,2003-12-31,1,2026-09-15T16:28:02.595641+00:00
VALUE_ADDED_GROWTH_NUTS2,sk01:nuts2,2004,2026-09-15T16:28:02.595641+00:00,54.4,final,2004-01-01,2004-12-31,1,2026-09-15T16:28:02.595641+00:00
VALUE_ADDED_GROWTH_NUTS2,sk01:nuts2,2005,2026-09-15T16:28:02.595641+00:00,62.1,final,2005-01-01,2005-12-31,1,2026-09-15T16:28:02.595641+00:00
VALUE_ADDED_GROWTH_NUTS2,sk01:nuts2,2006,2026-09-15T16:28:02.595641+00:00,66.4,final,2006-01-01,2006-12-31,1,2026-09-15T16:28:02.595641+00:00
VALUE_ADDED_GROWTH_NUTS2,sk01:nuts2,2007,2026-09-15T16:28:02.595641+00:00,75.1,final,2007-01-01,2007-12-31,1,2026-09-15T16:28:02.595641+00:00
VALUE_ADDED_GROWTH_NUTS2,sk01:nuts2,2008,2026-09-15T16:28:02.595641+00:00,78.5,final,2008-01-01,2008-12-31,1,2026-09-15T16:28:02.595641+00:00
VALUE_ADDED_GROWTH_NUTS2,sk01:nuts2,2009,2026-09-15T16:28:02.595641+00:00,79.3,final,2009-01-01,2009-12-31,1,2026-09-15T16:28:02.595641+00:00
VALUE_ADDED_GROWTH_NUTS2,sk01:nuts2,2010,2026-09-15T16:28:02.595641+00:00,84.0,final,2010-01-01,2010-12-31,1,2026-09-15T16:28:02.595641+00:00
VALUE_ADDED_GROWTH_NUTS2,sk01:nuts2,2011,2026-09-15T16:28:02.595641+00:00,84.8,final,2011-01-01,2011-12-31,1,2026-09-15T16:28:02.595641+00:00
VALUE_ADDED_GROWTH_NUTS2,sk01:nuts2,2012,2026-09-15T16:28:02.595641+00:00,85.5,final,2012-01-01,2012-12-31,1,2026-09-15T16:28:02.595641+00:00
VALUE_ADDED_GROWTH_NUTS2,sk01:nuts2,2013,2026-09-15T16:28:02.595641+00:00,88.3,final,2013-01-01,2013-12-31,1,2026-09-15T16:28:02.595641+00:00
VALUE_ADDED_GROWTH_NUTS2,sk01:nuts2,2014,2026-09-15T16:28:02.595641+00:00,88.5,final,2014-01-01,2014-12-31,1,2026-09-15T16:28:02.595641+00:00
VALUE_ADDED_GROWTH_NUTS2,sk01:nuts2,2015,2026-09-15T16:28:02.595641+00:00,94.0,final,2015-01-01,2015-12-31,1,2026-09-15T16:28:02.595641+00:00
VALUE_ADDED_GROWTH_NUTS2,sk01:nuts2,2016,2026-09-15T16:28:02.595641+00:00,97.0,final,2016-01-01,2016-12-31,1,2026-09-15T16:28:02.595641+00:00
VALUE_ADDED_GROWTH_NUTS2,sk01:nuts2,2017,2026-09-15T16:28:02.595641+00:00,98.7,final,2017-01-01,2017-12-31,1,2026-09-15T16:28:02.595641+00:00
VALUE_ADDED_GROWTH_NUTS2,sk01:nuts2,2018,2026-09-15T16:28:02.595641+00:00,101.6,final,2018-01-01,2018-12-31,1,2026-09-15T16:28:02.595641+00:00
VALUE_ADDED_GROWTH_NUTS2,sk01:nuts2,2019,2026-09-15T16:28:02.595641+00:00,102.2,final,2019-01-01,2019-12-31,1,2026-09-15T16:28:02.595641+00:00
VALUE_ADDED_GROWTH_NUTS2,sk01:nuts2,2020,2026-09-15T16:28:02.595641+00:00,100.0,final,2020-01-01,2020-12-31,1,2026-09-15T16:28:02.595641+00:00
VALUE_ADDED_GROWTH_NUTS2,sk01:nuts2,2021,2026-09-15T16:28:02.595641+00:00,106.0,final,2021-01-01,2021-12-31,1,2026-09-15T16:28:02.595641+00:00
VALUE_ADDED_GROWTH_NUTS2,sk01:nuts2,2022,2026-09-15T16:28:02.595641+00:00,105.2,final,2022-01-01,2022-12-31,1,2026-09-15T16:28:02.595641+00:00
VALUE_ADDED_GROWTH_NUTS2,sk01:nuts2,2023,2026-09-15T16:28:02.595641+00:00,109.8,final,2023-01-01,2023-12-31,1,2026-09-15T16:28:02.595641+00:00
VALUE_ADDED_GROWTH_NUTS2,sk01:nuts2,2024,2026-09-15T16:28:02.595641+00:00,112.2,estimate,2024-01-01,2024-12-31,1,2026-09-15T16:28:02.595641+00:00
VALUE_ADDED_GROWTH_NUTS2,sk02:nuts2,2000,2026-09-15T16:28:02.595641+00:00,51.8,final,2000-01-01,2000-12-31,1,2026-09-15T16:28:02.595641+00:00
VALUE_ADDED_GROWTH_NUTS2,sk02:nuts2,2001,2026-09-15T16:28:02.595641+00:00,53.2,final,2001-01-01,2001-12-31,1,2026-09-15T16:28:02.595641+00:00
VALUE_ADDED_GROWTH_NUTS2,sk02:nuts2,2002,2026-09-15T16:28:02.595641+00:00,55.1,final,2002-01-01,2002-12-31,1,2026-09-15T16:28:02.595641+00:00
VALUE_ADDED_GROWTH_NUTS2,sk02:nuts2,2003,2026-09-15T16:28:02.595641+00:00,58.5,final,2003-01-01,2003-12-31,1,2026-09-15T16:28:02.595641+00:00
VALUE_ADDED_GROWTH_NUTS2,sk02:nuts2,2004,2026-09-15T16:28:02.595641+00:00,62.1,final,2004-01-01,2004-12-31,1,2026-09-15T16:28:02.595641+00:00
VALUE_ADDED_GROWTH_NUTS2,sk02:nuts2,2005,2026-09-15T16:28:02.595641+00:00,64.2,final,2005-01-01,2005-12-31,1,2026-09-15T16:28:02.595641+00:00
VALUE_ADDED_GROWTH_NUTS2,sk02:nuts2,2006,2026-09-15T16:28:02.595641+00:00,74.6,final,2006-01-01,2006-12-31,1,2026-09-15T16:28:02.595641+00:00
VALUE_ADDED_GROWTH_NUTS2,sk02:nuts2,2007,2026-09-15T16:28:02.595641+00:00,82.2,final,2007-01-01,2007-12-31,1,2026-09-15T16:28:02.595641+00:00
VALUE_ADDED_GROWTH_NUTS2,sk02:nuts2,2008,2026-09-15T16:28:02.595641+00:00,84.9,final,2008-01-01,2008-12-31,1,2026-09-15T16:28:02.595641+00:00
VALUE_ADDED_GROWTH_NUTS2,sk02:nuts2,2009,2026-09-15T16:28:02.595641+00:00,77.5,final,2009-01-01,2009-12-31,1,2026-09-15T16:28:02.595641+00:00
VALUE_ADDED_GROWTH_NUTS2,sk02:nuts2,2010,2026-09-15T16:28:02.595641+00:00,83.1,final,2010-01-01,2010-12-31,1,2026-09-15T16:28:02.595641+00:00
VALUE_ADDED_GROWTH_NUTS2,sk02:nuts2,2011,2026-09-15T16:28:02.595641+00:00,86.6,final,2011-01-01,2011-12-31,1,2026-09-15T16:28:02.595641+00:00
VALUE_ADDED_GROWTH_NUTS2,sk02:nuts2,2012,2026-09-15T16:28:02.595641+00:00,88.5,final,2012-01-01,2012-12-31,1,2026-09-15T16:28:02.595641+00:00
VALUE_ADDED_GROWTH_NUTS2,sk02:nuts2,2013,2026-09-15T16:28:02.595641+00:00,87.0,final,2013-01-01,2013-12-31,1,2026-09-15T16:28:02.595641+00:00
VALUE_ADDED_GROWTH_NUTS2,sk02:nuts2,2014,2026-09-15T16:28:02.595641+00:00,90.3,final,2014-01-01,2014-12-31,1,2026-09-15T16:28:02.595641+00:00
VALUE_ADDED_GROWTH_NUTS2,sk02:nuts2,2015,2026-09-15T16:28:02.595641+00:00,92.0,final,2015-01-01,2015-12-31,1,2026-09-15T16:28:02.595641+00:00
VALUE_ADDED_GROWTH_NUTS2,sk02:nuts2,2016,2026-09-15T16:28:02.595641+00:00,94.5,final,2016-01-01,2016-12-31,1,2026-09-15T16:28:02.595641+00:00
VALUE_ADDED_GROWTH_NUTS2,sk02:nuts2,2017,2026-09-15T16:28:02.595641+00:00,95.2,final,2017-01-01,2017-12-31,1,2026-09-15T16:28:02.595641+00:00
VALUE_ADDED_GROWTH_NUTS2,sk02:nuts2,2018,2026-09-15T16:28:02.595641+00:00,98.6,final,2018-01-01,2018-12-31,1,2026-09-15T16:28:02.595641+00:00
VALUE_ADDED_GROWTH_NUTS2,sk02:nuts2,2019,2026-09-15T16:28:02.595641+00:00,102.7,final,2019-01-01,2019-12-31,1,2026-09-15T16:28:02.595641+00:00
VALUE_ADDED_GROWTH_NUTS2,sk02:nuts2,2020,2026-09-15T16:28:02.595641+00:00,100.0,final,2020-01-01,2020-12-31,1,2026-09-15T16:28:02.595641+00:00
VALUE_ADDED_GROWTH_NUTS2,sk02:nuts2,2021,2026-09-15T16:28:02.595641+00:00,102.5,final,2021-01-01,2021-12-31,1,2026-09-15T16:28:02.595641+00:00
VALUE_ADDED_GROWTH_NUTS2,sk02:nuts2,2022,2026-09-15T16:28:02.595641+00:00,102.5,final,2022-01-01,2022-12-31,1,2026-09-15T16:28:02.595641+00:00
VALUE_ADDED_GROWTH_NUTS2,sk02:nuts2,2023,2026-09-15T16:28:02.595641+00:00,107.0,final,2023-01-01,2023-12-31,1,2026-09-15T16:28:02.595641+00:00
VALUE_ADDED_GROWTH_NUTS2,sk02:nuts2,2024,2026-09-15T16:28:02.595641+00:00,109.3,estimate,2024-01-01,2024-12-31,1,2026-09-15T16:28:02.595641+00:00
VALUE_ADDED_GROWTH_NUTS2,sk03:nuts2,2000,2026-09-15T16:28:02.595641+00:00,51.0,final,2000-01-01,2000-12-31,1,2026-09-15T16:28:02.595641+00:00
VALUE_ADDED_GROWTH_NUTS2,sk03:nuts2,2001,2026-09-15T16:28:02.595641+00:00,54.0,final,2001-01-01,2001-12-31,1,2026-09-15T16:28:02.595641+00:00
VALUE_ADDED_GROWTH_NUTS2,sk03:nuts2,2002,2026-09-15T16:28:02.595641+00:00,56.5,final,2002-01-01,2002-12-31,1,2026-09-15T16:28:02.595641+00:00
VALUE_ADDED_GROWTH_NUTS2,sk03:nuts2,2003,2026-09-15T16:28:02.595641+00:00,58.9,final,2003-01-01,2003-12-31,1,2026-09-15T16:28:02.595641+00:00
VALUE_ADDED_GROWTH_NUTS2,sk03:nuts2,2004,2026-09-15T16:28:02.595641+00:00,61.0,final,2004-01-01,2004-12-31,1,2026-09-15T16:28:02.595641+00:00
VALUE_ADDED_GROWTH_NUTS2,sk03:nuts2,2005,2026-09-15T16:28:02.595641+00:00,62.0,final,2005-01-01,2005-12-31,1,2026-09-15T16:28:02.595641+00:00
VALUE_ADDED_GROWTH_NUTS2,sk03:nuts2,2006,2026-09-15T16:28:02.595641+00:00,67.8,final,2006-01-01,2006-12-31,1,2026-09-15T16:28:02.595641+00:00
VALUE_ADDED_GROWTH_NUTS2,sk03:nuts2,2007,2026-09-15T16:28:02.595641+00:00,76.1,final,2007-01-01,2007-12-31,1,2026-09-15T16:28:02.595641+00:00
VALUE_ADDED_GROWTH_NUTS2,sk03:nuts2,2008,2026-09-15T16:28:02.595641+00:00,82.9,final,2008-01-01,2008-12-31,1,2026-09-15T16:28:02.595641+00:00
VALUE_ADDED_GROWTH_NUTS2,sk03:nuts2,2009,2026-09-15T16:28:02.595641+00:00,78.2,final,2009-01-01,2009-12-31,1,2026-09-15T16:28:02.595641+00:00
VALUE_ADDED_GROWTH_NUTS2,sk03:nuts2,2010,2026-09-15T16:28:02.595641+00:00,85.0,final,2010-01-01,2010-12-31,1,2026-09-15T16:28:02.595641+00:00
VALUE_ADDED_GROWTH_NUTS2,sk03:nuts2,2011,2026-09-15T16:28:02.595641+00:00,83.5,final,2011-01-01,2011-12-31,1,2026-09-15T16:28:02.595641+00:00
VALUE_ADDED_GROWTH_NUTS2,sk03:nuts2,2012,2026-09-15T16:28:02.595641+00:00,86.2,final,2012-01-01,2012-12-31,1,2026-09-15T16:28:02.595641+00:00
VALUE_ADDED_GROWTH_NUTS2,sk03:nuts2,2013,2026-09-15T16:28:02.595641+00:00,86.2,final,2013-01-01,2013-12-31,1,2026-09-15T16:28:02.595641+00:00
VALUE_ADDED_GROWTH_NUTS2,sk03:nuts2,2014,2026-09-15T16:28:02.595641+00:00,88.7,final,2014-01-01,2014-12-31,1,2026-09-15T16:28:02.595641+00:00
VALUE_ADDED_GROWTH_NUTS2,sk03:nuts2,2015,2026-09-15T16:28:02.595641+00:00,94.1,final,2015-01-01,2015-12-31,1,2026-09-15T16:28:02.595641+00:00
VALUE_ADDED_GROWTH_NUTS2,sk03:nuts2,2016,2026-09-15T16:28:02.595641+00:00,95.1,final,2016-01-01,2016-12-31,1,2026-09-15T16:28:02.595641+00:00
VALUE_ADDED_GROWTH_NUTS2,sk03:nuts2,2017,2026-09-15T16:28:02.595641+00:00,96.9,final,2017-01-01,2017-12-31,1,2026-09-15T16:28:02.595641+00:00
VALUE_ADDED_GROWTH_NUTS2,sk03:nuts2,2018,2026-09-15T16:28:02.595641+00:00,101.3,final,2018-01-01,2018-12-31,1,2026-09-15T16:28:02.595641+00:00
VALUE_ADDED_GROWTH_NUTS2,sk03:nuts2,2019,2026-09-15T16:28:02.595641+00:00,104.4,final,2019-01-01,2019-12-31,1,2026-09-15T16:28:02.595641+00:00
VALUE_ADDED_GROWTH_NUTS2,sk03:nuts2,2020,2026-09-15T16:28:02.595641+00:00,100.0,final,2020-01-01,2020-12-31,1,2026-09-15T16:28:02.595641+00:00
VALUE_ADDED_GROWTH_NUTS2,sk03:nuts2,2021,2026-09-15T16:28:02.595641+00:00,108.5,final,2021-01-01,2021-12-31,1,2026-09-15T16:28:02.595641+00:00
VALUE_ADDED_GROWTH_NUTS2,sk03:nuts2,2022,2026-09-15T16:28:02.595641+00:00,109.4,final,2022-01-01,2022-12-31,1,2026-09-15T16:28:02.595641+00:00
VALUE_ADDED_GROWTH_NUTS2,sk03:nuts2,2023,2026-09-15T16:28:02.595641+00:00,112.0,final,2023-01-01,2023-12-31,1,2026-09-15T16:28:02.595641+00:00
VALUE_ADDED_GROWTH_NUTS2,sk03:nuts2,2024,2026-09-15T16:28:02.595641+00:00,112.9,estimate,2024-01-01,2024-12-31,1,2026-09-15T16:28:02.595641+00:00
VALUE_ADDED_GROWTH_NUTS2,sk04:nuts2,2000,2026-09-15T16:28:02.595641+00:00,49.1,final,2000-01-01,2000-12-31,1,2026-09-15T16:28:02.595641+00:00
VALUE_ADDED_GROWTH_NUTS2,sk04:nuts2,2001,2026-09-15T16:28:02.595641+00:00,52.5,final,2001-01-01,2001-12-31,1,2026-09-15T16:28:02.595641+00:00
VALUE_ADDED_GROWTH_NUTS2,sk04:nuts2,2002,2026-09-15T16:28:02.595641+00:00,53.7,final,2002-01-01,2002-12-31,1,2026-09-15T16:28:02.595641+00:00
VALUE_ADDED_GROWTH_NUTS2,sk04:nuts2,2003,2026-09-15T16:28:02.595641+00:00,55.6,final,2003-01-01,2003-12-31,1,2026-09-15T16:28:02.595641+00:00
VALUE_ADDED_GROWTH_NUTS2,sk04:nuts2,2004,2026-09-15T16:28:02.595641+00:00,58.2,final,2004-01-01,2004-12-31,1,2026-09-15T16:28:02.595641+00:00
VALUE_ADDED_GROWTH_NUTS2,sk04:nuts2,2005,2026-09-15T16:28:02.595641+00:00,60.8,final,2005-01-01,2005-12-31,1,2026-09-15T16:28:02.595641+00:00
VALUE_ADDED_GROWTH_NUTS2,sk04:nuts2,2006,2026-09-15T16:28:02.595641+00:00,64.6,final,2006-01-01,2006-12-31,1,2026-09-15T16:28:02.595641+00:00
VALUE_ADDED_GROWTH_NUTS2,sk04:nuts2,2007,2026-09-15T16:28:02.595641+00:00,70.6,final,2007-01-01,2007-12-31,1,2026-09-15T16:28:02.595641+00:00
VALUE_ADDED_GROWTH_NUTS2,sk04:nuts2,2008,2026-09-15T16:28:02.595641+00:00,77.2,final,2008-01-01,2008-12-31,1,2026-09-15T16:28:02.595641+00:00
VALUE_ADDED_GROWTH_NUTS2,sk04:nuts2,2009,2026-09-15T16:28:02.595641+00:00,71.8,final,2009-01-01,2009-12-31,1,2026-09-15T16:28:02.595641+00:00
VALUE_ADDED_GROWTH_NUTS2,sk04:nuts2,2010,2026-09-15T16:28:02.595641+00:00,76.5,final,2010-01-01,2010-12-31,1,2026-09-15T16:28:02.595641+00:00
VALUE_ADDED_GROWTH_NUTS2,sk04:nuts2,2011,2026-09-15T16:28:02.595641+00:00,78.8,final,2011-01-01,2011-12-31,1,2026-09-15T16:28:02.595641+00:00
VALUE_ADDED_GROWTH_NUTS2,sk04:nuts2,2012,2026-09-15T16:28:02.595641+00:00,82.1,final,2012-01-01,2012-12-31,1,2026-09-15T16:28:02.595641+00:00
VALUE_ADDED_GROWTH_NUTS2,sk04:nuts2,2013,2026-09-15T16:28:02.595641+00:00,81.7,final,2013-01-01,2013-12-31,1,2026-09-15T16:28:02.595641+00:00
VALUE_ADDED_GROWTH_NUTS2,sk04:nuts2,2014,2026-09-15T16:28:02.595641+00:00,85.0,final,2014-01-01,2014-12-31,1,2026-09-15T16:28:02.595641+00:00
VALUE_ADDED_GROWTH_NUTS2,sk04:nuts2,2015,2026-09-15T16:28:02.595641+00:00,90.7,final,2015-01-01,2015-12-31,1,2026-09-15T16:28:02.595641+00:00
VALUE_ADDED_GROWTH_NUTS2,sk04:nuts2,2016,2026-09-15T16:28:02.595641+00:00,91.2,final,2016-01-01,2016-12-31,1,2026-09-15T16:28:02.595641+00:00
VALUE_ADDED_GROWTH_NUTS2,sk04:nuts2,2017,2026-09-15T16:28:02.595641+00:00,96.1,final,2017-01-01,2017-12-31,1,2026-09-15T16:28:02.595641+00:00
VALUE_ADDED_GROWTH_NUTS2,sk04:nuts2,2018,2026-09-15T16:28:02.595641+00:00,101.4,final,2018-01-01,2018-12-31,1,2026-09-15T16:28:02.595641+00:00
VALUE_ADDED_GROWTH_NUTS2,sk04:nuts2,2019,2026-09-15T16:28:02.595641+00:00,100.5,final,2019-01-01,2019-12-31,1,2026-09-15T16:28:02.595641+00:00
VALUE_ADDED_GROWTH_NUTS2,sk04:nuts2,2020,2026-09-15T16:28:02.595641+00:00,100.0,final,2020-01-01,2020-12-31,1,2026-09-15T16:28:02.595641+00:00
VALUE_ADDED_GROWTH_NUTS2,sk04:nuts2,2021,2026-09-15T16:28:02.595641+00:00,104.4,final,2021-01-01,2021-12-31,1,2026-09-15T16:28:02.595641+00:00
VALUE_ADDED_GROWTH_NUTS2,sk04:nuts2,2022,2026-09-15T16:28:02.595641+00:00,105.1,final,2022-01-01,2022-12-31,1,2026-09-15T16:28:02.595641+00:00
VALUE_ADDED_GROWTH_NUTS2,sk04:nuts2,2023,2026-09-15T16:28:02.595641+00:00,112.1,final,2023-01-01,2023-12-31,1,2026-09-15T16:28:02.595641+00:00
VALUE_ADDED_GROWTH_NUTS2,sk04:nuts2,2024,2026-09-15T16:28:02.595641+00:00,110.7,estimate,2024-01-01,2024-12-31,1,2026-09-15T16:28:02.595641+00:00
VALUE_ADDED_GROWTH_NUTS2,tr10:nuts2,2020,2026-09-15T16:28:02.595641+00:00,100.0,final,2020-01-01,2020-12-31,1,2026-09-15T16:28:02.595641+00:00
VALUE_ADDED_GROWTH_NUTS2,tr21:nuts2,2020,2026-09-15T16:28:02.595641+00:00,100.0,final,2020-01-01,2020-12-31,1,2026-09-15T16:28:02.595641+00:00
VALUE_ADDED_GROWTH_NUTS2,tr22:nuts2,2020,2026-09-15T16:28:02.595641+00:00,100.0,final,2020-01-01,2020-12-31,1,2026-09-15T16:28:02.595641+00:00
VALUE_ADDED_GROWTH_NUTS2,tr31:nuts2,2020,2026-09-15T16:28:02.595641+00:00,100.0,final,2020-01-01,2020-12-31,1,2026-09-15T16:28:02.595641+00:00
VALUE_ADDED_GROWTH_NUTS2,tr32:nuts2,2020,2026-09-15T16:28:02.595641+00:00,100.0,final,2020-01-01,2020-12-31,1,2026-09-15T16:28:02.595641+00:00
VALUE_ADDED_GROWTH_NUTS2,tr33:nuts2,2020,2026-09-15T16:28:02.595641+00:00,100.0,final,2020-01-01,2020-12-31,1,2026-09-15T16:28:02.595641+00:00
VALUE_ADDED_GROWTH_NUTS2,tr41:nuts2,2020,2026-09-15T16:28:02.595641+00:00,100.0,final,2020-01-01,2020-12-31,1,2026-09-15T16:28:02.595641+00:00
VALUE_ADDED_GROWTH_NUTS2,tr42:nuts2,2020,2026-09-15T16:28:02.595641+00:00,100.0,final,2020-01-01,2020-12-31,1,2026-09-15T16:28:02.595641+00:00
VALUE_ADDED_GROWTH_NUTS2,tr51:nuts2,2020,2026-09-15T16:28:02.595641+00:00,100.0,final,2020-01-01,2020-12-31,1,2026-09-15T16:28:02.595641+00:00
VALUE_ADDED_GROWTH_NUTS2,tr52:nuts2,2020,2026-09-15T16:28:02.595641+00:00,100.0,final,2020-01-01,2020-12-31,1,2026-09-15T16:28:02.595641+00:00
VALUE_ADDED_GROWTH_NUTS2,tr61:nuts2,2020,2026-09-15T16:28:02.595641+00:00,100.0,final,2020-01-01,2020-12-31,1,2026-09-15T16:28:02.595641+00:00
VALUE_ADDED_GROWTH_NUTS2,tr62:nuts2,2020,2026-09-15T16:28:02.595641+00:00,100.0,final,2020-01-01,2020-12-31,1,2026-09-15T16:28:02.595641+00:00
VALUE_ADDED_GROWTH_NUTS2,tr63:nuts2,2020,2026-09-15T16:28:02.595641+00:00,100.0,final,2020-01-01,2020-12-31,1,2026-09-15T16:28:02.595641+00:00
VALUE_ADDED_GROWTH_NUTS2,tr71:nuts2,2020,2026-09-15T16:28:02.595641+00:00,100.0,final,2020-01-01,2020-12-31,1,2026-09-15T16:28:02.595641+00:00
VALUE_ADDED_GROWTH_NUTS2,tr72:nuts2,2020,2026-09-15T16:28:02.595641+00:00,100.0,final,2020-01-01,2020-12-31,1,2026-09-15T16:28:02.595641+00:00
VALUE_ADDED_GROWTH_NUTS2,tr81:nuts2,2020,2026-09-15T16:28:02.595641+00:00,100.0,final,2020-01-01,2020-12-31,1,2026-09-15T16:28:02.595641+00:00
VALUE_ADDED_GROWTH_NUTS2,tr82:nuts2,2020,2026-09-15T16:28:02.595641+00:00,100.0,final,2020-01-01,2020-12-31,1,2026-09-15T16:28:02.595641+00:00
VALUE_ADDED_GROWTH_NUTS2,tr83:nuts2,2020,2026-09-15T16:28:02.595641+00:00,100.0,final,2020-01-01,2020-12-31,1,2026-09-15T16:28:02.595641+00:00
VALUE_ADDED_GROWTH_NUTS2,tr90:nuts2,2020,2026-09-15T16:28:02.595641+00:00,100.0,final,2020-01-01,2020-12-31,1,2026-09-15T16:28:02.595641+00:00
VALUE_ADDED_GROWTH_NUTS2,tra1:nuts2,2020,2026-09-15T16:28:02.595641+00:00,100.0,final,2020-01-01,2020-12-31,1,2026-09-15T16:28:02.595641+00:00
VALUE_ADDED_GROWTH_NUTS2,tra2:nuts2,2020,2026-09-15T16:28:02.595641+00:00,100.0,final,2020-01-01,2020-12-31,1,2026-09-15T16:28:02.595641+00:00
VALUE_ADDED_GROWTH_NUTS2,trb1:nuts2,2020,2026-09-15T16:28:02.595641+00:00,100.0,final,2020-01-01,2020-12-31,1,2026-09-15T16:28:02.595641+00:00
VALUE_ADDED_GROWTH_NUTS2,trb2:nuts2,2020,2026-09-15T16:28:02.595641+00:00,100.0,final,2020-01-01,2020-12-31,1,2026-09-15T16:28:02.595641+00:00
VALUE_ADDED_GROWTH_NUTS2,trc1:nuts2,2020,2026-09-15T16:28:02.595641+00:00,100.0,final,2020-01-01,2020-12-31,1,2026-09-15T16:28:02.595641+00:00
VALUE_ADDED_GROWTH_NUTS2,trc2:nuts2,2020,2026-09-15T16:28:02.595641+00:00,100.0,final,2020-01-01,2020-12-31,1,2026-09-15T16:28:02.595641+00:00
VALUE_ADDED_GROWTH_NUTS2,trc3:nuts2,2020,2026-09-15T16:28:02.595641+00:00,100.0,final,2020-01-01,2020-12-31,1,2026-09-15T16:28:02.595641+00:00
