indicator_id,geo_id,period,vintage,value,status,period_start,period_end,is_latest,created_at
GDP_VOLUME_EUROPE,al:country,2008-Q1,2026-09-13T22:36:23.843165+00:00,2138.0,final,2008-01-01,2008-03-31,1,2026-09-13T22:36:23.843165+00:00
GDP_VOLUME_EUROPE,al:country,2008-Q2,2026-09-13T22:36:23.843165+00:00,2158.8,final,2008-04-01,2008-06-30,1,2026-09-13T22:36:23.843165+00:00
GDP_VOLUME_EUROPE,al:country,2008-Q3,2026-09-13T22:36:23.843165+00:00,2231.4,final,2008-07-01,2008-09-30,1,2026-09-13T22:36:23.843165+00:00
GDP_VOLUME_EUROPE,al:country,2008-Q4,2026-09-13T22:36:23.843165+00:00,2220.1,final,2008-10-01,2008-12-31,1,2026-09-13T22:36:23.843165+00:00
GDP_VOLUME_EUROPE,al:country,2009-Q1,2026-09-13T22:36:23.843165+00:00,2245.4,final,2009-01-01,2009-03-31,1,2026-09-13T22:36:23.843165+00:00
GDP_VOLUME_EUROPE,al:country,2009-Q2,2026-09-13T22:36:23.843165+00:00,2263.2,final,2009-04-01,2009-06-30,1,2026-09-13T22:36:23.843165+00:00
GDP_VOLUME_EUROPE,al:country,2009-Q3,2026-09-13T22:36:23.843165+00:00,2231.3,final,2009-07-01,2009-09-30,1,2026-09-13T22:36:23.843165+00:00
GDP_VOLUME_EUROPE,al:country,2009-Q4,2026-09-13T22:36:23.843165+00:00,2231.7,final,2009-10-01,2009-12-31,1,2026-09-13T22:36:23.843165+00:00
GDP_VOLUME_EUROPE,al:country,2010-Q1,2026-09-13T22:36:23.843165+00:00,2268.5,final,2010-01-01,2010-03-31,1,2026-09-13T22:36:23.843165+00:00
GDP_VOLUME_EUROPE,al:country,2010-Q2,2026-09-13T22:36:23.843165+00:00,2305.6,final,2010-04-01,2010-06-30,1,2026-09-13T22:36:23.843165+00:00
GDP_VOLUME_EUROPE,al:country,2010-Q3,2026-09-13T22:36:23.843165+00:00,2305.6,final,2010-07-01,2010-09-30,1,2026-09-13T22:36:23.843165+00:00
GDP_VOLUME_EUROPE,al:country,2010-Q4,2026-09-13T22:36:23.843165+00:00,2296.0,final,2010-10-01,2010-12-31,1,2026-09-13T22:36:23.843165+00:00
GDP_VOLUME_EUROPE,al:country,2011-Q1,2026-09-13T22:36:23.843165+00:00,2420.9,final,2011-01-01,2011-03-31,1,2026-09-13T22:36:23.843165+00:00
GDP_VOLUME_EUROPE,al:country,2011-Q2,2026-09-13T22:36:23.843165+00:00,2303.2,final,2011-04-01,2011-06-30,1,2026-09-13T22:36:23.843165+00:00
GDP_VOLUME_EUROPE,al:country,2011-Q3,2026-09-13T22:36:23.843165+00:00,2341.7,final,2011-07-01,2011-09-30,1,2026-09-13T22:36:23.843165+00:00
GDP_VOLUME_EUROPE,al:country,2011-Q4,2026-09-13T22:36:23.843165+00:00,2385.1,final,2011-10-01,2011-12-31,1,2026-09-13T22:36:23.843165+00:00
GDP_VOLUME_EUROPE,al:country,2012-Q1,2026-09-13T22:36:23.843165+00:00,2380.6,final,2012-01-01,2012-03-31,1,2026-09-13T22:36:23.843165+00:00
GDP_VOLUME_EUROPE,al:country,2012-Q2,2026-09-13T22:36:23.843165+00:00,2373.3,final,2012-04-01,2012-06-30,1,2026-09-13T22:36:23.843165+00:00
GDP_VOLUME_EUROPE,al:country,2012-Q3,2026-09-13T22:36:23.843165+00:00,2385.1,final,2012-07-01,2012-09-30,1,2026-09-13T22:36:23.843165+00:00
GDP_VOLUME_EUROPE,al:country,2012-Q4,2026-09-13T22:36:23.843165+00:00,2392.6,final,2012-10-01,2012-12-31,1,2026-09-13T22:36:23.843165+00:00
GDP_VOLUME_EUROPE,al:country,2013-Q1,2026-09-13T22:36:23.843165+00:00,2423.8,final,2013-01-01,2013-03-31,1,2026-09-13T22:36:23.843165+00:00
GDP_VOLUME_EUROPE,al:country,2013-Q2,2026-09-13T22:36:23.843165+00:00,2453.8,final,2013-04-01,2013-06-30,1,2026-09-13T22:36:23.843165+00:00
GDP_VOLUME_EUROPE,al:country,2013-Q3,2026-09-13T22:36:23.843165+00:00,2317.7,final,2013-07-01,2013-09-30,1,2026-09-13T22:36:23.843165+00:00
GDP_VOLUME_EUROPE,al:country,2013-Q4,2026-09-13T22:36:23.843165+00:00,2451.3,final,2013-10-01,2013-12-31,1,2026-09-13T22:36:23.843165+00:00
GDP_VOLUME_EUROPE,al:country,2014-Q1,2026-09-13T22:36:23.843165+00:00,2450.3,final,2014-01-01,2014-03-31,1,2026-09-13T22:36:23.843165+00:00
GDP_VOLUME_EUROPE,al:country,2014-Q2,2026-09-13T22:36:23.843165+00:00,2461.2,final,2014-04-01,2014-06-30,1,2026-09-13T22:36:23.843165+00:00
GDP_VOLUME_EUROPE,al:country,2014-Q3,2026-09-13T22:36:23.843165+00:00,2452.5,final,2014-07-01,2014-09-30,1,2026-09-13T22:36:23.843165+00:00
GDP_VOLUME_EUROPE,al:country,2014-Q4,2026-09-13T22:36:23.843165+00:00,2468.6,final,2014-10-01,2014-12-31,1,2026-09-13T22:36:23.843165+00:00
GDP_VOLUME_EUROPE,al:country,2015-Q1,2026-09-13T22:36:23.843165+00:00,2484.9,final,2015-01-01,2015-03-31,1,2026-09-13T22:36:23.843165+00:00
GDP_VOLUME_EUROPE,al:country,2015-Q2,2026-09-13T22:36:23.843165+00:00,2494.8,final,2015-04-01,2015-06-30,1,2026-09-13T22:36:23.843165+00:00
GDP_VOLUME_EUROPE,al:country,2015-Q3,2026-09-13T22:36:23.843165+00:00,2536.1,final,2015-07-01,2015-09-30,1,2026-09-13T22:36:23.843165+00:00
GDP_VOLUME_EUROPE,al:country,2015-Q4,2026-09-13T22:36:23.843165+00:00,2568.5,final,2015-10-01,2015-12-31,1,2026-09-13T22:36:23.843165+00:00
GDP_VOLUME_EUROPE,al:country,2016-Q1,2026-09-13T22:36:23.843165+00:00,2594.3,final,2016-01-01,2016-03-31,1,2026-09-13T22:36:23.843165+00:00
GDP_VOLUME_EUROPE,al:country,2016-Q2,2026-09-13T22:36:23.843165+00:00,2617.9,final,2016-04-01,2016-06-30,1,2026-09-13T22:36:23.843165+00:00
GDP_VOLUME_EUROPE,al:country,2016-Q3,2026-09-13T22:36:23.843165+00:00,2655.0,final,2016-07-01,2016-09-30,1,2026-09-13T22:36:23.843165+00:00
GDP_VOLUME_EUROPE,al:country,2016-Q4,2026-09-13T22:36:23.843165+00:00,2675.3,final,2016-10-01,2016-12-31,1,2026-09-13T22:36:23.843165+00:00
GDP_VOLUME_EUROPE,al:country,2017-Q1,2026-09-13T22:36:23.843165+00:00,2676.4,final,2017-01-01,2017-03-31,1,2026-09-13T22:36:23.843165+00:00
GDP_VOLUME_EUROPE,al:country,2017-Q2,2026-09-13T22:36:23.843165+00:00,2694.5,final,2017-04-01,2017-06-30,1,2026-09-13T22:36:23.843165+00:00
GDP_VOLUME_EUROPE,al:country,2017-Q3,2026-09-13T22:36:23.843165+00:00,2690.1,final,2017-07-01,2017-09-30,1,2026-09-13T22:36:23.843165+00:00
GDP_VOLUME_EUROPE,al:country,2017-Q4,2026-09-13T22:36:23.843165+00:00,2740.6,final,2017-10-01,2017-12-31,1,2026-09-13T22:36:23.843165+00:00
GDP_VOLUME_EUROPE,al:country,2018-Q1,2026-09-13T22:36:23.843165+00:00,2778.1,final,2018-01-01,2018-03-31,1,2026-09-13T22:36:23.843165+00:00
GDP_VOLUME_EUROPE,al:country,2018-Q2,2026-09-13T22:36:23.843165+00:00,2805.1,final,2018-04-01,2018-06-30,1,2026-09-13T22:36:23.843165+00:00
GDP_VOLUME_EUROPE,al:country,2018-Q3,2026-09-13T22:36:23.843165+00:00,2823.0,final,2018-07-01,2018-09-30,1,2026-09-13T22:36:23.843165+00:00
GDP_VOLUME_EUROPE,al:country,2018-Q4,2026-09-13T22:36:23.843165+00:00,2790.7,final,2018-10-01,2018-12-31,1,2026-09-13T22:36:23.843165+00:00
GDP_VOLUME_EUROPE,al:country,2019-Q1,2026-09-13T22:36:23.843165+00:00,2852.8,final,2019-01-01,2019-03-31,1,2026-09-13T22:36:23.843165+00:00
GDP_VOLUME_EUROPE,al:country,2019-Q2,2026-09-13T22:36:23.843165+00:00,2854.5,final,2019-04-01,2019-06-30,1,2026-09-13T22:36:23.843165+00:00
GDP_VOLUME_EUROPE,al:country,2019-Q3,2026-09-13T22:36:23.843165+00:00,2893.7,final,2019-07-01,2019-09-30,1,2026-09-13T22:36:23.843165+00:00
GDP_VOLUME_EUROPE,al:country,2019-Q4,2026-09-13T22:36:23.843165+00:00,2795.3,final,2019-10-01,2019-12-31,1,2026-09-13T22:36:23.843165+00:00
GDP_VOLUME_EUROPE,al:country,2020-Q1,2026-09-13T22:36:23.843165+00:00,2775.4,final,2020-01-01,2020-03-31,1,2026-09-13T22:36:23.843165+00:00
GDP_VOLUME_EUROPE,al:country,2020-Q2,2026-09-13T22:36:23.843165+00:00,2599.4,final,2020-04-01,2020-06-30,1,2026-09-13T22:36:23.843165+00:00
GDP_VOLUME_EUROPE,al:country,2020-Q3,2026-09-13T22:36:23.843165+00:00,2840.0,final,2020-07-01,2020-09-30,1,2026-09-13T22:36:23.843165+00:00
GDP_VOLUME_EUROPE,al:country,2020-Q4,2026-09-13T22:36:23.843165+00:00,2898.0,final,2020-10-01,2020-12-31,1,2026-09-13T22:36:23.843165+00:00
GDP_VOLUME_EUROPE,al:country,2021-Q1,2026-09-13T22:36:23.843165+00:00,2953.2,final,2021-01-01,2021-03-31,1,2026-09-13T22:36:23.843165+00:00
GDP_VOLUME_EUROPE,al:country,2021-Q2,2026-09-13T22:36:23.843165+00:00,3028.4,final,2021-04-01,2021-06-30,1,2026-09-13T22:36:23.843165+00:00
GDP_VOLUME_EUROPE,al:country,2021-Q3,2026-09-13T22:36:23.843165+00:00,3021.7,final,2021-07-01,2021-09-30,1,2026-09-13T22:36:23.843165+00:00
GDP_VOLUME_EUROPE,al:country,2021-Q4,2026-09-13T22:36:23.843165+00:00,3078.1,final,2021-10-01,2021-12-31,1,2026-09-13T22:36:23.843165+00:00
GDP_VOLUME_EUROPE,al:country,2022-Q1,2026-09-13T22:36:23.843165+00:00,3123.9,final,2022-01-01,2022-03-31,1,2026-09-13T22:36:23.843165+00:00
GDP_VOLUME_EUROPE,al:country,2022-Q2,2026-09-13T22:36:23.843165+00:00,3119.9,final,2022-04-01,2022-06-30,1,2026-09-13T22:36:23.843165+00:00
GDP_VOLUME_EUROPE,al:country,2022-Q3,2026-09-13T22:36:23.843165+00:00,3176.1,final,2022-07-01,2022-09-30,1,2026-09-13T22:36:23.843165+00:00
GDP_VOLUME_EUROPE,al:country,2022-Q4,2026-09-13T22:36:23.843165+00:00,3207.9,final,2022-10-01,2022-12-31,1,2026-09-13T22:36:23.843165+00:00
GDP_VOLUME_EUROPE,al:country,2023-Q1,2026-09-13T22:36:23.843165+00:00,3229.7,final,2023-01-01,2023-03-31,1,2026-09-13T22:36:23.843165+00:00
GDP_VOLUME_EUROPE,al:country,2023-Q2,2026-09-13T22:36:23.843165+00:00,3268.3,final,2023-04-01,2023-06-30,1,2026-09-13T22:36:23.843165+00:00
GDP_VOLUME_EUROPE,al:country,2023-Q3,2026-09-13T22:36:23.843165+00:00,3306.4,final,2023-07-01,2023-09-30,1,2026-09-13T22:36:23.843165+00:00
GDP_VOLUME_EUROPE,al:country,2023-Q4,2026-09-13T22:36:23.843165+00:00,3327.1,final,2023-10-01,2023-12-31,1,2026-09-13T22:36:23.843165+00:00
GDP_VOLUME_EUROPE,al:country,2024-Q1,2026-09-13T22:36:23.843165+00:00,3362.9,final,2024-01-01,2024-03-31,1,2026-09-13T22:36:23.843165+00:00
GDP_VOLUME_EUROPE,al:country,2024-Q2,2026-09-13T22:36:23.843165+00:00,3397.5,final,2024-04-01,2024-06-30,1,2026-09-13T22:36:23.843165+00:00
GDP_VOLUME_EUROPE,al:country,2024-Q3,2026-09-13T22:36:23.843165+00:00,3445.1,final,2024-07-01,2024-09-30,1,2026-09-13T22:36:23.843165+00:00
GDP_VOLUME_EUROPE,al:country,2024-Q4,2026-09-13T22:36:23.843165+00:00,3455.0,final,2024-10-01,2024-12-31,1,2026-09-13T22:36:23.843165+00:00
GDP_VOLUME_EUROPE,al:country,2025-Q1,2026-09-13T22:36:23.843165+00:00,3491.8,provisional,2025-01-01,2025-03-31,1,2026-09-13T22:36:23.843165+00:00
GDP_VOLUME_EUROPE,al:country,2025-Q2,2026-09-13T22:36:23.843165+00:00,3521.5,provisional,2025-04-01,2025-06-30,1,2026-09-13T22:36:23.843165+00:00
GDP_VOLUME_EUROPE,al:country,2025-Q3,2026-09-13T22:36:23.843165+00:00,3557.4,provisional,2025-07-01,2025-09-30,1,2026-09-13T22:36:23.843165+00:00
GDP_VOLUME_EUROPE,al:country,2025-Q4,2026-09-13T22:36:23.843165+00:00,3592.9,provisional,2025-10-01,2025-12-31,1,2026-09-13T22:36:23.843165+00:00
GDP_VOLUME_EUROPE,al:country,2026-Q1,2026-09-13T22:36:23.843165+00:00,3620.4,provisional,2026-01-01,2026-03-31,1,2026-09-13T22:36:23.843165+00:00
GDP_VOLUME_EUROPE,at:country,2008-Q1,2026-09-13T22:36:23.843165+00:00,75725.9,final,2008-01-01,2008-03-31,1,2026-09-13T22:36:23.843165+00:00
GDP_VOLUME_EUROPE,at:country,2008-Q2,2026-09-13T22:36:23.843165+00:00,75533.9,final,2008-04-01,2008-06-30,1,2026-09-13T22:36:23.843165+00:00
GDP_VOLUME_EUROPE,at:country,2008-Q3,2026-09-13T22:36:23.843165+00:00,75014.5,final,2008-07-01,2008-09-30,1,2026-09-13T22:36:23.843165+00:00
GDP_VOLUME_EUROPE,at:country,2008-Q4,2026-09-13T22:36:23.843165+00:00,73103.7,final,2008-10-01,2008-12-31,1,2026-09-13T22:36:23.843165+00:00
GDP_VOLUME_EUROPE,at:country,2009-Q1,2026-09-13T22:36:23.843165+00:00,72306.4,final,2009-01-01,2009-03-31,1,2026-09-13T22:36:23.843165+00:00
GDP_VOLUME_EUROPE,at:country,2009-Q2,2026-09-13T22:36:23.843165+00:00,71914.4,final,2009-04-01,2009-06-30,1,2026-09-13T22:36:23.843165+00:00
GDP_VOLUME_EUROPE,at:country,2009-Q3,2026-09-13T22:36:23.843165+00:00,72160.0,final,2009-07-01,2009-09-30,1,2026-09-13T22:36:23.843165+00:00
GDP_VOLUME_EUROPE,at:country,2009-Q4,2026-09-13T22:36:23.843165+00:00,72341.4,final,2009-10-01,2009-12-31,1,2026-09-13T22:36:23.843165+00:00
GDP_VOLUME_EUROPE,at:country,2010-Q1,2026-09-13T22:36:23.843165+00:00,72086.1,final,2010-01-01,2010-03-31,1,2026-09-13T22:36:23.843165+00:00
GDP_VOLUME_EUROPE,at:country,2010-Q2,2026-09-13T22:36:23.843165+00:00,73044.8,final,2010-04-01,2010-06-30,1,2026-09-13T22:36:23.843165+00:00
GDP_VOLUME_EUROPE,at:country,2010-Q3,2026-09-13T22:36:23.843165+00:00,73907.9,final,2010-07-01,2010-09-30,1,2026-09-13T22:36:23.843165+00:00
GDP_VOLUME_EUROPE,at:country,2010-Q4,2026-09-13T22:36:23.843165+00:00,74626.2,final,2010-10-01,2010-12-31,1,2026-09-13T22:36:23.843165+00:00
GDP_VOLUME_EUROPE,at:country,2011-Q1,2026-09-13T22:36:23.843165+00:00,75371.3,final,2011-01-01,2011-03-31,1,2026-09-13T22:36:23.843165+00:00
GDP_VOLUME_EUROPE,at:country,2011-Q2,2026-09-13T22:36:23.843165+00:00,75343.2,final,2011-04-01,2011-06-30,1,2026-09-13T22:36:23.843165+00:00
GDP_VOLUME_EUROPE,at:country,2011-Q3,2026-09-13T22:36:23.843165+00:00,75756.8,final,2011-07-01,2011-09-30,1,2026-09-13T22:36:23.843165+00:00
GDP_VOLUME_EUROPE,at:country,2011-Q4,2026-09-13T22:36:23.843165+00:00,76077.2,final,2011-10-01,2011-12-31,1,2026-09-13T22:36:23.843165+00:00
GDP_VOLUME_EUROPE,at:country,2012-Q1,2026-09-13T22:36:23.843165+00:00,76397.0,final,2012-01-01,2012-03-31,1,2026-09-13T22:36:23.843165+00:00
GDP_VOLUME_EUROPE,at:country,2012-Q2,2026-09-13T22:36:23.843165+00:00,76142.1,final,2012-04-01,2012-06-30,1,2026-09-13T22:36:23.843165+00:00
GDP_VOLUME_EUROPE,at:country,2012-Q3,2026-09-13T22:36:23.843165+00:00,76389.3,final,2012-07-01,2012-09-30,1,2026-09-13T22:36:23.843165+00:00
GDP_VOLUME_EUROPE,at:country,2012-Q4,2026-09-13T22:36:23.843165+00:00,75860.0,final,2012-10-01,2012-12-31,1,2026-09-13T22:36:23.843165+00:00
GDP_VOLUME_EUROPE,at:country,2013-Q1,2026-09-13T22:36:23.843165+00:00,75562.7,final,2013-01-01,2013-03-31,1,2026-09-13T22:36:23.843165+00:00
GDP_VOLUME_EUROPE,at:country,2013-Q2,2026-09-13T22:36:23.843165+00:00,75910.2,final,2013-04-01,2013-06-30,1,2026-09-13T22:36:23.843165+00:00
GDP_VOLUME_EUROPE,at:country,2013-Q3,2026-09-13T22:36:23.843165+00:00,76126.6,final,2013-07-01,2013-09-30,1,2026-09-13T22:36:23.843165+00:00
GDP_VOLUME_EUROPE,at:country,2013-Q4,2026-09-13T22:36:23.843165+00:00,76190.3,final,2013-10-01,2013-12-31,1,2026-09-13T22:36:23.843165+00:00
GDP_VOLUME_EUROPE,at:country,2014-Q1,2026-09-13T22:36:23.843165+00:00,76189.5,final,2014-01-01,2014-03-31,1,2026-09-13T22:36:23.843165+00:00
GDP_VOLUME_EUROPE,at:country,2014-Q2,2026-09-13T22:36:23.843165+00:00,76571.5,final,2014-04-01,2014-06-30,1,2026-09-13T22:36:23.843165+00:00
GDP_VOLUME_EUROPE,at:country,2014-Q3,2026-09-13T22:36:23.843165+00:00,76698.7,final,2014-07-01,2014-09-30,1,2026-09-13T22:36:23.843165+00:00
GDP_VOLUME_EUROPE,at:country,2014-Q4,2026-09-13T22:36:23.843165+00:00,77013.8,final,2014-10-01,2014-12-31,1,2026-09-13T22:36:23.843165+00:00
GDP_VOLUME_EUROPE,at:country,2015-Q1,2026-09-13T22:36:23.843165+00:00,77032.3,final,2015-01-01,2015-03-31,1,2026-09-13T22:36:23.843165+00:00
GDP_VOLUME_EUROPE,at:country,2015-Q2,2026-09-13T22:36:23.843165+00:00,77472.0,final,2015-04-01,2015-06-30,1,2026-09-13T22:36:23.843165+00:00
GDP_VOLUME_EUROPE,at:country,2015-Q3,2026-09-13T22:36:23.843165+00:00,77765.2,final,2015-07-01,2015-09-30,1,2026-09-13T22:36:23.843165+00:00
GDP_VOLUME_EUROPE,at:country,2015-Q4,2026-09-13T22:36:23.843165+00:00,78075.5,final,2015-10-01,2015-12-31,1,2026-09-13T22:36:23.843165+00:00
GDP_VOLUME_EUROPE,at:country,2016-Q1,2026-09-13T22:36:23.843165+00:00,78966.8,final,2016-01-01,2016-03-31,1,2026-09-13T22:36:23.843165+00:00
GDP_VOLUME_EUROPE,at:country,2016-Q2,2026-09-13T22:36:23.843165+00:00,78924.9,final,2016-04-01,2016-06-30,1,2026-09-13T22:36:23.843165+00:00
GDP_VOLUME_EUROPE,at:country,2016-Q3,2026-09-13T22:36:23.843165+00:00,79357.9,final,2016-07-01,2016-09-30,1,2026-09-13T22:36:23.843165+00:00
GDP_VOLUME_EUROPE,at:country,2016-Q4,2026-09-13T22:36:23.843165+00:00,79838.6,final,2016-10-01,2016-12-31,1,2026-09-13T22:36:23.843165+00:00
GDP_VOLUME_EUROPE,at:country,2017-Q1,2026-09-13T22:36:23.843165+00:00,80620.4,final,2017-01-01,2017-03-31,1,2026-09-13T22:36:23.843165+00:00
GDP_VOLUME_EUROPE,at:country,2017-Q2,2026-09-13T22:36:23.843165+00:00,80884.1,final,2017-04-01,2017-06-30,1,2026-09-13T22:36:23.843165+00:00
GDP_VOLUME_EUROPE,at:country,2017-Q3,2026-09-13T22:36:23.843165+00:00,81396.6,final,2017-07-01,2017-09-30,1,2026-09-13T22:36:23.843165+00:00
GDP_VOLUME_EUROPE,at:country,2017-Q4,2026-09-13T22:36:23.843165+00:00,81785.4,final,2017-10-01,2017-12-31,1,2026-09-13T22:36:23.843165+00:00
GDP_VOLUME_EUROPE,at:country,2018-Q1,2026-09-13T22:36:23.843165+00:00,82247.4,final,2018-01-01,2018-03-31,1,2026-09-13T22:36:23.843165+00:00
GDP_VOLUME_EUROPE,at:country,2018-Q2,2026-09-13T22:36:23.843165+00:00,82912.9,final,2018-04-01,2018-06-30,1,2026-09-13T22:36:23.843165+00:00
GDP_VOLUME_EUROPE,at:country,2018-Q3,2026-09-13T22:36:23.843165+00:00,83250.6,final,2018-07-01,2018-09-30,1,2026-09-13T22:36:23.843165+00:00
GDP_VOLUME_EUROPE,at:country,2018-Q4,2026-09-13T22:36:23.843165+00:00,84036.8,final,2018-10-01,2018-12-31,1,2026-09-13T22:36:23.843165+00:00
GDP_VOLUME_EUROPE,at:country,2019-Q1,2026-09-13T22:36:23.843165+00:00,84991.4,final,2019-01-01,2019-03-31,1,2026-09-13T22:36:23.843165+00:00
GDP_VOLUME_EUROPE,at:country,2019-Q2,2026-09-13T22:36:23.843165+00:00,84464.8,final,2019-04-01,2019-06-30,1,2026-09-13T22:36:23.843165+00:00
GDP_VOLUME_EUROPE,at:country,2019-Q3,2026-09-13T22:36:23.843165+00:00,84592.3,final,2019-07-01,2019-09-30,1,2026-09-13T22:36:23.843165+00:00
GDP_VOLUME_EUROPE,at:country,2019-Q4,2026-09-13T22:36:23.843165+00:00,84050.8,final,2019-10-01,2019-12-31,1,2026-09-13T22:36:23.843165+00:00
GDP_VOLUME_EUROPE,at:country,2020-Q1,2026-09-13T22:36:23.843165+00:00,83125.1,final,2020-01-01,2020-03-31,1,2026-09-13T22:36:23.843165+00:00
GDP_VOLUME_EUROPE,at:country,2020-Q2,2026-09-13T22:36:23.843165+00:00,72641.7,final,2020-04-01,2020-06-30,1,2026-09-13T22:36:23.843165+00:00
GDP_VOLUME_EUROPE,at:country,2020-Q3,2026-09-13T22:36:23.843165+00:00,80981.7,final,2020-07-01,2020-09-30,1,2026-09-13T22:36:23.843165+00:00
GDP_VOLUME_EUROPE,at:country,2020-Q4,2026-09-13T22:36:23.843165+00:00,79788.3,final,2020-10-01,2020-12-31,1,2026-09-13T22:36:23.843165+00:00
GDP_VOLUME_EUROPE,at:country,2021-Q1,2026-09-13T22:36:23.843165+00:00,79021.9,final,2021-01-01,2021-03-31,1,2026-09-13T22:36:23.843165+00:00
GDP_VOLUME_EUROPE,at:country,2021-Q2,2026-09-13T22:36:23.843165+00:00,82655.0,final,2021-04-01,2021-06-30,1,2026-09-13T22:36:23.843165+00:00
GDP_VOLUME_EUROPE,at:country,2021-Q3,2026-09-13T22:36:23.843165+00:00,85235.4,final,2021-07-01,2021-09-30,1,2026-09-13T22:36:23.843165+00:00
GDP_VOLUME_EUROPE,at:country,2021-Q4,2026-09-13T22:36:23.843165+00:00,85470.8,final,2021-10-01,2021-12-31,1,2026-09-13T22:36:23.843165+00:00
GDP_VOLUME_EUROPE,at:country,2022-Q1,2026-09-13T22:36:23.843165+00:00,85748.4,final,2022-01-01,2022-03-31,1,2026-09-13T22:36:23.843165+00:00
GDP_VOLUME_EUROPE,at:country,2022-Q2,2026-09-13T22:36:23.843165+00:00,88244.8,final,2022-04-01,2022-06-30,1,2026-09-13T22:36:23.843165+00:00
GDP_VOLUME_EUROPE,at:country,2022-Q3,2026-09-13T22:36:23.843165+00:00,88232.2,final,2022-07-01,2022-09-30,1,2026-09-13T22:36:23.843165+00:00
GDP_VOLUME_EUROPE,at:country,2022-Q4,2026-09-13T22:36:23.843165+00:00,88213.8,final,2022-10-01,2022-12-31,1,2026-09-13T22:36:23.843165+00:00
GDP_VOLUME_EUROPE,at:country,2023-Q1,2026-09-13T22:36:23.843165+00:00,88142.7,final,2023-01-01,2023-03-31,1,2026-09-13T22:36:23.843165+00:00
GDP_VOLUME_EUROPE,at:country,2023-Q2,2026-09-13T22:36:23.843165+00:00,87078.5,final,2023-04-01,2023-06-30,1,2026-09-13T22:36:23.843165+00:00
GDP_VOLUME_EUROPE,at:country,2023-Q3,2026-09-13T22:36:23.843165+00:00,86631.6,final,2023-07-01,2023-09-30,1,2026-09-13T22:36:23.843165+00:00
GDP_VOLUME_EUROPE,at:country,2023-Q4,2026-09-13T22:36:23.843165+00:00,86222.5,final,2023-10-01,2023-12-31,1,2026-09-13T22:36:23.843165+00:00
GDP_VOLUME_EUROPE,at:country,2024-Q1,2026-09-13T22:36:23.843165+00:00,86331.4,final,2024-01-01,2024-03-31,1,2026-09-13T22:36:23.843165+00:00
GDP_VOLUME_EUROPE,at:country,2024-Q2,2026-09-13T22:36:23.843165+00:00,86218.1,final,2024-04-01,2024-06-30,1,2026-09-13T22:36:23.843165+00:00
GDP_VOLUME_EUROPE,at:country,2024-Q3,2026-09-13T22:36:23.843165+00:00,86130.6,final,2024-07-01,2024-09-30,1,2026-09-13T22:36:23.843165+00:00
GDP_VOLUME_EUROPE,at:country,2024-Q4,2026-09-13T22:36:23.843165+00:00,86505.7,final,2024-10-01,2024-12-31,1,2026-09-13T22:36:23.843165+00:00
GDP_VOLUME_EUROPE,at:country,2025-Q1,2026-09-13T22:36:23.843165+00:00,86838.8,final,2025-01-01,2025-03-31,1,2026-09-13T22:36:23.843165+00:00
GDP_VOLUME_EUROPE,at:country,2025-Q2,2026-09-13T22:36:23.843165+00:00,86997.4,final,2025-04-01,2025-06-30,1,2026-09-13T22:36:23.843165+00:00
GDP_VOLUME_EUROPE,at:country,2025-Q3,2026-09-13T22:36:23.843165+00:00,87237.7,final,2025-07-01,2025-09-30,1,2026-09-13T22:36:23.843165+00:00
GDP_VOLUME_EUROPE,at:country,2025-Q4,2026-09-13T22:36:23.843165+00:00,87415.2,final,2025-10-01,2025-12-31,1,2026-09-13T22:36:23.843165+00:00
GDP_VOLUME_EUROPE,at:country,2026-Q1,2026-09-13T22:36:23.843165+00:00,87509.7,final,2026-01-01,2026-03-31,1,2026-09-13T22:36:23.843165+00:00
GDP_VOLUME_EUROPE,at:country,2026-Q2,2026-09-13T22:36:23.843165+00:00,87383.8,final,2026-04-01,2026-06-30,1,2026-09-13T22:36:23.843165+00:00
GDP_VOLUME_EUROPE,ba:country,2008-Q1,2026-09-13T22:36:23.843165+00:00,3318.4,final,2008-01-01,2008-03-31,1,2026-09-13T22:36:23.843165+00:00
GDP_VOLUME_EUROPE,ba:country,2008-Q2,2026-09-13T22:36:23.843165+00:00,3304.6,final,2008-04-01,2008-06-30,1,2026-09-13T22:36:23.843165+00:00
GDP_VOLUME_EUROPE,ba:country,2008-Q3,2026-09-13T22:36:23.843165+00:00,3327.4,final,2008-07-01,2008-09-30,1,2026-09-13T22:36:23.843165+00:00
GDP_VOLUME_EUROPE,ba:country,2008-Q4,2026-09-13T22:36:23.843165+00:00,3306.5,final,2008-10-01,2008-12-31,1,2026-09-13T22:36:23.843165+00:00
GDP_VOLUME_EUROPE,ba:country,2009-Q1,2026-09-13T22:36:23.843165+00:00,3213.5,final,2009-01-01,2009-03-31,1,2026-09-13T22:36:23.843165+00:00
GDP_VOLUME_EUROPE,ba:country,2009-Q2,2026-09-13T22:36:23.843165+00:00,3227.1,final,2009-04-01,2009-06-30,1,2026-09-13T22:36:23.843165+00:00
GDP_VOLUME_EUROPE,ba:country,2009-Q3,2026-09-13T22:36:23.843165+00:00,3227.4,final,2009-07-01,2009-09-30,1,2026-09-13T22:36:23.843165+00:00
GDP_VOLUME_EUROPE,ba:country,2009-Q4,2026-09-13T22:36:23.843165+00:00,3192.5,final,2009-10-01,2009-12-31,1,2026-09-13T22:36:23.843165+00:00
GDP_VOLUME_EUROPE,ba:country,2010-Q1,2026-09-13T22:36:23.843165+00:00,3227.2,final,2010-01-01,2010-03-31,1,2026-09-13T22:36:23.843165+00:00
GDP_VOLUME_EUROPE,ba:country,2010-Q2,2026-09-13T22:36:23.843165+00:00,3244.0,final,2010-04-01,2010-06-30,1,2026-09-13T22:36:23.843165+00:00
GDP_VOLUME_EUROPE,ba:country,2010-Q3,2026-09-13T22:36:23.843165+00:00,3225.7,final,2010-07-01,2010-09-30,1,2026-09-13T22:36:23.843165+00:00
GDP_VOLUME_EUROPE,ba:country,2010-Q4,2026-09-13T22:36:23.843165+00:00,3274.7,final,2010-10-01,2010-12-31,1,2026-09-13T22:36:23.843165+00:00
GDP_VOLUME_EUROPE,ba:country,2011-Q1,2026-09-13T22:36:23.843165+00:00,3281.5,final,2011-01-01,2011-03-31,1,2026-09-13T22:36:23.843165+00:00
GDP_VOLUME_EUROPE,ba:country,2011-Q2,2026-09-13T22:36:23.843165+00:00,3282.1,final,2011-04-01,2011-06-30,1,2026-09-13T22:36:23.843165+00:00
GDP_VOLUME_EUROPE,ba:country,2011-Q3,2026-09-13T22:36:23.843165+00:00,3268.1,final,2011-07-01,2011-09-30,1,2026-09-13T22:36:23.843165+00:00
GDP_VOLUME_EUROPE,ba:country,2011-Q4,2026-09-13T22:36:23.843165+00:00,3263.7,final,2011-10-01,2011-12-31,1,2026-09-13T22:36:23.843165+00:00
GDP_VOLUME_EUROPE,ba:country,2012-Q1,2026-09-13T22:36:23.843165+00:00,3221.3,final,2012-01-01,2012-03-31,1,2026-09-13T22:36:23.843165+00:00
GDP_VOLUME_EUROPE,ba:country,2012-Q2,2026-09-13T22:36:23.843165+00:00,3269.9,final,2012-04-01,2012-06-30,1,2026-09-13T22:36:23.843165+00:00
GDP_VOLUME_EUROPE,ba:country,2012-Q3,2026-09-13T22:36:23.843165+00:00,3271.1,final,2012-07-01,2012-09-30,1,2026-09-13T22:36:23.843165+00:00
GDP_VOLUME_EUROPE,ba:country,2012-Q4,2026-09-13T22:36:23.843165+00:00,3225.7,final,2012-10-01,2012-12-31,1,2026-09-13T22:36:23.843165+00:00
GDP_VOLUME_EUROPE,ba:country,2013-Q1,2026-09-13T22:36:23.843165+00:00,3285.0,final,2013-01-01,2013-03-31,1,2026-09-13T22:36:23.843165+00:00
GDP_VOLUME_EUROPE,ba:country,2013-Q2,2026-09-13T22:36:23.843165+00:00,3330.8,final,2013-04-01,2013-06-30,1,2026-09-13T22:36:23.843165+00:00
GDP_VOLUME_EUROPE,ba:country,2013-Q3,2026-09-13T22:36:23.843165+00:00,3325.8,final,2013-07-01,2013-09-30,1,2026-09-13T22:36:23.843165+00:00
GDP_VOLUME_EUROPE,ba:country,2013-Q4,2026-09-13T22:36:23.843165+00:00,3350.0,final,2013-10-01,2013-12-31,1,2026-09-13T22:36:23.843165+00:00
GDP_VOLUME_EUROPE,ba:country,2014-Q1,2026-09-13T22:36:23.843165+00:00,3375.6,final,2014-01-01,2014-03-31,1,2026-09-13T22:36:23.843165+00:00
GDP_VOLUME_EUROPE,ba:country,2014-Q2,2026-09-13T22:36:23.843165+00:00,3328.9,final,2014-04-01,2014-06-30,1,2026-09-13T22:36:23.843165+00:00
GDP_VOLUME_EUROPE,ba:country,2014-Q3,2026-09-13T22:36:23.843165+00:00,3342.1,final,2014-07-01,2014-09-30,1,2026-09-13T22:36:23.843165+00:00
GDP_VOLUME_EUROPE,ba:country,2014-Q4,2026-09-13T22:36:23.843165+00:00,3397.4,final,2014-10-01,2014-12-31,1,2026-09-13T22:36:23.843165+00:00
GDP_VOLUME_EUROPE,ba:country,2015-Q1,2026-09-13T22:36:23.843165+00:00,3488.2,final,2015-01-01,2015-03-31,1,2026-09-13T22:36:23.843165+00:00
GDP_VOLUME_EUROPE,ba:country,2015-Q2,2026-09-13T22:36:23.843165+00:00,3509.8,final,2015-04-01,2015-06-30,1,2026-09-13T22:36:23.843165+00:00
GDP_VOLUME_EUROPE,ba:country,2015-Q3,2026-09-13T22:36:23.843165+00:00,3494.6,final,2015-07-01,2015-09-30,1,2026-09-13T22:36:23.843165+00:00
GDP_VOLUME_EUROPE,ba:country,2015-Q4,2026-09-13T22:36:23.843165+00:00,3522.2,final,2015-10-01,2015-12-31,1,2026-09-13T22:36:23.843165+00:00
GDP_VOLUME_EUROPE,ba:country,2016-Q1,2026-09-13T22:36:23.843165+00:00,3560.6,final,2016-01-01,2016-03-31,1,2026-09-13T22:36:23.843165+00:00
GDP_VOLUME_EUROPE,ba:country,2016-Q2,2026-09-13T22:36:23.843165+00:00,3600.5,final,2016-04-01,2016-06-30,1,2026-09-13T22:36:23.843165+00:00
GDP_VOLUME_EUROPE,ba:country,2016-Q3,2026-09-13T22:36:23.843165+00:00,3629.6,final,2016-07-01,2016-09-30,1,2026-09-13T22:36:23.843165+00:00
GDP_VOLUME_EUROPE,ba:country,2016-Q4,2026-09-13T22:36:23.843165+00:00,3676.8,final,2016-10-01,2016-12-31,1,2026-09-13T22:36:23.843165+00:00
GDP_VOLUME_EUROPE,ba:country,2017-Q1,2026-09-13T22:36:23.843165+00:00,3681.6,final,2017-01-01,2017-03-31,1,2026-09-13T22:36:23.843165+00:00
GDP_VOLUME_EUROPE,ba:country,2017-Q2,2026-09-13T22:36:23.843165+00:00,3727.0,final,2017-04-01,2017-06-30,1,2026-09-13T22:36:23.843165+00:00
GDP_VOLUME_EUROPE,ba:country,2017-Q3,2026-09-13T22:36:23.843165+00:00,3766.3,final,2017-07-01,2017-09-30,1,2026-09-13T22:36:23.843165+00:00
GDP_VOLUME_EUROPE,ba:country,2017-Q4,2026-09-13T22:36:23.843165+00:00,3762.9,final,2017-10-01,2017-12-31,1,2026-09-13T22:36:23.843165+00:00
GDP_VOLUME_EUROPE,ba:country,2018-Q1,2026-09-13T22:36:23.843165+00:00,3801.8,final,2018-01-01,2018-03-31,1,2026-09-13T22:36:23.843165+00:00
GDP_VOLUME_EUROPE,ba:country,2018-Q2,2026-09-13T22:36:23.843165+00:00,3883.3,final,2018-04-01,2018-06-30,1,2026-09-13T22:36:23.843165+00:00
GDP_VOLUME_EUROPE,ba:country,2018-Q3,2026-09-13T22:36:23.843165+00:00,3907.5,final,2018-07-01,2018-09-30,1,2026-09-13T22:36:23.843165+00:00
GDP_VOLUME_EUROPE,ba:country,2018-Q4,2026-09-13T22:36:23.843165+00:00,3917.5,final,2018-10-01,2018-12-31,1,2026-09-13T22:36:23.843165+00:00
GDP_VOLUME_EUROPE,ba:country,2019-Q1,2026-09-13T22:36:23.843165+00:00,3887.5,final,2019-01-01,2019-03-31,1,2026-09-13T22:36:23.843165+00:00
GDP_VOLUME_EUROPE,ba:country,2019-Q2,2026-09-13T22:36:23.843165+00:00,4011.8,final,2019-04-01,2019-06-30,1,2026-09-13T22:36:23.843165+00:00
GDP_VOLUME_EUROPE,ba:country,2019-Q3,2026-09-13T22:36:23.843165+00:00,4053.4,final,2019-07-01,2019-09-30,1,2026-09-13T22:36:23.843165+00:00
GDP_VOLUME_EUROPE,ba:country,2019-Q4,2026-09-13T22:36:23.843165+00:00,4008.4,final,2019-10-01,2019-12-31,1,2026-09-13T22:36:23.843165+00:00
GDP_VOLUME_EUROPE,ba:country,2020-Q1,2026-09-13T22:36:23.843165+00:00,3972.5,final,2020-01-01,2020-03-31,1,2026-09-13T22:36:23.843165+00:00
GDP_VOLUME_EUROPE,ba:country,2020-Q2,2026-09-13T22:36:23.843165+00:00,3707.1,final,2020-04-01,2020-06-30,1,2026-09-13T22:36:23.843165+00:00
GDP_VOLUME_EUROPE,ba:country,2020-Q3,2026-09-13T22:36:23.843165+00:00,3869.4,final,2020-07-01,2020-09-30,1,2026-09-13T22:36:23.843165+00:00
GDP_VOLUME_EUROPE,ba:country,2020-Q4,2026-09-13T22:36:23.843165+00:00,3938.0,final,2020-10-01,2020-12-31,1,2026-09-13T22:36:23.843165+00:00
GDP_VOLUME_EUROPE,ba:country,2021-Q1,2026-09-13T22:36:23.843165+00:00,4078.1,final,2021-01-01,2021-03-31,1,2026-09-13T22:36:23.843165+00:00
GDP_VOLUME_EUROPE,ba:country,2021-Q2,2026-09-13T22:36:23.843165+00:00,4124.3,final,2021-04-01,2021-06-30,1,2026-09-13T22:36:23.843165+00:00
GDP_VOLUME_EUROPE,ba:country,2021-Q3,2026-09-13T22:36:23.843165+00:00,4167.5,final,2021-07-01,2021-09-30,1,2026-09-13T22:36:23.843165+00:00
GDP_VOLUME_EUROPE,ba:country,2021-Q4,2026-09-13T22:36:23.843165+00:00,4256.4,final,2021-10-01,2021-12-31,1,2026-09-13T22:36:23.843165+00:00
GDP_VOLUME_EUROPE,ba:country,2022-Q1,2026-09-13T22:36:23.843165+00:00,4294.1,final,2022-01-01,2022-03-31,1,2026-09-13T22:36:23.843165+00:00
GDP_VOLUME_EUROPE,ba:country,2022-Q2,2026-09-13T22:36:23.843165+00:00,4354.8,final,2022-04-01,2022-06-30,1,2026-09-13T22:36:23.843165+00:00
GDP_VOLUME_EUROPE,ba:country,2022-Q3,2026-09-13T22:36:23.843165+00:00,4309.5,final,2022-07-01,2022-09-30,1,2026-09-13T22:36:23.843165+00:00
GDP_VOLUME_EUROPE,ba:country,2022-Q4,2026-09-13T22:36:23.843165+00:00,4368.7,final,2022-10-01,2022-12-31,1,2026-09-13T22:36:23.843165+00:00
GDP_VOLUME_EUROPE,ba:country,2023-Q1,2026-09-13T22:36:23.843165+00:00,4382.4,final,2023-01-01,2023-03-31,1,2026-09-13T22:36:23.843165+00:00
GDP_VOLUME_EUROPE,ba:country,2023-Q2,2026-09-13T22:36:23.843165+00:00,4415.8,final,2023-04-01,2023-06-30,1,2026-09-13T22:36:23.843165+00:00
GDP_VOLUME_EUROPE,ba:country,2023-Q3,2026-09-13T22:36:23.843165+00:00,4413.3,final,2023-07-01,2023-09-30,1,2026-09-13T22:36:23.843165+00:00
GDP_VOLUME_EUROPE,ba:country,2023-Q4,2026-09-13T22:36:23.843165+00:00,4459.9,final,2023-10-01,2023-12-31,1,2026-09-13T22:36:23.843165+00:00
GDP_VOLUME_EUROPE,ba:country,2024-Q1,2026-09-13T22:36:23.843165+00:00,4514.4,final,2024-01-01,2024-03-31,1,2026-09-13T22:36:23.843165+00:00
GDP_VOLUME_EUROPE,ba:country,2024-Q2,2026-09-13T22:36:23.843165+00:00,4557.8,final,2024-04-01,2024-06-30,1,2026-09-13T22:36:23.843165+00:00
GDP_VOLUME_EUROPE,ba:country,2024-Q3,2026-09-13T22:36:23.843165+00:00,4576.0,final,2024-07-01,2024-09-30,1,2026-09-13T22:36:23.843165+00:00
GDP_VOLUME_EUROPE,ba:country,2024-Q4,2026-09-13T22:36:23.843165+00:00,4591.7,final,2024-10-01,2024-12-31,1,2026-09-13T22:36:23.843165+00:00
GDP_VOLUME_EUROPE,ba:country,2025-Q1,2026-09-13T22:36:23.843165+00:00,4600.5,final,2025-01-01,2025-03-31,1,2026-09-13T22:36:23.843165+00:00
GDP_VOLUME_EUROPE,ba:country,2025-Q2,2026-09-13T22:36:23.843165+00:00,4656.8,final,2025-04-01,2025-06-30,1,2026-09-13T22:36:23.843165+00:00
GDP_VOLUME_EUROPE,ba:country,2025-Q3,2026-09-13T22:36:23.843165+00:00,4682.0,final,2025-07-01,2025-09-30,1,2026-09-13T22:36:23.843165+00:00
GDP_VOLUME_EUROPE,ba:country,2025-Q4,2026-09-13T22:36:23.843165+00:00,4689.0,final,2025-10-01,2025-12-31,1,2026-09-13T22:36:23.843165+00:00
GDP_VOLUME_EUROPE,ba:country,2026-Q1,2026-09-13T22:36:23.843165+00:00,4698.0,final,2026-01-01,2026-03-31,1,2026-09-13T22:36:23.843165+00:00
GDP_VOLUME_EUROPE,be:country,2008-Q1,2026-09-13T22:36:23.843165+00:00,90838.8,final,2008-01-01,2008-03-31,1,2026-09-13T22:36:23.843165+00:00
GDP_VOLUME_EUROPE,be:country,2008-Q2,2026-09-13T22:36:23.843165+00:00,90882.8,final,2008-04-01,2008-06-30,1,2026-09-13T22:36:23.843165+00:00
GDP_VOLUME_EUROPE,be:country,2008-Q3,2026-09-13T22:36:23.843165+00:00,90385.5,final,2008-07-01,2008-09-30,1,2026-09-13T22:36:23.843165+00:00
GDP_VOLUME_EUROPE,be:country,2008-Q4,2026-09-13T22:36:23.843165+00:00,88423.5,final,2008-10-01,2008-12-31,1,2026-09-13T22:36:23.843165+00:00
GDP_VOLUME_EUROPE,be:country,2009-Q1,2026-09-13T22:36:23.843165+00:00,87541.4,final,2009-01-01,2009-03-31,1,2026-09-13T22:36:23.843165+00:00
GDP_VOLUME_EUROPE,be:country,2009-Q2,2026-09-13T22:36:23.843165+00:00,87678.8,final,2009-04-01,2009-06-30,1,2026-09-13T22:36:23.843165+00:00
GDP_VOLUME_EUROPE,be:country,2009-Q3,2026-09-13T22:36:23.843165+00:00,88900.3,final,2009-07-01,2009-09-30,1,2026-09-13T22:36:23.843165+00:00
GDP_VOLUME_EUROPE,be:country,2009-Q4,2026-09-13T22:36:23.843165+00:00,89536.7,final,2009-10-01,2009-12-31,1,2026-09-13T22:36:23.843165+00:00
GDP_VOLUME_EUROPE,be:country,2010-Q1,2026-09-13T22:36:23.843165+00:00,89884.1,final,2010-01-01,2010-03-31,1,2026-09-13T22:36:23.843165+00:00
GDP_VOLUME_EUROPE,be:country,2010-Q2,2026-09-13T22:36:23.843165+00:00,90704.5,final,2010-04-01,2010-06-30,1,2026-09-13T22:36:23.843165+00:00
GDP_VOLUME_EUROPE,be:country,2010-Q3,2026-09-13T22:36:23.843165+00:00,91064.0,final,2010-07-01,2010-09-30,1,2026-09-13T22:36:23.843165+00:00
GDP_VOLUME_EUROPE,be:country,2010-Q4,2026-09-13T22:36:23.843165+00:00,91589.8,final,2010-10-01,2010-12-31,1,2026-09-13T22:36:23.843165+00:00
GDP_VOLUME_EUROPE,be:country,2011-Q1,2026-09-13T22:36:23.843165+00:00,92218.7,final,2011-01-01,2011-03-31,1,2026-09-13T22:36:23.843165+00:00
GDP_VOLUME_EUROPE,be:country,2011-Q2,2026-09-13T22:36:23.843165+00:00,92451.6,final,2011-04-01,2011-06-30,1,2026-09-13T22:36:23.843165+00:00
GDP_VOLUME_EUROPE,be:country,2011-Q3,2026-09-13T22:36:23.843165+00:00,92715.9,final,2011-07-01,2011-09-30,1,2026-09-13T22:36:23.843165+00:00
GDP_VOLUME_EUROPE,be:country,2011-Q4,2026-09-13T22:36:23.843165+00:00,92871.0,final,2011-10-01,2011-12-31,1,2026-09-13T22:36:23.843165+00:00
GDP_VOLUME_EUROPE,be:country,2012-Q1,2026-09-13T22:36:23.843165+00:00,92861.7,final,2012-01-01,2012-03-31,1,2026-09-13T22:36:23.843165+00:00
GDP_VOLUME_EUROPE,be:country,2012-Q2,2026-09-13T22:36:23.843165+00:00,92662.9,final,2012-04-01,2012-06-30,1,2026-09-13T22:36:23.843165+00:00
GDP_VOLUME_EUROPE,be:country,2012-Q3,2026-09-13T22:36:23.843165+00:00,92821.7,final,2012-07-01,2012-09-30,1,2026-09-13T22:36:23.843165+00:00
GDP_VOLUME_EUROPE,be:country,2012-Q4,2026-09-13T22:36:23.843165+00:00,92710.0,final,2012-10-01,2012-12-31,1,2026-09-13T22:36:23.843165+00:00
GDP_VOLUME_EUROPE,be:country,2013-Q1,2026-09-13T22:36:23.843165+00:00,92343.5,final,2013-01-01,2013-03-31,1,2026-09-13T22:36:23.843165+00:00
GDP_VOLUME_EUROPE,be:country,2013-Q2,2026-09-13T22:36:23.843165+00:00,92949.0,final,2013-04-01,2013-06-30,1,2026-09-13T22:36:23.843165+00:00
GDP_VOLUME_EUROPE,be:country,2013-Q3,2026-09-13T22:36:23.843165+00:00,93322.3,final,2013-07-01,2013-09-30,1,2026-09-13T22:36:23.843165+00:00
GDP_VOLUME_EUROPE,be:country,2013-Q4,2026-09-13T22:36:23.843165+00:00,93575.1,final,2013-10-01,2013-12-31,1,2026-09-13T22:36:23.843165+00:00
GDP_VOLUME_EUROPE,be:country,2014-Q1,2026-09-13T22:36:23.843165+00:00,94115.3,final,2014-01-01,2014-03-31,1,2026-09-13T22:36:23.843165+00:00
GDP_VOLUME_EUROPE,be:country,2014-Q2,2026-09-13T22:36:23.843165+00:00,94333.0,final,2014-04-01,2014-06-30,1,2026-09-13T22:36:23.843165+00:00
GDP_VOLUME_EUROPE,be:country,2014-Q3,2026-09-13T22:36:23.843165+00:00,94965.1,final,2014-07-01,2014-09-30,1,2026-09-13T22:36:23.843165+00:00
GDP_VOLUME_EUROPE,be:country,2014-Q4,2026-09-13T22:36:23.843165+00:00,95347.5,final,2014-10-01,2014-12-31,1,2026-09-13T22:36:23.843165+00:00
GDP_VOLUME_EUROPE,be:country,2015-Q1,2026-09-13T22:36:23.843165+00:00,95602.6,final,2015-01-01,2015-03-31,1,2026-09-13T22:36:23.843165+00:00
GDP_VOLUME_EUROPE,be:country,2015-Q2,2026-09-13T22:36:23.843165+00:00,96047.1,final,2015-04-01,2015-06-30,1,2026-09-13T22:36:23.843165+00:00
GDP_VOLUME_EUROPE,be:country,2015-Q3,2026-09-13T22:36:23.843165+00:00,96178.4,final,2015-07-01,2015-09-30,1,2026-09-13T22:36:23.843165+00:00
GDP_VOLUME_EUROPE,be:country,2015-Q4,2026-09-13T22:36:23.843165+00:00,96516.5,final,2015-10-01,2015-12-31,1,2026-09-13T22:36:23.843165+00:00
GDP_VOLUME_EUROPE,be:country,2016-Q1,2026-09-13T22:36:23.843165+00:00,96626.4,final,2016-01-01,2016-03-31,1,2026-09-13T22:36:23.843165+00:00
GDP_VOLUME_EUROPE,be:country,2016-Q2,2026-09-13T22:36:23.843165+00:00,97197.7,final,2016-04-01,2016-06-30,1,2026-09-13T22:36:23.843165+00:00
GDP_VOLUME_EUROPE,be:country,2016-Q3,2026-09-13T22:36:23.843165+00:00,97374.6,final,2016-07-01,2016-09-30,1,2026-09-13T22:36:23.843165+00:00
GDP_VOLUME_EUROPE,be:country,2016-Q4,2026-09-13T22:36:23.843165+00:00,97732.9,final,2016-10-01,2016-12-31,1,2026-09-13T22:36:23.843165+00:00
GDP_VOLUME_EUROPE,be:country,2017-Q1,2026-09-13T22:36:23.843165+00:00,98333.8,final,2017-01-01,2017-03-31,1,2026-09-13T22:36:23.843165+00:00
GDP_VOLUME_EUROPE,be:country,2017-Q2,2026-09-13T22:36:23.843165+00:00,98554.8,final,2017-04-01,2017-06-30,1,2026-09-13T22:36:23.843165+00:00
GDP_VOLUME_EUROPE,be:country,2017-Q3,2026-09-13T22:36:23.843165+00:00,98495.5,final,2017-07-01,2017-09-30,1,2026-09-13T22:36:23.843165+00:00
GDP_VOLUME_EUROPE,be:country,2017-Q4,2026-09-13T22:36:23.843165+00:00,99282.2,final,2017-10-01,2017-12-31,1,2026-09-13T22:36:23.843165+00:00
GDP_VOLUME_EUROPE,be:country,2018-Q1,2026-09-13T22:36:23.843165+00:00,99691.7,final,2018-01-01,2018-03-31,1,2026-09-13T22:36:23.843165+00:00
GDP_VOLUME_EUROPE,be:country,2018-Q2,2026-09-13T22:36:23.843165+00:00,100196.6,final,2018-04-01,2018-06-30,1,2026-09-13T22:36:23.843165+00:00
GDP_VOLUME_EUROPE,be:country,2018-Q3,2026-09-13T22:36:23.843165+00:00,100632.5,final,2018-07-01,2018-09-30,1,2026-09-13T22:36:23.843165+00:00
GDP_VOLUME_EUROPE,be:country,2018-Q4,2026-09-13T22:36:23.843165+00:00,101557.2,final,2018-10-01,2018-12-31,1,2026-09-13T22:36:23.843165+00:00
GDP_VOLUME_EUROPE,be:country,2019-Q1,2026-09-13T22:36:23.843165+00:00,101974.4,final,2019-01-01,2019-03-31,1,2026-09-13T22:36:23.843165+00:00
GDP_VOLUME_EUROPE,be:country,2019-Q2,2026-09-13T22:36:23.843165+00:00,102579.3,final,2019-04-01,2019-06-30,1,2026-09-13T22:36:23.843165+00:00
GDP_VOLUME_EUROPE,be:country,2019-Q3,2026-09-13T22:36:23.843165+00:00,103388.7,final,2019-07-01,2019-09-30,1,2026-09-13T22:36:23.843165+00:00
GDP_VOLUME_EUROPE,be:country,2019-Q4,2026-09-13T22:36:23.843165+00:00,103957.9,final,2019-10-01,2019-12-31,1,2026-09-13T22:36:23.843165+00:00
GDP_VOLUME_EUROPE,be:country,2020-Q1,2026-09-13T22:36:23.843165+00:00,101255.2,final,2020-01-01,2020-03-31,1,2026-09-13T22:36:23.843165+00:00
GDP_VOLUME_EUROPE,be:country,2020-Q2,2026-09-13T22:36:23.843165+00:00,90213.8,final,2020-04-01,2020-06-30,1,2026-09-13T22:36:23.843165+00:00
GDP_VOLUME_EUROPE,be:country,2020-Q3,2026-09-13T22:36:23.843165+00:00,100573.8,final,2020-07-01,2020-09-30,1,2026-09-13T22:36:23.843165+00:00
GDP_VOLUME_EUROPE,be:country,2020-Q4,2026-09-13T22:36:23.843165+00:00,100115.1,final,2020-10-01,2020-12-31,1,2026-09-13T22:36:23.843165+00:00
GDP_VOLUME_EUROPE,be:country,2021-Q1,2026-09-13T22:36:23.843165+00:00,101745.2,final,2021-01-01,2021-03-31,1,2026-09-13T22:36:23.843165+00:00
GDP_VOLUME_EUROPE,be:country,2021-Q2,2026-09-13T22:36:23.843165+00:00,103303.9,final,2021-04-01,2021-06-30,1,2026-09-13T22:36:23.843165+00:00
GDP_VOLUME_EUROPE,be:country,2021-Q3,2026-09-13T22:36:23.843165+00:00,105331.9,final,2021-07-01,2021-09-30,1,2026-09-13T22:36:23.843165+00:00
GDP_VOLUME_EUROPE,be:country,2021-Q4,2026-09-13T22:36:23.843165+00:00,106304.5,final,2021-10-01,2021-12-31,1,2026-09-13T22:36:23.843165+00:00
GDP_VOLUME_EUROPE,be:country,2022-Q1,2026-09-13T22:36:23.843165+00:00,106977.2,final,2022-01-01,2022-03-31,1,2026-09-13T22:36:23.843165+00:00
GDP_VOLUME_EUROPE,be:country,2022-Q2,2026-09-13T22:36:23.843165+00:00,108183.7,final,2022-04-01,2022-06-30,1,2026-09-13T22:36:23.843165+00:00
GDP_VOLUME_EUROPE,be:country,2022-Q3,2026-09-13T22:36:23.843165+00:00,108971.7,final,2022-07-01,2022-09-30,1,2026-09-13T22:36:23.843165+00:00
GDP_VOLUME_EUROPE,be:country,2022-Q4,2026-09-13T22:36:23.843165+00:00,109322.8,final,2022-10-01,2022-12-31,1,2026-09-13T22:36:23.843165+00:00
GDP_VOLUME_EUROPE,be:country,2023-Q1,2026-09-13T22:36:23.843165+00:00,109617.1,final,2023-01-01,2023-03-31,1,2026-09-13T22:36:23.843165+00:00
GDP_VOLUME_EUROPE,be:country,2023-Q2,2026-09-13T22:36:23.843165+00:00,109947.3,final,2023-04-01,2023-06-30,1,2026-09-13T22:36:23.843165+00:00
GDP_VOLUME_EUROPE,be:country,2023-Q3,2026-09-13T22:36:23.843165+00:00,110141.2,final,2023-07-01,2023-09-30,1,2026-09-13T22:36:23.843165+00:00
GDP_VOLUME_EUROPE,be:country,2023-Q4,2026-09-13T22:36:23.843165+00:00,110517.1,final,2023-10-01,2023-12-31,1,2026-09-13T22:36:23.843165+00:00
GDP_VOLUME_EUROPE,be:country,2024-Q1,2026-09-13T22:36:23.843165+00:00,110940.6,provisional,2024-01-01,2024-03-31,1,2026-09-13T22:36:23.843165+00:00
GDP_VOLUME_EUROPE,be:country,2024-Q2,2026-09-13T22:36:23.843165+00:00,111156.4,provisional,2024-04-01,2024-06-30,1,2026-09-13T22:36:23.843165+00:00
GDP_VOLUME_EUROPE,be:country,2024-Q3,2026-09-13T22:36:23.843165+00:00,111397.5,provisional,2024-07-01,2024-09-30,1,2026-09-13T22:36:23.843165+00:00
GDP_VOLUME_EUROPE,be:country,2024-Q4,2026-09-13T22:36:23.843165+00:00,111560.7,provisional,2024-10-01,2024-12-31,1,2026-09-13T22:36:23.843165+00:00
GDP_VOLUME_EUROPE,be:country,2025-Q1,2026-09-13T22:36:23.843165+00:00,112003.7,provisional,2025-01-01,2025-03-31,1,2026-09-13T22:36:23.843165+00:00
GDP_VOLUME_EUROPE,be:country,2025-Q2,2026-09-13T22:36:23.843165+00:00,112282.5,provisional,2025-04-01,2025-06-30,1,2026-09-13T22:36:23.843165+00:00
GDP_VOLUME_EUROPE,be:country,2025-Q3,2026-09-13T22:36:23.843165+00:00,112543.1,provisional,2025-07-01,2025-09-30,1,2026-09-13T22:36:23.843165+00:00
GDP_VOLUME_EUROPE,be:country,2025-Q4,2026-09-13T22:36:23.843165+00:00,112601.4,provisional,2025-10-01,2025-12-31,1,2026-09-13T22:36:23.843165+00:00
GDP_VOLUME_EUROPE,be:country,2026-Q1,2026-09-13T22:36:23.843165+00:00,112852.8,provisional,2026-01-01,2026-03-31,1,2026-09-13T22:36:23.843165+00:00
GDP_VOLUME_EUROPE,be:country,2026-Q2,2026-09-13T22:36:23.843165+00:00,112887.8,provisional,2026-04-01,2026-06-30,1,2026-09-13T22:36:23.843165+00:00
GDP_VOLUME_EUROPE,bg:country,2008-Q1,2026-09-13T22:36:23.843165+00:00,9598.0,final,2008-01-01,2008-03-31,1,2026-09-13T22:36:23.843165+00:00
GDP_VOLUME_EUROPE,bg:country,2008-Q2,2026-09-13T22:36:23.843165+00:00,9709.5,final,2008-04-01,2008-06-30,1,2026-09-13T22:36:23.843165+00:00
GDP_VOLUME_EUROPE,bg:country,2008-Q3,2026-09-13T22:36:23.843165+00:00,9818.2,final,2008-07-01,2008-09-30,1,2026-09-13T22:36:23.843165+00:00
GDP_VOLUME_EUROPE,bg:country,2008-Q4,2026-09-13T22:36:23.843165+00:00,9863.6,final,2008-10-01,2008-12-31,1,2026-09-13T22:36:23.843165+00:00
GDP_VOLUME_EUROPE,bg:country,2009-Q1,2026-09-13T22:36:23.843165+00:00,9442.7,final,2009-01-01,2009-03-31,1,2026-09-13T22:36:23.843165+00:00
GDP_VOLUME_EUROPE,bg:country,2009-Q2,2026-09-13T22:36:23.843165+00:00,9440.6,final,2009-04-01,2009-06-30,1,2026-09-13T22:36:23.843165+00:00
GDP_VOLUME_EUROPE,bg:country,2009-Q3,2026-09-13T22:36:23.843165+00:00,9519.0,final,2009-07-01,2009-09-30,1,2026-09-13T22:36:23.843165+00:00
GDP_VOLUME_EUROPE,bg:country,2009-Q4,2026-09-13T22:36:23.843165+00:00,9236.5,final,2009-10-01,2009-12-31,1,2026-09-13T22:36:23.843165+00:00
GDP_VOLUME_EUROPE,bg:country,2010-Q1,2026-09-13T22:36:23.843165+00:00,9364.4,final,2010-01-01,2010-03-31,1,2026-09-13T22:36:23.843165+00:00
GDP_VOLUME_EUROPE,bg:country,2010-Q2,2026-09-13T22:36:23.843165+00:00,9518.4,final,2010-04-01,2010-06-30,1,2026-09-13T22:36:23.843165+00:00
GDP_VOLUME_EUROPE,bg:country,2010-Q3,2026-09-13T22:36:23.843165+00:00,9588.8,final,2010-07-01,2010-09-30,1,2026-09-13T22:36:23.843165+00:00
GDP_VOLUME_EUROPE,bg:country,2010-Q4,2026-09-13T22:36:23.843165+00:00,9688.9,final,2010-10-01,2010-12-31,1,2026-09-13T22:36:23.843165+00:00
GDP_VOLUME_EUROPE,bg:country,2011-Q1,2026-09-13T22:36:23.843165+00:00,9690.0,final,2011-01-01,2011-03-31,1,2026-09-13T22:36:23.843165+00:00
GDP_VOLUME_EUROPE,bg:country,2011-Q2,2026-09-13T22:36:23.843165+00:00,9787.4,final,2011-04-01,2011-06-30,1,2026-09-13T22:36:23.843165+00:00
GDP_VOLUME_EUROPE,bg:country,2011-Q3,2026-09-13T22:36:23.843165+00:00,9795.3,final,2011-07-01,2011-09-30,1,2026-09-13T22:36:23.843165+00:00
GDP_VOLUME_EUROPE,bg:country,2011-Q4,2026-09-13T22:36:23.843165+00:00,9783.7,final,2011-10-01,2011-12-31,1,2026-09-13T22:36:23.843165+00:00
GDP_VOLUME_EUROPE,bg:country,2012-Q1,2026-09-13T22:36:23.843165+00:00,9852.1,final,2012-01-01,2012-03-31,1,2026-09-13T22:36:23.843165+00:00
GDP_VOLUME_EUROPE,bg:country,2012-Q2,2026-09-13T22:36:23.843165+00:00,9825.6,final,2012-04-01,2012-06-30,1,2026-09-13T22:36:23.843165+00:00
GDP_VOLUME_EUROPE,bg:country,2012-Q3,2026-09-13T22:36:23.843165+00:00,9802.4,final,2012-07-01,2012-09-30,1,2026-09-13T22:36:23.843165+00:00
GDP_VOLUME_EUROPE,bg:country,2012-Q4,2026-09-13T22:36:23.843165+00:00,9771.0,final,2012-10-01,2012-12-31,1,2026-09-13T22:36:23.843165+00:00
GDP_VOLUME_EUROPE,bg:country,2013-Q1,2026-09-13T22:36:23.843165+00:00,9744.7,final,2013-01-01,2013-03-31,1,2026-09-13T22:36:23.843165+00:00
GDP_VOLUME_EUROPE,bg:country,2013-Q2,2026-09-13T22:36:23.843165+00:00,9725.8,final,2013-04-01,2013-06-30,1,2026-09-13T22:36:23.843165+00:00
GDP_VOLUME_EUROPE,bg:country,2013-Q3,2026-09-13T22:36:23.843165+00:00,9767.3,final,2013-07-01,2013-09-30,1,2026-09-13T22:36:23.843165+00:00
GDP_VOLUME_EUROPE,bg:country,2013-Q4,2026-09-13T22:36:23.843165+00:00,9783.7,final,2013-10-01,2013-12-31,1,2026-09-13T22:36:23.843165+00:00
GDP_VOLUME_EUROPE,bg:country,2014-Q1,2026-09-13T22:36:23.843165+00:00,9776.3,final,2014-01-01,2014-03-31,1,2026-09-13T22:36:23.843165+00:00
GDP_VOLUME_EUROPE,bg:country,2014-Q2,2026-09-13T22:36:23.843165+00:00,9839.8,final,2014-04-01,2014-06-30,1,2026-09-13T22:36:23.843165+00:00
GDP_VOLUME_EUROPE,bg:country,2014-Q3,2026-09-13T22:36:23.843165+00:00,9877.3,final,2014-07-01,2014-09-30,1,2026-09-13T22:36:23.843165+00:00
GDP_VOLUME_EUROPE,bg:country,2014-Q4,2026-09-13T22:36:23.843165+00:00,9967.0,final,2014-10-01,2014-12-31,1,2026-09-13T22:36:23.843165+00:00
GDP_VOLUME_EUROPE,bg:country,2015-Q1,2026-09-13T22:36:23.843165+00:00,10067.5,final,2015-01-01,2015-03-31,1,2026-09-13T22:36:23.843165+00:00
GDP_VOLUME_EUROPE,bg:country,2015-Q2,2026-09-13T22:36:23.843165+00:00,10138.2,final,2015-04-01,2015-06-30,1,2026-09-13T22:36:23.843165+00:00
GDP_VOLUME_EUROPE,bg:country,2015-Q3,2026-09-13T22:36:23.843165+00:00,10249.7,final,2015-07-01,2015-09-30,1,2026-09-13T22:36:23.843165+00:00
GDP_VOLUME_EUROPE,bg:country,2015-Q4,2026-09-13T22:36:23.843165+00:00,10313.1,final,2015-10-01,2015-12-31,1,2026-09-13T22:36:23.843165+00:00
GDP_VOLUME_EUROPE,bg:country,2016-Q1,2026-09-13T22:36:23.843165+00:00,10394.4,final,2016-01-01,2016-03-31,1,2026-09-13T22:36:23.843165+00:00
GDP_VOLUME_EUROPE,bg:country,2016-Q2,2026-09-13T22:36:23.843165+00:00,10473.2,final,2016-04-01,2016-06-30,1,2026-09-13T22:36:23.843165+00:00
GDP_VOLUME_EUROPE,bg:country,2016-Q3,2026-09-13T22:36:23.843165+00:00,10522.6,final,2016-07-01,2016-09-30,1,2026-09-13T22:36:23.843165+00:00
GDP_VOLUME_EUROPE,bg:country,2016-Q4,2026-09-13T22:36:23.843165+00:00,10623.4,final,2016-10-01,2016-12-31,1,2026-09-13T22:36:23.843165+00:00
GDP_VOLUME_EUROPE,bg:country,2017-Q1,2026-09-13T22:36:23.843165+00:00,10690.2,final,2017-01-01,2017-03-31,1,2026-09-13T22:36:23.843165+00:00
GDP_VOLUME_EUROPE,bg:country,2017-Q2,2026-09-13T22:36:23.843165+00:00,10753.0,final,2017-04-01,2017-06-30,1,2026-09-13T22:36:23.843165+00:00
GDP_VOLUME_EUROPE,bg:country,2017-Q3,2026-09-13T22:36:23.843165+00:00,10833.7,final,2017-07-01,2017-09-30,1,2026-09-13T22:36:23.843165+00:00
GDP_VOLUME_EUROPE,bg:country,2017-Q4,2026-09-13T22:36:23.843165+00:00,10893.9,final,2017-10-01,2017-12-31,1,2026-09-13T22:36:23.843165+00:00
GDP_VOLUME_EUROPE,bg:country,2018-Q1,2026-09-13T22:36:23.843165+00:00,10959.5,final,2018-01-01,2018-03-31,1,2026-09-13T22:36:23.843165+00:00
GDP_VOLUME_EUROPE,bg:country,2018-Q2,2026-09-13T22:36:23.843165+00:00,11034.1,final,2018-04-01,2018-06-30,1,2026-09-13T22:36:23.843165+00:00
GDP_VOLUME_EUROPE,bg:country,2018-Q3,2026-09-13T22:36:23.843165+00:00,11064.5,final,2018-07-01,2018-09-30,1,2026-09-13T22:36:23.843165+00:00
GDP_VOLUME_EUROPE,bg:country,2018-Q4,2026-09-13T22:36:23.843165+00:00,11099.7,final,2018-10-01,2018-12-31,1,2026-09-13T22:36:23.843165+00:00
GDP_VOLUME_EUROPE,bg:country,2019-Q1,2026-09-13T22:36:23.843165+00:00,11521.2,final,2019-01-01,2019-03-31,1,2026-09-13T22:36:23.843165+00:00
GDP_VOLUME_EUROPE,bg:country,2019-Q2,2026-09-13T22:36:23.843165+00:00,11480.9,final,2019-04-01,2019-06-30,1,2026-09-13T22:36:23.843165+00:00
GDP_VOLUME_EUROPE,bg:country,2019-Q3,2026-09-13T22:36:23.843165+00:00,11418.3,final,2019-07-01,2019-09-30,1,2026-09-13T22:36:23.843165+00:00
GDP_VOLUME_EUROPE,bg:country,2019-Q4,2026-09-13T22:36:23.843165+00:00,11433.0,final,2019-10-01,2019-12-31,1,2026-09-13T22:36:23.843165+00:00
GDP_VOLUME_EUROPE,bg:country,2020-Q1,2026-09-13T22:36:23.843165+00:00,11453.3,final,2020-01-01,2020-03-31,1,2026-09-13T22:36:23.843165+00:00
GDP_VOLUME_EUROPE,bg:country,2020-Q2,2026-09-13T22:36:23.843165+00:00,10818.8,final,2020-04-01,2020-06-30,1,2026-09-13T22:36:23.843165+00:00
GDP_VOLUME_EUROPE,bg:country,2020-Q3,2026-09-13T22:36:23.843165+00:00,11132.9,final,2020-07-01,2020-09-30,1,2026-09-13T22:36:23.843165+00:00
GDP_VOLUME_EUROPE,bg:country,2020-Q4,2026-09-13T22:36:23.843165+00:00,11079.6,final,2020-10-01,2020-12-31,1,2026-09-13T22:36:23.843165+00:00
GDP_VOLUME_EUROPE,bg:country,2021-Q1,2026-09-13T22:36:23.843165+00:00,11688.1,final,2021-01-01,2021-03-31,1,2026-09-13T22:36:23.843165+00:00
GDP_VOLUME_EUROPE,bg:country,2021-Q2,2026-09-13T22:36:23.843165+00:00,11825.4,final,2021-04-01,2021-06-30,1,2026-09-13T22:36:23.843165+00:00
GDP_VOLUME_EUROPE,bg:country,2021-Q3,2026-09-13T22:36:23.843165+00:00,12056.9,final,2021-07-01,2021-09-30,1,2026-09-13T22:36:23.843165+00:00
GDP_VOLUME_EUROPE,bg:country,2021-Q4,2026-09-13T22:36:23.843165+00:00,12197.2,final,2021-10-01,2021-12-31,1,2026-09-13T22:36:23.843165+00:00
GDP_VOLUME_EUROPE,bg:country,2022-Q1,2026-09-13T22:36:23.843165+00:00,12314.9,final,2022-01-01,2022-03-31,1,2026-09-13T22:36:23.843165+00:00
GDP_VOLUME_EUROPE,bg:country,2022-Q2,2026-09-13T22:36:23.843165+00:00,12417.1,final,2022-04-01,2022-06-30,1,2026-09-13T22:36:23.843165+00:00
GDP_VOLUME_EUROPE,bg:country,2022-Q3,2026-09-13T22:36:23.843165+00:00,12488.8,final,2022-07-01,2022-09-30,1,2026-09-13T22:36:23.843165+00:00
GDP_VOLUME_EUROPE,bg:country,2022-Q4,2026-09-13T22:36:23.843165+00:00,12537.8,final,2022-10-01,2022-12-31,1,2026-09-13T22:36:23.843165+00:00
GDP_VOLUME_EUROPE,bg:country,2023-Q1,2026-09-13T22:36:23.843165+00:00,12582.5,final,2023-01-01,2023-03-31,1,2026-09-13T22:36:23.843165+00:00
GDP_VOLUME_EUROPE,bg:country,2023-Q2,2026-09-13T22:36:23.843165+00:00,12604.8,final,2023-04-01,2023-06-30,1,2026-09-13T22:36:23.843165+00:00
GDP_VOLUME_EUROPE,bg:country,2023-Q3,2026-09-13T22:36:23.843165+00:00,12668.0,final,2023-07-01,2023-09-30,1,2026-09-13T22:36:23.843165+00:00
GDP_VOLUME_EUROPE,bg:country,2023-Q4,2026-09-13T22:36:23.843165+00:00,12749.2,final,2023-10-01,2023-12-31,1,2026-09-13T22:36:23.843165+00:00
GDP_VOLUME_EUROPE,bg:country,2024-Q1,2026-09-13T22:36:23.843165+00:00,12865.4,final,2024-01-01,2024-03-31,1,2026-09-13T22:36:23.843165+00:00
GDP_VOLUME_EUROPE,bg:country,2024-Q2,2026-09-13T22:36:23.843165+00:00,12994.7,final,2024-04-01,2024-06-30,1,2026-09-13T22:36:23.843165+00:00
GDP_VOLUME_EUROPE,bg:country,2024-Q3,2026-09-13T22:36:23.843165+00:00,13113.5,final,2024-07-01,2024-09-30,1,2026-09-13T22:36:23.843165+00:00
GDP_VOLUME_EUROPE,bg:country,2024-Q4,2026-09-13T22:36:23.843165+00:00,13238.8,final,2024-10-01,2024-12-31,1,2026-09-13T22:36:23.843165+00:00
GDP_VOLUME_EUROPE,bg:country,2025-Q1,2026-09-13T22:36:23.843165+00:00,13317.2,provisional,2025-01-01,2025-03-31,1,2026-09-13T22:36:23.843165+00:00
GDP_VOLUME_EUROPE,bg:country,2025-Q2,2026-09-13T22:36:23.843165+00:00,13433.9,provisional,2025-04-01,2025-06-30,1,2026-09-13T22:36:23.843165+00:00
GDP_VOLUME_EUROPE,bg:country,2025-Q3,2026-09-13T22:36:23.843165+00:00,13521.7,provisional,2025-07-01,2025-09-30,1,2026-09-13T22:36:23.843165+00:00
GDP_VOLUME_EUROPE,bg:country,2025-Q4,2026-09-13T22:36:23.843165+00:00,13619.9,provisional,2025-10-01,2025-12-31,1,2026-09-13T22:36:23.843165+00:00
GDP_VOLUME_EUROPE,bg:country,2026-Q1,2026-09-13T22:36:23.843165+00:00,13712.2,provisional,2026-01-01,2026-03-31,1,2026-09-13T22:36:23.843165+00:00
GDP_VOLUME_EUROPE,bg:country,2026-Q2,2026-09-13T22:36:23.843165+00:00,13803.5,provisional,2026-04-01,2026-06-30,1,2026-09-13T22:36:23.843165+00:00
GDP_VOLUME_EUROPE,ch:country,2008-Q1,2026-09-13T22:36:23.843165+00:00,113132.0,final,2008-01-01,2008-03-31,1,2026-09-13T22:36:23.843165+00:00
GDP_VOLUME_EUROPE,ch:country,2008-Q2,2026-09-13T22:36:23.843165+00:00,114364.4,final,2008-04-01,2008-06-30,1,2026-09-13T22:36:23.843165+00:00
GDP_VOLUME_EUROPE,ch:country,2008-Q3,2026-09-13T22:36:23.843165+00:00,115083.7,final,2008-07-01,2008-09-30,1,2026-09-13T22:36:23.843165+00:00
GDP_VOLUME_EUROPE,ch:country,2008-Q4,2026-09-13T22:36:23.843165+00:00,112537.7,final,2008-10-01,2008-12-31,1,2026-09-13T22:36:23.843165+00:00
GDP_VOLUME_EUROPE,ch:country,2009-Q1,2026-09-13T22:36:23.843165+00:00,110602.7,final,2009-01-01,2009-03-31,1,2026-09-13T22:36:23.843165+00:00
GDP_VOLUME_EUROPE,ch:country,2009-Q2,2026-09-13T22:36:23.843165+00:00,110995.9,final,2009-04-01,2009-06-30,1,2026-09-13T22:36:23.843165+00:00
GDP_VOLUME_EUROPE,ch:country,2009-Q3,2026-09-13T22:36:23.843165+00:00,112013.3,final,2009-07-01,2009-09-30,1,2026-09-13T22:36:23.843165+00:00
GDP_VOLUME_EUROPE,ch:country,2009-Q4,2026-09-13T22:36:23.843165+00:00,112601.5,final,2009-10-01,2009-12-31,1,2026-09-13T22:36:23.843165+00:00
GDP_VOLUME_EUROPE,ch:country,2010-Q1,2026-09-13T22:36:23.843165+00:00,114003.6,final,2010-01-01,2010-03-31,1,2026-09-13T22:36:23.843165+00:00
GDP_VOLUME_EUROPE,ch:country,2010-Q2,2026-09-13T22:36:23.843165+00:00,114866.8,final,2010-04-01,2010-06-30,1,2026-09-13T22:36:23.843165+00:00
GDP_VOLUME_EUROPE,ch:country,2010-Q3,2026-09-13T22:36:23.843165+00:00,115395.6,final,2010-07-01,2010-09-30,1,2026-09-13T22:36:23.843165+00:00
GDP_VOLUME_EUROPE,ch:country,2010-Q4,2026-09-13T22:36:23.843165+00:00,116260.8,final,2010-10-01,2010-12-31,1,2026-09-13T22:36:23.843165+00:00
GDP_VOLUME_EUROPE,ch:country,2011-Q1,2026-09-13T22:36:23.843165+00:00,116365.1,final,2011-01-01,2011-03-31,1,2026-09-13T22:36:23.843165+00:00
GDP_VOLUME_EUROPE,ch:country,2011-Q2,2026-09-13T22:36:23.843165+00:00,117243.8,final,2011-04-01,2011-06-30,1,2026-09-13T22:36:23.843165+00:00
GDP_VOLUME_EUROPE,ch:country,2011-Q3,2026-09-13T22:36:23.843165+00:00,116642.7,final,2011-07-01,2011-09-30,1,2026-09-13T22:36:23.843165+00:00
GDP_VOLUME_EUROPE,ch:country,2011-Q4,2026-09-13T22:36:23.843165+00:00,116987.9,final,2011-10-01,2011-12-31,1,2026-09-13T22:36:23.843165+00:00
GDP_VOLUME_EUROPE,ch:country,2012-Q1,2026-09-13T22:36:23.843165+00:00,117449.2,final,2012-01-01,2012-03-31,1,2026-09-13T22:36:23.843165+00:00
GDP_VOLUME_EUROPE,ch:country,2012-Q2,2026-09-13T22:36:23.843165+00:00,117768.9,final,2012-04-01,2012-06-30,1,2026-09-13T22:36:23.843165+00:00
GDP_VOLUME_EUROPE,ch:country,2012-Q3,2026-09-13T22:36:23.843165+00:00,118702.4,final,2012-07-01,2012-09-30,1,2026-09-13T22:36:23.843165+00:00
GDP_VOLUME_EUROPE,ch:country,2012-Q4,2026-09-13T22:36:23.843165+00:00,118825.0,final,2012-10-01,2012-12-31,1,2026-09-13T22:36:23.843165+00:00
GDP_VOLUME_EUROPE,ch:country,2013-Q1,2026-09-13T22:36:23.843165+00:00,119284.4,final,2013-01-01,2013-03-31,1,2026-09-13T22:36:23.843165+00:00
GDP_VOLUME_EUROPE,ch:country,2013-Q2,2026-09-13T22:36:23.843165+00:00,120062.2,final,2013-04-01,2013-06-30,1,2026-09-13T22:36:23.843165+00:00
GDP_VOLUME_EUROPE,ch:country,2013-Q3,2026-09-13T22:36:23.843165+00:00,120984.6,final,2013-07-01,2013-09-30,1,2026-09-13T22:36:23.843165+00:00
GDP_VOLUME_EUROPE,ch:country,2013-Q4,2026-09-13T22:36:23.843165+00:00,121199.6,final,2013-10-01,2013-12-31,1,2026-09-13T22:36:23.843165+00:00
GDP_VOLUME_EUROPE,ch:country,2014-Q1,2026-09-13T22:36:23.843165+00:00,122029.8,final,2014-01-01,2014-03-31,1,2026-09-13T22:36:23.843165+00:00
GDP_VOLUME_EUROPE,ch:country,2014-Q2,2026-09-13T22:36:23.843165+00:00,123146.0,final,2014-04-01,2014-06-30,1,2026-09-13T22:36:23.843165+00:00
GDP_VOLUME_EUROPE,ch:country,2014-Q3,2026-09-13T22:36:23.843165+00:00,123875.4,final,2014-07-01,2014-09-30,1,2026-09-13T22:36:23.843165+00:00
GDP_VOLUME_EUROPE,ch:country,2014-Q4,2026-09-13T22:36:23.843165+00:00,124665.4,final,2014-10-01,2014-12-31,1,2026-09-13T22:36:23.843165+00:00
GDP_VOLUME_EUROPE,ch:country,2015-Q1,2026-09-13T22:36:23.843165+00:00,124297.8,final,2015-01-01,2015-03-31,1,2026-09-13T22:36:23.843165+00:00
GDP_VOLUME_EUROPE,ch:country,2015-Q2,2026-09-13T22:36:23.843165+00:00,124549.8,final,2015-04-01,2015-06-30,1,2026-09-13T22:36:23.843165+00:00
GDP_VOLUME_EUROPE,ch:country,2015-Q3,2026-09-13T22:36:23.843165+00:00,125455.2,final,2015-07-01,2015-09-30,1,2026-09-13T22:36:23.843165+00:00
GDP_VOLUME_EUROPE,ch:country,2015-Q4,2026-09-13T22:36:23.843165+00:00,126307.8,final,2015-10-01,2015-12-31,1,2026-09-13T22:36:23.843165+00:00
GDP_VOLUME_EUROPE,ch:country,2016-Q1,2026-09-13T22:36:23.843165+00:00,126992.4,final,2016-01-01,2016-03-31,1,2026-09-13T22:36:23.843165+00:00
GDP_VOLUME_EUROPE,ch:country,2016-Q2,2026-09-13T22:36:23.843165+00:00,127514.1,final,2016-04-01,2016-06-30,1,2026-09-13T22:36:23.843165+00:00
GDP_VOLUME_EUROPE,ch:country,2016-Q3,2026-09-13T22:36:23.843165+00:00,128005.1,final,2016-07-01,2016-09-30,1,2026-09-13T22:36:23.843165+00:00
GDP_VOLUME_EUROPE,ch:country,2016-Q4,2026-09-13T22:36:23.843165+00:00,127695.5,final,2016-10-01,2016-12-31,1,2026-09-13T22:36:23.843165+00:00
GDP_VOLUME_EUROPE,ch:country,2017-Q1,2026-09-13T22:36:23.843165+00:00,127795.2,final,2017-01-01,2017-03-31,1,2026-09-13T22:36:23.843165+00:00
GDP_VOLUME_EUROPE,ch:country,2017-Q2,2026-09-13T22:36:23.843165+00:00,128848.1,final,2017-04-01,2017-06-30,1,2026-09-13T22:36:23.843165+00:00
GDP_VOLUME_EUROPE,ch:country,2017-Q3,2026-09-13T22:36:23.843165+00:00,129869.8,final,2017-07-01,2017-09-30,1,2026-09-13T22:36:23.843165+00:00
GDP_VOLUME_EUROPE,ch:country,2017-Q4,2026-09-13T22:36:23.843165+00:00,131175.5,final,2017-10-01,2017-12-31,1,2026-09-13T22:36:23.843165+00:00
GDP_VOLUME_EUROPE,ch:country,2018-Q1,2026-09-13T22:36:23.843165+00:00,132838.5,final,2018-01-01,2018-03-31,1,2026-09-13T22:36:23.843165+00:00
GDP_VOLUME_EUROPE,ch:country,2018-Q2,2026-09-13T22:36:23.843165+00:00,134232.8,final,2018-04-01,2018-06-30,1,2026-09-13T22:36:23.843165+00:00
GDP_VOLUME_EUROPE,ch:country,2018-Q3,2026-09-13T22:36:23.843165+00:00,133709.8,final,2018-07-01,2018-09-30,1,2026-09-13T22:36:23.843165+00:00
GDP_VOLUME_EUROPE,ch:country,2018-Q4,2026-09-13T22:36:23.843165+00:00,134174.2,final,2018-10-01,2018-12-31,1,2026-09-13T22:36:23.843165+00:00
GDP_VOLUME_EUROPE,ch:country,2019-Q1,2026-09-13T22:36:23.843165+00:00,134276.9,final,2019-01-01,2019-03-31,1,2026-09-13T22:36:23.843165+00:00
GDP_VOLUME_EUROPE,ch:country,2019-Q2,2026-09-13T22:36:23.843165+00:00,135152.7,final,2019-04-01,2019-06-30,1,2026-09-13T22:36:23.843165+00:00
GDP_VOLUME_EUROPE,ch:country,2019-Q3,2026-09-13T22:36:23.843165+00:00,135635.7,final,2019-07-01,2019-09-30,1,2026-09-13T22:36:23.843165+00:00
GDP_VOLUME_EUROPE,ch:country,2019-Q4,2026-09-13T22:36:23.843165+00:00,135885.3,final,2019-10-01,2019-12-31,1,2026-09-13T22:36:23.843165+00:00
GDP_VOLUME_EUROPE,ch:country,2020-Q1,2026-09-13T22:36:23.843165+00:00,134299.1,final,2020-01-01,2020-03-31,1,2026-09-13T22:36:23.843165+00:00
GDP_VOLUME_EUROPE,ch:country,2020-Q2,2026-09-13T22:36:23.843165+00:00,125776.5,final,2020-04-01,2020-06-30,1,2026-09-13T22:36:23.843165+00:00
GDP_VOLUME_EUROPE,ch:country,2020-Q3,2026-09-13T22:36:23.843165+00:00,133503.0,final,2020-07-01,2020-09-30,1,2026-09-13T22:36:23.843165+00:00
GDP_VOLUME_EUROPE,ch:country,2020-Q4,2026-09-13T22:36:23.843165+00:00,134744.8,final,2020-10-01,2020-12-31,1,2026-09-13T22:36:23.843165+00:00
GDP_VOLUME_EUROPE,ch:country,2021-Q1,2026-09-13T22:36:23.843165+00:00,135677.6,final,2021-01-01,2021-03-31,1,2026-09-13T22:36:23.843165+00:00
GDP_VOLUME_EUROPE,ch:country,2021-Q2,2026-09-13T22:36:23.843165+00:00,139335.1,final,2021-04-01,2021-06-30,1,2026-09-13T22:36:23.843165+00:00
GDP_VOLUME_EUROPE,ch:country,2021-Q3,2026-09-13T22:36:23.843165+00:00,142352.8,final,2021-07-01,2021-09-30,1,2026-09-13T22:36:23.843165+00:00
GDP_VOLUME_EUROPE,ch:country,2021-Q4,2026-09-13T22:36:23.843165+00:00,143483.7,final,2021-10-01,2021-12-31,1,2026-09-13T22:36:23.843165+00:00
GDP_VOLUME_EUROPE,ch:country,2022-Q1,2026-09-13T22:36:23.843165+00:00,143837.5,final,2022-01-01,2022-03-31,1,2026-09-13T22:36:23.843165+00:00
GDP_VOLUME_EUROPE,ch:country,2022-Q2,2026-09-13T22:36:23.843165+00:00,145039.1,final,2022-04-01,2022-06-30,1,2026-09-13T22:36:23.843165+00:00
GDP_VOLUME_EUROPE,ch:country,2022-Q3,2026-09-13T22:36:23.843165+00:00,145889.1,final,2022-07-01,2022-09-30,1,2026-09-13T22:36:23.843165+00:00
GDP_VOLUME_EUROPE,ch:country,2022-Q4,2026-09-13T22:36:23.843165+00:00,146157.5,final,2022-10-01,2022-12-31,1,2026-09-13T22:36:23.843165+00:00
GDP_VOLUME_EUROPE,ch:country,2023-Q1,2026-09-13T22:36:23.843165+00:00,146677.5,final,2023-01-01,2023-03-31,1,2026-09-13T22:36:23.843165+00:00
GDP_VOLUME_EUROPE,ch:country,2023-Q2,2026-09-13T22:36:23.843165+00:00,146184.8,final,2023-04-01,2023-06-30,1,2026-09-13T22:36:23.843165+00:00
GDP_VOLUME_EUROPE,ch:country,2023-Q3,2026-09-13T22:36:23.843165+00:00,146675.3,final,2023-07-01,2023-09-30,1,2026-09-13T22:36:23.843165+00:00
GDP_VOLUME_EUROPE,ch:country,2023-Q4,2026-09-13T22:36:23.843165+00:00,147501.8,final,2023-10-01,2023-12-31,1,2026-09-13T22:36:23.843165+00:00
GDP_VOLUME_EUROPE,ch:country,2024-Q1,2026-09-13T22:36:23.843165+00:00,147467.7,final,2024-01-01,2024-03-31,1,2026-09-13T22:36:23.843165+00:00
GDP_VOLUME_EUROPE,ch:country,2024-Q2,2026-09-13T22:36:23.843165+00:00,148791.0,final,2024-04-01,2024-06-30,1,2026-09-13T22:36:23.843165+00:00
GDP_VOLUME_EUROPE,ch:country,2024-Q3,2026-09-13T22:36:23.843165+00:00,149530.3,final,2024-07-01,2024-09-30,1,2026-09-13T22:36:23.843165+00:00
GDP_VOLUME_EUROPE,ch:country,2024-Q4,2026-09-13T22:36:23.843165+00:00,150112.1,final,2024-10-01,2024-12-31,1,2026-09-13T22:36:23.843165+00:00
GDP_VOLUME_EUROPE,ch:country,2025-Q1,2026-09-13T22:36:23.843165+00:00,151520.3,final,2025-01-01,2025-03-31,1,2026-09-13T22:36:23.843165+00:00
GDP_VOLUME_EUROPE,ch:country,2025-Q2,2026-09-13T22:36:23.843165+00:00,151494.4,final,2025-04-01,2025-06-30,1,2026-09-13T22:36:23.843165+00:00
GDP_VOLUME_EUROPE,ch:country,2025-Q3,2026-09-13T22:36:23.843165+00:00,150866.7,final,2025-07-01,2025-09-30,1,2026-09-13T22:36:23.843165+00:00
GDP_VOLUME_EUROPE,ch:country,2025-Q4,2026-09-13T22:36:23.843165+00:00,151647.6,final,2025-10-01,2025-12-31,1,2026-09-13T22:36:23.843165+00:00
GDP_VOLUME_EUROPE,ch:country,2026-Q1,2026-09-13T22:36:23.843165+00:00,152606.1,final,2026-01-01,2026-03-31,1,2026-09-13T22:36:23.843165+00:00
GDP_VOLUME_EUROPE,ch:country,2026-Q2,2026-09-13T22:36:23.843165+00:00,155482.3,final,2026-04-01,2026-06-30,1,2026-09-13T22:36:23.843165+00:00
GDP_VOLUME_EUROPE,cy:country,2008-Q1,2026-09-13T22:36:23.843165+00:00,4837.4,final,2008-01-01,2008-03-31,1,2026-09-13T22:36:23.843165+00:00
GDP_VOLUME_EUROPE,cy:country,2008-Q2,2026-09-13T22:36:23.843165+00:00,4867.6,final,2008-04-01,2008-06-30,1,2026-09-13T22:36:23.843165+00:00
GDP_VOLUME_EUROPE,cy:country,2008-Q3,2026-09-13T22:36:23.843165+00:00,4867.2,final,2008-07-01,2008-09-30,1,2026-09-13T22:36:23.843165+00:00
GDP_VOLUME_EUROPE,cy:country,2008-Q4,2026-09-13T22:36:23.843165+00:00,4846.0,final,2008-10-01,2008-12-31,1,2026-09-13T22:36:23.843165+00:00
GDP_VOLUME_EUROPE,cy:country,2009-Q1,2026-09-13T22:36:23.843165+00:00,4765.4,final,2009-01-01,2009-03-31,1,2026-09-13T22:36:23.843165+00:00
GDP_VOLUME_EUROPE,cy:country,2009-Q2,2026-09-13T22:36:23.843165+00:00,4751.2,final,2009-04-01,2009-06-30,1,2026-09-13T22:36:23.843165+00:00
GDP_VOLUME_EUROPE,cy:country,2009-Q3,2026-09-13T22:36:23.843165+00:00,4742.9,final,2009-07-01,2009-09-30,1,2026-09-13T22:36:23.843165+00:00
GDP_VOLUME_EUROPE,cy:country,2009-Q4,2026-09-13T22:36:23.843165+00:00,4767.3,final,2009-10-01,2009-12-31,1,2026-09-13T22:36:23.843165+00:00
GDP_VOLUME_EUROPE,cy:country,2010-Q1,2026-09-13T22:36:23.843165+00:00,4828.6,final,2010-01-01,2010-03-31,1,2026-09-13T22:36:23.843165+00:00
GDP_VOLUME_EUROPE,cy:country,2010-Q2,2026-09-13T22:36:23.843165+00:00,4845.8,final,2010-04-01,2010-06-30,1,2026-09-13T22:36:23.843165+00:00
GDP_VOLUME_EUROPE,cy:country,2010-Q3,2026-09-13T22:36:23.843165+00:00,4883.6,final,2010-07-01,2010-09-30,1,2026-09-13T22:36:23.843165+00:00
GDP_VOLUME_EUROPE,cy:country,2010-Q4,2026-09-13T22:36:23.843165+00:00,4903.0,final,2010-10-01,2010-12-31,1,2026-09-13T22:36:23.843165+00:00
GDP_VOLUME_EUROPE,cy:country,2011-Q1,2026-09-13T22:36:23.843165+00:00,4899.0,final,2011-01-01,2011-03-31,1,2026-09-13T22:36:23.843165+00:00
GDP_VOLUME_EUROPE,cy:country,2011-Q2,2026-09-13T22:36:23.843165+00:00,4929.9,final,2011-04-01,2011-06-30,1,2026-09-13T22:36:23.843165+00:00
GDP_VOLUME_EUROPE,cy:country,2011-Q3,2026-09-13T22:36:23.843165+00:00,4844.9,final,2011-07-01,2011-09-30,1,2026-09-13T22:36:23.843165+00:00
GDP_VOLUME_EUROPE,cy:country,2011-Q4,2026-09-13T22:36:23.843165+00:00,4868.6,final,2011-10-01,2011-12-31,1,2026-09-13T22:36:23.843165+00:00
GDP_VOLUME_EUROPE,cy:country,2012-Q1,2026-09-13T22:36:23.843165+00:00,4828.1,final,2012-01-01,2012-03-31,1,2026-09-13T22:36:23.843165+00:00
GDP_VOLUME_EUROPE,cy:country,2012-Q2,2026-09-13T22:36:23.843165+00:00,4748.6,final,2012-04-01,2012-06-30,1,2026-09-13T22:36:23.843165+00:00
GDP_VOLUME_EUROPE,cy:country,2012-Q3,2026-09-13T22:36:23.843165+00:00,4695.3,final,2012-07-01,2012-09-30,1,2026-09-13T22:36:23.843165+00:00
GDP_VOLUME_EUROPE,cy:country,2012-Q4,2026-09-13T22:36:23.843165+00:00,4596.3,final,2012-10-01,2012-12-31,1,2026-09-13T22:36:23.843165+00:00
GDP_VOLUME_EUROPE,cy:country,2013-Q1,2026-09-13T22:36:23.843165+00:00,4488.8,final,2013-01-01,2013-03-31,1,2026-09-13T22:36:23.843165+00:00
GDP_VOLUME_EUROPE,cy:country,2013-Q2,2026-09-13T22:36:23.843165+00:00,4383.2,final,2013-04-01,2013-06-30,1,2026-09-13T22:36:23.843165+00:00
GDP_VOLUME_EUROPE,cy:country,2013-Q3,2026-09-13T22:36:23.843165+00:00,4385.2,final,2013-07-01,2013-09-30,1,2026-09-13T22:36:23.843165+00:00
GDP_VOLUME_EUROPE,cy:country,2013-Q4,2026-09-13T22:36:23.843165+00:00,4368.5,final,2013-10-01,2013-12-31,1,2026-09-13T22:36:23.843165+00:00
GDP_VOLUME_EUROPE,cy:country,2014-Q1,2026-09-13T22:36:23.843165+00:00,4331.7,final,2014-01-01,2014-03-31,1,2026-09-13T22:36:23.843165+00:00
GDP_VOLUME_EUROPE,cy:country,2014-Q2,2026-09-13T22:36:23.843165+00:00,4322.4,final,2014-04-01,2014-06-30,1,2026-09-13T22:36:23.843165+00:00
GDP_VOLUME_EUROPE,cy:country,2014-Q3,2026-09-13T22:36:23.843165+00:00,4325.3,final,2014-07-01,2014-09-30,1,2026-09-13T22:36:23.843165+00:00
GDP_VOLUME_EUROPE,cy:country,2014-Q4,2026-09-13T22:36:23.843165+00:00,4333.2,final,2014-10-01,2014-12-31,1,2026-09-13T22:36:23.843165+00:00
GDP_VOLUME_EUROPE,cy:country,2015-Q1,2026-09-13T22:36:23.843165+00:00,4385.1,final,2015-01-01,2015-03-31,1,2026-09-13T22:36:23.843165+00:00
GDP_VOLUME_EUROPE,cy:country,2015-Q2,2026-09-13T22:36:23.843165+00:00,4435.1,final,2015-04-01,2015-06-30,1,2026-09-13T22:36:23.843165+00:00
GDP_VOLUME_EUROPE,cy:country,2015-Q3,2026-09-13T22:36:23.843165+00:00,4501.3,final,2015-07-01,2015-09-30,1,2026-09-13T22:36:23.843165+00:00
GDP_VOLUME_EUROPE,cy:country,2015-Q4,2026-09-13T22:36:23.843165+00:00,4582.7,final,2015-10-01,2015-12-31,1,2026-09-13T22:36:23.843165+00:00
GDP_VOLUME_EUROPE,cy:country,2016-Q1,2026-09-13T22:36:23.843165+00:00,4673.3,final,2016-01-01,2016-03-31,1,2026-09-13T22:36:23.843165+00:00
GDP_VOLUME_EUROPE,cy:country,2016-Q2,2026-09-13T22:36:23.843165+00:00,4720.6,final,2016-04-01,2016-06-30,1,2026-09-13T22:36:23.843165+00:00
GDP_VOLUME_EUROPE,cy:country,2016-Q3,2026-09-13T22:36:23.843165+00:00,4793.3,final,2016-07-01,2016-09-30,1,2026-09-13T22:36:23.843165+00:00
GDP_VOLUME_EUROPE,cy:country,2016-Q4,2026-09-13T22:36:23.843165+00:00,4894.1,final,2016-10-01,2016-12-31,1,2026-09-13T22:36:23.843165+00:00
GDP_VOLUME_EUROPE,cy:country,2017-Q1,2026-09-13T22:36:23.843165+00:00,5004.3,final,2017-01-01,2017-03-31,1,2026-09-13T22:36:23.843165+00:00
GDP_VOLUME_EUROPE,cy:country,2017-Q2,2026-09-13T22:36:23.843165+00:00,4988.5,final,2017-04-01,2017-06-30,1,2026-09-13T22:36:23.843165+00:00
GDP_VOLUME_EUROPE,cy:country,2017-Q3,2026-09-13T22:36:23.843165+00:00,5056.2,final,2017-07-01,2017-09-30,1,2026-09-13T22:36:23.843165+00:00
GDP_VOLUME_EUROPE,cy:country,2017-Q4,2026-09-13T22:36:23.843165+00:00,5129.7,final,2017-10-01,2017-12-31,1,2026-09-13T22:36:23.843165+00:00
GDP_VOLUME_EUROPE,cy:country,2018-Q1,2026-09-13T22:36:23.843165+00:00,5274.3,final,2018-01-01,2018-03-31,1,2026-09-13T22:36:23.843165+00:00
GDP_VOLUME_EUROPE,cy:country,2018-Q2,2026-09-13T22:36:23.843165+00:00,5316.9,final,2018-04-01,2018-06-30,1,2026-09-13T22:36:23.843165+00:00
GDP_VOLUME_EUROPE,cy:country,2018-Q3,2026-09-13T22:36:23.843165+00:00,5356.8,final,2018-07-01,2018-09-30,1,2026-09-13T22:36:23.843165+00:00
GDP_VOLUME_EUROPE,cy:country,2018-Q4,2026-09-13T22:36:23.843165+00:00,5496.5,final,2018-10-01,2018-12-31,1,2026-09-13T22:36:23.843165+00:00
GDP_VOLUME_EUROPE,cy:country,2019-Q1,2026-09-13T22:36:23.843165+00:00,5589.3,final,2019-01-01,2019-03-31,1,2026-09-13T22:36:23.843165+00:00
GDP_VOLUME_EUROPE,cy:country,2019-Q2,2026-09-13T22:36:23.843165+00:00,5643.4,final,2019-04-01,2019-06-30,1,2026-09-13T22:36:23.843165+00:00
GDP_VOLUME_EUROPE,cy:country,2019-Q3,2026-09-13T22:36:23.843165+00:00,5701.1,final,2019-07-01,2019-09-30,1,2026-09-13T22:36:23.843165+00:00
GDP_VOLUME_EUROPE,cy:country,2019-Q4,2026-09-13T22:36:23.843165+00:00,5770.6,final,2019-10-01,2019-12-31,1,2026-09-13T22:36:23.843165+00:00
GDP_VOLUME_EUROPE,cy:country,2020-Q1,2026-09-13T22:36:23.843165+00:00,5774.8,final,2020-01-01,2020-03-31,1,2026-09-13T22:36:23.843165+00:00
GDP_VOLUME_EUROPE,cy:country,2020-Q2,2026-09-13T22:36:23.843165+00:00,5055.7,final,2020-04-01,2020-06-30,1,2026-09-13T22:36:23.843165+00:00
GDP_VOLUME_EUROPE,cy:country,2020-Q3,2026-09-13T22:36:23.843165+00:00,5424.1,final,2020-07-01,2020-09-30,1,2026-09-13T22:36:23.843165+00:00
GDP_VOLUME_EUROPE,cy:country,2020-Q4,2026-09-13T22:36:23.843165+00:00,5718.7,final,2020-10-01,2020-12-31,1,2026-09-13T22:36:23.843165+00:00
GDP_VOLUME_EUROPE,cy:country,2021-Q1,2026-09-13T22:36:23.843165+00:00,5940.3,final,2021-01-01,2021-03-31,1,2026-09-13T22:36:23.843165+00:00
GDP_VOLUME_EUROPE,cy:country,2021-Q2,2026-09-13T22:36:23.843165+00:00,6001.6,final,2021-04-01,2021-06-30,1,2026-09-13T22:36:23.843165+00:00
GDP_VOLUME_EUROPE,cy:country,2021-Q3,2026-09-13T22:36:23.843165+00:00,6174.5,final,2021-07-01,2021-09-30,1,2026-09-13T22:36:23.843165+00:00
GDP_VOLUME_EUROPE,cy:country,2021-Q4,2026-09-13T22:36:23.843165+00:00,6360.8,final,2021-10-01,2021-12-31,1,2026-09-13T22:36:23.843165+00:00
GDP_VOLUME_EUROPE,cy:country,2022-Q1,2026-09-13T22:36:23.843165+00:00,6578.2,final,2022-01-01,2022-03-31,1,2026-09-13T22:36:23.843165+00:00
GDP_VOLUME_EUROPE,cy:country,2022-Q2,2026-09-13T22:36:23.843165+00:00,6606.7,final,2022-04-01,2022-06-30,1,2026-09-13T22:36:23.843165+00:00
GDP_VOLUME_EUROPE,cy:country,2022-Q3,2026-09-13T22:36:23.843165+00:00,6708.0,final,2022-07-01,2022-09-30,1,2026-09-13T22:36:23.843165+00:00
GDP_VOLUME_EUROPE,cy:country,2022-Q4,2026-09-13T22:36:23.843165+00:00,6723.7,final,2022-10-01,2022-12-31,1,2026-09-13T22:36:23.843165+00:00
GDP_VOLUME_EUROPE,cy:country,2023-Q1,2026-09-13T22:36:23.843165+00:00,6806.8,final,2023-01-01,2023-03-31,1,2026-09-13T22:36:23.843165+00:00
GDP_VOLUME_EUROPE,cy:country,2023-Q2,2026-09-13T22:36:23.843165+00:00,6871.6,final,2023-04-01,2023-06-30,1,2026-09-13T22:36:23.843165+00:00
GDP_VOLUME_EUROPE,cy:country,2023-Q3,2026-09-13T22:36:23.843165+00:00,6907.2,final,2023-07-01,2023-09-30,1,2026-09-13T22:36:23.843165+00:00
GDP_VOLUME_EUROPE,cy:country,2023-Q4,2026-09-13T22:36:23.843165+00:00,6994.5,final,2023-10-01,2023-12-31,1,2026-09-13T22:36:23.843165+00:00
GDP_VOLUME_EUROPE,cy:country,2024-Q1,2026-09-13T22:36:23.843165+00:00,7099.2,final,2024-01-01,2024-03-31,1,2026-09-13T22:36:23.843165+00:00
GDP_VOLUME_EUROPE,cy:country,2024-Q2,2026-09-13T22:36:23.843165+00:00,7129.0,final,2024-04-01,2024-06-30,1,2026-09-13T22:36:23.843165+00:00
GDP_VOLUME_EUROPE,cy:country,2024-Q3,2026-09-13T22:36:23.843165+00:00,7201.8,final,2024-07-01,2024-09-30,1,2026-09-13T22:36:23.843165+00:00
GDP_VOLUME_EUROPE,cy:country,2024-Q4,2026-09-13T22:36:23.843165+00:00,7237.0,final,2024-10-01,2024-12-31,1,2026-09-13T22:36:23.843165+00:00
GDP_VOLUME_EUROPE,cy:country,2025-Q1,2026-09-13T22:36:23.843165+00:00,7354.7,final,2025-01-01,2025-03-31,1,2026-09-13T22:36:23.843165+00:00
GDP_VOLUME_EUROPE,cy:country,2025-Q2,2026-09-13T22:36:23.843165+00:00,7395.5,final,2025-04-01,2025-06-30,1,2026-09-13T22:36:23.843165+00:00
GDP_VOLUME_EUROPE,cy:country,2025-Q3,2026-09-13T22:36:23.843165+00:00,7455.2,final,2025-07-01,2025-09-30,1,2026-09-13T22:36:23.843165+00:00
GDP_VOLUME_EUROPE,cy:country,2025-Q4,2026-09-13T22:36:23.843165+00:00,7543.2,final,2025-10-01,2025-12-31,1,2026-09-13T22:36:23.843165+00:00
GDP_VOLUME_EUROPE,cy:country,2026-Q1,2026-09-13T22:36:23.843165+00:00,7578.9,final,2026-01-01,2026-03-31,1,2026-09-13T22:36:23.843165+00:00
GDP_VOLUME_EUROPE,cy:country,2026-Q2,2026-09-13T22:36:23.843165+00:00,7637.8,final,2026-04-01,2026-06-30,1,2026-09-13T22:36:23.843165+00:00
GDP_VOLUME_EUROPE,cz:country,2008-Q1,2026-09-13T22:36:23.843165+00:00,40732.2,final,2008-01-01,2008-03-31,1,2026-09-13T22:36:23.843165+00:00
GDP_VOLUME_EUROPE,cz:country,2008-Q2,2026-09-13T22:36:23.843165+00:00,40961.8,final,2008-04-01,2008-06-30,1,2026-09-13T22:36:23.843165+00:00
GDP_VOLUME_EUROPE,cz:country,2008-Q3,2026-09-13T22:36:23.843165+00:00,41008.4,final,2008-07-01,2008-09-30,1,2026-09-13T22:36:23.843165+00:00
GDP_VOLUME_EUROPE,cz:country,2008-Q4,2026-09-13T22:36:23.843165+00:00,40223.3,final,2008-10-01,2008-12-31,1,2026-09-13T22:36:23.843165+00:00
GDP_VOLUME_EUROPE,cz:country,2009-Q1,2026-09-13T22:36:23.843165+00:00,38909.6,final,2009-01-01,2009-03-31,1,2026-09-13T22:36:23.843165+00:00
GDP_VOLUME_EUROPE,cz:country,2009-Q2,2026-09-13T22:36:23.843165+00:00,38725.1,final,2009-04-01,2009-06-30,1,2026-09-13T22:36:23.843165+00:00
GDP_VOLUME_EUROPE,cz:country,2009-Q3,2026-09-13T22:36:23.843165+00:00,38860.3,final,2009-07-01,2009-09-30,1,2026-09-13T22:36:23.843165+00:00
GDP_VOLUME_EUROPE,cz:country,2009-Q4,2026-09-13T22:36:23.843165+00:00,38871.9,final,2009-10-01,2009-12-31,1,2026-09-13T22:36:23.843165+00:00
GDP_VOLUME_EUROPE,cz:country,2010-Q1,2026-09-13T22:36:23.843165+00:00,39185.3,final,2010-01-01,2010-03-31,1,2026-09-13T22:36:23.843165+00:00
GDP_VOLUME_EUROPE,cz:country,2010-Q2,2026-09-13T22:36:23.843165+00:00,39683.5,final,2010-04-01,2010-06-30,1,2026-09-13T22:36:23.843165+00:00
GDP_VOLUME_EUROPE,cz:country,2010-Q3,2026-09-13T22:36:23.843165+00:00,40151.0,final,2010-07-01,2010-09-30,1,2026-09-13T22:36:23.843165+00:00
GDP_VOLUME_EUROPE,cz:country,2010-Q4,2026-09-13T22:36:23.843165+00:00,40292.8,final,2010-10-01,2010-12-31,1,2026-09-13T22:36:23.843165+00:00
GDP_VOLUME_EUROPE,cz:country,2011-Q1,2026-09-13T22:36:23.843165+00:00,40354.0,final,2011-01-01,2011-03-31,1,2026-09-13T22:36:23.843165+00:00
GDP_VOLUME_EUROPE,cz:country,2011-Q2,2026-09-13T22:36:23.843165+00:00,40556.8,final,2011-04-01,2011-06-30,1,2026-09-13T22:36:23.843165+00:00
GDP_VOLUME_EUROPE,cz:country,2011-Q3,2026-09-13T22:36:23.843165+00:00,40603.6,final,2011-07-01,2011-09-30,1,2026-09-13T22:36:23.843165+00:00
GDP_VOLUME_EUROPE,cz:country,2011-Q4,2026-09-13T22:36:23.843165+00:00,40624.8,final,2011-10-01,2011-12-31,1,2026-09-13T22:36:23.843165+00:00
GDP_VOLUME_EUROPE,cz:country,2012-Q1,2026-09-13T22:36:23.843165+00:00,40522.9,final,2012-01-01,2012-03-31,1,2026-09-13T22:36:23.843165+00:00
GDP_VOLUME_EUROPE,cz:country,2012-Q2,2026-09-13T22:36:23.843165+00:00,40287.7,final,2012-04-01,2012-06-30,1,2026-09-13T22:36:23.843165+00:00
GDP_VOLUME_EUROPE,cz:country,2012-Q3,2026-09-13T22:36:23.843165+00:00,40169.7,final,2012-07-01,2012-09-30,1,2026-09-13T22:36:23.843165+00:00
GDP_VOLUME_EUROPE,cz:country,2012-Q4,2026-09-13T22:36:23.843165+00:00,40047.1,final,2012-10-01,2012-12-31,1,2026-09-13T22:36:23.843165+00:00
GDP_VOLUME_EUROPE,cz:country,2013-Q1,2026-09-13T22:36:23.843165+00:00,39923.5,final,2013-01-01,2013-03-31,1,2026-09-13T22:36:23.843165+00:00
GDP_VOLUME_EUROPE,cz:country,2013-Q2,2026-09-13T22:36:23.843165+00:00,40078.1,final,2013-04-01,2013-06-30,1,2026-09-13T22:36:23.843165+00:00
GDP_VOLUME_EUROPE,cz:country,2013-Q3,2026-09-13T22:36:23.843165+00:00,40229.6,final,2013-07-01,2013-09-30,1,2026-09-13T22:36:23.843165+00:00
GDP_VOLUME_EUROPE,cz:country,2013-Q4,2026-09-13T22:36:23.843165+00:00,40729.5,final,2013-10-01,2013-12-31,1,2026-09-13T22:36:23.843165+00:00
GDP_VOLUME_EUROPE,cz:country,2014-Q1,2026-09-13T22:36:23.843165+00:00,40564.4,final,2014-01-01,2014-03-31,1,2026-09-13T22:36:23.843165+00:00
GDP_VOLUME_EUROPE,cz:country,2014-Q2,2026-09-13T22:36:23.843165+00:00,40941.2,final,2014-04-01,2014-06-30,1,2026-09-13T22:36:23.843165+00:00
GDP_VOLUME_EUROPE,cz:country,2014-Q3,2026-09-13T22:36:23.843165+00:00,41311.6,final,2014-07-01,2014-09-30,1,2026-09-13T22:36:23.843165+00:00
GDP_VOLUME_EUROPE,cz:country,2014-Q4,2026-09-13T22:36:23.843165+00:00,41757.4,final,2014-10-01,2014-12-31,1,2026-09-13T22:36:23.843165+00:00
GDP_VOLUME_EUROPE,cz:country,2015-Q1,2026-09-13T22:36:23.843165+00:00,42502.0,final,2015-01-01,2015-03-31,1,2026-09-13T22:36:23.843165+00:00
GDP_VOLUME_EUROPE,cz:country,2015-Q2,2026-09-13T22:36:23.843165+00:00,43096.2,final,2015-04-01,2015-06-30,1,2026-09-13T22:36:23.843165+00:00
GDP_VOLUME_EUROPE,cz:country,2015-Q3,2026-09-13T22:36:23.843165+00:00,43536.6,final,2015-07-01,2015-09-30,1,2026-09-13T22:36:23.843165+00:00
GDP_VOLUME_EUROPE,cz:country,2015-Q4,2026-09-13T22:36:23.843165+00:00,43741.0,final,2015-10-01,2015-12-31,1,2026-09-13T22:36:23.843165+00:00
GDP_VOLUME_EUROPE,cz:country,2016-Q1,2026-09-13T22:36:23.843165+00:00,43887.0,final,2016-01-01,2016-03-31,1,2026-09-13T22:36:23.843165+00:00
GDP_VOLUME_EUROPE,cz:country,2016-Q2,2026-09-13T22:36:23.843165+00:00,44020.0,final,2016-04-01,2016-06-30,1,2026-09-13T22:36:23.843165+00:00
GDP_VOLUME_EUROPE,cz:country,2016-Q3,2026-09-13T22:36:23.843165+00:00,44453.1,final,2016-07-01,2016-09-30,1,2026-09-13T22:36:23.843165+00:00
GDP_VOLUME_EUROPE,cz:country,2016-Q4,2026-09-13T22:36:23.843165+00:00,44799.0,final,2016-10-01,2016-12-31,1,2026-09-13T22:36:23.843165+00:00
GDP_VOLUME_EUROPE,cz:country,2017-Q1,2026-09-13T22:36:23.843165+00:00,45443.6,final,2017-01-01,2017-03-31,1,2026-09-13T22:36:23.843165+00:00
GDP_VOLUME_EUROPE,cz:country,2017-Q2,2026-09-13T22:36:23.843165+00:00,46817.3,final,2017-04-01,2017-06-30,1,2026-09-13T22:36:23.843165+00:00
GDP_VOLUME_EUROPE,cz:country,2017-Q3,2026-09-13T22:36:23.843165+00:00,47102.8,final,2017-07-01,2017-09-30,1,2026-09-13T22:36:23.843165+00:00
GDP_VOLUME_EUROPE,cz:country,2017-Q4,2026-09-13T22:36:23.843165+00:00,47345.8,final,2017-10-01,2017-12-31,1,2026-09-13T22:36:23.843165+00:00
GDP_VOLUME_EUROPE,cz:country,2018-Q1,2026-09-13T22:36:23.843165+00:00,47532.7,final,2018-01-01,2018-03-31,1,2026-09-13T22:36:23.843165+00:00
GDP_VOLUME_EUROPE,cz:country,2018-Q2,2026-09-13T22:36:23.843165+00:00,47812.5,final,2018-04-01,2018-06-30,1,2026-09-13T22:36:23.843165+00:00
GDP_VOLUME_EUROPE,cz:country,2018-Q3,2026-09-13T22:36:23.843165+00:00,48105.3,final,2018-07-01,2018-09-30,1,2026-09-13T22:36:23.843165+00:00
GDP_VOLUME_EUROPE,cz:country,2018-Q4,2026-09-13T22:36:23.843165+00:00,48502.7,final,2018-10-01,2018-12-31,1,2026-09-13T22:36:23.843165+00:00
GDP_VOLUME_EUROPE,cz:country,2019-Q1,2026-09-13T22:36:23.843165+00:00,49202.6,final,2019-01-01,2019-03-31,1,2026-09-13T22:36:23.843165+00:00
GDP_VOLUME_EUROPE,cz:country,2019-Q2,2026-09-13T22:36:23.843165+00:00,49549.4,final,2019-04-01,2019-06-30,1,2026-09-13T22:36:23.843165+00:00
GDP_VOLUME_EUROPE,cz:country,2019-Q3,2026-09-13T22:36:23.843165+00:00,49779.3,final,2019-07-01,2019-09-30,1,2026-09-13T22:36:23.843165+00:00
GDP_VOLUME_EUROPE,cz:country,2019-Q4,2026-09-13T22:36:23.843165+00:00,50118.1,final,2019-10-01,2019-12-31,1,2026-09-13T22:36:23.843165+00:00
GDP_VOLUME_EUROPE,cz:country,2020-Q1,2026-09-13T22:36:23.843165+00:00,48445.1,final,2020-01-01,2020-03-31,1,2026-09-13T22:36:23.843165+00:00
GDP_VOLUME_EUROPE,cz:country,2020-Q2,2026-09-13T22:36:23.843165+00:00,44303.2,final,2020-04-01,2020-06-30,1,2026-09-13T22:36:23.843165+00:00
GDP_VOLUME_EUROPE,cz:country,2020-Q3,2026-09-13T22:36:23.843165+00:00,47481.6,final,2020-07-01,2020-09-30,1,2026-09-13T22:36:23.843165+00:00
GDP_VOLUME_EUROPE,cz:country,2020-Q4,2026-09-13T22:36:23.843165+00:00,47852.2,final,2020-10-01,2020-12-31,1,2026-09-13T22:36:23.843165+00:00
GDP_VOLUME_EUROPE,cz:country,2021-Q1,2026-09-13T22:36:23.843165+00:00,47866.2,final,2021-01-01,2021-03-31,1,2026-09-13T22:36:23.843165+00:00
GDP_VOLUME_EUROPE,cz:country,2021-Q2,2026-09-13T22:36:23.843165+00:00,48553.9,final,2021-04-01,2021-06-30,1,2026-09-13T22:36:23.843165+00:00
GDP_VOLUME_EUROPE,cz:country,2021-Q3,2026-09-13T22:36:23.843165+00:00,49396.3,final,2021-07-01,2021-09-30,1,2026-09-13T22:36:23.843165+00:00
GDP_VOLUME_EUROPE,cz:country,2021-Q4,2026-09-13T22:36:23.843165+00:00,49701.9,final,2021-10-01,2021-12-31,1,2026-09-13T22:36:23.843165+00:00
GDP_VOLUME_EUROPE,cz:country,2022-Q1,2026-09-13T22:36:23.843165+00:00,50173.4,final,2022-01-01,2022-03-31,1,2026-09-13T22:36:23.843165+00:00
GDP_VOLUME_EUROPE,cz:country,2022-Q2,2026-09-13T22:36:23.843165+00:00,50327.2,final,2022-04-01,2022-06-30,1,2026-09-13T22:36:23.843165+00:00
GDP_VOLUME_EUROPE,cz:country,2022-Q3,2026-09-13T22:36:23.843165+00:00,50395.7,final,2022-07-01,2022-09-30,1,2026-09-13T22:36:23.843165+00:00
GDP_VOLUME_EUROPE,cz:country,2022-Q4,2026-09-13T22:36:23.843165+00:00,50201.3,final,2022-10-01,2022-12-31,1,2026-09-13T22:36:23.843165+00:00
GDP_VOLUME_EUROPE,cz:country,2023-Q1,2026-09-13T22:36:23.843165+00:00,50294.4,final,2023-01-01,2023-03-31,1,2026-09-13T22:36:23.843165+00:00
GDP_VOLUME_EUROPE,cz:country,2023-Q2,2026-09-13T22:36:23.843165+00:00,50495.1,final,2023-04-01,2023-06-30,1,2026-09-13T22:36:23.843165+00:00
GDP_VOLUME_EUROPE,cz:country,2023-Q3,2026-09-13T22:36:23.843165+00:00,50286.4,final,2023-07-01,2023-09-30,1,2026-09-13T22:36:23.843165+00:00
GDP_VOLUME_EUROPE,cz:country,2023-Q4,2026-09-13T22:36:23.843165+00:00,50430.4,final,2023-10-01,2023-12-31,1,2026-09-13T22:36:23.843165+00:00
GDP_VOLUME_EUROPE,cz:country,2024-Q1,2026-09-13T22:36:23.843165+00:00,50590.5,final,2024-01-01,2024-03-31,1,2026-09-13T22:36:23.843165+00:00
GDP_VOLUME_EUROPE,cz:country,2024-Q2,2026-09-13T22:36:23.843165+00:00,50734.5,final,2024-04-01,2024-06-30,1,2026-09-13T22:36:23.843165+00:00
GDP_VOLUME_EUROPE,cz:country,2024-Q3,2026-09-13T22:36:23.843165+00:00,51066.8,final,2024-07-01,2024-09-30,1,2026-09-13T22:36:23.843165+00:00
GDP_VOLUME_EUROPE,cz:country,2024-Q4,2026-09-13T22:36:23.843165+00:00,51431.6,final,2024-10-01,2024-12-31,1,2026-09-13T22:36:23.843165+00:00
GDP_VOLUME_EUROPE,cz:country,2025-Q1,2026-09-13T22:36:23.843165+00:00,51838.6,final,2025-01-01,2025-03-31,1,2026-09-13T22:36:23.843165+00:00
GDP_VOLUME_EUROPE,cz:country,2025-Q2,2026-09-13T22:36:23.843165+00:00,52137.7,final,2025-04-01,2025-06-30,1,2026-09-13T22:36:23.843165+00:00
GDP_VOLUME_EUROPE,cz:country,2025-Q3,2026-09-13T22:36:23.843165+00:00,52500.1,final,2025-07-01,2025-09-30,1,2026-09-13T22:36:23.843165+00:00
GDP_VOLUME_EUROPE,cz:country,2025-Q4,2026-09-13T22:36:23.843165+00:00,52869.7,final,2025-10-01,2025-12-31,1,2026-09-13T22:36:23.843165+00:00
GDP_VOLUME_EUROPE,cz:country,2026-Q1,2026-09-13T22:36:23.843165+00:00,52962.7,final,2026-01-01,2026-03-31,1,2026-09-13T22:36:23.843165+00:00
GDP_VOLUME_EUROPE,cz:country,2026-Q2,2026-09-13T22:36:23.843165+00:00,53152.3,final,2026-04-01,2026-06-30,1,2026-09-13T22:36:23.843165+00:00
GDP_VOLUME_EUROPE,de:country,2008-Q1,2026-09-13T22:36:23.843165+00:00,670015.9,final,2008-01-01,2008-03-31,1,2026-09-13T22:36:23.843165+00:00
GDP_VOLUME_EUROPE,de:country,2008-Q2,2026-09-13T22:36:23.843165+00:00,667436.9,final,2008-04-01,2008-06-30,1,2026-09-13T22:36:23.843165+00:00
GDP_VOLUME_EUROPE,de:country,2008-Q3,2026-09-13T22:36:23.843165+00:00,663826.4,final,2008-07-01,2008-09-30,1,2026-09-13T22:36:23.843165+00:00
GDP_VOLUME_EUROPE,de:country,2008-Q4,2026-09-13T22:36:23.843165+00:00,653657.8,final,2008-10-01,2008-12-31,1,2026-09-13T22:36:23.843165+00:00
GDP_VOLUME_EUROPE,de:country,2009-Q1,2026-09-13T22:36:23.843165+00:00,622914.0,final,2009-01-01,2009-03-31,1,2026-09-13T22:36:23.843165+00:00
GDP_VOLUME_EUROPE,de:country,2009-Q2,2026-09-13T22:36:23.843165+00:00,624461.3,final,2009-04-01,2009-06-30,1,2026-09-13T22:36:23.843165+00:00
GDP_VOLUME_EUROPE,de:country,2009-Q3,2026-09-13T22:36:23.843165+00:00,628440.2,final,2009-07-01,2009-09-30,1,2026-09-13T22:36:23.843165+00:00
GDP_VOLUME_EUROPE,de:country,2009-Q4,2026-09-13T22:36:23.843165+00:00,633229.6,final,2009-10-01,2009-12-31,1,2026-09-13T22:36:23.843165+00:00
GDP_VOLUME_EUROPE,de:country,2010-Q1,2026-09-13T22:36:23.843165+00:00,637797.9,final,2010-01-01,2010-03-31,1,2026-09-13T22:36:23.843165+00:00
GDP_VOLUME_EUROPE,de:country,2010-Q2,2026-09-13T22:36:23.843165+00:00,651576.6,final,2010-04-01,2010-06-30,1,2026-09-13T22:36:23.843165+00:00
GDP_VOLUME_EUROPE,de:country,2010-Q3,2026-09-13T22:36:23.843165+00:00,657913.3,final,2010-07-01,2010-09-30,1,2026-09-13T22:36:23.843165+00:00
GDP_VOLUME_EUROPE,de:country,2010-Q4,2026-09-13T22:36:23.843165+00:00,662113.2,final,2010-10-01,2010-12-31,1,2026-09-13T22:36:23.843165+00:00
GDP_VOLUME_EUROPE,de:country,2011-Q1,2026-09-13T22:36:23.843165+00:00,674123.5,final,2011-01-01,2011-03-31,1,2026-09-13T22:36:23.843165+00:00
GDP_VOLUME_EUROPE,de:country,2011-Q2,2026-09-13T22:36:23.843165+00:00,676186.6,final,2011-04-01,2011-06-30,1,2026-09-13T22:36:23.843165+00:00
GDP_VOLUME_EUROPE,de:country,2011-Q3,2026-09-13T22:36:23.843165+00:00,679797.1,final,2011-07-01,2011-09-30,1,2026-09-13T22:36:23.843165+00:00
GDP_VOLUME_EUROPE,de:country,2011-Q4,2026-09-13T22:36:23.843165+00:00,679576.0,final,2011-10-01,2011-12-31,1,2026-09-13T22:36:23.843165+00:00
GDP_VOLUME_EUROPE,de:country,2012-Q1,2026-09-13T22:36:23.843165+00:00,681491.8,final,2012-01-01,2012-03-31,1,2026-09-13T22:36:23.843165+00:00
GDP_VOLUME_EUROPE,de:country,2012-Q2,2026-09-13T22:36:23.843165+00:00,682449.6,final,2012-04-01,2012-06-30,1,2026-09-13T22:36:23.843165+00:00
GDP_VOLUME_EUROPE,de:country,2012-Q3,2026-09-13T22:36:23.843165+00:00,683407.5,final,2012-07-01,2012-09-30,1,2026-09-13T22:36:23.843165+00:00
GDP_VOLUME_EUROPE,de:country,2012-Q4,2026-09-13T22:36:23.843165+00:00,681491.7,final,2012-10-01,2012-12-31,1,2026-09-13T22:36:23.843165+00:00
GDP_VOLUME_EUROPE,de:country,2013-Q1,2026-09-13T22:36:23.843165+00:00,677899.5,final,2013-01-01,2013-03-31,1,2026-09-13T22:36:23.843165+00:00
GDP_VOLUME_EUROPE,de:country,2013-Q2,2026-09-13T22:36:23.843165+00:00,686594.3,final,2013-04-01,2013-06-30,1,2026-09-13T22:36:23.843165+00:00
GDP_VOLUME_EUROPE,de:country,2013-Q3,2026-09-13T22:36:23.843165+00:00,689394.4,final,2013-07-01,2013-09-30,1,2026-09-13T22:36:23.843165+00:00
GDP_VOLUME_EUROPE,de:country,2013-Q4,2026-09-13T22:36:23.843165+00:00,690573.3,final,2013-10-01,2013-12-31,1,2026-09-13T22:36:23.843165+00:00
GDP_VOLUME_EUROPE,de:country,2014-Q1,2026-09-13T22:36:23.843165+00:00,697996.7,final,2014-01-01,2014-03-31,1,2026-09-13T22:36:23.843165+00:00
GDP_VOLUME_EUROPE,de:country,2014-Q2,2026-09-13T22:36:23.843165+00:00,698438.8,final,2014-04-01,2014-06-30,1,2026-09-13T22:36:23.843165+00:00
GDP_VOLUME_EUROPE,de:country,2014-Q3,2026-09-13T22:36:23.843165+00:00,701680.9,final,2014-07-01,2014-09-30,1,2026-09-13T22:36:23.843165+00:00
GDP_VOLUME_EUROPE,de:country,2014-Q4,2026-09-13T22:36:23.843165+00:00,707575.5,final,2014-10-01,2014-12-31,1,2026-09-13T22:36:23.843165+00:00
GDP_VOLUME_EUROPE,de:country,2015-Q1,2026-09-13T22:36:23.843165+00:00,706083.5,final,2015-01-01,2015-03-31,1,2026-09-13T22:36:23.843165+00:00
GDP_VOLUME_EUROPE,de:country,2015-Q2,2026-09-13T22:36:23.843165+00:00,710504.4,final,2015-04-01,2015-06-30,1,2026-09-13T22:36:23.843165+00:00
GDP_VOLUME_EUROPE,de:country,2015-Q3,2026-09-13T22:36:23.843165+00:00,714041.1,final,2015-07-01,2015-09-30,1,2026-09-13T22:36:23.843165+00:00
GDP_VOLUME_EUROPE,de:country,2015-Q4,2026-09-13T22:36:23.843165+00:00,717798.8,final,2015-10-01,2015-12-31,1,2026-09-13T22:36:23.843165+00:00
GDP_VOLUME_EUROPE,de:country,2016-Q1,2026-09-13T22:36:23.843165+00:00,723988.4,final,2016-01-01,2016-03-31,1,2026-09-13T22:36:23.843165+00:00
GDP_VOLUME_EUROPE,de:country,2016-Q2,2026-09-13T22:36:23.843165+00:00,726051.4,final,2016-04-01,2016-06-30,1,2026-09-13T22:36:23.843165+00:00
GDP_VOLUME_EUROPE,de:country,2016-Q3,2026-09-13T22:36:23.843165+00:00,728998.7,final,2016-07-01,2016-09-30,1,2026-09-13T22:36:23.843165+00:00
GDP_VOLUME_EUROPE,de:country,2016-Q4,2026-09-13T22:36:23.843165+00:00,732314.3,final,2016-10-01,2016-12-31,1,2026-09-13T22:36:23.843165+00:00
GDP_VOLUME_EUROPE,de:country,2017-Q1,2026-09-13T22:36:23.843165+00:00,741708.8,final,2017-01-01,2017-03-31,1,2026-09-13T22:36:23.843165+00:00
GDP_VOLUME_EUROPE,de:country,2017-Q2,2026-09-13T22:36:23.843165+00:00,747308.8,final,2017-04-01,2017-06-30,1,2026-09-13T22:36:23.843165+00:00
GDP_VOLUME_EUROPE,de:country,2017-Q3,2026-09-13T22:36:23.843165+00:00,753645.7,final,2017-07-01,2017-09-30,1,2026-09-13T22:36:23.843165+00:00
GDP_VOLUME_EUROPE,de:country,2017-Q4,2026-09-13T22:36:23.843165+00:00,761529.9,final,2017-10-01,2017-12-31,1,2026-09-13T22:36:23.843165+00:00
GDP_VOLUME_EUROPE,de:country,2018-Q1,2026-09-13T22:36:23.843165+00:00,757679.8,final,2018-01-01,2018-03-31,1,2026-09-13T22:36:23.843165+00:00
GDP_VOLUME_EUROPE,de:country,2018-Q2,2026-09-13T22:36:23.843165+00:00,762837.6,final,2018-04-01,2018-06-30,1,2026-09-13T22:36:23.843165+00:00
GDP_VOLUME_EUROPE,de:country,2018-Q3,2026-09-13T22:36:23.843165+00:00,759521.8,final,2018-07-01,2018-09-30,1,2026-09-13T22:36:23.843165+00:00
GDP_VOLUME_EUROPE,de:country,2018-Q4,2026-09-13T22:36:23.843165+00:00,762469.1,final,2018-10-01,2018-12-31,1,2026-09-13T22:36:23.843165+00:00
GDP_VOLUME_EUROPE,de:country,2019-Q1,2026-09-13T22:36:23.843165+00:00,767921.6,final,2019-01-01,2019-03-31,1,2026-09-13T22:36:23.843165+00:00
GDP_VOLUME_EUROPE,de:country,2019-Q2,2026-09-13T22:36:23.843165+00:00,767921.6,final,2019-04-01,2019-06-30,1,2026-09-13T22:36:23.843165+00:00
GDP_VOLUME_EUROPE,de:country,2019-Q3,2026-09-13T22:36:23.843165+00:00,772121.5,final,2019-07-01,2019-09-30,1,2026-09-13T22:36:23.843165+00:00
GDP_VOLUME_EUROPE,de:country,2019-Q4,2026-09-13T22:36:23.843165+00:00,768511.1,final,2019-10-01,2019-12-31,1,2026-09-13T22:36:23.843165+00:00
GDP_VOLUME_EUROPE,de:country,2020-Q1,2026-09-13T22:36:23.843165+00:00,754088.2,final,2020-01-01,2020-03-31,1,2026-09-13T22:36:23.843165+00:00
GDP_VOLUME_EUROPE,de:country,2020-Q2,2026-09-13T22:36:23.843165+00:00,686666.8,final,2020-04-01,2020-06-30,1,2026-09-13T22:36:23.843165+00:00
GDP_VOLUME_EUROPE,de:country,2020-Q3,2026-09-13T22:36:23.843165+00:00,747014.5,final,2020-07-01,2020-09-30,1,2026-09-13T22:36:23.843165+00:00
GDP_VOLUME_EUROPE,de:country,2020-Q4,2026-09-13T22:36:23.843165+00:00,753277.7,final,2020-10-01,2020-12-31,1,2026-09-13T22:36:23.843165+00:00
GDP_VOLUME_EUROPE,de:country,2021-Q1,2026-09-13T22:36:23.843165+00:00,749703.9,final,2021-01-01,2021-03-31,1,2026-09-13T22:36:23.843165+00:00
GDP_VOLUME_EUROPE,de:country,2021-Q2,2026-09-13T22:36:23.843165+00:00,766650.6,final,2021-04-01,2021-06-30,1,2026-09-13T22:36:23.843165+00:00
GDP_VOLUME_EUROPE,de:country,2021-Q3,2026-09-13T22:36:23.843165+00:00,767976.9,final,2021-07-01,2021-09-30,1,2026-09-13T22:36:23.843165+00:00
GDP_VOLUME_EUROPE,de:country,2021-Q4,2026-09-13T22:36:23.843165+00:00,771587.2,final,2021-10-01,2021-12-31,1,2026-09-13T22:36:23.843165+00:00
GDP_VOLUME_EUROPE,de:country,2022-Q1,2026-09-13T22:36:23.843165+00:00,777555.7,final,2022-01-01,2022-03-31,1,2026-09-13T22:36:23.843165+00:00
GDP_VOLUME_EUROPE,de:country,2022-Q2,2026-09-13T22:36:23.843165+00:00,778513.5,final,2022-04-01,2022-06-30,1,2026-09-13T22:36:23.843165+00:00
GDP_VOLUME_EUROPE,de:country,2022-Q3,2026-09-13T22:36:23.843165+00:00,781018.7,final,2022-07-01,2022-09-30,1,2026-09-13T22:36:23.843165+00:00
GDP_VOLUME_EUROPE,de:country,2022-Q4,2026-09-13T22:36:23.843165+00:00,778439.9,final,2022-10-01,2022-12-31,1,2026-09-13T22:36:23.843165+00:00
GDP_VOLUME_EUROPE,de:country,2023-Q1,2026-09-13T22:36:23.843165+00:00,773153.2,provisional,2023-01-01,2023-03-31,1,2026-09-13T22:36:23.843165+00:00
GDP_VOLUME_EUROPE,de:country,2023-Q2,2026-09-13T22:36:23.843165+00:00,772342.6,provisional,2023-04-01,2023-06-30,1,2026-09-13T22:36:23.843165+00:00
GDP_VOLUME_EUROPE,de:country,2023-Q3,2026-09-13T22:36:23.843165+00:00,773521.5,provisional,2023-07-01,2023-09-30,1,2026-09-13T22:36:23.843165+00:00
GDP_VOLUME_EUROPE,de:country,2023-Q4,2026-09-13T22:36:23.843165+00:00,771163.7,provisional,2023-10-01,2023-12-31,1,2026-09-13T22:36:23.843165+00:00
GDP_VOLUME_EUROPE,de:country,2024-Q1,2026-09-13T22:36:23.843165+00:00,772803.1,provisional,2024-01-01,2024-03-31,1,2026-09-13T22:36:23.843165+00:00
GDP_VOLUME_EUROPE,de:country,2024-Q2,2026-09-13T22:36:23.843165+00:00,771771.5,provisional,2024-04-01,2024-06-30,1,2026-09-13T22:36:23.843165+00:00
GDP_VOLUME_EUROPE,de:country,2024-Q3,2026-09-13T22:36:23.843165+00:00,772582.1,provisional,2024-07-01,2024-09-30,1,2026-09-13T22:36:23.843165+00:00
GDP_VOLUME_EUROPE,de:country,2024-Q4,2026-09-13T22:36:23.843165+00:00,774276.8,provisional,2024-10-01,2024-12-31,1,2026-09-13T22:36:23.843165+00:00
GDP_VOLUME_EUROPE,de:country,2025-Q1,2026-09-13T22:36:23.843165+00:00,775197.8,provisional,2025-01-01,2025-03-31,1,2026-09-13T22:36:23.843165+00:00
GDP_VOLUME_EUROPE,de:country,2025-Q2,2026-09-13T22:36:23.843165+00:00,775050.5,provisional,2025-04-01,2025-06-30,1,2026-09-13T22:36:23.843165+00:00
GDP_VOLUME_EUROPE,de:country,2025-Q3,2026-09-13T22:36:23.843165+00:00,774829.4,provisional,2025-07-01,2025-09-30,1,2026-09-13T22:36:23.843165+00:00
GDP_VOLUME_EUROPE,de:country,2025-Q4,2026-09-13T22:36:23.843165+00:00,776892.5,provisional,2025-10-01,2025-12-31,1,2026-09-13T22:36:23.843165+00:00
GDP_VOLUME_EUROPE,de:country,2026-Q1,2026-09-13T22:36:23.843165+00:00,780355.5,provisional,2026-01-01,2026-03-31,1,2026-09-13T22:36:23.843165+00:00
GDP_VOLUME_EUROPE,de:country,2026-Q2,2026-09-13T22:36:23.843165+00:00,782934.3,provisional,2026-04-01,2026-06-30,1,2026-09-13T22:36:23.843165+00:00
GDP_VOLUME_EUROPE,dk:country,2008-Q1,2026-09-13T22:36:23.843165+00:00,63959.9,final,2008-01-01,2008-03-31,1,2026-09-13T22:36:23.843165+00:00
GDP_VOLUME_EUROPE,dk:country,2008-Q2,2026-09-13T22:36:23.843165+00:00,63358.5,final,2008-04-01,2008-06-30,1,2026-09-13T22:36:23.843165+00:00
GDP_VOLUME_EUROPE,dk:country,2008-Q3,2026-09-13T22:36:23.843165+00:00,63023.5,final,2008-07-01,2008-09-30,1,2026-09-13T22:36:23.843165+00:00
GDP_VOLUME_EUROPE,dk:country,2008-Q4,2026-09-13T22:36:23.843165+00:00,61839.5,final,2008-10-01,2008-12-31,1,2026-09-13T22:36:23.843165+00:00
GDP_VOLUME_EUROPE,dk:country,2009-Q1,2026-09-13T22:36:23.843165+00:00,60627.4,final,2009-01-01,2009-03-31,1,2026-09-13T22:36:23.843165+00:00
GDP_VOLUME_EUROPE,dk:country,2009-Q2,2026-09-13T22:36:23.843165+00:00,59521.9,final,2009-04-01,2009-06-30,1,2026-09-13T22:36:23.843165+00:00
GDP_VOLUME_EUROPE,dk:country,2009-Q3,2026-09-13T22:36:23.843165+00:00,59687.7,final,2009-07-01,2009-09-30,1,2026-09-13T22:36:23.843165+00:00
GDP_VOLUME_EUROPE,dk:country,2009-Q4,2026-09-13T22:36:23.843165+00:00,59799.8,final,2009-10-01,2009-12-31,1,2026-09-13T22:36:23.843165+00:00
GDP_VOLUME_EUROPE,dk:country,2010-Q1,2026-09-13T22:36:23.843165+00:00,60326.8,final,2010-01-01,2010-03-31,1,2026-09-13T22:36:23.843165+00:00
GDP_VOLUME_EUROPE,dk:country,2010-Q2,2026-09-13T22:36:23.843165+00:00,60593.8,final,2010-04-01,2010-06-30,1,2026-09-13T22:36:23.843165+00:00
GDP_VOLUME_EUROPE,dk:country,2010-Q3,2026-09-13T22:36:23.843165+00:00,61427.1,final,2010-07-01,2010-09-30,1,2026-09-13T22:36:23.843165+00:00
GDP_VOLUME_EUROPE,dk:country,2010-Q4,2026-09-13T22:36:23.843165+00:00,61082.2,final,2010-10-01,2010-12-31,1,2026-09-13T22:36:23.843165+00:00
GDP_VOLUME_EUROPE,dk:country,2011-Q1,2026-09-13T22:36:23.843165+00:00,61500.0,final,2011-01-01,2011-03-31,1,2026-09-13T22:36:23.843165+00:00
GDP_VOLUME_EUROPE,dk:country,2011-Q2,2026-09-13T22:36:23.843165+00:00,62083.7,final,2011-04-01,2011-06-30,1,2026-09-13T22:36:23.843165+00:00
GDP_VOLUME_EUROPE,dk:country,2011-Q3,2026-09-13T22:36:23.843165+00:00,61283.1,final,2011-07-01,2011-09-30,1,2026-09-13T22:36:23.843165+00:00
GDP_VOLUME_EUROPE,dk:country,2011-Q4,2026-09-13T22:36:23.843165+00:00,61754.0,final,2011-10-01,2011-12-31,1,2026-09-13T22:36:23.843165+00:00
GDP_VOLUME_EUROPE,dk:country,2012-Q1,2026-09-13T22:36:23.843165+00:00,61605.6,final,2012-01-01,2012-03-31,1,2026-09-13T22:36:23.843165+00:00
GDP_VOLUME_EUROPE,dk:country,2012-Q2,2026-09-13T22:36:23.843165+00:00,61591.1,final,2012-04-01,2012-06-30,1,2026-09-13T22:36:23.843165+00:00
GDP_VOLUME_EUROPE,dk:country,2012-Q3,2026-09-13T22:36:23.843165+00:00,61702.2,final,2012-07-01,2012-09-30,1,2026-09-13T22:36:23.843165+00:00
GDP_VOLUME_EUROPE,dk:country,2012-Q4,2026-09-13T22:36:23.843165+00:00,61708.5,final,2012-10-01,2012-12-31,1,2026-09-13T22:36:23.843165+00:00
GDP_VOLUME_EUROPE,dk:country,2013-Q1,2026-09-13T22:36:23.843165+00:00,62158.5,final,2013-01-01,2013-03-31,1,2026-09-13T22:36:23.843165+00:00
GDP_VOLUME_EUROPE,dk:country,2013-Q2,2026-09-13T22:36:23.843165+00:00,62272.6,final,2013-04-01,2013-06-30,1,2026-09-13T22:36:23.843165+00:00
GDP_VOLUME_EUROPE,dk:country,2013-Q3,2026-09-13T22:36:23.843165+00:00,62798.2,final,2013-07-01,2013-09-30,1,2026-09-13T22:36:23.843165+00:00
GDP_VOLUME_EUROPE,dk:country,2013-Q4,2026-09-13T22:36:23.843165+00:00,62812.5,final,2013-10-01,2013-12-31,1,2026-09-13T22:36:23.843165+00:00
GDP_VOLUME_EUROPE,dk:country,2014-Q1,2026-09-13T22:36:23.843165+00:00,62819.4,final,2014-01-01,2014-03-31,1,2026-09-13T22:36:23.843165+00:00
GDP_VOLUME_EUROPE,dk:country,2014-Q2,2026-09-13T22:36:23.843165+00:00,62873.9,final,2014-04-01,2014-06-30,1,2026-09-13T22:36:23.843165+00:00
GDP_VOLUME_EUROPE,dk:country,2014-Q3,2026-09-13T22:36:23.843165+00:00,63794.0,final,2014-07-01,2014-09-30,1,2026-09-13T22:36:23.843165+00:00
GDP_VOLUME_EUROPE,dk:country,2014-Q4,2026-09-13T22:36:23.843165+00:00,63750.1,final,2014-10-01,2014-12-31,1,2026-09-13T22:36:23.843165+00:00
GDP_VOLUME_EUROPE,dk:country,2015-Q1,2026-09-13T22:36:23.843165+00:00,64230.6,final,2015-01-01,2015-03-31,1,2026-09-13T22:36:23.843165+00:00
GDP_VOLUME_EUROPE,dk:country,2015-Q2,2026-09-13T22:36:23.843165+00:00,64651.4,final,2015-04-01,2015-06-30,1,2026-09-13T22:36:23.843165+00:00
GDP_VOLUME_EUROPE,dk:country,2015-Q3,2026-09-13T22:36:23.843165+00:00,64754.9,final,2015-07-01,2015-09-30,1,2026-09-13T22:36:23.843165+00:00
GDP_VOLUME_EUROPE,dk:country,2015-Q4,2026-09-13T22:36:23.843165+00:00,64929.6,final,2015-10-01,2015-12-31,1,2026-09-13T22:36:23.843165+00:00
GDP_VOLUME_EUROPE,dk:country,2016-Q1,2026-09-13T22:36:23.843165+00:00,65730.6,final,2016-01-01,2016-03-31,1,2026-09-13T22:36:23.843165+00:00
GDP_VOLUME_EUROPE,dk:country,2016-Q2,2026-09-13T22:36:23.843165+00:00,66447.8,final,2016-04-01,2016-06-30,1,2026-09-13T22:36:23.843165+00:00
GDP_VOLUME_EUROPE,dk:country,2016-Q3,2026-09-13T22:36:23.843165+00:00,66989.8,final,2016-07-01,2016-09-30,1,2026-09-13T22:36:23.843165+00:00
GDP_VOLUME_EUROPE,dk:country,2016-Q4,2026-09-13T22:36:23.843165+00:00,67344.2,final,2016-10-01,2016-12-31,1,2026-09-13T22:36:23.843165+00:00
GDP_VOLUME_EUROPE,dk:country,2017-Q1,2026-09-13T22:36:23.843165+00:00,67995.7,final,2017-01-01,2017-03-31,1,2026-09-13T22:36:23.843165+00:00
GDP_VOLUME_EUROPE,dk:country,2017-Q2,2026-09-13T22:36:23.843165+00:00,68816.0,final,2017-04-01,2017-06-30,1,2026-09-13T22:36:23.843165+00:00
GDP_VOLUME_EUROPE,dk:country,2017-Q3,2026-09-13T22:36:23.843165+00:00,68662.2,final,2017-07-01,2017-09-30,1,2026-09-13T22:36:23.843165+00:00
GDP_VOLUME_EUROPE,dk:country,2017-Q4,2026-09-13T22:36:23.843165+00:00,69184.5,final,2017-10-01,2017-12-31,1,2026-09-13T22:36:23.843165+00:00
GDP_VOLUME_EUROPE,dk:country,2018-Q1,2026-09-13T22:36:23.843165+00:00,69746.8,final,2018-01-01,2018-03-31,1,2026-09-13T22:36:23.843165+00:00
GDP_VOLUME_EUROPE,dk:country,2018-Q2,2026-09-13T22:36:23.843165+00:00,69722.4,final,2018-04-01,2018-06-30,1,2026-09-13T22:36:23.843165+00:00
GDP_VOLUME_EUROPE,dk:country,2018-Q3,2026-09-13T22:36:23.843165+00:00,70096.9,final,2018-07-01,2018-09-30,1,2026-09-13T22:36:23.843165+00:00
GDP_VOLUME_EUROPE,dk:country,2018-Q4,2026-09-13T22:36:23.843165+00:00,70201.0,final,2018-10-01,2018-12-31,1,2026-09-13T22:36:23.843165+00:00
GDP_VOLUME_EUROPE,dk:country,2019-Q1,2026-09-13T22:36:23.843165+00:00,70480.0,final,2019-01-01,2019-03-31,1,2026-09-13T22:36:23.843165+00:00
GDP_VOLUME_EUROPE,dk:country,2019-Q2,2026-09-13T22:36:23.843165+00:00,71120.6,final,2019-04-01,2019-06-30,1,2026-09-13T22:36:23.843165+00:00
GDP_VOLUME_EUROPE,dk:country,2019-Q3,2026-09-13T22:36:23.843165+00:00,71351.4,final,2019-07-01,2019-09-30,1,2026-09-13T22:36:23.843165+00:00
GDP_VOLUME_EUROPE,dk:country,2019-Q4,2026-09-13T22:36:23.843165+00:00,71603.0,final,2019-10-01,2019-12-31,1,2026-09-13T22:36:23.843165+00:00
GDP_VOLUME_EUROPE,dk:country,2020-Q1,2026-09-13T22:36:23.843165+00:00,71008.1,final,2020-01-01,2020-03-31,1,2026-09-13T22:36:23.843165+00:00
GDP_VOLUME_EUROPE,dk:country,2020-Q2,2026-09-13T22:36:23.843165+00:00,66798.2,final,2020-04-01,2020-06-30,1,2026-09-13T22:36:23.843165+00:00
GDP_VOLUME_EUROPE,dk:country,2020-Q3,2026-09-13T22:36:23.843165+00:00,70828.2,final,2020-07-01,2020-09-30,1,2026-09-13T22:36:23.843165+00:00
GDP_VOLUME_EUROPE,dk:country,2020-Q4,2026-09-13T22:36:23.843165+00:00,70855.1,final,2020-10-01,2020-12-31,1,2026-09-13T22:36:23.843165+00:00
GDP_VOLUME_EUROPE,dk:country,2021-Q1,2026-09-13T22:36:23.843165+00:00,71227.7,final,2021-01-01,2021-03-31,1,2026-09-13T22:36:23.843165+00:00
GDP_VOLUME_EUROPE,dk:country,2021-Q2,2026-09-13T22:36:23.843165+00:00,73686.8,final,2021-04-01,2021-06-30,1,2026-09-13T22:36:23.843165+00:00
GDP_VOLUME_EUROPE,dk:country,2021-Q3,2026-09-13T22:36:23.843165+00:00,75141.4,final,2021-07-01,2021-09-30,1,2026-09-13T22:36:23.843165+00:00
GDP_VOLUME_EUROPE,dk:country,2021-Q4,2026-09-13T22:36:23.843165+00:00,77601.4,final,2021-10-01,2021-12-31,1,2026-09-13T22:36:23.843165+00:00
GDP_VOLUME_EUROPE,dk:country,2022-Q1,2026-09-13T22:36:23.843165+00:00,73497.5,final,2022-01-01,2022-03-31,1,2026-09-13T22:36:23.843165+00:00
GDP_VOLUME_EUROPE,dk:country,2022-Q2,2026-09-13T22:36:23.843165+00:00,74827.2,final,2022-04-01,2022-06-30,1,2026-09-13T22:36:23.843165+00:00
GDP_VOLUME_EUROPE,dk:country,2022-Q3,2026-09-13T22:36:23.843165+00:00,75834.4,final,2022-07-01,2022-09-30,1,2026-09-13T22:36:23.843165+00:00
GDP_VOLUME_EUROPE,dk:country,2022-Q4,2026-09-13T22:36:23.843165+00:00,74819.3,final,2022-10-01,2022-12-31,1,2026-09-13T22:36:23.843165+00:00
GDP_VOLUME_EUROPE,dk:country,2023-Q1,2026-09-13T22:36:23.843165+00:00,76100.9,final,2023-01-01,2023-03-31,1,2026-09-13T22:36:23.843165+00:00
GDP_VOLUME_EUROPE,dk:country,2023-Q2,2026-09-13T22:36:23.843165+00:00,74980.4,final,2023-04-01,2023-06-30,1,2026-09-13T22:36:23.843165+00:00
GDP_VOLUME_EUROPE,dk:country,2023-Q3,2026-09-13T22:36:23.843165+00:00,74890.9,final,2023-07-01,2023-09-30,1,2026-09-13T22:36:23.843165+00:00
GDP_VOLUME_EUROPE,dk:country,2023-Q4,2026-09-13T22:36:23.843165+00:00,76375.3,final,2023-10-01,2023-12-31,1,2026-09-13T22:36:23.843165+00:00
GDP_VOLUME_EUROPE,dk:country,2024-Q1,2026-09-13T22:36:23.843165+00:00,76783.4,final,2024-01-01,2024-03-31,1,2026-09-13T22:36:23.843165+00:00
GDP_VOLUME_EUROPE,dk:country,2024-Q2,2026-09-13T22:36:23.843165+00:00,78232.9,final,2024-04-01,2024-06-30,1,2026-09-13T22:36:23.843165+00:00
GDP_VOLUME_EUROPE,dk:country,2024-Q3,2026-09-13T22:36:23.843165+00:00,78830.9,final,2024-07-01,2024-09-30,1,2026-09-13T22:36:23.843165+00:00
GDP_VOLUME_EUROPE,dk:country,2024-Q4,2026-09-13T22:36:23.843165+00:00,80174.1,final,2024-10-01,2024-12-31,1,2026-09-13T22:36:23.843165+00:00
GDP_VOLUME_EUROPE,dk:country,2025-Q1,2026-09-13T22:36:23.843165+00:00,79167.5,final,2025-01-01,2025-03-31,1,2026-09-13T22:36:23.843165+00:00
GDP_VOLUME_EUROPE,dk:country,2025-Q2,2026-09-13T22:36:23.843165+00:00,80547.0,final,2025-04-01,2025-06-30,1,2026-09-13T22:36:23.843165+00:00
GDP_VOLUME_EUROPE,dk:country,2025-Q3,2026-09-13T22:36:23.843165+00:00,82429.6,final,2025-07-01,2025-09-30,1,2026-09-13T22:36:23.843165+00:00
GDP_VOLUME_EUROPE,dk:country,2025-Q4,2026-09-13T22:36:23.843165+00:00,82724.8,final,2025-10-01,2025-12-31,1,2026-09-13T22:36:23.843165+00:00
GDP_VOLUME_EUROPE,dk:country,2026-Q1,2026-09-13T22:36:23.843165+00:00,83997.4,final,2026-01-01,2026-03-31,1,2026-09-13T22:36:23.843165+00:00
GDP_VOLUME_EUROPE,dk:country,2026-Q2,2026-09-13T22:36:23.843165+00:00,84228.7,final,2026-04-01,2026-06-30,1,2026-09-13T22:36:23.843165+00:00
GDP_VOLUME_EUROPE,ea21:aggregate,2008-Q1,2026-09-13T22:36:23.843165+00:00,2507977.2,final,2008-01-01,2008-03-31,1,2026-09-13T22:36:23.843165+00:00
GDP_VOLUME_EUROPE,ea21:aggregate,2008-Q2,2026-09-13T22:36:23.843165+00:00,2495501.6,final,2008-04-01,2008-06-30,1,2026-09-13T22:36:23.843165+00:00
GDP_VOLUME_EUROPE,ea21:aggregate,2008-Q3,2026-09-13T22:36:23.843165+00:00,2481561.7,final,2008-07-01,2008-09-30,1,2026-09-13T22:36:23.843165+00:00
GDP_VOLUME_EUROPE,ea21:aggregate,2008-Q4,2026-09-13T22:36:23.843165+00:00,2439188.7,final,2008-10-01,2008-12-31,1,2026-09-13T22:36:23.843165+00:00
GDP_VOLUME_EUROPE,ea21:aggregate,2009-Q1,2026-09-13T22:36:23.843165+00:00,2364594.4,final,2009-01-01,2009-03-31,1,2026-09-13T22:36:23.843165+00:00
GDP_VOLUME_EUROPE,ea21:aggregate,2009-Q2,2026-09-13T22:36:23.843165+00:00,2364650.9,final,2009-04-01,2009-06-30,1,2026-09-13T22:36:23.843165+00:00
GDP_VOLUME_EUROPE,ea21:aggregate,2009-Q3,2026-09-13T22:36:23.843165+00:00,2373103.1,final,2009-07-01,2009-09-30,1,2026-09-13T22:36:23.843165+00:00
GDP_VOLUME_EUROPE,ea21:aggregate,2009-Q4,2026-09-13T22:36:23.843165+00:00,2383258.4,final,2009-10-01,2009-12-31,1,2026-09-13T22:36:23.843165+00:00
GDP_VOLUME_EUROPE,ea21:aggregate,2010-Q1,2026-09-13T22:36:23.843165+00:00,2392990.8,final,2010-01-01,2010-03-31,1,2026-09-13T22:36:23.843165+00:00
GDP_VOLUME_EUROPE,ea21:aggregate,2010-Q2,2026-09-13T22:36:23.843165+00:00,2415379.6,final,2010-04-01,2010-06-30,1,2026-09-13T22:36:23.843165+00:00
GDP_VOLUME_EUROPE,ea21:aggregate,2010-Q3,2026-09-13T22:36:23.843165+00:00,2425924.8,final,2010-07-01,2010-09-30,1,2026-09-13T22:36:23.843165+00:00
GDP_VOLUME_EUROPE,ea21:aggregate,2010-Q4,2026-09-13T22:36:23.843165+00:00,2439904.1,final,2010-10-01,2010-12-31,1,2026-09-13T22:36:23.843165+00:00
GDP_VOLUME_EUROPE,ea21:aggregate,2011-Q1,2026-09-13T22:36:23.843165+00:00,2463321.4,final,2011-01-01,2011-03-31,1,2026-09-13T22:36:23.843165+00:00
GDP_VOLUME_EUROPE,ea21:aggregate,2011-Q2,2026-09-13T22:36:23.843165+00:00,2463513.5,final,2011-04-01,2011-06-30,1,2026-09-13T22:36:23.843165+00:00
GDP_VOLUME_EUROPE,ea21:aggregate,2011-Q3,2026-09-13T22:36:23.843165+00:00,2463801.5,final,2011-07-01,2011-09-30,1,2026-09-13T22:36:23.843165+00:00
GDP_VOLUME_EUROPE,ea21:aggregate,2011-Q4,2026-09-13T22:36:23.843165+00:00,2456285.5,final,2011-10-01,2011-12-31,1,2026-09-13T22:36:23.843165+00:00
GDP_VOLUME_EUROPE,ea21:aggregate,2012-Q1,2026-09-13T22:36:23.843165+00:00,2451184.2,final,2012-01-01,2012-03-31,1,2026-09-13T22:36:23.843165+00:00
GDP_VOLUME_EUROPE,ea21:aggregate,2012-Q2,2026-09-13T22:36:23.843165+00:00,2442444.5,final,2012-04-01,2012-06-30,1,2026-09-13T22:36:23.843165+00:00
GDP_VOLUME_EUROPE,ea21:aggregate,2012-Q3,2026-09-13T22:36:23.843165+00:00,2438651.0,final,2012-07-01,2012-09-30,1,2026-09-13T22:36:23.843165+00:00
GDP_VOLUME_EUROPE,ea21:aggregate,2012-Q4,2026-09-13T22:36:23.843165+00:00,2428122.0,final,2012-10-01,2012-12-31,1,2026-09-13T22:36:23.843165+00:00
GDP_VOLUME_EUROPE,ea21:aggregate,2013-Q1,2026-09-13T22:36:23.843165+00:00,2420803.3,final,2013-01-01,2013-03-31,1,2026-09-13T22:36:23.843165+00:00
GDP_VOLUME_EUROPE,ea21:aggregate,2013-Q2,2026-09-13T22:36:23.843165+00:00,2437179.5,final,2013-04-01,2013-06-30,1,2026-09-13T22:36:23.843165+00:00
GDP_VOLUME_EUROPE,ea21:aggregate,2013-Q3,2026-09-13T22:36:23.843165+00:00,2443370.6,final,2013-07-01,2013-09-30,1,2026-09-13T22:36:23.843165+00:00
GDP_VOLUME_EUROPE,ea21:aggregate,2013-Q4,2026-09-13T22:36:23.843165+00:00,2448556.7,final,2013-10-01,2013-12-31,1,2026-09-13T22:36:23.843165+00:00
GDP_VOLUME_EUROPE,ea21:aggregate,2014-Q1,2026-09-13T22:36:23.843165+00:00,2460709.2,final,2014-01-01,2014-03-31,1,2026-09-13T22:36:23.843165+00:00
GDP_VOLUME_EUROPE,ea21:aggregate,2014-Q2,2026-09-13T22:36:23.843165+00:00,2466708.3,final,2014-04-01,2014-06-30,1,2026-09-13T22:36:23.843165+00:00
GDP_VOLUME_EUROPE,ea21:aggregate,2014-Q3,2026-09-13T22:36:23.843165+00:00,2477854.6,final,2014-07-01,2014-09-30,1,2026-09-13T22:36:23.843165+00:00
GDP_VOLUME_EUROPE,ea21:aggregate,2014-Q4,2026-09-13T22:36:23.843165+00:00,2487723.5,final,2014-10-01,2014-12-31,1,2026-09-13T22:36:23.843165+00:00
GDP_VOLUME_EUROPE,ea21:aggregate,2015-Q1,2026-09-13T22:36:23.843165+00:00,2507503.3,final,2015-01-01,2015-03-31,1,2026-09-13T22:36:23.843165+00:00
GDP_VOLUME_EUROPE,ea21:aggregate,2015-Q2,2026-09-13T22:36:23.843165+00:00,2518466.3,final,2015-04-01,2015-06-30,1,2026-09-13T22:36:23.843165+00:00
GDP_VOLUME_EUROPE,ea21:aggregate,2015-Q3,2026-09-13T22:36:23.843165+00:00,2528795.5,final,2015-07-01,2015-09-30,1,2026-09-13T22:36:23.843165+00:00
GDP_VOLUME_EUROPE,ea21:aggregate,2015-Q4,2026-09-13T22:36:23.843165+00:00,2540884.4,final,2015-10-01,2015-12-31,1,2026-09-13T22:36:23.843165+00:00
GDP_VOLUME_EUROPE,ea21:aggregate,2016-Q1,2026-09-13T22:36:23.843165+00:00,2553768.3,final,2016-01-01,2016-03-31,1,2026-09-13T22:36:23.843165+00:00
GDP_VOLUME_EUROPE,ea21:aggregate,2016-Q2,2026-09-13T22:36:23.843165+00:00,2558520.5,final,2016-04-01,2016-06-30,1,2026-09-13T22:36:23.843165+00:00
GDP_VOLUME_EUROPE,ea21:aggregate,2016-Q3,2026-09-13T22:36:23.843165+00:00,2571270.9,final,2016-07-01,2016-09-30,1,2026-09-13T22:36:23.843165+00:00
GDP_VOLUME_EUROPE,ea21:aggregate,2016-Q4,2026-09-13T22:36:23.843165+00:00,2591918.4,final,2016-10-01,2016-12-31,1,2026-09-13T22:36:23.843165+00:00
GDP_VOLUME_EUROPE,ea21:aggregate,2017-Q1,2026-09-13T22:36:23.843165+00:00,2611823.1,final,2017-01-01,2017-03-31,1,2026-09-13T22:36:23.843165+00:00
GDP_VOLUME_EUROPE,ea21:aggregate,2017-Q2,2026-09-13T22:36:23.843165+00:00,2629816.2,final,2017-04-01,2017-06-30,1,2026-09-13T22:36:23.843165+00:00
GDP_VOLUME_EUROPE,ea21:aggregate,2017-Q3,2026-09-13T22:36:23.843165+00:00,2650098.6,final,2017-07-01,2017-09-30,1,2026-09-13T22:36:23.843165+00:00
GDP_VOLUME_EUROPE,ea21:aggregate,2017-Q4,2026-09-13T22:36:23.843165+00:00,2671661.3,final,2017-10-01,2017-12-31,1,2026-09-13T22:36:23.843165+00:00
GDP_VOLUME_EUROPE,ea21:aggregate,2018-Q1,2026-09-13T22:36:23.843165+00:00,2672581.0,final,2018-01-01,2018-03-31,1,2026-09-13T22:36:23.843165+00:00
GDP_VOLUME_EUROPE,ea21:aggregate,2018-Q2,2026-09-13T22:36:23.843165+00:00,2685767.4,final,2018-04-01,2018-06-30,1,2026-09-13T22:36:23.843165+00:00
GDP_VOLUME_EUROPE,ea21:aggregate,2018-Q3,2026-09-13T22:36:23.843165+00:00,2689934.2,final,2018-07-01,2018-09-30,1,2026-09-13T22:36:23.843165+00:00
GDP_VOLUME_EUROPE,ea21:aggregate,2018-Q4,2026-09-13T22:36:23.843165+00:00,2703547.2,final,2018-10-01,2018-12-31,1,2026-09-13T22:36:23.843165+00:00
GDP_VOLUME_EUROPE,ea21:aggregate,2019-Q1,2026-09-13T22:36:23.843165+00:00,2724035.8,final,2019-01-01,2019-03-31,1,2026-09-13T22:36:23.843165+00:00
GDP_VOLUME_EUROPE,ea21:aggregate,2019-Q2,2026-09-13T22:36:23.843165+00:00,2732747.3,final,2019-04-01,2019-06-30,1,2026-09-13T22:36:23.843165+00:00
GDP_VOLUME_EUROPE,ea21:aggregate,2019-Q3,2026-09-13T22:36:23.843165+00:00,2739869.0,final,2019-07-01,2019-09-30,1,2026-09-13T22:36:23.843165+00:00
GDP_VOLUME_EUROPE,ea21:aggregate,2019-Q4,2026-09-13T22:36:23.843165+00:00,2735491.0,final,2019-10-01,2019-12-31,1,2026-09-13T22:36:23.843165+00:00
GDP_VOLUME_EUROPE,ea21:aggregate,2020-Q1,2026-09-13T22:36:23.843165+00:00,2649440.0,final,2020-01-01,2020-03-31,1,2026-09-13T22:36:23.843165+00:00
GDP_VOLUME_EUROPE,ea21:aggregate,2020-Q2,2026-09-13T22:36:23.843165+00:00,2354601.0,final,2020-04-01,2020-06-30,1,2026-09-13T22:36:23.843165+00:00
GDP_VOLUME_EUROPE,ea21:aggregate,2020-Q3,2026-09-13T22:36:23.843165+00:00,2625895.0,final,2020-07-01,2020-09-30,1,2026-09-13T22:36:23.843165+00:00
GDP_VOLUME_EUROPE,ea21:aggregate,2020-Q4,2026-09-13T22:36:23.843165+00:00,2633064.8,final,2020-10-01,2020-12-31,1,2026-09-13T22:36:23.843165+00:00
GDP_VOLUME_EUROPE,ea21:aggregate,2021-Q1,2026-09-13T22:36:23.843165+00:00,2656788.2,final,2021-01-01,2021-03-31,1,2026-09-13T22:36:23.843165+00:00
GDP_VOLUME_EUROPE,ea21:aggregate,2021-Q2,2026-09-13T22:36:23.843165+00:00,2713544.2,final,2021-04-01,2021-06-30,1,2026-09-13T22:36:23.843165+00:00
GDP_VOLUME_EUROPE,ea21:aggregate,2021-Q3,2026-09-13T22:36:23.843165+00:00,2763323.7,final,2021-07-01,2021-09-30,1,2026-09-13T22:36:23.843165+00:00
GDP_VOLUME_EUROPE,ea21:aggregate,2021-Q4,2026-09-13T22:36:23.843165+00:00,2783202.0,final,2021-10-01,2021-12-31,1,2026-09-13T22:36:23.843165+00:00
GDP_VOLUME_EUROPE,ea21:aggregate,2022-Q1,2026-09-13T22:36:23.843165+00:00,2804329.2,final,2022-01-01,2022-03-31,1,2026-09-13T22:36:23.843165+00:00
GDP_VOLUME_EUROPE,ea21:aggregate,2022-Q2,2026-09-13T22:36:23.843165+00:00,2830790.6,final,2022-04-01,2022-06-30,1,2026-09-13T22:36:23.843165+00:00
GDP_VOLUME_EUROPE,ea21:aggregate,2022-Q3,2026-09-13T22:36:23.843165+00:00,2846147.5,final,2022-07-01,2022-09-30,1,2026-09-13T22:36:23.843165+00:00
GDP_VOLUME_EUROPE,ea21:aggregate,2022-Q4,2026-09-13T22:36:23.843165+00:00,2844573.6,final,2022-10-01,2022-12-31,1,2026-09-13T22:36:23.843165+00:00
GDP_VOLUME_EUROPE,ea21:aggregate,2023-Q1,2026-09-13T22:36:23.843165+00:00,2839098.8,final,2023-01-01,2023-03-31,1,2026-09-13T22:36:23.843165+00:00
GDP_VOLUME_EUROPE,ea21:aggregate,2023-Q2,2026-09-13T22:36:23.843165+00:00,2844884.8,final,2023-04-01,2023-06-30,1,2026-09-13T22:36:23.843165+00:00
GDP_VOLUME_EUROPE,ea21:aggregate,2023-Q3,2026-09-13T22:36:23.843165+00:00,2850150.1,final,2023-07-01,2023-09-30,1,2026-09-13T22:36:23.843165+00:00
GDP_VOLUME_EUROPE,ea21:aggregate,2023-Q4,2026-09-13T22:36:23.843165+00:00,2850484.3,final,2023-10-01,2023-12-31,1,2026-09-13T22:36:23.843165+00:00
GDP_VOLUME_EUROPE,ea21:aggregate,2024-Q1,2026-09-13T22:36:23.843165+00:00,2862874.0,final,2024-01-01,2024-03-31,1,2026-09-13T22:36:23.843165+00:00
GDP_VOLUME_EUROPE,ea21:aggregate,2024-Q2,2026-09-13T22:36:23.843165+00:00,2869529.7,final,2024-04-01,2024-06-30,1,2026-09-13T22:36:23.843165+00:00
GDP_VOLUME_EUROPE,ea21:aggregate,2024-Q3,2026-09-13T22:36:23.843165+00:00,2884992.5,final,2024-07-01,2024-09-30,1,2026-09-13T22:36:23.843165+00:00
GDP_VOLUME_EUROPE,ea21:aggregate,2024-Q4,2026-09-13T22:36:23.843165+00:00,2894448.8,final,2024-10-01,2024-12-31,1,2026-09-13T22:36:23.843165+00:00
GDP_VOLUME_EUROPE,ea21:aggregate,2025-Q1,2026-09-13T22:36:23.843165+00:00,2908642.6,final,2025-01-01,2025-03-31,1,2026-09-13T22:36:23.843165+00:00
GDP_VOLUME_EUROPE,ea21:aggregate,2025-Q2,2026-09-13T22:36:23.843165+00:00,2909626.1,final,2025-04-01,2025-06-30,1,2026-09-13T22:36:23.843165+00:00
GDP_VOLUME_EUROPE,ea21:aggregate,2025-Q3,2026-09-13T22:36:23.843165+00:00,2918686.0,final,2025-07-01,2025-09-30,1,2026-09-13T22:36:23.843165+00:00
GDP_VOLUME_EUROPE,ea21:aggregate,2025-Q4,2026-09-13T22:36:23.843165+00:00,2925489.0,final,2025-10-01,2025-12-31,1,2026-09-13T22:36:23.843165+00:00
GDP_VOLUME_EUROPE,ea21:aggregate,2026-Q1,2026-09-13T22:36:23.843165+00:00,2925200.5,final,2026-01-01,2026-03-31,1,2026-09-13T22:36:23.843165+00:00
GDP_VOLUME_EUROPE,ea21:aggregate,2026-Q2,2026-09-13T22:36:23.843165+00:00,2943716.9,final,2026-04-01,2026-06-30,1,2026-09-13T22:36:23.843165+00:00
GDP_VOLUME_EUROPE,ee:country,2008-Q1,2026-09-13T22:36:23.843165+00:00,4298.7,final,2008-01-01,2008-03-31,1,2026-09-13T22:36:23.843165+00:00
GDP_VOLUME_EUROPE,ee:country,2008-Q2,2026-09-13T22:36:23.843165+00:00,4343.4,final,2008-04-01,2008-06-30,1,2026-09-13T22:36:23.843165+00:00
GDP_VOLUME_EUROPE,ee:country,2008-Q3,2026-09-13T22:36:23.843165+00:00,4344.9,final,2008-07-01,2008-09-30,1,2026-09-13T22:36:23.843165+00:00
GDP_VOLUME_EUROPE,ee:country,2008-Q4,2026-09-13T22:36:23.843165+00:00,3829.4,final,2008-10-01,2008-12-31,1,2026-09-13T22:36:23.843165+00:00
GDP_VOLUME_EUROPE,ee:country,2009-Q1,2026-09-13T22:36:23.843165+00:00,3728.3,final,2009-01-01,2009-03-31,1,2026-09-13T22:36:23.843165+00:00
GDP_VOLUME_EUROPE,ee:country,2009-Q2,2026-09-13T22:36:23.843165+00:00,3601.8,final,2009-04-01,2009-06-30,1,2026-09-13T22:36:23.843165+00:00
GDP_VOLUME_EUROPE,ee:country,2009-Q3,2026-09-13T22:36:23.843165+00:00,3536.8,final,2009-07-01,2009-09-30,1,2026-09-13T22:36:23.843165+00:00
GDP_VOLUME_EUROPE,ee:country,2009-Q4,2026-09-13T22:36:23.843165+00:00,3554.6,final,2009-10-01,2009-12-31,1,2026-09-13T22:36:23.843165+00:00
GDP_VOLUME_EUROPE,ee:country,2010-Q1,2026-09-13T22:36:23.843165+00:00,3591.5,final,2010-01-01,2010-03-31,1,2026-09-13T22:36:23.843165+00:00
GDP_VOLUME_EUROPE,ee:country,2010-Q2,2026-09-13T22:36:23.843165+00:00,3648.8,final,2010-04-01,2010-06-30,1,2026-09-13T22:36:23.843165+00:00
GDP_VOLUME_EUROPE,ee:country,2010-Q3,2026-09-13T22:36:23.843165+00:00,3706.1,final,2010-07-01,2010-09-30,1,2026-09-13T22:36:23.843165+00:00
GDP_VOLUME_EUROPE,ee:country,2010-Q4,2026-09-13T22:36:23.843165+00:00,3789.6,final,2010-10-01,2010-12-31,1,2026-09-13T22:36:23.843165+00:00
GDP_VOLUME_EUROPE,ee:country,2011-Q1,2026-09-13T22:36:23.843165+00:00,3887.1,final,2011-01-01,2011-03-31,1,2026-09-13T22:36:23.843165+00:00
GDP_VOLUME_EUROPE,ee:country,2011-Q2,2026-09-13T22:36:23.843165+00:00,3942.2,final,2011-04-01,2011-06-30,1,2026-09-13T22:36:23.843165+00:00
GDP_VOLUME_EUROPE,ee:country,2011-Q3,2026-09-13T22:36:23.843165+00:00,3993.8,final,2011-07-01,2011-09-30,1,2026-09-13T22:36:23.843165+00:00
GDP_VOLUME_EUROPE,ee:country,2011-Q4,2026-09-13T22:36:23.843165+00:00,3993.2,final,2011-10-01,2011-12-31,1,2026-09-13T22:36:23.843165+00:00
GDP_VOLUME_EUROPE,ee:country,2012-Q1,2026-09-13T22:36:23.843165+00:00,4020.6,final,2012-01-01,2012-03-31,1,2026-09-13T22:36:23.843165+00:00
GDP_VOLUME_EUROPE,ee:country,2012-Q2,2026-09-13T22:36:23.843165+00:00,4087.4,final,2012-04-01,2012-06-30,1,2026-09-13T22:36:23.843165+00:00
GDP_VOLUME_EUROPE,ee:country,2012-Q3,2026-09-13T22:36:23.843165+00:00,4121.7,final,2012-07-01,2012-09-30,1,2026-09-13T22:36:23.843165+00:00
GDP_VOLUME_EUROPE,ee:country,2012-Q4,2026-09-13T22:36:23.843165+00:00,4165.1,final,2012-10-01,2012-12-31,1,2026-09-13T22:36:23.843165+00:00
GDP_VOLUME_EUROPE,ee:country,2013-Q1,2026-09-13T22:36:23.843165+00:00,4180.7,final,2013-01-01,2013-03-31,1,2026-09-13T22:36:23.843165+00:00
GDP_VOLUME_EUROPE,ee:country,2013-Q2,2026-09-13T22:36:23.843165+00:00,4172.2,final,2013-04-01,2013-06-30,1,2026-09-13T22:36:23.843165+00:00
GDP_VOLUME_EUROPE,ee:country,2013-Q3,2026-09-13T22:36:23.843165+00:00,4165.2,final,2013-07-01,2013-09-30,1,2026-09-13T22:36:23.843165+00:00
GDP_VOLUME_EUROPE,ee:country,2013-Q4,2026-09-13T22:36:23.843165+00:00,4159.9,final,2013-10-01,2013-12-31,1,2026-09-13T22:36:23.843165+00:00
GDP_VOLUME_EUROPE,ee:country,2014-Q1,2026-09-13T22:36:23.843165+00:00,4238.2,final,2014-01-01,2014-03-31,1,2026-09-13T22:36:23.843165+00:00
GDP_VOLUME_EUROPE,ee:country,2014-Q2,2026-09-13T22:36:23.843165+00:00,4258.6,final,2014-04-01,2014-06-30,1,2026-09-13T22:36:23.843165+00:00
GDP_VOLUME_EUROPE,ee:country,2014-Q3,2026-09-13T22:36:23.843165+00:00,4313.0,final,2014-07-01,2014-09-30,1,2026-09-13T22:36:23.843165+00:00
GDP_VOLUME_EUROPE,ee:country,2014-Q4,2026-09-13T22:36:23.843165+00:00,4382.5,final,2014-10-01,2014-12-31,1,2026-09-13T22:36:23.843165+00:00
GDP_VOLUME_EUROPE,ee:country,2015-Q1,2026-09-13T22:36:23.843165+00:00,4318.9,final,2015-01-01,2015-03-31,1,2026-09-13T22:36:23.843165+00:00
GDP_VOLUME_EUROPE,ee:country,2015-Q2,2026-09-13T22:36:23.843165+00:00,4400.6,final,2015-04-01,2015-06-30,1,2026-09-13T22:36:23.843165+00:00
GDP_VOLUME_EUROPE,ee:country,2015-Q3,2026-09-13T22:36:23.843165+00:00,4436.2,final,2015-07-01,2015-09-30,1,2026-09-13T22:36:23.843165+00:00
GDP_VOLUME_EUROPE,ee:country,2015-Q4,2026-09-13T22:36:23.843165+00:00,4429.4,final,2015-10-01,2015-12-31,1,2026-09-13T22:36:23.843165+00:00
GDP_VOLUME_EUROPE,ee:country,2016-Q1,2026-09-13T22:36:23.843165+00:00,4499.3,final,2016-01-01,2016-03-31,1,2026-09-13T22:36:23.843165+00:00
GDP_VOLUME_EUROPE,ee:country,2016-Q2,2026-09-13T22:36:23.843165+00:00,4489.3,final,2016-04-01,2016-06-30,1,2026-09-13T22:36:23.843165+00:00
GDP_VOLUME_EUROPE,ee:country,2016-Q3,2026-09-13T22:36:23.843165+00:00,4537.3,final,2016-07-01,2016-09-30,1,2026-09-13T22:36:23.843165+00:00
GDP_VOLUME_EUROPE,ee:country,2016-Q4,2026-09-13T22:36:23.843165+00:00,4592.2,final,2016-10-01,2016-12-31,1,2026-09-13T22:36:23.843165+00:00
GDP_VOLUME_EUROPE,ee:country,2017-Q1,2026-09-13T22:36:23.843165+00:00,4683.4,final,2017-01-01,2017-03-31,1,2026-09-13T22:36:23.843165+00:00
GDP_VOLUME_EUROPE,ee:country,2017-Q2,2026-09-13T22:36:23.843165+00:00,4763.4,final,2017-04-01,2017-06-30,1,2026-09-13T22:36:23.843165+00:00
GDP_VOLUME_EUROPE,ee:country,2017-Q3,2026-09-13T22:36:23.843165+00:00,4782.5,final,2017-07-01,2017-09-30,1,2026-09-13T22:36:23.843165+00:00
GDP_VOLUME_EUROPE,ee:country,2017-Q4,2026-09-13T22:36:23.843165+00:00,4851.4,final,2017-10-01,2017-12-31,1,2026-09-13T22:36:23.843165+00:00
GDP_VOLUME_EUROPE,ee:country,2018-Q1,2026-09-13T22:36:23.843165+00:00,4882.2,final,2018-01-01,2018-03-31,1,2026-09-13T22:36:23.843165+00:00
GDP_VOLUME_EUROPE,ee:country,2018-Q2,2026-09-13T22:36:23.843165+00:00,4930.5,final,2018-04-01,2018-06-30,1,2026-09-13T22:36:23.843165+00:00
GDP_VOLUME_EUROPE,ee:country,2018-Q3,2026-09-13T22:36:23.843165+00:00,4966.4,final,2018-07-01,2018-09-30,1,2026-09-13T22:36:23.843165+00:00
GDP_VOLUME_EUROPE,ee:country,2018-Q4,2026-09-13T22:36:23.843165+00:00,5014.9,final,2018-10-01,2018-12-31,1,2026-09-13T22:36:23.843165+00:00
GDP_VOLUME_EUROPE,ee:country,2019-Q1,2026-09-13T22:36:23.843165+00:00,5111.2,final,2019-01-01,2019-03-31,1,2026-09-13T22:36:23.843165+00:00
GDP_VOLUME_EUROPE,ee:country,2019-Q2,2026-09-13T22:36:23.843165+00:00,5120.0,final,2019-04-01,2019-06-30,1,2026-09-13T22:36:23.843165+00:00
GDP_VOLUME_EUROPE,ee:country,2019-Q3,2026-09-13T22:36:23.843165+00:00,5130.2,final,2019-07-01,2019-09-30,1,2026-09-13T22:36:23.843165+00:00
GDP_VOLUME_EUROPE,ee:country,2019-Q4,2026-09-13T22:36:23.843165+00:00,5157.6,final,2019-10-01,2019-12-31,1,2026-09-13T22:36:23.843165+00:00
GDP_VOLUME_EUROPE,ee:country,2020-Q1,2026-09-13T22:36:23.843165+00:00,5064.8,final,2020-01-01,2020-03-31,1,2026-09-13T22:36:23.843165+00:00
GDP_VOLUME_EUROPE,ee:country,2020-Q2,2026-09-13T22:36:23.843165+00:00,4810.0,final,2020-04-01,2020-06-30,1,2026-09-13T22:36:23.843165+00:00
GDP_VOLUME_EUROPE,ee:country,2020-Q3,2026-09-13T22:36:23.843165+00:00,5021.8,final,2020-07-01,2020-09-30,1,2026-09-13T22:36:23.843165+00:00
GDP_VOLUME_EUROPE,ee:country,2020-Q4,2026-09-13T22:36:23.843165+00:00,5112.4,final,2020-10-01,2020-12-31,1,2026-09-13T22:36:23.843165+00:00
GDP_VOLUME_EUROPE,ee:country,2021-Q1,2026-09-13T22:36:23.843165+00:00,5296.7,final,2021-01-01,2021-03-31,1,2026-09-13T22:36:23.843165+00:00
GDP_VOLUME_EUROPE,ee:country,2021-Q2,2026-09-13T22:36:23.843165+00:00,5435.9,final,2021-04-01,2021-06-30,1,2026-09-13T22:36:23.843165+00:00
GDP_VOLUME_EUROPE,ee:country,2021-Q3,2026-09-13T22:36:23.843165+00:00,5413.9,final,2021-07-01,2021-09-30,1,2026-09-13T22:36:23.843165+00:00
GDP_VOLUME_EUROPE,ee:country,2021-Q4,2026-09-13T22:36:23.843165+00:00,5507.5,final,2021-10-01,2021-12-31,1,2026-09-13T22:36:23.843165+00:00
GDP_VOLUME_EUROPE,ee:country,2022-Q1,2026-09-13T22:36:23.843165+00:00,5541.9,final,2022-01-01,2022-03-31,1,2026-09-13T22:36:23.843165+00:00
GDP_VOLUME_EUROPE,ee:country,2022-Q2,2026-09-13T22:36:23.843165+00:00,5454.7,final,2022-04-01,2022-06-30,1,2026-09-13T22:36:23.843165+00:00
GDP_VOLUME_EUROPE,ee:country,2022-Q3,2026-09-13T22:36:23.843165+00:00,5429.7,final,2022-07-01,2022-09-30,1,2026-09-13T22:36:23.843165+00:00
GDP_VOLUME_EUROPE,ee:country,2022-Q4,2026-09-13T22:36:23.843165+00:00,5345.2,final,2022-10-01,2022-12-31,1,2026-09-13T22:36:23.843165+00:00
GDP_VOLUME_EUROPE,ee:country,2023-Q1,2026-09-13T22:36:23.843165+00:00,5277.8,final,2023-01-01,2023-03-31,1,2026-09-13T22:36:23.843165+00:00
GDP_VOLUME_EUROPE,ee:country,2023-Q2,2026-09-13T22:36:23.843165+00:00,5282.2,final,2023-04-01,2023-06-30,1,2026-09-13T22:36:23.843165+00:00
GDP_VOLUME_EUROPE,ee:country,2023-Q3,2026-09-13T22:36:23.843165+00:00,5271.0,final,2023-07-01,2023-09-30,1,2026-09-13T22:36:23.843165+00:00
GDP_VOLUME_EUROPE,ee:country,2023-Q4,2026-09-13T22:36:23.843165+00:00,5291.8,final,2023-10-01,2023-12-31,1,2026-09-13T22:36:23.843165+00:00
GDP_VOLUME_EUROPE,ee:country,2024-Q1,2026-09-13T22:36:23.843165+00:00,5296.0,final,2024-01-01,2024-03-31,1,2026-09-13T22:36:23.843165+00:00
GDP_VOLUME_EUROPE,ee:country,2024-Q2,2026-09-13T22:36:23.843165+00:00,5269.0,final,2024-04-01,2024-06-30,1,2026-09-13T22:36:23.843165+00:00
GDP_VOLUME_EUROPE,ee:country,2024-Q3,2026-09-13T22:36:23.843165+00:00,5296.9,final,2024-07-01,2024-09-30,1,2026-09-13T22:36:23.843165+00:00
GDP_VOLUME_EUROPE,ee:country,2024-Q4,2026-09-13T22:36:23.843165+00:00,5305.0,final,2024-10-01,2024-12-31,1,2026-09-13T22:36:23.843165+00:00
GDP_VOLUME_EUROPE,ee:country,2025-Q1,2026-09-13T22:36:23.843165+00:00,5303.1,final,2025-01-01,2025-03-31,1,2026-09-13T22:36:23.843165+00:00
GDP_VOLUME_EUROPE,ee:country,2025-Q2,2026-09-13T22:36:23.843165+00:00,5368.6,final,2025-04-01,2025-06-30,1,2026-09-13T22:36:23.843165+00:00
GDP_VOLUME_EUROPE,ee:country,2025-Q3,2026-09-13T22:36:23.843165+00:00,5376.8,final,2025-07-01,2025-09-30,1,2026-09-13T22:36:23.843165+00:00
GDP_VOLUME_EUROPE,ee:country,2025-Q4,2026-09-13T22:36:23.843165+00:00,5392.1,final,2025-10-01,2025-12-31,1,2026-09-13T22:36:23.843165+00:00
GDP_VOLUME_EUROPE,ee:country,2026-Q1,2026-09-13T22:36:23.843165+00:00,5445.0,final,2026-01-01,2026-03-31,1,2026-09-13T22:36:23.843165+00:00
GDP_VOLUME_EUROPE,ee:country,2026-Q2,2026-09-13T22:36:23.843165+00:00,5463.9,final,2026-04-01,2026-06-30,1,2026-09-13T22:36:23.843165+00:00
GDP_VOLUME_EUROPE,el:country,2008-Q1,2026-09-13T22:36:23.843165+00:00,62466.6,final,2008-01-01,2008-03-31,1,2026-09-13T22:36:23.843165+00:00
GDP_VOLUME_EUROPE,el:country,2008-Q2,2026-09-13T22:36:23.843165+00:00,61907.7,final,2008-04-01,2008-06-30,1,2026-09-13T22:36:23.843165+00:00
GDP_VOLUME_EUROPE,el:country,2008-Q3,2026-09-13T22:36:23.843165+00:00,61925.1,final,2008-07-01,2008-09-30,1,2026-09-13T22:36:23.843165+00:00
GDP_VOLUME_EUROPE,el:country,2008-Q4,2026-09-13T22:36:23.843165+00:00,61496.5,final,2008-10-01,2008-12-31,1,2026-09-13T22:36:23.843165+00:00
GDP_VOLUME_EUROPE,el:country,2009-Q1,2026-09-13T22:36:23.843165+00:00,58399.6,final,2009-01-01,2009-03-31,1,2026-09-13T22:36:23.843165+00:00
GDP_VOLUME_EUROPE,el:country,2009-Q2,2026-09-13T22:36:23.843165+00:00,59898.4,final,2009-04-01,2009-06-30,1,2026-09-13T22:36:23.843165+00:00
GDP_VOLUME_EUROPE,el:country,2009-Q3,2026-09-13T22:36:23.843165+00:00,59694.5,final,2009-07-01,2009-09-30,1,2026-09-13T22:36:23.843165+00:00
GDP_VOLUME_EUROPE,el:country,2009-Q4,2026-09-13T22:36:23.843165+00:00,59600.9,final,2009-10-01,2009-12-31,1,2026-09-13T22:36:23.843165+00:00
GDP_VOLUME_EUROPE,el:country,2010-Q1,2026-09-13T22:36:23.843165+00:00,58921.2,final,2010-01-01,2010-03-31,1,2026-09-13T22:36:23.843165+00:00
GDP_VOLUME_EUROPE,el:country,2010-Q2,2026-09-13T22:36:23.843165+00:00,56387.1,final,2010-04-01,2010-06-30,1,2026-09-13T22:36:23.843165+00:00
GDP_VOLUME_EUROPE,el:country,2010-Q3,2026-09-13T22:36:23.843165+00:00,54562.2,final,2010-07-01,2010-09-30,1,2026-09-13T22:36:23.843165+00:00
GDP_VOLUME_EUROPE,el:country,2010-Q4,2026-09-13T22:36:23.843165+00:00,54321.9,final,2010-10-01,2010-12-31,1,2026-09-13T22:36:23.843165+00:00
GDP_VOLUME_EUROPE,el:country,2011-Q1,2026-09-13T22:36:23.843165+00:00,52377.8,final,2011-01-01,2011-03-31,1,2026-09-13T22:36:23.843165+00:00
GDP_VOLUME_EUROPE,el:country,2011-Q2,2026-09-13T22:36:23.843165+00:00,51407.1,final,2011-04-01,2011-06-30,1,2026-09-13T22:36:23.843165+00:00
GDP_VOLUME_EUROPE,el:country,2011-Q3,2026-09-13T22:36:23.843165+00:00,50281.2,final,2011-07-01,2011-09-30,1,2026-09-13T22:36:23.843165+00:00
GDP_VOLUME_EUROPE,el:country,2011-Q4,2026-09-13T22:36:23.843165+00:00,48023.1,final,2011-10-01,2011-12-31,1,2026-09-13T22:36:23.843165+00:00
GDP_VOLUME_EUROPE,el:country,2012-Q1,2026-09-13T22:36:23.843165+00:00,47582.1,final,2012-01-01,2012-03-31,1,2026-09-13T22:36:23.843165+00:00
GDP_VOLUME_EUROPE,el:country,2012-Q2,2026-09-13T22:36:23.843165+00:00,46452.9,final,2012-04-01,2012-06-30,1,2026-09-13T22:36:23.843165+00:00
GDP_VOLUME_EUROPE,el:country,2012-Q3,2026-09-13T22:36:23.843165+00:00,45780.7,final,2012-07-01,2012-09-30,1,2026-09-13T22:36:23.843165+00:00
GDP_VOLUME_EUROPE,el:country,2012-Q4,2026-09-13T22:36:23.843165+00:00,45305.0,final,2012-10-01,2012-12-31,1,2026-09-13T22:36:23.843165+00:00
GDP_VOLUME_EUROPE,el:country,2013-Q1,2026-09-13T22:36:23.843165+00:00,44979.9,final,2013-01-01,2013-03-31,1,2026-09-13T22:36:23.843165+00:00
GDP_VOLUME_EUROPE,el:country,2013-Q2,2026-09-13T22:36:23.843165+00:00,45034.2,final,2013-04-01,2013-06-30,1,2026-09-13T22:36:23.843165+00:00
GDP_VOLUME_EUROPE,el:country,2013-Q3,2026-09-13T22:36:23.843165+00:00,45311.7,final,2013-07-01,2013-09-30,1,2026-09-13T22:36:23.843165+00:00
GDP_VOLUME_EUROPE,el:country,2013-Q4,2026-09-13T22:36:23.843165+00:00,45535.1,final,2013-10-01,2013-12-31,1,2026-09-13T22:36:23.843165+00:00
GDP_VOLUME_EUROPE,el:country,2014-Q1,2026-09-13T22:36:23.843165+00:00,45440.7,final,2014-01-01,2014-03-31,1,2026-09-13T22:36:23.843165+00:00
GDP_VOLUME_EUROPE,el:country,2014-Q2,2026-09-13T22:36:23.843165+00:00,45486.1,final,2014-04-01,2014-06-30,1,2026-09-13T22:36:23.843165+00:00
GDP_VOLUME_EUROPE,el:country,2014-Q3,2026-09-13T22:36:23.843165+00:00,45934.9,final,2014-07-01,2014-09-30,1,2026-09-13T22:36:23.843165+00:00
GDP_VOLUME_EUROPE,el:country,2014-Q4,2026-09-13T22:36:23.843165+00:00,45585.7,final,2014-10-01,2014-12-31,1,2026-09-13T22:36:23.843165+00:00
GDP_VOLUME_EUROPE,el:country,2015-Q1,2026-09-13T22:36:23.843165+00:00,45777.7,final,2015-01-01,2015-03-31,1,2026-09-13T22:36:23.843165+00:00
GDP_VOLUME_EUROPE,el:country,2015-Q2,2026-09-13T22:36:23.843165+00:00,45676.2,final,2015-04-01,2015-06-30,1,2026-09-13T22:36:23.843165+00:00
GDP_VOLUME_EUROPE,el:country,2015-Q3,2026-09-13T22:36:23.843165+00:00,44735.3,final,2015-07-01,2015-09-30,1,2026-09-13T22:36:23.843165+00:00
GDP_VOLUME_EUROPE,el:country,2015-Q4,2026-09-13T22:36:23.843165+00:00,45811.9,final,2015-10-01,2015-12-31,1,2026-09-13T22:36:23.843165+00:00
GDP_VOLUME_EUROPE,el:country,2016-Q1,2026-09-13T22:36:23.843165+00:00,45365.2,final,2016-01-01,2016-03-31,1,2026-09-13T22:36:23.843165+00:00
GDP_VOLUME_EUROPE,el:country,2016-Q2,2026-09-13T22:36:23.843165+00:00,45341.4,final,2016-04-01,2016-06-30,1,2026-09-13T22:36:23.843165+00:00
GDP_VOLUME_EUROPE,el:country,2016-Q3,2026-09-13T22:36:23.843165+00:00,45465.5,final,2016-07-01,2016-09-30,1,2026-09-13T22:36:23.843165+00:00
GDP_VOLUME_EUROPE,el:country,2016-Q4,2026-09-13T22:36:23.843165+00:00,45736.0,final,2016-10-01,2016-12-31,1,2026-09-13T22:36:23.843165+00:00
GDP_VOLUME_EUROPE,el:country,2017-Q1,2026-09-13T22:36:23.843165+00:00,45818.0,final,2017-01-01,2017-03-31,1,2026-09-13T22:36:23.843165+00:00
GDP_VOLUME_EUROPE,el:country,2017-Q2,2026-09-13T22:36:23.843165+00:00,46065.7,final,2017-04-01,2017-06-30,1,2026-09-13T22:36:23.843165+00:00
GDP_VOLUME_EUROPE,el:country,2017-Q3,2026-09-13T22:36:23.843165+00:00,46481.0,final,2017-07-01,2017-09-30,1,2026-09-13T22:36:23.843165+00:00
GDP_VOLUME_EUROPE,el:country,2017-Q4,2026-09-13T22:36:23.843165+00:00,46131.0,final,2017-10-01,2017-12-31,1,2026-09-13T22:36:23.843165+00:00
GDP_VOLUME_EUROPE,el:country,2018-Q1,2026-09-13T22:36:23.843165+00:00,46827.0,final,2018-01-01,2018-03-31,1,2026-09-13T22:36:23.843165+00:00
GDP_VOLUME_EUROPE,el:country,2018-Q2,2026-09-13T22:36:23.843165+00:00,46915.6,final,2018-04-01,2018-06-30,1,2026-09-13T22:36:23.843165+00:00
GDP_VOLUME_EUROPE,el:country,2018-Q3,2026-09-13T22:36:23.843165+00:00,47044.2,final,2018-07-01,2018-09-30,1,2026-09-13T22:36:23.843165+00:00
GDP_VOLUME_EUROPE,el:country,2018-Q4,2026-09-13T22:36:23.843165+00:00,47332.8,final,2018-10-01,2018-12-31,1,2026-09-13T22:36:23.843165+00:00
GDP_VOLUME_EUROPE,el:country,2019-Q1,2026-09-13T22:36:23.843165+00:00,47876.0,final,2019-01-01,2019-03-31,1,2026-09-13T22:36:23.843165+00:00
GDP_VOLUME_EUROPE,el:country,2019-Q2,2026-09-13T22:36:23.843165+00:00,48320.8,final,2019-04-01,2019-06-30,1,2026-09-13T22:36:23.843165+00:00
GDP_VOLUME_EUROPE,el:country,2019-Q3,2026-09-13T22:36:23.843165+00:00,48076.8,final,2019-07-01,2019-09-30,1,2026-09-13T22:36:23.843165+00:00
GDP_VOLUME_EUROPE,el:country,2019-Q4,2026-09-13T22:36:23.843165+00:00,48024.6,final,2019-10-01,2019-12-31,1,2026-09-13T22:36:23.843165+00:00
GDP_VOLUME_EUROPE,el:country,2020-Q1,2026-09-13T22:36:23.843165+00:00,47083.8,final,2020-01-01,2020-03-31,1,2026-09-13T22:36:23.843165+00:00
GDP_VOLUME_EUROPE,el:country,2020-Q2,2026-09-13T22:36:23.843165+00:00,40605.4,final,2020-04-01,2020-06-30,1,2026-09-13T22:36:23.843165+00:00
GDP_VOLUME_EUROPE,el:country,2020-Q3,2026-09-13T22:36:23.843165+00:00,43101.1,final,2020-07-01,2020-09-30,1,2026-09-13T22:36:23.843165+00:00
GDP_VOLUME_EUROPE,el:country,2020-Q4,2026-09-13T22:36:23.843165+00:00,44199.7,final,2020-10-01,2020-12-31,1,2026-09-13T22:36:23.843165+00:00
GDP_VOLUME_EUROPE,el:country,2021-Q1,2026-09-13T22:36:23.843165+00:00,46053.9,final,2021-01-01,2021-03-31,1,2026-09-13T22:36:23.843165+00:00
GDP_VOLUME_EUROPE,el:country,2021-Q2,2026-09-13T22:36:23.843165+00:00,46703.5,final,2021-04-01,2021-06-30,1,2026-09-13T22:36:23.843165+00:00
GDP_VOLUME_EUROPE,el:country,2021-Q3,2026-09-13T22:36:23.843165+00:00,48073.8,final,2021-07-01,2021-09-30,1,2026-09-13T22:36:23.843165+00:00
GDP_VOLUME_EUROPE,el:country,2021-Q4,2026-09-13T22:36:23.843165+00:00,48702.3,final,2021-10-01,2021-12-31,1,2026-09-13T22:36:23.843165+00:00
GDP_VOLUME_EUROPE,el:country,2022-Q1,2026-09-13T22:36:23.843165+00:00,49620.8,final,2022-01-01,2022-03-31,1,2026-09-13T22:36:23.843165+00:00
GDP_VOLUME_EUROPE,el:country,2022-Q2,2026-09-13T22:36:23.843165+00:00,49716.8,final,2022-04-01,2022-06-30,1,2026-09-13T22:36:23.843165+00:00
GDP_VOLUME_EUROPE,el:country,2022-Q3,2026-09-13T22:36:23.843165+00:00,50228.0,final,2022-07-01,2022-09-30,1,2026-09-13T22:36:23.843165+00:00
GDP_VOLUME_EUROPE,el:country,2022-Q4,2026-09-13T22:36:23.843165+00:00,50687.6,final,2022-10-01,2022-12-31,1,2026-09-13T22:36:23.843165+00:00
GDP_VOLUME_EUROPE,el:country,2023-Q1,2026-09-13T22:36:23.843165+00:00,50702.8,provisional,2023-01-01,2023-03-31,1,2026-09-13T22:36:23.843165+00:00
GDP_VOLUME_EUROPE,el:country,2023-Q2,2026-09-13T22:36:23.843165+00:00,51266.9,provisional,2023-04-01,2023-06-30,1,2026-09-13T22:36:23.843165+00:00
GDP_VOLUME_EUROPE,el:country,2023-Q3,2026-09-13T22:36:23.843165+00:00,51119.3,provisional,2023-07-01,2023-09-30,1,2026-09-13T22:36:23.843165+00:00
GDP_VOLUME_EUROPE,el:country,2023-Q4,2026-09-13T22:36:23.843165+00:00,51463.5,provisional,2023-10-01,2023-12-31,1,2026-09-13T22:36:23.843165+00:00
GDP_VOLUME_EUROPE,el:country,2024-Q1,2026-09-13T22:36:23.843165+00:00,51612.5,provisional,2024-01-01,2024-03-31,1,2026-09-13T22:36:23.843165+00:00
GDP_VOLUME_EUROPE,el:country,2024-Q2,2026-09-13T22:36:23.843165+00:00,52208.6,provisional,2024-04-01,2024-06-30,1,2026-09-13T22:36:23.843165+00:00
GDP_VOLUME_EUROPE,el:country,2024-Q3,2026-09-13T22:36:23.843165+00:00,52358.6,provisional,2024-07-01,2024-09-30,1,2026-09-13T22:36:23.843165+00:00
GDP_VOLUME_EUROPE,el:country,2024-Q4,2026-09-13T22:36:23.843165+00:00,52598.7,provisional,2024-10-01,2024-12-31,1,2026-09-13T22:36:23.843165+00:00
GDP_VOLUME_EUROPE,el:country,2025-Q1,2026-09-13T22:36:23.843165+00:00,52871.4,provisional,2025-01-01,2025-03-31,1,2026-09-13T22:36:23.843165+00:00
GDP_VOLUME_EUROPE,el:country,2025-Q2,2026-09-13T22:36:23.843165+00:00,53130.3,provisional,2025-04-01,2025-06-30,1,2026-09-13T22:36:23.843165+00:00
GDP_VOLUME_EUROPE,el:country,2025-Q3,2026-09-13T22:36:23.843165+00:00,53448.2,provisional,2025-07-01,2025-09-30,1,2026-09-13T22:36:23.843165+00:00
GDP_VOLUME_EUROPE,el:country,2025-Q4,2026-09-13T22:36:23.843165+00:00,53818.2,provisional,2025-10-01,2025-12-31,1,2026-09-13T22:36:23.843165+00:00
GDP_VOLUME_EUROPE,el:country,2026-Q1,2026-09-13T22:36:23.843165+00:00,53934.9,provisional,2026-01-01,2026-03-31,1,2026-09-13T22:36:23.843165+00:00
GDP_VOLUME_EUROPE,el:country,2026-Q2,2026-09-13T22:36:23.843165+00:00,54120.5,provisional,2026-04-01,2026-06-30,1,2026-09-13T22:36:23.843165+00:00
GDP_VOLUME_EUROPE,es:country,2008-Q1,2026-09-13T22:36:23.843165+00:00,280877.5,final,2008-01-01,2008-03-31,1,2026-09-13T22:36:23.843165+00:00
GDP_VOLUME_EUROPE,es:country,2008-Q2,2026-09-13T22:36:23.843165+00:00,280976.6,final,2008-04-01,2008-06-30,1,2026-09-13T22:36:23.843165+00:00
GDP_VOLUME_EUROPE,es:country,2008-Q3,2026-09-13T22:36:23.843165+00:00,280381.9,final,2008-07-01,2008-09-30,1,2026-09-13T22:36:23.843165+00:00
GDP_VOLUME_EUROPE,es:country,2008-Q4,2026-09-13T22:36:23.843165+00:00,276034.0,final,2008-10-01,2008-12-31,1,2026-09-13T22:36:23.843165+00:00
GDP_VOLUME_EUROPE,es:country,2009-Q1,2026-09-13T22:36:23.843165+00:00,268652.1,final,2009-01-01,2009-03-31,1,2026-09-13T22:36:23.843165+00:00
GDP_VOLUME_EUROPE,es:country,2009-Q2,2026-09-13T22:36:23.843165+00:00,268828.7,final,2009-04-01,2009-06-30,1,2026-09-13T22:36:23.843165+00:00
GDP_VOLUME_EUROPE,es:country,2009-Q3,2026-09-13T22:36:23.843165+00:00,269358.2,final,2009-07-01,2009-09-30,1,2026-09-13T22:36:23.843165+00:00
GDP_VOLUME_EUROPE,es:country,2009-Q4,2026-09-13T22:36:23.843165+00:00,269293.1,final,2009-10-01,2009-12-31,1,2026-09-13T22:36:23.843165+00:00
GDP_VOLUME_EUROPE,es:country,2010-Q1,2026-09-13T22:36:23.843165+00:00,269052.4,final,2010-01-01,2010-03-31,1,2026-09-13T22:36:23.843165+00:00
GDP_VOLUME_EUROPE,es:country,2010-Q2,2026-09-13T22:36:23.843165+00:00,269384.7,final,2010-04-01,2010-06-30,1,2026-09-13T22:36:23.843165+00:00
GDP_VOLUME_EUROPE,es:country,2010-Q3,2026-09-13T22:36:23.843165+00:00,269214.7,final,2010-07-01,2010-09-30,1,2026-09-13T22:36:23.843165+00:00
GDP_VOLUME_EUROPE,es:country,2010-Q4,2026-09-13T22:36:23.843165+00:00,269493.2,final,2010-10-01,2010-12-31,1,2026-09-13T22:36:23.843165+00:00
GDP_VOLUME_EUROPE,es:country,2011-Q1,2026-09-13T22:36:23.843165+00:00,269280.8,final,2011-01-01,2011-03-31,1,2026-09-13T22:36:23.843165+00:00
GDP_VOLUME_EUROPE,es:country,2011-Q2,2026-09-13T22:36:23.843165+00:00,268584.2,final,2011-04-01,2011-06-30,1,2026-09-13T22:36:23.843165+00:00
GDP_VOLUME_EUROPE,es:country,2011-Q3,2026-09-13T22:36:23.843165+00:00,266945.4,final,2011-07-01,2011-09-30,1,2026-09-13T22:36:23.843165+00:00
GDP_VOLUME_EUROPE,es:country,2011-Q4,2026-09-13T22:36:23.843165+00:00,265441.7,final,2011-10-01,2011-12-31,1,2026-09-13T22:36:23.843165+00:00
GDP_VOLUME_EUROPE,es:country,2012-Q1,2026-09-13T22:36:23.843165+00:00,262943.9,final,2012-01-01,2012-03-31,1,2026-09-13T22:36:23.843165+00:00
GDP_VOLUME_EUROPE,es:country,2012-Q2,2026-09-13T22:36:23.843165+00:00,260395.2,final,2012-04-01,2012-06-30,1,2026-09-13T22:36:23.843165+00:00
GDP_VOLUME_EUROPE,es:country,2012-Q3,2026-09-13T22:36:23.843165+00:00,259199.2,final,2012-07-01,2012-09-30,1,2026-09-13T22:36:23.843165+00:00
GDP_VOLUME_EUROPE,es:country,2012-Q4,2026-09-13T22:36:23.843165+00:00,257049.8,final,2012-10-01,2012-12-31,1,2026-09-13T22:36:23.843165+00:00
GDP_VOLUME_EUROPE,es:country,2013-Q1,2026-09-13T22:36:23.843165+00:00,256343.7,final,2013-01-01,2013-03-31,1,2026-09-13T22:36:23.843165+00:00
GDP_VOLUME_EUROPE,es:country,2013-Q2,2026-09-13T22:36:23.843165+00:00,256081.3,final,2013-04-01,2013-06-30,1,2026-09-13T22:36:23.843165+00:00
GDP_VOLUME_EUROPE,es:country,2013-Q3,2026-09-13T22:36:23.843165+00:00,255918.9,final,2013-07-01,2013-09-30,1,2026-09-13T22:36:23.843165+00:00
GDP_VOLUME_EUROPE,es:country,2013-Q4,2026-09-13T22:36:23.843165+00:00,256406.0,final,2013-10-01,2013-12-31,1,2026-09-13T22:36:23.843165+00:00
GDP_VOLUME_EUROPE,es:country,2014-Q1,2026-09-13T22:36:23.843165+00:00,257375.5,final,2014-01-01,2014-03-31,1,2026-09-13T22:36:23.843165+00:00
GDP_VOLUME_EUROPE,es:country,2014-Q2,2026-09-13T22:36:23.843165+00:00,258765.0,final,2014-04-01,2014-06-30,1,2026-09-13T22:36:23.843165+00:00
GDP_VOLUME_EUROPE,es:country,2014-Q3,2026-09-13T22:36:23.843165+00:00,260834.2,final,2014-07-01,2014-09-30,1,2026-09-13T22:36:23.843165+00:00
GDP_VOLUME_EUROPE,es:country,2014-Q4,2026-09-13T22:36:23.843165+00:00,263356.5,final,2014-10-01,2014-12-31,1,2026-09-13T22:36:23.843165+00:00
GDP_VOLUME_EUROPE,es:country,2015-Q1,2026-09-13T22:36:23.843165+00:00,266562.2,final,2015-01-01,2015-03-31,1,2026-09-13T22:36:23.843165+00:00
GDP_VOLUME_EUROPE,es:country,2015-Q2,2026-09-13T22:36:23.843165+00:00,269547.0,final,2015-04-01,2015-06-30,1,2026-09-13T22:36:23.843165+00:00
GDP_VOLUME_EUROPE,es:country,2015-Q3,2026-09-13T22:36:23.843165+00:00,272019.3,final,2015-07-01,2015-09-30,1,2026-09-13T22:36:23.843165+00:00
GDP_VOLUME_EUROPE,es:country,2015-Q4,2026-09-13T22:36:23.843165+00:00,274449.1,final,2015-10-01,2015-12-31,1,2026-09-13T22:36:23.843165+00:00
GDP_VOLUME_EUROPE,es:country,2016-Q1,2026-09-13T22:36:23.843165+00:00,276354.9,final,2016-01-01,2016-03-31,1,2026-09-13T22:36:23.843165+00:00
GDP_VOLUME_EUROPE,es:country,2016-Q2,2026-09-13T22:36:23.843165+00:00,277269.6,final,2016-04-01,2016-06-30,1,2026-09-13T22:36:23.843165+00:00
GDP_VOLUME_EUROPE,es:country,2016-Q3,2026-09-13T22:36:23.843165+00:00,279461.5,final,2016-07-01,2016-09-30,1,2026-09-13T22:36:23.843165+00:00
GDP_VOLUME_EUROPE,es:country,2016-Q4,2026-09-13T22:36:23.843165+00:00,281049.3,final,2016-10-01,2016-12-31,1,2026-09-13T22:36:23.843165+00:00
GDP_VOLUME_EUROPE,es:country,2017-Q1,2026-09-13T22:36:23.843165+00:00,283039.2,final,2017-01-01,2017-03-31,1,2026-09-13T22:36:23.843165+00:00
GDP_VOLUME_EUROPE,es:country,2017-Q2,2026-09-13T22:36:23.843165+00:00,285999.5,final,2017-04-01,2017-06-30,1,2026-09-13T22:36:23.843165+00:00
GDP_VOLUME_EUROPE,es:country,2017-Q3,2026-09-13T22:36:23.843165+00:00,287805.3,final,2017-07-01,2017-09-30,1,2026-09-13T22:36:23.843165+00:00
GDP_VOLUME_EUROPE,es:country,2017-Q4,2026-09-13T22:36:23.843165+00:00,289558.3,final,2017-10-01,2017-12-31,1,2026-09-13T22:36:23.843165+00:00
GDP_VOLUME_EUROPE,es:country,2018-Q1,2026-09-13T22:36:23.843165+00:00,290795.8,final,2018-01-01,2018-03-31,1,2026-09-13T22:36:23.843165+00:00
GDP_VOLUME_EUROPE,es:country,2018-Q2,2026-09-13T22:36:23.843165+00:00,292692.2,final,2018-04-01,2018-06-30,1,2026-09-13T22:36:23.843165+00:00
GDP_VOLUME_EUROPE,es:country,2018-Q3,2026-09-13T22:36:23.843165+00:00,294326.2,final,2018-07-01,2018-09-30,1,2026-09-13T22:36:23.843165+00:00
GDP_VOLUME_EUROPE,es:country,2018-Q4,2026-09-13T22:36:23.843165+00:00,296049.0,final,2018-10-01,2018-12-31,1,2026-09-13T22:36:23.843165+00:00
GDP_VOLUME_EUROPE,es:country,2019-Q1,2026-09-13T22:36:23.843165+00:00,297864.3,final,2019-01-01,2019-03-31,1,2026-09-13T22:36:23.843165+00:00
GDP_VOLUME_EUROPE,es:country,2019-Q2,2026-09-13T22:36:23.843165+00:00,298723.3,final,2019-04-01,2019-06-30,1,2026-09-13T22:36:23.843165+00:00
GDP_VOLUME_EUROPE,es:country,2019-Q3,2026-09-13T22:36:23.843165+00:00,299295.3,final,2019-07-01,2019-09-30,1,2026-09-13T22:36:23.843165+00:00
GDP_VOLUME_EUROPE,es:country,2019-Q4,2026-09-13T22:36:23.843165+00:00,301003.0,final,2019-10-01,2019-12-31,1,2026-09-13T22:36:23.843165+00:00
GDP_VOLUME_EUROPE,es:country,2020-Q1,2026-09-13T22:36:23.843165+00:00,285418.9,final,2020-01-01,2020-03-31,1,2026-09-13T22:36:23.843165+00:00
GDP_VOLUME_EUROPE,es:country,2020-Q2,2026-09-13T22:36:23.843165+00:00,234641.8,final,2020-04-01,2020-06-30,1,2026-09-13T22:36:23.843165+00:00
GDP_VOLUME_EUROPE,es:country,2020-Q3,2026-09-13T22:36:23.843165+00:00,271955.1,final,2020-07-01,2020-09-30,1,2026-09-13T22:36:23.843165+00:00
GDP_VOLUME_EUROPE,es:country,2020-Q4,2026-09-13T22:36:23.843165+00:00,273928.9,final,2020-10-01,2020-12-31,1,2026-09-13T22:36:23.843165+00:00
GDP_VOLUME_EUROPE,es:country,2021-Q1,2026-09-13T22:36:23.843165+00:00,277220.6,final,2021-01-01,2021-03-31,1,2026-09-13T22:36:23.843165+00:00
GDP_VOLUME_EUROPE,es:country,2021-Q2,2026-09-13T22:36:23.843165+00:00,281021.0,final,2021-04-01,2021-06-30,1,2026-09-13T22:36:23.843165+00:00
GDP_VOLUME_EUROPE,es:country,2021-Q3,2026-09-13T22:36:23.843165+00:00,286560.2,final,2021-07-01,2021-09-30,1,2026-09-13T22:36:23.843165+00:00
GDP_VOLUME_EUROPE,es:country,2021-Q4,2026-09-13T22:36:23.843165+00:00,292381.7,final,2021-10-01,2021-12-31,1,2026-09-13T22:36:23.843165+00:00
GDP_VOLUME_EUROPE,es:country,2022-Q1,2026-09-13T22:36:23.843165+00:00,296976.9,final,2022-01-01,2022-03-31,1,2026-09-13T22:36:23.843165+00:00
GDP_VOLUME_EUROPE,es:country,2022-Q2,2026-09-13T22:36:23.843165+00:00,302030.0,final,2022-04-01,2022-06-30,1,2026-09-13T22:36:23.843165+00:00
GDP_VOLUME_EUROPE,es:country,2022-Q3,2026-09-13T22:36:23.843165+00:00,304493.8,final,2022-07-01,2022-09-30,1,2026-09-13T22:36:23.843165+00:00
GDP_VOLUME_EUROPE,es:country,2022-Q4,2026-09-13T22:36:23.843165+00:00,306125.9,final,2022-10-01,2022-12-31,1,2026-09-13T22:36:23.843165+00:00
GDP_VOLUME_EUROPE,es:country,2023-Q1,2026-09-13T22:36:23.843165+00:00,307687.2,provisional,2023-01-01,2023-03-31,1,2026-09-13T22:36:23.843165+00:00
GDP_VOLUME_EUROPE,es:country,2023-Q2,2026-09-13T22:36:23.843165+00:00,308129.9,provisional,2023-04-01,2023-06-30,1,2026-09-13T22:36:23.843165+00:00
GDP_VOLUME_EUROPE,es:country,2023-Q3,2026-09-13T22:36:23.843165+00:00,310563.5,provisional,2023-07-01,2023-09-30,1,2026-09-13T22:36:23.843165+00:00
GDP_VOLUME_EUROPE,es:country,2023-Q4,2026-09-13T22:36:23.843165+00:00,313012.1,provisional,2023-10-01,2023-12-31,1,2026-09-13T22:36:23.843165+00:00
GDP_VOLUME_EUROPE,es:country,2024-Q1,2026-09-13T22:36:23.843165+00:00,316496.3,provisional,2024-01-01,2024-03-31,1,2026-09-13T22:36:23.843165+00:00
GDP_VOLUME_EUROPE,es:country,2024-Q2,2026-09-13T22:36:23.843165+00:00,319404.7,provisional,2024-04-01,2024-06-30,1,2026-09-13T22:36:23.843165+00:00
GDP_VOLUME_EUROPE,es:country,2024-Q3,2026-09-13T22:36:23.843165+00:00,321848.7,provisional,2024-07-01,2024-09-30,1,2026-09-13T22:36:23.843165+00:00
GDP_VOLUME_EUROPE,es:country,2024-Q4,2026-09-13T22:36:23.843165+00:00,324467.2,provisional,2024-10-01,2024-12-31,1,2026-09-13T22:36:23.843165+00:00
GDP_VOLUME_EUROPE,es:country,2025-Q1,2026-09-13T22:36:23.843165+00:00,326246.6,provisional,2025-01-01,2025-03-31,1,2026-09-13T22:36:23.843165+00:00
GDP_VOLUME_EUROPE,es:country,2025-Q2,2026-09-13T22:36:23.843165+00:00,328577.3,provisional,2025-04-01,2025-06-30,1,2026-09-13T22:36:23.843165+00:00
GDP_VOLUME_EUROPE,es:country,2025-Q3,2026-09-13T22:36:23.843165+00:00,330538.8,provisional,2025-07-01,2025-09-30,1,2026-09-13T22:36:23.843165+00:00
GDP_VOLUME_EUROPE,es:country,2025-Q4,2026-09-13T22:36:23.843165+00:00,333076.2,provisional,2025-10-01,2025-12-31,1,2026-09-13T22:36:23.843165+00:00
GDP_VOLUME_EUROPE,es:country,2026-Q1,2026-09-13T22:36:23.843165+00:00,335153.9,provisional,2026-01-01,2026-03-31,1,2026-09-13T22:36:23.843165+00:00
GDP_VOLUME_EUROPE,es:country,2026-Q2,2026-09-13T22:36:23.843165+00:00,337477.0,provisional,2026-04-01,2026-06-30,1,2026-09-13T22:36:23.843165+00:00
GDP_VOLUME_EUROPE,eu27_2020:aggregate,2008-Q1,2026-09-13T22:36:23.843165+00:00,2851345.1,final,2008-01-01,2008-03-31,1,2026-09-13T22:36:23.843165+00:00
GDP_VOLUME_EUROPE,eu27_2020:aggregate,2008-Q2,2026-09-13T22:36:23.843165+00:00,2839987.7,final,2008-04-01,2008-06-30,1,2026-09-13T22:36:23.843165+00:00
GDP_VOLUME_EUROPE,eu27_2020:aggregate,2008-Q3,2026-09-13T22:36:23.843165+00:00,2825643.1,final,2008-07-01,2008-09-30,1,2026-09-13T22:36:23.843165+00:00
GDP_VOLUME_EUROPE,eu27_2020:aggregate,2008-Q4,2026-09-13T22:36:23.843165+00:00,2777115.2,final,2008-10-01,2008-12-31,1,2026-09-13T22:36:23.843165+00:00
GDP_VOLUME_EUROPE,eu27_2020:aggregate,2009-Q1,2026-09-13T22:36:23.843165+00:00,2695854.2,final,2009-01-01,2009-03-31,1,2026-09-13T22:36:23.843165+00:00
GDP_VOLUME_EUROPE,eu27_2020:aggregate,2009-Q2,2026-09-13T22:36:23.843165+00:00,2695453.6,final,2009-04-01,2009-06-30,1,2026-09-13T22:36:23.843165+00:00
GDP_VOLUME_EUROPE,eu27_2020:aggregate,2009-Q3,2026-09-13T22:36:23.843165+00:00,2705811.9,final,2009-07-01,2009-09-30,1,2026-09-13T22:36:23.843165+00:00
GDP_VOLUME_EUROPE,eu27_2020:aggregate,2009-Q4,2026-09-13T22:36:23.843165+00:00,2718317.4,final,2009-10-01,2009-12-31,1,2026-09-13T22:36:23.843165+00:00
GDP_VOLUME_EUROPE,eu27_2020:aggregate,2010-Q1,2026-09-13T22:36:23.843165+00:00,2727911.1,final,2010-01-01,2010-03-31,1,2026-09-13T22:36:23.843165+00:00
GDP_VOLUME_EUROPE,eu27_2020:aggregate,2010-Q2,2026-09-13T22:36:23.843165+00:00,2755550.5,final,2010-04-01,2010-06-30,1,2026-09-13T22:36:23.843165+00:00
GDP_VOLUME_EUROPE,eu27_2020:aggregate,2010-Q3,2026-09-13T22:36:23.843165+00:00,2768584.9,final,2010-07-01,2010-09-30,1,2026-09-13T22:36:23.843165+00:00
GDP_VOLUME_EUROPE,eu27_2020:aggregate,2010-Q4,2026-09-13T22:36:23.843165+00:00,2784912.2,final,2010-10-01,2010-12-31,1,2026-09-13T22:36:23.843165+00:00
GDP_VOLUME_EUROPE,eu27_2020:aggregate,2011-Q1,2026-09-13T22:36:23.843165+00:00,2812622.5,final,2011-01-01,2011-03-31,1,2026-09-13T22:36:23.843165+00:00
GDP_VOLUME_EUROPE,eu27_2020:aggregate,2011-Q2,2026-09-13T22:36:23.843165+00:00,2815927.4,final,2011-04-01,2011-06-30,1,2026-09-13T22:36:23.843165+00:00
GDP_VOLUME_EUROPE,eu27_2020:aggregate,2011-Q3,2026-09-13T22:36:23.843165+00:00,2818067.6,final,2011-07-01,2011-09-30,1,2026-09-13T22:36:23.843165+00:00
GDP_VOLUME_EUROPE,eu27_2020:aggregate,2011-Q4,2026-09-13T22:36:23.843165+00:00,2808153.1,final,2011-10-01,2011-12-31,1,2026-09-13T22:36:23.843165+00:00
GDP_VOLUME_EUROPE,eu27_2020:aggregate,2012-Q1,2026-09-13T22:36:23.843165+00:00,2805168.6,final,2012-01-01,2012-03-31,1,2026-09-13T22:36:23.843165+00:00
GDP_VOLUME_EUROPE,eu27_2020:aggregate,2012-Q2,2026-09-13T22:36:23.843165+00:00,2796201.5,final,2012-04-01,2012-06-30,1,2026-09-13T22:36:23.843165+00:00
GDP_VOLUME_EUROPE,eu27_2020:aggregate,2012-Q3,2026-09-13T22:36:23.843165+00:00,2792225.4,final,2012-07-01,2012-09-30,1,2026-09-13T22:36:23.843165+00:00
GDP_VOLUME_EUROPE,eu27_2020:aggregate,2012-Q4,2026-09-13T22:36:23.843165+00:00,2780032.7,final,2012-10-01,2012-12-31,1,2026-09-13T22:36:23.843165+00:00
GDP_VOLUME_EUROPE,eu27_2020:aggregate,2013-Q1,2026-09-13T22:36:23.843165+00:00,2773741.9,final,2013-01-01,2013-03-31,1,2026-09-13T22:36:23.843165+00:00
GDP_VOLUME_EUROPE,eu27_2020:aggregate,2013-Q2,2026-09-13T22:36:23.843165+00:00,2792167.2,final,2013-04-01,2013-06-30,1,2026-09-13T22:36:23.843165+00:00
GDP_VOLUME_EUROPE,eu27_2020:aggregate,2013-Q3,2026-09-13T22:36:23.843165+00:00,2801289.4,final,2013-07-01,2013-09-30,1,2026-09-13T22:36:23.843165+00:00
GDP_VOLUME_EUROPE,eu27_2020:aggregate,2013-Q4,2026-09-13T22:36:23.843165+00:00,2809037.1,final,2013-10-01,2013-12-31,1,2026-09-13T22:36:23.843165+00:00
GDP_VOLUME_EUROPE,eu27_2020:aggregate,2014-Q1,2026-09-13T22:36:23.843165+00:00,2823363.8,final,2014-01-01,2014-03-31,1,2026-09-13T22:36:23.843165+00:00
GDP_VOLUME_EUROPE,eu27_2020:aggregate,2014-Q2,2026-09-13T22:36:23.843165+00:00,2831860.8,final,2014-04-01,2014-06-30,1,2026-09-13T22:36:23.843165+00:00
GDP_VOLUME_EUROPE,eu27_2020:aggregate,2014-Q3,2026-09-13T22:36:23.843165+00:00,2846899.6,final,2014-07-01,2014-09-30,1,2026-09-13T22:36:23.843165+00:00
GDP_VOLUME_EUROPE,eu27_2020:aggregate,2014-Q4,2026-09-13T22:36:23.843165+00:00,2858569.9,final,2014-10-01,2014-12-31,1,2026-09-13T22:36:23.843165+00:00
GDP_VOLUME_EUROPE,eu27_2020:aggregate,2015-Q1,2026-09-13T22:36:23.843165+00:00,2883274.8,final,2015-01-01,2015-03-31,1,2026-09-13T22:36:23.843165+00:00
GDP_VOLUME_EUROPE,eu27_2020:aggregate,2015-Q2,2026-09-13T22:36:23.843165+00:00,2898797.5,final,2015-04-01,2015-06-30,1,2026-09-13T22:36:23.843165+00:00
GDP_VOLUME_EUROPE,eu27_2020:aggregate,2015-Q3,2026-09-13T22:36:23.843165+00:00,2911033.3,final,2015-07-01,2015-09-30,1,2026-09-13T22:36:23.843165+00:00
GDP_VOLUME_EUROPE,eu27_2020:aggregate,2015-Q4,2026-09-13T22:36:23.843165+00:00,2925762.3,final,2015-10-01,2015-12-31,1,2026-09-13T22:36:23.843165+00:00
GDP_VOLUME_EUROPE,eu27_2020:aggregate,2016-Q1,2026-09-13T22:36:23.843165+00:00,2939775.2,final,2016-01-01,2016-03-31,1,2026-09-13T22:36:23.843165+00:00
GDP_VOLUME_EUROPE,eu27_2020:aggregate,2016-Q2,2026-09-13T22:36:23.843165+00:00,2948266.2,final,2016-04-01,2016-06-30,1,2026-09-13T22:36:23.843165+00:00
GDP_VOLUME_EUROPE,eu27_2020:aggregate,2016-Q3,2026-09-13T22:36:23.843165+00:00,2963147.7,final,2016-07-01,2016-09-30,1,2026-09-13T22:36:23.843165+00:00
GDP_VOLUME_EUROPE,eu27_2020:aggregate,2016-Q4,2026-09-13T22:36:23.843165+00:00,2987505.1,final,2016-10-01,2016-12-31,1,2026-09-13T22:36:23.843165+00:00
GDP_VOLUME_EUROPE,eu27_2020:aggregate,2017-Q1,2026-09-13T22:36:23.843165+00:00,3012853.4,final,2017-01-01,2017-03-31,1,2026-09-13T22:36:23.843165+00:00
GDP_VOLUME_EUROPE,eu27_2020:aggregate,2017-Q2,2026-09-13T22:36:23.843165+00:00,3035758.7,final,2017-04-01,2017-06-30,1,2026-09-13T22:36:23.843165+00:00
GDP_VOLUME_EUROPE,eu27_2020:aggregate,2017-Q3,2026-09-13T22:36:23.843165+00:00,3059018.4,final,2017-07-01,2017-09-30,1,2026-09-13T22:36:23.843165+00:00
GDP_VOLUME_EUROPE,eu27_2020:aggregate,2017-Q4,2026-09-13T22:36:23.843165+00:00,3083982.3,final,2017-10-01,2017-12-31,1,2026-09-13T22:36:23.843165+00:00
GDP_VOLUME_EUROPE,eu27_2020:aggregate,2018-Q1,2026-09-13T22:36:23.843165+00:00,3089628.9,final,2018-01-01,2018-03-31,1,2026-09-13T22:36:23.843165+00:00
GDP_VOLUME_EUROPE,eu27_2020:aggregate,2018-Q2,2026-09-13T22:36:23.843165+00:00,3106564.4,final,2018-04-01,2018-06-30,1,2026-09-13T22:36:23.843165+00:00
GDP_VOLUME_EUROPE,eu27_2020:aggregate,2018-Q3,2026-09-13T22:36:23.843165+00:00,3114270.7,final,2018-07-01,2018-09-30,1,2026-09-13T22:36:23.843165+00:00
GDP_VOLUME_EUROPE,eu27_2020:aggregate,2018-Q4,2026-09-13T22:36:23.843165+00:00,3131010.5,final,2018-10-01,2018-12-31,1,2026-09-13T22:36:23.843165+00:00
GDP_VOLUME_EUROPE,eu27_2020:aggregate,2019-Q1,2026-09-13T22:36:23.843165+00:00,3155423.0,final,2019-01-01,2019-03-31,1,2026-09-13T22:36:23.843165+00:00
GDP_VOLUME_EUROPE,eu27_2020:aggregate,2019-Q2,2026-09-13T22:36:23.843165+00:00,3168806.1,final,2019-04-01,2019-06-30,1,2026-09-13T22:36:23.843165+00:00
GDP_VOLUME_EUROPE,eu27_2020:aggregate,2019-Q3,2026-09-13T22:36:23.843165+00:00,3177682.0,final,2019-07-01,2019-09-30,1,2026-09-13T22:36:23.843165+00:00
GDP_VOLUME_EUROPE,eu27_2020:aggregate,2019-Q4,2026-09-13T22:36:23.843165+00:00,3177762.2,final,2019-10-01,2019-12-31,1,2026-09-13T22:36:23.843165+00:00
GDP_VOLUME_EUROPE,eu27_2020:aggregate,2020-Q1,2026-09-13T22:36:23.843165+00:00,3088581.0,final,2020-01-01,2020-03-31,1,2026-09-13T22:36:23.843165+00:00
GDP_VOLUME_EUROPE,eu27_2020:aggregate,2020-Q2,2026-09-13T22:36:23.843165+00:00,2755240.1,final,2020-04-01,2020-06-30,1,2026-09-13T22:36:23.843165+00:00
GDP_VOLUME_EUROPE,eu27_2020:aggregate,2020-Q3,2026-09-13T22:36:23.843165+00:00,3052658.7,final,2020-07-01,2020-09-30,1,2026-09-13T22:36:23.843165+00:00
GDP_VOLUME_EUROPE,eu27_2020:aggregate,2020-Q4,2026-09-13T22:36:23.843165+00:00,3064868.6,final,2020-10-01,2020-12-31,1,2026-09-13T22:36:23.843165+00:00
GDP_VOLUME_EUROPE,eu27_2020:aggregate,2021-Q1,2026-09-13T22:36:23.843165+00:00,3095854.9,final,2021-01-01,2021-03-31,1,2026-09-13T22:36:23.843165+00:00
GDP_VOLUME_EUROPE,eu27_2020:aggregate,2021-Q2,2026-09-13T22:36:23.843165+00:00,3160554.3,final,2021-04-01,2021-06-30,1,2026-09-13T22:36:23.843165+00:00
GDP_VOLUME_EUROPE,eu27_2020:aggregate,2021-Q3,2026-09-13T22:36:23.843165+00:00,3215461.4,final,2021-07-01,2021-09-30,1,2026-09-13T22:36:23.843165+00:00
GDP_VOLUME_EUROPE,eu27_2020:aggregate,2021-Q4,2026-09-13T22:36:23.843165+00:00,3243725.6,final,2021-10-01,2021-12-31,1,2026-09-13T22:36:23.843165+00:00
GDP_VOLUME_EUROPE,eu27_2020:aggregate,2022-Q1,2026-09-13T22:36:23.843165+00:00,3266933.2,final,2022-01-01,2022-03-31,1,2026-09-13T22:36:23.843165+00:00
GDP_VOLUME_EUROPE,eu27_2020:aggregate,2022-Q2,2026-09-13T22:36:23.843165+00:00,3294858.7,final,2022-04-01,2022-06-30,1,2026-09-13T22:36:23.843165+00:00
GDP_VOLUME_EUROPE,eu27_2020:aggregate,2022-Q3,2026-09-13T22:36:23.843165+00:00,3311157.9,final,2022-07-01,2022-09-30,1,2026-09-13T22:36:23.843165+00:00
GDP_VOLUME_EUROPE,eu27_2020:aggregate,2022-Q4,2026-09-13T22:36:23.843165+00:00,3305371.4,final,2022-10-01,2022-12-31,1,2026-09-13T22:36:23.843165+00:00
GDP_VOLUME_EUROPE,eu27_2020:aggregate,2023-Q1,2026-09-13T22:36:23.843165+00:00,3303818.9,final,2023-01-01,2023-03-31,1,2026-09-13T22:36:23.843165+00:00
GDP_VOLUME_EUROPE,eu27_2020:aggregate,2023-Q2,2026-09-13T22:36:23.843165+00:00,3307263.6,final,2023-04-01,2023-06-30,1,2026-09-13T22:36:23.843165+00:00
GDP_VOLUME_EUROPE,eu27_2020:aggregate,2023-Q3,2026-09-13T22:36:23.843165+00:00,3317376.5,final,2023-07-01,2023-09-30,1,2026-09-13T22:36:23.843165+00:00
GDP_VOLUME_EUROPE,eu27_2020:aggregate,2023-Q4,2026-09-13T22:36:23.843165+00:00,3317558.7,final,2023-10-01,2023-12-31,1,2026-09-13T22:36:23.843165+00:00
GDP_VOLUME_EUROPE,eu27_2020:aggregate,2024-Q1,2026-09-13T22:36:23.843165+00:00,3335351.0,final,2024-01-01,2024-03-31,1,2026-09-13T22:36:23.843165+00:00
GDP_VOLUME_EUROPE,eu27_2020:aggregate,2024-Q2,2026-09-13T22:36:23.843165+00:00,3344011.0,final,2024-04-01,2024-06-30,1,2026-09-13T22:36:23.843165+00:00
GDP_VOLUME_EUROPE,eu27_2020:aggregate,2024-Q3,2026-09-13T22:36:23.843165+00:00,3361292.5,final,2024-07-01,2024-09-30,1,2026-09-13T22:36:23.843165+00:00
GDP_VOLUME_EUROPE,eu27_2020:aggregate,2024-Q4,2026-09-13T22:36:23.843165+00:00,3376463.5,final,2024-10-01,2024-12-31,1,2026-09-13T22:36:23.843165+00:00
GDP_VOLUME_EUROPE,eu27_2020:aggregate,2025-Q1,2026-09-13T22:36:23.843165+00:00,3390668.8,final,2025-01-01,2025-03-31,1,2026-09-13T22:36:23.843165+00:00
GDP_VOLUME_EUROPE,eu27_2020:aggregate,2025-Q2,2026-09-13T22:36:23.843165+00:00,3395920.4,final,2025-04-01,2025-06-30,1,2026-09-13T22:36:23.843165+00:00
GDP_VOLUME_EUROPE,eu27_2020:aggregate,2025-Q3,2026-09-13T22:36:23.843165+00:00,3409614.8,final,2025-07-01,2025-09-30,1,2026-09-13T22:36:23.843165+00:00
GDP_VOLUME_EUROPE,eu27_2020:aggregate,2025-Q4,2026-09-13T22:36:23.843165+00:00,3418676.3,final,2025-10-01,2025-12-31,1,2026-09-13T22:36:23.843165+00:00
GDP_VOLUME_EUROPE,eu27_2020:aggregate,2026-Q1,2026-09-13T22:36:23.843165+00:00,3420903.5,final,2026-01-01,2026-03-31,1,2026-09-13T22:36:23.843165+00:00
GDP_VOLUME_EUROPE,eu27_2020:aggregate,2026-Q2,2026-09-13T22:36:23.843165+00:00,3443192.4,final,2026-04-01,2026-06-30,1,2026-09-13T22:36:23.843165+00:00
GDP_VOLUME_EUROPE,fi:country,2008-Q1,2026-09-13T22:36:23.843165+00:00,50074.8,final,2008-01-01,2008-03-31,0,2026-09-13T22:36:23.843165+00:00
GDP_VOLUME_EUROPE,fi:country,2008-Q1,2026-09-22T09:36:17.422161+00:00,50076.0,final,2008-01-01,2008-03-31,1,2026-09-22T09:36:17.422161+00:00
GDP_VOLUME_EUROPE,fi:country,2008-Q2,2026-09-13T22:36:23.843165+00:00,49689.6,final,2008-04-01,2008-06-30,0,2026-09-13T22:36:23.843165+00:00
GDP_VOLUME_EUROPE,fi:country,2008-Q2,2026-09-22T09:36:17.422161+00:00,49690.8,final,2008-04-01,2008-06-30,1,2026-09-22T09:36:17.422161+00:00
GDP_VOLUME_EUROPE,fi:country,2008-Q3,2026-09-13T22:36:23.843165+00:00,49856.7,final,2008-07-01,2008-09-30,0,2026-09-13T22:36:23.843165+00:00
GDP_VOLUME_EUROPE,fi:country,2008-Q3,2026-09-22T09:36:17.422161+00:00,49857.9,final,2008-07-01,2008-09-30,1,2026-09-22T09:36:17.422161+00:00
GDP_VOLUME_EUROPE,fi:country,2008-Q4,2026-09-13T22:36:23.843165+00:00,48771.9,final,2008-10-01,2008-12-31,0,2026-09-13T22:36:23.843165+00:00
GDP_VOLUME_EUROPE,fi:country,2008-Q4,2026-09-22T09:36:17.422161+00:00,48773.1,final,2008-10-01,2008-12-31,1,2026-09-22T09:36:17.422161+00:00
GDP_VOLUME_EUROPE,fi:country,2009-Q1,2026-09-13T22:36:23.843165+00:00,45602.3,final,2009-01-01,2009-03-31,0,2026-09-13T22:36:23.843165+00:00
GDP_VOLUME_EUROPE,fi:country,2009-Q1,2026-09-22T09:36:17.422161+00:00,45637.3,final,2009-01-01,2009-03-31,1,2026-09-22T09:36:17.422161+00:00
GDP_VOLUME_EUROPE,fi:country,2009-Q2,2026-09-13T22:36:23.843165+00:00,45408.4,final,2009-04-01,2009-06-30,0,2026-09-13T22:36:23.843165+00:00
GDP_VOLUME_EUROPE,fi:country,2009-Q2,2026-09-22T09:36:17.422161+00:00,45414.8,final,2009-04-01,2009-06-30,1,2026-09-22T09:36:17.422161+00:00
GDP_VOLUME_EUROPE,fi:country,2009-Q3,2026-09-13T22:36:23.843165+00:00,45842.7,final,2009-07-01,2009-09-30,0,2026-09-13T22:36:23.843165+00:00
GDP_VOLUME_EUROPE,fi:country,2009-Q3,2026-09-22T09:36:17.422161+00:00,45825.0,final,2009-07-01,2009-09-30,1,2026-09-22T09:36:17.422161+00:00
GDP_VOLUME_EUROPE,fi:country,2009-Q4,2026-09-13T22:36:23.843165+00:00,45518.3,final,2009-10-01,2009-12-31,0,2026-09-13T22:36:23.843165+00:00
GDP_VOLUME_EUROPE,fi:country,2009-Q4,2026-09-22T09:36:17.422161+00:00,45497.0,final,2009-10-01,2009-12-31,1,2026-09-22T09:36:17.422161+00:00
GDP_VOLUME_EUROPE,fi:country,2010-Q1,2026-09-13T22:36:23.843165+00:00,45914.2,final,2010-01-01,2010-03-31,0,2026-09-13T22:36:23.843165+00:00
GDP_VOLUME_EUROPE,fi:country,2010-Q1,2026-09-22T09:36:17.422161+00:00,45933.1,final,2010-01-01,2010-03-31,1,2026-09-22T09:36:17.422161+00:00
GDP_VOLUME_EUROPE,fi:country,2010-Q2,2026-09-13T22:36:23.843165+00:00,47228.7,final,2010-04-01,2010-06-30,0,2026-09-13T22:36:23.843165+00:00
GDP_VOLUME_EUROPE,fi:country,2010-Q2,2026-09-22T09:36:17.422161+00:00,47207.4,final,2010-04-01,2010-06-30,1,2026-09-22T09:36:17.422161+00:00
GDP_VOLUME_EUROPE,fi:country,2010-Q3,2026-09-13T22:36:23.843165+00:00,46996.3,final,2010-07-01,2010-09-30,0,2026-09-13T22:36:23.843165+00:00
GDP_VOLUME_EUROPE,fi:country,2010-Q3,2026-09-22T09:36:17.422161+00:00,46995.6,final,2010-07-01,2010-09-30,1,2026-09-22T09:36:17.422161+00:00
GDP_VOLUME_EUROPE,fi:country,2010-Q4,2026-09-13T22:36:23.843165+00:00,48007.9,final,2010-10-01,2010-12-31,0,2026-09-13T22:36:23.843165+00:00
GDP_VOLUME_EUROPE,fi:country,2010-Q4,2026-09-22T09:36:17.422161+00:00,48010.8,final,2010-10-01,2010-12-31,1,2026-09-22T09:36:17.422161+00:00
GDP_VOLUME_EUROPE,fi:country,2011-Q1,2026-09-13T22:36:23.843165+00:00,48209.8,final,2011-01-01,2011-03-31,0,2026-09-13T22:36:23.843165+00:00
GDP_VOLUME_EUROPE,fi:country,2011-Q1,2026-09-22T09:36:17.422161+00:00,48211.0,final,2011-01-01,2011-03-31,1,2026-09-22T09:36:17.422161+00:00
GDP_VOLUME_EUROPE,fi:country,2011-Q2,2026-09-13T22:36:23.843165+00:00,48090.1,final,2011-04-01,2011-06-30,0,2026-09-13T22:36:23.843165+00:00
GDP_VOLUME_EUROPE,fi:country,2011-Q2,2026-09-22T09:36:17.422161+00:00,48096.6,final,2011-04-01,2011-06-30,1,2026-09-22T09:36:17.422161+00:00
GDP_VOLUME_EUROPE,fi:country,2011-Q3,2026-09-13T22:36:23.843165+00:00,48149.1,final,2011-07-01,2011-09-30,0,2026-09-13T22:36:23.843165+00:00
GDP_VOLUME_EUROPE,fi:country,2011-Q3,2026-09-22T09:36:17.422161+00:00,48169.0,final,2011-07-01,2011-09-30,1,2026-09-22T09:36:17.422161+00:00
GDP_VOLUME_EUROPE,fi:country,2011-Q4,2026-09-13T22:36:23.843165+00:00,48196.4,final,2011-10-01,2011-12-31,0,2026-09-13T22:36:23.843165+00:00
GDP_VOLUME_EUROPE,fi:country,2011-Q4,2026-09-22T09:36:17.422161+00:00,48170.8,final,2011-10-01,2011-12-31,1,2026-09-22T09:36:17.422161+00:00
GDP_VOLUME_EUROPE,fi:country,2012-Q1,2026-09-13T22:36:23.843165+00:00,47902.4,final,2012-01-01,2012-03-31,0,2026-09-13T22:36:23.843165+00:00
GDP_VOLUME_EUROPE,fi:country,2012-Q1,2026-09-22T09:36:17.422161+00:00,47885.7,final,2012-01-01,2012-03-31,1,2026-09-22T09:36:17.422161+00:00
GDP_VOLUME_EUROPE,fi:country,2012-Q2,2026-09-13T22:36:23.843165+00:00,47400.2,final,2012-04-01,2012-06-30,0,2026-09-13T22:36:23.843165+00:00
GDP_VOLUME_EUROPE,fi:country,2012-Q2,2026-09-22T09:36:17.422161+00:00,47394.2,final,2012-04-01,2012-06-30,1,2026-09-22T09:36:17.422161+00:00
GDP_VOLUME_EUROPE,fi:country,2012-Q3,2026-09-13T22:36:23.843165+00:00,47233.1,final,2012-07-01,2012-09-30,0,2026-09-13T22:36:23.843165+00:00
GDP_VOLUME_EUROPE,fi:country,2012-Q3,2026-09-22T09:36:17.422161+00:00,47233.3,final,2012-07-01,2012-09-30,1,2026-09-22T09:36:17.422161+00:00
GDP_VOLUME_EUROPE,fi:country,2012-Q4,2026-09-13T22:36:23.843165+00:00,47175.0,final,2012-10-01,2012-12-31,0,2026-09-13T22:36:23.843165+00:00
GDP_VOLUME_EUROPE,fi:country,2012-Q4,2026-09-22T09:36:17.422161+00:00,47201.2,final,2012-10-01,2012-12-31,1,2026-09-22T09:36:17.422161+00:00
GDP_VOLUME_EUROPE,fi:country,2013-Q1,2026-09-13T22:36:23.843165+00:00,46765.8,final,2013-01-01,2013-03-31,0,2026-09-13T22:36:23.843165+00:00
GDP_VOLUME_EUROPE,fi:country,2013-Q1,2026-09-22T09:36:17.422161+00:00,46799.0,final,2013-01-01,2013-03-31,1,2026-09-22T09:36:17.422161+00:00
GDP_VOLUME_EUROPE,fi:country,2013-Q2,2026-09-13T22:36:23.843165+00:00,46974.0,final,2013-04-01,2013-06-30,0,2026-09-13T22:36:23.843165+00:00
GDP_VOLUME_EUROPE,fi:country,2013-Q2,2026-09-22T09:36:17.422161+00:00,46976.0,final,2013-04-01,2013-06-30,1,2026-09-22T09:36:17.422161+00:00
GDP_VOLUME_EUROPE,fi:country,2013-Q3,2026-09-13T22:36:23.843165+00:00,47099.1,final,2013-07-01,2013-09-30,0,2026-09-13T22:36:23.843165+00:00
GDP_VOLUME_EUROPE,fi:country,2013-Q3,2026-09-22T09:36:17.422161+00:00,47093.0,final,2013-07-01,2013-09-30,1,2026-09-22T09:36:17.422161+00:00
GDP_VOLUME_EUROPE,fi:country,2013-Q4,2026-09-13T22:36:23.843165+00:00,47016.0,final,2013-10-01,2013-12-31,0,2026-09-13T22:36:23.843165+00:00
GDP_VOLUME_EUROPE,fi:country,2013-Q4,2026-09-22T09:36:17.422161+00:00,46989.4,final,2013-10-01,2013-12-31,1,2026-09-22T09:36:17.422161+00:00
GDP_VOLUME_EUROPE,fi:country,2014-Q1,2026-09-13T22:36:23.843165+00:00,46613.9,final,2014-01-01,2014-03-31,0,2026-09-13T22:36:23.843165+00:00
GDP_VOLUME_EUROPE,fi:country,2014-Q1,2026-09-22T09:36:17.422161+00:00,46609.6,final,2014-01-01,2014-03-31,1,2026-09-22T09:36:17.422161+00:00
GDP_VOLUME_EUROPE,fi:country,2014-Q2,2026-09-13T22:36:23.843165+00:00,46705.0,final,2014-04-01,2014-06-30,0,2026-09-13T22:36:23.843165+00:00
GDP_VOLUME_EUROPE,fi:country,2014-Q2,2026-09-22T09:36:17.422161+00:00,46700.7,final,2014-04-01,2014-06-30,1,2026-09-22T09:36:17.422161+00:00
GDP_VOLUME_EUROPE,fi:country,2014-Q3,2026-09-13T22:36:23.843165+00:00,46842.6,final,2014-07-01,2014-09-30,0,2026-09-13T22:36:23.843165+00:00
GDP_VOLUME_EUROPE,fi:country,2014-Q3,2026-09-22T09:36:17.422161+00:00,46851.8,final,2014-07-01,2014-09-30,1,2026-09-22T09:36:17.422161+00:00
GDP_VOLUME_EUROPE,fi:country,2014-Q4,2026-09-13T22:36:23.843165+00:00,46794.4,final,2014-10-01,2014-12-31,0,2026-09-13T22:36:23.843165+00:00
GDP_VOLUME_EUROPE,fi:country,2014-Q4,2026-09-22T09:36:17.422161+00:00,46797.3,final,2014-10-01,2014-12-31,1,2026-09-22T09:36:17.422161+00:00
GDP_VOLUME_EUROPE,fi:country,2015-Q1,2026-09-13T22:36:23.843165+00:00,46408.3,final,2015-01-01,2015-03-31,0,2026-09-13T22:36:23.843165+00:00
GDP_VOLUME_EUROPE,fi:country,2015-Q1,2026-09-22T09:36:17.422161+00:00,46405.9,final,2015-01-01,2015-03-31,1,2026-09-22T09:36:17.422161+00:00
GDP_VOLUME_EUROPE,fi:country,2015-Q2,2026-09-13T22:36:23.843165+00:00,47078.5,final,2015-04-01,2015-06-30,0,2026-09-13T22:36:23.843165+00:00
GDP_VOLUME_EUROPE,fi:country,2015-Q2,2026-09-22T09:36:17.422161+00:00,47082.3,final,2015-04-01,2015-06-30,1,2026-09-22T09:36:17.422161+00:00
GDP_VOLUME_EUROPE,fi:country,2015-Q3,2026-09-13T22:36:23.843165+00:00,47035.6,final,2015-07-01,2015-09-30,0,2026-09-13T22:36:23.843165+00:00
GDP_VOLUME_EUROPE,fi:country,2015-Q3,2026-09-22T09:36:17.422161+00:00,47030.5,final,2015-07-01,2015-09-30,1,2026-09-22T09:36:17.422161+00:00
GDP_VOLUME_EUROPE,fi:country,2015-Q4,2026-09-13T22:36:23.843165+00:00,47305.5,final,2015-10-01,2015-12-31,0,2026-09-13T22:36:23.843165+00:00
GDP_VOLUME_EUROPE,fi:country,2015-Q4,2026-09-22T09:36:17.422161+00:00,47313.8,final,2015-10-01,2015-12-31,1,2026-09-22T09:36:17.422161+00:00
GDP_VOLUME_EUROPE,fi:country,2016-Q1,2026-09-13T22:36:23.843165+00:00,47856.9,final,2016-01-01,2016-03-31,0,2026-09-13T22:36:23.843165+00:00
GDP_VOLUME_EUROPE,fi:country,2016-Q1,2026-09-22T09:36:17.422161+00:00,47861.6,final,2016-01-01,2016-03-31,1,2026-09-22T09:36:17.422161+00:00
GDP_VOLUME_EUROPE,fi:country,2016-Q2,2026-09-13T22:36:23.843165+00:00,47847.0,final,2016-04-01,2016-06-30,0,2026-09-13T22:36:23.843165+00:00
GDP_VOLUME_EUROPE,fi:country,2016-Q2,2026-09-22T09:36:17.422161+00:00,47846.4,final,2016-04-01,2016-06-30,1,2026-09-22T09:36:17.422161+00:00
GDP_VOLUME_EUROPE,fi:country,2016-Q3,2026-09-13T22:36:23.843165+00:00,48368.9,final,2016-07-01,2016-09-30,0,2026-09-13T22:36:23.843165+00:00
GDP_VOLUME_EUROPE,fi:country,2016-Q3,2026-09-22T09:36:17.422161+00:00,48372.7,final,2016-07-01,2016-09-30,1,2026-09-22T09:36:17.422161+00:00
GDP_VOLUME_EUROPE,fi:country,2016-Q4,2026-09-13T22:36:23.843165+00:00,48586.0,final,2016-10-01,2016-12-31,0,2026-09-13T22:36:23.843165+00:00
GDP_VOLUME_EUROPE,fi:country,2016-Q4,2026-09-22T09:36:17.422161+00:00,48582.7,final,2016-10-01,2016-12-31,1,2026-09-22T09:36:17.422161+00:00
GDP_VOLUME_EUROPE,fi:country,2017-Q1,2026-09-13T22:36:23.843165+00:00,49057.9,final,2017-01-01,2017-03-31,0,2026-09-13T22:36:23.843165+00:00
GDP_VOLUME_EUROPE,fi:country,2017-Q1,2026-09-22T09:36:17.422161+00:00,49072.4,final,2017-01-01,2017-03-31,1,2026-09-22T09:36:17.422161+00:00
GDP_VOLUME_EUROPE,fi:country,2017-Q2,2026-09-13T22:36:23.843165+00:00,49703.0,final,2017-04-01,2017-06-30,0,2026-09-13T22:36:23.843165+00:00
GDP_VOLUME_EUROPE,fi:country,2017-Q2,2026-09-22T09:36:17.422161+00:00,49689.9,final,2017-04-01,2017-06-30,1,2026-09-22T09:36:17.422161+00:00
GDP_VOLUME_EUROPE,fi:country,2017-Q3,2026-09-13T22:36:23.843165+00:00,49935.4,final,2017-07-01,2017-09-30,0,2026-09-13T22:36:23.843165+00:00
GDP_VOLUME_EUROPE,fi:country,2017-Q3,2026-09-22T09:36:17.422161+00:00,49949.1,final,2017-07-01,2017-09-30,1,2026-09-22T09:36:17.422161+00:00
GDP_VOLUME_EUROPE,fi:country,2017-Q4,2026-09-13T22:36:23.843165+00:00,50328.6,final,2017-10-01,2017-12-31,0,2026-09-13T22:36:23.843165+00:00
GDP_VOLUME_EUROPE,fi:country,2017-Q4,2026-09-22T09:36:17.422161+00:00,50318.1,final,2017-10-01,2017-12-31,1,2026-09-22T09:36:17.422161+00:00
GDP_VOLUME_EUROPE,fi:country,2018-Q1,2026-09-13T22:36:23.843165+00:00,50437.6,final,2018-01-01,2018-03-31,0,2026-09-13T22:36:23.843165+00:00
GDP_VOLUME_EUROPE,fi:country,2018-Q1,2026-09-22T09:36:17.422161+00:00,50452.2,final,2018-01-01,2018-03-31,1,2026-09-22T09:36:17.422161+00:00
GDP_VOLUME_EUROPE,fi:country,2018-Q2,2026-09-13T22:36:23.843165+00:00,50338.4,final,2018-04-01,2018-06-30,0,2026-09-13T22:36:23.843165+00:00
GDP_VOLUME_EUROPE,fi:country,2018-Q2,2026-09-22T09:36:17.422161+00:00,50322.6,final,2018-04-01,2018-06-30,1,2026-09-22T09:36:17.422161+00:00
GDP_VOLUME_EUROPE,fi:country,2018-Q3,2026-09-13T22:36:23.843165+00:00,50289.2,final,2018-07-01,2018-09-30,0,2026-09-13T22:36:23.843165+00:00
GDP_VOLUME_EUROPE,fi:country,2018-Q3,2026-09-22T09:36:17.422161+00:00,50306.5,final,2018-07-01,2018-09-30,1,2026-09-22T09:36:17.422161+00:00
GDP_VOLUME_EUROPE,fi:country,2018-Q4,2026-09-13T22:36:23.843165+00:00,50333.9,final,2018-10-01,2018-12-31,0,2026-09-13T22:36:23.843165+00:00
GDP_VOLUME_EUROPE,fi:country,2018-Q4,2026-09-22T09:36:17.422161+00:00,50321.7,final,2018-10-01,2018-12-31,1,2026-09-22T09:36:17.422161+00:00
GDP_VOLUME_EUROPE,fi:country,2019-Q1,2026-09-13T22:36:23.843165+00:00,50770.9,final,2019-01-01,2019-03-31,0,2026-09-13T22:36:23.843165+00:00
GDP_VOLUME_EUROPE,fi:country,2019-Q1,2026-09-22T09:36:17.422161+00:00,50790.0,final,2019-01-01,2019-03-31,1,2026-09-22T09:36:17.422161+00:00
GDP_VOLUME_EUROPE,fi:country,2019-Q2,2026-09-13T22:36:23.843165+00:00,51129.2,final,2019-04-01,2019-06-30,0,2026-09-13T22:36:23.843165+00:00
GDP_VOLUME_EUROPE,fi:country,2019-Q2,2026-09-22T09:36:17.422161+00:00,51078.6,final,2019-04-01,2019-06-30,1,2026-09-22T09:36:17.422161+00:00
GDP_VOLUME_EUROPE,fi:country,2019-Q3,2026-09-13T22:36:23.843165+00:00,51158.7,final,2019-07-01,2019-09-30,0,2026-09-13T22:36:23.843165+00:00
GDP_VOLUME_EUROPE,fi:country,2019-Q3,2026-09-22T09:36:17.422161+00:00,51173.3,final,2019-07-01,2019-09-30,1,2026-09-22T09:36:17.422161+00:00
GDP_VOLUME_EUROPE,fi:country,2019-Q4,2026-09-13T22:36:23.843165+00:00,51058.6,final,2019-10-01,2019-12-31,0,2026-09-13T22:36:23.843165+00:00
GDP_VOLUME_EUROPE,fi:country,2019-Q4,2026-09-22T09:36:17.422161+00:00,51077.7,final,2019-10-01,2019-12-31,1,2026-09-22T09:36:17.422161+00:00
GDP_VOLUME_EUROPE,fi:country,2020-Q1,2026-09-13T22:36:23.843165+00:00,50950.5,final,2020-01-01,2020-03-31,0,2026-09-13T22:36:23.843165+00:00
GDP_VOLUME_EUROPE,fi:country,2020-Q1,2026-09-22T09:36:17.422161+00:00,50958.0,final,2020-01-01,2020-03-31,1,2026-09-22T09:36:17.422161+00:00
GDP_VOLUME_EUROPE,fi:country,2020-Q2,2026-09-13T22:36:23.843165+00:00,47628.1,final,2020-04-01,2020-06-30,0,2026-09-13T22:36:23.843165+00:00
GDP_VOLUME_EUROPE,fi:country,2020-Q2,2026-09-22T09:36:17.422161+00:00,47597.1,final,2020-04-01,2020-06-30,1,2026-09-22T09:36:17.422161+00:00
GDP_VOLUME_EUROPE,fi:country,2020-Q3,2026-09-13T22:36:23.843165+00:00,49981.8,final,2020-07-01,2020-09-30,0,2026-09-13T22:36:23.843165+00:00
GDP_VOLUME_EUROPE,fi:country,2020-Q3,2026-09-22T09:36:17.422161+00:00,49970.5,final,2020-07-01,2020-09-30,1,2026-09-22T09:36:17.422161+00:00
GDP_VOLUME_EUROPE,fi:country,2020-Q4,2026-09-13T22:36:23.843165+00:00,50474.2,final,2020-10-01,2020-12-31,0,2026-09-13T22:36:23.843165+00:00
GDP_VOLUME_EUROPE,fi:country,2020-Q4,2026-09-22T09:36:17.422161+00:00,50511.2,final,2020-10-01,2020-12-31,1,2026-09-22T09:36:17.422161+00:00
GDP_VOLUME_EUROPE,fi:country,2021-Q1,2026-09-13T22:36:23.843165+00:00,50135.5,final,2021-01-01,2021-03-31,0,2026-09-13T22:36:23.843165+00:00
GDP_VOLUME_EUROPE,fi:country,2021-Q1,2026-09-22T09:36:17.422161+00:00,50132.3,final,2021-01-01,2021-03-31,1,2026-09-22T09:36:17.422161+00:00
GDP_VOLUME_EUROPE,fi:country,2021-Q2,2026-09-13T22:36:23.843165+00:00,50908.5,final,2021-04-01,2021-06-30,0,2026-09-13T22:36:23.843165+00:00
GDP_VOLUME_EUROPE,fi:country,2021-Q2,2026-09-22T09:36:17.422161+00:00,50901.7,final,2021-04-01,2021-06-30,1,2026-09-22T09:36:17.422161+00:00
GDP_VOLUME_EUROPE,fi:country,2021-Q3,2026-09-13T22:36:23.843165+00:00,51469.7,final,2021-07-01,2021-09-30,0,2026-09-13T22:36:23.843165+00:00
GDP_VOLUME_EUROPE,fi:country,2021-Q3,2026-09-22T09:36:17.422161+00:00,51471.8,final,2021-07-01,2021-09-30,1,2026-09-22T09:36:17.422161+00:00
GDP_VOLUME_EUROPE,fi:country,2021-Q4,2026-09-13T22:36:23.843165+00:00,51848.6,final,2021-10-01,2021-12-31,0,2026-09-13T22:36:23.843165+00:00
GDP_VOLUME_EUROPE,fi:country,2021-Q4,2026-09-22T09:36:17.422161+00:00,51858.7,final,2021-10-01,2021-12-31,1,2026-09-22T09:36:17.422161+00:00
GDP_VOLUME_EUROPE,fi:country,2022-Q1,2026-09-13T22:36:23.843165+00:00,51520.6,final,2022-01-01,2022-03-31,0,2026-09-13T22:36:23.843165+00:00
GDP_VOLUME_EUROPE,fi:country,2022-Q1,2026-09-22T09:36:17.422161+00:00,51446.8,final,2022-01-01,2022-03-31,1,2026-09-22T09:36:17.422161+00:00
GDP_VOLUME_EUROPE,fi:country,2022-Q2,2026-09-13T22:36:23.843165+00:00,51671.6,final,2022-04-01,2022-06-30,0,2026-09-13T22:36:23.843165+00:00
GDP_VOLUME_EUROPE,fi:country,2022-Q2,2026-09-22T09:36:17.422161+00:00,51584.4,final,2022-04-01,2022-06-30,1,2026-09-22T09:36:17.422161+00:00
GDP_VOLUME_EUROPE,fi:country,2022-Q3,2026-09-13T22:36:23.843165+00:00,51616.2,final,2022-07-01,2022-09-30,0,2026-09-13T22:36:23.843165+00:00
GDP_VOLUME_EUROPE,fi:country,2022-Q3,2026-09-22T09:36:17.422161+00:00,51512.9,final,2022-07-01,2022-09-30,1,2026-09-22T09:36:17.422161+00:00
GDP_VOLUME_EUROPE,fi:country,2022-Q4,2026-09-13T22:36:23.843165+00:00,51113.1,final,2022-10-01,2022-12-31,0,2026-09-13T22:36:23.843165+00:00
GDP_VOLUME_EUROPE,fi:country,2022-Q4,2026-09-22T09:36:17.422161+00:00,50996.4,final,2022-10-01,2022-12-31,1,2026-09-22T09:36:17.422161+00:00
GDP_VOLUME_EUROPE,fi:country,2023-Q1,2026-09-13T22:36:23.843165+00:00,51164.1,final,2023-01-01,2023-03-31,0,2026-09-13T22:36:23.843165+00:00
GDP_VOLUME_EUROPE,fi:country,2023-Q1,2026-09-22T09:36:17.422161+00:00,51070.6,final,2023-01-01,2023-03-31,1,2026-09-22T09:36:17.422161+00:00
GDP_VOLUME_EUROPE,fi:country,2023-Q2,2026-09-13T22:36:23.843165+00:00,51205.2,final,2023-04-01,2023-06-30,0,2026-09-13T22:36:23.843165+00:00
GDP_VOLUME_EUROPE,fi:country,2023-Q2,2026-09-22T09:36:17.422161+00:00,51158.1,final,2023-04-01,2023-06-30,1,2026-09-22T09:36:17.422161+00:00
GDP_VOLUME_EUROPE,fi:country,2023-Q3,2026-09-13T22:36:23.843165+00:00,50473.3,final,2023-07-01,2023-09-30,0,2026-09-13T22:36:23.843165+00:00
GDP_VOLUME_EUROPE,fi:country,2023-Q3,2026-09-22T09:36:17.422161+00:00,50418.2,final,2023-07-01,2023-09-30,1,2026-09-22T09:36:17.422161+00:00
GDP_VOLUME_EUROPE,fi:country,2023-Q4,2026-09-13T22:36:23.843165+00:00,50423.3,final,2023-10-01,2023-12-31,0,2026-09-13T22:36:23.843165+00:00
GDP_VOLUME_EUROPE,fi:country,2023-Q4,2026-09-22T09:36:17.422161+00:00,50387.8,final,2023-10-01,2023-12-31,1,2026-09-22T09:36:17.422161+00:00
GDP_VOLUME_EUROPE,fi:country,2024-Q1,2026-09-13T22:36:23.843165+00:00,50978.2,final,2024-01-01,2024-03-31,0,2026-09-13T22:36:23.843165+00:00
GDP_VOLUME_EUROPE,fi:country,2024-Q1,2026-09-22T09:36:17.422161+00:00,50962.4,final,2024-01-01,2024-03-31,1,2026-09-22T09:36:17.422161+00:00
GDP_VOLUME_EUROPE,fi:country,2024-Q2,2026-09-13T22:36:23.843165+00:00,51113.1,final,2024-04-01,2024-06-30,0,2026-09-13T22:36:23.843165+00:00
GDP_VOLUME_EUROPE,fi:country,2024-Q2,2026-09-22T09:36:17.422161+00:00,51113.5,final,2024-04-01,2024-06-30,1,2026-09-22T09:36:17.422161+00:00
GDP_VOLUME_EUROPE,fi:country,2024-Q3,2026-09-13T22:36:23.843165+00:00,51499.2,final,2024-07-01,2024-09-30,0,2026-09-13T22:36:23.843165+00:00
GDP_VOLUME_EUROPE,fi:country,2024-Q3,2026-09-22T09:36:17.422161+00:00,51491.5,final,2024-07-01,2024-09-30,1,2026-09-22T09:36:17.422161+00:00
GDP_VOLUME_EUROPE,fi:country,2024-Q4,2026-09-13T22:36:23.843165+00:00,51475.0,final,2024-10-01,2024-12-31,0,2026-09-13T22:36:23.843165+00:00
GDP_VOLUME_EUROPE,fi:country,2024-Q4,2026-09-22T09:36:17.422161+00:00,51483.4,final,2024-10-01,2024-12-31,1,2026-09-22T09:36:17.422161+00:00
GDP_VOLUME_EUROPE,fi:country,2025-Q1,2026-09-13T22:36:23.843165+00:00,51614.4,final,2025-01-01,2025-03-31,0,2026-09-13T22:36:23.843165+00:00
GDP_VOLUME_EUROPE,fi:country,2025-Q1,2026-09-22T09:36:17.422161+00:00,51638.9,final,2025-01-01,2025-03-31,1,2026-09-22T09:36:17.422161+00:00
GDP_VOLUME_EUROPE,fi:country,2025-Q2,2026-09-13T22:36:23.843165+00:00,51645.7,final,2025-04-01,2025-06-30,0,2026-09-13T22:36:23.843165+00:00
GDP_VOLUME_EUROPE,fi:country,2025-Q2,2026-09-22T09:36:17.422161+00:00,51658.6,final,2025-04-01,2025-06-30,1,2026-09-22T09:36:17.422161+00:00
GDP_VOLUME_EUROPE,fi:country,2025-Q3,2026-09-13T22:36:23.843165+00:00,51630.5,final,2025-07-01,2025-09-30,0,2026-09-13T22:36:23.843165+00:00
GDP_VOLUME_EUROPE,fi:country,2025-Q3,2026-09-22T09:36:17.422161+00:00,51637.1,final,2025-07-01,2025-09-30,1,2026-09-22T09:36:17.422161+00:00
GDP_VOLUME_EUROPE,fi:country,2025-Q4,2026-09-13T22:36:23.843165+00:00,51821.8,final,2025-10-01,2025-12-31,0,2026-09-13T22:36:23.843165+00:00
GDP_VOLUME_EUROPE,fi:country,2025-Q4,2026-09-22T09:36:17.422161+00:00,51842.7,final,2025-10-01,2025-12-31,1,2026-09-22T09:36:17.422161+00:00
GDP_VOLUME_EUROPE,fi:country,2026-Q1,2026-09-13T22:36:23.843165+00:00,52255.2,final,2026-01-01,2026-03-31,0,2026-09-13T22:36:23.843165+00:00
GDP_VOLUME_EUROPE,fi:country,2026-Q1,2026-09-22T09:36:17.422161+00:00,52216.2,final,2026-01-01,2026-03-31,1,2026-09-22T09:36:17.422161+00:00
GDP_VOLUME_EUROPE,fi:country,2026-Q2,2026-09-13T22:36:23.843165+00:00,52451.8,final,2026-04-01,2026-06-30,0,2026-09-13T22:36:23.843165+00:00
GDP_VOLUME_EUROPE,fi:country,2026-Q2,2026-09-22T09:36:17.422161+00:00,52377.0,final,2026-04-01,2026-06-30,1,2026-09-22T09:36:17.422161+00:00
GDP_VOLUME_EUROPE,fr:country,2008-Q1,2026-09-13T22:36:23.843165+00:00,508265.7,final,2008-01-01,2008-03-31,1,2026-09-13T22:36:23.843165+00:00
GDP_VOLUME_EUROPE,fr:country,2008-Q2,2026-09-13T22:36:23.843165+00:00,504433.6,final,2008-04-01,2008-06-30,1,2026-09-13T22:36:23.843165+00:00
GDP_VOLUME_EUROPE,fr:country,2008-Q3,2026-09-13T22:36:23.843165+00:00,503333.1,final,2008-07-01,2008-09-30,1,2026-09-13T22:36:23.843165+00:00
GDP_VOLUME_EUROPE,fr:country,2008-Q4,2026-09-13T22:36:23.843165+00:00,496852.7,final,2008-10-01,2008-12-31,1,2026-09-13T22:36:23.843165+00:00
GDP_VOLUME_EUROPE,fr:country,2009-Q1,2026-09-13T22:36:23.843165+00:00,487398.8,final,2009-01-01,2009-03-31,1,2026-09-13T22:36:23.843165+00:00
GDP_VOLUME_EUROPE,fr:country,2009-Q2,2026-09-13T22:36:23.843165+00:00,488280.8,final,2009-04-01,2009-06-30,1,2026-09-13T22:36:23.843165+00:00
GDP_VOLUME_EUROPE,fr:country,2009-Q3,2026-09-13T22:36:23.843165+00:00,489408.1,final,2009-07-01,2009-09-30,1,2026-09-13T22:36:23.843165+00:00
GDP_VOLUME_EUROPE,fr:country,2009-Q4,2026-09-13T22:36:23.843165+00:00,492947.4,final,2009-10-01,2009-12-31,1,2026-09-13T22:36:23.843165+00:00
GDP_VOLUME_EUROPE,fr:country,2010-Q1,2026-09-13T22:36:23.843165+00:00,494305.1,final,2010-01-01,2010-03-31,1,2026-09-13T22:36:23.843165+00:00
GDP_VOLUME_EUROPE,fr:country,2010-Q2,2026-09-13T22:36:23.843165+00:00,496698.7,final,2010-04-01,2010-06-30,1,2026-09-13T22:36:23.843165+00:00
GDP_VOLUME_EUROPE,fr:country,2010-Q3,2026-09-13T22:36:23.843165+00:00,500083.1,final,2010-07-01,2010-09-30,1,2026-09-13T22:36:23.843165+00:00
GDP_VOLUME_EUROPE,fr:country,2010-Q4,2026-09-13T22:36:23.843165+00:00,502905.7,final,2010-10-01,2010-12-31,1,2026-09-13T22:36:23.843165+00:00
GDP_VOLUME_EUROPE,fr:country,2011-Q1,2026-09-13T22:36:23.843165+00:00,509565.2,final,2011-01-01,2011-03-31,1,2026-09-13T22:36:23.843165+00:00
GDP_VOLUME_EUROPE,fr:country,2011-Q2,2026-09-13T22:36:23.843165+00:00,509601.9,final,2011-04-01,2011-06-30,1,2026-09-13T22:36:23.843165+00:00
GDP_VOLUME_EUROPE,fr:country,2011-Q3,2026-09-13T22:36:23.843165+00:00,511303.3,final,2011-07-01,2011-09-30,1,2026-09-13T22:36:23.843165+00:00
GDP_VOLUME_EUROPE,fr:country,2011-Q4,2026-09-13T22:36:23.843165+00:00,513020.6,final,2011-10-01,2011-12-31,1,2026-09-13T22:36:23.843165+00:00
GDP_VOLUME_EUROPE,fr:country,2012-Q1,2026-09-13T22:36:23.843165+00:00,512873.1,final,2012-01-01,2012-03-31,1,2026-09-13T22:36:23.843165+00:00
GDP_VOLUME_EUROPE,fr:country,2012-Q2,2026-09-13T22:36:23.843165+00:00,510732.6,final,2012-04-01,2012-06-30,1,2026-09-13T22:36:23.843165+00:00
GDP_VOLUME_EUROPE,fr:country,2012-Q3,2026-09-13T22:36:23.843165+00:00,512415.4,final,2012-07-01,2012-09-30,1,2026-09-13T22:36:23.843165+00:00
GDP_VOLUME_EUROPE,fr:country,2012-Q4,2026-09-13T22:36:23.843165+00:00,512112.8,final,2012-10-01,2012-12-31,1,2026-09-13T22:36:23.843165+00:00
GDP_VOLUME_EUROPE,fr:country,2013-Q1,2026-09-13T22:36:23.843165+00:00,513151.9,final,2013-01-01,2013-03-31,1,2026-09-13T22:36:23.843165+00:00
GDP_VOLUME_EUROPE,fr:country,2013-Q2,2026-09-13T22:36:23.843165+00:00,517699.5,final,2013-04-01,2013-06-30,1,2026-09-13T22:36:23.843165+00:00
GDP_VOLUME_EUROPE,fr:country,2013-Q3,2026-09-13T22:36:23.843165+00:00,516599.9,final,2013-07-01,2013-09-30,1,2026-09-13T22:36:23.843165+00:00
GDP_VOLUME_EUROPE,fr:country,2013-Q4,2026-09-13T22:36:23.843165+00:00,519743.6,final,2013-10-01,2013-12-31,1,2026-09-13T22:36:23.843165+00:00
GDP_VOLUME_EUROPE,fr:country,2014-Q1,2026-09-13T22:36:23.843165+00:00,519703.2,final,2014-01-01,2014-03-31,1,2026-09-13T22:36:23.843165+00:00
GDP_VOLUME_EUROPE,fr:country,2014-Q2,2026-09-13T22:36:23.843165+00:00,520893.3,final,2014-04-01,2014-06-30,1,2026-09-13T22:36:23.843165+00:00
GDP_VOLUME_EUROPE,fr:country,2014-Q3,2026-09-13T22:36:23.843165+00:00,524379.6,final,2014-07-01,2014-09-30,1,2026-09-13T22:36:23.843165+00:00
GDP_VOLUME_EUROPE,fr:country,2014-Q4,2026-09-13T22:36:23.843165+00:00,522844.5,final,2014-10-01,2014-12-31,1,2026-09-13T22:36:23.843165+00:00
GDP_VOLUME_EUROPE,fr:country,2015-Q1,2026-09-13T22:36:23.843165+00:00,525846.1,final,2015-01-01,2015-03-31,1,2026-09-13T22:36:23.843165+00:00
GDP_VOLUME_EUROPE,fr:country,2015-Q2,2026-09-13T22:36:23.843165+00:00,526066.4,final,2015-04-01,2015-06-30,1,2026-09-13T22:36:23.843165+00:00
GDP_VOLUME_EUROPE,fr:country,2015-Q3,2026-09-13T22:36:23.843165+00:00,527646.1,final,2015-07-01,2015-09-30,1,2026-09-13T22:36:23.843165+00:00
GDP_VOLUME_EUROPE,fr:country,2015-Q4,2026-09-13T22:36:23.843165+00:00,529108.4,final,2015-10-01,2015-12-31,1,2026-09-13T22:36:23.843165+00:00
GDP_VOLUME_EUROPE,fr:country,2016-Q1,2026-09-13T22:36:23.843165+00:00,530751.0,final,2016-01-01,2016-03-31,1,2026-09-13T22:36:23.843165+00:00
GDP_VOLUME_EUROPE,fr:country,2016-Q2,2026-09-13T22:36:23.843165+00:00,529386.6,final,2016-04-01,2016-06-30,1,2026-09-13T22:36:23.843165+00:00
GDP_VOLUME_EUROPE,fr:country,2016-Q3,2026-09-13T22:36:23.843165+00:00,530330.0,final,2016-07-01,2016-09-30,1,2026-09-13T22:36:23.843165+00:00
GDP_VOLUME_EUROPE,fr:country,2016-Q4,2026-09-13T22:36:23.843165+00:00,533738.2,final,2016-10-01,2016-12-31,1,2026-09-13T22:36:23.843165+00:00
GDP_VOLUME_EUROPE,fr:country,2017-Q1,2026-09-13T22:36:23.843165+00:00,537273.3,final,2017-01-01,2017-03-31,1,2026-09-13T22:36:23.843165+00:00
GDP_VOLUME_EUROPE,fr:country,2017-Q2,2026-09-13T22:36:23.843165+00:00,541232.2,final,2017-04-01,2017-06-30,1,2026-09-13T22:36:23.843165+00:00
GDP_VOLUME_EUROPE,fr:country,2017-Q3,2026-09-13T22:36:23.843165+00:00,545319.8,final,2017-07-01,2017-09-30,1,2026-09-13T22:36:23.843165+00:00
GDP_VOLUME_EUROPE,fr:country,2017-Q4,2026-09-13T22:36:23.843165+00:00,548589.6,final,2017-10-01,2017-12-31,1,2026-09-13T22:36:23.843165+00:00
GDP_VOLUME_EUROPE,fr:country,2018-Q1,2026-09-13T22:36:23.843165+00:00,548272.2,final,2018-01-01,2018-03-31,1,2026-09-13T22:36:23.843165+00:00
GDP_VOLUME_EUROPE,fr:country,2018-Q2,2026-09-13T22:36:23.843165+00:00,549511.6,final,2018-04-01,2018-06-30,1,2026-09-13T22:36:23.843165+00:00
GDP_VOLUME_EUROPE,fr:country,2018-Q3,2026-09-13T22:36:23.843165+00:00,552535.8,final,2018-07-01,2018-09-30,1,2026-09-13T22:36:23.843165+00:00
GDP_VOLUME_EUROPE,fr:country,2018-Q4,2026-09-13T22:36:23.843165+00:00,556515.8,final,2018-10-01,2018-12-31,1,2026-09-13T22:36:23.843165+00:00
GDP_VOLUME_EUROPE,fr:country,2019-Q1,2026-09-13T22:36:23.843165+00:00,561800.9,final,2019-01-01,2019-03-31,1,2026-09-13T22:36:23.843165+00:00
GDP_VOLUME_EUROPE,fr:country,2019-Q2,2026-09-13T22:36:23.843165+00:00,564589.5,final,2019-04-01,2019-06-30,1,2026-09-13T22:36:23.843165+00:00
GDP_VOLUME_EUROPE,fr:country,2019-Q3,2026-09-13T22:36:23.843165+00:00,564830.1,final,2019-07-01,2019-09-30,1,2026-09-13T22:36:23.843165+00:00
GDP_VOLUME_EUROPE,fr:country,2019-Q4,2026-09-13T22:36:23.843165+00:00,561989.2,final,2019-10-01,2019-12-31,1,2026-09-13T22:36:23.843165+00:00
GDP_VOLUME_EUROPE,fr:country,2020-Q1,2026-09-13T22:36:23.843165+00:00,533873.9,final,2020-01-01,2020-03-31,1,2026-09-13T22:36:23.843165+00:00
GDP_VOLUME_EUROPE,fr:country,2020-Q2,2026-09-13T22:36:23.843165+00:00,468676.0,final,2020-04-01,2020-06-30,1,2026-09-13T22:36:23.843165+00:00
GDP_VOLUME_EUROPE,fr:country,2020-Q3,2026-09-13T22:36:23.843165+00:00,539657.1,final,2020-07-01,2020-09-30,1,2026-09-13T22:36:23.843165+00:00
GDP_VOLUME_EUROPE,fr:country,2020-Q4,2026-09-13T22:36:23.843165+00:00,539598.6,final,2020-10-01,2020-12-31,1,2026-09-13T22:36:23.843165+00:00
GDP_VOLUME_EUROPE,fr:country,2021-Q1,2026-09-13T22:36:23.843165+00:00,542022.6,final,2021-01-01,2021-03-31,1,2026-09-13T22:36:23.843165+00:00
GDP_VOLUME_EUROPE,fr:country,2021-Q2,2026-09-13T22:36:23.843165+00:00,548590.1,final,2021-04-01,2021-06-30,1,2026-09-13T22:36:23.843165+00:00
GDP_VOLUME_EUROPE,fr:country,2021-Q3,2026-09-13T22:36:23.843165+00:00,564836.4,final,2021-07-01,2021-09-30,1,2026-09-13T22:36:23.843165+00:00
GDP_VOLUME_EUROPE,fr:country,2021-Q4,2026-09-13T22:36:23.843165+00:00,567728.4,final,2021-10-01,2021-12-31,1,2026-09-13T22:36:23.843165+00:00
GDP_VOLUME_EUROPE,fr:country,2022-Q1,2026-09-13T22:36:23.843165+00:00,567649.2,final,2022-01-01,2022-03-31,1,2026-09-13T22:36:23.843165+00:00
GDP_VOLUME_EUROPE,fr:country,2022-Q2,2026-09-13T22:36:23.843165+00:00,569896.8,final,2022-04-01,2022-06-30,1,2026-09-13T22:36:23.843165+00:00
GDP_VOLUME_EUROPE,fr:country,2022-Q3,2026-09-13T22:36:23.843165+00:00,572785.9,final,2022-07-01,2022-09-30,1,2026-09-13T22:36:23.843165+00:00
GDP_VOLUME_EUROPE,fr:country,2022-Q4,2026-09-13T22:36:23.843165+00:00,575098.1,final,2022-10-01,2022-12-31,1,2026-09-13T22:36:23.843165+00:00
GDP_VOLUME_EUROPE,fr:country,2023-Q1,2026-09-13T22:36:23.843165+00:00,575925.2,final,2023-01-01,2023-03-31,1,2026-09-13T22:36:23.843165+00:00
GDP_VOLUME_EUROPE,fr:country,2023-Q2,2026-09-13T22:36:23.843165+00:00,581285.6,final,2023-04-01,2023-06-30,1,2026-09-13T22:36:23.843165+00:00
GDP_VOLUME_EUROPE,fr:country,2023-Q3,2026-09-13T22:36:23.843165+00:00,583420.0,final,2023-07-01,2023-09-30,1,2026-09-13T22:36:23.843165+00:00
GDP_VOLUME_EUROPE,fr:country,2023-Q4,2026-09-13T22:36:23.843165+00:00,586361.7,final,2023-10-01,2023-12-31,1,2026-09-13T22:36:23.843165+00:00
GDP_VOLUME_EUROPE,fr:country,2024-Q1,2026-09-13T22:36:23.843165+00:00,587796.5,final,2024-01-01,2024-03-31,1,2026-09-13T22:36:23.843165+00:00
GDP_VOLUME_EUROPE,fr:country,2024-Q2,2026-09-13T22:36:23.843165+00:00,589096.9,final,2024-04-01,2024-06-30,1,2026-09-13T22:36:23.843165+00:00
GDP_VOLUME_EUROPE,fr:country,2024-Q3,2026-09-13T22:36:23.843165+00:00,591659.4,final,2024-07-01,2024-09-30,1,2026-09-13T22:36:23.843165+00:00
GDP_VOLUME_EUROPE,fr:country,2024-Q4,2026-09-13T22:36:23.843165+00:00,591588.5,final,2024-10-01,2024-12-31,1,2026-09-13T22:36:23.843165+00:00
GDP_VOLUME_EUROPE,fr:country,2025-Q1,2026-09-13T22:36:23.843165+00:00,592584.9,final,2025-01-01,2025-03-31,1,2026-09-13T22:36:23.843165+00:00
GDP_VOLUME_EUROPE,fr:country,2025-Q2,2026-09-13T22:36:23.843165+00:00,593982.9,final,2025-04-01,2025-06-30,1,2026-09-13T22:36:23.843165+00:00
GDP_VOLUME_EUROPE,fr:country,2025-Q3,2026-09-13T22:36:23.843165+00:00,596499.9,final,2025-07-01,2025-09-30,1,2026-09-13T22:36:23.843165+00:00
GDP_VOLUME_EUROPE,fr:country,2025-Q4,2026-09-13T22:36:23.843165+00:00,598068.3,final,2025-10-01,2025-12-31,1,2026-09-13T22:36:23.843165+00:00
GDP_VOLUME_EUROPE,fr:country,2026-Q1,2026-09-13T22:36:23.843165+00:00,596992.4,final,2026-01-01,2026-03-31,1,2026-09-13T22:36:23.843165+00:00
GDP_VOLUME_EUROPE,fr:country,2026-Q2,2026-09-13T22:36:23.843165+00:00,597203.9,final,2026-04-01,2026-06-30,1,2026-09-13T22:36:23.843165+00:00
GDP_VOLUME_EUROPE,hr:country,2008-Q1,2026-09-13T22:36:23.843165+00:00,12607.5,final,2008-01-01,2008-03-31,1,2026-09-13T22:36:23.843165+00:00
GDP_VOLUME_EUROPE,hr:country,2008-Q2,2026-09-13T22:36:23.843165+00:00,12649.0,final,2008-04-01,2008-06-30,1,2026-09-13T22:36:23.843165+00:00
GDP_VOLUME_EUROPE,hr:country,2008-Q3,2026-09-13T22:36:23.843165+00:00,12474.8,final,2008-07-01,2008-09-30,1,2026-09-13T22:36:23.843165+00:00
GDP_VOLUME_EUROPE,hr:country,2008-Q4,2026-09-13T22:36:23.843165+00:00,12206.8,final,2008-10-01,2008-12-31,1,2026-09-13T22:36:23.843165+00:00
GDP_VOLUME_EUROPE,hr:country,2009-Q1,2026-09-13T22:36:23.843165+00:00,11646.2,final,2009-01-01,2009-03-31,1,2026-09-13T22:36:23.843165+00:00
GDP_VOLUME_EUROPE,hr:country,2009-Q2,2026-09-13T22:36:23.843165+00:00,11681.1,final,2009-04-01,2009-06-30,1,2026-09-13T22:36:23.843165+00:00
GDP_VOLUME_EUROPE,hr:country,2009-Q3,2026-09-13T22:36:23.843165+00:00,11547.1,final,2009-07-01,2009-09-30,1,2026-09-13T22:36:23.843165+00:00
GDP_VOLUME_EUROPE,hr:country,2009-Q4,2026-09-13T22:36:23.843165+00:00,11666.8,final,2009-10-01,2009-12-31,1,2026-09-13T22:36:23.843165+00:00
GDP_VOLUME_EUROPE,hr:country,2010-Q1,2026-09-13T22:36:23.843165+00:00,11543.0,final,2010-01-01,2010-03-31,1,2026-09-13T22:36:23.843165+00:00
GDP_VOLUME_EUROPE,hr:country,2010-Q2,2026-09-13T22:36:23.843165+00:00,11402.0,final,2010-04-01,2010-06-30,1,2026-09-13T22:36:23.843165+00:00
GDP_VOLUME_EUROPE,hr:country,2010-Q3,2026-09-13T22:36:23.843165+00:00,11552.3,final,2010-07-01,2010-09-30,1,2026-09-13T22:36:23.843165+00:00
GDP_VOLUME_EUROPE,hr:country,2010-Q4,2026-09-13T22:36:23.843165+00:00,11429.0,final,2010-10-01,2010-12-31,1,2026-09-13T22:36:23.843165+00:00
GDP_VOLUME_EUROPE,hr:country,2011-Q1,2026-09-13T22:36:23.843165+00:00,11389.2,final,2011-01-01,2011-03-31,1,2026-09-13T22:36:23.843165+00:00
GDP_VOLUME_EUROPE,hr:country,2011-Q2,2026-09-13T22:36:23.843165+00:00,11568.1,final,2011-04-01,2011-06-30,1,2026-09-13T22:36:23.843165+00:00
GDP_VOLUME_EUROPE,hr:country,2011-Q3,2026-09-13T22:36:23.843165+00:00,11509.1,final,2011-07-01,2011-09-30,1,2026-09-13T22:36:23.843165+00:00
GDP_VOLUME_EUROPE,hr:country,2011-Q4,2026-09-13T22:36:23.843165+00:00,11425.1,final,2011-10-01,2011-12-31,1,2026-09-13T22:36:23.843165+00:00
GDP_VOLUME_EUROPE,hr:country,2012-Q1,2026-09-13T22:36:23.843165+00:00,11304.1,final,2012-01-01,2012-03-31,1,2026-09-13T22:36:23.843165+00:00
GDP_VOLUME_EUROPE,hr:country,2012-Q2,2026-09-13T22:36:23.843165+00:00,11203.6,final,2012-04-01,2012-06-30,1,2026-09-13T22:36:23.843165+00:00
GDP_VOLUME_EUROPE,hr:country,2012-Q3,2026-09-13T22:36:23.843165+00:00,11241.4,final,2012-07-01,2012-09-30,1,2026-09-13T22:36:23.843165+00:00
GDP_VOLUME_EUROPE,hr:country,2012-Q4,2026-09-13T22:36:23.843165+00:00,11155.6,final,2012-10-01,2012-12-31,1,2026-09-13T22:36:23.843165+00:00
GDP_VOLUME_EUROPE,hr:country,2013-Q1,2026-09-13T22:36:23.843165+00:00,11197.0,final,2013-01-01,2013-03-31,1,2026-09-13T22:36:23.843165+00:00
GDP_VOLUME_EUROPE,hr:country,2013-Q2,2026-09-13T22:36:23.843165+00:00,11257.2,final,2013-04-01,2013-06-30,1,2026-09-13T22:36:23.843165+00:00
GDP_VOLUME_EUROPE,hr:country,2013-Q3,2026-09-13T22:36:23.843165+00:00,11218.1,final,2013-07-01,2013-09-30,1,2026-09-13T22:36:23.843165+00:00
GDP_VOLUME_EUROPE,hr:country,2013-Q4,2026-09-13T22:36:23.843165+00:00,11170.9,final,2013-10-01,2013-12-31,1,2026-09-13T22:36:23.843165+00:00
GDP_VOLUME_EUROPE,hr:country,2014-Q1,2026-09-13T22:36:23.843165+00:00,11105.7,final,2014-01-01,2014-03-31,1,2026-09-13T22:36:23.843165+00:00
GDP_VOLUME_EUROPE,hr:country,2014-Q2,2026-09-13T22:36:23.843165+00:00,11179.2,final,2014-04-01,2014-06-30,1,2026-09-13T22:36:23.843165+00:00
GDP_VOLUME_EUROPE,hr:country,2014-Q3,2026-09-13T22:36:23.843165+00:00,11123.6,final,2014-07-01,2014-09-30,1,2026-09-13T22:36:23.843165+00:00
GDP_VOLUME_EUROPE,hr:country,2014-Q4,2026-09-13T22:36:23.843165+00:00,11192.5,final,2014-10-01,2014-12-31,1,2026-09-13T22:36:23.843165+00:00
GDP_VOLUME_EUROPE,hr:country,2015-Q1,2026-09-13T22:36:23.843165+00:00,11297.3,final,2015-01-01,2015-03-31,1,2026-09-13T22:36:23.843165+00:00
GDP_VOLUME_EUROPE,hr:country,2015-Q2,2026-09-13T22:36:23.843165+00:00,11363.4,final,2015-04-01,2015-06-30,1,2026-09-13T22:36:23.843165+00:00
GDP_VOLUME_EUROPE,hr:country,2015-Q3,2026-09-13T22:36:23.843165+00:00,11553.7,final,2015-07-01,2015-09-30,1,2026-09-13T22:36:23.843165+00:00
GDP_VOLUME_EUROPE,hr:country,2015-Q4,2026-09-13T22:36:23.843165+00:00,11382.5,final,2015-10-01,2015-12-31,1,2026-09-13T22:36:23.843165+00:00
GDP_VOLUME_EUROPE,hr:country,2016-Q1,2026-09-13T22:36:23.843165+00:00,11802.1,final,2016-01-01,2016-03-31,1,2026-09-13T22:36:23.843165+00:00
GDP_VOLUME_EUROPE,hr:country,2016-Q2,2026-09-13T22:36:23.843165+00:00,11716.0,final,2016-04-01,2016-06-30,1,2026-09-13T22:36:23.843165+00:00
GDP_VOLUME_EUROPE,hr:country,2016-Q3,2026-09-13T22:36:23.843165+00:00,11775.0,final,2016-07-01,2016-09-30,1,2026-09-13T22:36:23.843165+00:00
GDP_VOLUME_EUROPE,hr:country,2016-Q4,2026-09-13T22:36:23.843165+00:00,11929.3,final,2016-10-01,2016-12-31,1,2026-09-13T22:36:23.843165+00:00
GDP_VOLUME_EUROPE,hr:country,2017-Q1,2026-09-13T22:36:23.843165+00:00,12076.6,final,2017-01-01,2017-03-31,1,2026-09-13T22:36:23.843165+00:00
GDP_VOLUME_EUROPE,hr:country,2017-Q2,2026-09-13T22:36:23.843165+00:00,12110.8,final,2017-04-01,2017-06-30,1,2026-09-13T22:36:23.843165+00:00
GDP_VOLUME_EUROPE,hr:country,2017-Q3,2026-09-13T22:36:23.843165+00:00,12254.6,final,2017-07-01,2017-09-30,1,2026-09-13T22:36:23.843165+00:00
GDP_VOLUME_EUROPE,hr:country,2017-Q4,2026-09-13T22:36:23.843165+00:00,12293.7,final,2017-10-01,2017-12-31,1,2026-09-13T22:36:23.843165+00:00
GDP_VOLUME_EUROPE,hr:country,2018-Q1,2026-09-13T22:36:23.843165+00:00,12328.1,final,2018-01-01,2018-03-31,1,2026-09-13T22:36:23.843165+00:00
GDP_VOLUME_EUROPE,hr:country,2018-Q2,2026-09-13T22:36:23.843165+00:00,12565.1,final,2018-04-01,2018-06-30,1,2026-09-13T22:36:23.843165+00:00
GDP_VOLUME_EUROPE,hr:country,2018-Q3,2026-09-13T22:36:23.843165+00:00,12603.8,final,2018-07-01,2018-09-30,1,2026-09-13T22:36:23.843165+00:00
GDP_VOLUME_EUROPE,hr:country,2018-Q4,2026-09-13T22:36:23.843165+00:00,12654.0,final,2018-10-01,2018-12-31,1,2026-09-13T22:36:23.843165+00:00
GDP_VOLUME_EUROPE,hr:country,2019-Q1,2026-09-13T22:36:23.843165+00:00,12905.9,final,2019-01-01,2019-03-31,1,2026-09-13T22:36:23.843165+00:00
GDP_VOLUME_EUROPE,hr:country,2019-Q2,2026-09-13T22:36:23.843165+00:00,12975.3,final,2019-04-01,2019-06-30,1,2026-09-13T22:36:23.843165+00:00
GDP_VOLUME_EUROPE,hr:country,2019-Q3,2026-09-13T22:36:23.843165+00:00,12951.5,final,2019-07-01,2019-09-30,1,2026-09-13T22:36:23.843165+00:00
GDP_VOLUME_EUROPE,hr:country,2019-Q4,2026-09-13T22:36:23.843165+00:00,12903.7,final,2019-10-01,2019-12-31,1,2026-09-13T22:36:23.843165+00:00
GDP_VOLUME_EUROPE,hr:country,2020-Q1,2026-09-13T22:36:23.843165+00:00,12719.9,final,2020-01-01,2020-03-31,1,2026-09-13T22:36:23.843165+00:00
GDP_VOLUME_EUROPE,hr:country,2020-Q2,2026-09-13T22:36:23.843165+00:00,10949.1,final,2020-04-01,2020-06-30,1,2026-09-13T22:36:23.843165+00:00
GDP_VOLUME_EUROPE,hr:country,2020-Q3,2026-09-13T22:36:23.843165+00:00,11513.3,final,2020-07-01,2020-09-30,1,2026-09-13T22:36:23.843165+00:00
GDP_VOLUME_EUROPE,hr:country,2020-Q4,2026-09-13T22:36:23.843165+00:00,12452.3,final,2020-10-01,2020-12-31,1,2026-09-13T22:36:23.843165+00:00
GDP_VOLUME_EUROPE,hr:country,2021-Q1,2026-09-13T22:36:23.843165+00:00,13170.7,final,2021-01-01,2021-03-31,1,2026-09-13T22:36:23.843165+00:00
GDP_VOLUME_EUROPE,hr:country,2021-Q2,2026-09-13T22:36:23.843165+00:00,13102.7,final,2021-04-01,2021-06-30,1,2026-09-13T22:36:23.843165+00:00
GDP_VOLUME_EUROPE,hr:country,2021-Q3,2026-09-13T22:36:23.843165+00:00,13364.8,final,2021-07-01,2021-09-30,1,2026-09-13T22:36:23.843165+00:00
GDP_VOLUME_EUROPE,hr:country,2021-Q4,2026-09-13T22:36:23.843165+00:00,13789.6,final,2021-10-01,2021-12-31,1,2026-09-13T22:36:23.843165+00:00
GDP_VOLUME_EUROPE,hr:country,2022-Q1,2026-09-13T22:36:23.843165+00:00,14206.0,final,2022-01-01,2022-03-31,1,2026-09-13T22:36:23.843165+00:00
GDP_VOLUME_EUROPE,hr:country,2022-Q2,2026-09-13T22:36:23.843165+00:00,14335.1,final,2022-04-01,2022-06-30,1,2026-09-13T22:36:23.843165+00:00
GDP_VOLUME_EUROPE,hr:country,2022-Q3,2026-09-13T22:36:23.843165+00:00,14456.4,final,2022-07-01,2022-09-30,1,2026-09-13T22:36:23.843165+00:00
GDP_VOLUME_EUROPE,hr:country,2022-Q4,2026-09-13T22:36:23.843165+00:00,14298.5,final,2022-10-01,2022-12-31,1,2026-09-13T22:36:23.843165+00:00
GDP_VOLUME_EUROPE,hr:country,2023-Q1,2026-09-13T22:36:23.843165+00:00,14576.5,final,2023-01-01,2023-03-31,1,2026-09-13T22:36:23.843165+00:00
GDP_VOLUME_EUROPE,hr:country,2023-Q2,2026-09-13T22:36:23.843165+00:00,14863.0,final,2023-04-01,2023-06-30,1,2026-09-13T22:36:23.843165+00:00
GDP_VOLUME_EUROPE,hr:country,2023-Q3,2026-09-13T22:36:23.843165+00:00,14873.5,final,2023-07-01,2023-09-30,1,2026-09-13T22:36:23.843165+00:00
GDP_VOLUME_EUROPE,hr:country,2023-Q4,2026-09-13T22:36:23.843165+00:00,15114.1,final,2023-10-01,2023-12-31,1,2026-09-13T22:36:23.843165+00:00
GDP_VOLUME_EUROPE,hr:country,2024-Q1,2026-09-13T22:36:23.843165+00:00,15178.4,provisional,2024-01-01,2024-03-31,1,2026-09-13T22:36:23.843165+00:00
GDP_VOLUME_EUROPE,hr:country,2024-Q2,2026-09-13T22:36:23.843165+00:00,15370.2,provisional,2024-04-01,2024-06-30,1,2026-09-13T22:36:23.843165+00:00
GDP_VOLUME_EUROPE,hr:country,2024-Q3,2026-09-13T22:36:23.843165+00:00,15525.1,provisional,2024-07-01,2024-09-30,1,2026-09-13T22:36:23.843165+00:00
GDP_VOLUME_EUROPE,hr:country,2024-Q4,2026-09-13T22:36:23.843165+00:00,15617.0,provisional,2024-10-01,2024-12-31,1,2026-09-13T22:36:23.843165+00:00
GDP_VOLUME_EUROPE,hr:country,2025-Q1,2026-09-13T22:36:23.843165+00:00,15765.2,provisional,2025-01-01,2025-03-31,1,2026-09-13T22:36:23.843165+00:00
GDP_VOLUME_EUROPE,hr:country,2025-Q2,2026-09-13T22:36:23.843165+00:00,15926.7,provisional,2025-04-01,2025-06-30,1,2026-09-13T22:36:23.843165+00:00
GDP_VOLUME_EUROPE,hr:country,2025-Q3,2026-09-13T22:36:23.843165+00:00,15969.2,provisional,2025-07-01,2025-09-30,1,2026-09-13T22:36:23.843165+00:00
GDP_VOLUME_EUROPE,hr:country,2025-Q4,2026-09-13T22:36:23.843165+00:00,16152.9,provisional,2025-10-01,2025-12-31,1,2026-09-13T22:36:23.843165+00:00
GDP_VOLUME_EUROPE,hr:country,2026-Q1,2026-09-13T22:36:23.843165+00:00,16132.9,provisional,2026-01-01,2026-03-31,1,2026-09-13T22:36:23.843165+00:00
GDP_VOLUME_EUROPE,hr:country,2026-Q2,2026-09-13T22:36:23.843165+00:00,16199.0,provisional,2026-04-01,2026-06-30,1,2026-09-13T22:36:23.843165+00:00
GDP_VOLUME_EUROPE,hu:country,2008-Q1,2026-09-13T22:36:23.843165+00:00,26529.5,final,2008-01-01,2008-03-31,1,2026-09-13T22:36:23.843165+00:00
GDP_VOLUME_EUROPE,hu:country,2008-Q2,2026-09-13T22:36:23.843165+00:00,26664.4,final,2008-04-01,2008-06-30,1,2026-09-13T22:36:23.843165+00:00
GDP_VOLUME_EUROPE,hu:country,2008-Q3,2026-09-13T22:36:23.843165+00:00,26597.8,final,2008-07-01,2008-09-30,1,2026-09-13T22:36:23.843165+00:00
GDP_VOLUME_EUROPE,hu:country,2008-Q4,2026-09-13T22:36:23.843165+00:00,25660.6,final,2008-10-01,2008-12-31,1,2026-09-13T22:36:23.843165+00:00
GDP_VOLUME_EUROPE,hu:country,2009-Q1,2026-09-13T22:36:23.843165+00:00,24580.5,final,2009-01-01,2009-03-31,1,2026-09-13T22:36:23.843165+00:00
GDP_VOLUME_EUROPE,hu:country,2009-Q2,2026-09-13T22:36:23.843165+00:00,24592.2,final,2009-04-01,2009-06-30,1,2026-09-13T22:36:23.843165+00:00
GDP_VOLUME_EUROPE,hu:country,2009-Q3,2026-09-13T22:36:23.843165+00:00,24579.4,final,2009-07-01,2009-09-30,1,2026-09-13T22:36:23.843165+00:00
GDP_VOLUME_EUROPE,hu:country,2009-Q4,2026-09-13T22:36:23.843165+00:00,24559.7,final,2009-10-01,2009-12-31,1,2026-09-13T22:36:23.843165+00:00
GDP_VOLUME_EUROPE,hu:country,2010-Q1,2026-09-13T22:36:23.843165+00:00,24593.1,final,2010-01-01,2010-03-31,1,2026-09-13T22:36:23.843165+00:00
GDP_VOLUME_EUROPE,hu:country,2010-Q2,2026-09-13T22:36:23.843165+00:00,24787.7,final,2010-04-01,2010-06-30,1,2026-09-13T22:36:23.843165+00:00
GDP_VOLUME_EUROPE,hu:country,2010-Q3,2026-09-13T22:36:23.843165+00:00,24973.8,final,2010-07-01,2010-09-30,1,2026-09-13T22:36:23.843165+00:00
GDP_VOLUME_EUROPE,hu:country,2010-Q4,2026-09-13T22:36:23.843165+00:00,24953.0,final,2010-10-01,2010-12-31,1,2026-09-13T22:36:23.843165+00:00
GDP_VOLUME_EUROPE,hu:country,2011-Q1,2026-09-13T22:36:23.843165+00:00,25254.0,final,2011-01-01,2011-03-31,1,2026-09-13T22:36:23.843165+00:00
GDP_VOLUME_EUROPE,hu:country,2011-Q2,2026-09-13T22:36:23.843165+00:00,25207.4,final,2011-04-01,2011-06-30,1,2026-09-13T22:36:23.843165+00:00
GDP_VOLUME_EUROPE,hu:country,2011-Q3,2026-09-13T22:36:23.843165+00:00,25237.5,final,2011-07-01,2011-09-30,1,2026-09-13T22:36:23.843165+00:00
GDP_VOLUME_EUROPE,hu:country,2011-Q4,2026-09-13T22:36:23.843165+00:00,25522.0,final,2011-10-01,2011-12-31,1,2026-09-13T22:36:23.843165+00:00
GDP_VOLUME_EUROPE,hu:country,2012-Q1,2026-09-13T22:36:23.843165+00:00,25173.2,final,2012-01-01,2012-03-31,1,2026-09-13T22:36:23.843165+00:00
GDP_VOLUME_EUROPE,hu:country,2012-Q2,2026-09-13T22:36:23.843165+00:00,24936.4,final,2012-04-01,2012-06-30,1,2026-09-13T22:36:23.843165+00:00
GDP_VOLUME_EUROPE,hu:country,2012-Q3,2026-09-13T22:36:23.843165+00:00,24996.5,final,2012-07-01,2012-09-30,1,2026-09-13T22:36:23.843165+00:00
GDP_VOLUME_EUROPE,hu:country,2012-Q4,2026-09-13T22:36:23.843165+00:00,24937.9,final,2012-10-01,2012-12-31,1,2026-09-13T22:36:23.843165+00:00
GDP_VOLUME_EUROPE,hu:country,2013-Q1,2026-09-13T22:36:23.843165+00:00,25095.9,final,2013-01-01,2013-03-31,1,2026-09-13T22:36:23.843165+00:00
GDP_VOLUME_EUROPE,hu:country,2013-Q2,2026-09-13T22:36:23.843165+00:00,25331.2,final,2013-04-01,2013-06-30,1,2026-09-13T22:36:23.843165+00:00
GDP_VOLUME_EUROPE,hu:country,2013-Q3,2026-09-13T22:36:23.843165+00:00,25725.1,final,2013-07-01,2013-09-30,1,2026-09-13T22:36:23.843165+00:00
GDP_VOLUME_EUROPE,hu:country,2013-Q4,2026-09-13T22:36:23.843165+00:00,25932.1,final,2013-10-01,2013-12-31,1,2026-09-13T22:36:23.843165+00:00
GDP_VOLUME_EUROPE,hu:country,2014-Q1,2026-09-13T22:36:23.843165+00:00,26183.5,final,2014-01-01,2014-03-31,1,2026-09-13T22:36:23.843165+00:00
GDP_VOLUME_EUROPE,hu:country,2014-Q2,2026-09-13T22:36:23.843165+00:00,26524.3,final,2014-04-01,2014-06-30,1,2026-09-13T22:36:23.843165+00:00
GDP_VOLUME_EUROPE,hu:country,2014-Q3,2026-09-13T22:36:23.843165+00:00,26778.3,final,2014-07-01,2014-09-30,1,2026-09-13T22:36:23.843165+00:00
GDP_VOLUME_EUROPE,hu:country,2014-Q4,2026-09-13T22:36:23.843165+00:00,26925.0,final,2014-10-01,2014-12-31,1,2026-09-13T22:36:23.843165+00:00
GDP_VOLUME_EUROPE,hu:country,2015-Q1,2026-09-13T22:36:23.843165+00:00,27358.8,final,2015-01-01,2015-03-31,1,2026-09-13T22:36:23.843165+00:00
GDP_VOLUME_EUROPE,hu:country,2015-Q2,2026-09-13T22:36:23.843165+00:00,27391.8,final,2015-04-01,2015-06-30,1,2026-09-13T22:36:23.843165+00:00
GDP_VOLUME_EUROPE,hu:country,2015-Q3,2026-09-13T22:36:23.843165+00:00,27601.7,final,2015-07-01,2015-09-30,1,2026-09-13T22:36:23.843165+00:00
GDP_VOLUME_EUROPE,hu:country,2015-Q4,2026-09-13T22:36:23.843165+00:00,27897.8,final,2015-10-01,2015-12-31,1,2026-09-13T22:36:23.843165+00:00
GDP_VOLUME_EUROPE,hu:country,2016-Q1,2026-09-13T22:36:23.843165+00:00,27831.7,final,2016-01-01,2016-03-31,1,2026-09-13T22:36:23.843165+00:00
GDP_VOLUME_EUROPE,hu:country,2016-Q2,2026-09-13T22:36:23.843165+00:00,28179.6,final,2016-04-01,2016-06-30,1,2026-09-13T22:36:23.843165+00:00
GDP_VOLUME_EUROPE,hu:country,2016-Q3,2026-09-13T22:36:23.843165+00:00,28325.1,final,2016-07-01,2016-09-30,1,2026-09-13T22:36:23.843165+00:00
GDP_VOLUME_EUROPE,hu:country,2016-Q4,2026-09-13T22:36:23.843165+00:00,28581.2,final,2016-10-01,2016-12-31,1,2026-09-13T22:36:23.843165+00:00
GDP_VOLUME_EUROPE,hu:country,2017-Q1,2026-09-13T22:36:23.843165+00:00,28927.3,final,2017-01-01,2017-03-31,1,2026-09-13T22:36:23.843165+00:00
GDP_VOLUME_EUROPE,hu:country,2017-Q2,2026-09-13T22:36:23.843165+00:00,29271.3,final,2017-04-01,2017-06-30,1,2026-09-13T22:36:23.843165+00:00
GDP_VOLUME_EUROPE,hu:country,2017-Q3,2026-09-13T22:36:23.843165+00:00,29545.8,final,2017-07-01,2017-09-30,1,2026-09-13T22:36:23.843165+00:00
GDP_VOLUME_EUROPE,hu:country,2017-Q4,2026-09-13T22:36:23.843165+00:00,29981.9,final,2017-10-01,2017-12-31,1,2026-09-13T22:36:23.843165+00:00
GDP_VOLUME_EUROPE,hu:country,2018-Q1,2026-09-13T22:36:23.843165+00:00,30565.7,final,2018-01-01,2018-03-31,1,2026-09-13T22:36:23.843165+00:00
GDP_VOLUME_EUROPE,hu:country,2018-Q2,2026-09-13T22:36:23.843165+00:00,30843.2,final,2018-04-01,2018-06-30,1,2026-09-13T22:36:23.843165+00:00
GDP_VOLUME_EUROPE,hu:country,2018-Q3,2026-09-13T22:36:23.843165+00:00,31306.6,final,2018-07-01,2018-09-30,1,2026-09-13T22:36:23.843165+00:00
GDP_VOLUME_EUROPE,hu:country,2018-Q4,2026-09-13T22:36:23.843165+00:00,31654.6,final,2018-10-01,2018-12-31,1,2026-09-13T22:36:23.843165+00:00
GDP_VOLUME_EUROPE,hu:country,2019-Q1,2026-09-13T22:36:23.843165+00:00,32313.1,final,2019-01-01,2019-03-31,1,2026-09-13T22:36:23.843165+00:00
GDP_VOLUME_EUROPE,hu:country,2019-Q2,2026-09-13T22:36:23.843165+00:00,32412.7,final,2019-04-01,2019-06-30,1,2026-09-13T22:36:23.843165+00:00
GDP_VOLUME_EUROPE,hu:country,2019-Q3,2026-09-13T22:36:23.843165+00:00,32868.7,final,2019-07-01,2019-09-30,1,2026-09-13T22:36:23.843165+00:00
GDP_VOLUME_EUROPE,hu:country,2019-Q4,2026-09-13T22:36:23.843165+00:00,33087.5,final,2019-10-01,2019-12-31,1,2026-09-13T22:36:23.843165+00:00
GDP_VOLUME_EUROPE,hu:country,2020-Q1,2026-09-13T22:36:23.843165+00:00,32996.5,final,2020-01-01,2020-03-31,1,2026-09-13T22:36:23.843165+00:00
GDP_VOLUME_EUROPE,hu:country,2020-Q2,2026-09-13T22:36:23.843165+00:00,28204.1,final,2020-04-01,2020-06-30,1,2026-09-13T22:36:23.843165+00:00
GDP_VOLUME_EUROPE,hu:country,2020-Q3,2026-09-13T22:36:23.843165+00:00,31520.0,final,2020-07-01,2020-09-30,1,2026-09-13T22:36:23.843165+00:00
GDP_VOLUME_EUROPE,hu:country,2020-Q4,2026-09-13T22:36:23.843165+00:00,32090.4,final,2020-10-01,2020-12-31,1,2026-09-13T22:36:23.843165+00:00
GDP_VOLUME_EUROPE,hu:country,2021-Q1,2026-09-13T22:36:23.843165+00:00,32500.3,final,2021-01-01,2021-03-31,1,2026-09-13T22:36:23.843165+00:00
GDP_VOLUME_EUROPE,hu:country,2021-Q2,2026-09-13T22:36:23.843165+00:00,33205.6,final,2021-04-01,2021-06-30,1,2026-09-13T22:36:23.843165+00:00
GDP_VOLUME_EUROPE,hu:country,2021-Q3,2026-09-13T22:36:23.843165+00:00,33605.8,final,2021-07-01,2021-09-30,1,2026-09-13T22:36:23.843165+00:00
GDP_VOLUME_EUROPE,hu:country,2021-Q4,2026-09-13T22:36:23.843165+00:00,34463.9,final,2021-10-01,2021-12-31,1,2026-09-13T22:36:23.843165+00:00
GDP_VOLUME_EUROPE,hu:country,2022-Q1,2026-09-13T22:36:23.843165+00:00,34878.1,final,2022-01-01,2022-03-31,1,2026-09-13T22:36:23.843165+00:00
GDP_VOLUME_EUROPE,hu:country,2022-Q2,2026-09-13T22:36:23.843165+00:00,35186.5,final,2022-04-01,2022-06-30,1,2026-09-13T22:36:23.843165+00:00
GDP_VOLUME_EUROPE,hu:country,2022-Q3,2026-09-13T22:36:23.843165+00:00,34792.9,final,2022-07-01,2022-09-30,1,2026-09-13T22:36:23.843165+00:00
GDP_VOLUME_EUROPE,hu:country,2022-Q4,2026-09-13T22:36:23.843165+00:00,34489.9,final,2022-10-01,2022-12-31,1,2026-09-13T22:36:23.843165+00:00
GDP_VOLUME_EUROPE,hu:country,2023-Q1,2026-09-13T22:36:23.843165+00:00,34356.3,final,2023-01-01,2023-03-31,1,2026-09-13T22:36:23.843165+00:00
GDP_VOLUME_EUROPE,hu:country,2023-Q2,2026-09-13T22:36:23.843165+00:00,34369.1,final,2023-04-01,2023-06-30,1,2026-09-13T22:36:23.843165+00:00
GDP_VOLUME_EUROPE,hu:country,2023-Q3,2026-09-13T22:36:23.843165+00:00,34842.7,final,2023-07-01,2023-09-30,1,2026-09-13T22:36:23.843165+00:00
GDP_VOLUME_EUROPE,hu:country,2023-Q4,2026-09-13T22:36:23.843165+00:00,34850.9,final,2023-10-01,2023-12-31,1,2026-09-13T22:36:23.843165+00:00
GDP_VOLUME_EUROPE,hu:country,2024-Q1,2026-09-13T22:36:23.843165+00:00,34917.7,final,2024-01-01,2024-03-31,1,2026-09-13T22:36:23.843165+00:00
GDP_VOLUME_EUROPE,hu:country,2024-Q2,2026-09-13T22:36:23.843165+00:00,34861.8,final,2024-04-01,2024-06-30,1,2026-09-13T22:36:23.843165+00:00
GDP_VOLUME_EUROPE,hu:country,2024-Q3,2026-09-13T22:36:23.843165+00:00,34770.5,final,2024-07-01,2024-09-30,1,2026-09-13T22:36:23.843165+00:00
GDP_VOLUME_EUROPE,hu:country,2024-Q4,2026-09-13T22:36:23.843165+00:00,34875.3,final,2024-10-01,2024-12-31,1,2026-09-13T22:36:23.843165+00:00
GDP_VOLUME_EUROPE,hu:country,2025-Q1,2026-09-13T22:36:23.843165+00:00,34818.8,provisional,2025-01-01,2025-03-31,1,2026-09-13T22:36:23.843165+00:00
GDP_VOLUME_EUROPE,hu:country,2025-Q2,2026-09-13T22:36:23.843165+00:00,35008.5,provisional,2025-04-01,2025-06-30,1,2026-09-13T22:36:23.843165+00:00
GDP_VOLUME_EUROPE,hu:country,2025-Q3,2026-09-13T22:36:23.843165+00:00,35065.7,provisional,2025-07-01,2025-09-30,1,2026-09-13T22:36:23.843165+00:00
GDP_VOLUME_EUROPE,hu:country,2025-Q4,2026-09-13T22:36:23.843165+00:00,35138.1,provisional,2025-10-01,2025-12-31,1,2026-09-13T22:36:23.843165+00:00
GDP_VOLUME_EUROPE,hu:country,2026-Q1,2026-09-13T22:36:23.843165+00:00,35428.9,provisional,2026-01-01,2026-03-31,1,2026-09-13T22:36:23.843165+00:00
GDP_VOLUME_EUROPE,hu:country,2026-Q2,2026-09-13T22:36:23.843165+00:00,35604.1,provisional,2026-04-01,2026-06-30,1,2026-09-13T22:36:23.843165+00:00
GDP_VOLUME_EUROPE,ie:country,2008-Q1,2026-09-13T22:36:23.843165+00:00,44826.6,final,2008-01-01,2008-03-31,1,2026-09-13T22:36:23.843165+00:00
GDP_VOLUME_EUROPE,ie:country,2008-Q2,2026-09-13T22:36:23.843165+00:00,43775.9,final,2008-04-01,2008-06-30,1,2026-09-13T22:36:23.843165+00:00
GDP_VOLUME_EUROPE,ie:country,2008-Q3,2026-09-13T22:36:23.843165+00:00,43201.7,final,2008-07-01,2008-09-30,1,2026-09-13T22:36:23.843165+00:00
GDP_VOLUME_EUROPE,ie:country,2008-Q4,2026-09-13T22:36:23.843165+00:00,41272.2,final,2008-10-01,2008-12-31,1,2026-09-13T22:36:23.843165+00:00
GDP_VOLUME_EUROPE,ie:country,2009-Q1,2026-09-13T22:36:23.843165+00:00,41694.7,final,2009-01-01,2009-03-31,1,2026-09-13T22:36:23.843165+00:00
GDP_VOLUME_EUROPE,ie:country,2009-Q2,2026-09-13T22:36:23.843165+00:00,41819.5,final,2009-04-01,2009-06-30,1,2026-09-13T22:36:23.843165+00:00
GDP_VOLUME_EUROPE,ie:country,2009-Q3,2026-09-13T22:36:23.843165+00:00,41014.7,final,2009-07-01,2009-09-30,1,2026-09-13T22:36:23.843165+00:00
GDP_VOLUME_EUROPE,ie:country,2009-Q4,2026-09-13T22:36:23.843165+00:00,40155.6,final,2009-10-01,2009-12-31,1,2026-09-13T22:36:23.843165+00:00
GDP_VOLUME_EUROPE,ie:country,2010-Q1,2026-09-13T22:36:23.843165+00:00,41588.6,final,2010-01-01,2010-03-31,1,2026-09-13T22:36:23.843165+00:00
GDP_VOLUME_EUROPE,ie:country,2010-Q2,2026-09-13T22:36:23.843165+00:00,42055.0,final,2010-04-01,2010-06-30,1,2026-09-13T22:36:23.843165+00:00
GDP_VOLUME_EUROPE,ie:country,2010-Q3,2026-09-13T22:36:23.843165+00:00,42049.2,final,2010-07-01,2010-09-30,1,2026-09-13T22:36:23.843165+00:00
GDP_VOLUME_EUROPE,ie:country,2010-Q4,2026-09-13T22:36:23.843165+00:00,41602.9,final,2010-10-01,2010-12-31,1,2026-09-13T22:36:23.843165+00:00
GDP_VOLUME_EUROPE,ie:country,2011-Q1,2026-09-13T22:36:23.843165+00:00,42644.6,final,2011-01-01,2011-03-31,1,2026-09-13T22:36:23.843165+00:00
GDP_VOLUME_EUROPE,ie:country,2011-Q2,2026-09-13T22:36:23.843165+00:00,43114.4,final,2011-04-01,2011-06-30,1,2026-09-13T22:36:23.843165+00:00
GDP_VOLUME_EUROPE,ie:country,2011-Q3,2026-09-13T22:36:23.843165+00:00,42314.2,final,2011-07-01,2011-09-30,1,2026-09-13T22:36:23.843165+00:00
GDP_VOLUME_EUROPE,ie:country,2011-Q4,2026-09-13T22:36:23.843165+00:00,41896.9,final,2011-10-01,2011-12-31,1,2026-09-13T22:36:23.843165+00:00
GDP_VOLUME_EUROPE,ie:country,2012-Q1,2026-09-13T22:36:23.843165+00:00,41934.6,final,2012-01-01,2012-03-31,1,2026-09-13T22:36:23.843165+00:00
GDP_VOLUME_EUROPE,ie:country,2012-Q2,2026-09-13T22:36:23.843165+00:00,43323.1,final,2012-04-01,2012-06-30,1,2026-09-13T22:36:23.843165+00:00
GDP_VOLUME_EUROPE,ie:country,2012-Q3,2026-09-13T22:36:23.843165+00:00,42029.6,final,2012-07-01,2012-09-30,1,2026-09-13T22:36:23.843165+00:00
GDP_VOLUME_EUROPE,ie:country,2012-Q4,2026-09-13T22:36:23.843165+00:00,41770.9,final,2012-10-01,2012-12-31,1,2026-09-13T22:36:23.843165+00:00
GDP_VOLUME_EUROPE,ie:country,2013-Q1,2026-09-13T22:36:23.843165+00:00,42264.5,final,2013-01-01,2013-03-31,1,2026-09-13T22:36:23.843165+00:00
GDP_VOLUME_EUROPE,ie:country,2013-Q2,2026-09-13T22:36:23.843165+00:00,43036.7,final,2013-04-01,2013-06-30,1,2026-09-13T22:36:23.843165+00:00
GDP_VOLUME_EUROPE,ie:country,2013-Q3,2026-09-13T22:36:23.843165+00:00,44364.2,final,2013-07-01,2013-09-30,1,2026-09-13T22:36:23.843165+00:00
GDP_VOLUME_EUROPE,ie:country,2013-Q4,2026-09-13T22:36:23.843165+00:00,43258.4,final,2013-10-01,2013-12-31,1,2026-09-13T22:36:23.843165+00:00
GDP_VOLUME_EUROPE,ie:country,2014-Q1,2026-09-13T22:36:23.843165+00:00,46340.9,final,2014-01-01,2014-03-31,1,2026-09-13T22:36:23.843165+00:00
GDP_VOLUME_EUROPE,ie:country,2014-Q2,2026-09-13T22:36:23.843165+00:00,47505.6,final,2014-04-01,2014-06-30,1,2026-09-13T22:36:23.843165+00:00
GDP_VOLUME_EUROPE,ie:country,2014-Q3,2026-09-13T22:36:23.843165+00:00,47847.4,final,2014-07-01,2014-09-30,1,2026-09-13T22:36:23.843165+00:00
GDP_VOLUME_EUROPE,ie:country,2014-Q4,2026-09-13T22:36:23.843165+00:00,47610.3,final,2014-10-01,2014-12-31,1,2026-09-13T22:36:23.843165+00:00
GDP_VOLUME_EUROPE,ie:country,2015-Q1,2026-09-13T22:36:23.843165+00:00,59332.3,final,2015-01-01,2015-03-31,1,2026-09-13T22:36:23.843165+00:00
GDP_VOLUME_EUROPE,ie:country,2015-Q2,2026-09-13T22:36:23.843165+00:00,57825.0,final,2015-04-01,2015-06-30,1,2026-09-13T22:36:23.843165+00:00
GDP_VOLUME_EUROPE,ie:country,2015-Q3,2026-09-13T22:36:23.843165+00:00,59261.5,final,2015-07-01,2015-09-30,1,2026-09-13T22:36:23.843165+00:00
GDP_VOLUME_EUROPE,ie:country,2015-Q4,2026-09-13T22:36:23.843165+00:00,59352.6,final,2015-10-01,2015-12-31,1,2026-09-13T22:36:23.843165+00:00
GDP_VOLUME_EUROPE,ie:country,2016-Q1,2026-09-13T22:36:23.843165+00:00,58384.9,final,2016-01-01,2016-03-31,1,2026-09-13T22:36:23.843165+00:00
GDP_VOLUME_EUROPE,ie:country,2016-Q2,2026-09-13T22:36:23.843165+00:00,57897.7,final,2016-04-01,2016-06-30,1,2026-09-13T22:36:23.843165+00:00
GDP_VOLUME_EUROPE,ie:country,2016-Q3,2026-09-13T22:36:23.843165+00:00,58011.3,final,2016-07-01,2016-09-30,1,2026-09-13T22:36:23.843165+00:00
GDP_VOLUME_EUROPE,ie:country,2016-Q4,2026-09-13T22:36:23.843165+00:00,64258.3,final,2016-10-01,2016-12-31,1,2026-09-13T22:36:23.843165+00:00
GDP_VOLUME_EUROPE,ie:country,2017-Q1,2026-09-13T22:36:23.843165+00:00,62841.6,final,2017-01-01,2017-03-31,1,2026-09-13T22:36:23.843165+00:00
GDP_VOLUME_EUROPE,ie:country,2017-Q2,2026-09-13T22:36:23.843165+00:00,63367.8,final,2017-04-01,2017-06-30,1,2026-09-13T22:36:23.843165+00:00
GDP_VOLUME_EUROPE,ie:country,2017-Q3,2026-09-13T22:36:23.843165+00:00,67141.7,final,2017-07-01,2017-09-30,1,2026-09-13T22:36:23.843165+00:00
GDP_VOLUME_EUROPE,ie:country,2017-Q4,2026-09-13T22:36:23.843165+00:00,69301.2,final,2017-10-01,2017-12-31,1,2026-09-13T22:36:23.843165+00:00
GDP_VOLUME_EUROPE,ie:country,2018-Q1,2026-09-13T22:36:23.843165+00:00,69996.1,final,2018-01-01,2018-03-31,1,2026-09-13T22:36:23.843165+00:00
GDP_VOLUME_EUROPE,ie:country,2018-Q2,2026-09-13T22:36:23.843165+00:00,70196.6,final,2018-04-01,2018-06-30,1,2026-09-13T22:36:23.843165+00:00
GDP_VOLUME_EUROPE,ie:country,2018-Q3,2026-09-13T22:36:23.843165+00:00,71228.4,final,2018-07-01,2018-09-30,1,2026-09-13T22:36:23.843165+00:00
GDP_VOLUME_EUROPE,ie:country,2018-Q4,2026-09-13T22:36:23.843165+00:00,71531.1,final,2018-10-01,2018-12-31,1,2026-09-13T22:36:23.843165+00:00
GDP_VOLUME_EUROPE,ie:country,2019-Q1,2026-09-13T22:36:23.843165+00:00,72305.3,final,2019-01-01,2019-03-31,1,2026-09-13T22:36:23.843165+00:00
GDP_VOLUME_EUROPE,ie:country,2019-Q2,2026-09-13T22:36:23.843165+00:00,73341.7,final,2019-04-01,2019-06-30,1,2026-09-13T22:36:23.843165+00:00
GDP_VOLUME_EUROPE,ie:country,2019-Q3,2026-09-13T22:36:23.843165+00:00,75309.0,final,2019-07-01,2019-09-30,1,2026-09-13T22:36:23.843165+00:00
GDP_VOLUME_EUROPE,ie:country,2019-Q4,2026-09-13T22:36:23.843165+00:00,75979.7,final,2019-10-01,2019-12-31,1,2026-09-13T22:36:23.843165+00:00
GDP_VOLUME_EUROPE,ie:country,2020-Q1,2026-09-13T22:36:23.843165+00:00,79017.9,final,2020-01-01,2020-03-31,1,2026-09-13T22:36:23.843165+00:00
GDP_VOLUME_EUROPE,ie:country,2020-Q2,2026-09-13T22:36:23.843165+00:00,74710.8,final,2020-04-01,2020-06-30,1,2026-09-13T22:36:23.843165+00:00
GDP_VOLUME_EUROPE,ie:country,2020-Q3,2026-09-13T22:36:23.843165+00:00,84264.3,final,2020-07-01,2020-09-30,1,2026-09-13T22:36:23.843165+00:00
GDP_VOLUME_EUROPE,ie:country,2020-Q4,2026-09-13T22:36:23.843165+00:00,80429.6,final,2020-10-01,2020-12-31,1,2026-09-13T22:36:23.843165+00:00
GDP_VOLUME_EUROPE,ie:country,2021-Q1,2026-09-13T22:36:23.843165+00:00,89391.7,final,2021-01-01,2021-03-31,1,2026-09-13T22:36:23.843165+00:00
GDP_VOLUME_EUROPE,ie:country,2021-Q2,2026-09-13T22:36:23.843165+00:00,91822.1,final,2021-04-01,2021-06-30,1,2026-09-13T22:36:23.843165+00:00
GDP_VOLUME_EUROPE,ie:country,2021-Q3,2026-09-13T22:36:23.843165+00:00,96150.8,final,2021-07-01,2021-09-30,1,2026-09-13T22:36:23.843165+00:00
GDP_VOLUME_EUROPE,ie:country,2021-Q4,2026-09-13T22:36:23.843165+00:00,93051.3,final,2021-10-01,2021-12-31,1,2026-09-13T22:36:23.843165+00:00
GDP_VOLUME_EUROPE,ie:country,2022-Q1,2026-09-13T22:36:23.843165+00:00,96144.9,final,2022-01-01,2022-03-31,1,2026-09-13T22:36:23.843165+00:00
GDP_VOLUME_EUROPE,ie:country,2022-Q2,2026-09-13T22:36:23.843165+00:00,99353.0,final,2022-04-01,2022-06-30,1,2026-09-13T22:36:23.843165+00:00
GDP_VOLUME_EUROPE,ie:country,2022-Q3,2026-09-13T22:36:23.843165+00:00,103766.0,final,2022-07-01,2022-09-30,1,2026-09-13T22:36:23.843165+00:00
GDP_VOLUME_EUROPE,ie:country,2022-Q4,2026-09-13T22:36:23.843165+00:00,101960.5,final,2022-10-01,2022-12-31,1,2026-09-13T22:36:23.843165+00:00
GDP_VOLUME_EUROPE,ie:country,2023-Q1,2026-09-13T22:36:23.843165+00:00,96911.7,final,2023-01-01,2023-03-31,1,2026-09-13T22:36:23.843165+00:00
GDP_VOLUME_EUROPE,ie:country,2023-Q2,2026-09-13T22:36:23.843165+00:00,97630.9,final,2023-04-01,2023-06-30,1,2026-09-13T22:36:23.843165+00:00
GDP_VOLUME_EUROPE,ie:country,2023-Q3,2026-09-13T22:36:23.843165+00:00,98795.5,final,2023-07-01,2023-09-30,1,2026-09-13T22:36:23.843165+00:00
GDP_VOLUME_EUROPE,ie:country,2023-Q4,2026-09-13T22:36:23.843165+00:00,94006.9,final,2023-10-01,2023-12-31,1,2026-09-13T22:36:23.843165+00:00
GDP_VOLUME_EUROPE,ie:country,2024-Q1,2026-09-13T22:36:23.843165+00:00,96167.2,final,2024-01-01,2024-03-31,1,2026-09-13T22:36:23.843165+00:00
GDP_VOLUME_EUROPE,ie:country,2024-Q2,2026-09-13T22:36:23.843165+00:00,96264.7,final,2024-04-01,2024-06-30,1,2026-09-13T22:36:23.843165+00:00
GDP_VOLUME_EUROPE,ie:country,2024-Q3,2026-09-13T22:36:23.843165+00:00,103681.7,final,2024-07-01,2024-09-30,1,2026-09-13T22:36:23.843165+00:00
GDP_VOLUME_EUROPE,ie:country,2024-Q4,2026-09-13T22:36:23.843165+00:00,105511.7,final,2024-10-01,2024-12-31,1,2026-09-13T22:36:23.843165+00:00
GDP_VOLUME_EUROPE,ie:country,2025-Q1,2026-09-13T22:36:23.843165+00:00,112174.8,final,2025-01-01,2025-03-31,1,2026-09-13T22:36:23.843165+00:00
GDP_VOLUME_EUROPE,ie:country,2025-Q2,2026-09-13T22:36:23.843165+00:00,107521.4,final,2025-04-01,2025-06-30,1,2026-09-13T22:36:23.843165+00:00
GDP_VOLUME_EUROPE,ie:country,2025-Q3,2026-09-13T22:36:23.843165+00:00,109015.2,final,2025-07-01,2025-09-30,1,2026-09-13T22:36:23.843165+00:00
GDP_VOLUME_EUROPE,ie:country,2025-Q4,2026-09-13T22:36:23.843165+00:00,105404.4,final,2025-10-01,2025-12-31,1,2026-09-13T22:36:23.843165+00:00
GDP_VOLUME_EUROPE,ie:country,2026-Q1,2026-09-13T22:36:23.843165+00:00,97177.0,final,2026-01-01,2026-03-31,1,2026-09-13T22:36:23.843165+00:00
GDP_VOLUME_EUROPE,ie:country,2026-Q2,2026-09-13T22:36:23.843165+00:00,107073.0,final,2026-04-01,2026-06-30,1,2026-09-13T22:36:23.843165+00:00
GDP_VOLUME_EUROPE,is:country,2008-Q1,2026-09-13T22:36:23.843165+00:00,2945.9,final,2008-01-01,2008-03-31,1,2026-09-13T22:36:23.843165+00:00
GDP_VOLUME_EUROPE,is:country,2008-Q2,2026-09-13T22:36:23.843165+00:00,2981.2,final,2008-04-01,2008-06-30,1,2026-09-13T22:36:23.843165+00:00
GDP_VOLUME_EUROPE,is:country,2008-Q3,2026-09-13T22:36:23.843165+00:00,2825.3,final,2008-07-01,2008-09-30,1,2026-09-13T22:36:23.843165+00:00
GDP_VOLUME_EUROPE,is:country,2008-Q4,2026-09-13T22:36:23.843165+00:00,2975.4,final,2008-10-01,2008-12-31,1,2026-09-13T22:36:23.843165+00:00
GDP_VOLUME_EUROPE,is:country,2009-Q1,2026-09-13T22:36:23.843165+00:00,2695.1,final,2009-01-01,2009-03-31,1,2026-09-13T22:36:23.843165+00:00
GDP_VOLUME_EUROPE,is:country,2009-Q2,2026-09-13T22:36:23.843165+00:00,2668.2,final,2009-04-01,2009-06-30,1,2026-09-13T22:36:23.843165+00:00
GDP_VOLUME_EUROPE,is:country,2009-Q3,2026-09-13T22:36:23.843165+00:00,2713.3,final,2009-07-01,2009-09-30,1,2026-09-13T22:36:23.843165+00:00
GDP_VOLUME_EUROPE,is:country,2009-Q4,2026-09-13T22:36:23.843165+00:00,2675.3,final,2009-10-01,2009-12-31,1,2026-09-13T22:36:23.843165+00:00
GDP_VOLUME_EUROPE,is:country,2010-Q1,2026-09-13T22:36:23.843165+00:00,2553.0,final,2010-01-01,2010-03-31,1,2026-09-13T22:36:23.843165+00:00
GDP_VOLUME_EUROPE,is:country,2010-Q2,2026-09-13T22:36:23.843165+00:00,2669.6,final,2010-04-01,2010-06-30,1,2026-09-13T22:36:23.843165+00:00
GDP_VOLUME_EUROPE,is:country,2010-Q3,2026-09-13T22:36:23.843165+00:00,2613.1,final,2010-07-01,2010-09-30,1,2026-09-13T22:36:23.843165+00:00
GDP_VOLUME_EUROPE,is:country,2010-Q4,2026-09-13T22:36:23.843165+00:00,2677.3,final,2010-10-01,2010-12-31,1,2026-09-13T22:36:23.843165+00:00
GDP_VOLUME_EUROPE,is:country,2011-Q1,2026-09-13T22:36:23.843165+00:00,2577.5,final,2011-01-01,2011-03-31,1,2026-09-13T22:36:23.843165+00:00
GDP_VOLUME_EUROPE,is:country,2011-Q2,2026-09-13T22:36:23.843165+00:00,2663.4,final,2011-04-01,2011-06-30,1,2026-09-13T22:36:23.843165+00:00
GDP_VOLUME_EUROPE,is:country,2011-Q3,2026-09-13T22:36:23.843165+00:00,2709.3,final,2011-07-01,2011-09-30,1,2026-09-13T22:36:23.843165+00:00
GDP_VOLUME_EUROPE,is:country,2011-Q4,2026-09-13T22:36:23.843165+00:00,2707.8,final,2011-10-01,2011-12-31,1,2026-09-13T22:36:23.843165+00:00
GDP_VOLUME_EUROPE,is:country,2012-Q1,2026-09-13T22:36:23.843165+00:00,2629.8,final,2012-01-01,2012-03-31,1,2026-09-13T22:36:23.843165+00:00
GDP_VOLUME_EUROPE,is:country,2012-Q2,2026-09-13T22:36:23.843165+00:00,2684.3,final,2012-04-01,2012-06-30,1,2026-09-13T22:36:23.843165+00:00
GDP_VOLUME_EUROPE,is:country,2012-Q3,2026-09-13T22:36:23.843165+00:00,2730.0,final,2012-07-01,2012-09-30,1,2026-09-13T22:36:23.843165+00:00
GDP_VOLUME_EUROPE,is:country,2012-Q4,2026-09-13T22:36:23.843165+00:00,2738.5,final,2012-10-01,2012-12-31,1,2026-09-13T22:36:23.843165+00:00
GDP_VOLUME_EUROPE,is:country,2013-Q1,2026-09-13T22:36:23.843165+00:00,2742.2,final,2013-01-01,2013-03-31,1,2026-09-13T22:36:23.843165+00:00
GDP_VOLUME_EUROPE,is:country,2013-Q2,2026-09-13T22:36:23.843165+00:00,2764.5,final,2013-04-01,2013-06-30,1,2026-09-13T22:36:23.843165+00:00
GDP_VOLUME_EUROPE,is:country,2013-Q3,2026-09-13T22:36:23.843165+00:00,2804.9,final,2013-07-01,2013-09-30,1,2026-09-13T22:36:23.843165+00:00
GDP_VOLUME_EUROPE,is:country,2013-Q4,2026-09-13T22:36:23.843165+00:00,2858.8,final,2013-10-01,2013-12-31,1,2026-09-13T22:36:23.843165+00:00
GDP_VOLUME_EUROPE,is:country,2014-Q1,2026-09-13T22:36:23.843165+00:00,2801.4,final,2014-01-01,2014-03-31,1,2026-09-13T22:36:23.843165+00:00
GDP_VOLUME_EUROPE,is:country,2014-Q2,2026-09-13T22:36:23.843165+00:00,2800.7,final,2014-04-01,2014-06-30,1,2026-09-13T22:36:23.843165+00:00
GDP_VOLUME_EUROPE,is:country,2014-Q3,2026-09-13T22:36:23.843165+00:00,2914.2,final,2014-07-01,2014-09-30,1,2026-09-13T22:36:23.843165+00:00
GDP_VOLUME_EUROPE,is:country,2014-Q4,2026-09-13T22:36:23.843165+00:00,2867.9,final,2014-10-01,2014-12-31,1,2026-09-13T22:36:23.843165+00:00
GDP_VOLUME_EUROPE,is:country,2015-Q1,2026-09-13T22:36:23.843165+00:00,2833.5,final,2015-01-01,2015-03-31,1,2026-09-13T22:36:23.843165+00:00
GDP_VOLUME_EUROPE,is:country,2015-Q2,2026-09-13T22:36:23.843165+00:00,2987.0,final,2015-04-01,2015-06-30,1,2026-09-13T22:36:23.843165+00:00
GDP_VOLUME_EUROPE,is:country,2015-Q3,2026-09-13T22:36:23.843165+00:00,2997.6,final,2015-07-01,2015-09-30,1,2026-09-13T22:36:23.843165+00:00
GDP_VOLUME_EUROPE,is:country,2015-Q4,2026-09-13T22:36:23.843165+00:00,2995.2,final,2015-10-01,2015-12-31,1,2026-09-13T22:36:23.843165+00:00
GDP_VOLUME_EUROPE,is:country,2016-Q1,2026-09-13T22:36:23.843165+00:00,2947.8,final,2016-01-01,2016-03-31,1,2026-09-13T22:36:23.843165+00:00
GDP_VOLUME_EUROPE,is:country,2016-Q2,2026-09-13T22:36:23.843165+00:00,3117.3,final,2016-04-01,2016-06-30,1,2026-09-13T22:36:23.843165+00:00
GDP_VOLUME_EUROPE,is:country,2016-Q3,2026-09-13T22:36:23.843165+00:00,3197.4,final,2016-07-01,2016-09-30,1,2026-09-13T22:36:23.843165+00:00
GDP_VOLUME_EUROPE,is:country,2016-Q4,2026-09-13T22:36:23.843165+00:00,3285.4,final,2016-10-01,2016-12-31,1,2026-09-13T22:36:23.843165+00:00
GDP_VOLUME_EUROPE,is:country,2017-Q1,2026-09-13T22:36:23.843165+00:00,3152.6,final,2017-01-01,2017-03-31,1,2026-09-13T22:36:23.843165+00:00
GDP_VOLUME_EUROPE,is:country,2017-Q2,2026-09-13T22:36:23.843165+00:00,3228.9,final,2017-04-01,2017-06-30,1,2026-09-13T22:36:23.843165+00:00
GDP_VOLUME_EUROPE,is:country,2017-Q3,2026-09-13T22:36:23.843165+00:00,3250.7,final,2017-07-01,2017-09-30,1,2026-09-13T22:36:23.843165+00:00
GDP_VOLUME_EUROPE,is:country,2017-Q4,2026-09-13T22:36:23.843165+00:00,3353.0,final,2017-10-01,2017-12-31,1,2026-09-13T22:36:23.843165+00:00
GDP_VOLUME_EUROPE,is:country,2018-Q1,2026-09-13T22:36:23.843165+00:00,3377.8,final,2018-01-01,2018-03-31,1,2026-09-13T22:36:23.843165+00:00
GDP_VOLUME_EUROPE,is:country,2018-Q2,2026-09-13T22:36:23.843165+00:00,3377.5,final,2018-04-01,2018-06-30,1,2026-09-13T22:36:23.843165+00:00
GDP_VOLUME_EUROPE,is:country,2018-Q3,2026-09-13T22:36:23.843165+00:00,3393.8,final,2018-07-01,2018-09-30,1,2026-09-13T22:36:23.843165+00:00
GDP_VOLUME_EUROPE,is:country,2018-Q4,2026-09-13T22:36:23.843165+00:00,3441.2,final,2018-10-01,2018-12-31,1,2026-09-13T22:36:23.843165+00:00
GDP_VOLUME_EUROPE,is:country,2019-Q1,2026-09-13T22:36:23.843165+00:00,3461.2,final,2019-01-01,2019-03-31,1,2026-09-13T22:36:23.843165+00:00
GDP_VOLUME_EUROPE,is:country,2019-Q2,2026-09-13T22:36:23.843165+00:00,3419.8,final,2019-04-01,2019-06-30,1,2026-09-13T22:36:23.843165+00:00
GDP_VOLUME_EUROPE,is:country,2019-Q3,2026-09-13T22:36:23.843165+00:00,3361.3,final,2019-07-01,2019-09-30,1,2026-09-13T22:36:23.843165+00:00
GDP_VOLUME_EUROPE,is:country,2019-Q4,2026-09-13T22:36:23.843165+00:00,3502.7,final,2019-10-01,2019-12-31,1,2026-09-13T22:36:23.843165+00:00
GDP_VOLUME_EUROPE,is:country,2020-Q1,2026-09-13T22:36:23.843165+00:00,3280.0,final,2020-01-01,2020-03-31,1,2026-09-13T22:36:23.843165+00:00
GDP_VOLUME_EUROPE,is:country,2020-Q2,2026-09-13T22:36:23.843165+00:00,3046.1,final,2020-04-01,2020-06-30,1,2026-09-13T22:36:23.843165+00:00
GDP_VOLUME_EUROPE,is:country,2020-Q3,2026-09-13T22:36:23.843165+00:00,3179.8,final,2020-07-01,2020-09-30,1,2026-09-13T22:36:23.843165+00:00
GDP_VOLUME_EUROPE,is:country,2020-Q4,2026-09-13T22:36:23.843165+00:00,3325.7,final,2020-10-01,2020-12-31,1,2026-09-13T22:36:23.843165+00:00
GDP_VOLUME_EUROPE,is:country,2021-Q1,2026-09-13T22:36:23.843165+00:00,3209.5,final,2021-01-01,2021-03-31,1,2026-09-13T22:36:23.843165+00:00
GDP_VOLUME_EUROPE,is:country,2021-Q2,2026-09-13T22:36:23.843165+00:00,3325.6,final,2021-04-01,2021-06-30,1,2026-09-13T22:36:23.843165+00:00
GDP_VOLUME_EUROPE,is:country,2021-Q3,2026-09-13T22:36:23.843165+00:00,3433.6,final,2021-07-01,2021-09-30,1,2026-09-13T22:36:23.843165+00:00
GDP_VOLUME_EUROPE,is:country,2021-Q4,2026-09-13T22:36:23.843165+00:00,3527.7,final,2021-10-01,2021-12-31,1,2026-09-13T22:36:23.843165+00:00
GDP_VOLUME_EUROPE,is:country,2022-Q1,2026-09-13T22:36:23.843165+00:00,3518.0,final,2022-01-01,2022-03-31,1,2026-09-13T22:36:23.843165+00:00
GDP_VOLUME_EUROPE,is:country,2022-Q2,2026-09-13T22:36:23.843165+00:00,3629.4,final,2022-04-01,2022-06-30,1,2026-09-13T22:36:23.843165+00:00
GDP_VOLUME_EUROPE,is:country,2022-Q3,2026-09-13T22:36:23.843165+00:00,3691.1,final,2022-07-01,2022-09-30,1,2026-09-13T22:36:23.843165+00:00
GDP_VOLUME_EUROPE,is:country,2022-Q4,2026-09-13T22:36:23.843165+00:00,3853.2,final,2022-10-01,2022-12-31,1,2026-09-13T22:36:23.843165+00:00
GDP_VOLUME_EUROPE,is:country,2023-Q1,2026-09-13T22:36:23.843165+00:00,3852.9,final,2023-01-01,2023-03-31,1,2026-09-13T22:36:23.843165+00:00
GDP_VOLUME_EUROPE,is:country,2023-Q2,2026-09-13T22:36:23.843165+00:00,3950.0,final,2023-04-01,2023-06-30,1,2026-09-13T22:36:23.843165+00:00
GDP_VOLUME_EUROPE,is:country,2023-Q3,2026-09-13T22:36:23.843165+00:00,3814.7,final,2023-07-01,2023-09-30,1,2026-09-13T22:36:23.843165+00:00
GDP_VOLUME_EUROPE,is:country,2023-Q4,2026-09-13T22:36:23.843165+00:00,3839.1,final,2023-10-01,2023-12-31,1,2026-09-13T22:36:23.843165+00:00
GDP_VOLUME_EUROPE,is:country,2024-Q1,2026-09-13T22:36:23.843165+00:00,3805.1,final,2024-01-01,2024-03-31,1,2026-09-13T22:36:23.843165+00:00
GDP_VOLUME_EUROPE,is:country,2024-Q2,2026-09-13T22:36:23.843165+00:00,3882.1,final,2024-04-01,2024-06-30,1,2026-09-13T22:36:23.843165+00:00
GDP_VOLUME_EUROPE,is:country,2024-Q3,2026-09-13T22:36:23.843165+00:00,3856.7,final,2024-07-01,2024-09-30,1,2026-09-13T22:36:23.843165+00:00
GDP_VOLUME_EUROPE,is:country,2024-Q4,2026-09-13T22:36:23.843165+00:00,3773.6,final,2024-10-01,2024-12-31,1,2026-09-13T22:36:23.843165+00:00
GDP_VOLUME_EUROPE,is:country,2025-Q1,2026-09-13T22:36:23.843165+00:00,3858.8,final,2025-01-01,2025-03-31,1,2026-09-13T22:36:23.843165+00:00
GDP_VOLUME_EUROPE,is:country,2025-Q2,2026-09-13T22:36:23.843165+00:00,3869.9,final,2025-04-01,2025-06-30,1,2026-09-13T22:36:23.843165+00:00
GDP_VOLUME_EUROPE,is:country,2025-Q3,2026-09-13T22:36:23.843165+00:00,3895.4,final,2025-07-01,2025-09-30,1,2026-09-13T22:36:23.843165+00:00
GDP_VOLUME_EUROPE,is:country,2025-Q4,2026-09-13T22:36:23.843165+00:00,3859.7,final,2025-10-01,2025-12-31,1,2026-09-13T22:36:23.843165+00:00
GDP_VOLUME_EUROPE,is:country,2026-Q1,2026-09-13T22:36:23.843165+00:00,4000.9,final,2026-01-01,2026-03-31,1,2026-09-13T22:36:23.843165+00:00
GDP_VOLUME_EUROPE,is:country,2026-Q2,2026-09-13T22:36:23.843165+00:00,3881.7,final,2026-04-01,2026-06-30,1,2026-09-13T22:36:23.843165+00:00
GDP_VOLUME_EUROPE,it:country,2008-Q1,2026-09-13T22:36:23.843165+00:00,429488.0,final,2008-01-01,2008-03-31,1,2026-09-13T22:36:23.843165+00:00
GDP_VOLUME_EUROPE,it:country,2008-Q2,2026-09-13T22:36:23.843165+00:00,425487.8,final,2008-04-01,2008-06-30,1,2026-09-13T22:36:23.843165+00:00
GDP_VOLUME_EUROPE,it:country,2008-Q3,2026-09-13T22:36:23.843165+00:00,419086.5,final,2008-07-01,2008-09-30,1,2026-09-13T22:36:23.843165+00:00
GDP_VOLUME_EUROPE,it:country,2008-Q4,2026-09-13T22:36:23.843165+00:00,409089.7,final,2008-10-01,2008-12-31,1,2026-09-13T22:36:23.843165+00:00
GDP_VOLUME_EUROPE,it:country,2009-Q1,2026-09-13T22:36:23.843165+00:00,399046.4,final,2009-01-01,2009-03-31,1,2026-09-13T22:36:23.843165+00:00
GDP_VOLUME_EUROPE,it:country,2009-Q2,2026-09-13T22:36:23.843165+00:00,396905.8,final,2009-04-01,2009-06-30,1,2026-09-13T22:36:23.843165+00:00
GDP_VOLUME_EUROPE,it:country,2009-Q3,2026-09-13T22:36:23.843165+00:00,398239.1,final,2009-07-01,2009-09-30,1,2026-09-13T22:36:23.843165+00:00
GDP_VOLUME_EUROPE,it:country,2009-Q4,2026-09-13T22:36:23.843165+00:00,399306.7,final,2009-10-01,2009-12-31,1,2026-09-13T22:36:23.843165+00:00
GDP_VOLUME_EUROPE,it:country,2010-Q1,2026-09-13T22:36:23.843165+00:00,400834.8,final,2010-01-01,2010-03-31,1,2026-09-13T22:36:23.843165+00:00
GDP_VOLUME_EUROPE,it:country,2010-Q2,2026-09-13T22:36:23.843165+00:00,403543.4,final,2010-04-01,2010-06-30,1,2026-09-13T22:36:23.843165+00:00
GDP_VOLUME_EUROPE,it:country,2010-Q3,2026-09-13T22:36:23.843165+00:00,404616.1,final,2010-07-01,2010-09-30,1,2026-09-13T22:36:23.843165+00:00
GDP_VOLUME_EUROPE,it:country,2010-Q4,2026-09-13T22:36:23.843165+00:00,408088.9,final,2010-10-01,2010-12-31,1,2026-09-13T22:36:23.843165+00:00
GDP_VOLUME_EUROPE,it:country,2011-Q1,2026-09-13T22:36:23.843165+00:00,410401.4,final,2011-01-01,2011-03-31,1,2026-09-13T22:36:23.843165+00:00
GDP_VOLUME_EUROPE,it:country,2011-Q2,2026-09-13T22:36:23.843165+00:00,409423.2,final,2011-04-01,2011-06-30,1,2026-09-13T22:36:23.843165+00:00
GDP_VOLUME_EUROPE,it:country,2011-Q3,2026-09-13T22:36:23.843165+00:00,407552.0,final,2011-07-01,2011-09-30,1,2026-09-13T22:36:23.843165+00:00
GDP_VOLUME_EUROPE,it:country,2011-Q4,2026-09-13T22:36:23.843165+00:00,403564.4,final,2011-10-01,2011-12-31,1,2026-09-13T22:36:23.843165+00:00
GDP_VOLUME_EUROPE,it:country,2012-Q1,2026-09-13T22:36:23.843165+00:00,399358.6,final,2012-01-01,2012-03-31,1,2026-09-13T22:36:23.843165+00:00
GDP_VOLUME_EUROPE,it:country,2012-Q2,2026-09-13T22:36:23.843165+00:00,396024.6,final,2012-04-01,2012-06-30,1,2026-09-13T22:36:23.843165+00:00
GDP_VOLUME_EUROPE,it:country,2012-Q3,2026-09-13T22:36:23.843165+00:00,393397.5,final,2012-07-01,2012-09-30,1,2026-09-13T22:36:23.843165+00:00
GDP_VOLUME_EUROPE,it:country,2012-Q4,2026-09-13T22:36:23.843165+00:00,390377.0,final,2012-10-01,2012-12-31,1,2026-09-13T22:36:23.843165+00:00
GDP_VOLUME_EUROPE,it:country,2013-Q1,2026-09-13T22:36:23.843165+00:00,387141.9,final,2013-01-01,2013-03-31,1,2026-09-13T22:36:23.843165+00:00
GDP_VOLUME_EUROPE,it:country,2013-Q2,2026-09-13T22:36:23.843165+00:00,387051.2,final,2013-04-01,2013-06-30,1,2026-09-13T22:36:23.843165+00:00
GDP_VOLUME_EUROPE,it:country,2013-Q3,2026-09-13T22:36:23.843165+00:00,388345.2,final,2013-07-01,2013-09-30,1,2026-09-13T22:36:23.843165+00:00
GDP_VOLUME_EUROPE,it:country,2013-Q4,2026-09-13T22:36:23.843165+00:00,387774.0,final,2013-10-01,2013-12-31,1,2026-09-13T22:36:23.843165+00:00
GDP_VOLUME_EUROPE,it:country,2014-Q1,2026-09-13T22:36:23.843165+00:00,387934.5,final,2014-01-01,2014-03-31,1,2026-09-13T22:36:23.843165+00:00
GDP_VOLUME_EUROPE,it:country,2014-Q2,2026-09-13T22:36:23.843165+00:00,388035.5,final,2014-04-01,2014-06-30,1,2026-09-13T22:36:23.843165+00:00
GDP_VOLUME_EUROPE,it:country,2014-Q3,2026-09-13T22:36:23.843165+00:00,388066.4,final,2014-07-01,2014-09-30,1,2026-09-13T22:36:23.843165+00:00
GDP_VOLUME_EUROPE,it:country,2014-Q4,2026-09-13T22:36:23.843165+00:00,387442.7,final,2014-10-01,2014-12-31,1,2026-09-13T22:36:23.843165+00:00
GDP_VOLUME_EUROPE,it:country,2015-Q1,2026-09-13T22:36:23.843165+00:00,388996.5,final,2015-01-01,2015-03-31,1,2026-09-13T22:36:23.843165+00:00
GDP_VOLUME_EUROPE,it:country,2015-Q2,2026-09-13T22:36:23.843165+00:00,390668.4,final,2015-04-01,2015-06-30,1,2026-09-13T22:36:23.843165+00:00
GDP_VOLUME_EUROPE,it:country,2015-Q3,2026-09-13T22:36:23.843165+00:00,390796.0,final,2015-07-01,2015-09-30,1,2026-09-13T22:36:23.843165+00:00
GDP_VOLUME_EUROPE,it:country,2015-Q4,2026-09-13T22:36:23.843165+00:00,392586.3,final,2015-10-01,2015-12-31,1,2026-09-13T22:36:23.843165+00:00
GDP_VOLUME_EUROPE,it:country,2016-Q1,2026-09-13T22:36:23.843165+00:00,393394.9,final,2016-01-01,2016-03-31,1,2026-09-13T22:36:23.843165+00:00
GDP_VOLUME_EUROPE,it:country,2016-Q2,2026-09-13T22:36:23.843165+00:00,394668.8,final,2016-04-01,2016-06-30,1,2026-09-13T22:36:23.843165+00:00
GDP_VOLUME_EUROPE,it:country,2016-Q3,2026-09-13T22:36:23.843165+00:00,397368.8,final,2016-07-01,2016-09-30,1,2026-09-13T22:36:23.843165+00:00
GDP_VOLUME_EUROPE,it:country,2016-Q4,2026-09-13T22:36:23.843165+00:00,398786.6,final,2016-10-01,2016-12-31,1,2026-09-13T22:36:23.843165+00:00
GDP_VOLUME_EUROPE,it:country,2017-Q1,2026-09-13T22:36:23.843165+00:00,400716.0,final,2017-01-01,2017-03-31,1,2026-09-13T22:36:23.843165+00:00
GDP_VOLUME_EUROPE,it:country,2017-Q2,2026-09-13T22:36:23.843165+00:00,402430.6,final,2017-04-01,2017-06-30,1,2026-09-13T22:36:23.843165+00:00
GDP_VOLUME_EUROPE,it:country,2017-Q3,2026-09-13T22:36:23.843165+00:00,402741.6,final,2017-07-01,2017-09-30,1,2026-09-13T22:36:23.843165+00:00
GDP_VOLUME_EUROPE,it:country,2017-Q4,2026-09-13T22:36:23.843165+00:00,405134.7,final,2017-10-01,2017-12-31,1,2026-09-13T22:36:23.843165+00:00
GDP_VOLUME_EUROPE,it:country,2018-Q1,2026-09-13T22:36:23.843165+00:00,404551.1,final,2018-01-01,2018-03-31,1,2026-09-13T22:36:23.843165+00:00
GDP_VOLUME_EUROPE,it:country,2018-Q2,2026-09-13T22:36:23.843165+00:00,405679.9,final,2018-04-01,2018-06-30,1,2026-09-13T22:36:23.843165+00:00
GDP_VOLUME_EUROPE,it:country,2018-Q3,2026-09-13T22:36:23.843165+00:00,405321.4,final,2018-07-01,2018-09-30,1,2026-09-13T22:36:23.843165+00:00
GDP_VOLUME_EUROPE,it:country,2018-Q4,2026-09-13T22:36:23.843165+00:00,406449.1,final,2018-10-01,2018-12-31,1,2026-09-13T22:36:23.843165+00:00
GDP_VOLUME_EUROPE,it:country,2019-Q1,2026-09-13T22:36:23.843165+00:00,407362.3,final,2019-01-01,2019-03-31,1,2026-09-13T22:36:23.843165+00:00
GDP_VOLUME_EUROPE,it:country,2019-Q2,2026-09-13T22:36:23.843165+00:00,408975.6,final,2019-04-01,2019-06-30,1,2026-09-13T22:36:23.843165+00:00
GDP_VOLUME_EUROPE,it:country,2019-Q3,2026-09-13T22:36:23.843165+00:00,406760.1,final,2019-07-01,2019-09-30,1,2026-09-13T22:36:23.843165+00:00
GDP_VOLUME_EUROPE,it:country,2019-Q4,2026-09-13T22:36:23.843165+00:00,405689.7,final,2019-10-01,2019-12-31,1,2026-09-13T22:36:23.843165+00:00
GDP_VOLUME_EUROPE,it:country,2020-Q1,2026-09-13T22:36:23.843165+00:00,382582.5,final,2020-01-01,2020-03-31,1,2026-09-13T22:36:23.843165+00:00
GDP_VOLUME_EUROPE,it:country,2020-Q2,2026-09-13T22:36:23.843165+00:00,334810.7,final,2020-04-01,2020-06-30,1,2026-09-13T22:36:23.843165+00:00
GDP_VOLUME_EUROPE,it:country,2020-Q3,2026-09-13T22:36:23.843165+00:00,382269.0,final,2020-07-01,2020-09-30,1,2026-09-13T22:36:23.843165+00:00
GDP_VOLUME_EUROPE,it:country,2020-Q4,2026-09-13T22:36:23.843165+00:00,383315.8,final,2020-10-01,2020-12-31,1,2026-09-13T22:36:23.843165+00:00
GDP_VOLUME_EUROPE,it:country,2021-Q1,2026-09-13T22:36:23.843165+00:00,389642.4,final,2021-01-01,2021-03-31,1,2026-09-13T22:36:23.843165+00:00
GDP_VOLUME_EUROPE,it:country,2021-Q2,2026-09-13T22:36:23.843165+00:00,399491.4,final,2021-04-01,2021-06-30,1,2026-09-13T22:36:23.843165+00:00
GDP_VOLUME_EUROPE,it:country,2021-Q3,2026-09-13T22:36:23.843165+00:00,408887.4,final,2021-07-01,2021-09-30,1,2026-09-13T22:36:23.843165+00:00
GDP_VOLUME_EUROPE,it:country,2021-Q4,2026-09-13T22:36:23.843165+00:00,415506.5,final,2021-10-01,2021-12-31,1,2026-09-13T22:36:23.843165+00:00
GDP_VOLUME_EUROPE,it:country,2022-Q1,2026-09-13T22:36:23.843165+00:00,418470.7,final,2022-01-01,2022-03-31,1,2026-09-13T22:36:23.843165+00:00
GDP_VOLUME_EUROPE,it:country,2022-Q2,2026-09-13T22:36:23.843165+00:00,425010.3,final,2022-04-01,2022-06-30,1,2026-09-13T22:36:23.843165+00:00
GDP_VOLUME_EUROPE,it:country,2022-Q3,2026-09-13T22:36:23.843165+00:00,425660.0,final,2022-07-01,2022-09-30,1,2026-09-13T22:36:23.843165+00:00
GDP_VOLUME_EUROPE,it:country,2022-Q4,2026-09-13T22:36:23.843165+00:00,424649.7,final,2022-10-01,2022-12-31,1,2026-09-13T22:36:23.843165+00:00
GDP_VOLUME_EUROPE,it:country,2023-Q1,2026-09-13T22:36:23.843165+00:00,427092.1,final,2023-01-01,2023-03-31,1,2026-09-13T22:36:23.843165+00:00
GDP_VOLUME_EUROPE,it:country,2023-Q2,2026-09-13T22:36:23.843165+00:00,427208.8,final,2023-04-01,2023-06-30,1,2026-09-13T22:36:23.843165+00:00
GDP_VOLUME_EUROPE,it:country,2023-Q3,2026-09-13T22:36:23.843165+00:00,427625.9,final,2023-07-01,2023-09-30,1,2026-09-13T22:36:23.843165+00:00
GDP_VOLUME_EUROPE,it:country,2023-Q4,2026-09-13T22:36:23.843165+00:00,429131.0,final,2023-10-01,2023-12-31,1,2026-09-13T22:36:23.843165+00:00
GDP_VOLUME_EUROPE,it:country,2024-Q1,2026-09-13T22:36:23.843165+00:00,429481.3,final,2024-01-01,2024-03-31,1,2026-09-13T22:36:23.843165+00:00
GDP_VOLUME_EUROPE,it:country,2024-Q2,2026-09-13T22:36:23.843165+00:00,430310.1,final,2024-04-01,2024-06-30,1,2026-09-13T22:36:23.843165+00:00
GDP_VOLUME_EUROPE,it:country,2024-Q3,2026-09-13T22:36:23.843165+00:00,430350.4,final,2024-07-01,2024-09-30,1,2026-09-13T22:36:23.843165+00:00
GDP_VOLUME_EUROPE,it:country,2024-Q4,2026-09-13T22:36:23.843165+00:00,430948.7,final,2024-10-01,2024-12-31,1,2026-09-13T22:36:23.843165+00:00
GDP_VOLUME_EUROPE,it:country,2025-Q1,2026-09-13T22:36:23.843165+00:00,432403.3,final,2025-01-01,2025-03-31,1,2026-09-13T22:36:23.843165+00:00
GDP_VOLUME_EUROPE,it:country,2025-Q2,2026-09-13T22:36:23.843165+00:00,432340.4,final,2025-04-01,2025-06-30,1,2026-09-13T22:36:23.843165+00:00
GDP_VOLUME_EUROPE,it:country,2025-Q3,2026-09-13T22:36:23.843165+00:00,433152.7,final,2025-07-01,2025-09-30,1,2026-09-13T22:36:23.843165+00:00
GDP_VOLUME_EUROPE,it:country,2025-Q4,2026-09-13T22:36:23.843165+00:00,434614.4,final,2025-10-01,2025-12-31,1,2026-09-13T22:36:23.843165+00:00
GDP_VOLUME_EUROPE,it:country,2026-Q1,2026-09-13T22:36:23.843165+00:00,435989.9,final,2026-01-01,2026-03-31,1,2026-09-13T22:36:23.843165+00:00
GDP_VOLUME_EUROPE,it:country,2026-Q2,2026-09-13T22:36:23.843165+00:00,436738.3,final,2026-04-01,2026-06-30,1,2026-09-13T22:36:23.843165+00:00
GDP_VOLUME_EUROPE,lt:country,2008-Q1,2026-09-13T22:36:23.843165+00:00,8109.6,final,2008-01-01,2008-03-31,1,2026-09-13T22:36:23.843165+00:00
GDP_VOLUME_EUROPE,lt:country,2008-Q2,2026-09-13T22:36:23.843165+00:00,8150.2,final,2008-04-01,2008-06-30,1,2026-09-13T22:36:23.843165+00:00
GDP_VOLUME_EUROPE,lt:country,2008-Q3,2026-09-13T22:36:23.843165+00:00,8039.4,final,2008-07-01,2008-09-30,1,2026-09-13T22:36:23.843165+00:00
GDP_VOLUME_EUROPE,lt:country,2008-Q4,2026-09-13T22:36:23.843165+00:00,7957.7,final,2008-10-01,2008-12-31,1,2026-09-13T22:36:23.843165+00:00
GDP_VOLUME_EUROPE,lt:country,2009-Q1,2026-09-13T22:36:23.843165+00:00,6978.3,final,2009-01-01,2009-03-31,1,2026-09-13T22:36:23.843165+00:00
GDP_VOLUME_EUROPE,lt:country,2009-Q2,2026-09-13T22:36:23.843165+00:00,6900.0,final,2009-04-01,2009-06-30,1,2026-09-13T22:36:23.843165+00:00
GDP_VOLUME_EUROPE,lt:country,2009-Q3,2026-09-13T22:36:23.843165+00:00,6906.8,final,2009-07-01,2009-09-30,1,2026-09-13T22:36:23.843165+00:00
GDP_VOLUME_EUROPE,lt:country,2009-Q4,2026-09-13T22:36:23.843165+00:00,6792.1,final,2009-10-01,2009-12-31,1,2026-09-13T22:36:23.843165+00:00
GDP_VOLUME_EUROPE,lt:country,2010-Q1,2026-09-13T22:36:23.843165+00:00,6839.7,final,2010-01-01,2010-03-31,1,2026-09-13T22:36:23.843165+00:00
GDP_VOLUME_EUROPE,lt:country,2010-Q2,2026-09-13T22:36:23.843165+00:00,6880.2,final,2010-04-01,2010-06-30,1,2026-09-13T22:36:23.843165+00:00
GDP_VOLUME_EUROPE,lt:country,2010-Q3,2026-09-13T22:36:23.843165+00:00,6911.3,final,2010-07-01,2010-09-30,1,2026-09-13T22:36:23.843165+00:00
GDP_VOLUME_EUROPE,lt:country,2010-Q4,2026-09-13T22:36:23.843165+00:00,7024.0,final,2010-10-01,2010-12-31,1,2026-09-13T22:36:23.843165+00:00
GDP_VOLUME_EUROPE,lt:country,2011-Q1,2026-09-13T22:36:23.843165+00:00,7232.1,final,2011-01-01,2011-03-31,1,2026-09-13T22:36:23.843165+00:00
GDP_VOLUME_EUROPE,lt:country,2011-Q2,2026-09-13T22:36:23.843165+00:00,7373.3,final,2011-04-01,2011-06-30,1,2026-09-13T22:36:23.843165+00:00
GDP_VOLUME_EUROPE,lt:country,2011-Q3,2026-09-13T22:36:23.843165+00:00,7355.2,final,2011-07-01,2011-09-30,1,2026-09-13T22:36:23.843165+00:00
GDP_VOLUME_EUROPE,lt:country,2011-Q4,2026-09-13T22:36:23.843165+00:00,7446.2,final,2011-10-01,2011-12-31,1,2026-09-13T22:36:23.843165+00:00
GDP_VOLUME_EUROPE,lt:country,2012-Q1,2026-09-13T22:36:23.843165+00:00,7558.0,final,2012-01-01,2012-03-31,1,2026-09-13T22:36:23.843165+00:00
GDP_VOLUME_EUROPE,lt:country,2012-Q2,2026-09-13T22:36:23.843165+00:00,7580.0,final,2012-04-01,2012-06-30,1,2026-09-13T22:36:23.843165+00:00
GDP_VOLUME_EUROPE,lt:country,2012-Q3,2026-09-13T22:36:23.843165+00:00,7753.9,final,2012-07-01,2012-09-30,1,2026-09-13T22:36:23.843165+00:00
GDP_VOLUME_EUROPE,lt:country,2012-Q4,2026-09-13T22:36:23.843165+00:00,7801.8,final,2012-10-01,2012-12-31,1,2026-09-13T22:36:23.843165+00:00
GDP_VOLUME_EUROPE,lt:country,2013-Q1,2026-09-13T22:36:23.843165+00:00,7848.5,final,2013-01-01,2013-03-31,1,2026-09-13T22:36:23.843165+00:00
GDP_VOLUME_EUROPE,lt:country,2013-Q2,2026-09-13T22:36:23.843165+00:00,7935.0,final,2013-04-01,2013-06-30,1,2026-09-13T22:36:23.843165+00:00
GDP_VOLUME_EUROPE,lt:country,2013-Q3,2026-09-13T22:36:23.843165+00:00,8047.3,final,2013-07-01,2013-09-30,1,2026-09-13T22:36:23.843165+00:00
GDP_VOLUME_EUROPE,lt:country,2013-Q4,2026-09-13T22:36:23.843165+00:00,8114.7,final,2013-10-01,2013-12-31,1,2026-09-13T22:36:23.843165+00:00
GDP_VOLUME_EUROPE,lt:country,2014-Q1,2026-09-13T22:36:23.843165+00:00,8211.4,final,2014-01-01,2014-03-31,1,2026-09-13T22:36:23.843165+00:00
GDP_VOLUME_EUROPE,lt:country,2014-Q2,2026-09-13T22:36:23.843165+00:00,8281.7,final,2014-04-01,2014-06-30,1,2026-09-13T22:36:23.843165+00:00
GDP_VOLUME_EUROPE,lt:country,2014-Q3,2026-09-13T22:36:23.843165+00:00,8317.4,final,2014-07-01,2014-09-30,1,2026-09-13T22:36:23.843165+00:00
GDP_VOLUME_EUROPE,lt:country,2014-Q4,2026-09-13T22:36:23.843165+00:00,8339.1,final,2014-10-01,2014-12-31,1,2026-09-13T22:36:23.843165+00:00
GDP_VOLUME_EUROPE,lt:country,2015-Q1,2026-09-13T22:36:23.843165+00:00,8410.9,final,2015-01-01,2015-03-31,1,2026-09-13T22:36:23.843165+00:00
GDP_VOLUME_EUROPE,lt:country,2015-Q2,2026-09-13T22:36:23.843165+00:00,8496.6,final,2015-04-01,2015-06-30,1,2026-09-13T22:36:23.843165+00:00
GDP_VOLUME_EUROPE,lt:country,2015-Q3,2026-09-13T22:36:23.843165+00:00,8588.3,final,2015-07-01,2015-09-30,1,2026-09-13T22:36:23.843165+00:00
GDP_VOLUME_EUROPE,lt:country,2015-Q4,2026-09-13T22:36:23.843165+00:00,8596.7,final,2015-10-01,2015-12-31,1,2026-09-13T22:36:23.843165+00:00
GDP_VOLUME_EUROPE,lt:country,2016-Q1,2026-09-13T22:36:23.843165+00:00,8585.2,final,2016-01-01,2016-03-31,1,2026-09-13T22:36:23.843165+00:00
GDP_VOLUME_EUROPE,lt:country,2016-Q2,2026-09-13T22:36:23.843165+00:00,8674.3,final,2016-04-01,2016-06-30,1,2026-09-13T22:36:23.843165+00:00
GDP_VOLUME_EUROPE,lt:country,2016-Q3,2026-09-13T22:36:23.843165+00:00,8798.4,final,2016-07-01,2016-09-30,1,2026-09-13T22:36:23.843165+00:00
GDP_VOLUME_EUROPE,lt:country,2016-Q4,2026-09-13T22:36:23.843165+00:00,8925.7,final,2016-10-01,2016-12-31,1,2026-09-13T22:36:23.843165+00:00
GDP_VOLUME_EUROPE,lt:country,2017-Q1,2026-09-13T22:36:23.843165+00:00,9030.1,final,2017-01-01,2017-03-31,1,2026-09-13T22:36:23.843165+00:00
GDP_VOLUME_EUROPE,lt:country,2017-Q2,2026-09-13T22:36:23.843165+00:00,9102.7,final,2017-04-01,2017-06-30,1,2026-09-13T22:36:23.843165+00:00
GDP_VOLUME_EUROPE,lt:country,2017-Q3,2026-09-13T22:36:23.843165+00:00,9180.2,final,2017-07-01,2017-09-30,1,2026-09-13T22:36:23.843165+00:00
GDP_VOLUME_EUROPE,lt:country,2017-Q4,2026-09-13T22:36:23.843165+00:00,9316.2,final,2017-10-01,2017-12-31,1,2026-09-13T22:36:23.843165+00:00
GDP_VOLUME_EUROPE,lt:country,2018-Q1,2026-09-13T22:36:23.843165+00:00,9435.9,final,2018-01-01,2018-03-31,1,2026-09-13T22:36:23.843165+00:00
GDP_VOLUME_EUROPE,lt:country,2018-Q2,2026-09-13T22:36:23.843165+00:00,9585.4,final,2018-04-01,2018-06-30,1,2026-09-13T22:36:23.843165+00:00
GDP_VOLUME_EUROPE,lt:country,2018-Q3,2026-09-13T22:36:23.843165+00:00,9599.5,final,2018-07-01,2018-09-30,1,2026-09-13T22:36:23.843165+00:00
GDP_VOLUME_EUROPE,lt:country,2018-Q4,2026-09-13T22:36:23.843165+00:00,9778.3,final,2018-10-01,2018-12-31,1,2026-09-13T22:36:23.843165+00:00
GDP_VOLUME_EUROPE,lt:country,2019-Q1,2026-09-13T22:36:23.843165+00:00,9893.4,final,2019-01-01,2019-03-31,1,2026-09-13T22:36:23.843165+00:00
GDP_VOLUME_EUROPE,lt:country,2019-Q2,2026-09-13T22:36:23.843165+00:00,10051.2,final,2019-04-01,2019-06-30,1,2026-09-13T22:36:23.843165+00:00
GDP_VOLUME_EUROPE,lt:country,2019-Q3,2026-09-13T22:36:23.843165+00:00,10058.9,final,2019-07-01,2019-09-30,1,2026-09-13T22:36:23.843165+00:00
GDP_VOLUME_EUROPE,lt:country,2019-Q4,2026-09-13T22:36:23.843165+00:00,10209.1,final,2019-10-01,2019-12-31,1,2026-09-13T22:36:23.843165+00:00
GDP_VOLUME_EUROPE,lt:country,2020-Q1,2026-09-13T22:36:23.843165+00:00,10164.1,final,2020-01-01,2020-03-31,1,2026-09-13T22:36:23.843165+00:00
GDP_VOLUME_EUROPE,lt:country,2020-Q2,2026-09-13T22:36:23.843165+00:00,9628.5,final,2020-04-01,2020-06-30,1,2026-09-13T22:36:23.843165+00:00
GDP_VOLUME_EUROPE,lt:country,2020-Q3,2026-09-13T22:36:23.843165+00:00,10200.3,final,2020-07-01,2020-09-30,1,2026-09-13T22:36:23.843165+00:00
GDP_VOLUME_EUROPE,lt:country,2020-Q4,2026-09-13T22:36:23.843165+00:00,10239.2,final,2020-10-01,2020-12-31,1,2026-09-13T22:36:23.843165+00:00
GDP_VOLUME_EUROPE,lt:country,2021-Q1,2026-09-13T22:36:23.843165+00:00,10468.9,final,2021-01-01,2021-03-31,1,2026-09-13T22:36:23.843165+00:00
GDP_VOLUME_EUROPE,lt:country,2021-Q2,2026-09-13T22:36:23.843165+00:00,10598.4,final,2021-04-01,2021-06-30,1,2026-09-13T22:36:23.843165+00:00
GDP_VOLUME_EUROPE,lt:country,2021-Q3,2026-09-13T22:36:23.843165+00:00,10795.4,final,2021-07-01,2021-09-30,1,2026-09-13T22:36:23.843165+00:00
GDP_VOLUME_EUROPE,lt:country,2021-Q4,2026-09-13T22:36:23.843165+00:00,10934.3,final,2021-10-01,2021-12-31,1,2026-09-13T22:36:23.843165+00:00
GDP_VOLUME_EUROPE,lt:country,2022-Q1,2026-09-13T22:36:23.843165+00:00,11029.2,final,2022-01-01,2022-03-31,1,2026-09-13T22:36:23.843165+00:00
GDP_VOLUME_EUROPE,lt:country,2022-Q2,2026-09-13T22:36:23.843165+00:00,10875.2,final,2022-04-01,2022-06-30,1,2026-09-13T22:36:23.843165+00:00
GDP_VOLUME_EUROPE,lt:country,2022-Q3,2026-09-13T22:36:23.843165+00:00,10994.5,final,2022-07-01,2022-09-30,1,2026-09-13T22:36:23.843165+00:00
GDP_VOLUME_EUROPE,lt:country,2022-Q4,2026-09-13T22:36:23.843165+00:00,10944.1,final,2022-10-01,2022-12-31,1,2026-09-13T22:36:23.843165+00:00
GDP_VOLUME_EUROPE,lt:country,2023-Q1,2026-09-13T22:36:23.843165+00:00,10910.8,final,2023-01-01,2023-03-31,1,2026-09-13T22:36:23.843165+00:00
GDP_VOLUME_EUROPE,lt:country,2023-Q2,2026-09-13T22:36:23.843165+00:00,11084.4,final,2023-04-01,2023-06-30,1,2026-09-13T22:36:23.843165+00:00
GDP_VOLUME_EUROPE,lt:country,2023-Q3,2026-09-13T22:36:23.843165+00:00,11118.7,final,2023-07-01,2023-09-30,1,2026-09-13T22:36:23.843165+00:00
GDP_VOLUME_EUROPE,lt:country,2023-Q4,2026-09-13T22:36:23.843165+00:00,11091.1,final,2023-10-01,2023-12-31,1,2026-09-13T22:36:23.843165+00:00
GDP_VOLUME_EUROPE,lt:country,2024-Q1,2026-09-13T22:36:23.843165+00:00,11246.1,final,2024-01-01,2024-03-31,1,2026-09-13T22:36:23.843165+00:00
GDP_VOLUME_EUROPE,lt:country,2024-Q2,2026-09-13T22:36:23.843165+00:00,11298.4,final,2024-04-01,2024-06-30,1,2026-09-13T22:36:23.843165+00:00
GDP_VOLUME_EUROPE,lt:country,2024-Q3,2026-09-13T22:36:23.843165+00:00,11447.7,final,2024-07-01,2024-09-30,1,2026-09-13T22:36:23.843165+00:00
GDP_VOLUME_EUROPE,lt:country,2024-Q4,2026-09-13T22:36:23.843165+00:00,11531.5,final,2024-10-01,2024-12-31,1,2026-09-13T22:36:23.843165+00:00
GDP_VOLUME_EUROPE,lt:country,2025-Q1,2026-09-13T22:36:23.843165+00:00,11577.8,final,2025-01-01,2025-03-31,1,2026-09-13T22:36:23.843165+00:00
GDP_VOLUME_EUROPE,lt:country,2025-Q2,2026-09-13T22:36:23.843165+00:00,11663.3,final,2025-04-01,2025-06-30,1,2026-09-13T22:36:23.843165+00:00
GDP_VOLUME_EUROPE,lt:country,2025-Q3,2026-09-13T22:36:23.843165+00:00,11695.6,final,2025-07-01,2025-09-30,1,2026-09-13T22:36:23.843165+00:00
GDP_VOLUME_EUROPE,lt:country,2025-Q4,2026-09-13T22:36:23.843165+00:00,11916.6,final,2025-10-01,2025-12-31,1,2026-09-13T22:36:23.843165+00:00
GDP_VOLUME_EUROPE,lt:country,2026-Q1,2026-09-13T22:36:23.843165+00:00,11906.2,final,2026-01-01,2026-03-31,1,2026-09-13T22:36:23.843165+00:00
GDP_VOLUME_EUROPE,lt:country,2026-Q2,2026-09-13T22:36:23.843165+00:00,12106.1,final,2026-04-01,2026-06-30,1,2026-09-13T22:36:23.843165+00:00
GDP_VOLUME_EUROPE,lu:country,2008-Q1,2026-09-13T22:36:23.843165+00:00,10783.2,final,2008-01-01,2008-03-31,1,2026-09-13T22:36:23.843165+00:00
GDP_VOLUME_EUROPE,lu:country,2008-Q2,2026-09-13T22:36:23.843165+00:00,10627.5,final,2008-04-01,2008-06-30,1,2026-09-13T22:36:23.843165+00:00
GDP_VOLUME_EUROPE,lu:country,2008-Q3,2026-09-13T22:36:23.843165+00:00,10568.7,final,2008-07-01,2008-09-30,1,2026-09-13T22:36:23.843165+00:00
GDP_VOLUME_EUROPE,lu:country,2008-Q4,2026-09-13T22:36:23.843165+00:00,10184.8,final,2008-10-01,2008-12-31,1,2026-09-13T22:36:23.843165+00:00
GDP_VOLUME_EUROPE,lu:country,2009-Q1,2026-09-13T22:36:23.843165+00:00,9915.3,final,2009-01-01,2009-03-31,1,2026-09-13T22:36:23.843165+00:00
GDP_VOLUME_EUROPE,lu:country,2009-Q2,2026-09-13T22:36:23.843165+00:00,10107.2,final,2009-04-01,2009-06-30,1,2026-09-13T22:36:23.843165+00:00
GDP_VOLUME_EUROPE,lu:country,2009-Q3,2026-09-13T22:36:23.843165+00:00,10317.9,final,2009-07-01,2009-09-30,1,2026-09-13T22:36:23.843165+00:00
GDP_VOLUME_EUROPE,lu:country,2009-Q4,2026-09-13T22:36:23.843165+00:00,10450.3,final,2009-10-01,2009-12-31,1,2026-09-13T22:36:23.843165+00:00
GDP_VOLUME_EUROPE,lu:country,2010-Q1,2026-09-13T22:36:23.843165+00:00,10575.9,final,2010-01-01,2010-03-31,1,2026-09-13T22:36:23.843165+00:00
GDP_VOLUME_EUROPE,lu:country,2010-Q2,2026-09-13T22:36:23.843165+00:00,10643.5,final,2010-04-01,2010-06-30,1,2026-09-13T22:36:23.843165+00:00
GDP_VOLUME_EUROPE,lu:country,2010-Q3,2026-09-13T22:36:23.843165+00:00,10507.3,final,2010-07-01,2010-09-30,1,2026-09-13T22:36:23.843165+00:00
GDP_VOLUME_EUROPE,lu:country,2010-Q4,2026-09-13T22:36:23.843165+00:00,10592.4,final,2010-10-01,2010-12-31,1,2026-09-13T22:36:23.843165+00:00
GDP_VOLUME_EUROPE,lu:country,2011-Q1,2026-09-13T22:36:23.843165+00:00,10703.8,final,2011-01-01,2011-03-31,1,2026-09-13T22:36:23.843165+00:00
GDP_VOLUME_EUROPE,lu:country,2011-Q2,2026-09-13T22:36:23.843165+00:00,10631.7,final,2011-04-01,2011-06-30,1,2026-09-13T22:36:23.843165+00:00
GDP_VOLUME_EUROPE,lu:country,2011-Q3,2026-09-13T22:36:23.843165+00:00,10782.5,final,2011-07-01,2011-09-30,1,2026-09-13T22:36:23.843165+00:00
GDP_VOLUME_EUROPE,lu:country,2011-Q4,2026-09-13T22:36:23.843165+00:00,10637.9,final,2011-10-01,2011-12-31,1,2026-09-13T22:36:23.843165+00:00
GDP_VOLUME_EUROPE,lu:country,2012-Q1,2026-09-13T22:36:23.843165+00:00,10797.9,final,2012-01-01,2012-03-31,1,2026-09-13T22:36:23.843165+00:00
GDP_VOLUME_EUROPE,lu:country,2012-Q2,2026-09-13T22:36:23.843165+00:00,10805.8,final,2012-04-01,2012-06-30,1,2026-09-13T22:36:23.843165+00:00
GDP_VOLUME_EUROPE,lu:country,2012-Q3,2026-09-13T22:36:23.843165+00:00,10853.4,final,2012-07-01,2012-09-30,1,2026-09-13T22:36:23.843165+00:00
GDP_VOLUME_EUROPE,lu:country,2012-Q4,2026-09-13T22:36:23.843165+00:00,10995.6,final,2012-10-01,2012-12-31,1,2026-09-13T22:36:23.843165+00:00
GDP_VOLUME_EUROPE,lu:country,2013-Q1,2026-09-13T22:36:23.843165+00:00,11010.3,final,2013-01-01,2013-03-31,1,2026-09-13T22:36:23.843165+00:00
GDP_VOLUME_EUROPE,lu:country,2013-Q2,2026-09-13T22:36:23.843165+00:00,11267.4,final,2013-04-01,2013-06-30,1,2026-09-13T22:36:23.843165+00:00
GDP_VOLUME_EUROPE,lu:country,2013-Q3,2026-09-13T22:36:23.843165+00:00,11303.8,final,2013-07-01,2013-09-30,1,2026-09-13T22:36:23.843165+00:00
GDP_VOLUME_EUROPE,lu:country,2013-Q4,2026-09-13T22:36:23.843165+00:00,11240.9,final,2013-10-01,2013-12-31,1,2026-09-13T22:36:23.843165+00:00
GDP_VOLUME_EUROPE,lu:country,2014-Q1,2026-09-13T22:36:23.843165+00:00,11394.8,final,2014-01-01,2014-03-31,1,2026-09-13T22:36:23.843165+00:00
GDP_VOLUME_EUROPE,lu:country,2014-Q2,2026-09-13T22:36:23.843165+00:00,11272.4,final,2014-04-01,2014-06-30,1,2026-09-13T22:36:23.843165+00:00
GDP_VOLUME_EUROPE,lu:country,2014-Q3,2026-09-13T22:36:23.843165+00:00,11506.7,final,2014-07-01,2014-09-30,1,2026-09-13T22:36:23.843165+00:00
GDP_VOLUME_EUROPE,lu:country,2014-Q4,2026-09-13T22:36:23.843165+00:00,11821.6,final,2014-10-01,2014-12-31,1,2026-09-13T22:36:23.843165+00:00
GDP_VOLUME_EUROPE,lu:country,2015-Q1,2026-09-13T22:36:23.843165+00:00,11707.6,final,2015-01-01,2015-03-31,1,2026-09-13T22:36:23.843165+00:00
GDP_VOLUME_EUROPE,lu:country,2015-Q2,2026-09-13T22:36:23.843165+00:00,11795.9,final,2015-04-01,2015-06-30,1,2026-09-13T22:36:23.843165+00:00
GDP_VOLUME_EUROPE,lu:country,2015-Q3,2026-09-13T22:36:23.843165+00:00,11761.7,final,2015-07-01,2015-09-30,1,2026-09-13T22:36:23.843165+00:00
GDP_VOLUME_EUROPE,lu:country,2015-Q4,2026-09-13T22:36:23.843165+00:00,11780.4,final,2015-10-01,2015-12-31,1,2026-09-13T22:36:23.843165+00:00
GDP_VOLUME_EUROPE,lu:country,2016-Q1,2026-09-13T22:36:23.843165+00:00,12141.8,final,2016-01-01,2016-03-31,1,2026-09-13T22:36:23.843165+00:00
GDP_VOLUME_EUROPE,lu:country,2016-Q2,2026-09-13T22:36:23.843165+00:00,12330.0,final,2016-04-01,2016-06-30,1,2026-09-13T22:36:23.843165+00:00
GDP_VOLUME_EUROPE,lu:country,2016-Q3,2026-09-13T22:36:23.843165+00:00,12427.3,final,2016-07-01,2016-09-30,1,2026-09-13T22:36:23.843165+00:00
GDP_VOLUME_EUROPE,lu:country,2016-Q4,2026-09-13T22:36:23.843165+00:00,12494.5,final,2016-10-01,2016-12-31,1,2026-09-13T22:36:23.843165+00:00
GDP_VOLUME_EUROPE,lu:country,2017-Q1,2026-09-13T22:36:23.843165+00:00,12318.0,final,2017-01-01,2017-03-31,1,2026-09-13T22:36:23.843165+00:00
GDP_VOLUME_EUROPE,lu:country,2017-Q2,2026-09-13T22:36:23.843165+00:00,12449.2,final,2017-04-01,2017-06-30,1,2026-09-13T22:36:23.843165+00:00
GDP_VOLUME_EUROPE,lu:country,2017-Q3,2026-09-13T22:36:23.843165+00:00,12594.8,final,2017-07-01,2017-09-30,1,2026-09-13T22:36:23.843165+00:00
GDP_VOLUME_EUROPE,lu:country,2017-Q4,2026-09-13T22:36:23.843165+00:00,12688.8,final,2017-10-01,2017-12-31,1,2026-09-13T22:36:23.843165+00:00
GDP_VOLUME_EUROPE,lu:country,2018-Q1,2026-09-13T22:36:23.843165+00:00,12670.7,final,2018-01-01,2018-03-31,1,2026-09-13T22:36:23.843165+00:00
GDP_VOLUME_EUROPE,lu:country,2018-Q2,2026-09-13T22:36:23.843165+00:00,12644.1,final,2018-04-01,2018-06-30,1,2026-09-13T22:36:23.843165+00:00
GDP_VOLUME_EUROPE,lu:country,2018-Q3,2026-09-13T22:36:23.843165+00:00,12744.2,final,2018-07-01,2018-09-30,1,2026-09-13T22:36:23.843165+00:00
GDP_VOLUME_EUROPE,lu:country,2018-Q4,2026-09-13T22:36:23.843165+00:00,12816.1,final,2018-10-01,2018-12-31,1,2026-09-13T22:36:23.843165+00:00
GDP_VOLUME_EUROPE,lu:country,2019-Q1,2026-09-13T22:36:23.843165+00:00,12859.4,final,2019-01-01,2019-03-31,1,2026-09-13T22:36:23.843165+00:00
GDP_VOLUME_EUROPE,lu:country,2019-Q2,2026-09-13T22:36:23.843165+00:00,13068.0,final,2019-04-01,2019-06-30,1,2026-09-13T22:36:23.843165+00:00
GDP_VOLUME_EUROPE,lu:country,2019-Q3,2026-09-13T22:36:23.843165+00:00,13135.4,final,2019-07-01,2019-09-30,1,2026-09-13T22:36:23.843165+00:00
GDP_VOLUME_EUROPE,lu:country,2019-Q4,2026-09-13T22:36:23.843165+00:00,13215.9,final,2019-10-01,2019-12-31,1,2026-09-13T22:36:23.843165+00:00
GDP_VOLUME_EUROPE,lu:country,2020-Q1,2026-09-13T22:36:23.843165+00:00,13129.0,final,2020-01-01,2020-03-31,1,2026-09-13T22:36:23.843165+00:00
GDP_VOLUME_EUROPE,lu:country,2020-Q2,2026-09-13T22:36:23.843165+00:00,12236.2,final,2020-04-01,2020-06-30,1,2026-09-13T22:36:23.843165+00:00
GDP_VOLUME_EUROPE,lu:country,2020-Q3,2026-09-13T22:36:23.843165+00:00,13273.8,final,2020-07-01,2020-09-30,1,2026-09-13T22:36:23.843165+00:00
GDP_VOLUME_EUROPE,lu:country,2020-Q4,2026-09-13T22:36:23.843165+00:00,13387.0,final,2020-10-01,2020-12-31,1,2026-09-13T22:36:23.843165+00:00
GDP_VOLUME_EUROPE,lu:country,2021-Q1,2026-09-13T22:36:23.843165+00:00,13792.7,final,2021-01-01,2021-03-31,1,2026-09-13T22:36:23.843165+00:00
GDP_VOLUME_EUROPE,lu:country,2021-Q2,2026-09-13T22:36:23.843165+00:00,13774.1,final,2021-04-01,2021-06-30,1,2026-09-13T22:36:23.843165+00:00
GDP_VOLUME_EUROPE,lu:country,2021-Q3,2026-09-13T22:36:23.843165+00:00,13885.0,final,2021-07-01,2021-09-30,1,2026-09-13T22:36:23.843165+00:00
GDP_VOLUME_EUROPE,lu:country,2021-Q4,2026-09-13T22:36:23.843165+00:00,14177.7,final,2021-10-01,2021-12-31,1,2026-09-13T22:36:23.843165+00:00
GDP_VOLUME_EUROPE,lu:country,2022-Q1,2026-09-13T22:36:23.843165+00:00,13839.9,final,2022-01-01,2022-03-31,1,2026-09-13T22:36:23.843165+00:00
GDP_VOLUME_EUROPE,lu:country,2022-Q2,2026-09-13T22:36:23.843165+00:00,13740.9,final,2022-04-01,2022-06-30,1,2026-09-13T22:36:23.843165+00:00
GDP_VOLUME_EUROPE,lu:country,2022-Q3,2026-09-13T22:36:23.843165+00:00,13786.2,final,2022-07-01,2022-09-30,1,2026-09-13T22:36:23.843165+00:00
GDP_VOLUME_EUROPE,lu:country,2022-Q4,2026-09-13T22:36:23.843165+00:00,13657.0,final,2022-10-01,2022-12-31,1,2026-09-13T22:36:23.843165+00:00
GDP_VOLUME_EUROPE,lu:country,2023-Q1,2026-09-13T22:36:23.843165+00:00,13746.5,final,2023-01-01,2023-03-31,1,2026-09-13T22:36:23.843165+00:00
GDP_VOLUME_EUROPE,lu:country,2023-Q2,2026-09-13T22:36:23.843165+00:00,13797.6,final,2023-04-01,2023-06-30,1,2026-09-13T22:36:23.843165+00:00
GDP_VOLUME_EUROPE,lu:country,2023-Q3,2026-09-13T22:36:23.843165+00:00,13873.3,final,2023-07-01,2023-09-30,1,2026-09-13T22:36:23.843165+00:00
GDP_VOLUME_EUROPE,lu:country,2023-Q4,2026-09-13T22:36:23.843165+00:00,13655.5,final,2023-10-01,2023-12-31,1,2026-09-13T22:36:23.843165+00:00
GDP_VOLUME_EUROPE,lu:country,2024-Q1,2026-09-13T22:36:23.843165+00:00,14077.1,final,2024-01-01,2024-03-31,1,2026-09-13T22:36:23.843165+00:00
GDP_VOLUME_EUROPE,lu:country,2024-Q2,2026-09-13T22:36:23.843165+00:00,13910.1,final,2024-04-01,2024-06-30,1,2026-09-13T22:36:23.843165+00:00
GDP_VOLUME_EUROPE,lu:country,2024-Q3,2026-09-13T22:36:23.843165+00:00,13565.9,final,2024-07-01,2024-09-30,1,2026-09-13T22:36:23.843165+00:00
GDP_VOLUME_EUROPE,lu:country,2024-Q4,2026-09-13T22:36:23.843165+00:00,13710.4,final,2024-10-01,2024-12-31,1,2026-09-13T22:36:23.843165+00:00
GDP_VOLUME_EUROPE,lu:country,2025-Q1,2026-09-13T22:36:23.843165+00:00,13767.7,provisional,2025-01-01,2025-03-31,1,2026-09-13T22:36:23.843165+00:00
GDP_VOLUME_EUROPE,lu:country,2025-Q2,2026-09-13T22:36:23.843165+00:00,13840.4,provisional,2025-04-01,2025-06-30,1,2026-09-13T22:36:23.843165+00:00
GDP_VOLUME_EUROPE,lu:country,2025-Q3,2026-09-13T22:36:23.843165+00:00,14003.6,provisional,2025-07-01,2025-09-30,1,2026-09-13T22:36:23.843165+00:00
GDP_VOLUME_EUROPE,lu:country,2025-Q4,2026-09-13T22:36:23.843165+00:00,13997.3,provisional,2025-10-01,2025-12-31,1,2026-09-13T22:36:23.843165+00:00
GDP_VOLUME_EUROPE,lu:country,2026-Q1,2026-09-13T22:36:23.843165+00:00,13994.6,provisional,2026-01-01,2026-03-31,1,2026-09-13T22:36:23.843165+00:00
GDP_VOLUME_EUROPE,lv:country,2008-Q1,2026-09-13T22:36:23.843165+00:00,5690.0,final,2008-01-01,2008-03-31,1,2026-09-13T22:36:23.843165+00:00
GDP_VOLUME_EUROPE,lv:country,2008-Q2,2026-09-13T22:36:23.843165+00:00,5549.0,final,2008-04-01,2008-06-30,1,2026-09-13T22:36:23.843165+00:00
GDP_VOLUME_EUROPE,lv:country,2008-Q3,2026-09-13T22:36:23.843165+00:00,5325.8,final,2008-07-01,2008-09-30,1,2026-09-13T22:36:23.843165+00:00
GDP_VOLUME_EUROPE,lv:country,2008-Q4,2026-09-13T22:36:23.843165+00:00,5171.3,final,2008-10-01,2008-12-31,1,2026-09-13T22:36:23.843165+00:00
GDP_VOLUME_EUROPE,lv:country,2009-Q1,2026-09-13T22:36:23.843165+00:00,4896.7,final,2009-01-01,2009-03-31,1,2026-09-13T22:36:23.843165+00:00
GDP_VOLUME_EUROPE,lv:country,2009-Q2,2026-09-13T22:36:23.843165+00:00,4593.0,final,2009-04-01,2009-06-30,1,2026-09-13T22:36:23.843165+00:00
GDP_VOLUME_EUROPE,lv:country,2009-Q3,2026-09-13T22:36:23.843165+00:00,4372.8,final,2009-07-01,2009-09-30,1,2026-09-13T22:36:23.843165+00:00
GDP_VOLUME_EUROPE,lv:country,2009-Q4,2026-09-13T22:36:23.843165+00:00,4406.5,final,2009-10-01,2009-12-31,1,2026-09-13T22:36:23.843165+00:00
GDP_VOLUME_EUROPE,lv:country,2010-Q1,2026-09-13T22:36:23.843165+00:00,4406.6,final,2010-01-01,2010-03-31,1,2026-09-13T22:36:23.843165+00:00
GDP_VOLUME_EUROPE,lv:country,2010-Q2,2026-09-13T22:36:23.843165+00:00,4373.9,final,2010-04-01,2010-06-30,1,2026-09-13T22:36:23.843165+00:00
GDP_VOLUME_EUROPE,lv:country,2010-Q3,2026-09-13T22:36:23.843165+00:00,4362.2,final,2010-07-01,2010-09-30,1,2026-09-13T22:36:23.843165+00:00
GDP_VOLUME_EUROPE,lv:country,2010-Q4,2026-09-13T22:36:23.843165+00:00,4407.9,final,2010-10-01,2010-12-31,1,2026-09-13T22:36:23.843165+00:00
GDP_VOLUME_EUROPE,lv:country,2011-Q1,2026-09-13T22:36:23.843165+00:00,4381.2,final,2011-01-01,2011-03-31,1,2026-09-13T22:36:23.843165+00:00
GDP_VOLUME_EUROPE,lv:country,2011-Q2,2026-09-13T22:36:23.843165+00:00,4502.1,final,2011-04-01,2011-06-30,1,2026-09-13T22:36:23.843165+00:00
GDP_VOLUME_EUROPE,lv:country,2011-Q3,2026-09-13T22:36:23.843165+00:00,4579.7,final,2011-07-01,2011-09-30,1,2026-09-13T22:36:23.843165+00:00
GDP_VOLUME_EUROPE,lv:country,2011-Q4,2026-09-13T22:36:23.843165+00:00,4601.5,final,2011-10-01,2011-12-31,1,2026-09-13T22:36:23.843165+00:00
GDP_VOLUME_EUROPE,lv:country,2012-Q1,2026-09-13T22:36:23.843165+00:00,4844.1,final,2012-01-01,2012-03-31,1,2026-09-13T22:36:23.843165+00:00
GDP_VOLUME_EUROPE,lv:country,2012-Q2,2026-09-13T22:36:23.843165+00:00,4819.2,final,2012-04-01,2012-06-30,1,2026-09-13T22:36:23.843165+00:00
GDP_VOLUME_EUROPE,lv:country,2012-Q3,2026-09-13T22:36:23.843165+00:00,4852.8,final,2012-07-01,2012-09-30,1,2026-09-13T22:36:23.843165+00:00
GDP_VOLUME_EUROPE,lv:country,2012-Q4,2026-09-13T22:36:23.843165+00:00,4877.9,final,2012-10-01,2012-12-31,1,2026-09-13T22:36:23.843165+00:00
GDP_VOLUME_EUROPE,lv:country,2013-Q1,2026-09-13T22:36:23.843165+00:00,4881.4,final,2013-01-01,2013-03-31,1,2026-09-13T22:36:23.843165+00:00
GDP_VOLUME_EUROPE,lv:country,2013-Q2,2026-09-13T22:36:23.843165+00:00,4917.8,final,2013-04-01,2013-06-30,1,2026-09-13T22:36:23.843165+00:00
GDP_VOLUME_EUROPE,lv:country,2013-Q3,2026-09-13T22:36:23.843165+00:00,4983.8,final,2013-07-01,2013-09-30,1,2026-09-13T22:36:23.843165+00:00
GDP_VOLUME_EUROPE,lv:country,2013-Q4,2026-09-13T22:36:23.843165+00:00,5007.3,final,2013-10-01,2013-12-31,1,2026-09-13T22:36:23.843165+00:00
GDP_VOLUME_EUROPE,lv:country,2014-Q1,2026-09-13T22:36:23.843165+00:00,5016.7,final,2014-01-01,2014-03-31,1,2026-09-13T22:36:23.843165+00:00
GDP_VOLUME_EUROPE,lv:country,2014-Q2,2026-09-13T22:36:23.843165+00:00,5026.0,final,2014-04-01,2014-06-30,1,2026-09-13T22:36:23.843165+00:00
GDP_VOLUME_EUROPE,lv:country,2014-Q3,2026-09-13T22:36:23.843165+00:00,5079.6,final,2014-07-01,2014-09-30,1,2026-09-13T22:36:23.843165+00:00
GDP_VOLUME_EUROPE,lv:country,2014-Q4,2026-09-13T22:36:23.843165+00:00,5091.2,final,2014-10-01,2014-12-31,1,2026-09-13T22:36:23.843165+00:00
GDP_VOLUME_EUROPE,lv:country,2015-Q1,2026-09-13T22:36:23.843165+00:00,5152.1,final,2015-01-01,2015-03-31,1,2026-09-13T22:36:23.843165+00:00
GDP_VOLUME_EUROPE,lv:country,2015-Q2,2026-09-13T22:36:23.843165+00:00,5219.4,final,2015-04-01,2015-06-30,1,2026-09-13T22:36:23.843165+00:00
GDP_VOLUME_EUROPE,lv:country,2015-Q3,2026-09-13T22:36:23.843165+00:00,5306.1,final,2015-07-01,2015-09-30,1,2026-09-13T22:36:23.843165+00:00
GDP_VOLUME_EUROPE,lv:country,2015-Q4,2026-09-13T22:36:23.843165+00:00,5291.7,final,2015-10-01,2015-12-31,1,2026-09-13T22:36:23.843165+00:00
GDP_VOLUME_EUROPE,lv:country,2016-Q1,2026-09-13T22:36:23.843165+00:00,5348.4,final,2016-01-01,2016-03-31,1,2026-09-13T22:36:23.843165+00:00
GDP_VOLUME_EUROPE,lv:country,2016-Q2,2026-09-13T22:36:23.843165+00:00,5365.6,final,2016-04-01,2016-06-30,1,2026-09-13T22:36:23.843165+00:00
GDP_VOLUME_EUROPE,lv:country,2016-Q3,2026-09-13T22:36:23.843165+00:00,5368.1,final,2016-07-01,2016-09-30,1,2026-09-13T22:36:23.843165+00:00
GDP_VOLUME_EUROPE,lv:country,2016-Q4,2026-09-13T22:36:23.843165+00:00,5431.0,final,2016-10-01,2016-12-31,1,2026-09-13T22:36:23.843165+00:00
GDP_VOLUME_EUROPE,lv:country,2017-Q1,2026-09-13T22:36:23.843165+00:00,5489.1,final,2017-01-01,2017-03-31,1,2026-09-13T22:36:23.843165+00:00
GDP_VOLUME_EUROPE,lv:country,2017-Q2,2026-09-13T22:36:23.843165+00:00,5514.0,final,2017-04-01,2017-06-30,1,2026-09-13T22:36:23.843165+00:00
GDP_VOLUME_EUROPE,lv:country,2017-Q3,2026-09-13T22:36:23.843165+00:00,5569.4,final,2017-07-01,2017-09-30,1,2026-09-13T22:36:23.843165+00:00
GDP_VOLUME_EUROPE,lv:country,2017-Q4,2026-09-13T22:36:23.843165+00:00,5613.5,final,2017-10-01,2017-12-31,1,2026-09-13T22:36:23.843165+00:00
GDP_VOLUME_EUROPE,lv:country,2018-Q1,2026-09-13T22:36:23.843165+00:00,5681.1,final,2018-01-01,2018-03-31,1,2026-09-13T22:36:23.843165+00:00
GDP_VOLUME_EUROPE,lv:country,2018-Q2,2026-09-13T22:36:23.843165+00:00,5763.5,final,2018-04-01,2018-06-30,1,2026-09-13T22:36:23.843165+00:00
GDP_VOLUME_EUROPE,lv:country,2018-Q3,2026-09-13T22:36:23.843165+00:00,5798.7,final,2018-07-01,2018-09-30,1,2026-09-13T22:36:23.843165+00:00
GDP_VOLUME_EUROPE,lv:country,2018-Q4,2026-09-13T22:36:23.843165+00:00,5850.8,final,2018-10-01,2018-12-31,1,2026-09-13T22:36:23.843165+00:00
GDP_VOLUME_EUROPE,lv:country,2019-Q1,2026-09-13T22:36:23.843165+00:00,5841.6,final,2019-01-01,2019-03-31,1,2026-09-13T22:36:23.843165+00:00
GDP_VOLUME_EUROPE,lv:country,2019-Q2,2026-09-13T22:36:23.843165+00:00,5826.4,final,2019-04-01,2019-06-30,1,2026-09-13T22:36:23.843165+00:00
GDP_VOLUME_EUROPE,lv:country,2019-Q3,2026-09-13T22:36:23.843165+00:00,5853.7,final,2019-07-01,2019-09-30,1,2026-09-13T22:36:23.843165+00:00
GDP_VOLUME_EUROPE,lv:country,2019-Q4,2026-09-13T22:36:23.843165+00:00,5814.1,final,2019-10-01,2019-12-31,1,2026-09-13T22:36:23.843165+00:00
GDP_VOLUME_EUROPE,lv:country,2020-Q1,2026-09-13T22:36:23.843165+00:00,5789.2,final,2020-01-01,2020-03-31,1,2026-09-13T22:36:23.843165+00:00
GDP_VOLUME_EUROPE,lv:country,2020-Q2,2026-09-13T22:36:23.843165+00:00,5223.1,final,2020-04-01,2020-06-30,1,2026-09-13T22:36:23.843165+00:00
GDP_VOLUME_EUROPE,lv:country,2020-Q3,2026-09-13T22:36:23.843165+00:00,5771.2,final,2020-07-01,2020-09-30,1,2026-09-13T22:36:23.843165+00:00
GDP_VOLUME_EUROPE,lv:country,2020-Q4,2026-09-13T22:36:23.843165+00:00,5797.9,final,2020-10-01,2020-12-31,1,2026-09-13T22:36:23.843165+00:00
GDP_VOLUME_EUROPE,lv:country,2021-Q1,2026-09-13T22:36:23.843165+00:00,5809.7,final,2021-01-01,2021-03-31,1,2026-09-13T22:36:23.843165+00:00
GDP_VOLUME_EUROPE,lv:country,2021-Q2,2026-09-13T22:36:23.843165+00:00,5868.8,final,2021-04-01,2021-06-30,1,2026-09-13T22:36:23.843165+00:00
GDP_VOLUME_EUROPE,lv:country,2021-Q3,2026-09-13T22:36:23.843165+00:00,6208.7,final,2021-07-01,2021-09-30,1,2026-09-13T22:36:23.843165+00:00
GDP_VOLUME_EUROPE,lv:country,2021-Q4,2026-09-13T22:36:23.843165+00:00,6203.7,final,2021-10-01,2021-12-31,1,2026-09-13T22:36:23.843165+00:00
GDP_VOLUME_EUROPE,lv:country,2022-Q1,2026-09-13T22:36:23.843165+00:00,6180.8,final,2022-01-01,2022-03-31,1,2026-09-13T22:36:23.843165+00:00
GDP_VOLUME_EUROPE,lv:country,2022-Q2,2026-09-13T22:36:23.843165+00:00,6163.4,final,2022-04-01,2022-06-30,1,2026-09-13T22:36:23.843165+00:00
GDP_VOLUME_EUROPE,lv:country,2022-Q3,2026-09-13T22:36:23.843165+00:00,6159.5,final,2022-07-01,2022-09-30,1,2026-09-13T22:36:23.843165+00:00
GDP_VOLUME_EUROPE,lv:country,2022-Q4,2026-09-13T22:36:23.843165+00:00,6168.8,final,2022-10-01,2022-12-31,1,2026-09-13T22:36:23.843165+00:00
GDP_VOLUME_EUROPE,lv:country,2023-Q1,2026-09-13T22:36:23.843165+00:00,6174.4,final,2023-01-01,2023-03-31,1,2026-09-13T22:36:23.843165+00:00
GDP_VOLUME_EUROPE,lv:country,2023-Q2,2026-09-13T22:36:23.843165+00:00,6100.0,final,2023-04-01,2023-06-30,1,2026-09-13T22:36:23.843165+00:00
GDP_VOLUME_EUROPE,lv:country,2023-Q3,2026-09-13T22:36:23.843165+00:00,6082.4,final,2023-07-01,2023-09-30,1,2026-09-13T22:36:23.843165+00:00
GDP_VOLUME_EUROPE,lv:country,2023-Q4,2026-09-13T22:36:23.843165+00:00,6045.9,final,2023-10-01,2023-12-31,1,2026-09-13T22:36:23.843165+00:00
GDP_VOLUME_EUROPE,lv:country,2024-Q1,2026-09-13T22:36:23.843165+00:00,6046.5,final,2024-01-01,2024-03-31,1,2026-09-13T22:36:23.843165+00:00
GDP_VOLUME_EUROPE,lv:country,2024-Q2,2026-09-13T22:36:23.843165+00:00,6081.3,final,2024-04-01,2024-06-30,1,2026-09-13T22:36:23.843165+00:00
GDP_VOLUME_EUROPE,lv:country,2024-Q3,2026-09-13T22:36:23.843165+00:00,6094.3,final,2024-07-01,2024-09-30,1,2026-09-13T22:36:23.843165+00:00
GDP_VOLUME_EUROPE,lv:country,2024-Q4,2026-09-13T22:36:23.843165+00:00,6116.8,final,2024-10-01,2024-12-31,1,2026-09-13T22:36:23.843165+00:00
GDP_VOLUME_EUROPE,lv:country,2025-Q1,2026-09-13T22:36:23.843165+00:00,6159.2,final,2025-01-01,2025-03-31,1,2026-09-13T22:36:23.843165+00:00
GDP_VOLUME_EUROPE,lv:country,2025-Q2,2026-09-13T22:36:23.843165+00:00,6180.6,final,2025-04-01,2025-06-30,1,2026-09-13T22:36:23.843165+00:00
GDP_VOLUME_EUROPE,lv:country,2025-Q3,2026-09-13T22:36:23.843165+00:00,6235.1,final,2025-07-01,2025-09-30,1,2026-09-13T22:36:23.843165+00:00
GDP_VOLUME_EUROPE,lv:country,2025-Q4,2026-09-13T22:36:23.843165+00:00,6278.9,final,2025-10-01,2025-12-31,1,2026-09-13T22:36:23.843165+00:00
GDP_VOLUME_EUROPE,lv:country,2026-Q1,2026-09-13T22:36:23.843165+00:00,6318.7,final,2026-01-01,2026-03-31,1,2026-09-13T22:36:23.843165+00:00
GDP_VOLUME_EUROPE,lv:country,2026-Q2,2026-09-13T22:36:23.843165+00:00,6364.3,final,2026-04-01,2026-06-30,1,2026-09-13T22:36:23.843165+00:00
GDP_VOLUME_EUROPE,me:country,2008-Q1,2026-09-13T22:36:23.843165+00:00,791.4,final,2008-01-01,2008-03-31,1,2026-09-13T22:36:23.843165+00:00
GDP_VOLUME_EUROPE,me:country,2008-Q2,2026-09-13T22:36:23.843165+00:00,804.8,final,2008-04-01,2008-06-30,1,2026-09-13T22:36:23.843165+00:00
GDP_VOLUME_EUROPE,me:country,2008-Q3,2026-09-13T22:36:23.843165+00:00,812.5,final,2008-07-01,2008-09-30,1,2026-09-13T22:36:23.843165+00:00
GDP_VOLUME_EUROPE,me:country,2008-Q4,2026-09-13T22:36:23.843165+00:00,815.8,final,2008-10-01,2008-12-31,1,2026-09-13T22:36:23.843165+00:00
GDP_VOLUME_EUROPE,me:country,2009-Q1,2026-09-13T22:36:23.843165+00:00,748.2,final,2009-01-01,2009-03-31,1,2026-09-13T22:36:23.843165+00:00
GDP_VOLUME_EUROPE,me:country,2009-Q2,2026-09-13T22:36:23.843165+00:00,753.2,final,2009-04-01,2009-06-30,1,2026-09-13T22:36:23.843165+00:00
GDP_VOLUME_EUROPE,me:country,2009-Q3,2026-09-13T22:36:23.843165+00:00,760.1,final,2009-07-01,2009-09-30,1,2026-09-13T22:36:23.843165+00:00
GDP_VOLUME_EUROPE,me:country,2009-Q4,2026-09-13T22:36:23.843165+00:00,768.3,final,2009-10-01,2009-12-31,1,2026-09-13T22:36:23.843165+00:00
GDP_VOLUME_EUROPE,me:country,2010-Q1,2026-09-13T22:36:23.843165+00:00,773.9,final,2010-01-01,2010-03-31,1,2026-09-13T22:36:23.843165+00:00
GDP_VOLUME_EUROPE,me:country,2010-Q2,2026-09-13T22:36:23.843165+00:00,777.1,final,2010-04-01,2010-06-30,1,2026-09-13T22:36:23.843165+00:00
GDP_VOLUME_EUROPE,me:country,2010-Q3,2026-09-13T22:36:23.843165+00:00,779.3,final,2010-07-01,2010-09-30,1,2026-09-13T22:36:23.843165+00:00
GDP_VOLUME_EUROPE,me:country,2010-Q4,2026-09-13T22:36:23.843165+00:00,783.7,final,2010-10-01,2010-12-31,1,2026-09-13T22:36:23.843165+00:00
GDP_VOLUME_EUROPE,me:country,2011-Q1,2026-09-13T22:36:23.843165+00:00,790.3,final,2011-01-01,2011-03-31,1,2026-09-13T22:36:23.843165+00:00
GDP_VOLUME_EUROPE,me:country,2011-Q2,2026-09-13T22:36:23.843165+00:00,796.7,final,2011-04-01,2011-06-30,1,2026-09-13T22:36:23.843165+00:00
GDP_VOLUME_EUROPE,me:country,2011-Q3,2026-09-13T22:36:23.843165+00:00,801.7,final,2011-07-01,2011-09-30,1,2026-09-13T22:36:23.843165+00:00
GDP_VOLUME_EUROPE,me:country,2011-Q4,2026-09-13T22:36:23.843165+00:00,802.4,final,2011-10-01,2011-12-31,1,2026-09-13T22:36:23.843165+00:00
GDP_VOLUME_EUROPE,me:country,2012-Q1,2026-09-13T22:36:23.843165+00:00,796.3,final,2012-01-01,2012-03-31,1,2026-09-13T22:36:23.843165+00:00
GDP_VOLUME_EUROPE,me:country,2012-Q2,2026-09-13T22:36:23.843165+00:00,790.1,final,2012-04-01,2012-06-30,1,2026-09-13T22:36:23.843165+00:00
GDP_VOLUME_EUROPE,me:country,2012-Q3,2026-09-13T22:36:23.843165+00:00,786.1,final,2012-07-01,2012-09-30,1,2026-09-13T22:36:23.843165+00:00
GDP_VOLUME_EUROPE,me:country,2012-Q4,2026-09-13T22:36:23.843165+00:00,786.2,final,2012-10-01,2012-12-31,1,2026-09-13T22:36:23.843165+00:00
GDP_VOLUME_EUROPE,me:country,2013-Q1,2026-09-13T22:36:23.843165+00:00,792.9,final,2013-01-01,2013-03-31,1,2026-09-13T22:36:23.843165+00:00
GDP_VOLUME_EUROPE,me:country,2013-Q2,2026-09-13T22:36:23.843165+00:00,803.2,final,2013-04-01,2013-06-30,1,2026-09-13T22:36:23.843165+00:00
GDP_VOLUME_EUROPE,me:country,2013-Q3,2026-09-13T22:36:23.843165+00:00,812.9,final,2013-07-01,2013-09-30,1,2026-09-13T22:36:23.843165+00:00
GDP_VOLUME_EUROPE,me:country,2013-Q4,2026-09-13T22:36:23.843165+00:00,820.5,final,2013-10-01,2013-12-31,1,2026-09-13T22:36:23.843165+00:00
GDP_VOLUME_EUROPE,me:country,2014-Q1,2026-09-13T22:36:23.843165+00:00,825.8,final,2014-01-01,2014-03-31,1,2026-09-13T22:36:23.843165+00:00
GDP_VOLUME_EUROPE,me:country,2014-Q2,2026-09-13T22:36:23.843165+00:00,830.3,final,2014-04-01,2014-06-30,1,2026-09-13T22:36:23.843165+00:00
GDP_VOLUME_EUROPE,me:country,2014-Q3,2026-09-13T22:36:23.843165+00:00,835.8,final,2014-07-01,2014-09-30,1,2026-09-13T22:36:23.843165+00:00
GDP_VOLUME_EUROPE,me:country,2014-Q4,2026-09-13T22:36:23.843165+00:00,842.0,final,2014-10-01,2014-12-31,1,2026-09-13T22:36:23.843165+00:00
GDP_VOLUME_EUROPE,me:country,2015-Q1,2026-09-13T22:36:23.843165+00:00,846.9,final,2015-01-01,2015-03-31,1,2026-09-13T22:36:23.843165+00:00
GDP_VOLUME_EUROPE,me:country,2015-Q2,2026-09-13T22:36:23.843165+00:00,849.5,final,2015-04-01,2015-06-30,1,2026-09-13T22:36:23.843165+00:00
GDP_VOLUME_EUROPE,me:country,2015-Q3,2026-09-13T22:36:23.843165+00:00,852.3,final,2015-07-01,2015-09-30,1,2026-09-13T22:36:23.843165+00:00
GDP_VOLUME_EUROPE,me:country,2015-Q4,2026-09-13T22:36:23.843165+00:00,855.9,final,2015-10-01,2015-12-31,1,2026-09-13T22:36:23.843165+00:00
GDP_VOLUME_EUROPE,me:country,2016-Q1,2026-09-13T22:36:23.843165+00:00,862.6,final,2016-01-01,2016-03-31,1,2026-09-13T22:36:23.843165+00:00
GDP_VOLUME_EUROPE,me:country,2016-Q2,2026-09-13T22:36:23.843165+00:00,871.3,final,2016-04-01,2016-06-30,1,2026-09-13T22:36:23.843165+00:00
GDP_VOLUME_EUROPE,me:country,2016-Q3,2026-09-13T22:36:23.843165+00:00,879.1,final,2016-07-01,2016-09-30,1,2026-09-13T22:36:23.843165+00:00
GDP_VOLUME_EUROPE,me:country,2016-Q4,2026-09-13T22:36:23.843165+00:00,886.7,final,2016-10-01,2016-12-31,1,2026-09-13T22:36:23.843165+00:00
GDP_VOLUME_EUROPE,me:country,2017-Q1,2026-09-13T22:36:23.843165+00:00,893.4,final,2017-01-01,2017-03-31,1,2026-09-13T22:36:23.843165+00:00
GDP_VOLUME_EUROPE,me:country,2017-Q2,2026-09-13T22:36:23.843165+00:00,901.0,final,2017-04-01,2017-06-30,1,2026-09-13T22:36:23.843165+00:00
GDP_VOLUME_EUROPE,me:country,2017-Q3,2026-09-13T22:36:23.843165+00:00,910.1,final,2017-07-01,2017-09-30,1,2026-09-13T22:36:23.843165+00:00
GDP_VOLUME_EUROPE,me:country,2017-Q4,2026-09-13T22:36:23.843165+00:00,920.5,final,2017-10-01,2017-12-31,1,2026-09-13T22:36:23.843165+00:00
GDP_VOLUME_EUROPE,me:country,2018-Q1,2026-09-13T22:36:23.843165+00:00,931.3,final,2018-01-01,2018-03-31,1,2026-09-13T22:36:23.843165+00:00
GDP_VOLUME_EUROPE,me:country,2018-Q2,2026-09-13T22:36:23.843165+00:00,942.3,final,2018-04-01,2018-06-30,1,2026-09-13T22:36:23.843165+00:00
GDP_VOLUME_EUROPE,me:country,2018-Q3,2026-09-13T22:36:23.843165+00:00,954.0,final,2018-07-01,2018-09-30,1,2026-09-13T22:36:23.843165+00:00
GDP_VOLUME_EUROPE,me:country,2018-Q4,2026-09-13T22:36:23.843165+00:00,965.8,final,2018-10-01,2018-12-31,1,2026-09-13T22:36:23.843165+00:00
GDP_VOLUME_EUROPE,me:country,2019-Q1,2026-09-13T22:36:23.843165+00:00,977.0,final,2019-01-01,2019-03-31,1,2026-09-13T22:36:23.843165+00:00
GDP_VOLUME_EUROPE,me:country,2019-Q2,2026-09-13T22:36:23.843165+00:00,986.2,final,2019-04-01,2019-06-30,1,2026-09-13T22:36:23.843165+00:00
GDP_VOLUME_EUROPE,me:country,2019-Q3,2026-09-13T22:36:23.843165+00:00,990.4,final,2019-07-01,2019-09-30,1,2026-09-13T22:36:23.843165+00:00
GDP_VOLUME_EUROPE,me:country,2019-Q4,2026-09-13T22:36:23.843165+00:00,989.7,final,2019-10-01,2019-12-31,1,2026-09-13T22:36:23.843165+00:00
GDP_VOLUME_EUROPE,me:country,2020-Q1,2026-09-13T22:36:23.843165+00:00,989.6,final,2020-01-01,2020-03-31,1,2026-09-13T22:36:23.843165+00:00
GDP_VOLUME_EUROPE,me:country,2020-Q2,2026-09-13T22:36:23.843165+00:00,802.8,final,2020-04-01,2020-06-30,1,2026-09-13T22:36:23.843165+00:00
GDP_VOLUME_EUROPE,me:country,2020-Q3,2026-09-13T22:36:23.843165+00:00,765.8,final,2020-07-01,2020-09-30,1,2026-09-13T22:36:23.843165+00:00
GDP_VOLUME_EUROPE,me:country,2020-Q4,2026-09-13T22:36:23.843165+00:00,911.7,final,2020-10-01,2020-12-31,1,2026-09-13T22:36:23.843165+00:00
GDP_VOLUME_EUROPE,me:country,2021-Q1,2026-09-13T22:36:23.843165+00:00,944.8,final,2021-01-01,2021-03-31,1,2026-09-13T22:36:23.843165+00:00
GDP_VOLUME_EUROPE,me:country,2021-Q2,2026-09-13T22:36:23.843165+00:00,965.3,final,2021-04-01,2021-06-30,1,2026-09-13T22:36:23.843165+00:00
GDP_VOLUME_EUROPE,me:country,2021-Q3,2026-09-13T22:36:23.843165+00:00,981.3,final,2021-07-01,2021-09-30,1,2026-09-13T22:36:23.843165+00:00
GDP_VOLUME_EUROPE,me:country,2021-Q4,2026-09-13T22:36:23.843165+00:00,997.3,final,2021-10-01,2021-12-31,1,2026-09-13T22:36:23.843165+00:00
GDP_VOLUME_EUROPE,me:country,2022-Q1,2026-09-13T22:36:23.843165+00:00,1014.1,final,2022-01-01,2022-03-31,1,2026-09-13T22:36:23.843165+00:00
GDP_VOLUME_EUROPE,me:country,2022-Q2,2026-09-13T22:36:23.843165+00:00,1028.2,final,2022-04-01,2022-06-30,1,2026-09-13T22:36:23.843165+00:00
GDP_VOLUME_EUROPE,me:country,2022-Q3,2026-09-13T22:36:23.843165+00:00,1041.7,final,2022-07-01,2022-09-30,1,2026-09-13T22:36:23.843165+00:00
GDP_VOLUME_EUROPE,me:country,2022-Q4,2026-09-13T22:36:23.843165+00:00,1057.6,final,2022-10-01,2022-12-31,1,2026-09-13T22:36:23.843165+00:00
GDP_VOLUME_EUROPE,me:country,2023-Q1,2026-09-13T22:36:23.843165+00:00,1074.5,final,2023-01-01,2023-03-31,1,2026-09-13T22:36:23.843165+00:00
GDP_VOLUME_EUROPE,me:country,2023-Q2,2026-09-13T22:36:23.843165+00:00,1092.4,final,2023-04-01,2023-06-30,1,2026-09-13T22:36:23.843165+00:00
GDP_VOLUME_EUROPE,me:country,2023-Q3,2026-09-13T22:36:23.843165+00:00,1106.8,final,2023-07-01,2023-09-30,1,2026-09-13T22:36:23.843165+00:00
GDP_VOLUME_EUROPE,me:country,2023-Q4,2026-09-13T22:36:23.843165+00:00,1116.6,final,2023-10-01,2023-12-31,1,2026-09-13T22:36:23.843165+00:00
GDP_VOLUME_EUROPE,me:country,2024-Q1,2026-09-13T22:36:23.843165+00:00,1124.3,final,2024-01-01,2024-03-31,1,2026-09-13T22:36:23.843165+00:00
GDP_VOLUME_EUROPE,me:country,2024-Q2,2026-09-13T22:36:23.843165+00:00,1130.9,final,2024-04-01,2024-06-30,1,2026-09-13T22:36:23.843165+00:00
GDP_VOLUME_EUROPE,me:country,2024-Q3,2026-09-13T22:36:23.843165+00:00,1139.0,final,2024-07-01,2024-09-30,1,2026-09-13T22:36:23.843165+00:00
GDP_VOLUME_EUROPE,me:country,2024-Q4,2026-09-13T22:36:23.843165+00:00,1148.1,final,2024-10-01,2024-12-31,1,2026-09-13T22:36:23.843165+00:00
GDP_VOLUME_EUROPE,me:country,2025-Q1,2026-09-13T22:36:23.843165+00:00,1155.9,provisional,2025-01-01,2025-03-31,1,2026-09-13T22:36:23.843165+00:00
GDP_VOLUME_EUROPE,me:country,2025-Q2,2026-09-13T22:36:23.843165+00:00,1163.3,provisional,2025-04-01,2025-06-30,1,2026-09-13T22:36:23.843165+00:00
GDP_VOLUME_EUROPE,me:country,2025-Q3,2026-09-13T22:36:23.843165+00:00,1169.9,provisional,2025-07-01,2025-09-30,1,2026-09-13T22:36:23.843165+00:00
GDP_VOLUME_EUROPE,me:country,2025-Q4,2026-09-13T22:36:23.843165+00:00,1176.0,provisional,2025-10-01,2025-12-31,1,2026-09-13T22:36:23.843165+00:00
GDP_VOLUME_EUROPE,me:country,2026-Q1,2026-09-13T22:36:23.843165+00:00,1183.3,provisional,2026-01-01,2026-03-31,1,2026-09-13T22:36:23.843165+00:00
GDP_VOLUME_EUROPE,me:country,2026-Q2,2026-09-13T22:36:23.843165+00:00,1197.3,provisional,2026-04-01,2026-06-30,1,2026-09-13T22:36:23.843165+00:00
GDP_VOLUME_EUROPE,mk:country,2008-Q1,2026-09-13T22:36:23.843165+00:00,1659.0,final,2008-01-01,2008-03-31,1,2026-09-13T22:36:23.843165+00:00
GDP_VOLUME_EUROPE,mk:country,2008-Q2,2026-09-13T22:36:23.843165+00:00,1677.6,final,2008-04-01,2008-06-30,1,2026-09-13T22:36:23.843165+00:00
GDP_VOLUME_EUROPE,mk:country,2008-Q3,2026-09-13T22:36:23.843165+00:00,1722.5,final,2008-07-01,2008-09-30,1,2026-09-13T22:36:23.843165+00:00
GDP_VOLUME_EUROPE,mk:country,2008-Q4,2026-09-13T22:36:23.843165+00:00,1820.0,final,2008-10-01,2008-12-31,1,2026-09-13T22:36:23.843165+00:00
GDP_VOLUME_EUROPE,mk:country,2009-Q1,2026-09-13T22:36:23.843165+00:00,1684.1,final,2009-01-01,2009-03-31,1,2026-09-13T22:36:23.843165+00:00
GDP_VOLUME_EUROPE,mk:country,2009-Q2,2026-09-13T22:36:23.843165+00:00,1722.9,final,2009-04-01,2009-06-30,1,2026-09-13T22:36:23.843165+00:00
GDP_VOLUME_EUROPE,mk:country,2009-Q3,2026-09-13T22:36:23.843165+00:00,1711.3,final,2009-07-01,2009-09-30,1,2026-09-13T22:36:23.843165+00:00
GDP_VOLUME_EUROPE,mk:country,2009-Q4,2026-09-13T22:36:23.843165+00:00,1768.2,final,2009-10-01,2009-12-31,1,2026-09-13T22:36:23.843165+00:00
GDP_VOLUME_EUROPE,mk:country,2010-Q1,2026-09-13T22:36:23.843165+00:00,1790.5,final,2010-01-01,2010-03-31,1,2026-09-13T22:36:23.843165+00:00
GDP_VOLUME_EUROPE,mk:country,2010-Q2,2026-09-13T22:36:23.843165+00:00,1774.7,final,2010-04-01,2010-06-30,1,2026-09-13T22:36:23.843165+00:00
GDP_VOLUME_EUROPE,mk:country,2010-Q3,2026-09-13T22:36:23.843165+00:00,1797.1,final,2010-07-01,2010-09-30,1,2026-09-13T22:36:23.843165+00:00
GDP_VOLUME_EUROPE,mk:country,2010-Q4,2026-09-13T22:36:23.843165+00:00,1754.8,final,2010-10-01,2010-12-31,1,2026-09-13T22:36:23.843165+00:00
GDP_VOLUME_EUROPE,mk:country,2011-Q1,2026-09-13T22:36:23.843165+00:00,1805.0,final,2011-01-01,2011-03-31,1,2026-09-13T22:36:23.843165+00:00
GDP_VOLUME_EUROPE,mk:country,2011-Q2,2026-09-13T22:36:23.843165+00:00,1813.1,final,2011-04-01,2011-06-30,1,2026-09-13T22:36:23.843165+00:00
GDP_VOLUME_EUROPE,mk:country,2011-Q3,2026-09-13T22:36:23.843165+00:00,1813.8,final,2011-07-01,2011-09-30,1,2026-09-13T22:36:23.843165+00:00
GDP_VOLUME_EUROPE,mk:country,2011-Q4,2026-09-13T22:36:23.843165+00:00,1834.1,final,2011-10-01,2011-12-31,1,2026-09-13T22:36:23.843165+00:00
GDP_VOLUME_EUROPE,mk:country,2012-Q1,2026-09-13T22:36:23.843165+00:00,1804.7,final,2012-01-01,2012-03-31,1,2026-09-13T22:36:23.843165+00:00
GDP_VOLUME_EUROPE,mk:country,2012-Q2,2026-09-13T22:36:23.843165+00:00,1805.8,final,2012-04-01,2012-06-30,1,2026-09-13T22:36:23.843165+00:00
GDP_VOLUME_EUROPE,mk:country,2012-Q3,2026-09-13T22:36:23.843165+00:00,1810.6,final,2012-07-01,2012-09-30,1,2026-09-13T22:36:23.843165+00:00
GDP_VOLUME_EUROPE,mk:country,2012-Q4,2026-09-13T22:36:23.843165+00:00,1824.8,final,2012-10-01,2012-12-31,1,2026-09-13T22:36:23.843165+00:00
GDP_VOLUME_EUROPE,mk:country,2013-Q1,2026-09-13T22:36:23.843165+00:00,1833.8,final,2013-01-01,2013-03-31,1,2026-09-13T22:36:23.843165+00:00
GDP_VOLUME_EUROPE,mk:country,2013-Q2,2026-09-13T22:36:23.843165+00:00,1856.7,final,2013-04-01,2013-06-30,1,2026-09-13T22:36:23.843165+00:00
GDP_VOLUME_EUROPE,mk:country,2013-Q3,2026-09-13T22:36:23.843165+00:00,1879.1,final,2013-07-01,2013-09-30,1,2026-09-13T22:36:23.843165+00:00
GDP_VOLUME_EUROPE,mk:country,2013-Q4,2026-09-13T22:36:23.843165+00:00,1888.6,final,2013-10-01,2013-12-31,1,2026-09-13T22:36:23.843165+00:00
GDP_VOLUME_EUROPE,mk:country,2014-Q1,2026-09-13T22:36:23.843165+00:00,1920.9,final,2014-01-01,2014-03-31,1,2026-09-13T22:36:23.843165+00:00
GDP_VOLUME_EUROPE,mk:country,2014-Q2,2026-09-13T22:36:23.843165+00:00,1944.9,final,2014-04-01,2014-06-30,1,2026-09-13T22:36:23.843165+00:00
GDP_VOLUME_EUROPE,mk:country,2014-Q3,2026-09-13T22:36:23.843165+00:00,1925.7,final,2014-07-01,2014-09-30,1,2026-09-13T22:36:23.843165+00:00
GDP_VOLUME_EUROPE,mk:country,2014-Q4,2026-09-13T22:36:23.843165+00:00,1924.7,final,2014-10-01,2014-12-31,1,2026-09-13T22:36:23.843165+00:00
GDP_VOLUME_EUROPE,mk:country,2015-Q1,2026-09-13T22:36:23.843165+00:00,1979.2,final,2015-01-01,2015-03-31,1,2026-09-13T22:36:23.843165+00:00
GDP_VOLUME_EUROPE,mk:country,2015-Q2,2026-09-13T22:36:23.843165+00:00,1978.7,final,2015-04-01,2015-06-30,1,2026-09-13T22:36:23.843165+00:00
GDP_VOLUME_EUROPE,mk:country,2015-Q3,2026-09-13T22:36:23.843165+00:00,2008.8,final,2015-07-01,2015-09-30,1,2026-09-13T22:36:23.843165+00:00
GDP_VOLUME_EUROPE,mk:country,2015-Q4,2026-09-13T22:36:23.843165+00:00,2027.8,final,2015-10-01,2015-12-31,1,2026-09-13T22:36:23.843165+00:00
GDP_VOLUME_EUROPE,mk:country,2016-Q1,2026-09-13T22:36:23.843165+00:00,2017.0,final,2016-01-01,2016-03-31,1,2026-09-13T22:36:23.843165+00:00
GDP_VOLUME_EUROPE,mk:country,2016-Q2,2026-09-13T22:36:23.843165+00:00,2052.9,final,2016-04-01,2016-06-30,1,2026-09-13T22:36:23.843165+00:00
GDP_VOLUME_EUROPE,mk:country,2016-Q3,2026-09-13T22:36:23.843165+00:00,2072.4,final,2016-07-01,2016-09-30,1,2026-09-13T22:36:23.843165+00:00
GDP_VOLUME_EUROPE,mk:country,2016-Q4,2026-09-13T22:36:23.843165+00:00,2086.5,final,2016-10-01,2016-12-31,1,2026-09-13T22:36:23.843165+00:00
GDP_VOLUME_EUROPE,mk:country,2017-Q1,2026-09-13T22:36:23.843165+00:00,2093.7,final,2017-01-01,2017-03-31,1,2026-09-13T22:36:23.843165+00:00
GDP_VOLUME_EUROPE,mk:country,2017-Q2,2026-09-13T22:36:23.843165+00:00,2066.8,final,2017-04-01,2017-06-30,1,2026-09-13T22:36:23.843165+00:00
GDP_VOLUME_EUROPE,mk:country,2017-Q3,2026-09-13T22:36:23.843165+00:00,2084.4,final,2017-07-01,2017-09-30,1,2026-09-13T22:36:23.843165+00:00
GDP_VOLUME_EUROPE,mk:country,2017-Q4,2026-09-13T22:36:23.843165+00:00,2084.0,final,2017-10-01,2017-12-31,1,2026-09-13T22:36:23.843165+00:00
GDP_VOLUME_EUROPE,mk:country,2018-Q1,2026-09-13T22:36:23.843165+00:00,2114.5,final,2018-01-01,2018-03-31,1,2026-09-13T22:36:23.843165+00:00
GDP_VOLUME_EUROPE,mk:country,2018-Q2,2026-09-13T22:36:23.843165+00:00,2119.3,final,2018-04-01,2018-06-30,1,2026-09-13T22:36:23.843165+00:00
GDP_VOLUME_EUROPE,mk:country,2018-Q3,2026-09-13T22:36:23.843165+00:00,2145.7,final,2018-07-01,2018-09-30,1,2026-09-13T22:36:23.843165+00:00
GDP_VOLUME_EUROPE,mk:country,2018-Q4,2026-09-13T22:36:23.843165+00:00,2177.9,final,2018-10-01,2018-12-31,1,2026-09-13T22:36:23.843165+00:00
GDP_VOLUME_EUROPE,mk:country,2019-Q1,2026-09-13T22:36:23.843165+00:00,2192.7,final,2019-01-01,2019-03-31,1,2026-09-13T22:36:23.843165+00:00
GDP_VOLUME_EUROPE,mk:country,2019-Q2,2026-09-13T22:36:23.843165+00:00,2238.3,final,2019-04-01,2019-06-30,1,2026-09-13T22:36:23.843165+00:00
GDP_VOLUME_EUROPE,mk:country,2019-Q3,2026-09-13T22:36:23.843165+00:00,2245.4,final,2019-07-01,2019-09-30,1,2026-09-13T22:36:23.843165+00:00
GDP_VOLUME_EUROPE,mk:country,2019-Q4,2026-09-13T22:36:23.843165+00:00,2207.6,final,2019-10-01,2019-12-31,1,2026-09-13T22:36:23.843165+00:00
GDP_VOLUME_EUROPE,mk:country,2020-Q1,2026-09-13T22:36:23.843165+00:00,2194.7,final,2020-01-01,2020-03-31,1,2026-09-13T22:36:23.843165+00:00
GDP_VOLUME_EUROPE,mk:country,2020-Q2,2026-09-13T22:36:23.843165+00:00,1900.8,final,2020-04-01,2020-06-30,1,2026-09-13T22:36:23.843165+00:00
GDP_VOLUME_EUROPE,mk:country,2020-Q3,2026-09-13T22:36:23.843165+00:00,2170.7,final,2020-07-01,2020-09-30,1,2026-09-13T22:36:23.843165+00:00
GDP_VOLUME_EUROPE,mk:country,2020-Q4,2026-09-13T22:36:23.843165+00:00,2210.9,final,2020-10-01,2020-12-31,1,2026-09-13T22:36:23.843165+00:00
GDP_VOLUME_EUROPE,mk:country,2021-Q1,2026-09-13T22:36:23.843165+00:00,2205.7,final,2021-01-01,2021-03-31,1,2026-09-13T22:36:23.843165+00:00
GDP_VOLUME_EUROPE,mk:country,2021-Q2,2026-09-13T22:36:23.843165+00:00,2196.8,final,2021-04-01,2021-06-30,1,2026-09-13T22:36:23.843165+00:00
GDP_VOLUME_EUROPE,mk:country,2021-Q3,2026-09-13T22:36:23.843165+00:00,2225.3,final,2021-07-01,2021-09-30,1,2026-09-13T22:36:23.843165+00:00
GDP_VOLUME_EUROPE,mk:country,2021-Q4,2026-09-13T22:36:23.843165+00:00,2235.7,final,2021-10-01,2021-12-31,1,2026-09-13T22:36:23.843165+00:00
GDP_VOLUME_EUROPE,mk:country,2022-Q1,2026-09-13T22:36:23.843165+00:00,2264.2,final,2022-01-01,2022-03-31,1,2026-09-13T22:36:23.843165+00:00
GDP_VOLUME_EUROPE,mk:country,2022-Q2,2026-09-13T22:36:23.843165+00:00,2276.3,final,2022-04-01,2022-06-30,1,2026-09-13T22:36:23.843165+00:00
GDP_VOLUME_EUROPE,mk:country,2022-Q3,2026-09-13T22:36:23.843165+00:00,2273.3,final,2022-07-01,2022-09-30,1,2026-09-13T22:36:23.843165+00:00
GDP_VOLUME_EUROPE,mk:country,2022-Q4,2026-09-13T22:36:23.843165+00:00,2285.1,final,2022-10-01,2022-12-31,1,2026-09-13T22:36:23.843165+00:00
GDP_VOLUME_EUROPE,mk:country,2023-Q1,2026-09-13T22:36:23.843165+00:00,2306.7,final,2023-01-01,2023-03-31,1,2026-09-13T22:36:23.843165+00:00
GDP_VOLUME_EUROPE,mk:country,2023-Q2,2026-09-13T22:36:23.843165+00:00,2320.1,final,2023-04-01,2023-06-30,1,2026-09-13T22:36:23.843165+00:00
GDP_VOLUME_EUROPE,mk:country,2023-Q3,2026-09-13T22:36:23.843165+00:00,2339.8,final,2023-07-01,2023-09-30,1,2026-09-13T22:36:23.843165+00:00
GDP_VOLUME_EUROPE,mk:country,2023-Q4,2026-09-13T22:36:23.843165+00:00,2353.4,final,2023-10-01,2023-12-31,1,2026-09-13T22:36:23.843165+00:00
GDP_VOLUME_EUROPE,mk:country,2024-Q1,2026-09-13T22:36:23.843165+00:00,2364.9,provisional,2024-01-01,2024-03-31,1,2026-09-13T22:36:23.843165+00:00
GDP_VOLUME_EUROPE,mk:country,2024-Q2,2026-09-13T22:36:23.843165+00:00,2388.5,provisional,2024-04-01,2024-06-30,1,2026-09-13T22:36:23.843165+00:00
GDP_VOLUME_EUROPE,mk:country,2024-Q3,2026-09-13T22:36:23.843165+00:00,2406.7,provisional,2024-07-01,2024-09-30,1,2026-09-13T22:36:23.843165+00:00
GDP_VOLUME_EUROPE,mk:country,2024-Q4,2026-09-13T22:36:23.843165+00:00,2437.5,provisional,2024-10-01,2024-12-31,1,2026-09-13T22:36:23.843165+00:00
GDP_VOLUME_EUROPE,mk:country,2025-Q1,2026-09-13T22:36:23.843165+00:00,2448.7,estimate,2025-01-01,2025-03-31,1,2026-09-13T22:36:23.843165+00:00
GDP_VOLUME_EUROPE,mk:country,2025-Q2,2026-09-13T22:36:23.843165+00:00,2467.8,estimate,2025-04-01,2025-06-30,1,2026-09-13T22:36:23.843165+00:00
GDP_VOLUME_EUROPE,mk:country,2025-Q3,2026-09-13T22:36:23.843165+00:00,2497.6,estimate,2025-07-01,2025-09-30,1,2026-09-13T22:36:23.843165+00:00
GDP_VOLUME_EUROPE,mk:country,2025-Q4,2026-09-13T22:36:23.843165+00:00,2523.5,estimate,2025-10-01,2025-12-31,1,2026-09-13T22:36:23.843165+00:00
GDP_VOLUME_EUROPE,mk:country,2026-Q1,2026-09-13T22:36:23.843165+00:00,2533.7,estimate,2026-01-01,2026-03-31,1,2026-09-13T22:36:23.843165+00:00
GDP_VOLUME_EUROPE,mk:country,2026-Q2,2026-09-13T22:36:23.843165+00:00,2565.5,estimate,2026-04-01,2026-06-30,1,2026-09-13T22:36:23.843165+00:00
GDP_VOLUME_EUROPE,mt:country,2008-Q1,2026-09-13T22:36:23.843165+00:00,1626.6,final,2008-01-01,2008-03-31,1,2026-09-13T22:36:23.843165+00:00
GDP_VOLUME_EUROPE,mt:country,2008-Q2,2026-09-13T22:36:23.843165+00:00,1632.1,final,2008-04-01,2008-06-30,1,2026-09-13T22:36:23.843165+00:00
GDP_VOLUME_EUROPE,mt:country,2008-Q3,2026-09-13T22:36:23.843165+00:00,1639.2,final,2008-07-01,2008-09-30,1,2026-09-13T22:36:23.843165+00:00
GDP_VOLUME_EUROPE,mt:country,2008-Q4,2026-09-13T22:36:23.843165+00:00,1653.0,final,2008-10-01,2008-12-31,1,2026-09-13T22:36:23.843165+00:00
GDP_VOLUME_EUROPE,mt:country,2009-Q1,2026-09-13T22:36:23.843165+00:00,1589.9,final,2009-01-01,2009-03-31,1,2026-09-13T22:36:23.843165+00:00
GDP_VOLUME_EUROPE,mt:country,2009-Q2,2026-09-13T22:36:23.843165+00:00,1601.4,final,2009-04-01,2009-06-30,1,2026-09-13T22:36:23.843165+00:00
GDP_VOLUME_EUROPE,mt:country,2009-Q3,2026-09-13T22:36:23.843165+00:00,1615.1,final,2009-07-01,2009-09-30,1,2026-09-13T22:36:23.843165+00:00
GDP_VOLUME_EUROPE,mt:country,2009-Q4,2026-09-13T22:36:23.843165+00:00,1654.6,final,2009-10-01,2009-12-31,1,2026-09-13T22:36:23.843165+00:00
GDP_VOLUME_EUROPE,mt:country,2010-Q1,2026-09-13T22:36:23.843165+00:00,1706.9,final,2010-01-01,2010-03-31,1,2026-09-13T22:36:23.843165+00:00
GDP_VOLUME_EUROPE,mt:country,2010-Q2,2026-09-13T22:36:23.843165+00:00,1685.3,final,2010-04-01,2010-06-30,1,2026-09-13T22:36:23.843165+00:00
GDP_VOLUME_EUROPE,mt:country,2010-Q3,2026-09-13T22:36:23.843165+00:00,1725.5,final,2010-07-01,2010-09-30,1,2026-09-13T22:36:23.843165+00:00
GDP_VOLUME_EUROPE,mt:country,2010-Q4,2026-09-13T22:36:23.843165+00:00,1744.0,final,2010-10-01,2010-12-31,1,2026-09-13T22:36:23.843165+00:00
GDP_VOLUME_EUROPE,mt:country,2011-Q1,2026-09-13T22:36:23.843165+00:00,1728.3,final,2011-01-01,2011-03-31,1,2026-09-13T22:36:23.843165+00:00
GDP_VOLUME_EUROPE,mt:country,2011-Q2,2026-09-13T22:36:23.843165+00:00,1711.6,final,2011-04-01,2011-06-30,1,2026-09-13T22:36:23.843165+00:00
GDP_VOLUME_EUROPE,mt:country,2011-Q3,2026-09-13T22:36:23.843165+00:00,1735.1,final,2011-07-01,2011-09-30,1,2026-09-13T22:36:23.843165+00:00
GDP_VOLUME_EUROPE,mt:country,2011-Q4,2026-09-13T22:36:23.843165+00:00,1756.6,final,2011-10-01,2011-12-31,1,2026-09-13T22:36:23.843165+00:00
GDP_VOLUME_EUROPE,mt:country,2012-Q1,2026-09-13T22:36:23.843165+00:00,1772.0,final,2012-01-01,2012-03-31,1,2026-09-13T22:36:23.843165+00:00
GDP_VOLUME_EUROPE,mt:country,2012-Q2,2026-09-13T22:36:23.843165+00:00,1792.3,final,2012-04-01,2012-06-30,1,2026-09-13T22:36:23.843165+00:00
GDP_VOLUME_EUROPE,mt:country,2012-Q3,2026-09-13T22:36:23.843165+00:00,1821.9,final,2012-07-01,2012-09-30,1,2026-09-13T22:36:23.843165+00:00
GDP_VOLUME_EUROPE,mt:country,2012-Q4,2026-09-13T22:36:23.843165+00:00,1828.4,final,2012-10-01,2012-12-31,1,2026-09-13T22:36:23.843165+00:00
GDP_VOLUME_EUROPE,mt:country,2013-Q1,2026-09-13T22:36:23.843165+00:00,1857.9,final,2013-01-01,2013-03-31,1,2026-09-13T22:36:23.843165+00:00
GDP_VOLUME_EUROPE,mt:country,2013-Q2,2026-09-13T22:36:23.843165+00:00,1915.9,final,2013-04-01,2013-06-30,1,2026-09-13T22:36:23.843165+00:00
GDP_VOLUME_EUROPE,mt:country,2013-Q3,2026-09-13T22:36:23.843165+00:00,1946.8,final,2013-07-01,2013-09-30,1,2026-09-13T22:36:23.843165+00:00
GDP_VOLUME_EUROPE,mt:country,2013-Q4,2026-09-13T22:36:23.843165+00:00,1946.9,final,2013-10-01,2013-12-31,1,2026-09-13T22:36:23.843165+00:00
GDP_VOLUME_EUROPE,mt:country,2014-Q1,2026-09-13T22:36:23.843165+00:00,2002.7,final,2014-01-01,2014-03-31,1,2026-09-13T22:36:23.843165+00:00
GDP_VOLUME_EUROPE,mt:country,2014-Q2,2026-09-13T22:36:23.843165+00:00,2040.3,final,2014-04-01,2014-06-30,1,2026-09-13T22:36:23.843165+00:00
GDP_VOLUME_EUROPE,mt:country,2014-Q3,2026-09-13T22:36:23.843165+00:00,2073.2,final,2014-07-01,2014-09-30,1,2026-09-13T22:36:23.843165+00:00
GDP_VOLUME_EUROPE,mt:country,2014-Q4,2026-09-13T22:36:23.843165+00:00,2138.5,final,2014-10-01,2014-12-31,1,2026-09-13T22:36:23.843165+00:00
GDP_VOLUME_EUROPE,mt:country,2015-Q1,2026-09-13T22:36:23.843165+00:00,2196.3,final,2015-01-01,2015-03-31,1,2026-09-13T22:36:23.843165+00:00
GDP_VOLUME_EUROPE,mt:country,2015-Q2,2026-09-13T22:36:23.843165+00:00,2249.8,final,2015-04-01,2015-06-30,1,2026-09-13T22:36:23.843165+00:00
GDP_VOLUME_EUROPE,mt:country,2015-Q3,2026-09-13T22:36:23.843165+00:00,2277.6,final,2015-07-01,2015-09-30,1,2026-09-13T22:36:23.843165+00:00
GDP_VOLUME_EUROPE,mt:country,2015-Q4,2026-09-13T22:36:23.843165+00:00,2325.2,final,2015-10-01,2015-12-31,1,2026-09-13T22:36:23.843165+00:00
GDP_VOLUME_EUROPE,mt:country,2016-Q1,2026-09-13T22:36:23.843165+00:00,2303.4,final,2016-01-01,2016-03-31,1,2026-09-13T22:36:23.843165+00:00
GDP_VOLUME_EUROPE,mt:country,2016-Q2,2026-09-13T22:36:23.843165+00:00,2328.4,final,2016-04-01,2016-06-30,1,2026-09-13T22:36:23.843165+00:00
GDP_VOLUME_EUROPE,mt:country,2016-Q3,2026-09-13T22:36:23.843165+00:00,2374.2,final,2016-07-01,2016-09-30,1,2026-09-13T22:36:23.843165+00:00
GDP_VOLUME_EUROPE,mt:country,2016-Q4,2026-09-13T22:36:23.843165+00:00,2413.3,final,2016-10-01,2016-12-31,1,2026-09-13T22:36:23.843165+00:00
GDP_VOLUME_EUROPE,mt:country,2017-Q1,2026-09-13T22:36:23.843165+00:00,2599.7,final,2017-01-01,2017-03-31,1,2026-09-13T22:36:23.843165+00:00
GDP_VOLUME_EUROPE,mt:country,2017-Q2,2026-09-13T22:36:23.843165+00:00,2630.9,final,2017-04-01,2017-06-30,1,2026-09-13T22:36:23.843165+00:00
GDP_VOLUME_EUROPE,mt:country,2017-Q3,2026-09-13T22:36:23.843165+00:00,2682.4,final,2017-07-01,2017-09-30,1,2026-09-13T22:36:23.843165+00:00
GDP_VOLUME_EUROPE,mt:country,2017-Q4,2026-09-13T22:36:23.843165+00:00,2725.4,final,2017-10-01,2017-12-31,1,2026-09-13T22:36:23.843165+00:00
GDP_VOLUME_EUROPE,mt:country,2018-Q1,2026-09-13T22:36:23.843165+00:00,2727.7,final,2018-01-01,2018-03-31,1,2026-09-13T22:36:23.843165+00:00
GDP_VOLUME_EUROPE,mt:country,2018-Q2,2026-09-13T22:36:23.843165+00:00,2829.5,final,2018-04-01,2018-06-30,1,2026-09-13T22:36:23.843165+00:00
GDP_VOLUME_EUROPE,mt:country,2018-Q3,2026-09-13T22:36:23.843165+00:00,2914.8,final,2018-07-01,2018-09-30,1,2026-09-13T22:36:23.843165+00:00
GDP_VOLUME_EUROPE,mt:country,2018-Q4,2026-09-13T22:36:23.843165+00:00,2930.0,final,2018-10-01,2018-12-31,1,2026-09-13T22:36:23.843165+00:00
GDP_VOLUME_EUROPE,mt:country,2019-Q1,2026-09-13T22:36:23.843165+00:00,2884.9,final,2019-01-01,2019-03-31,1,2026-09-13T22:36:23.843165+00:00
GDP_VOLUME_EUROPE,mt:country,2019-Q2,2026-09-13T22:36:23.843165+00:00,2965.8,final,2019-04-01,2019-06-30,1,2026-09-13T22:36:23.843165+00:00
GDP_VOLUME_EUROPE,mt:country,2019-Q3,2026-09-13T22:36:23.843165+00:00,2996.9,final,2019-07-01,2019-09-30,1,2026-09-13T22:36:23.843165+00:00
GDP_VOLUME_EUROPE,mt:country,2019-Q4,2026-09-13T22:36:23.843165+00:00,3026.5,final,2019-10-01,2019-12-31,1,2026-09-13T22:36:23.843165+00:00
GDP_VOLUME_EUROPE,mt:country,2020-Q1,2026-09-13T22:36:23.843165+00:00,3064.1,final,2020-01-01,2020-03-31,1,2026-09-13T22:36:23.843165+00:00
GDP_VOLUME_EUROPE,mt:country,2020-Q2,2026-09-13T22:36:23.843165+00:00,2688.8,final,2020-04-01,2020-06-30,1,2026-09-13T22:36:23.843165+00:00
GDP_VOLUME_EUROPE,mt:country,2020-Q3,2026-09-13T22:36:23.843165+00:00,2802.5,final,2020-07-01,2020-09-30,1,2026-09-13T22:36:23.843165+00:00
GDP_VOLUME_EUROPE,mt:country,2020-Q4,2026-09-13T22:36:23.843165+00:00,2912.8,final,2020-10-01,2020-12-31,1,2026-09-13T22:36:23.843165+00:00
GDP_VOLUME_EUROPE,mt:country,2021-Q1,2026-09-13T22:36:23.843165+00:00,3102.1,final,2021-01-01,2021-03-31,1,2026-09-13T22:36:23.843165+00:00
GDP_VOLUME_EUROPE,mt:country,2021-Q2,2026-09-13T22:36:23.843165+00:00,3163.3,final,2021-04-01,2021-06-30,1,2026-09-13T22:36:23.843165+00:00
GDP_VOLUME_EUROPE,mt:country,2021-Q3,2026-09-13T22:36:23.843165+00:00,3331.6,final,2021-07-01,2021-09-30,1,2026-09-13T22:36:23.843165+00:00
GDP_VOLUME_EUROPE,mt:country,2021-Q4,2026-09-13T22:36:23.843165+00:00,3384.3,final,2021-10-01,2021-12-31,1,2026-09-13T22:36:23.843165+00:00
GDP_VOLUME_EUROPE,mt:country,2022-Q1,2026-09-13T22:36:23.843165+00:00,3259.4,final,2022-01-01,2022-03-31,1,2026-09-13T22:36:23.843165+00:00
GDP_VOLUME_EUROPE,mt:country,2022-Q2,2026-09-13T22:36:23.843165+00:00,3370.7,final,2022-04-01,2022-06-30,1,2026-09-13T22:36:23.843165+00:00
GDP_VOLUME_EUROPE,mt:country,2022-Q3,2026-09-13T22:36:23.843165+00:00,3404.6,final,2022-07-01,2022-09-30,1,2026-09-13T22:36:23.843165+00:00
GDP_VOLUME_EUROPE,mt:country,2022-Q4,2026-09-13T22:36:23.843165+00:00,3475.8,final,2022-10-01,2022-12-31,1,2026-09-13T22:36:23.843165+00:00
GDP_VOLUME_EUROPE,mt:country,2023-Q1,2026-09-13T22:36:23.843165+00:00,3505.2,final,2023-01-01,2023-03-31,1,2026-09-13T22:36:23.843165+00:00
GDP_VOLUME_EUROPE,mt:country,2023-Q2,2026-09-13T22:36:23.843165+00:00,3576.8,final,2023-04-01,2023-06-30,1,2026-09-13T22:36:23.843165+00:00
GDP_VOLUME_EUROPE,mt:country,2023-Q3,2026-09-13T22:36:23.843165+00:00,3665.6,final,2023-07-01,2023-09-30,1,2026-09-13T22:36:23.843165+00:00
GDP_VOLUME_EUROPE,mt:country,2023-Q4,2026-09-13T22:36:23.843165+00:00,3720.7,final,2023-10-01,2023-12-31,1,2026-09-13T22:36:23.843165+00:00
GDP_VOLUME_EUROPE,mt:country,2024-Q1,2026-09-13T22:36:23.843165+00:00,3761.9,final,2024-01-01,2024-03-31,1,2026-09-13T22:36:23.843165+00:00
GDP_VOLUME_EUROPE,mt:country,2024-Q2,2026-09-13T22:36:23.843165+00:00,3832.4,final,2024-04-01,2024-06-30,1,2026-09-13T22:36:23.843165+00:00
GDP_VOLUME_EUROPE,mt:country,2024-Q3,2026-09-13T22:36:23.843165+00:00,3813.9,final,2024-07-01,2024-09-30,1,2026-09-13T22:36:23.843165+00:00
GDP_VOLUME_EUROPE,mt:country,2024-Q4,2026-09-13T22:36:23.843165+00:00,3827.0,final,2024-10-01,2024-12-31,1,2026-09-13T22:36:23.843165+00:00
GDP_VOLUME_EUROPE,mt:country,2025-Q1,2026-09-13T22:36:23.843165+00:00,3906.6,final,2025-01-01,2025-03-31,1,2026-09-13T22:36:23.843165+00:00
GDP_VOLUME_EUROPE,mt:country,2025-Q2,2026-09-13T22:36:23.843165+00:00,3933.1,final,2025-04-01,2025-06-30,1,2026-09-13T22:36:23.843165+00:00
GDP_VOLUME_EUROPE,mt:country,2025-Q3,2026-09-13T22:36:23.843165+00:00,3993.6,final,2025-07-01,2025-09-30,1,2026-09-13T22:36:23.843165+00:00
GDP_VOLUME_EUROPE,mt:country,2025-Q4,2026-09-13T22:36:23.843165+00:00,4064.9,final,2025-10-01,2025-12-31,1,2026-09-13T22:36:23.843165+00:00
GDP_VOLUME_EUROPE,mt:country,2026-Q1,2026-09-13T22:36:23.843165+00:00,4087.0,final,2026-01-01,2026-03-31,1,2026-09-13T22:36:23.843165+00:00
GDP_VOLUME_EUROPE,mt:country,2026-Q2,2026-09-13T22:36:23.843165+00:00,4130.3,final,2026-04-01,2026-06-30,1,2026-09-13T22:36:23.843165+00:00
GDP_VOLUME_EUROPE,nl:country,2008-Q1,2026-09-13T22:36:23.843165+00:00,165277.8,final,2008-01-01,2008-03-31,1,2026-09-13T22:36:23.843165+00:00
GDP_VOLUME_EUROPE,nl:country,2008-Q2,2026-09-13T22:36:23.843165+00:00,165396.5,final,2008-04-01,2008-06-30,1,2026-09-13T22:36:23.843165+00:00
GDP_VOLUME_EUROPE,nl:country,2008-Q3,2026-09-13T22:36:23.843165+00:00,164952.2,final,2008-07-01,2008-09-30,1,2026-09-13T22:36:23.843165+00:00
GDP_VOLUME_EUROPE,nl:country,2008-Q4,2026-09-13T22:36:23.843165+00:00,163137.5,final,2008-10-01,2008-12-31,1,2026-09-13T22:36:23.843165+00:00
GDP_VOLUME_EUROPE,nl:country,2009-Q1,2026-09-13T22:36:23.843165+00:00,159410.6,final,2009-01-01,2009-03-31,1,2026-09-13T22:36:23.843165+00:00
GDP_VOLUME_EUROPE,nl:country,2009-Q2,2026-09-13T22:36:23.843165+00:00,157931.7,final,2009-04-01,2009-06-30,1,2026-09-13T22:36:23.843165+00:00
GDP_VOLUME_EUROPE,nl:country,2009-Q3,2026-09-13T22:36:23.843165+00:00,158097.1,final,2009-07-01,2009-09-30,1,2026-09-13T22:36:23.843165+00:00
GDP_VOLUME_EUROPE,nl:country,2009-Q4,2026-09-13T22:36:23.843165+00:00,159134.2,final,2009-10-01,2009-12-31,1,2026-09-13T22:36:23.843165+00:00
GDP_VOLUME_EUROPE,nl:country,2010-Q1,2026-09-13T22:36:23.843165+00:00,159139.3,final,2010-01-01,2010-03-31,1,2026-09-13T22:36:23.843165+00:00
GDP_VOLUME_EUROPE,nl:country,2010-Q2,2026-09-13T22:36:23.843165+00:00,160601.2,final,2010-04-01,2010-06-30,1,2026-09-13T22:36:23.843165+00:00
GDP_VOLUME_EUROPE,nl:country,2010-Q3,2026-09-13T22:36:23.843165+00:00,160742.8,final,2010-07-01,2010-09-30,1,2026-09-13T22:36:23.843165+00:00
GDP_VOLUME_EUROPE,nl:country,2010-Q4,2026-09-13T22:36:23.843165+00:00,162131.8,final,2010-10-01,2010-12-31,1,2026-09-13T22:36:23.843165+00:00
GDP_VOLUME_EUROPE,nl:country,2011-Q1,2026-09-13T22:36:23.843165+00:00,163917.6,final,2011-01-01,2011-03-31,1,2026-09-13T22:36:23.843165+00:00
GDP_VOLUME_EUROPE,nl:country,2011-Q2,2026-09-13T22:36:23.843165+00:00,163821.0,final,2011-04-01,2011-06-30,1,2026-09-13T22:36:23.843165+00:00
GDP_VOLUME_EUROPE,nl:country,2011-Q3,2026-09-13T22:36:23.843165+00:00,163585.2,final,2011-07-01,2011-09-30,1,2026-09-13T22:36:23.843165+00:00
GDP_VOLUME_EUROPE,nl:country,2011-Q4,2026-09-13T22:36:23.843165+00:00,162722.8,final,2011-10-01,2011-12-31,1,2026-09-13T22:36:23.843165+00:00
GDP_VOLUME_EUROPE,nl:country,2012-Q1,2026-09-13T22:36:23.843165+00:00,162577.0,final,2012-01-01,2012-03-31,1,2026-09-13T22:36:23.843165+00:00
GDP_VOLUME_EUROPE,nl:country,2012-Q2,2026-09-13T22:36:23.843165+00:00,162496.4,final,2012-04-01,2012-06-30,1,2026-09-13T22:36:23.843165+00:00
GDP_VOLUME_EUROPE,nl:country,2012-Q3,2026-09-13T22:36:23.843165+00:00,161720.5,final,2012-07-01,2012-09-30,1,2026-09-13T22:36:23.843165+00:00
GDP_VOLUME_EUROPE,nl:country,2012-Q4,2026-09-13T22:36:23.843165+00:00,160825.0,final,2012-10-01,2012-12-31,1,2026-09-13T22:36:23.843165+00:00
GDP_VOLUME_EUROPE,nl:country,2013-Q1,2026-09-13T22:36:23.843165+00:00,160758.1,final,2013-01-01,2013-03-31,1,2026-09-13T22:36:23.843165+00:00
GDP_VOLUME_EUROPE,nl:country,2013-Q2,2026-09-13T22:36:23.843165+00:00,161446.6,final,2013-04-01,2013-06-30,1,2026-09-13T22:36:23.843165+00:00
GDP_VOLUME_EUROPE,nl:country,2013-Q3,2026-09-13T22:36:23.843165+00:00,162258.1,final,2013-07-01,2013-09-30,1,2026-09-13T22:36:23.843165+00:00
GDP_VOLUME_EUROPE,nl:country,2013-Q4,2026-09-13T22:36:23.843165+00:00,163238.4,final,2013-10-01,2013-12-31,1,2026-09-13T22:36:23.843165+00:00
GDP_VOLUME_EUROPE,nl:country,2014-Q1,2026-09-13T22:36:23.843165+00:00,163615.8,final,2014-01-01,2014-03-31,1,2026-09-13T22:36:23.843165+00:00
GDP_VOLUME_EUROPE,nl:country,2014-Q2,2026-09-13T22:36:23.843165+00:00,164141.5,final,2014-04-01,2014-06-30,1,2026-09-13T22:36:23.843165+00:00
GDP_VOLUME_EUROPE,nl:country,2014-Q3,2026-09-13T22:36:23.843165+00:00,164090.6,final,2014-07-01,2014-09-30,1,2026-09-13T22:36:23.843165+00:00
GDP_VOLUME_EUROPE,nl:country,2014-Q4,2026-09-13T22:36:23.843165+00:00,166308.9,final,2014-10-01,2014-12-31,1,2026-09-13T22:36:23.843165+00:00
GDP_VOLUME_EUROPE,nl:country,2015-Q1,2026-09-13T22:36:23.843165+00:00,166961.9,final,2015-01-01,2015-03-31,1,2026-09-13T22:36:23.843165+00:00
GDP_VOLUME_EUROPE,nl:country,2015-Q2,2026-09-13T22:36:23.843165+00:00,167670.8,final,2015-04-01,2015-06-30,1,2026-09-13T22:36:23.843165+00:00
GDP_VOLUME_EUROPE,nl:country,2015-Q3,2026-09-13T22:36:23.843165+00:00,168467.1,final,2015-07-01,2015-09-30,1,2026-09-13T22:36:23.843165+00:00
GDP_VOLUME_EUROPE,nl:country,2015-Q4,2026-09-13T22:36:23.843165+00:00,168863.1,final,2015-10-01,2015-12-31,1,2026-09-13T22:36:23.843165+00:00
GDP_VOLUME_EUROPE,nl:country,2016-Q1,2026-09-13T22:36:23.843165+00:00,169959.5,final,2016-01-01,2016-03-31,1,2026-09-13T22:36:23.843165+00:00
GDP_VOLUME_EUROPE,nl:country,2016-Q2,2026-09-13T22:36:23.843165+00:00,171272.2,final,2016-04-01,2016-06-30,1,2026-09-13T22:36:23.843165+00:00
GDP_VOLUME_EUROPE,nl:country,2016-Q3,2026-09-13T22:36:23.843165+00:00,172802.0,final,2016-07-01,2016-09-30,0,2026-09-13T22:36:23.843165+00:00
GDP_VOLUME_EUROPE,nl:country,2016-Q3,2026-09-24T09:41:09.891706+00:00,172801.1,final,2016-07-01,2016-09-30,1,2026-09-24T09:41:09.891706+00:00
GDP_VOLUME_EUROPE,nl:country,2016-Q4,2026-09-13T22:36:23.843165+00:00,174189.3,final,2016-10-01,2016-12-31,0,2026-09-13T22:36:23.843165+00:00
GDP_VOLUME_EUROPE,nl:country,2016-Q4,2026-09-24T09:41:09.891706+00:00,174188.4,final,2016-10-01,2016-12-31,1,2026-09-24T09:41:09.891706+00:00
GDP_VOLUME_EUROPE,nl:country,2017-Q1,2026-09-13T22:36:23.843165+00:00,175222.9,final,2017-01-01,2017-03-31,1,2026-09-13T22:36:23.843165+00:00
GDP_VOLUME_EUROPE,nl:country,2017-Q2,2026-09-13T22:36:23.843165+00:00,176115.9,final,2017-04-01,2017-06-30,1,2026-09-13T22:36:23.843165+00:00
GDP_VOLUME_EUROPE,nl:country,2017-Q3,2026-09-13T22:36:23.843165+00:00,177452.3,final,2017-07-01,2017-09-30,1,2026-09-13T22:36:23.843165+00:00
GDP_VOLUME_EUROPE,nl:country,2017-Q4,2026-09-13T22:36:23.843165+00:00,178572.5,final,2017-10-01,2017-12-31,1,2026-09-13T22:36:23.843165+00:00
GDP_VOLUME_EUROPE,nl:country,2018-Q1,2026-09-13T22:36:23.843165+00:00,179852.9,final,2018-01-01,2018-03-31,0,2026-09-13T22:36:23.843165+00:00
GDP_VOLUME_EUROPE,nl:country,2018-Q1,2026-09-24T09:41:09.891706+00:00,179853.8,final,2018-01-01,2018-03-31,1,2026-09-24T09:41:09.891706+00:00
GDP_VOLUME_EUROPE,nl:country,2018-Q2,2026-09-13T22:36:23.843165+00:00,180673.8,final,2018-04-01,2018-06-30,0,2026-09-13T22:36:23.843165+00:00
GDP_VOLUME_EUROPE,nl:country,2018-Q2,2026-09-24T09:41:09.891706+00:00,180674.6,final,2018-04-01,2018-06-30,1,2026-09-24T09:41:09.891706+00:00
GDP_VOLUME_EUROPE,nl:country,2018-Q3,2026-09-13T22:36:23.843165+00:00,181134.2,final,2018-07-01,2018-09-30,0,2026-09-13T22:36:23.843165+00:00
GDP_VOLUME_EUROPE,nl:country,2018-Q3,2026-09-24T09:41:09.891706+00:00,181133.4,final,2018-07-01,2018-09-30,1,2026-09-24T09:41:09.891706+00:00
GDP_VOLUME_EUROPE,nl:country,2018-Q4,2026-09-13T22:36:23.843165+00:00,181637.1,final,2018-10-01,2018-12-31,1,2026-09-13T22:36:23.843165+00:00
GDP_VOLUME_EUROPE,nl:country,2019-Q1,2026-09-13T22:36:23.843165+00:00,183908.0,final,2019-01-01,2019-03-31,0,2026-09-13T22:36:23.843165+00:00
GDP_VOLUME_EUROPE,nl:country,2019-Q1,2026-09-24T09:41:09.891706+00:00,183908.8,final,2019-01-01,2019-03-31,1,2026-09-24T09:41:09.891706+00:00
GDP_VOLUME_EUROPE,nl:country,2019-Q2,2026-09-13T22:36:23.843165+00:00,184731.4,final,2019-04-01,2019-06-30,0,2026-09-13T22:36:23.843165+00:00
GDP_VOLUME_EUROPE,nl:country,2019-Q2,2026-09-24T09:41:09.891706+00:00,184733.1,final,2019-04-01,2019-06-30,1,2026-09-24T09:41:09.891706+00:00
GDP_VOLUME_EUROPE,nl:country,2019-Q3,2026-09-13T22:36:23.843165+00:00,185576.0,final,2019-07-01,2019-09-30,1,2026-09-13T22:36:23.843165+00:00
GDP_VOLUME_EUROPE,nl:country,2019-Q4,2026-09-13T22:36:23.843165+00:00,185680.3,final,2019-10-01,2019-12-31,0,2026-09-13T22:36:23.843165+00:00
GDP_VOLUME_EUROPE,nl:country,2019-Q4,2026-09-24T09:41:09.891706+00:00,185678.6,final,2019-10-01,2019-12-31,1,2026-09-24T09:41:09.891706+00:00
GDP_VOLUME_EUROPE,nl:country,2020-Q1,2026-09-13T22:36:23.843165+00:00,183729.1,final,2020-01-01,2020-03-31,0,2026-09-13T22:36:23.843165+00:00
GDP_VOLUME_EUROPE,nl:country,2020-Q1,2026-09-24T09:41:09.891706+00:00,183725.7,final,2020-01-01,2020-03-31,1,2026-09-24T09:41:09.891706+00:00
GDP_VOLUME_EUROPE,nl:country,2020-Q2,2026-09-13T22:36:23.843165+00:00,168417.0,final,2020-04-01,2020-06-30,0,2026-09-13T22:36:23.843165+00:00
GDP_VOLUME_EUROPE,nl:country,2020-Q2,2026-09-24T09:41:09.891706+00:00,168426.4,final,2020-04-01,2020-06-30,1,2026-09-24T09:41:09.891706+00:00
GDP_VOLUME_EUROPE,nl:country,2020-Q3,2026-09-13T22:36:23.843165+00:00,179415.4,final,2020-07-01,2020-09-30,0,2026-09-13T22:36:23.843165+00:00
GDP_VOLUME_EUROPE,nl:country,2020-Q3,2026-09-24T09:41:09.891706+00:00,179412.0,final,2020-07-01,2020-09-30,1,2026-09-24T09:41:09.891706+00:00
GDP_VOLUME_EUROPE,nl:country,2020-Q4,2026-09-13T22:36:23.843165+00:00,180005.6,final,2020-10-01,2020-12-31,0,2026-09-13T22:36:23.843165+00:00
GDP_VOLUME_EUROPE,nl:country,2020-Q4,2026-09-24T09:41:09.891706+00:00,180000.5,final,2020-10-01,2020-12-31,1,2026-09-24T09:41:09.891706+00:00
GDP_VOLUME_EUROPE,nl:country,2021-Q1,2026-09-13T22:36:23.843165+00:00,181867.7,final,2021-01-01,2021-03-31,0,2026-09-13T22:36:23.843165+00:00
GDP_VOLUME_EUROPE,nl:country,2021-Q1,2026-09-24T09:41:09.891706+00:00,181861.0,final,2021-01-01,2021-03-31,1,2026-09-24T09:41:09.891706+00:00
GDP_VOLUME_EUROPE,nl:country,2021-Q2,2026-09-13T22:36:23.843165+00:00,188981.5,final,2021-04-01,2021-06-30,0,2026-09-13T22:36:23.843165+00:00
GDP_VOLUME_EUROPE,nl:country,2021-Q2,2026-09-24T09:41:09.891706+00:00,189002.7,final,2021-04-01,2021-06-30,1,2026-09-24T09:41:09.891706+00:00
GDP_VOLUME_EUROPE,nl:country,2021-Q3,2026-09-13T22:36:23.843165+00:00,192381.9,final,2021-07-01,2021-09-30,0,2026-09-13T22:36:23.843165+00:00
GDP_VOLUME_EUROPE,nl:country,2021-Q3,2026-09-24T09:41:09.891706+00:00,192369.2,final,2021-07-01,2021-09-30,1,2026-09-24T09:41:09.891706+00:00
GDP_VOLUME_EUROPE,nl:country,2021-Q4,2026-09-13T22:36:23.843165+00:00,192486.2,final,2021-10-01,2021-12-31,0,2026-09-13T22:36:23.843165+00:00
GDP_VOLUME_EUROPE,nl:country,2021-Q4,2026-09-24T09:41:09.891706+00:00,192476.9,final,2021-10-01,2021-12-31,1,2026-09-24T09:41:09.891706+00:00
GDP_VOLUME_EUROPE,nl:country,2022-Q1,2026-09-13T22:36:23.843165+00:00,194964.8,final,2022-01-01,2022-03-31,0,2026-09-13T22:36:23.843165+00:00
GDP_VOLUME_EUROPE,nl:country,2022-Q1,2026-09-24T09:41:09.891706+00:00,194960.6,final,2022-01-01,2022-03-31,1,2026-09-24T09:41:09.891706+00:00
GDP_VOLUME_EUROPE,nl:country,2022-Q2,2026-09-13T22:36:23.843165+00:00,199547.3,final,2022-04-01,2022-06-30,0,2026-09-13T22:36:23.843165+00:00
GDP_VOLUME_EUROPE,nl:country,2022-Q2,2026-09-24T09:41:09.891706+00:00,199580.4,final,2022-04-01,2022-06-30,1,2026-09-24T09:41:09.891706+00:00
GDP_VOLUME_EUROPE,nl:country,2022-Q3,2026-09-13T22:36:23.843165+00:00,199709.3,final,2022-07-01,2022-09-30,0,2026-09-13T22:36:23.843165+00:00
GDP_VOLUME_EUROPE,nl:country,2022-Q3,2026-09-24T09:41:09.891706+00:00,199682.2,final,2022-07-01,2022-09-30,1,2026-09-24T09:41:09.891706+00:00
GDP_VOLUME_EUROPE,nl:country,2022-Q4,2026-09-13T22:36:23.843165+00:00,199363.3,final,2022-10-01,2022-12-31,0,2026-09-13T22:36:23.843165+00:00
GDP_VOLUME_EUROPE,nl:country,2022-Q4,2026-09-24T09:41:09.891706+00:00,199356.5,final,2022-10-01,2022-12-31,1,2026-09-24T09:41:09.891706+00:00
GDP_VOLUME_EUROPE,nl:country,2023-Q1,2026-09-13T22:36:23.843165+00:00,198442.4,final,2023-01-01,2023-03-31,0,2026-09-13T22:36:23.843165+00:00
GDP_VOLUME_EUROPE,nl:country,2023-Q1,2026-09-24T09:41:09.891706+00:00,198451.7,final,2023-01-01,2023-03-31,1,2026-09-24T09:41:09.891706+00:00
GDP_VOLUME_EUROPE,nl:country,2023-Q2,2026-09-13T22:36:23.843165+00:00,197554.6,final,2023-04-01,2023-06-30,0,2026-09-13T22:36:23.843165+00:00
GDP_VOLUME_EUROPE,nl:country,2023-Q2,2026-09-24T09:41:09.891706+00:00,197574.9,final,2023-04-01,2023-06-30,1,2026-09-24T09:41:09.891706+00:00
GDP_VOLUME_EUROPE,nl:country,2023-Q3,2026-09-13T22:36:23.843165+00:00,196238.5,final,2023-07-01,2023-09-30,0,2026-09-13T22:36:23.843165+00:00
GDP_VOLUME_EUROPE,nl:country,2023-Q3,2026-09-24T09:41:09.891706+00:00,196202.9,final,2023-07-01,2023-09-30,1,2026-09-24T09:41:09.891706+00:00
GDP_VOLUME_EUROPE,nl:country,2023-Q4,2026-09-13T22:36:23.843165+00:00,196722.7,final,2023-10-01,2023-12-31,0,2026-09-13T22:36:23.843165+00:00
GDP_VOLUME_EUROPE,nl:country,2023-Q4,2026-09-24T09:41:09.891706+00:00,196730.3,final,2023-10-01,2023-12-31,1,2026-09-24T09:41:09.891706+00:00
GDP_VOLUME_EUROPE,nl:country,2024-Q1,2026-09-13T22:36:23.843165+00:00,197334.9,provisional,2024-01-01,2024-03-31,0,2026-09-13T22:36:23.843165+00:00
GDP_VOLUME_EUROPE,nl:country,2024-Q1,2026-09-24T09:41:09.891706+00:00,197355.3,provisional,2024-01-01,2024-03-31,1,2026-09-24T09:41:09.891706+00:00
GDP_VOLUME_EUROPE,nl:country,2024-Q2,2026-09-13T22:36:23.843165+00:00,198974.9,provisional,2024-04-01,2024-06-30,0,2026-09-13T22:36:23.843165+00:00
GDP_VOLUME_EUROPE,nl:country,2024-Q2,2026-09-24T09:41:09.891706+00:00,198975.8,provisional,2024-04-01,2024-06-30,1,2026-09-24T09:41:09.891706+00:00
GDP_VOLUME_EUROPE,nl:country,2024-Q3,2026-09-13T22:36:23.843165+00:00,200181.6,provisional,2024-07-01,2024-09-30,0,2026-09-13T22:36:23.843165+00:00
GDP_VOLUME_EUROPE,nl:country,2024-Q3,2026-09-24T09:41:09.891706+00:00,200140.1,provisional,2024-07-01,2024-09-30,1,2026-09-24T09:41:09.891706+00:00
GDP_VOLUME_EUROPE,nl:country,2024-Q4,2026-09-13T22:36:23.843165+00:00,200863.4,provisional,2024-10-01,2024-12-31,0,2026-09-13T22:36:23.843165+00:00
GDP_VOLUME_EUROPE,nl:country,2024-Q4,2026-09-24T09:41:09.891706+00:00,200887.1,provisional,2024-10-01,2024-12-31,1,2026-09-24T09:41:09.891706+00:00
GDP_VOLUME_EUROPE,nl:country,2025-Q1,2026-09-13T22:36:23.843165+00:00,201357.8,provisional,2025-01-01,2025-03-31,0,2026-09-13T22:36:23.843165+00:00
GDP_VOLUME_EUROPE,nl:country,2025-Q1,2026-09-24T09:41:09.891706+00:00,201390.8,provisional,2025-01-01,2025-03-31,1,2026-09-24T09:41:09.891706+00:00
GDP_VOLUME_EUROPE,nl:country,2025-Q2,2026-09-13T22:36:23.843165+00:00,202021.7,provisional,2025-04-01,2025-06-30,0,2026-09-13T22:36:23.843165+00:00
GDP_VOLUME_EUROPE,nl:country,2025-Q2,2026-09-24T09:41:09.891706+00:00,201998.0,provisional,2025-04-01,2025-06-30,1,2026-09-24T09:41:09.891706+00:00
GDP_VOLUME_EUROPE,nl:country,2025-Q3,2026-09-13T22:36:23.843165+00:00,202833.3,provisional,2025-07-01,2025-09-30,0,2026-09-13T22:36:23.843165+00:00
GDP_VOLUME_EUROPE,nl:country,2025-Q3,2026-09-24T09:41:09.891706+00:00,202787.5,provisional,2025-07-01,2025-09-30,1,2026-09-24T09:41:09.891706+00:00
GDP_VOLUME_EUROPE,nl:country,2025-Q4,2026-09-13T22:36:23.843165+00:00,203702.4,provisional,2025-10-01,2025-12-31,0,2026-09-13T22:36:23.843165+00:00
GDP_VOLUME_EUROPE,nl:country,2025-Q4,2026-09-24T09:41:09.891706+00:00,203736.4,provisional,2025-10-01,2025-12-31,1,2026-09-24T09:41:09.891706+00:00
GDP_VOLUME_EUROPE,nl:country,2026-Q1,2026-09-13T22:36:23.843165+00:00,204227.4,provisional,2026-01-01,2026-03-31,0,2026-09-13T22:36:23.843165+00:00
GDP_VOLUME_EUROPE,nl:country,2026-Q1,2026-09-24T09:41:09.891706+00:00,204282.5,provisional,2026-01-01,2026-03-31,1,2026-09-24T09:41:09.891706+00:00
GDP_VOLUME_EUROPE,nl:country,2026-Q2,2026-09-13T22:36:23.843165+00:00,205054.1,provisional,2026-04-01,2026-06-30,0,2026-09-13T22:36:23.843165+00:00
GDP_VOLUME_EUROPE,nl:country,2026-Q2,2026-09-24T09:41:09.891706+00:00,205575.6,provisional,2026-04-01,2026-06-30,1,2026-09-24T09:41:09.891706+00:00
GDP_VOLUME_EUROPE,no:country,2008-Q1,2026-09-13T22:36:23.843165+00:00,83595.4,final,2008-01-01,2008-03-31,1,2026-09-13T22:36:23.843165+00:00
GDP_VOLUME_EUROPE,no:country,2008-Q2,2026-09-13T22:36:23.843165+00:00,83625.4,final,2008-04-01,2008-06-30,1,2026-09-13T22:36:23.843165+00:00
GDP_VOLUME_EUROPE,no:country,2008-Q3,2026-09-13T22:36:23.843165+00:00,83515.1,final,2008-07-01,2008-09-30,1,2026-09-13T22:36:23.843165+00:00
GDP_VOLUME_EUROPE,no:country,2008-Q4,2026-09-13T22:36:23.843165+00:00,83703.7,final,2008-10-01,2008-12-31,1,2026-09-13T22:36:23.843165+00:00
GDP_VOLUME_EUROPE,no:country,2009-Q1,2026-09-13T22:36:23.843165+00:00,82629.1,final,2009-01-01,2009-03-31,1,2026-09-13T22:36:23.843165+00:00
GDP_VOLUME_EUROPE,no:country,2009-Q2,2026-09-13T22:36:23.843165+00:00,82102.3,final,2009-04-01,2009-06-30,1,2026-09-13T22:36:23.843165+00:00
GDP_VOLUME_EUROPE,no:country,2009-Q3,2026-09-13T22:36:23.843165+00:00,82140.5,final,2009-07-01,2009-09-30,1,2026-09-13T22:36:23.843165+00:00
GDP_VOLUME_EUROPE,no:country,2009-Q4,2026-09-13T22:36:23.843165+00:00,82172.2,final,2009-10-01,2009-12-31,1,2026-09-13T22:36:23.843165+00:00
GDP_VOLUME_EUROPE,no:country,2010-Q1,2026-09-13T22:36:23.843165+00:00,83904.3,final,2010-01-01,2010-03-31,1,2026-09-13T22:36:23.843165+00:00
GDP_VOLUME_EUROPE,no:country,2010-Q2,2026-09-13T22:36:23.843165+00:00,83260.2,final,2010-04-01,2010-06-30,1,2026-09-13T22:36:23.843165+00:00
GDP_VOLUME_EUROPE,no:country,2010-Q3,2026-09-13T22:36:23.843165+00:00,81772.6,final,2010-07-01,2010-09-30,1,2026-09-13T22:36:23.843165+00:00
GDP_VOLUME_EUROPE,no:country,2010-Q4,2026-09-13T22:36:23.843165+00:00,83413.8,final,2010-10-01,2010-12-31,1,2026-09-13T22:36:23.843165+00:00
GDP_VOLUME_EUROPE,no:country,2011-Q1,2026-09-13T22:36:23.843165+00:00,83934.6,final,2011-01-01,2011-03-31,1,2026-09-13T22:36:23.843165+00:00
GDP_VOLUME_EUROPE,no:country,2011-Q2,2026-09-13T22:36:23.843165+00:00,83685.8,final,2011-04-01,2011-06-30,1,2026-09-13T22:36:23.843165+00:00
GDP_VOLUME_EUROPE,no:country,2011-Q3,2026-09-13T22:36:23.843165+00:00,84651.2,final,2011-07-01,2011-09-30,1,2026-09-13T22:36:23.843165+00:00
GDP_VOLUME_EUROPE,no:country,2011-Q4,2026-09-13T22:36:23.843165+00:00,84682.6,final,2011-10-01,2011-12-31,1,2026-09-13T22:36:23.843165+00:00
GDP_VOLUME_EUROPE,no:country,2012-Q1,2026-09-13T22:36:23.843165+00:00,86833.8,final,2012-01-01,2012-03-31,1,2026-09-13T22:36:23.843165+00:00
GDP_VOLUME_EUROPE,no:country,2012-Q2,2026-09-13T22:36:23.843165+00:00,86980.5,final,2012-04-01,2012-06-30,1,2026-09-13T22:36:23.843165+00:00
GDP_VOLUME_EUROPE,no:country,2012-Q3,2026-09-13T22:36:23.843165+00:00,86076.4,final,2012-07-01,2012-09-30,1,2026-09-13T22:36:23.843165+00:00
GDP_VOLUME_EUROPE,no:country,2012-Q4,2026-09-13T22:36:23.843165+00:00,86578.8,final,2012-10-01,2012-12-31,1,2026-09-13T22:36:23.843165+00:00
GDP_VOLUME_EUROPE,no:country,2013-Q1,2026-09-13T22:36:23.843165+00:00,87105.1,final,2013-01-01,2013-03-31,1,2026-09-13T22:36:23.843165+00:00
GDP_VOLUME_EUROPE,no:country,2013-Q2,2026-09-13T22:36:23.843165+00:00,87553.4,final,2013-04-01,2013-06-30,1,2026-09-13T22:36:23.843165+00:00
GDP_VOLUME_EUROPE,no:country,2013-Q3,2026-09-13T22:36:23.843165+00:00,88166.6,final,2013-07-01,2013-09-30,1,2026-09-13T22:36:23.843165+00:00
GDP_VOLUME_EUROPE,no:country,2013-Q4,2026-09-13T22:36:23.843165+00:00,88054.7,final,2013-10-01,2013-12-31,1,2026-09-13T22:36:23.843165+00:00
GDP_VOLUME_EUROPE,no:country,2014-Q1,2026-09-13T22:36:23.843165+00:00,88876.8,final,2014-01-01,2014-03-31,1,2026-09-13T22:36:23.843165+00:00
GDP_VOLUME_EUROPE,no:country,2014-Q2,2026-09-13T22:36:23.843165+00:00,89344.9,final,2014-04-01,2014-06-30,1,2026-09-13T22:36:23.843165+00:00
GDP_VOLUME_EUROPE,no:country,2014-Q3,2026-09-13T22:36:23.843165+00:00,89613.1,final,2014-07-01,2014-09-30,1,2026-09-13T22:36:23.843165+00:00
GDP_VOLUME_EUROPE,no:country,2014-Q4,2026-09-13T22:36:23.843165+00:00,90396.6,final,2014-10-01,2014-12-31,1,2026-09-13T22:36:23.843165+00:00
GDP_VOLUME_EUROPE,no:country,2015-Q1,2026-09-13T22:36:23.843165+00:00,90894.9,final,2015-01-01,2015-03-31,1,2026-09-13T22:36:23.843165+00:00
GDP_VOLUME_EUROPE,no:country,2015-Q2,2026-09-13T22:36:23.843165+00:00,91237.8,final,2015-04-01,2015-06-30,1,2026-09-13T22:36:23.843165+00:00
GDP_VOLUME_EUROPE,no:country,2015-Q3,2026-09-13T22:36:23.843165+00:00,91999.9,final,2015-07-01,2015-09-30,1,2026-09-13T22:36:23.843165+00:00
GDP_VOLUME_EUROPE,no:country,2015-Q4,2026-09-13T22:36:23.843165+00:00,91422.1,final,2015-10-01,2015-12-31,1,2026-09-13T22:36:23.843165+00:00
GDP_VOLUME_EUROPE,no:country,2016-Q1,2026-09-13T22:36:23.843165+00:00,91813.3,final,2016-01-01,2016-03-31,1,2026-09-13T22:36:23.843165+00:00
GDP_VOLUME_EUROPE,no:country,2016-Q2,2026-09-13T22:36:23.843165+00:00,92157.6,final,2016-04-01,2016-06-30,1,2026-09-13T22:36:23.843165+00:00
GDP_VOLUME_EUROPE,no:country,2016-Q3,2026-09-13T22:36:23.843165+00:00,91486.5,final,2016-07-01,2016-09-30,1,2026-09-13T22:36:23.843165+00:00
GDP_VOLUME_EUROPE,no:country,2016-Q4,2026-09-13T22:36:23.843165+00:00,93710.7,final,2016-10-01,2016-12-31,1,2026-09-13T22:36:23.843165+00:00
GDP_VOLUME_EUROPE,no:country,2017-Q1,2026-09-13T22:36:23.843165+00:00,94068.0,final,2017-01-01,2017-03-31,1,2026-09-13T22:36:23.843165+00:00
GDP_VOLUME_EUROPE,no:country,2017-Q2,2026-09-13T22:36:23.843165+00:00,95449.8,final,2017-04-01,2017-06-30,1,2026-09-13T22:36:23.843165+00:00
GDP_VOLUME_EUROPE,no:country,2017-Q3,2026-09-13T22:36:23.843165+00:00,96146.3,final,2017-07-01,2017-09-30,1,2026-09-13T22:36:23.843165+00:00
GDP_VOLUME_EUROPE,no:country,2017-Q4,2026-09-13T22:36:23.843165+00:00,95021.1,final,2017-10-01,2017-12-31,1,2026-09-13T22:36:23.843165+00:00
GDP_VOLUME_EUROPE,no:country,2018-Q1,2026-09-13T22:36:23.843165+00:00,95852.6,final,2018-01-01,2018-03-31,1,2026-09-13T22:36:23.843165+00:00
GDP_VOLUME_EUROPE,no:country,2018-Q2,2026-09-13T22:36:23.843165+00:00,96123.3,final,2018-04-01,2018-06-30,1,2026-09-13T22:36:23.843165+00:00
GDP_VOLUME_EUROPE,no:country,2018-Q3,2026-09-13T22:36:23.843165+00:00,97044.5,final,2018-07-01,2018-09-30,1,2026-09-13T22:36:23.843165+00:00
GDP_VOLUME_EUROPE,no:country,2018-Q4,2026-09-13T22:36:23.843165+00:00,96430.1,final,2018-10-01,2018-12-31,1,2026-09-13T22:36:23.843165+00:00
GDP_VOLUME_EUROPE,no:country,2019-Q1,2026-09-13T22:36:23.843165+00:00,96799.9,final,2019-01-01,2019-03-31,1,2026-09-13T22:36:23.843165+00:00
GDP_VOLUME_EUROPE,no:country,2019-Q2,2026-09-13T22:36:23.843165+00:00,97010.6,final,2019-04-01,2019-06-30,1,2026-09-13T22:36:23.843165+00:00
GDP_VOLUME_EUROPE,no:country,2019-Q3,2026-09-13T22:36:23.843165+00:00,97308.6,final,2019-07-01,2019-09-30,1,2026-09-13T22:36:23.843165+00:00
GDP_VOLUME_EUROPE,no:country,2019-Q4,2026-09-13T22:36:23.843165+00:00,99841.5,final,2019-10-01,2019-12-31,1,2026-09-13T22:36:23.843165+00:00
GDP_VOLUME_EUROPE,no:country,2020-Q1,2026-09-13T22:36:23.843165+00:00,96880.4,final,2020-01-01,2020-03-31,1,2026-09-13T22:36:23.843165+00:00
GDP_VOLUME_EUROPE,no:country,2020-Q2,2026-09-13T22:36:23.843165+00:00,93770.4,final,2020-04-01,2020-06-30,1,2026-09-13T22:36:23.843165+00:00
GDP_VOLUME_EUROPE,no:country,2020-Q3,2026-09-13T22:36:23.843165+00:00,96990.5,final,2020-07-01,2020-09-30,1,2026-09-13T22:36:23.843165+00:00
GDP_VOLUME_EUROPE,no:country,2020-Q4,2026-09-13T22:36:23.843165+00:00,96228.6,final,2020-10-01,2020-12-31,1,2026-09-13T22:36:23.843165+00:00
GDP_VOLUME_EUROPE,no:country,2021-Q1,2026-09-13T22:36:23.843165+00:00,97732.7,final,2021-01-01,2021-03-31,1,2026-09-13T22:36:23.843165+00:00
GDP_VOLUME_EUROPE,no:country,2021-Q2,2026-09-13T22:36:23.843165+00:00,98216.0,final,2021-04-01,2021-06-30,1,2026-09-13T22:36:23.843165+00:00
GDP_VOLUME_EUROPE,no:country,2021-Q3,2026-09-13T22:36:23.843165+00:00,102058.2,final,2021-07-01,2021-09-30,1,2026-09-13T22:36:23.843165+00:00
GDP_VOLUME_EUROPE,no:country,2021-Q4,2026-09-13T22:36:23.843165+00:00,102094.6,final,2021-10-01,2021-12-31,1,2026-09-13T22:36:23.843165+00:00
GDP_VOLUME_EUROPE,no:country,2022-Q1,2026-09-13T22:36:23.843165+00:00,102215.8,final,2022-01-01,2022-03-31,1,2026-09-13T22:36:23.843165+00:00
GDP_VOLUME_EUROPE,no:country,2022-Q2,2026-09-13T22:36:23.843165+00:00,103755.2,final,2022-04-01,2022-06-30,1,2026-09-13T22:36:23.843165+00:00
GDP_VOLUME_EUROPE,no:country,2022-Q3,2026-09-13T22:36:23.843165+00:00,105521.4,final,2022-07-01,2022-09-30,1,2026-09-13T22:36:23.843165+00:00
GDP_VOLUME_EUROPE,no:country,2022-Q4,2026-09-13T22:36:23.843165+00:00,104736.3,final,2022-10-01,2022-12-31,1,2026-09-13T22:36:23.843165+00:00
GDP_VOLUME_EUROPE,no:country,2023-Q1,2026-09-13T22:36:23.843165+00:00,105116.3,final,2023-01-01,2023-03-31,1,2026-09-13T22:36:23.843165+00:00
GDP_VOLUME_EUROPE,no:country,2023-Q2,2026-09-13T22:36:23.843165+00:00,104423.6,final,2023-04-01,2023-06-30,1,2026-09-13T22:36:23.843165+00:00
GDP_VOLUME_EUROPE,no:country,2023-Q3,2026-09-13T22:36:23.843165+00:00,103494.2,final,2023-07-01,2023-09-30,1,2026-09-13T22:36:23.843165+00:00
GDP_VOLUME_EUROPE,no:country,2023-Q4,2026-09-13T22:36:23.843165+00:00,105628.7,final,2023-10-01,2023-12-31,1,2026-09-13T22:36:23.843165+00:00
GDP_VOLUME_EUROPE,no:country,2024-Q1,2026-09-13T22:36:23.843165+00:00,105842.3,final,2024-01-01,2024-03-31,1,2026-09-13T22:36:23.843165+00:00
GDP_VOLUME_EUROPE,no:country,2024-Q2,2026-09-13T22:36:23.843165+00:00,107025.2,final,2024-04-01,2024-06-30,1,2026-09-13T22:36:23.843165+00:00
GDP_VOLUME_EUROPE,no:country,2024-Q3,2026-09-13T22:36:23.843165+00:00,106077.2,final,2024-07-01,2024-09-30,1,2026-09-13T22:36:23.843165+00:00
GDP_VOLUME_EUROPE,no:country,2024-Q4,2026-09-13T22:36:23.843165+00:00,105757.8,final,2024-10-01,2024-12-31,1,2026-09-13T22:36:23.843165+00:00
GDP_VOLUME_EUROPE,no:country,2025-Q1,2026-09-13T22:36:23.843165+00:00,106187.9,final,2025-01-01,2025-03-31,1,2026-09-13T22:36:23.843165+00:00
GDP_VOLUME_EUROPE,no:country,2025-Q2,2026-09-13T22:36:23.843165+00:00,107227.4,final,2025-04-01,2025-06-30,1,2026-09-13T22:36:23.843165+00:00
GDP_VOLUME_EUROPE,no:country,2025-Q3,2026-09-13T22:36:23.843165+00:00,108469.0,final,2025-07-01,2025-09-30,1,2026-09-13T22:36:23.843165+00:00
GDP_VOLUME_EUROPE,no:country,2025-Q4,2026-09-13T22:36:23.843165+00:00,107840.0,final,2025-10-01,2025-12-31,1,2026-09-13T22:36:23.843165+00:00
GDP_VOLUME_EUROPE,no:country,2026-Q1,2026-09-13T22:36:23.843165+00:00,108219.5,final,2026-01-01,2026-03-31,1,2026-09-13T22:36:23.843165+00:00
GDP_VOLUME_EUROPE,no:country,2026-Q2,2026-09-13T22:36:23.843165+00:00,108945.5,final,2026-04-01,2026-06-30,1,2026-09-13T22:36:23.843165+00:00
GDP_VOLUME_EUROPE,pl:country,2008-Q1,2026-09-13T22:36:23.843165+00:00,84766.3,final,2008-01-01,2008-03-31,1,2026-09-13T22:36:23.843165+00:00
GDP_VOLUME_EUROPE,pl:country,2008-Q2,2026-09-13T22:36:23.843165+00:00,85213.3,final,2008-04-01,2008-06-30,1,2026-09-13T22:36:23.843165+00:00
GDP_VOLUME_EUROPE,pl:country,2008-Q3,2026-09-13T22:36:23.843165+00:00,85218.8,final,2008-07-01,2008-09-30,1,2026-09-13T22:36:23.843165+00:00
GDP_VOLUME_EUROPE,pl:country,2008-Q4,2026-09-13T22:36:23.843165+00:00,85377.8,final,2008-10-01,2008-12-31,1,2026-09-13T22:36:23.843165+00:00
GDP_VOLUME_EUROPE,pl:country,2009-Q1,2026-09-13T22:36:23.843165+00:00,86396.1,final,2009-01-01,2009-03-31,1,2026-09-13T22:36:23.843165+00:00
GDP_VOLUME_EUROPE,pl:country,2009-Q2,2026-09-13T22:36:23.843165+00:00,86579.8,final,2009-04-01,2009-06-30,1,2026-09-13T22:36:23.843165+00:00
GDP_VOLUME_EUROPE,pl:country,2009-Q3,2026-09-13T22:36:23.843165+00:00,87213.2,final,2009-07-01,2009-09-30,1,2026-09-13T22:36:23.843165+00:00
GDP_VOLUME_EUROPE,pl:country,2009-Q4,2026-09-13T22:36:23.843165+00:00,88706.5,final,2009-10-01,2009-12-31,1,2026-09-13T22:36:23.843165+00:00
GDP_VOLUME_EUROPE,pl:country,2010-Q1,2026-09-13T22:36:23.843165+00:00,88417.8,final,2010-01-01,2010-03-31,1,2026-09-13T22:36:23.843165+00:00
GDP_VOLUME_EUROPE,pl:country,2010-Q2,2026-09-13T22:36:23.843165+00:00,89716.0,final,2010-04-01,2010-06-30,1,2026-09-13T22:36:23.843165+00:00
GDP_VOLUME_EUROPE,pl:country,2010-Q3,2026-09-13T22:36:23.843165+00:00,90754.1,final,2010-07-01,2010-09-30,1,2026-09-13T22:36:23.843165+00:00
GDP_VOLUME_EUROPE,pl:country,2010-Q4,2026-09-13T22:36:23.843165+00:00,91497.4,final,2010-10-01,2010-12-31,1,2026-09-13T22:36:23.843165+00:00
GDP_VOLUME_EUROPE,pl:country,2011-Q1,2026-09-13T22:36:23.843165+00:00,93194.7,final,2011-01-01,2011-03-31,1,2026-09-13T22:36:23.843165+00:00
GDP_VOLUME_EUROPE,pl:country,2011-Q2,2026-09-13T22:36:23.843165+00:00,94340.0,final,2011-04-01,2011-06-30,1,2026-09-13T22:36:23.843165+00:00
GDP_VOLUME_EUROPE,pl:country,2011-Q3,2026-09-13T22:36:23.843165+00:00,95462.8,final,2011-07-01,2011-09-30,1,2026-09-13T22:36:23.843165+00:00
GDP_VOLUME_EUROPE,pl:country,2011-Q4,2026-09-13T22:36:23.843165+00:00,96393.6,final,2011-10-01,2011-12-31,1,2026-09-13T22:36:23.843165+00:00
GDP_VOLUME_EUROPE,pl:country,2012-Q1,2026-09-13T22:36:23.843165+00:00,96482.4,final,2012-01-01,2012-03-31,1,2026-09-13T22:36:23.843165+00:00
GDP_VOLUME_EUROPE,pl:country,2012-Q2,2026-09-13T22:36:23.843165+00:00,96368.7,final,2012-04-01,2012-06-30,1,2026-09-13T22:36:23.843165+00:00
GDP_VOLUME_EUROPE,pl:country,2012-Q3,2026-09-13T22:36:23.843165+00:00,96434.7,final,2012-07-01,2012-09-30,1,2026-09-13T22:36:23.843165+00:00
GDP_VOLUME_EUROPE,pl:country,2012-Q4,2026-09-13T22:36:23.843165+00:00,96282.8,final,2012-10-01,2012-12-31,1,2026-09-13T22:36:23.843165+00:00
GDP_VOLUME_EUROPE,pl:country,2013-Q1,2026-09-13T22:36:23.843165+00:00,96064.1,final,2013-01-01,2013-03-31,1,2026-09-13T22:36:23.843165+00:00
GDP_VOLUME_EUROPE,pl:country,2013-Q2,2026-09-13T22:36:23.843165+00:00,96792.7,final,2013-04-01,2013-06-30,1,2026-09-13T22:36:23.843165+00:00
GDP_VOLUME_EUROPE,pl:country,2013-Q3,2026-09-13T22:36:23.843165+00:00,97475.0,final,2013-07-01,2013-09-30,1,2026-09-13T22:36:23.843165+00:00
GDP_VOLUME_EUROPE,pl:country,2013-Q4,2026-09-13T22:36:23.843165+00:00,98061.3,final,2013-10-01,2013-12-31,1,2026-09-13T22:36:23.843165+00:00
GDP_VOLUME_EUROPE,pl:country,2014-Q1,2026-09-13T22:36:23.843165+00:00,99363.1,final,2014-01-01,2014-03-31,1,2026-09-13T22:36:23.843165+00:00
GDP_VOLUME_EUROPE,pl:country,2014-Q2,2026-09-13T22:36:23.843165+00:00,100449.1,final,2014-04-01,2014-06-30,1,2026-09-13T22:36:23.843165+00:00
GDP_VOLUME_EUROPE,pl:country,2014-Q3,2026-09-13T22:36:23.843165+00:00,101284.7,final,2014-07-01,2014-09-30,1,2026-09-13T22:36:23.843165+00:00
GDP_VOLUME_EUROPE,pl:country,2014-Q4,2026-09-13T22:36:23.843165+00:00,102126.7,final,2014-10-01,2014-12-31,1,2026-09-13T22:36:23.843165+00:00
GDP_VOLUME_EUROPE,pl:country,2015-Q1,2026-09-13T22:36:23.843165+00:00,103819.8,final,2015-01-01,2015-03-31,1,2026-09-13T22:36:23.843165+00:00
GDP_VOLUME_EUROPE,pl:country,2015-Q2,2026-09-13T22:36:23.843165+00:00,104386.2,final,2015-04-01,2015-06-30,1,2026-09-13T22:36:23.843165+00:00
GDP_VOLUME_EUROPE,pl:country,2015-Q3,2026-09-13T22:36:23.843165+00:00,105732.0,final,2015-07-01,2015-09-30,1,2026-09-13T22:36:23.843165+00:00
GDP_VOLUME_EUROPE,pl:country,2015-Q4,2026-09-13T22:36:23.843165+00:00,106610.2,final,2015-10-01,2015-12-31,1,2026-09-13T22:36:23.843165+00:00
GDP_VOLUME_EUROPE,pl:country,2016-Q1,2026-09-13T22:36:23.843165+00:00,106454.4,final,2016-01-01,2016-03-31,1,2026-09-13T22:36:23.843165+00:00
GDP_VOLUME_EUROPE,pl:country,2016-Q2,2026-09-13T22:36:23.843165+00:00,107994.4,final,2016-04-01,2016-06-30,1,2026-09-13T22:36:23.843165+00:00
GDP_VOLUME_EUROPE,pl:country,2016-Q3,2026-09-13T22:36:23.843165+00:00,108679.1,final,2016-07-01,2016-09-30,1,2026-09-13T22:36:23.843165+00:00
GDP_VOLUME_EUROPE,pl:country,2016-Q4,2026-09-13T22:36:23.843165+00:00,110825.5,final,2016-10-01,2016-12-31,1,2026-09-13T22:36:23.843165+00:00
GDP_VOLUME_EUROPE,pl:country,2017-Q1,2026-09-13T22:36:23.843165+00:00,112083.4,final,2017-01-01,2017-03-31,1,2026-09-13T22:36:23.843165+00:00
GDP_VOLUME_EUROPE,pl:country,2017-Q2,2026-09-13T22:36:23.843165+00:00,113241.8,final,2017-04-01,2017-06-30,1,2026-09-13T22:36:23.843165+00:00
GDP_VOLUME_EUROPE,pl:country,2017-Q3,2026-09-13T22:36:23.843165+00:00,114933.9,final,2017-07-01,2017-09-30,1,2026-09-13T22:36:23.843165+00:00
GDP_VOLUME_EUROPE,pl:country,2017-Q4,2026-09-13T22:36:23.843165+00:00,116569.4,final,2017-10-01,2017-12-31,1,2026-09-13T22:36:23.843165+00:00
GDP_VOLUME_EUROPE,pl:country,2018-Q1,2026-09-13T22:36:23.843165+00:00,118842.5,final,2018-01-01,2018-03-31,1,2026-09-13T22:36:23.843165+00:00
GDP_VOLUME_EUROPE,pl:country,2018-Q2,2026-09-13T22:36:23.843165+00:00,120604.3,final,2018-04-01,2018-06-30,1,2026-09-13T22:36:23.843165+00:00
GDP_VOLUME_EUROPE,pl:country,2018-Q3,2026-09-13T22:36:23.843165+00:00,122144.4,final,2018-07-01,2018-09-30,1,2026-09-13T22:36:23.843165+00:00
GDP_VOLUME_EUROPE,pl:country,2018-Q4,2026-09-13T22:36:23.843165+00:00,123277.9,final,2018-10-01,2018-12-31,1,2026-09-13T22:36:23.843165+00:00
GDP_VOLUME_EUROPE,pl:country,2019-Q1,2026-09-13T22:36:23.843165+00:00,125138.2,final,2019-01-01,2019-03-31,1,2026-09-13T22:36:23.843165+00:00
GDP_VOLUME_EUROPE,pl:country,2019-Q2,2026-09-13T22:36:23.843165+00:00,126271.8,final,2019-04-01,2019-06-30,1,2026-09-13T22:36:23.843165+00:00
GDP_VOLUME_EUROPE,pl:country,2019-Q3,2026-09-13T22:36:23.843165+00:00,127236.3,final,2019-07-01,2019-09-30,1,2026-09-13T22:36:23.843165+00:00
GDP_VOLUME_EUROPE,pl:country,2019-Q4,2026-09-13T22:36:23.843165+00:00,128191.9,final,2019-10-01,2019-12-31,1,2026-09-13T22:36:23.843165+00:00
GDP_VOLUME_EUROPE,pl:country,2020-Q1,2026-09-13T22:36:23.843165+00:00,128825.0,final,2020-01-01,2020-03-31,1,2026-09-13T22:36:23.843165+00:00
GDP_VOLUME_EUROPE,pl:country,2020-Q2,2026-09-13T22:36:23.843165+00:00,117275.7,final,2020-04-01,2020-06-30,1,2026-09-13T22:36:23.843165+00:00
GDP_VOLUME_EUROPE,pl:country,2020-Q3,2026-09-13T22:36:23.843165+00:00,124969.4,final,2020-07-01,2020-09-30,1,2026-09-13T22:36:23.843165+00:00
GDP_VOLUME_EUROPE,pl:country,2020-Q4,2026-09-13T22:36:23.843165+00:00,125127.9,final,2020-10-01,2020-12-31,1,2026-09-13T22:36:23.843165+00:00
GDP_VOLUME_EUROPE,pl:country,2021-Q1,2026-09-13T22:36:23.843165+00:00,128185.0,final,2021-01-01,2021-03-31,1,2026-09-13T22:36:23.843165+00:00
GDP_VOLUME_EUROPE,pl:country,2021-Q2,2026-09-13T22:36:23.843165+00:00,131351.3,final,2021-04-01,2021-06-30,1,2026-09-13T22:36:23.843165+00:00
GDP_VOLUME_EUROPE,pl:country,2021-Q3,2026-09-13T22:36:23.843165+00:00,134038.3,final,2021-07-01,2021-09-30,1,2026-09-13T22:36:23.843165+00:00
GDP_VOLUME_EUROPE,pl:country,2021-Q4,2026-09-13T22:36:23.843165+00:00,136700.4,final,2021-10-01,2021-12-31,1,2026-09-13T22:36:23.843165+00:00
GDP_VOLUME_EUROPE,pl:country,2022-Q1,2026-09-13T22:36:23.843165+00:00,141308.5,final,2022-01-01,2022-03-31,1,2026-09-13T22:36:23.843165+00:00
GDP_VOLUME_EUROPE,pl:country,2022-Q2,2026-09-13T22:36:23.843165+00:00,139673.5,final,2022-04-01,2022-06-30,1,2026-09-13T22:36:23.843165+00:00
GDP_VOLUME_EUROPE,pl:country,2022-Q3,2026-09-13T22:36:23.843165+00:00,140476.7,final,2022-07-01,2022-09-30,1,2026-09-13T22:36:23.843165+00:00
GDP_VOLUME_EUROPE,pl:country,2022-Q4,2026-09-13T22:36:23.843165+00:00,138260.0,final,2022-10-01,2022-12-31,1,2026-09-13T22:36:23.843165+00:00
GDP_VOLUME_EUROPE,pl:country,2023-Q1,2026-09-13T22:36:23.843165+00:00,139571.4,final,2023-01-01,2023-03-31,1,2026-09-13T22:36:23.843165+00:00
GDP_VOLUME_EUROPE,pl:country,2023-Q2,2026-09-13T22:36:23.843165+00:00,138730.7,final,2023-04-01,2023-06-30,1,2026-09-13T22:36:23.843165+00:00
GDP_VOLUME_EUROPE,pl:country,2023-Q3,2026-09-13T22:36:23.843165+00:00,141402.1,final,2023-07-01,2023-09-30,1,2026-09-13T22:36:23.843165+00:00
GDP_VOLUME_EUROPE,pl:country,2023-Q4,2026-09-13T22:36:23.843165+00:00,140913.4,final,2023-10-01,2023-12-31,1,2026-09-13T22:36:23.843165+00:00
GDP_VOLUME_EUROPE,pl:country,2024-Q1,2026-09-13T22:36:23.843165+00:00,142385.6,final,2024-01-01,2024-03-31,1,2026-09-13T22:36:23.843165+00:00
GDP_VOLUME_EUROPE,pl:country,2024-Q2,2026-09-13T22:36:23.843165+00:00,144621.4,final,2024-04-01,2024-06-30,1,2026-09-13T22:36:23.843165+00:00
GDP_VOLUME_EUROPE,pl:country,2024-Q3,2026-09-13T22:36:23.843165+00:00,144501.4,final,2024-07-01,2024-09-30,1,2026-09-13T22:36:23.843165+00:00
GDP_VOLUME_EUROPE,pl:country,2024-Q4,2026-09-13T22:36:23.843165+00:00,146505.4,final,2024-10-01,2024-12-31,1,2026-09-13T22:36:23.843165+00:00
GDP_VOLUME_EUROPE,pl:country,2025-Q1,2026-09-13T22:36:23.843165+00:00,147722.6,final,2025-01-01,2025-03-31,1,2026-09-13T22:36:23.843165+00:00
GDP_VOLUME_EUROPE,pl:country,2025-Q2,2026-09-13T22:36:23.843165+00:00,148825.7,final,2025-04-01,2025-06-30,1,2026-09-13T22:36:23.843165+00:00
GDP_VOLUME_EUROPE,pl:country,2025-Q3,2026-09-13T22:36:23.843165+00:00,150479.2,final,2025-07-01,2025-09-30,1,2026-09-13T22:36:23.843165+00:00
GDP_VOLUME_EUROPE,pl:country,2025-Q4,2026-09-13T22:36:23.843165+00:00,152014.1,final,2025-10-01,2025-12-31,1,2026-09-13T22:36:23.843165+00:00
GDP_VOLUME_EUROPE,pl:country,2026-Q1,2026-09-13T22:36:23.843165+00:00,152940.1,final,2026-01-01,2026-03-31,1,2026-09-13T22:36:23.843165+00:00
GDP_VOLUME_EUROPE,pl:country,2026-Q2,2026-09-13T22:36:23.843165+00:00,154412.4,final,2026-04-01,2026-06-30,1,2026-09-13T22:36:23.843165+00:00
GDP_VOLUME_EUROPE,pt:country,2008-Q1,2026-09-13T22:36:23.843165+00:00,45967.3,final,2008-01-01,2008-03-31,1,2026-09-13T22:36:23.843165+00:00
GDP_VOLUME_EUROPE,pt:country,2008-Q2,2026-09-13T22:36:23.843165+00:00,45737.0,final,2008-04-01,2008-06-30,1,2026-09-13T22:36:23.843165+00:00
GDP_VOLUME_EUROPE,pt:country,2008-Q3,2026-09-13T22:36:23.843165+00:00,45674.4,final,2008-07-01,2008-09-30,1,2026-09-13T22:36:23.843165+00:00
GDP_VOLUME_EUROPE,pt:country,2008-Q4,2026-09-13T22:36:23.843165+00:00,45107.1,final,2008-10-01,2008-12-31,1,2026-09-13T22:36:23.843165+00:00
GDP_VOLUME_EUROPE,pt:country,2009-Q1,2026-09-13T22:36:23.843165+00:00,43965.4,final,2009-01-01,2009-03-31,1,2026-09-13T22:36:23.843165+00:00
GDP_VOLUME_EUROPE,pt:country,2009-Q2,2026-09-13T22:36:23.843165+00:00,44012.6,final,2009-04-01,2009-06-30,1,2026-09-13T22:36:23.843165+00:00
GDP_VOLUME_EUROPE,pt:country,2009-Q3,2026-09-13T22:36:23.843165+00:00,44388.8,final,2009-07-01,2009-09-30,1,2026-09-13T22:36:23.843165+00:00
GDP_VOLUME_EUROPE,pt:country,2009-Q4,2026-09-13T22:36:23.843165+00:00,44421.6,final,2009-10-01,2009-12-31,1,2026-09-13T22:36:23.843165+00:00
GDP_VOLUME_EUROPE,pt:country,2010-Q1,2026-09-13T22:36:23.843165+00:00,44817.1,final,2010-01-01,2010-03-31,1,2026-09-13T22:36:23.843165+00:00
GDP_VOLUME_EUROPE,pt:country,2010-Q2,2026-09-13T22:36:23.843165+00:00,44972.4,final,2010-04-01,2010-06-30,1,2026-09-13T22:36:23.843165+00:00
GDP_VOLUME_EUROPE,pt:country,2010-Q3,2026-09-13T22:36:23.843165+00:00,45137.6,final,2010-07-01,2010-09-30,1,2026-09-13T22:36:23.843165+00:00
GDP_VOLUME_EUROPE,pt:country,2010-Q4,2026-09-13T22:36:23.843165+00:00,44933.2,final,2010-10-01,2010-12-31,1,2026-09-13T22:36:23.843165+00:00
GDP_VOLUME_EUROPE,pt:country,2011-Q1,2026-09-13T22:36:23.843165+00:00,44731.5,final,2011-01-01,2011-03-31,1,2026-09-13T22:36:23.843165+00:00
GDP_VOLUME_EUROPE,pt:country,2011-Q2,2026-09-13T22:36:23.843165+00:00,44417.5,final,2011-04-01,2011-06-30,1,2026-09-13T22:36:23.843165+00:00
GDP_VOLUME_EUROPE,pt:country,2011-Q3,2026-09-13T22:36:23.843165+00:00,44109.4,final,2011-07-01,2011-09-30,1,2026-09-13T22:36:23.843165+00:00
GDP_VOLUME_EUROPE,pt:country,2011-Q4,2026-09-13T22:36:23.843165+00:00,43520.0,final,2011-10-01,2011-12-31,1,2026-09-13T22:36:23.843165+00:00
GDP_VOLUME_EUROPE,pt:country,2012-Q1,2026-09-13T22:36:23.843165+00:00,43288.3,final,2012-01-01,2012-03-31,1,2026-09-13T22:36:23.843165+00:00
GDP_VOLUME_EUROPE,pt:country,2012-Q2,2026-09-13T22:36:23.843165+00:00,42634.1,final,2012-04-01,2012-06-30,1,2026-09-13T22:36:23.843165+00:00
GDP_VOLUME_EUROPE,pt:country,2012-Q3,2026-09-13T22:36:23.843165+00:00,42194.3,final,2012-07-01,2012-09-30,1,2026-09-13T22:36:23.843165+00:00
GDP_VOLUME_EUROPE,pt:country,2012-Q4,2026-09-13T22:36:23.843165+00:00,41500.6,final,2012-10-01,2012-12-31,1,2026-09-13T22:36:23.843165+00:00
GDP_VOLUME_EUROPE,pt:country,2013-Q1,2026-09-13T22:36:23.843165+00:00,41648.7,final,2013-01-01,2013-03-31,1,2026-09-13T22:36:23.843165+00:00
GDP_VOLUME_EUROPE,pt:country,2013-Q2,2026-09-13T22:36:23.843165+00:00,42005.2,final,2013-04-01,2013-06-30,1,2026-09-13T22:36:23.843165+00:00
GDP_VOLUME_EUROPE,pt:country,2013-Q3,2026-09-13T22:36:23.843165+00:00,41886.9,final,2013-07-01,2013-09-30,1,2026-09-13T22:36:23.843165+00:00
GDP_VOLUME_EUROPE,pt:country,2013-Q4,2026-09-13T22:36:23.843165+00:00,42407.3,final,2013-10-01,2013-12-31,1,2026-09-13T22:36:23.843165+00:00
GDP_VOLUME_EUROPE,pt:country,2014-Q1,2026-09-13T22:36:23.843165+00:00,42103.1,final,2014-01-01,2014-03-31,1,2026-09-13T22:36:23.843165+00:00
GDP_VOLUME_EUROPE,pt:country,2014-Q2,2026-09-13T22:36:23.843165+00:00,42219.6,final,2014-04-01,2014-06-30,1,2026-09-13T22:36:23.843165+00:00
GDP_VOLUME_EUROPE,pt:country,2014-Q3,2026-09-13T22:36:23.843165+00:00,42264.2,final,2014-07-01,2014-09-30,1,2026-09-13T22:36:23.843165+00:00
GDP_VOLUME_EUROPE,pt:country,2014-Q4,2026-09-13T22:36:23.843165+00:00,42606.3,final,2014-10-01,2014-12-31,1,2026-09-13T22:36:23.843165+00:00
GDP_VOLUME_EUROPE,pt:country,2015-Q1,2026-09-13T22:36:23.843165+00:00,42861.7,final,2015-01-01,2015-03-31,1,2026-09-13T22:36:23.843165+00:00
GDP_VOLUME_EUROPE,pt:country,2015-Q2,2026-09-13T22:36:23.843165+00:00,42891.9,final,2015-04-01,2015-06-30,1,2026-09-13T22:36:23.843165+00:00
GDP_VOLUME_EUROPE,pt:country,2015-Q3,2026-09-13T22:36:23.843165+00:00,42962.9,final,2015-07-01,2015-09-30,1,2026-09-13T22:36:23.843165+00:00
GDP_VOLUME_EUROPE,pt:country,2015-Q4,2026-09-13T22:36:23.843165+00:00,43166.5,final,2015-10-01,2015-12-31,1,2026-09-13T22:36:23.843165+00:00
GDP_VOLUME_EUROPE,pt:country,2016-Q1,2026-09-13T22:36:23.843165+00:00,43315.5,final,2016-01-01,2016-03-31,1,2026-09-13T22:36:23.843165+00:00
GDP_VOLUME_EUROPE,pt:country,2016-Q2,2026-09-13T22:36:23.843165+00:00,43517.4,final,2016-04-01,2016-06-30,1,2026-09-13T22:36:23.843165+00:00
GDP_VOLUME_EUROPE,pt:country,2016-Q3,2026-09-13T22:36:23.843165+00:00,43998.7,final,2016-07-01,2016-09-30,1,2026-09-13T22:36:23.843165+00:00
GDP_VOLUME_EUROPE,pt:country,2016-Q4,2026-09-13T22:36:23.843165+00:00,44496.3,final,2016-10-01,2016-12-31,1,2026-09-13T22:36:23.843165+00:00
GDP_VOLUME_EUROPE,pt:country,2017-Q1,2026-09-13T22:36:23.843165+00:00,44927.3,final,2017-01-01,2017-03-31,1,2026-09-13T22:36:23.843165+00:00
GDP_VOLUME_EUROPE,pt:country,2017-Q2,2026-09-13T22:36:23.843165+00:00,45056.2,final,2017-04-01,2017-06-30,1,2026-09-13T22:36:23.843165+00:00
GDP_VOLUME_EUROPE,pt:country,2017-Q3,2026-09-13T22:36:23.843165+00:00,45364.2,final,2017-07-01,2017-09-30,1,2026-09-13T22:36:23.843165+00:00
GDP_VOLUME_EUROPE,pt:country,2017-Q4,2026-09-13T22:36:23.843165+00:00,45791.7,final,2017-10-01,2017-12-31,1,2026-09-13T22:36:23.843165+00:00
GDP_VOLUME_EUROPE,pt:country,2018-Q1,2026-09-13T22:36:23.843165+00:00,46060.0,final,2018-01-01,2018-03-31,1,2026-09-13T22:36:23.843165+00:00
GDP_VOLUME_EUROPE,pt:country,2018-Q2,2026-09-13T22:36:23.843165+00:00,46500.3,final,2018-04-01,2018-06-30,1,2026-09-13T22:36:23.843165+00:00
GDP_VOLUME_EUROPE,pt:country,2018-Q3,2026-09-13T22:36:23.843165+00:00,46812.3,final,2018-07-01,2018-09-30,1,2026-09-13T22:36:23.843165+00:00
GDP_VOLUME_EUROPE,pt:country,2018-Q4,2026-09-13T22:36:23.843165+00:00,47103.7,final,2018-10-01,2018-12-31,1,2026-09-13T22:36:23.843165+00:00
GDP_VOLUME_EUROPE,pt:country,2019-Q1,2026-09-13T22:36:23.843165+00:00,47491.7,final,2019-01-01,2019-03-31,1,2026-09-13T22:36:23.843165+00:00
GDP_VOLUME_EUROPE,pt:country,2019-Q2,2026-09-13T22:36:23.843165+00:00,47755.1,final,2019-04-01,2019-06-30,1,2026-09-13T22:36:23.843165+00:00
GDP_VOLUME_EUROPE,pt:country,2019-Q3,2026-09-13T22:36:23.843165+00:00,47952.2,final,2019-07-01,2019-09-30,1,2026-09-13T22:36:23.843165+00:00
GDP_VOLUME_EUROPE,pt:country,2019-Q4,2026-09-13T22:36:23.843165+00:00,48397.4,final,2019-10-01,2019-12-31,1,2026-09-13T22:36:23.843165+00:00
GDP_VOLUME_EUROPE,pt:country,2020-Q1,2026-09-13T22:36:23.843165+00:00,46338.2,final,2020-01-01,2020-03-31,1,2026-09-13T22:36:23.843165+00:00
GDP_VOLUME_EUROPE,pt:country,2020-Q2,2026-09-13T22:36:23.843165+00:00,39366.6,final,2020-04-01,2020-06-30,1,2026-09-13T22:36:23.843165+00:00
GDP_VOLUME_EUROPE,pt:country,2020-Q3,2026-09-13T22:36:23.843165+00:00,45008.9,final,2020-07-01,2020-09-30,1,2026-09-13T22:36:23.843165+00:00
GDP_VOLUME_EUROPE,pt:country,2020-Q4,2026-09-13T22:36:23.843165+00:00,45162.8,final,2020-10-01,2020-12-31,1,2026-09-13T22:36:23.843165+00:00
GDP_VOLUME_EUROPE,pt:country,2021-Q1,2026-09-13T22:36:23.843165+00:00,43846.3,final,2021-01-01,2021-03-31,1,2026-09-13T22:36:23.843165+00:00
GDP_VOLUME_EUROPE,pt:country,2021-Q2,2026-09-13T22:36:23.843165+00:00,45872.4,final,2021-04-01,2021-06-30,1,2026-09-13T22:36:23.843165+00:00
GDP_VOLUME_EUROPE,pt:country,2021-Q3,2026-09-13T22:36:23.843165+00:00,47501.7,final,2021-07-01,2021-09-30,1,2026-09-13T22:36:23.843165+00:00
GDP_VOLUME_EUROPE,pt:country,2021-Q4,2026-09-13T22:36:23.843165+00:00,48432.8,final,2021-10-01,2021-12-31,1,2026-09-13T22:36:23.843165+00:00
GDP_VOLUME_EUROPE,pt:country,2022-Q1,2026-09-13T22:36:23.843165+00:00,49143.2,final,2022-01-01,2022-03-31,1,2026-09-13T22:36:23.843165+00:00
GDP_VOLUME_EUROPE,pt:country,2022-Q2,2026-09-13T22:36:23.843165+00:00,49334.4,final,2022-04-01,2022-06-30,1,2026-09-13T22:36:23.843165+00:00
GDP_VOLUME_EUROPE,pt:country,2022-Q3,2026-09-13T22:36:23.843165+00:00,49894.0,final,2022-07-01,2022-09-30,1,2026-09-13T22:36:23.843165+00:00
GDP_VOLUME_EUROPE,pt:country,2022-Q4,2026-09-13T22:36:23.843165+00:00,50251.0,final,2022-10-01,2022-12-31,1,2026-09-13T22:36:23.843165+00:00
GDP_VOLUME_EUROPE,pt:country,2023-Q1,2026-09-13T22:36:23.843165+00:00,50889.4,final,2023-01-01,2023-03-31,1,2026-09-13T22:36:23.843165+00:00
GDP_VOLUME_EUROPE,pt:country,2023-Q2,2026-09-13T22:36:23.843165+00:00,51136.5,final,2023-04-01,2023-06-30,1,2026-09-13T22:36:23.843165+00:00
GDP_VOLUME_EUROPE,pt:country,2023-Q3,2026-09-13T22:36:23.843165+00:00,51188.8,final,2023-07-01,2023-09-30,1,2026-09-13T22:36:23.843165+00:00
GDP_VOLUME_EUROPE,pt:country,2023-Q4,2026-09-13T22:36:23.843165+00:00,51565.2,final,2023-10-01,2023-12-31,1,2026-09-13T22:36:23.843165+00:00
GDP_VOLUME_EUROPE,pt:country,2024-Q1,2026-09-13T22:36:23.843165+00:00,51933.6,provisional,2024-01-01,2024-03-31,1,2026-09-13T22:36:23.843165+00:00
GDP_VOLUME_EUROPE,pt:country,2024-Q2,2026-09-13T22:36:23.843165+00:00,52204.4,provisional,2024-04-01,2024-06-30,1,2026-09-13T22:36:23.843165+00:00
GDP_VOLUME_EUROPE,pt:country,2024-Q3,2026-09-13T22:36:23.843165+00:00,52279.9,provisional,2024-07-01,2024-09-30,1,2026-09-13T22:36:23.843165+00:00
GDP_VOLUME_EUROPE,pt:country,2024-Q4,2026-09-13T22:36:23.843165+00:00,52897.0,provisional,2024-10-01,2024-12-31,1,2026-09-13T22:36:23.843165+00:00
GDP_VOLUME_EUROPE,pt:country,2025-Q1,2026-09-13T22:36:23.843165+00:00,52747.6,provisional,2025-01-01,2025-03-31,1,2026-09-13T22:36:23.843165+00:00
GDP_VOLUME_EUROPE,pt:country,2025-Q2,2026-09-13T22:36:23.843165+00:00,53109.0,provisional,2025-04-01,2025-06-30,1,2026-09-13T22:36:23.843165+00:00
GDP_VOLUME_EUROPE,pt:country,2025-Q3,2026-09-13T22:36:23.843165+00:00,53427.5,provisional,2025-07-01,2025-09-30,1,2026-09-13T22:36:23.843165+00:00
GDP_VOLUME_EUROPE,pt:country,2025-Q4,2026-09-13T22:36:23.843165+00:00,53926.8,provisional,2025-10-01,2025-12-31,1,2026-09-13T22:36:23.843165+00:00
GDP_VOLUME_EUROPE,pt:country,2026-Q1,2026-09-13T22:36:23.843165+00:00,53993.2,provisional,2026-01-01,2026-03-31,1,2026-09-13T22:36:23.843165+00:00
GDP_VOLUME_EUROPE,pt:country,2026-Q2,2026-09-13T22:36:23.843165+00:00,54437.6,provisional,2026-04-01,2026-06-30,1,2026-09-13T22:36:23.843165+00:00
GDP_VOLUME_EUROPE,ro:country,2008-Q1,2026-09-13T22:36:23.843165+00:00,33897.4,final,2008-01-01,2008-03-31,1,2026-09-13T22:36:23.843165+00:00
GDP_VOLUME_EUROPE,ro:country,2008-Q2,2026-09-13T22:36:23.843165+00:00,35236.3,final,2008-04-01,2008-06-30,1,2026-09-13T22:36:23.843165+00:00
GDP_VOLUME_EUROPE,ro:country,2008-Q3,2026-09-13T22:36:23.843165+00:00,36053.0,final,2008-07-01,2008-09-30,1,2026-09-13T22:36:23.843165+00:00
GDP_VOLUME_EUROPE,ro:country,2008-Q4,2026-09-13T22:36:23.843165+00:00,36129.7,final,2008-10-01,2008-12-31,1,2026-09-13T22:36:23.843165+00:00
GDP_VOLUME_EUROPE,ro:country,2009-Q1,2026-09-13T22:36:23.843165+00:00,32629.0,final,2009-01-01,2009-03-31,1,2026-09-13T22:36:23.843165+00:00
GDP_VOLUME_EUROPE,ro:country,2009-Q2,2026-09-13T22:36:23.843165+00:00,32848.5,final,2009-04-01,2009-06-30,1,2026-09-13T22:36:23.843165+00:00
GDP_VOLUME_EUROPE,ro:country,2009-Q3,2026-09-13T22:36:23.843165+00:00,33867.5,final,2009-07-01,2009-09-30,1,2026-09-13T22:36:23.843165+00:00
GDP_VOLUME_EUROPE,ro:country,2009-Q4,2026-09-13T22:36:23.843165+00:00,34175.3,final,2009-10-01,2009-12-31,1,2026-09-13T22:36:23.843165+00:00
GDP_VOLUME_EUROPE,ro:country,2010-Q1,2026-09-13T22:36:23.843165+00:00,32331.0,final,2010-01-01,2010-03-31,1,2026-09-13T22:36:23.843165+00:00
GDP_VOLUME_EUROPE,ro:country,2010-Q2,2026-09-13T22:36:23.843165+00:00,32643.8,final,2010-04-01,2010-06-30,1,2026-09-13T22:36:23.843165+00:00
GDP_VOLUME_EUROPE,ro:country,2010-Q3,2026-09-13T22:36:23.843165+00:00,31216.5,final,2010-07-01,2010-09-30,1,2026-09-13T22:36:23.843165+00:00
GDP_VOLUME_EUROPE,ro:country,2010-Q4,2026-09-13T22:36:23.843165+00:00,32113.9,final,2010-10-01,2010-12-31,1,2026-09-13T22:36:23.843165+00:00
GDP_VOLUME_EUROPE,ro:country,2011-Q1,2026-09-13T22:36:23.843165+00:00,33148.8,final,2011-01-01,2011-03-31,1,2026-09-13T22:36:23.843165+00:00
GDP_VOLUME_EUROPE,ro:country,2011-Q2,2026-09-13T22:36:23.843165+00:00,33698.9,final,2011-04-01,2011-06-30,1,2026-09-13T22:36:23.843165+00:00
GDP_VOLUME_EUROPE,ro:country,2011-Q3,2026-09-13T22:36:23.843165+00:00,34390.0,final,2011-07-01,2011-09-30,1,2026-09-13T22:36:23.843165+00:00
GDP_VOLUME_EUROPE,ro:country,2011-Q4,2026-09-13T22:36:23.843165+00:00,32835.6,final,2011-10-01,2011-12-31,1,2026-09-13T22:36:23.843165+00:00
GDP_VOLUME_EUROPE,ro:country,2012-Q1,2026-09-13T22:36:23.843165+00:00,34639.8,final,2012-01-01,2012-03-31,1,2026-09-13T22:36:23.843165+00:00
GDP_VOLUME_EUROPE,ro:country,2012-Q2,2026-09-13T22:36:23.843165+00:00,34655.1,final,2012-04-01,2012-06-30,1,2026-09-13T22:36:23.843165+00:00
GDP_VOLUME_EUROPE,ro:country,2012-Q3,2026-09-13T22:36:23.843165+00:00,33826.3,final,2012-07-01,2012-09-30,1,2026-09-13T22:36:23.843165+00:00
GDP_VOLUME_EUROPE,ro:country,2012-Q4,2026-09-13T22:36:23.843165+00:00,33504.5,final,2012-10-01,2012-12-31,1,2026-09-13T22:36:23.843165+00:00
GDP_VOLUME_EUROPE,ro:country,2013-Q1,2026-09-13T22:36:23.843165+00:00,33549.7,final,2013-01-01,2013-03-31,1,2026-09-13T22:36:23.843165+00:00
GDP_VOLUME_EUROPE,ro:country,2013-Q2,2026-09-13T22:36:23.843165+00:00,34123.3,final,2013-04-01,2013-06-30,1,2026-09-13T22:36:23.843165+00:00
GDP_VOLUME_EUROPE,ro:country,2013-Q3,2026-09-13T22:36:23.843165+00:00,34496.5,final,2013-07-01,2013-09-30,1,2026-09-13T22:36:23.843165+00:00
GDP_VOLUME_EUROPE,ro:country,2013-Q4,2026-09-13T22:36:23.843165+00:00,34837.0,final,2013-10-01,2013-12-31,1,2026-09-13T22:36:23.843165+00:00
GDP_VOLUME_EUROPE,ro:country,2014-Q1,2026-09-13T22:36:23.843165+00:00,35217.5,final,2014-01-01,2014-03-31,1,2026-09-13T22:36:23.843165+00:00
GDP_VOLUME_EUROPE,ro:country,2014-Q2,2026-09-13T22:36:23.843165+00:00,35329.9,final,2014-04-01,2014-06-30,1,2026-09-13T22:36:23.843165+00:00
GDP_VOLUME_EUROPE,ro:country,2014-Q3,2026-09-13T22:36:23.843165+00:00,36036.2,final,2014-07-01,2014-09-30,1,2026-09-13T22:36:23.843165+00:00
GDP_VOLUME_EUROPE,ro:country,2014-Q4,2026-09-13T22:36:23.843165+00:00,36062.0,final,2014-10-01,2014-12-31,1,2026-09-13T22:36:23.843165+00:00
GDP_VOLUME_EUROPE,ro:country,2015-Q1,2026-09-13T22:36:23.843165+00:00,36499.8,final,2015-01-01,2015-03-31,1,2026-09-13T22:36:23.843165+00:00
GDP_VOLUME_EUROPE,ro:country,2015-Q2,2026-09-13T22:36:23.843165+00:00,36925.6,final,2015-04-01,2015-06-30,1,2026-09-13T22:36:23.843165+00:00
GDP_VOLUME_EUROPE,ro:country,2015-Q3,2026-09-13T22:36:23.843165+00:00,36906.0,final,2015-07-01,2015-09-30,1,2026-09-13T22:36:23.843165+00:00
GDP_VOLUME_EUROPE,ro:country,2015-Q4,2026-09-13T22:36:23.843165+00:00,36817.6,final,2015-10-01,2015-12-31,1,2026-09-13T22:36:23.843165+00:00
GDP_VOLUME_EUROPE,ro:country,2016-Q1,2026-09-13T22:36:23.843165+00:00,37775.3,final,2016-01-01,2016-03-31,1,2026-09-13T22:36:23.843165+00:00
GDP_VOLUME_EUROPE,ro:country,2016-Q2,2026-09-13T22:36:23.843165+00:00,37745.9,final,2016-04-01,2016-06-30,1,2026-09-13T22:36:23.843165+00:00
GDP_VOLUME_EUROPE,ro:country,2016-Q3,2026-09-13T22:36:23.843165+00:00,37883.4,final,2016-07-01,2016-09-30,1,2026-09-13T22:36:23.843165+00:00
GDP_VOLUME_EUROPE,ro:country,2016-Q4,2026-09-13T22:36:23.843165+00:00,37952.9,final,2016-10-01,2016-12-31,1,2026-09-13T22:36:23.843165+00:00
GDP_VOLUME_EUROPE,ro:country,2017-Q1,2026-09-13T22:36:23.843165+00:00,39761.0,final,2017-01-01,2017-03-31,1,2026-09-13T22:36:23.843165+00:00
GDP_VOLUME_EUROPE,ro:country,2017-Q2,2026-09-13T22:36:23.843165+00:00,40945.8,final,2017-04-01,2017-06-30,1,2026-09-13T22:36:23.843165+00:00
GDP_VOLUME_EUROPE,ro:country,2017-Q3,2026-09-13T22:36:23.843165+00:00,41557.8,final,2017-07-01,2017-09-30,1,2026-09-13T22:36:23.843165+00:00
GDP_VOLUME_EUROPE,ro:country,2017-Q4,2026-09-13T22:36:23.843165+00:00,41497.2,final,2017-10-01,2017-12-31,1,2026-09-13T22:36:23.843165+00:00
GDP_VOLUME_EUROPE,ro:country,2018-Q1,2026-09-13T22:36:23.843165+00:00,42050.7,final,2018-01-01,2018-03-31,1,2026-09-13T22:36:23.843165+00:00
GDP_VOLUME_EUROPE,ro:country,2018-Q2,2026-09-13T22:36:23.843165+00:00,42904.4,final,2018-04-01,2018-06-30,1,2026-09-13T22:36:23.843165+00:00
GDP_VOLUME_EUROPE,ro:country,2018-Q3,2026-09-13T22:36:23.843165+00:00,43968.3,final,2018-07-01,2018-09-30,1,2026-09-13T22:36:23.843165+00:00
GDP_VOLUME_EUROPE,ro:country,2018-Q4,2026-09-13T22:36:23.843165+00:00,43672.6,final,2018-10-01,2018-12-31,1,2026-09-13T22:36:23.843165+00:00
GDP_VOLUME_EUROPE,ro:country,2019-Q1,2026-09-13T22:36:23.843165+00:00,43780.9,final,2019-01-01,2019-03-31,1,2026-09-13T22:36:23.843165+00:00
GDP_VOLUME_EUROPE,ro:country,2019-Q2,2026-09-13T22:36:23.843165+00:00,44825.0,final,2019-04-01,2019-06-30,1,2026-09-13T22:36:23.843165+00:00
GDP_VOLUME_EUROPE,ro:country,2019-Q3,2026-09-13T22:36:23.843165+00:00,45005.5,final,2019-07-01,2019-09-30,1,2026-09-13T22:36:23.843165+00:00
GDP_VOLUME_EUROPE,ro:country,2019-Q4,2026-09-13T22:36:23.843165+00:00,45819.9,final,2019-10-01,2019-12-31,1,2026-09-13T22:36:23.843165+00:00
GDP_VOLUME_EUROPE,ro:country,2020-Q1,2026-09-13T22:36:23.843165+00:00,44711.8,final,2020-01-01,2020-03-31,1,2026-09-13T22:36:23.843165+00:00
GDP_VOLUME_EUROPE,ro:country,2020-Q2,2026-09-13T22:36:23.843165+00:00,41024.7,final,2020-04-01,2020-06-30,1,2026-09-13T22:36:23.843165+00:00
GDP_VOLUME_EUROPE,ro:country,2020-Q3,2026-09-13T22:36:23.843165+00:00,42567.9,final,2020-07-01,2020-09-30,1,2026-09-13T22:36:23.843165+00:00
GDP_VOLUME_EUROPE,ro:country,2020-Q4,2026-09-13T22:36:23.843165+00:00,44670.9,final,2020-10-01,2020-12-31,1,2026-09-13T22:36:23.843165+00:00
GDP_VOLUME_EUROPE,ro:country,2021-Q1,2026-09-13T22:36:23.843165+00:00,45273.1,final,2021-01-01,2021-03-31,1,2026-09-13T22:36:23.843165+00:00
GDP_VOLUME_EUROPE,ro:country,2021-Q2,2026-09-13T22:36:23.843165+00:00,45733.0,final,2021-04-01,2021-06-30,1,2026-09-13T22:36:23.843165+00:00
GDP_VOLUME_EUROPE,ro:country,2021-Q3,2026-09-13T22:36:23.843165+00:00,45830.7,final,2021-07-01,2021-09-30,1,2026-09-13T22:36:23.843165+00:00
GDP_VOLUME_EUROPE,ro:country,2021-Q4,2026-09-13T22:36:23.843165+00:00,45803.3,final,2021-10-01,2021-12-31,1,2026-09-13T22:36:23.843165+00:00
GDP_VOLUME_EUROPE,ro:country,2022-Q1,2026-09-13T22:36:23.843165+00:00,47275.4,final,2022-01-01,2022-03-31,1,2026-09-13T22:36:23.843165+00:00
GDP_VOLUME_EUROPE,ro:country,2022-Q2,2026-09-13T22:36:23.843165+00:00,47358.8,final,2022-04-01,2022-06-30,1,2026-09-13T22:36:23.843165+00:00
GDP_VOLUME_EUROPE,ro:country,2022-Q3,2026-09-13T22:36:23.843165+00:00,47552.4,final,2022-07-01,2022-09-30,1,2026-09-13T22:36:23.843165+00:00
GDP_VOLUME_EUROPE,ro:country,2022-Q4,2026-09-13T22:36:23.843165+00:00,48101.9,final,2022-10-01,2022-12-31,1,2026-09-13T22:36:23.843165+00:00
GDP_VOLUME_EUROPE,ro:country,2023-Q1,2026-09-13T22:36:23.843165+00:00,48024.5,final,2023-01-01,2023-03-31,1,2026-09-13T22:36:23.843165+00:00
GDP_VOLUME_EUROPE,ro:country,2023-Q2,2026-09-13T22:36:23.843165+00:00,48495.8,final,2023-04-01,2023-06-30,1,2026-09-13T22:36:23.843165+00:00
GDP_VOLUME_EUROPE,ro:country,2023-Q3,2026-09-13T22:36:23.843165+00:00,48924.4,final,2023-07-01,2023-09-30,1,2026-09-13T22:36:23.843165+00:00
GDP_VOLUME_EUROPE,ro:country,2023-Q4,2026-09-13T22:36:23.843165+00:00,49140.0,final,2023-10-01,2023-12-31,1,2026-09-13T22:36:23.843165+00:00
GDP_VOLUME_EUROPE,ro:country,2024-Q1,2026-09-13T22:36:23.843165+00:00,49018.2,provisional,2024-01-01,2024-03-31,1,2026-09-13T22:36:23.843165+00:00
GDP_VOLUME_EUROPE,ro:country,2024-Q2,2026-09-13T22:36:23.843165+00:00,48760.6,provisional,2024-04-01,2024-06-30,1,2026-09-13T22:36:23.843165+00:00
GDP_VOLUME_EUROPE,ro:country,2024-Q3,2026-09-13T22:36:23.843165+00:00,49064.7,provisional,2024-07-01,2024-09-30,1,2026-09-13T22:36:23.843165+00:00
GDP_VOLUME_EUROPE,ro:country,2024-Q4,2026-09-13T22:36:23.843165+00:00,49523.6,provisional,2024-10-01,2024-12-31,1,2026-09-13T22:36:23.843165+00:00
GDP_VOLUME_EUROPE,ro:country,2025-Q1,2026-09-13T22:36:23.843165+00:00,49346.7,provisional,2025-01-01,2025-03-31,1,2026-09-13T22:36:23.843165+00:00
GDP_VOLUME_EUROPE,ro:country,2025-Q2,2026-09-13T22:36:23.843165+00:00,49769.5,provisional,2025-04-01,2025-06-30,1,2026-09-13T22:36:23.843165+00:00
GDP_VOLUME_EUROPE,ro:country,2025-Q3,2026-09-13T22:36:23.843165+00:00,49763.7,provisional,2025-07-01,2025-09-30,1,2026-09-13T22:36:23.843165+00:00
GDP_VOLUME_EUROPE,ro:country,2025-Q4,2026-09-13T22:36:23.843165+00:00,48818.3,provisional,2025-10-01,2025-12-31,1,2026-09-13T22:36:23.843165+00:00
GDP_VOLUME_EUROPE,ro:country,2026-Q1,2026-09-13T22:36:23.843165+00:00,48787.4,provisional,2026-01-01,2026-03-31,1,2026-09-13T22:36:23.843165+00:00
GDP_VOLUME_EUROPE,ro:country,2026-Q2,2026-09-13T22:36:23.843165+00:00,48787.6,provisional,2026-04-01,2026-06-30,1,2026-09-13T22:36:23.843165+00:00
GDP_VOLUME_EUROPE,rs:country,2008-Q1,2026-09-13T22:36:23.843165+00:00,8292.6,final,2008-01-01,2008-03-31,1,2026-09-13T22:36:23.843165+00:00
GDP_VOLUME_EUROPE,rs:country,2008-Q2,2026-09-13T22:36:23.843165+00:00,8415.7,final,2008-04-01,2008-06-30,1,2026-09-13T22:36:23.843165+00:00
GDP_VOLUME_EUROPE,rs:country,2008-Q3,2026-09-13T22:36:23.843165+00:00,8348.0,final,2008-07-01,2008-09-30,1,2026-09-13T22:36:23.843165+00:00
GDP_VOLUME_EUROPE,rs:country,2008-Q4,2026-09-13T22:36:23.843165+00:00,8267.3,final,2008-10-01,2008-12-31,1,2026-09-13T22:36:23.843165+00:00
GDP_VOLUME_EUROPE,rs:country,2009-Q1,2026-09-13T22:36:23.843165+00:00,8044.6,final,2009-01-01,2009-03-31,1,2026-09-13T22:36:23.843165+00:00
GDP_VOLUME_EUROPE,rs:country,2009-Q2,2026-09-13T22:36:23.843165+00:00,8038.4,final,2009-04-01,2009-06-30,1,2026-09-13T22:36:23.843165+00:00
GDP_VOLUME_EUROPE,rs:country,2009-Q3,2026-09-13T22:36:23.843165+00:00,8101.9,final,2009-07-01,2009-09-30,1,2026-09-13T22:36:23.843165+00:00
GDP_VOLUME_EUROPE,rs:country,2009-Q4,2026-09-13T22:36:23.843165+00:00,8091.5,final,2009-10-01,2009-12-31,1,2026-09-13T22:36:23.843165+00:00
GDP_VOLUME_EUROPE,rs:country,2010-Q1,2026-09-13T22:36:23.843165+00:00,8158.0,final,2010-01-01,2010-03-31,1,2026-09-13T22:36:23.843165+00:00
GDP_VOLUME_EUROPE,rs:country,2010-Q2,2026-09-13T22:36:23.843165+00:00,8158.4,final,2010-04-01,2010-06-30,1,2026-09-13T22:36:23.843165+00:00
GDP_VOLUME_EUROPE,rs:country,2010-Q3,2026-09-13T22:36:23.843165+00:00,8257.2,final,2010-07-01,2010-09-30,1,2026-09-13T22:36:23.843165+00:00
GDP_VOLUME_EUROPE,rs:country,2010-Q4,2026-09-13T22:36:23.843165+00:00,8222.8,final,2010-10-01,2010-12-31,1,2026-09-13T22:36:23.843165+00:00
GDP_VOLUME_EUROPE,rs:country,2011-Q1,2026-09-13T22:36:23.843165+00:00,8291.6,final,2011-01-01,2011-03-31,1,2026-09-13T22:36:23.843165+00:00
GDP_VOLUME_EUROPE,rs:country,2011-Q2,2026-09-13T22:36:23.843165+00:00,8189.5,final,2011-04-01,2011-06-30,1,2026-09-13T22:36:23.843165+00:00
GDP_VOLUME_EUROPE,rs:country,2011-Q3,2026-09-13T22:36:23.843165+00:00,8180.9,final,2011-07-01,2011-09-30,1,2026-09-13T22:36:23.843165+00:00
GDP_VOLUME_EUROPE,rs:country,2011-Q4,2026-09-13T22:36:23.843165+00:00,8157.6,final,2011-10-01,2011-12-31,1,2026-09-13T22:36:23.843165+00:00
GDP_VOLUME_EUROPE,rs:country,2012-Q1,2026-09-13T22:36:23.843165+00:00,8111.4,final,2012-01-01,2012-03-31,1,2026-09-13T22:36:23.843165+00:00
GDP_VOLUME_EUROPE,rs:country,2012-Q2,2026-09-13T22:36:23.843165+00:00,8237.5,final,2012-04-01,2012-06-30,1,2026-09-13T22:36:23.843165+00:00
GDP_VOLUME_EUROPE,rs:country,2012-Q3,2026-09-13T22:36:23.843165+00:00,8146.4,final,2012-07-01,2012-09-30,1,2026-09-13T22:36:23.843165+00:00
GDP_VOLUME_EUROPE,rs:country,2012-Q4,2026-09-13T22:36:23.843165+00:00,8182.3,final,2012-10-01,2012-12-31,1,2026-09-13T22:36:23.843165+00:00
GDP_VOLUME_EUROPE,rs:country,2013-Q1,2026-09-13T22:36:23.843165+00:00,8122.4,final,2013-01-01,2013-03-31,1,2026-09-13T22:36:23.843165+00:00
GDP_VOLUME_EUROPE,rs:country,2013-Q2,2026-09-13T22:36:23.843165+00:00,8149.2,final,2013-04-01,2013-06-30,1,2026-09-13T22:36:23.843165+00:00
GDP_VOLUME_EUROPE,rs:country,2013-Q3,2026-09-13T22:36:23.843165+00:00,8327.4,final,2013-07-01,2013-09-30,1,2026-09-13T22:36:23.843165+00:00
GDP_VOLUME_EUROPE,rs:country,2013-Q4,2026-09-13T22:36:23.843165+00:00,8227.2,final,2013-10-01,2013-12-31,1,2026-09-13T22:36:23.843165+00:00
GDP_VOLUME_EUROPE,rs:country,2014-Q1,2026-09-13T22:36:23.843165+00:00,8156.7,final,2014-01-01,2014-03-31,1,2026-09-13T22:36:23.843165+00:00
GDP_VOLUME_EUROPE,rs:country,2014-Q2,2026-09-13T22:36:23.843165+00:00,8071.4,final,2014-04-01,2014-06-30,1,2026-09-13T22:36:23.843165+00:00
GDP_VOLUME_EUROPE,rs:country,2014-Q3,2026-09-13T22:36:23.843165+00:00,7946.6,final,2014-07-01,2014-09-30,1,2026-09-13T22:36:23.843165+00:00
GDP_VOLUME_EUROPE,rs:country,2014-Q4,2026-09-13T22:36:23.843165+00:00,8060.2,final,2014-10-01,2014-12-31,1,2026-09-13T22:36:23.843165+00:00
GDP_VOLUME_EUROPE,rs:country,2015-Q1,2026-09-13T22:36:23.843165+00:00,8146.6,final,2015-01-01,2015-03-31,1,2026-09-13T22:36:23.843165+00:00
GDP_VOLUME_EUROPE,rs:country,2015-Q2,2026-09-13T22:36:23.843165+00:00,8156.7,final,2015-04-01,2015-06-30,1,2026-09-13T22:36:23.843165+00:00
GDP_VOLUME_EUROPE,rs:country,2015-Q3,2026-09-13T22:36:23.843165+00:00,8135.0,final,2015-07-01,2015-09-30,1,2026-09-13T22:36:23.843165+00:00
GDP_VOLUME_EUROPE,rs:country,2015-Q4,2026-09-13T22:36:23.843165+00:00,8212.0,final,2015-10-01,2015-12-31,1,2026-09-13T22:36:23.843165+00:00
GDP_VOLUME_EUROPE,rs:country,2016-Q1,2026-09-13T22:36:23.843165+00:00,8327.2,final,2016-01-01,2016-03-31,1,2026-09-13T22:36:23.843165+00:00
GDP_VOLUME_EUROPE,rs:country,2016-Q2,2026-09-13T22:36:23.843165+00:00,8389.9,final,2016-04-01,2016-06-30,1,2026-09-13T22:36:23.843165+00:00
GDP_VOLUME_EUROPE,rs:country,2016-Q3,2026-09-13T22:36:23.843165+00:00,8442.6,final,2016-07-01,2016-09-30,1,2026-09-13T22:36:23.843165+00:00
GDP_VOLUME_EUROPE,rs:country,2016-Q4,2026-09-13T22:36:23.843165+00:00,8453.4,final,2016-10-01,2016-12-31,1,2026-09-13T22:36:23.843165+00:00
GDP_VOLUME_EUROPE,rs:country,2017-Q1,2026-09-13T22:36:23.843165+00:00,8510.6,final,2017-01-01,2017-03-31,1,2026-09-13T22:36:23.843165+00:00
GDP_VOLUME_EUROPE,rs:country,2017-Q2,2026-09-13T22:36:23.843165+00:00,8557.1,final,2017-04-01,2017-06-30,1,2026-09-13T22:36:23.843165+00:00
GDP_VOLUME_EUROPE,rs:country,2017-Q3,2026-09-13T22:36:23.843165+00:00,8640.9,final,2017-07-01,2017-09-30,1,2026-09-13T22:36:23.843165+00:00
GDP_VOLUME_EUROPE,rs:country,2017-Q4,2026-09-13T22:36:23.843165+00:00,8691.1,final,2017-10-01,2017-12-31,1,2026-09-13T22:36:23.843165+00:00
GDP_VOLUME_EUROPE,rs:country,2018-Q1,2026-09-13T22:36:23.843165+00:00,8920.7,final,2018-01-01,2018-03-31,1,2026-09-13T22:36:23.843165+00:00
GDP_VOLUME_EUROPE,rs:country,2018-Q2,2026-09-13T22:36:23.843165+00:00,9023.5,final,2018-04-01,2018-06-30,1,2026-09-13T22:36:23.843165+00:00
GDP_VOLUME_EUROPE,rs:country,2018-Q3,2026-09-13T22:36:23.843165+00:00,9026.8,final,2018-07-01,2018-09-30,1,2026-09-13T22:36:23.843165+00:00
GDP_VOLUME_EUROPE,rs:country,2018-Q4,2026-09-13T22:36:23.843165+00:00,9020.1,final,2018-10-01,2018-12-31,1,2026-09-13T22:36:23.843165+00:00
GDP_VOLUME_EUROPE,rs:country,2019-Q1,2026-09-13T22:36:23.843165+00:00,9177.0,final,2019-01-01,2019-03-31,1,2026-09-13T22:36:23.843165+00:00
GDP_VOLUME_EUROPE,rs:country,2019-Q2,2026-09-13T22:36:23.843165+00:00,9323.3,final,2019-04-01,2019-06-30,1,2026-09-13T22:36:23.843165+00:00
GDP_VOLUME_EUROPE,rs:country,2019-Q3,2026-09-13T22:36:23.843165+00:00,9531.6,final,2019-07-01,2019-09-30,1,2026-09-13T22:36:23.843165+00:00
GDP_VOLUME_EUROPE,rs:country,2019-Q4,2026-09-13T22:36:23.843165+00:00,9666.2,final,2019-10-01,2019-12-31,1,2026-09-13T22:36:23.843165+00:00
GDP_VOLUME_EUROPE,rs:country,2020-Q1,2026-09-13T22:36:23.843165+00:00,9687.7,final,2020-01-01,2020-03-31,1,2026-09-13T22:36:23.843165+00:00
GDP_VOLUME_EUROPE,rs:country,2020-Q2,2026-09-13T22:36:23.843165+00:00,8674.8,final,2020-04-01,2020-06-30,1,2026-09-13T22:36:23.843165+00:00
GDP_VOLUME_EUROPE,rs:country,2020-Q3,2026-09-13T22:36:23.843165+00:00,9407.4,final,2020-07-01,2020-09-30,1,2026-09-13T22:36:23.843165+00:00
GDP_VOLUME_EUROPE,rs:country,2020-Q4,2026-09-13T22:36:23.843165+00:00,9566.4,final,2020-10-01,2020-12-31,1,2026-09-13T22:36:23.843165+00:00
GDP_VOLUME_EUROPE,rs:country,2021-Q1,2026-09-13T22:36:23.843165+00:00,9847.6,final,2021-01-01,2021-03-31,1,2026-09-13T22:36:23.843165+00:00
GDP_VOLUME_EUROPE,rs:country,2021-Q2,2026-09-13T22:36:23.843165+00:00,9951.0,final,2021-04-01,2021-06-30,1,2026-09-13T22:36:23.843165+00:00
GDP_VOLUME_EUROPE,rs:country,2021-Q3,2026-09-13T22:36:23.843165+00:00,10194.2,final,2021-07-01,2021-09-30,1,2026-09-13T22:36:23.843165+00:00
GDP_VOLUME_EUROPE,rs:country,2021-Q4,2026-09-13T22:36:23.843165+00:00,10312.4,final,2021-10-01,2021-12-31,1,2026-09-13T22:36:23.843165+00:00
GDP_VOLUME_EUROPE,rs:country,2022-Q1,2026-09-13T22:36:23.843165+00:00,10320.8,final,2022-01-01,2022-03-31,1,2026-09-13T22:36:23.843165+00:00
GDP_VOLUME_EUROPE,rs:country,2022-Q2,2026-09-13T22:36:23.843165+00:00,10375.9,final,2022-04-01,2022-06-30,1,2026-09-13T22:36:23.843165+00:00
GDP_VOLUME_EUROPE,rs:country,2022-Q3,2026-09-13T22:36:23.843165+00:00,10304.1,final,2022-07-01,2022-09-30,1,2026-09-13T22:36:23.843165+00:00
GDP_VOLUME_EUROPE,rs:country,2022-Q4,2026-09-13T22:36:23.843165+00:00,10392.5,final,2022-10-01,2022-12-31,1,2026-09-13T22:36:23.843165+00:00
GDP_VOLUME_EUROPE,rs:country,2023-Q1,2026-09-13T22:36:23.843165+00:00,10561.3,final,2023-01-01,2023-03-31,1,2026-09-13T22:36:23.843165+00:00
GDP_VOLUME_EUROPE,rs:country,2023-Q2,2026-09-13T22:36:23.843165+00:00,10662.0,final,2023-04-01,2023-06-30,1,2026-09-13T22:36:23.843165+00:00
GDP_VOLUME_EUROPE,rs:country,2023-Q3,2026-09-13T22:36:23.843165+00:00,10805.7,final,2023-07-01,2023-09-30,1,2026-09-13T22:36:23.843165+00:00
GDP_VOLUME_EUROPE,rs:country,2023-Q4,2026-09-13T22:36:23.843165+00:00,10918.9,final,2023-10-01,2023-12-31,1,2026-09-13T22:36:23.843165+00:00
GDP_VOLUME_EUROPE,rs:country,2024-Q1,2026-09-13T22:36:23.843165+00:00,11027.9,final,2024-01-01,2024-03-31,1,2026-09-13T22:36:23.843165+00:00
GDP_VOLUME_EUROPE,rs:country,2024-Q2,2026-09-13T22:36:23.843165+00:00,11126.2,final,2024-04-01,2024-06-30,1,2026-09-13T22:36:23.843165+00:00
GDP_VOLUME_EUROPE,rs:country,2024-Q3,2026-09-13T22:36:23.843165+00:00,11198.2,final,2024-07-01,2024-09-30,1,2026-09-13T22:36:23.843165+00:00
GDP_VOLUME_EUROPE,rs:country,2024-Q4,2026-09-13T22:36:23.843165+00:00,11294.4,final,2024-10-01,2024-12-31,1,2026-09-13T22:36:23.843165+00:00
GDP_VOLUME_EUROPE,rs:country,2025-Q1,2026-09-13T22:36:23.843165+00:00,11240.7,final,2025-01-01,2025-03-31,1,2026-09-13T22:36:23.843165+00:00
GDP_VOLUME_EUROPE,rs:country,2025-Q2,2026-09-13T22:36:23.843165+00:00,11343.3,final,2025-04-01,2025-06-30,1,2026-09-13T22:36:23.843165+00:00
GDP_VOLUME_EUROPE,rs:country,2025-Q3,2026-09-13T22:36:23.843165+00:00,11430.7,final,2025-07-01,2025-09-30,1,2026-09-13T22:36:23.843165+00:00
GDP_VOLUME_EUROPE,rs:country,2025-Q4,2026-09-13T22:36:23.843165+00:00,11543.3,final,2025-10-01,2025-12-31,1,2026-09-13T22:36:23.843165+00:00
GDP_VOLUME_EUROPE,rs:country,2026-Q1,2026-09-13T22:36:23.843165+00:00,11598.0,final,2026-01-01,2026-03-31,1,2026-09-13T22:36:23.843165+00:00
GDP_VOLUME_EUROPE,rs:country,2026-Q2,2026-09-13T22:36:23.843165+00:00,11772.2,final,2026-04-01,2026-06-30,1,2026-09-13T22:36:23.843165+00:00
GDP_VOLUME_EUROPE,se:country,2008-Q1,2026-09-13T22:36:23.843165+00:00,93608.1,final,2008-01-01,2008-03-31,1,2026-09-13T22:36:23.843165+00:00
GDP_VOLUME_EUROPE,se:country,2008-Q2,2026-09-13T22:36:23.843165+00:00,93083.4,final,2008-04-01,2008-06-30,1,2026-09-13T22:36:23.843165+00:00
GDP_VOLUME_EUROPE,se:country,2008-Q3,2026-09-13T22:36:23.843165+00:00,92160.0,final,2008-07-01,2008-09-30,1,2026-09-13T22:36:23.843165+00:00
GDP_VOLUME_EUROPE,se:country,2008-Q4,2026-09-13T22:36:23.843165+00:00,88635.0,final,2008-10-01,2008-12-31,1,2026-09-13T22:36:23.843165+00:00
GDP_VOLUME_EUROPE,se:country,2009-Q1,2026-09-13T22:36:23.843165+00:00,87690.2,final,2009-01-01,2009-03-31,1,2026-09-13T22:36:23.843165+00:00
GDP_VOLUME_EUROPE,se:country,2009-Q2,2026-09-13T22:36:23.843165+00:00,88077.7,final,2009-04-01,2009-06-30,1,2026-09-13T22:36:23.843165+00:00
GDP_VOLUME_EUROPE,se:country,2009-Q3,2026-09-13T22:36:23.843165+00:00,87980.2,final,2009-07-01,2009-09-30,1,2026-09-13T22:36:23.843165+00:00
GDP_VOLUME_EUROPE,se:country,2009-Q4,2026-09-13T22:36:23.843165+00:00,88347.3,final,2009-10-01,2009-12-31,1,2026-09-13T22:36:23.843165+00:00
GDP_VOLUME_EUROPE,se:country,2010-Q1,2026-09-13T22:36:23.843165+00:00,89651.8,final,2010-01-01,2010-03-31,1,2026-09-13T22:36:23.843165+00:00
GDP_VOLUME_EUROPE,se:country,2010-Q2,2026-09-13T22:36:23.843165+00:00,92583.4,final,2010-04-01,2010-06-30,1,2026-09-13T22:36:23.843165+00:00
GDP_VOLUME_EUROPE,se:country,2010-Q3,2026-09-13T22:36:23.843165+00:00,94062.7,final,2010-07-01,2010-09-30,1,2026-09-13T22:36:23.843165+00:00
GDP_VOLUME_EUROPE,se:country,2010-Q4,2026-09-13T22:36:23.843165+00:00,95033.1,final,2010-10-01,2010-12-31,1,2026-09-13T22:36:23.843165+00:00
GDP_VOLUME_EUROPE,se:country,2011-Q1,2026-09-13T22:36:23.843165+00:00,95588.3,final,2011-01-01,2011-03-31,1,2026-09-13T22:36:23.843165+00:00
GDP_VOLUME_EUROPE,se:country,2011-Q2,2026-09-13T22:36:23.843165+00:00,96241.7,final,2011-04-01,2011-06-30,1,2026-09-13T22:36:23.843165+00:00
GDP_VOLUME_EUROPE,se:country,2011-Q3,2026-09-13T22:36:23.843165+00:00,97017.7,final,2011-07-01,2011-09-30,1,2026-09-13T22:36:23.843165+00:00
GDP_VOLUME_EUROPE,se:country,2011-Q4,2026-09-13T22:36:23.843165+00:00,94520.1,final,2011-10-01,2011-12-31,1,2026-09-13T22:36:23.843165+00:00
GDP_VOLUME_EUROPE,se:country,2012-Q1,2026-09-13T22:36:23.843165+00:00,95434.4,final,2012-01-01,2012-03-31,1,2026-09-13T22:36:23.843165+00:00
GDP_VOLUME_EUROPE,se:country,2012-Q2,2026-09-13T22:36:23.843165+00:00,95820.3,final,2012-04-01,2012-06-30,1,2026-09-13T22:36:23.843165+00:00
GDP_VOLUME_EUROPE,se:country,2012-Q3,2026-09-13T22:36:23.843165+00:00,96371.7,final,2012-07-01,2012-09-30,1,2026-09-13T22:36:23.843165+00:00
GDP_VOLUME_EUROPE,se:country,2012-Q4,2026-09-13T22:36:23.843165+00:00,95413.1,final,2012-10-01,2012-12-31,1,2026-09-13T22:36:23.843165+00:00
GDP_VOLUME_EUROPE,se:country,2013-Q1,2026-09-13T22:36:23.843165+00:00,96026.8,final,2013-01-01,2013-03-31,1,2026-09-13T22:36:23.843165+00:00
GDP_VOLUME_EUROPE,se:country,2013-Q2,2026-09-13T22:36:23.843165+00:00,96295.0,final,2013-04-01,2013-06-30,1,2026-09-13T22:36:23.843165+00:00
GDP_VOLUME_EUROPE,se:country,2013-Q3,2026-09-13T22:36:23.843165+00:00,97051.3,final,2013-07-01,2013-09-30,1,2026-09-13T22:36:23.843165+00:00
GDP_VOLUME_EUROPE,se:country,2013-Q4,2026-09-13T22:36:23.843165+00:00,97898.2,final,2013-10-01,2013-12-31,1,2026-09-13T22:36:23.843165+00:00
GDP_VOLUME_EUROPE,se:country,2014-Q1,2026-09-13T22:36:23.843165+00:00,98294.6,final,2014-01-01,2014-03-31,1,2026-09-13T22:36:23.843165+00:00
GDP_VOLUME_EUROPE,se:country,2014-Q2,2026-09-13T22:36:23.843165+00:00,98813.9,final,2014-04-01,2014-06-30,1,2026-09-13T22:36:23.843165+00:00
GDP_VOLUME_EUROPE,se:country,2014-Q3,2026-09-13T22:36:23.843165+00:00,99585.7,final,2014-07-01,2014-09-30,1,2026-09-13T22:36:23.843165+00:00
GDP_VOLUME_EUROPE,se:country,2014-Q4,2026-09-13T22:36:23.843165+00:00,99977.1,final,2014-10-01,2014-12-31,1,2026-09-13T22:36:23.843165+00:00
GDP_VOLUME_EUROPE,se:country,2015-Q1,2026-09-13T22:36:23.843165+00:00,101164.6,final,2015-01-01,2015-03-31,1,2026-09-13T22:36:23.843165+00:00
GDP_VOLUME_EUROPE,se:country,2015-Q2,2026-09-13T22:36:23.843165+00:00,103592.1,final,2015-04-01,2015-06-30,1,2026-09-13T22:36:23.843165+00:00
GDP_VOLUME_EUROPE,se:country,2015-Q3,2026-09-13T22:36:23.843165+00:00,103488.1,final,2015-07-01,2015-09-30,1,2026-09-13T22:36:23.843165+00:00
GDP_VOLUME_EUROPE,se:country,2015-Q4,2026-09-13T22:36:23.843165+00:00,104638.2,final,2015-10-01,2015-12-31,1,2026-09-13T22:36:23.843165+00:00
GDP_VOLUME_EUROPE,se:country,2016-Q1,2026-09-13T22:36:23.843165+00:00,104073.5,final,2016-01-01,2016-03-31,1,2026-09-13T22:36:23.843165+00:00
GDP_VOLUME_EUROPE,se:country,2016-Q2,2026-09-13T22:36:23.843165+00:00,105153.4,final,2016-04-01,2016-06-30,1,2026-09-13T22:36:23.843165+00:00
GDP_VOLUME_EUROPE,se:country,2016-Q3,2026-09-13T22:36:23.843165+00:00,105415.7,final,2016-07-01,2016-09-30,1,2026-09-13T22:36:23.843165+00:00
GDP_VOLUME_EUROPE,se:country,2016-Q4,2026-09-13T22:36:23.843165+00:00,106074.9,final,2016-10-01,2016-12-31,1,2026-09-13T22:36:23.843165+00:00
GDP_VOLUME_EUROPE,se:country,2017-Q1,2026-09-13T22:36:23.843165+00:00,106963.9,final,2017-01-01,2017-03-31,1,2026-09-13T22:36:23.843165+00:00
GDP_VOLUME_EUROPE,se:country,2017-Q2,2026-09-13T22:36:23.843165+00:00,107134.9,final,2017-04-01,2017-06-30,1,2026-09-13T22:36:23.843165+00:00
GDP_VOLUME_EUROPE,se:country,2017-Q3,2026-09-13T22:36:23.843165+00:00,107487.3,final,2017-07-01,2017-09-30,1,2026-09-13T22:36:23.843165+00:00
GDP_VOLUME_EUROPE,se:country,2017-Q4,2026-09-13T22:36:23.843165+00:00,108177.5,final,2017-10-01,2017-12-31,1,2026-09-13T22:36:23.843165+00:00
GDP_VOLUME_EUROPE,se:country,2018-Q1,2026-09-13T22:36:23.843165+00:00,108733.0,final,2018-01-01,2018-03-31,1,2026-09-13T22:36:23.843165+00:00
GDP_VOLUME_EUROPE,se:country,2018-Q2,2026-09-13T22:36:23.843165+00:00,109321.9,final,2018-04-01,2018-06-30,1,2026-09-13T22:36:23.843165+00:00
GDP_VOLUME_EUROPE,se:country,2018-Q3,2026-09-13T22:36:23.843165+00:00,109132.3,final,2018-07-01,2018-09-30,1,2026-09-13T22:36:23.843165+00:00
GDP_VOLUME_EUROPE,se:country,2018-Q4,2026-09-13T22:36:23.843165+00:00,110589.9,final,2018-10-01,2018-12-31,1,2026-09-13T22:36:23.843165+00:00
GDP_VOLUME_EUROPE,se:country,2019-Q1,2026-09-13T22:36:23.843165+00:00,110947.9,final,2019-01-01,2019-03-31,1,2026-09-13T22:36:23.843165+00:00
GDP_VOLUME_EUROPE,se:country,2019-Q2,2026-09-13T22:36:23.843165+00:00,112343.6,final,2019-04-01,2019-06-30,1,2026-09-13T22:36:23.843165+00:00
GDP_VOLUME_EUROPE,se:country,2019-Q3,2026-09-13T22:36:23.843165+00:00,112029.9,final,2019-07-01,2019-09-30,1,2026-09-13T22:36:23.843165+00:00
GDP_VOLUME_EUROPE,se:country,2019-Q4,2026-09-13T22:36:23.843165+00:00,113939.6,final,2019-10-01,2019-12-31,1,2026-09-13T22:36:23.843165+00:00
GDP_VOLUME_EUROPE,se:country,2020-Q1,2026-09-13T22:36:23.843165+00:00,114021.7,final,2020-01-01,2020-03-31,1,2026-09-13T22:36:23.843165+00:00
GDP_VOLUME_EUROPE,se:country,2020-Q2,2026-09-13T22:36:23.843165+00:00,103969.5,final,2020-04-01,2020-06-30,1,2026-09-13T22:36:23.843165+00:00
GDP_VOLUME_EUROPE,se:country,2020-Q3,2026-09-13T22:36:23.843165+00:00,110135.7,final,2020-07-01,2020-09-30,1,2026-09-13T22:36:23.843165+00:00
GDP_VOLUME_EUROPE,se:country,2020-Q4,2026-09-13T22:36:23.843165+00:00,111703.5,final,2020-10-01,2020-12-31,1,2026-09-13T22:36:23.843165+00:00
GDP_VOLUME_EUROPE,se:country,2021-Q1,2026-09-13T22:36:23.843165+00:00,114632.3,final,2021-01-01,2021-03-31,1,2026-09-13T22:36:23.843165+00:00
GDP_VOLUME_EUROPE,se:country,2021-Q2,2026-09-13T22:36:23.843165+00:00,115123.7,final,2021-04-01,2021-06-30,1,2026-09-13T22:36:23.843165+00:00
GDP_VOLUME_EUROPE,se:country,2021-Q3,2026-09-13T22:36:23.843165+00:00,114814.4,final,2021-07-01,2021-09-30,1,2026-09-13T22:36:23.843165+00:00
GDP_VOLUME_EUROPE,se:country,2021-Q4,2026-09-13T22:36:23.843165+00:00,117295.4,final,2021-10-01,2021-12-31,1,2026-09-13T22:36:23.843165+00:00
GDP_VOLUME_EUROPE,se:country,2022-Q1,2026-09-13T22:36:23.843165+00:00,116661.7,final,2022-01-01,2022-03-31,1,2026-09-13T22:36:23.843165+00:00
GDP_VOLUME_EUROPE,se:country,2022-Q2,2026-09-13T22:36:23.843165+00:00,117911.8,final,2022-04-01,2022-06-30,1,2026-09-13T22:36:23.843165+00:00
GDP_VOLUME_EUROPE,se:country,2022-Q3,2026-09-13T22:36:23.843165+00:00,117276.0,final,2022-07-01,2022-09-30,1,2026-09-13T22:36:23.843165+00:00
GDP_VOLUME_EUROPE,se:country,2022-Q4,2026-09-13T22:36:23.843165+00:00,116086.0,final,2022-10-01,2022-12-31,1,2026-09-13T22:36:23.843165+00:00
GDP_VOLUME_EUROPE,se:country,2023-Q1,2026-09-13T22:36:23.843165+00:00,117600.7,final,2023-01-01,2023-03-31,1,2026-09-13T22:36:23.843165+00:00
GDP_VOLUME_EUROPE,se:country,2023-Q2,2026-09-13T22:36:23.843165+00:00,116355.0,final,2023-04-01,2023-06-30,1,2026-09-13T22:36:23.843165+00:00
GDP_VOLUME_EUROPE,se:country,2023-Q3,2026-09-13T22:36:23.843165+00:00,118014.2,final,2023-07-01,2023-09-30,1,2026-09-13T22:36:23.843165+00:00
GDP_VOLUME_EUROPE,se:country,2023-Q4,2026-09-13T22:36:23.843165+00:00,116151.2,final,2023-10-01,2023-12-31,1,2026-09-13T22:36:23.843165+00:00
GDP_VOLUME_EUROPE,se:country,2024-Q1,2026-09-13T22:36:23.843165+00:00,119793.6,final,2024-01-01,2024-03-31,1,2026-09-13T22:36:23.843165+00:00
GDP_VOLUME_EUROPE,se:country,2024-Q2,2026-09-13T22:36:23.843165+00:00,118060.4,final,2024-04-01,2024-06-30,1,2026-09-13T22:36:23.843165+00:00
GDP_VOLUME_EUROPE,se:country,2024-Q3,2026-09-13T22:36:23.843165+00:00,118879.7,final,2024-07-01,2024-09-30,1,2026-09-13T22:36:23.843165+00:00
GDP_VOLUME_EUROPE,se:country,2024-Q4,2026-09-13T22:36:23.843165+00:00,120375.4,final,2024-10-01,2024-12-31,1,2026-09-13T22:36:23.843165+00:00
GDP_VOLUME_EUROPE,se:country,2025-Q1,2026-09-13T22:36:23.843165+00:00,119906.0,final,2025-01-01,2025-03-31,1,2026-09-13T22:36:23.843165+00:00
GDP_VOLUME_EUROPE,se:country,2025-Q2,2026-09-13T22:36:23.843165+00:00,120708.7,final,2025-04-01,2025-06-30,1,2026-09-13T22:36:23.843165+00:00
GDP_VOLUME_EUROPE,se:country,2025-Q3,2026-09-13T22:36:23.843165+00:00,121490.3,final,2025-07-01,2025-09-30,1,2026-09-13T22:36:23.843165+00:00
GDP_VOLUME_EUROPE,se:country,2025-Q4,2026-09-13T22:36:23.843165+00:00,122781.6,final,2025-10-01,2025-12-31,1,2026-09-13T22:36:23.843165+00:00
GDP_VOLUME_EUROPE,se:country,2026-Q1,2026-09-13T22:36:23.843165+00:00,122678.1,final,2026-01-01,2026-03-31,1,2026-09-13T22:36:23.843165+00:00
GDP_VOLUME_EUROPE,se:country,2026-Q2,2026-09-13T22:36:23.843165+00:00,124586.6,final,2026-04-01,2026-06-30,1,2026-09-13T22:36:23.843165+00:00
GDP_VOLUME_EUROPE,si:country,2008-Q1,2026-09-13T22:36:23.843165+00:00,9675.1,final,2008-01-01,2008-03-31,1,2026-09-13T22:36:23.843165+00:00
GDP_VOLUME_EUROPE,si:country,2008-Q2,2026-09-13T22:36:23.843165+00:00,9767.4,final,2008-04-01,2008-06-30,1,2026-09-13T22:36:23.843165+00:00
GDP_VOLUME_EUROPE,si:country,2008-Q3,2026-09-13T22:36:23.843165+00:00,9752.3,final,2008-07-01,2008-09-30,1,2026-09-13T22:36:23.843165+00:00
GDP_VOLUME_EUROPE,si:country,2008-Q4,2026-09-13T22:36:23.843165+00:00,9414.9,final,2008-10-01,2008-12-31,1,2026-09-13T22:36:23.843165+00:00
GDP_VOLUME_EUROPE,si:country,2009-Q1,2026-09-13T22:36:23.843165+00:00,8932.5,final,2009-01-01,2009-03-31,1,2026-09-13T22:36:23.843165+00:00
GDP_VOLUME_EUROPE,si:country,2009-Q2,2026-09-13T22:36:23.843165+00:00,8859.4,final,2009-04-01,2009-06-30,1,2026-09-13T22:36:23.843165+00:00
GDP_VOLUME_EUROPE,si:country,2009-Q3,2026-09-13T22:36:23.843165+00:00,8878.0,final,2009-07-01,2009-09-30,1,2026-09-13T22:36:23.843165+00:00
GDP_VOLUME_EUROPE,si:country,2009-Q4,2026-09-13T22:36:23.843165+00:00,8873.0,final,2009-10-01,2009-12-31,1,2026-09-13T22:36:23.843165+00:00
GDP_VOLUME_EUROPE,si:country,2010-Q1,2026-09-13T22:36:23.843165+00:00,8868.7,final,2010-01-01,2010-03-31,1,2026-09-13T22:36:23.843165+00:00
GDP_VOLUME_EUROPE,si:country,2010-Q2,2026-09-13T22:36:23.843165+00:00,8991.6,final,2010-04-01,2010-06-30,1,2026-09-13T22:36:23.843165+00:00
GDP_VOLUME_EUROPE,si:country,2010-Q3,2026-09-13T22:36:23.843165+00:00,9009.9,final,2010-07-01,2010-09-30,1,2026-09-13T22:36:23.843165+00:00
GDP_VOLUME_EUROPE,si:country,2010-Q4,2026-09-13T22:36:23.843165+00:00,9052.8,final,2010-10-01,2010-12-31,1,2026-09-13T22:36:23.843165+00:00
GDP_VOLUME_EUROPE,si:country,2011-Q1,2026-09-13T22:36:23.843165+00:00,9104.6,final,2011-01-01,2011-03-31,1,2026-09-13T22:36:23.843165+00:00
GDP_VOLUME_EUROPE,si:country,2011-Q2,2026-09-13T22:36:23.843165+00:00,9063.3,final,2011-04-01,2011-06-30,1,2026-09-13T22:36:23.843165+00:00
GDP_VOLUME_EUROPE,si:country,2011-Q3,2026-09-13T22:36:23.843165+00:00,9054.7,final,2011-07-01,2011-09-30,1,2026-09-13T22:36:23.843165+00:00
GDP_VOLUME_EUROPE,si:country,2011-Q4,2026-09-13T22:36:23.843165+00:00,9058.3,final,2011-10-01,2011-12-31,1,2026-09-13T22:36:23.843165+00:00
GDP_VOLUME_EUROPE,si:country,2012-Q1,2026-09-13T22:36:23.843165+00:00,9024.8,final,2012-01-01,2012-03-31,1,2026-09-13T22:36:23.843165+00:00
GDP_VOLUME_EUROPE,si:country,2012-Q2,2026-09-13T22:36:23.843165+00:00,8801.5,final,2012-04-01,2012-06-30,1,2026-09-13T22:36:23.843165+00:00
GDP_VOLUME_EUROPE,si:country,2012-Q3,2026-09-13T22:36:23.843165+00:00,8822.1,final,2012-07-01,2012-09-30,1,2026-09-13T22:36:23.843165+00:00
GDP_VOLUME_EUROPE,si:country,2012-Q4,2026-09-13T22:36:23.843165+00:00,8665.5,final,2012-10-01,2012-12-31,1,2026-09-13T22:36:23.843165+00:00
GDP_VOLUME_EUROPE,si:country,2013-Q1,2026-09-13T22:36:23.843165+00:00,8673.2,final,2013-01-01,2013-03-31,1,2026-09-13T22:36:23.843165+00:00
GDP_VOLUME_EUROPE,si:country,2013-Q2,2026-09-13T22:36:23.843165+00:00,8710.1,final,2013-04-01,2013-06-30,1,2026-09-13T22:36:23.843165+00:00
GDP_VOLUME_EUROPE,si:country,2013-Q3,2026-09-13T22:36:23.843165+00:00,8716.1,final,2013-07-01,2013-09-30,1,2026-09-13T22:36:23.843165+00:00
GDP_VOLUME_EUROPE,si:country,2013-Q4,2026-09-13T22:36:23.843165+00:00,8887.5,final,2013-10-01,2013-12-31,1,2026-09-13T22:36:23.843165+00:00
GDP_VOLUME_EUROPE,si:country,2014-Q1,2026-09-13T22:36:23.843165+00:00,8875.9,final,2014-01-01,2014-03-31,1,2026-09-13T22:36:23.843165+00:00
GDP_VOLUME_EUROPE,si:country,2014-Q2,2026-09-13T22:36:23.843165+00:00,8972.3,final,2014-04-01,2014-06-30,1,2026-09-13T22:36:23.843165+00:00
GDP_VOLUME_EUROPE,si:country,2014-Q3,2026-09-13T22:36:23.843165+00:00,9025.2,final,2014-07-01,2014-09-30,1,2026-09-13T22:36:23.843165+00:00
GDP_VOLUME_EUROPE,si:country,2014-Q4,2026-09-13T22:36:23.843165+00:00,9033.3,final,2014-10-01,2014-12-31,1,2026-09-13T22:36:23.843165+00:00
GDP_VOLUME_EUROPE,si:country,2015-Q1,2026-09-13T22:36:23.843165+00:00,9078.7,final,2015-01-01,2015-03-31,1,2026-09-13T22:36:23.843165+00:00
GDP_VOLUME_EUROPE,si:country,2015-Q2,2026-09-13T22:36:23.843165+00:00,9160.2,final,2015-04-01,2015-06-30,1,2026-09-13T22:36:23.843165+00:00
GDP_VOLUME_EUROPE,si:country,2015-Q3,2026-09-13T22:36:23.843165+00:00,9219.3,final,2015-07-01,2015-09-30,1,2026-09-13T22:36:23.843165+00:00
GDP_VOLUME_EUROPE,si:country,2015-Q4,2026-09-13T22:36:23.843165+00:00,9234.1,final,2015-10-01,2015-12-31,1,2026-09-13T22:36:23.843165+00:00
GDP_VOLUME_EUROPE,si:country,2016-Q1,2026-09-13T22:36:23.843165+00:00,9350.9,final,2016-01-01,2016-03-31,1,2026-09-13T22:36:23.843165+00:00
GDP_VOLUME_EUROPE,si:country,2016-Q2,2026-09-13T22:36:23.843165+00:00,9437.1,final,2016-04-01,2016-06-30,1,2026-09-13T22:36:23.843165+00:00
GDP_VOLUME_EUROPE,si:country,2016-Q3,2026-09-13T22:36:23.843165+00:00,9516.7,final,2016-07-01,2016-09-30,1,2026-09-13T22:36:23.843165+00:00
GDP_VOLUME_EUROPE,si:country,2016-Q4,2026-09-13T22:36:23.843165+00:00,9583.1,final,2016-10-01,2016-12-31,1,2026-09-13T22:36:23.843165+00:00
GDP_VOLUME_EUROPE,si:country,2017-Q1,2026-09-13T22:36:23.843165+00:00,9783.0,final,2017-01-01,2017-03-31,1,2026-09-13T22:36:23.843165+00:00
GDP_VOLUME_EUROPE,si:country,2017-Q2,2026-09-13T22:36:23.843165+00:00,9912.9,final,2017-04-01,2017-06-30,1,2026-09-13T22:36:23.843165+00:00
GDP_VOLUME_EUROPE,si:country,2017-Q3,2026-09-13T22:36:23.843165+00:00,9993.3,final,2017-07-01,2017-09-30,1,2026-09-13T22:36:23.843165+00:00
GDP_VOLUME_EUROPE,si:country,2017-Q4,2026-09-13T22:36:23.843165+00:00,10189.0,final,2017-10-01,2017-12-31,1,2026-09-13T22:36:23.843165+00:00
GDP_VOLUME_EUROPE,si:country,2018-Q1,2026-09-13T22:36:23.843165+00:00,10220.4,final,2018-01-01,2018-03-31,1,2026-09-13T22:36:23.843165+00:00
GDP_VOLUME_EUROPE,si:country,2018-Q2,2026-09-13T22:36:23.843165+00:00,10369.7,final,2018-04-01,2018-06-30,1,2026-09-13T22:36:23.843165+00:00
GDP_VOLUME_EUROPE,si:country,2018-Q3,2026-09-13T22:36:23.843165+00:00,10495.7,final,2018-07-01,2018-09-30,1,2026-09-13T22:36:23.843165+00:00
GDP_VOLUME_EUROPE,si:country,2018-Q4,2026-09-13T22:36:23.843165+00:00,10569.0,final,2018-10-01,2018-12-31,1,2026-09-13T22:36:23.843165+00:00
GDP_VOLUME_EUROPE,si:country,2019-Q1,2026-09-13T22:36:23.843165+00:00,10712.4,final,2019-01-01,2019-03-31,1,2026-09-13T22:36:23.843165+00:00
GDP_VOLUME_EUROPE,si:country,2019-Q2,2026-09-13T22:36:23.843165+00:00,10706.1,final,2019-04-01,2019-06-30,1,2026-09-13T22:36:23.843165+00:00
GDP_VOLUME_EUROPE,si:country,2019-Q3,2026-09-13T22:36:23.843165+00:00,10824.2,final,2019-07-01,2019-09-30,1,2026-09-13T22:36:23.843165+00:00
GDP_VOLUME_EUROPE,si:country,2019-Q4,2026-09-13T22:36:23.843165+00:00,10846.6,final,2019-10-01,2019-12-31,1,2026-09-13T22:36:23.843165+00:00
GDP_VOLUME_EUROPE,si:country,2020-Q1,2026-09-13T22:36:23.843165+00:00,10590.5,final,2020-01-01,2020-03-31,1,2026-09-13T22:36:23.843165+00:00
GDP_VOLUME_EUROPE,si:country,2020-Q2,2026-09-13T22:36:23.843165+00:00,9540.7,final,2020-04-01,2020-06-30,1,2026-09-13T22:36:23.843165+00:00
GDP_VOLUME_EUROPE,si:country,2020-Q3,2026-09-13T22:36:23.843165+00:00,10644.4,final,2020-07-01,2020-09-30,1,2026-09-13T22:36:23.843165+00:00
GDP_VOLUME_EUROPE,si:country,2020-Q4,2026-09-13T22:36:23.843165+00:00,10408.2,final,2020-10-01,2020-12-31,1,2026-09-13T22:36:23.843165+00:00
GDP_VOLUME_EUROPE,si:country,2021-Q1,2026-09-13T22:36:23.843165+00:00,10865.6,final,2021-01-01,2021-03-31,1,2026-09-13T22:36:23.843165+00:00
GDP_VOLUME_EUROPE,si:country,2021-Q2,2026-09-13T22:36:23.843165+00:00,10998.5,final,2021-04-01,2021-06-30,1,2026-09-13T22:36:23.843165+00:00
GDP_VOLUME_EUROPE,si:country,2021-Q3,2026-09-13T22:36:23.843165+00:00,11296.0,final,2021-07-01,2021-09-30,1,2026-09-13T22:36:23.843165+00:00
GDP_VOLUME_EUROPE,si:country,2021-Q4,2026-09-13T22:36:23.843165+00:00,11438.7,final,2021-10-01,2021-12-31,1,2026-09-13T22:36:23.843165+00:00
GDP_VOLUME_EUROPE,si:country,2022-Q1,2026-09-13T22:36:23.843165+00:00,11419.9,final,2022-01-01,2022-03-31,1,2026-09-13T22:36:23.843165+00:00
GDP_VOLUME_EUROPE,si:country,2022-Q2,2026-09-13T22:36:23.843165+00:00,11499.8,final,2022-04-01,2022-06-30,1,2026-09-13T22:36:23.843165+00:00
GDP_VOLUME_EUROPE,si:country,2022-Q3,2026-09-13T22:36:23.843165+00:00,11471.5,final,2022-07-01,2022-09-30,1,2026-09-13T22:36:23.843165+00:00
GDP_VOLUME_EUROPE,si:country,2022-Q4,2026-09-13T22:36:23.843165+00:00,11541.6,final,2022-10-01,2022-12-31,1,2026-09-13T22:36:23.843165+00:00
GDP_VOLUME_EUROPE,si:country,2023-Q1,2026-09-13T22:36:23.843165+00:00,11639.8,final,2023-01-01,2023-03-31,1,2026-09-13T22:36:23.843165+00:00
GDP_VOLUME_EUROPE,si:country,2023-Q2,2026-09-13T22:36:23.843165+00:00,11793.4,final,2023-04-01,2023-06-30,1,2026-09-13T22:36:23.843165+00:00
GDP_VOLUME_EUROPE,si:country,2023-Q3,2026-09-13T22:36:23.843165+00:00,11788.5,final,2023-07-01,2023-09-30,1,2026-09-13T22:36:23.843165+00:00
GDP_VOLUME_EUROPE,si:country,2023-Q4,2026-09-13T22:36:23.843165+00:00,11886.8,final,2023-10-01,2023-12-31,1,2026-09-13T22:36:23.843165+00:00
GDP_VOLUME_EUROPE,si:country,2024-Q1,2026-09-13T22:36:23.843165+00:00,12008.9,final,2024-01-01,2024-03-31,1,2026-09-13T22:36:23.843165+00:00
GDP_VOLUME_EUROPE,si:country,2024-Q2,2026-09-13T22:36:23.843165+00:00,11920.6,final,2024-04-01,2024-06-30,1,2026-09-13T22:36:23.843165+00:00
GDP_VOLUME_EUROPE,si:country,2024-Q3,2026-09-13T22:36:23.843165+00:00,11945.3,final,2024-07-01,2024-09-30,1,2026-09-13T22:36:23.843165+00:00
GDP_VOLUME_EUROPE,si:country,2024-Q4,2026-09-13T22:36:23.843165+00:00,12029.6,final,2024-10-01,2024-12-31,1,2026-09-13T22:36:23.843165+00:00
GDP_VOLUME_EUROPE,si:country,2025-Q1,2026-09-13T22:36:23.843165+00:00,11951.7,final,2025-01-01,2025-03-31,1,2026-09-13T22:36:23.843165+00:00
GDP_VOLUME_EUROPE,si:country,2025-Q2,2026-09-13T22:36:23.843165+00:00,12013.1,final,2025-04-01,2025-06-30,1,2026-09-13T22:36:23.843165+00:00
GDP_VOLUME_EUROPE,si:country,2025-Q3,2026-09-13T22:36:23.843165+00:00,12153.9,final,2025-07-01,2025-09-30,1,2026-09-13T22:36:23.843165+00:00
GDP_VOLUME_EUROPE,si:country,2025-Q4,2026-09-13T22:36:23.843165+00:00,12235.7,final,2025-10-01,2025-12-31,1,2026-09-13T22:36:23.843165+00:00
GDP_VOLUME_EUROPE,si:country,2026-Q1,2026-09-13T22:36:23.843165+00:00,12365.9,final,2026-01-01,2026-03-31,1,2026-09-13T22:36:23.843165+00:00
GDP_VOLUME_EUROPE,si:country,2026-Q2,2026-09-13T22:36:23.843165+00:00,12592.8,final,2026-04-01,2026-06-30,1,2026-09-13T22:36:23.843165+00:00
GDP_VOLUME_EUROPE,sk:country,2008-Q1,2026-09-13T22:36:23.843165+00:00,16702.8,final,2008-01-01,2008-03-31,1,2026-09-13T22:36:23.843165+00:00
GDP_VOLUME_EUROPE,sk:country,2008-Q2,2026-09-13T22:36:23.843165+00:00,16905.7,final,2008-04-01,2008-06-30,1,2026-09-13T22:36:23.843165+00:00
GDP_VOLUME_EUROPE,sk:country,2008-Q3,2026-09-13T22:36:23.843165+00:00,17144.9,final,2008-07-01,2008-09-30,1,2026-09-13T22:36:23.843165+00:00
GDP_VOLUME_EUROPE,sk:country,2008-Q4,2026-09-13T22:36:23.843165+00:00,17352.6,final,2008-10-01,2008-12-31,1,2026-09-13T22:36:23.843165+00:00
GDP_VOLUME_EUROPE,sk:country,2009-Q1,2026-09-13T22:36:23.843165+00:00,15662.3,final,2009-01-01,2009-03-31,1,2026-09-13T22:36:23.843165+00:00
GDP_VOLUME_EUROPE,sk:country,2009-Q2,2026-09-13T22:36:23.843165+00:00,15929.3,final,2009-04-01,2009-06-30,1,2026-09-13T22:36:23.843165+00:00
GDP_VOLUME_EUROPE,sk:country,2009-Q3,2026-09-13T22:36:23.843165+00:00,16216.2,final,2009-07-01,2009-09-30,1,2026-09-13T22:36:23.843165+00:00
GDP_VOLUME_EUROPE,sk:country,2009-Q4,2026-09-13T22:36:23.843165+00:00,16548.8,final,2009-10-01,2009-12-31,1,2026-09-13T22:36:23.843165+00:00
GDP_VOLUME_EUROPE,sk:country,2010-Q1,2026-09-13T22:36:23.843165+00:00,16895.6,final,2010-01-01,2010-03-31,1,2026-09-13T22:36:23.843165+00:00
GDP_VOLUME_EUROPE,sk:country,2010-Q2,2026-09-13T22:36:23.843165+00:00,17106.7,final,2010-04-01,2010-06-30,1,2026-09-13T22:36:23.843165+00:00
GDP_VOLUME_EUROPE,sk:country,2010-Q3,2026-09-13T22:36:23.843165+00:00,17304.3,final,2010-07-01,2010-09-30,1,2026-09-13T22:36:23.843165+00:00
GDP_VOLUME_EUROPE,sk:country,2010-Q4,2026-09-13T22:36:23.843165+00:00,17420.1,final,2010-10-01,2010-12-31,1,2026-09-13T22:36:23.843165+00:00
GDP_VOLUME_EUROPE,sk:country,2011-Q1,2026-09-13T22:36:23.843165+00:00,17454.2,final,2011-01-01,2011-03-31,1,2026-09-13T22:36:23.843165+00:00
GDP_VOLUME_EUROPE,sk:country,2011-Q2,2026-09-13T22:36:23.843165+00:00,17574.7,final,2011-04-01,2011-06-30,1,2026-09-13T22:36:23.843165+00:00
GDP_VOLUME_EUROPE,sk:country,2011-Q3,2026-09-13T22:36:23.843165+00:00,17657.7,final,2011-07-01,2011-09-30,1,2026-09-13T22:36:23.843165+00:00
GDP_VOLUME_EUROPE,sk:country,2011-Q4,2026-09-13T22:36:23.843165+00:00,17801.3,final,2011-10-01,2011-12-31,1,2026-09-13T22:36:23.843165+00:00
GDP_VOLUME_EUROPE,sk:country,2012-Q1,2026-09-13T22:36:23.843165+00:00,17863.2,final,2012-01-01,2012-03-31,1,2026-09-13T22:36:23.843165+00:00
GDP_VOLUME_EUROPE,sk:country,2012-Q2,2026-09-13T22:36:23.843165+00:00,17900.6,final,2012-04-01,2012-06-30,1,2026-09-13T22:36:23.843165+00:00
GDP_VOLUME_EUROPE,sk:country,2012-Q3,2026-09-13T22:36:23.843165+00:00,17923.8,final,2012-07-01,2012-09-30,1,2026-09-13T22:36:23.843165+00:00
GDP_VOLUME_EUROPE,sk:country,2012-Q4,2026-09-13T22:36:23.843165+00:00,17906.2,final,2012-10-01,2012-12-31,1,2026-09-13T22:36:23.843165+00:00
GDP_VOLUME_EUROPE,sk:country,2013-Q1,2026-09-13T22:36:23.843165+00:00,17912.0,final,2013-01-01,2013-03-31,1,2026-09-13T22:36:23.843165+00:00
GDP_VOLUME_EUROPE,sk:country,2013-Q2,2026-09-13T22:36:23.843165+00:00,17971.1,final,2013-04-01,2013-06-30,1,2026-09-13T22:36:23.843165+00:00
GDP_VOLUME_EUROPE,sk:country,2013-Q3,2026-09-13T22:36:23.843165+00:00,18054.6,final,2013-07-01,2013-09-30,1,2026-09-13T22:36:23.843165+00:00
GDP_VOLUME_EUROPE,sk:country,2013-Q4,2026-09-13T22:36:23.843165+00:00,18159.8,final,2013-10-01,2013-12-31,1,2026-09-13T22:36:23.843165+00:00
GDP_VOLUME_EUROPE,sk:country,2014-Q1,2026-09-13T22:36:23.843165+00:00,18270.4,final,2014-01-01,2014-03-31,1,2026-09-13T22:36:23.843165+00:00
GDP_VOLUME_EUROPE,sk:country,2014-Q2,2026-09-13T22:36:23.843165+00:00,18409.0,final,2014-04-01,2014-06-30,1,2026-09-13T22:36:23.843165+00:00
GDP_VOLUME_EUROPE,sk:country,2014-Q3,2026-09-13T22:36:23.843165+00:00,18584.7,final,2014-07-01,2014-09-30,1,2026-09-13T22:36:23.843165+00:00
GDP_VOLUME_EUROPE,sk:country,2014-Q4,2026-09-13T22:36:23.843165+00:00,18785.7,final,2014-10-01,2014-12-31,1,2026-09-13T22:36:23.843165+00:00
GDP_VOLUME_EUROPE,sk:country,2015-Q1,2026-09-13T22:36:23.843165+00:00,19146.8,final,2015-01-01,2015-03-31,1,2026-09-13T22:36:23.843165+00:00
GDP_VOLUME_EUROPE,sk:country,2015-Q2,2026-09-13T22:36:23.843165+00:00,19381.9,final,2015-04-01,2015-06-30,1,2026-09-13T22:36:23.843165+00:00
GDP_VOLUME_EUROPE,sk:country,2015-Q3,2026-09-13T22:36:23.843165+00:00,19605.6,final,2015-07-01,2015-09-30,1,2026-09-13T22:36:23.843165+00:00
GDP_VOLUME_EUROPE,sk:country,2015-Q4,2026-09-13T22:36:23.843165+00:00,19749.0,final,2015-10-01,2015-12-31,1,2026-09-13T22:36:23.843165+00:00
GDP_VOLUME_EUROPE,sk:country,2016-Q1,2026-09-13T22:36:23.843165+00:00,19748.6,final,2016-01-01,2016-03-31,1,2026-09-13T22:36:23.843165+00:00
GDP_VOLUME_EUROPE,sk:country,2016-Q2,2026-09-13T22:36:23.843165+00:00,19797.9,final,2016-04-01,2016-06-30,1,2026-09-13T22:36:23.843165+00:00
GDP_VOLUME_EUROPE,sk:country,2016-Q3,2026-09-13T22:36:23.843165+00:00,19868.6,final,2016-07-01,2016-09-30,1,2026-09-13T22:36:23.843165+00:00
GDP_VOLUME_EUROPE,sk:country,2016-Q4,2026-09-13T22:36:23.843165+00:00,19985.1,final,2016-10-01,2016-12-31,1,2026-09-13T22:36:23.843165+00:00
GDP_VOLUME_EUROPE,sk:country,2017-Q1,2026-09-13T22:36:23.843165+00:00,20134.5,final,2017-01-01,2017-03-31,1,2026-09-13T22:36:23.843165+00:00
GDP_VOLUME_EUROPE,sk:country,2017-Q2,2026-09-13T22:36:23.843165+00:00,20322.0,final,2017-04-01,2017-06-30,1,2026-09-13T22:36:23.843165+00:00
GDP_VOLUME_EUROPE,sk:country,2017-Q3,2026-09-13T22:36:23.843165+00:00,20490.1,final,2017-07-01,2017-09-30,1,2026-09-13T22:36:23.843165+00:00
GDP_VOLUME_EUROPE,sk:country,2017-Q4,2026-09-13T22:36:23.843165+00:00,20736.3,final,2017-10-01,2017-12-31,1,2026-09-13T22:36:23.843165+00:00
GDP_VOLUME_EUROPE,sk:country,2018-Q1,2026-09-13T22:36:23.843165+00:00,20937.0,final,2018-01-01,2018-03-31,1,2026-09-13T22:36:23.843165+00:00
GDP_VOLUME_EUROPE,sk:country,2018-Q2,2026-09-13T22:36:23.843165+00:00,21184.4,final,2018-04-01,2018-06-30,1,2026-09-13T22:36:23.843165+00:00
GDP_VOLUME_EUROPE,sk:country,2018-Q3,2026-09-13T22:36:23.843165+00:00,21390.7,final,2018-07-01,2018-09-30,1,2026-09-13T22:36:23.843165+00:00
GDP_VOLUME_EUROPE,sk:country,2018-Q4,2026-09-13T22:36:23.843165+00:00,21488.8,final,2018-10-01,2018-12-31,1,2026-09-13T22:36:23.843165+00:00
GDP_VOLUME_EUROPE,sk:country,2019-Q1,2026-09-13T22:36:23.843165+00:00,21630.0,final,2019-01-01,2019-03-31,1,2026-09-13T22:36:23.843165+00:00
GDP_VOLUME_EUROPE,sk:country,2019-Q2,2026-09-13T22:36:23.843165+00:00,21674.5,final,2019-04-01,2019-06-30,1,2026-09-13T22:36:23.843165+00:00
GDP_VOLUME_EUROPE,sk:country,2019-Q3,2026-09-13T22:36:23.843165+00:00,21749.5,final,2019-07-01,2019-09-30,1,2026-09-13T22:36:23.843165+00:00
GDP_VOLUME_EUROPE,sk:country,2019-Q4,2026-09-13T22:36:23.843165+00:00,21881.4,final,2019-10-01,2019-12-31,1,2026-09-13T22:36:23.843165+00:00
GDP_VOLUME_EUROPE,sk:country,2020-Q1,2026-09-13T22:36:23.843165+00:00,21386.0,final,2020-01-01,2020-03-31,1,2026-09-13T22:36:23.843165+00:00
GDP_VOLUME_EUROPE,sk:country,2020-Q2,2026-09-13T22:36:23.843165+00:00,19732.7,final,2020-04-01,2020-06-30,1,2026-09-13T22:36:23.843165+00:00
GDP_VOLUME_EUROPE,sk:country,2020-Q3,2026-09-13T22:36:23.843165+00:00,21693.0,final,2020-07-01,2020-09-30,1,2026-09-13T22:36:23.843165+00:00
GDP_VOLUME_EUROPE,sk:country,2020-Q4,2026-09-13T22:36:23.843165+00:00,21875.9,final,2020-10-01,2020-12-31,1,2026-09-13T22:36:23.843165+00:00
GDP_VOLUME_EUROPE,sk:country,2021-Q1,2026-09-13T22:36:23.843165+00:00,22107.2,final,2021-01-01,2021-03-31,1,2026-09-13T22:36:23.843165+00:00
GDP_VOLUME_EUROPE,sk:country,2021-Q2,2026-09-13T22:36:23.843165+00:00,22339.1,final,2021-04-01,2021-06-30,1,2026-09-13T22:36:23.843165+00:00
GDP_VOLUME_EUROPE,sk:country,2021-Q3,2026-09-13T22:36:23.843165+00:00,22478.8,final,2021-07-01,2021-09-30,1,2026-09-13T22:36:23.843165+00:00
GDP_VOLUME_EUROPE,sk:country,2021-Q4,2026-09-13T22:36:23.843165+00:00,22552.4,final,2021-10-01,2021-12-31,1,2026-09-13T22:36:23.843165+00:00
GDP_VOLUME_EUROPE,sk:country,2022-Q1,2026-09-13T22:36:23.843165+00:00,22495.9,final,2022-01-01,2022-03-31,1,2026-09-13T22:36:23.843165+00:00
GDP_VOLUME_EUROPE,sk:country,2022-Q2,2026-09-13T22:36:23.843165+00:00,22429.8,final,2022-04-01,2022-06-30,1,2026-09-13T22:36:23.843165+00:00
GDP_VOLUME_EUROPE,sk:country,2022-Q3,2026-09-13T22:36:23.843165+00:00,22475.0,final,2022-07-01,2022-09-30,1,2026-09-13T22:36:23.843165+00:00
GDP_VOLUME_EUROPE,sk:country,2022-Q4,2026-09-13T22:36:23.843165+00:00,22564.1,final,2022-10-01,2022-12-31,1,2026-09-13T22:36:23.843165+00:00
GDP_VOLUME_EUROPE,sk:country,2023-Q1,2026-09-13T22:36:23.843165+00:00,22689.8,final,2023-01-01,2023-03-31,1,2026-09-13T22:36:23.843165+00:00
GDP_VOLUME_EUROPE,sk:country,2023-Q2,2026-09-13T22:36:23.843165+00:00,22902.9,final,2023-04-01,2023-06-30,1,2026-09-13T22:36:23.843165+00:00
GDP_VOLUME_EUROPE,sk:country,2023-Q3,2026-09-13T22:36:23.843165+00:00,23081.9,final,2023-07-01,2023-09-30,1,2026-09-13T22:36:23.843165+00:00
GDP_VOLUME_EUROPE,sk:country,2023-Q4,2026-09-13T22:36:23.843165+00:00,23190.8,final,2023-10-01,2023-12-31,1,2026-09-13T22:36:23.843165+00:00
GDP_VOLUME_EUROPE,sk:country,2024-Q1,2026-09-13T22:36:23.843165+00:00,23336.8,final,2024-01-01,2024-03-31,1,2026-09-13T22:36:23.843165+00:00
GDP_VOLUME_EUROPE,sk:country,2024-Q2,2026-09-13T22:36:23.843165+00:00,23397.7,final,2024-04-01,2024-06-30,1,2026-09-13T22:36:23.843165+00:00
GDP_VOLUME_EUROPE,sk:country,2024-Q3,2026-09-13T22:36:23.843165+00:00,23423.7,final,2024-07-01,2024-09-30,1,2026-09-13T22:36:23.843165+00:00
GDP_VOLUME_EUROPE,sk:country,2024-Q4,2026-09-13T22:36:23.843165+00:00,23488.2,final,2024-10-01,2024-12-31,1,2026-09-13T22:36:23.843165+00:00
GDP_VOLUME_EUROPE,sk:country,2025-Q1,2026-09-13T22:36:23.843165+00:00,23522.3,final,2025-01-01,2025-03-31,1,2026-09-13T22:36:23.843165+00:00
GDP_VOLUME_EUROPE,sk:country,2025-Q2,2026-09-13T22:36:23.843165+00:00,23566.2,final,2025-04-01,2025-06-30,1,2026-09-13T22:36:23.843165+00:00
GDP_VOLUME_EUROPE,sk:country,2025-Q3,2026-09-13T22:36:23.843165+00:00,23628.5,final,2025-07-01,2025-09-30,1,2026-09-13T22:36:23.843165+00:00
GDP_VOLUME_EUROPE,sk:country,2025-Q4,2026-09-13T22:36:23.843165+00:00,23685.5,final,2025-10-01,2025-12-31,1,2026-09-13T22:36:23.843165+00:00
GDP_VOLUME_EUROPE,sk:country,2026-Q1,2026-09-13T22:36:23.843165+00:00,23731.5,final,2026-01-01,2026-03-31,1,2026-09-13T22:36:23.843165+00:00
GDP_VOLUME_EUROPE,sk:country,2026-Q2,2026-09-13T22:36:23.843165+00:00,23780.6,final,2026-04-01,2026-06-30,1,2026-09-13T22:36:23.843165+00:00
GDP_VOLUME_EUROPE,tr:country,2008-Q1,2026-09-13T22:36:23.843165+00:00,148228.1,final,2008-01-01,2008-03-31,1,2026-09-13T22:36:23.843165+00:00
GDP_VOLUME_EUROPE,tr:country,2008-Q2,2026-09-13T22:36:23.843165+00:00,142972.4,final,2008-04-01,2008-06-30,1,2026-09-13T22:36:23.843165+00:00
GDP_VOLUME_EUROPE,tr:country,2008-Q3,2026-09-13T22:36:23.843165+00:00,141022.3,final,2008-07-01,2008-09-30,1,2026-09-13T22:36:23.843165+00:00
GDP_VOLUME_EUROPE,tr:country,2008-Q4,2026-09-13T22:36:23.843165+00:00,138708.0,final,2008-10-01,2008-12-31,1,2026-09-13T22:36:23.843165+00:00
GDP_VOLUME_EUROPE,tr:country,2009-Q1,2026-09-13T22:36:23.843165+00:00,129175.9,final,2009-01-01,2009-03-31,1,2026-09-13T22:36:23.843165+00:00
GDP_VOLUME_EUROPE,tr:country,2009-Q2,2026-09-13T22:36:23.843165+00:00,135045.7,final,2009-04-01,2009-06-30,1,2026-09-13T22:36:23.843165+00:00
GDP_VOLUME_EUROPE,tr:country,2009-Q3,2026-09-13T22:36:23.843165+00:00,137961.9,final,2009-07-01,2009-09-30,1,2026-09-13T22:36:23.843165+00:00
GDP_VOLUME_EUROPE,tr:country,2009-Q4,2026-09-13T22:36:23.843165+00:00,140062.2,final,2009-10-01,2009-12-31,1,2026-09-13T22:36:23.843165+00:00
GDP_VOLUME_EUROPE,tr:country,2010-Q1,2026-09-13T22:36:23.843165+00:00,140635.8,final,2010-01-01,2010-03-31,1,2026-09-13T22:36:23.843165+00:00
GDP_VOLUME_EUROPE,tr:country,2010-Q2,2026-09-13T22:36:23.843165+00:00,145202.8,final,2010-04-01,2010-06-30,1,2026-09-13T22:36:23.843165+00:00
GDP_VOLUME_EUROPE,tr:country,2010-Q3,2026-09-13T22:36:23.843165+00:00,149345.8,final,2010-07-01,2010-09-30,1,2026-09-13T22:36:23.843165+00:00
GDP_VOLUME_EUROPE,tr:country,2010-Q4,2026-09-13T22:36:23.843165+00:00,153870.5,final,2010-10-01,2010-12-31,1,2026-09-13T22:36:23.843165+00:00
GDP_VOLUME_EUROPE,tr:country,2011-Q1,2026-09-13T22:36:23.843165+00:00,157942.6,final,2011-01-01,2011-03-31,1,2026-09-13T22:36:23.843165+00:00
GDP_VOLUME_EUROPE,tr:country,2011-Q2,2026-09-13T22:36:23.843165+00:00,160999.0,final,2011-04-01,2011-06-30,1,2026-09-13T22:36:23.843165+00:00
GDP_VOLUME_EUROPE,tr:country,2011-Q3,2026-09-13T22:36:23.843165+00:00,165418.7,final,2011-07-01,2011-09-30,1,2026-09-13T22:36:23.843165+00:00
GDP_VOLUME_EUROPE,tr:country,2011-Q4,2026-09-13T22:36:23.843165+00:00,168122.5,final,2011-10-01,2011-12-31,1,2026-09-13T22:36:23.843165+00:00
GDP_VOLUME_EUROPE,tr:country,2012-Q1,2026-09-13T22:36:23.843165+00:00,167334.6,final,2012-01-01,2012-03-31,1,2026-09-13T22:36:23.843165+00:00
GDP_VOLUME_EUROPE,tr:country,2012-Q2,2026-09-13T22:36:23.843165+00:00,169175.9,final,2012-04-01,2012-06-30,1,2026-09-13T22:36:23.843165+00:00
GDP_VOLUME_EUROPE,tr:country,2012-Q3,2026-09-13T22:36:23.843165+00:00,172180.7,final,2012-07-01,2012-09-30,1,2026-09-13T22:36:23.843165+00:00
GDP_VOLUME_EUROPE,tr:country,2012-Q4,2026-09-13T22:36:23.843165+00:00,175181.2,final,2012-10-01,2012-12-31,1,2026-09-13T22:36:23.843165+00:00
GDP_VOLUME_EUROPE,tr:country,2013-Q1,2026-09-13T22:36:23.843165+00:00,180724.5,final,2013-01-01,2013-03-31,1,2026-09-13T22:36:23.843165+00:00
GDP_VOLUME_EUROPE,tr:country,2013-Q2,2026-09-13T22:36:23.843165+00:00,185979.4,final,2013-04-01,2013-06-30,1,2026-09-13T22:36:23.843165+00:00
GDP_VOLUME_EUROPE,tr:country,2013-Q3,2026-09-13T22:36:23.843165+00:00,187954.6,final,2013-07-01,2013-09-30,1,2026-09-13T22:36:23.843165+00:00
GDP_VOLUME_EUROPE,tr:country,2013-Q4,2026-09-13T22:36:23.843165+00:00,188591.0,final,2013-10-01,2013-12-31,1,2026-09-13T22:36:23.843165+00:00
GDP_VOLUME_EUROPE,tr:country,2014-Q1,2026-09-13T22:36:23.843165+00:00,193349.8,final,2014-01-01,2014-03-31,1,2026-09-13T22:36:23.843165+00:00
GDP_VOLUME_EUROPE,tr:country,2014-Q2,2026-09-13T22:36:23.843165+00:00,191702.1,final,2014-04-01,2014-06-30,1,2026-09-13T22:36:23.843165+00:00
GDP_VOLUME_EUROPE,tr:country,2014-Q3,2026-09-13T22:36:23.843165+00:00,195050.5,final,2014-07-01,2014-09-30,1,2026-09-13T22:36:23.843165+00:00
GDP_VOLUME_EUROPE,tr:country,2014-Q4,2026-09-13T22:36:23.843165+00:00,196967.7,final,2014-10-01,2014-12-31,1,2026-09-13T22:36:23.843165+00:00
GDP_VOLUME_EUROPE,tr:country,2015-Q1,2026-09-13T22:36:23.843165+00:00,200226.0,final,2015-01-01,2015-03-31,1,2026-09-13T22:36:23.843165+00:00
GDP_VOLUME_EUROPE,tr:country,2015-Q2,2026-09-13T22:36:23.843165+00:00,204815.2,final,2015-04-01,2015-06-30,1,2026-09-13T22:36:23.843165+00:00
GDP_VOLUME_EUROPE,tr:country,2015-Q3,2026-09-13T22:36:23.843165+00:00,206582.8,final,2015-07-01,2015-09-30,1,2026-09-13T22:36:23.843165+00:00
GDP_VOLUME_EUROPE,tr:country,2015-Q4,2026-09-13T22:36:23.843165+00:00,210130.1,final,2015-10-01,2015-12-31,1,2026-09-13T22:36:23.843165+00:00
GDP_VOLUME_EUROPE,tr:country,2016-Q1,2026-09-13T22:36:23.843165+00:00,209653.9,final,2016-01-01,2016-03-31,1,2026-09-13T22:36:23.843165+00:00
GDP_VOLUME_EUROPE,tr:country,2016-Q2,2026-09-13T22:36:23.843165+00:00,212888.7,final,2016-04-01,2016-06-30,1,2026-09-13T22:36:23.843165+00:00
GDP_VOLUME_EUROPE,tr:country,2016-Q3,2026-09-13T22:36:23.843165+00:00,207057.7,final,2016-07-01,2016-09-30,1,2026-09-13T22:36:23.843165+00:00
GDP_VOLUME_EUROPE,tr:country,2016-Q4,2026-09-13T22:36:23.843165+00:00,218964.4,final,2016-10-01,2016-12-31,1,2026-09-13T22:36:23.843165+00:00
GDP_VOLUME_EUROPE,tr:country,2017-Q1,2026-09-13T22:36:23.843165+00:00,220685.0,final,2017-01-01,2017-03-31,1,2026-09-13T22:36:23.843165+00:00
GDP_VOLUME_EUROPE,tr:country,2017-Q2,2026-09-13T22:36:23.843165+00:00,226056.3,final,2017-04-01,2017-06-30,1,2026-09-13T22:36:23.843165+00:00
GDP_VOLUME_EUROPE,tr:country,2017-Q3,2026-09-13T22:36:23.843165+00:00,231902.3,final,2017-07-01,2017-09-30,1,2026-09-13T22:36:23.843165+00:00
GDP_VOLUME_EUROPE,tr:country,2017-Q4,2026-09-13T22:36:23.843165+00:00,235643.6,final,2017-10-01,2017-12-31,1,2026-09-13T22:36:23.843165+00:00
GDP_VOLUME_EUROPE,tr:country,2018-Q1,2026-09-13T22:36:23.843165+00:00,239089.6,final,2018-01-01,2018-03-31,1,2026-09-13T22:36:23.843165+00:00
GDP_VOLUME_EUROPE,tr:country,2018-Q2,2026-09-13T22:36:23.843165+00:00,239522.1,final,2018-04-01,2018-06-30,1,2026-09-13T22:36:23.843165+00:00
GDP_VOLUME_EUROPE,tr:country,2018-Q3,2026-09-13T22:36:23.843165+00:00,237844.9,final,2018-07-01,2018-09-30,1,2026-09-13T22:36:23.843165+00:00
GDP_VOLUME_EUROPE,tr:country,2018-Q4,2026-09-13T22:36:23.843165+00:00,230599.7,final,2018-10-01,2018-12-31,1,2026-09-13T22:36:23.843165+00:00
GDP_VOLUME_EUROPE,tr:country,2019-Q1,2026-09-13T22:36:23.843165+00:00,235294.4,final,2019-01-01,2019-03-31,1,2026-09-13T22:36:23.843165+00:00
GDP_VOLUME_EUROPE,tr:country,2019-Q2,2026-09-13T22:36:23.843165+00:00,240439.0,final,2019-04-01,2019-06-30,1,2026-09-13T22:36:23.843165+00:00
GDP_VOLUME_EUROPE,tr:country,2019-Q3,2026-09-13T22:36:23.843165+00:00,240498.3,final,2019-07-01,2019-09-30,1,2026-09-13T22:36:23.843165+00:00
GDP_VOLUME_EUROPE,tr:country,2019-Q4,2026-09-13T22:36:23.843165+00:00,244256.3,final,2019-10-01,2019-12-31,1,2026-09-13T22:36:23.843165+00:00
GDP_VOLUME_EUROPE,tr:country,2020-Q1,2026-09-13T22:36:23.843165+00:00,245118.2,final,2020-01-01,2020-03-31,1,2026-09-13T22:36:23.843165+00:00
GDP_VOLUME_EUROPE,tr:country,2020-Q2,2026-09-13T22:36:23.843165+00:00,219673.5,final,2020-04-01,2020-06-30,1,2026-09-13T22:36:23.843165+00:00
GDP_VOLUME_EUROPE,tr:country,2020-Q3,2026-09-13T22:36:23.843165+00:00,254107.5,final,2020-07-01,2020-09-30,1,2026-09-13T22:36:23.843165+00:00
GDP_VOLUME_EUROPE,tr:country,2020-Q4,2026-09-13T22:36:23.843165+00:00,257331.3,final,2020-10-01,2020-12-31,1,2026-09-13T22:36:23.843165+00:00
GDP_VOLUME_EUROPE,tr:country,2021-Q1,2026-09-13T22:36:23.843165+00:00,264229.3,final,2021-01-01,2021-03-31,1,2026-09-13T22:36:23.843165+00:00
GDP_VOLUME_EUROPE,tr:country,2021-Q2,2026-09-13T22:36:23.843165+00:00,268463.6,final,2021-04-01,2021-06-30,1,2026-09-13T22:36:23.843165+00:00
GDP_VOLUME_EUROPE,tr:country,2021-Q3,2026-09-13T22:36:23.843165+00:00,277886.8,final,2021-07-01,2021-09-30,1,2026-09-13T22:36:23.843165+00:00
GDP_VOLUME_EUROPE,tr:country,2021-Q4,2026-09-13T22:36:23.843165+00:00,282985.2,final,2021-10-01,2021-12-31,1,2026-09-13T22:36:23.843165+00:00
GDP_VOLUME_EUROPE,tr:country,2022-Q1,2026-09-13T22:36:23.843165+00:00,282152.2,final,2022-01-01,2022-03-31,1,2026-09-13T22:36:23.843165+00:00
GDP_VOLUME_EUROPE,tr:country,2022-Q2,2026-09-13T22:36:23.843165+00:00,286893.0,final,2022-04-01,2022-06-30,1,2026-09-13T22:36:23.843165+00:00
GDP_VOLUME_EUROPE,tr:country,2022-Q3,2026-09-13T22:36:23.843165+00:00,289481.1,final,2022-07-01,2022-09-30,1,2026-09-13T22:36:23.843165+00:00
GDP_VOLUME_EUROPE,tr:country,2022-Q4,2026-09-13T22:36:23.843165+00:00,292294.3,final,2022-10-01,2022-12-31,1,2026-09-13T22:36:23.843165+00:00
GDP_VOLUME_EUROPE,tr:country,2023-Q1,2026-09-13T22:36:23.843165+00:00,290016.6,final,2023-01-01,2023-03-31,1,2026-09-13T22:36:23.843165+00:00
GDP_VOLUME_EUROPE,tr:country,2023-Q2,2026-09-13T22:36:23.843165+00:00,303787.8,final,2023-04-01,2023-06-30,1,2026-09-13T22:36:23.843165+00:00
GDP_VOLUME_EUROPE,tr:country,2023-Q3,2026-09-13T22:36:23.843165+00:00,306154.6,final,2023-07-01,2023-09-30,1,2026-09-13T22:36:23.843165+00:00
GDP_VOLUME_EUROPE,tr:country,2023-Q4,2026-09-13T22:36:23.843165+00:00,308206.3,final,2023-10-01,2023-12-31,1,2026-09-13T22:36:23.843165+00:00
GDP_VOLUME_EUROPE,tr:country,2024-Q1,2026-09-13T22:36:23.843165+00:00,310827.5,final,2024-01-01,2024-03-31,1,2026-09-13T22:36:23.843165+00:00
GDP_VOLUME_EUROPE,tr:country,2024-Q2,2026-09-13T22:36:23.843165+00:00,310442.9,final,2024-04-01,2024-06-30,1,2026-09-13T22:36:23.843165+00:00
GDP_VOLUME_EUROPE,tr:country,2024-Q3,2026-09-13T22:36:23.843165+00:00,312401.3,final,2024-07-01,2024-09-30,1,2026-09-13T22:36:23.843165+00:00
GDP_VOLUME_EUROPE,tr:country,2024-Q4,2026-09-13T22:36:23.843165+00:00,316508.8,final,2024-10-01,2024-12-31,1,2026-09-13T22:36:23.843165+00:00
GDP_VOLUME_EUROPE,tr:country,2025-Q1,2026-09-13T22:36:23.843165+00:00,318842.8,final,2025-01-01,2025-03-31,1,2026-09-13T22:36:23.843165+00:00
GDP_VOLUME_EUROPE,tr:country,2025-Q2,2026-09-13T22:36:23.843165+00:00,322964.2,final,2025-04-01,2025-06-30,1,2026-09-13T22:36:23.843165+00:00
GDP_VOLUME_EUROPE,tr:country,2025-Q3,2026-09-13T22:36:23.843165+00:00,326191.2,final,2025-07-01,2025-09-30,1,2026-09-13T22:36:23.843165+00:00
GDP_VOLUME_EUROPE,tr:country,2025-Q4,2026-09-13T22:36:23.843165+00:00,327443.5,final,2025-10-01,2025-12-31,1,2026-09-13T22:36:23.843165+00:00
GDP_VOLUME_EUROPE,tr:country,2026-Q1,2026-09-13T22:36:23.843165+00:00,327873.5,final,2026-01-01,2026-03-31,1,2026-09-13T22:36:23.843165+00:00
