indicator_id,geo_id,period,vintage,value,status,period_start,period_end,is_latest,created_at
GOV_DEBT_QUARTERLY_EUROPE,at:country,2008-Q1,2026-09-15T16:23:28.567411+00:00,67.5,final,2008-01-01,2008-03-31,1,2026-09-15T16:23:28.567411+00:00
GOV_DEBT_QUARTERLY_EUROPE,at:country,2008-Q2,2026-09-15T16:23:28.567411+00:00,67.1,final,2008-04-01,2008-06-30,1,2026-09-15T16:23:28.567411+00:00
GOV_DEBT_QUARTERLY_EUROPE,at:country,2008-Q3,2026-09-15T16:23:28.567411+00:00,67.2,final,2008-07-01,2008-09-30,1,2026-09-15T16:23:28.567411+00:00
GOV_DEBT_QUARTERLY_EUROPE,at:country,2008-Q4,2026-09-15T16:23:28.567411+00:00,69.5,final,2008-10-01,2008-12-31,1,2026-09-15T16:23:28.567411+00:00
GOV_DEBT_QUARTERLY_EUROPE,at:country,2009-Q1,2026-09-15T16:23:28.567411+00:00,73.2,final,2009-01-01,2009-03-31,1,2026-09-15T16:23:28.567411+00:00
GOV_DEBT_QUARTERLY_EUROPE,at:country,2009-Q2,2026-09-15T16:23:28.567411+00:00,75.4,final,2009-04-01,2009-06-30,1,2026-09-15T16:23:28.567411+00:00
GOV_DEBT_QUARTERLY_EUROPE,at:country,2009-Q3,2026-09-15T16:23:28.567411+00:00,74.5,final,2009-07-01,2009-09-30,1,2026-09-15T16:23:28.567411+00:00
GOV_DEBT_QUARTERLY_EUROPE,at:country,2009-Q4,2026-09-15T16:23:28.567411+00:00,80.8,final,2009-10-01,2009-12-31,1,2026-09-15T16:23:28.567411+00:00
GOV_DEBT_QUARTERLY_EUROPE,at:country,2010-Q1,2026-09-15T16:23:28.567411+00:00,81.3,final,2010-01-01,2010-03-31,1,2026-09-15T16:23:28.567411+00:00
GOV_DEBT_QUARTERLY_EUROPE,at:country,2010-Q2,2026-09-15T16:23:28.567411+00:00,84.1,final,2010-04-01,2010-06-30,1,2026-09-15T16:23:28.567411+00:00
GOV_DEBT_QUARTERLY_EUROPE,at:country,2010-Q3,2026-09-15T16:23:28.567411+00:00,84.3,final,2010-07-01,2010-09-30,1,2026-09-15T16:23:28.567411+00:00
GOV_DEBT_QUARTERLY_EUROPE,at:country,2010-Q4,2026-09-15T16:23:28.567411+00:00,83.7,final,2010-10-01,2010-12-31,1,2026-09-15T16:23:28.567411+00:00
GOV_DEBT_QUARTERLY_EUROPE,at:country,2011-Q1,2026-09-15T16:23:28.567411+00:00,83.2,final,2011-01-01,2011-03-31,1,2026-09-15T16:23:28.567411+00:00
GOV_DEBT_QUARTERLY_EUROPE,at:country,2011-Q2,2026-09-15T16:23:28.567411+00:00,83.1,final,2011-04-01,2011-06-30,1,2026-09-15T16:23:28.567411+00:00
GOV_DEBT_QUARTERLY_EUROPE,at:country,2011-Q3,2026-09-15T16:23:28.567411+00:00,82.7,final,2011-07-01,2011-09-30,1,2026-09-15T16:23:28.567411+00:00
GOV_DEBT_QUARTERLY_EUROPE,at:country,2011-Q4,2026-09-15T16:23:28.567411+00:00,83.4,final,2011-10-01,2011-12-31,1,2026-09-15T16:23:28.567411+00:00
GOV_DEBT_QUARTERLY_EUROPE,at:country,2012-Q1,2026-09-15T16:23:28.567411+00:00,84.3,final,2012-01-01,2012-03-31,1,2026-09-15T16:23:28.567411+00:00
GOV_DEBT_QUARTERLY_EUROPE,at:country,2012-Q2,2026-09-15T16:23:28.567411+00:00,85.3,final,2012-04-01,2012-06-30,1,2026-09-15T16:23:28.567411+00:00
GOV_DEBT_QUARTERLY_EUROPE,at:country,2012-Q3,2026-09-15T16:23:28.567411+00:00,83.7,final,2012-07-01,2012-09-30,1,2026-09-15T16:23:28.567411+00:00
GOV_DEBT_QUARTERLY_EUROPE,at:country,2012-Q4,2026-09-15T16:23:28.567411+00:00,82.9,final,2012-10-01,2012-12-31,1,2026-09-15T16:23:28.567411+00:00
GOV_DEBT_QUARTERLY_EUROPE,at:country,2013-Q1,2026-09-15T16:23:28.567411+00:00,83.9,final,2013-01-01,2013-03-31,1,2026-09-15T16:23:28.567411+00:00
GOV_DEBT_QUARTERLY_EUROPE,at:country,2013-Q2,2026-09-15T16:23:28.567411+00:00,83.7,final,2013-04-01,2013-06-30,1,2026-09-15T16:23:28.567411+00:00
GOV_DEBT_QUARTERLY_EUROPE,at:country,2013-Q3,2026-09-15T16:23:28.567411+00:00,85.3,final,2013-07-01,2013-09-30,1,2026-09-15T16:23:28.567411+00:00
GOV_DEBT_QUARTERLY_EUROPE,at:country,2013-Q4,2026-09-15T16:23:28.567411+00:00,82.4,final,2013-10-01,2013-12-31,1,2026-09-15T16:23:28.567411+00:00
GOV_DEBT_QUARTERLY_EUROPE,at:country,2014-Q1,2026-09-15T16:23:28.567411+00:00,82.6,final,2014-01-01,2014-03-31,1,2026-09-15T16:23:28.567411+00:00
GOV_DEBT_QUARTERLY_EUROPE,at:country,2014-Q2,2026-09-15T16:23:28.567411+00:00,83.7,final,2014-04-01,2014-06-30,1,2026-09-15T16:23:28.567411+00:00
GOV_DEBT_QUARTERLY_EUROPE,at:country,2014-Q3,2026-09-15T16:23:28.567411+00:00,82.1,final,2014-07-01,2014-09-30,1,2026-09-15T16:23:28.567411+00:00
GOV_DEBT_QUARTERLY_EUROPE,at:country,2014-Q4,2026-09-15T16:23:28.567411+00:00,85.2,final,2014-10-01,2014-12-31,1,2026-09-15T16:23:28.567411+00:00
GOV_DEBT_QUARTERLY_EUROPE,at:country,2015-Q1,2026-09-15T16:23:28.567411+00:00,85.7,final,2015-01-01,2015-03-31,1,2026-09-15T16:23:28.567411+00:00
GOV_DEBT_QUARTERLY_EUROPE,at:country,2015-Q2,2026-09-15T16:23:28.567411+00:00,86.7,final,2015-04-01,2015-06-30,1,2026-09-15T16:23:28.567411+00:00
GOV_DEBT_QUARTERLY_EUROPE,at:country,2015-Q3,2026-09-15T16:23:28.567411+00:00,86.8,final,2015-07-01,2015-09-30,1,2026-09-15T16:23:28.567411+00:00
GOV_DEBT_QUARTERLY_EUROPE,at:country,2015-Q4,2026-09-15T16:23:28.567411+00:00,85.6,final,2015-10-01,2015-12-31,1,2026-09-15T16:23:28.567411+00:00
GOV_DEBT_QUARTERLY_EUROPE,at:country,2016-Q1,2026-09-15T16:23:28.567411+00:00,86.2,final,2016-01-01,2016-03-31,1,2026-09-15T16:23:28.567411+00:00
GOV_DEBT_QUARTERLY_EUROPE,at:country,2016-Q2,2026-09-15T16:23:28.567411+00:00,85.2,final,2016-04-01,2016-06-30,1,2026-09-15T16:23:28.567411+00:00
GOV_DEBT_QUARTERLY_EUROPE,at:country,2016-Q3,2026-09-15T16:23:28.567411+00:00,82.7,final,2016-07-01,2016-09-30,1,2026-09-15T16:23:28.567411+00:00
GOV_DEBT_QUARTERLY_EUROPE,at:country,2016-Q4,2026-09-15T16:23:28.567411+00:00,83.4,final,2016-10-01,2016-12-31,1,2026-09-15T16:23:28.567411+00:00
GOV_DEBT_QUARTERLY_EUROPE,at:country,2017-Q1,2026-09-15T16:23:28.567411+00:00,81.9,final,2017-01-01,2017-03-31,1,2026-09-15T16:23:28.567411+00:00
GOV_DEBT_QUARTERLY_EUROPE,at:country,2017-Q2,2026-09-15T16:23:28.567411+00:00,81.8,final,2017-04-01,2017-06-30,1,2026-09-15T16:23:28.567411+00:00
GOV_DEBT_QUARTERLY_EUROPE,at:country,2017-Q3,2026-09-15T16:23:28.567411+00:00,80.7,final,2017-07-01,2017-09-30,1,2026-09-15T16:23:28.567411+00:00
GOV_DEBT_QUARTERLY_EUROPE,at:country,2017-Q4,2026-09-15T16:23:28.567411+00:00,79.1,final,2017-10-01,2017-12-31,1,2026-09-15T16:23:28.567411+00:00
GOV_DEBT_QUARTERLY_EUROPE,at:country,2018-Q1,2026-09-15T16:23:28.567411+00:00,78.0,final,2018-01-01,2018-03-31,1,2026-09-15T16:23:28.567411+00:00
GOV_DEBT_QUARTERLY_EUROPE,at:country,2018-Q2,2026-09-15T16:23:28.567411+00:00,77.3,final,2018-04-01,2018-06-30,1,2026-09-15T16:23:28.567411+00:00
GOV_DEBT_QUARTERLY_EUROPE,at:country,2018-Q3,2026-09-15T16:23:28.567411+00:00,76.4,final,2018-07-01,2018-09-30,1,2026-09-15T16:23:28.567411+00:00
GOV_DEBT_QUARTERLY_EUROPE,at:country,2018-Q4,2026-09-15T16:23:28.567411+00:00,74.6,final,2018-10-01,2018-12-31,1,2026-09-15T16:23:28.567411+00:00
GOV_DEBT_QUARTERLY_EUROPE,at:country,2019-Q1,2026-09-15T16:23:28.567411+00:00,73.4,final,2019-01-01,2019-03-31,1,2026-09-15T16:23:28.567411+00:00
GOV_DEBT_QUARTERLY_EUROPE,at:country,2019-Q2,2026-09-15T16:23:28.567411+00:00,72.4,final,2019-04-01,2019-06-30,1,2026-09-15T16:23:28.567411+00:00
GOV_DEBT_QUARTERLY_EUROPE,at:country,2019-Q3,2026-09-15T16:23:28.567411+00:00,71.7,final,2019-07-01,2019-09-30,1,2026-09-15T16:23:28.567411+00:00
GOV_DEBT_QUARTERLY_EUROPE,at:country,2019-Q4,2026-09-15T16:23:28.567411+00:00,71.0,final,2019-10-01,2019-12-31,1,2026-09-15T16:23:28.567411+00:00
GOV_DEBT_QUARTERLY_EUROPE,at:country,2020-Q1,2026-09-15T16:23:28.567411+00:00,73.3,final,2020-01-01,2020-03-31,1,2026-09-15T16:23:28.567411+00:00
GOV_DEBT_QUARTERLY_EUROPE,at:country,2020-Q2,2026-09-15T16:23:28.567411+00:00,82.3,final,2020-04-01,2020-06-30,1,2026-09-15T16:23:28.567411+00:00
GOV_DEBT_QUARTERLY_EUROPE,at:country,2020-Q3,2026-09-15T16:23:28.567411+00:00,78.6,final,2020-07-01,2020-09-30,1,2026-09-15T16:23:28.567411+00:00
GOV_DEBT_QUARTERLY_EUROPE,at:country,2020-Q4,2026-09-15T16:23:28.567411+00:00,83.2,final,2020-10-01,2020-12-31,1,2026-09-15T16:23:28.567411+00:00
GOV_DEBT_QUARTERLY_EUROPE,at:country,2021-Q1,2026-09-15T16:23:28.567411+00:00,87.0,final,2021-01-01,2021-03-31,1,2026-09-15T16:23:28.567411+00:00
GOV_DEBT_QUARTERLY_EUROPE,at:country,2021-Q2,2026-09-15T16:23:28.567411+00:00,85.9,final,2021-04-01,2021-06-30,1,2026-09-15T16:23:28.567411+00:00
GOV_DEBT_QUARTERLY_EUROPE,at:country,2021-Q3,2026-09-15T16:23:28.567411+00:00,84.0,final,2021-07-01,2021-09-30,1,2026-09-15T16:23:28.567411+00:00
GOV_DEBT_QUARTERLY_EUROPE,at:country,2021-Q4,2026-09-15T16:23:28.567411+00:00,82.4,final,2021-10-01,2021-12-31,1,2026-09-15T16:23:28.567411+00:00
GOV_DEBT_QUARTERLY_EUROPE,at:country,2022-Q1,2026-09-15T16:23:28.567411+00:00,83.2,final,2022-01-01,2022-03-31,1,2026-09-15T16:23:28.567411+00:00
GOV_DEBT_QUARTERLY_EUROPE,at:country,2022-Q2,2026-09-15T16:23:28.567411+00:00,82.3,final,2022-04-01,2022-06-30,1,2026-09-15T16:23:28.567411+00:00
GOV_DEBT_QUARTERLY_EUROPE,at:country,2022-Q3,2026-09-15T16:23:28.567411+00:00,80.9,final,2022-07-01,2022-09-30,1,2026-09-15T16:23:28.567411+00:00
GOV_DEBT_QUARTERLY_EUROPE,at:country,2022-Q4,2026-09-15T16:23:28.567411+00:00,78.1,final,2022-10-01,2022-12-31,1,2026-09-15T16:23:28.567411+00:00
GOV_DEBT_QUARTERLY_EUROPE,at:country,2023-Q1,2026-09-15T16:23:28.567411+00:00,79.9,final,2023-01-01,2023-03-31,1,2026-09-15T16:23:28.567411+00:00
GOV_DEBT_QUARTERLY_EUROPE,at:country,2023-Q2,2026-09-15T16:23:28.567411+00:00,78.3,final,2023-04-01,2023-06-30,1,2026-09-15T16:23:28.567411+00:00
GOV_DEBT_QUARTERLY_EUROPE,at:country,2023-Q3,2026-09-15T16:23:28.567411+00:00,78.2,final,2023-07-01,2023-09-30,1,2026-09-15T16:23:28.567411+00:00
GOV_DEBT_QUARTERLY_EUROPE,at:country,2023-Q4,2026-09-15T16:23:28.567411+00:00,77.8,final,2023-10-01,2023-12-31,1,2026-09-15T16:23:28.567411+00:00
GOV_DEBT_QUARTERLY_EUROPE,at:country,2024-Q1,2026-09-15T16:23:28.567411+00:00,79.9,final,2024-01-01,2024-03-31,1,2026-09-15T16:23:28.567411+00:00
GOV_DEBT_QUARTERLY_EUROPE,at:country,2024-Q2,2026-09-15T16:23:28.567411+00:00,81.6,final,2024-04-01,2024-06-30,1,2026-09-15T16:23:28.567411+00:00
GOV_DEBT_QUARTERLY_EUROPE,at:country,2024-Q3,2026-09-15T16:23:28.567411+00:00,81.6,final,2024-07-01,2024-09-30,1,2026-09-15T16:23:28.567411+00:00
GOV_DEBT_QUARTERLY_EUROPE,at:country,2024-Q4,2026-09-15T16:23:28.567411+00:00,80.0,final,2024-10-01,2024-12-31,1,2026-09-15T16:23:28.567411+00:00
GOV_DEBT_QUARTERLY_EUROPE,at:country,2025-Q1,2026-09-15T16:23:28.567411+00:00,83.0,final,2025-01-01,2025-03-31,1,2026-09-15T16:23:28.567411+00:00
GOV_DEBT_QUARTERLY_EUROPE,at:country,2025-Q2,2026-09-15T16:23:28.567411+00:00,82.0,final,2025-04-01,2025-06-30,1,2026-09-15T16:23:28.567411+00:00
GOV_DEBT_QUARTERLY_EUROPE,at:country,2025-Q3,2026-09-15T16:23:28.567411+00:00,83.4,final,2025-07-01,2025-09-30,1,2026-09-15T16:23:28.567411+00:00
GOV_DEBT_QUARTERLY_EUROPE,at:country,2025-Q4,2026-09-15T16:23:28.567411+00:00,81.3,final,2025-10-01,2025-12-31,1,2026-09-15T16:23:28.567411+00:00
GOV_DEBT_QUARTERLY_EUROPE,at:country,2026-Q1,2026-09-15T16:23:28.567411+00:00,83.3,provisional,2026-01-01,2026-03-31,1,2026-09-15T16:23:28.567411+00:00
GOV_DEBT_QUARTERLY_EUROPE,be:country,2008-Q1,2026-09-15T16:23:28.567411+00:00,90.8,final,2008-01-01,2008-03-31,1,2026-09-15T16:23:28.567411+00:00
GOV_DEBT_QUARTERLY_EUROPE,be:country,2008-Q2,2026-09-15T16:23:28.567411+00:00,89.7,final,2008-04-01,2008-06-30,1,2026-09-15T16:23:28.567411+00:00
GOV_DEBT_QUARTERLY_EUROPE,be:country,2008-Q3,2026-09-15T16:23:28.567411+00:00,90.7,final,2008-07-01,2008-09-30,1,2026-09-15T16:23:28.567411+00:00
GOV_DEBT_QUARTERLY_EUROPE,be:country,2008-Q4,2026-09-15T16:23:28.567411+00:00,93.2,final,2008-10-01,2008-12-31,1,2026-09-15T16:23:28.567411+00:00
GOV_DEBT_QUARTERLY_EUROPE,be:country,2009-Q1,2026-09-15T16:23:28.567411+00:00,99.2,final,2009-01-01,2009-03-31,1,2026-09-15T16:23:28.567411+00:00
GOV_DEBT_QUARTERLY_EUROPE,be:country,2009-Q2,2026-09-15T16:23:28.567411+00:00,100.8,final,2009-04-01,2009-06-30,1,2026-09-15T16:23:28.567411+00:00
GOV_DEBT_QUARTERLY_EUROPE,be:country,2009-Q3,2026-09-15T16:23:28.567411+00:00,102.8,final,2009-07-01,2009-09-30,1,2026-09-15T16:23:28.567411+00:00
GOV_DEBT_QUARTERLY_EUROPE,be:country,2009-Q4,2026-09-15T16:23:28.567411+00:00,99.9,final,2009-10-01,2009-12-31,1,2026-09-15T16:23:28.567411+00:00
GOV_DEBT_QUARTERLY_EUROPE,be:country,2010-Q1,2026-09-15T16:23:28.567411+00:00,103.8,final,2010-01-01,2010-03-31,1,2026-09-15T16:23:28.567411+00:00
GOV_DEBT_QUARTERLY_EUROPE,be:country,2010-Q2,2026-09-15T16:23:28.567411+00:00,103.9,final,2010-04-01,2010-06-30,1,2026-09-15T16:23:28.567411+00:00
GOV_DEBT_QUARTERLY_EUROPE,be:country,2010-Q3,2026-09-15T16:23:28.567411+00:00,102.8,final,2010-07-01,2010-09-30,1,2026-09-15T16:23:28.567411+00:00
GOV_DEBT_QUARTERLY_EUROPE,be:country,2010-Q4,2026-09-15T16:23:28.567411+00:00,100.3,final,2010-10-01,2010-12-31,1,2026-09-15T16:23:28.567411+00:00
GOV_DEBT_QUARTERLY_EUROPE,be:country,2011-Q1,2026-09-15T16:23:28.567411+00:00,103.6,final,2011-01-01,2011-03-31,1,2026-09-15T16:23:28.567411+00:00
GOV_DEBT_QUARTERLY_EUROPE,be:country,2011-Q2,2026-09-15T16:23:28.567411+00:00,102.3,final,2011-04-01,2011-06-30,1,2026-09-15T16:23:28.567411+00:00
GOV_DEBT_QUARTERLY_EUROPE,be:country,2011-Q3,2026-09-15T16:23:28.567411+00:00,103.0,final,2011-07-01,2011-09-30,1,2026-09-15T16:23:28.567411+00:00
GOV_DEBT_QUARTERLY_EUROPE,be:country,2011-Q4,2026-09-15T16:23:28.567411+00:00,102.8,final,2011-10-01,2011-12-31,1,2026-09-15T16:23:28.567411+00:00
GOV_DEBT_QUARTERLY_EUROPE,be:country,2012-Q1,2026-09-15T16:23:28.567411+00:00,106.1,final,2012-01-01,2012-03-31,1,2026-09-15T16:23:28.567411+00:00
GOV_DEBT_QUARTERLY_EUROPE,be:country,2012-Q2,2026-09-15T16:23:28.567411+00:00,107.0,final,2012-04-01,2012-06-30,1,2026-09-15T16:23:28.567411+00:00
GOV_DEBT_QUARTERLY_EUROPE,be:country,2012-Q3,2026-09-15T16:23:28.567411+00:00,106.2,final,2012-07-01,2012-09-30,1,2026-09-15T16:23:28.567411+00:00
GOV_DEBT_QUARTERLY_EUROPE,be:country,2012-Q4,2026-09-15T16:23:28.567411+00:00,104.4,final,2012-10-01,2012-12-31,1,2026-09-15T16:23:28.567411+00:00
GOV_DEBT_QUARTERLY_EUROPE,be:country,2013-Q1,2026-09-15T16:23:28.567411+00:00,109.1,final,2013-01-01,2013-03-31,1,2026-09-15T16:23:28.567411+00:00
GOV_DEBT_QUARTERLY_EUROPE,be:country,2013-Q2,2026-09-15T16:23:28.567411+00:00,109.7,final,2013-04-01,2013-06-30,1,2026-09-15T16:23:28.567411+00:00
GOV_DEBT_QUARTERLY_EUROPE,be:country,2013-Q3,2026-09-15T16:23:28.567411+00:00,108.6,final,2013-07-01,2013-09-30,1,2026-09-15T16:23:28.567411+00:00
GOV_DEBT_QUARTERLY_EUROPE,be:country,2013-Q4,2026-09-15T16:23:28.567411+00:00,105.1,final,2013-10-01,2013-12-31,1,2026-09-15T16:23:28.567411+00:00
GOV_DEBT_QUARTERLY_EUROPE,be:country,2014-Q1,2026-09-15T16:23:28.567411+00:00,109.6,final,2014-01-01,2014-03-31,1,2026-09-15T16:23:28.567411+00:00
GOV_DEBT_QUARTERLY_EUROPE,be:country,2014-Q2,2026-09-15T16:23:28.567411+00:00,109.9,final,2014-04-01,2014-06-30,1,2026-09-15T16:23:28.567411+00:00
GOV_DEBT_QUARTERLY_EUROPE,be:country,2014-Q3,2026-09-15T16:23:28.567411+00:00,109.2,final,2014-07-01,2014-09-30,1,2026-09-15T16:23:28.567411+00:00
GOV_DEBT_QUARTERLY_EUROPE,be:country,2014-Q4,2026-09-15T16:23:28.567411+00:00,106.6,final,2014-10-01,2014-12-31,1,2026-09-15T16:23:28.567411+00:00
GOV_DEBT_QUARTERLY_EUROPE,be:country,2015-Q1,2026-09-15T16:23:28.567411+00:00,110.6,final,2015-01-01,2015-03-31,1,2026-09-15T16:23:28.567411+00:00
GOV_DEBT_QUARTERLY_EUROPE,be:country,2015-Q2,2026-09-15T16:23:28.567411+00:00,108.9,final,2015-04-01,2015-06-30,1,2026-09-15T16:23:28.567411+00:00
GOV_DEBT_QUARTERLY_EUROPE,be:country,2015-Q3,2026-09-15T16:23:28.567411+00:00,108.5,final,2015-07-01,2015-09-30,1,2026-09-15T16:23:28.567411+00:00
GOV_DEBT_QUARTERLY_EUROPE,be:country,2015-Q4,2026-09-15T16:23:28.567411+00:00,105.7,final,2015-10-01,2015-12-31,1,2026-09-15T16:23:28.567411+00:00
GOV_DEBT_QUARTERLY_EUROPE,be:country,2016-Q1,2026-09-15T16:23:28.567411+00:00,108.8,final,2016-01-01,2016-03-31,1,2026-09-15T16:23:28.567411+00:00
GOV_DEBT_QUARTERLY_EUROPE,be:country,2016-Q2,2026-09-15T16:23:28.567411+00:00,109.0,final,2016-04-01,2016-06-30,1,2026-09-15T16:23:28.567411+00:00
GOV_DEBT_QUARTERLY_EUROPE,be:country,2016-Q3,2026-09-15T16:23:28.567411+00:00,108.3,final,2016-07-01,2016-09-30,1,2026-09-15T16:23:28.567411+00:00
GOV_DEBT_QUARTERLY_EUROPE,be:country,2016-Q4,2026-09-15T16:23:28.567411+00:00,105.8,final,2016-10-01,2016-12-31,1,2026-09-15T16:23:28.567411+00:00
GOV_DEBT_QUARTERLY_EUROPE,be:country,2017-Q1,2026-09-15T16:23:28.567411+00:00,106.8,final,2017-01-01,2017-03-31,1,2026-09-15T16:23:28.567411+00:00
GOV_DEBT_QUARTERLY_EUROPE,be:country,2017-Q2,2026-09-15T16:23:28.567411+00:00,105.5,final,2017-04-01,2017-06-30,1,2026-09-15T16:23:28.567411+00:00
GOV_DEBT_QUARTERLY_EUROPE,be:country,2017-Q3,2026-09-15T16:23:28.567411+00:00,106.4,final,2017-07-01,2017-09-30,1,2026-09-15T16:23:28.567411+00:00
GOV_DEBT_QUARTERLY_EUROPE,be:country,2017-Q4,2026-09-15T16:23:28.567411+00:00,102.6,final,2017-10-01,2017-12-31,1,2026-09-15T16:23:28.567411+00:00
GOV_DEBT_QUARTERLY_EUROPE,be:country,2018-Q1,2026-09-15T16:23:28.567411+00:00,105.5,final,2018-01-01,2018-03-31,1,2026-09-15T16:23:28.567411+00:00
GOV_DEBT_QUARTERLY_EUROPE,be:country,2018-Q2,2026-09-15T16:23:28.567411+00:00,104.6,final,2018-04-01,2018-06-30,1,2026-09-15T16:23:28.567411+00:00
GOV_DEBT_QUARTERLY_EUROPE,be:country,2018-Q3,2026-09-15T16:23:28.567411+00:00,103.9,final,2018-07-01,2018-09-30,1,2026-09-15T16:23:28.567411+00:00
GOV_DEBT_QUARTERLY_EUROPE,be:country,2018-Q4,2026-09-15T16:23:28.567411+00:00,100.2,final,2018-10-01,2018-12-31,1,2026-09-15T16:23:28.567411+00:00
GOV_DEBT_QUARTERLY_EUROPE,be:country,2019-Q1,2026-09-15T16:23:28.567411+00:00,103.1,final,2019-01-01,2019-03-31,1,2026-09-15T16:23:28.567411+00:00
GOV_DEBT_QUARTERLY_EUROPE,be:country,2019-Q2,2026-09-15T16:23:28.567411+00:00,102.1,final,2019-04-01,2019-06-30,1,2026-09-15T16:23:28.567411+00:00
GOV_DEBT_QUARTERLY_EUROPE,be:country,2019-Q3,2026-09-15T16:23:28.567411+00:00,101.5,final,2019-07-01,2019-09-30,1,2026-09-15T16:23:28.567411+00:00
GOV_DEBT_QUARTERLY_EUROPE,be:country,2019-Q4,2026-09-15T16:23:28.567411+00:00,97.7,final,2019-10-01,2019-12-31,1,2026-09-15T16:23:28.567411+00:00
GOV_DEBT_QUARTERLY_EUROPE,be:country,2020-Q1,2026-09-15T16:23:28.567411+00:00,102.3,final,2020-01-01,2020-03-31,1,2026-09-15T16:23:28.567411+00:00
GOV_DEBT_QUARTERLY_EUROPE,be:country,2020-Q2,2026-09-15T16:23:28.567411+00:00,112.1,final,2020-04-01,2020-06-30,1,2026-09-15T16:23:28.567411+00:00
GOV_DEBT_QUARTERLY_EUROPE,be:country,2020-Q3,2026-09-15T16:23:28.567411+00:00,110.8,final,2020-07-01,2020-09-30,1,2026-09-15T16:23:28.567411+00:00
GOV_DEBT_QUARTERLY_EUROPE,be:country,2020-Q4,2026-09-15T16:23:28.567411+00:00,111.4,final,2020-10-01,2020-12-31,1,2026-09-15T16:23:28.567411+00:00
GOV_DEBT_QUARTERLY_EUROPE,be:country,2021-Q1,2026-09-15T16:23:28.567411+00:00,115.4,final,2021-01-01,2021-03-31,1,2026-09-15T16:23:28.567411+00:00
GOV_DEBT_QUARTERLY_EUROPE,be:country,2021-Q2,2026-09-15T16:23:28.567411+00:00,112.9,final,2021-04-01,2021-06-30,1,2026-09-15T16:23:28.567411+00:00
GOV_DEBT_QUARTERLY_EUROPE,be:country,2021-Q3,2026-09-15T16:23:28.567411+00:00,111.4,final,2021-07-01,2021-09-30,1,2026-09-15T16:23:28.567411+00:00
GOV_DEBT_QUARTERLY_EUROPE,be:country,2021-Q4,2026-09-15T16:23:28.567411+00:00,108.7,final,2021-10-01,2021-12-31,1,2026-09-15T16:23:28.567411+00:00
GOV_DEBT_QUARTERLY_EUROPE,be:country,2022-Q1,2026-09-15T16:23:28.567411+00:00,108.7,final,2022-01-01,2022-03-31,1,2026-09-15T16:23:28.567411+00:00
GOV_DEBT_QUARTERLY_EUROPE,be:country,2022-Q2,2026-09-15T16:23:28.567411+00:00,107.9,final,2022-04-01,2022-06-30,1,2026-09-15T16:23:28.567411+00:00
GOV_DEBT_QUARTERLY_EUROPE,be:country,2022-Q3,2026-09-15T16:23:28.567411+00:00,105.4,final,2022-07-01,2022-09-30,1,2026-09-15T16:23:28.567411+00:00
GOV_DEBT_QUARTERLY_EUROPE,be:country,2022-Q4,2026-09-15T16:23:28.567411+00:00,103.3,final,2022-10-01,2022-12-31,1,2026-09-15T16:23:28.567411+00:00
GOV_DEBT_QUARTERLY_EUROPE,be:country,2023-Q1,2026-09-15T16:23:28.567411+00:00,104.5,final,2023-01-01,2023-03-31,1,2026-09-15T16:23:28.567411+00:00
GOV_DEBT_QUARTERLY_EUROPE,be:country,2023-Q2,2026-09-15T16:23:28.567411+00:00,103.2,final,2023-04-01,2023-06-30,1,2026-09-15T16:23:28.567411+00:00
GOV_DEBT_QUARTERLY_EUROPE,be:country,2023-Q3,2026-09-15T16:23:28.567411+00:00,105.1,final,2023-07-01,2023-09-30,1,2026-09-15T16:23:28.567411+00:00
GOV_DEBT_QUARTERLY_EUROPE,be:country,2023-Q4,2026-09-15T16:23:28.567411+00:00,102.5,final,2023-10-01,2023-12-31,1,2026-09-15T16:23:28.567411+00:00
GOV_DEBT_QUARTERLY_EUROPE,be:country,2024-Q1,2026-09-15T16:23:28.567411+00:00,105.5,final,2024-01-01,2024-03-31,1,2026-09-15T16:23:28.567411+00:00
GOV_DEBT_QUARTERLY_EUROPE,be:country,2024-Q2,2026-09-15T16:23:28.567411+00:00,105.6,final,2024-04-01,2024-06-30,1,2026-09-15T16:23:28.567411+00:00
GOV_DEBT_QUARTERLY_EUROPE,be:country,2024-Q3,2026-09-15T16:23:28.567411+00:00,104.7,final,2024-07-01,2024-09-30,1,2026-09-15T16:23:28.567411+00:00
GOV_DEBT_QUARTERLY_EUROPE,be:country,2024-Q4,2026-09-15T16:23:28.567411+00:00,103.9,final,2024-10-01,2024-12-31,1,2026-09-15T16:23:28.567411+00:00
GOV_DEBT_QUARTERLY_EUROPE,be:country,2025-Q1,2026-09-15T16:23:28.567411+00:00,106.1,final,2025-01-01,2025-03-31,1,2026-09-15T16:23:28.567411+00:00
GOV_DEBT_QUARTERLY_EUROPE,be:country,2025-Q2,2026-09-15T16:23:28.567411+00:00,106.2,final,2025-04-01,2025-06-30,1,2026-09-15T16:23:28.567411+00:00
GOV_DEBT_QUARTERLY_EUROPE,be:country,2025-Q3,2026-09-15T16:23:28.567411+00:00,107.1,final,2025-07-01,2025-09-30,1,2026-09-15T16:23:28.567411+00:00
GOV_DEBT_QUARTERLY_EUROPE,be:country,2025-Q4,2026-09-15T16:23:28.567411+00:00,107.9,final,2025-10-01,2025-12-31,1,2026-09-15T16:23:28.567411+00:00
GOV_DEBT_QUARTERLY_EUROPE,be:country,2026-Q1,2026-09-15T16:23:28.567411+00:00,109.1,provisional,2026-01-01,2026-03-31,1,2026-09-15T16:23:28.567411+00:00
GOV_DEBT_QUARTERLY_EUROPE,bg:country,2008-Q1,2026-09-15T16:23:28.567411+00:00,14.6,final,2008-01-01,2008-03-31,1,2026-09-15T16:23:28.567411+00:00
GOV_DEBT_QUARTERLY_EUROPE,bg:country,2008-Q2,2026-09-15T16:23:28.567411+00:00,14.0,final,2008-04-01,2008-06-30,1,2026-09-15T16:23:28.567411+00:00
GOV_DEBT_QUARTERLY_EUROPE,bg:country,2008-Q3,2026-09-15T16:23:28.567411+00:00,13.6,final,2008-07-01,2008-09-30,1,2026-09-15T16:23:28.567411+00:00
GOV_DEBT_QUARTERLY_EUROPE,bg:country,2008-Q4,2026-09-15T16:23:28.567411+00:00,13.0,final,2008-10-01,2008-12-31,1,2026-09-15T16:23:28.567411+00:00
GOV_DEBT_QUARTERLY_EUROPE,bg:country,2009-Q1,2026-09-15T16:23:28.567411+00:00,12.7,final,2009-01-01,2009-03-31,1,2026-09-15T16:23:28.567411+00:00
GOV_DEBT_QUARTERLY_EUROPE,bg:country,2009-Q2,2026-09-15T16:23:28.567411+00:00,13.2,final,2009-04-01,2009-06-30,1,2026-09-15T16:23:28.567411+00:00
GOV_DEBT_QUARTERLY_EUROPE,bg:country,2009-Q3,2026-09-15T16:23:28.567411+00:00,13.2,final,2009-07-01,2009-09-30,1,2026-09-15T16:23:28.567411+00:00
GOV_DEBT_QUARTERLY_EUROPE,bg:country,2009-Q4,2026-09-15T16:23:28.567411+00:00,13.7,final,2009-10-01,2009-12-31,1,2026-09-15T16:23:28.567411+00:00
GOV_DEBT_QUARTERLY_EUROPE,bg:country,2010-Q1,2026-09-15T16:23:28.567411+00:00,13.8,final,2010-01-01,2010-03-31,1,2026-09-15T16:23:28.567411+00:00
GOV_DEBT_QUARTERLY_EUROPE,bg:country,2010-Q2,2026-09-15T16:23:28.567411+00:00,14.2,final,2010-04-01,2010-06-30,1,2026-09-15T16:23:28.567411+00:00
GOV_DEBT_QUARTERLY_EUROPE,bg:country,2010-Q3,2026-09-15T16:23:28.567411+00:00,14.9,final,2010-07-01,2010-09-30,1,2026-09-15T16:23:28.567411+00:00
GOV_DEBT_QUARTERLY_EUROPE,bg:country,2010-Q4,2026-09-15T16:23:28.567411+00:00,15.3,final,2010-10-01,2010-12-31,1,2026-09-15T16:23:28.567411+00:00
GOV_DEBT_QUARTERLY_EUROPE,bg:country,2011-Q1,2026-09-15T16:23:28.567411+00:00,14.5,final,2011-01-01,2011-03-31,1,2026-09-15T16:23:28.567411+00:00
GOV_DEBT_QUARTERLY_EUROPE,bg:country,2011-Q2,2026-09-15T16:23:28.567411+00:00,14.2,final,2011-04-01,2011-06-30,1,2026-09-15T16:23:28.567411+00:00
GOV_DEBT_QUARTERLY_EUROPE,bg:country,2011-Q3,2026-09-15T16:23:28.567411+00:00,14.0,final,2011-07-01,2011-09-30,1,2026-09-15T16:23:28.567411+00:00
GOV_DEBT_QUARTERLY_EUROPE,bg:country,2011-Q4,2026-09-15T16:23:28.567411+00:00,15.2,final,2011-10-01,2011-12-31,1,2026-09-15T16:23:28.567411+00:00
GOV_DEBT_QUARTERLY_EUROPE,bg:country,2012-Q1,2026-09-15T16:23:28.567411+00:00,15.5,final,2012-01-01,2012-03-31,1,2026-09-15T16:23:28.567411+00:00
GOV_DEBT_QUARTERLY_EUROPE,bg:country,2012-Q2,2026-09-15T16:23:28.567411+00:00,15.3,final,2012-04-01,2012-06-30,1,2026-09-15T16:23:28.567411+00:00
GOV_DEBT_QUARTERLY_EUROPE,bg:country,2012-Q3,2026-09-15T16:23:28.567411+00:00,17.5,final,2012-07-01,2012-09-30,1,2026-09-15T16:23:28.567411+00:00
GOV_DEBT_QUARTERLY_EUROPE,bg:country,2012-Q4,2026-09-15T16:23:28.567411+00:00,16.6,final,2012-10-01,2012-12-31,1,2026-09-15T16:23:28.567411+00:00
GOV_DEBT_QUARTERLY_EUROPE,bg:country,2013-Q1,2026-09-15T16:23:28.567411+00:00,16.2,final,2013-01-01,2013-03-31,1,2026-09-15T16:23:28.567411+00:00
GOV_DEBT_QUARTERLY_EUROPE,bg:country,2013-Q2,2026-09-15T16:23:28.567411+00:00,16.3,final,2013-04-01,2013-06-30,1,2026-09-15T16:23:28.567411+00:00
GOV_DEBT_QUARTERLY_EUROPE,bg:country,2013-Q3,2026-09-15T16:23:28.567411+00:00,15.8,final,2013-07-01,2013-09-30,1,2026-09-15T16:23:28.567411+00:00
GOV_DEBT_QUARTERLY_EUROPE,bg:country,2013-Q4,2026-09-15T16:23:28.567411+00:00,17.0,final,2013-10-01,2013-12-31,1,2026-09-15T16:23:28.567411+00:00
GOV_DEBT_QUARTERLY_EUROPE,bg:country,2014-Q1,2026-09-15T16:23:28.567411+00:00,18.4,final,2014-01-01,2014-03-31,1,2026-09-15T16:23:28.567411+00:00
GOV_DEBT_QUARTERLY_EUROPE,bg:country,2014-Q2,2026-09-15T16:23:28.567411+00:00,19.4,final,2014-04-01,2014-06-30,1,2026-09-15T16:23:28.567411+00:00
GOV_DEBT_QUARTERLY_EUROPE,bg:country,2014-Q3,2026-09-15T16:23:28.567411+00:00,22.7,final,2014-07-01,2014-09-30,1,2026-09-15T16:23:28.567411+00:00
GOV_DEBT_QUARTERLY_EUROPE,bg:country,2014-Q4,2026-09-15T16:23:28.567411+00:00,27.0,final,2014-10-01,2014-12-31,1,2026-09-15T16:23:28.567411+00:00
GOV_DEBT_QUARTERLY_EUROPE,bg:country,2015-Q1,2026-09-15T16:23:28.567411+00:00,28.7,final,2015-01-01,2015-03-31,1,2026-09-15T16:23:28.567411+00:00
GOV_DEBT_QUARTERLY_EUROPE,bg:country,2015-Q2,2026-09-15T16:23:28.567411+00:00,27.9,final,2015-04-01,2015-06-30,1,2026-09-15T16:23:28.567411+00:00
GOV_DEBT_QUARTERLY_EUROPE,bg:country,2015-Q3,2026-09-15T16:23:28.567411+00:00,26.5,final,2015-07-01,2015-09-30,1,2026-09-15T16:23:28.567411+00:00
GOV_DEBT_QUARTERLY_EUROPE,bg:country,2015-Q4,2026-09-15T16:23:28.567411+00:00,25.9,final,2015-10-01,2015-12-31,1,2026-09-15T16:23:28.567411+00:00
GOV_DEBT_QUARTERLY_EUROPE,bg:country,2016-Q1,2026-09-15T16:23:28.567411+00:00,29.3,final,2016-01-01,2016-03-31,1,2026-09-15T16:23:28.567411+00:00
GOV_DEBT_QUARTERLY_EUROPE,bg:country,2016-Q2,2026-09-15T16:23:28.567411+00:00,29.1,final,2016-04-01,2016-06-30,1,2026-09-15T16:23:28.567411+00:00
GOV_DEBT_QUARTERLY_EUROPE,bg:country,2016-Q3,2026-09-15T16:23:28.567411+00:00,28.5,final,2016-07-01,2016-09-30,1,2026-09-15T16:23:28.567411+00:00
GOV_DEBT_QUARTERLY_EUROPE,bg:country,2016-Q4,2026-09-15T16:23:28.567411+00:00,29.1,final,2016-10-01,2016-12-31,1,2026-09-15T16:23:28.567411+00:00
GOV_DEBT_QUARTERLY_EUROPE,bg:country,2017-Q1,2026-09-15T16:23:28.567411+00:00,28.2,final,2017-01-01,2017-03-31,1,2026-09-15T16:23:28.567411+00:00
GOV_DEBT_QUARTERLY_EUROPE,bg:country,2017-Q2,2026-09-15T16:23:28.567411+00:00,27.8,final,2017-04-01,2017-06-30,1,2026-09-15T16:23:28.567411+00:00
GOV_DEBT_QUARTERLY_EUROPE,bg:country,2017-Q3,2026-09-15T16:23:28.567411+00:00,25.5,final,2017-07-01,2017-09-30,1,2026-09-15T16:23:28.567411+00:00
GOV_DEBT_QUARTERLY_EUROPE,bg:country,2017-Q4,2026-09-15T16:23:28.567411+00:00,25.1,final,2017-10-01,2017-12-31,1,2026-09-15T16:23:28.567411+00:00
GOV_DEBT_QUARTERLY_EUROPE,bg:country,2018-Q1,2026-09-15T16:23:28.567411+00:00,23.8,final,2018-01-01,2018-03-31,1,2026-09-15T16:23:28.567411+00:00
GOV_DEBT_QUARTERLY_EUROPE,bg:country,2018-Q2,2026-09-15T16:23:28.567411+00:00,23.3,final,2018-04-01,2018-06-30,1,2026-09-15T16:23:28.567411+00:00
GOV_DEBT_QUARTERLY_EUROPE,bg:country,2018-Q3,2026-09-15T16:23:28.567411+00:00,22.6,final,2018-07-01,2018-09-30,1,2026-09-15T16:23:28.567411+00:00
GOV_DEBT_QUARTERLY_EUROPE,bg:country,2018-Q4,2026-09-15T16:23:28.567411+00:00,22.2,final,2018-10-01,2018-12-31,1,2026-09-15T16:23:28.567411+00:00
GOV_DEBT_QUARTERLY_EUROPE,bg:country,2019-Q1,2026-09-15T16:23:28.567411+00:00,20.8,final,2019-01-01,2019-03-31,1,2026-09-15T16:23:28.567411+00:00
GOV_DEBT_QUARTERLY_EUROPE,bg:country,2019-Q2,2026-09-15T16:23:28.567411+00:00,20.3,final,2019-04-01,2019-06-30,1,2026-09-15T16:23:28.567411+00:00
GOV_DEBT_QUARTERLY_EUROPE,bg:country,2019-Q3,2026-09-15T16:23:28.567411+00:00,20.4,final,2019-07-01,2019-09-30,1,2026-09-15T16:23:28.567411+00:00
GOV_DEBT_QUARTERLY_EUROPE,bg:country,2019-Q4,2026-09-15T16:23:28.567411+00:00,20.1,final,2019-10-01,2019-12-31,1,2026-09-15T16:23:28.567411+00:00
GOV_DEBT_QUARTERLY_EUROPE,bg:country,2020-Q1,2026-09-15T16:23:28.567411+00:00,20.0,final,2020-01-01,2020-03-31,1,2026-09-15T16:23:28.567411+00:00
GOV_DEBT_QUARTERLY_EUROPE,bg:country,2020-Q2,2026-09-15T16:23:28.567411+00:00,21.1,final,2020-04-01,2020-06-30,1,2026-09-15T16:23:28.567411+00:00
GOV_DEBT_QUARTERLY_EUROPE,bg:country,2020-Q3,2026-09-15T16:23:28.567411+00:00,24.9,final,2020-07-01,2020-09-30,1,2026-09-15T16:23:28.567411+00:00
GOV_DEBT_QUARTERLY_EUROPE,bg:country,2020-Q4,2026-09-15T16:23:28.567411+00:00,24.5,final,2020-10-01,2020-12-31,1,2026-09-15T16:23:28.567411+00:00
GOV_DEBT_QUARTERLY_EUROPE,bg:country,2021-Q1,2026-09-15T16:23:28.567411+00:00,24.2,final,2021-01-01,2021-03-31,1,2026-09-15T16:23:28.567411+00:00
GOV_DEBT_QUARTERLY_EUROPE,bg:country,2021-Q2,2026-09-15T16:23:28.567411+00:00,24.1,final,2021-04-01,2021-06-30,1,2026-09-15T16:23:28.567411+00:00
GOV_DEBT_QUARTERLY_EUROPE,bg:country,2021-Q3,2026-09-15T16:23:28.567411+00:00,23.2,final,2021-07-01,2021-09-30,1,2026-09-15T16:23:28.567411+00:00
GOV_DEBT_QUARTERLY_EUROPE,bg:country,2021-Q4,2026-09-15T16:23:28.567411+00:00,23.8,final,2021-10-01,2021-12-31,1,2026-09-15T16:23:28.567411+00:00
GOV_DEBT_QUARTERLY_EUROPE,bg:country,2022-Q1,2026-09-15T16:23:28.567411+00:00,21.9,final,2022-01-01,2022-03-31,1,2026-09-15T16:23:28.567411+00:00
GOV_DEBT_QUARTERLY_EUROPE,bg:country,2022-Q2,2026-09-15T16:23:28.567411+00:00,21.2,final,2022-04-01,2022-06-30,1,2026-09-15T16:23:28.567411+00:00
GOV_DEBT_QUARTERLY_EUROPE,bg:country,2022-Q3,2026-09-15T16:23:28.567411+00:00,23.0,final,2022-07-01,2022-09-30,1,2026-09-15T16:23:28.567411+00:00
GOV_DEBT_QUARTERLY_EUROPE,bg:country,2022-Q4,2026-09-15T16:23:28.567411+00:00,22.5,final,2022-10-01,2022-12-31,1,2026-09-15T16:23:28.567411+00:00
GOV_DEBT_QUARTERLY_EUROPE,bg:country,2023-Q1,2026-09-15T16:23:28.567411+00:00,22.2,final,2023-01-01,2023-03-31,1,2026-09-15T16:23:28.567411+00:00
GOV_DEBT_QUARTERLY_EUROPE,bg:country,2023-Q2,2026-09-15T16:23:28.567411+00:00,21.5,final,2023-04-01,2023-06-30,1,2026-09-15T16:23:28.567411+00:00
GOV_DEBT_QUARTERLY_EUROPE,bg:country,2023-Q3,2026-09-15T16:23:28.567411+00:00,21.0,final,2023-07-01,2023-09-30,1,2026-09-15T16:23:28.567411+00:00
GOV_DEBT_QUARTERLY_EUROPE,bg:country,2023-Q4,2026-09-15T16:23:28.567411+00:00,22.9,final,2023-10-01,2023-12-31,1,2026-09-15T16:23:28.567411+00:00
GOV_DEBT_QUARTERLY_EUROPE,bg:country,2024-Q1,2026-09-15T16:23:28.567411+00:00,22.4,final,2024-01-01,2024-03-31,1,2026-09-15T16:23:28.567411+00:00
GOV_DEBT_QUARTERLY_EUROPE,bg:country,2024-Q2,2026-09-15T16:23:28.567411+00:00,22.0,final,2024-04-01,2024-06-30,1,2026-09-15T16:23:28.567411+00:00
GOV_DEBT_QUARTERLY_EUROPE,bg:country,2024-Q3,2026-09-15T16:23:28.567411+00:00,24.3,final,2024-07-01,2024-09-30,1,2026-09-15T16:23:28.567411+00:00
GOV_DEBT_QUARTERLY_EUROPE,bg:country,2024-Q4,2026-09-15T16:23:28.567411+00:00,23.8,final,2024-10-01,2024-12-31,1,2026-09-15T16:23:28.567411+00:00
GOV_DEBT_QUARTERLY_EUROPE,bg:country,2025-Q1,2026-09-15T16:23:28.567411+00:00,23.7,final,2025-01-01,2025-03-31,1,2026-09-15T16:23:28.567411+00:00
GOV_DEBT_QUARTERLY_EUROPE,bg:country,2025-Q2,2026-09-15T16:23:28.567411+00:00,26.3,final,2025-04-01,2025-06-30,1,2026-09-15T16:23:28.567411+00:00
GOV_DEBT_QUARTERLY_EUROPE,bg:country,2025-Q3,2026-09-15T16:23:28.567411+00:00,28.4,final,2025-07-01,2025-09-30,1,2026-09-15T16:23:28.567411+00:00
GOV_DEBT_QUARTERLY_EUROPE,bg:country,2025-Q4,2026-09-15T16:23:28.567411+00:00,29.9,final,2025-10-01,2025-12-31,1,2026-09-15T16:23:28.567411+00:00
GOV_DEBT_QUARTERLY_EUROPE,bg:country,2026-Q1,2026-09-15T16:23:28.567411+00:00,28.5,provisional,2026-01-01,2026-03-31,1,2026-09-15T16:23:28.567411+00:00
GOV_DEBT_QUARTERLY_EUROPE,cy:country,2008-Q1,2026-09-15T16:23:28.567411+00:00,50.7,final,2008-01-01,2008-03-31,1,2026-09-15T16:23:28.567411+00:00
GOV_DEBT_QUARTERLY_EUROPE,cy:country,2008-Q2,2026-09-15T16:23:28.567411+00:00,48.8,final,2008-04-01,2008-06-30,1,2026-09-15T16:23:28.567411+00:00
GOV_DEBT_QUARTERLY_EUROPE,cy:country,2008-Q3,2026-09-15T16:23:28.567411+00:00,46.9,final,2008-07-01,2008-09-30,1,2026-09-15T16:23:28.567411+00:00
GOV_DEBT_QUARTERLY_EUROPE,cy:country,2008-Q4,2026-09-15T16:23:28.567411+00:00,47.1,final,2008-10-01,2008-12-31,1,2026-09-15T16:23:28.567411+00:00
GOV_DEBT_QUARTERLY_EUROPE,cy:country,2009-Q1,2026-09-15T16:23:28.567411+00:00,54.3,final,2009-01-01,2009-03-31,1,2026-09-15T16:23:28.567411+00:00
GOV_DEBT_QUARTERLY_EUROPE,cy:country,2009-Q2,2026-09-15T16:23:28.567411+00:00,67.9,final,2009-04-01,2009-06-30,1,2026-09-15T16:23:28.567411+00:00
GOV_DEBT_QUARTERLY_EUROPE,cy:country,2009-Q3,2026-09-15T16:23:28.567411+00:00,67.4,final,2009-07-01,2009-09-30,1,2026-09-15T16:23:28.567411+00:00
GOV_DEBT_QUARTERLY_EUROPE,cy:country,2009-Q4,2026-09-15T16:23:28.567411+00:00,57.6,final,2009-10-01,2009-12-31,1,2026-09-15T16:23:28.567411+00:00
GOV_DEBT_QUARTERLY_EUROPE,cy:country,2010-Q1,2026-09-15T16:23:28.567411+00:00,61.3,final,2010-01-01,2010-03-31,1,2026-09-15T16:23:28.567411+00:00
GOV_DEBT_QUARTERLY_EUROPE,cy:country,2010-Q2,2026-09-15T16:23:28.567411+00:00,61.5,final,2010-04-01,2010-06-30,1,2026-09-15T16:23:28.567411+00:00
GOV_DEBT_QUARTERLY_EUROPE,cy:country,2010-Q3,2026-09-15T16:23:28.567411+00:00,58.7,final,2010-07-01,2010-09-30,1,2026-09-15T16:23:28.567411+00:00
GOV_DEBT_QUARTERLY_EUROPE,cy:country,2010-Q4,2026-09-15T16:23:28.567411+00:00,60.1,final,2010-10-01,2010-12-31,1,2026-09-15T16:23:28.567411+00:00
GOV_DEBT_QUARTERLY_EUROPE,cy:country,2011-Q1,2026-09-15T16:23:28.567411+00:00,62.5,final,2011-01-01,2011-03-31,1,2026-09-15T16:23:28.567411+00:00
GOV_DEBT_QUARTERLY_EUROPE,cy:country,2011-Q2,2026-09-15T16:23:28.567411+00:00,65.8,final,2011-04-01,2011-06-30,1,2026-09-15T16:23:28.567411+00:00
GOV_DEBT_QUARTERLY_EUROPE,cy:country,2011-Q3,2026-09-15T16:23:28.567411+00:00,65.8,final,2011-07-01,2011-09-30,1,2026-09-15T16:23:28.567411+00:00
GOV_DEBT_QUARTERLY_EUROPE,cy:country,2011-Q4,2026-09-15T16:23:28.567411+00:00,69.9,final,2011-10-01,2011-12-31,1,2026-09-15T16:23:28.567411+00:00
GOV_DEBT_QUARTERLY_EUROPE,cy:country,2012-Q1,2026-09-15T16:23:28.567411+00:00,73.0,final,2012-01-01,2012-03-31,1,2026-09-15T16:23:28.567411+00:00
GOV_DEBT_QUARTERLY_EUROPE,cy:country,2012-Q2,2026-09-15T16:23:28.567411+00:00,80.5,final,2012-04-01,2012-06-30,1,2026-09-15T16:23:28.567411+00:00
GOV_DEBT_QUARTERLY_EUROPE,cy:country,2012-Q3,2026-09-15T16:23:28.567411+00:00,82.1,final,2012-07-01,2012-09-30,1,2026-09-15T16:23:28.567411+00:00
GOV_DEBT_QUARTERLY_EUROPE,cy:country,2012-Q4,2026-09-15T16:23:28.567411+00:00,84.4,final,2012-10-01,2012-12-31,1,2026-09-15T16:23:28.567411+00:00
GOV_DEBT_QUARTERLY_EUROPE,cy:country,2013-Q1,2026-09-15T16:23:28.567411+00:00,86.1,final,2013-01-01,2013-03-31,1,2026-09-15T16:23:28.567411+00:00
GOV_DEBT_QUARTERLY_EUROPE,cy:country,2013-Q2,2026-09-15T16:23:28.567411+00:00,95.1,final,2013-04-01,2013-06-30,1,2026-09-15T16:23:28.567411+00:00
GOV_DEBT_QUARTERLY_EUROPE,cy:country,2013-Q3,2026-09-15T16:23:28.567411+00:00,105.6,final,2013-07-01,2013-09-30,1,2026-09-15T16:23:28.567411+00:00
GOV_DEBT_QUARTERLY_EUROPE,cy:country,2013-Q4,2026-09-15T16:23:28.567411+00:00,108.3,final,2013-10-01,2013-12-31,1,2026-09-15T16:23:28.567411+00:00
GOV_DEBT_QUARTERLY_EUROPE,cy:country,2014-Q1,2026-09-15T16:23:28.567411+00:00,107.8,final,2014-01-01,2014-03-31,1,2026-09-15T16:23:28.567411+00:00
GOV_DEBT_QUARTERLY_EUROPE,cy:country,2014-Q2,2026-09-15T16:23:28.567411+00:00,115.5,final,2014-04-01,2014-06-30,1,2026-09-15T16:23:28.567411+00:00
GOV_DEBT_QUARTERLY_EUROPE,cy:country,2014-Q3,2026-09-15T16:23:28.567411+00:00,110.6,final,2014-07-01,2014-09-30,1,2026-09-15T16:23:28.567411+00:00
GOV_DEBT_QUARTERLY_EUROPE,cy:country,2014-Q4,2026-09-15T16:23:28.567411+00:00,113.5,final,2014-10-01,2014-12-31,1,2026-09-15T16:23:28.567411+00:00
GOV_DEBT_QUARTERLY_EUROPE,cy:country,2015-Q1,2026-09-15T16:23:28.567411+00:00,112.8,final,2015-01-01,2015-03-31,1,2026-09-15T16:23:28.567411+00:00
GOV_DEBT_QUARTERLY_EUROPE,cy:country,2015-Q2,2026-09-15T16:23:28.567411+00:00,114.8,final,2015-04-01,2015-06-30,1,2026-09-15T16:23:28.567411+00:00
GOV_DEBT_QUARTERLY_EUROPE,cy:country,2015-Q3,2026-09-15T16:23:28.567411+00:00,114.2,final,2015-07-01,2015-09-30,1,2026-09-15T16:23:28.567411+00:00
GOV_DEBT_QUARTERLY_EUROPE,cy:country,2015-Q4,2026-09-15T16:23:28.567411+00:00,111.6,final,2015-10-01,2015-12-31,1,2026-09-15T16:23:28.567411+00:00
GOV_DEBT_QUARTERLY_EUROPE,cy:country,2016-Q1,2026-09-15T16:23:28.567411+00:00,111.2,final,2016-01-01,2016-03-31,1,2026-09-15T16:23:28.567411+00:00
GOV_DEBT_QUARTERLY_EUROPE,cy:country,2016-Q2,2026-09-15T16:23:28.567411+00:00,109.2,final,2016-04-01,2016-06-30,1,2026-09-15T16:23:28.567411+00:00
GOV_DEBT_QUARTERLY_EUROPE,cy:country,2016-Q3,2026-09-15T16:23:28.567411+00:00,111.0,final,2016-07-01,2016-09-30,1,2026-09-15T16:23:28.567411+00:00
GOV_DEBT_QUARTERLY_EUROPE,cy:country,2016-Q4,2026-09-15T16:23:28.567411+00:00,106.9,final,2016-10-01,2016-12-31,1,2026-09-15T16:23:28.567411+00:00
GOV_DEBT_QUARTERLY_EUROPE,cy:country,2017-Q1,2026-09-15T16:23:28.567411+00:00,105.2,final,2017-01-01,2017-03-31,1,2026-09-15T16:23:28.567411+00:00
GOV_DEBT_QUARTERLY_EUROPE,cy:country,2017-Q2,2026-09-15T16:23:28.567411+00:00,104.5,final,2017-04-01,2017-06-30,1,2026-09-15T16:23:28.567411+00:00
GOV_DEBT_QUARTERLY_EUROPE,cy:country,2017-Q3,2026-09-15T16:23:28.567411+00:00,101.3,final,2017-07-01,2017-09-30,1,2026-09-15T16:23:28.567411+00:00
GOV_DEBT_QUARTERLY_EUROPE,cy:country,2017-Q4,2026-09-15T16:23:28.567411+00:00,96.5,final,2017-10-01,2017-12-31,1,2026-09-15T16:23:28.567411+00:00
GOV_DEBT_QUARTERLY_EUROPE,cy:country,2018-Q1,2026-09-15T16:23:28.567411+00:00,93.3,final,2018-01-01,2018-03-31,1,2026-09-15T16:23:28.567411+00:00
GOV_DEBT_QUARTERLY_EUROPE,cy:country,2018-Q2,2026-09-15T16:23:28.567411+00:00,102.6,final,2018-04-01,2018-06-30,1,2026-09-15T16:23:28.567411+00:00
GOV_DEBT_QUARTERLY_EUROPE,cy:country,2018-Q3,2026-09-15T16:23:28.567411+00:00,108.9,final,2018-07-01,2018-09-30,1,2026-09-15T16:23:28.567411+00:00
GOV_DEBT_QUARTERLY_EUROPE,cy:country,2018-Q4,2026-09-15T16:23:28.567411+00:00,100.7,final,2018-10-01,2018-12-31,1,2026-09-15T16:23:28.567411+00:00
GOV_DEBT_QUARTERLY_EUROPE,cy:country,2019-Q1,2026-09-15T16:23:28.567411+00:00,102.3,final,2019-01-01,2019-03-31,1,2026-09-15T16:23:28.567411+00:00
GOV_DEBT_QUARTERLY_EUROPE,cy:country,2019-Q2,2026-09-15T16:23:28.567411+00:00,105.3,final,2019-04-01,2019-06-30,1,2026-09-15T16:23:28.567411+00:00
GOV_DEBT_QUARTERLY_EUROPE,cy:country,2019-Q3,2026-09-15T16:23:28.567411+00:00,95.4,final,2019-07-01,2019-09-30,1,2026-09-15T16:23:28.567411+00:00
GOV_DEBT_QUARTERLY_EUROPE,cy:country,2019-Q4,2026-09-15T16:23:28.567411+00:00,92.3,final,2019-10-01,2019-12-31,1,2026-09-15T16:23:28.567411+00:00
GOV_DEBT_QUARTERLY_EUROPE,cy:country,2020-Q1,2026-09-15T16:23:28.567411+00:00,93.6,final,2020-01-01,2020-03-31,1,2026-09-15T16:23:28.567411+00:00
GOV_DEBT_QUARTERLY_EUROPE,cy:country,2020-Q2,2026-09-15T16:23:28.567411+00:00,109.5,final,2020-04-01,2020-06-30,1,2026-09-15T16:23:28.567411+00:00
GOV_DEBT_QUARTERLY_EUROPE,cy:country,2020-Q3,2026-09-15T16:23:28.567411+00:00,115.4,final,2020-07-01,2020-09-30,1,2026-09-15T16:23:28.567411+00:00
GOV_DEBT_QUARTERLY_EUROPE,cy:country,2020-Q4,2026-09-15T16:23:28.567411+00:00,113.6,final,2020-10-01,2020-12-31,1,2026-09-15T16:23:28.567411+00:00
GOV_DEBT_QUARTERLY_EUROPE,cy:country,2021-Q1,2026-09-15T16:23:28.567411+00:00,117.5,final,2021-01-01,2021-03-31,1,2026-09-15T16:23:28.567411+00:00
GOV_DEBT_QUARTERLY_EUROPE,cy:country,2021-Q2,2026-09-15T16:23:28.567411+00:00,107.1,final,2021-04-01,2021-06-30,1,2026-09-15T16:23:28.567411+00:00
GOV_DEBT_QUARTERLY_EUROPE,cy:country,2021-Q3,2026-09-15T16:23:28.567411+00:00,102.9,final,2021-07-01,2021-09-30,1,2026-09-15T16:23:28.567411+00:00
GOV_DEBT_QUARTERLY_EUROPE,cy:country,2021-Q4,2026-09-15T16:23:28.567411+00:00,96.5,final,2021-10-01,2021-12-31,1,2026-09-15T16:23:28.567411+00:00
GOV_DEBT_QUARTERLY_EUROPE,cy:country,2022-Q1,2026-09-15T16:23:28.567411+00:00,95.8,final,2022-01-01,2022-03-31,1,2026-09-15T16:23:28.567411+00:00
GOV_DEBT_QUARTERLY_EUROPE,cy:country,2022-Q2,2026-09-15T16:23:28.567411+00:00,88.9,final,2022-04-01,2022-06-30,1,2026-09-15T16:23:28.567411+00:00
GOV_DEBT_QUARTERLY_EUROPE,cy:country,2022-Q3,2026-09-15T16:23:28.567411+00:00,84.6,final,2022-07-01,2022-09-30,1,2026-09-15T16:23:28.567411+00:00
GOV_DEBT_QUARTERLY_EUROPE,cy:country,2022-Q4,2026-09-15T16:23:28.567411+00:00,80.1,final,2022-10-01,2022-12-31,1,2026-09-15T16:23:28.567411+00:00
GOV_DEBT_QUARTERLY_EUROPE,cy:country,2023-Q1,2026-09-15T16:23:28.567411+00:00,77.4,final,2023-01-01,2023-03-31,1,2026-09-15T16:23:28.567411+00:00
GOV_DEBT_QUARTERLY_EUROPE,cy:country,2023-Q2,2026-09-15T16:23:28.567411+00:00,78.6,final,2023-04-01,2023-06-30,1,2026-09-15T16:23:28.567411+00:00
GOV_DEBT_QUARTERLY_EUROPE,cy:country,2023-Q3,2026-09-15T16:23:28.567411+00:00,73.0,final,2023-07-01,2023-09-30,1,2026-09-15T16:23:28.567411+00:00
GOV_DEBT_QUARTERLY_EUROPE,cy:country,2023-Q4,2026-09-15T16:23:28.567411+00:00,71.1,final,2023-10-01,2023-12-31,1,2026-09-15T16:23:28.567411+00:00
GOV_DEBT_QUARTERLY_EUROPE,cy:country,2024-Q1,2026-09-15T16:23:28.567411+00:00,69.8,final,2024-01-01,2024-03-31,1,2026-09-15T16:23:28.567411+00:00
GOV_DEBT_QUARTERLY_EUROPE,cy:country,2024-Q2,2026-09-15T16:23:28.567411+00:00,67.6,final,2024-04-01,2024-06-30,1,2026-09-15T16:23:28.567411+00:00
GOV_DEBT_QUARTERLY_EUROPE,cy:country,2024-Q3,2026-09-15T16:23:28.567411+00:00,66.6,final,2024-07-01,2024-09-30,1,2026-09-15T16:23:28.567411+00:00
GOV_DEBT_QUARTERLY_EUROPE,cy:country,2024-Q4,2026-09-15T16:23:28.567411+00:00,62.7,final,2024-10-01,2024-12-31,1,2026-09-15T16:23:28.567411+00:00
GOV_DEBT_QUARTERLY_EUROPE,cy:country,2025-Q1,2026-09-15T16:23:28.567411+00:00,61.9,final,2025-01-01,2025-03-31,1,2026-09-15T16:23:28.567411+00:00
GOV_DEBT_QUARTERLY_EUROPE,cy:country,2025-Q2,2026-09-15T16:23:28.567411+00:00,61.1,final,2025-04-01,2025-06-30,1,2026-09-15T16:23:28.567411+00:00
GOV_DEBT_QUARTERLY_EUROPE,cy:country,2025-Q3,2026-09-15T16:23:28.567411+00:00,60.3,final,2025-07-01,2025-09-30,1,2026-09-15T16:23:28.567411+00:00
GOV_DEBT_QUARTERLY_EUROPE,cy:country,2025-Q4,2026-09-15T16:23:28.567411+00:00,55.0,final,2025-10-01,2025-12-31,1,2026-09-15T16:23:28.567411+00:00
GOV_DEBT_QUARTERLY_EUROPE,cy:country,2026-Q1,2026-09-15T16:23:28.567411+00:00,54.6,provisional,2026-01-01,2026-03-31,1,2026-09-15T16:23:28.567411+00:00
GOV_DEBT_QUARTERLY_EUROPE,cz:country,2008-Q1,2026-09-15T16:23:28.567411+00:00,26.0,final,2008-01-01,2008-03-31,1,2026-09-15T16:23:28.567411+00:00
GOV_DEBT_QUARTERLY_EUROPE,cz:country,2008-Q2,2026-09-15T16:23:28.567411+00:00,27.2,final,2008-04-01,2008-06-30,1,2026-09-15T16:23:28.567411+00:00
GOV_DEBT_QUARTERLY_EUROPE,cz:country,2008-Q3,2026-09-15T16:23:28.567411+00:00,26.9,final,2008-07-01,2008-09-30,1,2026-09-15T16:23:28.567411+00:00
GOV_DEBT_QUARTERLY_EUROPE,cz:country,2008-Q4,2026-09-15T16:23:28.567411+00:00,28.2,final,2008-10-01,2008-12-31,1,2026-09-15T16:23:28.567411+00:00
GOV_DEBT_QUARTERLY_EUROPE,cz:country,2009-Q1,2026-09-15T16:23:28.567411+00:00,28.4,final,2009-01-01,2009-03-31,1,2026-09-15T16:23:28.567411+00:00
GOV_DEBT_QUARTERLY_EUROPE,cz:country,2009-Q2,2026-09-15T16:23:28.567411+00:00,31.8,final,2009-04-01,2009-06-30,1,2026-09-15T16:23:28.567411+00:00
GOV_DEBT_QUARTERLY_EUROPE,cz:country,2009-Q3,2026-09-15T16:23:28.567411+00:00,33.0,final,2009-07-01,2009-09-30,1,2026-09-15T16:23:28.567411+00:00
GOV_DEBT_QUARTERLY_EUROPE,cz:country,2009-Q4,2026-09-15T16:23:28.567411+00:00,33.4,final,2009-10-01,2009-12-31,1,2026-09-15T16:23:28.567411+00:00
GOV_DEBT_QUARTERLY_EUROPE,cz:country,2010-Q1,2026-09-15T16:23:28.567411+00:00,34.4,final,2010-01-01,2010-03-31,1,2026-09-15T16:23:28.567411+00:00
GOV_DEBT_QUARTERLY_EUROPE,cz:country,2010-Q2,2026-09-15T16:23:28.567411+00:00,34.8,final,2010-04-01,2010-06-30,1,2026-09-15T16:23:28.567411+00:00
GOV_DEBT_QUARTERLY_EUROPE,cz:country,2010-Q3,2026-09-15T16:23:28.567411+00:00,37.7,final,2010-07-01,2010-09-30,1,2026-09-15T16:23:28.567411+00:00
GOV_DEBT_QUARTERLY_EUROPE,cz:country,2010-Q4,2026-09-15T16:23:28.567411+00:00,36.7,final,2010-10-01,2010-12-31,1,2026-09-15T16:23:28.567411+00:00
GOV_DEBT_QUARTERLY_EUROPE,cz:country,2011-Q1,2026-09-15T16:23:28.567411+00:00,37.3,final,2011-01-01,2011-03-31,1,2026-09-15T16:23:28.567411+00:00
GOV_DEBT_QUARTERLY_EUROPE,cz:country,2011-Q2,2026-09-15T16:23:28.567411+00:00,37.4,final,2011-04-01,2011-06-30,1,2026-09-15T16:23:28.567411+00:00
GOV_DEBT_QUARTERLY_EUROPE,cz:country,2011-Q3,2026-09-15T16:23:28.567411+00:00,38.4,final,2011-07-01,2011-09-30,1,2026-09-15T16:23:28.567411+00:00
GOV_DEBT_QUARTERLY_EUROPE,cz:country,2011-Q4,2026-09-15T16:23:28.567411+00:00,39.4,final,2011-10-01,2011-12-31,1,2026-09-15T16:23:28.567411+00:00
GOV_DEBT_QUARTERLY_EUROPE,cz:country,2012-Q1,2026-09-15T16:23:28.567411+00:00,41.7,final,2012-01-01,2012-03-31,1,2026-09-15T16:23:28.567411+00:00
GOV_DEBT_QUARTERLY_EUROPE,cz:country,2012-Q2,2026-09-15T16:23:28.567411+00:00,42.3,final,2012-04-01,2012-06-30,1,2026-09-15T16:23:28.567411+00:00
GOV_DEBT_QUARTERLY_EUROPE,cz:country,2012-Q3,2026-09-15T16:23:28.567411+00:00,43.7,final,2012-07-01,2012-09-30,1,2026-09-15T16:23:28.567411+00:00
GOV_DEBT_QUARTERLY_EUROPE,cz:country,2012-Q4,2026-09-15T16:23:28.567411+00:00,43.8,final,2012-10-01,2012-12-31,1,2026-09-15T16:23:28.567411+00:00
GOV_DEBT_QUARTERLY_EUROPE,cz:country,2013-Q1,2026-09-15T16:23:28.567411+00:00,44.9,final,2013-01-01,2013-03-31,1,2026-09-15T16:23:28.567411+00:00
GOV_DEBT_QUARTERLY_EUROPE,cz:country,2013-Q2,2026-09-15T16:23:28.567411+00:00,44.1,final,2013-04-01,2013-06-30,1,2026-09-15T16:23:28.567411+00:00
GOV_DEBT_QUARTERLY_EUROPE,cz:country,2013-Q3,2026-09-15T16:23:28.567411+00:00,43.3,final,2013-07-01,2013-09-30,1,2026-09-15T16:23:28.567411+00:00
GOV_DEBT_QUARTERLY_EUROPE,cz:country,2013-Q4,2026-09-15T16:23:28.567411+00:00,44.1,final,2013-10-01,2013-12-31,1,2026-09-15T16:23:28.567411+00:00
GOV_DEBT_QUARTERLY_EUROPE,cz:country,2014-Q1,2026-09-15T16:23:28.567411+00:00,43.6,final,2014-01-01,2014-03-31,1,2026-09-15T16:23:28.567411+00:00
GOV_DEBT_QUARTERLY_EUROPE,cz:country,2014-Q2,2026-09-15T16:23:28.567411+00:00,42.6,final,2014-04-01,2014-06-30,1,2026-09-15T16:23:28.567411+00:00
GOV_DEBT_QUARTERLY_EUROPE,cz:country,2014-Q3,2026-09-15T16:23:28.567411+00:00,42.1,final,2014-07-01,2014-09-30,1,2026-09-15T16:23:28.567411+00:00
GOV_DEBT_QUARTERLY_EUROPE,cz:country,2014-Q4,2026-09-15T16:23:28.567411+00:00,41.5,final,2014-10-01,2014-12-31,1,2026-09-15T16:23:28.567411+00:00
GOV_DEBT_QUARTERLY_EUROPE,cz:country,2015-Q1,2026-09-15T16:23:28.567411+00:00,41.2,final,2015-01-01,2015-03-31,1,2026-09-15T16:23:28.567411+00:00
GOV_DEBT_QUARTERLY_EUROPE,cz:country,2015-Q2,2026-09-15T16:23:28.567411+00:00,40.4,final,2015-04-01,2015-06-30,1,2026-09-15T16:23:28.567411+00:00
GOV_DEBT_QUARTERLY_EUROPE,cz:country,2015-Q3,2026-09-15T16:23:28.567411+00:00,39.9,final,2015-07-01,2015-09-30,1,2026-09-15T16:23:28.567411+00:00
GOV_DEBT_QUARTERLY_EUROPE,cz:country,2015-Q4,2026-09-15T16:23:28.567411+00:00,39.5,final,2015-10-01,2015-12-31,1,2026-09-15T16:23:28.567411+00:00
GOV_DEBT_QUARTERLY_EUROPE,cz:country,2016-Q1,2026-09-15T16:23:28.567411+00:00,39.5,final,2016-01-01,2016-03-31,1,2026-09-15T16:23:28.567411+00:00
GOV_DEBT_QUARTERLY_EUROPE,cz:country,2016-Q2,2026-09-15T16:23:28.567411+00:00,38.9,final,2016-04-01,2016-06-30,1,2026-09-15T16:23:28.567411+00:00
GOV_DEBT_QUARTERLY_EUROPE,cz:country,2016-Q3,2026-09-15T16:23:28.567411+00:00,37.8,final,2016-07-01,2016-09-30,1,2026-09-15T16:23:28.567411+00:00
GOV_DEBT_QUARTERLY_EUROPE,cz:country,2016-Q4,2026-09-15T16:23:28.567411+00:00,36.2,final,2016-10-01,2016-12-31,1,2026-09-15T16:23:28.567411+00:00
GOV_DEBT_QUARTERLY_EUROPE,cz:country,2017-Q1,2026-09-15T16:23:28.567411+00:00,39.2,final,2017-01-01,2017-03-31,1,2026-09-15T16:23:28.567411+00:00
GOV_DEBT_QUARTERLY_EUROPE,cz:country,2017-Q2,2026-09-15T16:23:28.567411+00:00,38.6,final,2017-04-01,2017-06-30,1,2026-09-15T16:23:28.567411+00:00
GOV_DEBT_QUARTERLY_EUROPE,cz:country,2017-Q3,2026-09-15T16:23:28.567411+00:00,34.3,final,2017-07-01,2017-09-30,1,2026-09-15T16:23:28.567411+00:00
GOV_DEBT_QUARTERLY_EUROPE,cz:country,2017-Q4,2026-09-15T16:23:28.567411+00:00,33.8,final,2017-10-01,2017-12-31,1,2026-09-15T16:23:28.567411+00:00
GOV_DEBT_QUARTERLY_EUROPE,cz:country,2018-Q1,2026-09-15T16:23:28.567411+00:00,34.9,final,2018-01-01,2018-03-31,1,2026-09-15T16:23:28.567411+00:00
GOV_DEBT_QUARTERLY_EUROPE,cz:country,2018-Q2,2026-09-15T16:23:28.567411+00:00,34.3,final,2018-04-01,2018-06-30,1,2026-09-15T16:23:28.567411+00:00
GOV_DEBT_QUARTERLY_EUROPE,cz:country,2018-Q3,2026-09-15T16:23:28.567411+00:00,32.9,final,2018-07-01,2018-09-30,1,2026-09-15T16:23:28.567411+00:00
GOV_DEBT_QUARTERLY_EUROPE,cz:country,2018-Q4,2026-09-15T16:23:28.567411+00:00,31.7,final,2018-10-01,2018-12-31,1,2026-09-15T16:23:28.567411+00:00
GOV_DEBT_QUARTERLY_EUROPE,cz:country,2019-Q1,2026-09-15T16:23:28.567411+00:00,33.0,final,2019-01-01,2019-03-31,1,2026-09-15T16:23:28.567411+00:00
GOV_DEBT_QUARTERLY_EUROPE,cz:country,2019-Q2,2026-09-15T16:23:28.567411+00:00,32.1,final,2019-04-01,2019-06-30,1,2026-09-15T16:23:28.567411+00:00
GOV_DEBT_QUARTERLY_EUROPE,cz:country,2019-Q3,2026-09-15T16:23:28.567411+00:00,30.8,final,2019-07-01,2019-09-30,1,2026-09-15T16:23:28.567411+00:00
GOV_DEBT_QUARTERLY_EUROPE,cz:country,2019-Q4,2026-09-15T16:23:28.567411+00:00,29.6,final,2019-10-01,2019-12-31,1,2026-09-15T16:23:28.567411+00:00
GOV_DEBT_QUARTERLY_EUROPE,cz:country,2020-Q1,2026-09-15T16:23:28.567411+00:00,31.9,final,2020-01-01,2020-03-31,1,2026-09-15T16:23:28.567411+00:00
GOV_DEBT_QUARTERLY_EUROPE,cz:country,2020-Q2,2026-09-15T16:23:28.567411+00:00,38.9,final,2020-04-01,2020-06-30,1,2026-09-15T16:23:28.567411+00:00
GOV_DEBT_QUARTERLY_EUROPE,cz:country,2020-Q3,2026-09-15T16:23:28.567411+00:00,37.4,final,2020-07-01,2020-09-30,1,2026-09-15T16:23:28.567411+00:00
GOV_DEBT_QUARTERLY_EUROPE,cz:country,2020-Q4,2026-09-15T16:23:28.567411+00:00,36.9,final,2020-10-01,2020-12-31,1,2026-09-15T16:23:28.567411+00:00
GOV_DEBT_QUARTERLY_EUROPE,cz:country,2021-Q1,2026-09-15T16:23:28.567411+00:00,42.9,final,2021-01-01,2021-03-31,1,2026-09-15T16:23:28.567411+00:00
GOV_DEBT_QUARTERLY_EUROPE,cz:country,2021-Q2,2026-09-15T16:23:28.567411+00:00,41.5,final,2021-04-01,2021-06-30,1,2026-09-15T16:23:28.567411+00:00
GOV_DEBT_QUARTERLY_EUROPE,cz:country,2021-Q3,2026-09-15T16:23:28.567411+00:00,39.3,final,2021-07-01,2021-09-30,1,2026-09-15T16:23:28.567411+00:00
GOV_DEBT_QUARTERLY_EUROPE,cz:country,2021-Q4,2026-09-15T16:23:28.567411+00:00,40.7,final,2021-10-01,2021-12-31,1,2026-09-15T16:23:28.567411+00:00
GOV_DEBT_QUARTERLY_EUROPE,cz:country,2022-Q1,2026-09-15T16:23:28.567411+00:00,41.4,final,2022-01-01,2022-03-31,1,2026-09-15T16:23:28.567411+00:00
GOV_DEBT_QUARTERLY_EUROPE,cz:country,2022-Q2,2026-09-15T16:23:28.567411+00:00,41.9,final,2022-04-01,2022-06-30,1,2026-09-15T16:23:28.567411+00:00
GOV_DEBT_QUARTERLY_EUROPE,cz:country,2022-Q3,2026-09-15T16:23:28.567411+00:00,43.5,final,2022-07-01,2022-09-30,1,2026-09-15T16:23:28.567411+00:00
GOV_DEBT_QUARTERLY_EUROPE,cz:country,2022-Q4,2026-09-15T16:23:28.567411+00:00,42.5,final,2022-10-01,2022-12-31,1,2026-09-15T16:23:28.567411+00:00
GOV_DEBT_QUARTERLY_EUROPE,cz:country,2023-Q1,2026-09-15T16:23:28.567411+00:00,42.8,final,2023-01-01,2023-03-31,1,2026-09-15T16:23:28.567411+00:00
GOV_DEBT_QUARTERLY_EUROPE,cz:country,2023-Q2,2026-09-15T16:23:28.567411+00:00,42.5,final,2023-04-01,2023-06-30,1,2026-09-15T16:23:28.567411+00:00
GOV_DEBT_QUARTERLY_EUROPE,cz:country,2023-Q3,2026-09-15T16:23:28.567411+00:00,42.7,final,2023-07-01,2023-09-30,1,2026-09-15T16:23:28.567411+00:00
GOV_DEBT_QUARTERLY_EUROPE,cz:country,2023-Q4,2026-09-15T16:23:28.567411+00:00,42.2,final,2023-10-01,2023-12-31,1,2026-09-15T16:23:28.567411+00:00
GOV_DEBT_QUARTERLY_EUROPE,cz:country,2024-Q1,2026-09-15T16:23:28.567411+00:00,43.1,final,2024-01-01,2024-03-31,1,2026-09-15T16:23:28.567411+00:00
GOV_DEBT_QUARTERLY_EUROPE,cz:country,2024-Q2,2026-09-15T16:23:28.567411+00:00,42.4,final,2024-04-01,2024-06-30,1,2026-09-15T16:23:28.567411+00:00
GOV_DEBT_QUARTERLY_EUROPE,cz:country,2024-Q3,2026-09-15T16:23:28.567411+00:00,43.4,final,2024-07-01,2024-09-30,1,2026-09-15T16:23:28.567411+00:00
GOV_DEBT_QUARTERLY_EUROPE,cz:country,2024-Q4,2026-09-15T16:23:28.567411+00:00,43.2,final,2024-10-01,2024-12-31,1,2026-09-15T16:23:28.567411+00:00
GOV_DEBT_QUARTERLY_EUROPE,cz:country,2025-Q1,2026-09-15T16:23:28.567411+00:00,43.3,final,2025-01-01,2025-03-31,1,2026-09-15T16:23:28.567411+00:00
GOV_DEBT_QUARTERLY_EUROPE,cz:country,2025-Q2,2026-09-15T16:23:28.567411+00:00,43.7,final,2025-04-01,2025-06-30,1,2026-09-15T16:23:28.567411+00:00
GOV_DEBT_QUARTERLY_EUROPE,cz:country,2025-Q3,2026-09-15T16:23:28.567411+00:00,43.0,final,2025-07-01,2025-09-30,1,2026-09-15T16:23:28.567411+00:00
GOV_DEBT_QUARTERLY_EUROPE,cz:country,2025-Q4,2026-09-15T16:23:28.567411+00:00,44.2,final,2025-10-01,2025-12-31,1,2026-09-15T16:23:28.567411+00:00
GOV_DEBT_QUARTERLY_EUROPE,cz:country,2026-Q1,2026-09-15T16:23:28.567411+00:00,44.1,provisional,2026-01-01,2026-03-31,1,2026-09-15T16:23:28.567411+00:00
GOV_DEBT_QUARTERLY_EUROPE,de:country,2008-Q1,2026-09-15T16:23:28.567411+00:00,64.0,final,2008-01-01,2008-03-31,1,2026-09-15T16:23:28.567411+00:00
GOV_DEBT_QUARTERLY_EUROPE,de:country,2008-Q2,2026-09-15T16:23:28.567411+00:00,64.8,final,2008-04-01,2008-06-30,1,2026-09-15T16:23:28.567411+00:00
GOV_DEBT_QUARTERLY_EUROPE,de:country,2008-Q3,2026-09-15T16:23:28.567411+00:00,64.3,final,2008-07-01,2008-09-30,1,2026-09-15T16:23:28.567411+00:00
GOV_DEBT_QUARTERLY_EUROPE,de:country,2008-Q4,2026-09-15T16:23:28.567411+00:00,65.2,final,2008-10-01,2008-12-31,1,2026-09-15T16:23:28.567411+00:00
GOV_DEBT_QUARTERLY_EUROPE,de:country,2009-Q1,2026-09-15T16:23:28.567411+00:00,67.2,final,2009-01-01,2009-03-31,1,2026-09-15T16:23:28.567411+00:00
GOV_DEBT_QUARTERLY_EUROPE,de:country,2009-Q2,2026-09-15T16:23:28.567411+00:00,70.8,final,2009-04-01,2009-06-30,1,2026-09-15T16:23:28.567411+00:00
GOV_DEBT_QUARTERLY_EUROPE,de:country,2009-Q3,2026-09-15T16:23:28.567411+00:00,71.7,final,2009-07-01,2009-09-30,1,2026-09-15T16:23:28.567411+00:00
GOV_DEBT_QUARTERLY_EUROPE,de:country,2009-Q4,2026-09-15T16:23:28.567411+00:00,72.4,final,2009-10-01,2009-12-31,1,2026-09-15T16:23:28.567411+00:00
GOV_DEBT_QUARTERLY_EUROPE,de:country,2010-Q1,2026-09-15T16:23:28.567411+00:00,72.5,final,2010-01-01,2010-03-31,1,2026-09-15T16:23:28.567411+00:00
GOV_DEBT_QUARTERLY_EUROPE,de:country,2010-Q2,2026-09-15T16:23:28.567411+00:00,73.2,final,2010-04-01,2010-06-30,1,2026-09-15T16:23:28.567411+00:00
GOV_DEBT_QUARTERLY_EUROPE,de:country,2010-Q3,2026-09-15T16:23:28.567411+00:00,73.3,final,2010-07-01,2010-09-30,1,2026-09-15T16:23:28.567411+00:00
GOV_DEBT_QUARTERLY_EUROPE,de:country,2010-Q4,2026-09-15T16:23:28.567411+00:00,81.0,final,2010-10-01,2010-12-31,1,2026-09-15T16:23:28.567411+00:00
GOV_DEBT_QUARTERLY_EUROPE,de:country,2011-Q1,2026-09-15T16:23:28.567411+00:00,79.8,final,2011-01-01,2011-03-31,1,2026-09-15T16:23:28.567411+00:00
GOV_DEBT_QUARTERLY_EUROPE,de:country,2011-Q2,2026-09-15T16:23:28.567411+00:00,79.3,final,2011-04-01,2011-06-30,1,2026-09-15T16:23:28.567411+00:00
GOV_DEBT_QUARTERLY_EUROPE,de:country,2011-Q3,2026-09-15T16:23:28.567411+00:00,79.0,final,2011-07-01,2011-09-30,1,2026-09-15T16:23:28.567411+00:00
GOV_DEBT_QUARTERLY_EUROPE,de:country,2011-Q4,2026-09-15T16:23:28.567411+00:00,78.5,final,2011-10-01,2011-12-31,1,2026-09-15T16:23:28.567411+00:00
GOV_DEBT_QUARTERLY_EUROPE,de:country,2012-Q1,2026-09-15T16:23:28.567411+00:00,79.0,final,2012-01-01,2012-03-31,1,2026-09-15T16:23:28.567411+00:00
GOV_DEBT_QUARTERLY_EUROPE,de:country,2012-Q2,2026-09-15T16:23:28.567411+00:00,80.4,final,2012-04-01,2012-06-30,1,2026-09-15T16:23:28.567411+00:00
GOV_DEBT_QUARTERLY_EUROPE,de:country,2012-Q3,2026-09-15T16:23:28.567411+00:00,79.9,final,2012-07-01,2012-09-30,1,2026-09-15T16:23:28.567411+00:00
GOV_DEBT_QUARTERLY_EUROPE,de:country,2012-Q4,2026-09-15T16:23:28.567411+00:00,79.8,final,2012-10-01,2012-12-31,1,2026-09-15T16:23:28.567411+00:00
GOV_DEBT_QUARTERLY_EUROPE,de:country,2013-Q1,2026-09-15T16:23:28.567411+00:00,79.4,final,2013-01-01,2013-03-31,1,2026-09-15T16:23:28.567411+00:00
GOV_DEBT_QUARTERLY_EUROPE,de:country,2013-Q2,2026-09-15T16:23:28.567411+00:00,78.8,final,2013-04-01,2013-06-30,1,2026-09-15T16:23:28.567411+00:00
GOV_DEBT_QUARTERLY_EUROPE,de:country,2013-Q3,2026-09-15T16:23:28.567411+00:00,77.5,final,2013-07-01,2013-09-30,1,2026-09-15T16:23:28.567411+00:00
GOV_DEBT_QUARTERLY_EUROPE,de:country,2013-Q4,2026-09-15T16:23:28.567411+00:00,77.5,final,2013-10-01,2013-12-31,1,2026-09-15T16:23:28.567411+00:00
GOV_DEBT_QUARTERLY_EUROPE,de:country,2014-Q1,2026-09-15T16:23:28.567411+00:00,76.2,final,2014-01-01,2014-03-31,1,2026-09-15T16:23:28.567411+00:00
GOV_DEBT_QUARTERLY_EUROPE,de:country,2014-Q2,2026-09-15T16:23:28.567411+00:00,75.8,final,2014-04-01,2014-06-30,1,2026-09-15T16:23:28.567411+00:00
GOV_DEBT_QUARTERLY_EUROPE,de:country,2014-Q3,2026-09-15T16:23:28.567411+00:00,75.2,final,2014-07-01,2014-09-30,1,2026-09-15T16:23:28.567411+00:00
GOV_DEBT_QUARTERLY_EUROPE,de:country,2014-Q4,2026-09-15T16:23:28.567411+00:00,74.5,final,2014-10-01,2014-12-31,1,2026-09-15T16:23:28.567411+00:00
GOV_DEBT_QUARTERLY_EUROPE,de:country,2015-Q1,2026-09-15T16:23:28.567411+00:00,74.2,final,2015-01-01,2015-03-31,1,2026-09-15T16:23:28.567411+00:00
GOV_DEBT_QUARTERLY_EUROPE,de:country,2015-Q2,2026-09-15T16:23:28.567411+00:00,72.4,final,2015-04-01,2015-06-30,1,2026-09-15T16:23:28.567411+00:00
GOV_DEBT_QUARTERLY_EUROPE,de:country,2015-Q3,2026-09-15T16:23:28.567411+00:00,71.9,final,2015-07-01,2015-09-30,1,2026-09-15T16:23:28.567411+00:00
GOV_DEBT_QUARTERLY_EUROPE,de:country,2015-Q4,2026-09-15T16:23:28.567411+00:00,71.2,final,2015-10-01,2015-12-31,1,2026-09-15T16:23:28.567411+00:00
GOV_DEBT_QUARTERLY_EUROPE,de:country,2016-Q1,2026-09-15T16:23:28.567411+00:00,70.9,final,2016-01-01,2016-03-31,1,2026-09-15T16:23:28.567411+00:00
GOV_DEBT_QUARTERLY_EUROPE,de:country,2016-Q2,2026-09-15T16:23:28.567411+00:00,70.2,final,2016-04-01,2016-06-30,1,2026-09-15T16:23:28.567411+00:00
GOV_DEBT_QUARTERLY_EUROPE,de:country,2016-Q3,2026-09-15T16:23:28.567411+00:00,69.5,final,2016-07-01,2016-09-30,1,2026-09-15T16:23:28.567411+00:00
GOV_DEBT_QUARTERLY_EUROPE,de:country,2016-Q4,2026-09-15T16:23:28.567411+00:00,68.3,final,2016-10-01,2016-12-31,1,2026-09-15T16:23:28.567411+00:00
GOV_DEBT_QUARTERLY_EUROPE,de:country,2017-Q1,2026-09-15T16:23:28.567411+00:00,66.8,final,2017-01-01,2017-03-31,1,2026-09-15T16:23:28.567411+00:00
GOV_DEBT_QUARTERLY_EUROPE,de:country,2017-Q2,2026-09-15T16:23:28.567411+00:00,66.1,final,2017-04-01,2017-06-30,1,2026-09-15T16:23:28.567411+00:00
GOV_DEBT_QUARTERLY_EUROPE,de:country,2017-Q3,2026-09-15T16:23:28.567411+00:00,65.2,final,2017-07-01,2017-09-30,1,2026-09-15T16:23:28.567411+00:00
GOV_DEBT_QUARTERLY_EUROPE,de:country,2017-Q4,2026-09-15T16:23:28.567411+00:00,64.0,final,2017-10-01,2017-12-31,1,2026-09-15T16:23:28.567411+00:00
GOV_DEBT_QUARTERLY_EUROPE,de:country,2018-Q1,2026-09-15T16:23:28.567411+00:00,62.9,provisional,2018-01-01,2018-03-31,1,2026-09-15T16:23:28.567411+00:00
GOV_DEBT_QUARTERLY_EUROPE,de:country,2018-Q2,2026-09-15T16:23:28.567411+00:00,61.8,provisional,2018-04-01,2018-06-30,1,2026-09-15T16:23:28.567411+00:00
GOV_DEBT_QUARTERLY_EUROPE,de:country,2018-Q3,2026-09-15T16:23:28.567411+00:00,61.5,provisional,2018-07-01,2018-09-30,1,2026-09-15T16:23:28.567411+00:00
GOV_DEBT_QUARTERLY_EUROPE,de:country,2018-Q4,2026-09-15T16:23:28.567411+00:00,60.8,provisional,2018-10-01,2018-12-31,1,2026-09-15T16:23:28.567411+00:00
GOV_DEBT_QUARTERLY_EUROPE,de:country,2019-Q1,2026-09-15T16:23:28.567411+00:00,60.6,provisional,2019-01-01,2019-03-31,1,2026-09-15T16:23:28.567411+00:00
GOV_DEBT_QUARTERLY_EUROPE,de:country,2019-Q2,2026-09-15T16:23:28.567411+00:00,60.0,provisional,2019-04-01,2019-06-30,1,2026-09-15T16:23:28.567411+00:00
GOV_DEBT_QUARTERLY_EUROPE,de:country,2019-Q3,2026-09-15T16:23:28.567411+00:00,59.9,provisional,2019-07-01,2019-09-30,1,2026-09-15T16:23:28.567411+00:00
GOV_DEBT_QUARTERLY_EUROPE,de:country,2019-Q4,2026-09-15T16:23:28.567411+00:00,58.7,provisional,2019-10-01,2019-12-31,1,2026-09-15T16:23:28.567411+00:00
GOV_DEBT_QUARTERLY_EUROPE,de:country,2020-Q1,2026-09-15T16:23:28.567411+00:00,59.8,provisional,2020-01-01,2020-03-31,1,2026-09-15T16:23:28.567411+00:00
GOV_DEBT_QUARTERLY_EUROPE,de:country,2020-Q2,2026-09-15T16:23:28.567411+00:00,66.0,provisional,2020-04-01,2020-06-30,1,2026-09-15T16:23:28.567411+00:00
GOV_DEBT_QUARTERLY_EUROPE,de:country,2020-Q3,2026-09-15T16:23:28.567411+00:00,68.5,provisional,2020-07-01,2020-09-30,1,2026-09-15T16:23:28.567411+00:00
GOV_DEBT_QUARTERLY_EUROPE,de:country,2020-Q4,2026-09-15T16:23:28.567411+00:00,68.0,provisional,2020-10-01,2020-12-31,1,2026-09-15T16:23:28.567411+00:00
GOV_DEBT_QUARTERLY_EUROPE,de:country,2021-Q1,2026-09-15T16:23:28.567411+00:00,68.8,provisional,2021-01-01,2021-03-31,1,2026-09-15T16:23:28.567411+00:00
GOV_DEBT_QUARTERLY_EUROPE,de:country,2021-Q2,2026-09-15T16:23:28.567411+00:00,68.2,provisional,2021-04-01,2021-06-30,1,2026-09-15T16:23:28.567411+00:00
GOV_DEBT_QUARTERLY_EUROPE,de:country,2021-Q3,2026-09-15T16:23:28.567411+00:00,68.0,provisional,2021-07-01,2021-09-30,1,2026-09-15T16:23:28.567411+00:00
GOV_DEBT_QUARTERLY_EUROPE,de:country,2021-Q4,2026-09-15T16:23:28.567411+00:00,67.9,provisional,2021-10-01,2021-12-31,1,2026-09-15T16:23:28.567411+00:00
GOV_DEBT_QUARTERLY_EUROPE,de:country,2022-Q1,2026-09-15T16:23:28.567411+00:00,66.5,provisional,2022-01-01,2022-03-31,1,2026-09-15T16:23:28.567411+00:00
GOV_DEBT_QUARTERLY_EUROPE,de:country,2022-Q2,2026-09-15T16:23:28.567411+00:00,66.1,provisional,2022-04-01,2022-06-30,1,2026-09-15T16:23:28.567411+00:00
GOV_DEBT_QUARTERLY_EUROPE,de:country,2022-Q3,2026-09-15T16:23:28.567411+00:00,65.2,provisional,2022-07-01,2022-09-30,1,2026-09-15T16:23:28.567411+00:00
GOV_DEBT_QUARTERLY_EUROPE,de:country,2022-Q4,2026-09-15T16:23:28.567411+00:00,64.4,provisional,2022-10-01,2022-12-31,1,2026-09-15T16:23:28.567411+00:00
GOV_DEBT_QUARTERLY_EUROPE,de:country,2023-Q1,2026-09-15T16:23:28.567411+00:00,63.9,provisional,2023-01-01,2023-03-31,1,2026-09-15T16:23:28.567411+00:00
GOV_DEBT_QUARTERLY_EUROPE,de:country,2023-Q2,2026-09-15T16:23:28.567411+00:00,63.0,provisional,2023-04-01,2023-06-30,1,2026-09-15T16:23:28.567411+00:00
GOV_DEBT_QUARTERLY_EUROPE,de:country,2023-Q3,2026-09-15T16:23:28.567411+00:00,63.2,provisional,2023-07-01,2023-09-30,1,2026-09-15T16:23:28.567411+00:00
GOV_DEBT_QUARTERLY_EUROPE,de:country,2023-Q4,2026-09-15T16:23:28.567411+00:00,62.3,provisional,2023-10-01,2023-12-31,1,2026-09-15T16:23:28.567411+00:00
GOV_DEBT_QUARTERLY_EUROPE,de:country,2024-Q1,2026-09-15T16:23:28.567411+00:00,62.1,provisional,2024-01-01,2024-03-31,1,2026-09-15T16:23:28.567411+00:00
GOV_DEBT_QUARTERLY_EUROPE,de:country,2024-Q2,2026-09-15T16:23:28.567411+00:00,61.6,provisional,2024-04-01,2024-06-30,1,2026-09-15T16:23:28.567411+00:00
GOV_DEBT_QUARTERLY_EUROPE,de:country,2024-Q3,2026-09-15T16:23:28.567411+00:00,62.0,provisional,2024-07-01,2024-09-30,1,2026-09-15T16:23:28.567411+00:00
GOV_DEBT_QUARTERLY_EUROPE,de:country,2024-Q4,2026-09-15T16:23:28.567411+00:00,62.2,provisional,2024-10-01,2024-12-31,1,2026-09-15T16:23:28.567411+00:00
GOV_DEBT_QUARTERLY_EUROPE,de:country,2025-Q1,2026-09-15T16:23:28.567411+00:00,62.0,provisional,2025-01-01,2025-03-31,1,2026-09-15T16:23:28.567411+00:00
GOV_DEBT_QUARTERLY_EUROPE,de:country,2025-Q2,2026-09-15T16:23:28.567411+00:00,62.3,provisional,2025-04-01,2025-06-30,1,2026-09-15T16:23:28.567411+00:00
GOV_DEBT_QUARTERLY_EUROPE,de:country,2025-Q3,2026-09-15T16:23:28.567411+00:00,63.0,provisional,2025-07-01,2025-09-30,1,2026-09-15T16:23:28.567411+00:00
GOV_DEBT_QUARTERLY_EUROPE,de:country,2025-Q4,2026-09-15T16:23:28.567411+00:00,63.5,provisional,2025-10-01,2025-12-31,1,2026-09-15T16:23:28.567411+00:00
GOV_DEBT_QUARTERLY_EUROPE,de:country,2026-Q1,2026-09-15T16:23:28.567411+00:00,64.4,provisional,2026-01-01,2026-03-31,1,2026-09-15T16:23:28.567411+00:00
GOV_DEBT_QUARTERLY_EUROPE,dk:country,2008-Q1,2026-09-15T16:23:28.567411+00:00,29.9,final,2008-01-01,2008-03-31,1,2026-09-15T16:23:28.567411+00:00
GOV_DEBT_QUARTERLY_EUROPE,dk:country,2008-Q2,2026-09-15T16:23:28.567411+00:00,28.9,final,2008-04-01,2008-06-30,1,2026-09-15T16:23:28.567411+00:00
GOV_DEBT_QUARTERLY_EUROPE,dk:country,2008-Q3,2026-09-15T16:23:28.567411+00:00,26.4,final,2008-07-01,2008-09-30,1,2026-09-15T16:23:28.567411+00:00
GOV_DEBT_QUARTERLY_EUROPE,dk:country,2008-Q4,2026-09-15T16:23:28.567411+00:00,35.5,final,2008-10-01,2008-12-31,1,2026-09-15T16:23:28.567411+00:00
GOV_DEBT_QUARTERLY_EUROPE,dk:country,2009-Q1,2026-09-15T16:23:28.567411+00:00,37.2,final,2009-01-01,2009-03-31,1,2026-09-15T16:23:28.567411+00:00
GOV_DEBT_QUARTERLY_EUROPE,dk:country,2009-Q2,2026-09-15T16:23:28.567411+00:00,40.2,final,2009-04-01,2009-06-30,1,2026-09-15T16:23:28.567411+00:00
GOV_DEBT_QUARTERLY_EUROPE,dk:country,2009-Q3,2026-09-15T16:23:28.567411+00:00,42.4,final,2009-07-01,2009-09-30,1,2026-09-15T16:23:28.567411+00:00
GOV_DEBT_QUARTERLY_EUROPE,dk:country,2009-Q4,2026-09-15T16:23:28.567411+00:00,43.0,final,2009-10-01,2009-12-31,1,2026-09-15T16:23:28.567411+00:00
GOV_DEBT_QUARTERLY_EUROPE,dk:country,2010-Q1,2026-09-15T16:23:28.567411+00:00,45.5,final,2010-01-01,2010-03-31,1,2026-09-15T16:23:28.567411+00:00
GOV_DEBT_QUARTERLY_EUROPE,dk:country,2010-Q2,2026-09-15T16:23:28.567411+00:00,47.7,final,2010-04-01,2010-06-30,1,2026-09-15T16:23:28.567411+00:00
GOV_DEBT_QUARTERLY_EUROPE,dk:country,2010-Q3,2026-09-15T16:23:28.567411+00:00,47.5,final,2010-07-01,2010-09-30,1,2026-09-15T16:23:28.567411+00:00
GOV_DEBT_QUARTERLY_EUROPE,dk:country,2010-Q4,2026-09-15T16:23:28.567411+00:00,46.1,final,2010-10-01,2010-12-31,1,2026-09-15T16:23:28.567411+00:00
GOV_DEBT_QUARTERLY_EUROPE,dk:country,2011-Q1,2026-09-15T16:23:28.567411+00:00,48.2,final,2011-01-01,2011-03-31,1,2026-09-15T16:23:28.567411+00:00
GOV_DEBT_QUARTERLY_EUROPE,dk:country,2011-Q2,2026-09-15T16:23:28.567411+00:00,49.7,final,2011-04-01,2011-06-30,1,2026-09-15T16:23:28.567411+00:00
GOV_DEBT_QUARTERLY_EUROPE,dk:country,2011-Q3,2026-09-15T16:23:28.567411+00:00,52.6,final,2011-07-01,2011-09-30,1,2026-09-15T16:23:28.567411+00:00
GOV_DEBT_QUARTERLY_EUROPE,dk:country,2011-Q4,2026-09-15T16:23:28.567411+00:00,50.0,final,2011-10-01,2011-12-31,1,2026-09-15T16:23:28.567411+00:00
GOV_DEBT_QUARTERLY_EUROPE,dk:country,2012-Q1,2026-09-15T16:23:28.567411+00:00,48.5,final,2012-01-01,2012-03-31,1,2026-09-15T16:23:28.567411+00:00
GOV_DEBT_QUARTERLY_EUROPE,dk:country,2012-Q2,2026-09-15T16:23:28.567411+00:00,49.8,final,2012-04-01,2012-06-30,1,2026-09-15T16:23:28.567411+00:00
GOV_DEBT_QUARTERLY_EUROPE,dk:country,2012-Q3,2026-09-15T16:23:28.567411+00:00,50.5,final,2012-07-01,2012-09-30,1,2026-09-15T16:23:28.567411+00:00
GOV_DEBT_QUARTERLY_EUROPE,dk:country,2012-Q4,2026-09-15T16:23:28.567411+00:00,48.7,final,2012-10-01,2012-12-31,1,2026-09-15T16:23:28.567411+00:00
GOV_DEBT_QUARTERLY_EUROPE,dk:country,2013-Q1,2026-09-15T16:23:28.567411+00:00,47.9,final,2013-01-01,2013-03-31,1,2026-09-15T16:23:28.567411+00:00
GOV_DEBT_QUARTERLY_EUROPE,dk:country,2013-Q2,2026-09-15T16:23:28.567411+00:00,49.1,final,2013-04-01,2013-06-30,1,2026-09-15T16:23:28.567411+00:00
GOV_DEBT_QUARTERLY_EUROPE,dk:country,2013-Q3,2026-09-15T16:23:28.567411+00:00,49.6,final,2013-07-01,2013-09-30,1,2026-09-15T16:23:28.567411+00:00
GOV_DEBT_QUARTERLY_EUROPE,dk:country,2013-Q4,2026-09-15T16:23:28.567411+00:00,47.8,final,2013-10-01,2013-12-31,1,2026-09-15T16:23:28.567411+00:00
GOV_DEBT_QUARTERLY_EUROPE,dk:country,2014-Q1,2026-09-15T16:23:28.567411+00:00,48.1,final,2014-01-01,2014-03-31,1,2026-09-15T16:23:28.567411+00:00
GOV_DEBT_QUARTERLY_EUROPE,dk:country,2014-Q2,2026-09-15T16:23:28.567411+00:00,48.4,final,2014-04-01,2014-06-30,1,2026-09-15T16:23:28.567411+00:00
GOV_DEBT_QUARTERLY_EUROPE,dk:country,2014-Q3,2026-09-15T16:23:28.567411+00:00,50.1,final,2014-07-01,2014-09-30,1,2026-09-15T16:23:28.567411+00:00
GOV_DEBT_QUARTERLY_EUROPE,dk:country,2014-Q4,2026-09-15T16:23:28.567411+00:00,48.7,final,2014-10-01,2014-12-31,1,2026-09-15T16:23:28.567411+00:00
GOV_DEBT_QUARTERLY_EUROPE,dk:country,2015-Q1,2026-09-15T16:23:28.567411+00:00,47.6,final,2015-01-01,2015-03-31,1,2026-09-15T16:23:28.567411+00:00
GOV_DEBT_QUARTERLY_EUROPE,dk:country,2015-Q2,2026-09-15T16:23:28.567411+00:00,46.3,final,2015-04-01,2015-06-30,1,2026-09-15T16:23:28.567411+00:00
GOV_DEBT_QUARTERLY_EUROPE,dk:country,2015-Q3,2026-09-15T16:23:28.567411+00:00,45.9,final,2015-07-01,2015-09-30,1,2026-09-15T16:23:28.567411+00:00
GOV_DEBT_QUARTERLY_EUROPE,dk:country,2015-Q4,2026-09-15T16:23:28.567411+00:00,44.6,final,2015-10-01,2015-12-31,1,2026-09-15T16:23:28.567411+00:00
GOV_DEBT_QUARTERLY_EUROPE,dk:country,2016-Q1,2026-09-15T16:23:28.567411+00:00,43.8,final,2016-01-01,2016-03-31,1,2026-09-15T16:23:28.567411+00:00
GOV_DEBT_QUARTERLY_EUROPE,dk:country,2016-Q2,2026-09-15T16:23:28.567411+00:00,43.9,final,2016-04-01,2016-06-30,1,2026-09-15T16:23:28.567411+00:00
GOV_DEBT_QUARTERLY_EUROPE,dk:country,2016-Q3,2026-09-15T16:23:28.567411+00:00,42.8,final,2016-07-01,2016-09-30,1,2026-09-15T16:23:28.567411+00:00
GOV_DEBT_QUARTERLY_EUROPE,dk:country,2016-Q4,2026-09-15T16:23:28.567411+00:00,41.7,final,2016-10-01,2016-12-31,1,2026-09-15T16:23:28.567411+00:00
GOV_DEBT_QUARTERLY_EUROPE,dk:country,2017-Q1,2026-09-15T16:23:28.567411+00:00,40.7,final,2017-01-01,2017-03-31,1,2026-09-15T16:23:28.567411+00:00
GOV_DEBT_QUARTERLY_EUROPE,dk:country,2017-Q2,2026-09-15T16:23:28.567411+00:00,40.5,final,2017-04-01,2017-06-30,1,2026-09-15T16:23:28.567411+00:00
GOV_DEBT_QUARTERLY_EUROPE,dk:country,2017-Q3,2026-09-15T16:23:28.567411+00:00,40.5,final,2017-07-01,2017-09-30,1,2026-09-15T16:23:28.567411+00:00
GOV_DEBT_QUARTERLY_EUROPE,dk:country,2017-Q4,2026-09-15T16:23:28.567411+00:00,40.2,final,2017-10-01,2017-12-31,1,2026-09-15T16:23:28.567411+00:00
GOV_DEBT_QUARTERLY_EUROPE,dk:country,2018-Q1,2026-09-15T16:23:28.567411+00:00,39.8,final,2018-01-01,2018-03-31,1,2026-09-15T16:23:28.567411+00:00
GOV_DEBT_QUARTERLY_EUROPE,dk:country,2018-Q2,2026-09-15T16:23:28.567411+00:00,39.3,final,2018-04-01,2018-06-30,1,2026-09-15T16:23:28.567411+00:00
GOV_DEBT_QUARTERLY_EUROPE,dk:country,2018-Q3,2026-09-15T16:23:28.567411+00:00,39.3,final,2018-07-01,2018-09-30,1,2026-09-15T16:23:28.567411+00:00
GOV_DEBT_QUARTERLY_EUROPE,dk:country,2018-Q4,2026-09-15T16:23:28.567411+00:00,38.5,final,2018-10-01,2018-12-31,1,2026-09-15T16:23:28.567411+00:00
GOV_DEBT_QUARTERLY_EUROPE,dk:country,2019-Q1,2026-09-15T16:23:28.567411+00:00,38.0,final,2019-01-01,2019-03-31,1,2026-09-15T16:23:28.567411+00:00
GOV_DEBT_QUARTERLY_EUROPE,dk:country,2019-Q2,2026-09-15T16:23:28.567411+00:00,39.5,final,2019-04-01,2019-06-30,1,2026-09-15T16:23:28.567411+00:00
GOV_DEBT_QUARTERLY_EUROPE,dk:country,2019-Q3,2026-09-15T16:23:28.567411+00:00,39.1,final,2019-07-01,2019-09-30,1,2026-09-15T16:23:28.567411+00:00
GOV_DEBT_QUARTERLY_EUROPE,dk:country,2019-Q4,2026-09-15T16:23:28.567411+00:00,38.3,final,2019-10-01,2019-12-31,1,2026-09-15T16:23:28.567411+00:00
GOV_DEBT_QUARTERLY_EUROPE,dk:country,2020-Q1,2026-09-15T16:23:28.567411+00:00,37.1,final,2020-01-01,2020-03-31,1,2026-09-15T16:23:28.567411+00:00
GOV_DEBT_QUARTERLY_EUROPE,dk:country,2020-Q2,2026-09-15T16:23:28.567411+00:00,45.0,final,2020-04-01,2020-06-30,1,2026-09-15T16:23:28.567411+00:00
GOV_DEBT_QUARTERLY_EUROPE,dk:country,2020-Q3,2026-09-15T16:23:28.567411+00:00,45.5,final,2020-07-01,2020-09-30,1,2026-09-15T16:23:28.567411+00:00
GOV_DEBT_QUARTERLY_EUROPE,dk:country,2020-Q4,2026-09-15T16:23:28.567411+00:00,45.2,final,2020-10-01,2020-12-31,1,2026-09-15T16:23:28.567411+00:00
GOV_DEBT_QUARTERLY_EUROPE,dk:country,2021-Q1,2026-09-15T16:23:28.567411+00:00,43.9,final,2021-01-01,2021-03-31,1,2026-09-15T16:23:28.567411+00:00
GOV_DEBT_QUARTERLY_EUROPE,dk:country,2021-Q2,2026-09-15T16:23:28.567411+00:00,43.1,final,2021-04-01,2021-06-30,1,2026-09-15T16:23:28.567411+00:00
GOV_DEBT_QUARTERLY_EUROPE,dk:country,2021-Q3,2026-09-15T16:23:28.567411+00:00,42.6,final,2021-07-01,2021-09-30,1,2026-09-15T16:23:28.567411+00:00
GOV_DEBT_QUARTERLY_EUROPE,dk:country,2021-Q4,2026-09-15T16:23:28.567411+00:00,39.6,final,2021-10-01,2021-12-31,1,2026-09-15T16:23:28.567411+00:00
GOV_DEBT_QUARTERLY_EUROPE,dk:country,2022-Q1,2026-09-15T16:23:28.567411+00:00,36.1,final,2022-01-01,2022-03-31,1,2026-09-15T16:23:28.567411+00:00
GOV_DEBT_QUARTERLY_EUROPE,dk:country,2022-Q2,2026-09-15T16:23:28.567411+00:00,34.7,final,2022-04-01,2022-06-30,1,2026-09-15T16:23:28.567411+00:00
GOV_DEBT_QUARTERLY_EUROPE,dk:country,2022-Q3,2026-09-15T16:23:28.567411+00:00,33.7,final,2022-07-01,2022-09-30,1,2026-09-15T16:23:28.567411+00:00
GOV_DEBT_QUARTERLY_EUROPE,dk:country,2022-Q4,2026-09-15T16:23:28.567411+00:00,33.3,final,2022-10-01,2022-12-31,1,2026-09-15T16:23:28.567411+00:00
GOV_DEBT_QUARTERLY_EUROPE,dk:country,2023-Q1,2026-09-15T16:23:28.567411+00:00,33.2,final,2023-01-01,2023-03-31,1,2026-09-15T16:23:28.567411+00:00
GOV_DEBT_QUARTERLY_EUROPE,dk:country,2023-Q2,2026-09-15T16:23:28.567411+00:00,33.9,final,2023-04-01,2023-06-30,1,2026-09-15T16:23:28.567411+00:00
GOV_DEBT_QUARTERLY_EUROPE,dk:country,2023-Q3,2026-09-15T16:23:28.567411+00:00,33.8,final,2023-07-01,2023-09-30,1,2026-09-15T16:23:28.567411+00:00
GOV_DEBT_QUARTERLY_EUROPE,dk:country,2023-Q4,2026-09-15T16:23:28.567411+00:00,33.1,final,2023-10-01,2023-12-31,1,2026-09-15T16:23:28.567411+00:00
GOV_DEBT_QUARTERLY_EUROPE,dk:country,2024-Q1,2026-09-15T16:23:28.567411+00:00,33.0,final,2024-01-01,2024-03-31,1,2026-09-15T16:23:28.567411+00:00
GOV_DEBT_QUARTERLY_EUROPE,dk:country,2024-Q2,2026-09-15T16:23:28.567411+00:00,32.9,final,2024-04-01,2024-06-30,1,2026-09-15T16:23:28.567411+00:00
GOV_DEBT_QUARTERLY_EUROPE,dk:country,2024-Q3,2026-09-15T16:23:28.567411+00:00,32.2,final,2024-07-01,2024-09-30,1,2026-09-15T16:23:28.567411+00:00
GOV_DEBT_QUARTERLY_EUROPE,dk:country,2024-Q4,2026-09-15T16:23:28.567411+00:00,30.0,final,2024-10-01,2024-12-31,1,2026-09-15T16:23:28.567411+00:00
GOV_DEBT_QUARTERLY_EUROPE,dk:country,2025-Q1,2026-09-15T16:23:28.567411+00:00,29.3,final,2025-01-01,2025-03-31,1,2026-09-15T16:23:28.567411+00:00
GOV_DEBT_QUARTERLY_EUROPE,dk:country,2025-Q2,2026-09-15T16:23:28.567411+00:00,28.8,final,2025-04-01,2025-06-30,1,2026-09-15T16:23:28.567411+00:00
GOV_DEBT_QUARTERLY_EUROPE,dk:country,2025-Q3,2026-09-15T16:23:28.567411+00:00,29.0,final,2025-07-01,2025-09-30,1,2026-09-15T16:23:28.567411+00:00
GOV_DEBT_QUARTERLY_EUROPE,dk:country,2025-Q4,2026-09-15T16:23:28.567411+00:00,27.2,final,2025-10-01,2025-12-31,1,2026-09-15T16:23:28.567411+00:00
GOV_DEBT_QUARTERLY_EUROPE,dk:country,2026-Q1,2026-09-15T16:23:28.567411+00:00,26.8,provisional,2026-01-01,2026-03-31,1,2026-09-15T16:23:28.567411+00:00
GOV_DEBT_QUARTERLY_EUROPE,ea21:aggregate,2008-Q1,2026-09-15T16:23:28.567411+00:00,66.6,final,2008-01-01,2008-03-31,1,2026-09-15T16:23:28.567411+00:00
GOV_DEBT_QUARTERLY_EUROPE,ea21:aggregate,2008-Q2,2026-09-15T16:23:28.567411+00:00,66.9,final,2008-04-01,2008-06-30,1,2026-09-15T16:23:28.567411+00:00
GOV_DEBT_QUARTERLY_EUROPE,ea21:aggregate,2008-Q3,2026-09-15T16:23:28.567411+00:00,66.9,final,2008-07-01,2008-09-30,1,2026-09-15T16:23:28.567411+00:00
GOV_DEBT_QUARTERLY_EUROPE,ea21:aggregate,2008-Q4,2026-09-15T16:23:28.567411+00:00,69.4,final,2008-10-01,2008-12-31,1,2026-09-15T16:23:28.567411+00:00
GOV_DEBT_QUARTERLY_EUROPE,ea21:aggregate,2009-Q1,2026-09-15T16:23:28.567411+00:00,73.3,final,2009-01-01,2009-03-31,1,2026-09-15T16:23:28.567411+00:00
GOV_DEBT_QUARTERLY_EUROPE,ea21:aggregate,2009-Q2,2026-09-15T16:23:28.567411+00:00,76.7,final,2009-04-01,2009-06-30,1,2026-09-15T16:23:28.567411+00:00
GOV_DEBT_QUARTERLY_EUROPE,ea21:aggregate,2009-Q3,2026-09-15T16:23:28.567411+00:00,78.7,final,2009-07-01,2009-09-30,1,2026-09-15T16:23:28.567411+00:00
GOV_DEBT_QUARTERLY_EUROPE,ea21:aggregate,2009-Q4,2026-09-15T16:23:28.567411+00:00,79.8,final,2009-10-01,2009-12-31,1,2026-09-15T16:23:28.567411+00:00
GOV_DEBT_QUARTERLY_EUROPE,ea21:aggregate,2010-Q1,2026-09-15T16:23:28.567411+00:00,81.4,final,2010-01-01,2010-03-31,1,2026-09-15T16:23:28.567411+00:00
GOV_DEBT_QUARTERLY_EUROPE,ea21:aggregate,2010-Q2,2026-09-15T16:23:28.567411+00:00,82.7,final,2010-04-01,2010-06-30,1,2026-09-15T16:23:28.567411+00:00
GOV_DEBT_QUARTERLY_EUROPE,ea21:aggregate,2010-Q3,2026-09-15T16:23:28.567411+00:00,82.8,final,2010-07-01,2010-09-30,1,2026-09-15T16:23:28.567411+00:00
GOV_DEBT_QUARTERLY_EUROPE,ea21:aggregate,2010-Q4,2026-09-15T16:23:28.567411+00:00,85.2,final,2010-10-01,2010-12-31,1,2026-09-15T16:23:28.567411+00:00
GOV_DEBT_QUARTERLY_EUROPE,ea21:aggregate,2011-Q1,2026-09-15T16:23:28.567411+00:00,85.8,final,2011-01-01,2011-03-31,1,2026-09-15T16:23:28.567411+00:00
GOV_DEBT_QUARTERLY_EUROPE,ea21:aggregate,2011-Q2,2026-09-15T16:23:28.567411+00:00,86.5,final,2011-04-01,2011-06-30,1,2026-09-15T16:23:28.567411+00:00
GOV_DEBT_QUARTERLY_EUROPE,ea21:aggregate,2011-Q3,2026-09-15T16:23:28.567411+00:00,86.4,final,2011-07-01,2011-09-30,1,2026-09-15T16:23:28.567411+00:00
GOV_DEBT_QUARTERLY_EUROPE,ea21:aggregate,2011-Q4,2026-09-15T16:23:28.567411+00:00,87.0,final,2011-10-01,2011-12-31,1,2026-09-15T16:23:28.567411+00:00
GOV_DEBT_QUARTERLY_EUROPE,ea21:aggregate,2012-Q1,2026-09-15T16:23:28.567411+00:00,87.8,final,2012-01-01,2012-03-31,1,2026-09-15T16:23:28.567411+00:00
GOV_DEBT_QUARTERLY_EUROPE,ea21:aggregate,2012-Q2,2026-09-15T16:23:28.567411+00:00,89.4,final,2012-04-01,2012-06-30,1,2026-09-15T16:23:28.567411+00:00
GOV_DEBT_QUARTERLY_EUROPE,ea21:aggregate,2012-Q3,2026-09-15T16:23:28.567411+00:00,89.5,final,2012-07-01,2012-09-30,1,2026-09-15T16:23:28.567411+00:00
GOV_DEBT_QUARTERLY_EUROPE,ea21:aggregate,2012-Q4,2026-09-15T16:23:28.567411+00:00,90.5,final,2012-10-01,2012-12-31,1,2026-09-15T16:23:28.567411+00:00
GOV_DEBT_QUARTERLY_EUROPE,ea21:aggregate,2013-Q1,2026-09-15T16:23:28.567411+00:00,92.4,final,2013-01-01,2013-03-31,1,2026-09-15T16:23:28.567411+00:00
GOV_DEBT_QUARTERLY_EUROPE,ea21:aggregate,2013-Q2,2026-09-15T16:23:28.567411+00:00,93.3,final,2013-04-01,2013-06-30,1,2026-09-15T16:23:28.567411+00:00
GOV_DEBT_QUARTERLY_EUROPE,ea21:aggregate,2013-Q3,2026-09-15T16:23:28.567411+00:00,92.6,final,2013-07-01,2013-09-30,1,2026-09-15T16:23:28.567411+00:00
GOV_DEBT_QUARTERLY_EUROPE,ea21:aggregate,2013-Q4,2026-09-15T16:23:28.567411+00:00,92.4,final,2013-10-01,2013-12-31,1,2026-09-15T16:23:28.567411+00:00
GOV_DEBT_QUARTERLY_EUROPE,ea21:aggregate,2014-Q1,2026-09-15T16:23:28.567411+00:00,93.3,final,2014-01-01,2014-03-31,1,2026-09-15T16:23:28.567411+00:00
GOV_DEBT_QUARTERLY_EUROPE,ea21:aggregate,2014-Q2,2026-09-15T16:23:28.567411+00:00,93.9,final,2014-04-01,2014-06-30,1,2026-09-15T16:23:28.567411+00:00
GOV_DEBT_QUARTERLY_EUROPE,ea21:aggregate,2014-Q3,2026-09-15T16:23:28.567411+00:00,93.1,final,2014-07-01,2014-09-30,1,2026-09-15T16:23:28.567411+00:00
GOV_DEBT_QUARTERLY_EUROPE,ea21:aggregate,2014-Q4,2026-09-15T16:23:28.567411+00:00,92.7,final,2014-10-01,2014-12-31,1,2026-09-15T16:23:28.567411+00:00
GOV_DEBT_QUARTERLY_EUROPE,ea21:aggregate,2015-Q1,2026-09-15T16:23:28.567411+00:00,93.4,final,2015-01-01,2015-03-31,1,2026-09-15T16:23:28.567411+00:00
GOV_DEBT_QUARTERLY_EUROPE,ea21:aggregate,2015-Q2,2026-09-15T16:23:28.567411+00:00,92.6,final,2015-04-01,2015-06-30,1,2026-09-15T16:23:28.567411+00:00
GOV_DEBT_QUARTERLY_EUROPE,ea21:aggregate,2015-Q3,2026-09-15T16:23:28.567411+00:00,91.9,final,2015-07-01,2015-09-30,1,2026-09-15T16:23:28.567411+00:00
GOV_DEBT_QUARTERLY_EUROPE,ea21:aggregate,2015-Q4,2026-09-15T16:23:28.567411+00:00,90.7,final,2015-10-01,2015-12-31,1,2026-09-15T16:23:28.567411+00:00
GOV_DEBT_QUARTERLY_EUROPE,ea21:aggregate,2016-Q1,2026-09-15T16:23:28.567411+00:00,91.7,final,2016-01-01,2016-03-31,1,2026-09-15T16:23:28.567411+00:00
GOV_DEBT_QUARTERLY_EUROPE,ea21:aggregate,2016-Q2,2026-09-15T16:23:28.567411+00:00,91.6,final,2016-04-01,2016-06-30,1,2026-09-15T16:23:28.567411+00:00
GOV_DEBT_QUARTERLY_EUROPE,ea21:aggregate,2016-Q3,2026-09-15T16:23:28.567411+00:00,90.5,final,2016-07-01,2016-09-30,1,2026-09-15T16:23:28.567411+00:00
GOV_DEBT_QUARTERLY_EUROPE,ea21:aggregate,2016-Q4,2026-09-15T16:23:28.567411+00:00,89.7,final,2016-10-01,2016-12-31,1,2026-09-15T16:23:28.567411+00:00
GOV_DEBT_QUARTERLY_EUROPE,ea21:aggregate,2017-Q1,2026-09-15T16:23:28.567411+00:00,89.8,final,2017-01-01,2017-03-31,1,2026-09-15T16:23:28.567411+00:00
GOV_DEBT_QUARTERLY_EUROPE,ea21:aggregate,2017-Q2,2026-09-15T16:23:28.567411+00:00,89.7,final,2017-04-01,2017-06-30,1,2026-09-15T16:23:28.567411+00:00
GOV_DEBT_QUARTERLY_EUROPE,ea21:aggregate,2017-Q3,2026-09-15T16:23:28.567411+00:00,88.8,final,2017-07-01,2017-09-30,1,2026-09-15T16:23:28.567411+00:00
GOV_DEBT_QUARTERLY_EUROPE,ea21:aggregate,2017-Q4,2026-09-15T16:23:28.567411+00:00,87.2,final,2017-10-01,2017-12-31,1,2026-09-15T16:23:28.567411+00:00
GOV_DEBT_QUARTERLY_EUROPE,ea21:aggregate,2018-Q1,2026-09-15T16:23:28.567411+00:00,87.2,provisional,2018-01-01,2018-03-31,1,2026-09-15T16:23:28.567411+00:00
GOV_DEBT_QUARTERLY_EUROPE,ea21:aggregate,2018-Q2,2026-09-15T16:23:28.567411+00:00,86.7,provisional,2018-04-01,2018-06-30,1,2026-09-15T16:23:28.567411+00:00
GOV_DEBT_QUARTERLY_EUROPE,ea21:aggregate,2018-Q3,2026-09-15T16:23:28.567411+00:00,86.5,provisional,2018-07-01,2018-09-30,1,2026-09-15T16:23:28.567411+00:00
GOV_DEBT_QUARTERLY_EUROPE,ea21:aggregate,2018-Q4,2026-09-15T16:23:28.567411+00:00,85.2,provisional,2018-10-01,2018-12-31,1,2026-09-15T16:23:28.567411+00:00
GOV_DEBT_QUARTERLY_EUROPE,ea21:aggregate,2019-Q1,2026-09-15T16:23:28.567411+00:00,85.7,provisional,2019-01-01,2019-03-31,1,2026-09-15T16:23:28.567411+00:00
GOV_DEBT_QUARTERLY_EUROPE,ea21:aggregate,2019-Q2,2026-09-15T16:23:28.567411+00:00,85.5,provisional,2019-04-01,2019-06-30,1,2026-09-15T16:23:28.567411+00:00
GOV_DEBT_QUARTERLY_EUROPE,ea21:aggregate,2019-Q3,2026-09-15T16:23:28.567411+00:00,85.0,provisional,2019-07-01,2019-09-30,1,2026-09-15T16:23:28.567411+00:00
GOV_DEBT_QUARTERLY_EUROPE,ea21:aggregate,2019-Q4,2026-09-15T16:23:28.567411+00:00,83.3,provisional,2019-10-01,2019-12-31,1,2026-09-15T16:23:28.567411+00:00
GOV_DEBT_QUARTERLY_EUROPE,ea21:aggregate,2020-Q1,2026-09-15T16:23:28.567411+00:00,85.3,provisional,2020-01-01,2020-03-31,1,2026-09-15T16:23:28.567411+00:00
GOV_DEBT_QUARTERLY_EUROPE,ea21:aggregate,2020-Q2,2026-09-15T16:23:28.567411+00:00,93.7,provisional,2020-04-01,2020-06-30,1,2026-09-15T16:23:28.567411+00:00
GOV_DEBT_QUARTERLY_EUROPE,ea21:aggregate,2020-Q3,2026-09-15T16:23:28.567411+00:00,95.9,provisional,2020-07-01,2020-09-30,1,2026-09-15T16:23:28.567411+00:00
GOV_DEBT_QUARTERLY_EUROPE,ea21:aggregate,2020-Q4,2026-09-15T16:23:28.567411+00:00,96.1,provisional,2020-10-01,2020-12-31,1,2026-09-15T16:23:28.567411+00:00
GOV_DEBT_QUARTERLY_EUROPE,ea21:aggregate,2021-Q1,2026-09-15T16:23:28.567411+00:00,98.4,provisional,2021-01-01,2021-03-31,1,2026-09-15T16:23:28.567411+00:00
GOV_DEBT_QUARTERLY_EUROPE,ea21:aggregate,2021-Q2,2026-09-15T16:23:28.567411+00:00,96.5,provisional,2021-04-01,2021-06-30,1,2026-09-15T16:23:28.567411+00:00
GOV_DEBT_QUARTERLY_EUROPE,ea21:aggregate,2021-Q3,2026-09-15T16:23:28.567411+00:00,95.5,provisional,2021-07-01,2021-09-30,1,2026-09-15T16:23:28.567411+00:00
GOV_DEBT_QUARTERLY_EUROPE,ea21:aggregate,2021-Q4,2026-09-15T16:23:28.567411+00:00,93.4,provisional,2021-10-01,2021-12-31,1,2026-09-15T16:23:28.567411+00:00
GOV_DEBT_QUARTERLY_EUROPE,ea21:aggregate,2022-Q1,2026-09-15T16:23:28.567411+00:00,93.0,provisional,2022-01-01,2022-03-31,1,2026-09-15T16:23:28.567411+00:00
GOV_DEBT_QUARTERLY_EUROPE,ea21:aggregate,2022-Q2,2026-09-15T16:23:28.567411+00:00,91.8,provisional,2022-04-01,2022-06-30,1,2026-09-15T16:23:28.567411+00:00
GOV_DEBT_QUARTERLY_EUROPE,ea21:aggregate,2022-Q3,2026-09-15T16:23:28.567411+00:00,90.3,provisional,2022-07-01,2022-09-30,1,2026-09-15T16:23:28.567411+00:00
GOV_DEBT_QUARTERLY_EUROPE,ea21:aggregate,2022-Q4,2026-09-15T16:23:28.567411+00:00,88.9,provisional,2022-10-01,2022-12-31,1,2026-09-15T16:23:28.567411+00:00
GOV_DEBT_QUARTERLY_EUROPE,ea21:aggregate,2023-Q1,2026-09-15T16:23:28.567411+00:00,88.6,provisional,2023-01-01,2023-03-31,1,2026-09-15T16:23:28.567411+00:00
GOV_DEBT_QUARTERLY_EUROPE,ea21:aggregate,2023-Q2,2026-09-15T16:23:28.567411+00:00,88.1,provisional,2023-04-01,2023-06-30,1,2026-09-15T16:23:28.567411+00:00
GOV_DEBT_QUARTERLY_EUROPE,ea21:aggregate,2023-Q3,2026-09-15T16:23:28.567411+00:00,87.6,provisional,2023-07-01,2023-09-30,1,2026-09-15T16:23:28.567411+00:00
GOV_DEBT_QUARTERLY_EUROPE,ea21:aggregate,2023-Q4,2026-09-15T16:23:28.567411+00:00,86.5,provisional,2023-10-01,2023-12-31,1,2026-09-15T16:23:28.567411+00:00
GOV_DEBT_QUARTERLY_EUROPE,ea21:aggregate,2024-Q1,2026-09-15T16:23:28.567411+00:00,86.9,provisional,2024-01-01,2024-03-31,1,2026-09-15T16:23:28.567411+00:00
GOV_DEBT_QUARTERLY_EUROPE,ea21:aggregate,2024-Q2,2026-09-15T16:23:28.567411+00:00,87.2,provisional,2024-04-01,2024-06-30,1,2026-09-15T16:23:28.567411+00:00
GOV_DEBT_QUARTERLY_EUROPE,ea21:aggregate,2024-Q3,2026-09-15T16:23:28.567411+00:00,87.2,provisional,2024-07-01,2024-09-30,1,2026-09-15T16:23:28.567411+00:00
GOV_DEBT_QUARTERLY_EUROPE,ea21:aggregate,2024-Q4,2026-09-15T16:23:28.567411+00:00,86.6,provisional,2024-10-01,2024-12-31,1,2026-09-15T16:23:28.567411+00:00
GOV_DEBT_QUARTERLY_EUROPE,ea21:aggregate,2025-Q1,2026-09-15T16:23:28.567411+00:00,87.2,provisional,2025-01-01,2025-03-31,1,2026-09-15T16:23:28.567411+00:00
GOV_DEBT_QUARTERLY_EUROPE,ea21:aggregate,2025-Q2,2026-09-15T16:23:28.567411+00:00,87.8,provisional,2025-04-01,2025-06-30,1,2026-09-15T16:23:28.567411+00:00
GOV_DEBT_QUARTERLY_EUROPE,ea21:aggregate,2025-Q3,2026-09-15T16:23:28.567411+00:00,88.2,provisional,2025-07-01,2025-09-30,1,2026-09-15T16:23:28.567411+00:00
GOV_DEBT_QUARTERLY_EUROPE,ea21:aggregate,2025-Q4,2026-09-15T16:23:28.567411+00:00,87.7,provisional,2025-10-01,2025-12-31,1,2026-09-15T16:23:28.567411+00:00
GOV_DEBT_QUARTERLY_EUROPE,ea21:aggregate,2026-Q1,2026-09-15T16:23:28.567411+00:00,88.9,provisional,2026-01-01,2026-03-31,1,2026-09-15T16:23:28.567411+00:00
GOV_DEBT_QUARTERLY_EUROPE,ee:country,2008-Q1,2026-09-15T16:23:28.567411+00:00,4.4,final,2008-01-01,2008-03-31,1,2026-09-15T16:23:28.567411+00:00
GOV_DEBT_QUARTERLY_EUROPE,ee:country,2008-Q2,2026-09-15T16:23:28.567411+00:00,4.1,final,2008-04-01,2008-06-30,1,2026-09-15T16:23:28.567411+00:00
GOV_DEBT_QUARTERLY_EUROPE,ee:country,2008-Q3,2026-09-15T16:23:28.567411+00:00,4.3,final,2008-07-01,2008-09-30,1,2026-09-15T16:23:28.567411+00:00
GOV_DEBT_QUARTERLY_EUROPE,ee:country,2008-Q4,2026-09-15T16:23:28.567411+00:00,4.7,final,2008-10-01,2008-12-31,1,2026-09-15T16:23:28.567411+00:00
GOV_DEBT_QUARTERLY_EUROPE,ee:country,2009-Q1,2026-09-15T16:23:28.567411+00:00,5.3,final,2009-01-01,2009-03-31,1,2026-09-15T16:23:28.567411+00:00
GOV_DEBT_QUARTERLY_EUROPE,ee:country,2009-Q2,2026-09-15T16:23:28.567411+00:00,6.1,final,2009-04-01,2009-06-30,1,2026-09-15T16:23:28.567411+00:00
GOV_DEBT_QUARTERLY_EUROPE,ee:country,2009-Q3,2026-09-15T16:23:28.567411+00:00,6.6,final,2009-07-01,2009-09-30,1,2026-09-15T16:23:28.567411+00:00
GOV_DEBT_QUARTERLY_EUROPE,ee:country,2009-Q4,2026-09-15T16:23:28.567411+00:00,8.0,final,2009-10-01,2009-12-31,1,2026-09-15T16:23:28.567411+00:00
GOV_DEBT_QUARTERLY_EUROPE,ee:country,2010-Q1,2026-09-15T16:23:28.567411+00:00,8.1,final,2010-01-01,2010-03-31,1,2026-09-15T16:23:28.567411+00:00
GOV_DEBT_QUARTERLY_EUROPE,ee:country,2010-Q2,2026-09-15T16:23:28.567411+00:00,8.1,final,2010-04-01,2010-06-30,1,2026-09-15T16:23:28.567411+00:00
GOV_DEBT_QUARTERLY_EUROPE,ee:country,2010-Q3,2026-09-15T16:23:28.567411+00:00,8.2,final,2010-07-01,2010-09-30,1,2026-09-15T16:23:28.567411+00:00
GOV_DEBT_QUARTERLY_EUROPE,ee:country,2010-Q4,2026-09-15T16:23:28.567411+00:00,8.0,final,2010-10-01,2010-12-31,1,2026-09-15T16:23:28.567411+00:00
GOV_DEBT_QUARTERLY_EUROPE,ee:country,2011-Q1,2026-09-15T16:23:28.567411+00:00,7.8,final,2011-01-01,2011-03-31,1,2026-09-15T16:23:28.567411+00:00
GOV_DEBT_QUARTERLY_EUROPE,ee:country,2011-Q2,2026-09-15T16:23:28.567411+00:00,7.6,final,2011-04-01,2011-06-30,1,2026-09-15T16:23:28.567411+00:00
GOV_DEBT_QUARTERLY_EUROPE,ee:country,2011-Q3,2026-09-15T16:23:28.567411+00:00,7.5,final,2011-07-01,2011-09-30,1,2026-09-15T16:23:28.567411+00:00
GOV_DEBT_QUARTERLY_EUROPE,ee:country,2011-Q4,2026-09-15T16:23:28.567411+00:00,7.6,final,2011-10-01,2011-12-31,1,2026-09-15T16:23:28.567411+00:00
GOV_DEBT_QUARTERLY_EUROPE,ee:country,2012-Q1,2026-09-15T16:23:28.567411+00:00,8.0,final,2012-01-01,2012-03-31,1,2026-09-15T16:23:28.567411+00:00
GOV_DEBT_QUARTERLY_EUROPE,ee:country,2012-Q2,2026-09-15T16:23:28.567411+00:00,8.6,final,2012-04-01,2012-06-30,1,2026-09-15T16:23:28.567411+00:00
GOV_DEBT_QUARTERLY_EUROPE,ee:country,2012-Q3,2026-09-15T16:23:28.567411+00:00,10.8,final,2012-07-01,2012-09-30,1,2026-09-15T16:23:28.567411+00:00
GOV_DEBT_QUARTERLY_EUROPE,ee:country,2012-Q4,2026-09-15T16:23:28.567411+00:00,11.1,final,2012-10-01,2012-12-31,1,2026-09-15T16:23:28.567411+00:00
GOV_DEBT_QUARTERLY_EUROPE,ee:country,2013-Q1,2026-09-15T16:23:28.567411+00:00,11.2,final,2013-01-01,2013-03-31,1,2026-09-15T16:23:28.567411+00:00
GOV_DEBT_QUARTERLY_EUROPE,ee:country,2013-Q2,2026-09-15T16:23:28.567411+00:00,11.3,final,2013-04-01,2013-06-30,1,2026-09-15T16:23:28.567411+00:00
GOV_DEBT_QUARTERLY_EUROPE,ee:country,2013-Q3,2026-09-15T16:23:28.567411+00:00,11.4,final,2013-07-01,2013-09-30,1,2026-09-15T16:23:28.567411+00:00
GOV_DEBT_QUARTERLY_EUROPE,ee:country,2013-Q4,2026-09-15T16:23:28.567411+00:00,11.4,final,2013-10-01,2013-12-31,1,2026-09-15T16:23:28.567411+00:00
GOV_DEBT_QUARTERLY_EUROPE,ee:country,2014-Q1,2026-09-15T16:23:28.567411+00:00,11.7,final,2014-01-01,2014-03-31,1,2026-09-15T16:23:28.567411+00:00
GOV_DEBT_QUARTERLY_EUROPE,ee:country,2014-Q2,2026-09-15T16:23:28.567411+00:00,11.7,final,2014-04-01,2014-06-30,1,2026-09-15T16:23:28.567411+00:00
GOV_DEBT_QUARTERLY_EUROPE,ee:country,2014-Q3,2026-09-15T16:23:28.567411+00:00,11.5,final,2014-07-01,2014-09-30,1,2026-09-15T16:23:28.567411+00:00
GOV_DEBT_QUARTERLY_EUROPE,ee:country,2014-Q4,2026-09-15T16:23:28.567411+00:00,11.6,final,2014-10-01,2014-12-31,1,2026-09-15T16:23:28.567411+00:00
GOV_DEBT_QUARTERLY_EUROPE,ee:country,2015-Q1,2026-09-15T16:23:28.567411+00:00,11.1,final,2015-01-01,2015-03-31,1,2026-09-15T16:23:28.567411+00:00
GOV_DEBT_QUARTERLY_EUROPE,ee:country,2015-Q2,2026-09-15T16:23:28.567411+00:00,11.0,final,2015-04-01,2015-06-30,1,2026-09-15T16:23:28.567411+00:00
GOV_DEBT_QUARTERLY_EUROPE,ee:country,2015-Q3,2026-09-15T16:23:28.567411+00:00,10.8,final,2015-07-01,2015-09-30,1,2026-09-15T16:23:28.567411+00:00
GOV_DEBT_QUARTERLY_EUROPE,ee:country,2015-Q4,2026-09-15T16:23:28.567411+00:00,10.8,final,2015-10-01,2015-12-31,1,2026-09-15T16:23:28.567411+00:00
GOV_DEBT_QUARTERLY_EUROPE,ee:country,2016-Q1,2026-09-15T16:23:28.567411+00:00,10.3,final,2016-01-01,2016-03-31,1,2026-09-15T16:23:28.567411+00:00
GOV_DEBT_QUARTERLY_EUROPE,ee:country,2016-Q2,2026-09-15T16:23:28.567411+00:00,10.0,final,2016-04-01,2016-06-30,1,2026-09-15T16:23:28.567411+00:00
GOV_DEBT_QUARTERLY_EUROPE,ee:country,2016-Q3,2026-09-15T16:23:28.567411+00:00,10.0,final,2016-07-01,2016-09-30,1,2026-09-15T16:23:28.567411+00:00
GOV_DEBT_QUARTERLY_EUROPE,ee:country,2016-Q4,2026-09-15T16:23:28.567411+00:00,10.2,final,2016-10-01,2016-12-31,1,2026-09-15T16:23:28.567411+00:00
GOV_DEBT_QUARTERLY_EUROPE,ee:country,2017-Q1,2026-09-15T16:23:28.567411+00:00,9.8,final,2017-01-01,2017-03-31,1,2026-09-15T16:23:28.567411+00:00
GOV_DEBT_QUARTERLY_EUROPE,ee:country,2017-Q2,2026-09-15T16:23:28.567411+00:00,9.6,final,2017-04-01,2017-06-30,1,2026-09-15T16:23:28.567411+00:00
GOV_DEBT_QUARTERLY_EUROPE,ee:country,2017-Q3,2026-09-15T16:23:28.567411+00:00,9.5,final,2017-07-01,2017-09-30,1,2026-09-15T16:23:28.567411+00:00
GOV_DEBT_QUARTERLY_EUROPE,ee:country,2017-Q4,2026-09-15T16:23:28.567411+00:00,9.4,final,2017-10-01,2017-12-31,1,2026-09-15T16:23:28.567411+00:00
GOV_DEBT_QUARTERLY_EUROPE,ee:country,2018-Q1,2026-09-15T16:23:28.567411+00:00,9.1,final,2018-01-01,2018-03-31,1,2026-09-15T16:23:28.567411+00:00
GOV_DEBT_QUARTERLY_EUROPE,ee:country,2018-Q2,2026-09-15T16:23:28.567411+00:00,8.9,final,2018-04-01,2018-06-30,1,2026-09-15T16:23:28.567411+00:00
GOV_DEBT_QUARTERLY_EUROPE,ee:country,2018-Q3,2026-09-15T16:23:28.567411+00:00,8.7,final,2018-07-01,2018-09-30,1,2026-09-15T16:23:28.567411+00:00
GOV_DEBT_QUARTERLY_EUROPE,ee:country,2018-Q4,2026-09-15T16:23:28.567411+00:00,8.5,final,2018-10-01,2018-12-31,1,2026-09-15T16:23:28.567411+00:00
GOV_DEBT_QUARTERLY_EUROPE,ee:country,2019-Q1,2026-09-15T16:23:28.567411+00:00,8.3,final,2019-01-01,2019-03-31,1,2026-09-15T16:23:28.567411+00:00
GOV_DEBT_QUARTERLY_EUROPE,ee:country,2019-Q2,2026-09-15T16:23:28.567411+00:00,9.7,final,2019-04-01,2019-06-30,1,2026-09-15T16:23:28.567411+00:00
GOV_DEBT_QUARTERLY_EUROPE,ee:country,2019-Q3,2026-09-15T16:23:28.567411+00:00,9.6,final,2019-07-01,2019-09-30,1,2026-09-15T16:23:28.567411+00:00
GOV_DEBT_QUARTERLY_EUROPE,ee:country,2019-Q4,2026-09-15T16:23:28.567411+00:00,9.0,final,2019-10-01,2019-12-31,1,2026-09-15T16:23:28.567411+00:00
GOV_DEBT_QUARTERLY_EUROPE,ee:country,2020-Q1,2026-09-15T16:23:28.567411+00:00,9.5,final,2020-01-01,2020-03-31,1,2026-09-15T16:23:28.567411+00:00
GOV_DEBT_QUARTERLY_EUROPE,ee:country,2020-Q2,2026-09-15T16:23:28.567411+00:00,19.0,final,2020-04-01,2020-06-30,1,2026-09-15T16:23:28.567411+00:00
GOV_DEBT_QUARTERLY_EUROPE,ee:country,2020-Q3,2026-09-15T16:23:28.567411+00:00,19.2,final,2020-07-01,2020-09-30,1,2026-09-15T16:23:28.567411+00:00
GOV_DEBT_QUARTERLY_EUROPE,ee:country,2020-Q4,2026-09-15T16:23:28.567411+00:00,19.1,final,2020-10-01,2020-12-31,1,2026-09-15T16:23:28.567411+00:00
GOV_DEBT_QUARTERLY_EUROPE,ee:country,2021-Q1,2026-09-15T16:23:28.567411+00:00,19.7,final,2021-01-01,2021-03-31,1,2026-09-15T16:23:28.567411+00:00
GOV_DEBT_QUARTERLY_EUROPE,ee:country,2021-Q2,2026-09-15T16:23:28.567411+00:00,19.7,final,2021-04-01,2021-06-30,1,2026-09-15T16:23:28.567411+00:00
GOV_DEBT_QUARTERLY_EUROPE,ee:country,2021-Q3,2026-09-15T16:23:28.567411+00:00,19.8,final,2021-07-01,2021-09-30,1,2026-09-15T16:23:28.567411+00:00
GOV_DEBT_QUARTERLY_EUROPE,ee:country,2021-Q4,2026-09-15T16:23:28.567411+00:00,18.4,final,2021-10-01,2021-12-31,1,2026-09-15T16:23:28.567411+00:00
GOV_DEBT_QUARTERLY_EUROPE,ee:country,2022-Q1,2026-09-15T16:23:28.567411+00:00,18.1,final,2022-01-01,2022-03-31,1,2026-09-15T16:23:28.567411+00:00
GOV_DEBT_QUARTERLY_EUROPE,ee:country,2022-Q2,2026-09-15T16:23:28.567411+00:00,17.7,final,2022-04-01,2022-06-30,1,2026-09-15T16:23:28.567411+00:00
GOV_DEBT_QUARTERLY_EUROPE,ee:country,2022-Q3,2026-09-15T16:23:28.567411+00:00,16.7,final,2022-07-01,2022-09-30,1,2026-09-15T16:23:28.567411+00:00
GOV_DEBT_QUARTERLY_EUROPE,ee:country,2022-Q4,2026-09-15T16:23:28.567411+00:00,19.2,final,2022-10-01,2022-12-31,1,2026-09-15T16:23:28.567411+00:00
GOV_DEBT_QUARTERLY_EUROPE,ee:country,2023-Q1,2026-09-15T16:23:28.567411+00:00,17.8,final,2023-01-01,2023-03-31,1,2026-09-15T16:23:28.567411+00:00
GOV_DEBT_QUARTERLY_EUROPE,ee:country,2023-Q2,2026-09-15T16:23:28.567411+00:00,19.0,final,2023-04-01,2023-06-30,1,2026-09-15T16:23:28.567411+00:00
GOV_DEBT_QUARTERLY_EUROPE,ee:country,2023-Q3,2026-09-15T16:23:28.567411+00:00,18.7,final,2023-07-01,2023-09-30,1,2026-09-15T16:23:28.567411+00:00
GOV_DEBT_QUARTERLY_EUROPE,ee:country,2023-Q4,2026-09-15T16:23:28.567411+00:00,20.2,final,2023-10-01,2023-12-31,1,2026-09-15T16:23:28.567411+00:00
GOV_DEBT_QUARTERLY_EUROPE,ee:country,2024-Q1,2026-09-15T16:23:28.567411+00:00,24.0,final,2024-01-01,2024-03-31,1,2026-09-15T16:23:28.567411+00:00
GOV_DEBT_QUARTERLY_EUROPE,ee:country,2024-Q2,2026-09-15T16:23:28.567411+00:00,23.6,final,2024-04-01,2024-06-30,1,2026-09-15T16:23:28.567411+00:00
GOV_DEBT_QUARTERLY_EUROPE,ee:country,2024-Q3,2026-09-15T16:23:28.567411+00:00,23.8,final,2024-07-01,2024-09-30,1,2026-09-15T16:23:28.567411+00:00
GOV_DEBT_QUARTERLY_EUROPE,ee:country,2024-Q4,2026-09-15T16:23:28.567411+00:00,23.5,final,2024-10-01,2024-12-31,1,2026-09-15T16:23:28.567411+00:00
GOV_DEBT_QUARTERLY_EUROPE,ee:country,2025-Q1,2026-09-15T16:23:28.567411+00:00,23.9,final,2025-01-01,2025-03-31,1,2026-09-15T16:23:28.567411+00:00
GOV_DEBT_QUARTERLY_EUROPE,ee:country,2025-Q2,2026-09-15T16:23:28.567411+00:00,23.2,final,2025-04-01,2025-06-30,1,2026-09-15T16:23:28.567411+00:00
GOV_DEBT_QUARTERLY_EUROPE,ee:country,2025-Q3,2026-09-15T16:23:28.567411+00:00,22.8,final,2025-07-01,2025-09-30,1,2026-09-15T16:23:28.567411+00:00
GOV_DEBT_QUARTERLY_EUROPE,ee:country,2025-Q4,2026-09-15T16:23:28.567411+00:00,24.1,final,2025-10-01,2025-12-31,1,2026-09-15T16:23:28.567411+00:00
GOV_DEBT_QUARTERLY_EUROPE,ee:country,2026-Q1,2026-09-15T16:23:28.567411+00:00,25.2,provisional,2026-01-01,2026-03-31,1,2026-09-15T16:23:28.567411+00:00
GOV_DEBT_QUARTERLY_EUROPE,el:country,2008-Q1,2026-09-15T16:23:28.567411+00:00,105.4,final,2008-01-01,2008-03-31,1,2026-09-15T16:23:28.567411+00:00
GOV_DEBT_QUARTERLY_EUROPE,el:country,2008-Q2,2026-09-15T16:23:28.567411+00:00,106.6,final,2008-04-01,2008-06-30,1,2026-09-15T16:23:28.567411+00:00
GOV_DEBT_QUARTERLY_EUROPE,el:country,2008-Q3,2026-09-15T16:23:28.567411+00:00,108.0,final,2008-07-01,2008-09-30,1,2026-09-15T16:23:28.567411+00:00
GOV_DEBT_QUARTERLY_EUROPE,el:country,2008-Q4,2026-09-15T16:23:28.567411+00:00,110.9,final,2008-10-01,2008-12-31,1,2026-09-15T16:23:28.567411+00:00
GOV_DEBT_QUARTERLY_EUROPE,el:country,2009-Q1,2026-09-15T16:23:28.567411+00:00,119.2,final,2009-01-01,2009-03-31,1,2026-09-15T16:23:28.567411+00:00
GOV_DEBT_QUARTERLY_EUROPE,el:country,2009-Q2,2026-09-15T16:23:28.567411+00:00,123.7,final,2009-04-01,2009-06-30,1,2026-09-15T16:23:28.567411+00:00
GOV_DEBT_QUARTERLY_EUROPE,el:country,2009-Q3,2026-09-15T16:23:28.567411+00:00,126.6,final,2009-07-01,2009-09-30,1,2026-09-15T16:23:28.567411+00:00
GOV_DEBT_QUARTERLY_EUROPE,el:country,2009-Q4,2026-09-15T16:23:28.567411+00:00,128.5,final,2009-10-01,2009-12-31,1,2026-09-15T16:23:28.567411+00:00
GOV_DEBT_QUARTERLY_EUROPE,el:country,2010-Q1,2026-09-15T16:23:28.567411+00:00,132.1,final,2010-01-01,2010-03-31,1,2026-09-15T16:23:28.567411+00:00
GOV_DEBT_QUARTERLY_EUROPE,el:country,2010-Q2,2026-09-15T16:23:28.567411+00:00,135.6,final,2010-04-01,2010-06-30,1,2026-09-15T16:23:28.567411+00:00
GOV_DEBT_QUARTERLY_EUROPE,el:country,2010-Q3,2026-09-15T16:23:28.567411+00:00,143.3,final,2010-07-01,2010-09-30,1,2026-09-15T16:23:28.567411+00:00
GOV_DEBT_QUARTERLY_EUROPE,el:country,2010-Q4,2026-09-15T16:23:28.567411+00:00,147.8,final,2010-10-01,2010-12-31,1,2026-09-15T16:23:28.567411+00:00
GOV_DEBT_QUARTERLY_EUROPE,el:country,2011-Q1,2026-09-15T16:23:28.567411+00:00,157.1,final,2011-01-01,2011-03-31,1,2026-09-15T16:23:28.567411+00:00
GOV_DEBT_QUARTERLY_EUROPE,el:country,2011-Q2,2026-09-15T16:23:28.567411+00:00,160.1,final,2011-04-01,2011-06-30,1,2026-09-15T16:23:28.567411+00:00
GOV_DEBT_QUARTERLY_EUROPE,el:country,2011-Q3,2026-09-15T16:23:28.567411+00:00,166.1,final,2011-07-01,2011-09-30,1,2026-09-15T16:23:28.567411+00:00
GOV_DEBT_QUARTERLY_EUROPE,el:country,2011-Q4,2026-09-15T16:23:28.567411+00:00,175.1,final,2011-10-01,2011-12-31,1,2026-09-15T16:23:28.567411+00:00
GOV_DEBT_QUARTERLY_EUROPE,el:country,2012-Q1,2026-09-15T16:23:28.567411+00:00,141.4,final,2012-01-01,2012-03-31,1,2026-09-15T16:23:28.567411+00:00
GOV_DEBT_QUARTERLY_EUROPE,el:country,2012-Q2,2026-09-15T16:23:28.567411+00:00,155.6,final,2012-04-01,2012-06-30,1,2026-09-15T16:23:28.567411+00:00
GOV_DEBT_QUARTERLY_EUROPE,el:country,2012-Q3,2026-09-15T16:23:28.567411+00:00,159.0,final,2012-07-01,2012-09-30,1,2026-09-15T16:23:28.567411+00:00
GOV_DEBT_QUARTERLY_EUROPE,el:country,2012-Q4,2026-09-15T16:23:28.567411+00:00,164.1,final,2012-10-01,2012-12-31,1,2026-09-15T16:23:28.567411+00:00
GOV_DEBT_QUARTERLY_EUROPE,el:country,2013-Q1,2026-09-15T16:23:28.567411+00:00,167.4,final,2013-01-01,2013-03-31,1,2026-09-15T16:23:28.567411+00:00
GOV_DEBT_QUARTERLY_EUROPE,el:country,2013-Q2,2026-09-15T16:23:28.567411+00:00,175.5,final,2013-04-01,2013-06-30,1,2026-09-15T16:23:28.567411+00:00
GOV_DEBT_QUARTERLY_EUROPE,el:country,2013-Q3,2026-09-15T16:23:28.567411+00:00,177.2,final,2013-07-01,2013-09-30,1,2026-09-15T16:23:28.567411+00:00
GOV_DEBT_QUARTERLY_EUROPE,el:country,2013-Q4,2026-09-15T16:23:28.567411+00:00,180.4,final,2013-10-01,2013-12-31,1,2026-09-15T16:23:28.567411+00:00
GOV_DEBT_QUARTERLY_EUROPE,el:country,2014-Q1,2026-09-15T16:23:28.567411+00:00,181.3,final,2014-01-01,2014-03-31,1,2026-09-15T16:23:28.567411+00:00
GOV_DEBT_QUARTERLY_EUROPE,el:country,2014-Q2,2026-09-15T16:23:28.567411+00:00,184.1,final,2014-04-01,2014-06-30,1,2026-09-15T16:23:28.567411+00:00
GOV_DEBT_QUARTERLY_EUROPE,el:country,2014-Q3,2026-09-15T16:23:28.567411+00:00,182.3,final,2014-07-01,2014-09-30,1,2026-09-15T16:23:28.567411+00:00
GOV_DEBT_QUARTERLY_EUROPE,el:country,2014-Q4,2026-09-15T16:23:28.567411+00:00,182.7,final,2014-10-01,2014-12-31,1,2026-09-15T16:23:28.567411+00:00
GOV_DEBT_QUARTERLY_EUROPE,el:country,2015-Q1,2026-09-15T16:23:28.567411+00:00,173.5,final,2015-01-01,2015-03-31,1,2026-09-15T16:23:28.567411+00:00
GOV_DEBT_QUARTERLY_EUROPE,el:country,2015-Q2,2026-09-15T16:23:28.567411+00:00,173.0,final,2015-04-01,2015-06-30,1,2026-09-15T16:23:28.567411+00:00
GOV_DEBT_QUARTERLY_EUROPE,el:country,2015-Q3,2026-09-15T16:23:28.567411+00:00,175.4,final,2015-07-01,2015-09-30,1,2026-09-15T16:23:28.567411+00:00
GOV_DEBT_QUARTERLY_EUROPE,el:country,2015-Q4,2026-09-15T16:23:28.567411+00:00,179.6,final,2015-10-01,2015-12-31,1,2026-09-15T16:23:28.567411+00:00
GOV_DEBT_QUARTERLY_EUROPE,el:country,2016-Q1,2026-09-15T16:23:28.567411+00:00,178.9,final,2016-01-01,2016-03-31,1,2026-09-15T16:23:28.567411+00:00
GOV_DEBT_QUARTERLY_EUROPE,el:country,2016-Q2,2026-09-15T16:23:28.567411+00:00,182.7,final,2016-04-01,2016-06-30,1,2026-09-15T16:23:28.567411+00:00
GOV_DEBT_QUARTERLY_EUROPE,el:country,2016-Q3,2026-09-15T16:23:28.567411+00:00,179.8,final,2016-07-01,2016-09-30,1,2026-09-15T16:23:28.567411+00:00
GOV_DEBT_QUARTERLY_EUROPE,el:country,2016-Q4,2026-09-15T16:23:28.567411+00:00,183.1,final,2016-10-01,2016-12-31,1,2026-09-15T16:23:28.567411+00:00
GOV_DEBT_QUARTERLY_EUROPE,el:country,2017-Q1,2026-09-15T16:23:28.567411+00:00,180.0,final,2017-01-01,2017-03-31,1,2026-09-15T16:23:28.567411+00:00
GOV_DEBT_QUARTERLY_EUROPE,el:country,2017-Q2,2026-09-15T16:23:28.567411+00:00,178.9,final,2017-04-01,2017-06-30,1,2026-09-15T16:23:28.567411+00:00
GOV_DEBT_QUARTERLY_EUROPE,el:country,2017-Q3,2026-09-15T16:23:28.567411+00:00,179.7,final,2017-07-01,2017-09-30,1,2026-09-15T16:23:28.567411+00:00
GOV_DEBT_QUARTERLY_EUROPE,el:country,2017-Q4,2026-09-15T16:23:28.567411+00:00,182.1,final,2017-10-01,2017-12-31,1,2026-09-15T16:23:28.567411+00:00
GOV_DEBT_QUARTERLY_EUROPE,el:country,2018-Q1,2026-09-15T16:23:28.567411+00:00,184.4,final,2018-01-01,2018-03-31,1,2026-09-15T16:23:28.567411+00:00
GOV_DEBT_QUARTERLY_EUROPE,el:country,2018-Q2,2026-09-15T16:23:28.567411+00:00,184.6,final,2018-04-01,2018-06-30,1,2026-09-15T16:23:28.567411+00:00
GOV_DEBT_QUARTERLY_EUROPE,el:country,2018-Q3,2026-09-15T16:23:28.567411+00:00,190.0,final,2018-07-01,2018-09-30,1,2026-09-15T16:23:28.567411+00:00
GOV_DEBT_QUARTERLY_EUROPE,el:country,2018-Q4,2026-09-15T16:23:28.567411+00:00,189.0,final,2018-10-01,2018-12-31,1,2026-09-15T16:23:28.567411+00:00
GOV_DEBT_QUARTERLY_EUROPE,el:country,2019-Q1,2026-09-15T16:23:28.567411+00:00,189.8,final,2019-01-01,2019-03-31,1,2026-09-15T16:23:28.567411+00:00
GOV_DEBT_QUARTERLY_EUROPE,el:country,2019-Q2,2026-09-15T16:23:28.567411+00:00,187.6,final,2019-04-01,2019-06-30,1,2026-09-15T16:23:28.567411+00:00
GOV_DEBT_QUARTERLY_EUROPE,el:country,2019-Q3,2026-09-15T16:23:28.567411+00:00,185.3,final,2019-07-01,2019-09-30,1,2026-09-15T16:23:28.567411+00:00
GOV_DEBT_QUARTERLY_EUROPE,el:country,2019-Q4,2026-09-15T16:23:28.567411+00:00,183.2,final,2019-10-01,2019-12-31,1,2026-09-15T16:23:28.567411+00:00
GOV_DEBT_QUARTERLY_EUROPE,el:country,2020-Q1,2026-09-15T16:23:28.567411+00:00,183.5,final,2020-01-01,2020-03-31,1,2026-09-15T16:23:28.567411+00:00
GOV_DEBT_QUARTERLY_EUROPE,el:country,2020-Q2,2026-09-15T16:23:28.567411+00:00,194.6,final,2020-04-01,2020-06-30,1,2026-09-15T16:23:28.567411+00:00
GOV_DEBT_QUARTERLY_EUROPE,el:country,2020-Q3,2026-09-15T16:23:28.567411+00:00,202.7,final,2020-07-01,2020-09-30,1,2026-09-15T16:23:28.567411+00:00
GOV_DEBT_QUARTERLY_EUROPE,el:country,2020-Q4,2026-09-15T16:23:28.567411+00:00,209.4,final,2020-10-01,2020-12-31,1,2026-09-15T16:23:28.567411+00:00
GOV_DEBT_QUARTERLY_EUROPE,el:country,2021-Q1,2026-09-15T16:23:28.567411+00:00,212.9,final,2021-01-01,2021-03-31,1,2026-09-15T16:23:28.567411+00:00
GOV_DEBT_QUARTERLY_EUROPE,el:country,2021-Q2,2026-09-15T16:23:28.567411+00:00,211.5,final,2021-04-01,2021-06-30,1,2026-09-15T16:23:28.567411+00:00
GOV_DEBT_QUARTERLY_EUROPE,el:country,2021-Q3,2026-09-15T16:23:28.567411+00:00,206.3,final,2021-07-01,2021-09-30,1,2026-09-15T16:23:28.567411+00:00
GOV_DEBT_QUARTERLY_EUROPE,el:country,2021-Q4,2026-09-15T16:23:28.567411+00:00,197.3,final,2021-10-01,2021-12-31,1,2026-09-15T16:23:28.567411+00:00
GOV_DEBT_QUARTERLY_EUROPE,el:country,2022-Q1,2026-09-15T16:23:28.567411+00:00,193.5,final,2022-01-01,2022-03-31,1,2026-09-15T16:23:28.567411+00:00
GOV_DEBT_QUARTERLY_EUROPE,el:country,2022-Q2,2026-09-15T16:23:28.567411+00:00,188.5,final,2022-04-01,2022-06-30,1,2026-09-15T16:23:28.567411+00:00
GOV_DEBT_QUARTERLY_EUROPE,el:country,2022-Q3,2026-09-15T16:23:28.567411+00:00,182.3,final,2022-07-01,2022-09-30,1,2026-09-15T16:23:28.567411+00:00
GOV_DEBT_QUARTERLY_EUROPE,el:country,2022-Q4,2026-09-15T16:23:28.567411+00:00,177.8,final,2022-10-01,2022-12-31,1,2026-09-15T16:23:28.567411+00:00
GOV_DEBT_QUARTERLY_EUROPE,el:country,2023-Q1,2026-09-15T16:23:28.567411+00:00,174.0,final,2023-01-01,2023-03-31,1,2026-09-15T16:23:28.567411+00:00
GOV_DEBT_QUARTERLY_EUROPE,el:country,2023-Q2,2026-09-15T16:23:28.567411+00:00,171.5,final,2023-04-01,2023-06-30,1,2026-09-15T16:23:28.567411+00:00
GOV_DEBT_QUARTERLY_EUROPE,el:country,2023-Q3,2026-09-15T16:23:28.567411+00:00,168.9,final,2023-07-01,2023-09-30,1,2026-09-15T16:23:28.567411+00:00
GOV_DEBT_QUARTERLY_EUROPE,el:country,2023-Q4,2026-09-15T16:23:28.567411+00:00,164.3,final,2023-10-01,2023-12-31,1,2026-09-15T16:23:28.567411+00:00
GOV_DEBT_QUARTERLY_EUROPE,el:country,2024-Q1,2026-09-15T16:23:28.567411+00:00,162.1,final,2024-01-01,2024-03-31,1,2026-09-15T16:23:28.567411+00:00
GOV_DEBT_QUARTERLY_EUROPE,el:country,2024-Q2,2026-09-15T16:23:28.567411+00:00,160.3,final,2024-04-01,2024-06-30,1,2026-09-15T16:23:28.567411+00:00
GOV_DEBT_QUARTERLY_EUROPE,el:country,2024-Q3,2026-09-15T16:23:28.567411+00:00,158.6,final,2024-07-01,2024-09-30,1,2026-09-15T16:23:28.567411+00:00
GOV_DEBT_QUARTERLY_EUROPE,el:country,2024-Q4,2026-09-15T16:23:28.567411+00:00,154.2,final,2024-10-01,2024-12-31,1,2026-09-15T16:23:28.567411+00:00
GOV_DEBT_QUARTERLY_EUROPE,el:country,2025-Q1,2026-09-15T16:23:28.567411+00:00,152.9,final,2025-01-01,2025-03-31,1,2026-09-15T16:23:28.567411+00:00
GOV_DEBT_QUARTERLY_EUROPE,el:country,2025-Q2,2026-09-15T16:23:28.567411+00:00,152.0,final,2025-04-01,2025-06-30,1,2026-09-15T16:23:28.567411+00:00
GOV_DEBT_QUARTERLY_EUROPE,el:country,2025-Q3,2026-09-15T16:23:28.567411+00:00,149.8,final,2025-07-01,2025-09-30,1,2026-09-15T16:23:28.567411+00:00
GOV_DEBT_QUARTERLY_EUROPE,el:country,2025-Q4,2026-09-15T16:23:28.567411+00:00,146.1,final,2025-10-01,2025-12-31,1,2026-09-15T16:23:28.567411+00:00
GOV_DEBT_QUARTERLY_EUROPE,el:country,2026-Q1,2026-09-15T16:23:28.567411+00:00,143.5,provisional,2026-01-01,2026-03-31,1,2026-09-15T16:23:28.567411+00:00
GOV_DEBT_QUARTERLY_EUROPE,es:country,2008-Q1,2026-09-15T16:23:28.567411+00:00,34.9,final,2008-01-01,2008-03-31,1,2026-09-15T16:23:28.567411+00:00
GOV_DEBT_QUARTERLY_EUROPE,es:country,2008-Q2,2026-09-15T16:23:28.567411+00:00,35.4,final,2008-04-01,2008-06-30,1,2026-09-15T16:23:28.567411+00:00
GOV_DEBT_QUARTERLY_EUROPE,es:country,2008-Q3,2026-09-15T16:23:28.567411+00:00,36.3,final,2008-07-01,2008-09-30,1,2026-09-15T16:23:28.567411+00:00
GOV_DEBT_QUARTERLY_EUROPE,es:country,2008-Q4,2026-09-15T16:23:28.567411+00:00,39.6,final,2008-10-01,2008-12-31,1,2026-09-15T16:23:28.567411+00:00
GOV_DEBT_QUARTERLY_EUROPE,es:country,2009-Q1,2026-09-15T16:23:28.567411+00:00,43.0,final,2009-01-01,2009-03-31,1,2026-09-15T16:23:28.567411+00:00
GOV_DEBT_QUARTERLY_EUROPE,es:country,2009-Q2,2026-09-15T16:23:28.567411+00:00,46.9,final,2009-04-01,2009-06-30,1,2026-09-15T16:23:28.567411+00:00
GOV_DEBT_QUARTERLY_EUROPE,es:country,2009-Q3,2026-09-15T16:23:28.567411+00:00,49.4,final,2009-07-01,2009-09-30,1,2026-09-15T16:23:28.567411+00:00
GOV_DEBT_QUARTERLY_EUROPE,es:country,2009-Q4,2026-09-15T16:23:28.567411+00:00,53.1,final,2009-10-01,2009-12-31,1,2026-09-15T16:23:28.567411+00:00
GOV_DEBT_QUARTERLY_EUROPE,es:country,2010-Q1,2026-09-15T16:23:28.567411+00:00,54.7,final,2010-01-01,2010-03-31,1,2026-09-15T16:23:28.567411+00:00
GOV_DEBT_QUARTERLY_EUROPE,es:country,2010-Q2,2026-09-15T16:23:28.567411+00:00,56.7,final,2010-04-01,2010-06-30,1,2026-09-15T16:23:28.567411+00:00
GOV_DEBT_QUARTERLY_EUROPE,es:country,2010-Q3,2026-09-15T16:23:28.567411+00:00,57.7,final,2010-07-01,2010-09-30,1,2026-09-15T16:23:28.567411+00:00
GOV_DEBT_QUARTERLY_EUROPE,es:country,2010-Q4,2026-09-15T16:23:28.567411+00:00,60.3,final,2010-10-01,2010-12-31,1,2026-09-15T16:23:28.567411+00:00
GOV_DEBT_QUARTERLY_EUROPE,es:country,2011-Q1,2026-09-15T16:23:28.567411+00:00,64.1,final,2011-01-01,2011-03-31,1,2026-09-15T16:23:28.567411+00:00
GOV_DEBT_QUARTERLY_EUROPE,es:country,2011-Q2,2026-09-15T16:23:28.567411+00:00,66.0,final,2011-04-01,2011-06-30,1,2026-09-15T16:23:28.567411+00:00
GOV_DEBT_QUARTERLY_EUROPE,es:country,2011-Q3,2026-09-15T16:23:28.567411+00:00,66.4,final,2011-07-01,2011-09-30,1,2026-09-15T16:23:28.567411+00:00
GOV_DEBT_QUARTERLY_EUROPE,es:country,2011-Q4,2026-09-15T16:23:28.567411+00:00,69.5,final,2011-10-01,2011-12-31,1,2026-09-15T16:23:28.567411+00:00
GOV_DEBT_QUARTERLY_EUROPE,es:country,2012-Q1,2026-09-15T16:23:28.567411+00:00,73.6,final,2012-01-01,2012-03-31,1,2026-09-15T16:23:28.567411+00:00
GOV_DEBT_QUARTERLY_EUROPE,es:country,2012-Q2,2026-09-15T16:23:28.567411+00:00,77.1,final,2012-04-01,2012-06-30,1,2026-09-15T16:23:28.567411+00:00
GOV_DEBT_QUARTERLY_EUROPE,es:country,2012-Q3,2026-09-15T16:23:28.567411+00:00,78.7,final,2012-07-01,2012-09-30,1,2026-09-15T16:23:28.567411+00:00
GOV_DEBT_QUARTERLY_EUROPE,es:country,2012-Q4,2026-09-15T16:23:28.567411+00:00,89.6,final,2012-10-01,2012-12-31,1,2026-09-15T16:23:28.567411+00:00
GOV_DEBT_QUARTERLY_EUROPE,es:country,2013-Q1,2026-09-15T16:23:28.567411+00:00,97.1,final,2013-01-01,2013-03-31,1,2026-09-15T16:23:28.567411+00:00
GOV_DEBT_QUARTERLY_EUROPE,es:country,2013-Q2,2026-09-15T16:23:28.567411+00:00,98.8,final,2013-04-01,2013-06-30,1,2026-09-15T16:23:28.567411+00:00
GOV_DEBT_QUARTERLY_EUROPE,es:country,2013-Q3,2026-09-15T16:23:28.567411+00:00,100.0,final,2013-07-01,2013-09-30,1,2026-09-15T16:23:28.567411+00:00
GOV_DEBT_QUARTERLY_EUROPE,es:country,2013-Q4,2026-09-15T16:23:28.567411+00:00,100.0,final,2013-10-01,2013-12-31,1,2026-09-15T16:23:28.567411+00:00
GOV_DEBT_QUARTERLY_EUROPE,es:country,2014-Q1,2026-09-15T16:23:28.567411+00:00,102.6,final,2014-01-01,2014-03-31,1,2026-09-15T16:23:28.567411+00:00
GOV_DEBT_QUARTERLY_EUROPE,es:country,2014-Q2,2026-09-15T16:23:28.567411+00:00,103.6,final,2014-04-01,2014-06-30,1,2026-09-15T16:23:28.567411+00:00
GOV_DEBT_QUARTERLY_EUROPE,es:country,2014-Q3,2026-09-15T16:23:28.567411+00:00,103.9,final,2014-07-01,2014-09-30,1,2026-09-15T16:23:28.567411+00:00
GOV_DEBT_QUARTERLY_EUROPE,es:country,2014-Q4,2026-09-15T16:23:28.567411+00:00,104.4,final,2014-10-01,2014-12-31,1,2026-09-15T16:23:28.567411+00:00
GOV_DEBT_QUARTERLY_EUROPE,es:country,2015-Q1,2026-09-15T16:23:28.567411+00:00,104.5,final,2015-01-01,2015-03-31,1,2026-09-15T16:23:28.567411+00:00
GOV_DEBT_QUARTERLY_EUROPE,es:country,2015-Q2,2026-09-15T16:23:28.567411+00:00,103.8,final,2015-04-01,2015-06-30,1,2026-09-15T16:23:28.567411+00:00
GOV_DEBT_QUARTERLY_EUROPE,es:country,2015-Q3,2026-09-15T16:23:28.567411+00:00,103.5,final,2015-07-01,2015-09-30,1,2026-09-15T16:23:28.567411+00:00
GOV_DEBT_QUARTERLY_EUROPE,es:country,2015-Q4,2026-09-15T16:23:28.567411+00:00,102.5,final,2015-10-01,2015-12-31,1,2026-09-15T16:23:28.567411+00:00
GOV_DEBT_QUARTERLY_EUROPE,es:country,2016-Q1,2026-09-15T16:23:28.567411+00:00,103.7,final,2016-01-01,2016-03-31,1,2026-09-15T16:23:28.567411+00:00
GOV_DEBT_QUARTERLY_EUROPE,es:country,2016-Q2,2026-09-15T16:23:28.567411+00:00,103.6,final,2016-04-01,2016-06-30,1,2026-09-15T16:23:28.567411+00:00
GOV_DEBT_QUARTERLY_EUROPE,es:country,2016-Q3,2026-09-15T16:23:28.567411+00:00,102.9,final,2016-07-01,2016-09-30,1,2026-09-15T16:23:28.567411+00:00
GOV_DEBT_QUARTERLY_EUROPE,es:country,2016-Q4,2026-09-15T16:23:28.567411+00:00,102.0,final,2016-10-01,2016-12-31,1,2026-09-15T16:23:28.567411+00:00
GOV_DEBT_QUARTERLY_EUROPE,es:country,2017-Q1,2026-09-15T16:23:28.567411+00:00,102.9,final,2017-01-01,2017-03-31,1,2026-09-15T16:23:28.567411+00:00
GOV_DEBT_QUARTERLY_EUROPE,es:country,2017-Q2,2026-09-15T16:23:28.567411+00:00,102.6,final,2017-04-01,2017-06-30,1,2026-09-15T16:23:28.567411+00:00
GOV_DEBT_QUARTERLY_EUROPE,es:country,2017-Q3,2026-09-15T16:23:28.567411+00:00,101.8,final,2017-07-01,2017-09-30,1,2026-09-15T16:23:28.567411+00:00
GOV_DEBT_QUARTERLY_EUROPE,es:country,2017-Q4,2026-09-15T16:23:28.567411+00:00,101.2,final,2017-10-01,2017-12-31,1,2026-09-15T16:23:28.567411+00:00
GOV_DEBT_QUARTERLY_EUROPE,es:country,2018-Q1,2026-09-15T16:23:28.567411+00:00,101.7,final,2018-01-01,2018-03-31,1,2026-09-15T16:23:28.567411+00:00
GOV_DEBT_QUARTERLY_EUROPE,es:country,2018-Q2,2026-09-15T16:23:28.567411+00:00,101.1,final,2018-04-01,2018-06-30,1,2026-09-15T16:23:28.567411+00:00
GOV_DEBT_QUARTERLY_EUROPE,es:country,2018-Q3,2026-09-15T16:23:28.567411+00:00,101.2,final,2018-07-01,2018-09-30,1,2026-09-15T16:23:28.567411+00:00
GOV_DEBT_QUARTERLY_EUROPE,es:country,2018-Q4,2026-09-15T16:23:28.567411+00:00,99.8,final,2018-10-01,2018-12-31,1,2026-09-15T16:23:28.567411+00:00
GOV_DEBT_QUARTERLY_EUROPE,es:country,2019-Q1,2026-09-15T16:23:28.567411+00:00,100.6,final,2019-01-01,2019-03-31,1,2026-09-15T16:23:28.567411+00:00
GOV_DEBT_QUARTERLY_EUROPE,es:country,2019-Q2,2026-09-15T16:23:28.567411+00:00,100.6,final,2019-04-01,2019-06-30,1,2026-09-15T16:23:28.567411+00:00
GOV_DEBT_QUARTERLY_EUROPE,es:country,2019-Q3,2026-09-15T16:23:28.567411+00:00,99.6,final,2019-07-01,2019-09-30,1,2026-09-15T16:23:28.567411+00:00
GOV_DEBT_QUARTERLY_EUROPE,es:country,2019-Q4,2026-09-15T16:23:28.567411+00:00,97.7,final,2019-10-01,2019-12-31,1,2026-09-15T16:23:28.567411+00:00
GOV_DEBT_QUARTERLY_EUROPE,es:country,2020-Q1,2026-09-15T16:23:28.567411+00:00,101.3,final,2020-01-01,2020-03-31,1,2026-09-15T16:23:28.567411+00:00
GOV_DEBT_QUARTERLY_EUROPE,es:country,2020-Q2,2026-09-15T16:23:28.567411+00:00,112.6,final,2020-04-01,2020-06-30,1,2026-09-15T16:23:28.567411+00:00
GOV_DEBT_QUARTERLY_EUROPE,es:country,2020-Q3,2026-09-15T16:23:28.567411+00:00,116.5,final,2020-07-01,2020-09-30,1,2026-09-15T16:23:28.567411+00:00
GOV_DEBT_QUARTERLY_EUROPE,es:country,2020-Q4,2026-09-15T16:23:28.567411+00:00,119.3,final,2020-10-01,2020-12-31,1,2026-09-15T16:23:28.567411+00:00
GOV_DEBT_QUARTERLY_EUROPE,es:country,2021-Q1,2026-09-15T16:23:28.567411+00:00,124.2,final,2021-01-01,2021-03-31,1,2026-09-15T16:23:28.567411+00:00
GOV_DEBT_QUARTERLY_EUROPE,es:country,2021-Q2,2026-09-15T16:23:28.567411+00:00,121.2,final,2021-04-01,2021-06-30,1,2026-09-15T16:23:28.567411+00:00
GOV_DEBT_QUARTERLY_EUROPE,es:country,2021-Q3,2026-09-15T16:23:28.567411+00:00,119.4,final,2021-07-01,2021-09-30,1,2026-09-15T16:23:28.567411+00:00
GOV_DEBT_QUARTERLY_EUROPE,es:country,2021-Q4,2026-09-15T16:23:28.567411+00:00,115.7,final,2021-10-01,2021-12-31,1,2026-09-15T16:23:28.567411+00:00
GOV_DEBT_QUARTERLY_EUROPE,es:country,2022-Q1,2026-09-15T16:23:28.567411+00:00,114.6,final,2022-01-01,2022-03-31,1,2026-09-15T16:23:28.567411+00:00
GOV_DEBT_QUARTERLY_EUROPE,es:country,2022-Q2,2026-09-15T16:23:28.567411+00:00,112.9,final,2022-04-01,2022-06-30,1,2026-09-15T16:23:28.567411+00:00
GOV_DEBT_QUARTERLY_EUROPE,es:country,2022-Q3,2026-09-15T16:23:28.567411+00:00,112.1,final,2022-07-01,2022-09-30,1,2026-09-15T16:23:28.567411+00:00
GOV_DEBT_QUARTERLY_EUROPE,es:country,2022-Q4,2026-09-15T16:23:28.567411+00:00,109.3,final,2022-10-01,2022-12-31,1,2026-09-15T16:23:28.567411+00:00
GOV_DEBT_QUARTERLY_EUROPE,es:country,2023-Q1,2026-09-15T16:23:28.567411+00:00,108.9,final,2023-01-01,2023-03-31,1,2026-09-15T16:23:28.567411+00:00
GOV_DEBT_QUARTERLY_EUROPE,es:country,2023-Q2,2026-09-15T16:23:28.567411+00:00,108.8,final,2023-04-01,2023-06-30,1,2026-09-15T16:23:28.567411+00:00
GOV_DEBT_QUARTERLY_EUROPE,es:country,2023-Q3,2026-09-15T16:23:28.567411+00:00,107.3,final,2023-07-01,2023-09-30,1,2026-09-15T16:23:28.567411+00:00
GOV_DEBT_QUARTERLY_EUROPE,es:country,2023-Q4,2026-09-15T16:23:28.567411+00:00,105.2,final,2023-10-01,2023-12-31,1,2026-09-15T16:23:28.567411+00:00
GOV_DEBT_QUARTERLY_EUROPE,es:country,2024-Q1,2026-09-15T16:23:28.567411+00:00,106.3,final,2024-01-01,2024-03-31,1,2026-09-15T16:23:28.567411+00:00
GOV_DEBT_QUARTERLY_EUROPE,es:country,2024-Q2,2026-09-15T16:23:28.567411+00:00,105.2,final,2024-04-01,2024-06-30,1,2026-09-15T16:23:28.567411+00:00
GOV_DEBT_QUARTERLY_EUROPE,es:country,2024-Q3,2026-09-15T16:23:28.567411+00:00,104.2,final,2024-07-01,2024-09-30,1,2026-09-15T16:23:28.567411+00:00
GOV_DEBT_QUARTERLY_EUROPE,es:country,2024-Q4,2026-09-15T16:23:28.567411+00:00,101.6,final,2024-10-01,2024-12-31,1,2026-09-15T16:23:28.567411+00:00
GOV_DEBT_QUARTERLY_EUROPE,es:country,2025-Q1,2026-09-15T16:23:28.567411+00:00,103.3,final,2025-01-01,2025-03-31,1,2026-09-15T16:23:28.567411+00:00
GOV_DEBT_QUARTERLY_EUROPE,es:country,2025-Q2,2026-09-15T16:23:28.567411+00:00,103.4,final,2025-04-01,2025-06-30,1,2026-09-15T16:23:28.567411+00:00
GOV_DEBT_QUARTERLY_EUROPE,es:country,2025-Q3,2026-09-15T16:23:28.567411+00:00,103.1,final,2025-07-01,2025-09-30,1,2026-09-15T16:23:28.567411+00:00
GOV_DEBT_QUARTERLY_EUROPE,es:country,2025-Q4,2026-09-15T16:23:28.567411+00:00,100.7,final,2025-10-01,2025-12-31,1,2026-09-15T16:23:28.567411+00:00
GOV_DEBT_QUARTERLY_EUROPE,es:country,2026-Q1,2026-09-15T16:23:28.567411+00:00,101.6,provisional,2026-01-01,2026-03-31,1,2026-09-15T16:23:28.567411+00:00
GOV_DEBT_QUARTERLY_EUROPE,eu27_2020:aggregate,2008-Q1,2026-09-15T16:23:28.567411+00:00,63.0,final,2008-01-01,2008-03-31,1,2026-09-15T16:23:28.567411+00:00
GOV_DEBT_QUARTERLY_EUROPE,eu27_2020:aggregate,2008-Q2,2026-09-15T16:23:28.567411+00:00,63.2,final,2008-04-01,2008-06-30,1,2026-09-15T16:23:28.567411+00:00
GOV_DEBT_QUARTERLY_EUROPE,eu27_2020:aggregate,2008-Q3,2026-09-15T16:23:28.567411+00:00,63.0,final,2008-07-01,2008-09-30,1,2026-09-15T16:23:28.567411+00:00
GOV_DEBT_QUARTERLY_EUROPE,eu27_2020:aggregate,2008-Q4,2026-09-15T16:23:28.567411+00:00,65.1,final,2008-10-01,2008-12-31,1,2026-09-15T16:23:28.567411+00:00
GOV_DEBT_QUARTERLY_EUROPE,eu27_2020:aggregate,2009-Q1,2026-09-15T16:23:28.567411+00:00,68.6,final,2009-01-01,2009-03-31,1,2026-09-15T16:23:28.567411+00:00
GOV_DEBT_QUARTERLY_EUROPE,eu27_2020:aggregate,2009-Q2,2026-09-15T16:23:28.567411+00:00,72.2,final,2009-04-01,2009-06-30,1,2026-09-15T16:23:28.567411+00:00
GOV_DEBT_QUARTERLY_EUROPE,eu27_2020:aggregate,2009-Q3,2026-09-15T16:23:28.567411+00:00,74.6,final,2009-07-01,2009-09-30,1,2026-09-15T16:23:28.567411+00:00
GOV_DEBT_QUARTERLY_EUROPE,eu27_2020:aggregate,2009-Q4,2026-09-15T16:23:28.567411+00:00,75.7,final,2009-10-01,2009-12-31,1,2026-09-15T16:23:28.567411+00:00
GOV_DEBT_QUARTERLY_EUROPE,eu27_2020:aggregate,2010-Q1,2026-09-15T16:23:28.567411+00:00,77.3,final,2010-01-01,2010-03-31,1,2026-09-15T16:23:28.567411+00:00
GOV_DEBT_QUARTERLY_EUROPE,eu27_2020:aggregate,2010-Q2,2026-09-15T16:23:28.567411+00:00,78.3,final,2010-04-01,2010-06-30,1,2026-09-15T16:23:28.567411+00:00
GOV_DEBT_QUARTERLY_EUROPE,eu27_2020:aggregate,2010-Q3,2026-09-15T16:23:28.567411+00:00,78.5,final,2010-07-01,2010-09-30,1,2026-09-15T16:23:28.567411+00:00
GOV_DEBT_QUARTERLY_EUROPE,eu27_2020:aggregate,2010-Q4,2026-09-15T16:23:28.567411+00:00,80.4,final,2010-10-01,2010-12-31,1,2026-09-15T16:23:28.567411+00:00
GOV_DEBT_QUARTERLY_EUROPE,eu27_2020:aggregate,2011-Q1,2026-09-15T16:23:28.567411+00:00,80.9,final,2011-01-01,2011-03-31,1,2026-09-15T16:23:28.567411+00:00
GOV_DEBT_QUARTERLY_EUROPE,eu27_2020:aggregate,2011-Q2,2026-09-15T16:23:28.567411+00:00,81.4,final,2011-04-01,2011-06-30,1,2026-09-15T16:23:28.567411+00:00
GOV_DEBT_QUARTERLY_EUROPE,eu27_2020:aggregate,2011-Q3,2026-09-15T16:23:28.567411+00:00,81.2,final,2011-07-01,2011-09-30,1,2026-09-15T16:23:28.567411+00:00
GOV_DEBT_QUARTERLY_EUROPE,eu27_2020:aggregate,2011-Q4,2026-09-15T16:23:28.567411+00:00,81.7,final,2011-10-01,2011-12-31,1,2026-09-15T16:23:28.567411+00:00
GOV_DEBT_QUARTERLY_EUROPE,eu27_2020:aggregate,2012-Q1,2026-09-15T16:23:28.567411+00:00,82.6,final,2012-01-01,2012-03-31,1,2026-09-15T16:23:28.567411+00:00
GOV_DEBT_QUARTERLY_EUROPE,eu27_2020:aggregate,2012-Q2,2026-09-15T16:23:28.567411+00:00,84.1,final,2012-04-01,2012-06-30,1,2026-09-15T16:23:28.567411+00:00
GOV_DEBT_QUARTERLY_EUROPE,eu27_2020:aggregate,2012-Q3,2026-09-15T16:23:28.567411+00:00,84.3,final,2012-07-01,2012-09-30,1,2026-09-15T16:23:28.567411+00:00
GOV_DEBT_QUARTERLY_EUROPE,eu27_2020:aggregate,2012-Q4,2026-09-15T16:23:28.567411+00:00,85.0,final,2012-10-01,2012-12-31,1,2026-09-15T16:23:28.567411+00:00
GOV_DEBT_QUARTERLY_EUROPE,eu27_2020:aggregate,2013-Q1,2026-09-15T16:23:28.567411+00:00,86.8,final,2013-01-01,2013-03-31,1,2026-09-15T16:23:28.567411+00:00
GOV_DEBT_QUARTERLY_EUROPE,eu27_2020:aggregate,2013-Q2,2026-09-15T16:23:28.567411+00:00,87.5,final,2013-04-01,2013-06-30,1,2026-09-15T16:23:28.567411+00:00
GOV_DEBT_QUARTERLY_EUROPE,eu27_2020:aggregate,2013-Q3,2026-09-15T16:23:28.567411+00:00,87.0,final,2013-07-01,2013-09-30,1,2026-09-15T16:23:28.567411+00:00
GOV_DEBT_QUARTERLY_EUROPE,eu27_2020:aggregate,2013-Q4,2026-09-15T16:23:28.567411+00:00,86.8,final,2013-10-01,2013-12-31,1,2026-09-15T16:23:28.567411+00:00
GOV_DEBT_QUARTERLY_EUROPE,eu27_2020:aggregate,2014-Q1,2026-09-15T16:23:28.567411+00:00,87.4,final,2014-01-01,2014-03-31,1,2026-09-15T16:23:28.567411+00:00
GOV_DEBT_QUARTERLY_EUROPE,eu27_2020:aggregate,2014-Q2,2026-09-15T16:23:28.567411+00:00,87.9,final,2014-04-01,2014-06-30,1,2026-09-15T16:23:28.567411+00:00
GOV_DEBT_QUARTERLY_EUROPE,eu27_2020:aggregate,2014-Q3,2026-09-15T16:23:28.567411+00:00,87.2,final,2014-07-01,2014-09-30,1,2026-09-15T16:23:28.567411+00:00
GOV_DEBT_QUARTERLY_EUROPE,eu27_2020:aggregate,2014-Q4,2026-09-15T16:23:28.567411+00:00,86.9,final,2014-10-01,2014-12-31,1,2026-09-15T16:23:28.567411+00:00
GOV_DEBT_QUARTERLY_EUROPE,eu27_2020:aggregate,2015-Q1,2026-09-15T16:23:28.567411+00:00,87.7,final,2015-01-01,2015-03-31,1,2026-09-15T16:23:28.567411+00:00
GOV_DEBT_QUARTERLY_EUROPE,eu27_2020:aggregate,2015-Q2,2026-09-15T16:23:28.567411+00:00,86.9,final,2015-04-01,2015-06-30,1,2026-09-15T16:23:28.567411+00:00
GOV_DEBT_QUARTERLY_EUROPE,eu27_2020:aggregate,2015-Q3,2026-09-15T16:23:28.567411+00:00,86.1,final,2015-07-01,2015-09-30,1,2026-09-15T16:23:28.567411+00:00
GOV_DEBT_QUARTERLY_EUROPE,eu27_2020:aggregate,2015-Q4,2026-09-15T16:23:28.567411+00:00,85.1,final,2015-10-01,2015-12-31,1,2026-09-15T16:23:28.567411+00:00
GOV_DEBT_QUARTERLY_EUROPE,eu27_2020:aggregate,2016-Q1,2026-09-15T16:23:28.567411+00:00,85.9,final,2016-01-01,2016-03-31,1,2026-09-15T16:23:28.567411+00:00
GOV_DEBT_QUARTERLY_EUROPE,eu27_2020:aggregate,2016-Q2,2026-09-15T16:23:28.567411+00:00,85.8,final,2016-04-01,2016-06-30,1,2026-09-15T16:23:28.567411+00:00
GOV_DEBT_QUARTERLY_EUROPE,eu27_2020:aggregate,2016-Q3,2026-09-15T16:23:28.567411+00:00,84.8,final,2016-07-01,2016-09-30,1,2026-09-15T16:23:28.567411+00:00
GOV_DEBT_QUARTERLY_EUROPE,eu27_2020:aggregate,2016-Q4,2026-09-15T16:23:28.567411+00:00,84.1,final,2016-10-01,2016-12-31,1,2026-09-15T16:23:28.567411+00:00
GOV_DEBT_QUARTERLY_EUROPE,eu27_2020:aggregate,2017-Q1,2026-09-15T16:23:28.567411+00:00,84.2,final,2017-01-01,2017-03-31,1,2026-09-15T16:23:28.567411+00:00
GOV_DEBT_QUARTERLY_EUROPE,eu27_2020:aggregate,2017-Q2,2026-09-15T16:23:28.567411+00:00,84.1,final,2017-04-01,2017-06-30,1,2026-09-15T16:23:28.567411+00:00
GOV_DEBT_QUARTERLY_EUROPE,eu27_2020:aggregate,2017-Q3,2026-09-15T16:23:28.567411+00:00,83.0,final,2017-07-01,2017-09-30,1,2026-09-15T16:23:28.567411+00:00
GOV_DEBT_QUARTERLY_EUROPE,eu27_2020:aggregate,2017-Q4,2026-09-15T16:23:28.567411+00:00,81.5,final,2017-10-01,2017-12-31,1,2026-09-15T16:23:28.567411+00:00
GOV_DEBT_QUARTERLY_EUROPE,eu27_2020:aggregate,2018-Q1,2026-09-15T16:23:28.567411+00:00,81.4,provisional,2018-01-01,2018-03-31,1,2026-09-15T16:23:28.567411+00:00
GOV_DEBT_QUARTERLY_EUROPE,eu27_2020:aggregate,2018-Q2,2026-09-15T16:23:28.567411+00:00,80.8,provisional,2018-04-01,2018-06-30,1,2026-09-15T16:23:28.567411+00:00
GOV_DEBT_QUARTERLY_EUROPE,eu27_2020:aggregate,2018-Q3,2026-09-15T16:23:28.567411+00:00,80.7,provisional,2018-07-01,2018-09-30,1,2026-09-15T16:23:28.567411+00:00
GOV_DEBT_QUARTERLY_EUROPE,eu27_2020:aggregate,2018-Q4,2026-09-15T16:23:28.567411+00:00,79.5,provisional,2018-10-01,2018-12-31,1,2026-09-15T16:23:28.567411+00:00
GOV_DEBT_QUARTERLY_EUROPE,eu27_2020:aggregate,2019-Q1,2026-09-15T16:23:28.567411+00:00,79.8,provisional,2019-01-01,2019-03-31,1,2026-09-15T16:23:28.567411+00:00
GOV_DEBT_QUARTERLY_EUROPE,eu27_2020:aggregate,2019-Q2,2026-09-15T16:23:28.567411+00:00,79.5,provisional,2019-04-01,2019-06-30,1,2026-09-15T16:23:28.567411+00:00
GOV_DEBT_QUARTERLY_EUROPE,eu27_2020:aggregate,2019-Q3,2026-09-15T16:23:28.567411+00:00,79.0,provisional,2019-07-01,2019-09-30,1,2026-09-15T16:23:28.567411+00:00
GOV_DEBT_QUARTERLY_EUROPE,eu27_2020:aggregate,2019-Q4,2026-09-15T16:23:28.567411+00:00,77.5,provisional,2019-10-01,2019-12-31,1,2026-09-15T16:23:28.567411+00:00
GOV_DEBT_QUARTERLY_EUROPE,eu27_2020:aggregate,2020-Q1,2026-09-15T16:23:28.567411+00:00,79.0,provisional,2020-01-01,2020-03-31,1,2026-09-15T16:23:28.567411+00:00
GOV_DEBT_QUARTERLY_EUROPE,eu27_2020:aggregate,2020-Q2,2026-09-15T16:23:28.567411+00:00,87.1,provisional,2020-04-01,2020-06-30,1,2026-09-15T16:23:28.567411+00:00
GOV_DEBT_QUARTERLY_EUROPE,eu27_2020:aggregate,2020-Q3,2026-09-15T16:23:28.567411+00:00,89.0,provisional,2020-07-01,2020-09-30,1,2026-09-15T16:23:28.567411+00:00
GOV_DEBT_QUARTERLY_EUROPE,eu27_2020:aggregate,2020-Q4,2026-09-15T16:23:28.567411+00:00,89.5,provisional,2020-10-01,2020-12-31,1,2026-09-15T16:23:28.567411+00:00
GOV_DEBT_QUARTERLY_EUROPE,eu27_2020:aggregate,2021-Q1,2026-09-15T16:23:28.567411+00:00,91.5,provisional,2021-01-01,2021-03-31,1,2026-09-15T16:23:28.567411+00:00
GOV_DEBT_QUARTERLY_EUROPE,eu27_2020:aggregate,2021-Q2,2026-09-15T16:23:28.567411+00:00,89.7,provisional,2021-04-01,2021-06-30,1,2026-09-15T16:23:28.567411+00:00
GOV_DEBT_QUARTERLY_EUROPE,eu27_2020:aggregate,2021-Q3,2026-09-15T16:23:28.567411+00:00,88.7,provisional,2021-07-01,2021-09-30,1,2026-09-15T16:23:28.567411+00:00
GOV_DEBT_QUARTERLY_EUROPE,eu27_2020:aggregate,2021-Q4,2026-09-15T16:23:28.567411+00:00,86.7,provisional,2021-10-01,2021-12-31,1,2026-09-15T16:23:28.567411+00:00
GOV_DEBT_QUARTERLY_EUROPE,eu27_2020:aggregate,2022-Q1,2026-09-15T16:23:28.567411+00:00,86.2,provisional,2022-01-01,2022-03-31,1,2026-09-15T16:23:28.567411+00:00
GOV_DEBT_QUARTERLY_EUROPE,eu27_2020:aggregate,2022-Q2,2026-09-15T16:23:28.567411+00:00,85.0,provisional,2022-04-01,2022-06-30,1,2026-09-15T16:23:28.567411+00:00
GOV_DEBT_QUARTERLY_EUROPE,eu27_2020:aggregate,2022-Q3,2026-09-15T16:23:28.567411+00:00,83.5,provisional,2022-07-01,2022-09-30,1,2026-09-15T16:23:28.567411+00:00
GOV_DEBT_QUARTERLY_EUROPE,eu27_2020:aggregate,2022-Q4,2026-09-15T16:23:28.567411+00:00,82.3,provisional,2022-10-01,2022-12-31,1,2026-09-15T16:23:28.567411+00:00
GOV_DEBT_QUARTERLY_EUROPE,eu27_2020:aggregate,2023-Q1,2026-09-15T16:23:28.567411+00:00,82.2,provisional,2023-01-01,2023-03-31,1,2026-09-15T16:23:28.567411+00:00
GOV_DEBT_QUARTERLY_EUROPE,eu27_2020:aggregate,2023-Q2,2026-09-15T16:23:28.567411+00:00,81.8,provisional,2023-04-01,2023-06-30,1,2026-09-15T16:23:28.567411+00:00
GOV_DEBT_QUARTERLY_EUROPE,eu27_2020:aggregate,2023-Q3,2026-09-15T16:23:28.567411+00:00,81.2,provisional,2023-07-01,2023-09-30,1,2026-09-15T16:23:28.567411+00:00
GOV_DEBT_QUARTERLY_EUROPE,eu27_2020:aggregate,2023-Q4,2026-09-15T16:23:28.567411+00:00,80.5,provisional,2023-10-01,2023-12-31,1,2026-09-15T16:23:28.567411+00:00
GOV_DEBT_QUARTERLY_EUROPE,eu27_2020:aggregate,2024-Q1,2026-09-15T16:23:28.567411+00:00,80.9,provisional,2024-01-01,2024-03-31,1,2026-09-15T16:23:28.567411+00:00
GOV_DEBT_QUARTERLY_EUROPE,eu27_2020:aggregate,2024-Q2,2026-09-15T16:23:28.567411+00:00,81.1,provisional,2024-04-01,2024-06-30,1,2026-09-15T16:23:28.567411+00:00
GOV_DEBT_QUARTERLY_EUROPE,eu27_2020:aggregate,2024-Q3,2026-09-15T16:23:28.567411+00:00,81.2,provisional,2024-07-01,2024-09-30,1,2026-09-15T16:23:28.567411+00:00
GOV_DEBT_QUARTERLY_EUROPE,eu27_2020:aggregate,2024-Q4,2026-09-15T16:23:28.567411+00:00,80.6,provisional,2024-10-01,2024-12-31,1,2026-09-15T16:23:28.567411+00:00
GOV_DEBT_QUARTERLY_EUROPE,eu27_2020:aggregate,2025-Q1,2026-09-15T16:23:28.567411+00:00,81.4,provisional,2025-01-01,2025-03-31,1,2026-09-15T16:23:28.567411+00:00
GOV_DEBT_QUARTERLY_EUROPE,eu27_2020:aggregate,2025-Q2,2026-09-15T16:23:28.567411+00:00,81.8,provisional,2025-04-01,2025-06-30,1,2026-09-15T16:23:28.567411+00:00
GOV_DEBT_QUARTERLY_EUROPE,eu27_2020:aggregate,2025-Q3,2026-09-15T16:23:28.567411+00:00,82.1,provisional,2025-07-01,2025-09-30,1,2026-09-15T16:23:28.567411+00:00
GOV_DEBT_QUARTERLY_EUROPE,eu27_2020:aggregate,2025-Q4,2026-09-15T16:23:28.567411+00:00,81.8,provisional,2025-10-01,2025-12-31,1,2026-09-15T16:23:28.567411+00:00
GOV_DEBT_QUARTERLY_EUROPE,eu27_2020:aggregate,2026-Q1,2026-09-15T16:23:28.567411+00:00,82.9,provisional,2026-01-01,2026-03-31,1,2026-09-15T16:23:28.567411+00:00
GOV_DEBT_QUARTERLY_EUROPE,fi:country,2008-Q1,2026-09-15T16:23:28.567411+00:00,34.3,final,2008-01-01,2008-03-31,1,2026-09-15T16:23:28.567411+00:00
GOV_DEBT_QUARTERLY_EUROPE,fi:country,2008-Q2,2026-09-15T16:23:28.567411+00:00,34.4,final,2008-04-01,2008-06-30,1,2026-09-15T16:23:28.567411+00:00
GOV_DEBT_QUARTERLY_EUROPE,fi:country,2008-Q3,2026-09-15T16:23:28.567411+00:00,30.7,final,2008-07-01,2008-09-30,1,2026-09-15T16:23:28.567411+00:00
GOV_DEBT_QUARTERLY_EUROPE,fi:country,2008-Q4,2026-09-15T16:23:28.567411+00:00,34.7,final,2008-10-01,2008-12-31,1,2026-09-15T16:23:28.567411+00:00
GOV_DEBT_QUARTERLY_EUROPE,fi:country,2009-Q1,2026-09-15T16:23:28.567411+00:00,39.2,final,2009-01-01,2009-03-31,1,2026-09-15T16:23:28.567411+00:00
GOV_DEBT_QUARTERLY_EUROPE,fi:country,2009-Q2,2026-09-15T16:23:28.567411+00:00,35.9,final,2009-04-01,2009-06-30,1,2026-09-15T16:23:28.567411+00:00
GOV_DEBT_QUARTERLY_EUROPE,fi:country,2009-Q3,2026-09-15T16:23:28.567411+00:00,40.1,final,2009-07-01,2009-09-30,1,2026-09-15T16:23:28.567411+00:00
GOV_DEBT_QUARTERLY_EUROPE,fi:country,2009-Q4,2026-09-15T16:23:28.567411+00:00,44.1,final,2009-10-01,2009-12-31,1,2026-09-15T16:23:28.567411+00:00
GOV_DEBT_QUARTERLY_EUROPE,fi:country,2010-Q1,2026-09-15T16:23:28.567411+00:00,46.1,final,2010-01-01,2010-03-31,1,2026-09-15T16:23:28.567411+00:00
GOV_DEBT_QUARTERLY_EUROPE,fi:country,2010-Q2,2026-09-15T16:23:28.567411+00:00,48.2,final,2010-04-01,2010-06-30,1,2026-09-15T16:23:28.567411+00:00
GOV_DEBT_QUARTERLY_EUROPE,fi:country,2010-Q3,2026-09-15T16:23:28.567411+00:00,48.2,final,2010-07-01,2010-09-30,1,2026-09-15T16:23:28.567411+00:00
GOV_DEBT_QUARTERLY_EUROPE,fi:country,2010-Q4,2026-09-15T16:23:28.567411+00:00,50.1,final,2010-10-01,2010-12-31,1,2026-09-15T16:23:28.567411+00:00
GOV_DEBT_QUARTERLY_EUROPE,fi:country,2011-Q1,2026-09-15T16:23:28.567411+00:00,48.8,final,2011-01-01,2011-03-31,1,2026-09-15T16:23:28.567411+00:00
GOV_DEBT_QUARTERLY_EUROPE,fi:country,2011-Q2,2026-09-15T16:23:28.567411+00:00,48.4,final,2011-04-01,2011-06-30,1,2026-09-15T16:23:28.567411+00:00
GOV_DEBT_QUARTERLY_EUROPE,fi:country,2011-Q3,2026-09-15T16:23:28.567411+00:00,50.1,final,2011-07-01,2011-09-30,1,2026-09-15T16:23:28.567411+00:00
GOV_DEBT_QUARTERLY_EUROPE,fi:country,2011-Q4,2026-09-15T16:23:28.567411+00:00,52.0,final,2011-10-01,2011-12-31,1,2026-09-15T16:23:28.567411+00:00
GOV_DEBT_QUARTERLY_EUROPE,fi:country,2012-Q1,2026-09-15T16:23:28.567411+00:00,52.5,final,2012-01-01,2012-03-31,1,2026-09-15T16:23:28.567411+00:00
GOV_DEBT_QUARTERLY_EUROPE,fi:country,2012-Q2,2026-09-15T16:23:28.567411+00:00,56.0,final,2012-04-01,2012-06-30,1,2026-09-15T16:23:28.567411+00:00
GOV_DEBT_QUARTERLY_EUROPE,fi:country,2012-Q3,2026-09-15T16:23:28.567411+00:00,55.4,final,2012-07-01,2012-09-30,1,2026-09-15T16:23:28.567411+00:00
GOV_DEBT_QUARTERLY_EUROPE,fi:country,2012-Q4,2026-09-15T16:23:28.567411+00:00,57.9,final,2012-10-01,2012-12-31,1,2026-09-15T16:23:28.567411+00:00
GOV_DEBT_QUARTERLY_EUROPE,fi:country,2013-Q1,2026-09-15T16:23:28.567411+00:00,58.9,final,2013-01-01,2013-03-31,1,2026-09-15T16:23:28.567411+00:00
GOV_DEBT_QUARTERLY_EUROPE,fi:country,2013-Q2,2026-09-15T16:23:28.567411+00:00,61.1,final,2013-04-01,2013-06-30,1,2026-09-15T16:23:28.567411+00:00
GOV_DEBT_QUARTERLY_EUROPE,fi:country,2013-Q3,2026-09-15T16:23:28.567411+00:00,58.5,final,2013-07-01,2013-09-30,1,2026-09-15T16:23:28.567411+00:00
GOV_DEBT_QUARTERLY_EUROPE,fi:country,2013-Q4,2026-09-15T16:23:28.567411+00:00,60.8,final,2013-10-01,2013-12-31,1,2026-09-15T16:23:28.567411+00:00
GOV_DEBT_QUARTERLY_EUROPE,fi:country,2014-Q1,2026-09-15T16:23:28.567411+00:00,62.4,final,2014-01-01,2014-03-31,1,2026-09-15T16:23:28.567411+00:00
GOV_DEBT_QUARTERLY_EUROPE,fi:country,2014-Q2,2026-09-15T16:23:28.567411+00:00,63.7,final,2014-04-01,2014-06-30,1,2026-09-15T16:23:28.567411+00:00
GOV_DEBT_QUARTERLY_EUROPE,fi:country,2014-Q3,2026-09-15T16:23:28.567411+00:00,63.1,final,2014-07-01,2014-09-30,1,2026-09-15T16:23:28.567411+00:00
GOV_DEBT_QUARTERLY_EUROPE,fi:country,2014-Q4,2026-09-15T16:23:28.567411+00:00,64.8,final,2014-10-01,2014-12-31,1,2026-09-15T16:23:28.567411+00:00
GOV_DEBT_QUARTERLY_EUROPE,fi:country,2015-Q1,2026-09-15T16:23:28.567411+00:00,66.0,final,2015-01-01,2015-03-31,1,2026-09-15T16:23:28.567411+00:00
GOV_DEBT_QUARTERLY_EUROPE,fi:country,2015-Q2,2026-09-15T16:23:28.567411+00:00,67.4,final,2015-04-01,2015-06-30,1,2026-09-15T16:23:28.567411+00:00
GOV_DEBT_QUARTERLY_EUROPE,fi:country,2015-Q3,2026-09-15T16:23:28.567411+00:00,65.9,final,2015-07-01,2015-09-30,1,2026-09-15T16:23:28.567411+00:00
GOV_DEBT_QUARTERLY_EUROPE,fi:country,2015-Q4,2026-09-15T16:23:28.567411+00:00,68.8,final,2015-10-01,2015-12-31,1,2026-09-15T16:23:28.567411+00:00
GOV_DEBT_QUARTERLY_EUROPE,fi:country,2016-Q1,2026-09-15T16:23:28.567411+00:00,69.4,final,2016-01-01,2016-03-31,1,2026-09-15T16:23:28.567411+00:00
GOV_DEBT_QUARTERLY_EUROPE,fi:country,2016-Q2,2026-09-15T16:23:28.567411+00:00,66.9,final,2016-04-01,2016-06-30,1,2026-09-15T16:23:28.567411+00:00
GOV_DEBT_QUARTERLY_EUROPE,fi:country,2016-Q3,2026-09-15T16:23:28.567411+00:00,66.8,final,2016-07-01,2016-09-30,1,2026-09-15T16:23:28.567411+00:00
GOV_DEBT_QUARTERLY_EUROPE,fi:country,2016-Q4,2026-09-15T16:23:28.567411+00:00,68.6,final,2016-10-01,2016-12-31,1,2026-09-15T16:23:28.567411+00:00
GOV_DEBT_QUARTERLY_EUROPE,fi:country,2017-Q1,2026-09-15T16:23:28.567411+00:00,68.5,final,2017-01-01,2017-03-31,1,2026-09-15T16:23:28.567411+00:00
GOV_DEBT_QUARTERLY_EUROPE,fi:country,2017-Q2,2026-09-15T16:23:28.567411+00:00,67.7,final,2017-04-01,2017-06-30,1,2026-09-15T16:23:28.567411+00:00
GOV_DEBT_QUARTERLY_EUROPE,fi:country,2017-Q3,2026-09-15T16:23:28.567411+00:00,66.0,final,2017-07-01,2017-09-30,1,2026-09-15T16:23:28.567411+00:00
GOV_DEBT_QUARTERLY_EUROPE,fi:country,2017-Q4,2026-09-15T16:23:28.567411+00:00,66.6,final,2017-10-01,2017-12-31,1,2026-09-15T16:23:28.567411+00:00
GOV_DEBT_QUARTERLY_EUROPE,fi:country,2018-Q1,2026-09-15T16:23:28.567411+00:00,65.4,final,2018-01-01,2018-03-31,1,2026-09-15T16:23:28.567411+00:00
GOV_DEBT_QUARTERLY_EUROPE,fi:country,2018-Q2,2026-09-15T16:23:28.567411+00:00,65.2,final,2018-04-01,2018-06-30,1,2026-09-15T16:23:28.567411+00:00
GOV_DEBT_QUARTERLY_EUROPE,fi:country,2018-Q3,2026-09-15T16:23:28.567411+00:00,64.8,final,2018-07-01,2018-09-30,1,2026-09-15T16:23:28.567411+00:00
GOV_DEBT_QUARTERLY_EUROPE,fi:country,2018-Q4,2026-09-15T16:23:28.567411+00:00,65.4,final,2018-10-01,2018-12-31,1,2026-09-15T16:23:28.567411+00:00
GOV_DEBT_QUARTERLY_EUROPE,fi:country,2019-Q1,2026-09-15T16:23:28.567411+00:00,65.2,final,2019-01-01,2019-03-31,1,2026-09-15T16:23:28.567411+00:00
GOV_DEBT_QUARTERLY_EUROPE,fi:country,2019-Q2,2026-09-15T16:23:28.567411+00:00,67.3,final,2019-04-01,2019-06-30,1,2026-09-15T16:23:28.567411+00:00
GOV_DEBT_QUARTERLY_EUROPE,fi:country,2019-Q3,2026-09-15T16:23:28.567411+00:00,65.8,final,2019-07-01,2019-09-30,1,2026-09-15T16:23:28.567411+00:00
GOV_DEBT_QUARTERLY_EUROPE,fi:country,2019-Q4,2026-09-15T16:23:28.567411+00:00,65.3,final,2019-10-01,2019-12-31,1,2026-09-15T16:23:28.567411+00:00
GOV_DEBT_QUARTERLY_EUROPE,fi:country,2020-Q1,2026-09-15T16:23:28.567411+00:00,70.1,final,2020-01-01,2020-03-31,1,2026-09-15T16:23:28.567411+00:00
GOV_DEBT_QUARTERLY_EUROPE,fi:country,2020-Q2,2026-09-15T16:23:28.567411+00:00,74.6,final,2020-04-01,2020-06-30,1,2026-09-15T16:23:28.567411+00:00
GOV_DEBT_QUARTERLY_EUROPE,fi:country,2020-Q3,2026-09-15T16:23:28.567411+00:00,72.8,final,2020-07-01,2020-09-30,1,2026-09-15T16:23:28.567411+00:00
GOV_DEBT_QUARTERLY_EUROPE,fi:country,2020-Q4,2026-09-15T16:23:28.567411+00:00,75.3,final,2020-10-01,2020-12-31,1,2026-09-15T16:23:28.567411+00:00
GOV_DEBT_QUARTERLY_EUROPE,fi:country,2021-Q1,2026-09-15T16:23:28.567411+00:00,76.2,final,2021-01-01,2021-03-31,1,2026-09-15T16:23:28.567411+00:00
GOV_DEBT_QUARTERLY_EUROPE,fi:country,2021-Q2,2026-09-15T16:23:28.567411+00:00,75.2,final,2021-04-01,2021-06-30,1,2026-09-15T16:23:28.567411+00:00
GOV_DEBT_QUARTERLY_EUROPE,fi:country,2021-Q3,2026-09-15T16:23:28.567411+00:00,74.6,final,2021-07-01,2021-09-30,1,2026-09-15T16:23:28.567411+00:00
GOV_DEBT_QUARTERLY_EUROPE,fi:country,2021-Q4,2026-09-15T16:23:28.567411+00:00,73.1,final,2021-10-01,2021-12-31,1,2026-09-15T16:23:28.567411+00:00
GOV_DEBT_QUARTERLY_EUROPE,fi:country,2022-Q1,2026-09-15T16:23:28.567411+00:00,73.0,final,2022-01-01,2022-03-31,1,2026-09-15T16:23:28.567411+00:00
GOV_DEBT_QUARTERLY_EUROPE,fi:country,2022-Q2,2026-09-15T16:23:28.567411+00:00,73.1,final,2022-04-01,2022-06-30,1,2026-09-15T16:23:28.567411+00:00
GOV_DEBT_QUARTERLY_EUROPE,fi:country,2022-Q3,2026-09-15T16:23:28.567411+00:00,72.4,final,2022-07-01,2022-09-30,1,2026-09-15T16:23:28.567411+00:00
GOV_DEBT_QUARTERLY_EUROPE,fi:country,2022-Q4,2026-09-15T16:23:28.567411+00:00,74.0,final,2022-10-01,2022-12-31,1,2026-09-15T16:23:28.567411+00:00
GOV_DEBT_QUARTERLY_EUROPE,fi:country,2023-Q1,2026-09-15T16:23:28.567411+00:00,73.5,final,2023-01-01,2023-03-31,1,2026-09-15T16:23:28.567411+00:00
GOV_DEBT_QUARTERLY_EUROPE,fi:country,2023-Q2,2026-09-15T16:23:28.567411+00:00,74.6,final,2023-04-01,2023-06-30,1,2026-09-15T16:23:28.567411+00:00
GOV_DEBT_QUARTERLY_EUROPE,fi:country,2023-Q3,2026-09-15T16:23:28.567411+00:00,74.6,final,2023-07-01,2023-09-30,1,2026-09-15T16:23:28.567411+00:00
GOV_DEBT_QUARTERLY_EUROPE,fi:country,2023-Q4,2026-09-15T16:23:28.567411+00:00,77.1,final,2023-10-01,2023-12-31,1,2026-09-15T16:23:28.567411+00:00
GOV_DEBT_QUARTERLY_EUROPE,fi:country,2024-Q1,2026-09-15T16:23:28.567411+00:00,78.6,final,2024-01-01,2024-03-31,1,2026-09-15T16:23:28.567411+00:00
GOV_DEBT_QUARTERLY_EUROPE,fi:country,2024-Q2,2026-09-15T16:23:28.567411+00:00,80.7,final,2024-04-01,2024-06-30,1,2026-09-15T16:23:28.567411+00:00
GOV_DEBT_QUARTERLY_EUROPE,fi:country,2024-Q3,2026-09-15T16:23:28.567411+00:00,82.2,final,2024-07-01,2024-09-30,1,2026-09-15T16:23:28.567411+00:00
GOV_DEBT_QUARTERLY_EUROPE,fi:country,2024-Q4,2026-09-15T16:23:28.567411+00:00,82.5,final,2024-10-01,2024-12-31,1,2026-09-15T16:23:28.567411+00:00
GOV_DEBT_QUARTERLY_EUROPE,fi:country,2025-Q1,2026-09-15T16:23:28.567411+00:00,84.2,final,2025-01-01,2025-03-31,1,2026-09-15T16:23:28.567411+00:00
GOV_DEBT_QUARTERLY_EUROPE,fi:country,2025-Q2,2026-09-15T16:23:28.567411+00:00,88.4,final,2025-04-01,2025-06-30,1,2026-09-15T16:23:28.567411+00:00
GOV_DEBT_QUARTERLY_EUROPE,fi:country,2025-Q3,2026-09-15T16:23:28.567411+00:00,86.7,final,2025-07-01,2025-09-30,1,2026-09-15T16:23:28.567411+00:00
GOV_DEBT_QUARTERLY_EUROPE,fi:country,2025-Q4,2026-09-15T16:23:28.567411+00:00,88.5,final,2025-10-01,2025-12-31,1,2026-09-15T16:23:28.567411+00:00
GOV_DEBT_QUARTERLY_EUROPE,fi:country,2026-Q1,2026-09-15T16:23:28.567411+00:00,89.7,provisional,2026-01-01,2026-03-31,1,2026-09-15T16:23:28.567411+00:00
GOV_DEBT_QUARTERLY_EUROPE,fr:country,2008-Q1,2026-09-15T16:23:28.567411+00:00,67.0,final,2008-01-01,2008-03-31,1,2026-09-15T16:23:28.567411+00:00
GOV_DEBT_QUARTERLY_EUROPE,fr:country,2008-Q2,2026-09-15T16:23:28.567411+00:00,67.3,final,2008-04-01,2008-06-30,1,2026-09-15T16:23:28.567411+00:00
GOV_DEBT_QUARTERLY_EUROPE,fr:country,2008-Q3,2026-09-15T16:23:28.567411+00:00,67.8,final,2008-07-01,2008-09-30,1,2026-09-15T16:23:28.567411+00:00
GOV_DEBT_QUARTERLY_EUROPE,fr:country,2008-Q4,2026-09-15T16:23:28.567411+00:00,69.8,final,2008-10-01,2008-12-31,1,2026-09-15T16:23:28.567411+00:00
GOV_DEBT_QUARTERLY_EUROPE,fr:country,2009-Q1,2026-09-15T16:23:28.567411+00:00,74.7,final,2009-01-01,2009-03-31,1,2026-09-15T16:23:28.567411+00:00
GOV_DEBT_QUARTERLY_EUROPE,fr:country,2009-Q2,2026-09-15T16:23:28.567411+00:00,80.0,final,2009-04-01,2009-06-30,1,2026-09-15T16:23:28.567411+00:00
GOV_DEBT_QUARTERLY_EUROPE,fr:country,2009-Q3,2026-09-15T16:23:28.567411+00:00,82.6,final,2009-07-01,2009-09-30,1,2026-09-15T16:23:28.567411+00:00
GOV_DEBT_QUARTERLY_EUROPE,fr:country,2009-Q4,2026-09-15T16:23:28.567411+00:00,84.1,final,2009-10-01,2009-12-31,1,2026-09-15T16:23:28.567411+00:00
GOV_DEBT_QUARTERLY_EUROPE,fr:country,2010-Q1,2026-09-15T16:23:28.567411+00:00,86.0,final,2010-01-01,2010-03-31,1,2026-09-15T16:23:28.567411+00:00
GOV_DEBT_QUARTERLY_EUROPE,fr:country,2010-Q2,2026-09-15T16:23:28.567411+00:00,88.1,final,2010-04-01,2010-06-30,1,2026-09-15T16:23:28.567411+00:00
GOV_DEBT_QUARTERLY_EUROPE,fr:country,2010-Q3,2026-09-15T16:23:28.567411+00:00,86.2,final,2010-07-01,2010-09-30,1,2026-09-15T16:23:28.567411+00:00
GOV_DEBT_QUARTERLY_EUROPE,fr:country,2010-Q4,2026-09-15T16:23:28.567411+00:00,86.3,final,2010-10-01,2010-12-31,1,2026-09-15T16:23:28.567411+00:00
GOV_DEBT_QUARTERLY_EUROPE,fr:country,2011-Q1,2026-09-15T16:23:28.567411+00:00,87.5,final,2011-01-01,2011-03-31,1,2026-09-15T16:23:28.567411+00:00
GOV_DEBT_QUARTERLY_EUROPE,fr:country,2011-Q2,2026-09-15T16:23:28.567411+00:00,89.0,final,2011-04-01,2011-06-30,1,2026-09-15T16:23:28.567411+00:00
GOV_DEBT_QUARTERLY_EUROPE,fr:country,2011-Q3,2026-09-15T16:23:28.567411+00:00,88.3,final,2011-07-01,2011-09-30,1,2026-09-15T16:23:28.567411+00:00
GOV_DEBT_QUARTERLY_EUROPE,fr:country,2011-Q4,2026-09-15T16:23:28.567411+00:00,88.7,final,2011-10-01,2011-12-31,1,2026-09-15T16:23:28.567411+00:00
GOV_DEBT_QUARTERLY_EUROPE,fr:country,2012-Q1,2026-09-15T16:23:28.567411+00:00,91.1,final,2012-01-01,2012-03-31,1,2026-09-15T16:23:28.567411+00:00
GOV_DEBT_QUARTERLY_EUROPE,fr:country,2012-Q2,2026-09-15T16:23:28.567411+00:00,92.6,final,2012-04-01,2012-06-30,1,2026-09-15T16:23:28.567411+00:00
GOV_DEBT_QUARTERLY_EUROPE,fr:country,2012-Q3,2026-09-15T16:23:28.567411+00:00,91.3,final,2012-07-01,2012-09-30,1,2026-09-15T16:23:28.567411+00:00
GOV_DEBT_QUARTERLY_EUROPE,fr:country,2012-Q4,2026-09-15T16:23:28.567411+00:00,91.7,final,2012-10-01,2012-12-31,1,2026-09-15T16:23:28.567411+00:00
GOV_DEBT_QUARTERLY_EUROPE,fr:country,2013-Q1,2026-09-15T16:23:28.567411+00:00,93.4,final,2013-01-01,2013-03-31,1,2026-09-15T16:23:28.567411+00:00
GOV_DEBT_QUARTERLY_EUROPE,fr:country,2013-Q2,2026-09-15T16:23:28.567411+00:00,95.0,final,2013-04-01,2013-06-30,1,2026-09-15T16:23:28.567411+00:00
GOV_DEBT_QUARTERLY_EUROPE,fr:country,2013-Q3,2026-09-15T16:23:28.567411+00:00,94.0,final,2013-07-01,2013-09-30,1,2026-09-15T16:23:28.567411+00:00
GOV_DEBT_QUARTERLY_EUROPE,fr:country,2013-Q4,2026-09-15T16:23:28.567411+00:00,94.6,final,2013-10-01,2013-12-31,1,2026-09-15T16:23:28.567411+00:00
GOV_DEBT_QUARTERLY_EUROPE,fr:country,2014-Q1,2026-09-15T16:23:28.567411+00:00,96.2,final,2014-01-01,2014-03-31,1,2026-09-15T16:23:28.567411+00:00
GOV_DEBT_QUARTERLY_EUROPE,fr:country,2014-Q2,2026-09-15T16:23:28.567411+00:00,96.9,final,2014-04-01,2014-06-30,1,2026-09-15T16:23:28.567411+00:00
GOV_DEBT_QUARTERLY_EUROPE,fr:country,2014-Q3,2026-09-15T16:23:28.567411+00:00,96.8,final,2014-07-01,2014-09-30,1,2026-09-15T16:23:28.567411+00:00
GOV_DEBT_QUARTERLY_EUROPE,fr:country,2014-Q4,2026-09-15T16:23:28.567411+00:00,96.2,final,2014-10-01,2014-12-31,1,2026-09-15T16:23:28.567411+00:00
GOV_DEBT_QUARTERLY_EUROPE,fr:country,2015-Q1,2026-09-15T16:23:28.567411+00:00,98.1,final,2015-01-01,2015-03-31,1,2026-09-15T16:23:28.567411+00:00
GOV_DEBT_QUARTERLY_EUROPE,fr:country,2015-Q2,2026-09-15T16:23:28.567411+00:00,98.4,final,2015-04-01,2015-06-30,1,2026-09-15T16:23:28.567411+00:00
GOV_DEBT_QUARTERLY_EUROPE,fr:country,2015-Q3,2026-09-15T16:23:28.567411+00:00,97.8,final,2015-07-01,2015-09-30,1,2026-09-15T16:23:28.567411+00:00
GOV_DEBT_QUARTERLY_EUROPE,fr:country,2015-Q4,2026-09-15T16:23:28.567411+00:00,97.0,final,2015-10-01,2015-12-31,1,2026-09-15T16:23:28.567411+00:00
GOV_DEBT_QUARTERLY_EUROPE,fr:country,2016-Q1,2026-09-15T16:23:28.567411+00:00,98.9,final,2016-01-01,2016-03-31,1,2026-09-15T16:23:28.567411+00:00
GOV_DEBT_QUARTERLY_EUROPE,fr:country,2016-Q2,2026-09-15T16:23:28.567411+00:00,99.7,final,2016-04-01,2016-06-30,1,2026-09-15T16:23:28.567411+00:00
GOV_DEBT_QUARTERLY_EUROPE,fr:country,2016-Q3,2026-09-15T16:23:28.567411+00:00,99.1,final,2016-07-01,2016-09-30,1,2026-09-15T16:23:28.567411+00:00
GOV_DEBT_QUARTERLY_EUROPE,fr:country,2016-Q4,2026-09-15T16:23:28.567411+00:00,98.1,final,2016-10-01,2016-12-31,1,2026-09-15T16:23:28.567411+00:00
GOV_DEBT_QUARTERLY_EUROPE,fr:country,2017-Q1,2026-09-15T16:23:28.567411+00:00,100.5,final,2017-01-01,2017-03-31,1,2026-09-15T16:23:28.567411+00:00
GOV_DEBT_QUARTERLY_EUROPE,fr:country,2017-Q2,2026-09-15T16:23:28.567411+00:00,101.2,final,2017-04-01,2017-06-30,1,2026-09-15T16:23:28.567411+00:00
GOV_DEBT_QUARTERLY_EUROPE,fr:country,2017-Q3,2026-09-15T16:23:28.567411+00:00,100.3,final,2017-07-01,2017-09-30,1,2026-09-15T16:23:28.567411+00:00
GOV_DEBT_QUARTERLY_EUROPE,fr:country,2017-Q4,2026-09-15T16:23:28.567411+00:00,98.8,final,2017-10-01,2017-12-31,1,2026-09-15T16:23:28.567411+00:00
GOV_DEBT_QUARTERLY_EUROPE,fr:country,2018-Q1,2026-09-15T16:23:28.567411+00:00,99.4,final,2018-01-01,2018-03-31,1,2026-09-15T16:23:28.567411+00:00
GOV_DEBT_QUARTERLY_EUROPE,fr:country,2018-Q2,2026-09-15T16:23:28.567411+00:00,99.4,final,2018-04-01,2018-06-30,1,2026-09-15T16:23:28.567411+00:00
GOV_DEBT_QUARTERLY_EUROPE,fr:country,2018-Q3,2026-09-15T16:23:28.567411+00:00,99.6,final,2018-07-01,2018-09-30,1,2026-09-15T16:23:28.567411+00:00
GOV_DEBT_QUARTERLY_EUROPE,fr:country,2018-Q4,2026-09-15T16:23:28.567411+00:00,98.5,final,2018-10-01,2018-12-31,1,2026-09-15T16:23:28.567411+00:00
GOV_DEBT_QUARTERLY_EUROPE,fr:country,2019-Q1,2026-09-15T16:23:28.567411+00:00,99.5,final,2019-01-01,2019-03-31,1,2026-09-15T16:23:28.567411+00:00
GOV_DEBT_QUARTERLY_EUROPE,fr:country,2019-Q2,2026-09-15T16:23:28.567411+00:00,99.2,final,2019-04-01,2019-06-30,1,2026-09-15T16:23:28.567411+00:00
GOV_DEBT_QUARTERLY_EUROPE,fr:country,2019-Q3,2026-09-15T16:23:28.567411+00:00,100.0,final,2019-07-01,2019-09-30,1,2026-09-15T16:23:28.567411+00:00
GOV_DEBT_QUARTERLY_EUROPE,fr:country,2019-Q4,2026-09-15T16:23:28.567411+00:00,98.2,final,2019-10-01,2019-12-31,1,2026-09-15T16:23:28.567411+00:00
GOV_DEBT_QUARTERLY_EUROPE,fr:country,2020-Q1,2026-09-15T16:23:28.567411+00:00,101.2,final,2020-01-01,2020-03-31,1,2026-09-15T16:23:28.567411+00:00
GOV_DEBT_QUARTERLY_EUROPE,fr:country,2020-Q2,2026-09-15T16:23:28.567411+00:00,113.0,final,2020-04-01,2020-06-30,1,2026-09-15T16:23:28.567411+00:00
GOV_DEBT_QUARTERLY_EUROPE,fr:country,2020-Q3,2026-09-15T16:23:28.567411+00:00,115.3,final,2020-07-01,2020-09-30,1,2026-09-15T16:23:28.567411+00:00
GOV_DEBT_QUARTERLY_EUROPE,fr:country,2020-Q4,2026-09-15T16:23:28.567411+00:00,114.9,final,2020-10-01,2020-12-31,1,2026-09-15T16:23:28.567411+00:00
GOV_DEBT_QUARTERLY_EUROPE,fr:country,2021-Q1,2026-09-15T16:23:28.567411+00:00,117.7,final,2021-01-01,2021-03-31,1,2026-09-15T16:23:28.567411+00:00
GOV_DEBT_QUARTERLY_EUROPE,fr:country,2021-Q2,2026-09-15T16:23:28.567411+00:00,114.3,final,2021-04-01,2021-06-30,1,2026-09-15T16:23:28.567411+00:00
GOV_DEBT_QUARTERLY_EUROPE,fr:country,2021-Q3,2026-09-15T16:23:28.567411+00:00,115.3,final,2021-07-01,2021-09-30,1,2026-09-15T16:23:28.567411+00:00
GOV_DEBT_QUARTERLY_EUROPE,fr:country,2021-Q4,2026-09-15T16:23:28.567411+00:00,112.8,final,2021-10-01,2021-12-31,1,2026-09-15T16:23:28.567411+00:00
GOV_DEBT_QUARTERLY_EUROPE,fr:country,2022-Q1,2026-09-15T16:23:28.567411+00:00,114.4,final,2022-01-01,2022-03-31,1,2026-09-15T16:23:28.567411+00:00
GOV_DEBT_QUARTERLY_EUROPE,fr:country,2022-Q2,2026-09-15T16:23:28.567411+00:00,112.9,final,2022-04-01,2022-06-30,1,2026-09-15T16:23:28.567411+00:00
GOV_DEBT_QUARTERLY_EUROPE,fr:country,2022-Q3,2026-09-15T16:23:28.567411+00:00,113.1,final,2022-07-01,2022-09-30,1,2026-09-15T16:23:28.567411+00:00
GOV_DEBT_QUARTERLY_EUROPE,fr:country,2022-Q4,2026-09-15T16:23:28.567411+00:00,111.4,final,2022-10-01,2022-12-31,1,2026-09-15T16:23:28.567411+00:00
GOV_DEBT_QUARTERLY_EUROPE,fr:country,2023-Q1,2026-09-15T16:23:28.567411+00:00,111.9,final,2023-01-01,2023-03-31,1,2026-09-15T16:23:28.567411+00:00
GOV_DEBT_QUARTERLY_EUROPE,fr:country,2023-Q2,2026-09-15T16:23:28.567411+00:00,111.3,final,2023-04-01,2023-06-30,1,2026-09-15T16:23:28.567411+00:00
GOV_DEBT_QUARTERLY_EUROPE,fr:country,2023-Q3,2026-09-15T16:23:28.567411+00:00,111.1,final,2023-07-01,2023-09-30,1,2026-09-15T16:23:28.567411+00:00
GOV_DEBT_QUARTERLY_EUROPE,fr:country,2023-Q4,2026-09-15T16:23:28.567411+00:00,109.5,final,2023-10-01,2023-12-31,1,2026-09-15T16:23:28.567411+00:00
GOV_DEBT_QUARTERLY_EUROPE,fr:country,2024-Q1,2026-09-15T16:23:28.567411+00:00,110.2,final,2024-01-01,2024-03-31,1,2026-09-15T16:23:28.567411+00:00
GOV_DEBT_QUARTERLY_EUROPE,fr:country,2024-Q2,2026-09-15T16:23:28.567411+00:00,111.8,final,2024-04-01,2024-06-30,1,2026-09-15T16:23:28.567411+00:00
GOV_DEBT_QUARTERLY_EUROPE,fr:country,2024-Q3,2026-09-15T16:23:28.567411+00:00,113.1,final,2024-07-01,2024-09-30,1,2026-09-15T16:23:28.567411+00:00
GOV_DEBT_QUARTERLY_EUROPE,fr:country,2024-Q4,2026-09-15T16:23:28.567411+00:00,112.6,final,2024-10-01,2024-12-31,1,2026-09-15T16:23:28.567411+00:00
GOV_DEBT_QUARTERLY_EUROPE,fr:country,2025-Q1,2026-09-15T16:23:28.567411+00:00,113.6,final,2025-01-01,2025-03-31,1,2026-09-15T16:23:28.567411+00:00
GOV_DEBT_QUARTERLY_EUROPE,fr:country,2025-Q2,2026-09-15T16:23:28.567411+00:00,115.4,final,2025-04-01,2025-06-30,1,2026-09-15T16:23:28.567411+00:00
GOV_DEBT_QUARTERLY_EUROPE,fr:country,2025-Q3,2026-09-15T16:23:28.567411+00:00,117.3,final,2025-07-01,2025-09-30,1,2026-09-15T16:23:28.567411+00:00
GOV_DEBT_QUARTERLY_EUROPE,fr:country,2025-Q4,2026-09-15T16:23:28.567411+00:00,115.7,final,2025-10-01,2025-12-31,1,2026-09-15T16:23:28.567411+00:00
GOV_DEBT_QUARTERLY_EUROPE,fr:country,2026-Q1,2026-09-15T16:23:28.567411+00:00,117.6,provisional,2026-01-01,2026-03-31,1,2026-09-15T16:23:28.567411+00:00
GOV_DEBT_QUARTERLY_EUROPE,hr:country,2008-Q1,2026-09-15T16:23:28.567411+00:00,36.6,final,2008-01-01,2008-03-31,1,2026-09-15T16:23:28.567411+00:00
GOV_DEBT_QUARTERLY_EUROPE,hr:country,2008-Q2,2026-09-15T16:23:28.567411+00:00,36.3,final,2008-04-01,2008-06-30,1,2026-09-15T16:23:28.567411+00:00
GOV_DEBT_QUARTERLY_EUROPE,hr:country,2008-Q3,2026-09-15T16:23:28.567411+00:00,35.6,final,2008-07-01,2008-09-30,1,2026-09-15T16:23:28.567411+00:00
GOV_DEBT_QUARTERLY_EUROPE,hr:country,2008-Q4,2026-09-15T16:23:28.567411+00:00,38.9,final,2008-10-01,2008-12-31,1,2026-09-15T16:23:28.567411+00:00
GOV_DEBT_QUARTERLY_EUROPE,hr:country,2009-Q1,2026-09-15T16:23:28.567411+00:00,41.4,final,2009-01-01,2009-03-31,1,2026-09-15T16:23:28.567411+00:00
GOV_DEBT_QUARTERLY_EUROPE,hr:country,2009-Q2,2026-09-15T16:23:28.567411+00:00,43.0,final,2009-04-01,2009-06-30,1,2026-09-15T16:23:28.567411+00:00
GOV_DEBT_QUARTERLY_EUROPE,hr:country,2009-Q3,2026-09-15T16:23:28.567411+00:00,45.4,final,2009-07-01,2009-09-30,1,2026-09-15T16:23:28.567411+00:00
GOV_DEBT_QUARTERLY_EUROPE,hr:country,2009-Q4,2026-09-15T16:23:28.567411+00:00,47.9,final,2009-10-01,2009-12-31,1,2026-09-15T16:23:28.567411+00:00
GOV_DEBT_QUARTERLY_EUROPE,hr:country,2010-Q1,2026-09-15T16:23:28.567411+00:00,49.9,final,2010-01-01,2010-03-31,1,2026-09-15T16:23:28.567411+00:00
GOV_DEBT_QUARTERLY_EUROPE,hr:country,2010-Q2,2026-09-15T16:23:28.567411+00:00,50.8,final,2010-04-01,2010-06-30,1,2026-09-15T16:23:28.567411+00:00
GOV_DEBT_QUARTERLY_EUROPE,hr:country,2010-Q3,2026-09-15T16:23:28.567411+00:00,54.4,final,2010-07-01,2010-09-30,1,2026-09-15T16:23:28.567411+00:00
GOV_DEBT_QUARTERLY_EUROPE,hr:country,2010-Q4,2026-09-15T16:23:28.567411+00:00,56.8,final,2010-10-01,2010-12-31,1,2026-09-15T16:23:28.567411+00:00
GOV_DEBT_QUARTERLY_EUROPE,hr:country,2011-Q1,2026-09-15T16:23:28.567411+00:00,61.5,final,2011-01-01,2011-03-31,1,2026-09-15T16:23:28.567411+00:00
GOV_DEBT_QUARTERLY_EUROPE,hr:country,2011-Q2,2026-09-15T16:23:28.567411+00:00,60.5,final,2011-04-01,2011-06-30,1,2026-09-15T16:23:28.567411+00:00
GOV_DEBT_QUARTERLY_EUROPE,hr:country,2011-Q3,2026-09-15T16:23:28.567411+00:00,62.6,final,2011-07-01,2011-09-30,1,2026-09-15T16:23:28.567411+00:00
GOV_DEBT_QUARTERLY_EUROPE,hr:country,2011-Q4,2026-09-15T16:23:28.567411+00:00,63.1,final,2011-10-01,2011-12-31,1,2026-09-15T16:23:28.567411+00:00
GOV_DEBT_QUARTERLY_EUROPE,hr:country,2012-Q1,2026-09-15T16:23:28.567411+00:00,65.4,final,2012-01-01,2012-03-31,1,2026-09-15T16:23:28.567411+00:00
GOV_DEBT_QUARTERLY_EUROPE,hr:country,2012-Q2,2026-09-15T16:23:28.567411+00:00,67.3,final,2012-04-01,2012-06-30,1,2026-09-15T16:23:28.567411+00:00
GOV_DEBT_QUARTERLY_EUROPE,hr:country,2012-Q3,2026-09-15T16:23:28.567411+00:00,67.2,final,2012-07-01,2012-09-30,1,2026-09-15T16:23:28.567411+00:00
GOV_DEBT_QUARTERLY_EUROPE,hr:country,2012-Q4,2026-09-15T16:23:28.567411+00:00,68.9,final,2012-10-01,2012-12-31,1,2026-09-15T16:23:28.567411+00:00
GOV_DEBT_QUARTERLY_EUROPE,hr:country,2013-Q1,2026-09-15T16:23:28.567411+00:00,70.6,final,2013-01-01,2013-03-31,1,2026-09-15T16:23:28.567411+00:00
GOV_DEBT_QUARTERLY_EUROPE,hr:country,2013-Q2,2026-09-15T16:23:28.567411+00:00,72.5,final,2013-04-01,2013-06-30,1,2026-09-15T16:23:28.567411+00:00
GOV_DEBT_QUARTERLY_EUROPE,hr:country,2013-Q3,2026-09-15T16:23:28.567411+00:00,75.0,final,2013-07-01,2013-09-30,1,2026-09-15T16:23:28.567411+00:00
GOV_DEBT_QUARTERLY_EUROPE,hr:country,2013-Q4,2026-09-15T16:23:28.567411+00:00,79.5,final,2013-10-01,2013-12-31,1,2026-09-15T16:23:28.567411+00:00
GOV_DEBT_QUARTERLY_EUROPE,hr:country,2014-Q1,2026-09-15T16:23:28.567411+00:00,80.2,final,2014-01-01,2014-03-31,1,2026-09-15T16:23:28.567411+00:00
GOV_DEBT_QUARTERLY_EUROPE,hr:country,2014-Q2,2026-09-15T16:23:28.567411+00:00,80.3,final,2014-04-01,2014-06-30,1,2026-09-15T16:23:28.567411+00:00
GOV_DEBT_QUARTERLY_EUROPE,hr:country,2014-Q3,2026-09-15T16:23:28.567411+00:00,80.9,final,2014-07-01,2014-09-30,1,2026-09-15T16:23:28.567411+00:00
GOV_DEBT_QUARTERLY_EUROPE,hr:country,2014-Q4,2026-09-15T16:23:28.567411+00:00,83.2,final,2014-10-01,2014-12-31,1,2026-09-15T16:23:28.567411+00:00
GOV_DEBT_QUARTERLY_EUROPE,hr:country,2015-Q1,2026-09-15T16:23:28.567411+00:00,85.3,final,2015-01-01,2015-03-31,1,2026-09-15T16:23:28.567411+00:00
GOV_DEBT_QUARTERLY_EUROPE,hr:country,2015-Q2,2026-09-15T16:23:28.567411+00:00,83.2,final,2015-04-01,2015-06-30,1,2026-09-15T16:23:28.567411+00:00
GOV_DEBT_QUARTERLY_EUROPE,hr:country,2015-Q3,2026-09-15T16:23:28.567411+00:00,83.3,final,2015-07-01,2015-09-30,1,2026-09-15T16:23:28.567411+00:00
GOV_DEBT_QUARTERLY_EUROPE,hr:country,2015-Q4,2026-09-15T16:23:28.567411+00:00,82.8,final,2015-10-01,2015-12-31,1,2026-09-15T16:23:28.567411+00:00
GOV_DEBT_QUARTERLY_EUROPE,hr:country,2016-Q1,2026-09-15T16:23:28.567411+00:00,81.2,final,2016-01-01,2016-03-31,1,2026-09-15T16:23:28.567411+00:00
GOV_DEBT_QUARTERLY_EUROPE,hr:country,2016-Q2,2026-09-15T16:23:28.567411+00:00,80.0,final,2016-04-01,2016-06-30,1,2026-09-15T16:23:28.567411+00:00
GOV_DEBT_QUARTERLY_EUROPE,hr:country,2016-Q3,2026-09-15T16:23:28.567411+00:00,80.1,final,2016-07-01,2016-09-30,1,2026-09-15T16:23:28.567411+00:00
GOV_DEBT_QUARTERLY_EUROPE,hr:country,2016-Q4,2026-09-15T16:23:28.567411+00:00,79.3,final,2016-10-01,2016-12-31,1,2026-09-15T16:23:28.567411+00:00
GOV_DEBT_QUARTERLY_EUROPE,hr:country,2017-Q1,2026-09-15T16:23:28.567411+00:00,81.9,final,2017-01-01,2017-03-31,1,2026-09-15T16:23:28.567411+00:00
GOV_DEBT_QUARTERLY_EUROPE,hr:country,2017-Q2,2026-09-15T16:23:28.567411+00:00,77.4,final,2017-04-01,2017-06-30,1,2026-09-15T16:23:28.567411+00:00
GOV_DEBT_QUARTERLY_EUROPE,hr:country,2017-Q3,2026-09-15T16:23:28.567411+00:00,77.2,final,2017-07-01,2017-09-30,1,2026-09-15T16:23:28.567411+00:00
GOV_DEBT_QUARTERLY_EUROPE,hr:country,2017-Q4,2026-09-15T16:23:28.567411+00:00,76.2,final,2017-10-01,2017-12-31,1,2026-09-15T16:23:28.567411+00:00
GOV_DEBT_QUARTERLY_EUROPE,hr:country,2018-Q1,2026-09-15T16:23:28.567411+00:00,75.0,final,2018-01-01,2018-03-31,1,2026-09-15T16:23:28.567411+00:00
GOV_DEBT_QUARTERLY_EUROPE,hr:country,2018-Q2,2026-09-15T16:23:28.567411+00:00,74.8,final,2018-04-01,2018-06-30,1,2026-09-15T16:23:28.567411+00:00
GOV_DEBT_QUARTERLY_EUROPE,hr:country,2018-Q3,2026-09-15T16:23:28.567411+00:00,73.2,final,2018-07-01,2018-09-30,1,2026-09-15T16:23:28.567411+00:00
GOV_DEBT_QUARTERLY_EUROPE,hr:country,2018-Q4,2026-09-15T16:23:28.567411+00:00,72.8,final,2018-10-01,2018-12-31,1,2026-09-15T16:23:28.567411+00:00
GOV_DEBT_QUARTERLY_EUROPE,hr:country,2019-Q1,2026-09-15T16:23:28.567411+00:00,72.7,final,2019-01-01,2019-03-31,1,2026-09-15T16:23:28.567411+00:00
GOV_DEBT_QUARTERLY_EUROPE,hr:country,2019-Q2,2026-09-15T16:23:28.567411+00:00,73.8,final,2019-04-01,2019-06-30,1,2026-09-15T16:23:28.567411+00:00
GOV_DEBT_QUARTERLY_EUROPE,hr:country,2019-Q3,2026-09-15T16:23:28.567411+00:00,72.7,final,2019-07-01,2019-09-30,1,2026-09-15T16:23:28.567411+00:00
GOV_DEBT_QUARTERLY_EUROPE,hr:country,2019-Q4,2026-09-15T16:23:28.567411+00:00,70.9,final,2019-10-01,2019-12-31,1,2026-09-15T16:23:28.567411+00:00
GOV_DEBT_QUARTERLY_EUROPE,hr:country,2020-Q1,2026-09-15T16:23:28.567411+00:00,71.9,final,2020-01-01,2020-03-31,1,2026-09-15T16:23:28.567411+00:00
GOV_DEBT_QUARTERLY_EUROPE,hr:country,2020-Q2,2026-09-15T16:23:28.567411+00:00,82.1,final,2020-04-01,2020-06-30,1,2026-09-15T16:23:28.567411+00:00
GOV_DEBT_QUARTERLY_EUROPE,hr:country,2020-Q3,2026-09-15T16:23:28.567411+00:00,84.3,final,2020-07-01,2020-09-30,1,2026-09-15T16:23:28.567411+00:00
GOV_DEBT_QUARTERLY_EUROPE,hr:country,2020-Q4,2026-09-15T16:23:28.567411+00:00,86.5,final,2020-10-01,2020-12-31,1,2026-09-15T16:23:28.567411+00:00
GOV_DEBT_QUARTERLY_EUROPE,hr:country,2021-Q1,2026-09-15T16:23:28.567411+00:00,88.5,final,2021-01-01,2021-03-31,1,2026-09-15T16:23:28.567411+00:00
GOV_DEBT_QUARTERLY_EUROPE,hr:country,2021-Q2,2026-09-15T16:23:28.567411+00:00,84.7,final,2021-04-01,2021-06-30,1,2026-09-15T16:23:28.567411+00:00
GOV_DEBT_QUARTERLY_EUROPE,hr:country,2021-Q3,2026-09-15T16:23:28.567411+00:00,81.2,final,2021-07-01,2021-09-30,1,2026-09-15T16:23:28.567411+00:00
GOV_DEBT_QUARTERLY_EUROPE,hr:country,2021-Q4,2026-09-15T16:23:28.567411+00:00,78.2,final,2021-10-01,2021-12-31,1,2026-09-15T16:23:28.567411+00:00
GOV_DEBT_QUARTERLY_EUROPE,hr:country,2022-Q1,2026-09-15T16:23:28.567411+00:00,75.9,final,2022-01-01,2022-03-31,1,2026-09-15T16:23:28.567411+00:00
GOV_DEBT_QUARTERLY_EUROPE,hr:country,2022-Q2,2026-09-15T16:23:28.567411+00:00,73.1,final,2022-04-01,2022-06-30,1,2026-09-15T16:23:28.567411+00:00
GOV_DEBT_QUARTERLY_EUROPE,hr:country,2022-Q3,2026-09-15T16:23:28.567411+00:00,70.3,final,2022-07-01,2022-09-30,1,2026-09-15T16:23:28.567411+00:00
GOV_DEBT_QUARTERLY_EUROPE,hr:country,2022-Q4,2026-09-15T16:23:28.567411+00:00,68.5,final,2022-10-01,2022-12-31,1,2026-09-15T16:23:28.567411+00:00
GOV_DEBT_QUARTERLY_EUROPE,hr:country,2023-Q1,2026-09-15T16:23:28.567411+00:00,68.9,final,2023-01-01,2023-03-31,1,2026-09-15T16:23:28.567411+00:00
GOV_DEBT_QUARTERLY_EUROPE,hr:country,2023-Q2,2026-09-15T16:23:28.567411+00:00,65.3,final,2023-04-01,2023-06-30,1,2026-09-15T16:23:28.567411+00:00
GOV_DEBT_QUARTERLY_EUROPE,hr:country,2023-Q3,2026-09-15T16:23:28.567411+00:00,62.5,final,2023-07-01,2023-09-30,1,2026-09-15T16:23:28.567411+00:00
GOV_DEBT_QUARTERLY_EUROPE,hr:country,2023-Q4,2026-09-15T16:23:28.567411+00:00,60.9,final,2023-10-01,2023-12-31,1,2026-09-15T16:23:28.567411+00:00
GOV_DEBT_QUARTERLY_EUROPE,hr:country,2024-Q1,2026-09-15T16:23:28.567411+00:00,61.1,final,2024-01-01,2024-03-31,1,2026-09-15T16:23:28.567411+00:00
GOV_DEBT_QUARTERLY_EUROPE,hr:country,2024-Q2,2026-09-15T16:23:28.567411+00:00,59.3,final,2024-04-01,2024-06-30,1,2026-09-15T16:23:28.567411+00:00
GOV_DEBT_QUARTERLY_EUROPE,hr:country,2024-Q3,2026-09-15T16:23:28.567411+00:00,59.2,final,2024-07-01,2024-09-30,1,2026-09-15T16:23:28.567411+00:00
GOV_DEBT_QUARTERLY_EUROPE,hr:country,2024-Q4,2026-09-15T16:23:28.567411+00:00,57.4,final,2024-10-01,2024-12-31,1,2026-09-15T16:23:28.567411+00:00
GOV_DEBT_QUARTERLY_EUROPE,hr:country,2025-Q1,2026-09-15T16:23:28.567411+00:00,58.2,final,2025-01-01,2025-03-31,1,2026-09-15T16:23:28.567411+00:00
GOV_DEBT_QUARTERLY_EUROPE,hr:country,2025-Q2,2026-09-15T16:23:28.567411+00:00,57.4,final,2025-04-01,2025-06-30,1,2026-09-15T16:23:28.567411+00:00
GOV_DEBT_QUARTERLY_EUROPE,hr:country,2025-Q3,2026-09-15T16:23:28.567411+00:00,57.1,final,2025-07-01,2025-09-30,1,2026-09-15T16:23:28.567411+00:00
GOV_DEBT_QUARTERLY_EUROPE,hr:country,2025-Q4,2026-09-15T16:23:28.567411+00:00,56.3,final,2025-10-01,2025-12-31,1,2026-09-15T16:23:28.567411+00:00
GOV_DEBT_QUARTERLY_EUROPE,hr:country,2026-Q1,2026-09-15T16:23:28.567411+00:00,58.4,provisional,2026-01-01,2026-03-31,1,2026-09-15T16:23:28.567411+00:00
GOV_DEBT_QUARTERLY_EUROPE,hu:country,2008-Q1,2026-09-15T16:23:28.567411+00:00,66.6,final,2008-01-01,2008-03-31,1,2026-09-15T16:23:28.567411+00:00
GOV_DEBT_QUARTERLY_EUROPE,hu:country,2008-Q2,2026-09-15T16:23:28.567411+00:00,64.4,final,2008-04-01,2008-06-30,1,2026-09-15T16:23:28.567411+00:00
GOV_DEBT_QUARTERLY_EUROPE,hu:country,2008-Q3,2026-09-15T16:23:28.567411+00:00,64.7,final,2008-07-01,2008-09-30,1,2026-09-15T16:23:28.567411+00:00
GOV_DEBT_QUARTERLY_EUROPE,hu:country,2008-Q4,2026-09-15T16:23:28.567411+00:00,71.8,final,2008-10-01,2008-12-31,1,2026-09-15T16:23:28.567411+00:00
GOV_DEBT_QUARTERLY_EUROPE,hu:country,2009-Q1,2026-09-15T16:23:28.567411+00:00,82.1,final,2009-01-01,2009-03-31,1,2026-09-15T16:23:28.567411+00:00
GOV_DEBT_QUARTERLY_EUROPE,hu:country,2009-Q2,2026-09-15T16:23:28.567411+00:00,76.0,final,2009-04-01,2009-06-30,1,2026-09-15T16:23:28.567411+00:00
GOV_DEBT_QUARTERLY_EUROPE,hu:country,2009-Q3,2026-09-15T16:23:28.567411+00:00,78.3,final,2009-07-01,2009-09-30,1,2026-09-15T16:23:28.567411+00:00
GOV_DEBT_QUARTERLY_EUROPE,hu:country,2009-Q4,2026-09-15T16:23:28.567411+00:00,78.2,final,2009-10-01,2009-12-31,1,2026-09-15T16:23:28.567411+00:00
GOV_DEBT_QUARTERLY_EUROPE,hu:country,2010-Q1,2026-09-15T16:23:28.567411+00:00,80.3,final,2010-01-01,2010-03-31,1,2026-09-15T16:23:28.567411+00:00
GOV_DEBT_QUARTERLY_EUROPE,hu:country,2010-Q2,2026-09-15T16:23:28.567411+00:00,83.8,final,2010-04-01,2010-06-30,1,2026-09-15T16:23:28.567411+00:00
GOV_DEBT_QUARTERLY_EUROPE,hu:country,2010-Q3,2026-09-15T16:23:28.567411+00:00,81.1,final,2010-07-01,2010-09-30,1,2026-09-15T16:23:28.567411+00:00
GOV_DEBT_QUARTERLY_EUROPE,hu:country,2010-Q4,2026-09-15T16:23:28.567411+00:00,80.2,final,2010-10-01,2010-12-31,1,2026-09-15T16:23:28.567411+00:00
GOV_DEBT_QUARTERLY_EUROPE,hu:country,2011-Q1,2026-09-15T16:23:28.567411+00:00,82.0,final,2011-01-01,2011-03-31,1,2026-09-15T16:23:28.567411+00:00
GOV_DEBT_QUARTERLY_EUROPE,hu:country,2011-Q2,2026-09-15T16:23:28.567411+00:00,77.1,final,2011-04-01,2011-06-30,1,2026-09-15T16:23:28.567411+00:00
GOV_DEBT_QUARTERLY_EUROPE,hu:country,2011-Q3,2026-09-15T16:23:28.567411+00:00,82.3,final,2011-07-01,2011-09-30,1,2026-09-15T16:23:28.567411+00:00
GOV_DEBT_QUARTERLY_EUROPE,hu:country,2011-Q4,2026-09-15T16:23:28.567411+00:00,80.5,final,2011-10-01,2011-12-31,1,2026-09-15T16:23:28.567411+00:00
GOV_DEBT_QUARTERLY_EUROPE,hu:country,2012-Q1,2026-09-15T16:23:28.567411+00:00,78.8,final,2012-01-01,2012-03-31,1,2026-09-15T16:23:28.567411+00:00
GOV_DEBT_QUARTERLY_EUROPE,hu:country,2012-Q2,2026-09-15T16:23:28.567411+00:00,77.8,final,2012-04-01,2012-06-30,1,2026-09-15T16:23:28.567411+00:00
GOV_DEBT_QUARTERLY_EUROPE,hu:country,2012-Q3,2026-09-15T16:23:28.567411+00:00,77.5,final,2012-07-01,2012-09-30,1,2026-09-15T16:23:28.567411+00:00
GOV_DEBT_QUARTERLY_EUROPE,hu:country,2012-Q4,2026-09-15T16:23:28.567411+00:00,78.4,final,2012-10-01,2012-12-31,1,2026-09-15T16:23:28.567411+00:00
GOV_DEBT_QUARTERLY_EUROPE,hu:country,2013-Q1,2026-09-15T16:23:28.567411+00:00,81.1,final,2013-01-01,2013-03-31,1,2026-09-15T16:23:28.567411+00:00
GOV_DEBT_QUARTERLY_EUROPE,hu:country,2013-Q2,2026-09-15T16:23:28.567411+00:00,79.5,final,2013-04-01,2013-06-30,1,2026-09-15T16:23:28.567411+00:00
GOV_DEBT_QUARTERLY_EUROPE,hu:country,2013-Q3,2026-09-15T16:23:28.567411+00:00,78.0,final,2013-07-01,2013-09-30,1,2026-09-15T16:23:28.567411+00:00
GOV_DEBT_QUARTERLY_EUROPE,hu:country,2013-Q4,2026-09-15T16:23:28.567411+00:00,77.2,final,2013-10-01,2013-12-31,1,2026-09-15T16:23:28.567411+00:00
GOV_DEBT_QUARTERLY_EUROPE,hu:country,2014-Q1,2026-09-15T16:23:28.567411+00:00,81.7,final,2014-01-01,2014-03-31,1,2026-09-15T16:23:28.567411+00:00
GOV_DEBT_QUARTERLY_EUROPE,hu:country,2014-Q2,2026-09-15T16:23:28.567411+00:00,82.1,final,2014-04-01,2014-06-30,1,2026-09-15T16:23:28.567411+00:00
GOV_DEBT_QUARTERLY_EUROPE,hu:country,2014-Q3,2026-09-15T16:23:28.567411+00:00,79.7,final,2014-07-01,2014-09-30,1,2026-09-15T16:23:28.567411+00:00
GOV_DEBT_QUARTERLY_EUROPE,hu:country,2014-Q4,2026-09-15T16:23:28.567411+00:00,76.5,final,2014-10-01,2014-12-31,1,2026-09-15T16:23:28.567411+00:00
GOV_DEBT_QUARTERLY_EUROPE,hu:country,2015-Q1,2026-09-15T16:23:28.567411+00:00,77.5,final,2015-01-01,2015-03-31,1,2026-09-15T16:23:28.567411+00:00
GOV_DEBT_QUARTERLY_EUROPE,hu:country,2015-Q2,2026-09-15T16:23:28.567411+00:00,79.2,final,2015-04-01,2015-06-30,1,2026-09-15T16:23:28.567411+00:00
GOV_DEBT_QUARTERLY_EUROPE,hu:country,2015-Q3,2026-09-15T16:23:28.567411+00:00,78.4,final,2015-07-01,2015-09-30,1,2026-09-15T16:23:28.567411+00:00
GOV_DEBT_QUARTERLY_EUROPE,hu:country,2015-Q4,2026-09-15T16:23:28.567411+00:00,75.7,final,2015-10-01,2015-12-31,1,2026-09-15T16:23:28.567411+00:00
GOV_DEBT_QUARTERLY_EUROPE,hu:country,2016-Q1,2026-09-15T16:23:28.567411+00:00,77.2,final,2016-01-01,2016-03-31,1,2026-09-15T16:23:28.567411+00:00
GOV_DEBT_QUARTERLY_EUROPE,hu:country,2016-Q2,2026-09-15T16:23:28.567411+00:00,75.6,final,2016-04-01,2016-06-30,1,2026-09-15T16:23:28.567411+00:00
GOV_DEBT_QUARTERLY_EUROPE,hu:country,2016-Q3,2026-09-15T16:23:28.567411+00:00,74.8,final,2016-07-01,2016-09-30,1,2026-09-15T16:23:28.567411+00:00
GOV_DEBT_QUARTERLY_EUROPE,hu:country,2016-Q4,2026-09-15T16:23:28.567411+00:00,74.6,final,2016-10-01,2016-12-31,1,2026-09-15T16:23:28.567411+00:00
GOV_DEBT_QUARTERLY_EUROPE,hu:country,2017-Q1,2026-09-15T16:23:28.567411+00:00,74.9,final,2017-01-01,2017-03-31,1,2026-09-15T16:23:28.567411+00:00
GOV_DEBT_QUARTERLY_EUROPE,hu:country,2017-Q2,2026-09-15T16:23:28.567411+00:00,74.3,final,2017-04-01,2017-06-30,1,2026-09-15T16:23:28.567411+00:00
GOV_DEBT_QUARTERLY_EUROPE,hu:country,2017-Q3,2026-09-15T16:23:28.567411+00:00,72.9,final,2017-07-01,2017-09-30,1,2026-09-15T16:23:28.567411+00:00
GOV_DEBT_QUARTERLY_EUROPE,hu:country,2017-Q4,2026-09-15T16:23:28.567411+00:00,72.0,final,2017-10-01,2017-12-31,1,2026-09-15T16:23:28.567411+00:00
GOV_DEBT_QUARTERLY_EUROPE,hu:country,2018-Q1,2026-09-15T16:23:28.567411+00:00,72.2,final,2018-01-01,2018-03-31,1,2026-09-15T16:23:28.567411+00:00
GOV_DEBT_QUARTERLY_EUROPE,hu:country,2018-Q2,2026-09-15T16:23:28.567411+00:00,72.3,final,2018-04-01,2018-06-30,1,2026-09-15T16:23:28.567411+00:00
GOV_DEBT_QUARTERLY_EUROPE,hu:country,2018-Q3,2026-09-15T16:23:28.567411+00:00,70.7,final,2018-07-01,2018-09-30,1,2026-09-15T16:23:28.567411+00:00
GOV_DEBT_QUARTERLY_EUROPE,hu:country,2018-Q4,2026-09-15T16:23:28.567411+00:00,68.8,final,2018-10-01,2018-12-31,1,2026-09-15T16:23:28.567411+00:00
GOV_DEBT_QUARTERLY_EUROPE,hu:country,2019-Q1,2026-09-15T16:23:28.567411+00:00,68.1,final,2019-01-01,2019-03-31,1,2026-09-15T16:23:28.567411+00:00
GOV_DEBT_QUARTERLY_EUROPE,hu:country,2019-Q2,2026-09-15T16:23:28.567411+00:00,66.8,final,2019-04-01,2019-06-30,1,2026-09-15T16:23:28.567411+00:00
GOV_DEBT_QUARTERLY_EUROPE,hu:country,2019-Q3,2026-09-15T16:23:28.567411+00:00,66.7,final,2019-07-01,2019-09-30,1,2026-09-15T16:23:28.567411+00:00
GOV_DEBT_QUARTERLY_EUROPE,hu:country,2019-Q4,2026-09-15T16:23:28.567411+00:00,65.0,final,2019-10-01,2019-12-31,1,2026-09-15T16:23:28.567411+00:00
GOV_DEBT_QUARTERLY_EUROPE,hu:country,2020-Q1,2026-09-15T16:23:28.567411+00:00,65.2,final,2020-01-01,2020-03-31,1,2026-09-15T16:23:28.567411+00:00
GOV_DEBT_QUARTERLY_EUROPE,hu:country,2020-Q2,2026-09-15T16:23:28.567411+00:00,69.4,final,2020-04-01,2020-06-30,1,2026-09-15T16:23:28.567411+00:00
GOV_DEBT_QUARTERLY_EUROPE,hu:country,2020-Q3,2026-09-15T16:23:28.567411+00:00,72.8,final,2020-07-01,2020-09-30,1,2026-09-15T16:23:28.567411+00:00
GOV_DEBT_QUARTERLY_EUROPE,hu:country,2020-Q4,2026-09-15T16:23:28.567411+00:00,78.7,final,2020-10-01,2020-12-31,1,2026-09-15T16:23:28.567411+00:00
GOV_DEBT_QUARTERLY_EUROPE,hu:country,2021-Q1,2026-09-15T16:23:28.567411+00:00,79.7,final,2021-01-01,2021-03-31,1,2026-09-15T16:23:28.567411+00:00
GOV_DEBT_QUARTERLY_EUROPE,hu:country,2021-Q2,2026-09-15T16:23:28.567411+00:00,76.2,final,2021-04-01,2021-06-30,1,2026-09-15T16:23:28.567411+00:00
GOV_DEBT_QUARTERLY_EUROPE,hu:country,2021-Q3,2026-09-15T16:23:28.567411+00:00,79.0,final,2021-07-01,2021-09-30,1,2026-09-15T16:23:28.567411+00:00
GOV_DEBT_QUARTERLY_EUROPE,hu:country,2021-Q4,2026-09-15T16:23:28.567411+00:00,76.2,final,2021-10-01,2021-12-31,1,2026-09-15T16:23:28.567411+00:00
GOV_DEBT_QUARTERLY_EUROPE,hu:country,2022-Q1,2026-09-15T16:23:28.567411+00:00,76.7,final,2022-01-01,2022-03-31,1,2026-09-15T16:23:28.567411+00:00
GOV_DEBT_QUARTERLY_EUROPE,hu:country,2022-Q2,2026-09-15T16:23:28.567411+00:00,76.5,final,2022-04-01,2022-06-30,1,2026-09-15T16:23:28.567411+00:00
GOV_DEBT_QUARTERLY_EUROPE,hu:country,2022-Q3,2026-09-15T16:23:28.567411+00:00,75.5,final,2022-07-01,2022-09-30,1,2026-09-15T16:23:28.567411+00:00
GOV_DEBT_QUARTERLY_EUROPE,hu:country,2022-Q4,2026-09-15T16:23:28.567411+00:00,74.1,final,2022-10-01,2022-12-31,1,2026-09-15T16:23:28.567411+00:00
GOV_DEBT_QUARTERLY_EUROPE,hu:country,2023-Q1,2026-09-15T16:23:28.567411+00:00,75.4,final,2023-01-01,2023-03-31,1,2026-09-15T16:23:28.567411+00:00
GOV_DEBT_QUARTERLY_EUROPE,hu:country,2023-Q2,2026-09-15T16:23:28.567411+00:00,75.1,final,2023-04-01,2023-06-30,1,2026-09-15T16:23:28.567411+00:00
GOV_DEBT_QUARTERLY_EUROPE,hu:country,2023-Q3,2026-09-15T16:23:28.567411+00:00,74.7,final,2023-07-01,2023-09-30,1,2026-09-15T16:23:28.567411+00:00
GOV_DEBT_QUARTERLY_EUROPE,hu:country,2023-Q4,2026-09-15T16:23:28.567411+00:00,73.3,final,2023-10-01,2023-12-31,1,2026-09-15T16:23:28.567411+00:00
GOV_DEBT_QUARTERLY_EUROPE,hu:country,2024-Q1,2026-09-15T16:23:28.567411+00:00,76.5,final,2024-01-01,2024-03-31,1,2026-09-15T16:23:28.567411+00:00
GOV_DEBT_QUARTERLY_EUROPE,hu:country,2024-Q2,2026-09-15T16:23:28.567411+00:00,76.2,final,2024-04-01,2024-06-30,1,2026-09-15T16:23:28.567411+00:00
GOV_DEBT_QUARTERLY_EUROPE,hu:country,2024-Q3,2026-09-15T16:23:28.567411+00:00,76.0,final,2024-07-01,2024-09-30,1,2026-09-15T16:23:28.567411+00:00
GOV_DEBT_QUARTERLY_EUROPE,hu:country,2024-Q4,2026-09-15T16:23:28.567411+00:00,73.5,final,2024-10-01,2024-12-31,1,2026-09-15T16:23:28.567411+00:00
GOV_DEBT_QUARTERLY_EUROPE,hu:country,2025-Q1,2026-09-15T16:23:28.567411+00:00,75.3,final,2025-01-01,2025-03-31,1,2026-09-15T16:23:28.567411+00:00
GOV_DEBT_QUARTERLY_EUROPE,hu:country,2025-Q2,2026-09-15T16:23:28.567411+00:00,76.0,final,2025-04-01,2025-06-30,1,2026-09-15T16:23:28.567411+00:00
GOV_DEBT_QUARTERLY_EUROPE,hu:country,2025-Q3,2026-09-15T16:23:28.567411+00:00,75.0,final,2025-07-01,2025-09-30,1,2026-09-15T16:23:28.567411+00:00
GOV_DEBT_QUARTERLY_EUROPE,hu:country,2025-Q4,2026-09-15T16:23:28.567411+00:00,74.6,final,2025-10-01,2025-12-31,1,2026-09-15T16:23:28.567411+00:00
GOV_DEBT_QUARTERLY_EUROPE,hu:country,2026-Q1,2026-09-15T16:23:28.567411+00:00,77.7,provisional,2026-01-01,2026-03-31,1,2026-09-15T16:23:28.567411+00:00
GOV_DEBT_QUARTERLY_EUROPE,ie:country,2008-Q1,2026-09-15T16:23:28.567411+00:00,26.4,final,2008-01-01,2008-03-31,1,2026-09-15T16:23:28.567411+00:00
GOV_DEBT_QUARTERLY_EUROPE,ie:country,2008-Q2,2026-09-15T16:23:28.567411+00:00,31.1,final,2008-04-01,2008-06-30,1,2026-09-15T16:23:28.567411+00:00
GOV_DEBT_QUARTERLY_EUROPE,ie:country,2008-Q3,2026-09-15T16:23:28.567411+00:00,37.1,final,2008-07-01,2008-09-30,1,2026-09-15T16:23:28.567411+00:00
GOV_DEBT_QUARTERLY_EUROPE,ie:country,2008-Q4,2026-09-15T16:23:28.567411+00:00,42.5,final,2008-10-01,2008-12-31,1,2026-09-15T16:23:28.567411+00:00
GOV_DEBT_QUARTERLY_EUROPE,ie:country,2009-Q1,2026-09-15T16:23:28.567411+00:00,49.1,final,2009-01-01,2009-03-31,1,2026-09-15T16:23:28.567411+00:00
GOV_DEBT_QUARTERLY_EUROPE,ie:country,2009-Q2,2026-09-15T16:23:28.567411+00:00,56.8,final,2009-04-01,2009-06-30,1,2026-09-15T16:23:28.567411+00:00
GOV_DEBT_QUARTERLY_EUROPE,ie:country,2009-Q3,2026-09-15T16:23:28.567411+00:00,59.4,final,2009-07-01,2009-09-30,1,2026-09-15T16:23:28.567411+00:00
GOV_DEBT_QUARTERLY_EUROPE,ie:country,2009-Q4,2026-09-15T16:23:28.567411+00:00,61.8,final,2009-10-01,2009-12-31,1,2026-09-15T16:23:28.567411+00:00
GOV_DEBT_QUARTERLY_EUROPE,ie:country,2010-Q1,2026-09-15T16:23:28.567411+00:00,74.2,final,2010-01-01,2010-03-31,1,2026-09-15T16:23:28.567411+00:00
GOV_DEBT_QUARTERLY_EUROPE,ie:country,2010-Q2,2026-09-15T16:23:28.567411+00:00,74.4,final,2010-04-01,2010-06-30,1,2026-09-15T16:23:28.567411+00:00
GOV_DEBT_QUARTERLY_EUROPE,ie:country,2010-Q3,2026-09-15T16:23:28.567411+00:00,83.7,final,2010-07-01,2010-09-30,1,2026-09-15T16:23:28.567411+00:00
GOV_DEBT_QUARTERLY_EUROPE,ie:country,2010-Q4,2026-09-15T16:23:28.567411+00:00,86.3,final,2010-10-01,2010-12-31,1,2026-09-15T16:23:28.567411+00:00
GOV_DEBT_QUARTERLY_EUROPE,ie:country,2011-Q1,2026-09-15T16:23:28.567411+00:00,92.6,final,2011-01-01,2011-03-31,1,2026-09-15T16:23:28.567411+00:00
GOV_DEBT_QUARTERLY_EUROPE,ie:country,2011-Q2,2026-09-15T16:23:28.567411+00:00,93.2,final,2011-04-01,2011-06-30,1,2026-09-15T16:23:28.567411+00:00
GOV_DEBT_QUARTERLY_EUROPE,ie:country,2011-Q3,2026-09-15T16:23:28.567411+00:00,109.5,final,2011-07-01,2011-09-30,1,2026-09-15T16:23:28.567411+00:00
GOV_DEBT_QUARTERLY_EUROPE,ie:country,2011-Q4,2026-09-15T16:23:28.567411+00:00,109.7,final,2011-10-01,2011-12-31,1,2026-09-15T16:23:28.567411+00:00
GOV_DEBT_QUARTERLY_EUROPE,ie:country,2012-Q1,2026-09-15T16:23:28.567411+00:00,111.7,final,2012-01-01,2012-03-31,1,2026-09-15T16:23:28.567411+00:00
GOV_DEBT_QUARTERLY_EUROPE,ie:country,2012-Q2,2026-09-15T16:23:28.567411+00:00,114.3,final,2012-04-01,2012-06-30,1,2026-09-15T16:23:28.567411+00:00
GOV_DEBT_QUARTERLY_EUROPE,ie:country,2012-Q3,2026-09-15T16:23:28.567411+00:00,119.7,final,2012-07-01,2012-09-30,1,2026-09-15T16:23:28.567411+00:00
GOV_DEBT_QUARTERLY_EUROPE,ie:country,2012-Q4,2026-09-15T16:23:28.567411+00:00,119.0,final,2012-10-01,2012-12-31,1,2026-09-15T16:23:28.567411+00:00
GOV_DEBT_QUARTERLY_EUROPE,ie:country,2013-Q1,2026-09-15T16:23:28.567411+00:00,123.4,final,2013-01-01,2013-03-31,1,2026-09-15T16:23:28.567411+00:00
GOV_DEBT_QUARTERLY_EUROPE,ie:country,2013-Q2,2026-09-15T16:23:28.567411+00:00,123.0,final,2013-04-01,2013-06-30,1,2026-09-15T16:23:28.567411+00:00
GOV_DEBT_QUARTERLY_EUROPE,ie:country,2013-Q3,2026-09-15T16:23:28.567411+00:00,121.3,final,2013-07-01,2013-09-30,1,2026-09-15T16:23:28.567411+00:00
GOV_DEBT_QUARTERLY_EUROPE,ie:country,2013-Q4,2026-09-15T16:23:28.567411+00:00,117.8,final,2013-10-01,2013-12-31,1,2026-09-15T16:23:28.567411+00:00
GOV_DEBT_QUARTERLY_EUROPE,ie:country,2014-Q1,2026-09-15T16:23:28.567411+00:00,115.1,final,2014-01-01,2014-03-31,1,2026-09-15T16:23:28.567411+00:00
GOV_DEBT_QUARTERLY_EUROPE,ie:country,2014-Q2,2026-09-15T16:23:28.567411+00:00,109.6,final,2014-04-01,2014-06-30,1,2026-09-15T16:23:28.567411+00:00
GOV_DEBT_QUARTERLY_EUROPE,ie:country,2014-Q3,2026-09-15T16:23:28.567411+00:00,106.7,final,2014-07-01,2014-09-30,1,2026-09-15T16:23:28.567411+00:00
GOV_DEBT_QUARTERLY_EUROPE,ie:country,2014-Q4,2026-09-15T16:23:28.567411+00:00,101.5,final,2014-10-01,2014-12-31,1,2026-09-15T16:23:28.567411+00:00
GOV_DEBT_QUARTERLY_EUROPE,ie:country,2015-Q1,2026-09-15T16:23:28.567411+00:00,93.4,final,2015-01-01,2015-03-31,1,2026-09-15T16:23:28.567411+00:00
GOV_DEBT_QUARTERLY_EUROPE,ie:country,2015-Q2,2026-09-15T16:23:28.567411+00:00,87.2,final,2015-04-01,2015-06-30,1,2026-09-15T16:23:28.567411+00:00
GOV_DEBT_QUARTERLY_EUROPE,ie:country,2015-Q3,2026-09-15T16:23:28.567411+00:00,80.8,final,2015-07-01,2015-09-30,1,2026-09-15T16:23:28.567411+00:00
GOV_DEBT_QUARTERLY_EUROPE,ie:country,2015-Q4,2026-09-15T16:23:28.567411+00:00,74.1,final,2015-10-01,2015-12-31,1,2026-09-15T16:23:28.567411+00:00
GOV_DEBT_QUARTERLY_EUROPE,ie:country,2016-Q1,2026-09-15T16:23:28.567411+00:00,76.1,final,2016-01-01,2016-03-31,1,2026-09-15T16:23:28.567411+00:00
GOV_DEBT_QUARTERLY_EUROPE,ie:country,2016-Q2,2026-09-15T16:23:28.567411+00:00,73.7,final,2016-04-01,2016-06-30,1,2026-09-15T16:23:28.567411+00:00
GOV_DEBT_QUARTERLY_EUROPE,ie:country,2016-Q3,2026-09-15T16:23:28.567411+00:00,74.5,final,2016-07-01,2016-09-30,1,2026-09-15T16:23:28.567411+00:00
GOV_DEBT_QUARTERLY_EUROPE,ie:country,2016-Q4,2026-09-15T16:23:28.567411+00:00,72.7,final,2016-10-01,2016-12-31,1,2026-09-15T16:23:28.567411+00:00
GOV_DEBT_QUARTERLY_EUROPE,ie:country,2017-Q1,2026-09-15T16:23:28.567411+00:00,73.8,final,2017-01-01,2017-03-31,1,2026-09-15T16:23:28.567411+00:00
GOV_DEBT_QUARTERLY_EUROPE,ie:country,2017-Q2,2026-09-15T16:23:28.567411+00:00,72.7,final,2017-04-01,2017-06-30,1,2026-09-15T16:23:28.567411+00:00
GOV_DEBT_QUARTERLY_EUROPE,ie:country,2017-Q3,2026-09-15T16:23:28.567411+00:00,70.2,final,2017-07-01,2017-09-30,1,2026-09-15T16:23:28.567411+00:00
GOV_DEBT_QUARTERLY_EUROPE,ie:country,2017-Q4,2026-09-15T16:23:28.567411+00:00,65.3,final,2017-10-01,2017-12-31,1,2026-09-15T16:23:28.567411+00:00
GOV_DEBT_QUARTERLY_EUROPE,ie:country,2018-Q1,2026-09-15T16:23:28.567411+00:00,66.3,final,2018-01-01,2018-03-31,1,2026-09-15T16:23:28.567411+00:00
GOV_DEBT_QUARTERLY_EUROPE,ie:country,2018-Q2,2026-09-15T16:23:28.567411+00:00,66.0,final,2018-04-01,2018-06-30,1,2026-09-15T16:23:28.567411+00:00
GOV_DEBT_QUARTERLY_EUROPE,ie:country,2018-Q3,2026-09-15T16:23:28.567411+00:00,65.1,final,2018-07-01,2018-09-30,1,2026-09-15T16:23:28.567411+00:00
GOV_DEBT_QUARTERLY_EUROPE,ie:country,2018-Q4,2026-09-15T16:23:28.567411+00:00,61.4,final,2018-10-01,2018-12-31,1,2026-09-15T16:23:28.567411+00:00
GOV_DEBT_QUARTERLY_EUROPE,ie:country,2019-Q1,2026-09-15T16:23:28.567411+00:00,63.0,final,2019-01-01,2019-03-31,1,2026-09-15T16:23:28.567411+00:00
GOV_DEBT_QUARTERLY_EUROPE,ie:country,2019-Q2,2026-09-15T16:23:28.567411+00:00,61.5,final,2019-04-01,2019-06-30,1,2026-09-15T16:23:28.567411+00:00
GOV_DEBT_QUARTERLY_EUROPE,ie:country,2019-Q3,2026-09-15T16:23:28.567411+00:00,59.9,final,2019-07-01,2019-09-30,1,2026-09-15T16:23:28.567411+00:00
GOV_DEBT_QUARTERLY_EUROPE,ie:country,2019-Q4,2026-09-15T16:23:28.567411+00:00,55.8,final,2019-10-01,2019-12-31,1,2026-09-15T16:23:28.567411+00:00
GOV_DEBT_QUARTERLY_EUROPE,ie:country,2020-Q1,2026-09-15T16:23:28.567411+00:00,57.3,final,2020-01-01,2020-03-31,1,2026-09-15T16:23:28.567411+00:00
GOV_DEBT_QUARTERLY_EUROPE,ie:country,2020-Q2,2026-09-15T16:23:28.567411+00:00,60.7,final,2020-04-01,2020-06-30,1,2026-09-15T16:23:28.567411+00:00
GOV_DEBT_QUARTERLY_EUROPE,ie:country,2020-Q3,2026-09-15T16:23:28.567411+00:00,59.8,final,2020-07-01,2020-09-30,1,2026-09-15T16:23:28.567411+00:00
GOV_DEBT_QUARTERLY_EUROPE,ie:country,2020-Q4,2026-09-15T16:23:28.567411+00:00,57.1,final,2020-10-01,2020-12-31,1,2026-09-15T16:23:28.567411+00:00
GOV_DEBT_QUARTERLY_EUROPE,ie:country,2021-Q1,2026-09-15T16:23:28.567411+00:00,58.5,final,2021-01-01,2021-03-31,1,2026-09-15T16:23:28.567411+00:00
GOV_DEBT_QUARTERLY_EUROPE,ie:country,2021-Q2,2026-09-15T16:23:28.567411+00:00,56.7,final,2021-04-01,2021-06-30,1,2026-09-15T16:23:28.567411+00:00
GOV_DEBT_QUARTERLY_EUROPE,ie:country,2021-Q3,2026-09-15T16:23:28.567411+00:00,54.8,final,2021-07-01,2021-09-30,1,2026-09-15T16:23:28.567411+00:00
GOV_DEBT_QUARTERLY_EUROPE,ie:country,2021-Q4,2026-09-15T16:23:28.567411+00:00,52.4,final,2021-10-01,2021-12-31,1,2026-09-15T16:23:28.567411+00:00
GOV_DEBT_QUARTERLY_EUROPE,ie:country,2022-Q1,2026-09-15T16:23:28.567411+00:00,50.4,final,2022-01-01,2022-03-31,1,2026-09-15T16:23:28.567411+00:00
GOV_DEBT_QUARTERLY_EUROPE,ie:country,2022-Q2,2026-09-15T16:23:28.567411+00:00,48.7,final,2022-04-01,2022-06-30,1,2026-09-15T16:23:28.567411+00:00
GOV_DEBT_QUARTERLY_EUROPE,ie:country,2022-Q3,2026-09-15T16:23:28.567411+00:00,46.6,final,2022-07-01,2022-09-30,1,2026-09-15T16:23:28.567411+00:00
GOV_DEBT_QUARTERLY_EUROPE,ie:country,2022-Q4,2026-09-15T16:23:28.567411+00:00,42.8,final,2022-10-01,2022-12-31,1,2026-09-15T16:23:28.567411+00:00
GOV_DEBT_QUARTERLY_EUROPE,ie:country,2023-Q1,2026-09-15T16:23:28.567411+00:00,41.9,final,2023-01-01,2023-03-31,1,2026-09-15T16:23:28.567411+00:00
GOV_DEBT_QUARTERLY_EUROPE,ie:country,2023-Q2,2026-09-15T16:23:28.567411+00:00,41.6,final,2023-04-01,2023-06-30,1,2026-09-15T16:23:28.567411+00:00
GOV_DEBT_QUARTERLY_EUROPE,ie:country,2023-Q3,2026-09-15T16:23:28.567411+00:00,41.9,final,2023-07-01,2023-09-30,1,2026-09-15T16:23:28.567411+00:00
GOV_DEBT_QUARTERLY_EUROPE,ie:country,2023-Q4,2026-09-15T16:23:28.567411+00:00,42.1,final,2023-10-01,2023-12-31,1,2026-09-15T16:23:28.567411+00:00
GOV_DEBT_QUARTERLY_EUROPE,ie:country,2024-Q1,2026-09-15T16:23:28.567411+00:00,40.9,final,2024-01-01,2024-03-31,1,2026-09-15T16:23:28.567411+00:00
GOV_DEBT_QUARTERLY_EUROPE,ie:country,2024-Q2,2026-09-15T16:23:28.567411+00:00,40.6,final,2024-04-01,2024-06-30,1,2026-09-15T16:23:28.567411+00:00
GOV_DEBT_QUARTERLY_EUROPE,ie:country,2024-Q3,2026-09-15T16:23:28.567411+00:00,40.0,final,2024-07-01,2024-09-30,1,2026-09-15T16:23:28.567411+00:00
GOV_DEBT_QUARTERLY_EUROPE,ie:country,2024-Q4,2026-09-15T16:23:28.567411+00:00,38.4,final,2024-10-01,2024-12-31,1,2026-09-15T16:23:28.567411+00:00
GOV_DEBT_QUARTERLY_EUROPE,ie:country,2025-Q1,2026-09-15T16:23:28.567411+00:00,35.1,final,2025-01-01,2025-03-31,1,2026-09-15T16:23:28.567411+00:00
GOV_DEBT_QUARTERLY_EUROPE,ie:country,2025-Q2,2026-09-15T16:23:28.567411+00:00,34.4,final,2025-04-01,2025-06-30,1,2026-09-15T16:23:28.567411+00:00
GOV_DEBT_QUARTERLY_EUROPE,ie:country,2025-Q3,2026-09-15T16:23:28.567411+00:00,34.5,final,2025-07-01,2025-09-30,1,2026-09-15T16:23:28.567411+00:00
GOV_DEBT_QUARTERLY_EUROPE,ie:country,2025-Q4,2026-09-15T16:23:28.567411+00:00,34.8,final,2025-10-01,2025-12-31,1,2026-09-15T16:23:28.567411+00:00
GOV_DEBT_QUARTERLY_EUROPE,ie:country,2026-Q1,2026-09-15T16:23:28.567411+00:00,37.0,provisional,2026-01-01,2026-03-31,1,2026-09-15T16:23:28.567411+00:00
GOV_DEBT_QUARTERLY_EUROPE,it:country,2008-Q1,2026-09-15T16:23:28.567411+00:00,105.7,final,2008-01-01,2008-03-31,1,2026-09-15T16:23:28.567411+00:00
GOV_DEBT_QUARTERLY_EUROPE,it:country,2008-Q2,2026-09-15T16:23:28.567411+00:00,105.1,final,2008-04-01,2008-06-30,1,2026-09-15T16:23:28.567411+00:00
GOV_DEBT_QUARTERLY_EUROPE,it:country,2008-Q3,2026-09-15T16:23:28.567411+00:00,104.4,final,2008-07-01,2008-09-30,1,2026-09-15T16:23:28.567411+00:00
GOV_DEBT_QUARTERLY_EUROPE,it:country,2008-Q4,2026-09-15T16:23:28.567411+00:00,105.8,final,2008-10-01,2008-12-31,1,2026-09-15T16:23:28.567411+00:00
GOV_DEBT_QUARTERLY_EUROPE,it:country,2009-Q1,2026-09-15T16:23:28.567411+00:00,111.8,final,2009-01-01,2009-03-31,1,2026-09-15T16:23:28.567411+00:00
GOV_DEBT_QUARTERLY_EUROPE,it:country,2009-Q2,2026-09-15T16:23:28.567411+00:00,114.2,final,2009-04-01,2009-06-30,1,2026-09-15T16:23:28.567411+00:00
GOV_DEBT_QUARTERLY_EUROPE,it:country,2009-Q3,2026-09-15T16:23:28.567411+00:00,117.4,final,2009-07-01,2009-09-30,1,2026-09-15T16:23:28.567411+00:00
GOV_DEBT_QUARTERLY_EUROPE,it:country,2009-Q4,2026-09-15T16:23:28.567411+00:00,116.1,final,2009-10-01,2009-12-31,1,2026-09-15T16:23:28.567411+00:00
GOV_DEBT_QUARTERLY_EUROPE,it:country,2010-Q1,2026-09-15T16:23:28.567411+00:00,118.2,final,2010-01-01,2010-03-31,1,2026-09-15T16:23:28.567411+00:00
GOV_DEBT_QUARTERLY_EUROPE,it:country,2010-Q2,2026-09-15T16:23:28.567411+00:00,119.0,final,2010-04-01,2010-06-30,1,2026-09-15T16:23:28.567411+00:00
GOV_DEBT_QUARTERLY_EUROPE,it:country,2010-Q3,2026-09-15T16:23:28.567411+00:00,119.6,final,2010-07-01,2010-09-30,1,2026-09-15T16:23:28.567411+00:00
GOV_DEBT_QUARTERLY_EUROPE,it:country,2010-Q4,2026-09-15T16:23:28.567411+00:00,118.8,final,2010-10-01,2010-12-31,1,2026-09-15T16:23:28.567411+00:00
GOV_DEBT_QUARTERLY_EUROPE,it:country,2011-Q1,2026-09-15T16:23:28.567411+00:00,119.0,final,2011-01-01,2011-03-31,1,2026-09-15T16:23:28.567411+00:00
GOV_DEBT_QUARTERLY_EUROPE,it:country,2011-Q2,2026-09-15T16:23:28.567411+00:00,120.3,final,2011-04-01,2011-06-30,1,2026-09-15T16:23:28.567411+00:00
GOV_DEBT_QUARTERLY_EUROPE,it:country,2011-Q3,2026-09-15T16:23:28.567411+00:00,118.5,final,2011-07-01,2011-09-30,1,2026-09-15T16:23:28.567411+00:00
GOV_DEBT_QUARTERLY_EUROPE,it:country,2011-Q4,2026-09-15T16:23:28.567411+00:00,119.1,final,2011-10-01,2011-12-31,1,2026-09-15T16:23:28.567411+00:00
GOV_DEBT_QUARTERLY_EUROPE,it:country,2012-Q1,2026-09-15T16:23:28.567411+00:00,122.3,final,2012-01-01,2012-03-31,1,2026-09-15T16:23:28.567411+00:00
GOV_DEBT_QUARTERLY_EUROPE,it:country,2012-Q2,2026-09-15T16:23:28.567411+00:00,124.5,final,2012-04-01,2012-06-30,1,2026-09-15T16:23:28.567411+00:00
GOV_DEBT_QUARTERLY_EUROPE,it:country,2012-Q3,2026-09-15T16:23:28.567411+00:00,126.0,final,2012-07-01,2012-09-30,1,2026-09-15T16:23:28.567411+00:00
GOV_DEBT_QUARTERLY_EUROPE,it:country,2012-Q4,2026-09-15T16:23:28.567411+00:00,125.9,final,2012-10-01,2012-12-31,1,2026-09-15T16:23:28.567411+00:00
GOV_DEBT_QUARTERLY_EUROPE,it:country,2013-Q1,2026-09-15T16:23:28.567411+00:00,129.6,final,2013-01-01,2013-03-31,1,2026-09-15T16:23:28.567411+00:00
GOV_DEBT_QUARTERLY_EUROPE,it:country,2013-Q2,2026-09-15T16:23:28.567411+00:00,132.4,final,2013-04-01,2013-06-30,1,2026-09-15T16:23:28.567411+00:00
GOV_DEBT_QUARTERLY_EUROPE,it:country,2013-Q3,2026-09-15T16:23:28.567411+00:00,131.9,final,2013-07-01,2013-09-30,1,2026-09-15T16:23:28.567411+00:00
GOV_DEBT_QUARTERLY_EUROPE,it:country,2013-Q4,2026-09-15T16:23:28.567411+00:00,131.9,final,2013-10-01,2013-12-31,1,2026-09-15T16:23:28.567411+00:00
GOV_DEBT_QUARTERLY_EUROPE,it:country,2014-Q1,2026-09-15T16:23:28.567411+00:00,134.5,final,2014-01-01,2014-03-31,1,2026-09-15T16:23:28.567411+00:00
GOV_DEBT_QUARTERLY_EUROPE,it:country,2014-Q2,2026-09-15T16:23:28.567411+00:00,137.2,final,2014-04-01,2014-06-30,1,2026-09-15T16:23:28.567411+00:00
GOV_DEBT_QUARTERLY_EUROPE,it:country,2014-Q3,2026-09-15T16:23:28.567411+00:00,135.0,final,2014-07-01,2014-09-30,1,2026-09-15T16:23:28.567411+00:00
GOV_DEBT_QUARTERLY_EUROPE,it:country,2014-Q4,2026-09-15T16:23:28.567411+00:00,134.8,final,2014-10-01,2014-12-31,1,2026-09-15T16:23:28.567411+00:00
GOV_DEBT_QUARTERLY_EUROPE,it:country,2015-Q1,2026-09-15T16:23:28.567411+00:00,137.5,final,2015-01-01,2015-03-31,1,2026-09-15T16:23:28.567411+00:00
GOV_DEBT_QUARTERLY_EUROPE,it:country,2015-Q2,2026-09-15T16:23:28.567411+00:00,138.2,final,2015-04-01,2015-06-30,1,2026-09-15T16:23:28.567411+00:00
GOV_DEBT_QUARTERLY_EUROPE,it:country,2015-Q3,2026-09-15T16:23:28.567411+00:00,136.8,final,2015-07-01,2015-09-30,1,2026-09-15T16:23:28.567411+00:00
GOV_DEBT_QUARTERLY_EUROPE,it:country,2015-Q4,2026-09-15T16:23:28.567411+00:00,134.8,final,2015-10-01,2015-12-31,1,2026-09-15T16:23:28.567411+00:00
GOV_DEBT_QUARTERLY_EUROPE,it:country,2016-Q1,2026-09-15T16:23:28.567411+00:00,137.4,final,2016-01-01,2016-03-31,1,2026-09-15T16:23:28.567411+00:00
GOV_DEBT_QUARTERLY_EUROPE,it:country,2016-Q2,2026-09-15T16:23:28.567411+00:00,137.9,final,2016-04-01,2016-06-30,1,2026-09-15T16:23:28.567411+00:00
GOV_DEBT_QUARTERLY_EUROPE,it:country,2016-Q3,2026-09-15T16:23:28.567411+00:00,134.9,final,2016-07-01,2016-09-30,1,2026-09-15T16:23:28.567411+00:00
GOV_DEBT_QUARTERLY_EUROPE,it:country,2016-Q4,2026-09-15T16:23:28.567411+00:00,134.2,final,2016-10-01,2016-12-31,1,2026-09-15T16:23:28.567411+00:00
GOV_DEBT_QUARTERLY_EUROPE,it:country,2017-Q1,2026-09-15T16:23:28.567411+00:00,135.8,final,2017-01-01,2017-03-31,1,2026-09-15T16:23:28.567411+00:00
GOV_DEBT_QUARTERLY_EUROPE,it:country,2017-Q2,2026-09-15T16:23:28.567411+00:00,136.8,final,2017-04-01,2017-06-30,1,2026-09-15T16:23:28.567411+00:00
GOV_DEBT_QUARTERLY_EUROPE,it:country,2017-Q3,2026-09-15T16:23:28.567411+00:00,136.4,final,2017-07-01,2017-09-30,1,2026-09-15T16:23:28.567411+00:00
GOV_DEBT_QUARTERLY_EUROPE,it:country,2017-Q4,2026-09-15T16:23:28.567411+00:00,133.7,final,2017-10-01,2017-12-31,1,2026-09-15T16:23:28.567411+00:00
GOV_DEBT_QUARTERLY_EUROPE,it:country,2018-Q1,2026-09-15T16:23:28.567411+00:00,135.3,final,2018-01-01,2018-03-31,1,2026-09-15T16:23:28.567411+00:00
GOV_DEBT_QUARTERLY_EUROPE,it:country,2018-Q2,2026-09-15T16:23:28.567411+00:00,135.7,final,2018-04-01,2018-06-30,1,2026-09-15T16:23:28.567411+00:00
GOV_DEBT_QUARTERLY_EUROPE,it:country,2018-Q3,2026-09-15T16:23:28.567411+00:00,135.6,final,2018-07-01,2018-09-30,1,2026-09-15T16:23:28.567411+00:00
GOV_DEBT_QUARTERLY_EUROPE,it:country,2018-Q4,2026-09-15T16:23:28.567411+00:00,134.2,final,2018-10-01,2018-12-31,1,2026-09-15T16:23:28.567411+00:00
GOV_DEBT_QUARTERLY_EUROPE,it:country,2019-Q1,2026-09-15T16:23:28.567411+00:00,135.8,final,2019-01-01,2019-03-31,1,2026-09-15T16:23:28.567411+00:00
GOV_DEBT_QUARTERLY_EUROPE,it:country,2019-Q2,2026-09-15T16:23:28.567411+00:00,136.9,final,2019-04-01,2019-06-30,1,2026-09-15T16:23:28.567411+00:00
GOV_DEBT_QUARTERLY_EUROPE,it:country,2019-Q3,2026-09-15T16:23:28.567411+00:00,136.1,final,2019-07-01,2019-09-30,1,2026-09-15T16:23:28.567411+00:00
GOV_DEBT_QUARTERLY_EUROPE,it:country,2019-Q4,2026-09-15T16:23:28.567411+00:00,133.9,final,2019-10-01,2019-12-31,1,2026-09-15T16:23:28.567411+00:00
GOV_DEBT_QUARTERLY_EUROPE,it:country,2020-Q1,2026-09-15T16:23:28.567411+00:00,136.8,final,2020-01-01,2020-03-31,1,2026-09-15T16:23:28.567411+00:00
GOV_DEBT_QUARTERLY_EUROPE,it:country,2020-Q2,2026-09-15T16:23:28.567411+00:00,148.3,final,2020-04-01,2020-06-30,1,2026-09-15T16:23:28.567411+00:00
GOV_DEBT_QUARTERLY_EUROPE,it:country,2020-Q3,2026-09-15T16:23:28.567411+00:00,153.3,final,2020-07-01,2020-09-30,1,2026-09-15T16:23:28.567411+00:00
GOV_DEBT_QUARTERLY_EUROPE,it:country,2020-Q4,2026-09-15T16:23:28.567411+00:00,154.4,final,2020-10-01,2020-12-31,1,2026-09-15T16:23:28.567411+00:00
GOV_DEBT_QUARTERLY_EUROPE,it:country,2021-Q1,2026-09-15T16:23:28.567411+00:00,157.7,final,2021-01-01,2021-03-31,1,2026-09-15T16:23:28.567411+00:00
GOV_DEBT_QUARTERLY_EUROPE,it:country,2021-Q2,2026-09-15T16:23:28.567411+00:00,153.5,final,2021-04-01,2021-06-30,1,2026-09-15T16:23:28.567411+00:00
GOV_DEBT_QUARTERLY_EUROPE,it:country,2021-Q3,2026-09-15T16:23:28.567411+00:00,150.9,final,2021-07-01,2021-09-30,1,2026-09-15T16:23:28.567411+00:00
GOV_DEBT_QUARTERLY_EUROPE,it:country,2021-Q4,2026-09-15T16:23:28.567411+00:00,145.8,final,2021-10-01,2021-12-31,1,2026-09-15T16:23:28.567411+00:00
GOV_DEBT_QUARTERLY_EUROPE,it:country,2022-Q1,2026-09-15T16:23:28.567411+00:00,146.6,final,2022-01-01,2022-03-31,1,2026-09-15T16:23:28.567411+00:00
GOV_DEBT_QUARTERLY_EUROPE,it:country,2022-Q2,2026-09-15T16:23:28.567411+00:00,144.0,final,2022-04-01,2022-06-30,1,2026-09-15T16:23:28.567411+00:00
GOV_DEBT_QUARTERLY_EUROPE,it:country,2022-Q3,2026-09-15T16:23:28.567411+00:00,139.9,final,2022-07-01,2022-09-30,1,2026-09-15T16:23:28.567411+00:00
GOV_DEBT_QUARTERLY_EUROPE,it:country,2022-Q4,2026-09-15T16:23:28.567411+00:00,138.4,final,2022-10-01,2022-12-31,1,2026-09-15T16:23:28.567411+00:00
GOV_DEBT_QUARTERLY_EUROPE,it:country,2023-Q1,2026-09-15T16:23:28.567411+00:00,137.1,final,2023-01-01,2023-03-31,1,2026-09-15T16:23:28.567411+00:00
GOV_DEBT_QUARTERLY_EUROPE,it:country,2023-Q2,2026-09-15T16:23:28.567411+00:00,137.5,final,2023-04-01,2023-06-30,1,2026-09-15T16:23:28.567411+00:00
GOV_DEBT_QUARTERLY_EUROPE,it:country,2023-Q3,2026-09-15T16:23:28.567411+00:00,135.0,final,2023-07-01,2023-09-30,1,2026-09-15T16:23:28.567411+00:00
GOV_DEBT_QUARTERLY_EUROPE,it:country,2023-Q4,2026-09-15T16:23:28.567411+00:00,133.9,final,2023-10-01,2023-12-31,1,2026-09-15T16:23:28.567411+00:00
GOV_DEBT_QUARTERLY_EUROPE,it:country,2024-Q1,2026-09-15T16:23:28.567411+00:00,134.2,final,2024-01-01,2024-03-31,1,2026-09-15T16:23:28.567411+00:00
GOV_DEBT_QUARTERLY_EUROPE,it:country,2024-Q2,2026-09-15T16:23:28.567411+00:00,135.9,final,2024-04-01,2024-06-30,1,2026-09-15T16:23:28.567411+00:00
GOV_DEBT_QUARTERLY_EUROPE,it:country,2024-Q3,2026-09-15T16:23:28.567411+00:00,135.5,final,2024-07-01,2024-09-30,1,2026-09-15T16:23:28.567411+00:00
GOV_DEBT_QUARTERLY_EUROPE,it:country,2024-Q4,2026-09-15T16:23:28.567411+00:00,134.7,final,2024-10-01,2024-12-31,1,2026-09-15T16:23:28.567411+00:00
GOV_DEBT_QUARTERLY_EUROPE,it:country,2025-Q1,2026-09-15T16:23:28.567411+00:00,137.3,final,2025-01-01,2025-03-31,1,2026-09-15T16:23:28.567411+00:00
GOV_DEBT_QUARTERLY_EUROPE,it:country,2025-Q2,2026-09-15T16:23:28.567411+00:00,138.1,final,2025-04-01,2025-06-30,1,2026-09-15T16:23:28.567411+00:00
GOV_DEBT_QUARTERLY_EUROPE,it:country,2025-Q3,2026-09-15T16:23:28.567411+00:00,137.5,final,2025-07-01,2025-09-30,1,2026-09-15T16:23:28.567411+00:00
GOV_DEBT_QUARTERLY_EUROPE,it:country,2025-Q4,2026-09-15T16:23:28.567411+00:00,137.1,final,2025-10-01,2025-12-31,1,2026-09-15T16:23:28.567411+00:00
GOV_DEBT_QUARTERLY_EUROPE,it:country,2026-Q1,2026-09-15T16:23:28.567411+00:00,138.9,provisional,2026-01-01,2026-03-31,1,2026-09-15T16:23:28.567411+00:00
GOV_DEBT_QUARTERLY_EUROPE,lt:country,2008-Q1,2026-09-15T16:23:28.567411+00:00,13.9,final,2008-01-01,2008-03-31,1,2026-09-15T16:23:28.567411+00:00
GOV_DEBT_QUARTERLY_EUROPE,lt:country,2008-Q2,2026-09-15T16:23:28.567411+00:00,13.9,final,2008-04-01,2008-06-30,1,2026-09-15T16:23:28.567411+00:00
GOV_DEBT_QUARTERLY_EUROPE,lt:country,2008-Q3,2026-09-15T16:23:28.567411+00:00,13.3,final,2008-07-01,2008-09-30,1,2026-09-15T16:23:28.567411+00:00
GOV_DEBT_QUARTERLY_EUROPE,lt:country,2008-Q4,2026-09-15T16:23:28.567411+00:00,14.6,final,2008-10-01,2008-12-31,1,2026-09-15T16:23:28.567411+00:00
GOV_DEBT_QUARTERLY_EUROPE,lt:country,2009-Q1,2026-09-15T16:23:28.567411+00:00,17.5,final,2009-01-01,2009-03-31,1,2026-09-15T16:23:28.567411+00:00
GOV_DEBT_QUARTERLY_EUROPE,lt:country,2009-Q2,2026-09-15T16:23:28.567411+00:00,20.7,final,2009-04-01,2009-06-30,1,2026-09-15T16:23:28.567411+00:00
GOV_DEBT_QUARTERLY_EUROPE,lt:country,2009-Q3,2026-09-15T16:23:28.567411+00:00,24.0,final,2009-07-01,2009-09-30,1,2026-09-15T16:23:28.567411+00:00
GOV_DEBT_QUARTERLY_EUROPE,lt:country,2009-Q4,2026-09-15T16:23:28.567411+00:00,27.9,final,2009-10-01,2009-12-31,1,2026-09-15T16:23:28.567411+00:00
GOV_DEBT_QUARTERLY_EUROPE,lt:country,2010-Q1,2026-09-15T16:23:28.567411+00:00,34.1,final,2010-01-01,2010-03-31,1,2026-09-15T16:23:28.567411+00:00
GOV_DEBT_QUARTERLY_EUROPE,lt:country,2010-Q2,2026-09-15T16:23:28.567411+00:00,33.4,final,2010-04-01,2010-06-30,1,2026-09-15T16:23:28.567411+00:00
GOV_DEBT_QUARTERLY_EUROPE,lt:country,2010-Q3,2026-09-15T16:23:28.567411+00:00,35.5,final,2010-07-01,2010-09-30,1,2026-09-15T16:23:28.567411+00:00
GOV_DEBT_QUARTERLY_EUROPE,lt:country,2010-Q4,2026-09-15T16:23:28.567411+00:00,36.7,final,2010-10-01,2010-12-31,1,2026-09-15T16:23:28.567411+00:00
GOV_DEBT_QUARTERLY_EUROPE,lt:country,2011-Q1,2026-09-15T16:23:28.567411+00:00,37.9,final,2011-01-01,2011-03-31,1,2026-09-15T16:23:28.567411+00:00
GOV_DEBT_QUARTERLY_EUROPE,lt:country,2011-Q2,2026-09-15T16:23:28.567411+00:00,36.7,final,2011-04-01,2011-06-30,1,2026-09-15T16:23:28.567411+00:00
GOV_DEBT_QUARTERLY_EUROPE,lt:country,2011-Q3,2026-09-15T16:23:28.567411+00:00,36.0,final,2011-07-01,2011-09-30,1,2026-09-15T16:23:28.567411+00:00
GOV_DEBT_QUARTERLY_EUROPE,lt:country,2011-Q4,2026-09-15T16:23:28.567411+00:00,37.4,final,2011-10-01,2011-12-31,1,2026-09-15T16:23:28.567411+00:00
GOV_DEBT_QUARTERLY_EUROPE,lt:country,2012-Q1,2026-09-15T16:23:28.567411+00:00,41.9,final,2012-01-01,2012-03-31,1,2026-09-15T16:23:28.567411+00:00
GOV_DEBT_QUARTERLY_EUROPE,lt:country,2012-Q2,2026-09-15T16:23:28.567411+00:00,39.8,final,2012-04-01,2012-06-30,1,2026-09-15T16:23:28.567411+00:00
GOV_DEBT_QUARTERLY_EUROPE,lt:country,2012-Q3,2026-09-15T16:23:28.567411+00:00,39.8,final,2012-07-01,2012-09-30,1,2026-09-15T16:23:28.567411+00:00
GOV_DEBT_QUARTERLY_EUROPE,lt:country,2012-Q4,2026-09-15T16:23:28.567411+00:00,39.9,final,2012-10-01,2012-12-31,1,2026-09-15T16:23:28.567411+00:00
GOV_DEBT_QUARTERLY_EUROPE,lt:country,2013-Q1,2026-09-15T16:23:28.567411+00:00,40.1,final,2013-01-01,2013-03-31,1,2026-09-15T16:23:28.567411+00:00
GOV_DEBT_QUARTERLY_EUROPE,lt:country,2013-Q2,2026-09-15T16:23:28.567411+00:00,39.8,final,2013-04-01,2013-06-30,1,2026-09-15T16:23:28.567411+00:00
GOV_DEBT_QUARTERLY_EUROPE,lt:country,2013-Q3,2026-09-15T16:23:28.567411+00:00,39.0,final,2013-07-01,2013-09-30,1,2026-09-15T16:23:28.567411+00:00
GOV_DEBT_QUARTERLY_EUROPE,lt:country,2013-Q4,2026-09-15T16:23:28.567411+00:00,38.9,final,2013-10-01,2013-12-31,1,2026-09-15T16:23:28.567411+00:00
GOV_DEBT_QUARTERLY_EUROPE,lt:country,2014-Q1,2026-09-15T16:23:28.567411+00:00,39.7,final,2014-01-01,2014-03-31,1,2026-09-15T16:23:28.567411+00:00
GOV_DEBT_QUARTERLY_EUROPE,lt:country,2014-Q2,2026-09-15T16:23:28.567411+00:00,38.5,final,2014-04-01,2014-06-30,1,2026-09-15T16:23:28.567411+00:00
GOV_DEBT_QUARTERLY_EUROPE,lt:country,2014-Q3,2026-09-15T16:23:28.567411+00:00,38.0,final,2014-07-01,2014-09-30,1,2026-09-15T16:23:28.567411+00:00
GOV_DEBT_QUARTERLY_EUROPE,lt:country,2014-Q4,2026-09-15T16:23:28.567411+00:00,40.7,final,2014-10-01,2014-12-31,1,2026-09-15T16:23:28.567411+00:00
GOV_DEBT_QUARTERLY_EUROPE,lt:country,2015-Q1,2026-09-15T16:23:28.567411+00:00,38.0,final,2015-01-01,2015-03-31,1,2026-09-15T16:23:28.567411+00:00
GOV_DEBT_QUARTERLY_EUROPE,lt:country,2015-Q2,2026-09-15T16:23:28.567411+00:00,37.6,final,2015-04-01,2015-06-30,1,2026-09-15T16:23:28.567411+00:00
GOV_DEBT_QUARTERLY_EUROPE,lt:country,2015-Q3,2026-09-15T16:23:28.567411+00:00,38.1,final,2015-07-01,2015-09-30,1,2026-09-15T16:23:28.567411+00:00
GOV_DEBT_QUARTERLY_EUROPE,lt:country,2015-Q4,2026-09-15T16:23:28.567411+00:00,42.4,final,2015-10-01,2015-12-31,1,2026-09-15T16:23:28.567411+00:00
GOV_DEBT_QUARTERLY_EUROPE,lt:country,2016-Q1,2026-09-15T16:23:28.567411+00:00,39.7,final,2016-01-01,2016-03-31,1,2026-09-15T16:23:28.567411+00:00
GOV_DEBT_QUARTERLY_EUROPE,lt:country,2016-Q2,2026-09-15T16:23:28.567411+00:00,39.7,final,2016-04-01,2016-06-30,1,2026-09-15T16:23:28.567411+00:00
GOV_DEBT_QUARTERLY_EUROPE,lt:country,2016-Q3,2026-09-15T16:23:28.567411+00:00,40.9,final,2016-07-01,2016-09-30,1,2026-09-15T16:23:28.567411+00:00
GOV_DEBT_QUARTERLY_EUROPE,lt:country,2016-Q4,2026-09-15T16:23:28.567411+00:00,39.8,final,2016-10-01,2016-12-31,1,2026-09-15T16:23:28.567411+00:00
GOV_DEBT_QUARTERLY_EUROPE,lt:country,2017-Q1,2026-09-15T16:23:28.567411+00:00,38.8,final,2017-01-01,2017-03-31,1,2026-09-15T16:23:28.567411+00:00
GOV_DEBT_QUARTERLY_EUROPE,lt:country,2017-Q2,2026-09-15T16:23:28.567411+00:00,41.3,final,2017-04-01,2017-06-30,1,2026-09-15T16:23:28.567411+00:00
GOV_DEBT_QUARTERLY_EUROPE,lt:country,2017-Q3,2026-09-15T16:23:28.567411+00:00,38.9,final,2017-07-01,2017-09-30,1,2026-09-15T16:23:28.567411+00:00
GOV_DEBT_QUARTERLY_EUROPE,lt:country,2017-Q4,2026-09-15T16:23:28.567411+00:00,39.1,final,2017-10-01,2017-12-31,1,2026-09-15T16:23:28.567411+00:00
GOV_DEBT_QUARTERLY_EUROPE,lt:country,2018-Q1,2026-09-15T16:23:28.567411+00:00,35.5,final,2018-01-01,2018-03-31,1,2026-09-15T16:23:28.567411+00:00
GOV_DEBT_QUARTERLY_EUROPE,lt:country,2018-Q2,2026-09-15T16:23:28.567411+00:00,34.4,final,2018-04-01,2018-06-30,1,2026-09-15T16:23:28.567411+00:00
GOV_DEBT_QUARTERLY_EUROPE,lt:country,2018-Q3,2026-09-15T16:23:28.567411+00:00,34.3,final,2018-07-01,2018-09-30,1,2026-09-15T16:23:28.567411+00:00
GOV_DEBT_QUARTERLY_EUROPE,lt:country,2018-Q4,2026-09-15T16:23:28.567411+00:00,33.3,final,2018-10-01,2018-12-31,1,2026-09-15T16:23:28.567411+00:00
GOV_DEBT_QUARTERLY_EUROPE,lt:country,2019-Q1,2026-09-15T16:23:28.567411+00:00,33.3,final,2019-01-01,2019-03-31,1,2026-09-15T16:23:28.567411+00:00
GOV_DEBT_QUARTERLY_EUROPE,lt:country,2019-Q2,2026-09-15T16:23:28.567411+00:00,35.3,final,2019-04-01,2019-06-30,1,2026-09-15T16:23:28.567411+00:00
GOV_DEBT_QUARTERLY_EUROPE,lt:country,2019-Q3,2026-09-15T16:23:28.567411+00:00,35.1,final,2019-07-01,2019-09-30,1,2026-09-15T16:23:28.567411+00:00
GOV_DEBT_QUARTERLY_EUROPE,lt:country,2019-Q4,2026-09-15T16:23:28.567411+00:00,35.6,final,2019-10-01,2019-12-31,1,2026-09-15T16:23:28.567411+00:00
GOV_DEBT_QUARTERLY_EUROPE,lt:country,2020-Q1,2026-09-15T16:23:28.567411+00:00,32.6,final,2020-01-01,2020-03-31,1,2026-09-15T16:23:28.567411+00:00
GOV_DEBT_QUARTERLY_EUROPE,lt:country,2020-Q2,2026-09-15T16:23:28.567411+00:00,40.7,final,2020-04-01,2020-06-30,1,2026-09-15T16:23:28.567411+00:00
GOV_DEBT_QUARTERLY_EUROPE,lt:country,2020-Q3,2026-09-15T16:23:28.567411+00:00,44.8,final,2020-07-01,2020-09-30,1,2026-09-15T16:23:28.567411+00:00
GOV_DEBT_QUARTERLY_EUROPE,lt:country,2020-Q4,2026-09-15T16:23:28.567411+00:00,45.9,final,2020-10-01,2020-12-31,1,2026-09-15T16:23:28.567411+00:00
GOV_DEBT_QUARTERLY_EUROPE,lt:country,2021-Q1,2026-09-15T16:23:28.567411+00:00,44.4,final,2021-01-01,2021-03-31,1,2026-09-15T16:23:28.567411+00:00
GOV_DEBT_QUARTERLY_EUROPE,lt:country,2021-Q2,2026-09-15T16:23:28.567411+00:00,43.8,final,2021-04-01,2021-06-30,1,2026-09-15T16:23:28.567411+00:00
GOV_DEBT_QUARTERLY_EUROPE,lt:country,2021-Q3,2026-09-15T16:23:28.567411+00:00,44.3,final,2021-07-01,2021-09-30,1,2026-09-15T16:23:28.567411+00:00
GOV_DEBT_QUARTERLY_EUROPE,lt:country,2021-Q4,2026-09-15T16:23:28.567411+00:00,43.3,final,2021-10-01,2021-12-31,1,2026-09-15T16:23:28.567411+00:00
GOV_DEBT_QUARTERLY_EUROPE,lt:country,2022-Q1,2026-09-15T16:23:28.567411+00:00,39.4,final,2022-01-01,2022-03-31,1,2026-09-15T16:23:28.567411+00:00
GOV_DEBT_QUARTERLY_EUROPE,lt:country,2022-Q2,2026-09-15T16:23:28.567411+00:00,39.3,final,2022-04-01,2022-06-30,1,2026-09-15T16:23:28.567411+00:00
GOV_DEBT_QUARTERLY_EUROPE,lt:country,2022-Q3,2026-09-15T16:23:28.567411+00:00,37.2,final,2022-07-01,2022-09-30,1,2026-09-15T16:23:28.567411+00:00
GOV_DEBT_QUARTERLY_EUROPE,lt:country,2022-Q4,2026-09-15T16:23:28.567411+00:00,38.3,final,2022-10-01,2022-12-31,1,2026-09-15T16:23:28.567411+00:00
GOV_DEBT_QUARTERLY_EUROPE,lt:country,2023-Q1,2026-09-15T16:23:28.567411+00:00,37.9,final,2023-01-01,2023-03-31,1,2026-09-15T16:23:28.567411+00:00
GOV_DEBT_QUARTERLY_EUROPE,lt:country,2023-Q2,2026-09-15T16:23:28.567411+00:00,37.6,final,2023-04-01,2023-06-30,1,2026-09-15T16:23:28.567411+00:00
GOV_DEBT_QUARTERLY_EUROPE,lt:country,2023-Q3,2026-09-15T16:23:28.567411+00:00,36.7,final,2023-07-01,2023-09-30,1,2026-09-15T16:23:28.567411+00:00
GOV_DEBT_QUARTERLY_EUROPE,lt:country,2023-Q4,2026-09-15T16:23:28.567411+00:00,37.1,final,2023-10-01,2023-12-31,1,2026-09-15T16:23:28.567411+00:00
GOV_DEBT_QUARTERLY_EUROPE,lt:country,2024-Q1,2026-09-15T16:23:28.567411+00:00,38.9,final,2024-01-01,2024-03-31,1,2026-09-15T16:23:28.567411+00:00
GOV_DEBT_QUARTERLY_EUROPE,lt:country,2024-Q2,2026-09-15T16:23:28.567411+00:00,37.2,final,2024-04-01,2024-06-30,1,2026-09-15T16:23:28.567411+00:00
GOV_DEBT_QUARTERLY_EUROPE,lt:country,2024-Q3,2026-09-15T16:23:28.567411+00:00,38.0,final,2024-07-01,2024-09-30,1,2026-09-15T16:23:28.567411+00:00
GOV_DEBT_QUARTERLY_EUROPE,lt:country,2024-Q4,2026-09-15T16:23:28.567411+00:00,38.0,final,2024-10-01,2024-12-31,1,2026-09-15T16:23:28.567411+00:00
GOV_DEBT_QUARTERLY_EUROPE,lt:country,2025-Q1,2026-09-15T16:23:28.567411+00:00,40.4,final,2025-01-01,2025-03-31,1,2026-09-15T16:23:28.567411+00:00
GOV_DEBT_QUARTERLY_EUROPE,lt:country,2025-Q2,2026-09-15T16:23:28.567411+00:00,39.0,final,2025-04-01,2025-06-30,1,2026-09-15T16:23:28.567411+00:00
GOV_DEBT_QUARTERLY_EUROPE,lt:country,2025-Q3,2026-09-15T16:23:28.567411+00:00,40.6,final,2025-07-01,2025-09-30,1,2026-09-15T16:23:28.567411+00:00
GOV_DEBT_QUARTERLY_EUROPE,lt:country,2025-Q4,2026-09-15T16:23:28.567411+00:00,39.5,final,2025-10-01,2025-12-31,1,2026-09-15T16:23:28.567411+00:00
GOV_DEBT_QUARTERLY_EUROPE,lt:country,2026-Q1,2026-09-15T16:23:28.567411+00:00,42.3,provisional,2026-01-01,2026-03-31,1,2026-09-15T16:23:28.567411+00:00
GOV_DEBT_QUARTERLY_EUROPE,lu:country,2008-Q1,2026-09-15T16:23:28.567411+00:00,8.5,final,2008-01-01,2008-03-31,1,2026-09-15T16:23:28.567411+00:00
GOV_DEBT_QUARTERLY_EUROPE,lu:country,2008-Q2,2026-09-15T16:23:28.567411+00:00,8.5,final,2008-04-01,2008-06-30,1,2026-09-15T16:23:28.567411+00:00
GOV_DEBT_QUARTERLY_EUROPE,lu:country,2008-Q3,2026-09-15T16:23:28.567411+00:00,8.3,final,2008-07-01,2008-09-30,1,2026-09-15T16:23:28.567411+00:00
GOV_DEBT_QUARTERLY_EUROPE,lu:country,2008-Q4,2026-09-15T16:23:28.567411+00:00,14.6,final,2008-10-01,2008-12-31,1,2026-09-15T16:23:28.567411+00:00
GOV_DEBT_QUARTERLY_EUROPE,lu:country,2009-Q1,2026-09-15T16:23:28.567411+00:00,15.2,final,2009-01-01,2009-03-31,1,2026-09-15T16:23:28.567411+00:00
GOV_DEBT_QUARTERLY_EUROPE,lu:country,2009-Q2,2026-09-15T16:23:28.567411+00:00,15.5,final,2009-04-01,2009-06-30,1,2026-09-15T16:23:28.567411+00:00
GOV_DEBT_QUARTERLY_EUROPE,lu:country,2009-Q3,2026-09-15T16:23:28.567411+00:00,15.9,final,2009-07-01,2009-09-30,1,2026-09-15T16:23:28.567411+00:00
GOV_DEBT_QUARTERLY_EUROPE,lu:country,2009-Q4,2026-09-15T16:23:28.567411+00:00,15.3,final,2009-10-01,2009-12-31,1,2026-09-15T16:23:28.567411+00:00
GOV_DEBT_QUARTERLY_EUROPE,lu:country,2010-Q1,2026-09-15T16:23:28.567411+00:00,15.3,final,2010-01-01,2010-03-31,1,2026-09-15T16:23:28.567411+00:00
GOV_DEBT_QUARTERLY_EUROPE,lu:country,2010-Q2,2026-09-15T16:23:28.567411+00:00,20.0,final,2010-04-01,2010-06-30,1,2026-09-15T16:23:28.567411+00:00
GOV_DEBT_QUARTERLY_EUROPE,lu:country,2010-Q3,2026-09-15T16:23:28.567411+00:00,19.7,final,2010-07-01,2010-09-30,1,2026-09-15T16:23:28.567411+00:00
GOV_DEBT_QUARTERLY_EUROPE,lu:country,2010-Q4,2026-09-15T16:23:28.567411+00:00,19.1,final,2010-10-01,2010-12-31,1,2026-09-15T16:23:28.567411+00:00
GOV_DEBT_QUARTERLY_EUROPE,lu:country,2011-Q1,2026-09-15T16:23:28.567411+00:00,19.1,final,2011-01-01,2011-03-31,1,2026-09-15T16:23:28.567411+00:00
GOV_DEBT_QUARTERLY_EUROPE,lu:country,2011-Q2,2026-09-15T16:23:28.567411+00:00,19.0,final,2011-04-01,2011-06-30,1,2026-09-15T16:23:28.567411+00:00
GOV_DEBT_QUARTERLY_EUROPE,lu:country,2011-Q3,2026-09-15T16:23:28.567411+00:00,18.8,final,2011-07-01,2011-09-30,1,2026-09-15T16:23:28.567411+00:00
GOV_DEBT_QUARTERLY_EUROPE,lu:country,2011-Q4,2026-09-15T16:23:28.567411+00:00,18.5,final,2011-10-01,2011-12-31,1,2026-09-15T16:23:28.567411+00:00
GOV_DEBT_QUARTERLY_EUROPE,lu:country,2012-Q1,2026-09-15T16:23:28.567411+00:00,21.3,final,2012-01-01,2012-03-31,1,2026-09-15T16:23:28.567411+00:00
GOV_DEBT_QUARTERLY_EUROPE,lu:country,2012-Q2,2026-09-15T16:23:28.567411+00:00,21.6,final,2012-04-01,2012-06-30,1,2026-09-15T16:23:28.567411+00:00
GOV_DEBT_QUARTERLY_EUROPE,lu:country,2012-Q3,2026-09-15T16:23:28.567411+00:00,21.4,final,2012-07-01,2012-09-30,1,2026-09-15T16:23:28.567411+00:00
GOV_DEBT_QUARTERLY_EUROPE,lu:country,2012-Q4,2026-09-15T16:23:28.567411+00:00,20.8,final,2012-10-01,2012-12-31,1,2026-09-15T16:23:28.567411+00:00
GOV_DEBT_QUARTERLY_EUROPE,lu:country,2013-Q1,2026-09-15T16:23:28.567411+00:00,22.7,final,2013-01-01,2013-03-31,1,2026-09-15T16:23:28.567411+00:00
GOV_DEBT_QUARTERLY_EUROPE,lu:country,2013-Q2,2026-09-15T16:23:28.567411+00:00,22.7,final,2013-04-01,2013-06-30,1,2026-09-15T16:23:28.567411+00:00
GOV_DEBT_QUARTERLY_EUROPE,lu:country,2013-Q3,2026-09-15T16:23:28.567411+00:00,26.9,final,2013-07-01,2013-09-30,1,2026-09-15T16:23:28.567411+00:00
GOV_DEBT_QUARTERLY_EUROPE,lu:country,2013-Q4,2026-09-15T16:23:28.567411+00:00,22.4,final,2013-10-01,2013-12-31,1,2026-09-15T16:23:28.567411+00:00
GOV_DEBT_QUARTERLY_EUROPE,lu:country,2014-Q1,2026-09-15T16:23:28.567411+00:00,22.0,final,2014-01-01,2014-03-31,1,2026-09-15T16:23:28.567411+00:00
GOV_DEBT_QUARTERLY_EUROPE,lu:country,2014-Q2,2026-09-15T16:23:28.567411+00:00,21.9,final,2014-04-01,2014-06-30,1,2026-09-15T16:23:28.567411+00:00
GOV_DEBT_QUARTERLY_EUROPE,lu:country,2014-Q3,2026-09-15T16:23:28.567411+00:00,21.6,final,2014-07-01,2014-09-30,1,2026-09-15T16:23:28.567411+00:00
GOV_DEBT_QUARTERLY_EUROPE,lu:country,2014-Q4,2026-09-15T16:23:28.567411+00:00,21.9,final,2014-10-01,2014-12-31,1,2026-09-15T16:23:28.567411+00:00
GOV_DEBT_QUARTERLY_EUROPE,lu:country,2015-Q1,2026-09-15T16:23:28.567411+00:00,21.5,final,2015-01-01,2015-03-31,1,2026-09-15T16:23:28.567411+00:00
GOV_DEBT_QUARTERLY_EUROPE,lu:country,2015-Q2,2026-09-15T16:23:28.567411+00:00,21.1,final,2015-04-01,2015-06-30,1,2026-09-15T16:23:28.567411+00:00
GOV_DEBT_QUARTERLY_EUROPE,lu:country,2015-Q3,2026-09-15T16:23:28.567411+00:00,21.0,final,2015-07-01,2015-09-30,1,2026-09-15T16:23:28.567411+00:00
GOV_DEBT_QUARTERLY_EUROPE,lu:country,2015-Q4,2026-09-15T16:23:28.567411+00:00,21.1,final,2015-10-01,2015-12-31,1,2026-09-15T16:23:28.567411+00:00
GOV_DEBT_QUARTERLY_EUROPE,lu:country,2016-Q1,2026-09-15T16:23:28.567411+00:00,21.5,final,2016-01-01,2016-03-31,1,2026-09-15T16:23:28.567411+00:00
GOV_DEBT_QUARTERLY_EUROPE,lu:country,2016-Q2,2026-09-15T16:23:28.567411+00:00,21.1,final,2016-04-01,2016-06-30,1,2026-09-15T16:23:28.567411+00:00
GOV_DEBT_QUARTERLY_EUROPE,lu:country,2016-Q3,2026-09-15T16:23:28.567411+00:00,20.6,final,2016-07-01,2016-09-30,1,2026-09-15T16:23:28.567411+00:00
GOV_DEBT_QUARTERLY_EUROPE,lu:country,2016-Q4,2026-09-15T16:23:28.567411+00:00,19.6,final,2016-10-01,2016-12-31,1,2026-09-15T16:23:28.567411+00:00
GOV_DEBT_QUARTERLY_EUROPE,lu:country,2017-Q1,2026-09-15T16:23:28.567411+00:00,22.6,final,2017-01-01,2017-03-31,1,2026-09-15T16:23:28.567411+00:00
GOV_DEBT_QUARTERLY_EUROPE,lu:country,2017-Q2,2026-09-15T16:23:28.567411+00:00,22.0,final,2017-04-01,2017-06-30,1,2026-09-15T16:23:28.567411+00:00
GOV_DEBT_QUARTERLY_EUROPE,lu:country,2017-Q3,2026-09-15T16:23:28.567411+00:00,22.2,final,2017-07-01,2017-09-30,1,2026-09-15T16:23:28.567411+00:00
GOV_DEBT_QUARTERLY_EUROPE,lu:country,2017-Q4,2026-09-15T16:23:28.567411+00:00,21.8,final,2017-10-01,2017-12-31,1,2026-09-15T16:23:28.567411+00:00
GOV_DEBT_QUARTERLY_EUROPE,lu:country,2018-Q1,2026-09-15T16:23:28.567411+00:00,21.3,final,2018-01-01,2018-03-31,1,2026-09-15T16:23:28.567411+00:00
GOV_DEBT_QUARTERLY_EUROPE,lu:country,2018-Q2,2026-09-15T16:23:28.567411+00:00,21.2,final,2018-04-01,2018-06-30,1,2026-09-15T16:23:28.567411+00:00
GOV_DEBT_QUARTERLY_EUROPE,lu:country,2018-Q3,2026-09-15T16:23:28.567411+00:00,21.0,final,2018-07-01,2018-09-30,1,2026-09-15T16:23:28.567411+00:00
GOV_DEBT_QUARTERLY_EUROPE,lu:country,2018-Q4,2026-09-15T16:23:28.567411+00:00,20.9,final,2018-10-01,2018-12-31,1,2026-09-15T16:23:28.567411+00:00
GOV_DEBT_QUARTERLY_EUROPE,lu:country,2019-Q1,2026-09-15T16:23:28.567411+00:00,20.8,final,2019-01-01,2019-03-31,1,2026-09-15T16:23:28.567411+00:00
GOV_DEBT_QUARTERLY_EUROPE,lu:country,2019-Q2,2026-09-15T16:23:28.567411+00:00,20.5,final,2019-04-01,2019-06-30,1,2026-09-15T16:23:28.567411+00:00
GOV_DEBT_QUARTERLY_EUROPE,lu:country,2019-Q3,2026-09-15T16:23:28.567411+00:00,20.3,final,2019-07-01,2019-09-30,1,2026-09-15T16:23:28.567411+00:00
GOV_DEBT_QUARTERLY_EUROPE,lu:country,2019-Q4,2026-09-15T16:23:28.567411+00:00,22.3,final,2019-10-01,2019-12-31,1,2026-09-15T16:23:28.567411+00:00
GOV_DEBT_QUARTERLY_EUROPE,lu:country,2020-Q1,2026-09-15T16:23:28.567411+00:00,22.4,final,2020-01-01,2020-03-31,1,2026-09-15T16:23:28.567411+00:00
GOV_DEBT_QUARTERLY_EUROPE,lu:country,2020-Q2,2026-09-15T16:23:28.567411+00:00,23.8,final,2020-04-01,2020-06-30,1,2026-09-15T16:23:28.567411+00:00
GOV_DEBT_QUARTERLY_EUROPE,lu:country,2020-Q3,2026-09-15T16:23:28.567411+00:00,25.9,final,2020-07-01,2020-09-30,1,2026-09-15T16:23:28.567411+00:00
GOV_DEBT_QUARTERLY_EUROPE,lu:country,2020-Q4,2026-09-15T16:23:28.567411+00:00,24.5,final,2020-10-01,2020-12-31,1,2026-09-15T16:23:28.567411+00:00
GOV_DEBT_QUARTERLY_EUROPE,lu:country,2021-Q1,2026-09-15T16:23:28.567411+00:00,27.8,final,2021-01-01,2021-03-31,1,2026-09-15T16:23:28.567411+00:00
GOV_DEBT_QUARTERLY_EUROPE,lu:country,2021-Q2,2026-09-15T16:23:28.567411+00:00,26.0,final,2021-04-01,2021-06-30,1,2026-09-15T16:23:28.567411+00:00
GOV_DEBT_QUARTERLY_EUROPE,lu:country,2021-Q3,2026-09-15T16:23:28.567411+00:00,25.2,final,2021-07-01,2021-09-30,1,2026-09-15T16:23:28.567411+00:00
GOV_DEBT_QUARTERLY_EUROPE,lu:country,2021-Q4,2026-09-15T16:23:28.567411+00:00,24.2,final,2021-10-01,2021-12-31,1,2026-09-15T16:23:28.567411+00:00
GOV_DEBT_QUARTERLY_EUROPE,lu:country,2022-Q1,2026-09-15T16:23:28.567411+00:00,22.5,final,2022-01-01,2022-03-31,1,2026-09-15T16:23:28.567411+00:00
GOV_DEBT_QUARTERLY_EUROPE,lu:country,2022-Q2,2026-09-15T16:23:28.567411+00:00,25.4,final,2022-04-01,2022-06-30,1,2026-09-15T16:23:28.567411+00:00
GOV_DEBT_QUARTERLY_EUROPE,lu:country,2022-Q3,2026-09-15T16:23:28.567411+00:00,24.9,final,2022-07-01,2022-09-30,1,2026-09-15T16:23:28.567411+00:00
GOV_DEBT_QUARTERLY_EUROPE,lu:country,2022-Q4,2026-09-15T16:23:28.567411+00:00,24.9,final,2022-10-01,2022-12-31,1,2026-09-15T16:23:28.567411+00:00
GOV_DEBT_QUARTERLY_EUROPE,lu:country,2023-Q1,2026-09-15T16:23:28.567411+00:00,28.4,final,2023-01-01,2023-03-31,1,2026-09-15T16:23:28.567411+00:00
GOV_DEBT_QUARTERLY_EUROPE,lu:country,2023-Q2,2026-09-15T16:23:28.567411+00:00,27.9,final,2023-04-01,2023-06-30,1,2026-09-15T16:23:28.567411+00:00
GOV_DEBT_QUARTERLY_EUROPE,lu:country,2023-Q3,2026-09-15T16:23:28.567411+00:00,25.1,final,2023-07-01,2023-09-30,1,2026-09-15T16:23:28.567411+00:00
GOV_DEBT_QUARTERLY_EUROPE,lu:country,2023-Q4,2026-09-15T16:23:28.567411+00:00,24.7,final,2023-10-01,2023-12-31,1,2026-09-15T16:23:28.567411+00:00
GOV_DEBT_QUARTERLY_EUROPE,lu:country,2024-Q1,2026-09-15T16:23:28.567411+00:00,25.9,final,2024-01-01,2024-03-31,1,2026-09-15T16:23:28.567411+00:00
GOV_DEBT_QUARTERLY_EUROPE,lu:country,2024-Q2,2026-09-15T16:23:28.567411+00:00,25.7,final,2024-04-01,2024-06-30,1,2026-09-15T16:23:28.567411+00:00
GOV_DEBT_QUARTERLY_EUROPE,lu:country,2024-Q3,2026-09-15T16:23:28.567411+00:00,25.6,final,2024-07-01,2024-09-30,1,2026-09-15T16:23:28.567411+00:00
GOV_DEBT_QUARTERLY_EUROPE,lu:country,2024-Q4,2026-09-15T16:23:28.567411+00:00,26.3,final,2024-10-01,2024-12-31,1,2026-09-15T16:23:28.567411+00:00
GOV_DEBT_QUARTERLY_EUROPE,lu:country,2025-Q1,2026-09-15T16:23:28.567411+00:00,26.1,final,2025-01-01,2025-03-31,1,2026-09-15T16:23:28.567411+00:00
GOV_DEBT_QUARTERLY_EUROPE,lu:country,2025-Q2,2026-09-15T16:23:28.567411+00:00,25.0,final,2025-04-01,2025-06-30,1,2026-09-15T16:23:28.567411+00:00
GOV_DEBT_QUARTERLY_EUROPE,lu:country,2025-Q3,2026-09-15T16:23:28.567411+00:00,27.5,final,2025-07-01,2025-09-30,1,2026-09-15T16:23:28.567411+00:00
GOV_DEBT_QUARTERLY_EUROPE,lu:country,2025-Q4,2026-09-15T16:23:28.567411+00:00,26.5,final,2025-10-01,2025-12-31,1,2026-09-15T16:23:28.567411+00:00
GOV_DEBT_QUARTERLY_EUROPE,lu:country,2026-Q1,2026-09-15T16:23:28.567411+00:00,29.2,provisional,2026-01-01,2026-03-31,1,2026-09-15T16:23:28.567411+00:00
GOV_DEBT_QUARTERLY_EUROPE,lv:country,2008-Q1,2026-09-15T16:23:28.567411+00:00,10.4,final,2008-01-01,2008-03-31,1,2026-09-15T16:23:28.567411+00:00
GOV_DEBT_QUARTERLY_EUROPE,lv:country,2008-Q2,2026-09-15T16:23:28.567411+00:00,10.7,final,2008-04-01,2008-06-30,1,2026-09-15T16:23:28.567411+00:00
GOV_DEBT_QUARTERLY_EUROPE,lv:country,2008-Q3,2026-09-15T16:23:28.567411+00:00,11.3,final,2008-07-01,2008-09-30,1,2026-09-15T16:23:28.567411+00:00
GOV_DEBT_QUARTERLY_EUROPE,lv:country,2008-Q4,2026-09-15T16:23:28.567411+00:00,19.5,final,2008-10-01,2008-12-31,1,2026-09-15T16:23:28.567411+00:00
GOV_DEBT_QUARTERLY_EUROPE,lv:country,2009-Q1,2026-09-15T16:23:28.567411+00:00,21.9,final,2009-01-01,2009-03-31,1,2026-09-15T16:23:28.567411+00:00
GOV_DEBT_QUARTERLY_EUROPE,lv:country,2009-Q2,2026-09-15T16:23:28.567411+00:00,23.9,final,2009-04-01,2009-06-30,1,2026-09-15T16:23:28.567411+00:00
GOV_DEBT_QUARTERLY_EUROPE,lv:country,2009-Q3,2026-09-15T16:23:28.567411+00:00,34.1,final,2009-07-01,2009-09-30,1,2026-09-15T16:23:28.567411+00:00
GOV_DEBT_QUARTERLY_EUROPE,lv:country,2009-Q4,2026-09-15T16:23:28.567411+00:00,38.0,final,2009-10-01,2009-12-31,1,2026-09-15T16:23:28.567411+00:00
GOV_DEBT_QUARTERLY_EUROPE,lv:country,2010-Q1,2026-09-15T16:23:28.567411+00:00,44.3,final,2010-01-01,2010-03-31,1,2026-09-15T16:23:28.567411+00:00
GOV_DEBT_QUARTERLY_EUROPE,lv:country,2010-Q2,2026-09-15T16:23:28.567411+00:00,44.3,final,2010-04-01,2010-06-30,1,2026-09-15T16:23:28.567411+00:00
GOV_DEBT_QUARTERLY_EUROPE,lv:country,2010-Q3,2026-09-15T16:23:28.567411+00:00,45.1,final,2010-07-01,2010-09-30,1,2026-09-15T16:23:28.567411+00:00
GOV_DEBT_QUARTERLY_EUROPE,lv:country,2010-Q4,2026-09-15T16:23:28.567411+00:00,48.6,final,2010-10-01,2010-12-31,1,2026-09-15T16:23:28.567411+00:00
GOV_DEBT_QUARTERLY_EUROPE,lv:country,2011-Q1,2026-09-15T16:23:28.567411+00:00,48.7,final,2011-01-01,2011-03-31,1,2026-09-15T16:23:28.567411+00:00
GOV_DEBT_QUARTERLY_EUROPE,lv:country,2011-Q2,2026-09-15T16:23:28.567411+00:00,48.8,final,2011-04-01,2011-06-30,1,2026-09-15T16:23:28.567411+00:00
GOV_DEBT_QUARTERLY_EUROPE,lv:country,2011-Q3,2026-09-15T16:23:28.567411+00:00,48.2,final,2011-07-01,2011-09-30,1,2026-09-15T16:23:28.567411+00:00
GOV_DEBT_QUARTERLY_EUROPE,lv:country,2011-Q4,2026-09-15T16:23:28.567411+00:00,46.6,final,2011-10-01,2011-12-31,1,2026-09-15T16:23:28.567411+00:00
GOV_DEBT_QUARTERLY_EUROPE,lv:country,2012-Q1,2026-09-15T16:23:28.567411+00:00,48.0,final,2012-01-01,2012-03-31,1,2026-09-15T16:23:28.567411+00:00
GOV_DEBT_QUARTERLY_EUROPE,lv:country,2012-Q2,2026-09-15T16:23:28.567411+00:00,46.0,final,2012-04-01,2012-06-30,1,2026-09-15T16:23:28.567411+00:00
GOV_DEBT_QUARTERLY_EUROPE,lv:country,2012-Q3,2026-09-15T16:23:28.567411+00:00,43.4,final,2012-07-01,2012-09-30,1,2026-09-15T16:23:28.567411+00:00
GOV_DEBT_QUARTERLY_EUROPE,lv:country,2012-Q4,2026-09-15T16:23:28.567411+00:00,44.0,final,2012-10-01,2012-12-31,1,2026-09-15T16:23:28.567411+00:00
GOV_DEBT_QUARTERLY_EUROPE,lv:country,2013-Q1,2026-09-15T16:23:28.567411+00:00,43.0,final,2013-01-01,2013-03-31,1,2026-09-15T16:23:28.567411+00:00
GOV_DEBT_QUARTERLY_EUROPE,lv:country,2013-Q2,2026-09-15T16:23:28.567411+00:00,42.5,final,2013-04-01,2013-06-30,1,2026-09-15T16:23:28.567411+00:00
GOV_DEBT_QUARTERLY_EUROPE,lv:country,2013-Q3,2026-09-15T16:23:28.567411+00:00,41.9,final,2013-07-01,2013-09-30,1,2026-09-15T16:23:28.567411+00:00
GOV_DEBT_QUARTERLY_EUROPE,lv:country,2013-Q4,2026-09-15T16:23:28.567411+00:00,41.8,final,2013-10-01,2013-12-31,1,2026-09-15T16:23:28.567411+00:00
GOV_DEBT_QUARTERLY_EUROPE,lv:country,2014-Q1,2026-09-15T16:23:28.567411+00:00,41.7,final,2014-01-01,2014-03-31,1,2026-09-15T16:23:28.567411+00:00
GOV_DEBT_QUARTERLY_EUROPE,lv:country,2014-Q2,2026-09-15T16:23:28.567411+00:00,44.3,final,2014-04-01,2014-06-30,1,2026-09-15T16:23:28.567411+00:00
GOV_DEBT_QUARTERLY_EUROPE,lv:country,2014-Q3,2026-09-15T16:23:28.567411+00:00,43.7,final,2014-07-01,2014-09-30,1,2026-09-15T16:23:28.567411+00:00
GOV_DEBT_QUARTERLY_EUROPE,lv:country,2014-Q4,2026-09-15T16:23:28.567411+00:00,43.1,final,2014-10-01,2014-12-31,1,2026-09-15T16:23:28.567411+00:00
GOV_DEBT_QUARTERLY_EUROPE,lv:country,2015-Q1,2026-09-15T16:23:28.567411+00:00,37.7,final,2015-01-01,2015-03-31,1,2026-09-15T16:23:28.567411+00:00
GOV_DEBT_QUARTERLY_EUROPE,lv:country,2015-Q2,2026-09-15T16:23:28.567411+00:00,37.2,final,2015-04-01,2015-06-30,1,2026-09-15T16:23:28.567411+00:00
GOV_DEBT_QUARTERLY_EUROPE,lv:country,2015-Q3,2026-09-15T16:23:28.567411+00:00,38.3,final,2015-07-01,2015-09-30,1,2026-09-15T16:23:28.567411+00:00
GOV_DEBT_QUARTERLY_EUROPE,lv:country,2015-Q4,2026-09-15T16:23:28.567411+00:00,38.3,final,2015-10-01,2015-12-31,1,2026-09-15T16:23:28.567411+00:00
GOV_DEBT_QUARTERLY_EUROPE,lv:country,2016-Q1,2026-09-15T16:23:28.567411+00:00,37.9,final,2016-01-01,2016-03-31,1,2026-09-15T16:23:28.567411+00:00
GOV_DEBT_QUARTERLY_EUROPE,lv:country,2016-Q2,2026-09-15T16:23:28.567411+00:00,40.6,final,2016-04-01,2016-06-30,1,2026-09-15T16:23:28.567411+00:00
GOV_DEBT_QUARTERLY_EUROPE,lv:country,2016-Q3,2026-09-15T16:23:28.567411+00:00,39.5,final,2016-07-01,2016-09-30,1,2026-09-15T16:23:28.567411+00:00
GOV_DEBT_QUARTERLY_EUROPE,lv:country,2016-Q4,2026-09-15T16:23:28.567411+00:00,41.7,final,2016-10-01,2016-12-31,1,2026-09-15T16:23:28.567411+00:00
GOV_DEBT_QUARTERLY_EUROPE,lv:country,2017-Q1,2026-09-15T16:23:28.567411+00:00,40.7,final,2017-01-01,2017-03-31,1,2026-09-15T16:23:28.567411+00:00
GOV_DEBT_QUARTERLY_EUROPE,lv:country,2017-Q2,2026-09-15T16:23:28.567411+00:00,41.4,final,2017-04-01,2017-06-30,1,2026-09-15T16:23:28.567411+00:00
GOV_DEBT_QUARTERLY_EUROPE,lv:country,2017-Q3,2026-09-15T16:23:28.567411+00:00,39.9,final,2017-07-01,2017-09-30,1,2026-09-15T16:23:28.567411+00:00
GOV_DEBT_QUARTERLY_EUROPE,lv:country,2017-Q4,2026-09-15T16:23:28.567411+00:00,40.3,final,2017-10-01,2017-12-31,1,2026-09-15T16:23:28.567411+00:00
GOV_DEBT_QUARTERLY_EUROPE,lv:country,2018-Q1,2026-09-15T16:23:28.567411+00:00,37.7,final,2018-01-01,2018-03-31,1,2026-09-15T16:23:28.567411+00:00
GOV_DEBT_QUARTERLY_EUROPE,lv:country,2018-Q2,2026-09-15T16:23:28.567411+00:00,39.2,final,2018-04-01,2018-06-30,1,2026-09-15T16:23:28.567411+00:00
GOV_DEBT_QUARTERLY_EUROPE,lv:country,2018-Q3,2026-09-15T16:23:28.567411+00:00,39.4,final,2018-07-01,2018-09-30,1,2026-09-15T16:23:28.567411+00:00
GOV_DEBT_QUARTERLY_EUROPE,lv:country,2018-Q4,2026-09-15T16:23:28.567411+00:00,38.3,final,2018-10-01,2018-12-31,1,2026-09-15T16:23:28.567411+00:00
GOV_DEBT_QUARTERLY_EUROPE,lv:country,2019-Q1,2026-09-15T16:23:28.567411+00:00,39.6,final,2019-01-01,2019-03-31,1,2026-09-15T16:23:28.567411+00:00
GOV_DEBT_QUARTERLY_EUROPE,lv:country,2019-Q2,2026-09-15T16:23:28.567411+00:00,38.6,final,2019-04-01,2019-06-30,1,2026-09-15T16:23:28.567411+00:00
GOV_DEBT_QUARTERLY_EUROPE,lv:country,2019-Q3,2026-09-15T16:23:28.567411+00:00,38.2,final,2019-07-01,2019-09-30,1,2026-09-15T16:23:28.567411+00:00
GOV_DEBT_QUARTERLY_EUROPE,lv:country,2019-Q4,2026-09-15T16:23:28.567411+00:00,37.9,final,2019-10-01,2019-12-31,1,2026-09-15T16:23:28.567411+00:00
GOV_DEBT_QUARTERLY_EUROPE,lv:country,2020-Q1,2026-09-15T16:23:28.567411+00:00,38.5,final,2020-01-01,2020-03-31,1,2026-09-15T16:23:28.567411+00:00
GOV_DEBT_QUARTERLY_EUROPE,lv:country,2020-Q2,2026-09-15T16:23:28.567411+00:00,44.1,final,2020-04-01,2020-06-30,1,2026-09-15T16:23:28.567411+00:00
GOV_DEBT_QUARTERLY_EUROPE,lv:country,2020-Q3,2026-09-15T16:23:28.567411+00:00,45.5,final,2020-07-01,2020-09-30,1,2026-09-15T16:23:28.567411+00:00
GOV_DEBT_QUARTERLY_EUROPE,lv:country,2020-Q4,2026-09-15T16:23:28.567411+00:00,44.0,final,2020-10-01,2020-12-31,1,2026-09-15T16:23:28.567411+00:00
GOV_DEBT_QUARTERLY_EUROPE,lv:country,2021-Q1,2026-09-15T16:23:28.567411+00:00,46.3,final,2021-01-01,2021-03-31,1,2026-09-15T16:23:28.567411+00:00
GOV_DEBT_QUARTERLY_EUROPE,lv:country,2021-Q2,2026-09-15T16:23:28.567411+00:00,44.3,final,2021-04-01,2021-06-30,1,2026-09-15T16:23:28.567411+00:00
GOV_DEBT_QUARTERLY_EUROPE,lv:country,2021-Q3,2026-09-15T16:23:28.567411+00:00,44.7,final,2021-07-01,2021-09-30,1,2026-09-15T16:23:28.567411+00:00
GOV_DEBT_QUARTERLY_EUROPE,lv:country,2021-Q4,2026-09-15T16:23:28.567411+00:00,45.9,final,2021-10-01,2021-12-31,1,2026-09-15T16:23:28.567411+00:00
GOV_DEBT_QUARTERLY_EUROPE,lv:country,2022-Q1,2026-09-15T16:23:28.567411+00:00,44.2,final,2022-01-01,2022-03-31,1,2026-09-15T16:23:28.567411+00:00
GOV_DEBT_QUARTERLY_EUROPE,lv:country,2022-Q2,2026-09-15T16:23:28.567411+00:00,44.5,final,2022-04-01,2022-06-30,1,2026-09-15T16:23:28.567411+00:00
GOV_DEBT_QUARTERLY_EUROPE,lv:country,2022-Q3,2026-09-15T16:23:28.567411+00:00,43.0,final,2022-07-01,2022-09-30,1,2026-09-15T16:23:28.567411+00:00
GOV_DEBT_QUARTERLY_EUROPE,lv:country,2022-Q4,2026-09-15T16:23:28.567411+00:00,44.4,final,2022-10-01,2022-12-31,1,2026-09-15T16:23:28.567411+00:00
GOV_DEBT_QUARTERLY_EUROPE,lv:country,2023-Q1,2026-09-15T16:23:28.567411+00:00,46.0,final,2023-01-01,2023-03-31,1,2026-09-15T16:23:28.567411+00:00
GOV_DEBT_QUARTERLY_EUROPE,lv:country,2023-Q2,2026-09-15T16:23:28.567411+00:00,41.8,final,2023-04-01,2023-06-30,1,2026-09-15T16:23:28.567411+00:00
GOV_DEBT_QUARTERLY_EUROPE,lv:country,2023-Q3,2026-09-15T16:23:28.567411+00:00,43.4,final,2023-07-01,2023-09-30,1,2026-09-15T16:23:28.567411+00:00
GOV_DEBT_QUARTERLY_EUROPE,lv:country,2023-Q4,2026-09-15T16:23:28.567411+00:00,44.4,final,2023-10-01,2023-12-31,1,2026-09-15T16:23:28.567411+00:00
GOV_DEBT_QUARTERLY_EUROPE,lv:country,2024-Q1,2026-09-15T16:23:28.567411+00:00,45.7,final,2024-01-01,2024-03-31,1,2026-09-15T16:23:28.567411+00:00
GOV_DEBT_QUARTERLY_EUROPE,lv:country,2024-Q2,2026-09-15T16:23:28.567411+00:00,45.6,final,2024-04-01,2024-06-30,1,2026-09-15T16:23:28.567411+00:00
GOV_DEBT_QUARTERLY_EUROPE,lv:country,2024-Q3,2026-09-15T16:23:28.567411+00:00,47.0,final,2024-07-01,2024-09-30,1,2026-09-15T16:23:28.567411+00:00
GOV_DEBT_QUARTERLY_EUROPE,lv:country,2024-Q4,2026-09-15T16:23:28.567411+00:00,46.2,final,2024-10-01,2024-12-31,1,2026-09-15T16:23:28.567411+00:00
GOV_DEBT_QUARTERLY_EUROPE,lv:country,2025-Q1,2026-09-15T16:23:28.567411+00:00,45.0,final,2025-01-01,2025-03-31,1,2026-09-15T16:23:28.567411+00:00
GOV_DEBT_QUARTERLY_EUROPE,lv:country,2025-Q2,2026-09-15T16:23:28.567411+00:00,47.6,final,2025-04-01,2025-06-30,1,2026-09-15T16:23:28.567411+00:00
GOV_DEBT_QUARTERLY_EUROPE,lv:country,2025-Q3,2026-09-15T16:23:28.567411+00:00,44.8,final,2025-07-01,2025-09-30,1,2026-09-15T16:23:28.567411+00:00
GOV_DEBT_QUARTERLY_EUROPE,lv:country,2025-Q4,2026-09-15T16:23:28.567411+00:00,46.9,final,2025-10-01,2025-12-31,1,2026-09-15T16:23:28.567411+00:00
GOV_DEBT_QUARTERLY_EUROPE,lv:country,2026-Q1,2026-09-15T16:23:28.567411+00:00,46.9,provisional,2026-01-01,2026-03-31,1,2026-09-15T16:23:28.567411+00:00
GOV_DEBT_QUARTERLY_EUROPE,mt:country,2008-Q1,2026-09-15T16:23:28.567411+00:00,59.8,final,2008-01-01,2008-03-31,1,2026-09-15T16:23:28.567411+00:00
GOV_DEBT_QUARTERLY_EUROPE,mt:country,2008-Q2,2026-09-15T16:23:28.567411+00:00,61.8,final,2008-04-01,2008-06-30,1,2026-09-15T16:23:28.567411+00:00
GOV_DEBT_QUARTERLY_EUROPE,mt:country,2008-Q3,2026-09-15T16:23:28.567411+00:00,61.7,final,2008-07-01,2008-09-30,1,2026-09-15T16:23:28.567411+00:00
GOV_DEBT_QUARTERLY_EUROPE,mt:country,2008-Q4,2026-09-15T16:23:28.567411+00:00,61.5,final,2008-10-01,2008-12-31,1,2026-09-15T16:23:28.567411+00:00
GOV_DEBT_QUARTERLY_EUROPE,mt:country,2009-Q1,2026-09-15T16:23:28.567411+00:00,62.0,final,2009-01-01,2009-03-31,1,2026-09-15T16:23:28.567411+00:00
GOV_DEBT_QUARTERLY_EUROPE,mt:country,2009-Q2,2026-09-15T16:23:28.567411+00:00,64.3,final,2009-04-01,2009-06-30,1,2026-09-15T16:23:28.567411+00:00
GOV_DEBT_QUARTERLY_EUROPE,mt:country,2009-Q3,2026-09-15T16:23:28.567411+00:00,65.1,final,2009-07-01,2009-09-30,1,2026-09-15T16:23:28.567411+00:00
GOV_DEBT_QUARTERLY_EUROPE,mt:country,2009-Q4,2026-09-15T16:23:28.567411+00:00,66.0,final,2009-10-01,2009-12-31,1,2026-09-15T16:23:28.567411+00:00
GOV_DEBT_QUARTERLY_EUROPE,mt:country,2010-Q1,2026-09-15T16:23:28.567411+00:00,65.2,final,2010-01-01,2010-03-31,1,2026-09-15T16:23:28.567411+00:00
GOV_DEBT_QUARTERLY_EUROPE,mt:country,2010-Q2,2026-09-15T16:23:28.567411+00:00,66.1,final,2010-04-01,2010-06-30,1,2026-09-15T16:23:28.567411+00:00
GOV_DEBT_QUARTERLY_EUROPE,mt:country,2010-Q3,2026-09-15T16:23:28.567411+00:00,65.8,final,2010-07-01,2010-09-30,1,2026-09-15T16:23:28.567411+00:00
GOV_DEBT_QUARTERLY_EUROPE,mt:country,2010-Q4,2026-09-15T16:23:28.567411+00:00,65.0,final,2010-10-01,2010-12-31,1,2026-09-15T16:23:28.567411+00:00
GOV_DEBT_QUARTERLY_EUROPE,mt:country,2011-Q1,2026-09-15T16:23:28.567411+00:00,65.8,final,2011-01-01,2011-03-31,1,2026-09-15T16:23:28.567411+00:00
GOV_DEBT_QUARTERLY_EUROPE,mt:country,2011-Q2,2026-09-15T16:23:28.567411+00:00,67.1,final,2011-04-01,2011-06-30,1,2026-09-15T16:23:28.567411+00:00
GOV_DEBT_QUARTERLY_EUROPE,mt:country,2011-Q3,2026-09-15T16:23:28.567411+00:00,66.7,final,2011-07-01,2011-09-30,1,2026-09-15T16:23:28.567411+00:00
GOV_DEBT_QUARTERLY_EUROPE,mt:country,2011-Q4,2026-09-15T16:23:28.567411+00:00,68.9,final,2011-10-01,2011-12-31,1,2026-09-15T16:23:28.567411+00:00
GOV_DEBT_QUARTERLY_EUROPE,mt:country,2012-Q1,2026-09-15T16:23:28.567411+00:00,68.6,final,2012-01-01,2012-03-31,1,2026-09-15T16:23:28.567411+00:00
GOV_DEBT_QUARTERLY_EUROPE,mt:country,2012-Q2,2026-09-15T16:23:28.567411+00:00,69.7,final,2012-04-01,2012-06-30,1,2026-09-15T16:23:28.567411+00:00
GOV_DEBT_QUARTERLY_EUROPE,mt:country,2012-Q3,2026-09-15T16:23:28.567411+00:00,67.0,final,2012-07-01,2012-09-30,1,2026-09-15T16:23:28.567411+00:00
GOV_DEBT_QUARTERLY_EUROPE,mt:country,2012-Q4,2026-09-15T16:23:28.567411+00:00,65.6,final,2012-10-01,2012-12-31,1,2026-09-15T16:23:28.567411+00:00
GOV_DEBT_QUARTERLY_EUROPE,mt:country,2013-Q1,2026-09-15T16:23:28.567411+00:00,68.5,final,2013-01-01,2013-03-31,1,2026-09-15T16:23:28.567411+00:00
GOV_DEBT_QUARTERLY_EUROPE,mt:country,2013-Q2,2026-09-15T16:23:28.567411+00:00,68.6,final,2013-04-01,2013-06-30,1,2026-09-15T16:23:28.567411+00:00
GOV_DEBT_QUARTERLY_EUROPE,mt:country,2013-Q3,2026-09-15T16:23:28.567411+00:00,68.4,final,2013-07-01,2013-09-30,1,2026-09-15T16:23:28.567411+00:00
GOV_DEBT_QUARTERLY_EUROPE,mt:country,2013-Q4,2026-09-15T16:23:28.567411+00:00,64.9,final,2013-10-01,2013-12-31,1,2026-09-15T16:23:28.567411+00:00
GOV_DEBT_QUARTERLY_EUROPE,mt:country,2014-Q1,2026-09-15T16:23:28.567411+00:00,66.4,final,2014-01-01,2014-03-31,1,2026-09-15T16:23:28.567411+00:00
GOV_DEBT_QUARTERLY_EUROPE,mt:country,2014-Q2,2026-09-15T16:23:28.567411+00:00,68.1,final,2014-04-01,2014-06-30,1,2026-09-15T16:23:28.567411+00:00
GOV_DEBT_QUARTERLY_EUROPE,mt:country,2014-Q3,2026-09-15T16:23:28.567411+00:00,65.0,final,2014-07-01,2014-09-30,1,2026-09-15T16:23:28.567411+00:00
GOV_DEBT_QUARTERLY_EUROPE,mt:country,2014-Q4,2026-09-15T16:23:28.567411+00:00,60.7,final,2014-10-01,2014-12-31,1,2026-09-15T16:23:28.567411+00:00
GOV_DEBT_QUARTERLY_EUROPE,mt:country,2015-Q1,2026-09-15T16:23:28.567411+00:00,61.2,final,2015-01-01,2015-03-31,1,2026-09-15T16:23:28.567411+00:00
GOV_DEBT_QUARTERLY_EUROPE,mt:country,2015-Q2,2026-09-15T16:23:28.567411+00:00,59.2,final,2015-04-01,2015-06-30,1,2026-09-15T16:23:28.567411+00:00
GOV_DEBT_QUARTERLY_EUROPE,mt:country,2015-Q3,2026-09-15T16:23:28.567411+00:00,57.4,final,2015-07-01,2015-09-30,1,2026-09-15T16:23:28.567411+00:00
GOV_DEBT_QUARTERLY_EUROPE,mt:country,2015-Q4,2026-09-15T16:23:28.567411+00:00,55.0,final,2015-10-01,2015-12-31,1,2026-09-15T16:23:28.567411+00:00
GOV_DEBT_QUARTERLY_EUROPE,mt:country,2016-Q1,2026-09-15T16:23:28.567411+00:00,56.2,final,2016-01-01,2016-03-31,1,2026-09-15T16:23:28.567411+00:00
GOV_DEBT_QUARTERLY_EUROPE,mt:country,2016-Q2,2026-09-15T16:23:28.567411+00:00,55.6,final,2016-04-01,2016-06-30,1,2026-09-15T16:23:28.567411+00:00
GOV_DEBT_QUARTERLY_EUROPE,mt:country,2016-Q3,2026-09-15T16:23:28.567411+00:00,54.4,final,2016-07-01,2016-09-30,1,2026-09-15T16:23:28.567411+00:00
GOV_DEBT_QUARTERLY_EUROPE,mt:country,2016-Q4,2026-09-15T16:23:28.567411+00:00,53.1,final,2016-10-01,2016-12-31,1,2026-09-15T16:23:28.567411+00:00
GOV_DEBT_QUARTERLY_EUROPE,mt:country,2017-Q1,2026-09-15T16:23:28.567411+00:00,52.7,final,2017-01-01,2017-03-31,1,2026-09-15T16:23:28.567411+00:00
GOV_DEBT_QUARTERLY_EUROPE,mt:country,2017-Q2,2026-09-15T16:23:28.567411+00:00,50.6,final,2017-04-01,2017-06-30,1,2026-09-15T16:23:28.567411+00:00
GOV_DEBT_QUARTERLY_EUROPE,mt:country,2017-Q3,2026-09-15T16:23:28.567411+00:00,48.6,final,2017-07-01,2017-09-30,1,2026-09-15T16:23:28.567411+00:00
GOV_DEBT_QUARTERLY_EUROPE,mt:country,2017-Q4,2026-09-15T16:23:28.567411+00:00,45.6,final,2017-10-01,2017-12-31,1,2026-09-15T16:23:28.567411+00:00
GOV_DEBT_QUARTERLY_EUROPE,mt:country,2018-Q1,2026-09-15T16:23:28.567411+00:00,45.3,final,2018-01-01,2018-03-31,1,2026-09-15T16:23:28.567411+00:00
GOV_DEBT_QUARTERLY_EUROPE,mt:country,2018-Q2,2026-09-15T16:23:28.567411+00:00,44.5,final,2018-04-01,2018-06-30,1,2026-09-15T16:23:28.567411+00:00
GOV_DEBT_QUARTERLY_EUROPE,mt:country,2018-Q3,2026-09-15T16:23:28.567411+00:00,41.7,final,2018-07-01,2018-09-30,1,2026-09-15T16:23:28.567411+00:00
GOV_DEBT_QUARTERLY_EUROPE,mt:country,2018-Q4,2026-09-15T16:23:28.567411+00:00,41.4,final,2018-10-01,2018-12-31,1,2026-09-15T16:23:28.567411+00:00
GOV_DEBT_QUARTERLY_EUROPE,mt:country,2019-Q1,2026-09-15T16:23:28.567411+00:00,42.0,final,2019-01-01,2019-03-31,1,2026-09-15T16:23:28.567411+00:00
GOV_DEBT_QUARTERLY_EUROPE,mt:country,2019-Q2,2026-09-15T16:23:28.567411+00:00,41.4,final,2019-04-01,2019-06-30,1,2026-09-15T16:23:28.567411+00:00
GOV_DEBT_QUARTERLY_EUROPE,mt:country,2019-Q3,2026-09-15T16:23:28.567411+00:00,39.4,final,2019-07-01,2019-09-30,1,2026-09-15T16:23:28.567411+00:00
GOV_DEBT_QUARTERLY_EUROPE,mt:country,2019-Q4,2026-09-15T16:23:28.567411+00:00,39.2,final,2019-10-01,2019-12-31,1,2026-09-15T16:23:28.567411+00:00
GOV_DEBT_QUARTERLY_EUROPE,mt:country,2020-Q1,2026-09-15T16:23:28.567411+00:00,39.9,final,2020-01-01,2020-03-31,1,2026-09-15T16:23:28.567411+00:00
GOV_DEBT_QUARTERLY_EUROPE,mt:country,2020-Q2,2026-09-15T16:23:28.567411+00:00,45.5,final,2020-04-01,2020-06-30,1,2026-09-15T16:23:28.567411+00:00
GOV_DEBT_QUARTERLY_EUROPE,mt:country,2020-Q3,2026-09-15T16:23:28.567411+00:00,47.6,final,2020-07-01,2020-09-30,1,2026-09-15T16:23:28.567411+00:00
GOV_DEBT_QUARTERLY_EUROPE,mt:country,2020-Q4,2026-09-15T16:23:28.567411+00:00,48.8,final,2020-10-01,2020-12-31,1,2026-09-15T16:23:28.567411+00:00
GOV_DEBT_QUARTERLY_EUROPE,mt:country,2021-Q1,2026-09-15T16:23:28.567411+00:00,51.9,final,2021-01-01,2021-03-31,1,2026-09-15T16:23:28.567411+00:00
GOV_DEBT_QUARTERLY_EUROPE,mt:country,2021-Q2,2026-09-15T16:23:28.567411+00:00,53.1,final,2021-04-01,2021-06-30,1,2026-09-15T16:23:28.567411+00:00
GOV_DEBT_QUARTERLY_EUROPE,mt:country,2021-Q3,2026-09-15T16:23:28.567411+00:00,50.1,final,2021-07-01,2021-09-30,1,2026-09-15T16:23:28.567411+00:00
GOV_DEBT_QUARTERLY_EUROPE,mt:country,2021-Q4,2026-09-15T16:23:28.567411+00:00,49.7,final,2021-10-01,2021-12-31,1,2026-09-15T16:23:28.567411+00:00
GOV_DEBT_QUARTERLY_EUROPE,mt:country,2022-Q1,2026-09-15T16:23:28.567411+00:00,51.1,final,2022-01-01,2022-03-31,1,2026-09-15T16:23:28.567411+00:00
GOV_DEBT_QUARTERLY_EUROPE,mt:country,2022-Q2,2026-09-15T16:23:28.567411+00:00,49.6,final,2022-04-01,2022-06-30,1,2026-09-15T16:23:28.567411+00:00
GOV_DEBT_QUARTERLY_EUROPE,mt:country,2022-Q3,2026-09-15T16:23:28.567411+00:00,49.6,final,2022-07-01,2022-09-30,1,2026-09-15T16:23:28.567411+00:00
GOV_DEBT_QUARTERLY_EUROPE,mt:country,2022-Q4,2026-09-15T16:23:28.567411+00:00,50.3,final,2022-10-01,2022-12-31,1,2026-09-15T16:23:28.567411+00:00
GOV_DEBT_QUARTERLY_EUROPE,mt:country,2023-Q1,2026-09-15T16:23:28.567411+00:00,49.7,final,2023-01-01,2023-03-31,1,2026-09-15T16:23:28.567411+00:00
GOV_DEBT_QUARTERLY_EUROPE,mt:country,2023-Q2,2026-09-15T16:23:28.567411+00:00,47.3,final,2023-04-01,2023-06-30,1,2026-09-15T16:23:28.567411+00:00
GOV_DEBT_QUARTERLY_EUROPE,mt:country,2023-Q3,2026-09-15T16:23:28.567411+00:00,46.7,final,2023-07-01,2023-09-30,1,2026-09-15T16:23:28.567411+00:00
GOV_DEBT_QUARTERLY_EUROPE,mt:country,2023-Q4,2026-09-15T16:23:28.567411+00:00,46.9,final,2023-10-01,2023-12-31,1,2026-09-15T16:23:28.567411+00:00
GOV_DEBT_QUARTERLY_EUROPE,mt:country,2024-Q1,2026-09-15T16:23:28.567411+00:00,46.5,final,2024-01-01,2024-03-31,1,2026-09-15T16:23:28.567411+00:00
GOV_DEBT_QUARTERLY_EUROPE,mt:country,2024-Q2,2026-09-15T16:23:28.567411+00:00,45.5,final,2024-04-01,2024-06-30,1,2026-09-15T16:23:28.567411+00:00
GOV_DEBT_QUARTERLY_EUROPE,mt:country,2024-Q3,2026-09-15T16:23:28.567411+00:00,44.8,final,2024-07-01,2024-09-30,1,2026-09-15T16:23:28.567411+00:00
GOV_DEBT_QUARTERLY_EUROPE,mt:country,2024-Q4,2026-09-15T16:23:28.567411+00:00,45.9,final,2024-10-01,2024-12-31,1,2026-09-15T16:23:28.567411+00:00
GOV_DEBT_QUARTERLY_EUROPE,mt:country,2025-Q1,2026-09-15T16:23:28.567411+00:00,46.5,final,2025-01-01,2025-03-31,1,2026-09-15T16:23:28.567411+00:00
GOV_DEBT_QUARTERLY_EUROPE,mt:country,2025-Q2,2026-09-15T16:23:28.567411+00:00,46.6,final,2025-04-01,2025-06-30,1,2026-09-15T16:23:28.567411+00:00
GOV_DEBT_QUARTERLY_EUROPE,mt:country,2025-Q3,2026-09-15T16:23:28.567411+00:00,46.4,final,2025-07-01,2025-09-30,1,2026-09-15T16:23:28.567411+00:00
GOV_DEBT_QUARTERLY_EUROPE,mt:country,2025-Q4,2026-09-15T16:23:28.567411+00:00,46.4,final,2025-10-01,2025-12-31,1,2026-09-15T16:23:28.567411+00:00
GOV_DEBT_QUARTERLY_EUROPE,mt:country,2026-Q1,2026-09-15T16:23:28.567411+00:00,45.9,provisional,2026-01-01,2026-03-31,1,2026-09-15T16:23:28.567411+00:00
GOV_DEBT_QUARTERLY_EUROPE,nl:country,2008-Q1,2026-09-15T16:23:28.567411+00:00,43.7,final,2008-01-01,2008-03-31,1,2026-09-15T16:23:28.567411+00:00
GOV_DEBT_QUARTERLY_EUROPE,nl:country,2008-Q2,2026-09-15T16:23:28.567411+00:00,43.6,final,2008-04-01,2008-06-30,1,2026-09-15T16:23:28.567411+00:00
GOV_DEBT_QUARTERLY_EUROPE,nl:country,2008-Q3,2026-09-15T16:23:28.567411+00:00,43.9,final,2008-07-01,2008-09-30,1,2026-09-15T16:23:28.567411+00:00
GOV_DEBT_QUARTERLY_EUROPE,nl:country,2008-Q4,2026-09-15T16:23:28.567411+00:00,54.3,final,2008-10-01,2008-12-31,1,2026-09-15T16:23:28.567411+00:00
GOV_DEBT_QUARTERLY_EUROPE,nl:country,2009-Q1,2026-09-15T16:23:28.567411+00:00,57.1,final,2009-01-01,2009-03-31,1,2026-09-15T16:23:28.567411+00:00
GOV_DEBT_QUARTERLY_EUROPE,nl:country,2009-Q2,2026-09-15T16:23:28.567411+00:00,56.3,final,2009-04-01,2009-06-30,1,2026-09-15T16:23:28.567411+00:00
GOV_DEBT_QUARTERLY_EUROPE,nl:country,2009-Q3,2026-09-15T16:23:28.567411+00:00,56.8,final,2009-07-01,2009-09-30,1,2026-09-15T16:23:28.567411+00:00
GOV_DEBT_QUARTERLY_EUROPE,nl:country,2009-Q4,2026-09-15T16:23:28.567411+00:00,56.3,final,2009-10-01,2009-12-31,1,2026-09-15T16:23:28.567411+00:00
GOV_DEBT_QUARTERLY_EUROPE,nl:country,2010-Q1,2026-09-15T16:23:28.567411+00:00,57.2,final,2010-01-01,2010-03-31,1,2026-09-15T16:23:28.567411+00:00
GOV_DEBT_QUARTERLY_EUROPE,nl:country,2010-Q2,2026-09-15T16:23:28.567411+00:00,58.8,final,2010-04-01,2010-06-30,1,2026-09-15T16:23:28.567411+00:00
GOV_DEBT_QUARTERLY_EUROPE,nl:country,2010-Q3,2026-09-15T16:23:28.567411+00:00,58.7,final,2010-07-01,2010-09-30,1,2026-09-15T16:23:28.567411+00:00
GOV_DEBT_QUARTERLY_EUROPE,nl:country,2010-Q4,2026-09-15T16:23:28.567411+00:00,58.9,final,2010-10-01,2010-12-31,1,2026-09-15T16:23:28.567411+00:00
GOV_DEBT_QUARTERLY_EUROPE,nl:country,2011-Q1,2026-09-15T16:23:28.567411+00:00,59.1,final,2011-01-01,2011-03-31,1,2026-09-15T16:23:28.567411+00:00
GOV_DEBT_QUARTERLY_EUROPE,nl:country,2011-Q2,2026-09-15T16:23:28.567411+00:00,60.0,final,2011-04-01,2011-06-30,1,2026-09-15T16:23:28.567411+00:00
GOV_DEBT_QUARTERLY_EUROPE,nl:country,2011-Q3,2026-09-15T16:23:28.567411+00:00,60.6,final,2011-07-01,2011-09-30,1,2026-09-15T16:23:28.567411+00:00
GOV_DEBT_QUARTERLY_EUROPE,nl:country,2011-Q4,2026-09-15T16:23:28.567411+00:00,61.2,final,2011-10-01,2011-12-31,1,2026-09-15T16:23:28.567411+00:00
GOV_DEBT_QUARTERLY_EUROPE,nl:country,2012-Q1,2026-09-15T16:23:28.567411+00:00,62.0,final,2012-01-01,2012-03-31,1,2026-09-15T16:23:28.567411+00:00
GOV_DEBT_QUARTERLY_EUROPE,nl:country,2012-Q2,2026-09-15T16:23:28.567411+00:00,63.5,final,2012-04-01,2012-06-30,1,2026-09-15T16:23:28.567411+00:00
GOV_DEBT_QUARTERLY_EUROPE,nl:country,2012-Q3,2026-09-15T16:23:28.567411+00:00,64.4,final,2012-07-01,2012-09-30,1,2026-09-15T16:23:28.567411+00:00
GOV_DEBT_QUARTERLY_EUROPE,nl:country,2012-Q4,2026-09-15T16:23:28.567411+00:00,65.7,final,2012-10-01,2012-12-31,1,2026-09-15T16:23:28.567411+00:00
GOV_DEBT_QUARTERLY_EUROPE,nl:country,2013-Q1,2026-09-15T16:23:28.567411+00:00,66.2,final,2013-01-01,2013-03-31,1,2026-09-15T16:23:28.567411+00:00
GOV_DEBT_QUARTERLY_EUROPE,nl:country,2013-Q2,2026-09-15T16:23:28.567411+00:00,67.8,final,2013-04-01,2013-06-30,1,2026-09-15T16:23:28.567411+00:00
GOV_DEBT_QUARTERLY_EUROPE,nl:country,2013-Q3,2026-09-15T16:23:28.567411+00:00,67.3,final,2013-07-01,2013-09-30,1,2026-09-15T16:23:28.567411+00:00
GOV_DEBT_QUARTERLY_EUROPE,nl:country,2013-Q4,2026-09-15T16:23:28.567411+00:00,67.2,final,2013-10-01,2013-12-31,1,2026-09-15T16:23:28.567411+00:00
GOV_DEBT_QUARTERLY_EUROPE,nl:country,2014-Q1,2026-09-15T16:23:28.567411+00:00,66.6,final,2014-01-01,2014-03-31,1,2026-09-15T16:23:28.567411+00:00
GOV_DEBT_QUARTERLY_EUROPE,nl:country,2014-Q2,2026-09-15T16:23:28.567411+00:00,68.0,final,2014-04-01,2014-06-30,1,2026-09-15T16:23:28.567411+00:00
GOV_DEBT_QUARTERLY_EUROPE,nl:country,2014-Q3,2026-09-15T16:23:28.567411+00:00,67.4,final,2014-07-01,2014-09-30,1,2026-09-15T16:23:28.567411+00:00
GOV_DEBT_QUARTERLY_EUROPE,nl:country,2014-Q4,2026-09-15T16:23:28.567411+00:00,67.2,final,2014-10-01,2014-12-31,1,2026-09-15T16:23:28.567411+00:00
GOV_DEBT_QUARTERLY_EUROPE,nl:country,2015-Q1,2026-09-15T16:23:28.567411+00:00,68.2,final,2015-01-01,2015-03-31,1,2026-09-15T16:23:28.567411+00:00
GOV_DEBT_QUARTERLY_EUROPE,nl:country,2015-Q2,2026-09-15T16:23:28.567411+00:00,66.0,final,2015-04-01,2015-06-30,1,2026-09-15T16:23:28.567411+00:00
GOV_DEBT_QUARTERLY_EUROPE,nl:country,2015-Q3,2026-09-15T16:23:28.567411+00:00,65.0,final,2015-07-01,2015-09-30,1,2026-09-15T16:23:28.567411+00:00
GOV_DEBT_QUARTERLY_EUROPE,nl:country,2015-Q4,2026-09-15T16:23:28.567411+00:00,63.8,final,2015-10-01,2015-12-31,1,2026-09-15T16:23:28.567411+00:00
GOV_DEBT_QUARTERLY_EUROPE,nl:country,2016-Q1,2026-09-15T16:23:28.567411+00:00,63.4,final,2016-01-01,2016-03-31,1,2026-09-15T16:23:28.567411+00:00
GOV_DEBT_QUARTERLY_EUROPE,nl:country,2016-Q2,2026-09-15T16:23:28.567411+00:00,62.3,final,2016-04-01,2016-06-30,1,2026-09-15T16:23:28.567411+00:00
GOV_DEBT_QUARTERLY_EUROPE,nl:country,2016-Q3,2026-09-15T16:23:28.567411+00:00,60.7,final,2016-07-01,2016-09-30,1,2026-09-15T16:23:28.567411+00:00
GOV_DEBT_QUARTERLY_EUROPE,nl:country,2016-Q4,2026-09-15T16:23:28.567411+00:00,60.9,final,2016-10-01,2016-12-31,1,2026-09-15T16:23:28.567411+00:00
GOV_DEBT_QUARTERLY_EUROPE,nl:country,2017-Q1,2026-09-15T16:23:28.567411+00:00,58.7,final,2017-01-01,2017-03-31,1,2026-09-15T16:23:28.567411+00:00
GOV_DEBT_QUARTERLY_EUROPE,nl:country,2017-Q2,2026-09-15T16:23:28.567411+00:00,57.9,final,2017-04-01,2017-06-30,1,2026-09-15T16:23:28.567411+00:00
GOV_DEBT_QUARTERLY_EUROPE,nl:country,2017-Q3,2026-09-15T16:23:28.567411+00:00,56.2,final,2017-07-01,2017-09-30,1,2026-09-15T16:23:28.567411+00:00
GOV_DEBT_QUARTERLY_EUROPE,nl:country,2017-Q4,2026-09-15T16:23:28.567411+00:00,56.0,final,2017-10-01,2017-12-31,1,2026-09-15T16:23:28.567411+00:00
GOV_DEBT_QUARTERLY_EUROPE,nl:country,2018-Q1,2026-09-15T16:23:28.567411+00:00,54.3,final,2018-01-01,2018-03-31,1,2026-09-15T16:23:28.567411+00:00
GOV_DEBT_QUARTERLY_EUROPE,nl:country,2018-Q2,2026-09-15T16:23:28.567411+00:00,53.2,final,2018-04-01,2018-06-30,1,2026-09-15T16:23:28.567411+00:00
GOV_DEBT_QUARTERLY_EUROPE,nl:country,2018-Q3,2026-09-15T16:23:28.567411+00:00,52.1,final,2018-07-01,2018-09-30,1,2026-09-15T16:23:28.567411+00:00
GOV_DEBT_QUARTERLY_EUROPE,nl:country,2018-Q4,2026-09-15T16:23:28.567411+00:00,51.6,final,2018-10-01,2018-12-31,1,2026-09-15T16:23:28.567411+00:00
GOV_DEBT_QUARTERLY_EUROPE,nl:country,2019-Q1,2026-09-15T16:23:28.567411+00:00,50.0,final,2019-01-01,2019-03-31,1,2026-09-15T16:23:28.567411+00:00
GOV_DEBT_QUARTERLY_EUROPE,nl:country,2019-Q2,2026-09-15T16:23:28.567411+00:00,50.0,final,2019-04-01,2019-06-30,1,2026-09-15T16:23:28.567411+00:00
GOV_DEBT_QUARTERLY_EUROPE,nl:country,2019-Q3,2026-09-15T16:23:28.567411+00:00,48.3,final,2019-07-01,2019-09-30,1,2026-09-15T16:23:28.567411+00:00
GOV_DEBT_QUARTERLY_EUROPE,nl:country,2019-Q4,2026-09-15T16:23:28.567411+00:00,47.7,final,2019-10-01,2019-12-31,1,2026-09-15T16:23:28.567411+00:00
GOV_DEBT_QUARTERLY_EUROPE,nl:country,2020-Q1,2026-09-15T16:23:28.567411+00:00,48.4,final,2020-01-01,2020-03-31,1,2026-09-15T16:23:28.567411+00:00
GOV_DEBT_QUARTERLY_EUROPE,nl:country,2020-Q2,2026-09-15T16:23:28.567411+00:00,54.0,final,2020-04-01,2020-06-30,1,2026-09-15T16:23:28.567411+00:00
GOV_DEBT_QUARTERLY_EUROPE,nl:country,2020-Q3,2026-09-15T16:23:28.567411+00:00,54.1,final,2020-07-01,2020-09-30,1,2026-09-15T16:23:28.567411+00:00
GOV_DEBT_QUARTERLY_EUROPE,nl:country,2020-Q4,2026-09-15T16:23:28.567411+00:00,53.4,final,2020-10-01,2020-12-31,1,2026-09-15T16:23:28.567411+00:00
GOV_DEBT_QUARTERLY_EUROPE,nl:country,2021-Q1,2026-09-15T16:23:28.567411+00:00,53.8,final,2021-01-01,2021-03-31,1,2026-09-15T16:23:28.567411+00:00
GOV_DEBT_QUARTERLY_EUROPE,nl:country,2021-Q2,2026-09-15T16:23:28.567411+00:00,52.9,final,2021-04-01,2021-06-30,1,2026-09-15T16:23:28.567411+00:00
GOV_DEBT_QUARTERLY_EUROPE,nl:country,2021-Q3,2026-09-15T16:23:28.567411+00:00,51.0,final,2021-07-01,2021-09-30,1,2026-09-15T16:23:28.567411+00:00
GOV_DEBT_QUARTERLY_EUROPE,nl:country,2021-Q4,2026-09-15T16:23:28.567411+00:00,50.5,final,2021-10-01,2021-12-31,1,2026-09-15T16:23:28.567411+00:00
GOV_DEBT_QUARTERLY_EUROPE,nl:country,2022-Q1,2026-09-15T16:23:28.567411+00:00,48.7,final,2022-01-01,2022-03-31,1,2026-09-15T16:23:28.567411+00:00
GOV_DEBT_QUARTERLY_EUROPE,nl:country,2022-Q2,2026-09-15T16:23:28.567411+00:00,48.6,final,2022-04-01,2022-06-30,1,2026-09-15T16:23:28.567411+00:00
GOV_DEBT_QUARTERLY_EUROPE,nl:country,2022-Q3,2026-09-15T16:23:28.567411+00:00,46.7,final,2022-07-01,2022-09-30,1,2026-09-15T16:23:28.567411+00:00
GOV_DEBT_QUARTERLY_EUROPE,nl:country,2022-Q4,2026-09-15T16:23:28.567411+00:00,48.4,final,2022-10-01,2022-12-31,1,2026-09-15T16:23:28.567411+00:00
GOV_DEBT_QUARTERLY_EUROPE,nl:country,2023-Q1,2026-09-15T16:23:28.567411+00:00,47.0,final,2023-01-01,2023-03-31,1,2026-09-15T16:23:28.567411+00:00
GOV_DEBT_QUARTERLY_EUROPE,nl:country,2023-Q2,2026-09-15T16:23:28.567411+00:00,45.8,final,2023-04-01,2023-06-30,1,2026-09-15T16:23:28.567411+00:00
GOV_DEBT_QUARTERLY_EUROPE,nl:country,2023-Q3,2026-09-15T16:23:28.567411+00:00,45.0,final,2023-07-01,2023-09-30,1,2026-09-15T16:23:28.567411+00:00
GOV_DEBT_QUARTERLY_EUROPE,nl:country,2023-Q4,2026-09-15T16:23:28.567411+00:00,45.9,final,2023-10-01,2023-12-31,1,2026-09-15T16:23:28.567411+00:00
GOV_DEBT_QUARTERLY_EUROPE,nl:country,2024-Q1,2026-09-15T16:23:28.567411+00:00,44.7,final,2024-01-01,2024-03-31,1,2026-09-15T16:23:28.567411+00:00
GOV_DEBT_QUARTERLY_EUROPE,nl:country,2024-Q2,2026-09-15T16:23:28.567411+00:00,44.0,final,2024-04-01,2024-06-30,1,2026-09-15T16:23:28.567411+00:00
GOV_DEBT_QUARTERLY_EUROPE,nl:country,2024-Q3,2026-09-15T16:23:28.567411+00:00,42.8,final,2024-07-01,2024-09-30,1,2026-09-15T16:23:28.567411+00:00
GOV_DEBT_QUARTERLY_EUROPE,nl:country,2024-Q4,2026-09-15T16:23:28.567411+00:00,44.0,final,2024-10-01,2024-12-31,1,2026-09-15T16:23:28.567411+00:00
GOV_DEBT_QUARTERLY_EUROPE,nl:country,2025-Q1,2026-09-15T16:23:28.567411+00:00,43.5,provisional,2025-01-01,2025-03-31,1,2026-09-15T16:23:28.567411+00:00
GOV_DEBT_QUARTERLY_EUROPE,nl:country,2025-Q2,2026-09-15T16:23:28.567411+00:00,43.0,provisional,2025-04-01,2025-06-30,1,2026-09-15T16:23:28.567411+00:00
GOV_DEBT_QUARTERLY_EUROPE,nl:country,2025-Q3,2026-09-15T16:23:28.567411+00:00,42.7,provisional,2025-07-01,2025-09-30,1,2026-09-15T16:23:28.567411+00:00
GOV_DEBT_QUARTERLY_EUROPE,nl:country,2025-Q4,2026-09-15T16:23:28.567411+00:00,44.7,provisional,2025-10-01,2025-12-31,1,2026-09-15T16:23:28.567411+00:00
GOV_DEBT_QUARTERLY_EUROPE,nl:country,2026-Q1,2026-09-15T16:23:28.567411+00:00,43.8,provisional,2026-01-01,2026-03-31,1,2026-09-15T16:23:28.567411+00:00
GOV_DEBT_QUARTERLY_EUROPE,no:country,2008-Q1,2026-09-15T16:23:28.567411+00:00,41.4,final,2008-01-01,2008-03-31,1,2026-09-15T16:23:28.567411+00:00
GOV_DEBT_QUARTERLY_EUROPE,no:country,2008-Q2,2026-09-15T16:23:28.567411+00:00,39.3,final,2008-04-01,2008-06-30,1,2026-09-15T16:23:28.567411+00:00
GOV_DEBT_QUARTERLY_EUROPE,no:country,2008-Q3,2026-09-15T16:23:28.567411+00:00,41.6,final,2008-07-01,2008-09-30,1,2026-09-15T16:23:28.567411+00:00
GOV_DEBT_QUARTERLY_EUROPE,no:country,2008-Q4,2026-09-15T16:23:28.567411+00:00,46.3,final,2008-10-01,2008-12-31,1,2026-09-15T16:23:28.567411+00:00
GOV_DEBT_QUARTERLY_EUROPE,no:country,2009-Q1,2026-09-15T16:23:28.567411+00:00,43.3,final,2009-01-01,2009-03-31,1,2026-09-15T16:23:28.567411+00:00
GOV_DEBT_QUARTERLY_EUROPE,no:country,2009-Q2,2026-09-15T16:23:28.567411+00:00,41.9,final,2009-04-01,2009-06-30,1,2026-09-15T16:23:28.567411+00:00
GOV_DEBT_QUARTERLY_EUROPE,no:country,2009-Q3,2026-09-15T16:23:28.567411+00:00,44.1,final,2009-07-01,2009-09-30,1,2026-09-15T16:23:28.567411+00:00
GOV_DEBT_QUARTERLY_EUROPE,no:country,2009-Q4,2026-09-15T16:23:28.567411+00:00,41.3,final,2009-10-01,2009-12-31,1,2026-09-15T16:23:28.567411+00:00
GOV_DEBT_QUARTERLY_EUROPE,no:country,2010-Q1,2026-09-15T16:23:28.567411+00:00,40.8,final,2010-01-01,2010-03-31,1,2026-09-15T16:23:28.567411+00:00
GOV_DEBT_QUARTERLY_EUROPE,no:country,2010-Q2,2026-09-15T16:23:28.567411+00:00,41.9,final,2010-04-01,2010-06-30,1,2026-09-15T16:23:28.567411+00:00
GOV_DEBT_QUARTERLY_EUROPE,no:country,2010-Q3,2026-09-15T16:23:28.567411+00:00,41.6,final,2010-07-01,2010-09-30,1,2026-09-15T16:23:28.567411+00:00
GOV_DEBT_QUARTERLY_EUROPE,no:country,2010-Q4,2026-09-15T16:23:28.567411+00:00,41.7,final,2010-10-01,2010-12-31,1,2026-09-15T16:23:28.567411+00:00
GOV_DEBT_QUARTERLY_EUROPE,no:country,2011-Q1,2026-09-15T16:23:28.567411+00:00,41.4,final,2011-01-01,2011-03-31,1,2026-09-15T16:23:28.567411+00:00
GOV_DEBT_QUARTERLY_EUROPE,no:country,2011-Q2,2026-09-15T16:23:28.567411+00:00,40.1,final,2011-04-01,2011-06-30,1,2026-09-15T16:23:28.567411+00:00
GOV_DEBT_QUARTERLY_EUROPE,no:country,2011-Q3,2026-09-15T16:23:28.567411+00:00,37.2,final,2011-07-01,2011-09-30,1,2026-09-15T16:23:28.567411+00:00
GOV_DEBT_QUARTERLY_EUROPE,no:country,2011-Q4,2026-09-15T16:23:28.567411+00:00,28.2,final,2011-10-01,2011-12-31,1,2026-09-15T16:23:28.567411+00:00
GOV_DEBT_QUARTERLY_EUROPE,no:country,2012-Q1,2026-09-15T16:23:28.567411+00:00,29.8,final,2012-01-01,2012-03-31,1,2026-09-15T16:23:28.567411+00:00
GOV_DEBT_QUARTERLY_EUROPE,no:country,2012-Q2,2026-09-15T16:23:28.567411+00:00,28.6,final,2012-04-01,2012-06-30,1,2026-09-15T16:23:28.567411+00:00
GOV_DEBT_QUARTERLY_EUROPE,no:country,2012-Q3,2026-09-15T16:23:28.567411+00:00,29.1,final,2012-07-01,2012-09-30,1,2026-09-15T16:23:28.567411+00:00
GOV_DEBT_QUARTERLY_EUROPE,no:country,2012-Q4,2026-09-15T16:23:28.567411+00:00,29.2,final,2012-10-01,2012-12-31,1,2026-09-15T16:23:28.567411+00:00
GOV_DEBT_QUARTERLY_EUROPE,no:country,2013-Q1,2026-09-15T16:23:28.567411+00:00,31.0,final,2013-01-01,2013-03-31,1,2026-09-15T16:23:28.567411+00:00
GOV_DEBT_QUARTERLY_EUROPE,no:country,2013-Q2,2026-09-15T16:23:28.567411+00:00,31.1,final,2013-04-01,2013-06-30,1,2026-09-15T16:23:28.567411+00:00
GOV_DEBT_QUARTERLY_EUROPE,no:country,2013-Q3,2026-09-15T16:23:28.567411+00:00,30.3,final,2013-07-01,2013-09-30,1,2026-09-15T16:23:28.567411+00:00
GOV_DEBT_QUARTERLY_EUROPE,no:country,2013-Q4,2026-09-15T16:23:28.567411+00:00,29.9,final,2013-10-01,2013-12-31,1,2026-09-15T16:23:28.567411+00:00
GOV_DEBT_QUARTERLY_EUROPE,no:country,2014-Q1,2026-09-15T16:23:28.567411+00:00,29.3,final,2014-01-01,2014-03-31,1,2026-09-15T16:23:28.567411+00:00
GOV_DEBT_QUARTERLY_EUROPE,no:country,2014-Q2,2026-09-15T16:23:28.567411+00:00,27.6,final,2014-04-01,2014-06-30,1,2026-09-15T16:23:28.567411+00:00
GOV_DEBT_QUARTERLY_EUROPE,no:country,2014-Q3,2026-09-15T16:23:28.567411+00:00,26.9,final,2014-07-01,2014-09-30,1,2026-09-15T16:23:28.567411+00:00
GOV_DEBT_QUARTERLY_EUROPE,no:country,2014-Q4,2026-09-15T16:23:28.567411+00:00,27.6,final,2014-10-01,2014-12-31,1,2026-09-15T16:23:28.567411+00:00
GOV_DEBT_QUARTERLY_EUROPE,no:country,2015-Q1,2026-09-15T16:23:28.567411+00:00,29.5,final,2015-01-01,2015-03-31,1,2026-09-15T16:23:28.567411+00:00
GOV_DEBT_QUARTERLY_EUROPE,no:country,2015-Q2,2026-09-15T16:23:28.567411+00:00,29.5,final,2015-04-01,2015-06-30,1,2026-09-15T16:23:28.567411+00:00
GOV_DEBT_QUARTERLY_EUROPE,no:country,2015-Q3,2026-09-15T16:23:28.567411+00:00,31.2,final,2015-07-01,2015-09-30,1,2026-09-15T16:23:28.567411+00:00
GOV_DEBT_QUARTERLY_EUROPE,no:country,2015-Q4,2026-09-15T16:23:28.567411+00:00,32.1,final,2015-10-01,2015-12-31,1,2026-09-15T16:23:28.567411+00:00
GOV_DEBT_QUARTERLY_EUROPE,no:country,2016-Q1,2026-09-15T16:23:28.567411+00:00,33.1,final,2016-01-01,2016-03-31,1,2026-09-15T16:23:28.567411+00:00
GOV_DEBT_QUARTERLY_EUROPE,no:country,2016-Q2,2026-09-15T16:23:28.567411+00:00,35.5,final,2016-04-01,2016-06-30,1,2026-09-15T16:23:28.567411+00:00
GOV_DEBT_QUARTERLY_EUROPE,no:country,2016-Q3,2026-09-15T16:23:28.567411+00:00,35.3,final,2016-07-01,2016-09-30,1,2026-09-15T16:23:28.567411+00:00
GOV_DEBT_QUARTERLY_EUROPE,no:country,2016-Q4,2026-09-15T16:23:28.567411+00:00,35.8,final,2016-10-01,2016-12-31,1,2026-09-15T16:23:28.567411+00:00
GOV_DEBT_QUARTERLY_EUROPE,no:country,2017-Q1,2026-09-15T16:23:28.567411+00:00,37.1,final,2017-01-01,2017-03-31,1,2026-09-15T16:23:28.567411+00:00
GOV_DEBT_QUARTERLY_EUROPE,no:country,2017-Q2,2026-09-15T16:23:28.567411+00:00,36.1,final,2017-04-01,2017-06-30,1,2026-09-15T16:23:28.567411+00:00
GOV_DEBT_QUARTERLY_EUROPE,no:country,2017-Q3,2026-09-15T16:23:28.567411+00:00,35.3,final,2017-07-01,2017-09-30,1,2026-09-15T16:23:28.567411+00:00
GOV_DEBT_QUARTERLY_EUROPE,no:country,2017-Q4,2026-09-15T16:23:28.567411+00:00,36.1,final,2017-10-01,2017-12-31,1,2026-09-15T16:23:28.567411+00:00
GOV_DEBT_QUARTERLY_EUROPE,no:country,2018-Q1,2026-09-15T16:23:28.567411+00:00,36.4,final,2018-01-01,2018-03-31,1,2026-09-15T16:23:28.567411+00:00
GOV_DEBT_QUARTERLY_EUROPE,no:country,2018-Q2,2026-09-15T16:23:28.567411+00:00,35.4,final,2018-04-01,2018-06-30,1,2026-09-15T16:23:28.567411+00:00
GOV_DEBT_QUARTERLY_EUROPE,no:country,2018-Q3,2026-09-15T16:23:28.567411+00:00,33.9,final,2018-07-01,2018-09-30,1,2026-09-15T16:23:28.567411+00:00
GOV_DEBT_QUARTERLY_EUROPE,no:country,2018-Q4,2026-09-15T16:23:28.567411+00:00,37.5,final,2018-10-01,2018-12-31,1,2026-09-15T16:23:28.567411+00:00
GOV_DEBT_QUARTERLY_EUROPE,no:country,2019-Q1,2026-09-15T16:23:28.567411+00:00,34.6,final,2019-01-01,2019-03-31,1,2026-09-15T16:23:28.567411+00:00
GOV_DEBT_QUARTERLY_EUROPE,no:country,2019-Q2,2026-09-15T16:23:28.567411+00:00,33.8,final,2019-04-01,2019-06-30,1,2026-09-15T16:23:28.567411+00:00
GOV_DEBT_QUARTERLY_EUROPE,no:country,2019-Q3,2026-09-15T16:23:28.567411+00:00,33.5,final,2019-07-01,2019-09-30,1,2026-09-15T16:23:28.567411+00:00
GOV_DEBT_QUARTERLY_EUROPE,no:country,2019-Q4,2026-09-15T16:23:28.567411+00:00,38.4,final,2019-10-01,2019-12-31,1,2026-09-15T16:23:28.567411+00:00
GOV_DEBT_QUARTERLY_EUROPE,no:country,2020-Q1,2026-09-15T16:23:28.567411+00:00,39.3,final,2020-01-01,2020-03-31,1,2026-09-15T16:23:28.567411+00:00
GOV_DEBT_QUARTERLY_EUROPE,no:country,2020-Q2,2026-09-15T16:23:28.567411+00:00,38.9,final,2020-04-01,2020-06-30,1,2026-09-15T16:23:28.567411+00:00
GOV_DEBT_QUARTERLY_EUROPE,no:country,2020-Q3,2026-09-15T16:23:28.567411+00:00,38.7,final,2020-07-01,2020-09-30,1,2026-09-15T16:23:28.567411+00:00
GOV_DEBT_QUARTERLY_EUROPE,no:country,2020-Q4,2026-09-15T16:23:28.567411+00:00,43.4,final,2020-10-01,2020-12-31,1,2026-09-15T16:23:28.567411+00:00
GOV_DEBT_QUARTERLY_EUROPE,no:country,2021-Q1,2026-09-15T16:23:28.567411+00:00,40.7,final,2021-01-01,2021-03-31,1,2026-09-15T16:23:28.567411+00:00
GOV_DEBT_QUARTERLY_EUROPE,no:country,2021-Q2,2026-09-15T16:23:28.567411+00:00,36.2,final,2021-04-01,2021-06-30,1,2026-09-15T16:23:28.567411+00:00
GOV_DEBT_QUARTERLY_EUROPE,no:country,2021-Q3,2026-09-15T16:23:28.567411+00:00,35.0,final,2021-07-01,2021-09-30,1,2026-09-15T16:23:28.567411+00:00
GOV_DEBT_QUARTERLY_EUROPE,no:country,2021-Q4,2026-09-15T16:23:28.567411+00:00,39.8,final,2021-10-01,2021-12-31,1,2026-09-15T16:23:28.567411+00:00
GOV_DEBT_QUARTERLY_EUROPE,no:country,2022-Q1,2026-09-15T16:23:28.567411+00:00,33.1,final,2022-01-01,2022-03-31,1,2026-09-15T16:23:28.567411+00:00
GOV_DEBT_QUARTERLY_EUROPE,no:country,2022-Q2,2026-09-15T16:23:28.567411+00:00,32.8,final,2022-04-01,2022-06-30,1,2026-09-15T16:23:28.567411+00:00
GOV_DEBT_QUARTERLY_EUROPE,no:country,2022-Q3,2026-09-15T16:23:28.567411+00:00,32.7,final,2022-07-01,2022-09-30,1,2026-09-15T16:23:28.567411+00:00
GOV_DEBT_QUARTERLY_EUROPE,no:country,2022-Q4,2026-09-15T16:23:28.567411+00:00,35.1,final,2022-10-01,2022-12-31,1,2026-09-15T16:23:28.567411+00:00
GOV_DEBT_QUARTERLY_EUROPE,no:country,2023-Q1,2026-09-15T16:23:28.567411+00:00,31.8,final,2023-01-01,2023-03-31,1,2026-09-15T16:23:28.567411+00:00
GOV_DEBT_QUARTERLY_EUROPE,no:country,2023-Q2,2026-09-15T16:23:28.567411+00:00,30.9,final,2023-04-01,2023-06-30,1,2026-09-15T16:23:28.567411+00:00
GOV_DEBT_QUARTERLY_EUROPE,no:country,2023-Q3,2026-09-15T16:23:28.567411+00:00,34.2,final,2023-07-01,2023-09-30,1,2026-09-15T16:23:28.567411+00:00
GOV_DEBT_QUARTERLY_EUROPE,no:country,2023-Q4,2026-09-15T16:23:28.567411+00:00,42.7,final,2023-10-01,2023-12-31,1,2026-09-15T16:23:28.567411+00:00
GOV_DEBT_QUARTERLY_EUROPE,no:country,2024-Q1,2026-09-15T16:23:28.567411+00:00,40.7,final,2024-01-01,2024-03-31,1,2026-09-15T16:23:28.567411+00:00
GOV_DEBT_QUARTERLY_EUROPE,no:country,2024-Q2,2026-09-15T16:23:28.567411+00:00,41.9,final,2024-04-01,2024-06-30,1,2026-09-15T16:23:28.567411+00:00
GOV_DEBT_QUARTERLY_EUROPE,no:country,2024-Q3,2026-09-15T16:23:28.567411+00:00,40.8,final,2024-07-01,2024-09-30,1,2026-09-15T16:23:28.567411+00:00
GOV_DEBT_QUARTERLY_EUROPE,no:country,2024-Q4,2026-09-15T16:23:28.567411+00:00,53.2,final,2024-10-01,2024-12-31,1,2026-09-15T16:23:28.567411+00:00
GOV_DEBT_QUARTERLY_EUROPE,no:country,2025-Q1,2026-09-15T16:23:28.567411+00:00,43.6,final,2025-01-01,2025-03-31,1,2026-09-15T16:23:28.567411+00:00
GOV_DEBT_QUARTERLY_EUROPE,no:country,2025-Q2,2026-09-15T16:23:28.567411+00:00,41.8,final,2025-04-01,2025-06-30,1,2026-09-15T16:23:28.567411+00:00
GOV_DEBT_QUARTERLY_EUROPE,no:country,2025-Q3,2026-09-15T16:23:28.567411+00:00,41.8,final,2025-07-01,2025-09-30,1,2026-09-15T16:23:28.567411+00:00
GOV_DEBT_QUARTERLY_EUROPE,no:country,2025-Q4,2026-09-15T16:23:28.567411+00:00,54.4,final,2025-10-01,2025-12-31,1,2026-09-15T16:23:28.567411+00:00
GOV_DEBT_QUARTERLY_EUROPE,no:country,2026-Q1,2026-09-15T16:23:28.567411+00:00,49.1,provisional,2026-01-01,2026-03-31,1,2026-09-15T16:23:28.567411+00:00
GOV_DEBT_QUARTERLY_EUROPE,pl:country,2008-Q1,2026-09-15T16:23:28.567411+00:00,42.8,final,2008-01-01,2008-03-31,1,2026-09-15T16:23:28.567411+00:00
GOV_DEBT_QUARTERLY_EUROPE,pl:country,2008-Q2,2026-09-15T16:23:28.567411+00:00,42.6,final,2008-04-01,2008-06-30,1,2026-09-15T16:23:28.567411+00:00
GOV_DEBT_QUARTERLY_EUROPE,pl:country,2008-Q3,2026-09-15T16:23:28.567411+00:00,42.7,final,2008-07-01,2008-09-30,1,2026-09-15T16:23:28.567411+00:00
GOV_DEBT_QUARTERLY_EUROPE,pl:country,2008-Q4,2026-09-15T16:23:28.567411+00:00,46.6,final,2008-10-01,2008-12-31,1,2026-09-15T16:23:28.567411+00:00
GOV_DEBT_QUARTERLY_EUROPE,pl:country,2009-Q1,2026-09-15T16:23:28.567411+00:00,48.4,final,2009-01-01,2009-03-31,1,2026-09-15T16:23:28.567411+00:00
GOV_DEBT_QUARTERLY_EUROPE,pl:country,2009-Q2,2026-09-15T16:23:28.567411+00:00,48.2,final,2009-04-01,2009-06-30,1,2026-09-15T16:23:28.567411+00:00
GOV_DEBT_QUARTERLY_EUROPE,pl:country,2009-Q3,2026-09-15T16:23:28.567411+00:00,49.3,final,2009-07-01,2009-09-30,1,2026-09-15T16:23:28.567411+00:00
GOV_DEBT_QUARTERLY_EUROPE,pl:country,2009-Q4,2026-09-15T16:23:28.567411+00:00,49.7,final,2009-10-01,2009-12-31,1,2026-09-15T16:23:28.567411+00:00
GOV_DEBT_QUARTERLY_EUROPE,pl:country,2010-Q1,2026-09-15T16:23:28.567411+00:00,50.7,final,2010-01-01,2010-03-31,1,2026-09-15T16:23:28.567411+00:00
GOV_DEBT_QUARTERLY_EUROPE,pl:country,2010-Q2,2026-09-15T16:23:28.567411+00:00,53.0,final,2010-04-01,2010-06-30,1,2026-09-15T16:23:28.567411+00:00
GOV_DEBT_QUARTERLY_EUROPE,pl:country,2010-Q3,2026-09-15T16:23:28.567411+00:00,54.0,final,2010-07-01,2010-09-30,1,2026-09-15T16:23:28.567411+00:00
GOV_DEBT_QUARTERLY_EUROPE,pl:country,2010-Q4,2026-09-15T16:23:28.567411+00:00,53.7,final,2010-10-01,2010-12-31,1,2026-09-15T16:23:28.567411+00:00
GOV_DEBT_QUARTERLY_EUROPE,pl:country,2011-Q1,2026-09-15T16:23:28.567411+00:00,54.7,final,2011-01-01,2011-03-31,1,2026-09-15T16:23:28.567411+00:00
GOV_DEBT_QUARTERLY_EUROPE,pl:country,2011-Q2,2026-09-15T16:23:28.567411+00:00,54.5,final,2011-04-01,2011-06-30,1,2026-09-15T16:23:28.567411+00:00
GOV_DEBT_QUARTERLY_EUROPE,pl:country,2011-Q3,2026-09-15T16:23:28.567411+00:00,54.7,final,2011-07-01,2011-09-30,1,2026-09-15T16:23:28.567411+00:00
GOV_DEBT_QUARTERLY_EUROPE,pl:country,2011-Q4,2026-09-15T16:23:28.567411+00:00,54.8,final,2011-10-01,2011-12-31,1,2026-09-15T16:23:28.567411+00:00
GOV_DEBT_QUARTERLY_EUROPE,pl:country,2012-Q1,2026-09-15T16:23:28.567411+00:00,54.5,final,2012-01-01,2012-03-31,1,2026-09-15T16:23:28.567411+00:00
GOV_DEBT_QUARTERLY_EUROPE,pl:country,2012-Q2,2026-09-15T16:23:28.567411+00:00,55.4,final,2012-04-01,2012-06-30,1,2026-09-15T16:23:28.567411+00:00
GOV_DEBT_QUARTERLY_EUROPE,pl:country,2012-Q3,2026-09-15T16:23:28.567411+00:00,54.4,final,2012-07-01,2012-09-30,1,2026-09-15T16:23:28.567411+00:00
GOV_DEBT_QUARTERLY_EUROPE,pl:country,2012-Q4,2026-09-15T16:23:28.567411+00:00,54.5,final,2012-10-01,2012-12-31,1,2026-09-15T16:23:28.567411+00:00
GOV_DEBT_QUARTERLY_EUROPE,pl:country,2013-Q1,2026-09-15T16:23:28.567411+00:00,56.4,final,2013-01-01,2013-03-31,1,2026-09-15T16:23:28.567411+00:00
GOV_DEBT_QUARTERLY_EUROPE,pl:country,2013-Q2,2026-09-15T16:23:28.567411+00:00,57.5,final,2013-04-01,2013-06-30,1,2026-09-15T16:23:28.567411+00:00
GOV_DEBT_QUARTERLY_EUROPE,pl:country,2013-Q3,2026-09-15T16:23:28.567411+00:00,57.6,final,2013-07-01,2013-09-30,1,2026-09-15T16:23:28.567411+00:00
GOV_DEBT_QUARTERLY_EUROPE,pl:country,2013-Q4,2026-09-15T16:23:28.567411+00:00,56.9,final,2013-10-01,2013-12-31,1,2026-09-15T16:23:28.567411+00:00
GOV_DEBT_QUARTERLY_EUROPE,pl:country,2014-Q1,2026-09-15T16:23:28.567411+00:00,49.6,final,2014-01-01,2014-03-31,1,2026-09-15T16:23:28.567411+00:00
GOV_DEBT_QUARTERLY_EUROPE,pl:country,2014-Q2,2026-09-15T16:23:28.567411+00:00,49.7,final,2014-04-01,2014-06-30,1,2026-09-15T16:23:28.567411+00:00
GOV_DEBT_QUARTERLY_EUROPE,pl:country,2014-Q3,2026-09-15T16:23:28.567411+00:00,49.8,final,2014-07-01,2014-09-30,1,2026-09-15T16:23:28.567411+00:00
GOV_DEBT_QUARTERLY_EUROPE,pl:country,2014-Q4,2026-09-15T16:23:28.567411+00:00,51.1,final,2014-10-01,2014-12-31,1,2026-09-15T16:23:28.567411+00:00
GOV_DEBT_QUARTERLY_EUROPE,pl:country,2015-Q1,2026-09-15T16:23:28.567411+00:00,51.7,final,2015-01-01,2015-03-31,1,2026-09-15T16:23:28.567411+00:00
GOV_DEBT_QUARTERLY_EUROPE,pl:country,2015-Q2,2026-09-15T16:23:28.567411+00:00,51.4,final,2015-04-01,2015-06-30,1,2026-09-15T16:23:28.567411+00:00
GOV_DEBT_QUARTERLY_EUROPE,pl:country,2015-Q3,2026-09-15T16:23:28.567411+00:00,51.7,final,2015-07-01,2015-09-30,1,2026-09-15T16:23:28.567411+00:00
GOV_DEBT_QUARTERLY_EUROPE,pl:country,2015-Q4,2026-09-15T16:23:28.567411+00:00,51.1,final,2015-10-01,2015-12-31,1,2026-09-15T16:23:28.567411+00:00
GOV_DEBT_QUARTERLY_EUROPE,pl:country,2016-Q1,2026-09-15T16:23:28.567411+00:00,51.6,final,2016-01-01,2016-03-31,1,2026-09-15T16:23:28.567411+00:00
GOV_DEBT_QUARTERLY_EUROPE,pl:country,2016-Q2,2026-09-15T16:23:28.567411+00:00,53.4,final,2016-04-01,2016-06-30,1,2026-09-15T16:23:28.567411+00:00
GOV_DEBT_QUARTERLY_EUROPE,pl:country,2016-Q3,2026-09-15T16:23:28.567411+00:00,53.0,final,2016-07-01,2016-09-30,1,2026-09-15T16:23:28.567411+00:00
GOV_DEBT_QUARTERLY_EUROPE,pl:country,2016-Q4,2026-09-15T16:23:28.567411+00:00,54.1,final,2016-10-01,2016-12-31,1,2026-09-15T16:23:28.567411+00:00
GOV_DEBT_QUARTERLY_EUROPE,pl:country,2017-Q1,2026-09-15T16:23:28.567411+00:00,53.6,final,2017-01-01,2017-03-31,1,2026-09-15T16:23:28.567411+00:00
GOV_DEBT_QUARTERLY_EUROPE,pl:country,2017-Q2,2026-09-15T16:23:28.567411+00:00,53.0,final,2017-04-01,2017-06-30,1,2026-09-15T16:23:28.567411+00:00
GOV_DEBT_QUARTERLY_EUROPE,pl:country,2017-Q3,2026-09-15T16:23:28.567411+00:00,51.7,final,2017-07-01,2017-09-30,1,2026-09-15T16:23:28.567411+00:00
GOV_DEBT_QUARTERLY_EUROPE,pl:country,2017-Q4,2026-09-15T16:23:28.567411+00:00,50.4,final,2017-10-01,2017-12-31,1,2026-09-15T16:23:28.567411+00:00
GOV_DEBT_QUARTERLY_EUROPE,pl:country,2018-Q1,2026-09-15T16:23:28.567411+00:00,50.9,final,2018-01-01,2018-03-31,1,2026-09-15T16:23:28.567411+00:00
GOV_DEBT_QUARTERLY_EUROPE,pl:country,2018-Q2,2026-09-15T16:23:28.567411+00:00,50.1,final,2018-04-01,2018-06-30,1,2026-09-15T16:23:28.567411+00:00
GOV_DEBT_QUARTERLY_EUROPE,pl:country,2018-Q3,2026-09-15T16:23:28.567411+00:00,49.0,final,2018-07-01,2018-09-30,1,2026-09-15T16:23:28.567411+00:00
GOV_DEBT_QUARTERLY_EUROPE,pl:country,2018-Q4,2026-09-15T16:23:28.567411+00:00,48.2,final,2018-10-01,2018-12-31,1,2026-09-15T16:23:28.567411+00:00
GOV_DEBT_QUARTERLY_EUROPE,pl:country,2019-Q1,2026-09-15T16:23:28.567411+00:00,48.3,final,2019-01-01,2019-03-31,1,2026-09-15T16:23:28.567411+00:00
GOV_DEBT_QUARTERLY_EUROPE,pl:country,2019-Q2,2026-09-15T16:23:28.567411+00:00,47.2,final,2019-04-01,2019-06-30,1,2026-09-15T16:23:28.567411+00:00
GOV_DEBT_QUARTERLY_EUROPE,pl:country,2019-Q3,2026-09-15T16:23:28.567411+00:00,46.5,final,2019-07-01,2019-09-30,1,2026-09-15T16:23:28.567411+00:00
GOV_DEBT_QUARTERLY_EUROPE,pl:country,2019-Q4,2026-09-15T16:23:28.567411+00:00,45.2,final,2019-10-01,2019-12-31,1,2026-09-15T16:23:28.567411+00:00
GOV_DEBT_QUARTERLY_EUROPE,pl:country,2020-Q1,2026-09-15T16:23:28.567411+00:00,47.1,final,2020-01-01,2020-03-31,1,2026-09-15T16:23:28.567411+00:00
GOV_DEBT_QUARTERLY_EUROPE,pl:country,2020-Q2,2026-09-15T16:23:28.567411+00:00,54.1,final,2020-04-01,2020-06-30,1,2026-09-15T16:23:28.567411+00:00
GOV_DEBT_QUARTERLY_EUROPE,pl:country,2020-Q3,2026-09-15T16:23:28.567411+00:00,55.8,final,2020-07-01,2020-09-30,1,2026-09-15T16:23:28.567411+00:00
GOV_DEBT_QUARTERLY_EUROPE,pl:country,2020-Q4,2026-09-15T16:23:28.567411+00:00,56.6,final,2020-10-01,2020-12-31,1,2026-09-15T16:23:28.567411+00:00
GOV_DEBT_QUARTERLY_EUROPE,pl:country,2021-Q1,2026-09-15T16:23:28.567411+00:00,57.9,final,2021-01-01,2021-03-31,1,2026-09-15T16:23:28.567411+00:00
GOV_DEBT_QUARTERLY_EUROPE,pl:country,2021-Q2,2026-09-15T16:23:28.567411+00:00,56.3,final,2021-04-01,2021-06-30,1,2026-09-15T16:23:28.567411+00:00
GOV_DEBT_QUARTERLY_EUROPE,pl:country,2021-Q3,2026-09-15T16:23:28.567411+00:00,55.2,final,2021-07-01,2021-09-30,1,2026-09-15T16:23:28.567411+00:00
GOV_DEBT_QUARTERLY_EUROPE,pl:country,2021-Q4,2026-09-15T16:23:28.567411+00:00,53.0,final,2021-10-01,2021-12-31,1,2026-09-15T16:23:28.567411+00:00
GOV_DEBT_QUARTERLY_EUROPE,pl:country,2022-Q1,2026-09-15T16:23:28.567411+00:00,51.4,final,2022-01-01,2022-03-31,1,2026-09-15T16:23:28.567411+00:00
GOV_DEBT_QUARTERLY_EUROPE,pl:country,2022-Q2,2026-09-15T16:23:28.567411+00:00,50.9,final,2022-04-01,2022-06-30,1,2026-09-15T16:23:28.567411+00:00
GOV_DEBT_QUARTERLY_EUROPE,pl:country,2022-Q3,2026-09-15T16:23:28.567411+00:00,49.8,final,2022-07-01,2022-09-30,1,2026-09-15T16:23:28.567411+00:00
GOV_DEBT_QUARTERLY_EUROPE,pl:country,2022-Q4,2026-09-15T16:23:28.567411+00:00,48.8,final,2022-10-01,2022-12-31,1,2026-09-15T16:23:28.567411+00:00
GOV_DEBT_QUARTERLY_EUROPE,pl:country,2023-Q1,2026-09-15T16:23:28.567411+00:00,47.9,final,2023-01-01,2023-03-31,1,2026-09-15T16:23:28.567411+00:00
GOV_DEBT_QUARTERLY_EUROPE,pl:country,2023-Q2,2026-09-15T16:23:28.567411+00:00,48.1,final,2023-04-01,2023-06-30,1,2026-09-15T16:23:28.567411+00:00
GOV_DEBT_QUARTERLY_EUROPE,pl:country,2023-Q3,2026-09-15T16:23:28.567411+00:00,48.5,final,2023-07-01,2023-09-30,1,2026-09-15T16:23:28.567411+00:00
GOV_DEBT_QUARTERLY_EUROPE,pl:country,2023-Q4,2026-09-15T16:23:28.567411+00:00,49.5,final,2023-10-01,2023-12-31,1,2026-09-15T16:23:28.567411+00:00
GOV_DEBT_QUARTERLY_EUROPE,pl:country,2024-Q1,2026-09-15T16:23:28.567411+00:00,51.3,final,2024-01-01,2024-03-31,1,2026-09-15T16:23:28.567411+00:00
GOV_DEBT_QUARTERLY_EUROPE,pl:country,2024-Q2,2026-09-15T16:23:28.567411+00:00,52.0,final,2024-04-01,2024-06-30,1,2026-09-15T16:23:28.567411+00:00
GOV_DEBT_QUARTERLY_EUROPE,pl:country,2024-Q3,2026-09-15T16:23:28.567411+00:00,53.0,final,2024-07-01,2024-09-30,1,2026-09-15T16:23:28.567411+00:00
GOV_DEBT_QUARTERLY_EUROPE,pl:country,2024-Q4,2026-09-15T16:23:28.567411+00:00,54.8,final,2024-10-01,2024-12-31,1,2026-09-15T16:23:28.567411+00:00
GOV_DEBT_QUARTERLY_EUROPE,pl:country,2025-Q1,2026-09-15T16:23:28.567411+00:00,57.0,final,2025-01-01,2025-03-31,1,2026-09-15T16:23:28.567411+00:00
GOV_DEBT_QUARTERLY_EUROPE,pl:country,2025-Q2,2026-09-15T16:23:28.567411+00:00,57.8,final,2025-04-01,2025-06-30,1,2026-09-15T16:23:28.567411+00:00
GOV_DEBT_QUARTERLY_EUROPE,pl:country,2025-Q3,2026-09-15T16:23:28.567411+00:00,57.9,final,2025-07-01,2025-09-30,1,2026-09-15T16:23:28.567411+00:00
GOV_DEBT_QUARTERLY_EUROPE,pl:country,2025-Q4,2026-09-15T16:23:28.567411+00:00,59.7,final,2025-10-01,2025-12-31,1,2026-09-15T16:23:28.567411+00:00
GOV_DEBT_QUARTERLY_EUROPE,pl:country,2026-Q1,2026-09-15T16:23:28.567411+00:00,61.6,provisional,2026-01-01,2026-03-31,1,2026-09-15T16:23:28.567411+00:00
GOV_DEBT_QUARTERLY_EUROPE,pt:country,2008-Q1,2026-09-15T16:23:28.567411+00:00,71.4,final,2008-01-01,2008-03-31,1,2026-09-15T16:23:28.567411+00:00
GOV_DEBT_QUARTERLY_EUROPE,pt:country,2008-Q2,2026-09-15T16:23:28.567411+00:00,73.1,final,2008-04-01,2008-06-30,1,2026-09-15T16:23:28.567411+00:00
GOV_DEBT_QUARTERLY_EUROPE,pt:country,2008-Q3,2026-09-15T16:23:28.567411+00:00,73.3,final,2008-07-01,2008-09-30,1,2026-09-15T16:23:28.567411+00:00
GOV_DEBT_QUARTERLY_EUROPE,pt:country,2008-Q4,2026-09-15T16:23:28.567411+00:00,75.5,final,2008-10-01,2008-12-31,1,2026-09-15T16:23:28.567411+00:00
GOV_DEBT_QUARTERLY_EUROPE,pt:country,2009-Q1,2026-09-15T16:23:28.567411+00:00,78.7,final,2009-01-01,2009-03-31,1,2026-09-15T16:23:28.567411+00:00
GOV_DEBT_QUARTERLY_EUROPE,pt:country,2009-Q2,2026-09-15T16:23:28.567411+00:00,84.0,final,2009-04-01,2009-06-30,1,2026-09-15T16:23:28.567411+00:00
GOV_DEBT_QUARTERLY_EUROPE,pt:country,2009-Q3,2026-09-15T16:23:28.567411+00:00,84.0,final,2009-07-01,2009-09-30,1,2026-09-15T16:23:28.567411+00:00
GOV_DEBT_QUARTERLY_EUROPE,pt:country,2009-Q4,2026-09-15T16:23:28.567411+00:00,87.6,final,2009-10-01,2009-12-31,1,2026-09-15T16:23:28.567411+00:00
GOV_DEBT_QUARTERLY_EUROPE,pt:country,2010-Q1,2026-09-15T16:23:28.567411+00:00,90.1,final,2010-01-01,2010-03-31,1,2026-09-15T16:23:28.567411+00:00
GOV_DEBT_QUARTERLY_EUROPE,pt:country,2010-Q2,2026-09-15T16:23:28.567411+00:00,93.6,final,2010-04-01,2010-06-30,1,2026-09-15T16:23:28.567411+00:00
GOV_DEBT_QUARTERLY_EUROPE,pt:country,2010-Q3,2026-09-15T16:23:28.567411+00:00,97.4,final,2010-07-01,2010-09-30,1,2026-09-15T16:23:28.567411+00:00
GOV_DEBT_QUARTERLY_EUROPE,pt:country,2010-Q4,2026-09-15T16:23:28.567411+00:00,99.9,final,2010-10-01,2010-12-31,1,2026-09-15T16:23:28.567411+00:00
GOV_DEBT_QUARTERLY_EUROPE,pt:country,2011-Q1,2026-09-15T16:23:28.567411+00:00,101.1,final,2011-01-01,2011-03-31,1,2026-09-15T16:23:28.567411+00:00
GOV_DEBT_QUARTERLY_EUROPE,pt:country,2011-Q2,2026-09-15T16:23:28.567411+00:00,112.4,final,2011-04-01,2011-06-30,1,2026-09-15T16:23:28.567411+00:00
GOV_DEBT_QUARTERLY_EUROPE,pt:country,2011-Q3,2026-09-15T16:23:28.567411+00:00,116.3,final,2011-07-01,2011-09-30,1,2026-09-15T16:23:28.567411+00:00
GOV_DEBT_QUARTERLY_EUROPE,pt:country,2011-Q4,2026-09-15T16:23:28.567411+00:00,114.0,final,2011-10-01,2011-12-31,1,2026-09-15T16:23:28.567411+00:00
GOV_DEBT_QUARTERLY_EUROPE,pt:country,2012-Q1,2026-09-15T16:23:28.567411+00:00,118.2,final,2012-01-01,2012-03-31,1,2026-09-15T16:23:28.567411+00:00
GOV_DEBT_QUARTERLY_EUROPE,pt:country,2012-Q2,2026-09-15T16:23:28.567411+00:00,123.4,final,2012-04-01,2012-06-30,1,2026-09-15T16:23:28.567411+00:00
GOV_DEBT_QUARTERLY_EUROPE,pt:country,2012-Q3,2026-09-15T16:23:28.567411+00:00,126.2,final,2012-07-01,2012-09-30,1,2026-09-15T16:23:28.567411+00:00
GOV_DEBT_QUARTERLY_EUROPE,pt:country,2012-Q4,2026-09-15T16:23:28.567411+00:00,128.6,final,2012-10-01,2012-12-31,1,2026-09-15T16:23:28.567411+00:00
GOV_DEBT_QUARTERLY_EUROPE,pt:country,2013-Q1,2026-09-15T16:23:28.567411+00:00,131.1,final,2013-01-01,2013-03-31,1,2026-09-15T16:23:28.567411+00:00
GOV_DEBT_QUARTERLY_EUROPE,pt:country,2013-Q2,2026-09-15T16:23:28.567411+00:00,134.4,final,2013-04-01,2013-06-30,1,2026-09-15T16:23:28.567411+00:00
GOV_DEBT_QUARTERLY_EUROPE,pt:country,2013-Q3,2026-09-15T16:23:28.567411+00:00,130.6,final,2013-07-01,2013-09-30,1,2026-09-15T16:23:28.567411+00:00
GOV_DEBT_QUARTERLY_EUROPE,pt:country,2013-Q4,2026-09-15T16:23:28.567411+00:00,130.8,final,2013-10-01,2013-12-31,1,2026-09-15T16:23:28.567411+00:00
GOV_DEBT_QUARTERLY_EUROPE,pt:country,2014-Q1,2026-09-15T16:23:28.567411+00:00,134.7,final,2014-01-01,2014-03-31,1,2026-09-15T16:23:28.567411+00:00
GOV_DEBT_QUARTERLY_EUROPE,pt:country,2014-Q2,2026-09-15T16:23:28.567411+00:00,132.6,final,2014-04-01,2014-06-30,1,2026-09-15T16:23:28.567411+00:00
GOV_DEBT_QUARTERLY_EUROPE,pt:country,2014-Q3,2026-09-15T16:23:28.567411+00:00,134.6,final,2014-07-01,2014-09-30,1,2026-09-15T16:23:28.567411+00:00
GOV_DEBT_QUARTERLY_EUROPE,pt:country,2014-Q4,2026-09-15T16:23:28.567411+00:00,132.5,final,2014-10-01,2014-12-31,1,2026-09-15T16:23:28.567411+00:00
GOV_DEBT_QUARTERLY_EUROPE,pt:country,2015-Q1,2026-09-15T16:23:28.567411+00:00,132.5,final,2015-01-01,2015-03-31,1,2026-09-15T16:23:28.567411+00:00
GOV_DEBT_QUARTERLY_EUROPE,pt:country,2015-Q2,2026-09-15T16:23:28.567411+00:00,130.8,final,2015-04-01,2015-06-30,1,2026-09-15T16:23:28.567411+00:00
GOV_DEBT_QUARTERLY_EUROPE,pt:country,2015-Q3,2026-09-15T16:23:28.567411+00:00,132.4,final,2015-07-01,2015-09-30,1,2026-09-15T16:23:28.567411+00:00
GOV_DEBT_QUARTERLY_EUROPE,pt:country,2015-Q4,2026-09-15T16:23:28.567411+00:00,131.0,final,2015-10-01,2015-12-31,1,2026-09-15T16:23:28.567411+00:00
GOV_DEBT_QUARTERLY_EUROPE,pt:country,2016-Q1,2026-09-15T16:23:28.567411+00:00,130.6,final,2016-01-01,2016-03-31,1,2026-09-15T16:23:28.567411+00:00
GOV_DEBT_QUARTERLY_EUROPE,pt:country,2016-Q2,2026-09-15T16:23:28.567411+00:00,133.0,final,2016-04-01,2016-06-30,1,2026-09-15T16:23:28.567411+00:00
GOV_DEBT_QUARTERLY_EUROPE,pt:country,2016-Q3,2026-09-15T16:23:28.567411+00:00,134.3,final,2016-07-01,2016-09-30,1,2026-09-15T16:23:28.567411+00:00
GOV_DEBT_QUARTERLY_EUROPE,pt:country,2016-Q4,2026-09-15T16:23:28.567411+00:00,131.2,final,2016-10-01,2016-12-31,1,2026-09-15T16:23:28.567411+00:00
GOV_DEBT_QUARTERLY_EUROPE,pt:country,2017-Q1,2026-09-15T16:23:28.567411+00:00,131.2,final,2017-01-01,2017-03-31,1,2026-09-15T16:23:28.567411+00:00
GOV_DEBT_QUARTERLY_EUROPE,pt:country,2017-Q2,2026-09-15T16:23:28.567411+00:00,132.6,final,2017-04-01,2017-06-30,1,2026-09-15T16:23:28.567411+00:00
GOV_DEBT_QUARTERLY_EUROPE,pt:country,2017-Q3,2026-09-15T16:23:28.567411+00:00,131.2,final,2017-07-01,2017-09-30,1,2026-09-15T16:23:28.567411+00:00
GOV_DEBT_QUARTERLY_EUROPE,pt:country,2017-Q4,2026-09-15T16:23:28.567411+00:00,126.0,final,2017-10-01,2017-12-31,1,2026-09-15T16:23:28.567411+00:00
GOV_DEBT_QUARTERLY_EUROPE,pt:country,2018-Q1,2026-09-15T16:23:28.567411+00:00,126.3,final,2018-01-01,2018-03-31,1,2026-09-15T16:23:28.567411+00:00
GOV_DEBT_QUARTERLY_EUROPE,pt:country,2018-Q2,2026-09-15T16:23:28.567411+00:00,125.4,final,2018-04-01,2018-06-30,1,2026-09-15T16:23:28.567411+00:00
GOV_DEBT_QUARTERLY_EUROPE,pt:country,2018-Q3,2026-09-15T16:23:28.567411+00:00,124.9,final,2018-07-01,2018-09-30,1,2026-09-15T16:23:28.567411+00:00
GOV_DEBT_QUARTERLY_EUROPE,pt:country,2018-Q4,2026-09-15T16:23:28.567411+00:00,121.1,final,2018-10-01,2018-12-31,1,2026-09-15T16:23:28.567411+00:00
GOV_DEBT_QUARTERLY_EUROPE,pt:country,2019-Q1,2026-09-15T16:23:28.567411+00:00,122.2,final,2019-01-01,2019-03-31,1,2026-09-15T16:23:28.567411+00:00
GOV_DEBT_QUARTERLY_EUROPE,pt:country,2019-Q2,2026-09-15T16:23:28.567411+00:00,119.4,final,2019-04-01,2019-06-30,1,2026-09-15T16:23:28.567411+00:00
GOV_DEBT_QUARTERLY_EUROPE,pt:country,2019-Q3,2026-09-15T16:23:28.567411+00:00,118.6,final,2019-07-01,2019-09-30,1,2026-09-15T16:23:28.567411+00:00
GOV_DEBT_QUARTERLY_EUROPE,pt:country,2019-Q4,2026-09-15T16:23:28.567411+00:00,116.1,final,2019-10-01,2019-12-31,1,2026-09-15T16:23:28.567411+00:00
GOV_DEBT_QUARTERLY_EUROPE,pt:country,2020-Q1,2026-09-15T16:23:28.567411+00:00,118.5,final,2020-01-01,2020-03-31,1,2026-09-15T16:23:28.567411+00:00
GOV_DEBT_QUARTERLY_EUROPE,pt:country,2020-Q2,2026-09-15T16:23:28.567411+00:00,125.6,final,2020-04-01,2020-06-30,1,2026-09-15T16:23:28.567411+00:00
GOV_DEBT_QUARTERLY_EUROPE,pt:country,2020-Q3,2026-09-15T16:23:28.567411+00:00,130.7,final,2020-07-01,2020-09-30,1,2026-09-15T16:23:28.567411+00:00
GOV_DEBT_QUARTERLY_EUROPE,pt:country,2020-Q4,2026-09-15T16:23:28.567411+00:00,134.1,final,2020-10-01,2020-12-31,1,2026-09-15T16:23:28.567411+00:00
GOV_DEBT_QUARTERLY_EUROPE,pt:country,2021-Q1,2026-09-15T16:23:28.567411+00:00,137.5,final,2021-01-01,2021-03-31,1,2026-09-15T16:23:28.567411+00:00
GOV_DEBT_QUARTERLY_EUROPE,pt:country,2021-Q2,2026-09-15T16:23:28.567411+00:00,133.3,final,2021-04-01,2021-06-30,1,2026-09-15T16:23:28.567411+00:00
GOV_DEBT_QUARTERLY_EUROPE,pt:country,2021-Q3,2026-09-15T16:23:28.567411+00:00,127.9,final,2021-07-01,2021-09-30,1,2026-09-15T16:23:28.567411+00:00
GOV_DEBT_QUARTERLY_EUROPE,pt:country,2021-Q4,2026-09-15T16:23:28.567411+00:00,123.9,final,2021-10-01,2021-12-31,1,2026-09-15T16:23:28.567411+00:00
GOV_DEBT_QUARTERLY_EUROPE,pt:country,2022-Q1,2026-09-15T16:23:28.567411+00:00,123.4,final,2022-01-01,2022-03-31,1,2026-09-15T16:23:28.567411+00:00
GOV_DEBT_QUARTERLY_EUROPE,pt:country,2022-Q2,2026-09-15T16:23:28.567411+00:00,121.5,final,2022-04-01,2022-06-30,1,2026-09-15T16:23:28.567411+00:00
GOV_DEBT_QUARTERLY_EUROPE,pt:country,2022-Q3,2026-09-15T16:23:28.567411+00:00,117.7,final,2022-07-01,2022-09-30,1,2026-09-15T16:23:28.567411+00:00
GOV_DEBT_QUARTERLY_EUROPE,pt:country,2022-Q4,2026-09-15T16:23:28.567411+00:00,111.2,final,2022-10-01,2022-12-31,1,2026-09-15T16:23:28.567411+00:00
GOV_DEBT_QUARTERLY_EUROPE,pt:country,2023-Q1,2026-09-15T16:23:28.567411+00:00,110.8,final,2023-01-01,2023-03-31,1,2026-09-15T16:23:28.567411+00:00
GOV_DEBT_QUARTERLY_EUROPE,pt:country,2023-Q2,2026-09-15T16:23:28.567411+00:00,108.2,final,2023-04-01,2023-06-30,1,2026-09-15T16:23:28.567411+00:00
GOV_DEBT_QUARTERLY_EUROPE,pt:country,2023-Q3,2026-09-15T16:23:28.567411+00:00,105.4,final,2023-07-01,2023-09-30,1,2026-09-15T16:23:28.567411+00:00
GOV_DEBT_QUARTERLY_EUROPE,pt:country,2023-Q4,2026-09-15T16:23:28.567411+00:00,96.9,final,2023-10-01,2023-12-31,1,2026-09-15T16:23:28.567411+00:00
GOV_DEBT_QUARTERLY_EUROPE,pt:country,2024-Q1,2026-09-15T16:23:28.567411+00:00,98.1,final,2024-01-01,2024-03-31,1,2026-09-15T16:23:28.567411+00:00
GOV_DEBT_QUARTERLY_EUROPE,pt:country,2024-Q2,2026-09-15T16:23:28.567411+00:00,99.1,final,2024-04-01,2024-06-30,1,2026-09-15T16:23:28.567411+00:00
GOV_DEBT_QUARTERLY_EUROPE,pt:country,2024-Q3,2026-09-15T16:23:28.567411+00:00,95.8,final,2024-07-01,2024-09-30,1,2026-09-15T16:23:28.567411+00:00
GOV_DEBT_QUARTERLY_EUROPE,pt:country,2024-Q4,2026-09-15T16:23:28.567411+00:00,93.5,final,2024-10-01,2024-12-31,1,2026-09-15T16:23:28.567411+00:00
GOV_DEBT_QUARTERLY_EUROPE,pt:country,2025-Q1,2026-09-15T16:23:28.567411+00:00,94.8,final,2025-01-01,2025-03-31,1,2026-09-15T16:23:28.567411+00:00
GOV_DEBT_QUARTERLY_EUROPE,pt:country,2025-Q2,2026-09-15T16:23:28.567411+00:00,96.5,final,2025-04-01,2025-06-30,1,2026-09-15T16:23:28.567411+00:00
GOV_DEBT_QUARTERLY_EUROPE,pt:country,2025-Q3,2026-09-15T16:23:28.567411+00:00,97.4,final,2025-07-01,2025-09-30,1,2026-09-15T16:23:28.567411+00:00
GOV_DEBT_QUARTERLY_EUROPE,pt:country,2025-Q4,2026-09-15T16:23:28.567411+00:00,89.7,final,2025-10-01,2025-12-31,1,2026-09-15T16:23:28.567411+00:00
GOV_DEBT_QUARTERLY_EUROPE,pt:country,2026-Q1,2026-09-15T16:23:28.567411+00:00,91.0,provisional,2026-01-01,2026-03-31,1,2026-09-15T16:23:28.567411+00:00
GOV_DEBT_QUARTERLY_EUROPE,ro:country,2008-Q1,2026-09-15T16:23:28.567411+00:00,11.3,final,2008-01-01,2008-03-31,1,2026-09-15T16:23:28.567411+00:00
GOV_DEBT_QUARTERLY_EUROPE,ro:country,2008-Q2,2026-09-15T16:23:28.567411+00:00,10.7,final,2008-04-01,2008-06-30,1,2026-09-15T16:23:28.567411+00:00
GOV_DEBT_QUARTERLY_EUROPE,ro:country,2008-Q3,2026-09-15T16:23:28.567411+00:00,10.5,final,2008-07-01,2008-09-30,1,2026-09-15T16:23:28.567411+00:00
GOV_DEBT_QUARTERLY_EUROPE,ro:country,2008-Q4,2026-09-15T16:23:28.567411+00:00,12.3,final,2008-10-01,2008-12-31,1,2026-09-15T16:23:28.567411+00:00
GOV_DEBT_QUARTERLY_EUROPE,ro:country,2009-Q1,2026-09-15T16:23:28.567411+00:00,14.7,final,2009-01-01,2009-03-31,1,2026-09-15T16:23:28.567411+00:00
GOV_DEBT_QUARTERLY_EUROPE,ro:country,2009-Q2,2026-09-15T16:23:28.567411+00:00,15.9,final,2009-04-01,2009-06-30,1,2026-09-15T16:23:28.567411+00:00
GOV_DEBT_QUARTERLY_EUROPE,ro:country,2009-Q3,2026-09-15T16:23:28.567411+00:00,19.8,final,2009-07-01,2009-09-30,1,2026-09-15T16:23:28.567411+00:00
GOV_DEBT_QUARTERLY_EUROPE,ro:country,2009-Q4,2026-09-15T16:23:28.567411+00:00,21.8,final,2009-10-01,2009-12-31,1,2026-09-15T16:23:28.567411+00:00
GOV_DEBT_QUARTERLY_EUROPE,ro:country,2010-Q1,2026-09-15T16:23:28.567411+00:00,24.6,final,2010-01-01,2010-03-31,1,2026-09-15T16:23:28.567411+00:00
GOV_DEBT_QUARTERLY_EUROPE,ro:country,2010-Q2,2026-09-15T16:23:28.567411+00:00,26.2,final,2010-04-01,2010-06-30,1,2026-09-15T16:23:28.567411+00:00
GOV_DEBT_QUARTERLY_EUROPE,ro:country,2010-Q3,2026-09-15T16:23:28.567411+00:00,26.7,final,2010-07-01,2010-09-30,1,2026-09-15T16:23:28.567411+00:00
GOV_DEBT_QUARTERLY_EUROPE,ro:country,2010-Q4,2026-09-15T16:23:28.567411+00:00,29.0,final,2010-10-01,2010-12-31,1,2026-09-15T16:23:28.567411+00:00
GOV_DEBT_QUARTERLY_EUROPE,ro:country,2011-Q1,2026-09-15T16:23:28.567411+00:00,29.1,final,2011-01-01,2011-03-31,1,2026-09-15T16:23:28.567411+00:00
GOV_DEBT_QUARTERLY_EUROPE,ro:country,2011-Q2,2026-09-15T16:23:28.567411+00:00,32.0,final,2011-04-01,2011-06-30,1,2026-09-15T16:23:28.567411+00:00
GOV_DEBT_QUARTERLY_EUROPE,ro:country,2011-Q3,2026-09-15T16:23:28.567411+00:00,31.2,final,2011-07-01,2011-09-30,1,2026-09-15T16:23:28.567411+00:00
GOV_DEBT_QUARTERLY_EUROPE,ro:country,2011-Q4,2026-09-15T16:23:28.567411+00:00,32.3,final,2011-10-01,2011-12-31,1,2026-09-15T16:23:28.567411+00:00
GOV_DEBT_QUARTERLY_EUROPE,ro:country,2012-Q1,2026-09-15T16:23:28.567411+00:00,35.3,final,2012-01-01,2012-03-31,1,2026-09-15T16:23:28.567411+00:00
GOV_DEBT_QUARTERLY_EUROPE,ro:country,2012-Q2,2026-09-15T16:23:28.567411+00:00,34.4,final,2012-04-01,2012-06-30,1,2026-09-15T16:23:28.567411+00:00
GOV_DEBT_QUARTERLY_EUROPE,ro:country,2012-Q3,2026-09-15T16:23:28.567411+00:00,34.1,final,2012-07-01,2012-09-30,1,2026-09-15T16:23:28.567411+00:00
GOV_DEBT_QUARTERLY_EUROPE,ro:country,2012-Q4,2026-09-15T16:23:28.567411+00:00,35.4,final,2012-10-01,2012-12-31,1,2026-09-15T16:23:28.567411+00:00
GOV_DEBT_QUARTERLY_EUROPE,ro:country,2013-Q1,2026-09-15T16:23:28.567411+00:00,36.5,final,2013-01-01,2013-03-31,1,2026-09-15T16:23:28.567411+00:00
GOV_DEBT_QUARTERLY_EUROPE,ro:country,2013-Q2,2026-09-15T16:23:28.567411+00:00,37.0,final,2013-04-01,2013-06-30,1,2026-09-15T16:23:28.567411+00:00
GOV_DEBT_QUARTERLY_EUROPE,ro:country,2013-Q3,2026-09-15T16:23:28.567411+00:00,37.6,final,2013-07-01,2013-09-30,1,2026-09-15T16:23:28.567411+00:00
GOV_DEBT_QUARTERLY_EUROPE,ro:country,2013-Q4,2026-09-15T16:23:28.567411+00:00,37.8,final,2013-10-01,2013-12-31,1,2026-09-15T16:23:28.567411+00:00
GOV_DEBT_QUARTERLY_EUROPE,ro:country,2014-Q1,2026-09-15T16:23:28.567411+00:00,38.4,final,2014-01-01,2014-03-31,1,2026-09-15T16:23:28.567411+00:00
GOV_DEBT_QUARTERLY_EUROPE,ro:country,2014-Q2,2026-09-15T16:23:28.567411+00:00,38.1,final,2014-04-01,2014-06-30,1,2026-09-15T16:23:28.567411+00:00
GOV_DEBT_QUARTERLY_EUROPE,ro:country,2014-Q3,2026-09-15T16:23:28.567411+00:00,37.7,final,2014-07-01,2014-09-30,1,2026-09-15T16:23:28.567411+00:00
GOV_DEBT_QUARTERLY_EUROPE,ro:country,2014-Q4,2026-09-15T16:23:28.567411+00:00,39.1,final,2014-10-01,2014-12-31,1,2026-09-15T16:23:28.567411+00:00
GOV_DEBT_QUARTERLY_EUROPE,ro:country,2015-Q1,2026-09-15T16:23:28.567411+00:00,37.6,final,2015-01-01,2015-03-31,1,2026-09-15T16:23:28.567411+00:00
GOV_DEBT_QUARTERLY_EUROPE,ro:country,2015-Q2,2026-09-15T16:23:28.567411+00:00,37.2,final,2015-04-01,2015-06-30,1,2026-09-15T16:23:28.567411+00:00
GOV_DEBT_QUARTERLY_EUROPE,ro:country,2015-Q3,2026-09-15T16:23:28.567411+00:00,36.4,final,2015-07-01,2015-09-30,1,2026-09-15T16:23:28.567411+00:00
GOV_DEBT_QUARTERLY_EUROPE,ro:country,2015-Q4,2026-09-15T16:23:28.567411+00:00,37.7,final,2015-10-01,2015-12-31,1,2026-09-15T16:23:28.567411+00:00
GOV_DEBT_QUARTERLY_EUROPE,ro:country,2016-Q1,2026-09-15T16:23:28.567411+00:00,37.0,final,2016-01-01,2016-03-31,1,2026-09-15T16:23:28.567411+00:00
GOV_DEBT_QUARTERLY_EUROPE,ro:country,2016-Q2,2026-09-15T16:23:28.567411+00:00,36.7,final,2016-04-01,2016-06-30,1,2026-09-15T16:23:28.567411+00:00
GOV_DEBT_QUARTERLY_EUROPE,ro:country,2016-Q3,2026-09-15T16:23:28.567411+00:00,36.3,final,2016-07-01,2016-09-30,1,2026-09-15T16:23:28.567411+00:00
GOV_DEBT_QUARTERLY_EUROPE,ro:country,2016-Q4,2026-09-15T16:23:28.567411+00:00,37.8,final,2016-10-01,2016-12-31,1,2026-09-15T16:23:28.567411+00:00
GOV_DEBT_QUARTERLY_EUROPE,ro:country,2017-Q1,2026-09-15T16:23:28.567411+00:00,37.3,final,2017-01-01,2017-03-31,1,2026-09-15T16:23:28.567411+00:00
GOV_DEBT_QUARTERLY_EUROPE,ro:country,2017-Q2,2026-09-15T16:23:28.567411+00:00,37.4,final,2017-04-01,2017-06-30,1,2026-09-15T16:23:28.567411+00:00
GOV_DEBT_QUARTERLY_EUROPE,ro:country,2017-Q3,2026-09-15T16:23:28.567411+00:00,35.8,final,2017-07-01,2017-09-30,1,2026-09-15T16:23:28.567411+00:00
GOV_DEBT_QUARTERLY_EUROPE,ro:country,2017-Q4,2026-09-15T16:23:28.567411+00:00,35.3,final,2017-10-01,2017-12-31,1,2026-09-15T16:23:28.567411+00:00
GOV_DEBT_QUARTERLY_EUROPE,ro:country,2018-Q1,2026-09-15T16:23:28.567411+00:00,34.6,final,2018-01-01,2018-03-31,1,2026-09-15T16:23:28.567411+00:00
GOV_DEBT_QUARTERLY_EUROPE,ro:country,2018-Q2,2026-09-15T16:23:28.567411+00:00,34.1,final,2018-04-01,2018-06-30,1,2026-09-15T16:23:28.567411+00:00
GOV_DEBT_QUARTERLY_EUROPE,ro:country,2018-Q3,2026-09-15T16:23:28.567411+00:00,34.0,final,2018-07-01,2018-09-30,1,2026-09-15T16:23:28.567411+00:00
GOV_DEBT_QUARTERLY_EUROPE,ro:country,2018-Q4,2026-09-15T16:23:28.567411+00:00,34.6,final,2018-10-01,2018-12-31,1,2026-09-15T16:23:28.567411+00:00
GOV_DEBT_QUARTERLY_EUROPE,ro:country,2019-Q1,2026-09-15T16:23:28.567411+00:00,33.8,final,2019-01-01,2019-03-31,1,2026-09-15T16:23:28.567411+00:00
GOV_DEBT_QUARTERLY_EUROPE,ro:country,2019-Q2,2026-09-15T16:23:28.567411+00:00,33.7,final,2019-04-01,2019-06-30,1,2026-09-15T16:23:28.567411+00:00
GOV_DEBT_QUARTERLY_EUROPE,ro:country,2019-Q3,2026-09-15T16:23:28.567411+00:00,35.0,final,2019-07-01,2019-09-30,1,2026-09-15T16:23:28.567411+00:00
GOV_DEBT_QUARTERLY_EUROPE,ro:country,2019-Q4,2026-09-15T16:23:28.567411+00:00,35.2,final,2019-10-01,2019-12-31,1,2026-09-15T16:23:28.567411+00:00
GOV_DEBT_QUARTERLY_EUROPE,ro:country,2020-Q1,2026-09-15T16:23:28.567411+00:00,37.3,final,2020-01-01,2020-03-31,1,2026-09-15T16:23:28.567411+00:00
GOV_DEBT_QUARTERLY_EUROPE,ro:country,2020-Q2,2026-09-15T16:23:28.567411+00:00,40.5,final,2020-04-01,2020-06-30,1,2026-09-15T16:23:28.567411+00:00
GOV_DEBT_QUARTERLY_EUROPE,ro:country,2020-Q3,2026-09-15T16:23:28.567411+00:00,42.7,final,2020-07-01,2020-09-30,1,2026-09-15T16:23:28.567411+00:00
GOV_DEBT_QUARTERLY_EUROPE,ro:country,2020-Q4,2026-09-15T16:23:28.567411+00:00,46.9,final,2020-10-01,2020-12-31,1,2026-09-15T16:23:28.567411+00:00
GOV_DEBT_QUARTERLY_EUROPE,ro:country,2021-Q1,2026-09-15T16:23:28.567411+00:00,47.0,final,2021-01-01,2021-03-31,1,2026-09-15T16:23:28.567411+00:00
GOV_DEBT_QUARTERLY_EUROPE,ro:country,2021-Q2,2026-09-15T16:23:28.567411+00:00,46.8,final,2021-04-01,2021-06-30,1,2026-09-15T16:23:28.567411+00:00
GOV_DEBT_QUARTERLY_EUROPE,ro:country,2021-Q3,2026-09-15T16:23:28.567411+00:00,48.0,final,2021-07-01,2021-09-30,1,2026-09-15T16:23:28.567411+00:00
GOV_DEBT_QUARTERLY_EUROPE,ro:country,2021-Q4,2026-09-15T16:23:28.567411+00:00,48.6,final,2021-10-01,2021-12-31,1,2026-09-15T16:23:28.567411+00:00
GOV_DEBT_QUARTERLY_EUROPE,ro:country,2022-Q1,2026-09-15T16:23:28.567411+00:00,48.4,final,2022-01-01,2022-03-31,1,2026-09-15T16:23:28.567411+00:00
GOV_DEBT_QUARTERLY_EUROPE,ro:country,2022-Q2,2026-09-15T16:23:28.567411+00:00,48.6,final,2022-04-01,2022-06-30,1,2026-09-15T16:23:28.567411+00:00
GOV_DEBT_QUARTERLY_EUROPE,ro:country,2022-Q3,2026-09-15T16:23:28.567411+00:00,48.6,final,2022-07-01,2022-09-30,1,2026-09-15T16:23:28.567411+00:00
GOV_DEBT_QUARTERLY_EUROPE,ro:country,2022-Q4,2026-09-15T16:23:28.567411+00:00,48.1,final,2022-10-01,2022-12-31,1,2026-09-15T16:23:28.567411+00:00
GOV_DEBT_QUARTERLY_EUROPE,ro:country,2023-Q1,2026-09-15T16:23:28.567411+00:00,50.0,final,2023-01-01,2023-03-31,1,2026-09-15T16:23:28.567411+00:00
GOV_DEBT_QUARTERLY_EUROPE,ro:country,2023-Q2,2026-09-15T16:23:28.567411+00:00,49.1,final,2023-04-01,2023-06-30,1,2026-09-15T16:23:28.567411+00:00
GOV_DEBT_QUARTERLY_EUROPE,ro:country,2023-Q3,2026-09-15T16:23:28.567411+00:00,49.9,final,2023-07-01,2023-09-30,1,2026-09-15T16:23:28.567411+00:00
GOV_DEBT_QUARTERLY_EUROPE,ro:country,2023-Q4,2026-09-15T16:23:28.567411+00:00,49.3,final,2023-10-01,2023-12-31,1,2026-09-15T16:23:28.567411+00:00
GOV_DEBT_QUARTERLY_EUROPE,ro:country,2024-Q1,2026-09-15T16:23:28.567411+00:00,52.1,final,2024-01-01,2024-03-31,1,2026-09-15T16:23:28.567411+00:00
GOV_DEBT_QUARTERLY_EUROPE,ro:country,2024-Q2,2026-09-15T16:23:28.567411+00:00,51.5,final,2024-04-01,2024-06-30,1,2026-09-15T16:23:28.567411+00:00
GOV_DEBT_QUARTERLY_EUROPE,ro:country,2024-Q3,2026-09-15T16:23:28.567411+00:00,53.3,final,2024-07-01,2024-09-30,1,2026-09-15T16:23:28.567411+00:00
GOV_DEBT_QUARTERLY_EUROPE,ro:country,2024-Q4,2026-09-15T16:23:28.567411+00:00,54.8,final,2024-10-01,2024-12-31,1,2026-09-15T16:23:28.567411+00:00
GOV_DEBT_QUARTERLY_EUROPE,ro:country,2025-Q1,2026-09-15T16:23:28.567411+00:00,55.8,final,2025-01-01,2025-03-31,1,2026-09-15T16:23:28.567411+00:00
GOV_DEBT_QUARTERLY_EUROPE,ro:country,2025-Q2,2026-09-15T16:23:28.567411+00:00,57.3,final,2025-04-01,2025-06-30,1,2026-09-15T16:23:28.567411+00:00
GOV_DEBT_QUARTERLY_EUROPE,ro:country,2025-Q3,2026-09-15T16:23:28.567411+00:00,58.8,final,2025-07-01,2025-09-30,1,2026-09-15T16:23:28.567411+00:00
GOV_DEBT_QUARTERLY_EUROPE,ro:country,2025-Q4,2026-09-15T16:23:28.567411+00:00,59.3,final,2025-10-01,2025-12-31,1,2026-09-15T16:23:28.567411+00:00
GOV_DEBT_QUARTERLY_EUROPE,ro:country,2026-Q1,2026-09-15T16:23:28.567411+00:00,60.1,provisional,2026-01-01,2026-03-31,1,2026-09-15T16:23:28.567411+00:00
GOV_DEBT_QUARTERLY_EUROPE,se:country,2008-Q1,2026-09-15T16:23:28.567411+00:00,36.9,final,2008-01-01,2008-03-31,1,2026-09-15T16:23:28.567411+00:00
GOV_DEBT_QUARTERLY_EUROPE,se:country,2008-Q2,2026-09-15T16:23:28.567411+00:00,35.1,final,2008-04-01,2008-06-30,1,2026-09-15T16:23:28.567411+00:00
GOV_DEBT_QUARTERLY_EUROPE,se:country,2008-Q3,2026-09-15T16:23:28.567411+00:00,37.2,final,2008-07-01,2008-09-30,1,2026-09-15T16:23:28.567411+00:00
GOV_DEBT_QUARTERLY_EUROPE,se:country,2008-Q4,2026-09-15T16:23:28.567411+00:00,38.0,final,2008-10-01,2008-12-31,1,2026-09-15T16:23:28.567411+00:00
GOV_DEBT_QUARTERLY_EUROPE,se:country,2009-Q1,2026-09-15T16:23:28.567411+00:00,35.5,final,2009-01-01,2009-03-31,1,2026-09-15T16:23:28.567411+00:00
GOV_DEBT_QUARTERLY_EUROPE,se:country,2009-Q2,2026-09-15T16:23:28.567411+00:00,37.7,final,2009-04-01,2009-06-30,1,2026-09-15T16:23:28.567411+00:00
GOV_DEBT_QUARTERLY_EUROPE,se:country,2009-Q3,2026-09-15T16:23:28.567411+00:00,38.9,final,2009-07-01,2009-09-30,1,2026-09-15T16:23:28.567411+00:00
GOV_DEBT_QUARTERLY_EUROPE,se:country,2009-Q4,2026-09-15T16:23:28.567411+00:00,41.3,final,2009-10-01,2009-12-31,1,2026-09-15T16:23:28.567411+00:00
GOV_DEBT_QUARTERLY_EUROPE,se:country,2010-Q1,2026-09-15T16:23:28.567411+00:00,39.3,final,2010-01-01,2010-03-31,1,2026-09-15T16:23:28.567411+00:00
GOV_DEBT_QUARTERLY_EUROPE,se:country,2010-Q2,2026-09-15T16:23:28.567411+00:00,38.6,final,2010-04-01,2010-06-30,1,2026-09-15T16:23:28.567411+00:00
GOV_DEBT_QUARTERLY_EUROPE,se:country,2010-Q3,2026-09-15T16:23:28.567411+00:00,37.7,final,2010-07-01,2010-09-30,1,2026-09-15T16:23:28.567411+00:00
GOV_DEBT_QUARTERLY_EUROPE,se:country,2010-Q4,2026-09-15T16:23:28.567411+00:00,38.7,final,2010-10-01,2010-12-31,1,2026-09-15T16:23:28.567411+00:00
GOV_DEBT_QUARTERLY_EUROPE,se:country,2011-Q1,2026-09-15T16:23:28.567411+00:00,36.3,final,2011-01-01,2011-03-31,1,2026-09-15T16:23:28.567411+00:00
GOV_DEBT_QUARTERLY_EUROPE,se:country,2011-Q2,2026-09-15T16:23:28.567411+00:00,36.5,final,2011-04-01,2011-06-30,1,2026-09-15T16:23:28.567411+00:00
GOV_DEBT_QUARTERLY_EUROPE,se:country,2011-Q3,2026-09-15T16:23:28.567411+00:00,35.8,final,2011-07-01,2011-09-30,1,2026-09-15T16:23:28.567411+00:00
GOV_DEBT_QUARTERLY_EUROPE,se:country,2011-Q4,2026-09-15T16:23:28.567411+00:00,37.8,final,2011-10-01,2011-12-31,1,2026-09-15T16:23:28.567411+00:00
GOV_DEBT_QUARTERLY_EUROPE,se:country,2012-Q1,2026-09-15T16:23:28.567411+00:00,37.0,final,2012-01-01,2012-03-31,1,2026-09-15T16:23:28.567411+00:00
GOV_DEBT_QUARTERLY_EUROPE,se:country,2012-Q2,2026-09-15T16:23:28.567411+00:00,37.3,final,2012-04-01,2012-06-30,1,2026-09-15T16:23:28.567411+00:00
GOV_DEBT_QUARTERLY_EUROPE,se:country,2012-Q3,2026-09-15T16:23:28.567411+00:00,37.4,final,2012-07-01,2012-09-30,1,2026-09-15T16:23:28.567411+00:00
GOV_DEBT_QUARTERLY_EUROPE,se:country,2012-Q4,2026-09-15T16:23:28.567411+00:00,38.1,final,2012-10-01,2012-12-31,1,2026-09-15T16:23:28.567411+00:00
GOV_DEBT_QUARTERLY_EUROPE,se:country,2013-Q1,2026-09-15T16:23:28.567411+00:00,41.1,final,2013-01-01,2013-03-31,1,2026-09-15T16:23:28.567411+00:00
GOV_DEBT_QUARTERLY_EUROPE,se:country,2013-Q2,2026-09-15T16:23:28.567411+00:00,41.6,final,2013-04-01,2013-06-30,1,2026-09-15T16:23:28.567411+00:00
GOV_DEBT_QUARTERLY_EUROPE,se:country,2013-Q3,2026-09-15T16:23:28.567411+00:00,41.6,final,2013-07-01,2013-09-30,1,2026-09-15T16:23:28.567411+00:00
GOV_DEBT_QUARTERLY_EUROPE,se:country,2013-Q4,2026-09-15T16:23:28.567411+00:00,41.2,final,2013-10-01,2013-12-31,1,2026-09-15T16:23:28.567411+00:00
GOV_DEBT_QUARTERLY_EUROPE,se:country,2014-Q1,2026-09-15T16:23:28.567411+00:00,41.5,final,2014-01-01,2014-03-31,1,2026-09-15T16:23:28.567411+00:00
GOV_DEBT_QUARTERLY_EUROPE,se:country,2014-Q2,2026-09-15T16:23:28.567411+00:00,42.4,final,2014-04-01,2014-06-30,1,2026-09-15T16:23:28.567411+00:00
GOV_DEBT_QUARTERLY_EUROPE,se:country,2014-Q3,2026-09-15T16:23:28.567411+00:00,42.9,final,2014-07-01,2014-09-30,1,2026-09-15T16:23:28.567411+00:00
GOV_DEBT_QUARTERLY_EUROPE,se:country,2014-Q4,2026-09-15T16:23:28.567411+00:00,46.1,final,2014-10-01,2014-12-31,1,2026-09-15T16:23:28.567411+00:00
GOV_DEBT_QUARTERLY_EUROPE,se:country,2015-Q1,2026-09-15T16:23:28.567411+00:00,45.7,final,2015-01-01,2015-03-31,1,2026-09-15T16:23:28.567411+00:00
GOV_DEBT_QUARTERLY_EUROPE,se:country,2015-Q2,2026-09-15T16:23:28.567411+00:00,45.3,final,2015-04-01,2015-06-30,1,2026-09-15T16:23:28.567411+00:00
GOV_DEBT_QUARTERLY_EUROPE,se:country,2015-Q3,2026-09-15T16:23:28.567411+00:00,44.6,final,2015-07-01,2015-09-30,1,2026-09-15T16:23:28.567411+00:00
GOV_DEBT_QUARTERLY_EUROPE,se:country,2015-Q4,2026-09-15T16:23:28.567411+00:00,44.8,final,2015-10-01,2015-12-31,1,2026-09-15T16:23:28.567411+00:00
GOV_DEBT_QUARTERLY_EUROPE,se:country,2016-Q1,2026-09-15T16:23:28.567411+00:00,43.1,final,2016-01-01,2016-03-31,1,2026-09-15T16:23:28.567411+00:00
GOV_DEBT_QUARTERLY_EUROPE,se:country,2016-Q2,2026-09-15T16:23:28.567411+00:00,44.0,final,2016-04-01,2016-06-30,1,2026-09-15T16:23:28.567411+00:00
GOV_DEBT_QUARTERLY_EUROPE,se:country,2016-Q3,2026-09-15T16:23:28.567411+00:00,42.6,final,2016-07-01,2016-09-30,1,2026-09-15T16:23:28.567411+00:00
GOV_DEBT_QUARTERLY_EUROPE,se:country,2016-Q4,2026-09-15T16:23:28.567411+00:00,43.2,final,2016-10-01,2016-12-31,1,2026-09-15T16:23:28.567411+00:00
GOV_DEBT_QUARTERLY_EUROPE,se:country,2017-Q1,2026-09-15T16:23:28.567411+00:00,42.4,final,2017-01-01,2017-03-31,1,2026-09-15T16:23:28.567411+00:00
GOV_DEBT_QUARTERLY_EUROPE,se:country,2017-Q2,2026-09-15T16:23:28.567411+00:00,41.9,final,2017-04-01,2017-06-30,1,2026-09-15T16:23:28.567411+00:00
GOV_DEBT_QUARTERLY_EUROPE,se:country,2017-Q3,2026-09-15T16:23:28.567411+00:00,40.4,final,2017-07-01,2017-09-30,1,2026-09-15T16:23:28.567411+00:00
GOV_DEBT_QUARTERLY_EUROPE,se:country,2017-Q4,2026-09-15T16:23:28.567411+00:00,41.9,final,2017-10-01,2017-12-31,1,2026-09-15T16:23:28.567411+00:00
GOV_DEBT_QUARTERLY_EUROPE,se:country,2018-Q1,2026-09-15T16:23:28.567411+00:00,39.9,final,2018-01-01,2018-03-31,1,2026-09-15T16:23:28.567411+00:00
GOV_DEBT_QUARTERLY_EUROPE,se:country,2018-Q2,2026-09-15T16:23:28.567411+00:00,40.0,final,2018-04-01,2018-06-30,1,2026-09-15T16:23:28.567411+00:00
GOV_DEBT_QUARTERLY_EUROPE,se:country,2018-Q3,2026-09-15T16:23:28.567411+00:00,39.7,final,2018-07-01,2018-09-30,1,2026-09-15T16:23:28.567411+00:00
GOV_DEBT_QUARTERLY_EUROPE,se:country,2018-Q4,2026-09-15T16:23:28.567411+00:00,40.2,final,2018-10-01,2018-12-31,1,2026-09-15T16:23:28.567411+00:00
GOV_DEBT_QUARTERLY_EUROPE,se:country,2019-Q1,2026-09-15T16:23:28.567411+00:00,37.9,final,2019-01-01,2019-03-31,1,2026-09-15T16:23:28.567411+00:00
GOV_DEBT_QUARTERLY_EUROPE,se:country,2019-Q2,2026-09-15T16:23:28.567411+00:00,36.9,final,2019-04-01,2019-06-30,1,2026-09-15T16:23:28.567411+00:00
GOV_DEBT_QUARTERLY_EUROPE,se:country,2019-Q3,2026-09-15T16:23:28.567411+00:00,36.3,final,2019-07-01,2019-09-30,1,2026-09-15T16:23:28.567411+00:00
GOV_DEBT_QUARTERLY_EUROPE,se:country,2019-Q4,2026-09-15T16:23:28.567411+00:00,36.0,final,2019-10-01,2019-12-31,1,2026-09-15T16:23:28.567411+00:00
GOV_DEBT_QUARTERLY_EUROPE,se:country,2020-Q1,2026-09-15T16:23:28.567411+00:00,36.7,final,2020-01-01,2020-03-31,1,2026-09-15T16:23:28.567411+00:00
GOV_DEBT_QUARTERLY_EUROPE,se:country,2020-Q2,2026-09-15T16:23:28.567411+00:00,37.8,final,2020-04-01,2020-06-30,1,2026-09-15T16:23:28.567411+00:00
GOV_DEBT_QUARTERLY_EUROPE,se:country,2020-Q3,2026-09-15T16:23:28.567411+00:00,39.0,final,2020-07-01,2020-09-30,1,2026-09-15T16:23:28.567411+00:00
GOV_DEBT_QUARTERLY_EUROPE,se:country,2020-Q4,2026-09-15T16:23:28.567411+00:00,40.5,final,2020-10-01,2020-12-31,1,2026-09-15T16:23:28.567411+00:00
GOV_DEBT_QUARTERLY_EUROPE,se:country,2021-Q1,2026-09-15T16:23:28.567411+00:00,40.5,final,2021-01-01,2021-03-31,1,2026-09-15T16:23:28.567411+00:00
GOV_DEBT_QUARTERLY_EUROPE,se:country,2021-Q2,2026-09-15T16:23:28.567411+00:00,38.7,final,2021-04-01,2021-06-30,1,2026-09-15T16:23:28.567411+00:00
GOV_DEBT_QUARTERLY_EUROPE,se:country,2021-Q3,2026-09-15T16:23:28.567411+00:00,37.1,final,2021-07-01,2021-09-30,1,2026-09-15T16:23:28.567411+00:00
GOV_DEBT_QUARTERLY_EUROPE,se:country,2021-Q4,2026-09-15T16:23:28.567411+00:00,37.2,final,2021-10-01,2021-12-31,1,2026-09-15T16:23:28.567411+00:00
GOV_DEBT_QUARTERLY_EUROPE,se:country,2022-Q1,2026-09-15T16:23:28.567411+00:00,36.1,final,2022-01-01,2022-03-31,1,2026-09-15T16:23:28.567411+00:00
GOV_DEBT_QUARTERLY_EUROPE,se:country,2022-Q2,2026-09-15T16:23:28.567411+00:00,34.9,final,2022-04-01,2022-06-30,1,2026-09-15T16:23:28.567411+00:00
GOV_DEBT_QUARTERLY_EUROPE,se:country,2022-Q3,2026-09-15T16:23:28.567411+00:00,35.2,final,2022-07-01,2022-09-30,1,2026-09-15T16:23:28.567411+00:00
GOV_DEBT_QUARTERLY_EUROPE,se:country,2022-Q4,2026-09-15T16:23:28.567411+00:00,34.4,final,2022-10-01,2022-12-31,1,2026-09-15T16:23:28.567411+00:00
GOV_DEBT_QUARTERLY_EUROPE,se:country,2023-Q1,2026-09-15T16:23:28.567411+00:00,33.2,final,2023-01-01,2023-03-31,1,2026-09-15T16:23:28.567411+00:00
GOV_DEBT_QUARTERLY_EUROPE,se:country,2023-Q2,2026-09-15T16:23:28.567411+00:00,32.0,final,2023-04-01,2023-06-30,1,2026-09-15T16:23:28.567411+00:00
GOV_DEBT_QUARTERLY_EUROPE,se:country,2023-Q3,2026-09-15T16:23:28.567411+00:00,31.0,final,2023-07-01,2023-09-30,1,2026-09-15T16:23:28.567411+00:00
GOV_DEBT_QUARTERLY_EUROPE,se:country,2023-Q4,2026-09-15T16:23:28.567411+00:00,32.2,final,2023-10-01,2023-12-31,1,2026-09-15T16:23:28.567411+00:00
GOV_DEBT_QUARTERLY_EUROPE,se:country,2024-Q1,2026-09-15T16:23:28.567411+00:00,31.7,final,2024-01-01,2024-03-31,1,2026-09-15T16:23:28.567411+00:00
GOV_DEBT_QUARTERLY_EUROPE,se:country,2024-Q2,2026-09-15T16:23:28.567411+00:00,32.3,final,2024-04-01,2024-06-30,1,2026-09-15T16:23:28.567411+00:00
GOV_DEBT_QUARTERLY_EUROPE,se:country,2024-Q3,2026-09-15T16:23:28.567411+00:00,32.4,final,2024-07-01,2024-09-30,1,2026-09-15T16:23:28.567411+00:00
GOV_DEBT_QUARTERLY_EUROPE,se:country,2024-Q4,2026-09-15T16:23:28.567411+00:00,33.9,final,2024-10-01,2024-12-31,1,2026-09-15T16:23:28.567411+00:00
GOV_DEBT_QUARTERLY_EUROPE,se:country,2025-Q1,2026-09-15T16:23:28.567411+00:00,33.5,final,2025-01-01,2025-03-31,1,2026-09-15T16:23:28.567411+00:00
GOV_DEBT_QUARTERLY_EUROPE,se:country,2025-Q2,2026-09-15T16:23:28.567411+00:00,33.6,final,2025-04-01,2025-06-30,1,2026-09-15T16:23:28.567411+00:00
GOV_DEBT_QUARTERLY_EUROPE,se:country,2025-Q3,2026-09-15T16:23:28.567411+00:00,33.1,final,2025-07-01,2025-09-30,1,2026-09-15T16:23:28.567411+00:00
GOV_DEBT_QUARTERLY_EUROPE,se:country,2025-Q4,2026-09-15T16:23:28.567411+00:00,35.1,final,2025-10-01,2025-12-31,1,2026-09-15T16:23:28.567411+00:00
GOV_DEBT_QUARTERLY_EUROPE,se:country,2026-Q1,2026-09-15T16:23:28.567411+00:00,34.9,provisional,2026-01-01,2026-03-31,1,2026-09-15T16:23:28.567411+00:00
GOV_DEBT_QUARTERLY_EUROPE,si:country,2008-Q1,2026-09-15T16:23:28.567411+00:00,24.3,final,2008-01-01,2008-03-31,1,2026-09-15T16:23:28.567411+00:00
GOV_DEBT_QUARTERLY_EUROPE,si:country,2008-Q2,2026-09-15T16:23:28.567411+00:00,22.2,final,2008-04-01,2008-06-30,1,2026-09-15T16:23:28.567411+00:00
GOV_DEBT_QUARTERLY_EUROPE,si:country,2008-Q3,2026-09-15T16:23:28.567411+00:00,21.9,final,2008-07-01,2008-09-30,1,2026-09-15T16:23:28.567411+00:00
GOV_DEBT_QUARTERLY_EUROPE,si:country,2008-Q4,2026-09-15T16:23:28.567411+00:00,21.9,final,2008-10-01,2008-12-31,1,2026-09-15T16:23:28.567411+00:00
GOV_DEBT_QUARTERLY_EUROPE,si:country,2009-Q1,2026-09-15T16:23:28.567411+00:00,25.2,final,2009-01-01,2009-03-31,1,2026-09-15T16:23:28.567411+00:00
GOV_DEBT_QUARTERLY_EUROPE,si:country,2009-Q2,2026-09-15T16:23:28.567411+00:00,30.0,final,2009-04-01,2009-06-30,1,2026-09-15T16:23:28.567411+00:00
GOV_DEBT_QUARTERLY_EUROPE,si:country,2009-Q3,2026-09-15T16:23:28.567411+00:00,34.7,final,2009-07-01,2009-09-30,1,2026-09-15T16:23:28.567411+00:00
GOV_DEBT_QUARTERLY_EUROPE,si:country,2009-Q4,2026-09-15T16:23:28.567411+00:00,34.9,final,2009-10-01,2009-12-31,1,2026-09-15T16:23:28.567411+00:00
GOV_DEBT_QUARTERLY_EUROPE,si:country,2010-Q1,2026-09-15T16:23:28.567411+00:00,37.9,final,2010-01-01,2010-03-31,1,2026-09-15T16:23:28.567411+00:00
GOV_DEBT_QUARTERLY_EUROPE,si:country,2010-Q2,2026-09-15T16:23:28.567411+00:00,37.8,final,2010-04-01,2010-06-30,1,2026-09-15T16:23:28.567411+00:00
GOV_DEBT_QUARTERLY_EUROPE,si:country,2010-Q3,2026-09-15T16:23:28.567411+00:00,38.2,final,2010-07-01,2010-09-30,1,2026-09-15T16:23:28.567411+00:00
GOV_DEBT_QUARTERLY_EUROPE,si:country,2010-Q4,2026-09-15T16:23:28.567411+00:00,38.6,final,2010-10-01,2010-12-31,1,2026-09-15T16:23:28.567411+00:00
GOV_DEBT_QUARTERLY_EUROPE,si:country,2011-Q1,2026-09-15T16:23:28.567411+00:00,45.9,final,2011-01-01,2011-03-31,1,2026-09-15T16:23:28.567411+00:00
GOV_DEBT_QUARTERLY_EUROPE,si:country,2011-Q2,2026-09-15T16:23:28.567411+00:00,44.3,final,2011-04-01,2011-06-30,1,2026-09-15T16:23:28.567411+00:00
GOV_DEBT_QUARTERLY_EUROPE,si:country,2011-Q3,2026-09-15T16:23:28.567411+00:00,44.2,final,2011-07-01,2011-09-30,1,2026-09-15T16:23:28.567411+00:00
GOV_DEBT_QUARTERLY_EUROPE,si:country,2011-Q4,2026-09-15T16:23:28.567411+00:00,46.8,final,2011-10-01,2011-12-31,1,2026-09-15T16:23:28.567411+00:00
GOV_DEBT_QUARTERLY_EUROPE,si:country,2012-Q1,2026-09-15T16:23:28.567411+00:00,47.0,final,2012-01-01,2012-03-31,1,2026-09-15T16:23:28.567411+00:00
GOV_DEBT_QUARTERLY_EUROPE,si:country,2012-Q2,2026-09-15T16:23:28.567411+00:00,48.2,final,2012-04-01,2012-06-30,1,2026-09-15T16:23:28.567411+00:00
GOV_DEBT_QUARTERLY_EUROPE,si:country,2012-Q3,2026-09-15T16:23:28.567411+00:00,48.3,final,2012-07-01,2012-09-30,1,2026-09-15T16:23:28.567411+00:00
GOV_DEBT_QUARTERLY_EUROPE,si:country,2012-Q4,2026-09-15T16:23:28.567411+00:00,54.1,final,2012-10-01,2012-12-31,1,2026-09-15T16:23:28.567411+00:00
GOV_DEBT_QUARTERLY_EUROPE,si:country,2013-Q1,2026-09-15T16:23:28.567411+00:00,54.3,final,2013-01-01,2013-03-31,1,2026-09-15T16:23:28.567411+00:00
GOV_DEBT_QUARTERLY_EUROPE,si:country,2013-Q2,2026-09-15T16:23:28.567411+00:00,61.9,final,2013-04-01,2013-06-30,1,2026-09-15T16:23:28.567411+00:00
GOV_DEBT_QUARTERLY_EUROPE,si:country,2013-Q3,2026-09-15T16:23:28.567411+00:00,61.9,final,2013-07-01,2013-09-30,1,2026-09-15T16:23:28.567411+00:00
GOV_DEBT_QUARTERLY_EUROPE,si:country,2013-Q4,2026-09-15T16:23:28.567411+00:00,70.8,final,2013-10-01,2013-12-31,1,2026-09-15T16:23:28.567411+00:00
GOV_DEBT_QUARTERLY_EUROPE,si:country,2014-Q1,2026-09-15T16:23:28.567411+00:00,77.6,final,2014-01-01,2014-03-31,1,2026-09-15T16:23:28.567411+00:00
GOV_DEBT_QUARTERLY_EUROPE,si:country,2014-Q2,2026-09-15T16:23:28.567411+00:00,78.6,final,2014-04-01,2014-06-30,1,2026-09-15T16:23:28.567411+00:00
GOV_DEBT_QUARTERLY_EUROPE,si:country,2014-Q3,2026-09-15T16:23:28.567411+00:00,78.1,final,2014-07-01,2014-09-30,1,2026-09-15T16:23:28.567411+00:00
GOV_DEBT_QUARTERLY_EUROPE,si:country,2014-Q4,2026-09-15T16:23:28.567411+00:00,81.1,final,2014-10-01,2014-12-31,1,2026-09-15T16:23:28.567411+00:00
GOV_DEBT_QUARTERLY_EUROPE,si:country,2015-Q1,2026-09-15T16:23:28.567411+00:00,82.2,final,2015-01-01,2015-03-31,1,2026-09-15T16:23:28.567411+00:00
GOV_DEBT_QUARTERLY_EUROPE,si:country,2015-Q2,2026-09-15T16:23:28.567411+00:00,81.3,final,2015-04-01,2015-06-30,1,2026-09-15T16:23:28.567411+00:00
GOV_DEBT_QUARTERLY_EUROPE,si:country,2015-Q3,2026-09-15T16:23:28.567411+00:00,84.7,final,2015-07-01,2015-09-30,1,2026-09-15T16:23:28.567411+00:00
GOV_DEBT_QUARTERLY_EUROPE,si:country,2015-Q4,2026-09-15T16:23:28.567411+00:00,83.4,final,2015-10-01,2015-12-31,1,2026-09-15T16:23:28.567411+00:00
GOV_DEBT_QUARTERLY_EUROPE,si:country,2016-Q1,2026-09-15T16:23:28.567411+00:00,83.8,final,2016-01-01,2016-03-31,1,2026-09-15T16:23:28.567411+00:00
GOV_DEBT_QUARTERLY_EUROPE,si:country,2016-Q2,2026-09-15T16:23:28.567411+00:00,82.5,final,2016-04-01,2016-06-30,1,2026-09-15T16:23:28.567411+00:00
GOV_DEBT_QUARTERLY_EUROPE,si:country,2016-Q3,2026-09-15T16:23:28.567411+00:00,82.5,final,2016-07-01,2016-09-30,1,2026-09-15T16:23:28.567411+00:00
GOV_DEBT_QUARTERLY_EUROPE,si:country,2016-Q4,2026-09-15T16:23:28.567411+00:00,79.4,final,2016-10-01,2016-12-31,1,2026-09-15T16:23:28.567411+00:00
GOV_DEBT_QUARTERLY_EUROPE,si:country,2017-Q1,2026-09-15T16:23:28.567411+00:00,81.4,final,2017-01-01,2017-03-31,1,2026-09-15T16:23:28.567411+00:00
GOV_DEBT_QUARTERLY_EUROPE,si:country,2017-Q2,2026-09-15T16:23:28.567411+00:00,81.1,final,2017-04-01,2017-06-30,1,2026-09-15T16:23:28.567411+00:00
GOV_DEBT_QUARTERLY_EUROPE,si:country,2017-Q3,2026-09-15T16:23:28.567411+00:00,79.9,final,2017-07-01,2017-09-30,1,2026-09-15T16:23:28.567411+00:00
GOV_DEBT_QUARTERLY_EUROPE,si:country,2017-Q4,2026-09-15T16:23:28.567411+00:00,74.9,final,2017-10-01,2017-12-31,1,2026-09-15T16:23:28.567411+00:00
GOV_DEBT_QUARTERLY_EUROPE,si:country,2018-Q1,2026-09-15T16:23:28.567411+00:00,76.4,final,2018-01-01,2018-03-31,1,2026-09-15T16:23:28.567411+00:00
GOV_DEBT_QUARTERLY_EUROPE,si:country,2018-Q2,2026-09-15T16:23:28.567411+00:00,73.7,final,2018-04-01,2018-06-30,1,2026-09-15T16:23:28.567411+00:00
GOV_DEBT_QUARTERLY_EUROPE,si:country,2018-Q3,2026-09-15T16:23:28.567411+00:00,72.1,final,2018-07-01,2018-09-30,1,2026-09-15T16:23:28.567411+00:00
GOV_DEBT_QUARTERLY_EUROPE,si:country,2018-Q4,2026-09-15T16:23:28.567411+00:00,71.0,final,2018-10-01,2018-12-31,1,2026-09-15T16:23:28.567411+00:00
GOV_DEBT_QUARTERLY_EUROPE,si:country,2019-Q1,2026-09-15T16:23:28.567411+00:00,68.5,final,2019-01-01,2019-03-31,1,2026-09-15T16:23:28.567411+00:00
GOV_DEBT_QUARTERLY_EUROPE,si:country,2019-Q2,2026-09-15T16:23:28.567411+00:00,68.1,final,2019-04-01,2019-06-30,1,2026-09-15T16:23:28.567411+00:00
GOV_DEBT_QUARTERLY_EUROPE,si:country,2019-Q3,2026-09-15T16:23:28.567411+00:00,68.3,final,2019-07-01,2019-09-30,1,2026-09-15T16:23:28.567411+00:00
GOV_DEBT_QUARTERLY_EUROPE,si:country,2019-Q4,2026-09-15T16:23:28.567411+00:00,66.0,final,2019-10-01,2019-12-31,1,2026-09-15T16:23:28.567411+00:00
GOV_DEBT_QUARTERLY_EUROPE,si:country,2020-Q1,2026-09-15T16:23:28.567411+00:00,69.2,final,2020-01-01,2020-03-31,1,2026-09-15T16:23:28.567411+00:00
GOV_DEBT_QUARTERLY_EUROPE,si:country,2020-Q2,2026-09-15T16:23:28.567411+00:00,78.3,final,2020-04-01,2020-06-30,1,2026-09-15T16:23:28.567411+00:00
GOV_DEBT_QUARTERLY_EUROPE,si:country,2020-Q3,2026-09-15T16:23:28.567411+00:00,78.3,final,2020-07-01,2020-09-30,1,2026-09-15T16:23:28.567411+00:00
GOV_DEBT_QUARTERLY_EUROPE,si:country,2020-Q4,2026-09-15T16:23:28.567411+00:00,80.2,final,2020-10-01,2020-12-31,1,2026-09-15T16:23:28.567411+00:00
GOV_DEBT_QUARTERLY_EUROPE,si:country,2021-Q1,2026-09-15T16:23:28.567411+00:00,85.5,final,2021-01-01,2021-03-31,1,2026-09-15T16:23:28.567411+00:00
GOV_DEBT_QUARTERLY_EUROPE,si:country,2021-Q2,2026-09-15T16:23:28.567411+00:00,80.4,final,2021-04-01,2021-06-30,1,2026-09-15T16:23:28.567411+00:00
GOV_DEBT_QUARTERLY_EUROPE,si:country,2021-Q3,2026-09-15T16:23:28.567411+00:00,79.7,final,2021-07-01,2021-09-30,1,2026-09-15T16:23:28.567411+00:00
GOV_DEBT_QUARTERLY_EUROPE,si:country,2021-Q4,2026-09-15T16:23:28.567411+00:00,74.8,final,2021-10-01,2021-12-31,1,2026-09-15T16:23:28.567411+00:00
GOV_DEBT_QUARTERLY_EUROPE,si:country,2022-Q1,2026-09-15T16:23:28.567411+00:00,75.9,final,2022-01-01,2022-03-31,1,2026-09-15T16:23:28.567411+00:00
GOV_DEBT_QUARTERLY_EUROPE,si:country,2022-Q2,2026-09-15T16:23:28.567411+00:00,75.6,final,2022-04-01,2022-06-30,1,2026-09-15T16:23:28.567411+00:00
GOV_DEBT_QUARTERLY_EUROPE,si:country,2022-Q3,2026-09-15T16:23:28.567411+00:00,75.1,final,2022-07-01,2022-09-30,1,2026-09-15T16:23:28.567411+00:00
GOV_DEBT_QUARTERLY_EUROPE,si:country,2022-Q4,2026-09-15T16:23:28.567411+00:00,72.8,final,2022-10-01,2022-12-31,1,2026-09-15T16:23:28.567411+00:00
GOV_DEBT_QUARTERLY_EUROPE,si:country,2023-Q1,2026-09-15T16:23:28.567411+00:00,72.0,final,2023-01-01,2023-03-31,1,2026-09-15T16:23:28.567411+00:00
GOV_DEBT_QUARTERLY_EUROPE,si:country,2023-Q2,2026-09-15T16:23:28.567411+00:00,70.1,final,2023-04-01,2023-06-30,1,2026-09-15T16:23:28.567411+00:00
GOV_DEBT_QUARTERLY_EUROPE,si:country,2023-Q3,2026-09-15T16:23:28.567411+00:00,71.0,final,2023-07-01,2023-09-30,1,2026-09-15T16:23:28.567411+00:00
GOV_DEBT_QUARTERLY_EUROPE,si:country,2023-Q4,2026-09-15T16:23:28.567411+00:00,68.3,final,2023-10-01,2023-12-31,1,2026-09-15T16:23:28.567411+00:00
GOV_DEBT_QUARTERLY_EUROPE,si:country,2024-Q1,2026-09-15T16:23:28.567411+00:00,69.7,final,2024-01-01,2024-03-31,1,2026-09-15T16:23:28.567411+00:00
GOV_DEBT_QUARTERLY_EUROPE,si:country,2024-Q2,2026-09-15T16:23:28.567411+00:00,68.9,final,2024-04-01,2024-06-30,1,2026-09-15T16:23:28.567411+00:00
GOV_DEBT_QUARTERLY_EUROPE,si:country,2024-Q3,2026-09-15T16:23:28.567411+00:00,66.1,final,2024-07-01,2024-09-30,1,2026-09-15T16:23:28.567411+00:00
GOV_DEBT_QUARTERLY_EUROPE,si:country,2024-Q4,2026-09-15T16:23:28.567411+00:00,66.4,final,2024-10-01,2024-12-31,1,2026-09-15T16:23:28.567411+00:00
GOV_DEBT_QUARTERLY_EUROPE,si:country,2025-Q1,2026-09-15T16:23:28.567411+00:00,69.6,final,2025-01-01,2025-03-31,1,2026-09-15T16:23:28.567411+00:00
GOV_DEBT_QUARTERLY_EUROPE,si:country,2025-Q2,2026-09-15T16:23:28.567411+00:00,69.5,final,2025-04-01,2025-06-30,1,2026-09-15T16:23:28.567411+00:00
GOV_DEBT_QUARTERLY_EUROPE,si:country,2025-Q3,2026-09-15T16:23:28.567411+00:00,67.7,final,2025-07-01,2025-09-30,1,2026-09-15T16:23:28.567411+00:00
GOV_DEBT_QUARTERLY_EUROPE,si:country,2025-Q4,2026-09-15T16:23:28.567411+00:00,65.7,final,2025-10-01,2025-12-31,1,2026-09-15T16:23:28.567411+00:00
GOV_DEBT_QUARTERLY_EUROPE,si:country,2026-Q1,2026-09-15T16:23:28.567411+00:00,64.8,provisional,2026-01-01,2026-03-31,1,2026-09-15T16:23:28.567411+00:00
GOV_DEBT_QUARTERLY_EUROPE,sk:country,2008-Q1,2026-09-15T16:23:28.567411+00:00,27.4,final,2008-01-01,2008-03-31,1,2026-09-15T16:23:28.567411+00:00
GOV_DEBT_QUARTERLY_EUROPE,sk:country,2008-Q2,2026-09-15T16:23:28.567411+00:00,26.6,final,2008-04-01,2008-06-30,1,2026-09-15T16:23:28.567411+00:00
GOV_DEBT_QUARTERLY_EUROPE,sk:country,2008-Q3,2026-09-15T16:23:28.567411+00:00,26.9,final,2008-07-01,2008-09-30,1,2026-09-15T16:23:28.567411+00:00
GOV_DEBT_QUARTERLY_EUROPE,sk:country,2008-Q4,2026-09-15T16:23:28.567411+00:00,28.6,final,2008-10-01,2008-12-31,1,2026-09-15T16:23:28.567411+00:00
GOV_DEBT_QUARTERLY_EUROPE,sk:country,2009-Q1,2026-09-15T16:23:28.567411+00:00,29.6,final,2009-01-01,2009-03-31,1,2026-09-15T16:23:28.567411+00:00
GOV_DEBT_QUARTERLY_EUROPE,sk:country,2009-Q2,2026-09-15T16:23:28.567411+00:00,33.4,final,2009-04-01,2009-06-30,1,2026-09-15T16:23:28.567411+00:00
GOV_DEBT_QUARTERLY_EUROPE,sk:country,2009-Q3,2026-09-15T16:23:28.567411+00:00,35.8,final,2009-07-01,2009-09-30,1,2026-09-15T16:23:28.567411+00:00
GOV_DEBT_QUARTERLY_EUROPE,sk:country,2009-Q4,2026-09-15T16:23:28.567411+00:00,36.4,final,2009-10-01,2009-12-31,1,2026-09-15T16:23:28.567411+00:00
GOV_DEBT_QUARTERLY_EUROPE,sk:country,2010-Q1,2026-09-15T16:23:28.567411+00:00,36.8,final,2010-01-01,2010-03-31,1,2026-09-15T16:23:28.567411+00:00
GOV_DEBT_QUARTERLY_EUROPE,sk:country,2010-Q2,2026-09-15T16:23:28.567411+00:00,39.5,final,2010-04-01,2010-06-30,1,2026-09-15T16:23:28.567411+00:00
GOV_DEBT_QUARTERLY_EUROPE,sk:country,2010-Q3,2026-09-15T16:23:28.567411+00:00,38.5,final,2010-07-01,2010-09-30,1,2026-09-15T16:23:28.567411+00:00
GOV_DEBT_QUARTERLY_EUROPE,sk:country,2010-Q4,2026-09-15T16:23:28.567411+00:00,40.7,final,2010-10-01,2010-12-31,1,2026-09-15T16:23:28.567411+00:00
GOV_DEBT_QUARTERLY_EUROPE,sk:country,2011-Q1,2026-09-15T16:23:28.567411+00:00,42.5,final,2011-01-01,2011-03-31,1,2026-09-15T16:23:28.567411+00:00
GOV_DEBT_QUARTERLY_EUROPE,sk:country,2011-Q2,2026-09-15T16:23:28.567411+00:00,42.9,final,2011-04-01,2011-06-30,1,2026-09-15T16:23:28.567411+00:00
GOV_DEBT_QUARTERLY_EUROPE,sk:country,2011-Q3,2026-09-15T16:23:28.567411+00:00,42.4,final,2011-07-01,2011-09-30,1,2026-09-15T16:23:28.567411+00:00
GOV_DEBT_QUARTERLY_EUROPE,sk:country,2011-Q4,2026-09-15T16:23:28.567411+00:00,43.3,final,2011-10-01,2011-12-31,1,2026-09-15T16:23:28.567411+00:00
GOV_DEBT_QUARTERLY_EUROPE,sk:country,2012-Q1,2026-09-15T16:23:28.567411+00:00,46.3,final,2012-01-01,2012-03-31,1,2026-09-15T16:23:28.567411+00:00
GOV_DEBT_QUARTERLY_EUROPE,sk:country,2012-Q2,2026-09-15T16:23:28.567411+00:00,50.0,final,2012-04-01,2012-06-30,1,2026-09-15T16:23:28.567411+00:00
GOV_DEBT_QUARTERLY_EUROPE,sk:country,2012-Q3,2026-09-15T16:23:28.567411+00:00,51.1,final,2012-07-01,2012-09-30,1,2026-09-15T16:23:28.567411+00:00
GOV_DEBT_QUARTERLY_EUROPE,sk:country,2012-Q4,2026-09-15T16:23:28.567411+00:00,51.7,final,2012-10-01,2012-12-31,1,2026-09-15T16:23:28.567411+00:00
GOV_DEBT_QUARTERLY_EUROPE,sk:country,2013-Q1,2026-09-15T16:23:28.567411+00:00,54.4,final,2013-01-01,2013-03-31,1,2026-09-15T16:23:28.567411+00:00
GOV_DEBT_QUARTERLY_EUROPE,sk:country,2013-Q2,2026-09-15T16:23:28.567411+00:00,57.2,final,2013-04-01,2013-06-30,1,2026-09-15T16:23:28.567411+00:00
GOV_DEBT_QUARTERLY_EUROPE,sk:country,2013-Q3,2026-09-15T16:23:28.567411+00:00,56.3,final,2013-07-01,2013-09-30,1,2026-09-15T16:23:28.567411+00:00
GOV_DEBT_QUARTERLY_EUROPE,sk:country,2013-Q4,2026-09-15T16:23:28.567411+00:00,54.6,final,2013-10-01,2013-12-31,1,2026-09-15T16:23:28.567411+00:00
GOV_DEBT_QUARTERLY_EUROPE,sk:country,2014-Q1,2026-09-15T16:23:28.567411+00:00,57.5,final,2014-01-01,2014-03-31,1,2026-09-15T16:23:28.567411+00:00
GOV_DEBT_QUARTERLY_EUROPE,sk:country,2014-Q2,2026-09-15T16:23:28.567411+00:00,55.6,final,2014-04-01,2014-06-30,1,2026-09-15T16:23:28.567411+00:00
GOV_DEBT_QUARTERLY_EUROPE,sk:country,2014-Q3,2026-09-15T16:23:28.567411+00:00,55.3,final,2014-07-01,2014-09-30,1,2026-09-15T16:23:28.567411+00:00
GOV_DEBT_QUARTERLY_EUROPE,sk:country,2014-Q4,2026-09-15T16:23:28.567411+00:00,53.4,final,2014-10-01,2014-12-31,1,2026-09-15T16:23:28.567411+00:00
GOV_DEBT_QUARTERLY_EUROPE,sk:country,2015-Q1,2026-09-15T16:23:28.567411+00:00,53.7,final,2015-01-01,2015-03-31,1,2026-09-15T16:23:28.567411+00:00
GOV_DEBT_QUARTERLY_EUROPE,sk:country,2015-Q2,2026-09-15T16:23:28.567411+00:00,53.8,final,2015-04-01,2015-06-30,1,2026-09-15T16:23:28.567411+00:00
GOV_DEBT_QUARTERLY_EUROPE,sk:country,2015-Q3,2026-09-15T16:23:28.567411+00:00,52.8,final,2015-07-01,2015-09-30,1,2026-09-15T16:23:28.567411+00:00
GOV_DEBT_QUARTERLY_EUROPE,sk:country,2015-Q4,2026-09-15T16:23:28.567411+00:00,51.6,final,2015-10-01,2015-12-31,1,2026-09-15T16:23:28.567411+00:00
GOV_DEBT_QUARTERLY_EUROPE,sk:country,2016-Q1,2026-09-15T16:23:28.567411+00:00,51.3,final,2016-01-01,2016-03-31,1,2026-09-15T16:23:28.567411+00:00
GOV_DEBT_QUARTERLY_EUROPE,sk:country,2016-Q2,2026-09-15T16:23:28.567411+00:00,52.6,final,2016-04-01,2016-06-30,1,2026-09-15T16:23:28.567411+00:00
GOV_DEBT_QUARTERLY_EUROPE,sk:country,2016-Q3,2026-09-15T16:23:28.567411+00:00,52.7,final,2016-07-01,2016-09-30,1,2026-09-15T16:23:28.567411+00:00
GOV_DEBT_QUARTERLY_EUROPE,sk:country,2016-Q4,2026-09-15T16:23:28.567411+00:00,52.1,final,2016-10-01,2016-12-31,1,2026-09-15T16:23:28.567411+00:00
GOV_DEBT_QUARTERLY_EUROPE,sk:country,2017-Q1,2026-09-15T16:23:28.567411+00:00,53.7,final,2017-01-01,2017-03-31,1,2026-09-15T16:23:28.567411+00:00
GOV_DEBT_QUARTERLY_EUROPE,sk:country,2017-Q2,2026-09-15T16:23:28.567411+00:00,52.1,final,2017-04-01,2017-06-30,1,2026-09-15T16:23:28.567411+00:00
GOV_DEBT_QUARTERLY_EUROPE,sk:country,2017-Q3,2026-09-15T16:23:28.567411+00:00,51.7,final,2017-07-01,2017-09-30,1,2026-09-15T16:23:28.567411+00:00
GOV_DEBT_QUARTERLY_EUROPE,sk:country,2017-Q4,2026-09-15T16:23:28.567411+00:00,51.4,final,2017-10-01,2017-12-31,1,2026-09-15T16:23:28.567411+00:00
GOV_DEBT_QUARTERLY_EUROPE,sk:country,2018-Q1,2026-09-15T16:23:28.567411+00:00,51.3,final,2018-01-01,2018-03-31,1,2026-09-15T16:23:28.567411+00:00
GOV_DEBT_QUARTERLY_EUROPE,sk:country,2018-Q2,2026-09-15T16:23:28.567411+00:00,52.3,final,2018-04-01,2018-06-30,1,2026-09-15T16:23:28.567411+00:00
GOV_DEBT_QUARTERLY_EUROPE,sk:country,2018-Q3,2026-09-15T16:23:28.567411+00:00,51.9,final,2018-07-01,2018-09-30,1,2026-09-15T16:23:28.567411+00:00
GOV_DEBT_QUARTERLY_EUROPE,sk:country,2018-Q4,2026-09-15T16:23:28.567411+00:00,49.3,final,2018-10-01,2018-12-31,1,2026-09-15T16:23:28.567411+00:00
GOV_DEBT_QUARTERLY_EUROPE,sk:country,2019-Q1,2026-09-15T16:23:28.567411+00:00,49.2,final,2019-01-01,2019-03-31,1,2026-09-15T16:23:28.567411+00:00
GOV_DEBT_QUARTERLY_EUROPE,sk:country,2019-Q2,2026-09-15T16:23:28.567411+00:00,48.6,final,2019-04-01,2019-06-30,1,2026-09-15T16:23:28.567411+00:00
GOV_DEBT_QUARTERLY_EUROPE,sk:country,2019-Q3,2026-09-15T16:23:28.567411+00:00,48.4,final,2019-07-01,2019-09-30,1,2026-09-15T16:23:28.567411+00:00
GOV_DEBT_QUARTERLY_EUROPE,sk:country,2019-Q4,2026-09-15T16:23:28.567411+00:00,48.0,final,2019-10-01,2019-12-31,1,2026-09-15T16:23:28.567411+00:00
GOV_DEBT_QUARTERLY_EUROPE,sk:country,2020-Q1,2026-09-15T16:23:28.567411+00:00,49.0,final,2020-01-01,2020-03-31,1,2026-09-15T16:23:28.567411+00:00
GOV_DEBT_QUARTERLY_EUROPE,sk:country,2020-Q2,2026-09-15T16:23:28.567411+00:00,58.9,final,2020-04-01,2020-06-30,1,2026-09-15T16:23:28.567411+00:00
GOV_DEBT_QUARTERLY_EUROPE,sk:country,2020-Q3,2026-09-15T16:23:28.567411+00:00,58.9,final,2020-07-01,2020-09-30,1,2026-09-15T16:23:28.567411+00:00
GOV_DEBT_QUARTERLY_EUROPE,sk:country,2020-Q4,2026-09-15T16:23:28.567411+00:00,58.4,final,2020-10-01,2020-12-31,1,2026-09-15T16:23:28.567411+00:00
GOV_DEBT_QUARTERLY_EUROPE,sk:country,2021-Q1,2026-09-15T16:23:28.567411+00:00,58.2,final,2021-01-01,2021-03-31,1,2026-09-15T16:23:28.567411+00:00
GOV_DEBT_QUARTERLY_EUROPE,sk:country,2021-Q2,2026-09-15T16:23:28.567411+00:00,59.0,final,2021-04-01,2021-06-30,1,2026-09-15T16:23:28.567411+00:00
GOV_DEBT_QUARTERLY_EUROPE,sk:country,2021-Q3,2026-09-15T16:23:28.567411+00:00,58.8,final,2021-07-01,2021-09-30,1,2026-09-15T16:23:28.567411+00:00
GOV_DEBT_QUARTERLY_EUROPE,sk:country,2021-Q4,2026-09-15T16:23:28.567411+00:00,60.2,final,2021-10-01,2021-12-31,1,2026-09-15T16:23:28.567411+00:00
GOV_DEBT_QUARTERLY_EUROPE,sk:country,2022-Q1,2026-09-15T16:23:28.567411+00:00,59.8,final,2022-01-01,2022-03-31,1,2026-09-15T16:23:28.567411+00:00
GOV_DEBT_QUARTERLY_EUROPE,sk:country,2022-Q2,2026-09-15T16:23:28.567411+00:00,58.8,final,2022-04-01,2022-06-30,1,2026-09-15T16:23:28.567411+00:00
GOV_DEBT_QUARTERLY_EUROPE,sk:country,2022-Q3,2026-09-15T16:23:28.567411+00:00,57.3,final,2022-07-01,2022-09-30,1,2026-09-15T16:23:28.567411+00:00
GOV_DEBT_QUARTERLY_EUROPE,sk:country,2022-Q4,2026-09-15T16:23:28.567411+00:00,57.8,final,2022-10-01,2022-12-31,1,2026-09-15T16:23:28.567411+00:00
GOV_DEBT_QUARTERLY_EUROPE,sk:country,2023-Q1,2026-09-15T16:23:28.567411+00:00,57.8,final,2023-01-01,2023-03-31,1,2026-09-15T16:23:28.567411+00:00
GOV_DEBT_QUARTERLY_EUROPE,sk:country,2023-Q2,2026-09-15T16:23:28.567411+00:00,59.3,final,2023-04-01,2023-06-30,1,2026-09-15T16:23:28.567411+00:00
GOV_DEBT_QUARTERLY_EUROPE,sk:country,2023-Q3,2026-09-15T16:23:28.567411+00:00,58.1,final,2023-07-01,2023-09-30,1,2026-09-15T16:23:28.567411+00:00
GOV_DEBT_QUARTERLY_EUROPE,sk:country,2023-Q4,2026-09-15T16:23:28.567411+00:00,55.8,final,2023-10-01,2023-12-31,1,2026-09-15T16:23:28.567411+00:00
GOV_DEBT_QUARTERLY_EUROPE,sk:country,2024-Q1,2026-09-15T16:23:28.567411+00:00,60.3,final,2024-01-01,2024-03-31,1,2026-09-15T16:23:28.567411+00:00
GOV_DEBT_QUARTERLY_EUROPE,sk:country,2024-Q2,2026-09-15T16:23:28.567411+00:00,60.2,final,2024-04-01,2024-06-30,1,2026-09-15T16:23:28.567411+00:00
GOV_DEBT_QUARTERLY_EUROPE,sk:country,2024-Q3,2026-09-15T16:23:28.567411+00:00,60.1,final,2024-07-01,2024-09-30,1,2026-09-15T16:23:28.567411+00:00
GOV_DEBT_QUARTERLY_EUROPE,sk:country,2024-Q4,2026-09-15T16:23:28.567411+00:00,59.7,final,2024-10-01,2024-12-31,1,2026-09-15T16:23:28.567411+00:00
GOV_DEBT_QUARTERLY_EUROPE,sk:country,2025-Q1,2026-09-15T16:23:28.567411+00:00,63.2,final,2025-01-01,2025-03-31,1,2026-09-15T16:23:28.567411+00:00
GOV_DEBT_QUARTERLY_EUROPE,sk:country,2025-Q2,2026-09-15T16:23:28.567411+00:00,62.9,final,2025-04-01,2025-06-30,1,2026-09-15T16:23:28.567411+00:00
GOV_DEBT_QUARTERLY_EUROPE,sk:country,2025-Q3,2026-09-15T16:23:28.567411+00:00,62.3,final,2025-07-01,2025-09-30,1,2026-09-15T16:23:28.567411+00:00
GOV_DEBT_QUARTERLY_EUROPE,sk:country,2025-Q4,2026-09-15T16:23:28.567411+00:00,61.4,final,2025-10-01,2025-12-31,1,2026-09-15T16:23:28.567411+00:00
GOV_DEBT_QUARTERLY_EUROPE,sk:country,2026-Q1,2026-09-15T16:23:28.567411+00:00,62.5,provisional,2026-01-01,2026-03-31,1,2026-09-15T16:23:28.567411+00:00
