indicator_id,geo_id,period,vintage,value,status,period_start,period_end,is_latest,created_at
IMPORTS_GOODS_SERVICES_EUROPE,al:country,2008-Q1,2026-09-15T16:23:28.567411+00:00,1097.3,final,2008-01-01,2008-03-31,1,2026-09-15T16:23:28.567411+00:00
IMPORTS_GOODS_SERVICES_EUROPE,al:country,2008-Q2,2026-09-15T16:23:28.567411+00:00,1094.9,final,2008-04-01,2008-06-30,1,2026-09-15T16:23:28.567411+00:00
IMPORTS_GOODS_SERVICES_EUROPE,al:country,2008-Q3,2026-09-15T16:23:28.567411+00:00,1104.3,final,2008-07-01,2008-09-30,1,2026-09-15T16:23:28.567411+00:00
IMPORTS_GOODS_SERVICES_EUROPE,al:country,2008-Q4,2026-09-15T16:23:28.567411+00:00,1130.1,final,2008-10-01,2008-12-31,1,2026-09-15T16:23:28.567411+00:00
IMPORTS_GOODS_SERVICES_EUROPE,al:country,2009-Q1,2026-09-15T16:23:28.567411+00:00,1137.8,final,2009-01-01,2009-03-31,1,2026-09-15T16:23:28.567411+00:00
IMPORTS_GOODS_SERVICES_EUROPE,al:country,2009-Q2,2026-09-15T16:23:28.567411+00:00,1134.3,final,2009-04-01,2009-06-30,1,2026-09-15T16:23:28.567411+00:00
IMPORTS_GOODS_SERVICES_EUROPE,al:country,2009-Q3,2026-09-15T16:23:28.567411+00:00,1106.9,final,2009-07-01,2009-09-30,1,2026-09-15T16:23:28.567411+00:00
IMPORTS_GOODS_SERVICES_EUROPE,al:country,2009-Q4,2026-09-15T16:23:28.567411+00:00,1075.2,final,2009-10-01,2009-12-31,1,2026-09-15T16:23:28.567411+00:00
IMPORTS_GOODS_SERVICES_EUROPE,al:country,2010-Q1,2026-09-15T16:23:28.567411+00:00,1061.9,final,2010-01-01,2010-03-31,1,2026-09-15T16:23:28.567411+00:00
IMPORTS_GOODS_SERVICES_EUROPE,al:country,2010-Q2,2026-09-15T16:23:28.567411+00:00,1091.1,final,2010-04-01,2010-06-30,1,2026-09-15T16:23:28.567411+00:00
IMPORTS_GOODS_SERVICES_EUROPE,al:country,2010-Q3,2026-09-15T16:23:28.567411+00:00,1121.2,final,2010-07-01,2010-09-30,1,2026-09-15T16:23:28.567411+00:00
IMPORTS_GOODS_SERVICES_EUROPE,al:country,2010-Q4,2026-09-15T16:23:28.567411+00:00,1087.9,final,2010-10-01,2010-12-31,1,2026-09-15T16:23:28.567411+00:00
IMPORTS_GOODS_SERVICES_EUROPE,al:country,2011-Q1,2026-09-15T16:23:28.567411+00:00,1141.0,final,2011-01-01,2011-03-31,1,2026-09-15T16:23:28.567411+00:00
IMPORTS_GOODS_SERVICES_EUROPE,al:country,2011-Q2,2026-09-15T16:23:28.567411+00:00,1150.1,final,2011-04-01,2011-06-30,1,2026-09-15T16:23:28.567411+00:00
IMPORTS_GOODS_SERVICES_EUROPE,al:country,2011-Q3,2026-09-15T16:23:28.567411+00:00,1168.6,final,2011-07-01,2011-09-30,1,2026-09-15T16:23:28.567411+00:00
IMPORTS_GOODS_SERVICES_EUROPE,al:country,2011-Q4,2026-09-15T16:23:28.567411+00:00,1144.0,final,2011-10-01,2011-12-31,1,2026-09-15T16:23:28.567411+00:00
IMPORTS_GOODS_SERVICES_EUROPE,al:country,2012-Q1,2026-09-15T16:23:28.567411+00:00,1080.8,final,2012-01-01,2012-03-31,1,2026-09-15T16:23:28.567411+00:00
IMPORTS_GOODS_SERVICES_EUROPE,al:country,2012-Q2,2026-09-15T16:23:28.567411+00:00,1072.0,final,2012-04-01,2012-06-30,1,2026-09-15T16:23:28.567411+00:00
IMPORTS_GOODS_SERVICES_EUROPE,al:country,2012-Q3,2026-09-15T16:23:28.567411+00:00,1094.8,final,2012-07-01,2012-09-30,1,2026-09-15T16:23:28.567411+00:00
IMPORTS_GOODS_SERVICES_EUROPE,al:country,2012-Q4,2026-09-15T16:23:28.567411+00:00,1035.7,final,2012-10-01,2012-12-31,1,2026-09-15T16:23:28.567411+00:00
IMPORTS_GOODS_SERVICES_EUROPE,al:country,2013-Q1,2026-09-15T16:23:28.567411+00:00,1039.8,final,2013-01-01,2013-03-31,1,2026-09-15T16:23:28.567411+00:00
IMPORTS_GOODS_SERVICES_EUROPE,al:country,2013-Q2,2026-09-15T16:23:28.567411+00:00,1034.5,final,2013-04-01,2013-06-30,1,2026-09-15T16:23:28.567411+00:00
IMPORTS_GOODS_SERVICES_EUROPE,al:country,2013-Q3,2026-09-15T16:23:28.567411+00:00,1045.8,final,2013-07-01,2013-09-30,1,2026-09-15T16:23:28.567411+00:00
IMPORTS_GOODS_SERVICES_EUROPE,al:country,2013-Q4,2026-09-15T16:23:28.567411+00:00,1128.7,final,2013-10-01,2013-12-31,1,2026-09-15T16:23:28.567411+00:00
IMPORTS_GOODS_SERVICES_EUROPE,al:country,2014-Q1,2026-09-15T16:23:28.567411+00:00,1086.0,final,2014-01-01,2014-03-31,1,2026-09-15T16:23:28.567411+00:00
IMPORTS_GOODS_SERVICES_EUROPE,al:country,2014-Q2,2026-09-15T16:23:28.567411+00:00,1140.9,final,2014-04-01,2014-06-30,1,2026-09-15T16:23:28.567411+00:00
IMPORTS_GOODS_SERVICES_EUROPE,al:country,2014-Q3,2026-09-15T16:23:28.567411+00:00,1095.8,final,2014-07-01,2014-09-30,1,2026-09-15T16:23:28.567411+00:00
IMPORTS_GOODS_SERVICES_EUROPE,al:country,2014-Q4,2026-09-15T16:23:28.567411+00:00,1126.7,final,2014-10-01,2014-12-31,1,2026-09-15T16:23:28.567411+00:00
IMPORTS_GOODS_SERVICES_EUROPE,al:country,2015-Q1,2026-09-15T16:23:28.567411+00:00,1081.3,final,2015-01-01,2015-03-31,1,2026-09-15T16:23:28.567411+00:00
IMPORTS_GOODS_SERVICES_EUROPE,al:country,2015-Q2,2026-09-15T16:23:28.567411+00:00,1019.5,final,2015-04-01,2015-06-30,1,2026-09-15T16:23:28.567411+00:00
IMPORTS_GOODS_SERVICES_EUROPE,al:country,2015-Q3,2026-09-15T16:23:28.567411+00:00,1086.5,final,2015-07-01,2015-09-30,1,2026-09-15T16:23:28.567411+00:00
IMPORTS_GOODS_SERVICES_EUROPE,al:country,2015-Q4,2026-09-15T16:23:28.567411+00:00,1142.7,final,2015-10-01,2015-12-31,1,2026-09-15T16:23:28.567411+00:00
IMPORTS_GOODS_SERVICES_EUROPE,al:country,2016-Q1,2026-09-15T16:23:28.567411+00:00,1133.8,final,2016-01-01,2016-03-31,1,2026-09-15T16:23:28.567411+00:00
IMPORTS_GOODS_SERVICES_EUROPE,al:country,2016-Q2,2026-09-15T16:23:28.567411+00:00,1195.7,final,2016-04-01,2016-06-30,1,2026-09-15T16:23:28.567411+00:00
IMPORTS_GOODS_SERVICES_EUROPE,al:country,2016-Q3,2026-09-15T16:23:28.567411+00:00,1132.3,final,2016-07-01,2016-09-30,1,2026-09-15T16:23:28.567411+00:00
IMPORTS_GOODS_SERVICES_EUROPE,al:country,2016-Q4,2026-09-15T16:23:28.567411+00:00,1131.2,final,2016-10-01,2016-12-31,1,2026-09-15T16:23:28.567411+00:00
IMPORTS_GOODS_SERVICES_EUROPE,al:country,2017-Q1,2026-09-15T16:23:28.567411+00:00,1173.7,final,2017-01-01,2017-03-31,1,2026-09-15T16:23:28.567411+00:00
IMPORTS_GOODS_SERVICES_EUROPE,al:country,2017-Q2,2026-09-15T16:23:28.567411+00:00,1251.8,final,2017-04-01,2017-06-30,1,2026-09-15T16:23:28.567411+00:00
IMPORTS_GOODS_SERVICES_EUROPE,al:country,2017-Q3,2026-09-15T16:23:28.567411+00:00,1226.5,final,2017-07-01,2017-09-30,1,2026-09-15T16:23:28.567411+00:00
IMPORTS_GOODS_SERVICES_EUROPE,al:country,2017-Q4,2026-09-15T16:23:28.567411+00:00,1240.4,final,2017-10-01,2017-12-31,1,2026-09-15T16:23:28.567411+00:00
IMPORTS_GOODS_SERVICES_EUROPE,al:country,2018-Q1,2026-09-15T16:23:28.567411+00:00,1243.0,final,2018-01-01,2018-03-31,1,2026-09-15T16:23:28.567411+00:00
IMPORTS_GOODS_SERVICES_EUROPE,al:country,2018-Q2,2026-09-15T16:23:28.567411+00:00,1230.1,final,2018-04-01,2018-06-30,1,2026-09-15T16:23:28.567411+00:00
IMPORTS_GOODS_SERVICES_EUROPE,al:country,2018-Q3,2026-09-15T16:23:28.567411+00:00,1248.5,final,2018-07-01,2018-09-30,1,2026-09-15T16:23:28.567411+00:00
IMPORTS_GOODS_SERVICES_EUROPE,al:country,2018-Q4,2026-09-15T16:23:28.567411+00:00,1260.3,final,2018-10-01,2018-12-31,1,2026-09-15T16:23:28.567411+00:00
IMPORTS_GOODS_SERVICES_EUROPE,al:country,2019-Q1,2026-09-15T16:23:28.567411+00:00,1265.7,final,2019-01-01,2019-03-31,1,2026-09-15T16:23:28.567411+00:00
IMPORTS_GOODS_SERVICES_EUROPE,al:country,2019-Q2,2026-09-15T16:23:28.567411+00:00,1302.3,final,2019-04-01,2019-06-30,1,2026-09-15T16:23:28.567411+00:00
IMPORTS_GOODS_SERVICES_EUROPE,al:country,2019-Q3,2026-09-15T16:23:28.567411+00:00,1297.3,final,2019-07-01,2019-09-30,1,2026-09-15T16:23:28.567411+00:00
IMPORTS_GOODS_SERVICES_EUROPE,al:country,2019-Q4,2026-09-15T16:23:28.567411+00:00,1249.3,final,2019-10-01,2019-12-31,1,2026-09-15T16:23:28.567411+00:00
IMPORTS_GOODS_SERVICES_EUROPE,al:country,2020-Q1,2026-09-15T16:23:28.567411+00:00,1188.4,final,2020-01-01,2020-03-31,1,2026-09-15T16:23:28.567411+00:00
IMPORTS_GOODS_SERVICES_EUROPE,al:country,2020-Q2,2026-09-15T16:23:28.567411+00:00,830.0,final,2020-04-01,2020-06-30,1,2026-09-15T16:23:28.567411+00:00
IMPORTS_GOODS_SERVICES_EUROPE,al:country,2020-Q3,2026-09-15T16:23:28.567411+00:00,961.3,final,2020-07-01,2020-09-30,1,2026-09-15T16:23:28.567411+00:00
IMPORTS_GOODS_SERVICES_EUROPE,al:country,2020-Q4,2026-09-15T16:23:28.567411+00:00,1117.0,final,2020-10-01,2020-12-31,1,2026-09-15T16:23:28.567411+00:00
IMPORTS_GOODS_SERVICES_EUROPE,al:country,2021-Q1,2026-09-15T16:23:28.567411+00:00,1284.6,final,2021-01-01,2021-03-31,1,2026-09-15T16:23:28.567411+00:00
IMPORTS_GOODS_SERVICES_EUROPE,al:country,2021-Q2,2026-09-15T16:23:28.567411+00:00,1299.9,final,2021-04-01,2021-06-30,1,2026-09-15T16:23:28.567411+00:00
IMPORTS_GOODS_SERVICES_EUROPE,al:country,2021-Q3,2026-09-15T16:23:28.567411+00:00,1351.1,final,2021-07-01,2021-09-30,1,2026-09-15T16:23:28.567411+00:00
IMPORTS_GOODS_SERVICES_EUROPE,al:country,2021-Q4,2026-09-15T16:23:28.567411+00:00,1477.0,final,2021-10-01,2021-12-31,1,2026-09-15T16:23:28.567411+00:00
IMPORTS_GOODS_SERVICES_EUROPE,al:country,2022-Q1,2026-09-15T16:23:28.567411+00:00,1461.5,final,2022-01-01,2022-03-31,1,2026-09-15T16:23:28.567411+00:00
IMPORTS_GOODS_SERVICES_EUROPE,al:country,2022-Q2,2026-09-15T16:23:28.567411+00:00,1494.4,final,2022-04-01,2022-06-30,1,2026-09-15T16:23:28.567411+00:00
IMPORTS_GOODS_SERVICES_EUROPE,al:country,2022-Q3,2026-09-15T16:23:28.567411+00:00,1550.2,final,2022-07-01,2022-09-30,1,2026-09-15T16:23:28.567411+00:00
IMPORTS_GOODS_SERVICES_EUROPE,al:country,2022-Q4,2026-09-15T16:23:28.567411+00:00,1538.7,final,2022-10-01,2022-12-31,1,2026-09-15T16:23:28.567411+00:00
IMPORTS_GOODS_SERVICES_EUROPE,al:country,2023-Q1,2026-09-15T16:23:28.567411+00:00,1546.0,final,2023-01-01,2023-03-31,1,2026-09-15T16:23:28.567411+00:00
IMPORTS_GOODS_SERVICES_EUROPE,al:country,2023-Q2,2026-09-15T16:23:28.567411+00:00,1551.2,final,2023-04-01,2023-06-30,1,2026-09-15T16:23:28.567411+00:00
IMPORTS_GOODS_SERVICES_EUROPE,al:country,2023-Q3,2026-09-15T16:23:28.567411+00:00,1502.6,final,2023-07-01,2023-09-30,1,2026-09-15T16:23:28.567411+00:00
IMPORTS_GOODS_SERVICES_EUROPE,al:country,2023-Q4,2026-09-15T16:23:28.567411+00:00,1476.6,final,2023-10-01,2023-12-31,1,2026-09-15T16:23:28.567411+00:00
IMPORTS_GOODS_SERVICES_EUROPE,al:country,2024-Q1,2026-09-15T16:23:28.567411+00:00,1590.5,final,2024-01-01,2024-03-31,1,2026-09-15T16:23:28.567411+00:00
IMPORTS_GOODS_SERVICES_EUROPE,al:country,2024-Q2,2026-09-15T16:23:28.567411+00:00,1516.3,final,2024-04-01,2024-06-30,1,2026-09-15T16:23:28.567411+00:00
IMPORTS_GOODS_SERVICES_EUROPE,al:country,2024-Q3,2026-09-15T16:23:28.567411+00:00,1490.4,final,2024-07-01,2024-09-30,1,2026-09-15T16:23:28.567411+00:00
IMPORTS_GOODS_SERVICES_EUROPE,al:country,2024-Q4,2026-09-15T16:23:28.567411+00:00,1469.0,final,2024-10-01,2024-12-31,1,2026-09-15T16:23:28.567411+00:00
IMPORTS_GOODS_SERVICES_EUROPE,al:country,2025-Q1,2026-09-15T16:23:28.567411+00:00,1513.3,provisional,2025-01-01,2025-03-31,1,2026-09-15T16:23:28.567411+00:00
IMPORTS_GOODS_SERVICES_EUROPE,al:country,2025-Q2,2026-09-15T16:23:28.567411+00:00,1571.3,provisional,2025-04-01,2025-06-30,1,2026-09-15T16:23:28.567411+00:00
IMPORTS_GOODS_SERVICES_EUROPE,al:country,2025-Q3,2026-09-15T16:23:28.567411+00:00,1606.1,provisional,2025-07-01,2025-09-30,1,2026-09-15T16:23:28.567411+00:00
IMPORTS_GOODS_SERVICES_EUROPE,al:country,2025-Q4,2026-09-15T16:23:28.567411+00:00,1586.7,provisional,2025-10-01,2025-12-31,1,2026-09-15T16:23:28.567411+00:00
IMPORTS_GOODS_SERVICES_EUROPE,al:country,2026-Q1,2026-09-15T16:23:28.567411+00:00,1623.5,provisional,2026-01-01,2026-03-31,1,2026-09-15T16:23:28.567411+00:00
IMPORTS_GOODS_SERVICES_EUROPE,at:country,2008-Q1,2026-09-15T16:23:28.567411+00:00,36573.4,final,2008-01-01,2008-03-31,1,2026-09-15T16:23:28.567411+00:00
IMPORTS_GOODS_SERVICES_EUROPE,at:country,2008-Q2,2026-09-15T16:23:28.567411+00:00,36221.0,final,2008-04-01,2008-06-30,1,2026-09-15T16:23:28.567411+00:00
IMPORTS_GOODS_SERVICES_EUROPE,at:country,2008-Q3,2026-09-15T16:23:28.567411+00:00,35396.9,final,2008-07-01,2008-09-30,1,2026-09-15T16:23:28.567411+00:00
IMPORTS_GOODS_SERVICES_EUROPE,at:country,2008-Q4,2026-09-15T16:23:28.567411+00:00,34633.6,final,2008-10-01,2008-12-31,1,2026-09-15T16:23:28.567411+00:00
IMPORTS_GOODS_SERVICES_EUROPE,at:country,2009-Q1,2026-09-15T16:23:28.567411+00:00,31183.7,final,2009-01-01,2009-03-31,1,2026-09-15T16:23:28.567411+00:00
IMPORTS_GOODS_SERVICES_EUROPE,at:country,2009-Q2,2026-09-15T16:23:28.567411+00:00,31308.8,final,2009-04-01,2009-06-30,1,2026-09-15T16:23:28.567411+00:00
IMPORTS_GOODS_SERVICES_EUROPE,at:country,2009-Q3,2026-09-15T16:23:28.567411+00:00,31401.8,final,2009-07-01,2009-09-30,1,2026-09-15T16:23:28.567411+00:00
IMPORTS_GOODS_SERVICES_EUROPE,at:country,2009-Q4,2026-09-15T16:23:28.567411+00:00,32181.5,final,2009-10-01,2009-12-31,1,2026-09-15T16:23:28.567411+00:00
IMPORTS_GOODS_SERVICES_EUROPE,at:country,2010-Q1,2026-09-15T16:23:28.567411+00:00,33201.8,final,2010-01-01,2010-03-31,1,2026-09-15T16:23:28.567411+00:00
IMPORTS_GOODS_SERVICES_EUROPE,at:country,2010-Q2,2026-09-15T16:23:28.567411+00:00,35358.9,final,2010-04-01,2010-06-30,1,2026-09-15T16:23:28.567411+00:00
IMPORTS_GOODS_SERVICES_EUROPE,at:country,2010-Q3,2026-09-15T16:23:28.567411+00:00,36147.0,final,2010-07-01,2010-09-30,1,2026-09-15T16:23:28.567411+00:00
IMPORTS_GOODS_SERVICES_EUROPE,at:country,2010-Q4,2026-09-15T16:23:28.567411+00:00,36044.7,final,2010-10-01,2010-12-31,1,2026-09-15T16:23:28.567411+00:00
IMPORTS_GOODS_SERVICES_EUROPE,at:country,2011-Q1,2026-09-15T16:23:28.567411+00:00,37228.8,final,2011-01-01,2011-03-31,1,2026-09-15T16:23:28.567411+00:00
IMPORTS_GOODS_SERVICES_EUROPE,at:country,2011-Q2,2026-09-15T16:23:28.567411+00:00,37105.3,final,2011-04-01,2011-06-30,1,2026-09-15T16:23:28.567411+00:00
IMPORTS_GOODS_SERVICES_EUROPE,at:country,2011-Q3,2026-09-15T16:23:28.567411+00:00,37774.7,final,2011-07-01,2011-09-30,1,2026-09-15T16:23:28.567411+00:00
IMPORTS_GOODS_SERVICES_EUROPE,at:country,2011-Q4,2026-09-15T16:23:28.567411+00:00,37462.1,final,2011-10-01,2011-12-31,1,2026-09-15T16:23:28.567411+00:00
IMPORTS_GOODS_SERVICES_EUROPE,at:country,2012-Q1,2026-09-15T16:23:28.567411+00:00,38284.8,final,2012-01-01,2012-03-31,1,2026-09-15T16:23:28.567411+00:00
IMPORTS_GOODS_SERVICES_EUROPE,at:country,2012-Q2,2026-09-15T16:23:28.567411+00:00,38026.3,final,2012-04-01,2012-06-30,1,2026-09-15T16:23:28.567411+00:00
IMPORTS_GOODS_SERVICES_EUROPE,at:country,2012-Q3,2026-09-15T16:23:28.567411+00:00,37661.6,final,2012-07-01,2012-09-30,1,2026-09-15T16:23:28.567411+00:00
IMPORTS_GOODS_SERVICES_EUROPE,at:country,2012-Q4,2026-09-15T16:23:28.567411+00:00,37499.8,final,2012-10-01,2012-12-31,1,2026-09-15T16:23:28.567411+00:00
IMPORTS_GOODS_SERVICES_EUROPE,at:country,2013-Q1,2026-09-15T16:23:28.567411+00:00,36209.8,final,2013-01-01,2013-03-31,1,2026-09-15T16:23:28.567411+00:00
IMPORTS_GOODS_SERVICES_EUROPE,at:country,2013-Q2,2026-09-15T16:23:28.567411+00:00,37820.2,final,2013-04-01,2013-06-30,1,2026-09-15T16:23:28.567411+00:00
IMPORTS_GOODS_SERVICES_EUROPE,at:country,2013-Q3,2026-09-15T16:23:28.567411+00:00,38619.1,final,2013-07-01,2013-09-30,1,2026-09-15T16:23:28.567411+00:00
IMPORTS_GOODS_SERVICES_EUROPE,at:country,2013-Q4,2026-09-15T16:23:28.567411+00:00,39449.1,final,2013-10-01,2013-12-31,1,2026-09-15T16:23:28.567411+00:00
IMPORTS_GOODS_SERVICES_EUROPE,at:country,2014-Q1,2026-09-15T16:23:28.567411+00:00,38611.9,final,2014-01-01,2014-03-31,1,2026-09-15T16:23:28.567411+00:00
IMPORTS_GOODS_SERVICES_EUROPE,at:country,2014-Q2,2026-09-15T16:23:28.567411+00:00,38937.6,final,2014-04-01,2014-06-30,1,2026-09-15T16:23:28.567411+00:00
IMPORTS_GOODS_SERVICES_EUROPE,at:country,2014-Q3,2026-09-15T16:23:28.567411+00:00,39564.6,final,2014-07-01,2014-09-30,1,2026-09-15T16:23:28.567411+00:00
IMPORTS_GOODS_SERVICES_EUROPE,at:country,2014-Q4,2026-09-15T16:23:28.567411+00:00,39851.5,final,2014-10-01,2014-12-31,1,2026-09-15T16:23:28.567411+00:00
IMPORTS_GOODS_SERVICES_EUROPE,at:country,2015-Q1,2026-09-15T16:23:28.567411+00:00,38912.1,final,2015-01-01,2015-03-31,1,2026-09-15T16:23:28.567411+00:00
IMPORTS_GOODS_SERVICES_EUROPE,at:country,2015-Q2,2026-09-15T16:23:28.567411+00:00,39806.3,final,2015-04-01,2015-06-30,1,2026-09-15T16:23:28.567411+00:00
IMPORTS_GOODS_SERVICES_EUROPE,at:country,2015-Q3,2026-09-15T16:23:28.567411+00:00,41503.3,final,2015-07-01,2015-09-30,1,2026-09-15T16:23:28.567411+00:00
IMPORTS_GOODS_SERVICES_EUROPE,at:country,2015-Q4,2026-09-15T16:23:28.567411+00:00,42175.1,final,2015-10-01,2015-12-31,1,2026-09-15T16:23:28.567411+00:00
IMPORTS_GOODS_SERVICES_EUROPE,at:country,2016-Q1,2026-09-15T16:23:28.567411+00:00,42745.0,final,2016-01-01,2016-03-31,1,2026-09-15T16:23:28.567411+00:00
IMPORTS_GOODS_SERVICES_EUROPE,at:country,2016-Q2,2026-09-15T16:23:28.567411+00:00,41971.3,final,2016-04-01,2016-06-30,1,2026-09-15T16:23:28.567411+00:00
IMPORTS_GOODS_SERVICES_EUROPE,at:country,2016-Q3,2026-09-15T16:23:28.567411+00:00,41794.4,final,2016-07-01,2016-09-30,1,2026-09-15T16:23:28.567411+00:00
IMPORTS_GOODS_SERVICES_EUROPE,at:country,2016-Q4,2026-09-15T16:23:28.567411+00:00,42185.9,final,2016-10-01,2016-12-31,1,2026-09-15T16:23:28.567411+00:00
IMPORTS_GOODS_SERVICES_EUROPE,at:country,2017-Q1,2026-09-15T16:23:28.567411+00:00,43481.1,final,2017-01-01,2017-03-31,1,2026-09-15T16:23:28.567411+00:00
IMPORTS_GOODS_SERVICES_EUROPE,at:country,2017-Q2,2026-09-15T16:23:28.567411+00:00,44485.3,final,2017-04-01,2017-06-30,1,2026-09-15T16:23:28.567411+00:00
IMPORTS_GOODS_SERVICES_EUROPE,at:country,2017-Q3,2026-09-15T16:23:28.567411+00:00,44875.9,final,2017-07-01,2017-09-30,1,2026-09-15T16:23:28.567411+00:00
IMPORTS_GOODS_SERVICES_EUROPE,at:country,2017-Q4,2026-09-15T16:23:28.567411+00:00,45097.4,final,2017-10-01,2017-12-31,1,2026-09-15T16:23:28.567411+00:00
IMPORTS_GOODS_SERVICES_EUROPE,at:country,2018-Q1,2026-09-15T16:23:28.567411+00:00,46032.1,final,2018-01-01,2018-03-31,1,2026-09-15T16:23:28.567411+00:00
IMPORTS_GOODS_SERVICES_EUROPE,at:country,2018-Q2,2026-09-15T16:23:28.567411+00:00,46191.2,final,2018-04-01,2018-06-30,1,2026-09-15T16:23:28.567411+00:00
IMPORTS_GOODS_SERVICES_EUROPE,at:country,2018-Q3,2026-09-15T16:23:28.567411+00:00,46773.5,final,2018-07-01,2018-09-30,1,2026-09-15T16:23:28.567411+00:00
IMPORTS_GOODS_SERVICES_EUROPE,at:country,2018-Q4,2026-09-15T16:23:28.567411+00:00,47709.1,final,2018-10-01,2018-12-31,1,2026-09-15T16:23:28.567411+00:00
IMPORTS_GOODS_SERVICES_EUROPE,at:country,2019-Q1,2026-09-15T16:23:28.567411+00:00,48344.5,final,2019-01-01,2019-03-31,1,2026-09-15T16:23:28.567411+00:00
IMPORTS_GOODS_SERVICES_EUROPE,at:country,2019-Q2,2026-09-15T16:23:28.567411+00:00,48158.2,final,2019-04-01,2019-06-30,1,2026-09-15T16:23:28.567411+00:00
IMPORTS_GOODS_SERVICES_EUROPE,at:country,2019-Q3,2026-09-15T16:23:28.567411+00:00,47529.8,final,2019-07-01,2019-09-30,1,2026-09-15T16:23:28.567411+00:00
IMPORTS_GOODS_SERVICES_EUROPE,at:country,2019-Q4,2026-09-15T16:23:28.567411+00:00,46779.9,final,2019-10-01,2019-12-31,1,2026-09-15T16:23:28.567411+00:00
IMPORTS_GOODS_SERVICES_EUROPE,at:country,2020-Q1,2026-09-15T16:23:28.567411+00:00,45878.3,final,2020-01-01,2020-03-31,1,2026-09-15T16:23:28.567411+00:00
IMPORTS_GOODS_SERVICES_EUROPE,at:country,2020-Q2,2026-09-15T16:23:28.567411+00:00,38876.9,final,2020-04-01,2020-06-30,1,2026-09-15T16:23:28.567411+00:00
IMPORTS_GOODS_SERVICES_EUROPE,at:country,2020-Q3,2026-09-15T16:23:28.567411+00:00,42827.8,final,2020-07-01,2020-09-30,1,2026-09-15T16:23:28.567411+00:00
IMPORTS_GOODS_SERVICES_EUROPE,at:country,2020-Q4,2026-09-15T16:23:28.567411+00:00,45137.4,final,2020-10-01,2020-12-31,1,2026-09-15T16:23:28.567411+00:00
IMPORTS_GOODS_SERVICES_EUROPE,at:country,2021-Q1,2026-09-15T16:23:28.567411+00:00,46683.7,final,2021-01-01,2021-03-31,1,2026-09-15T16:23:28.567411+00:00
IMPORTS_GOODS_SERVICES_EUROPE,at:country,2021-Q2,2026-09-15T16:23:28.567411+00:00,48786.5,final,2021-04-01,2021-06-30,1,2026-09-15T16:23:28.567411+00:00
IMPORTS_GOODS_SERVICES_EUROPE,at:country,2021-Q3,2026-09-15T16:23:28.567411+00:00,49491.6,final,2021-07-01,2021-09-30,1,2026-09-15T16:23:28.567411+00:00
IMPORTS_GOODS_SERVICES_EUROPE,at:country,2021-Q4,2026-09-15T16:23:28.567411+00:00,51339.8,final,2021-10-01,2021-12-31,1,2026-09-15T16:23:28.567411+00:00
IMPORTS_GOODS_SERVICES_EUROPE,at:country,2022-Q1,2026-09-15T16:23:28.567411+00:00,52432.6,final,2022-01-01,2022-03-31,1,2026-09-15T16:23:28.567411+00:00
IMPORTS_GOODS_SERVICES_EUROPE,at:country,2022-Q2,2026-09-15T16:23:28.567411+00:00,52476.3,final,2022-04-01,2022-06-30,1,2026-09-15T16:23:28.567411+00:00
IMPORTS_GOODS_SERVICES_EUROPE,at:country,2022-Q3,2026-09-15T16:23:28.567411+00:00,52814.2,final,2022-07-01,2022-09-30,1,2026-09-15T16:23:28.567411+00:00
IMPORTS_GOODS_SERVICES_EUROPE,at:country,2022-Q4,2026-09-15T16:23:28.567411+00:00,52621.3,final,2022-10-01,2022-12-31,1,2026-09-15T16:23:28.567411+00:00
IMPORTS_GOODS_SERVICES_EUROPE,at:country,2023-Q1,2026-09-15T16:23:28.567411+00:00,52073.7,final,2023-01-01,2023-03-31,1,2026-09-15T16:23:28.567411+00:00
IMPORTS_GOODS_SERVICES_EUROPE,at:country,2023-Q2,2026-09-15T16:23:28.567411+00:00,51652.5,final,2023-04-01,2023-06-30,1,2026-09-15T16:23:28.567411+00:00
IMPORTS_GOODS_SERVICES_EUROPE,at:country,2023-Q3,2026-09-15T16:23:28.567411+00:00,49380.4,final,2023-07-01,2023-09-30,1,2026-09-15T16:23:28.567411+00:00
IMPORTS_GOODS_SERVICES_EUROPE,at:country,2023-Q4,2026-09-15T16:23:28.567411+00:00,48902.2,final,2023-10-01,2023-12-31,1,2026-09-15T16:23:28.567411+00:00
IMPORTS_GOODS_SERVICES_EUROPE,at:country,2024-Q1,2026-09-15T16:23:28.567411+00:00,49379.1,final,2024-01-01,2024-03-31,1,2026-09-15T16:23:28.567411+00:00
IMPORTS_GOODS_SERVICES_EUROPE,at:country,2024-Q2,2026-09-15T16:23:28.567411+00:00,48942.2,final,2024-04-01,2024-06-30,1,2026-09-15T16:23:28.567411+00:00
IMPORTS_GOODS_SERVICES_EUROPE,at:country,2024-Q3,2026-09-15T16:23:28.567411+00:00,49126.0,final,2024-07-01,2024-09-30,1,2026-09-15T16:23:28.567411+00:00
IMPORTS_GOODS_SERVICES_EUROPE,at:country,2024-Q4,2026-09-15T16:23:28.567411+00:00,48646.0,final,2024-10-01,2024-12-31,1,2026-09-15T16:23:28.567411+00:00
IMPORTS_GOODS_SERVICES_EUROPE,at:country,2025-Q1,2026-09-15T16:23:28.567411+00:00,49039.8,final,2025-01-01,2025-03-31,1,2026-09-15T16:23:28.567411+00:00
IMPORTS_GOODS_SERVICES_EUROPE,at:country,2025-Q2,2026-09-15T16:23:28.567411+00:00,50042.5,final,2025-04-01,2025-06-30,1,2026-09-15T16:23:28.567411+00:00
IMPORTS_GOODS_SERVICES_EUROPE,at:country,2025-Q3,2026-09-15T16:23:28.567411+00:00,50301.8,final,2025-07-01,2025-09-30,1,2026-09-15T16:23:28.567411+00:00
IMPORTS_GOODS_SERVICES_EUROPE,at:country,2025-Q4,2026-09-15T16:23:28.567411+00:00,50662.6,final,2025-10-01,2025-12-31,1,2026-09-15T16:23:28.567411+00:00
IMPORTS_GOODS_SERVICES_EUROPE,at:country,2026-Q1,2026-09-15T16:23:28.567411+00:00,50295.2,final,2026-01-01,2026-03-31,1,2026-09-15T16:23:28.567411+00:00
IMPORTS_GOODS_SERVICES_EUROPE,at:country,2026-Q2,2026-09-15T16:23:28.567411+00:00,49550.4,final,2026-04-01,2026-06-30,1,2026-09-15T16:23:28.567411+00:00
IMPORTS_GOODS_SERVICES_EUROPE,ba:country,2008-Q1,2026-09-15T16:23:28.567411+00:00,1850.6,final,2008-01-01,2008-03-31,1,2026-09-15T16:23:28.567411+00:00
IMPORTS_GOODS_SERVICES_EUROPE,ba:country,2008-Q2,2026-09-15T16:23:28.567411+00:00,1898.5,final,2008-04-01,2008-06-30,1,2026-09-15T16:23:28.567411+00:00
IMPORTS_GOODS_SERVICES_EUROPE,ba:country,2008-Q3,2026-09-15T16:23:28.567411+00:00,1958.2,final,2008-07-01,2008-09-30,1,2026-09-15T16:23:28.567411+00:00
IMPORTS_GOODS_SERVICES_EUROPE,ba:country,2008-Q4,2026-09-15T16:23:28.567411+00:00,1861.4,final,2008-10-01,2008-12-31,1,2026-09-15T16:23:28.567411+00:00
IMPORTS_GOODS_SERVICES_EUROPE,ba:country,2009-Q1,2026-09-15T16:23:28.567411+00:00,1684.8,final,2009-01-01,2009-03-31,1,2026-09-15T16:23:28.567411+00:00
IMPORTS_GOODS_SERVICES_EUROPE,ba:country,2009-Q2,2026-09-15T16:23:28.567411+00:00,1633.7,final,2009-04-01,2009-06-30,1,2026-09-15T16:23:28.567411+00:00
IMPORTS_GOODS_SERVICES_EUROPE,ba:country,2009-Q3,2026-09-15T16:23:28.567411+00:00,1563.6,final,2009-07-01,2009-09-30,1,2026-09-15T16:23:28.567411+00:00
IMPORTS_GOODS_SERVICES_EUROPE,ba:country,2009-Q4,2026-09-15T16:23:28.567411+00:00,1604.4,final,2009-10-01,2009-12-31,1,2026-09-15T16:23:28.567411+00:00
IMPORTS_GOODS_SERVICES_EUROPE,ba:country,2010-Q1,2026-09-15T16:23:28.567411+00:00,1600.7,final,2010-01-01,2010-03-31,1,2026-09-15T16:23:28.567411+00:00
IMPORTS_GOODS_SERVICES_EUROPE,ba:country,2010-Q2,2026-09-15T16:23:28.567411+00:00,1648.1,final,2010-04-01,2010-06-30,1,2026-09-15T16:23:28.567411+00:00
IMPORTS_GOODS_SERVICES_EUROPE,ba:country,2010-Q3,2026-09-15T16:23:28.567411+00:00,1696.0,final,2010-07-01,2010-09-30,1,2026-09-15T16:23:28.567411+00:00
IMPORTS_GOODS_SERVICES_EUROPE,ba:country,2010-Q4,2026-09-15T16:23:28.567411+00:00,1702.9,final,2010-10-01,2010-12-31,1,2026-09-15T16:23:28.567411+00:00
IMPORTS_GOODS_SERVICES_EUROPE,ba:country,2011-Q1,2026-09-15T16:23:28.567411+00:00,1678.0,final,2011-01-01,2011-03-31,1,2026-09-15T16:23:28.567411+00:00
IMPORTS_GOODS_SERVICES_EUROPE,ba:country,2011-Q2,2026-09-15T16:23:28.567411+00:00,1697.1,final,2011-04-01,2011-06-30,1,2026-09-15T16:23:28.567411+00:00
IMPORTS_GOODS_SERVICES_EUROPE,ba:country,2011-Q3,2026-09-15T16:23:28.567411+00:00,1677.5,final,2011-07-01,2011-09-30,1,2026-09-15T16:23:28.567411+00:00
IMPORTS_GOODS_SERVICES_EUROPE,ba:country,2011-Q4,2026-09-15T16:23:28.567411+00:00,1792.3,final,2011-10-01,2011-12-31,1,2026-09-15T16:23:28.567411+00:00
IMPORTS_GOODS_SERVICES_EUROPE,ba:country,2012-Q1,2026-09-15T16:23:28.567411+00:00,1691.0,final,2012-01-01,2012-03-31,1,2026-09-15T16:23:28.567411+00:00
IMPORTS_GOODS_SERVICES_EUROPE,ba:country,2012-Q2,2026-09-15T16:23:28.567411+00:00,1744.3,final,2012-04-01,2012-06-30,1,2026-09-15T16:23:28.567411+00:00
IMPORTS_GOODS_SERVICES_EUROPE,ba:country,2012-Q3,2026-09-15T16:23:28.567411+00:00,1761.5,final,2012-07-01,2012-09-30,1,2026-09-15T16:23:28.567411+00:00
IMPORTS_GOODS_SERVICES_EUROPE,ba:country,2012-Q4,2026-09-15T16:23:28.567411+00:00,1692.2,final,2012-10-01,2012-12-31,1,2026-09-15T16:23:28.567411+00:00
IMPORTS_GOODS_SERVICES_EUROPE,ba:country,2013-Q1,2026-09-15T16:23:28.567411+00:00,1729.4,final,2013-01-01,2013-03-31,1,2026-09-15T16:23:28.567411+00:00
IMPORTS_GOODS_SERVICES_EUROPE,ba:country,2013-Q2,2026-09-15T16:23:28.567411+00:00,1681.2,final,2013-04-01,2013-06-30,1,2026-09-15T16:23:28.567411+00:00
IMPORTS_GOODS_SERVICES_EUROPE,ba:country,2013-Q3,2026-09-15T16:23:28.567411+00:00,1688.8,final,2013-07-01,2013-09-30,1,2026-09-15T16:23:28.567411+00:00
IMPORTS_GOODS_SERVICES_EUROPE,ba:country,2013-Q4,2026-09-15T16:23:28.567411+00:00,1787.1,final,2013-10-01,2013-12-31,1,2026-09-15T16:23:28.567411+00:00
IMPORTS_GOODS_SERVICES_EUROPE,ba:country,2014-Q1,2026-09-15T16:23:28.567411+00:00,1819.2,final,2014-01-01,2014-03-31,1,2026-09-15T16:23:28.567411+00:00
IMPORTS_GOODS_SERVICES_EUROPE,ba:country,2014-Q2,2026-09-15T16:23:28.567411+00:00,1803.6,final,2014-04-01,2014-06-30,1,2026-09-15T16:23:28.567411+00:00
IMPORTS_GOODS_SERVICES_EUROPE,ba:country,2014-Q3,2026-09-15T16:23:28.567411+00:00,1856.1,final,2014-07-01,2014-09-30,1,2026-09-15T16:23:28.567411+00:00
IMPORTS_GOODS_SERVICES_EUROPE,ba:country,2014-Q4,2026-09-15T16:23:28.567411+00:00,1929.6,final,2014-10-01,2014-12-31,1,2026-09-15T16:23:28.567411+00:00
IMPORTS_GOODS_SERVICES_EUROPE,ba:country,2015-Q1,2026-09-15T16:23:28.567411+00:00,1848.0,final,2015-01-01,2015-03-31,1,2026-09-15T16:23:28.567411+00:00
IMPORTS_GOODS_SERVICES_EUROPE,ba:country,2015-Q2,2026-09-15T16:23:28.567411+00:00,1867.3,final,2015-04-01,2015-06-30,1,2026-09-15T16:23:28.567411+00:00
IMPORTS_GOODS_SERVICES_EUROPE,ba:country,2015-Q3,2026-09-15T16:23:28.567411+00:00,1910.7,final,2015-07-01,2015-09-30,1,2026-09-15T16:23:28.567411+00:00
IMPORTS_GOODS_SERVICES_EUROPE,ba:country,2015-Q4,2026-09-15T16:23:28.567411+00:00,1917.1,final,2015-10-01,2015-12-31,1,2026-09-15T16:23:28.567411+00:00
IMPORTS_GOODS_SERVICES_EUROPE,ba:country,2016-Q1,2026-09-15T16:23:28.567411+00:00,1958.4,final,2016-01-01,2016-03-31,1,2026-09-15T16:23:28.567411+00:00
IMPORTS_GOODS_SERVICES_EUROPE,ba:country,2016-Q2,2026-09-15T16:23:28.567411+00:00,2068.0,final,2016-04-01,2016-06-30,1,2026-09-15T16:23:28.567411+00:00
IMPORTS_GOODS_SERVICES_EUROPE,ba:country,2016-Q3,2026-09-15T16:23:28.567411+00:00,1993.7,final,2016-07-01,2016-09-30,1,2026-09-15T16:23:28.567411+00:00
IMPORTS_GOODS_SERVICES_EUROPE,ba:country,2016-Q4,2026-09-15T16:23:28.567411+00:00,2065.3,final,2016-10-01,2016-12-31,1,2026-09-15T16:23:28.567411+00:00
IMPORTS_GOODS_SERVICES_EUROPE,ba:country,2017-Q1,2026-09-15T16:23:28.567411+00:00,2063.3,final,2017-01-01,2017-03-31,1,2026-09-15T16:23:28.567411+00:00
IMPORTS_GOODS_SERVICES_EUROPE,ba:country,2017-Q2,2026-09-15T16:23:28.567411+00:00,2196.4,final,2017-04-01,2017-06-30,1,2026-09-15T16:23:28.567411+00:00
IMPORTS_GOODS_SERVICES_EUROPE,ba:country,2017-Q3,2026-09-15T16:23:28.567411+00:00,2233.9,final,2017-07-01,2017-09-30,1,2026-09-15T16:23:28.567411+00:00
IMPORTS_GOODS_SERVICES_EUROPE,ba:country,2017-Q4,2026-09-15T16:23:28.567411+00:00,2209.9,final,2017-10-01,2017-12-31,1,2026-09-15T16:23:28.567411+00:00
IMPORTS_GOODS_SERVICES_EUROPE,ba:country,2018-Q1,2026-09-15T16:23:28.567411+00:00,2249.3,final,2018-01-01,2018-03-31,1,2026-09-15T16:23:28.567411+00:00
IMPORTS_GOODS_SERVICES_EUROPE,ba:country,2018-Q2,2026-09-15T16:23:28.567411+00:00,2267.8,final,2018-04-01,2018-06-30,1,2026-09-15T16:23:28.567411+00:00
IMPORTS_GOODS_SERVICES_EUROPE,ba:country,2018-Q3,2026-09-15T16:23:28.567411+00:00,2283.4,final,2018-07-01,2018-09-30,1,2026-09-15T16:23:28.567411+00:00
IMPORTS_GOODS_SERVICES_EUROPE,ba:country,2018-Q4,2026-09-15T16:23:28.567411+00:00,2246.7,final,2018-10-01,2018-12-31,1,2026-09-15T16:23:28.567411+00:00
IMPORTS_GOODS_SERVICES_EUROPE,ba:country,2019-Q1,2026-09-15T16:23:28.567411+00:00,2299.7,final,2019-01-01,2019-03-31,1,2026-09-15T16:23:28.567411+00:00
IMPORTS_GOODS_SERVICES_EUROPE,ba:country,2019-Q2,2026-09-15T16:23:28.567411+00:00,2410.4,final,2019-04-01,2019-06-30,1,2026-09-15T16:23:28.567411+00:00
IMPORTS_GOODS_SERVICES_EUROPE,ba:country,2019-Q3,2026-09-15T16:23:28.567411+00:00,2252.5,final,2019-07-01,2019-09-30,1,2026-09-15T16:23:28.567411+00:00
IMPORTS_GOODS_SERVICES_EUROPE,ba:country,2019-Q4,2026-09-15T16:23:28.567411+00:00,2200.3,final,2019-10-01,2019-12-31,1,2026-09-15T16:23:28.567411+00:00
IMPORTS_GOODS_SERVICES_EUROPE,ba:country,2020-Q1,2026-09-15T16:23:28.567411+00:00,2120.9,final,2020-01-01,2020-03-31,1,2026-09-15T16:23:28.567411+00:00
IMPORTS_GOODS_SERVICES_EUROPE,ba:country,2020-Q2,2026-09-15T16:23:28.567411+00:00,1760.6,final,2020-04-01,2020-06-30,1,2026-09-15T16:23:28.567411+00:00
IMPORTS_GOODS_SERVICES_EUROPE,ba:country,2020-Q3,2026-09-15T16:23:28.567411+00:00,1936.7,final,2020-07-01,2020-09-30,1,2026-09-15T16:23:28.567411+00:00
IMPORTS_GOODS_SERVICES_EUROPE,ba:country,2020-Q4,2026-09-15T16:23:28.567411+00:00,2119.1,final,2020-10-01,2020-12-31,1,2026-09-15T16:23:28.567411+00:00
IMPORTS_GOODS_SERVICES_EUROPE,ba:country,2021-Q1,2026-09-15T16:23:28.567411+00:00,2220.2,final,2021-01-01,2021-03-31,1,2026-09-15T16:23:28.567411+00:00
IMPORTS_GOODS_SERVICES_EUROPE,ba:country,2021-Q2,2026-09-15T16:23:28.567411+00:00,2371.9,final,2021-04-01,2021-06-30,1,2026-09-15T16:23:28.567411+00:00
IMPORTS_GOODS_SERVICES_EUROPE,ba:country,2021-Q3,2026-09-15T16:23:28.567411+00:00,2431.7,final,2021-07-01,2021-09-30,1,2026-09-15T16:23:28.567411+00:00
IMPORTS_GOODS_SERVICES_EUROPE,ba:country,2021-Q4,2026-09-15T16:23:28.567411+00:00,2545.3,final,2021-10-01,2021-12-31,1,2026-09-15T16:23:28.567411+00:00
IMPORTS_GOODS_SERVICES_EUROPE,ba:country,2022-Q1,2026-09-15T16:23:28.567411+00:00,2576.9,final,2022-01-01,2022-03-31,1,2026-09-15T16:23:28.567411+00:00
IMPORTS_GOODS_SERVICES_EUROPE,ba:country,2022-Q2,2026-09-15T16:23:28.567411+00:00,2539.2,final,2022-04-01,2022-06-30,1,2026-09-15T16:23:28.567411+00:00
IMPORTS_GOODS_SERVICES_EUROPE,ba:country,2022-Q3,2026-09-15T16:23:28.567411+00:00,2511.5,final,2022-07-01,2022-09-30,1,2026-09-15T16:23:28.567411+00:00
IMPORTS_GOODS_SERVICES_EUROPE,ba:country,2022-Q4,2026-09-15T16:23:28.567411+00:00,2538.4,final,2022-10-01,2022-12-31,1,2026-09-15T16:23:28.567411+00:00
IMPORTS_GOODS_SERVICES_EUROPE,ba:country,2023-Q1,2026-09-15T16:23:28.567411+00:00,2454.4,final,2023-01-01,2023-03-31,1,2026-09-15T16:23:28.567411+00:00
IMPORTS_GOODS_SERVICES_EUROPE,ba:country,2023-Q2,2026-09-15T16:23:28.567411+00:00,2537.5,final,2023-04-01,2023-06-30,1,2026-09-15T16:23:28.567411+00:00
IMPORTS_GOODS_SERVICES_EUROPE,ba:country,2023-Q3,2026-09-15T16:23:28.567411+00:00,2533.0,final,2023-07-01,2023-09-30,1,2026-09-15T16:23:28.567411+00:00
IMPORTS_GOODS_SERVICES_EUROPE,ba:country,2023-Q4,2026-09-15T16:23:28.567411+00:00,2514.1,final,2023-10-01,2023-12-31,1,2026-09-15T16:23:28.567411+00:00
IMPORTS_GOODS_SERVICES_EUROPE,ba:country,2024-Q1,2026-09-15T16:23:28.567411+00:00,2604.1,final,2024-01-01,2024-03-31,1,2026-09-15T16:23:28.567411+00:00
IMPORTS_GOODS_SERVICES_EUROPE,ba:country,2024-Q2,2026-09-15T16:23:28.567411+00:00,2607.8,final,2024-04-01,2024-06-30,1,2026-09-15T16:23:28.567411+00:00
IMPORTS_GOODS_SERVICES_EUROPE,ba:country,2024-Q3,2026-09-15T16:23:28.567411+00:00,2650.1,final,2024-07-01,2024-09-30,1,2026-09-15T16:23:28.567411+00:00
IMPORTS_GOODS_SERVICES_EUROPE,ba:country,2024-Q4,2026-09-15T16:23:28.567411+00:00,2648.8,final,2024-10-01,2024-12-31,1,2026-09-15T16:23:28.567411+00:00
IMPORTS_GOODS_SERVICES_EUROPE,ba:country,2025-Q1,2026-09-15T16:23:28.567411+00:00,2701.1,final,2025-01-01,2025-03-31,1,2026-09-15T16:23:28.567411+00:00
IMPORTS_GOODS_SERVICES_EUROPE,ba:country,2025-Q2,2026-09-15T16:23:28.567411+00:00,2749.6,final,2025-04-01,2025-06-30,1,2026-09-15T16:23:28.567411+00:00
IMPORTS_GOODS_SERVICES_EUROPE,ba:country,2025-Q3,2026-09-15T16:23:28.567411+00:00,2812.3,final,2025-07-01,2025-09-30,1,2026-09-15T16:23:28.567411+00:00
IMPORTS_GOODS_SERVICES_EUROPE,ba:country,2025-Q4,2026-09-15T16:23:28.567411+00:00,2799.7,final,2025-10-01,2025-12-31,1,2026-09-15T16:23:28.567411+00:00
IMPORTS_GOODS_SERVICES_EUROPE,ba:country,2026-Q1,2026-09-15T16:23:28.567411+00:00,2855.0,final,2026-01-01,2026-03-31,1,2026-09-15T16:23:28.567411+00:00
IMPORTS_GOODS_SERVICES_EUROPE,be:country,2008-Q1,2026-09-15T16:23:28.567411+00:00,68923.6,final,2008-01-01,2008-03-31,1,2026-09-15T16:23:28.567411+00:00
IMPORTS_GOODS_SERVICES_EUROPE,be:country,2008-Q2,2026-09-15T16:23:28.567411+00:00,71063.9,final,2008-04-01,2008-06-30,1,2026-09-15T16:23:28.567411+00:00
IMPORTS_GOODS_SERVICES_EUROPE,be:country,2008-Q3,2026-09-15T16:23:28.567411+00:00,70833.5,final,2008-07-01,2008-09-30,1,2026-09-15T16:23:28.567411+00:00
IMPORTS_GOODS_SERVICES_EUROPE,be:country,2008-Q4,2026-09-15T16:23:28.567411+00:00,64710.3,final,2008-10-01,2008-12-31,1,2026-09-15T16:23:28.567411+00:00
IMPORTS_GOODS_SERVICES_EUROPE,be:country,2009-Q1,2026-09-15T16:23:28.567411+00:00,60414.6,final,2009-01-01,2009-03-31,1,2026-09-15T16:23:28.567411+00:00
IMPORTS_GOODS_SERVICES_EUROPE,be:country,2009-Q2,2026-09-15T16:23:28.567411+00:00,60411.2,final,2009-04-01,2009-06-30,1,2026-09-15T16:23:28.567411+00:00
IMPORTS_GOODS_SERVICES_EUROPE,be:country,2009-Q3,2026-09-15T16:23:28.567411+00:00,62223.7,final,2009-07-01,2009-09-30,1,2026-09-15T16:23:28.567411+00:00
IMPORTS_GOODS_SERVICES_EUROPE,be:country,2009-Q4,2026-09-15T16:23:28.567411+00:00,63251.6,final,2009-10-01,2009-12-31,1,2026-09-15T16:23:28.567411+00:00
IMPORTS_GOODS_SERVICES_EUROPE,be:country,2010-Q1,2026-09-15T16:23:28.567411+00:00,64763.4,final,2010-01-01,2010-03-31,1,2026-09-15T16:23:28.567411+00:00
IMPORTS_GOODS_SERVICES_EUROPE,be:country,2010-Q2,2026-09-15T16:23:28.567411+00:00,68006.7,final,2010-04-01,2010-06-30,1,2026-09-15T16:23:28.567411+00:00
IMPORTS_GOODS_SERVICES_EUROPE,be:country,2010-Q3,2026-09-15T16:23:28.567411+00:00,68221.9,final,2010-07-01,2010-09-30,1,2026-09-15T16:23:28.567411+00:00
IMPORTS_GOODS_SERVICES_EUROPE,be:country,2010-Q4,2026-09-15T16:23:28.567411+00:00,69021.7,final,2010-10-01,2010-12-31,1,2026-09-15T16:23:28.567411+00:00
IMPORTS_GOODS_SERVICES_EUROPE,be:country,2011-Q1,2026-09-15T16:23:28.567411+00:00,70942.5,final,2011-01-01,2011-03-31,1,2026-09-15T16:23:28.567411+00:00
IMPORTS_GOODS_SERVICES_EUROPE,be:country,2011-Q2,2026-09-15T16:23:28.567411+00:00,71646.3,final,2011-04-01,2011-06-30,1,2026-09-15T16:23:28.567411+00:00
IMPORTS_GOODS_SERVICES_EUROPE,be:country,2011-Q3,2026-09-15T16:23:28.567411+00:00,72727.5,final,2011-07-01,2011-09-30,1,2026-09-15T16:23:28.567411+00:00
IMPORTS_GOODS_SERVICES_EUROPE,be:country,2011-Q4,2026-09-15T16:23:28.567411+00:00,70129.6,final,2011-10-01,2011-12-31,1,2026-09-15T16:23:28.567411+00:00
IMPORTS_GOODS_SERVICES_EUROPE,be:country,2012-Q1,2026-09-15T16:23:28.567411+00:00,71744.9,final,2012-01-01,2012-03-31,1,2026-09-15T16:23:28.567411+00:00
IMPORTS_GOODS_SERVICES_EUROPE,be:country,2012-Q2,2026-09-15T16:23:28.567411+00:00,71078.8,final,2012-04-01,2012-06-30,1,2026-09-15T16:23:28.567411+00:00
IMPORTS_GOODS_SERVICES_EUROPE,be:country,2012-Q3,2026-09-15T16:23:28.567411+00:00,70412.7,final,2012-07-01,2012-09-30,1,2026-09-15T16:23:28.567411+00:00
IMPORTS_GOODS_SERVICES_EUROPE,be:country,2012-Q4,2026-09-15T16:23:28.567411+00:00,70424.3,final,2012-10-01,2012-12-31,1,2026-09-15T16:23:28.567411+00:00
IMPORTS_GOODS_SERVICES_EUROPE,be:country,2013-Q1,2026-09-15T16:23:28.567411+00:00,70165.2,final,2013-01-01,2013-03-31,1,2026-09-15T16:23:28.567411+00:00
IMPORTS_GOODS_SERVICES_EUROPE,be:country,2013-Q2,2026-09-15T16:23:28.567411+00:00,70396.0,final,2013-04-01,2013-06-30,1,2026-09-15T16:23:28.567411+00:00
IMPORTS_GOODS_SERVICES_EUROPE,be:country,2013-Q3,2026-09-15T16:23:28.567411+00:00,70909.9,final,2013-07-01,2013-09-30,1,2026-09-15T16:23:28.567411+00:00
IMPORTS_GOODS_SERVICES_EUROPE,be:country,2013-Q4,2026-09-15T16:23:28.567411+00:00,72084.9,final,2013-10-01,2013-12-31,1,2026-09-15T16:23:28.567411+00:00
IMPORTS_GOODS_SERVICES_EUROPE,be:country,2014-Q1,2026-09-15T16:23:28.567411+00:00,72791.3,final,2014-01-01,2014-03-31,1,2026-09-15T16:23:28.567411+00:00
IMPORTS_GOODS_SERVICES_EUROPE,be:country,2014-Q2,2026-09-15T16:23:28.567411+00:00,73877.7,final,2014-04-01,2014-06-30,1,2026-09-15T16:23:28.567411+00:00
IMPORTS_GOODS_SERVICES_EUROPE,be:country,2014-Q3,2026-09-15T16:23:28.567411+00:00,76573.7,final,2014-07-01,2014-09-30,1,2026-09-15T16:23:28.567411+00:00
IMPORTS_GOODS_SERVICES_EUROPE,be:country,2014-Q4,2026-09-15T16:23:28.567411+00:00,75685.3,final,2014-10-01,2014-12-31,1,2026-09-15T16:23:28.567411+00:00
IMPORTS_GOODS_SERVICES_EUROPE,be:country,2015-Q1,2026-09-15T16:23:28.567411+00:00,78254.0,final,2015-01-01,2015-03-31,1,2026-09-15T16:23:28.567411+00:00
IMPORTS_GOODS_SERVICES_EUROPE,be:country,2015-Q2,2026-09-15T16:23:28.567411+00:00,76813.0,final,2015-04-01,2015-06-30,1,2026-09-15T16:23:28.567411+00:00
IMPORTS_GOODS_SERVICES_EUROPE,be:country,2015-Q3,2026-09-15T16:23:28.567411+00:00,77070.7,final,2015-07-01,2015-09-30,1,2026-09-15T16:23:28.567411+00:00
IMPORTS_GOODS_SERVICES_EUROPE,be:country,2015-Q4,2026-09-15T16:23:28.567411+00:00,79347.6,final,2015-10-01,2015-12-31,1,2026-09-15T16:23:28.567411+00:00
IMPORTS_GOODS_SERVICES_EUROPE,be:country,2016-Q1,2026-09-15T16:23:28.567411+00:00,79466.5,final,2016-01-01,2016-03-31,1,2026-09-15T16:23:28.567411+00:00
IMPORTS_GOODS_SERVICES_EUROPE,be:country,2016-Q2,2026-09-15T16:23:28.567411+00:00,83498.4,final,2016-04-01,2016-06-30,1,2026-09-15T16:23:28.567411+00:00
IMPORTS_GOODS_SERVICES_EUROPE,be:country,2016-Q3,2026-09-15T16:23:28.567411+00:00,86181.2,final,2016-07-01,2016-09-30,1,2026-09-15T16:23:28.567411+00:00
IMPORTS_GOODS_SERVICES_EUROPE,be:country,2016-Q4,2026-09-15T16:23:28.567411+00:00,86551.8,final,2016-10-01,2016-12-31,1,2026-09-15T16:23:28.567411+00:00
IMPORTS_GOODS_SERVICES_EUROPE,be:country,2017-Q1,2026-09-15T16:23:28.567411+00:00,88228.0,final,2017-01-01,2017-03-31,1,2026-09-15T16:23:28.567411+00:00
IMPORTS_GOODS_SERVICES_EUROPE,be:country,2017-Q2,2026-09-15T16:23:28.567411+00:00,88435.2,final,2017-04-01,2017-06-30,1,2026-09-15T16:23:28.567411+00:00
IMPORTS_GOODS_SERVICES_EUROPE,be:country,2017-Q3,2026-09-15T16:23:28.567411+00:00,87571.8,final,2017-07-01,2017-09-30,1,2026-09-15T16:23:28.567411+00:00
IMPORTS_GOODS_SERVICES_EUROPE,be:country,2017-Q4,2026-09-15T16:23:28.567411+00:00,89468.5,final,2017-10-01,2017-12-31,1,2026-09-15T16:23:28.567411+00:00
IMPORTS_GOODS_SERVICES_EUROPE,be:country,2018-Q1,2026-09-15T16:23:28.567411+00:00,90279.2,final,2018-01-01,2018-03-31,1,2026-09-15T16:23:28.567411+00:00
IMPORTS_GOODS_SERVICES_EUROPE,be:country,2018-Q2,2026-09-15T16:23:28.567411+00:00,89522.0,final,2018-04-01,2018-06-30,1,2026-09-15T16:23:28.567411+00:00
IMPORTS_GOODS_SERVICES_EUROPE,be:country,2018-Q3,2026-09-15T16:23:28.567411+00:00,90804.0,final,2018-07-01,2018-09-30,1,2026-09-15T16:23:28.567411+00:00
IMPORTS_GOODS_SERVICES_EUROPE,be:country,2018-Q4,2026-09-15T16:23:28.567411+00:00,91368.5,final,2018-10-01,2018-12-31,1,2026-09-15T16:23:28.567411+00:00
IMPORTS_GOODS_SERVICES_EUROPE,be:country,2019-Q1,2026-09-15T16:23:28.567411+00:00,91322.6,final,2019-01-01,2019-03-31,1,2026-09-15T16:23:28.567411+00:00
IMPORTS_GOODS_SERVICES_EUROPE,be:country,2019-Q2,2026-09-15T16:23:28.567411+00:00,92362.8,final,2019-04-01,2019-06-30,1,2026-09-15T16:23:28.567411+00:00
IMPORTS_GOODS_SERVICES_EUROPE,be:country,2019-Q3,2026-09-15T16:23:28.567411+00:00,91527.0,final,2019-07-01,2019-09-30,1,2026-09-15T16:23:28.567411+00:00
IMPORTS_GOODS_SERVICES_EUROPE,be:country,2019-Q4,2026-09-15T16:23:28.567411+00:00,92139.6,final,2019-10-01,2019-12-31,1,2026-09-15T16:23:28.567411+00:00
IMPORTS_GOODS_SERVICES_EUROPE,be:country,2020-Q1,2026-09-15T16:23:28.567411+00:00,90282.5,final,2020-01-01,2020-03-31,1,2026-09-15T16:23:28.567411+00:00
IMPORTS_GOODS_SERVICES_EUROPE,be:country,2020-Q2,2026-09-15T16:23:28.567411+00:00,78241.2,final,2020-04-01,2020-06-30,1,2026-09-15T16:23:28.567411+00:00
IMPORTS_GOODS_SERVICES_EUROPE,be:country,2020-Q3,2026-09-15T16:23:28.567411+00:00,86042.0,final,2020-07-01,2020-09-30,1,2026-09-15T16:23:28.567411+00:00
IMPORTS_GOODS_SERVICES_EUROPE,be:country,2020-Q4,2026-09-15T16:23:28.567411+00:00,88084.3,final,2020-10-01,2020-12-31,1,2026-09-15T16:23:28.567411+00:00
IMPORTS_GOODS_SERVICES_EUROPE,be:country,2021-Q1,2026-09-15T16:23:28.567411+00:00,90987.4,final,2021-01-01,2021-03-31,1,2026-09-15T16:23:28.567411+00:00
IMPORTS_GOODS_SERVICES_EUROPE,be:country,2021-Q2,2026-09-15T16:23:28.567411+00:00,96804.7,final,2021-04-01,2021-06-30,1,2026-09-15T16:23:28.567411+00:00
IMPORTS_GOODS_SERVICES_EUROPE,be:country,2021-Q3,2026-09-15T16:23:28.567411+00:00,98266.0,final,2021-07-01,2021-09-30,1,2026-09-15T16:23:28.567411+00:00
IMPORTS_GOODS_SERVICES_EUROPE,be:country,2021-Q4,2026-09-15T16:23:28.567411+00:00,100558.9,final,2021-10-01,2021-12-31,1,2026-09-15T16:23:28.567411+00:00
IMPORTS_GOODS_SERVICES_EUROPE,be:country,2022-Q1,2026-09-15T16:23:28.567411+00:00,99400.5,final,2022-01-01,2022-03-31,1,2026-09-15T16:23:28.567411+00:00
IMPORTS_GOODS_SERVICES_EUROPE,be:country,2022-Q2,2026-09-15T16:23:28.567411+00:00,99123.6,final,2022-04-01,2022-06-30,1,2026-09-15T16:23:28.567411+00:00
IMPORTS_GOODS_SERVICES_EUROPE,be:country,2022-Q3,2026-09-15T16:23:28.567411+00:00,100998.3,final,2022-07-01,2022-09-30,1,2026-09-15T16:23:28.567411+00:00
IMPORTS_GOODS_SERVICES_EUROPE,be:country,2022-Q4,2026-09-15T16:23:28.567411+00:00,100542.1,final,2022-10-01,2022-12-31,1,2026-09-15T16:23:28.567411+00:00
IMPORTS_GOODS_SERVICES_EUROPE,be:country,2023-Q1,2026-09-15T16:23:28.567411+00:00,96028.4,final,2023-01-01,2023-03-31,1,2026-09-15T16:23:28.567411+00:00
IMPORTS_GOODS_SERVICES_EUROPE,be:country,2023-Q2,2026-09-15T16:23:28.567411+00:00,92855.5,final,2023-04-01,2023-06-30,1,2026-09-15T16:23:28.567411+00:00
IMPORTS_GOODS_SERVICES_EUROPE,be:country,2023-Q3,2026-09-15T16:23:28.567411+00:00,90410.7,final,2023-07-01,2023-09-30,1,2026-09-15T16:23:28.567411+00:00
IMPORTS_GOODS_SERVICES_EUROPE,be:country,2023-Q4,2026-09-15T16:23:28.567411+00:00,90224.6,final,2023-10-01,2023-12-31,1,2026-09-15T16:23:28.567411+00:00
IMPORTS_GOODS_SERVICES_EUROPE,be:country,2024-Q1,2026-09-15T16:23:28.567411+00:00,91473.4,provisional,2024-01-01,2024-03-31,1,2026-09-15T16:23:28.567411+00:00
IMPORTS_GOODS_SERVICES_EUROPE,be:country,2024-Q2,2026-09-15T16:23:28.567411+00:00,91507.0,provisional,2024-04-01,2024-06-30,1,2026-09-15T16:23:28.567411+00:00
IMPORTS_GOODS_SERVICES_EUROPE,be:country,2024-Q3,2026-09-15T16:23:28.567411+00:00,90299.8,provisional,2024-07-01,2024-09-30,1,2026-09-15T16:23:28.567411+00:00
IMPORTS_GOODS_SERVICES_EUROPE,be:country,2024-Q4,2026-09-15T16:23:28.567411+00:00,91479.4,provisional,2024-10-01,2024-12-31,1,2026-09-15T16:23:28.567411+00:00
IMPORTS_GOODS_SERVICES_EUROPE,be:country,2025-Q1,2026-09-15T16:23:28.567411+00:00,92148.3,provisional,2025-01-01,2025-03-31,1,2026-09-15T16:23:28.567411+00:00
IMPORTS_GOODS_SERVICES_EUROPE,be:country,2025-Q2,2026-09-15T16:23:28.567411+00:00,91445.6,provisional,2025-04-01,2025-06-30,1,2026-09-15T16:23:28.567411+00:00
IMPORTS_GOODS_SERVICES_EUROPE,be:country,2025-Q3,2026-09-15T16:23:28.567411+00:00,91283.8,provisional,2025-07-01,2025-09-30,1,2026-09-15T16:23:28.567411+00:00
IMPORTS_GOODS_SERVICES_EUROPE,be:country,2025-Q4,2026-09-15T16:23:28.567411+00:00,90410.1,provisional,2025-10-01,2025-12-31,1,2026-09-15T16:23:28.567411+00:00
IMPORTS_GOODS_SERVICES_EUROPE,be:country,2026-Q1,2026-09-15T16:23:28.567411+00:00,92290.9,provisional,2026-01-01,2026-03-31,1,2026-09-15T16:23:28.567411+00:00
IMPORTS_GOODS_SERVICES_EUROPE,be:country,2026-Q2,2026-09-15T16:23:28.567411+00:00,94002.7,provisional,2026-04-01,2026-06-30,1,2026-09-15T16:23:28.567411+00:00
IMPORTS_GOODS_SERVICES_EUROPE,bg:country,2008-Q1,2026-09-15T16:23:28.567411+00:00,6383.1,final,2008-01-01,2008-03-31,1,2026-09-15T16:23:28.567411+00:00
IMPORTS_GOODS_SERVICES_EUROPE,bg:country,2008-Q2,2026-09-15T16:23:28.567411+00:00,6879.9,final,2008-04-01,2008-06-30,1,2026-09-15T16:23:28.567411+00:00
IMPORTS_GOODS_SERVICES_EUROPE,bg:country,2008-Q3,2026-09-15T16:23:28.567411+00:00,6388.1,final,2008-07-01,2008-09-30,1,2026-09-15T16:23:28.567411+00:00
IMPORTS_GOODS_SERVICES_EUROPE,bg:country,2008-Q4,2026-09-15T16:23:28.567411+00:00,6269.2,final,2008-10-01,2008-12-31,1,2026-09-15T16:23:28.567411+00:00
IMPORTS_GOODS_SERVICES_EUROPE,bg:country,2009-Q1,2026-09-15T16:23:28.567411+00:00,5043.1,final,2009-01-01,2009-03-31,1,2026-09-15T16:23:28.567411+00:00
IMPORTS_GOODS_SERVICES_EUROPE,bg:country,2009-Q2,2026-09-15T16:23:28.567411+00:00,5113.3,final,2009-04-01,2009-06-30,1,2026-09-15T16:23:28.567411+00:00
IMPORTS_GOODS_SERVICES_EUROPE,bg:country,2009-Q3,2026-09-15T16:23:28.567411+00:00,5064.4,final,2009-07-01,2009-09-30,1,2026-09-15T16:23:28.567411+00:00
IMPORTS_GOODS_SERVICES_EUROPE,bg:country,2009-Q4,2026-09-15T16:23:28.567411+00:00,5120.4,final,2009-10-01,2009-12-31,1,2026-09-15T16:23:28.567411+00:00
IMPORTS_GOODS_SERVICES_EUROPE,bg:country,2010-Q1,2026-09-15T16:23:28.567411+00:00,4783.7,final,2010-01-01,2010-03-31,1,2026-09-15T16:23:28.567411+00:00
IMPORTS_GOODS_SERVICES_EUROPE,bg:country,2010-Q2,2026-09-15T16:23:28.567411+00:00,5018.0,final,2010-04-01,2010-06-30,1,2026-09-15T16:23:28.567411+00:00
IMPORTS_GOODS_SERVICES_EUROPE,bg:country,2010-Q3,2026-09-15T16:23:28.567411+00:00,5077.4,final,2010-07-01,2010-09-30,1,2026-09-15T16:23:28.567411+00:00
IMPORTS_GOODS_SERVICES_EUROPE,bg:country,2010-Q4,2026-09-15T16:23:28.567411+00:00,5405.1,final,2010-10-01,2010-12-31,1,2026-09-15T16:23:28.567411+00:00
IMPORTS_GOODS_SERVICES_EUROPE,bg:country,2011-Q1,2026-09-15T16:23:28.567411+00:00,5494.9,final,2011-01-01,2011-03-31,1,2026-09-15T16:23:28.567411+00:00
IMPORTS_GOODS_SERVICES_EUROPE,bg:country,2011-Q2,2026-09-15T16:23:28.567411+00:00,5388.0,final,2011-04-01,2011-06-30,1,2026-09-15T16:23:28.567411+00:00
IMPORTS_GOODS_SERVICES_EUROPE,bg:country,2011-Q3,2026-09-15T16:23:28.567411+00:00,5630.6,final,2011-07-01,2011-09-30,1,2026-09-15T16:23:28.567411+00:00
IMPORTS_GOODS_SERVICES_EUROPE,bg:country,2011-Q4,2026-09-15T16:23:28.567411+00:00,5723.2,final,2011-10-01,2011-12-31,1,2026-09-15T16:23:28.567411+00:00
IMPORTS_GOODS_SERVICES_EUROPE,bg:country,2012-Q1,2026-09-15T16:23:28.567411+00:00,5661.4,final,2012-01-01,2012-03-31,1,2026-09-15T16:23:28.567411+00:00
IMPORTS_GOODS_SERVICES_EUROPE,bg:country,2012-Q2,2026-09-15T16:23:28.567411+00:00,6064.4,final,2012-04-01,2012-06-30,1,2026-09-15T16:23:28.567411+00:00
IMPORTS_GOODS_SERVICES_EUROPE,bg:country,2012-Q3,2026-09-15T16:23:28.567411+00:00,5916.2,final,2012-07-01,2012-09-30,1,2026-09-15T16:23:28.567411+00:00
IMPORTS_GOODS_SERVICES_EUROPE,bg:country,2012-Q4,2026-09-15T16:23:28.567411+00:00,5790.8,final,2012-10-01,2012-12-31,1,2026-09-15T16:23:28.567411+00:00
IMPORTS_GOODS_SERVICES_EUROPE,bg:country,2013-Q1,2026-09-15T16:23:28.567411+00:00,5848.4,final,2013-01-01,2013-03-31,1,2026-09-15T16:23:28.567411+00:00
IMPORTS_GOODS_SERVICES_EUROPE,bg:country,2013-Q2,2026-09-15T16:23:28.567411+00:00,6055.0,final,2013-04-01,2013-06-30,1,2026-09-15T16:23:28.567411+00:00
IMPORTS_GOODS_SERVICES_EUROPE,bg:country,2013-Q3,2026-09-15T16:23:28.567411+00:00,6504.7,final,2013-07-01,2013-09-30,1,2026-09-15T16:23:28.567411+00:00
IMPORTS_GOODS_SERVICES_EUROPE,bg:country,2013-Q4,2026-09-15T16:23:28.567411+00:00,6040.8,final,2013-10-01,2013-12-31,1,2026-09-15T16:23:28.567411+00:00
IMPORTS_GOODS_SERVICES_EUROPE,bg:country,2014-Q1,2026-09-15T16:23:28.567411+00:00,6275.7,final,2014-01-01,2014-03-31,1,2026-09-15T16:23:28.567411+00:00
IMPORTS_GOODS_SERVICES_EUROPE,bg:country,2014-Q2,2026-09-15T16:23:28.567411+00:00,6361.2,final,2014-04-01,2014-06-30,1,2026-09-15T16:23:28.567411+00:00
IMPORTS_GOODS_SERVICES_EUROPE,bg:country,2014-Q3,2026-09-15T16:23:28.567411+00:00,6527.1,final,2014-07-01,2014-09-30,1,2026-09-15T16:23:28.567411+00:00
IMPORTS_GOODS_SERVICES_EUROPE,bg:country,2014-Q4,2026-09-15T16:23:28.567411+00:00,6552.7,final,2014-10-01,2014-12-31,1,2026-09-15T16:23:28.567411+00:00
IMPORTS_GOODS_SERVICES_EUROPE,bg:country,2015-Q1,2026-09-15T16:23:28.567411+00:00,6691.0,final,2015-01-01,2015-03-31,1,2026-09-15T16:23:28.567411+00:00
IMPORTS_GOODS_SERVICES_EUROPE,bg:country,2015-Q2,2026-09-15T16:23:28.567411+00:00,6762.8,final,2015-04-01,2015-06-30,1,2026-09-15T16:23:28.567411+00:00
IMPORTS_GOODS_SERVICES_EUROPE,bg:country,2015-Q3,2026-09-15T16:23:28.567411+00:00,6663.2,final,2015-07-01,2015-09-30,1,2026-09-15T16:23:28.567411+00:00
IMPORTS_GOODS_SERVICES_EUROPE,bg:country,2015-Q4,2026-09-15T16:23:28.567411+00:00,6815.6,final,2015-10-01,2015-12-31,1,2026-09-15T16:23:28.567411+00:00
IMPORTS_GOODS_SERVICES_EUROPE,bg:country,2016-Q1,2026-09-15T16:23:28.567411+00:00,6935.0,final,2016-01-01,2016-03-31,1,2026-09-15T16:23:28.567411+00:00
IMPORTS_GOODS_SERVICES_EUROPE,bg:country,2016-Q2,2026-09-15T16:23:28.567411+00:00,7064.8,final,2016-04-01,2016-06-30,1,2026-09-15T16:23:28.567411+00:00
IMPORTS_GOODS_SERVICES_EUROPE,bg:country,2016-Q3,2026-09-15T16:23:28.567411+00:00,7099.2,final,2016-07-01,2016-09-30,1,2026-09-15T16:23:28.567411+00:00
IMPORTS_GOODS_SERVICES_EUROPE,bg:country,2016-Q4,2026-09-15T16:23:28.567411+00:00,7185.9,final,2016-10-01,2016-12-31,1,2026-09-15T16:23:28.567411+00:00
IMPORTS_GOODS_SERVICES_EUROPE,bg:country,2017-Q1,2026-09-15T16:23:28.567411+00:00,7480.7,final,2017-01-01,2017-03-31,1,2026-09-15T16:23:28.567411+00:00
IMPORTS_GOODS_SERVICES_EUROPE,bg:country,2017-Q2,2026-09-15T16:23:28.567411+00:00,7518.0,final,2017-04-01,2017-06-30,1,2026-09-15T16:23:28.567411+00:00
IMPORTS_GOODS_SERVICES_EUROPE,bg:country,2017-Q3,2026-09-15T16:23:28.567411+00:00,7583.1,final,2017-07-01,2017-09-30,1,2026-09-15T16:23:28.567411+00:00
IMPORTS_GOODS_SERVICES_EUROPE,bg:country,2017-Q4,2026-09-15T16:23:28.567411+00:00,7766.5,final,2017-10-01,2017-12-31,1,2026-09-15T16:23:28.567411+00:00
IMPORTS_GOODS_SERVICES_EUROPE,bg:country,2018-Q1,2026-09-15T16:23:28.567411+00:00,7945.0,final,2018-01-01,2018-03-31,1,2026-09-15T16:23:28.567411+00:00
IMPORTS_GOODS_SERVICES_EUROPE,bg:country,2018-Q2,2026-09-15T16:23:28.567411+00:00,8073.1,final,2018-04-01,2018-06-30,1,2026-09-15T16:23:28.567411+00:00
IMPORTS_GOODS_SERVICES_EUROPE,bg:country,2018-Q3,2026-09-15T16:23:28.567411+00:00,7962.6,final,2018-07-01,2018-09-30,1,2026-09-15T16:23:28.567411+00:00
IMPORTS_GOODS_SERVICES_EUROPE,bg:country,2018-Q4,2026-09-15T16:23:28.567411+00:00,8066.3,final,2018-10-01,2018-12-31,1,2026-09-15T16:23:28.567411+00:00
IMPORTS_GOODS_SERVICES_EUROPE,bg:country,2019-Q1,2026-09-15T16:23:28.567411+00:00,8329.9,final,2019-01-01,2019-03-31,1,2026-09-15T16:23:28.567411+00:00
IMPORTS_GOODS_SERVICES_EUROPE,bg:country,2019-Q2,2026-09-15T16:23:28.567411+00:00,8352.2,final,2019-04-01,2019-06-30,1,2026-09-15T16:23:28.567411+00:00
IMPORTS_GOODS_SERVICES_EUROPE,bg:country,2019-Q3,2026-09-15T16:23:28.567411+00:00,8490.7,final,2019-07-01,2019-09-30,1,2026-09-15T16:23:28.567411+00:00
IMPORTS_GOODS_SERVICES_EUROPE,bg:country,2019-Q4,2026-09-15T16:23:28.567411+00:00,8594.2,final,2019-10-01,2019-12-31,1,2026-09-15T16:23:28.567411+00:00
IMPORTS_GOODS_SERVICES_EUROPE,bg:country,2020-Q1,2026-09-15T16:23:28.567411+00:00,8465.8,final,2020-01-01,2020-03-31,1,2026-09-15T16:23:28.567411+00:00
IMPORTS_GOODS_SERVICES_EUROPE,bg:country,2020-Q2,2026-09-15T16:23:28.567411+00:00,7222.2,final,2020-04-01,2020-06-30,1,2026-09-15T16:23:28.567411+00:00
IMPORTS_GOODS_SERVICES_EUROPE,bg:country,2020-Q3,2026-09-15T16:23:28.567411+00:00,8002.8,final,2020-07-01,2020-09-30,1,2026-09-15T16:23:28.567411+00:00
IMPORTS_GOODS_SERVICES_EUROPE,bg:country,2020-Q4,2026-09-15T16:23:28.567411+00:00,8657.9,final,2020-10-01,2020-12-31,1,2026-09-15T16:23:28.567411+00:00
IMPORTS_GOODS_SERVICES_EUROPE,bg:country,2021-Q1,2026-09-15T16:23:28.567411+00:00,8877.3,final,2021-01-01,2021-03-31,1,2026-09-15T16:23:28.567411+00:00
IMPORTS_GOODS_SERVICES_EUROPE,bg:country,2021-Q2,2026-09-15T16:23:28.567411+00:00,8929.0,final,2021-04-01,2021-06-30,1,2026-09-15T16:23:28.567411+00:00
IMPORTS_GOODS_SERVICES_EUROPE,bg:country,2021-Q3,2026-09-15T16:23:28.567411+00:00,9031.1,final,2021-07-01,2021-09-30,1,2026-09-15T16:23:28.567411+00:00
IMPORTS_GOODS_SERVICES_EUROPE,bg:country,2021-Q4,2026-09-15T16:23:28.567411+00:00,8972.2,final,2021-10-01,2021-12-31,1,2026-09-15T16:23:28.567411+00:00
IMPORTS_GOODS_SERVICES_EUROPE,bg:country,2022-Q1,2026-09-15T16:23:28.567411+00:00,10322.7,final,2022-01-01,2022-03-31,1,2026-09-15T16:23:28.567411+00:00
IMPORTS_GOODS_SERVICES_EUROPE,bg:country,2022-Q2,2026-09-15T16:23:28.567411+00:00,10426.9,final,2022-04-01,2022-06-30,1,2026-09-15T16:23:28.567411+00:00
IMPORTS_GOODS_SERVICES_EUROPE,bg:country,2022-Q3,2026-09-15T16:23:28.567411+00:00,10231.1,final,2022-07-01,2022-09-30,1,2026-09-15T16:23:28.567411+00:00
IMPORTS_GOODS_SERVICES_EUROPE,bg:country,2022-Q4,2026-09-15T16:23:28.567411+00:00,10323.9,final,2022-10-01,2022-12-31,1,2026-09-15T16:23:28.567411+00:00
IMPORTS_GOODS_SERVICES_EUROPE,bg:country,2023-Q1,2026-09-15T16:23:28.567411+00:00,9968.9,final,2023-01-01,2023-03-31,1,2026-09-15T16:23:28.567411+00:00
IMPORTS_GOODS_SERVICES_EUROPE,bg:country,2023-Q2,2026-09-15T16:23:28.567411+00:00,9562.1,final,2023-04-01,2023-06-30,1,2026-09-15T16:23:28.567411+00:00
IMPORTS_GOODS_SERVICES_EUROPE,bg:country,2023-Q3,2026-09-15T16:23:28.567411+00:00,9637.6,final,2023-07-01,2023-09-30,1,2026-09-15T16:23:28.567411+00:00
IMPORTS_GOODS_SERVICES_EUROPE,bg:country,2023-Q4,2026-09-15T16:23:28.567411+00:00,9888.0,final,2023-10-01,2023-12-31,1,2026-09-15T16:23:28.567411+00:00
IMPORTS_GOODS_SERVICES_EUROPE,bg:country,2024-Q1,2026-09-15T16:23:28.567411+00:00,9837.5,final,2024-01-01,2024-03-31,1,2026-09-15T16:23:28.567411+00:00
IMPORTS_GOODS_SERVICES_EUROPE,bg:country,2024-Q2,2026-09-15T16:23:28.567411+00:00,10184.6,final,2024-04-01,2024-06-30,1,2026-09-15T16:23:28.567411+00:00
IMPORTS_GOODS_SERVICES_EUROPE,bg:country,2024-Q3,2026-09-15T16:23:28.567411+00:00,10194.4,final,2024-07-01,2024-09-30,1,2026-09-15T16:23:28.567411+00:00
IMPORTS_GOODS_SERVICES_EUROPE,bg:country,2024-Q4,2026-09-15T16:23:28.567411+00:00,10375.8,final,2024-10-01,2024-12-31,1,2026-09-15T16:23:28.567411+00:00
IMPORTS_GOODS_SERVICES_EUROPE,bg:country,2025-Q1,2026-09-15T16:23:28.567411+00:00,10535.8,provisional,2025-01-01,2025-03-31,1,2026-09-15T16:23:28.567411+00:00
IMPORTS_GOODS_SERVICES_EUROPE,bg:country,2025-Q2,2026-09-15T16:23:28.567411+00:00,10311.6,provisional,2025-04-01,2025-06-30,1,2026-09-15T16:23:28.567411+00:00
IMPORTS_GOODS_SERVICES_EUROPE,bg:country,2025-Q3,2026-09-15T16:23:28.567411+00:00,10594.7,provisional,2025-07-01,2025-09-30,1,2026-09-15T16:23:28.567411+00:00
IMPORTS_GOODS_SERVICES_EUROPE,bg:country,2025-Q4,2026-09-15T16:23:28.567411+00:00,11537.5,provisional,2025-10-01,2025-12-31,1,2026-09-15T16:23:28.567411+00:00
IMPORTS_GOODS_SERVICES_EUROPE,bg:country,2026-Q1,2026-09-15T16:23:28.567411+00:00,11396.1,provisional,2026-01-01,2026-03-31,1,2026-09-15T16:23:28.567411+00:00
IMPORTS_GOODS_SERVICES_EUROPE,bg:country,2026-Q2,2026-09-15T16:23:28.567411+00:00,11185.3,provisional,2026-04-01,2026-06-30,1,2026-09-15T16:23:28.567411+00:00
IMPORTS_GOODS_SERVICES_EUROPE,ch:country,2008-Q1,2026-09-15T16:23:28.567411+00:00,61168.9,final,2008-01-01,2008-03-31,1,2026-09-15T16:23:28.567411+00:00
IMPORTS_GOODS_SERVICES_EUROPE,ch:country,2008-Q2,2026-09-15T16:23:28.567411+00:00,57898.2,final,2008-04-01,2008-06-30,1,2026-09-15T16:23:28.567411+00:00
IMPORTS_GOODS_SERVICES_EUROPE,ch:country,2008-Q3,2026-09-15T16:23:28.567411+00:00,59905.8,final,2008-07-01,2008-09-30,1,2026-09-15T16:23:28.567411+00:00
IMPORTS_GOODS_SERVICES_EUROPE,ch:country,2008-Q4,2026-09-15T16:23:28.567411+00:00,61379.4,final,2008-10-01,2008-12-31,1,2026-09-15T16:23:28.567411+00:00
IMPORTS_GOODS_SERVICES_EUROPE,ch:country,2009-Q1,2026-09-15T16:23:28.567411+00:00,63194.8,final,2009-01-01,2009-03-31,1,2026-09-15T16:23:28.567411+00:00
IMPORTS_GOODS_SERVICES_EUROPE,ch:country,2009-Q2,2026-09-15T16:23:28.567411+00:00,55641.8,final,2009-04-01,2009-06-30,1,2026-09-15T16:23:28.567411+00:00
IMPORTS_GOODS_SERVICES_EUROPE,ch:country,2009-Q3,2026-09-15T16:23:28.567411+00:00,56822.3,final,2009-07-01,2009-09-30,1,2026-09-15T16:23:28.567411+00:00
IMPORTS_GOODS_SERVICES_EUROPE,ch:country,2009-Q4,2026-09-15T16:23:28.567411+00:00,58394.8,final,2009-10-01,2009-12-31,1,2026-09-15T16:23:28.567411+00:00
IMPORTS_GOODS_SERVICES_EUROPE,ch:country,2010-Q1,2026-09-15T16:23:28.567411+00:00,60658.1,final,2010-01-01,2010-03-31,1,2026-09-15T16:23:28.567411+00:00
IMPORTS_GOODS_SERVICES_EUROPE,ch:country,2010-Q2,2026-09-15T16:23:28.567411+00:00,63571.8,final,2010-04-01,2010-06-30,1,2026-09-15T16:23:28.567411+00:00
IMPORTS_GOODS_SERVICES_EUROPE,ch:country,2010-Q3,2026-09-15T16:23:28.567411+00:00,63277.7,final,2010-07-01,2010-09-30,1,2026-09-15T16:23:28.567411+00:00
IMPORTS_GOODS_SERVICES_EUROPE,ch:country,2010-Q4,2026-09-15T16:23:28.567411+00:00,65128.3,final,2010-10-01,2010-12-31,1,2026-09-15T16:23:28.567411+00:00
IMPORTS_GOODS_SERVICES_EUROPE,ch:country,2011-Q1,2026-09-15T16:23:28.567411+00:00,68900.6,final,2011-01-01,2011-03-31,1,2026-09-15T16:23:28.567411+00:00
IMPORTS_GOODS_SERVICES_EUROPE,ch:country,2011-Q2,2026-09-15T16:23:28.567411+00:00,66616.4,final,2011-04-01,2011-06-30,1,2026-09-15T16:23:28.567411+00:00
IMPORTS_GOODS_SERVICES_EUROPE,ch:country,2011-Q3,2026-09-15T16:23:28.567411+00:00,69291.6,final,2011-07-01,2011-09-30,1,2026-09-15T16:23:28.567411+00:00
IMPORTS_GOODS_SERVICES_EUROPE,ch:country,2011-Q4,2026-09-15T16:23:28.567411+00:00,71854.1,final,2011-10-01,2011-12-31,1,2026-09-15T16:23:28.567411+00:00
IMPORTS_GOODS_SERVICES_EUROPE,ch:country,2012-Q1,2026-09-15T16:23:28.567411+00:00,67761.0,final,2012-01-01,2012-03-31,1,2026-09-15T16:23:28.567411+00:00
IMPORTS_GOODS_SERVICES_EUROPE,ch:country,2012-Q2,2026-09-15T16:23:28.567411+00:00,66102.4,final,2012-04-01,2012-06-30,1,2026-09-15T16:23:28.567411+00:00
IMPORTS_GOODS_SERVICES_EUROPE,ch:country,2012-Q3,2026-09-15T16:23:28.567411+00:00,70362.1,final,2012-07-01,2012-09-30,1,2026-09-15T16:23:28.567411+00:00
IMPORTS_GOODS_SERVICES_EUROPE,ch:country,2012-Q4,2026-09-15T16:23:28.567411+00:00,66376.9,final,2012-10-01,2012-12-31,1,2026-09-15T16:23:28.567411+00:00
IMPORTS_GOODS_SERVICES_EUROPE,ch:country,2013-Q1,2026-09-15T16:23:28.567411+00:00,71843.7,final,2013-01-01,2013-03-31,1,2026-09-15T16:23:28.567411+00:00
IMPORTS_GOODS_SERVICES_EUROPE,ch:country,2013-Q2,2026-09-15T16:23:28.567411+00:00,82515.1,final,2013-04-01,2013-06-30,1,2026-09-15T16:23:28.567411+00:00
IMPORTS_GOODS_SERVICES_EUROPE,ch:country,2013-Q3,2026-09-15T16:23:28.567411+00:00,76354.5,final,2013-07-01,2013-09-30,1,2026-09-15T16:23:28.567411+00:00
IMPORTS_GOODS_SERVICES_EUROPE,ch:country,2013-Q4,2026-09-15T16:23:28.567411+00:00,72224.8,final,2013-10-01,2013-12-31,1,2026-09-15T16:23:28.567411+00:00
IMPORTS_GOODS_SERVICES_EUROPE,ch:country,2014-Q1,2026-09-15T16:23:28.567411+00:00,73544.2,final,2014-01-01,2014-03-31,1,2026-09-15T16:23:28.567411+00:00
IMPORTS_GOODS_SERVICES_EUROPE,ch:country,2014-Q2,2026-09-15T16:23:28.567411+00:00,66522.5,final,2014-04-01,2014-06-30,1,2026-09-15T16:23:28.567411+00:00
IMPORTS_GOODS_SERVICES_EUROPE,ch:country,2014-Q3,2026-09-15T16:23:28.567411+00:00,69695.1,final,2014-07-01,2014-09-30,1,2026-09-15T16:23:28.567411+00:00
IMPORTS_GOODS_SERVICES_EUROPE,ch:country,2014-Q4,2026-09-15T16:23:28.567411+00:00,73122.8,final,2014-10-01,2014-12-31,1,2026-09-15T16:23:28.567411+00:00
IMPORTS_GOODS_SERVICES_EUROPE,ch:country,2015-Q1,2026-09-15T16:23:28.567411+00:00,74563.7,final,2015-01-01,2015-03-31,1,2026-09-15T16:23:28.567411+00:00
IMPORTS_GOODS_SERVICES_EUROPE,ch:country,2015-Q2,2026-09-15T16:23:28.567411+00:00,70589.3,final,2015-04-01,2015-06-30,1,2026-09-15T16:23:28.567411+00:00
IMPORTS_GOODS_SERVICES_EUROPE,ch:country,2015-Q3,2026-09-15T16:23:28.567411+00:00,73730.2,final,2015-07-01,2015-09-30,1,2026-09-15T16:23:28.567411+00:00
IMPORTS_GOODS_SERVICES_EUROPE,ch:country,2015-Q4,2026-09-15T16:23:28.567411+00:00,76809.6,final,2015-10-01,2015-12-31,1,2026-09-15T16:23:28.567411+00:00
IMPORTS_GOODS_SERVICES_EUROPE,ch:country,2016-Q1,2026-09-15T16:23:28.567411+00:00,77776.3,final,2016-01-01,2016-03-31,1,2026-09-15T16:23:28.567411+00:00
IMPORTS_GOODS_SERVICES_EUROPE,ch:country,2016-Q2,2026-09-15T16:23:28.567411+00:00,76376.1,final,2016-04-01,2016-06-30,1,2026-09-15T16:23:28.567411+00:00
IMPORTS_GOODS_SERVICES_EUROPE,ch:country,2016-Q3,2026-09-15T16:23:28.567411+00:00,76062.9,final,2016-07-01,2016-09-30,1,2026-09-15T16:23:28.567411+00:00
IMPORTS_GOODS_SERVICES_EUROPE,ch:country,2016-Q4,2026-09-15T16:23:28.567411+00:00,80661.9,final,2016-10-01,2016-12-31,1,2026-09-15T16:23:28.567411+00:00
IMPORTS_GOODS_SERVICES_EUROPE,ch:country,2017-Q1,2026-09-15T16:23:28.567411+00:00,77440.3,final,2017-01-01,2017-03-31,1,2026-09-15T16:23:28.567411+00:00
IMPORTS_GOODS_SERVICES_EUROPE,ch:country,2017-Q2,2026-09-15T16:23:28.567411+00:00,76450.6,final,2017-04-01,2017-06-30,1,2026-09-15T16:23:28.567411+00:00
IMPORTS_GOODS_SERVICES_EUROPE,ch:country,2017-Q3,2026-09-15T16:23:28.567411+00:00,79493.3,final,2017-07-01,2017-09-30,1,2026-09-15T16:23:28.567411+00:00
IMPORTS_GOODS_SERVICES_EUROPE,ch:country,2017-Q4,2026-09-15T16:23:28.567411+00:00,76816.4,final,2017-10-01,2017-12-31,1,2026-09-15T16:23:28.567411+00:00
IMPORTS_GOODS_SERVICES_EUROPE,ch:country,2018-Q1,2026-09-15T16:23:28.567411+00:00,77134.1,final,2018-01-01,2018-03-31,1,2026-09-15T16:23:28.567411+00:00
IMPORTS_GOODS_SERVICES_EUROPE,ch:country,2018-Q2,2026-09-15T16:23:28.567411+00:00,77832.1,final,2018-04-01,2018-06-30,1,2026-09-15T16:23:28.567411+00:00
IMPORTS_GOODS_SERVICES_EUROPE,ch:country,2018-Q3,2026-09-15T16:23:28.567411+00:00,80374.9,final,2018-07-01,2018-09-30,1,2026-09-15T16:23:28.567411+00:00
IMPORTS_GOODS_SERVICES_EUROPE,ch:country,2018-Q4,2026-09-15T16:23:28.567411+00:00,76242.6,final,2018-10-01,2018-12-31,1,2026-09-15T16:23:28.567411+00:00
IMPORTS_GOODS_SERVICES_EUROPE,ch:country,2019-Q1,2026-09-15T16:23:28.567411+00:00,73887.4,final,2019-01-01,2019-03-31,1,2026-09-15T16:23:28.567411+00:00
IMPORTS_GOODS_SERVICES_EUROPE,ch:country,2019-Q2,2026-09-15T16:23:28.567411+00:00,79320.5,final,2019-04-01,2019-06-30,1,2026-09-15T16:23:28.567411+00:00
IMPORTS_GOODS_SERVICES_EUROPE,ch:country,2019-Q3,2026-09-15T16:23:28.567411+00:00,82041.5,final,2019-07-01,2019-09-30,1,2026-09-15T16:23:28.567411+00:00
IMPORTS_GOODS_SERVICES_EUROPE,ch:country,2019-Q4,2026-09-15T16:23:28.567411+00:00,77666.5,final,2019-10-01,2019-12-31,1,2026-09-15T16:23:28.567411+00:00
IMPORTS_GOODS_SERVICES_EUROPE,ch:country,2020-Q1,2026-09-15T16:23:28.567411+00:00,76777.2,final,2020-01-01,2020-03-31,1,2026-09-15T16:23:28.567411+00:00
IMPORTS_GOODS_SERVICES_EUROPE,ch:country,2020-Q2,2026-09-15T16:23:28.567411+00:00,74125.3,final,2020-04-01,2020-06-30,1,2026-09-15T16:23:28.567411+00:00
IMPORTS_GOODS_SERVICES_EUROPE,ch:country,2020-Q3,2026-09-15T16:23:28.567411+00:00,77850.5,final,2020-07-01,2020-09-30,1,2026-09-15T16:23:28.567411+00:00
IMPORTS_GOODS_SERVICES_EUROPE,ch:country,2020-Q4,2026-09-15T16:23:28.567411+00:00,74192.0,final,2020-10-01,2020-12-31,1,2026-09-15T16:23:28.567411+00:00
IMPORTS_GOODS_SERVICES_EUROPE,ch:country,2021-Q1,2026-09-15T16:23:28.567411+00:00,78631.4,final,2021-01-01,2021-03-31,1,2026-09-15T16:23:28.567411+00:00
IMPORTS_GOODS_SERVICES_EUROPE,ch:country,2021-Q2,2026-09-15T16:23:28.567411+00:00,78716.6,final,2021-04-01,2021-06-30,1,2026-09-15T16:23:28.567411+00:00
IMPORTS_GOODS_SERVICES_EUROPE,ch:country,2021-Q3,2026-09-15T16:23:28.567411+00:00,76888.2,final,2021-07-01,2021-09-30,1,2026-09-15T16:23:28.567411+00:00
IMPORTS_GOODS_SERVICES_EUROPE,ch:country,2021-Q4,2026-09-15T16:23:28.567411+00:00,84704.2,final,2021-10-01,2021-12-31,1,2026-09-15T16:23:28.567411+00:00
IMPORTS_GOODS_SERVICES_EUROPE,ch:country,2022-Q1,2026-09-15T16:23:28.567411+00:00,84055.3,final,2022-01-01,2022-03-31,1,2026-09-15T16:23:28.567411+00:00
IMPORTS_GOODS_SERVICES_EUROPE,ch:country,2022-Q2,2026-09-15T16:23:28.567411+00:00,80702.8,final,2022-04-01,2022-06-30,1,2026-09-15T16:23:28.567411+00:00
IMPORTS_GOODS_SERVICES_EUROPE,ch:country,2022-Q3,2026-09-15T16:23:28.567411+00:00,86763.3,final,2022-07-01,2022-09-30,1,2026-09-15T16:23:28.567411+00:00
IMPORTS_GOODS_SERVICES_EUROPE,ch:country,2022-Q4,2026-09-15T16:23:28.567411+00:00,87433.1,final,2022-10-01,2022-12-31,1,2026-09-15T16:23:28.567411+00:00
IMPORTS_GOODS_SERVICES_EUROPE,ch:country,2023-Q1,2026-09-15T16:23:28.567411+00:00,89516.5,final,2023-01-01,2023-03-31,1,2026-09-15T16:23:28.567411+00:00
IMPORTS_GOODS_SERVICES_EUROPE,ch:country,2023-Q2,2026-09-15T16:23:28.567411+00:00,84683.2,final,2023-04-01,2023-06-30,1,2026-09-15T16:23:28.567411+00:00
IMPORTS_GOODS_SERVICES_EUROPE,ch:country,2023-Q3,2026-09-15T16:23:28.567411+00:00,81520.2,final,2023-07-01,2023-09-30,1,2026-09-15T16:23:28.567411+00:00
IMPORTS_GOODS_SERVICES_EUROPE,ch:country,2023-Q4,2026-09-15T16:23:28.567411+00:00,84981.8,final,2023-10-01,2023-12-31,1,2026-09-15T16:23:28.567411+00:00
IMPORTS_GOODS_SERVICES_EUROPE,ch:country,2024-Q1,2026-09-15T16:23:28.567411+00:00,90072.7,final,2024-01-01,2024-03-31,1,2026-09-15T16:23:28.567411+00:00
IMPORTS_GOODS_SERVICES_EUROPE,ch:country,2024-Q2,2026-09-15T16:23:28.567411+00:00,83637.8,final,2024-04-01,2024-06-30,1,2026-09-15T16:23:28.567411+00:00
IMPORTS_GOODS_SERVICES_EUROPE,ch:country,2024-Q3,2026-09-15T16:23:28.567411+00:00,82342.6,final,2024-07-01,2024-09-30,1,2026-09-15T16:23:28.567411+00:00
IMPORTS_GOODS_SERVICES_EUROPE,ch:country,2024-Q4,2026-09-15T16:23:28.567411+00:00,86038.9,final,2024-10-01,2024-12-31,1,2026-09-15T16:23:28.567411+00:00
IMPORTS_GOODS_SERVICES_EUROPE,ch:country,2025-Q1,2026-09-15T16:23:28.567411+00:00,98890.4,final,2025-01-01,2025-03-31,1,2026-09-15T16:23:28.567411+00:00
IMPORTS_GOODS_SERVICES_EUROPE,ch:country,2025-Q2,2026-09-15T16:23:28.567411+00:00,92452.1,final,2025-04-01,2025-06-30,1,2026-09-15T16:23:28.567411+00:00
IMPORTS_GOODS_SERVICES_EUROPE,ch:country,2025-Q3,2026-09-15T16:23:28.567411+00:00,93916.3,final,2025-07-01,2025-09-30,1,2026-09-15T16:23:28.567411+00:00
IMPORTS_GOODS_SERVICES_EUROPE,ch:country,2025-Q4,2026-09-15T16:23:28.567411+00:00,96896.0,final,2025-10-01,2025-12-31,1,2026-09-15T16:23:28.567411+00:00
IMPORTS_GOODS_SERVICES_EUROPE,ch:country,2026-Q1,2026-09-15T16:23:28.567411+00:00,92046.8,final,2026-01-01,2026-03-31,1,2026-09-15T16:23:28.567411+00:00
IMPORTS_GOODS_SERVICES_EUROPE,ch:country,2026-Q2,2026-09-15T16:23:28.567411+00:00,91351.6,final,2026-04-01,2026-06-30,1,2026-09-15T16:23:28.567411+00:00
IMPORTS_GOODS_SERVICES_EUROPE,cy:country,2008-Q1,2026-09-15T16:23:28.567411+00:00,2963.9,final,2008-01-01,2008-03-31,1,2026-09-15T16:23:28.567411+00:00
IMPORTS_GOODS_SERVICES_EUROPE,cy:country,2008-Q2,2026-09-15T16:23:28.567411+00:00,3024.1,final,2008-04-01,2008-06-30,1,2026-09-15T16:23:28.567411+00:00
IMPORTS_GOODS_SERVICES_EUROPE,cy:country,2008-Q3,2026-09-15T16:23:28.567411+00:00,3276.7,final,2008-07-01,2008-09-30,1,2026-09-15T16:23:28.567411+00:00
IMPORTS_GOODS_SERVICES_EUROPE,cy:country,2008-Q4,2026-09-15T16:23:28.567411+00:00,2884.3,final,2008-10-01,2008-12-31,1,2026-09-15T16:23:28.567411+00:00
IMPORTS_GOODS_SERVICES_EUROPE,cy:country,2009-Q1,2026-09-15T16:23:28.567411+00:00,2662.2,final,2009-01-01,2009-03-31,1,2026-09-15T16:23:28.567411+00:00
IMPORTS_GOODS_SERVICES_EUROPE,cy:country,2009-Q2,2026-09-15T16:23:28.567411+00:00,2507.1,final,2009-04-01,2009-06-30,1,2026-09-15T16:23:28.567411+00:00
IMPORTS_GOODS_SERVICES_EUROPE,cy:country,2009-Q3,2026-09-15T16:23:28.567411+00:00,2595.9,final,2009-07-01,2009-09-30,1,2026-09-15T16:23:28.567411+00:00
IMPORTS_GOODS_SERVICES_EUROPE,cy:country,2009-Q4,2026-09-15T16:23:28.567411+00:00,2522.0,final,2009-10-01,2009-12-31,1,2026-09-15T16:23:28.567411+00:00
IMPORTS_GOODS_SERVICES_EUROPE,cy:country,2010-Q1,2026-09-15T16:23:28.567411+00:00,2834.3,final,2010-01-01,2010-03-31,1,2026-09-15T16:23:28.567411+00:00
IMPORTS_GOODS_SERVICES_EUROPE,cy:country,2010-Q2,2026-09-15T16:23:28.567411+00:00,2853.9,final,2010-04-01,2010-06-30,1,2026-09-15T16:23:28.567411+00:00
IMPORTS_GOODS_SERVICES_EUROPE,cy:country,2010-Q3,2026-09-15T16:23:28.567411+00:00,2823.6,final,2010-07-01,2010-09-30,1,2026-09-15T16:23:28.567411+00:00
IMPORTS_GOODS_SERVICES_EUROPE,cy:country,2010-Q4,2026-09-15T16:23:28.567411+00:00,2886.1,final,2010-10-01,2010-12-31,1,2026-09-15T16:23:28.567411+00:00
IMPORTS_GOODS_SERVICES_EUROPE,cy:country,2011-Q1,2026-09-15T16:23:28.567411+00:00,2876.8,final,2011-01-01,2011-03-31,1,2026-09-15T16:23:28.567411+00:00
IMPORTS_GOODS_SERVICES_EUROPE,cy:country,2011-Q2,2026-09-15T16:23:28.567411+00:00,2765.8,final,2011-04-01,2011-06-30,1,2026-09-15T16:23:28.567411+00:00
IMPORTS_GOODS_SERVICES_EUROPE,cy:country,2011-Q3,2026-09-15T16:23:28.567411+00:00,2781.7,final,2011-07-01,2011-09-30,1,2026-09-15T16:23:28.567411+00:00
IMPORTS_GOODS_SERVICES_EUROPE,cy:country,2011-Q4,2026-09-15T16:23:28.567411+00:00,2678.2,final,2011-10-01,2011-12-31,1,2026-09-15T16:23:28.567411+00:00
IMPORTS_GOODS_SERVICES_EUROPE,cy:country,2012-Q1,2026-09-15T16:23:28.567411+00:00,2737.6,final,2012-01-01,2012-03-31,1,2026-09-15T16:23:28.567411+00:00
IMPORTS_GOODS_SERVICES_EUROPE,cy:country,2012-Q2,2026-09-15T16:23:28.567411+00:00,2709.4,final,2012-04-01,2012-06-30,1,2026-09-15T16:23:28.567411+00:00
IMPORTS_GOODS_SERVICES_EUROPE,cy:country,2012-Q3,2026-09-15T16:23:28.567411+00:00,2738.9,final,2012-07-01,2012-09-30,1,2026-09-15T16:23:28.567411+00:00
IMPORTS_GOODS_SERVICES_EUROPE,cy:country,2012-Q4,2026-09-15T16:23:28.567411+00:00,2513.3,final,2012-10-01,2012-12-31,1,2026-09-15T16:23:28.567411+00:00
IMPORTS_GOODS_SERVICES_EUROPE,cy:country,2013-Q1,2026-09-15T16:23:28.567411+00:00,2558.1,final,2013-01-01,2013-03-31,1,2026-09-15T16:23:28.567411+00:00
IMPORTS_GOODS_SERVICES_EUROPE,cy:country,2013-Q2,2026-09-15T16:23:28.567411+00:00,2420.2,final,2013-04-01,2013-06-30,1,2026-09-15T16:23:28.567411+00:00
IMPORTS_GOODS_SERVICES_EUROPE,cy:country,2013-Q3,2026-09-15T16:23:28.567411+00:00,2553.6,final,2013-07-01,2013-09-30,1,2026-09-15T16:23:28.567411+00:00
IMPORTS_GOODS_SERVICES_EUROPE,cy:country,2013-Q4,2026-09-15T16:23:28.567411+00:00,2679.6,final,2013-10-01,2013-12-31,1,2026-09-15T16:23:28.567411+00:00
IMPORTS_GOODS_SERVICES_EUROPE,cy:country,2014-Q1,2026-09-15T16:23:28.567411+00:00,2484.3,final,2014-01-01,2014-03-31,1,2026-09-15T16:23:28.567411+00:00
IMPORTS_GOODS_SERVICES_EUROPE,cy:country,2014-Q2,2026-09-15T16:23:28.567411+00:00,2852.5,final,2014-04-01,2014-06-30,1,2026-09-15T16:23:28.567411+00:00
IMPORTS_GOODS_SERVICES_EUROPE,cy:country,2014-Q3,2026-09-15T16:23:28.567411+00:00,3029.2,final,2014-07-01,2014-09-30,1,2026-09-15T16:23:28.567411+00:00
IMPORTS_GOODS_SERVICES_EUROPE,cy:country,2014-Q4,2026-09-15T16:23:28.567411+00:00,2633.8,final,2014-10-01,2014-12-31,1,2026-09-15T16:23:28.567411+00:00
IMPORTS_GOODS_SERVICES_EUROPE,cy:country,2015-Q1,2026-09-15T16:23:28.567411+00:00,2790.5,final,2015-01-01,2015-03-31,1,2026-09-15T16:23:28.567411+00:00
IMPORTS_GOODS_SERVICES_EUROPE,cy:country,2015-Q2,2026-09-15T16:23:28.567411+00:00,3082.7,final,2015-04-01,2015-06-30,1,2026-09-15T16:23:28.567411+00:00
IMPORTS_GOODS_SERVICES_EUROPE,cy:country,2015-Q3,2026-09-15T16:23:28.567411+00:00,2978.7,final,2015-07-01,2015-09-30,1,2026-09-15T16:23:28.567411+00:00
IMPORTS_GOODS_SERVICES_EUROPE,cy:country,2015-Q4,2026-09-15T16:23:28.567411+00:00,3034.7,final,2015-10-01,2015-12-31,1,2026-09-15T16:23:28.567411+00:00
IMPORTS_GOODS_SERVICES_EUROPE,cy:country,2016-Q1,2026-09-15T16:23:28.567411+00:00,2892.6,final,2016-01-01,2016-03-31,1,2026-09-15T16:23:28.567411+00:00
IMPORTS_GOODS_SERVICES_EUROPE,cy:country,2016-Q2,2026-09-15T16:23:28.567411+00:00,3561.9,final,2016-04-01,2016-06-30,1,2026-09-15T16:23:28.567411+00:00
IMPORTS_GOODS_SERVICES_EUROPE,cy:country,2016-Q3,2026-09-15T16:23:28.567411+00:00,3084.4,final,2016-07-01,2016-09-30,1,2026-09-15T16:23:28.567411+00:00
IMPORTS_GOODS_SERVICES_EUROPE,cy:country,2016-Q4,2026-09-15T16:23:28.567411+00:00,3556.0,final,2016-10-01,2016-12-31,1,2026-09-15T16:23:28.567411+00:00
IMPORTS_GOODS_SERVICES_EUROPE,cy:country,2017-Q1,2026-09-15T16:23:28.567411+00:00,3524.2,final,2017-01-01,2017-03-31,1,2026-09-15T16:23:28.567411+00:00
IMPORTS_GOODS_SERVICES_EUROPE,cy:country,2017-Q2,2026-09-15T16:23:28.567411+00:00,3579.9,final,2017-04-01,2017-06-30,1,2026-09-15T16:23:28.567411+00:00
IMPORTS_GOODS_SERVICES_EUROPE,cy:country,2017-Q3,2026-09-15T16:23:28.567411+00:00,3506.0,final,2017-07-01,2017-09-30,1,2026-09-15T16:23:28.567411+00:00
IMPORTS_GOODS_SERVICES_EUROPE,cy:country,2017-Q4,2026-09-15T16:23:28.567411+00:00,4354.3,final,2017-10-01,2017-12-31,1,2026-09-15T16:23:28.567411+00:00
IMPORTS_GOODS_SERVICES_EUROPE,cy:country,2018-Q1,2026-09-15T16:23:28.567411+00:00,3569.1,final,2018-01-01,2018-03-31,1,2026-09-15T16:23:28.567411+00:00
IMPORTS_GOODS_SERVICES_EUROPE,cy:country,2018-Q2,2026-09-15T16:23:28.567411+00:00,3948.4,final,2018-04-01,2018-06-30,1,2026-09-15T16:23:28.567411+00:00
IMPORTS_GOODS_SERVICES_EUROPE,cy:country,2018-Q3,2026-09-15T16:23:28.567411+00:00,3729.0,final,2018-07-01,2018-09-30,1,2026-09-15T16:23:28.567411+00:00
IMPORTS_GOODS_SERVICES_EUROPE,cy:country,2018-Q4,2026-09-15T16:23:28.567411+00:00,4365.0,final,2018-10-01,2018-12-31,1,2026-09-15T16:23:28.567411+00:00
IMPORTS_GOODS_SERVICES_EUROPE,cy:country,2019-Q1,2026-09-15T16:23:28.567411+00:00,4330.4,final,2019-01-01,2019-03-31,1,2026-09-15T16:23:28.567411+00:00
IMPORTS_GOODS_SERVICES_EUROPE,cy:country,2019-Q2,2026-09-15T16:23:28.567411+00:00,4171.6,final,2019-04-01,2019-06-30,1,2026-09-15T16:23:28.567411+00:00
IMPORTS_GOODS_SERVICES_EUROPE,cy:country,2019-Q3,2026-09-15T16:23:28.567411+00:00,4450.8,final,2019-07-01,2019-09-30,1,2026-09-15T16:23:28.567411+00:00
IMPORTS_GOODS_SERVICES_EUROPE,cy:country,2019-Q4,2026-09-15T16:23:28.567411+00:00,4144.5,final,2019-10-01,2019-12-31,1,2026-09-15T16:23:28.567411+00:00
IMPORTS_GOODS_SERVICES_EUROPE,cy:country,2020-Q1,2026-09-15T16:23:28.567411+00:00,4884.5,final,2020-01-01,2020-03-31,1,2026-09-15T16:23:28.567411+00:00
IMPORTS_GOODS_SERVICES_EUROPE,cy:country,2020-Q2,2026-09-15T16:23:28.567411+00:00,3961.6,final,2020-04-01,2020-06-30,1,2026-09-15T16:23:28.567411+00:00
IMPORTS_GOODS_SERVICES_EUROPE,cy:country,2020-Q3,2026-09-15T16:23:28.567411+00:00,4201.6,final,2020-07-01,2020-09-30,1,2026-09-15T16:23:28.567411+00:00
IMPORTS_GOODS_SERVICES_EUROPE,cy:country,2020-Q4,2026-09-15T16:23:28.567411+00:00,4607.9,final,2020-10-01,2020-12-31,1,2026-09-15T16:23:28.567411+00:00
IMPORTS_GOODS_SERVICES_EUROPE,cy:country,2021-Q1,2026-09-15T16:23:28.567411+00:00,4882.8,final,2021-01-01,2021-03-31,1,2026-09-15T16:23:28.567411+00:00
IMPORTS_GOODS_SERVICES_EUROPE,cy:country,2021-Q2,2026-09-15T16:23:28.567411+00:00,5358.0,final,2021-04-01,2021-06-30,1,2026-09-15T16:23:28.567411+00:00
IMPORTS_GOODS_SERVICES_EUROPE,cy:country,2021-Q3,2026-09-15T16:23:28.567411+00:00,5322.3,final,2021-07-01,2021-09-30,1,2026-09-15T16:23:28.567411+00:00
IMPORTS_GOODS_SERVICES_EUROPE,cy:country,2021-Q4,2026-09-15T16:23:28.567411+00:00,5551.2,final,2021-10-01,2021-12-31,1,2026-09-15T16:23:28.567411+00:00
IMPORTS_GOODS_SERVICES_EUROPE,cy:country,2022-Q1,2026-09-15T16:23:28.567411+00:00,6520.2,final,2022-01-01,2022-03-31,1,2026-09-15T16:23:28.567411+00:00
IMPORTS_GOODS_SERVICES_EUROPE,cy:country,2022-Q2,2026-09-15T16:23:28.567411+00:00,7122.7,final,2022-04-01,2022-06-30,1,2026-09-15T16:23:28.567411+00:00
IMPORTS_GOODS_SERVICES_EUROPE,cy:country,2022-Q3,2026-09-15T16:23:28.567411+00:00,6820.4,final,2022-07-01,2022-09-30,1,2026-09-15T16:23:28.567411+00:00
IMPORTS_GOODS_SERVICES_EUROPE,cy:country,2022-Q4,2026-09-15T16:23:28.567411+00:00,6742.1,final,2022-10-01,2022-12-31,1,2026-09-15T16:23:28.567411+00:00
IMPORTS_GOODS_SERVICES_EUROPE,cy:country,2023-Q1,2026-09-15T16:23:28.567411+00:00,7424.5,final,2023-01-01,2023-03-31,1,2026-09-15T16:23:28.567411+00:00
IMPORTS_GOODS_SERVICES_EUROPE,cy:country,2023-Q2,2026-09-15T16:23:28.567411+00:00,6281.9,final,2023-04-01,2023-06-30,1,2026-09-15T16:23:28.567411+00:00
IMPORTS_GOODS_SERVICES_EUROPE,cy:country,2023-Q3,2026-09-15T16:23:28.567411+00:00,6775.0,final,2023-07-01,2023-09-30,1,2026-09-15T16:23:28.567411+00:00
IMPORTS_GOODS_SERVICES_EUROPE,cy:country,2023-Q4,2026-09-15T16:23:28.567411+00:00,7044.2,final,2023-10-01,2023-12-31,1,2026-09-15T16:23:28.567411+00:00
IMPORTS_GOODS_SERVICES_EUROPE,cy:country,2024-Q1,2026-09-15T16:23:28.567411+00:00,6716.7,final,2024-01-01,2024-03-31,1,2026-09-15T16:23:28.567411+00:00
IMPORTS_GOODS_SERVICES_EUROPE,cy:country,2024-Q2,2026-09-15T16:23:28.567411+00:00,7206.5,final,2024-04-01,2024-06-30,1,2026-09-15T16:23:28.567411+00:00
IMPORTS_GOODS_SERVICES_EUROPE,cy:country,2024-Q3,2026-09-15T16:23:28.567411+00:00,7128.8,final,2024-07-01,2024-09-30,1,2026-09-15T16:23:28.567411+00:00
IMPORTS_GOODS_SERVICES_EUROPE,cy:country,2024-Q4,2026-09-15T16:23:28.567411+00:00,7751.4,final,2024-10-01,2024-12-31,1,2026-09-15T16:23:28.567411+00:00
IMPORTS_GOODS_SERVICES_EUROPE,cy:country,2025-Q1,2026-09-15T16:23:28.567411+00:00,7250.0,final,2025-01-01,2025-03-31,1,2026-09-15T16:23:28.567411+00:00
IMPORTS_GOODS_SERVICES_EUROPE,cy:country,2025-Q2,2026-09-15T16:23:28.567411+00:00,7342.8,final,2025-04-01,2025-06-30,1,2026-09-15T16:23:28.567411+00:00
IMPORTS_GOODS_SERVICES_EUROPE,cy:country,2025-Q3,2026-09-15T16:23:28.567411+00:00,7497.8,final,2025-07-01,2025-09-30,1,2026-09-15T16:23:28.567411+00:00
IMPORTS_GOODS_SERVICES_EUROPE,cy:country,2025-Q4,2026-09-15T16:23:28.567411+00:00,7441.5,final,2025-10-01,2025-12-31,1,2026-09-15T16:23:28.567411+00:00
IMPORTS_GOODS_SERVICES_EUROPE,cy:country,2026-Q1,2026-09-15T16:23:28.567411+00:00,8047.2,final,2026-01-01,2026-03-31,1,2026-09-15T16:23:28.567411+00:00
IMPORTS_GOODS_SERVICES_EUROPE,cy:country,2026-Q2,2026-09-15T16:23:28.567411+00:00,8288.9,final,2026-04-01,2026-06-30,1,2026-09-15T16:23:28.567411+00:00
IMPORTS_GOODS_SERVICES_EUROPE,cz:country,2008-Q1,2026-09-15T16:23:28.567411+00:00,25278.3,final,2008-01-01,2008-03-31,1,2026-09-15T16:23:28.567411+00:00
IMPORTS_GOODS_SERVICES_EUROPE,cz:country,2008-Q2,2026-09-15T16:23:28.567411+00:00,25038.9,final,2008-04-01,2008-06-30,1,2026-09-15T16:23:28.567411+00:00
IMPORTS_GOODS_SERVICES_EUROPE,cz:country,2008-Q3,2026-09-15T16:23:28.567411+00:00,23850.4,final,2008-07-01,2008-09-30,1,2026-09-15T16:23:28.567411+00:00
IMPORTS_GOODS_SERVICES_EUROPE,cz:country,2008-Q4,2026-09-15T16:23:28.567411+00:00,22232.3,final,2008-10-01,2008-12-31,1,2026-09-15T16:23:28.567411+00:00
IMPORTS_GOODS_SERVICES_EUROPE,cz:country,2009-Q1,2026-09-15T16:23:28.567411+00:00,21139.0,final,2009-01-01,2009-03-31,1,2026-09-15T16:23:28.567411+00:00
IMPORTS_GOODS_SERVICES_EUROPE,cz:country,2009-Q2,2026-09-15T16:23:28.567411+00:00,20817.5,final,2009-04-01,2009-06-30,1,2026-09-15T16:23:28.567411+00:00
IMPORTS_GOODS_SERVICES_EUROPE,cz:country,2009-Q3,2026-09-15T16:23:28.567411+00:00,21615.4,final,2009-07-01,2009-09-30,1,2026-09-15T16:23:28.567411+00:00
IMPORTS_GOODS_SERVICES_EUROPE,cz:country,2009-Q4,2026-09-15T16:23:28.567411+00:00,22451.2,final,2009-10-01,2009-12-31,1,2026-09-15T16:23:28.567411+00:00
IMPORTS_GOODS_SERVICES_EUROPE,cz:country,2010-Q1,2026-09-15T16:23:28.567411+00:00,22868.3,final,2010-01-01,2010-03-31,1,2026-09-15T16:23:28.567411+00:00
IMPORTS_GOODS_SERVICES_EUROPE,cz:country,2010-Q2,2026-09-15T16:23:28.567411+00:00,24132.9,final,2010-04-01,2010-06-30,1,2026-09-15T16:23:28.567411+00:00
IMPORTS_GOODS_SERVICES_EUROPE,cz:country,2010-Q3,2026-09-15T16:23:28.567411+00:00,25784.3,final,2010-07-01,2010-09-30,1,2026-09-15T16:23:28.567411+00:00
IMPORTS_GOODS_SERVICES_EUROPE,cz:country,2010-Q4,2026-09-15T16:23:28.567411+00:00,25643.2,final,2010-10-01,2010-12-31,1,2026-09-15T16:23:28.567411+00:00
IMPORTS_GOODS_SERVICES_EUROPE,cz:country,2011-Q1,2026-09-15T16:23:28.567411+00:00,26299.0,final,2011-01-01,2011-03-31,1,2026-09-15T16:23:28.567411+00:00
IMPORTS_GOODS_SERVICES_EUROPE,cz:country,2011-Q2,2026-09-15T16:23:28.567411+00:00,26124.0,final,2011-04-01,2011-06-30,1,2026-09-15T16:23:28.567411+00:00
IMPORTS_GOODS_SERVICES_EUROPE,cz:country,2011-Q3,2026-09-15T16:23:28.567411+00:00,26554.6,final,2011-07-01,2011-09-30,1,2026-09-15T16:23:28.567411+00:00
IMPORTS_GOODS_SERVICES_EUROPE,cz:country,2011-Q4,2026-09-15T16:23:28.567411+00:00,26079.8,final,2011-10-01,2011-12-31,1,2026-09-15T16:23:28.567411+00:00
IMPORTS_GOODS_SERVICES_EUROPE,cz:country,2012-Q1,2026-09-15T16:23:28.567411+00:00,27442.4,final,2012-01-01,2012-03-31,1,2026-09-15T16:23:28.567411+00:00
IMPORTS_GOODS_SERVICES_EUROPE,cz:country,2012-Q2,2026-09-15T16:23:28.567411+00:00,26964.2,final,2012-04-01,2012-06-30,1,2026-09-15T16:23:28.567411+00:00
IMPORTS_GOODS_SERVICES_EUROPE,cz:country,2012-Q3,2026-09-15T16:23:28.567411+00:00,26877.0,final,2012-07-01,2012-09-30,1,2026-09-15T16:23:28.567411+00:00
IMPORTS_GOODS_SERVICES_EUROPE,cz:country,2012-Q4,2026-09-15T16:23:28.567411+00:00,26714.5,final,2012-10-01,2012-12-31,1,2026-09-15T16:23:28.567411+00:00
IMPORTS_GOODS_SERVICES_EUROPE,cz:country,2013-Q1,2026-09-15T16:23:28.567411+00:00,25966.3,final,2013-01-01,2013-03-31,1,2026-09-15T16:23:28.567411+00:00
IMPORTS_GOODS_SERVICES_EUROPE,cz:country,2013-Q2,2026-09-15T16:23:28.567411+00:00,26466.6,final,2013-04-01,2013-06-30,1,2026-09-15T16:23:28.567411+00:00
IMPORTS_GOODS_SERVICES_EUROPE,cz:country,2013-Q3,2026-09-15T16:23:28.567411+00:00,27441.2,final,2013-07-01,2013-09-30,1,2026-09-15T16:23:28.567411+00:00
IMPORTS_GOODS_SERVICES_EUROPE,cz:country,2013-Q4,2026-09-15T16:23:28.567411+00:00,28200.7,final,2013-10-01,2013-12-31,1,2026-09-15T16:23:28.567411+00:00
IMPORTS_GOODS_SERVICES_EUROPE,cz:country,2014-Q1,2026-09-15T16:23:28.567411+00:00,29039.8,final,2014-01-01,2014-03-31,1,2026-09-15T16:23:28.567411+00:00
IMPORTS_GOODS_SERVICES_EUROPE,cz:country,2014-Q2,2026-09-15T16:23:28.567411+00:00,29503.8,final,2014-04-01,2014-06-30,1,2026-09-15T16:23:28.567411+00:00
IMPORTS_GOODS_SERVICES_EUROPE,cz:country,2014-Q3,2026-09-15T16:23:28.567411+00:00,29826.3,final,2014-07-01,2014-09-30,1,2026-09-15T16:23:28.567411+00:00
IMPORTS_GOODS_SERVICES_EUROPE,cz:country,2014-Q4,2026-09-15T16:23:28.567411+00:00,30550.1,final,2014-10-01,2014-12-31,1,2026-09-15T16:23:28.567411+00:00
IMPORTS_GOODS_SERVICES_EUROPE,cz:country,2015-Q1,2026-09-15T16:23:28.567411+00:00,30929.3,final,2015-01-01,2015-03-31,1,2026-09-15T16:23:28.567411+00:00
IMPORTS_GOODS_SERVICES_EUROPE,cz:country,2015-Q2,2026-09-15T16:23:28.567411+00:00,31682.6,final,2015-04-01,2015-06-30,1,2026-09-15T16:23:28.567411+00:00
IMPORTS_GOODS_SERVICES_EUROPE,cz:country,2015-Q3,2026-09-15T16:23:28.567411+00:00,31969.5,final,2015-07-01,2015-09-30,1,2026-09-15T16:23:28.567411+00:00
IMPORTS_GOODS_SERVICES_EUROPE,cz:country,2015-Q4,2026-09-15T16:23:28.567411+00:00,32334.9,final,2015-10-01,2015-12-31,1,2026-09-15T16:23:28.567411+00:00
IMPORTS_GOODS_SERVICES_EUROPE,cz:country,2016-Q1,2026-09-15T16:23:28.567411+00:00,32672.4,final,2016-01-01,2016-03-31,1,2026-09-15T16:23:28.567411+00:00
IMPORTS_GOODS_SERVICES_EUROPE,cz:country,2016-Q2,2026-09-15T16:23:28.567411+00:00,32468.8,final,2016-04-01,2016-06-30,1,2026-09-15T16:23:28.567411+00:00
IMPORTS_GOODS_SERVICES_EUROPE,cz:country,2016-Q3,2026-09-15T16:23:28.567411+00:00,32304.1,final,2016-07-01,2016-09-30,1,2026-09-15T16:23:28.567411+00:00
IMPORTS_GOODS_SERVICES_EUROPE,cz:country,2016-Q4,2026-09-15T16:23:28.567411+00:00,32491.0,final,2016-10-01,2016-12-31,1,2026-09-15T16:23:28.567411+00:00
IMPORTS_GOODS_SERVICES_EUROPE,cz:country,2017-Q1,2026-09-15T16:23:28.567411+00:00,33718.4,final,2017-01-01,2017-03-31,1,2026-09-15T16:23:28.567411+00:00
IMPORTS_GOODS_SERVICES_EUROPE,cz:country,2017-Q2,2026-09-15T16:23:28.567411+00:00,34456.9,final,2017-04-01,2017-06-30,1,2026-09-15T16:23:28.567411+00:00
IMPORTS_GOODS_SERVICES_EUROPE,cz:country,2017-Q3,2026-09-15T16:23:28.567411+00:00,34694.7,final,2017-07-01,2017-09-30,1,2026-09-15T16:23:28.567411+00:00
IMPORTS_GOODS_SERVICES_EUROPE,cz:country,2017-Q4,2026-09-15T16:23:28.567411+00:00,35401.6,final,2017-10-01,2017-12-31,1,2026-09-15T16:23:28.567411+00:00
IMPORTS_GOODS_SERVICES_EUROPE,cz:country,2018-Q1,2026-09-15T16:23:28.567411+00:00,36177.7,final,2018-01-01,2018-03-31,1,2026-09-15T16:23:28.567411+00:00
IMPORTS_GOODS_SERVICES_EUROPE,cz:country,2018-Q2,2026-09-15T16:23:28.567411+00:00,36159.1,final,2018-04-01,2018-06-30,1,2026-09-15T16:23:28.567411+00:00
IMPORTS_GOODS_SERVICES_EUROPE,cz:country,2018-Q3,2026-09-15T16:23:28.567411+00:00,36897.1,final,2018-07-01,2018-09-30,1,2026-09-15T16:23:28.567411+00:00
IMPORTS_GOODS_SERVICES_EUROPE,cz:country,2018-Q4,2026-09-15T16:23:28.567411+00:00,36630.2,final,2018-10-01,2018-12-31,1,2026-09-15T16:23:28.567411+00:00
IMPORTS_GOODS_SERVICES_EUROPE,cz:country,2019-Q1,2026-09-15T16:23:28.567411+00:00,36874.4,final,2019-01-01,2019-03-31,1,2026-09-15T16:23:28.567411+00:00
IMPORTS_GOODS_SERVICES_EUROPE,cz:country,2019-Q2,2026-09-15T16:23:28.567411+00:00,36568.1,final,2019-04-01,2019-06-30,1,2026-09-15T16:23:28.567411+00:00
IMPORTS_GOODS_SERVICES_EUROPE,cz:country,2019-Q3,2026-09-15T16:23:28.567411+00:00,37053.3,final,2019-07-01,2019-09-30,1,2026-09-15T16:23:28.567411+00:00
IMPORTS_GOODS_SERVICES_EUROPE,cz:country,2019-Q4,2026-09-15T16:23:28.567411+00:00,37040.6,final,2019-10-01,2019-12-31,1,2026-09-15T16:23:28.567411+00:00
IMPORTS_GOODS_SERVICES_EUROPE,cz:country,2020-Q1,2026-09-15T16:23:28.567411+00:00,35320.0,final,2020-01-01,2020-03-31,1,2026-09-15T16:23:28.567411+00:00
IMPORTS_GOODS_SERVICES_EUROPE,cz:country,2020-Q2,2026-09-15T16:23:28.567411+00:00,28984.8,final,2020-04-01,2020-06-30,1,2026-09-15T16:23:28.567411+00:00
IMPORTS_GOODS_SERVICES_EUROPE,cz:country,2020-Q3,2026-09-15T16:23:28.567411+00:00,34465.7,final,2020-07-01,2020-09-30,1,2026-09-15T16:23:28.567411+00:00
IMPORTS_GOODS_SERVICES_EUROPE,cz:country,2020-Q4,2026-09-15T16:23:28.567411+00:00,36250.7,final,2020-10-01,2020-12-31,1,2026-09-15T16:23:28.567411+00:00
IMPORTS_GOODS_SERVICES_EUROPE,cz:country,2021-Q1,2026-09-15T16:23:28.567411+00:00,37316.0,final,2021-01-01,2021-03-31,1,2026-09-15T16:23:28.567411+00:00
IMPORTS_GOODS_SERVICES_EUROPE,cz:country,2021-Q2,2026-09-15T16:23:28.567411+00:00,38760.3,final,2021-04-01,2021-06-30,1,2026-09-15T16:23:28.567411+00:00
IMPORTS_GOODS_SERVICES_EUROPE,cz:country,2021-Q3,2026-09-15T16:23:28.567411+00:00,38393.3,final,2021-07-01,2021-09-30,1,2026-09-15T16:23:28.567411+00:00
IMPORTS_GOODS_SERVICES_EUROPE,cz:country,2021-Q4,2026-09-15T16:23:28.567411+00:00,38791.7,final,2021-10-01,2021-12-31,1,2026-09-15T16:23:28.567411+00:00
IMPORTS_GOODS_SERVICES_EUROPE,cz:country,2022-Q1,2026-09-15T16:23:28.567411+00:00,39597.4,final,2022-01-01,2022-03-31,1,2026-09-15T16:23:28.567411+00:00
IMPORTS_GOODS_SERVICES_EUROPE,cz:country,2022-Q2,2026-09-15T16:23:28.567411+00:00,40278.0,final,2022-04-01,2022-06-30,1,2026-09-15T16:23:28.567411+00:00
IMPORTS_GOODS_SERVICES_EUROPE,cz:country,2022-Q3,2026-09-15T16:23:28.567411+00:00,40884.9,final,2022-07-01,2022-09-30,1,2026-09-15T16:23:28.567411+00:00
IMPORTS_GOODS_SERVICES_EUROPE,cz:country,2022-Q4,2026-09-15T16:23:28.567411+00:00,41636.6,final,2022-10-01,2022-12-31,1,2026-09-15T16:23:28.567411+00:00
IMPORTS_GOODS_SERVICES_EUROPE,cz:country,2023-Q1,2026-09-15T16:23:28.567411+00:00,40745.5,final,2023-01-01,2023-03-31,1,2026-09-15T16:23:28.567411+00:00
IMPORTS_GOODS_SERVICES_EUROPE,cz:country,2023-Q2,2026-09-15T16:23:28.567411+00:00,40656.8,final,2023-04-01,2023-06-30,1,2026-09-15T16:23:28.567411+00:00
IMPORTS_GOODS_SERVICES_EUROPE,cz:country,2023-Q3,2026-09-15T16:23:28.567411+00:00,39896.0,final,2023-07-01,2023-09-30,1,2026-09-15T16:23:28.567411+00:00
IMPORTS_GOODS_SERVICES_EUROPE,cz:country,2023-Q4,2026-09-15T16:23:28.567411+00:00,39680.2,final,2023-10-01,2023-12-31,1,2026-09-15T16:23:28.567411+00:00
IMPORTS_GOODS_SERVICES_EUROPE,cz:country,2024-Q1,2026-09-15T16:23:28.567411+00:00,39652.7,final,2024-01-01,2024-03-31,1,2026-09-15T16:23:28.567411+00:00
IMPORTS_GOODS_SERVICES_EUROPE,cz:country,2024-Q2,2026-09-15T16:23:28.567411+00:00,39950.6,final,2024-04-01,2024-06-30,1,2026-09-15T16:23:28.567411+00:00
IMPORTS_GOODS_SERVICES_EUROPE,cz:country,2024-Q3,2026-09-15T16:23:28.567411+00:00,41285.3,final,2024-07-01,2024-09-30,1,2026-09-15T16:23:28.567411+00:00
IMPORTS_GOODS_SERVICES_EUROPE,cz:country,2024-Q4,2026-09-15T16:23:28.567411+00:00,41122.3,final,2024-10-01,2024-12-31,1,2026-09-15T16:23:28.567411+00:00
IMPORTS_GOODS_SERVICES_EUROPE,cz:country,2025-Q1,2026-09-15T16:23:28.567411+00:00,41613.5,final,2025-01-01,2025-03-31,1,2026-09-15T16:23:28.567411+00:00
IMPORTS_GOODS_SERVICES_EUROPE,cz:country,2025-Q2,2026-09-15T16:23:28.567411+00:00,42257.2,final,2025-04-01,2025-06-30,1,2026-09-15T16:23:28.567411+00:00
IMPORTS_GOODS_SERVICES_EUROPE,cz:country,2025-Q3,2026-09-15T16:23:28.567411+00:00,42664.5,final,2025-07-01,2025-09-30,1,2026-09-15T16:23:28.567411+00:00
IMPORTS_GOODS_SERVICES_EUROPE,cz:country,2025-Q4,2026-09-15T16:23:28.567411+00:00,43020.4,final,2025-10-01,2025-12-31,1,2026-09-15T16:23:28.567411+00:00
IMPORTS_GOODS_SERVICES_EUROPE,cz:country,2026-Q1,2026-09-15T16:23:28.567411+00:00,43837.8,final,2026-01-01,2026-03-31,1,2026-09-15T16:23:28.567411+00:00
IMPORTS_GOODS_SERVICES_EUROPE,cz:country,2026-Q2,2026-09-15T16:23:28.567411+00:00,43838.3,final,2026-04-01,2026-06-30,1,2026-09-15T16:23:28.567411+00:00
IMPORTS_GOODS_SERVICES_EUROPE,de:country,2008-Q1,2026-09-15T16:23:28.567411+00:00,223639.0,final,2008-01-01,2008-03-31,1,2026-09-15T16:23:28.567411+00:00
IMPORTS_GOODS_SERVICES_EUROPE,de:country,2008-Q2,2026-09-15T16:23:28.567411+00:00,221073.1,final,2008-04-01,2008-06-30,1,2026-09-15T16:23:28.567411+00:00
IMPORTS_GOODS_SERVICES_EUROPE,de:country,2008-Q3,2026-09-15T16:23:28.567411+00:00,225282.4,final,2008-07-01,2008-09-30,1,2026-09-15T16:23:28.567411+00:00
IMPORTS_GOODS_SERVICES_EUROPE,de:country,2008-Q4,2026-09-15T16:23:28.567411+00:00,217757.6,final,2008-10-01,2008-12-31,1,2026-09-15T16:23:28.567411+00:00
IMPORTS_GOODS_SERVICES_EUROPE,de:country,2009-Q1,2026-09-15T16:23:28.567411+00:00,204401.6,final,2009-01-01,2009-03-31,1,2026-09-15T16:23:28.567411+00:00
IMPORTS_GOODS_SERVICES_EUROPE,de:country,2009-Q2,2026-09-15T16:23:28.567411+00:00,194023.0,final,2009-04-01,2009-06-30,1,2026-09-15T16:23:28.567411+00:00
IMPORTS_GOODS_SERVICES_EUROPE,de:country,2009-Q3,2026-09-15T16:23:28.567411+00:00,200682.6,final,2009-07-01,2009-09-30,1,2026-09-15T16:23:28.567411+00:00
IMPORTS_GOODS_SERVICES_EUROPE,de:country,2009-Q4,2026-09-15T16:23:28.567411+00:00,198924.0,final,2009-10-01,2009-12-31,1,2026-09-15T16:23:28.567411+00:00
IMPORTS_GOODS_SERVICES_EUROPE,de:country,2010-Q1,2026-09-15T16:23:28.567411+00:00,212071.1,final,2010-01-01,2010-03-31,1,2026-09-15T16:23:28.567411+00:00
IMPORTS_GOODS_SERVICES_EUROPE,de:country,2010-Q2,2026-09-15T16:23:28.567411+00:00,227322.0,final,2010-04-01,2010-06-30,1,2026-09-15T16:23:28.567411+00:00
IMPORTS_GOODS_SERVICES_EUROPE,de:country,2010-Q3,2026-09-15T16:23:28.567411+00:00,226716.6,final,2010-07-01,2010-09-30,1,2026-09-15T16:23:28.567411+00:00
IMPORTS_GOODS_SERVICES_EUROPE,de:country,2010-Q4,2026-09-15T16:23:28.567411+00:00,229484.3,final,2010-10-01,2010-12-31,1,2026-09-15T16:23:28.567411+00:00
IMPORTS_GOODS_SERVICES_EUROPE,de:country,2011-Q1,2026-09-15T16:23:28.567411+00:00,235409.0,final,2011-01-01,2011-03-31,1,2026-09-15T16:23:28.567411+00:00
IMPORTS_GOODS_SERVICES_EUROPE,de:country,2011-Q2,2026-09-15T16:23:28.567411+00:00,241233.0,final,2011-04-01,2011-06-30,1,2026-09-15T16:23:28.567411+00:00
IMPORTS_GOODS_SERVICES_EUROPE,de:country,2011-Q3,2026-09-15T16:23:28.567411+00:00,241290.6,final,2011-07-01,2011-09-30,1,2026-09-15T16:23:28.567411+00:00
IMPORTS_GOODS_SERVICES_EUROPE,de:country,2011-Q4,2026-09-15T16:23:28.567411+00:00,238955.3,final,2011-10-01,2011-12-31,1,2026-09-15T16:23:28.567411+00:00
IMPORTS_GOODS_SERVICES_EUROPE,de:country,2012-Q1,2026-09-15T16:23:28.567411+00:00,238811.1,final,2012-01-01,2012-03-31,1,2026-09-15T16:23:28.567411+00:00
IMPORTS_GOODS_SERVICES_EUROPE,de:country,2012-Q2,2026-09-15T16:23:28.567411+00:00,239647.2,final,2012-04-01,2012-06-30,1,2026-09-15T16:23:28.567411+00:00
IMPORTS_GOODS_SERVICES_EUROPE,de:country,2012-Q3,2026-09-15T16:23:28.567411+00:00,240425.7,final,2012-07-01,2012-09-30,1,2026-09-15T16:23:28.567411+00:00
IMPORTS_GOODS_SERVICES_EUROPE,de:country,2012-Q4,2026-09-15T16:23:28.567411+00:00,238522.8,final,2012-10-01,2012-12-31,1,2026-09-15T16:23:28.567411+00:00
IMPORTS_GOODS_SERVICES_EUROPE,de:country,2013-Q1,2026-09-15T16:23:28.567411+00:00,239070.5,final,2013-01-01,2013-03-31,1,2026-09-15T16:23:28.567411+00:00
IMPORTS_GOODS_SERVICES_EUROPE,de:country,2013-Q2,2026-09-15T16:23:28.567411+00:00,243078.0,final,2013-04-01,2013-06-30,1,2026-09-15T16:23:28.567411+00:00
IMPORTS_GOODS_SERVICES_EUROPE,de:country,2013-Q3,2026-09-15T16:23:28.567411+00:00,246826.1,final,2013-07-01,2013-09-30,1,2026-09-15T16:23:28.567411+00:00
IMPORTS_GOODS_SERVICES_EUROPE,de:country,2013-Q4,2026-09-15T16:23:28.567411+00:00,246912.6,final,2013-10-01,2013-12-31,1,2026-09-15T16:23:28.567411+00:00
IMPORTS_GOODS_SERVICES_EUROPE,de:country,2014-Q1,2026-09-15T16:23:28.567411+00:00,247309.0,final,2014-01-01,2014-03-31,1,2026-09-15T16:23:28.567411+00:00
IMPORTS_GOODS_SERVICES_EUROPE,de:country,2014-Q2,2026-09-15T16:23:28.567411+00:00,251460.6,final,2014-04-01,2014-06-30,1,2026-09-15T16:23:28.567411+00:00
IMPORTS_GOODS_SERVICES_EUROPE,de:country,2014-Q3,2026-09-15T16:23:28.567411+00:00,253046.2,final,2014-07-01,2014-09-30,1,2026-09-15T16:23:28.567411+00:00
IMPORTS_GOODS_SERVICES_EUROPE,de:country,2014-Q4,2026-09-15T16:23:28.567411+00:00,257601.5,final,2014-10-01,2014-12-31,1,2026-09-15T16:23:28.567411+00:00
IMPORTS_GOODS_SERVICES_EUROPE,de:country,2015-Q1,2026-09-15T16:23:28.567411+00:00,262192.7,final,2015-01-01,2015-03-31,1,2026-09-15T16:23:28.567411+00:00
IMPORTS_GOODS_SERVICES_EUROPE,de:country,2015-Q2,2026-09-15T16:23:28.567411+00:00,262769.3,final,2015-04-01,2015-06-30,1,2026-09-15T16:23:28.567411+00:00
IMPORTS_GOODS_SERVICES_EUROPE,de:country,2015-Q3,2026-09-15T16:23:28.567411+00:00,265479.5,final,2015-07-01,2015-09-30,1,2026-09-15T16:23:28.567411+00:00
IMPORTS_GOODS_SERVICES_EUROPE,de:country,2015-Q4,2026-09-15T16:23:28.567411+00:00,268477.9,final,2015-10-01,2015-12-31,1,2026-09-15T16:23:28.567411+00:00
IMPORTS_GOODS_SERVICES_EUROPE,de:country,2016-Q1,2026-09-15T16:23:28.567411+00:00,273379.0,final,2016-01-01,2016-03-31,1,2026-09-15T16:23:28.567411+00:00
IMPORTS_GOODS_SERVICES_EUROPE,de:country,2016-Q2,2026-09-15T16:23:28.567411+00:00,271764.4,final,2016-04-01,2016-06-30,1,2026-09-15T16:23:28.567411+00:00
IMPORTS_GOODS_SERVICES_EUROPE,de:country,2016-Q3,2026-09-15T16:23:28.567411+00:00,273725.0,final,2016-07-01,2016-09-30,1,2026-09-15T16:23:28.567411+00:00
IMPORTS_GOODS_SERVICES_EUROPE,de:country,2016-Q4,2026-09-15T16:23:28.567411+00:00,279894.9,final,2016-10-01,2016-12-31,1,2026-09-15T16:23:28.567411+00:00
IMPORTS_GOODS_SERVICES_EUROPE,de:country,2017-Q1,2026-09-15T16:23:28.567411+00:00,280803.1,final,2017-01-01,2017-03-31,1,2026-09-15T16:23:28.567411+00:00
IMPORTS_GOODS_SERVICES_EUROPE,de:country,2017-Q2,2026-09-15T16:23:28.567411+00:00,288327.7,final,2017-04-01,2017-06-30,1,2026-09-15T16:23:28.567411+00:00
IMPORTS_GOODS_SERVICES_EUROPE,de:country,2017-Q3,2026-09-15T16:23:28.567411+00:00,288933.1,final,2017-07-01,2017-09-30,1,2026-09-15T16:23:28.567411+00:00
IMPORTS_GOODS_SERVICES_EUROPE,de:country,2017-Q4,2026-09-15T16:23:28.567411+00:00,293545.9,final,2017-10-01,2017-12-31,1,2026-09-15T16:23:28.567411+00:00
IMPORTS_GOODS_SERVICES_EUROPE,de:country,2018-Q1,2026-09-15T16:23:28.567411+00:00,297676.0,final,2018-01-01,2018-03-31,1,2026-09-15T16:23:28.567411+00:00
IMPORTS_GOODS_SERVICES_EUROPE,de:country,2018-Q2,2026-09-15T16:23:28.567411+00:00,299521.2,final,2018-04-01,2018-06-30,1,2026-09-15T16:23:28.567411+00:00
IMPORTS_GOODS_SERVICES_EUROPE,de:country,2018-Q3,2026-09-15T16:23:28.567411+00:00,306613.5,final,2018-07-01,2018-09-30,1,2026-09-15T16:23:28.567411+00:00
IMPORTS_GOODS_SERVICES_EUROPE,de:country,2018-Q4,2026-09-15T16:23:28.567411+00:00,308775.8,final,2018-10-01,2018-12-31,1,2026-09-15T16:23:28.567411+00:00
IMPORTS_GOODS_SERVICES_EUROPE,de:country,2019-Q1,2026-09-15T16:23:28.567411+00:00,313129.3,final,2019-01-01,2019-03-31,1,2026-09-15T16:23:28.567411+00:00
IMPORTS_GOODS_SERVICES_EUROPE,de:country,2019-Q2,2026-09-15T16:23:28.567411+00:00,310448.0,final,2019-04-01,2019-06-30,1,2026-09-15T16:23:28.567411+00:00
IMPORTS_GOODS_SERVICES_EUROPE,de:country,2019-Q3,2026-09-15T16:23:28.567411+00:00,315147.4,final,2019-07-01,2019-09-30,1,2026-09-15T16:23:28.567411+00:00
IMPORTS_GOODS_SERVICES_EUROPE,de:country,2019-Q4,2026-09-15T16:23:28.567411+00:00,317482.6,final,2019-10-01,2019-12-31,1,2026-09-15T16:23:28.567411+00:00
IMPORTS_GOODS_SERVICES_EUROPE,de:country,2020-Q1,2026-09-15T16:23:28.567411+00:00,310686.5,final,2020-01-01,2020-03-31,1,2026-09-15T16:23:28.567411+00:00
IMPORTS_GOODS_SERVICES_EUROPE,de:country,2020-Q2,2026-09-15T16:23:28.567411+00:00,257492.6,final,2020-04-01,2020-06-30,1,2026-09-15T16:23:28.567411+00:00
IMPORTS_GOODS_SERVICES_EUROPE,de:country,2020-Q3,2026-09-15T16:23:28.567411+00:00,284767.1,final,2020-07-01,2020-09-30,1,2026-09-15T16:23:28.567411+00:00
IMPORTS_GOODS_SERVICES_EUROPE,de:country,2020-Q4,2026-09-15T16:23:28.567411+00:00,295924.8,final,2020-10-01,2020-12-31,1,2026-09-15T16:23:28.567411+00:00
IMPORTS_GOODS_SERVICES_EUROPE,de:country,2021-Q1,2026-09-15T16:23:28.567411+00:00,305604.5,final,2021-01-01,2021-03-31,1,2026-09-15T16:23:28.567411+00:00
IMPORTS_GOODS_SERVICES_EUROPE,de:country,2021-Q2,2026-09-15T16:23:28.567411+00:00,308170.4,final,2021-04-01,2021-06-30,1,2026-09-15T16:23:28.567411+00:00
IMPORTS_GOODS_SERVICES_EUROPE,de:country,2021-Q3,2026-09-15T16:23:28.567411+00:00,310246.2,final,2021-07-01,2021-09-30,1,2026-09-15T16:23:28.567411+00:00
IMPORTS_GOODS_SERVICES_EUROPE,de:country,2021-Q4,2026-09-15T16:23:28.567411+00:00,329995.1,final,2021-10-01,2021-12-31,1,2026-09-15T16:23:28.567411+00:00
IMPORTS_GOODS_SERVICES_EUROPE,de:country,2022-Q1,2026-09-15T16:23:28.567411+00:00,331732.0,final,2022-01-01,2022-03-31,1,2026-09-15T16:23:28.567411+00:00
IMPORTS_GOODS_SERVICES_EUROPE,de:country,2022-Q2,2026-09-15T16:23:28.567411+00:00,335912.6,final,2022-04-01,2022-06-30,1,2026-09-15T16:23:28.567411+00:00
IMPORTS_GOODS_SERVICES_EUROPE,de:country,2022-Q3,2026-09-15T16:23:28.567411+00:00,344417.8,final,2022-07-01,2022-09-30,1,2026-09-15T16:23:28.567411+00:00
IMPORTS_GOODS_SERVICES_EUROPE,de:country,2022-Q4,2026-09-15T16:23:28.567411+00:00,343495.2,final,2022-10-01,2022-12-31,1,2026-09-15T16:23:28.567411+00:00
IMPORTS_GOODS_SERVICES_EUROPE,de:country,2023-Q1,2026-09-15T16:23:28.567411+00:00,340093.1,provisional,2023-01-01,2023-03-31,1,2026-09-15T16:23:28.567411+00:00
IMPORTS_GOODS_SERVICES_EUROPE,de:country,2023-Q2,2026-09-15T16:23:28.567411+00:00,339372.4,provisional,2023-04-01,2023-06-30,1,2026-09-15T16:23:28.567411+00:00
IMPORTS_GOODS_SERVICES_EUROPE,de:country,2023-Q3,2026-09-15T16:23:28.567411+00:00,335768.4,provisional,2023-07-01,2023-09-30,1,2026-09-15T16:23:28.567411+00:00
IMPORTS_GOODS_SERVICES_EUROPE,de:country,2023-Q4,2026-09-15T16:23:28.567411+00:00,331962.7,provisional,2023-10-01,2023-12-31,1,2026-09-15T16:23:28.567411+00:00
IMPORTS_GOODS_SERVICES_EUROPE,de:country,2024-Q1,2026-09-15T16:23:28.567411+00:00,330456.4,provisional,2024-01-01,2024-03-31,1,2026-09-15T16:23:28.567411+00:00
IMPORTS_GOODS_SERVICES_EUROPE,de:country,2024-Q2,2026-09-15T16:23:28.567411+00:00,334925.1,provisional,2024-04-01,2024-06-30,1,2026-09-15T16:23:28.567411+00:00
IMPORTS_GOODS_SERVICES_EUROPE,de:country,2024-Q3,2026-09-15T16:23:28.567411+00:00,337606.4,provisional,2024-07-01,2024-09-30,1,2026-09-15T16:23:28.567411+00:00
IMPORTS_GOODS_SERVICES_EUROPE,de:country,2024-Q4,2026-09-15T16:23:28.567411+00:00,338413.7,provisional,2024-10-01,2024-12-31,1,2026-09-15T16:23:28.567411+00:00
IMPORTS_GOODS_SERVICES_EUROPE,de:country,2025-Q1,2026-09-15T16:23:28.567411+00:00,343718.5,provisional,2025-01-01,2025-03-31,1,2026-09-15T16:23:28.567411+00:00
IMPORTS_GOODS_SERVICES_EUROPE,de:country,2025-Q2,2026-09-15T16:23:28.567411+00:00,345765.5,provisional,2025-04-01,2025-06-30,1,2026-09-15T16:23:28.567411+00:00
IMPORTS_GOODS_SERVICES_EUROPE,de:country,2025-Q3,2026-09-15T16:23:28.567411+00:00,344929.4,provisional,2025-07-01,2025-09-30,1,2026-09-15T16:23:28.567411+00:00
IMPORTS_GOODS_SERVICES_EUROPE,de:country,2025-Q4,2026-09-15T16:23:28.567411+00:00,346659.2,provisional,2025-10-01,2025-12-31,1,2026-09-15T16:23:28.567411+00:00
IMPORTS_GOODS_SERVICES_EUROPE,de:country,2026-Q1,2026-09-15T16:23:28.567411+00:00,348562.1,provisional,2026-01-01,2026-03-31,1,2026-09-15T16:23:28.567411+00:00
IMPORTS_GOODS_SERVICES_EUROPE,de:country,2026-Q2,2026-09-15T16:23:28.567411+00:00,353924.6,provisional,2026-04-01,2026-06-30,1,2026-09-15T16:23:28.567411+00:00
IMPORTS_GOODS_SERVICES_EUROPE,dk:country,2008-Q1,2026-09-15T16:23:28.567411+00:00,30101.7,final,2008-01-01,2008-03-31,1,2026-09-15T16:23:28.567411+00:00
IMPORTS_GOODS_SERVICES_EUROPE,dk:country,2008-Q2,2026-09-15T16:23:28.567411+00:00,30077.4,final,2008-04-01,2008-06-30,1,2026-09-15T16:23:28.567411+00:00
IMPORTS_GOODS_SERVICES_EUROPE,dk:country,2008-Q3,2026-09-15T16:23:28.567411+00:00,29995.4,final,2008-07-01,2008-09-30,1,2026-09-15T16:23:28.567411+00:00
IMPORTS_GOODS_SERVICES_EUROPE,dk:country,2008-Q4,2026-09-15T16:23:28.567411+00:00,29650.6,final,2008-10-01,2008-12-31,1,2026-09-15T16:23:28.567411+00:00
IMPORTS_GOODS_SERVICES_EUROPE,dk:country,2009-Q1,2026-09-15T16:23:28.567411+00:00,26859.9,final,2009-01-01,2009-03-31,1,2026-09-15T16:23:28.567411+00:00
IMPORTS_GOODS_SERVICES_EUROPE,dk:country,2009-Q2,2026-09-15T16:23:28.567411+00:00,25755.1,final,2009-04-01,2009-06-30,1,2026-09-15T16:23:28.567411+00:00
IMPORTS_GOODS_SERVICES_EUROPE,dk:country,2009-Q3,2026-09-15T16:23:28.567411+00:00,26869.8,final,2009-07-01,2009-09-30,1,2026-09-15T16:23:28.567411+00:00
IMPORTS_GOODS_SERVICES_EUROPE,dk:country,2009-Q4,2026-09-15T16:23:28.567411+00:00,25746.1,final,2009-10-01,2009-12-31,1,2026-09-15T16:23:28.567411+00:00
IMPORTS_GOODS_SERVICES_EUROPE,dk:country,2010-Q1,2026-09-15T16:23:28.567411+00:00,26060.0,final,2010-01-01,2010-03-31,1,2026-09-15T16:23:28.567411+00:00
IMPORTS_GOODS_SERVICES_EUROPE,dk:country,2010-Q2,2026-09-15T16:23:28.567411+00:00,26586.2,final,2010-04-01,2010-06-30,1,2026-09-15T16:23:28.567411+00:00
IMPORTS_GOODS_SERVICES_EUROPE,dk:country,2010-Q3,2026-09-15T16:23:28.567411+00:00,26573.9,final,2010-07-01,2010-09-30,1,2026-09-15T16:23:28.567411+00:00
IMPORTS_GOODS_SERVICES_EUROPE,dk:country,2010-Q4,2026-09-15T16:23:28.567411+00:00,27394.8,final,2010-10-01,2010-12-31,1,2026-09-15T16:23:28.567411+00:00
IMPORTS_GOODS_SERVICES_EUROPE,dk:country,2011-Q1,2026-09-15T16:23:28.567411+00:00,27714.3,final,2011-01-01,2011-03-31,1,2026-09-15T16:23:28.567411+00:00
IMPORTS_GOODS_SERVICES_EUROPE,dk:country,2011-Q2,2026-09-15T16:23:28.567411+00:00,28791.3,final,2011-04-01,2011-06-30,1,2026-09-15T16:23:28.567411+00:00
IMPORTS_GOODS_SERVICES_EUROPE,dk:country,2011-Q3,2026-09-15T16:23:28.567411+00:00,29232.8,final,2011-07-01,2011-09-30,1,2026-09-15T16:23:28.567411+00:00
IMPORTS_GOODS_SERVICES_EUROPE,dk:country,2011-Q4,2026-09-15T16:23:28.567411+00:00,29469.9,final,2011-10-01,2011-12-31,1,2026-09-15T16:23:28.567411+00:00
IMPORTS_GOODS_SERVICES_EUROPE,dk:country,2012-Q1,2026-09-15T16:23:28.567411+00:00,29481.9,final,2012-01-01,2012-03-31,1,2026-09-15T16:23:28.567411+00:00
IMPORTS_GOODS_SERVICES_EUROPE,dk:country,2012-Q2,2026-09-15T16:23:28.567411+00:00,29881.9,final,2012-04-01,2012-06-30,1,2026-09-15T16:23:28.567411+00:00
IMPORTS_GOODS_SERVICES_EUROPE,dk:country,2012-Q3,2026-09-15T16:23:28.567411+00:00,29574.6,final,2012-07-01,2012-09-30,1,2026-09-15T16:23:28.567411+00:00
IMPORTS_GOODS_SERVICES_EUROPE,dk:country,2012-Q4,2026-09-15T16:23:28.567411+00:00,29553.8,final,2012-10-01,2012-12-31,1,2026-09-15T16:23:28.567411+00:00
IMPORTS_GOODS_SERVICES_EUROPE,dk:country,2013-Q1,2026-09-15T16:23:28.567411+00:00,29867.3,final,2013-01-01,2013-03-31,1,2026-09-15T16:23:28.567411+00:00
IMPORTS_GOODS_SERVICES_EUROPE,dk:country,2013-Q2,2026-09-15T16:23:28.567411+00:00,29389.9,final,2013-04-01,2013-06-30,1,2026-09-15T16:23:28.567411+00:00
IMPORTS_GOODS_SERVICES_EUROPE,dk:country,2013-Q3,2026-09-15T16:23:28.567411+00:00,30781.7,final,2013-07-01,2013-09-30,1,2026-09-15T16:23:28.567411+00:00
IMPORTS_GOODS_SERVICES_EUROPE,dk:country,2013-Q4,2026-09-15T16:23:28.567411+00:00,30181.3,final,2013-10-01,2013-12-31,1,2026-09-15T16:23:28.567411+00:00
IMPORTS_GOODS_SERVICES_EUROPE,dk:country,2014-Q1,2026-09-15T16:23:28.567411+00:00,31056.1,final,2014-01-01,2014-03-31,1,2026-09-15T16:23:28.567411+00:00
IMPORTS_GOODS_SERVICES_EUROPE,dk:country,2014-Q2,2026-09-15T16:23:28.567411+00:00,31301.3,final,2014-04-01,2014-06-30,1,2026-09-15T16:23:28.567411+00:00
IMPORTS_GOODS_SERVICES_EUROPE,dk:country,2014-Q3,2026-09-15T16:23:28.567411+00:00,31389.5,final,2014-07-01,2014-09-30,1,2026-09-15T16:23:28.567411+00:00
IMPORTS_GOODS_SERVICES_EUROPE,dk:country,2014-Q4,2026-09-15T16:23:28.567411+00:00,31363.4,final,2014-10-01,2014-12-31,1,2026-09-15T16:23:28.567411+00:00
IMPORTS_GOODS_SERVICES_EUROPE,dk:country,2015-Q1,2026-09-15T16:23:28.567411+00:00,32022.4,final,2015-01-01,2015-03-31,1,2026-09-15T16:23:28.567411+00:00
IMPORTS_GOODS_SERVICES_EUROPE,dk:country,2015-Q2,2026-09-15T16:23:28.567411+00:00,32214.9,final,2015-04-01,2015-06-30,1,2026-09-15T16:23:28.567411+00:00
IMPORTS_GOODS_SERVICES_EUROPE,dk:country,2015-Q3,2026-09-15T16:23:28.567411+00:00,32824.7,final,2015-07-01,2015-09-30,1,2026-09-15T16:23:28.567411+00:00
IMPORTS_GOODS_SERVICES_EUROPE,dk:country,2015-Q4,2026-09-15T16:23:28.567411+00:00,33131.6,final,2015-10-01,2015-12-31,1,2026-09-15T16:23:28.567411+00:00
IMPORTS_GOODS_SERVICES_EUROPE,dk:country,2016-Q1,2026-09-15T16:23:28.567411+00:00,33071.0,final,2016-01-01,2016-03-31,1,2026-09-15T16:23:28.567411+00:00
IMPORTS_GOODS_SERVICES_EUROPE,dk:country,2016-Q2,2026-09-15T16:23:28.567411+00:00,33767.3,final,2016-04-01,2016-06-30,1,2026-09-15T16:23:28.567411+00:00
IMPORTS_GOODS_SERVICES_EUROPE,dk:country,2016-Q3,2026-09-15T16:23:28.567411+00:00,33745.7,final,2016-07-01,2016-09-30,1,2026-09-15T16:23:28.567411+00:00
IMPORTS_GOODS_SERVICES_EUROPE,dk:country,2016-Q4,2026-09-15T16:23:28.567411+00:00,35189.7,final,2016-10-01,2016-12-31,1,2026-09-15T16:23:28.567411+00:00
IMPORTS_GOODS_SERVICES_EUROPE,dk:country,2017-Q1,2026-09-15T16:23:28.567411+00:00,34936.7,final,2017-01-01,2017-03-31,1,2026-09-15T16:23:28.567411+00:00
IMPORTS_GOODS_SERVICES_EUROPE,dk:country,2017-Q2,2026-09-15T16:23:28.567411+00:00,35049.0,final,2017-04-01,2017-06-30,1,2026-09-15T16:23:28.567411+00:00
IMPORTS_GOODS_SERVICES_EUROPE,dk:country,2017-Q3,2026-09-15T16:23:28.567411+00:00,35515.5,final,2017-07-01,2017-09-30,1,2026-09-15T16:23:28.567411+00:00
IMPORTS_GOODS_SERVICES_EUROPE,dk:country,2017-Q4,2026-09-15T16:23:28.567411+00:00,36141.0,final,2017-10-01,2017-12-31,1,2026-09-15T16:23:28.567411+00:00
IMPORTS_GOODS_SERVICES_EUROPE,dk:country,2018-Q1,2026-09-15T16:23:28.567411+00:00,36817.6,final,2018-01-01,2018-03-31,1,2026-09-15T16:23:28.567411+00:00
IMPORTS_GOODS_SERVICES_EUROPE,dk:country,2018-Q2,2026-09-15T16:23:28.567411+00:00,38142.7,final,2018-04-01,2018-06-30,1,2026-09-15T16:23:28.567411+00:00
IMPORTS_GOODS_SERVICES_EUROPE,dk:country,2018-Q3,2026-09-15T16:23:28.567411+00:00,37160.2,final,2018-07-01,2018-09-30,1,2026-09-15T16:23:28.567411+00:00
IMPORTS_GOODS_SERVICES_EUROPE,dk:country,2018-Q4,2026-09-15T16:23:28.567411+00:00,37602.9,final,2018-10-01,2018-12-31,1,2026-09-15T16:23:28.567411+00:00
IMPORTS_GOODS_SERVICES_EUROPE,dk:country,2019-Q1,2026-09-15T16:23:28.567411+00:00,38068.1,final,2019-01-01,2019-03-31,1,2026-09-15T16:23:28.567411+00:00
IMPORTS_GOODS_SERVICES_EUROPE,dk:country,2019-Q2,2026-09-15T16:23:28.567411+00:00,38263.7,final,2019-04-01,2019-06-30,1,2026-09-15T16:23:28.567411+00:00
IMPORTS_GOODS_SERVICES_EUROPE,dk:country,2019-Q3,2026-09-15T16:23:28.567411+00:00,38796.0,final,2019-07-01,2019-09-30,1,2026-09-15T16:23:28.567411+00:00
IMPORTS_GOODS_SERVICES_EUROPE,dk:country,2019-Q4,2026-09-15T16:23:28.567411+00:00,39167.1,final,2019-10-01,2019-12-31,1,2026-09-15T16:23:28.567411+00:00
IMPORTS_GOODS_SERVICES_EUROPE,dk:country,2020-Q1,2026-09-15T16:23:28.567411+00:00,38102.2,final,2020-01-01,2020-03-31,1,2026-09-15T16:23:28.567411+00:00
IMPORTS_GOODS_SERVICES_EUROPE,dk:country,2020-Q2,2026-09-15T16:23:28.567411+00:00,34723.8,final,2020-04-01,2020-06-30,1,2026-09-15T16:23:28.567411+00:00
IMPORTS_GOODS_SERVICES_EUROPE,dk:country,2020-Q3,2026-09-15T16:23:28.567411+00:00,36638.4,final,2020-07-01,2020-09-30,1,2026-09-15T16:23:28.567411+00:00
IMPORTS_GOODS_SERVICES_EUROPE,dk:country,2020-Q4,2026-09-15T16:23:28.567411+00:00,38730.0,final,2020-10-01,2020-12-31,1,2026-09-15T16:23:28.567411+00:00
IMPORTS_GOODS_SERVICES_EUROPE,dk:country,2021-Q1,2026-09-15T16:23:28.567411+00:00,39317.7,final,2021-01-01,2021-03-31,1,2026-09-15T16:23:28.567411+00:00
IMPORTS_GOODS_SERVICES_EUROPE,dk:country,2021-Q2,2026-09-15T16:23:28.567411+00:00,40450.0,final,2021-04-01,2021-06-30,1,2026-09-15T16:23:28.567411+00:00
IMPORTS_GOODS_SERVICES_EUROPE,dk:country,2021-Q3,2026-09-15T16:23:28.567411+00:00,40655.1,final,2021-07-01,2021-09-30,1,2026-09-15T16:23:28.567411+00:00
IMPORTS_GOODS_SERVICES_EUROPE,dk:country,2021-Q4,2026-09-15T16:23:28.567411+00:00,41926.7,final,2021-10-01,2021-12-31,1,2026-09-15T16:23:28.567411+00:00
IMPORTS_GOODS_SERVICES_EUROPE,dk:country,2022-Q1,2026-09-15T16:23:28.567411+00:00,40441.4,final,2022-01-01,2022-03-31,1,2026-09-15T16:23:28.567411+00:00
IMPORTS_GOODS_SERVICES_EUROPE,dk:country,2022-Q2,2026-09-15T16:23:28.567411+00:00,43100.9,final,2022-04-01,2022-06-30,1,2026-09-15T16:23:28.567411+00:00
IMPORTS_GOODS_SERVICES_EUROPE,dk:country,2022-Q3,2026-09-15T16:23:28.567411+00:00,43662.0,final,2022-07-01,2022-09-30,1,2026-09-15T16:23:28.567411+00:00
IMPORTS_GOODS_SERVICES_EUROPE,dk:country,2022-Q4,2026-09-15T16:23:28.567411+00:00,44850.5,final,2022-10-01,2022-12-31,1,2026-09-15T16:23:28.567411+00:00
IMPORTS_GOODS_SERVICES_EUROPE,dk:country,2023-Q1,2026-09-15T16:23:28.567411+00:00,44129.8,final,2023-01-01,2023-03-31,1,2026-09-15T16:23:28.567411+00:00
IMPORTS_GOODS_SERVICES_EUROPE,dk:country,2023-Q2,2026-09-15T16:23:28.567411+00:00,43508.6,final,2023-04-01,2023-06-30,1,2026-09-15T16:23:28.567411+00:00
IMPORTS_GOODS_SERVICES_EUROPE,dk:country,2023-Q3,2026-09-15T16:23:28.567411+00:00,43950.6,final,2023-07-01,2023-09-30,1,2026-09-15T16:23:28.567411+00:00
IMPORTS_GOODS_SERVICES_EUROPE,dk:country,2023-Q4,2026-09-15T16:23:28.567411+00:00,43853.7,final,2023-10-01,2023-12-31,1,2026-09-15T16:23:28.567411+00:00
IMPORTS_GOODS_SERVICES_EUROPE,dk:country,2024-Q1,2026-09-15T16:23:28.567411+00:00,46074.1,final,2024-01-01,2024-03-31,1,2026-09-15T16:23:28.567411+00:00
IMPORTS_GOODS_SERVICES_EUROPE,dk:country,2024-Q2,2026-09-15T16:23:28.567411+00:00,46169.6,final,2024-04-01,2024-06-30,1,2026-09-15T16:23:28.567411+00:00
IMPORTS_GOODS_SERVICES_EUROPE,dk:country,2024-Q3,2026-09-15T16:23:28.567411+00:00,46082.0,final,2024-07-01,2024-09-30,1,2026-09-15T16:23:28.567411+00:00
IMPORTS_GOODS_SERVICES_EUROPE,dk:country,2024-Q4,2026-09-15T16:23:28.567411+00:00,49565.6,final,2024-10-01,2024-12-31,1,2026-09-15T16:23:28.567411+00:00
IMPORTS_GOODS_SERVICES_EUROPE,dk:country,2025-Q1,2026-09-15T16:23:28.567411+00:00,45755.6,final,2025-01-01,2025-03-31,1,2026-09-15T16:23:28.567411+00:00
IMPORTS_GOODS_SERVICES_EUROPE,dk:country,2025-Q2,2026-09-15T16:23:28.567411+00:00,46428.1,final,2025-04-01,2025-06-30,1,2026-09-15T16:23:28.567411+00:00
IMPORTS_GOODS_SERVICES_EUROPE,dk:country,2025-Q3,2026-09-15T16:23:28.567411+00:00,46550.0,final,2025-07-01,2025-09-30,1,2026-09-15T16:23:28.567411+00:00
IMPORTS_GOODS_SERVICES_EUROPE,dk:country,2025-Q4,2026-09-15T16:23:28.567411+00:00,46842.1,final,2025-10-01,2025-12-31,1,2026-09-15T16:23:28.567411+00:00
IMPORTS_GOODS_SERVICES_EUROPE,dk:country,2026-Q1,2026-09-15T16:23:28.567411+00:00,46473.3,final,2026-01-01,2026-03-31,1,2026-09-15T16:23:28.567411+00:00
IMPORTS_GOODS_SERVICES_EUROPE,dk:country,2026-Q2,2026-09-15T16:23:28.567411+00:00,46970.6,final,2026-04-01,2026-06-30,1,2026-09-15T16:23:28.567411+00:00
IMPORTS_GOODS_SERVICES_EUROPE,ea21:aggregate,2008-Q1,2026-09-15T16:23:28.567411+00:00,940111.3,final,2008-01-01,2008-03-31,1,2026-09-15T16:23:28.567411+00:00
IMPORTS_GOODS_SERVICES_EUROPE,ea21:aggregate,2008-Q2,2026-09-15T16:23:28.567411+00:00,933082.7,final,2008-04-01,2008-06-30,1,2026-09-15T16:23:28.567411+00:00
IMPORTS_GOODS_SERVICES_EUROPE,ea21:aggregate,2008-Q3,2026-09-15T16:23:28.567411+00:00,928512.7,final,2008-07-01,2008-09-30,1,2026-09-15T16:23:28.567411+00:00
IMPORTS_GOODS_SERVICES_EUROPE,ea21:aggregate,2008-Q4,2026-09-15T16:23:28.567411+00:00,883165.7,final,2008-10-01,2008-12-31,1,2026-09-15T16:23:28.567411+00:00
IMPORTS_GOODS_SERVICES_EUROPE,ea21:aggregate,2009-Q1,2026-09-15T16:23:28.567411+00:00,818330.6,final,2009-01-01,2009-03-31,1,2026-09-15T16:23:28.567411+00:00
IMPORTS_GOODS_SERVICES_EUROPE,ea21:aggregate,2009-Q2,2026-09-15T16:23:28.567411+00:00,798655.7,final,2009-04-01,2009-06-30,1,2026-09-15T16:23:28.567411+00:00
IMPORTS_GOODS_SERVICES_EUROPE,ea21:aggregate,2009-Q3,2026-09-15T16:23:28.567411+00:00,816047.9,final,2009-07-01,2009-09-30,1,2026-09-15T16:23:28.567411+00:00
IMPORTS_GOODS_SERVICES_EUROPE,ea21:aggregate,2009-Q4,2026-09-15T16:23:28.567411+00:00,827930.8,final,2009-10-01,2009-12-31,1,2026-09-15T16:23:28.567411+00:00
IMPORTS_GOODS_SERVICES_EUROPE,ea21:aggregate,2010-Q1,2026-09-15T16:23:28.567411+00:00,852552.4,final,2010-01-01,2010-03-31,1,2026-09-15T16:23:28.567411+00:00
IMPORTS_GOODS_SERVICES_EUROPE,ea21:aggregate,2010-Q2,2026-09-15T16:23:28.567411+00:00,892057.1,final,2010-04-01,2010-06-30,1,2026-09-15T16:23:28.567411+00:00
IMPORTS_GOODS_SERVICES_EUROPE,ea21:aggregate,2010-Q3,2026-09-15T16:23:28.567411+00:00,900932.6,final,2010-07-01,2010-09-30,1,2026-09-15T16:23:28.567411+00:00
IMPORTS_GOODS_SERVICES_EUROPE,ea21:aggregate,2010-Q4,2026-09-15T16:23:28.567411+00:00,916987.8,final,2010-10-01,2010-12-31,1,2026-09-15T16:23:28.567411+00:00
IMPORTS_GOODS_SERVICES_EUROPE,ea21:aggregate,2011-Q1,2026-09-15T16:23:28.567411+00:00,933519.2,final,2011-01-01,2011-03-31,1,2026-09-15T16:23:28.567411+00:00
IMPORTS_GOODS_SERVICES_EUROPE,ea21:aggregate,2011-Q2,2026-09-15T16:23:28.567411+00:00,931768.4,final,2011-04-01,2011-06-30,1,2026-09-15T16:23:28.567411+00:00
IMPORTS_GOODS_SERVICES_EUROPE,ea21:aggregate,2011-Q3,2026-09-15T16:23:28.567411+00:00,934135.9,final,2011-07-01,2011-09-30,1,2026-09-15T16:23:28.567411+00:00
IMPORTS_GOODS_SERVICES_EUROPE,ea21:aggregate,2011-Q4,2026-09-15T16:23:28.567411+00:00,920660.8,final,2011-10-01,2011-12-31,1,2026-09-15T16:23:28.567411+00:00
IMPORTS_GOODS_SERVICES_EUROPE,ea21:aggregate,2012-Q1,2026-09-15T16:23:28.567411+00:00,922320.2,final,2012-01-01,2012-03-31,1,2026-09-15T16:23:28.567411+00:00
IMPORTS_GOODS_SERVICES_EUROPE,ea21:aggregate,2012-Q2,2026-09-15T16:23:28.567411+00:00,921081.5,final,2012-04-01,2012-06-30,1,2026-09-15T16:23:28.567411+00:00
IMPORTS_GOODS_SERVICES_EUROPE,ea21:aggregate,2012-Q3,2026-09-15T16:23:28.567411+00:00,920803.2,final,2012-07-01,2012-09-30,1,2026-09-15T16:23:28.567411+00:00
IMPORTS_GOODS_SERVICES_EUROPE,ea21:aggregate,2012-Q4,2026-09-15T16:23:28.567411+00:00,914249.5,final,2012-10-01,2012-12-31,1,2026-09-15T16:23:28.567411+00:00
IMPORTS_GOODS_SERVICES_EUROPE,ea21:aggregate,2013-Q1,2026-09-15T16:23:28.567411+00:00,915882.8,final,2013-01-01,2013-03-31,1,2026-09-15T16:23:28.567411+00:00
IMPORTS_GOODS_SERVICES_EUROPE,ea21:aggregate,2013-Q2,2026-09-15T16:23:28.567411+00:00,929521.1,final,2013-04-01,2013-06-30,1,2026-09-15T16:23:28.567411+00:00
IMPORTS_GOODS_SERVICES_EUROPE,ea21:aggregate,2013-Q3,2026-09-15T16:23:28.567411+00:00,943042.5,final,2013-07-01,2013-09-30,1,2026-09-15T16:23:28.567411+00:00
IMPORTS_GOODS_SERVICES_EUROPE,ea21:aggregate,2013-Q4,2026-09-15T16:23:28.567411+00:00,951585.6,final,2013-10-01,2013-12-31,1,2026-09-15T16:23:28.567411+00:00
IMPORTS_GOODS_SERVICES_EUROPE,ea21:aggregate,2014-Q1,2026-09-15T16:23:28.567411+00:00,957246.1,final,2014-01-01,2014-03-31,1,2026-09-15T16:23:28.567411+00:00
IMPORTS_GOODS_SERVICES_EUROPE,ea21:aggregate,2014-Q2,2026-09-15T16:23:28.567411+00:00,971316.2,final,2014-04-01,2014-06-30,1,2026-09-15T16:23:28.567411+00:00
IMPORTS_GOODS_SERVICES_EUROPE,ea21:aggregate,2014-Q3,2026-09-15T16:23:28.567411+00:00,986737.2,final,2014-07-01,2014-09-30,1,2026-09-15T16:23:28.567411+00:00
IMPORTS_GOODS_SERVICES_EUROPE,ea21:aggregate,2014-Q4,2026-09-15T16:23:28.567411+00:00,996911.0,final,2014-10-01,2014-12-31,1,2026-09-15T16:23:28.567411+00:00
IMPORTS_GOODS_SERVICES_EUROPE,ea21:aggregate,2015-Q1,2026-09-15T16:23:28.567411+00:00,1026006.8,final,2015-01-01,2015-03-31,1,2026-09-15T16:23:28.567411+00:00
IMPORTS_GOODS_SERVICES_EUROPE,ea21:aggregate,2015-Q2,2026-09-15T16:23:28.567411+00:00,1065798.8,final,2015-04-01,2015-06-30,1,2026-09-15T16:23:28.567411+00:00
IMPORTS_GOODS_SERVICES_EUROPE,ea21:aggregate,2015-Q3,2026-09-15T16:23:28.567411+00:00,1048320.5,final,2015-07-01,2015-09-30,1,2026-09-15T16:23:28.567411+00:00
IMPORTS_GOODS_SERVICES_EUROPE,ea21:aggregate,2015-Q4,2026-09-15T16:23:28.567411+00:00,1074422.0,final,2015-10-01,2015-12-31,1,2026-09-15T16:23:28.567411+00:00
IMPORTS_GOODS_SERVICES_EUROPE,ea21:aggregate,2016-Q1,2026-09-15T16:23:28.567411+00:00,1081550.2,final,2016-01-01,2016-03-31,1,2026-09-15T16:23:28.567411+00:00
IMPORTS_GOODS_SERVICES_EUROPE,ea21:aggregate,2016-Q2,2026-09-15T16:23:28.567411+00:00,1089191.8,final,2016-04-01,2016-06-30,1,2026-09-15T16:23:28.567411+00:00
IMPORTS_GOODS_SERVICES_EUROPE,ea21:aggregate,2016-Q3,2026-09-15T16:23:28.567411+00:00,1101542.5,final,2016-07-01,2016-09-30,1,2026-09-15T16:23:28.567411+00:00
IMPORTS_GOODS_SERVICES_EUROPE,ea21:aggregate,2016-Q4,2026-09-15T16:23:28.567411+00:00,1120778.1,final,2016-10-01,2016-12-31,1,2026-09-15T16:23:28.567411+00:00
IMPORTS_GOODS_SERVICES_EUROPE,ea21:aggregate,2017-Q1,2026-09-15T16:23:28.567411+00:00,1124160.8,final,2017-01-01,2017-03-31,1,2026-09-15T16:23:28.567411+00:00
IMPORTS_GOODS_SERVICES_EUROPE,ea21:aggregate,2017-Q2,2026-09-15T16:23:28.567411+00:00,1179763.3,final,2017-04-01,2017-06-30,1,2026-09-15T16:23:28.567411+00:00
IMPORTS_GOODS_SERVICES_EUROPE,ea21:aggregate,2017-Q3,2026-09-15T16:23:28.567411+00:00,1154622.6,final,2017-07-01,2017-09-30,1,2026-09-15T16:23:28.567411+00:00
IMPORTS_GOODS_SERVICES_EUROPE,ea21:aggregate,2017-Q4,2026-09-15T16:23:28.567411+00:00,1178541.3,final,2017-10-01,2017-12-31,1,2026-09-15T16:23:28.567411+00:00
IMPORTS_GOODS_SERVICES_EUROPE,ea21:aggregate,2018-Q1,2026-09-15T16:23:28.567411+00:00,1180023.7,final,2018-01-01,2018-03-31,1,2026-09-15T16:23:28.567411+00:00
IMPORTS_GOODS_SERVICES_EUROPE,ea21:aggregate,2018-Q2,2026-09-15T16:23:28.567411+00:00,1195182.8,final,2018-04-01,2018-06-30,1,2026-09-15T16:23:28.567411+00:00
IMPORTS_GOODS_SERVICES_EUROPE,ea21:aggregate,2018-Q3,2026-09-15T16:23:28.567411+00:00,1205734.1,final,2018-07-01,2018-09-30,1,2026-09-15T16:23:28.567411+00:00
IMPORTS_GOODS_SERVICES_EUROPE,ea21:aggregate,2018-Q4,2026-09-15T16:23:28.567411+00:00,1236281.3,final,2018-10-01,2018-12-31,1,2026-09-15T16:23:28.567411+00:00
IMPORTS_GOODS_SERVICES_EUROPE,ea21:aggregate,2019-Q1,2026-09-15T16:23:28.567411+00:00,1232492.6,final,2019-01-01,2019-03-31,1,2026-09-15T16:23:28.567411+00:00
IMPORTS_GOODS_SERVICES_EUROPE,ea21:aggregate,2019-Q2,2026-09-15T16:23:28.567411+00:00,1276658.9,final,2019-04-01,2019-06-30,1,2026-09-15T16:23:28.567411+00:00
IMPORTS_GOODS_SERVICES_EUROPE,ea21:aggregate,2019-Q3,2026-09-15T16:23:28.567411+00:00,1248151.6,final,2019-07-01,2019-09-30,1,2026-09-15T16:23:28.567411+00:00
IMPORTS_GOODS_SERVICES_EUROPE,ea21:aggregate,2019-Q4,2026-09-15T16:23:28.567411+00:00,1302933.2,final,2019-10-01,2019-12-31,1,2026-09-15T16:23:28.567411+00:00
IMPORTS_GOODS_SERVICES_EUROPE,ea21:aggregate,2020-Q1,2026-09-15T16:23:28.567411+00:00,1271962.1,final,2020-01-01,2020-03-31,1,2026-09-15T16:23:28.567411+00:00
IMPORTS_GOODS_SERVICES_EUROPE,ea21:aggregate,2020-Q2,2026-09-15T16:23:28.567411+00:00,1013111.9,final,2020-04-01,2020-06-30,1,2026-09-15T16:23:28.567411+00:00
IMPORTS_GOODS_SERVICES_EUROPE,ea21:aggregate,2020-Q3,2026-09-15T16:23:28.567411+00:00,1141202.9,final,2020-07-01,2020-09-30,1,2026-09-15T16:23:28.567411+00:00
IMPORTS_GOODS_SERVICES_EUROPE,ea21:aggregate,2020-Q4,2026-09-15T16:23:28.567411+00:00,1211319.0,final,2020-10-01,2020-12-31,1,2026-09-15T16:23:28.567411+00:00
IMPORTS_GOODS_SERVICES_EUROPE,ea21:aggregate,2021-Q1,2026-09-15T16:23:28.567411+00:00,1211935.5,final,2021-01-01,2021-03-31,1,2026-09-15T16:23:28.567411+00:00
IMPORTS_GOODS_SERVICES_EUROPE,ea21:aggregate,2021-Q2,2026-09-15T16:23:28.567411+00:00,1241773.7,final,2021-04-01,2021-06-30,1,2026-09-15T16:23:28.567411+00:00
IMPORTS_GOODS_SERVICES_EUROPE,ea21:aggregate,2021-Q3,2026-09-15T16:23:28.567411+00:00,1263500.0,final,2021-07-01,2021-09-30,1,2026-09-15T16:23:28.567411+00:00
IMPORTS_GOODS_SERVICES_EUROPE,ea21:aggregate,2021-Q4,2026-09-15T16:23:28.567411+00:00,1334775.3,final,2021-10-01,2021-12-31,1,2026-09-15T16:23:28.567411+00:00
IMPORTS_GOODS_SERVICES_EUROPE,ea21:aggregate,2022-Q1,2026-09-15T16:23:28.567411+00:00,1345454.0,final,2022-01-01,2022-03-31,1,2026-09-15T16:23:28.567411+00:00
IMPORTS_GOODS_SERVICES_EUROPE,ea21:aggregate,2022-Q2,2026-09-15T16:23:28.567411+00:00,1366711.5,final,2022-04-01,2022-06-30,1,2026-09-15T16:23:28.567411+00:00
IMPORTS_GOODS_SERVICES_EUROPE,ea21:aggregate,2022-Q3,2026-09-15T16:23:28.567411+00:00,1394162.6,final,2022-07-01,2022-09-30,1,2026-09-15T16:23:28.567411+00:00
IMPORTS_GOODS_SERVICES_EUROPE,ea21:aggregate,2022-Q4,2026-09-15T16:23:28.567411+00:00,1385555.0,final,2022-10-01,2022-12-31,1,2026-09-15T16:23:28.567411+00:00
IMPORTS_GOODS_SERVICES_EUROPE,ea21:aggregate,2023-Q1,2026-09-15T16:23:28.567411+00:00,1362886.3,final,2023-01-01,2023-03-31,1,2026-09-15T16:23:28.567411+00:00
IMPORTS_GOODS_SERVICES_EUROPE,ea21:aggregate,2023-Q2,2026-09-15T16:23:28.567411+00:00,1355374.9,final,2023-04-01,2023-06-30,1,2026-09-15T16:23:28.567411+00:00
IMPORTS_GOODS_SERVICES_EUROPE,ea21:aggregate,2023-Q3,2026-09-15T16:23:28.567411+00:00,1335905.4,final,2023-07-01,2023-09-30,1,2026-09-15T16:23:28.567411+00:00
IMPORTS_GOODS_SERVICES_EUROPE,ea21:aggregate,2023-Q4,2026-09-15T16:23:28.567411+00:00,1346198.8,final,2023-10-01,2023-12-31,1,2026-09-15T16:23:28.567411+00:00
IMPORTS_GOODS_SERVICES_EUROPE,ea21:aggregate,2024-Q1,2026-09-15T16:23:28.567411+00:00,1339183.3,final,2024-01-01,2024-03-31,1,2026-09-15T16:23:28.567411+00:00
IMPORTS_GOODS_SERVICES_EUROPE,ea21:aggregate,2024-Q2,2026-09-15T16:23:28.567411+00:00,1354369.3,final,2024-04-01,2024-06-30,1,2026-09-15T16:23:28.567411+00:00
IMPORTS_GOODS_SERVICES_EUROPE,ea21:aggregate,2024-Q3,2026-09-15T16:23:28.567411+00:00,1359692.6,final,2024-07-01,2024-09-30,1,2026-09-15T16:23:28.567411+00:00
IMPORTS_GOODS_SERVICES_EUROPE,ea21:aggregate,2024-Q4,2026-09-15T16:23:28.567411+00:00,1363974.2,final,2024-10-01,2024-12-31,1,2026-09-15T16:23:28.567411+00:00
IMPORTS_GOODS_SERVICES_EUROPE,ea21:aggregate,2025-Q1,2026-09-15T16:23:28.567411+00:00,1395548.6,final,2025-01-01,2025-03-31,1,2026-09-15T16:23:28.567411+00:00
IMPORTS_GOODS_SERVICES_EUROPE,ea21:aggregate,2025-Q2,2026-09-15T16:23:28.567411+00:00,1392879.2,final,2025-04-01,2025-06-30,1,2026-09-15T16:23:28.567411+00:00
IMPORTS_GOODS_SERVICES_EUROPE,ea21:aggregate,2025-Q3,2026-09-15T16:23:28.567411+00:00,1408384.6,final,2025-07-01,2025-09-30,1,2026-09-15T16:23:28.567411+00:00
IMPORTS_GOODS_SERVICES_EUROPE,ea21:aggregate,2025-Q4,2026-09-15T16:23:28.567411+00:00,1413530.8,final,2025-10-01,2025-12-31,1,2026-09-15T16:23:28.567411+00:00
IMPORTS_GOODS_SERVICES_EUROPE,ea21:aggregate,2026-Q1,2026-09-15T16:23:28.567411+00:00,1421862.9,final,2026-01-01,2026-03-31,1,2026-09-15T16:23:28.567411+00:00
IMPORTS_GOODS_SERVICES_EUROPE,ea21:aggregate,2026-Q2,2026-09-15T16:23:28.567411+00:00,1443524.5,final,2026-04-01,2026-06-30,1,2026-09-15T16:23:28.567411+00:00
IMPORTS_GOODS_SERVICES_EUROPE,ee:country,2008-Q1,2026-09-15T16:23:28.567411+00:00,3210.2,final,2008-01-01,2008-03-31,1,2026-09-15T16:23:28.567411+00:00
IMPORTS_GOODS_SERVICES_EUROPE,ee:country,2008-Q2,2026-09-15T16:23:28.567411+00:00,2998.8,final,2008-04-01,2008-06-30,1,2026-09-15T16:23:28.567411+00:00
IMPORTS_GOODS_SERVICES_EUROPE,ee:country,2008-Q3,2026-09-15T16:23:28.567411+00:00,3057.8,final,2008-07-01,2008-09-30,1,2026-09-15T16:23:28.567411+00:00
IMPORTS_GOODS_SERVICES_EUROPE,ee:country,2008-Q4,2026-09-15T16:23:28.567411+00:00,2777.9,final,2008-10-01,2008-12-31,1,2026-09-15T16:23:28.567411+00:00
IMPORTS_GOODS_SERVICES_EUROPE,ee:country,2009-Q1,2026-09-15T16:23:28.567411+00:00,2243.6,final,2009-01-01,2009-03-31,1,2026-09-15T16:23:28.567411+00:00
IMPORTS_GOODS_SERVICES_EUROPE,ee:country,2009-Q2,2026-09-15T16:23:28.567411+00:00,1997.9,final,2009-04-01,2009-06-30,1,2026-09-15T16:23:28.567411+00:00
IMPORTS_GOODS_SERVICES_EUROPE,ee:country,2009-Q3,2026-09-15T16:23:28.567411+00:00,1999.4,final,2009-07-01,2009-09-30,1,2026-09-15T16:23:28.567411+00:00
IMPORTS_GOODS_SERVICES_EUROPE,ee:country,2009-Q4,2026-09-15T16:23:28.567411+00:00,2118.4,final,2009-10-01,2009-12-31,1,2026-09-15T16:23:28.567411+00:00
IMPORTS_GOODS_SERVICES_EUROPE,ee:country,2010-Q1,2026-09-15T16:23:28.567411+00:00,2289.5,final,2010-01-01,2010-03-31,1,2026-09-15T16:23:28.567411+00:00
IMPORTS_GOODS_SERVICES_EUROPE,ee:country,2010-Q2,2026-09-15T16:23:28.567411+00:00,2443.0,final,2010-04-01,2010-06-30,1,2026-09-15T16:23:28.567411+00:00
IMPORTS_GOODS_SERVICES_EUROPE,ee:country,2010-Q3,2026-09-15T16:23:28.567411+00:00,2554.2,final,2010-07-01,2010-09-30,1,2026-09-15T16:23:28.567411+00:00
IMPORTS_GOODS_SERVICES_EUROPE,ee:country,2010-Q4,2026-09-15T16:23:28.567411+00:00,2807.4,final,2010-10-01,2010-12-31,1,2026-09-15T16:23:28.567411+00:00
IMPORTS_GOODS_SERVICES_EUROPE,ee:country,2011-Q1,2026-09-15T16:23:28.567411+00:00,3107.1,final,2011-01-01,2011-03-31,1,2026-09-15T16:23:28.567411+00:00
IMPORTS_GOODS_SERVICES_EUROPE,ee:country,2011-Q2,2026-09-15T16:23:28.567411+00:00,3177.8,final,2011-04-01,2011-06-30,1,2026-09-15T16:23:28.567411+00:00
IMPORTS_GOODS_SERVICES_EUROPE,ee:country,2011-Q3,2026-09-15T16:23:28.567411+00:00,3360.1,final,2011-07-01,2011-09-30,1,2026-09-15T16:23:28.567411+00:00
IMPORTS_GOODS_SERVICES_EUROPE,ee:country,2011-Q4,2026-09-15T16:23:28.567411+00:00,3216.5,final,2011-10-01,2011-12-31,1,2026-09-15T16:23:28.567411+00:00
IMPORTS_GOODS_SERVICES_EUROPE,ee:country,2012-Q1,2026-09-15T16:23:28.567411+00:00,3370.1,final,2012-01-01,2012-03-31,1,2026-09-15T16:23:28.567411+00:00
IMPORTS_GOODS_SERVICES_EUROPE,ee:country,2012-Q2,2026-09-15T16:23:28.567411+00:00,3465.4,final,2012-04-01,2012-06-30,1,2026-09-15T16:23:28.567411+00:00
IMPORTS_GOODS_SERVICES_EUROPE,ee:country,2012-Q3,2026-09-15T16:23:28.567411+00:00,3704.5,final,2012-07-01,2012-09-30,1,2026-09-15T16:23:28.567411+00:00
IMPORTS_GOODS_SERVICES_EUROPE,ee:country,2012-Q4,2026-09-15T16:23:28.567411+00:00,3564.3,final,2012-10-01,2012-12-31,1,2026-09-15T16:23:28.567411+00:00
IMPORTS_GOODS_SERVICES_EUROPE,ee:country,2013-Q1,2026-09-15T16:23:28.567411+00:00,3608.7,final,2013-01-01,2013-03-31,1,2026-09-15T16:23:28.567411+00:00
IMPORTS_GOODS_SERVICES_EUROPE,ee:country,2013-Q2,2026-09-15T16:23:28.567411+00:00,3682.1,final,2013-04-01,2013-06-30,1,2026-09-15T16:23:28.567411+00:00
IMPORTS_GOODS_SERVICES_EUROPE,ee:country,2013-Q3,2026-09-15T16:23:28.567411+00:00,3647.3,final,2013-07-01,2013-09-30,1,2026-09-15T16:23:28.567411+00:00
IMPORTS_GOODS_SERVICES_EUROPE,ee:country,2013-Q4,2026-09-15T16:23:28.567411+00:00,3525.4,final,2013-10-01,2013-12-31,1,2026-09-15T16:23:28.567411+00:00
IMPORTS_GOODS_SERVICES_EUROPE,ee:country,2014-Q1,2026-09-15T16:23:28.567411+00:00,3720.2,final,2014-01-01,2014-03-31,1,2026-09-15T16:23:28.567411+00:00
IMPORTS_GOODS_SERVICES_EUROPE,ee:country,2014-Q2,2026-09-15T16:23:28.567411+00:00,3666.8,final,2014-04-01,2014-06-30,1,2026-09-15T16:23:28.567411+00:00
IMPORTS_GOODS_SERVICES_EUROPE,ee:country,2014-Q3,2026-09-15T16:23:28.567411+00:00,3744.9,final,2014-07-01,2014-09-30,1,2026-09-15T16:23:28.567411+00:00
IMPORTS_GOODS_SERVICES_EUROPE,ee:country,2014-Q4,2026-09-15T16:23:28.567411+00:00,3708.3,final,2014-10-01,2014-12-31,1,2026-09-15T16:23:28.567411+00:00
IMPORTS_GOODS_SERVICES_EUROPE,ee:country,2015-Q1,2026-09-15T16:23:28.567411+00:00,3693.2,final,2015-01-01,2015-03-31,1,2026-09-15T16:23:28.567411+00:00
IMPORTS_GOODS_SERVICES_EUROPE,ee:country,2015-Q2,2026-09-15T16:23:28.567411+00:00,3560.4,final,2015-04-01,2015-06-30,1,2026-09-15T16:23:28.567411+00:00
IMPORTS_GOODS_SERVICES_EUROPE,ee:country,2015-Q3,2026-09-15T16:23:28.567411+00:00,3608.1,final,2015-07-01,2015-09-30,1,2026-09-15T16:23:28.567411+00:00
IMPORTS_GOODS_SERVICES_EUROPE,ee:country,2015-Q4,2026-09-15T16:23:28.567411+00:00,3664.6,final,2015-10-01,2015-12-31,1,2026-09-15T16:23:28.567411+00:00
IMPORTS_GOODS_SERVICES_EUROPE,ee:country,2016-Q1,2026-09-15T16:23:28.567411+00:00,3821.5,final,2016-01-01,2016-03-31,1,2026-09-15T16:23:28.567411+00:00
IMPORTS_GOODS_SERVICES_EUROPE,ee:country,2016-Q2,2026-09-15T16:23:28.567411+00:00,3953.5,final,2016-04-01,2016-06-30,1,2026-09-15T16:23:28.567411+00:00
IMPORTS_GOODS_SERVICES_EUROPE,ee:country,2016-Q3,2026-09-15T16:23:28.567411+00:00,3786.0,final,2016-07-01,2016-09-30,1,2026-09-15T16:23:28.567411+00:00
IMPORTS_GOODS_SERVICES_EUROPE,ee:country,2016-Q4,2026-09-15T16:23:28.567411+00:00,3835.8,final,2016-10-01,2016-12-31,1,2026-09-15T16:23:28.567411+00:00
IMPORTS_GOODS_SERVICES_EUROPE,ee:country,2017-Q1,2026-09-15T16:23:28.567411+00:00,4015.1,final,2017-01-01,2017-03-31,1,2026-09-15T16:23:28.567411+00:00
IMPORTS_GOODS_SERVICES_EUROPE,ee:country,2017-Q2,2026-09-15T16:23:28.567411+00:00,3975.7,final,2017-04-01,2017-06-30,1,2026-09-15T16:23:28.567411+00:00
IMPORTS_GOODS_SERVICES_EUROPE,ee:country,2017-Q3,2026-09-15T16:23:28.567411+00:00,3969.5,final,2017-07-01,2017-09-30,1,2026-09-15T16:23:28.567411+00:00
IMPORTS_GOODS_SERVICES_EUROPE,ee:country,2017-Q4,2026-09-15T16:23:28.567411+00:00,3980.3,final,2017-10-01,2017-12-31,1,2026-09-15T16:23:28.567411+00:00
IMPORTS_GOODS_SERVICES_EUROPE,ee:country,2018-Q1,2026-09-15T16:23:28.567411+00:00,4123.8,final,2018-01-01,2018-03-31,1,2026-09-15T16:23:28.567411+00:00
IMPORTS_GOODS_SERVICES_EUROPE,ee:country,2018-Q2,2026-09-15T16:23:28.567411+00:00,4275.9,final,2018-04-01,2018-06-30,1,2026-09-15T16:23:28.567411+00:00
IMPORTS_GOODS_SERVICES_EUROPE,ee:country,2018-Q3,2026-09-15T16:23:28.567411+00:00,4220.9,final,2018-07-01,2018-09-30,1,2026-09-15T16:23:28.567411+00:00
IMPORTS_GOODS_SERVICES_EUROPE,ee:country,2018-Q4,2026-09-15T16:23:28.567411+00:00,4338.5,final,2018-10-01,2018-12-31,1,2026-09-15T16:23:28.567411+00:00
IMPORTS_GOODS_SERVICES_EUROPE,ee:country,2019-Q1,2026-09-15T16:23:28.567411+00:00,4344.6,final,2019-01-01,2019-03-31,1,2026-09-15T16:23:28.567411+00:00
IMPORTS_GOODS_SERVICES_EUROPE,ee:country,2019-Q2,2026-09-15T16:23:28.567411+00:00,4436.5,final,2019-04-01,2019-06-30,1,2026-09-15T16:23:28.567411+00:00
IMPORTS_GOODS_SERVICES_EUROPE,ee:country,2019-Q3,2026-09-15T16:23:28.567411+00:00,4506.6,final,2019-07-01,2019-09-30,1,2026-09-15T16:23:28.567411+00:00
IMPORTS_GOODS_SERVICES_EUROPE,ee:country,2019-Q4,2026-09-15T16:23:28.567411+00:00,4304.8,final,2019-10-01,2019-12-31,1,2026-09-15T16:23:28.567411+00:00
IMPORTS_GOODS_SERVICES_EUROPE,ee:country,2020-Q1,2026-09-15T16:23:28.567411+00:00,4167.9,final,2020-01-01,2020-03-31,1,2026-09-15T16:23:28.567411+00:00
IMPORTS_GOODS_SERVICES_EUROPE,ee:country,2020-Q2,2026-09-15T16:23:28.567411+00:00,3607.4,final,2020-04-01,2020-06-30,1,2026-09-15T16:23:28.567411+00:00
IMPORTS_GOODS_SERVICES_EUROPE,ee:country,2020-Q3,2026-09-15T16:23:28.567411+00:00,4455.0,final,2020-07-01,2020-09-30,1,2026-09-15T16:23:28.567411+00:00
IMPORTS_GOODS_SERVICES_EUROPE,ee:country,2020-Q4,2026-09-15T16:23:28.567411+00:00,5469.7,final,2020-10-01,2020-12-31,1,2026-09-15T16:23:28.567411+00:00
IMPORTS_GOODS_SERVICES_EUROPE,ee:country,2021-Q1,2026-09-15T16:23:28.567411+00:00,5314.5,final,2021-01-01,2021-03-31,1,2026-09-15T16:23:28.567411+00:00
IMPORTS_GOODS_SERVICES_EUROPE,ee:country,2021-Q2,2026-09-15T16:23:28.567411+00:00,5746.3,final,2021-04-01,2021-06-30,1,2026-09-15T16:23:28.567411+00:00
IMPORTS_GOODS_SERVICES_EUROPE,ee:country,2021-Q3,2026-09-15T16:23:28.567411+00:00,5391.2,final,2021-07-01,2021-09-30,1,2026-09-15T16:23:28.567411+00:00
IMPORTS_GOODS_SERVICES_EUROPE,ee:country,2021-Q4,2026-09-15T16:23:28.567411+00:00,5471.1,final,2021-10-01,2021-12-31,1,2026-09-15T16:23:28.567411+00:00
IMPORTS_GOODS_SERVICES_EUROPE,ee:country,2022-Q1,2026-09-15T16:23:28.567411+00:00,5842.5,final,2022-01-01,2022-03-31,1,2026-09-15T16:23:28.567411+00:00
IMPORTS_GOODS_SERVICES_EUROPE,ee:country,2022-Q2,2026-09-15T16:23:28.567411+00:00,6012.6,final,2022-04-01,2022-06-30,1,2026-09-15T16:23:28.567411+00:00
IMPORTS_GOODS_SERVICES_EUROPE,ee:country,2022-Q3,2026-09-15T16:23:28.567411+00:00,5832.0,final,2022-07-01,2022-09-30,1,2026-09-15T16:23:28.567411+00:00
IMPORTS_GOODS_SERVICES_EUROPE,ee:country,2022-Q4,2026-09-15T16:23:28.567411+00:00,5822.3,final,2022-10-01,2022-12-31,1,2026-09-15T16:23:28.567411+00:00
IMPORTS_GOODS_SERVICES_EUROPE,ee:country,2023-Q1,2026-09-15T16:23:28.567411+00:00,5655.8,final,2023-01-01,2023-03-31,1,2026-09-15T16:23:28.567411+00:00
IMPORTS_GOODS_SERVICES_EUROPE,ee:country,2023-Q2,2026-09-15T16:23:28.567411+00:00,5317.7,final,2023-04-01,2023-06-30,1,2026-09-15T16:23:28.567411+00:00
IMPORTS_GOODS_SERVICES_EUROPE,ee:country,2023-Q3,2026-09-15T16:23:28.567411+00:00,5277.5,final,2023-07-01,2023-09-30,1,2026-09-15T16:23:28.567411+00:00
IMPORTS_GOODS_SERVICES_EUROPE,ee:country,2023-Q4,2026-09-15T16:23:28.567411+00:00,5097.6,final,2023-10-01,2023-12-31,1,2026-09-15T16:23:28.567411+00:00
IMPORTS_GOODS_SERVICES_EUROPE,ee:country,2024-Q1,2026-09-15T16:23:28.567411+00:00,5337.7,final,2024-01-01,2024-03-31,1,2026-09-15T16:23:28.567411+00:00
IMPORTS_GOODS_SERVICES_EUROPE,ee:country,2024-Q2,2026-09-15T16:23:28.567411+00:00,5290.6,final,2024-04-01,2024-06-30,1,2026-09-15T16:23:28.567411+00:00
IMPORTS_GOODS_SERVICES_EUROPE,ee:country,2024-Q3,2026-09-15T16:23:28.567411+00:00,5317.6,final,2024-07-01,2024-09-30,1,2026-09-15T16:23:28.567411+00:00
IMPORTS_GOODS_SERVICES_EUROPE,ee:country,2024-Q4,2026-09-15T16:23:28.567411+00:00,5495.5,final,2024-10-01,2024-12-31,1,2026-09-15T16:23:28.567411+00:00
IMPORTS_GOODS_SERVICES_EUROPE,ee:country,2025-Q1,2026-09-15T16:23:28.567411+00:00,5645.8,final,2025-01-01,2025-03-31,1,2026-09-15T16:23:28.567411+00:00
IMPORTS_GOODS_SERVICES_EUROPE,ee:country,2025-Q2,2026-09-15T16:23:28.567411+00:00,5547.3,final,2025-04-01,2025-06-30,1,2026-09-15T16:23:28.567411+00:00
IMPORTS_GOODS_SERVICES_EUROPE,ee:country,2025-Q3,2026-09-15T16:23:28.567411+00:00,5654.4,final,2025-07-01,2025-09-30,1,2026-09-15T16:23:28.567411+00:00
IMPORTS_GOODS_SERVICES_EUROPE,ee:country,2025-Q4,2026-09-15T16:23:28.567411+00:00,5612.4,final,2025-10-01,2025-12-31,1,2026-09-15T16:23:28.567411+00:00
IMPORTS_GOODS_SERVICES_EUROPE,ee:country,2026-Q1,2026-09-15T16:23:28.567411+00:00,5708.0,final,2026-01-01,2026-03-31,1,2026-09-15T16:23:28.567411+00:00
IMPORTS_GOODS_SERVICES_EUROPE,ee:country,2026-Q2,2026-09-15T16:23:28.567411+00:00,5784.9,final,2026-04-01,2026-06-30,1,2026-09-15T16:23:28.567411+00:00
IMPORTS_GOODS_SERVICES_EUROPE,el:country,2008-Q1,2026-09-15T16:23:28.567411+00:00,20994.9,final,2008-01-01,2008-03-31,1,2026-09-15T16:23:28.567411+00:00
IMPORTS_GOODS_SERVICES_EUROPE,el:country,2008-Q2,2026-09-15T16:23:28.567411+00:00,21930.3,final,2008-04-01,2008-06-30,1,2026-09-15T16:23:28.567411+00:00
IMPORTS_GOODS_SERVICES_EUROPE,el:country,2008-Q3,2026-09-15T16:23:28.567411+00:00,21832.2,final,2008-07-01,2008-09-30,1,2026-09-15T16:23:28.567411+00:00
IMPORTS_GOODS_SERVICES_EUROPE,el:country,2008-Q4,2026-09-15T16:23:28.567411+00:00,19816.3,final,2008-10-01,2008-12-31,1,2026-09-15T16:23:28.567411+00:00
IMPORTS_GOODS_SERVICES_EUROPE,el:country,2009-Q1,2026-09-15T16:23:28.567411+00:00,16692.4,final,2009-01-01,2009-03-31,1,2026-09-15T16:23:28.567411+00:00
IMPORTS_GOODS_SERVICES_EUROPE,el:country,2009-Q2,2026-09-15T16:23:28.567411+00:00,16846.0,final,2009-04-01,2009-06-30,1,2026-09-15T16:23:28.567411+00:00
IMPORTS_GOODS_SERVICES_EUROPE,el:country,2009-Q3,2026-09-15T16:23:28.567411+00:00,17346.0,final,2009-07-01,2009-09-30,1,2026-09-15T16:23:28.567411+00:00
IMPORTS_GOODS_SERVICES_EUROPE,el:country,2009-Q4,2026-09-15T16:23:28.567411+00:00,17184.4,final,2009-10-01,2009-12-31,1,2026-09-15T16:23:28.567411+00:00
IMPORTS_GOODS_SERVICES_EUROPE,el:country,2010-Q1,2026-09-15T16:23:28.567411+00:00,16833.2,final,2010-01-01,2010-03-31,1,2026-09-15T16:23:28.567411+00:00
IMPORTS_GOODS_SERVICES_EUROPE,el:country,2010-Q2,2026-09-15T16:23:28.567411+00:00,16341.9,final,2010-04-01,2010-06-30,1,2026-09-15T16:23:28.567411+00:00
IMPORTS_GOODS_SERVICES_EUROPE,el:country,2010-Q3,2026-09-15T16:23:28.567411+00:00,15724.9,final,2010-07-01,2010-09-30,1,2026-09-15T16:23:28.567411+00:00
IMPORTS_GOODS_SERVICES_EUROPE,el:country,2010-Q4,2026-09-15T16:23:28.567411+00:00,16299.2,final,2010-10-01,2010-12-31,1,2026-09-15T16:23:28.567411+00:00
IMPORTS_GOODS_SERVICES_EUROPE,el:country,2011-Q1,2026-09-15T16:23:28.567411+00:00,15330.3,final,2011-01-01,2011-03-31,1,2026-09-15T16:23:28.567411+00:00
IMPORTS_GOODS_SERVICES_EUROPE,el:country,2011-Q2,2026-09-15T16:23:28.567411+00:00,15231.7,final,2011-04-01,2011-06-30,1,2026-09-15T16:23:28.567411+00:00
IMPORTS_GOODS_SERVICES_EUROPE,el:country,2011-Q3,2026-09-15T16:23:28.567411+00:00,14880.1,final,2011-07-01,2011-09-30,1,2026-09-15T16:23:28.567411+00:00
IMPORTS_GOODS_SERVICES_EUROPE,el:country,2011-Q4,2026-09-15T16:23:28.567411+00:00,13822.8,final,2011-10-01,2011-12-31,1,2026-09-15T16:23:28.567411+00:00
IMPORTS_GOODS_SERVICES_EUROPE,el:country,2012-Q1,2026-09-15T16:23:28.567411+00:00,14184.6,final,2012-01-01,2012-03-31,1,2026-09-15T16:23:28.567411+00:00
IMPORTS_GOODS_SERVICES_EUROPE,el:country,2012-Q2,2026-09-15T16:23:28.567411+00:00,14015.3,final,2012-04-01,2012-06-30,1,2026-09-15T16:23:28.567411+00:00
IMPORTS_GOODS_SERVICES_EUROPE,el:country,2012-Q3,2026-09-15T16:23:28.567411+00:00,13398.6,final,2012-07-01,2012-09-30,1,2026-09-15T16:23:28.567411+00:00
IMPORTS_GOODS_SERVICES_EUROPE,el:country,2012-Q4,2026-09-15T16:23:28.567411+00:00,14241.8,final,2012-10-01,2012-12-31,1,2026-09-15T16:23:28.567411+00:00
IMPORTS_GOODS_SERVICES_EUROPE,el:country,2013-Q1,2026-09-15T16:23:28.567411+00:00,13542.0,final,2013-01-01,2013-03-31,1,2026-09-15T16:23:28.567411+00:00
IMPORTS_GOODS_SERVICES_EUROPE,el:country,2013-Q2,2026-09-15T16:23:28.567411+00:00,13392.2,final,2013-04-01,2013-06-30,1,2026-09-15T16:23:28.567411+00:00
IMPORTS_GOODS_SERVICES_EUROPE,el:country,2013-Q3,2026-09-15T16:23:28.567411+00:00,13734.1,final,2013-07-01,2013-09-30,1,2026-09-15T16:23:28.567411+00:00
IMPORTS_GOODS_SERVICES_EUROPE,el:country,2013-Q4,2026-09-15T16:23:28.567411+00:00,12925.6,final,2013-10-01,2013-12-31,1,2026-09-15T16:23:28.567411+00:00
IMPORTS_GOODS_SERVICES_EUROPE,el:country,2014-Q1,2026-09-15T16:23:28.567411+00:00,13538.2,final,2014-01-01,2014-03-31,1,2026-09-15T16:23:28.567411+00:00
IMPORTS_GOODS_SERVICES_EUROPE,el:country,2014-Q2,2026-09-15T16:23:28.567411+00:00,13910.4,final,2014-04-01,2014-06-30,1,2026-09-15T16:23:28.567411+00:00
IMPORTS_GOODS_SERVICES_EUROPE,el:country,2014-Q3,2026-09-15T16:23:28.567411+00:00,14559.7,final,2014-07-01,2014-09-30,1,2026-09-15T16:23:28.567411+00:00
IMPORTS_GOODS_SERVICES_EUROPE,el:country,2014-Q4,2026-09-15T16:23:28.567411+00:00,15185.3,final,2014-10-01,2014-12-31,1,2026-09-15T16:23:28.567411+00:00
IMPORTS_GOODS_SERVICES_EUROPE,el:country,2015-Q1,2026-09-15T16:23:28.567411+00:00,16093.2,final,2015-01-01,2015-03-31,1,2026-09-15T16:23:28.567411+00:00
IMPORTS_GOODS_SERVICES_EUROPE,el:country,2015-Q2,2026-09-15T16:23:28.567411+00:00,15687.1,final,2015-04-01,2015-06-30,1,2026-09-15T16:23:28.567411+00:00
IMPORTS_GOODS_SERVICES_EUROPE,el:country,2015-Q3,2026-09-15T16:23:28.567411+00:00,14261.2,final,2015-07-01,2015-09-30,1,2026-09-15T16:23:28.567411+00:00
IMPORTS_GOODS_SERVICES_EUROPE,el:country,2015-Q4,2026-09-15T16:23:28.567411+00:00,15863.2,final,2015-10-01,2015-12-31,1,2026-09-15T16:23:28.567411+00:00
IMPORTS_GOODS_SERVICES_EUROPE,el:country,2016-Q1,2026-09-15T16:23:28.567411+00:00,15814.1,final,2016-01-01,2016-03-31,1,2026-09-15T16:23:28.567411+00:00
IMPORTS_GOODS_SERVICES_EUROPE,el:country,2016-Q2,2026-09-15T16:23:28.567411+00:00,15682.9,final,2016-04-01,2016-06-30,1,2026-09-15T16:23:28.567411+00:00
IMPORTS_GOODS_SERVICES_EUROPE,el:country,2016-Q3,2026-09-15T16:23:28.567411+00:00,15697.3,final,2016-07-01,2016-09-30,1,2026-09-15T16:23:28.567411+00:00
IMPORTS_GOODS_SERVICES_EUROPE,el:country,2016-Q4,2026-09-15T16:23:28.567411+00:00,16367.8,final,2016-10-01,2016-12-31,1,2026-09-15T16:23:28.567411+00:00
IMPORTS_GOODS_SERVICES_EUROPE,el:country,2017-Q1,2026-09-15T16:23:28.567411+00:00,16872.0,final,2017-01-01,2017-03-31,1,2026-09-15T16:23:28.567411+00:00
IMPORTS_GOODS_SERVICES_EUROPE,el:country,2017-Q2,2026-09-15T16:23:28.567411+00:00,16820.3,final,2017-04-01,2017-06-30,1,2026-09-15T16:23:28.567411+00:00
IMPORTS_GOODS_SERVICES_EUROPE,el:country,2017-Q3,2026-09-15T16:23:28.567411+00:00,17080.7,final,2017-07-01,2017-09-30,1,2026-09-15T16:23:28.567411+00:00
IMPORTS_GOODS_SERVICES_EUROPE,el:country,2017-Q4,2026-09-15T16:23:28.567411+00:00,17466.9,final,2017-10-01,2017-12-31,1,2026-09-15T16:23:28.567411+00:00
IMPORTS_GOODS_SERVICES_EUROPE,el:country,2018-Q1,2026-09-15T16:23:28.567411+00:00,17454.4,final,2018-01-01,2018-03-31,1,2026-09-15T16:23:28.567411+00:00
IMPORTS_GOODS_SERVICES_EUROPE,el:country,2018-Q2,2026-09-15T16:23:28.567411+00:00,18308.3,final,2018-04-01,2018-06-30,1,2026-09-15T16:23:28.567411+00:00
IMPORTS_GOODS_SERVICES_EUROPE,el:country,2018-Q3,2026-09-15T16:23:28.567411+00:00,18876.0,final,2018-07-01,2018-09-30,1,2026-09-15T16:23:28.567411+00:00
IMPORTS_GOODS_SERVICES_EUROPE,el:country,2018-Q4,2026-09-15T16:23:28.567411+00:00,18695.3,final,2018-10-01,2018-12-31,1,2026-09-15T16:23:28.567411+00:00
IMPORTS_GOODS_SERVICES_EUROPE,el:country,2019-Q1,2026-09-15T16:23:28.567411+00:00,18841.9,final,2019-01-01,2019-03-31,1,2026-09-15T16:23:28.567411+00:00
IMPORTS_GOODS_SERVICES_EUROPE,el:country,2019-Q2,2026-09-15T16:23:28.567411+00:00,18740.4,final,2019-04-01,2019-06-30,1,2026-09-15T16:23:28.567411+00:00
IMPORTS_GOODS_SERVICES_EUROPE,el:country,2019-Q3,2026-09-15T16:23:28.567411+00:00,19211.5,final,2019-07-01,2019-09-30,1,2026-09-15T16:23:28.567411+00:00
IMPORTS_GOODS_SERVICES_EUROPE,el:country,2019-Q4,2026-09-15T16:23:28.567411+00:00,18612.9,final,2019-10-01,2019-12-31,1,2026-09-15T16:23:28.567411+00:00
IMPORTS_GOODS_SERVICES_EUROPE,el:country,2020-Q1,2026-09-15T16:23:28.567411+00:00,19421.5,final,2020-01-01,2020-03-31,1,2026-09-15T16:23:28.567411+00:00
IMPORTS_GOODS_SERVICES_EUROPE,el:country,2020-Q2,2026-09-15T16:23:28.567411+00:00,15792.8,final,2020-04-01,2020-06-30,1,2026-09-15T16:23:28.567411+00:00
IMPORTS_GOODS_SERVICES_EUROPE,el:country,2020-Q3,2026-09-15T16:23:28.567411+00:00,17613.7,final,2020-07-01,2020-09-30,1,2026-09-15T16:23:28.567411+00:00
IMPORTS_GOODS_SERVICES_EUROPE,el:country,2020-Q4,2026-09-15T16:23:28.567411+00:00,16968.8,final,2020-10-01,2020-12-31,1,2026-09-15T16:23:28.567411+00:00
IMPORTS_GOODS_SERVICES_EUROPE,el:country,2021-Q1,2026-09-15T16:23:28.567411+00:00,18389.9,final,2021-01-01,2021-03-31,1,2026-09-15T16:23:28.567411+00:00
IMPORTS_GOODS_SERVICES_EUROPE,el:country,2021-Q2,2026-09-15T16:23:28.567411+00:00,19763.2,final,2021-04-01,2021-06-30,1,2026-09-15T16:23:28.567411+00:00
IMPORTS_GOODS_SERVICES_EUROPE,el:country,2021-Q3,2026-09-15T16:23:28.567411+00:00,21434.0,final,2021-07-01,2021-09-30,1,2026-09-15T16:23:28.567411+00:00
IMPORTS_GOODS_SERVICES_EUROPE,el:country,2021-Q4,2026-09-15T16:23:28.567411+00:00,22263.6,final,2021-10-01,2021-12-31,1,2026-09-15T16:23:28.567411+00:00
IMPORTS_GOODS_SERVICES_EUROPE,el:country,2022-Q1,2026-09-15T16:23:28.567411+00:00,21879.0,final,2022-01-01,2022-03-31,1,2026-09-15T16:23:28.567411+00:00
IMPORTS_GOODS_SERVICES_EUROPE,el:country,2022-Q2,2026-09-15T16:23:28.567411+00:00,22979.4,final,2022-04-01,2022-06-30,1,2026-09-15T16:23:28.567411+00:00
IMPORTS_GOODS_SERVICES_EUROPE,el:country,2022-Q3,2026-09-15T16:23:28.567411+00:00,22720.1,final,2022-07-01,2022-09-30,1,2026-09-15T16:23:28.567411+00:00
IMPORTS_GOODS_SERVICES_EUROPE,el:country,2022-Q4,2026-09-15T16:23:28.567411+00:00,24033.5,final,2022-10-01,2022-12-31,1,2026-09-15T16:23:28.567411+00:00
IMPORTS_GOODS_SERVICES_EUROPE,el:country,2023-Q1,2026-09-15T16:23:28.567411+00:00,22668.4,provisional,2023-01-01,2023-03-31,1,2026-09-15T16:23:28.567411+00:00
IMPORTS_GOODS_SERVICES_EUROPE,el:country,2023-Q2,2026-09-15T16:23:28.567411+00:00,22518.3,provisional,2023-04-01,2023-06-30,1,2026-09-15T16:23:28.567411+00:00
IMPORTS_GOODS_SERVICES_EUROPE,el:country,2023-Q3,2026-09-15T16:23:28.567411+00:00,23223.4,provisional,2023-07-01,2023-09-30,1,2026-09-15T16:23:28.567411+00:00
IMPORTS_GOODS_SERVICES_EUROPE,el:country,2023-Q4,2026-09-15T16:23:28.567411+00:00,23335.4,provisional,2023-10-01,2023-12-31,1,2026-09-15T16:23:28.567411+00:00
IMPORTS_GOODS_SERVICES_EUROPE,el:country,2024-Q1,2026-09-15T16:23:28.567411+00:00,23245.1,provisional,2024-01-01,2024-03-31,1,2026-09-15T16:23:28.567411+00:00
IMPORTS_GOODS_SERVICES_EUROPE,el:country,2024-Q2,2026-09-15T16:23:28.567411+00:00,24216.3,provisional,2024-04-01,2024-06-30,1,2026-09-15T16:23:28.567411+00:00
IMPORTS_GOODS_SERVICES_EUROPE,el:country,2024-Q3,2026-09-15T16:23:28.567411+00:00,24042.5,provisional,2024-07-01,2024-09-30,1,2026-09-15T16:23:28.567411+00:00
IMPORTS_GOODS_SERVICES_EUROPE,el:country,2024-Q4,2026-09-15T16:23:28.567411+00:00,23696.4,provisional,2024-10-01,2024-12-31,1,2026-09-15T16:23:28.567411+00:00
IMPORTS_GOODS_SERVICES_EUROPE,el:country,2025-Q1,2026-09-15T16:23:28.567411+00:00,23633.3,provisional,2025-01-01,2025-03-31,1,2026-09-15T16:23:28.567411+00:00
IMPORTS_GOODS_SERVICES_EUROPE,el:country,2025-Q2,2026-09-15T16:23:28.567411+00:00,23455.5,provisional,2025-04-01,2025-06-30,1,2026-09-15T16:23:28.567411+00:00
IMPORTS_GOODS_SERVICES_EUROPE,el:country,2025-Q3,2026-09-15T16:23:28.567411+00:00,23112.3,provisional,2025-07-01,2025-09-30,1,2026-09-15T16:23:28.567411+00:00
IMPORTS_GOODS_SERVICES_EUROPE,el:country,2025-Q4,2026-09-15T16:23:28.567411+00:00,23967.2,provisional,2025-10-01,2025-12-31,1,2026-09-15T16:23:28.567411+00:00
IMPORTS_GOODS_SERVICES_EUROPE,el:country,2026-Q1,2026-09-15T16:23:28.567411+00:00,24166.4,provisional,2026-01-01,2026-03-31,1,2026-09-15T16:23:28.567411+00:00
IMPORTS_GOODS_SERVICES_EUROPE,el:country,2026-Q2,2026-09-15T16:23:28.567411+00:00,24319.9,provisional,2026-04-01,2026-06-30,1,2026-09-15T16:23:28.567411+00:00
IMPORTS_GOODS_SERVICES_EUROPE,es:country,2008-Q1,2026-09-15T16:23:28.567411+00:00,88729.1,final,2008-01-01,2008-03-31,1,2026-09-15T16:23:28.567411+00:00
IMPORTS_GOODS_SERVICES_EUROPE,es:country,2008-Q2,2026-09-15T16:23:28.567411+00:00,85791.3,final,2008-04-01,2008-06-30,1,2026-09-15T16:23:28.567411+00:00
IMPORTS_GOODS_SERVICES_EUROPE,es:country,2008-Q3,2026-09-15T16:23:28.567411+00:00,82618.8,final,2008-07-01,2008-09-30,1,2026-09-15T16:23:28.567411+00:00
IMPORTS_GOODS_SERVICES_EUROPE,es:country,2008-Q4,2026-09-15T16:23:28.567411+00:00,76397.0,final,2008-10-01,2008-12-31,1,2026-09-15T16:23:28.567411+00:00
IMPORTS_GOODS_SERVICES_EUROPE,es:country,2009-Q1,2026-09-15T16:23:28.567411+00:00,65695.6,final,2009-01-01,2009-03-31,1,2026-09-15T16:23:28.567411+00:00
IMPORTS_GOODS_SERVICES_EUROPE,es:country,2009-Q2,2026-09-15T16:23:28.567411+00:00,66433.5,final,2009-04-01,2009-06-30,1,2026-09-15T16:23:28.567411+00:00
IMPORTS_GOODS_SERVICES_EUROPE,es:country,2009-Q3,2026-09-15T16:23:28.567411+00:00,70252.3,final,2009-07-01,2009-09-30,1,2026-09-15T16:23:28.567411+00:00
IMPORTS_GOODS_SERVICES_EUROPE,es:country,2009-Q4,2026-09-15T16:23:28.567411+00:00,70110.0,final,2009-10-01,2009-12-31,1,2026-09-15T16:23:28.567411+00:00
IMPORTS_GOODS_SERVICES_EUROPE,es:country,2010-Q1,2026-09-15T16:23:28.567411+00:00,70397.3,final,2010-01-01,2010-03-31,1,2026-09-15T16:23:28.567411+00:00
IMPORTS_GOODS_SERVICES_EUROPE,es:country,2010-Q2,2026-09-15T16:23:28.567411+00:00,72372.4,final,2010-04-01,2010-06-30,1,2026-09-15T16:23:28.567411+00:00
IMPORTS_GOODS_SERVICES_EUROPE,es:country,2010-Q3,2026-09-15T16:23:28.567411+00:00,72431.4,final,2010-07-01,2010-09-30,1,2026-09-15T16:23:28.567411+00:00
IMPORTS_GOODS_SERVICES_EUROPE,es:country,2010-Q4,2026-09-15T16:23:28.567411+00:00,74179.9,final,2010-10-01,2010-12-31,1,2026-09-15T16:23:28.567411+00:00
IMPORTS_GOODS_SERVICES_EUROPE,es:country,2011-Q1,2026-09-15T16:23:28.567411+00:00,74042.1,final,2011-01-01,2011-03-31,1,2026-09-15T16:23:28.567411+00:00
IMPORTS_GOODS_SERVICES_EUROPE,es:country,2011-Q2,2026-09-15T16:23:28.567411+00:00,71694.4,final,2011-04-01,2011-06-30,1,2026-09-15T16:23:28.567411+00:00
IMPORTS_GOODS_SERVICES_EUROPE,es:country,2011-Q3,2026-09-15T16:23:28.567411+00:00,71870.3,final,2011-07-01,2011-09-30,1,2026-09-15T16:23:28.567411+00:00
IMPORTS_GOODS_SERVICES_EUROPE,es:country,2011-Q4,2026-09-15T16:23:28.567411+00:00,70062.8,final,2011-10-01,2011-12-31,1,2026-09-15T16:23:28.567411+00:00
IMPORTS_GOODS_SERVICES_EUROPE,es:country,2012-Q1,2026-09-15T16:23:28.567411+00:00,69271.5,final,2012-01-01,2012-03-31,1,2026-09-15T16:23:28.567411+00:00
IMPORTS_GOODS_SERVICES_EUROPE,es:country,2012-Q2,2026-09-15T16:23:28.567411+00:00,67759.6,final,2012-04-01,2012-06-30,1,2026-09-15T16:23:28.567411+00:00
IMPORTS_GOODS_SERVICES_EUROPE,es:country,2012-Q3,2026-09-15T16:23:28.567411+00:00,67553.8,final,2012-07-01,2012-09-30,1,2026-09-15T16:23:28.567411+00:00
IMPORTS_GOODS_SERVICES_EUROPE,es:country,2012-Q4,2026-09-15T16:23:28.567411+00:00,66214.1,final,2012-10-01,2012-12-31,1,2026-09-15T16:23:28.567411+00:00
IMPORTS_GOODS_SERVICES_EUROPE,es:country,2013-Q1,2026-09-15T16:23:28.567411+00:00,65744.6,final,2013-01-01,2013-03-31,1,2026-09-15T16:23:28.567411+00:00
IMPORTS_GOODS_SERVICES_EUROPE,es:country,2013-Q2,2026-09-15T16:23:28.567411+00:00,66930.2,final,2013-04-01,2013-06-30,1,2026-09-15T16:23:28.567411+00:00
IMPORTS_GOODS_SERVICES_EUROPE,es:country,2013-Q3,2026-09-15T16:23:28.567411+00:00,68209.2,final,2013-07-01,2013-09-30,1,2026-09-15T16:23:28.567411+00:00
IMPORTS_GOODS_SERVICES_EUROPE,es:country,2013-Q4,2026-09-15T16:23:28.567411+00:00,69160.0,final,2013-10-01,2013-12-31,1,2026-09-15T16:23:28.567411+00:00
IMPORTS_GOODS_SERVICES_EUROPE,es:country,2014-Q1,2026-09-15T16:23:28.567411+00:00,70604.0,final,2014-01-01,2014-03-31,1,2026-09-15T16:23:28.567411+00:00
IMPORTS_GOODS_SERVICES_EUROPE,es:country,2014-Q2,2026-09-15T16:23:28.567411+00:00,71637.3,final,2014-04-01,2014-06-30,1,2026-09-15T16:23:28.567411+00:00
IMPORTS_GOODS_SERVICES_EUROPE,es:country,2014-Q3,2026-09-15T16:23:28.567411+00:00,73089.4,final,2014-07-01,2014-09-30,1,2026-09-15T16:23:28.567411+00:00
IMPORTS_GOODS_SERVICES_EUROPE,es:country,2014-Q4,2026-09-15T16:23:28.567411+00:00,73082.2,final,2014-10-01,2014-12-31,1,2026-09-15T16:23:28.567411+00:00
IMPORTS_GOODS_SERVICES_EUROPE,es:country,2015-Q1,2026-09-15T16:23:28.567411+00:00,74453.6,final,2015-01-01,2015-03-31,1,2026-09-15T16:23:28.567411+00:00
IMPORTS_GOODS_SERVICES_EUROPE,es:country,2015-Q2,2026-09-15T16:23:28.567411+00:00,75022.9,final,2015-04-01,2015-06-30,1,2026-09-15T16:23:28.567411+00:00
IMPORTS_GOODS_SERVICES_EUROPE,es:country,2015-Q3,2026-09-15T16:23:28.567411+00:00,77046.0,final,2015-07-01,2015-09-30,1,2026-09-15T16:23:28.567411+00:00
IMPORTS_GOODS_SERVICES_EUROPE,es:country,2015-Q4,2026-09-15T16:23:28.567411+00:00,76575.6,final,2015-10-01,2015-12-31,1,2026-09-15T16:23:28.567411+00:00
IMPORTS_GOODS_SERVICES_EUROPE,es:country,2016-Q1,2026-09-15T16:23:28.567411+00:00,76361.7,final,2016-01-01,2016-03-31,1,2026-09-15T16:23:28.567411+00:00
IMPORTS_GOODS_SERVICES_EUROPE,es:country,2016-Q2,2026-09-15T16:23:28.567411+00:00,78150.1,final,2016-04-01,2016-06-30,1,2026-09-15T16:23:28.567411+00:00
IMPORTS_GOODS_SERVICES_EUROPE,es:country,2016-Q3,2026-09-15T16:23:28.567411+00:00,77500.1,final,2016-07-01,2016-09-30,1,2026-09-15T16:23:28.567411+00:00
IMPORTS_GOODS_SERVICES_EUROPE,es:country,2016-Q4,2026-09-15T16:23:28.567411+00:00,79106.3,final,2016-10-01,2016-12-31,1,2026-09-15T16:23:28.567411+00:00
IMPORTS_GOODS_SERVICES_EUROPE,es:country,2017-Q1,2026-09-15T16:23:28.567411+00:00,81342.5,final,2017-01-01,2017-03-31,1,2026-09-15T16:23:28.567411+00:00
IMPORTS_GOODS_SERVICES_EUROPE,es:country,2017-Q2,2026-09-15T16:23:28.567411+00:00,81432.3,final,2017-04-01,2017-06-30,1,2026-09-15T16:23:28.567411+00:00
IMPORTS_GOODS_SERVICES_EUROPE,es:country,2017-Q3,2026-09-15T16:23:28.567411+00:00,83614.0,final,2017-07-01,2017-09-30,1,2026-09-15T16:23:28.567411+00:00
IMPORTS_GOODS_SERVICES_EUROPE,es:country,2017-Q4,2026-09-15T16:23:28.567411+00:00,85562.9,final,2017-10-01,2017-12-31,1,2026-09-15T16:23:28.567411+00:00
IMPORTS_GOODS_SERVICES_EUROPE,es:country,2018-Q1,2026-09-15T16:23:28.567411+00:00,85917.3,final,2018-01-01,2018-03-31,1,2026-09-15T16:23:28.567411+00:00
IMPORTS_GOODS_SERVICES_EUROPE,es:country,2018-Q2,2026-09-15T16:23:28.567411+00:00,86809.2,final,2018-04-01,2018-06-30,1,2026-09-15T16:23:28.567411+00:00
IMPORTS_GOODS_SERVICES_EUROPE,es:country,2018-Q3,2026-09-15T16:23:28.567411+00:00,86015.2,final,2018-07-01,2018-09-30,1,2026-09-15T16:23:28.567411+00:00
IMPORTS_GOODS_SERVICES_EUROPE,es:country,2018-Q4,2026-09-15T16:23:28.567411+00:00,86115.8,final,2018-10-01,2018-12-31,1,2026-09-15T16:23:28.567411+00:00
IMPORTS_GOODS_SERVICES_EUROPE,es:country,2019-Q1,2026-09-15T16:23:28.567411+00:00,87034.0,final,2019-01-01,2019-03-31,1,2026-09-15T16:23:28.567411+00:00
IMPORTS_GOODS_SERVICES_EUROPE,es:country,2019-Q2,2026-09-15T16:23:28.567411+00:00,87050.3,final,2019-04-01,2019-06-30,1,2026-09-15T16:23:28.567411+00:00
IMPORTS_GOODS_SERVICES_EUROPE,es:country,2019-Q3,2026-09-15T16:23:28.567411+00:00,88956.6,final,2019-07-01,2019-09-30,1,2026-09-15T16:23:28.567411+00:00
IMPORTS_GOODS_SERVICES_EUROPE,es:country,2019-Q4,2026-09-15T16:23:28.567411+00:00,86363.3,final,2019-10-01,2019-12-31,1,2026-09-15T16:23:28.567411+00:00
IMPORTS_GOODS_SERVICES_EUROPE,es:country,2020-Q1,2026-09-15T16:23:28.567411+00:00,82552.6,final,2020-01-01,2020-03-31,1,2026-09-15T16:23:28.567411+00:00
IMPORTS_GOODS_SERVICES_EUROPE,es:country,2020-Q2,2026-09-15T16:23:28.567411+00:00,59221.0,final,2020-04-01,2020-06-30,1,2026-09-15T16:23:28.567411+00:00
IMPORTS_GOODS_SERVICES_EUROPE,es:country,2020-Q3,2026-09-15T16:23:28.567411+00:00,75095.4,final,2020-07-01,2020-09-30,1,2026-09-15T16:23:28.567411+00:00
IMPORTS_GOODS_SERVICES_EUROPE,es:country,2020-Q4,2026-09-15T16:23:28.567411+00:00,79605.8,final,2020-10-01,2020-12-31,1,2026-09-15T16:23:28.567411+00:00
IMPORTS_GOODS_SERVICES_EUROPE,es:country,2021-Q1,2026-09-15T16:23:28.567411+00:00,80786.0,final,2021-01-01,2021-03-31,1,2026-09-15T16:23:28.567411+00:00
IMPORTS_GOODS_SERVICES_EUROPE,es:country,2021-Q2,2026-09-15T16:23:28.567411+00:00,83904.1,final,2021-04-01,2021-06-30,1,2026-09-15T16:23:28.567411+00:00
IMPORTS_GOODS_SERVICES_EUROPE,es:country,2021-Q3,2026-09-15T16:23:28.567411+00:00,86057.8,final,2021-07-01,2021-09-30,1,2026-09-15T16:23:28.567411+00:00
IMPORTS_GOODS_SERVICES_EUROPE,es:country,2021-Q4,2026-09-15T16:23:28.567411+00:00,90142.2,final,2021-10-01,2021-12-31,1,2026-09-15T16:23:28.567411+00:00
IMPORTS_GOODS_SERVICES_EUROPE,es:country,2022-Q1,2026-09-15T16:23:28.567411+00:00,90714.1,final,2022-01-01,2022-03-31,1,2026-09-15T16:23:28.567411+00:00
IMPORTS_GOODS_SERVICES_EUROPE,es:country,2022-Q2,2026-09-15T16:23:28.567411+00:00,94072.5,final,2022-04-01,2022-06-30,1,2026-09-15T16:23:28.567411+00:00
IMPORTS_GOODS_SERVICES_EUROPE,es:country,2022-Q3,2026-09-15T16:23:28.567411+00:00,92452.7,final,2022-07-01,2022-09-30,1,2026-09-15T16:23:28.567411+00:00
IMPORTS_GOODS_SERVICES_EUROPE,es:country,2022-Q4,2026-09-15T16:23:28.567411+00:00,90006.2,final,2022-10-01,2022-12-31,1,2026-09-15T16:23:28.567411+00:00
IMPORTS_GOODS_SERVICES_EUROPE,es:country,2023-Q1,2026-09-15T16:23:28.567411+00:00,91958.7,provisional,2023-01-01,2023-03-31,1,2026-09-15T16:23:28.567411+00:00
IMPORTS_GOODS_SERVICES_EUROPE,es:country,2023-Q2,2026-09-15T16:23:28.567411+00:00,92256.0,provisional,2023-04-01,2023-06-30,1,2026-09-15T16:23:28.567411+00:00
IMPORTS_GOODS_SERVICES_EUROPE,es:country,2023-Q3,2026-09-15T16:23:28.567411+00:00,90929.9,provisional,2023-07-01,2023-09-30,1,2026-09-15T16:23:28.567411+00:00
IMPORTS_GOODS_SERVICES_EUROPE,es:country,2023-Q4,2026-09-15T16:23:28.567411+00:00,91982.2,provisional,2023-10-01,2023-12-31,1,2026-09-15T16:23:28.567411+00:00
IMPORTS_GOODS_SERVICES_EUROPE,es:country,2024-Q1,2026-09-15T16:23:28.567411+00:00,93221.3,provisional,2024-01-01,2024-03-31,1,2026-09-15T16:23:28.567411+00:00
IMPORTS_GOODS_SERVICES_EUROPE,es:country,2024-Q2,2026-09-15T16:23:28.567411+00:00,93792.4,provisional,2024-04-01,2024-06-30,1,2026-09-15T16:23:28.567411+00:00
IMPORTS_GOODS_SERVICES_EUROPE,es:country,2024-Q3,2026-09-15T16:23:28.567411+00:00,94875.6,provisional,2024-07-01,2024-09-30,1,2026-09-15T16:23:28.567411+00:00
IMPORTS_GOODS_SERVICES_EUROPE,es:country,2024-Q4,2026-09-15T16:23:28.567411+00:00,96058.5,provisional,2024-10-01,2024-12-31,1,2026-09-15T16:23:28.567411+00:00
IMPORTS_GOODS_SERVICES_EUROPE,es:country,2025-Q1,2026-09-15T16:23:28.567411+00:00,98146.9,provisional,2025-01-01,2025-03-31,1,2026-09-15T16:23:28.567411+00:00
IMPORTS_GOODS_SERVICES_EUROPE,es:country,2025-Q2,2026-09-15T16:23:28.567411+00:00,99832.9,provisional,2025-04-01,2025-06-30,1,2026-09-15T16:23:28.567411+00:00
IMPORTS_GOODS_SERVICES_EUROPE,es:country,2025-Q3,2026-09-15T16:23:28.567411+00:00,101184.4,provisional,2025-07-01,2025-09-30,1,2026-09-15T16:23:28.567411+00:00
IMPORTS_GOODS_SERVICES_EUROPE,es:country,2025-Q4,2026-09-15T16:23:28.567411+00:00,102358.2,provisional,2025-10-01,2025-12-31,1,2026-09-15T16:23:28.567411+00:00
IMPORTS_GOODS_SERVICES_EUROPE,es:country,2026-Q1,2026-09-15T16:23:28.567411+00:00,101399.2,provisional,2026-01-01,2026-03-31,1,2026-09-15T16:23:28.567411+00:00
IMPORTS_GOODS_SERVICES_EUROPE,es:country,2026-Q2,2026-09-15T16:23:28.567411+00:00,101967.5,provisional,2026-04-01,2026-06-30,1,2026-09-15T16:23:28.567411+00:00
IMPORTS_GOODS_SERVICES_EUROPE,eu27_2020:aggregate,2008-Q1,2026-09-15T16:23:28.567411+00:00,1109203.7,final,2008-01-01,2008-03-31,1,2026-09-15T16:23:28.567411+00:00
IMPORTS_GOODS_SERVICES_EUROPE,eu27_2020:aggregate,2008-Q2,2026-09-15T16:23:28.567411+00:00,1102303.5,final,2008-04-01,2008-06-30,1,2026-09-15T16:23:28.567411+00:00
IMPORTS_GOODS_SERVICES_EUROPE,eu27_2020:aggregate,2008-Q3,2026-09-15T16:23:28.567411+00:00,1094501.4,final,2008-07-01,2008-09-30,1,2026-09-15T16:23:28.567411+00:00
IMPORTS_GOODS_SERVICES_EUROPE,eu27_2020:aggregate,2008-Q4,2026-09-15T16:23:28.567411+00:00,1039468.9,final,2008-10-01,2008-12-31,1,2026-09-15T16:23:28.567411+00:00
IMPORTS_GOODS_SERVICES_EUROPE,eu27_2020:aggregate,2009-Q1,2026-09-15T16:23:28.567411+00:00,959684.6,final,2009-01-01,2009-03-31,1,2026-09-15T16:23:28.567411+00:00
IMPORTS_GOODS_SERVICES_EUROPE,eu27_2020:aggregate,2009-Q2,2026-09-15T16:23:28.567411+00:00,936019.2,final,2009-04-01,2009-06-30,1,2026-09-15T16:23:28.567411+00:00
IMPORTS_GOODS_SERVICES_EUROPE,eu27_2020:aggregate,2009-Q3,2026-09-15T16:23:28.567411+00:00,961267.8,final,2009-07-01,2009-09-30,1,2026-09-15T16:23:28.567411+00:00
IMPORTS_GOODS_SERVICES_EUROPE,eu27_2020:aggregate,2009-Q4,2026-09-15T16:23:28.567411+00:00,975218.5,final,2009-10-01,2009-12-31,1,2026-09-15T16:23:28.567411+00:00
IMPORTS_GOODS_SERVICES_EUROPE,eu27_2020:aggregate,2010-Q1,2026-09-15T16:23:28.567411+00:00,1002572.1,final,2010-01-01,2010-03-31,1,2026-09-15T16:23:28.567411+00:00
IMPORTS_GOODS_SERVICES_EUROPE,eu27_2020:aggregate,2010-Q2,2026-09-15T16:23:28.567411+00:00,1049390.8,final,2010-04-01,2010-06-30,1,2026-09-15T16:23:28.567411+00:00
IMPORTS_GOODS_SERVICES_EUROPE,eu27_2020:aggregate,2010-Q3,2026-09-15T16:23:28.567411+00:00,1062281.8,final,2010-07-01,2010-09-30,1,2026-09-15T16:23:28.567411+00:00
IMPORTS_GOODS_SERVICES_EUROPE,eu27_2020:aggregate,2010-Q4,2026-09-15T16:23:28.567411+00:00,1080959.6,final,2010-10-01,2010-12-31,1,2026-09-15T16:23:28.567411+00:00
IMPORTS_GOODS_SERVICES_EUROPE,eu27_2020:aggregate,2011-Q1,2026-09-15T16:23:28.567411+00:00,1099706.4,final,2011-01-01,2011-03-31,1,2026-09-15T16:23:28.567411+00:00
IMPORTS_GOODS_SERVICES_EUROPE,eu27_2020:aggregate,2011-Q2,2026-09-15T16:23:28.567411+00:00,1100407.0,final,2011-04-01,2011-06-30,1,2026-09-15T16:23:28.567411+00:00
IMPORTS_GOODS_SERVICES_EUROPE,eu27_2020:aggregate,2011-Q3,2026-09-15T16:23:28.567411+00:00,1104178.2,final,2011-07-01,2011-09-30,1,2026-09-15T16:23:28.567411+00:00
IMPORTS_GOODS_SERVICES_EUROPE,eu27_2020:aggregate,2011-Q4,2026-09-15T16:23:28.567411+00:00,1089890.9,final,2011-10-01,2011-12-31,1,2026-09-15T16:23:28.567411+00:00
IMPORTS_GOODS_SERVICES_EUROPE,eu27_2020:aggregate,2012-Q1,2026-09-15T16:23:28.567411+00:00,1093145.2,final,2012-01-01,2012-03-31,1,2026-09-15T16:23:28.567411+00:00
IMPORTS_GOODS_SERVICES_EUROPE,eu27_2020:aggregate,2012-Q2,2026-09-15T16:23:28.567411+00:00,1090713.7,final,2012-04-01,2012-06-30,1,2026-09-15T16:23:28.567411+00:00
IMPORTS_GOODS_SERVICES_EUROPE,eu27_2020:aggregate,2012-Q3,2026-09-15T16:23:28.567411+00:00,1089180.6,final,2012-07-01,2012-09-30,1,2026-09-15T16:23:28.567411+00:00
IMPORTS_GOODS_SERVICES_EUROPE,eu27_2020:aggregate,2012-Q4,2026-09-15T16:23:28.567411+00:00,1082147.2,final,2012-10-01,2012-12-31,1,2026-09-15T16:23:28.567411+00:00
IMPORTS_GOODS_SERVICES_EUROPE,eu27_2020:aggregate,2013-Q1,2026-09-15T16:23:28.567411+00:00,1083858.7,final,2013-01-01,2013-03-31,1,2026-09-15T16:23:28.567411+00:00
IMPORTS_GOODS_SERVICES_EUROPE,eu27_2020:aggregate,2013-Q2,2026-09-15T16:23:28.567411+00:00,1099713.7,final,2013-04-01,2013-06-30,1,2026-09-15T16:23:28.567411+00:00
IMPORTS_GOODS_SERVICES_EUROPE,eu27_2020:aggregate,2013-Q3,2026-09-15T16:23:28.567411+00:00,1118360.5,final,2013-07-01,2013-09-30,1,2026-09-15T16:23:28.567411+00:00
IMPORTS_GOODS_SERVICES_EUROPE,eu27_2020:aggregate,2013-Q4,2026-09-15T16:23:28.567411+00:00,1128567.4,final,2013-10-01,2013-12-31,1,2026-09-15T16:23:28.567411+00:00
IMPORTS_GOODS_SERVICES_EUROPE,eu27_2020:aggregate,2014-Q1,2026-09-15T16:23:28.567411+00:00,1138591.5,final,2014-01-01,2014-03-31,1,2026-09-15T16:23:28.567411+00:00
IMPORTS_GOODS_SERVICES_EUROPE,eu27_2020:aggregate,2014-Q2,2026-09-15T16:23:28.567411+00:00,1156312.8,final,2014-04-01,2014-06-30,1,2026-09-15T16:23:28.567411+00:00
IMPORTS_GOODS_SERVICES_EUROPE,eu27_2020:aggregate,2014-Q3,2026-09-15T16:23:28.567411+00:00,1174667.0,final,2014-07-01,2014-09-30,1,2026-09-15T16:23:28.567411+00:00
IMPORTS_GOODS_SERVICES_EUROPE,eu27_2020:aggregate,2014-Q4,2026-09-15T16:23:28.567411+00:00,1187837.1,final,2014-10-01,2014-12-31,1,2026-09-15T16:23:28.567411+00:00
IMPORTS_GOODS_SERVICES_EUROPE,eu27_2020:aggregate,2015-Q1,2026-09-15T16:23:28.567411+00:00,1218400.7,final,2015-01-01,2015-03-31,1,2026-09-15T16:23:28.567411+00:00
IMPORTS_GOODS_SERVICES_EUROPE,eu27_2020:aggregate,2015-Q2,2026-09-15T16:23:28.567411+00:00,1260088.7,final,2015-04-01,2015-06-30,1,2026-09-15T16:23:28.567411+00:00
IMPORTS_GOODS_SERVICES_EUROPE,eu27_2020:aggregate,2015-Q3,2026-09-15T16:23:28.567411+00:00,1247166.2,final,2015-07-01,2015-09-30,1,2026-09-15T16:23:28.567411+00:00
IMPORTS_GOODS_SERVICES_EUROPE,eu27_2020:aggregate,2015-Q4,2026-09-15T16:23:28.567411+00:00,1277059.9,final,2015-10-01,2015-12-31,1,2026-09-15T16:23:28.567411+00:00
IMPORTS_GOODS_SERVICES_EUROPE,eu27_2020:aggregate,2016-Q1,2026-09-15T16:23:28.567411+00:00,1286926.3,final,2016-01-01,2016-03-31,1,2026-09-15T16:23:28.567411+00:00
IMPORTS_GOODS_SERVICES_EUROPE,eu27_2020:aggregate,2016-Q2,2026-09-15T16:23:28.567411+00:00,1298520.6,final,2016-04-01,2016-06-30,1,2026-09-15T16:23:28.567411+00:00
IMPORTS_GOODS_SERVICES_EUROPE,eu27_2020:aggregate,2016-Q3,2026-09-15T16:23:28.567411+00:00,1310760.4,final,2016-07-01,2016-09-30,1,2026-09-15T16:23:28.567411+00:00
IMPORTS_GOODS_SERVICES_EUROPE,eu27_2020:aggregate,2016-Q4,2026-09-15T16:23:28.567411+00:00,1332444.2,final,2016-10-01,2016-12-31,1,2026-09-15T16:23:28.567411+00:00
IMPORTS_GOODS_SERVICES_EUROPE,eu27_2020:aggregate,2017-Q1,2026-09-15T16:23:28.567411+00:00,1342498.7,final,2017-01-01,2017-03-31,1,2026-09-15T16:23:28.567411+00:00
IMPORTS_GOODS_SERVICES_EUROPE,eu27_2020:aggregate,2017-Q2,2026-09-15T16:23:28.567411+00:00,1401545.7,final,2017-04-01,2017-06-30,1,2026-09-15T16:23:28.567411+00:00
IMPORTS_GOODS_SERVICES_EUROPE,eu27_2020:aggregate,2017-Q3,2026-09-15T16:23:28.567411+00:00,1380045.2,final,2017-07-01,2017-09-30,1,2026-09-15T16:23:28.567411+00:00
IMPORTS_GOODS_SERVICES_EUROPE,eu27_2020:aggregate,2017-Q4,2026-09-15T16:23:28.567411+00:00,1407838.9,final,2017-10-01,2017-12-31,1,2026-09-15T16:23:28.567411+00:00
IMPORTS_GOODS_SERVICES_EUROPE,eu27_2020:aggregate,2018-Q1,2026-09-15T16:23:28.567411+00:00,1412878.7,final,2018-01-01,2018-03-31,1,2026-09-15T16:23:28.567411+00:00
IMPORTS_GOODS_SERVICES_EUROPE,eu27_2020:aggregate,2018-Q2,2026-09-15T16:23:28.567411+00:00,1432587.5,final,2018-04-01,2018-06-30,1,2026-09-15T16:23:28.567411+00:00
IMPORTS_GOODS_SERVICES_EUROPE,eu27_2020:aggregate,2018-Q3,2026-09-15T16:23:28.567411+00:00,1443242.8,final,2018-07-01,2018-09-30,1,2026-09-15T16:23:28.567411+00:00
IMPORTS_GOODS_SERVICES_EUROPE,eu27_2020:aggregate,2018-Q4,2026-09-15T16:23:28.567411+00:00,1478810.5,final,2018-10-01,2018-12-31,1,2026-09-15T16:23:28.567411+00:00
IMPORTS_GOODS_SERVICES_EUROPE,eu27_2020:aggregate,2019-Q1,2026-09-15T16:23:28.567411+00:00,1477135.5,final,2019-01-01,2019-03-31,1,2026-09-15T16:23:28.567411+00:00
IMPORTS_GOODS_SERVICES_EUROPE,eu27_2020:aggregate,2019-Q2,2026-09-15T16:23:28.567411+00:00,1521918.7,final,2019-04-01,2019-06-30,1,2026-09-15T16:23:28.567411+00:00
IMPORTS_GOODS_SERVICES_EUROPE,eu27_2020:aggregate,2019-Q3,2026-09-15T16:23:28.567411+00:00,1497428.7,final,2019-07-01,2019-09-30,1,2026-09-15T16:23:28.567411+00:00
IMPORTS_GOODS_SERVICES_EUROPE,eu27_2020:aggregate,2019-Q4,2026-09-15T16:23:28.567411+00:00,1549932.8,final,2019-10-01,2019-12-31,1,2026-09-15T16:23:28.567411+00:00
IMPORTS_GOODS_SERVICES_EUROPE,eu27_2020:aggregate,2020-Q1,2026-09-15T16:23:28.567411+00:00,1517105.7,final,2020-01-01,2020-03-31,1,2026-09-15T16:23:28.567411+00:00
IMPORTS_GOODS_SERVICES_EUROPE,eu27_2020:aggregate,2020-Q2,2026-09-15T16:23:28.567411+00:00,1217744.3,final,2020-04-01,2020-06-30,1,2026-09-15T16:23:28.567411+00:00
IMPORTS_GOODS_SERVICES_EUROPE,eu27_2020:aggregate,2020-Q3,2026-09-15T16:23:28.567411+00:00,1378903.6,final,2020-07-01,2020-09-30,1,2026-09-15T16:23:28.567411+00:00
IMPORTS_GOODS_SERVICES_EUROPE,eu27_2020:aggregate,2020-Q4,2026-09-15T16:23:28.567411+00:00,1460877.7,final,2020-10-01,2020-12-31,1,2026-09-15T16:23:28.567411+00:00
IMPORTS_GOODS_SERVICES_EUROPE,eu27_2020:aggregate,2021-Q1,2026-09-15T16:23:28.567411+00:00,1468606.7,final,2021-01-01,2021-03-31,1,2026-09-15T16:23:28.567411+00:00
IMPORTS_GOODS_SERVICES_EUROPE,eu27_2020:aggregate,2021-Q2,2026-09-15T16:23:28.567411+00:00,1503262.0,final,2021-04-01,2021-06-30,1,2026-09-15T16:23:28.567411+00:00
IMPORTS_GOODS_SERVICES_EUROPE,eu27_2020:aggregate,2021-Q3,2026-09-15T16:23:28.567411+00:00,1528921.4,final,2021-07-01,2021-09-30,1,2026-09-15T16:23:28.567411+00:00
IMPORTS_GOODS_SERVICES_EUROPE,eu27_2020:aggregate,2021-Q4,2026-09-15T16:23:28.567411+00:00,1608357.2,final,2021-10-01,2021-12-31,1,2026-09-15T16:23:28.567411+00:00
IMPORTS_GOODS_SERVICES_EUROPE,eu27_2020:aggregate,2022-Q1,2026-09-15T16:23:28.567411+00:00,1621819.1,final,2022-01-01,2022-03-31,1,2026-09-15T16:23:28.567411+00:00
IMPORTS_GOODS_SERVICES_EUROPE,eu27_2020:aggregate,2022-Q2,2026-09-15T16:23:28.567411+00:00,1650065.8,final,2022-04-01,2022-06-30,1,2026-09-15T16:23:28.567411+00:00
IMPORTS_GOODS_SERVICES_EUROPE,eu27_2020:aggregate,2022-Q3,2026-09-15T16:23:28.567411+00:00,1685814.9,final,2022-07-01,2022-09-30,1,2026-09-15T16:23:28.567411+00:00
IMPORTS_GOODS_SERVICES_EUROPE,eu27_2020:aggregate,2022-Q4,2026-09-15T16:23:28.567411+00:00,1674804.5,final,2022-10-01,2022-12-31,1,2026-09-15T16:23:28.567411+00:00
IMPORTS_GOODS_SERVICES_EUROPE,eu27_2020:aggregate,2023-Q1,2026-09-15T16:23:28.567411+00:00,1646681.7,final,2023-01-01,2023-03-31,1,2026-09-15T16:23:28.567411+00:00
IMPORTS_GOODS_SERVICES_EUROPE,eu27_2020:aggregate,2023-Q2,2026-09-15T16:23:28.567411+00:00,1635651.5,final,2023-04-01,2023-06-30,1,2026-09-15T16:23:28.567411+00:00
IMPORTS_GOODS_SERVICES_EUROPE,eu27_2020:aggregate,2023-Q3,2026-09-15T16:23:28.567411+00:00,1618239.5,final,2023-07-01,2023-09-30,1,2026-09-15T16:23:28.567411+00:00
IMPORTS_GOODS_SERVICES_EUROPE,eu27_2020:aggregate,2023-Q4,2026-09-15T16:23:28.567411+00:00,1630283.2,final,2023-10-01,2023-12-31,1,2026-09-15T16:23:28.567411+00:00
IMPORTS_GOODS_SERVICES_EUROPE,eu27_2020:aggregate,2024-Q1,2026-09-15T16:23:28.567411+00:00,1625655.5,final,2024-01-01,2024-03-31,1,2026-09-15T16:23:28.567411+00:00
IMPORTS_GOODS_SERVICES_EUROPE,eu27_2020:aggregate,2024-Q2,2026-09-15T16:23:28.567411+00:00,1643586.4,final,2024-04-01,2024-06-30,1,2026-09-15T16:23:28.567411+00:00
IMPORTS_GOODS_SERVICES_EUROPE,eu27_2020:aggregate,2024-Q3,2026-09-15T16:23:28.567411+00:00,1651635.4,final,2024-07-01,2024-09-30,1,2026-09-15T16:23:28.567411+00:00
IMPORTS_GOODS_SERVICES_EUROPE,eu27_2020:aggregate,2024-Q4,2026-09-15T16:23:28.567411+00:00,1661027.5,final,2024-10-01,2024-12-31,1,2026-09-15T16:23:28.567411+00:00
IMPORTS_GOODS_SERVICES_EUROPE,eu27_2020:aggregate,2025-Q1,2026-09-15T16:23:28.567411+00:00,1692715.9,final,2025-01-01,2025-03-31,1,2026-09-15T16:23:28.567411+00:00
IMPORTS_GOODS_SERVICES_EUROPE,eu27_2020:aggregate,2025-Q2,2026-09-15T16:23:28.567411+00:00,1694647.0,final,2025-04-01,2025-06-30,1,2026-09-15T16:23:28.567411+00:00
IMPORTS_GOODS_SERVICES_EUROPE,eu27_2020:aggregate,2025-Q3,2026-09-15T16:23:28.567411+00:00,1713370.1,final,2025-07-01,2025-09-30,1,2026-09-15T16:23:28.567411+00:00
IMPORTS_GOODS_SERVICES_EUROPE,eu27_2020:aggregate,2025-Q4,2026-09-15T16:23:28.567411+00:00,1720524.4,final,2025-10-01,2025-12-31,1,2026-09-15T16:23:28.567411+00:00
IMPORTS_GOODS_SERVICES_EUROPE,eu27_2020:aggregate,2026-Q1,2026-09-15T16:23:28.567411+00:00,1732499.2,final,2026-01-01,2026-03-31,1,2026-09-15T16:23:28.567411+00:00
IMPORTS_GOODS_SERVICES_EUROPE,eu27_2020:aggregate,2026-Q2,2026-09-15T16:23:28.567411+00:00,1760288.1,final,2026-04-01,2026-06-30,1,2026-09-15T16:23:28.567411+00:00
IMPORTS_GOODS_SERVICES_EUROPE,fi:country,2008-Q1,2026-09-15T16:23:28.567411+00:00,19836.8,final,2008-01-01,2008-03-31,1,2026-09-15T16:23:28.567411+00:00
IMPORTS_GOODS_SERVICES_EUROPE,fi:country,2008-Q2,2026-09-15T16:23:28.567411+00:00,20702.8,final,2008-04-01,2008-06-30,1,2026-09-15T16:23:28.567411+00:00
IMPORTS_GOODS_SERVICES_EUROPE,fi:country,2008-Q3,2026-09-15T16:23:28.567411+00:00,20244.8,final,2008-07-01,2008-09-30,1,2026-09-15T16:23:28.567411+00:00
IMPORTS_GOODS_SERVICES_EUROPE,fi:country,2008-Q4,2026-09-15T16:23:28.567411+00:00,18218.4,final,2008-10-01,2008-12-31,1,2026-09-15T16:23:28.567411+00:00
IMPORTS_GOODS_SERVICES_EUROPE,fi:country,2009-Q1,2026-09-15T16:23:28.567411+00:00,16770.7,final,2009-01-01,2009-03-31,0,2026-09-15T16:23:28.567411+00:00
IMPORTS_GOODS_SERVICES_EUROPE,fi:country,2009-Q1,2026-09-22T09:36:17.422161+00:00,16761.8,final,2009-01-01,2009-03-31,1,2026-09-22T09:36:17.422161+00:00
IMPORTS_GOODS_SERVICES_EUROPE,fi:country,2009-Q2,2026-09-15T16:23:28.567411+00:00,16152.2,final,2009-04-01,2009-06-30,0,2026-09-15T16:23:28.567411+00:00
IMPORTS_GOODS_SERVICES_EUROPE,fi:country,2009-Q2,2026-09-22T09:36:17.422161+00:00,16153.2,final,2009-04-01,2009-06-30,1,2026-09-22T09:36:17.422161+00:00
IMPORTS_GOODS_SERVICES_EUROPE,fi:country,2009-Q3,2026-09-15T16:23:28.567411+00:00,16357.7,final,2009-07-01,2009-09-30,0,2026-09-15T16:23:28.567411+00:00
IMPORTS_GOODS_SERVICES_EUROPE,fi:country,2009-Q3,2026-09-22T09:36:17.422161+00:00,16361.7,final,2009-07-01,2009-09-30,1,2026-09-22T09:36:17.422161+00:00
IMPORTS_GOODS_SERVICES_EUROPE,fi:country,2009-Q4,2026-09-15T16:23:28.567411+00:00,16293.8,final,2009-10-01,2009-12-31,0,2026-09-15T16:23:28.567411+00:00
IMPORTS_GOODS_SERVICES_EUROPE,fi:country,2009-Q4,2026-09-22T09:36:17.422161+00:00,16297.8,final,2009-10-01,2009-12-31,1,2026-09-22T09:36:17.422161+00:00
IMPORTS_GOODS_SERVICES_EUROPE,fi:country,2010-Q1,2026-09-15T16:23:28.567411+00:00,16168.1,final,2010-01-01,2010-03-31,0,2026-09-15T16:23:28.567411+00:00
IMPORTS_GOODS_SERVICES_EUROPE,fi:country,2010-Q1,2026-09-22T09:36:17.422161+00:00,16156.1,final,2010-01-01,2010-03-31,1,2026-09-22T09:36:17.422161+00:00
IMPORTS_GOODS_SERVICES_EUROPE,fi:country,2010-Q2,2026-09-15T16:23:28.567411+00:00,17266.6,final,2010-04-01,2010-06-30,0,2026-09-15T16:23:28.567411+00:00
IMPORTS_GOODS_SERVICES_EUROPE,fi:country,2010-Q2,2026-09-22T09:36:17.422161+00:00,17268.6,final,2010-04-01,2010-06-30,1,2026-09-22T09:36:17.422161+00:00
IMPORTS_GOODS_SERVICES_EUROPE,fi:country,2010-Q3,2026-09-15T16:23:28.567411+00:00,18218.4,final,2010-07-01,2010-09-30,0,2026-09-15T16:23:28.567411+00:00
IMPORTS_GOODS_SERVICES_EUROPE,fi:country,2010-Q3,2026-09-22T09:36:17.422161+00:00,18224.4,final,2010-07-01,2010-09-30,1,2026-09-22T09:36:17.422161+00:00
IMPORTS_GOODS_SERVICES_EUROPE,fi:country,2010-Q4,2026-09-15T16:23:28.567411+00:00,18051.8,final,2010-10-01,2010-12-31,0,2026-09-15T16:23:28.567411+00:00
IMPORTS_GOODS_SERVICES_EUROPE,fi:country,2010-Q4,2026-09-22T09:36:17.422161+00:00,18055.8,final,2010-10-01,2010-12-31,1,2026-09-22T09:36:17.422161+00:00
IMPORTS_GOODS_SERVICES_EUROPE,fi:country,2011-Q1,2026-09-15T16:23:28.567411+00:00,18368.1,final,2011-01-01,2011-03-31,0,2026-09-15T16:23:28.567411+00:00
IMPORTS_GOODS_SERVICES_EUROPE,fi:country,2011-Q1,2026-09-22T09:36:17.422161+00:00,18353.1,final,2011-01-01,2011-03-31,1,2026-09-22T09:36:17.422161+00:00
IMPORTS_GOODS_SERVICES_EUROPE,fi:country,2011-Q2,2026-09-15T16:23:28.567411+00:00,18485.8,final,2011-04-01,2011-06-30,0,2026-09-15T16:23:28.567411+00:00
IMPORTS_GOODS_SERVICES_EUROPE,fi:country,2011-Q2,2026-09-22T09:36:17.422161+00:00,18490.8,final,2011-04-01,2011-06-30,1,2026-09-22T09:36:17.422161+00:00
IMPORTS_GOODS_SERVICES_EUROPE,fi:country,2011-Q3,2026-09-15T16:23:28.567411+00:00,18250.4,final,2011-07-01,2011-09-30,0,2026-09-15T16:23:28.567411+00:00
IMPORTS_GOODS_SERVICES_EUROPE,fi:country,2011-Q3,2026-09-22T09:36:17.422161+00:00,18257.4,final,2011-07-01,2011-09-30,1,2026-09-22T09:36:17.422161+00:00
IMPORTS_GOODS_SERVICES_EUROPE,fi:country,2011-Q4,2026-09-15T16:23:28.567411+00:00,18928.8,final,2011-10-01,2011-12-31,0,2026-09-15T16:23:28.567411+00:00
IMPORTS_GOODS_SERVICES_EUROPE,fi:country,2011-Q4,2026-09-22T09:36:17.422161+00:00,18931.8,final,2011-10-01,2011-12-31,1,2026-09-22T09:36:17.422161+00:00
IMPORTS_GOODS_SERVICES_EUROPE,fi:country,2012-Q1,2026-09-15T16:23:28.567411+00:00,19538.4,final,2012-01-01,2012-03-31,0,2026-09-15T16:23:28.567411+00:00
IMPORTS_GOODS_SERVICES_EUROPE,fi:country,2012-Q1,2026-09-22T09:36:17.422161+00:00,19523.5,final,2012-01-01,2012-03-31,1,2026-09-22T09:36:17.422161+00:00
IMPORTS_GOODS_SERVICES_EUROPE,fi:country,2012-Q2,2026-09-15T16:23:28.567411+00:00,18824.1,final,2012-04-01,2012-06-30,0,2026-09-15T16:23:28.567411+00:00
IMPORTS_GOODS_SERVICES_EUROPE,fi:country,2012-Q2,2026-09-22T09:36:17.422161+00:00,18830.0,final,2012-04-01,2012-06-30,1,2026-09-22T09:36:17.422161+00:00
IMPORTS_GOODS_SERVICES_EUROPE,fi:country,2012-Q3,2026-09-15T16:23:28.567411+00:00,18185.5,final,2012-07-01,2012-09-30,0,2026-09-15T16:23:28.567411+00:00
IMPORTS_GOODS_SERVICES_EUROPE,fi:country,2012-Q3,2026-09-22T09:36:17.422161+00:00,18191.5,final,2012-07-01,2012-09-30,1,2026-09-22T09:36:17.422161+00:00
IMPORTS_GOODS_SERVICES_EUROPE,fi:country,2012-Q4,2026-09-15T16:23:28.567411+00:00,18317.2,final,2012-10-01,2012-12-31,0,2026-09-15T16:23:28.567411+00:00
IMPORTS_GOODS_SERVICES_EUROPE,fi:country,2012-Q4,2026-09-22T09:36:17.422161+00:00,18320.2,final,2012-10-01,2012-12-31,1,2026-09-22T09:36:17.422161+00:00
IMPORTS_GOODS_SERVICES_EUROPE,fi:country,2013-Q1,2026-09-15T16:23:28.567411+00:00,19041.6,final,2013-01-01,2013-03-31,0,2026-09-15T16:23:28.567411+00:00
IMPORTS_GOODS_SERVICES_EUROPE,fi:country,2013-Q1,2026-09-22T09:36:17.422161+00:00,19022.6,final,2013-01-01,2013-03-31,1,2026-09-22T09:36:17.422161+00:00
IMPORTS_GOODS_SERVICES_EUROPE,fi:country,2013-Q2,2026-09-15T16:23:28.567411+00:00,18405.0,final,2013-04-01,2013-06-30,0,2026-09-15T16:23:28.567411+00:00
IMPORTS_GOODS_SERVICES_EUROPE,fi:country,2013-Q2,2026-09-22T09:36:17.422161+00:00,18413.0,final,2013-04-01,2013-06-30,1,2026-09-22T09:36:17.422161+00:00
IMPORTS_GOODS_SERVICES_EUROPE,fi:country,2013-Q3,2026-09-15T16:23:28.567411+00:00,19079.5,final,2013-07-01,2013-09-30,0,2026-09-15T16:23:28.567411+00:00
IMPORTS_GOODS_SERVICES_EUROPE,fi:country,2013-Q3,2026-09-22T09:36:17.422161+00:00,19087.5,final,2013-07-01,2013-09-30,1,2026-09-22T09:36:17.422161+00:00
IMPORTS_GOODS_SERVICES_EUROPE,fi:country,2013-Q4,2026-09-15T16:23:28.567411+00:00,18436.9,final,2013-10-01,2013-12-31,0,2026-09-15T16:23:28.567411+00:00
IMPORTS_GOODS_SERVICES_EUROPE,fi:country,2013-Q4,2026-09-22T09:36:17.422161+00:00,18439.9,final,2013-10-01,2013-12-31,1,2026-09-22T09:36:17.422161+00:00
IMPORTS_GOODS_SERVICES_EUROPE,fi:country,2014-Q1,2026-09-15T16:23:28.567411+00:00,18020.9,final,2014-01-01,2014-03-31,0,2026-09-15T16:23:28.567411+00:00
IMPORTS_GOODS_SERVICES_EUROPE,fi:country,2014-Q1,2026-09-22T09:36:17.422161+00:00,17995.0,final,2014-01-01,2014-03-31,1,2026-09-22T09:36:17.422161+00:00
IMPORTS_GOODS_SERVICES_EUROPE,fi:country,2014-Q2,2026-09-15T16:23:28.567411+00:00,18983.7,final,2014-04-01,2014-06-30,0,2026-09-15T16:23:28.567411+00:00
IMPORTS_GOODS_SERVICES_EUROPE,fi:country,2014-Q2,2026-09-22T09:36:17.422161+00:00,18995.7,final,2014-04-01,2014-06-30,1,2026-09-22T09:36:17.422161+00:00
IMPORTS_GOODS_SERVICES_EUROPE,fi:country,2014-Q3,2026-09-15T16:23:28.567411+00:00,18887.9,final,2014-07-01,2014-09-30,0,2026-09-15T16:23:28.567411+00:00
IMPORTS_GOODS_SERVICES_EUROPE,fi:country,2014-Q3,2026-09-22T09:36:17.422161+00:00,18895.9,final,2014-07-01,2014-09-30,1,2026-09-22T09:36:17.422161+00:00
IMPORTS_GOODS_SERVICES_EUROPE,fi:country,2014-Q4,2026-09-15T16:23:28.567411+00:00,18396.0,final,2014-10-01,2014-12-31,0,2026-09-15T16:23:28.567411+00:00
IMPORTS_GOODS_SERVICES_EUROPE,fi:country,2014-Q4,2026-09-22T09:36:17.422161+00:00,18402.0,final,2014-10-01,2014-12-31,1,2026-09-22T09:36:17.422161+00:00
IMPORTS_GOODS_SERVICES_EUROPE,fi:country,2015-Q1,2026-09-15T16:23:28.567411+00:00,19194.2,final,2015-01-01,2015-03-31,0,2026-09-15T16:23:28.567411+00:00
IMPORTS_GOODS_SERVICES_EUROPE,fi:country,2015-Q1,2026-09-22T09:36:17.422161+00:00,19165.3,final,2015-01-01,2015-03-31,1,2026-09-22T09:36:17.422161+00:00
IMPORTS_GOODS_SERVICES_EUROPE,fi:country,2015-Q2,2026-09-15T16:23:28.567411+00:00,18384.1,final,2015-04-01,2015-06-30,0,2026-09-15T16:23:28.567411+00:00
IMPORTS_GOODS_SERVICES_EUROPE,fi:country,2015-Q2,2026-09-22T09:36:17.422161+00:00,18397.0,final,2015-04-01,2015-06-30,1,2026-09-22T09:36:17.422161+00:00
IMPORTS_GOODS_SERVICES_EUROPE,fi:country,2015-Q3,2026-09-15T16:23:28.567411+00:00,18867.0,final,2015-07-01,2015-09-30,0,2026-09-15T16:23:28.567411+00:00
IMPORTS_GOODS_SERVICES_EUROPE,fi:country,2015-Q3,2026-09-22T09:36:17.422161+00:00,18875.9,final,2015-07-01,2015-09-30,1,2026-09-22T09:36:17.422161+00:00
IMPORTS_GOODS_SERVICES_EUROPE,fi:country,2015-Q4,2026-09-15T16:23:28.567411+00:00,19429.7,final,2015-10-01,2015-12-31,0,2026-09-15T16:23:28.567411+00:00
IMPORTS_GOODS_SERVICES_EUROPE,fi:country,2015-Q4,2026-09-22T09:36:17.422161+00:00,19436.7,final,2015-10-01,2015-12-31,1,2026-09-22T09:36:17.422161+00:00
IMPORTS_GOODS_SERVICES_EUROPE,fi:country,2016-Q1,2026-09-15T16:23:28.567411+00:00,19601.3,final,2016-01-01,2016-03-31,0,2026-09-15T16:23:28.567411+00:00
IMPORTS_GOODS_SERVICES_EUROPE,fi:country,2016-Q1,2026-09-22T09:36:17.422161+00:00,19561.4,final,2016-01-01,2016-03-31,1,2026-09-22T09:36:17.422161+00:00
IMPORTS_GOODS_SERVICES_EUROPE,fi:country,2016-Q2,2026-09-15T16:23:28.567411+00:00,20246.8,final,2016-04-01,2016-06-30,0,2026-09-15T16:23:28.567411+00:00
IMPORTS_GOODS_SERVICES_EUROPE,fi:country,2016-Q2,2026-09-22T09:36:17.422161+00:00,20266.8,final,2016-04-01,2016-06-30,1,2026-09-22T09:36:17.422161+00:00
IMPORTS_GOODS_SERVICES_EUROPE,fi:country,2016-Q3,2026-09-15T16:23:28.567411+00:00,19998.4,final,2016-07-01,2016-09-30,0,2026-09-15T16:23:28.567411+00:00
IMPORTS_GOODS_SERVICES_EUROPE,fi:country,2016-Q3,2026-09-22T09:36:17.422161+00:00,20007.4,final,2016-07-01,2016-09-30,1,2026-09-22T09:36:17.422161+00:00
IMPORTS_GOODS_SERVICES_EUROPE,fi:country,2016-Q4,2026-09-15T16:23:28.567411+00:00,20321.6,final,2016-10-01,2016-12-31,0,2026-09-15T16:23:28.567411+00:00
IMPORTS_GOODS_SERVICES_EUROPE,fi:country,2016-Q4,2026-09-22T09:36:17.422161+00:00,20332.6,final,2016-10-01,2016-12-31,1,2026-09-22T09:36:17.422161+00:00
IMPORTS_GOODS_SERVICES_EUROPE,fi:country,2017-Q1,2026-09-15T16:23:28.567411+00:00,20383.5,final,2017-01-01,2017-03-31,0,2026-09-15T16:23:28.567411+00:00
IMPORTS_GOODS_SERVICES_EUROPE,fi:country,2017-Q1,2026-09-22T09:36:17.422161+00:00,20332.6,final,2017-01-01,2017-03-31,1,2026-09-22T09:36:17.422161+00:00
IMPORTS_GOODS_SERVICES_EUROPE,fi:country,2017-Q2,2026-09-15T16:23:28.567411+00:00,21176.7,final,2017-04-01,2017-06-30,0,2026-09-15T16:23:28.567411+00:00
IMPORTS_GOODS_SERVICES_EUROPE,fi:country,2017-Q2,2026-09-22T09:36:17.422161+00:00,21198.6,final,2017-04-01,2017-06-30,1,2026-09-22T09:36:17.422161+00:00
IMPORTS_GOODS_SERVICES_EUROPE,fi:country,2017-Q3,2026-09-15T16:23:28.567411+00:00,21064.0,final,2017-07-01,2017-09-30,0,2026-09-15T16:23:28.567411+00:00
IMPORTS_GOODS_SERVICES_EUROPE,fi:country,2017-Q3,2026-09-22T09:36:17.422161+00:00,21074.9,final,2017-07-01,2017-09-30,1,2026-09-22T09:36:17.422161+00:00
IMPORTS_GOODS_SERVICES_EUROPE,fi:country,2017-Q4,2026-09-15T16:23:28.567411+00:00,21021.1,final,2017-10-01,2017-12-31,0,2026-09-15T16:23:28.567411+00:00
IMPORTS_GOODS_SERVICES_EUROPE,fi:country,2017-Q4,2026-09-22T09:36:17.422161+00:00,21039.0,final,2017-10-01,2017-12-31,1,2026-09-22T09:36:17.422161+00:00
IMPORTS_GOODS_SERVICES_EUROPE,fi:country,2018-Q1,2026-09-15T16:23:28.567411+00:00,21938.0,final,2018-01-01,2018-03-31,0,2026-09-15T16:23:28.567411+00:00
IMPORTS_GOODS_SERVICES_EUROPE,fi:country,2018-Q1,2026-09-22T09:36:17.422161+00:00,21870.1,final,2018-01-01,2018-03-31,1,2026-09-22T09:36:17.422161+00:00
IMPORTS_GOODS_SERVICES_EUROPE,fi:country,2018-Q2,2026-09-15T16:23:28.567411+00:00,21882.1,final,2018-04-01,2018-06-30,0,2026-09-15T16:23:28.567411+00:00
IMPORTS_GOODS_SERVICES_EUROPE,fi:country,2018-Q2,2026-09-22T09:36:17.422161+00:00,21910.0,final,2018-04-01,2018-06-30,1,2026-09-22T09:36:17.422161+00:00
IMPORTS_GOODS_SERVICES_EUROPE,fi:country,2018-Q3,2026-09-15T16:23:28.567411+00:00,22009.8,final,2018-07-01,2018-09-30,0,2026-09-15T16:23:28.567411+00:00
IMPORTS_GOODS_SERVICES_EUROPE,fi:country,2018-Q3,2026-09-22T09:36:17.422161+00:00,22024.8,final,2018-07-01,2018-09-30,1,2026-09-22T09:36:17.422161+00:00
IMPORTS_GOODS_SERVICES_EUROPE,fi:country,2018-Q4,2026-09-15T16:23:28.567411+00:00,22694.2,final,2018-10-01,2018-12-31,0,2026-09-15T16:23:28.567411+00:00
IMPORTS_GOODS_SERVICES_EUROPE,fi:country,2018-Q4,2026-09-22T09:36:17.422161+00:00,22719.2,final,2018-10-01,2018-12-31,1,2026-09-22T09:36:17.422161+00:00
IMPORTS_GOODS_SERVICES_EUROPE,fi:country,2019-Q1,2026-09-15T16:23:28.567411+00:00,22513.6,final,2019-01-01,2019-03-31,0,2026-09-15T16:23:28.567411+00:00
IMPORTS_GOODS_SERVICES_EUROPE,fi:country,2019-Q1,2026-09-22T09:36:17.422161+00:00,22431.8,final,2019-01-01,2019-03-31,1,2026-09-22T09:36:17.422161+00:00
IMPORTS_GOODS_SERVICES_EUROPE,fi:country,2019-Q2,2026-09-15T16:23:28.567411+00:00,22821.9,final,2019-04-01,2019-06-30,0,2026-09-15T16:23:28.567411+00:00
IMPORTS_GOODS_SERVICES_EUROPE,fi:country,2019-Q2,2026-09-22T09:36:17.422161+00:00,22852.9,final,2019-04-01,2019-06-30,1,2026-09-22T09:36:17.422161+00:00
IMPORTS_GOODS_SERVICES_EUROPE,fi:country,2019-Q3,2026-09-15T16:23:28.567411+00:00,22924.7,final,2019-07-01,2019-09-30,0,2026-09-15T16:23:28.567411+00:00
IMPORTS_GOODS_SERVICES_EUROPE,fi:country,2019-Q3,2026-09-22T09:36:17.422161+00:00,22943.7,final,2019-07-01,2019-09-30,1,2026-09-22T09:36:17.422161+00:00
IMPORTS_GOODS_SERVICES_EUROPE,fi:country,2019-Q4,2026-09-15T16:23:28.567411+00:00,22365.0,final,2019-10-01,2019-12-31,0,2026-09-15T16:23:28.567411+00:00
IMPORTS_GOODS_SERVICES_EUROPE,fi:country,2019-Q4,2026-09-22T09:36:17.422161+00:00,22396.9,final,2019-10-01,2019-12-31,1,2026-09-22T09:36:17.422161+00:00
IMPORTS_GOODS_SERVICES_EUROPE,fi:country,2020-Q1,2026-09-15T16:23:28.567411+00:00,22756.1,final,2020-01-01,2020-03-31,0,2026-09-15T16:23:28.567411+00:00
IMPORTS_GOODS_SERVICES_EUROPE,fi:country,2020-Q1,2026-09-22T09:36:17.422161+00:00,22657.3,final,2020-01-01,2020-03-31,1,2026-09-22T09:36:17.422161+00:00
IMPORTS_GOODS_SERVICES_EUROPE,fi:country,2020-Q2,2026-09-15T16:23:28.567411+00:00,20137.1,final,2020-04-01,2020-06-30,0,2026-09-15T16:23:28.567411+00:00
IMPORTS_GOODS_SERVICES_EUROPE,fi:country,2020-Q2,2026-09-22T09:36:17.422161+00:00,20172.0,final,2020-04-01,2020-06-30,1,2026-09-22T09:36:17.422161+00:00
IMPORTS_GOODS_SERVICES_EUROPE,fi:country,2020-Q3,2026-09-15T16:23:28.567411+00:00,21149.8,final,2020-07-01,2020-09-30,0,2026-09-15T16:23:28.567411+00:00
IMPORTS_GOODS_SERVICES_EUROPE,fi:country,2020-Q3,2026-09-22T09:36:17.422161+00:00,21172.7,final,2020-07-01,2020-09-30,1,2026-09-22T09:36:17.422161+00:00
IMPORTS_GOODS_SERVICES_EUROPE,fi:country,2020-Q4,2026-09-15T16:23:28.567411+00:00,21038.0,final,2020-10-01,2020-12-31,0,2026-09-15T16:23:28.567411+00:00
IMPORTS_GOODS_SERVICES_EUROPE,fi:country,2020-Q4,2026-09-22T09:36:17.422161+00:00,21078.9,final,2020-10-01,2020-12-31,1,2026-09-22T09:36:17.422161+00:00
IMPORTS_GOODS_SERVICES_EUROPE,fi:country,2021-Q1,2026-09-15T16:23:28.567411+00:00,21548.8,final,2021-01-01,2021-03-31,0,2026-09-15T16:23:28.567411+00:00
IMPORTS_GOODS_SERVICES_EUROPE,fi:country,2021-Q1,2026-09-22T09:36:17.422161+00:00,21418.1,final,2021-01-01,2021-03-31,1,2026-09-22T09:36:17.422161+00:00
IMPORTS_GOODS_SERVICES_EUROPE,fi:country,2021-Q2,2026-09-15T16:23:28.567411+00:00,22052.7,final,2021-04-01,2021-06-30,0,2026-09-15T16:23:28.567411+00:00
IMPORTS_GOODS_SERVICES_EUROPE,fi:country,2021-Q2,2026-09-22T09:36:17.422161+00:00,22074.6,final,2021-04-01,2021-06-30,1,2026-09-22T09:36:17.422161+00:00
IMPORTS_GOODS_SERVICES_EUROPE,fi:country,2021-Q3,2026-09-15T16:23:28.567411+00:00,22923.7,final,2021-07-01,2021-09-30,0,2026-09-15T16:23:28.567411+00:00
IMPORTS_GOODS_SERVICES_EUROPE,fi:country,2021-Q3,2026-09-22T09:36:17.422161+00:00,22978.6,final,2021-07-01,2021-09-30,1,2026-09-22T09:36:17.422161+00:00
IMPORTS_GOODS_SERVICES_EUROPE,fi:country,2021-Q4,2026-09-15T16:23:28.567411+00:00,24506.1,final,2021-10-01,2021-12-31,0,2026-09-15T16:23:28.567411+00:00
IMPORTS_GOODS_SERVICES_EUROPE,fi:country,2021-Q4,2026-09-22T09:36:17.422161+00:00,24560.0,final,2021-10-01,2021-12-31,1,2026-09-22T09:36:17.422161+00:00
IMPORTS_GOODS_SERVICES_EUROPE,fi:country,2022-Q1,2026-09-15T16:23:28.567411+00:00,24511.1,final,2022-01-01,2022-03-31,0,2026-09-15T16:23:28.567411+00:00
IMPORTS_GOODS_SERVICES_EUROPE,fi:country,2022-Q1,2026-09-22T09:36:17.422161+00:00,24825.4,final,2022-01-01,2022-03-31,1,2026-09-22T09:36:17.422161+00:00
IMPORTS_GOODS_SERVICES_EUROPE,fi:country,2022-Q2,2026-09-15T16:23:28.567411+00:00,25309.3,final,2022-04-01,2022-06-30,0,2026-09-15T16:23:28.567411+00:00
IMPORTS_GOODS_SERVICES_EUROPE,fi:country,2022-Q2,2026-09-22T09:36:17.422161+00:00,25264.4,final,2022-04-01,2022-06-30,1,2026-09-22T09:36:17.422161+00:00
IMPORTS_GOODS_SERVICES_EUROPE,fi:country,2022-Q3,2026-09-15T16:23:28.567411+00:00,25041.9,final,2022-07-01,2022-09-30,0,2026-09-15T16:23:28.567411+00:00
IMPORTS_GOODS_SERVICES_EUROPE,fi:country,2022-Q3,2026-09-22T09:36:17.422161+00:00,24985.0,final,2022-07-01,2022-09-30,1,2026-09-22T09:36:17.422161+00:00
IMPORTS_GOODS_SERVICES_EUROPE,fi:country,2022-Q4,2026-09-15T16:23:28.567411+00:00,24597.9,final,2022-10-01,2022-12-31,0,2026-09-15T16:23:28.567411+00:00
IMPORTS_GOODS_SERVICES_EUROPE,fi:country,2022-Q4,2026-09-22T09:36:17.422161+00:00,24551.0,final,2022-10-01,2022-12-31,1,2026-09-22T09:36:17.422161+00:00
IMPORTS_GOODS_SERVICES_EUROPE,fi:country,2023-Q1,2026-09-15T16:23:28.567411+00:00,23582.2,final,2023-01-01,2023-03-31,0,2026-09-15T16:23:28.567411+00:00
IMPORTS_GOODS_SERVICES_EUROPE,fi:country,2023-Q1,2026-09-22T09:36:17.422161+00:00,23891.5,final,2023-01-01,2023-03-31,1,2026-09-22T09:36:17.422161+00:00
IMPORTS_GOODS_SERVICES_EUROPE,fi:country,2023-Q2,2026-09-15T16:23:28.567411+00:00,23541.3,final,2023-04-01,2023-06-30,0,2026-09-15T16:23:28.567411+00:00
IMPORTS_GOODS_SERVICES_EUROPE,fi:country,2023-Q2,2026-09-22T09:36:17.422161+00:00,23550.3,final,2023-04-01,2023-06-30,1,2026-09-22T09:36:17.422161+00:00
IMPORTS_GOODS_SERVICES_EUROPE,fi:country,2023-Q3,2026-09-15T16:23:28.567411+00:00,22652.3,final,2023-07-01,2023-09-30,0,2026-09-15T16:23:28.567411+00:00
IMPORTS_GOODS_SERVICES_EUROPE,fi:country,2023-Q3,2026-09-22T09:36:17.422161+00:00,22657.3,final,2023-07-01,2023-09-30,1,2026-09-22T09:36:17.422161+00:00
IMPORTS_GOODS_SERVICES_EUROPE,fi:country,2023-Q4,2026-09-15T16:23:28.567411+00:00,22883.8,final,2023-10-01,2023-12-31,0,2026-09-15T16:23:28.567411+00:00
IMPORTS_GOODS_SERVICES_EUROPE,fi:country,2023-Q4,2026-09-22T09:36:17.422161+00:00,22887.8,final,2023-10-01,2023-12-31,1,2026-09-22T09:36:17.422161+00:00
IMPORTS_GOODS_SERVICES_EUROPE,fi:country,2024-Q1,2026-09-15T16:23:28.567411+00:00,23205.1,final,2024-01-01,2024-03-31,0,2026-09-15T16:23:28.567411+00:00
IMPORTS_GOODS_SERVICES_EUROPE,fi:country,2024-Q1,2026-09-22T09:36:17.422161+00:00,23351.7,final,2024-01-01,2024-03-31,1,2026-09-22T09:36:17.422161+00:00
IMPORTS_GOODS_SERVICES_EUROPE,fi:country,2024-Q2,2026-09-15T16:23:28.567411+00:00,22846.9,final,2024-04-01,2024-06-30,0,2026-09-15T16:23:28.567411+00:00
IMPORTS_GOODS_SERVICES_EUROPE,fi:country,2024-Q2,2026-09-22T09:36:17.422161+00:00,22755.1,final,2024-04-01,2024-06-30,1,2026-09-22T09:36:17.422161+00:00
IMPORTS_GOODS_SERVICES_EUROPE,fi:country,2024-Q3,2026-09-15T16:23:28.567411+00:00,23092.3,final,2024-07-01,2024-09-30,0,2026-09-15T16:23:28.567411+00:00
IMPORTS_GOODS_SERVICES_EUROPE,fi:country,2024-Q3,2026-09-22T09:36:17.422161+00:00,22992.6,final,2024-07-01,2024-09-30,1,2026-09-22T09:36:17.422161+00:00
IMPORTS_GOODS_SERVICES_EUROPE,fi:country,2024-Q4,2026-09-15T16:23:28.567411+00:00,22786.0,final,2024-10-01,2024-12-31,0,2026-09-15T16:23:28.567411+00:00
IMPORTS_GOODS_SERVICES_EUROPE,fi:country,2024-Q4,2026-09-22T09:36:17.422161+00:00,22673.3,final,2024-10-01,2024-12-31,1,2026-09-22T09:36:17.422161+00:00
IMPORTS_GOODS_SERVICES_EUROPE,fi:country,2025-Q1,2026-09-15T16:23:28.567411+00:00,22763.1,final,2025-01-01,2025-03-31,0,2026-09-15T16:23:28.567411+00:00
IMPORTS_GOODS_SERVICES_EUROPE,fi:country,2025-Q1,2026-09-22T09:36:17.422161+00:00,22864.8,final,2025-01-01,2025-03-31,1,2026-09-22T09:36:17.422161+00:00
IMPORTS_GOODS_SERVICES_EUROPE,fi:country,2025-Q2,2026-09-15T16:23:28.567411+00:00,23320.8,final,2025-04-01,2025-06-30,0,2026-09-15T16:23:28.567411+00:00
IMPORTS_GOODS_SERVICES_EUROPE,fi:country,2025-Q2,2026-09-22T09:36:17.422161+00:00,23300.8,final,2025-04-01,2025-06-30,1,2026-09-22T09:36:17.422161+00:00
IMPORTS_GOODS_SERVICES_EUROPE,fi:country,2025-Q3,2026-09-15T16:23:28.567411+00:00,24083.1,final,2025-07-01,2025-09-30,0,2026-09-15T16:23:28.567411+00:00
IMPORTS_GOODS_SERVICES_EUROPE,fi:country,2025-Q3,2026-09-22T09:36:17.422161+00:00,24071.1,final,2025-07-01,2025-09-30,1,2026-09-22T09:36:17.422161+00:00
IMPORTS_GOODS_SERVICES_EUROPE,fi:country,2025-Q4,2026-09-15T16:23:28.567411+00:00,24166.9,final,2025-10-01,2025-12-31,0,2026-09-15T16:23:28.567411+00:00
IMPORTS_GOODS_SERVICES_EUROPE,fi:country,2025-Q4,2026-09-22T09:36:17.422161+00:00,24169.9,final,2025-10-01,2025-12-31,1,2026-09-22T09:36:17.422161+00:00
IMPORTS_GOODS_SERVICES_EUROPE,fi:country,2026-Q1,2026-09-15T16:23:28.567411+00:00,24660.7,final,2026-01-01,2026-03-31,0,2026-09-15T16:23:28.567411+00:00
IMPORTS_GOODS_SERVICES_EUROPE,fi:country,2026-Q1,2026-09-22T09:36:17.422161+00:00,24575.9,final,2026-01-01,2026-03-31,1,2026-09-22T09:36:17.422161+00:00
IMPORTS_GOODS_SERVICES_EUROPE,fi:country,2026-Q2,2026-09-15T16:23:28.567411+00:00,25192.5,final,2026-04-01,2026-06-30,0,2026-09-15T16:23:28.567411+00:00
IMPORTS_GOODS_SERVICES_EUROPE,fi:country,2026-Q2,2026-09-22T09:36:17.422161+00:00,25262.4,final,2026-04-01,2026-06-30,1,2026-09-22T09:36:17.422161+00:00
IMPORTS_GOODS_SERVICES_EUROPE,fr:country,2008-Q1,2026-09-15T16:23:28.567411+00:00,147552.5,final,2008-01-01,2008-03-31,1,2026-09-15T16:23:28.567411+00:00
IMPORTS_GOODS_SERVICES_EUROPE,fr:country,2008-Q2,2026-09-15T16:23:28.567411+00:00,145312.3,final,2008-04-01,2008-06-30,1,2026-09-15T16:23:28.567411+00:00
IMPORTS_GOODS_SERVICES_EUROPE,fr:country,2008-Q3,2026-09-15T16:23:28.567411+00:00,146313.7,final,2008-07-01,2008-09-30,1,2026-09-15T16:23:28.567411+00:00
IMPORTS_GOODS_SERVICES_EUROPE,fr:country,2008-Q4,2026-09-15T16:23:28.567411+00:00,141030.1,final,2008-10-01,2008-12-31,1,2026-09-15T16:23:28.567411+00:00
IMPORTS_GOODS_SERVICES_EUROPE,fr:country,2009-Q1,2026-09-15T16:23:28.567411+00:00,133055.6,final,2009-01-01,2009-03-31,1,2026-09-15T16:23:28.567411+00:00
IMPORTS_GOODS_SERVICES_EUROPE,fr:country,2009-Q2,2026-09-15T16:23:28.567411+00:00,131155.2,final,2009-04-01,2009-06-30,1,2026-09-15T16:23:28.567411+00:00
IMPORTS_GOODS_SERVICES_EUROPE,fr:country,2009-Q3,2026-09-15T16:23:28.567411+00:00,130081.3,final,2009-07-01,2009-09-30,1,2026-09-15T16:23:28.567411+00:00
IMPORTS_GOODS_SERVICES_EUROPE,fr:country,2009-Q4,2026-09-15T16:23:28.567411+00:00,134907.3,final,2009-10-01,2009-12-31,1,2026-09-15T16:23:28.567411+00:00
IMPORTS_GOODS_SERVICES_EUROPE,fr:country,2010-Q1,2026-09-15T16:23:28.567411+00:00,137051.9,final,2010-01-01,2010-03-31,1,2026-09-15T16:23:28.567411+00:00
IMPORTS_GOODS_SERVICES_EUROPE,fr:country,2010-Q2,2026-09-15T16:23:28.567411+00:00,141890.5,final,2010-04-01,2010-06-30,1,2026-09-15T16:23:28.567411+00:00
IMPORTS_GOODS_SERVICES_EUROPE,fr:country,2010-Q3,2026-09-15T16:23:28.567411+00:00,146231.9,final,2010-07-01,2010-09-30,1,2026-09-15T16:23:28.567411+00:00
IMPORTS_GOODS_SERVICES_EUROPE,fr:country,2010-Q4,2026-09-15T16:23:28.567411+00:00,146809.1,final,2010-10-01,2010-12-31,1,2026-09-15T16:23:28.567411+00:00
IMPORTS_GOODS_SERVICES_EUROPE,fr:country,2011-Q1,2026-09-15T16:23:28.567411+00:00,153707.0,final,2011-01-01,2011-03-31,1,2026-09-15T16:23:28.567411+00:00
IMPORTS_GOODS_SERVICES_EUROPE,fr:country,2011-Q2,2026-09-15T16:23:28.567411+00:00,150756.4,final,2011-04-01,2011-06-30,1,2026-09-15T16:23:28.567411+00:00
IMPORTS_GOODS_SERVICES_EUROPE,fr:country,2011-Q3,2026-09-15T16:23:28.567411+00:00,151966.5,final,2011-07-01,2011-09-30,1,2026-09-15T16:23:28.567411+00:00
IMPORTS_GOODS_SERVICES_EUROPE,fr:country,2011-Q4,2026-09-15T16:23:28.567411+00:00,150660.1,final,2011-10-01,2011-12-31,1,2026-09-15T16:23:28.567411+00:00
IMPORTS_GOODS_SERVICES_EUROPE,fr:country,2012-Q1,2026-09-15T16:23:28.567411+00:00,151298.7,final,2012-01-01,2012-03-31,1,2026-09-15T16:23:28.567411+00:00
IMPORTS_GOODS_SERVICES_EUROPE,fr:country,2012-Q2,2026-09-15T16:23:28.567411+00:00,151817.5,final,2012-04-01,2012-06-30,1,2026-09-15T16:23:28.567411+00:00
IMPORTS_GOODS_SERVICES_EUROPE,fr:country,2012-Q3,2026-09-15T16:23:28.567411+00:00,153859.2,final,2012-07-01,2012-09-30,1,2026-09-15T16:23:28.567411+00:00
IMPORTS_GOODS_SERVICES_EUROPE,fr:country,2012-Q4,2026-09-15T16:23:28.567411+00:00,152641.5,final,2012-10-01,2012-12-31,1,2026-09-15T16:23:28.567411+00:00
IMPORTS_GOODS_SERVICES_EUROPE,fr:country,2013-Q1,2026-09-15T16:23:28.567411+00:00,153195.2,final,2013-01-01,2013-03-31,1,2026-09-15T16:23:28.567411+00:00
IMPORTS_GOODS_SERVICES_EUROPE,fr:country,2013-Q2,2026-09-15T16:23:28.567411+00:00,156772.1,final,2013-04-01,2013-06-30,1,2026-09-15T16:23:28.567411+00:00
IMPORTS_GOODS_SERVICES_EUROPE,fr:country,2013-Q3,2026-09-15T16:23:28.567411+00:00,158268.4,final,2013-07-01,2013-09-30,1,2026-09-15T16:23:28.567411+00:00
IMPORTS_GOODS_SERVICES_EUROPE,fr:country,2013-Q4,2026-09-15T16:23:28.567411+00:00,160252.8,final,2013-10-01,2013-12-31,1,2026-09-15T16:23:28.567411+00:00
IMPORTS_GOODS_SERVICES_EUROPE,fr:country,2014-Q1,2026-09-15T16:23:28.567411+00:00,161320.9,final,2014-01-01,2014-03-31,1,2026-09-15T16:23:28.567411+00:00
IMPORTS_GOODS_SERVICES_EUROPE,fr:country,2014-Q2,2026-09-15T16:23:28.567411+00:00,162159.3,final,2014-04-01,2014-06-30,1,2026-09-15T16:23:28.567411+00:00
IMPORTS_GOODS_SERVICES_EUROPE,fr:country,2014-Q3,2026-09-15T16:23:28.567411+00:00,164947.0,final,2014-07-01,2014-09-30,1,2026-09-15T16:23:28.567411+00:00
IMPORTS_GOODS_SERVICES_EUROPE,fr:country,2014-Q4,2026-09-15T16:23:28.567411+00:00,166693.5,final,2014-10-01,2014-12-31,1,2026-09-15T16:23:28.567411+00:00
IMPORTS_GOODS_SERVICES_EUROPE,fr:country,2015-Q1,2026-09-15T16:23:28.567411+00:00,169688.3,final,2015-01-01,2015-03-31,1,2026-09-15T16:23:28.567411+00:00
IMPORTS_GOODS_SERVICES_EUROPE,fr:country,2015-Q2,2026-09-15T16:23:28.567411+00:00,170662.9,final,2015-04-01,2015-06-30,1,2026-09-15T16:23:28.567411+00:00
IMPORTS_GOODS_SERVICES_EUROPE,fr:country,2015-Q3,2026-09-15T16:23:28.567411+00:00,173171.8,final,2015-07-01,2015-09-30,1,2026-09-15T16:23:28.567411+00:00
IMPORTS_GOODS_SERVICES_EUROPE,fr:country,2015-Q4,2026-09-15T16:23:28.567411+00:00,178426.1,final,2015-10-01,2015-12-31,1,2026-09-15T16:23:28.567411+00:00
IMPORTS_GOODS_SERVICES_EUROPE,fr:country,2016-Q1,2026-09-15T16:23:28.567411+00:00,178587.9,final,2016-01-01,2016-03-31,1,2026-09-15T16:23:28.567411+00:00
IMPORTS_GOODS_SERVICES_EUROPE,fr:country,2016-Q2,2026-09-15T16:23:28.567411+00:00,175244.7,final,2016-04-01,2016-06-30,1,2026-09-15T16:23:28.567411+00:00
IMPORTS_GOODS_SERVICES_EUROPE,fr:country,2016-Q3,2026-09-15T16:23:28.567411+00:00,180753.6,final,2016-07-01,2016-09-30,1,2026-09-15T16:23:28.567411+00:00
IMPORTS_GOODS_SERVICES_EUROPE,fr:country,2016-Q4,2026-09-15T16:23:28.567411+00:00,182426.1,final,2016-10-01,2016-12-31,1,2026-09-15T16:23:28.567411+00:00
IMPORTS_GOODS_SERVICES_EUROPE,fr:country,2017-Q1,2026-09-15T16:23:28.567411+00:00,184092.4,final,2017-01-01,2017-03-31,1,2026-09-15T16:23:28.567411+00:00
IMPORTS_GOODS_SERVICES_EUROPE,fr:country,2017-Q2,2026-09-15T16:23:28.567411+00:00,185688.1,final,2017-04-01,2017-06-30,1,2026-09-15T16:23:28.567411+00:00
IMPORTS_GOODS_SERVICES_EUROPE,fr:country,2017-Q3,2026-09-15T16:23:28.567411+00:00,190230.8,final,2017-07-01,2017-09-30,1,2026-09-15T16:23:28.567411+00:00
IMPORTS_GOODS_SERVICES_EUROPE,fr:country,2017-Q4,2026-09-15T16:23:28.567411+00:00,191562.1,final,2017-10-01,2017-12-31,1,2026-09-15T16:23:28.567411+00:00
IMPORTS_GOODS_SERVICES_EUROPE,fr:country,2018-Q1,2026-09-15T16:23:28.567411+00:00,192634.2,final,2018-01-01,2018-03-31,1,2026-09-15T16:23:28.567411+00:00
IMPORTS_GOODS_SERVICES_EUROPE,fr:country,2018-Q2,2026-09-15T16:23:28.567411+00:00,194492.3,final,2018-04-01,2018-06-30,1,2026-09-15T16:23:28.567411+00:00
IMPORTS_GOODS_SERVICES_EUROPE,fr:country,2018-Q3,2026-09-15T16:23:28.567411+00:00,193332.6,final,2018-07-01,2018-09-30,1,2026-09-15T16:23:28.567411+00:00
IMPORTS_GOODS_SERVICES_EUROPE,fr:country,2018-Q4,2026-09-15T16:23:28.567411+00:00,193731.7,final,2018-10-01,2018-12-31,1,2026-09-15T16:23:28.567411+00:00
IMPORTS_GOODS_SERVICES_EUROPE,fr:country,2019-Q1,2026-09-15T16:23:28.567411+00:00,198625.9,final,2019-01-01,2019-03-31,1,2026-09-15T16:23:28.567411+00:00
IMPORTS_GOODS_SERVICES_EUROPE,fr:country,2019-Q2,2026-09-15T16:23:28.567411+00:00,199107.4,final,2019-04-01,2019-06-30,1,2026-09-15T16:23:28.567411+00:00
IMPORTS_GOODS_SERVICES_EUROPE,fr:country,2019-Q3,2026-09-15T16:23:28.567411+00:00,198028.9,final,2019-07-01,2019-09-30,1,2026-09-15T16:23:28.567411+00:00
IMPORTS_GOODS_SERVICES_EUROPE,fr:country,2019-Q4,2026-09-15T16:23:28.567411+00:00,194641.3,final,2019-10-01,2019-12-31,1,2026-09-15T16:23:28.567411+00:00
IMPORTS_GOODS_SERVICES_EUROPE,fr:country,2020-Q1,2026-09-15T16:23:28.567411+00:00,183373.4,final,2020-01-01,2020-03-31,1,2026-09-15T16:23:28.567411+00:00
IMPORTS_GOODS_SERVICES_EUROPE,fr:country,2020-Q2,2026-09-15T16:23:28.567411+00:00,152521.4,final,2020-04-01,2020-06-30,1,2026-09-15T16:23:28.567411+00:00
IMPORTS_GOODS_SERVICES_EUROPE,fr:country,2020-Q3,2026-09-15T16:23:28.567411+00:00,176668.4,final,2020-07-01,2020-09-30,1,2026-09-15T16:23:28.567411+00:00
IMPORTS_GOODS_SERVICES_EUROPE,fr:country,2020-Q4,2026-09-15T16:23:28.567411+00:00,178476.5,final,2020-10-01,2020-12-31,1,2026-09-15T16:23:28.567411+00:00
IMPORTS_GOODS_SERVICES_EUROPE,fr:country,2021-Q1,2026-09-15T16:23:28.567411+00:00,181771.5,final,2021-01-01,2021-03-31,1,2026-09-15T16:23:28.567411+00:00
IMPORTS_GOODS_SERVICES_EUROPE,fr:country,2021-Q2,2026-09-15T16:23:28.567411+00:00,184768.8,final,2021-04-01,2021-06-30,1,2026-09-15T16:23:28.567411+00:00
IMPORTS_GOODS_SERVICES_EUROPE,fr:country,2021-Q3,2026-09-15T16:23:28.567411+00:00,185748.1,final,2021-07-01,2021-09-30,1,2026-09-15T16:23:28.567411+00:00
IMPORTS_GOODS_SERVICES_EUROPE,fr:country,2021-Q4,2026-09-15T16:23:28.567411+00:00,194295.5,final,2021-10-01,2021-12-31,1,2026-09-15T16:23:28.567411+00:00
IMPORTS_GOODS_SERVICES_EUROPE,fr:country,2022-Q1,2026-09-15T16:23:28.567411+00:00,198864.5,final,2022-01-01,2022-03-31,1,2026-09-15T16:23:28.567411+00:00
IMPORTS_GOODS_SERVICES_EUROPE,fr:country,2022-Q2,2026-09-15T16:23:28.567411+00:00,199838.8,final,2022-04-01,2022-06-30,1,2026-09-15T16:23:28.567411+00:00
IMPORTS_GOODS_SERVICES_EUROPE,fr:country,2022-Q3,2026-09-15T16:23:28.567411+00:00,208586.5,final,2022-07-01,2022-09-30,1,2026-09-15T16:23:28.567411+00:00
IMPORTS_GOODS_SERVICES_EUROPE,fr:country,2022-Q4,2026-09-15T16:23:28.567411+00:00,208543.8,final,2022-10-01,2022-12-31,1,2026-09-15T16:23:28.567411+00:00
IMPORTS_GOODS_SERVICES_EUROPE,fr:country,2023-Q1,2026-09-15T16:23:28.567411+00:00,202754.2,final,2023-01-01,2023-03-31,1,2026-09-15T16:23:28.567411+00:00
IMPORTS_GOODS_SERVICES_EUROPE,fr:country,2023-Q2,2026-09-15T16:23:28.567411+00:00,206377.4,final,2023-04-01,2023-06-30,1,2026-09-15T16:23:28.567411+00:00
IMPORTS_GOODS_SERVICES_EUROPE,fr:country,2023-Q3,2026-09-15T16:23:28.567411+00:00,205581.2,final,2023-07-01,2023-09-30,1,2026-09-15T16:23:28.567411+00:00
IMPORTS_GOODS_SERVICES_EUROPE,fr:country,2023-Q4,2026-09-15T16:23:28.567411+00:00,202123.6,final,2023-10-01,2023-12-31,1,2026-09-15T16:23:28.567411+00:00
IMPORTS_GOODS_SERVICES_EUROPE,fr:country,2024-Q1,2026-09-15T16:23:28.567411+00:00,201098.1,final,2024-01-01,2024-03-31,1,2026-09-15T16:23:28.567411+00:00
IMPORTS_GOODS_SERVICES_EUROPE,fr:country,2024-Q2,2026-09-15T16:23:28.567411+00:00,202085.1,final,2024-04-01,2024-06-30,1,2026-09-15T16:23:28.567411+00:00
IMPORTS_GOODS_SERVICES_EUROPE,fr:country,2024-Q3,2026-09-15T16:23:28.567411+00:00,202792.1,final,2024-07-01,2024-09-30,1,2026-09-15T16:23:28.567411+00:00
IMPORTS_GOODS_SERVICES_EUROPE,fr:country,2024-Q4,2026-09-15T16:23:28.567411+00:00,204941.8,final,2024-10-01,2024-12-31,1,2026-09-15T16:23:28.567411+00:00
IMPORTS_GOODS_SERVICES_EUROPE,fr:country,2025-Q1,2026-09-15T16:23:28.567411+00:00,206361.3,final,2025-01-01,2025-03-31,1,2026-09-15T16:23:28.567411+00:00
IMPORTS_GOODS_SERVICES_EUROPE,fr:country,2025-Q2,2026-09-15T16:23:28.567411+00:00,208541.8,final,2025-04-01,2025-06-30,1,2026-09-15T16:23:28.567411+00:00
IMPORTS_GOODS_SERVICES_EUROPE,fr:country,2025-Q3,2026-09-15T16:23:28.567411+00:00,210569.2,final,2025-07-01,2025-09-30,1,2026-09-15T16:23:28.567411+00:00
IMPORTS_GOODS_SERVICES_EUROPE,fr:country,2025-Q4,2026-09-15T16:23:28.567411+00:00,209421.4,final,2025-10-01,2025-12-31,1,2026-09-15T16:23:28.567411+00:00
IMPORTS_GOODS_SERVICES_EUROPE,fr:country,2026-Q1,2026-09-15T16:23:28.567411+00:00,208238.5,final,2026-01-01,2026-03-31,1,2026-09-15T16:23:28.567411+00:00
IMPORTS_GOODS_SERVICES_EUROPE,fr:country,2026-Q2,2026-09-15T16:23:28.567411+00:00,210552.6,final,2026-04-01,2026-06-30,1,2026-09-15T16:23:28.567411+00:00
IMPORTS_GOODS_SERVICES_EUROPE,hr:country,2008-Q1,2026-09-15T16:23:28.567411+00:00,5595.5,final,2008-01-01,2008-03-31,1,2026-09-15T16:23:28.567411+00:00
IMPORTS_GOODS_SERVICES_EUROPE,hr:country,2008-Q2,2026-09-15T16:23:28.567411+00:00,5854.2,final,2008-04-01,2008-06-30,1,2026-09-15T16:23:28.567411+00:00
IMPORTS_GOODS_SERVICES_EUROPE,hr:country,2008-Q3,2026-09-15T16:23:28.567411+00:00,5573.6,final,2008-07-01,2008-09-30,1,2026-09-15T16:23:28.567411+00:00
IMPORTS_GOODS_SERVICES_EUROPE,hr:country,2008-Q4,2026-09-15T16:23:28.567411+00:00,5085.6,final,2008-10-01,2008-12-31,1,2026-09-15T16:23:28.567411+00:00
IMPORTS_GOODS_SERVICES_EUROPE,hr:country,2009-Q1,2026-09-15T16:23:28.567411+00:00,4537.2,final,2009-01-01,2009-03-31,1,2026-09-15T16:23:28.567411+00:00
IMPORTS_GOODS_SERVICES_EUROPE,hr:country,2009-Q2,2026-09-15T16:23:28.567411+00:00,4482.5,final,2009-04-01,2009-06-30,1,2026-09-15T16:23:28.567411+00:00
IMPORTS_GOODS_SERVICES_EUROPE,hr:country,2009-Q3,2026-09-15T16:23:28.567411+00:00,4318.9,final,2009-07-01,2009-09-30,1,2026-09-15T16:23:28.567411+00:00
IMPORTS_GOODS_SERVICES_EUROPE,hr:country,2009-Q4,2026-09-15T16:23:28.567411+00:00,4278.1,final,2009-10-01,2009-12-31,1,2026-09-15T16:23:28.567411+00:00
IMPORTS_GOODS_SERVICES_EUROPE,hr:country,2010-Q1,2026-09-15T16:23:28.567411+00:00,4198.7,final,2010-01-01,2010-03-31,1,2026-09-15T16:23:28.567411+00:00
IMPORTS_GOODS_SERVICES_EUROPE,hr:country,2010-Q2,2026-09-15T16:23:28.567411+00:00,4130.6,final,2010-04-01,2010-06-30,1,2026-09-15T16:23:28.567411+00:00
IMPORTS_GOODS_SERVICES_EUROPE,hr:country,2010-Q3,2026-09-15T16:23:28.567411+00:00,4320.0,final,2010-07-01,2010-09-30,1,2026-09-15T16:23:28.567411+00:00
IMPORTS_GOODS_SERVICES_EUROPE,hr:country,2010-Q4,2026-09-15T16:23:28.567411+00:00,4429.7,final,2010-10-01,2010-12-31,1,2026-09-15T16:23:28.567411+00:00
IMPORTS_GOODS_SERVICES_EUROPE,hr:country,2011-Q1,2026-09-15T16:23:28.567411+00:00,4423.1,final,2011-01-01,2011-03-31,1,2026-09-15T16:23:28.567411+00:00
IMPORTS_GOODS_SERVICES_EUROPE,hr:country,2011-Q2,2026-09-15T16:23:28.567411+00:00,4360.4,final,2011-04-01,2011-06-30,1,2026-09-15T16:23:28.567411+00:00
IMPORTS_GOODS_SERVICES_EUROPE,hr:country,2011-Q3,2026-09-15T16:23:28.567411+00:00,4402.4,final,2011-07-01,2011-09-30,1,2026-09-15T16:23:28.567411+00:00
IMPORTS_GOODS_SERVICES_EUROPE,hr:country,2011-Q4,2026-09-15T16:23:28.567411+00:00,4333.8,final,2011-10-01,2011-12-31,1,2026-09-15T16:23:28.567411+00:00
IMPORTS_GOODS_SERVICES_EUROPE,hr:country,2012-Q1,2026-09-15T16:23:28.567411+00:00,4389.8,final,2012-01-01,2012-03-31,1,2026-09-15T16:23:28.567411+00:00
IMPORTS_GOODS_SERVICES_EUROPE,hr:country,2012-Q2,2026-09-15T16:23:28.567411+00:00,4245.1,final,2012-04-01,2012-06-30,1,2026-09-15T16:23:28.567411+00:00
IMPORTS_GOODS_SERVICES_EUROPE,hr:country,2012-Q3,2026-09-15T16:23:28.567411+00:00,4247.8,final,2012-07-01,2012-09-30,1,2026-09-15T16:23:28.567411+00:00
IMPORTS_GOODS_SERVICES_EUROPE,hr:country,2012-Q4,2026-09-15T16:23:28.567411+00:00,4232.7,final,2012-10-01,2012-12-31,1,2026-09-15T16:23:28.567411+00:00
IMPORTS_GOODS_SERVICES_EUROPE,hr:country,2013-Q1,2026-09-15T16:23:28.567411+00:00,4181.9,final,2013-01-01,2013-03-31,1,2026-09-15T16:23:28.567411+00:00
IMPORTS_GOODS_SERVICES_EUROPE,hr:country,2013-Q2,2026-09-15T16:23:28.567411+00:00,4463.2,final,2013-04-01,2013-06-30,1,2026-09-15T16:23:28.567411+00:00
IMPORTS_GOODS_SERVICES_EUROPE,hr:country,2013-Q3,2026-09-15T16:23:28.567411+00:00,4477.4,final,2013-07-01,2013-09-30,1,2026-09-15T16:23:28.567411+00:00
IMPORTS_GOODS_SERVICES_EUROPE,hr:country,2013-Q4,2026-09-15T16:23:28.567411+00:00,4531.0,final,2013-10-01,2013-12-31,1,2026-09-15T16:23:28.567411+00:00
IMPORTS_GOODS_SERVICES_EUROPE,hr:country,2014-Q1,2026-09-15T16:23:28.567411+00:00,4465.9,final,2014-01-01,2014-03-31,1,2026-09-15T16:23:28.567411+00:00
IMPORTS_GOODS_SERVICES_EUROPE,hr:country,2014-Q2,2026-09-15T16:23:28.567411+00:00,4599.2,final,2014-04-01,2014-06-30,1,2026-09-15T16:23:28.567411+00:00
IMPORTS_GOODS_SERVICES_EUROPE,hr:country,2014-Q3,2026-09-15T16:23:28.567411+00:00,4664.1,final,2014-07-01,2014-09-30,1,2026-09-15T16:23:28.567411+00:00
IMPORTS_GOODS_SERVICES_EUROPE,hr:country,2014-Q4,2026-09-15T16:23:28.567411+00:00,4539.6,final,2014-10-01,2014-12-31,1,2026-09-15T16:23:28.567411+00:00
IMPORTS_GOODS_SERVICES_EUROPE,hr:country,2015-Q1,2026-09-15T16:23:28.567411+00:00,4861.5,final,2015-01-01,2015-03-31,1,2026-09-15T16:23:28.567411+00:00
IMPORTS_GOODS_SERVICES_EUROPE,hr:country,2015-Q2,2026-09-15T16:23:28.567411+00:00,4915.9,final,2015-04-01,2015-06-30,1,2026-09-15T16:23:28.567411+00:00
IMPORTS_GOODS_SERVICES_EUROPE,hr:country,2015-Q3,2026-09-15T16:23:28.567411+00:00,5043.4,final,2015-07-01,2015-09-30,1,2026-09-15T16:23:28.567411+00:00
IMPORTS_GOODS_SERVICES_EUROPE,hr:country,2015-Q4,2026-09-15T16:23:28.567411+00:00,5153.6,final,2015-10-01,2015-12-31,1,2026-09-15T16:23:28.567411+00:00
IMPORTS_GOODS_SERVICES_EUROPE,hr:country,2016-Q1,2026-09-15T16:23:28.567411+00:00,5112.7,final,2016-01-01,2016-03-31,1,2026-09-15T16:23:28.567411+00:00
IMPORTS_GOODS_SERVICES_EUROPE,hr:country,2016-Q2,2026-09-15T16:23:28.567411+00:00,5333.8,final,2016-04-01,2016-06-30,1,2026-09-15T16:23:28.567411+00:00
IMPORTS_GOODS_SERVICES_EUROPE,hr:country,2016-Q3,2026-09-15T16:23:28.567411+00:00,5350.6,final,2016-07-01,2016-09-30,1,2026-09-15T16:23:28.567411+00:00
IMPORTS_GOODS_SERVICES_EUROPE,hr:country,2016-Q4,2026-09-15T16:23:28.567411+00:00,5466.1,final,2016-10-01,2016-12-31,1,2026-09-15T16:23:28.567411+00:00
IMPORTS_GOODS_SERVICES_EUROPE,hr:country,2017-Q1,2026-09-15T16:23:28.567411+00:00,5681.8,final,2017-01-01,2017-03-31,1,2026-09-15T16:23:28.567411+00:00
IMPORTS_GOODS_SERVICES_EUROPE,hr:country,2017-Q2,2026-09-15T16:23:28.567411+00:00,5681.3,final,2017-04-01,2017-06-30,1,2026-09-15T16:23:28.567411+00:00
IMPORTS_GOODS_SERVICES_EUROPE,hr:country,2017-Q3,2026-09-15T16:23:28.567411+00:00,5826.9,final,2017-07-01,2017-09-30,1,2026-09-15T16:23:28.567411+00:00
IMPORTS_GOODS_SERVICES_EUROPE,hr:country,2017-Q4,2026-09-15T16:23:28.567411+00:00,5889.9,final,2017-10-01,2017-12-31,1,2026-09-15T16:23:28.567411+00:00
IMPORTS_GOODS_SERVICES_EUROPE,hr:country,2018-Q1,2026-09-15T16:23:28.567411+00:00,6076.5,final,2018-01-01,2018-03-31,1,2026-09-15T16:23:28.567411+00:00
IMPORTS_GOODS_SERVICES_EUROPE,hr:country,2018-Q2,2026-09-15T16:23:28.567411+00:00,6074.2,final,2018-04-01,2018-06-30,1,2026-09-15T16:23:28.567411+00:00
IMPORTS_GOODS_SERVICES_EUROPE,hr:country,2018-Q3,2026-09-15T16:23:28.567411+00:00,6228.3,final,2018-07-01,2018-09-30,1,2026-09-15T16:23:28.567411+00:00
IMPORTS_GOODS_SERVICES_EUROPE,hr:country,2018-Q4,2026-09-15T16:23:28.567411+00:00,6405.9,final,2018-10-01,2018-12-31,1,2026-09-15T16:23:28.567411+00:00
IMPORTS_GOODS_SERVICES_EUROPE,hr:country,2019-Q1,2026-09-15T16:23:28.567411+00:00,6631.2,final,2019-01-01,2019-03-31,1,2026-09-15T16:23:28.567411+00:00
IMPORTS_GOODS_SERVICES_EUROPE,hr:country,2019-Q2,2026-09-15T16:23:28.567411+00:00,6643.5,final,2019-04-01,2019-06-30,1,2026-09-15T16:23:28.567411+00:00
IMPORTS_GOODS_SERVICES_EUROPE,hr:country,2019-Q3,2026-09-15T16:23:28.567411+00:00,6576.9,final,2019-07-01,2019-09-30,1,2026-09-15T16:23:28.567411+00:00
IMPORTS_GOODS_SERVICES_EUROPE,hr:country,2019-Q4,2026-09-15T16:23:28.567411+00:00,6579.8,final,2019-10-01,2019-12-31,1,2026-09-15T16:23:28.567411+00:00
IMPORTS_GOODS_SERVICES_EUROPE,hr:country,2020-Q1,2026-09-15T16:23:28.567411+00:00,6344.8,final,2020-01-01,2020-03-31,1,2026-09-15T16:23:28.567411+00:00
IMPORTS_GOODS_SERVICES_EUROPE,hr:country,2020-Q2,2026-09-15T16:23:28.567411+00:00,4905.0,final,2020-04-01,2020-06-30,1,2026-09-15T16:23:28.567411+00:00
IMPORTS_GOODS_SERVICES_EUROPE,hr:country,2020-Q3,2026-09-15T16:23:28.567411+00:00,5789.4,final,2020-07-01,2020-09-30,1,2026-09-15T16:23:28.567411+00:00
IMPORTS_GOODS_SERVICES_EUROPE,hr:country,2020-Q4,2026-09-15T16:23:28.567411+00:00,6189.7,final,2020-10-01,2020-12-31,1,2026-09-15T16:23:28.567411+00:00
IMPORTS_GOODS_SERVICES_EUROPE,hr:country,2021-Q1,2026-09-15T16:23:28.567411+00:00,6282.1,final,2021-01-01,2021-03-31,1,2026-09-15T16:23:28.567411+00:00
IMPORTS_GOODS_SERVICES_EUROPE,hr:country,2021-Q2,2026-09-15T16:23:28.567411+00:00,6520.1,final,2021-04-01,2021-06-30,1,2026-09-15T16:23:28.567411+00:00
IMPORTS_GOODS_SERVICES_EUROPE,hr:country,2021-Q3,2026-09-15T16:23:28.567411+00:00,6957.9,final,2021-07-01,2021-09-30,1,2026-09-15T16:23:28.567411+00:00
IMPORTS_GOODS_SERVICES_EUROPE,hr:country,2021-Q4,2026-09-15T16:23:28.567411+00:00,7414.0,final,2021-10-01,2021-12-31,1,2026-09-15T16:23:28.567411+00:00
IMPORTS_GOODS_SERVICES_EUROPE,hr:country,2022-Q1,2026-09-15T16:23:28.567411+00:00,8156.8,final,2022-01-01,2022-03-31,1,2026-09-15T16:23:28.567411+00:00
IMPORTS_GOODS_SERVICES_EUROPE,hr:country,2022-Q2,2026-09-15T16:23:28.567411+00:00,8350.6,final,2022-04-01,2022-06-30,1,2026-09-15T16:23:28.567411+00:00
IMPORTS_GOODS_SERVICES_EUROPE,hr:country,2022-Q3,2026-09-15T16:23:28.567411+00:00,9209.3,final,2022-07-01,2022-09-30,1,2026-09-15T16:23:28.567411+00:00
IMPORTS_GOODS_SERVICES_EUROPE,hr:country,2022-Q4,2026-09-15T16:23:28.567411+00:00,8744.9,final,2022-10-01,2022-12-31,1,2026-09-15T16:23:28.567411+00:00
IMPORTS_GOODS_SERVICES_EUROPE,hr:country,2023-Q1,2026-09-15T16:23:28.567411+00:00,8252.6,final,2023-01-01,2023-03-31,1,2026-09-15T16:23:28.567411+00:00
IMPORTS_GOODS_SERVICES_EUROPE,hr:country,2023-Q2,2026-09-15T16:23:28.567411+00:00,8252.7,final,2023-04-01,2023-06-30,1,2026-09-15T16:23:28.567411+00:00
IMPORTS_GOODS_SERVICES_EUROPE,hr:country,2023-Q3,2026-09-15T16:23:28.567411+00:00,8211.3,final,2023-07-01,2023-09-30,1,2026-09-15T16:23:28.567411+00:00
IMPORTS_GOODS_SERVICES_EUROPE,hr:country,2023-Q4,2026-09-15T16:23:28.567411+00:00,8312.7,final,2023-10-01,2023-12-31,1,2026-09-15T16:23:28.567411+00:00
IMPORTS_GOODS_SERVICES_EUROPE,hr:country,2024-Q1,2026-09-15T16:23:28.567411+00:00,8652.3,provisional,2024-01-01,2024-03-31,1,2026-09-15T16:23:28.567411+00:00
IMPORTS_GOODS_SERVICES_EUROPE,hr:country,2024-Q2,2026-09-15T16:23:28.567411+00:00,8987.3,provisional,2024-04-01,2024-06-30,1,2026-09-15T16:23:28.567411+00:00
IMPORTS_GOODS_SERVICES_EUROPE,hr:country,2024-Q3,2026-09-15T16:23:28.567411+00:00,8887.8,provisional,2024-07-01,2024-09-30,1,2026-09-15T16:23:28.567411+00:00
IMPORTS_GOODS_SERVICES_EUROPE,hr:country,2024-Q4,2026-09-15T16:23:28.567411+00:00,9261.8,provisional,2024-10-01,2024-12-31,1,2026-09-15T16:23:28.567411+00:00
IMPORTS_GOODS_SERVICES_EUROPE,hr:country,2025-Q1,2026-09-15T16:23:28.567411+00:00,9385.0,provisional,2025-01-01,2025-03-31,1,2026-09-15T16:23:28.567411+00:00
IMPORTS_GOODS_SERVICES_EUROPE,hr:country,2025-Q2,2026-09-15T16:23:28.567411+00:00,9013.9,provisional,2025-04-01,2025-06-30,1,2026-09-15T16:23:28.567411+00:00
IMPORTS_GOODS_SERVICES_EUROPE,hr:country,2025-Q3,2026-09-15T16:23:28.567411+00:00,9121.4,provisional,2025-07-01,2025-09-30,1,2026-09-15T16:23:28.567411+00:00
IMPORTS_GOODS_SERVICES_EUROPE,hr:country,2025-Q4,2026-09-15T16:23:28.567411+00:00,9280.5,provisional,2025-10-01,2025-12-31,1,2026-09-15T16:23:28.567411+00:00
IMPORTS_GOODS_SERVICES_EUROPE,hr:country,2026-Q1,2026-09-15T16:23:28.567411+00:00,9335.9,provisional,2026-01-01,2026-03-31,1,2026-09-15T16:23:28.567411+00:00
IMPORTS_GOODS_SERVICES_EUROPE,hr:country,2026-Q2,2026-09-15T16:23:28.567411+00:00,9341.0,provisional,2026-04-01,2026-06-30,1,2026-09-15T16:23:28.567411+00:00
IMPORTS_GOODS_SERVICES_EUROPE,hu:country,2008-Q1,2026-09-15T16:23:28.567411+00:00,21051.7,final,2008-01-01,2008-03-31,1,2026-09-15T16:23:28.567411+00:00
IMPORTS_GOODS_SERVICES_EUROPE,hu:country,2008-Q2,2026-09-15T16:23:28.567411+00:00,20996.9,final,2008-04-01,2008-06-30,1,2026-09-15T16:23:28.567411+00:00
IMPORTS_GOODS_SERVICES_EUROPE,hu:country,2008-Q3,2026-09-15T16:23:28.567411+00:00,20350.2,final,2008-07-01,2008-09-30,1,2026-09-15T16:23:28.567411+00:00
IMPORTS_GOODS_SERVICES_EUROPE,hu:country,2008-Q4,2026-09-15T16:23:28.567411+00:00,18550.1,final,2008-10-01,2008-12-31,1,2026-09-15T16:23:28.567411+00:00
IMPORTS_GOODS_SERVICES_EUROPE,hu:country,2009-Q1,2026-09-15T16:23:28.567411+00:00,16668.6,final,2009-01-01,2009-03-31,1,2026-09-15T16:23:28.567411+00:00
IMPORTS_GOODS_SERVICES_EUROPE,hu:country,2009-Q2,2026-09-15T16:23:28.567411+00:00,16581.0,final,2009-04-01,2009-06-30,1,2026-09-15T16:23:28.567411+00:00
IMPORTS_GOODS_SERVICES_EUROPE,hu:country,2009-Q3,2026-09-15T16:23:28.567411+00:00,17721.3,final,2009-07-01,2009-09-30,1,2026-09-15T16:23:28.567411+00:00
IMPORTS_GOODS_SERVICES_EUROPE,hu:country,2009-Q4,2026-09-15T16:23:28.567411+00:00,18481.1,final,2009-10-01,2009-12-31,1,2026-09-15T16:23:28.567411+00:00
IMPORTS_GOODS_SERVICES_EUROPE,hu:country,2010-Q1,2026-09-15T16:23:28.567411+00:00,18046.9,final,2010-01-01,2010-03-31,1,2026-09-15T16:23:28.567411+00:00
IMPORTS_GOODS_SERVICES_EUROPE,hu:country,2010-Q2,2026-09-15T16:23:28.567411+00:00,18707.8,final,2010-04-01,2010-06-30,1,2026-09-15T16:23:28.567411+00:00
IMPORTS_GOODS_SERVICES_EUROPE,hu:country,2010-Q3,2026-09-15T16:23:28.567411+00:00,19646.6,final,2010-07-01,2010-09-30,1,2026-09-15T16:23:28.567411+00:00
IMPORTS_GOODS_SERVICES_EUROPE,hu:country,2010-Q4,2026-09-15T16:23:28.567411+00:00,19849.3,final,2010-10-01,2010-12-31,1,2026-09-15T16:23:28.567411+00:00
IMPORTS_GOODS_SERVICES_EUROPE,hu:country,2011-Q1,2026-09-15T16:23:28.567411+00:00,20087.2,final,2011-01-01,2011-03-31,1,2026-09-15T16:23:28.567411+00:00
IMPORTS_GOODS_SERVICES_EUROPE,hu:country,2011-Q2,2026-09-15T16:23:28.567411+00:00,19627.6,final,2011-04-01,2011-06-30,1,2026-09-15T16:23:28.567411+00:00
IMPORTS_GOODS_SERVICES_EUROPE,hu:country,2011-Q3,2026-09-15T16:23:28.567411+00:00,19860.3,final,2011-07-01,2011-09-30,1,2026-09-15T16:23:28.567411+00:00
IMPORTS_GOODS_SERVICES_EUROPE,hu:country,2011-Q4,2026-09-15T16:23:28.567411+00:00,19778.8,final,2011-10-01,2011-12-31,1,2026-09-15T16:23:28.567411+00:00
IMPORTS_GOODS_SERVICES_EUROPE,hu:country,2012-Q1,2026-09-15T16:23:28.567411+00:00,19674.9,final,2012-01-01,2012-03-31,1,2026-09-15T16:23:28.567411+00:00
IMPORTS_GOODS_SERVICES_EUROPE,hu:country,2012-Q2,2026-09-15T16:23:28.567411+00:00,19045.4,final,2012-04-01,2012-06-30,1,2026-09-15T16:23:28.567411+00:00
IMPORTS_GOODS_SERVICES_EUROPE,hu:country,2012-Q3,2026-09-15T16:23:28.567411+00:00,19144.4,final,2012-07-01,2012-09-30,1,2026-09-15T16:23:28.567411+00:00
IMPORTS_GOODS_SERVICES_EUROPE,hu:country,2012-Q4,2026-09-15T16:23:28.567411+00:00,19035.0,final,2012-10-01,2012-12-31,1,2026-09-15T16:23:28.567411+00:00
IMPORTS_GOODS_SERVICES_EUROPE,hu:country,2013-Q1,2026-09-15T16:23:28.567411+00:00,19317.3,final,2013-01-01,2013-03-31,1,2026-09-15T16:23:28.567411+00:00
IMPORTS_GOODS_SERVICES_EUROPE,hu:country,2013-Q2,2026-09-15T16:23:28.567411+00:00,19994.9,final,2013-04-01,2013-06-30,1,2026-09-15T16:23:28.567411+00:00
IMPORTS_GOODS_SERVICES_EUROPE,hu:country,2013-Q3,2026-09-15T16:23:28.567411+00:00,20020.3,final,2013-07-01,2013-09-30,1,2026-09-15T16:23:28.567411+00:00
IMPORTS_GOODS_SERVICES_EUROPE,hu:country,2013-Q4,2026-09-15T16:23:28.567411+00:00,20760.0,final,2013-10-01,2013-12-31,1,2026-09-15T16:23:28.567411+00:00
IMPORTS_GOODS_SERVICES_EUROPE,hu:country,2014-Q1,2026-09-15T16:23:28.567411+00:00,21467.8,final,2014-01-01,2014-03-31,1,2026-09-15T16:23:28.567411+00:00
IMPORTS_GOODS_SERVICES_EUROPE,hu:country,2014-Q2,2026-09-15T16:23:28.567411+00:00,22376.7,final,2014-04-01,2014-06-30,1,2026-09-15T16:23:28.567411+00:00
IMPORTS_GOODS_SERVICES_EUROPE,hu:country,2014-Q3,2026-09-15T16:23:28.567411+00:00,22410.4,final,2014-07-01,2014-09-30,1,2026-09-15T16:23:28.567411+00:00
IMPORTS_GOODS_SERVICES_EUROPE,hu:country,2014-Q4,2026-09-15T16:23:28.567411+00:00,22558.4,final,2014-10-01,2014-12-31,1,2026-09-15T16:23:28.567411+00:00
IMPORTS_GOODS_SERVICES_EUROPE,hu:country,2015-Q1,2026-09-15T16:23:28.567411+00:00,22508.1,final,2015-01-01,2015-03-31,1,2026-09-15T16:23:28.567411+00:00
IMPORTS_GOODS_SERVICES_EUROPE,hu:country,2015-Q2,2026-09-15T16:23:28.567411+00:00,23345.5,final,2015-04-01,2015-06-30,1,2026-09-15T16:23:28.567411+00:00
IMPORTS_GOODS_SERVICES_EUROPE,hu:country,2015-Q3,2026-09-15T16:23:28.567411+00:00,23729.4,final,2015-07-01,2015-09-30,1,2026-09-15T16:23:28.567411+00:00
IMPORTS_GOODS_SERVICES_EUROPE,hu:country,2015-Q4,2026-09-15T16:23:28.567411+00:00,24267.1,final,2015-10-01,2015-12-31,1,2026-09-15T16:23:28.567411+00:00
IMPORTS_GOODS_SERVICES_EUROPE,hu:country,2016-Q1,2026-09-15T16:23:28.567411+00:00,23622.1,final,2016-01-01,2016-03-31,1,2026-09-15T16:23:28.567411+00:00
IMPORTS_GOODS_SERVICES_EUROPE,hu:country,2016-Q2,2026-09-15T16:23:28.567411+00:00,24576.0,final,2016-04-01,2016-06-30,1,2026-09-15T16:23:28.567411+00:00
IMPORTS_GOODS_SERVICES_EUROPE,hu:country,2016-Q3,2026-09-15T16:23:28.567411+00:00,24451.0,final,2016-07-01,2016-09-30,1,2026-09-15T16:23:28.567411+00:00
IMPORTS_GOODS_SERVICES_EUROPE,hu:country,2016-Q4,2026-09-15T16:23:28.567411+00:00,24435.3,final,2016-10-01,2016-12-31,1,2026-09-15T16:23:28.567411+00:00
IMPORTS_GOODS_SERVICES_EUROPE,hu:country,2017-Q1,2026-09-15T16:23:28.567411+00:00,26177.6,final,2017-01-01,2017-03-31,1,2026-09-15T16:23:28.567411+00:00
IMPORTS_GOODS_SERVICES_EUROPE,hu:country,2017-Q2,2026-09-15T16:23:28.567411+00:00,26029.5,final,2017-04-01,2017-06-30,1,2026-09-15T16:23:28.567411+00:00
IMPORTS_GOODS_SERVICES_EUROPE,hu:country,2017-Q3,2026-09-15T16:23:28.567411+00:00,26474.9,final,2017-07-01,2017-09-30,1,2026-09-15T16:23:28.567411+00:00
IMPORTS_GOODS_SERVICES_EUROPE,hu:country,2017-Q4,2026-09-15T16:23:28.567411+00:00,26575.9,final,2017-10-01,2017-12-31,1,2026-09-15T16:23:28.567411+00:00
IMPORTS_GOODS_SERVICES_EUROPE,hu:country,2018-Q1,2026-09-15T16:23:28.567411+00:00,27447.9,final,2018-01-01,2018-03-31,1,2026-09-15T16:23:28.567411+00:00
IMPORTS_GOODS_SERVICES_EUROPE,hu:country,2018-Q2,2026-09-15T16:23:28.567411+00:00,28385.4,final,2018-04-01,2018-06-30,1,2026-09-15T16:23:28.567411+00:00
IMPORTS_GOODS_SERVICES_EUROPE,hu:country,2018-Q3,2026-09-15T16:23:28.567411+00:00,28126.4,final,2018-07-01,2018-09-30,1,2026-09-15T16:23:28.567411+00:00
IMPORTS_GOODS_SERVICES_EUROPE,hu:country,2018-Q4,2026-09-15T16:23:28.567411+00:00,28649.1,final,2018-10-01,2018-12-31,1,2026-09-15T16:23:28.567411+00:00
IMPORTS_GOODS_SERVICES_EUROPE,hu:country,2019-Q1,2026-09-15T16:23:28.567411+00:00,29726.8,final,2019-01-01,2019-03-31,1,2026-09-15T16:23:28.567411+00:00
IMPORTS_GOODS_SERVICES_EUROPE,hu:country,2019-Q2,2026-09-15T16:23:28.567411+00:00,30019.9,final,2019-04-01,2019-06-30,1,2026-09-15T16:23:28.567411+00:00
IMPORTS_GOODS_SERVICES_EUROPE,hu:country,2019-Q3,2026-09-15T16:23:28.567411+00:00,31335.8,final,2019-07-01,2019-09-30,1,2026-09-15T16:23:28.567411+00:00
IMPORTS_GOODS_SERVICES_EUROPE,hu:country,2019-Q4,2026-09-15T16:23:28.567411+00:00,30744.8,final,2019-10-01,2019-12-31,1,2026-09-15T16:23:28.567411+00:00
IMPORTS_GOODS_SERVICES_EUROPE,hu:country,2020-Q1,2026-09-15T16:23:28.567411+00:00,30635.8,final,2020-01-01,2020-03-31,1,2026-09-15T16:23:28.567411+00:00
IMPORTS_GOODS_SERVICES_EUROPE,hu:country,2020-Q2,2026-09-15T16:23:28.567411+00:00,25264.1,final,2020-04-01,2020-06-30,1,2026-09-15T16:23:28.567411+00:00
IMPORTS_GOODS_SERVICES_EUROPE,hu:country,2020-Q3,2026-09-15T16:23:28.567411+00:00,29927.2,final,2020-07-01,2020-09-30,1,2026-09-15T16:23:28.567411+00:00
IMPORTS_GOODS_SERVICES_EUROPE,hu:country,2020-Q4,2026-09-15T16:23:28.567411+00:00,31609.8,final,2020-10-01,2020-12-31,1,2026-09-15T16:23:28.567411+00:00
IMPORTS_GOODS_SERVICES_EUROPE,hu:country,2021-Q1,2026-09-15T16:23:28.567411+00:00,31123.5,final,2021-01-01,2021-03-31,1,2026-09-15T16:23:28.567411+00:00
IMPORTS_GOODS_SERVICES_EUROPE,hu:country,2021-Q2,2026-09-15T16:23:28.567411+00:00,31776.8,final,2021-04-01,2021-06-30,1,2026-09-15T16:23:28.567411+00:00
IMPORTS_GOODS_SERVICES_EUROPE,hu:country,2021-Q3,2026-09-15T16:23:28.567411+00:00,31540.4,final,2021-07-01,2021-09-30,1,2026-09-15T16:23:28.567411+00:00
IMPORTS_GOODS_SERVICES_EUROPE,hu:country,2021-Q4,2026-09-15T16:23:28.567411+00:00,32049.7,final,2021-10-01,2021-12-31,1,2026-09-15T16:23:28.567411+00:00
IMPORTS_GOODS_SERVICES_EUROPE,hu:country,2022-Q1,2026-09-15T16:23:28.567411+00:00,34380.0,final,2022-01-01,2022-03-31,1,2026-09-15T16:23:28.567411+00:00
IMPORTS_GOODS_SERVICES_EUROPE,hu:country,2022-Q2,2026-09-15T16:23:28.567411+00:00,34825.2,final,2022-04-01,2022-06-30,1,2026-09-15T16:23:28.567411+00:00
IMPORTS_GOODS_SERVICES_EUROPE,hu:country,2022-Q3,2026-09-15T16:23:28.567411+00:00,35430.9,final,2022-07-01,2022-09-30,1,2026-09-15T16:23:28.567411+00:00
IMPORTS_GOODS_SERVICES_EUROPE,hu:country,2022-Q4,2026-09-15T16:23:28.567411+00:00,35568.9,final,2022-10-01,2022-12-31,1,2026-09-15T16:23:28.567411+00:00
IMPORTS_GOODS_SERVICES_EUROPE,hu:country,2023-Q1,2026-09-15T16:23:28.567411+00:00,34472.6,final,2023-01-01,2023-03-31,1,2026-09-15T16:23:28.567411+00:00
IMPORTS_GOODS_SERVICES_EUROPE,hu:country,2023-Q2,2026-09-15T16:23:28.567411+00:00,33464.9,final,2023-04-01,2023-06-30,1,2026-09-15T16:23:28.567411+00:00
IMPORTS_GOODS_SERVICES_EUROPE,hu:country,2023-Q3,2026-09-15T16:23:28.567411+00:00,33792.0,final,2023-07-01,2023-09-30,1,2026-09-15T16:23:28.567411+00:00
IMPORTS_GOODS_SERVICES_EUROPE,hu:country,2023-Q4,2026-09-15T16:23:28.567411+00:00,33736.4,final,2023-10-01,2023-12-31,1,2026-09-15T16:23:28.567411+00:00
IMPORTS_GOODS_SERVICES_EUROPE,hu:country,2024-Q1,2026-09-15T16:23:28.567411+00:00,33161.3,final,2024-01-01,2024-03-31,1,2026-09-15T16:23:28.567411+00:00
IMPORTS_GOODS_SERVICES_EUROPE,hu:country,2024-Q2,2026-09-15T16:23:28.567411+00:00,33275.5,final,2024-04-01,2024-06-30,1,2026-09-15T16:23:28.567411+00:00
IMPORTS_GOODS_SERVICES_EUROPE,hu:country,2024-Q3,2026-09-15T16:23:28.567411+00:00,33665.7,final,2024-07-01,2024-09-30,1,2026-09-15T16:23:28.567411+00:00
IMPORTS_GOODS_SERVICES_EUROPE,hu:country,2024-Q4,2026-09-15T16:23:28.567411+00:00,33471.6,final,2024-10-01,2024-12-31,1,2026-09-15T16:23:28.567411+00:00
IMPORTS_GOODS_SERVICES_EUROPE,hu:country,2025-Q1,2026-09-15T16:23:28.567411+00:00,33531.1,provisional,2025-01-01,2025-03-31,1,2026-09-15T16:23:28.567411+00:00
IMPORTS_GOODS_SERVICES_EUROPE,hu:country,2025-Q2,2026-09-15T16:23:28.567411+00:00,33417.5,provisional,2025-04-01,2025-06-30,1,2026-09-15T16:23:28.567411+00:00
IMPORTS_GOODS_SERVICES_EUROPE,hu:country,2025-Q3,2026-09-15T16:23:28.567411+00:00,34217.8,provisional,2025-07-01,2025-09-30,1,2026-09-15T16:23:28.567411+00:00
IMPORTS_GOODS_SERVICES_EUROPE,hu:country,2025-Q4,2026-09-15T16:23:28.567411+00:00,34026.2,provisional,2025-10-01,2025-12-31,1,2026-09-15T16:23:28.567411+00:00
IMPORTS_GOODS_SERVICES_EUROPE,hu:country,2026-Q1,2026-09-15T16:23:28.567411+00:00,34919.1,provisional,2026-01-01,2026-03-31,1,2026-09-15T16:23:28.567411+00:00
IMPORTS_GOODS_SERVICES_EUROPE,hu:country,2026-Q2,2026-09-15T16:23:28.567411+00:00,35526.9,provisional,2026-04-01,2026-06-30,1,2026-09-15T16:23:28.567411+00:00
IMPORTS_GOODS_SERVICES_EUROPE,ie:country,2008-Q1,2026-09-15T16:23:28.567411+00:00,37785.5,final,2008-01-01,2008-03-31,1,2026-09-15T16:23:28.567411+00:00
IMPORTS_GOODS_SERVICES_EUROPE,ie:country,2008-Q2,2026-09-15T16:23:28.567411+00:00,36538.4,final,2008-04-01,2008-06-30,1,2026-09-15T16:23:28.567411+00:00
IMPORTS_GOODS_SERVICES_EUROPE,ie:country,2008-Q3,2026-09-15T16:23:28.567411+00:00,35847.3,final,2008-07-01,2008-09-30,1,2026-09-15T16:23:28.567411+00:00
IMPORTS_GOODS_SERVICES_EUROPE,ie:country,2008-Q4,2026-09-15T16:23:28.567411+00:00,36139.5,final,2008-10-01,2008-12-31,1,2026-09-15T16:23:28.567411+00:00
IMPORTS_GOODS_SERVICES_EUROPE,ie:country,2009-Q1,2026-09-15T16:23:28.567411+00:00,37378.3,final,2009-01-01,2009-03-31,1,2026-09-15T16:23:28.567411+00:00
IMPORTS_GOODS_SERVICES_EUROPE,ie:country,2009-Q2,2026-09-15T16:23:28.567411+00:00,35967.3,final,2009-04-01,2009-06-30,1,2026-09-15T16:23:28.567411+00:00
IMPORTS_GOODS_SERVICES_EUROPE,ie:country,2009-Q3,2026-09-15T16:23:28.567411+00:00,34484.6,final,2009-07-01,2009-09-30,1,2026-09-15T16:23:28.567411+00:00
IMPORTS_GOODS_SERVICES_EUROPE,ie:country,2009-Q4,2026-09-15T16:23:28.567411+00:00,36068.2,final,2009-10-01,2009-12-31,1,2026-09-15T16:23:28.567411+00:00
IMPORTS_GOODS_SERVICES_EUROPE,ie:country,2010-Q1,2026-09-15T16:23:28.567411+00:00,34548.2,final,2010-01-01,2010-03-31,1,2026-09-15T16:23:28.567411+00:00
IMPORTS_GOODS_SERVICES_EUROPE,ie:country,2010-Q2,2026-09-15T16:23:28.567411+00:00,36082.2,final,2010-04-01,2010-06-30,1,2026-09-15T16:23:28.567411+00:00
IMPORTS_GOODS_SERVICES_EUROPE,ie:country,2010-Q3,2026-09-15T16:23:28.567411+00:00,36648.6,final,2010-07-01,2010-09-30,1,2026-09-15T16:23:28.567411+00:00
IMPORTS_GOODS_SERVICES_EUROPE,ie:country,2010-Q4,2026-09-15T16:23:28.567411+00:00,37504.3,final,2010-10-01,2010-12-31,1,2026-09-15T16:23:28.567411+00:00
IMPORTS_GOODS_SERVICES_EUROPE,ie:country,2011-Q1,2026-09-15T16:23:28.567411+00:00,37113.8,final,2011-01-01,2011-03-31,1,2026-09-15T16:23:28.567411+00:00
IMPORTS_GOODS_SERVICES_EUROPE,ie:country,2011-Q2,2026-09-15T16:23:28.567411+00:00,37308.0,final,2011-04-01,2011-06-30,1,2026-09-15T16:23:28.567411+00:00
IMPORTS_GOODS_SERVICES_EUROPE,ie:country,2011-Q3,2026-09-15T16:23:28.567411+00:00,36773.9,final,2011-07-01,2011-09-30,1,2026-09-15T16:23:28.567411+00:00
IMPORTS_GOODS_SERVICES_EUROPE,ie:country,2011-Q4,2026-09-15T16:23:28.567411+00:00,37522.0,final,2011-10-01,2011-12-31,1,2026-09-15T16:23:28.567411+00:00
IMPORTS_GOODS_SERVICES_EUROPE,ie:country,2012-Q1,2026-09-15T16:23:28.567411+00:00,36684.5,final,2012-01-01,2012-03-31,1,2026-09-15T16:23:28.567411+00:00
IMPORTS_GOODS_SERVICES_EUROPE,ie:country,2012-Q2,2026-09-15T16:23:28.567411+00:00,36997.6,final,2012-04-01,2012-06-30,1,2026-09-15T16:23:28.567411+00:00
IMPORTS_GOODS_SERVICES_EUROPE,ie:country,2012-Q3,2026-09-15T16:23:28.567411+00:00,36482.9,final,2012-07-01,2012-09-30,1,2026-09-15T16:23:28.567411+00:00
IMPORTS_GOODS_SERVICES_EUROPE,ie:country,2012-Q4,2026-09-15T16:23:28.567411+00:00,37028.3,final,2012-10-01,2012-12-31,1,2026-09-15T16:23:28.567411+00:00
IMPORTS_GOODS_SERVICES_EUROPE,ie:country,2013-Q1,2026-09-15T16:23:28.567411+00:00,38898.2,final,2013-01-01,2013-03-31,1,2026-09-15T16:23:28.567411+00:00
IMPORTS_GOODS_SERVICES_EUROPE,ie:country,2013-Q2,2026-09-15T16:23:28.567411+00:00,40129.4,final,2013-04-01,2013-06-30,1,2026-09-15T16:23:28.567411+00:00
IMPORTS_GOODS_SERVICES_EUROPE,ie:country,2013-Q3,2026-09-15T16:23:28.567411+00:00,39550.4,final,2013-07-01,2013-09-30,1,2026-09-15T16:23:28.567411+00:00
IMPORTS_GOODS_SERVICES_EUROPE,ie:country,2013-Q4,2026-09-15T16:23:28.567411+00:00,41081.6,final,2013-10-01,2013-12-31,1,2026-09-15T16:23:28.567411+00:00
IMPORTS_GOODS_SERVICES_EUROPE,ie:country,2014-Q1,2026-09-15T16:23:28.567411+00:00,43252.3,final,2014-01-01,2014-03-31,1,2026-09-15T16:23:28.567411+00:00
IMPORTS_GOODS_SERVICES_EUROPE,ie:country,2014-Q2,2026-09-15T16:23:28.567411+00:00,45011.2,final,2014-04-01,2014-06-30,1,2026-09-15T16:23:28.567411+00:00
IMPORTS_GOODS_SERVICES_EUROPE,ie:country,2014-Q3,2026-09-15T16:23:28.567411+00:00,46329.5,final,2014-07-01,2014-09-30,1,2026-09-15T16:23:28.567411+00:00
IMPORTS_GOODS_SERVICES_EUROPE,ie:country,2014-Q4,2026-09-15T16:23:28.567411+00:00,47866.5,final,2014-10-01,2014-12-31,1,2026-09-15T16:23:28.567411+00:00
IMPORTS_GOODS_SERVICES_EUROPE,ie:country,2015-Q1,2026-09-15T16:23:28.567411+00:00,54106.3,final,2015-01-01,2015-03-31,1,2026-09-15T16:23:28.567411+00:00
IMPORTS_GOODS_SERVICES_EUROPE,ie:country,2015-Q2,2026-09-15T16:23:28.567411+00:00,58238.7,final,2015-04-01,2015-06-30,1,2026-09-15T16:23:28.567411+00:00
IMPORTS_GOODS_SERVICES_EUROPE,ie:country,2015-Q3,2026-09-15T16:23:28.567411+00:00,60563.9,final,2015-07-01,2015-09-30,1,2026-09-15T16:23:28.567411+00:00
IMPORTS_GOODS_SERVICES_EUROPE,ie:country,2015-Q4,2026-09-15T16:23:28.567411+00:00,68780.3,final,2015-10-01,2015-12-31,1,2026-09-15T16:23:28.567411+00:00
IMPORTS_GOODS_SERVICES_EUROPE,ie:country,2016-Q1,2026-09-15T16:23:28.567411+00:00,69792.1,final,2016-01-01,2016-03-31,1,2026-09-15T16:23:28.567411+00:00
IMPORTS_GOODS_SERVICES_EUROPE,ie:country,2016-Q2,2026-09-15T16:23:28.567411+00:00,68771.6,final,2016-04-01,2016-06-30,1,2026-09-15T16:23:28.567411+00:00
IMPORTS_GOODS_SERVICES_EUROPE,ie:country,2016-Q3,2026-09-15T16:23:28.567411+00:00,72218.6,final,2016-07-01,2016-09-30,1,2026-09-15T16:23:28.567411+00:00
IMPORTS_GOODS_SERVICES_EUROPE,ie:country,2016-Q4,2026-09-15T16:23:28.567411+00:00,73353.1,final,2016-10-01,2016-12-31,1,2026-09-15T16:23:28.567411+00:00
IMPORTS_GOODS_SERVICES_EUROPE,ie:country,2017-Q1,2026-09-15T16:23:28.567411+00:00,62934.4,final,2017-01-01,2017-03-31,1,2026-09-15T16:23:28.567411+00:00
IMPORTS_GOODS_SERVICES_EUROPE,ie:country,2017-Q2,2026-09-15T16:23:28.567411+00:00,99644.9,final,2017-04-01,2017-06-30,1,2026-09-15T16:23:28.567411+00:00
IMPORTS_GOODS_SERVICES_EUROPE,ie:country,2017-Q3,2026-09-15T16:23:28.567411+00:00,64094.5,final,2017-07-01,2017-09-30,1,2026-09-15T16:23:28.567411+00:00
IMPORTS_GOODS_SERVICES_EUROPE,ie:country,2017-Q4,2026-09-15T16:23:28.567411+00:00,68978.9,final,2017-10-01,2017-12-31,1,2026-09-15T16:23:28.567411+00:00
IMPORTS_GOODS_SERVICES_EUROPE,ie:country,2018-Q1,2026-09-15T16:23:28.567411+00:00,62590.6,final,2018-01-01,2018-03-31,1,2026-09-15T16:23:28.567411+00:00
IMPORTS_GOODS_SERVICES_EUROPE,ie:country,2018-Q2,2026-09-15T16:23:28.567411+00:00,67731.0,final,2018-04-01,2018-06-30,1,2026-09-15T16:23:28.567411+00:00
IMPORTS_GOODS_SERVICES_EUROPE,ie:country,2018-Q3,2026-09-15T16:23:28.567411+00:00,70594.1,final,2018-07-01,2018-09-30,1,2026-09-15T16:23:28.567411+00:00
IMPORTS_GOODS_SERVICES_EUROPE,ie:country,2018-Q4,2026-09-15T16:23:28.567411+00:00,88575.1,final,2018-10-01,2018-12-31,1,2026-09-15T16:23:28.567411+00:00
IMPORTS_GOODS_SERVICES_EUROPE,ie:country,2019-Q1,2026-09-15T16:23:28.567411+00:00,73799.8,final,2019-01-01,2019-03-31,1,2026-09-15T16:23:28.567411+00:00
IMPORTS_GOODS_SERVICES_EUROPE,ie:country,2019-Q2,2026-09-15T16:23:28.567411+00:00,113684.5,final,2019-04-01,2019-06-30,1,2026-09-15T16:23:28.567411+00:00
IMPORTS_GOODS_SERVICES_EUROPE,ie:country,2019-Q3,2026-09-15T16:23:28.567411+00:00,80303.5,final,2019-07-01,2019-09-30,1,2026-09-15T16:23:28.567411+00:00
IMPORTS_GOODS_SERVICES_EUROPE,ie:country,2019-Q4,2026-09-15T16:23:28.567411+00:00,139340.0,final,2019-10-01,2019-12-31,1,2026-09-15T16:23:28.567411+00:00
IMPORTS_GOODS_SERVICES_EUROPE,ie:country,2020-Q1,2026-09-15T16:23:28.567411+00:00,139914.4,final,2020-01-01,2020-03-31,1,2026-09-15T16:23:28.567411+00:00
IMPORTS_GOODS_SERVICES_EUROPE,ie:country,2020-Q2,2026-09-15T16:23:28.567411+00:00,75937.6,final,2020-04-01,2020-06-30,1,2026-09-15T16:23:28.567411+00:00
IMPORTS_GOODS_SERVICES_EUROPE,ie:country,2020-Q3,2026-09-15T16:23:28.567411+00:00,80855.0,final,2020-07-01,2020-09-30,1,2026-09-15T16:23:28.567411+00:00
IMPORTS_GOODS_SERVICES_EUROPE,ie:country,2020-Q4,2026-09-15T16:23:28.567411+00:00,110770.8,final,2020-10-01,2020-12-31,1,2026-09-15T16:23:28.567411+00:00
IMPORTS_GOODS_SERVICES_EUROPE,ie:country,2021-Q1,2026-09-15T16:23:28.567411+00:00,81595.0,final,2021-01-01,2021-03-31,1,2026-09-15T16:23:28.567411+00:00
IMPORTS_GOODS_SERVICES_EUROPE,ie:country,2021-Q2,2026-09-15T16:23:28.567411+00:00,87648.4,final,2021-04-01,2021-06-30,1,2026-09-15T16:23:28.567411+00:00
IMPORTS_GOODS_SERVICES_EUROPE,ie:country,2021-Q3,2026-09-15T16:23:28.567411+00:00,90262.8,final,2021-07-01,2021-09-30,1,2026-09-15T16:23:28.567411+00:00
IMPORTS_GOODS_SERVICES_EUROPE,ie:country,2021-Q4,2026-09-15T16:23:28.567411+00:00,110234.3,final,2021-10-01,2021-12-31,1,2026-09-15T16:23:28.567411+00:00
IMPORTS_GOODS_SERVICES_EUROPE,ie:country,2022-Q1,2026-09-15T16:23:28.567411+00:00,99240.9,final,2022-01-01,2022-03-31,1,2026-09-15T16:23:28.567411+00:00
IMPORTS_GOODS_SERVICES_EUROPE,ie:country,2022-Q2,2026-09-15T16:23:28.567411+00:00,106041.8,final,2022-04-01,2022-06-30,1,2026-09-15T16:23:28.567411+00:00
IMPORTS_GOODS_SERVICES_EUROPE,ie:country,2022-Q3,2026-09-15T16:23:28.567411+00:00,112162.1,final,2022-07-01,2022-09-30,1,2026-09-15T16:23:28.567411+00:00
IMPORTS_GOODS_SERVICES_EUROPE,ie:country,2022-Q4,2026-09-15T16:23:28.567411+00:00,108532.0,final,2022-10-01,2022-12-31,1,2026-09-15T16:23:28.567411+00:00
IMPORTS_GOODS_SERVICES_EUROPE,ie:country,2023-Q1,2026-09-15T16:23:28.567411+00:00,108640.6,final,2023-01-01,2023-03-31,1,2026-09-15T16:23:28.567411+00:00
IMPORTS_GOODS_SERVICES_EUROPE,ie:country,2023-Q2,2026-09-15T16:23:28.567411+00:00,106221.6,final,2023-04-01,2023-06-30,1,2026-09-15T16:23:28.567411+00:00
IMPORTS_GOODS_SERVICES_EUROPE,ie:country,2023-Q3,2026-09-15T16:23:28.567411+00:00,103706.5,final,2023-07-01,2023-09-30,1,2026-09-15T16:23:28.567411+00:00
IMPORTS_GOODS_SERVICES_EUROPE,ie:country,2023-Q4,2026-09-15T16:23:28.567411+00:00,119704.7,final,2023-10-01,2023-12-31,1,2026-09-15T16:23:28.567411+00:00
IMPORTS_GOODS_SERVICES_EUROPE,ie:country,2024-Q1,2026-09-15T16:23:28.567411+00:00,112472.3,final,2024-01-01,2024-03-31,1,2026-09-15T16:23:28.567411+00:00
IMPORTS_GOODS_SERVICES_EUROPE,ie:country,2024-Q2,2026-09-15T16:23:28.567411+00:00,116628.7,final,2024-04-01,2024-06-30,1,2026-09-15T16:23:28.567411+00:00
IMPORTS_GOODS_SERVICES_EUROPE,ie:country,2024-Q3,2026-09-15T16:23:28.567411+00:00,115836.1,final,2024-07-01,2024-09-30,1,2026-09-15T16:23:28.567411+00:00
IMPORTS_GOODS_SERVICES_EUROPE,ie:country,2024-Q4,2026-09-15T16:23:28.567411+00:00,114493.0,final,2024-10-01,2024-12-31,1,2026-09-15T16:23:28.567411+00:00
IMPORTS_GOODS_SERVICES_EUROPE,ie:country,2025-Q1,2026-09-15T16:23:28.567411+00:00,129383.3,final,2025-01-01,2025-03-31,1,2026-09-15T16:23:28.567411+00:00
IMPORTS_GOODS_SERVICES_EUROPE,ie:country,2025-Q2,2026-09-15T16:23:28.567411+00:00,119330.6,final,2025-04-01,2025-06-30,1,2026-09-15T16:23:28.567411+00:00
IMPORTS_GOODS_SERVICES_EUROPE,ie:country,2025-Q3,2026-09-15T16:23:28.567411+00:00,127289.0,final,2025-07-01,2025-09-30,1,2026-09-15T16:23:28.567411+00:00
IMPORTS_GOODS_SERVICES_EUROPE,ie:country,2025-Q4,2026-09-15T16:23:28.567411+00:00,127003.9,final,2025-10-01,2025-12-31,1,2026-09-15T16:23:28.567411+00:00
IMPORTS_GOODS_SERVICES_EUROPE,ie:country,2026-Q1,2026-09-15T16:23:28.567411+00:00,129994.5,final,2026-01-01,2026-03-31,1,2026-09-15T16:23:28.567411+00:00
IMPORTS_GOODS_SERVICES_EUROPE,ie:country,2026-Q2,2026-09-15T16:23:28.567411+00:00,135139.1,final,2026-04-01,2026-06-30,1,2026-09-15T16:23:28.567411+00:00
IMPORTS_GOODS_SERVICES_EUROPE,is:country,2008-Q1,2026-09-15T16:23:28.567411+00:00,1595.1,final,2008-01-01,2008-03-31,1,2026-09-15T16:23:28.567411+00:00
IMPORTS_GOODS_SERVICES_EUROPE,is:country,2008-Q2,2026-09-15T16:23:28.567411+00:00,1448.5,final,2008-04-01,2008-06-30,1,2026-09-15T16:23:28.567411+00:00
IMPORTS_GOODS_SERVICES_EUROPE,is:country,2008-Q3,2026-09-15T16:23:28.567411+00:00,1378.0,final,2008-07-01,2008-09-30,1,2026-09-15T16:23:28.567411+00:00
IMPORTS_GOODS_SERVICES_EUROPE,is:country,2008-Q4,2026-09-15T16:23:28.567411+00:00,933.3,final,2008-10-01,2008-12-31,1,2026-09-15T16:23:28.567411+00:00
IMPORTS_GOODS_SERVICES_EUROPE,is:country,2009-Q1,2026-09-15T16:23:28.567411+00:00,1053.9,final,2009-01-01,2009-03-31,1,2026-09-15T16:23:28.567411+00:00
IMPORTS_GOODS_SERVICES_EUROPE,is:country,2009-Q2,2026-09-15T16:23:28.567411+00:00,1048.2,final,2009-04-01,2009-06-30,1,2026-09-15T16:23:28.567411+00:00
IMPORTS_GOODS_SERVICES_EUROPE,is:country,2009-Q3,2026-09-15T16:23:28.567411+00:00,1085.0,final,2009-07-01,2009-09-30,1,2026-09-15T16:23:28.567411+00:00
IMPORTS_GOODS_SERVICES_EUROPE,is:country,2009-Q4,2026-09-15T16:23:28.567411+00:00,1060.9,final,2009-10-01,2009-12-31,1,2026-09-15T16:23:28.567411+00:00
IMPORTS_GOODS_SERVICES_EUROPE,is:country,2010-Q1,2026-09-15T16:23:28.567411+00:00,1077.9,final,2010-01-01,2010-03-31,1,2026-09-15T16:23:28.567411+00:00
IMPORTS_GOODS_SERVICES_EUROPE,is:country,2010-Q2,2026-09-15T16:23:28.567411+00:00,1035.0,final,2010-04-01,2010-06-30,1,2026-09-15T16:23:28.567411+00:00
IMPORTS_GOODS_SERVICES_EUROPE,is:country,2010-Q3,2026-09-15T16:23:28.567411+00:00,1093.4,final,2010-07-01,2010-09-30,1,2026-09-15T16:23:28.567411+00:00
IMPORTS_GOODS_SERVICES_EUROPE,is:country,2010-Q4,2026-09-15T16:23:28.567411+00:00,1139.9,final,2010-10-01,2010-12-31,1,2026-09-15T16:23:28.567411+00:00
IMPORTS_GOODS_SERVICES_EUROPE,is:country,2011-Q1,2026-09-15T16:23:28.567411+00:00,1120.4,final,2011-01-01,2011-03-31,1,2026-09-15T16:23:28.567411+00:00
IMPORTS_GOODS_SERVICES_EUROPE,is:country,2011-Q2,2026-09-15T16:23:28.567411+00:00,1095.8,final,2011-04-01,2011-06-30,1,2026-09-15T16:23:28.567411+00:00
IMPORTS_GOODS_SERVICES_EUROPE,is:country,2011-Q3,2026-09-15T16:23:28.567411+00:00,1168.2,final,2011-07-01,2011-09-30,1,2026-09-15T16:23:28.567411+00:00
IMPORTS_GOODS_SERVICES_EUROPE,is:country,2011-Q4,2026-09-15T16:23:28.567411+00:00,1256.8,final,2011-10-01,2011-12-31,1,2026-09-15T16:23:28.567411+00:00
IMPORTS_GOODS_SERVICES_EUROPE,is:country,2012-Q1,2026-09-15T16:23:28.567411+00:00,1234.4,final,2012-01-01,2012-03-31,1,2026-09-15T16:23:28.567411+00:00
IMPORTS_GOODS_SERVICES_EUROPE,is:country,2012-Q2,2026-09-15T16:23:28.567411+00:00,1234.5,final,2012-04-01,2012-06-30,1,2026-09-15T16:23:28.567411+00:00
IMPORTS_GOODS_SERVICES_EUROPE,is:country,2012-Q3,2026-09-15T16:23:28.567411+00:00,1206.5,final,2012-07-01,2012-09-30,1,2026-09-15T16:23:28.567411+00:00
IMPORTS_GOODS_SERVICES_EUROPE,is:country,2012-Q4,2026-09-15T16:23:28.567411+00:00,1164.4,final,2012-10-01,2012-12-31,1,2026-09-15T16:23:28.567411+00:00
IMPORTS_GOODS_SERVICES_EUROPE,is:country,2013-Q1,2026-09-15T16:23:28.567411+00:00,1169.4,final,2013-01-01,2013-03-31,1,2026-09-15T16:23:28.567411+00:00
IMPORTS_GOODS_SERVICES_EUROPE,is:country,2013-Q2,2026-09-15T16:23:28.567411+00:00,1209.1,final,2013-04-01,2013-06-30,1,2026-09-15T16:23:28.567411+00:00
IMPORTS_GOODS_SERVICES_EUROPE,is:country,2013-Q3,2026-09-15T16:23:28.567411+00:00,1225.0,final,2013-07-01,2013-09-30,1,2026-09-15T16:23:28.567411+00:00
IMPORTS_GOODS_SERVICES_EUROPE,is:country,2013-Q4,2026-09-15T16:23:28.567411+00:00,1236.6,final,2013-10-01,2013-12-31,1,2026-09-15T16:23:28.567411+00:00
IMPORTS_GOODS_SERVICES_EUROPE,is:country,2014-Q1,2026-09-15T16:23:28.567411+00:00,1293.4,final,2014-01-01,2014-03-31,1,2026-09-15T16:23:28.567411+00:00
IMPORTS_GOODS_SERVICES_EUROPE,is:country,2014-Q2,2026-09-15T16:23:28.567411+00:00,1294.8,final,2014-04-01,2014-06-30,1,2026-09-15T16:23:28.567411+00:00
IMPORTS_GOODS_SERVICES_EUROPE,is:country,2014-Q3,2026-09-15T16:23:28.567411+00:00,1414.5,final,2014-07-01,2014-09-30,1,2026-09-15T16:23:28.567411+00:00
IMPORTS_GOODS_SERVICES_EUROPE,is:country,2014-Q4,2026-09-15T16:23:28.567411+00:00,1322.5,final,2014-10-01,2014-12-31,1,2026-09-15T16:23:28.567411+00:00
IMPORTS_GOODS_SERVICES_EUROPE,is:country,2015-Q1,2026-09-15T16:23:28.567411+00:00,1491.1,final,2015-01-01,2015-03-31,1,2026-09-15T16:23:28.567411+00:00
IMPORTS_GOODS_SERVICES_EUROPE,is:country,2015-Q2,2026-09-15T16:23:28.567411+00:00,1486.4,final,2015-04-01,2015-06-30,1,2026-09-15T16:23:28.567411+00:00
IMPORTS_GOODS_SERVICES_EUROPE,is:country,2015-Q3,2026-09-15T16:23:28.567411+00:00,1457.8,final,2015-07-01,2015-09-30,1,2026-09-15T16:23:28.567411+00:00
IMPORTS_GOODS_SERVICES_EUROPE,is:country,2015-Q4,2026-09-15T16:23:28.567411+00:00,1581.1,final,2015-10-01,2015-12-31,1,2026-09-15T16:23:28.567411+00:00
IMPORTS_GOODS_SERVICES_EUROPE,is:country,2016-Q1,2026-09-15T16:23:28.567411+00:00,1719.3,final,2016-01-01,2016-03-31,1,2026-09-15T16:23:28.567411+00:00
IMPORTS_GOODS_SERVICES_EUROPE,is:country,2016-Q2,2026-09-15T16:23:28.567411+00:00,1728.6,final,2016-04-01,2016-06-30,1,2026-09-15T16:23:28.567411+00:00
IMPORTS_GOODS_SERVICES_EUROPE,is:country,2016-Q3,2026-09-15T16:23:28.567411+00:00,1726.2,final,2016-07-01,2016-09-30,1,2026-09-15T16:23:28.567411+00:00
IMPORTS_GOODS_SERVICES_EUROPE,is:country,2016-Q4,2026-09-15T16:23:28.567411+00:00,1735.0,final,2016-10-01,2016-12-31,1,2026-09-15T16:23:28.567411+00:00
IMPORTS_GOODS_SERVICES_EUROPE,is:country,2017-Q1,2026-09-15T16:23:28.567411+00:00,1790.3,final,2017-01-01,2017-03-31,1,2026-09-15T16:23:28.567411+00:00
IMPORTS_GOODS_SERVICES_EUROPE,is:country,2017-Q2,2026-09-15T16:23:28.567411+00:00,2030.9,final,2017-04-01,2017-06-30,1,2026-09-15T16:23:28.567411+00:00
IMPORTS_GOODS_SERVICES_EUROPE,is:country,2017-Q3,2026-09-15T16:23:28.567411+00:00,1960.0,final,2017-07-01,2017-09-30,1,2026-09-15T16:23:28.567411+00:00
IMPORTS_GOODS_SERVICES_EUROPE,is:country,2017-Q4,2026-09-15T16:23:28.567411+00:00,1984.6,final,2017-10-01,2017-12-31,1,2026-09-15T16:23:28.567411+00:00
IMPORTS_GOODS_SERVICES_EUROPE,is:country,2018-Q1,2026-09-15T16:23:28.567411+00:00,1950.0,final,2018-01-01,2018-03-31,1,2026-09-15T16:23:28.567411+00:00
IMPORTS_GOODS_SERVICES_EUROPE,is:country,2018-Q2,2026-09-15T16:23:28.567411+00:00,2016.8,final,2018-04-01,2018-06-30,1,2026-09-15T16:23:28.567411+00:00
IMPORTS_GOODS_SERVICES_EUROPE,is:country,2018-Q3,2026-09-15T16:23:28.567411+00:00,1961.4,final,2018-07-01,2018-09-30,1,2026-09-15T16:23:28.567411+00:00
IMPORTS_GOODS_SERVICES_EUROPE,is:country,2018-Q4,2026-09-15T16:23:28.567411+00:00,1882.9,final,2018-10-01,2018-12-31,1,2026-09-15T16:23:28.567411+00:00
IMPORTS_GOODS_SERVICES_EUROPE,is:country,2019-Q1,2026-09-15T16:23:28.567411+00:00,1793.9,final,2019-01-01,2019-03-31,1,2026-09-15T16:23:28.567411+00:00
IMPORTS_GOODS_SERVICES_EUROPE,is:country,2019-Q2,2026-09-15T16:23:28.567411+00:00,1785.5,final,2019-04-01,2019-06-30,1,2026-09-15T16:23:28.567411+00:00
IMPORTS_GOODS_SERVICES_EUROPE,is:country,2019-Q3,2026-09-15T16:23:28.567411+00:00,1798.2,final,2019-07-01,2019-09-30,1,2026-09-15T16:23:28.567411+00:00
IMPORTS_GOODS_SERVICES_EUROPE,is:country,2019-Q4,2026-09-15T16:23:28.567411+00:00,1721.0,final,2019-10-01,2019-12-31,1,2026-09-15T16:23:28.567411+00:00
IMPORTS_GOODS_SERVICES_EUROPE,is:country,2020-Q1,2026-09-15T16:23:28.567411+00:00,1660.3,final,2020-01-01,2020-03-31,1,2026-09-15T16:23:28.567411+00:00
IMPORTS_GOODS_SERVICES_EUROPE,is:country,2020-Q2,2026-09-15T16:23:28.567411+00:00,1234.1,final,2020-04-01,2020-06-30,1,2026-09-15T16:23:28.567411+00:00
IMPORTS_GOODS_SERVICES_EUROPE,is:country,2020-Q3,2026-09-15T16:23:28.567411+00:00,1355.5,final,2020-07-01,2020-09-30,1,2026-09-15T16:23:28.567411+00:00
IMPORTS_GOODS_SERVICES_EUROPE,is:country,2020-Q4,2026-09-15T16:23:28.567411+00:00,1413.0,final,2020-10-01,2020-12-31,1,2026-09-15T16:23:28.567411+00:00
IMPORTS_GOODS_SERVICES_EUROPE,is:country,2021-Q1,2026-09-15T16:23:28.567411+00:00,1500.3,final,2021-01-01,2021-03-31,1,2026-09-15T16:23:28.567411+00:00
IMPORTS_GOODS_SERVICES_EUROPE,is:country,2021-Q2,2026-09-15T16:23:28.567411+00:00,1589.0,final,2021-04-01,2021-06-30,1,2026-09-15T16:23:28.567411+00:00
IMPORTS_GOODS_SERVICES_EUROPE,is:country,2021-Q3,2026-09-15T16:23:28.567411+00:00,1782.7,final,2021-07-01,2021-09-30,1,2026-09-15T16:23:28.567411+00:00
IMPORTS_GOODS_SERVICES_EUROPE,is:country,2021-Q4,2026-09-15T16:23:28.567411+00:00,1938.4,final,2021-10-01,2021-12-31,1,2026-09-15T16:23:28.567411+00:00
IMPORTS_GOODS_SERVICES_EUROPE,is:country,2022-Q1,2026-09-15T16:23:28.567411+00:00,1984.2,final,2022-01-01,2022-03-31,1,2026-09-15T16:23:28.567411+00:00
IMPORTS_GOODS_SERVICES_EUROPE,is:country,2022-Q2,2026-09-15T16:23:28.567411+00:00,2038.1,final,2022-04-01,2022-06-30,1,2026-09-15T16:23:28.567411+00:00
IMPORTS_GOODS_SERVICES_EUROPE,is:country,2022-Q3,2026-09-15T16:23:28.567411+00:00,2143.2,final,2022-07-01,2022-09-30,1,2026-09-15T16:23:28.567411+00:00
IMPORTS_GOODS_SERVICES_EUROPE,is:country,2022-Q4,2026-09-15T16:23:28.567411+00:00,2185.4,final,2022-10-01,2022-12-31,1,2026-09-15T16:23:28.567411+00:00
IMPORTS_GOODS_SERVICES_EUROPE,is:country,2023-Q1,2026-09-15T16:23:28.567411+00:00,2008.5,final,2023-01-01,2023-03-31,1,2026-09-15T16:23:28.567411+00:00
IMPORTS_GOODS_SERVICES_EUROPE,is:country,2023-Q2,2026-09-15T16:23:28.567411+00:00,2011.5,final,2023-04-01,2023-06-30,1,2026-09-15T16:23:28.567411+00:00
IMPORTS_GOODS_SERVICES_EUROPE,is:country,2023-Q3,2026-09-15T16:23:28.567411+00:00,2088.8,final,2023-07-01,2023-09-30,1,2026-09-15T16:23:28.567411+00:00
IMPORTS_GOODS_SERVICES_EUROPE,is:country,2023-Q4,2026-09-15T16:23:28.567411+00:00,2082.9,final,2023-10-01,2023-12-31,1,2026-09-15T16:23:28.567411+00:00
IMPORTS_GOODS_SERVICES_EUROPE,is:country,2024-Q1,2026-09-15T16:23:28.567411+00:00,2061.3,final,2024-01-01,2024-03-31,1,2026-09-15T16:23:28.567411+00:00
IMPORTS_GOODS_SERVICES_EUROPE,is:country,2024-Q2,2026-09-15T16:23:28.567411+00:00,2080.9,final,2024-04-01,2024-06-30,1,2026-09-15T16:23:28.567411+00:00
IMPORTS_GOODS_SERVICES_EUROPE,is:country,2024-Q3,2026-09-15T16:23:28.567411+00:00,2075.1,final,2024-07-01,2024-09-30,1,2026-09-15T16:23:28.567411+00:00
IMPORTS_GOODS_SERVICES_EUROPE,is:country,2024-Q4,2026-09-15T16:23:28.567411+00:00,2321.8,final,2024-10-01,2024-12-31,1,2026-09-15T16:23:28.567411+00:00
IMPORTS_GOODS_SERVICES_EUROPE,is:country,2025-Q1,2026-09-15T16:23:28.567411+00:00,2323.7,final,2025-01-01,2025-03-31,1,2026-09-15T16:23:28.567411+00:00
IMPORTS_GOODS_SERVICES_EUROPE,is:country,2025-Q2,2026-09-15T16:23:28.567411+00:00,2377.2,final,2025-04-01,2025-06-30,1,2026-09-15T16:23:28.567411+00:00
IMPORTS_GOODS_SERVICES_EUROPE,is:country,2025-Q3,2026-09-15T16:23:28.567411+00:00,2258.1,final,2025-07-01,2025-09-30,1,2026-09-15T16:23:28.567411+00:00
IMPORTS_GOODS_SERVICES_EUROPE,is:country,2025-Q4,2026-09-15T16:23:28.567411+00:00,2203.3,final,2025-10-01,2025-12-31,1,2026-09-15T16:23:28.567411+00:00
IMPORTS_GOODS_SERVICES_EUROPE,is:country,2026-Q1,2026-09-15T16:23:28.567411+00:00,2108.0,final,2026-01-01,2026-03-31,1,2026-09-15T16:23:28.567411+00:00
IMPORTS_GOODS_SERVICES_EUROPE,is:country,2026-Q2,2026-09-15T16:23:28.567411+00:00,2384.1,final,2026-04-01,2026-06-30,1,2026-09-15T16:23:28.567411+00:00
IMPORTS_GOODS_SERVICES_EUROPE,it:country,2008-Q1,2026-09-15T16:23:28.567411+00:00,115697.4,final,2008-01-01,2008-03-31,1,2026-09-15T16:23:28.567411+00:00
IMPORTS_GOODS_SERVICES_EUROPE,it:country,2008-Q2,2026-09-15T16:23:28.567411+00:00,114229.6,final,2008-04-01,2008-06-30,1,2026-09-15T16:23:28.567411+00:00
IMPORTS_GOODS_SERVICES_EUROPE,it:country,2008-Q3,2026-09-15T16:23:28.567411+00:00,110065.4,final,2008-07-01,2008-09-30,1,2026-09-15T16:23:28.567411+00:00
IMPORTS_GOODS_SERVICES_EUROPE,it:country,2008-Q4,2026-09-15T16:23:28.567411+00:00,104830.3,final,2008-10-01,2008-12-31,1,2026-09-15T16:23:28.567411+00:00
IMPORTS_GOODS_SERVICES_EUROPE,it:country,2009-Q1,2026-09-15T16:23:28.567411+00:00,97383.2,final,2009-01-01,2009-03-31,1,2026-09-15T16:23:28.567411+00:00
IMPORTS_GOODS_SERVICES_EUROPE,it:country,2009-Q2,2026-09-15T16:23:28.567411+00:00,93898.8,final,2009-04-01,2009-06-30,1,2026-09-15T16:23:28.567411+00:00
IMPORTS_GOODS_SERVICES_EUROPE,it:country,2009-Q3,2026-09-15T16:23:28.567411+00:00,95900.1,final,2009-07-01,2009-09-30,1,2026-09-15T16:23:28.567411+00:00
IMPORTS_GOODS_SERVICES_EUROPE,it:country,2009-Q4,2026-09-15T16:23:28.567411+00:00,98643.3,final,2009-10-01,2009-12-31,1,2026-09-15T16:23:28.567411+00:00
IMPORTS_GOODS_SERVICES_EUROPE,it:country,2010-Q1,2026-09-15T16:23:28.567411+00:00,102909.8,final,2010-01-01,2010-03-31,1,2026-09-15T16:23:28.567411+00:00
IMPORTS_GOODS_SERVICES_EUROPE,it:country,2010-Q2,2026-09-15T16:23:28.567411+00:00,105961.2,final,2010-04-01,2010-06-30,1,2026-09-15T16:23:28.567411+00:00
IMPORTS_GOODS_SERVICES_EUROPE,it:country,2010-Q3,2026-09-15T16:23:28.567411+00:00,108526.1,final,2010-07-01,2010-09-30,1,2026-09-15T16:23:28.567411+00:00
IMPORTS_GOODS_SERVICES_EUROPE,it:country,2010-Q4,2026-09-15T16:23:28.567411+00:00,113350.2,final,2010-10-01,2010-12-31,1,2026-09-15T16:23:28.567411+00:00
IMPORTS_GOODS_SERVICES_EUROPE,it:country,2011-Q1,2026-09-15T16:23:28.567411+00:00,111493.9,final,2011-01-01,2011-03-31,1,2026-09-15T16:23:28.567411+00:00
IMPORTS_GOODS_SERVICES_EUROPE,it:country,2011-Q2,2026-09-15T16:23:28.567411+00:00,109768.3,final,2011-04-01,2011-06-30,1,2026-09-15T16:23:28.567411+00:00
IMPORTS_GOODS_SERVICES_EUROPE,it:country,2011-Q3,2026-09-15T16:23:28.567411+00:00,108375.5,final,2011-07-01,2011-09-30,1,2026-09-15T16:23:28.567411+00:00
IMPORTS_GOODS_SERVICES_EUROPE,it:country,2011-Q4,2026-09-15T16:23:28.567411+00:00,104693.8,final,2011-10-01,2011-12-31,1,2026-09-15T16:23:28.567411+00:00
IMPORTS_GOODS_SERVICES_EUROPE,it:country,2012-Q1,2026-09-15T16:23:28.567411+00:00,101550.0,final,2012-01-01,2012-03-31,1,2026-09-15T16:23:28.567411+00:00
IMPORTS_GOODS_SERVICES_EUROPE,it:country,2012-Q2,2026-09-15T16:23:28.567411+00:00,100226.0,final,2012-04-01,2012-06-30,1,2026-09-15T16:23:28.567411+00:00
IMPORTS_GOODS_SERVICES_EUROPE,it:country,2012-Q3,2026-09-15T16:23:28.567411+00:00,99867.0,final,2012-07-01,2012-09-30,1,2026-09-15T16:23:28.567411+00:00
IMPORTS_GOODS_SERVICES_EUROPE,it:country,2012-Q4,2026-09-15T16:23:28.567411+00:00,96500.7,final,2012-10-01,2012-12-31,1,2026-09-15T16:23:28.567411+00:00
IMPORTS_GOODS_SERVICES_EUROPE,it:country,2013-Q1,2026-09-15T16:23:28.567411+00:00,96486.2,final,2013-01-01,2013-03-31,1,2026-09-15T16:23:28.567411+00:00
IMPORTS_GOODS_SERVICES_EUROPE,it:country,2013-Q2,2026-09-15T16:23:28.567411+00:00,95744.4,final,2013-04-01,2013-06-30,1,2026-09-15T16:23:28.567411+00:00
IMPORTS_GOODS_SERVICES_EUROPE,it:country,2013-Q3,2026-09-15T16:23:28.567411+00:00,97787.1,final,2013-07-01,2013-09-30,1,2026-09-15T16:23:28.567411+00:00
IMPORTS_GOODS_SERVICES_EUROPE,it:country,2013-Q4,2026-09-15T16:23:28.567411+00:00,97614.5,final,2013-10-01,2013-12-31,1,2026-09-15T16:23:28.567411+00:00
IMPORTS_GOODS_SERVICES_EUROPE,it:country,2014-Q1,2026-09-15T16:23:28.567411+00:00,98494.0,final,2014-01-01,2014-03-31,1,2026-09-15T16:23:28.567411+00:00
IMPORTS_GOODS_SERVICES_EUROPE,it:country,2014-Q2,2026-09-15T16:23:28.567411+00:00,100524.8,final,2014-04-01,2014-06-30,1,2026-09-15T16:23:28.567411+00:00
IMPORTS_GOODS_SERVICES_EUROPE,it:country,2014-Q3,2026-09-15T16:23:28.567411+00:00,101069.5,final,2014-07-01,2014-09-30,1,2026-09-15T16:23:28.567411+00:00
IMPORTS_GOODS_SERVICES_EUROPE,it:country,2014-Q4,2026-09-15T16:23:28.567411+00:00,101118.4,final,2014-10-01,2014-12-31,1,2026-09-15T16:23:28.567411+00:00
IMPORTS_GOODS_SERVICES_EUROPE,it:country,2015-Q1,2026-09-15T16:23:28.567411+00:00,105705.9,final,2015-01-01,2015-03-31,1,2026-09-15T16:23:28.567411+00:00
IMPORTS_GOODS_SERVICES_EUROPE,it:country,2015-Q2,2026-09-15T16:23:28.567411+00:00,106790.0,final,2015-04-01,2015-06-30,1,2026-09-15T16:23:28.567411+00:00
IMPORTS_GOODS_SERVICES_EUROPE,it:country,2015-Q3,2026-09-15T16:23:28.567411+00:00,105988.8,final,2015-07-01,2015-09-30,1,2026-09-15T16:23:28.567411+00:00
IMPORTS_GOODS_SERVICES_EUROPE,it:country,2015-Q4,2026-09-15T16:23:28.567411+00:00,107473.6,final,2015-10-01,2015-12-31,1,2026-09-15T16:23:28.567411+00:00
IMPORTS_GOODS_SERVICES_EUROPE,it:country,2016-Q1,2026-09-15T16:23:28.567411+00:00,108627.1,final,2016-01-01,2016-03-31,1,2026-09-15T16:23:28.567411+00:00
IMPORTS_GOODS_SERVICES_EUROPE,it:country,2016-Q2,2026-09-15T16:23:28.567411+00:00,110677.5,final,2016-04-01,2016-06-30,1,2026-09-15T16:23:28.567411+00:00
IMPORTS_GOODS_SERVICES_EUROPE,it:country,2016-Q3,2026-09-15T16:23:28.567411+00:00,111019.9,final,2016-07-01,2016-09-30,1,2026-09-15T16:23:28.567411+00:00
IMPORTS_GOODS_SERVICES_EUROPE,it:country,2016-Q4,2026-09-15T16:23:28.567411+00:00,113471.1,final,2016-10-01,2016-12-31,1,2026-09-15T16:23:28.567411+00:00
IMPORTS_GOODS_SERVICES_EUROPE,it:country,2017-Q1,2026-09-15T16:23:28.567411+00:00,114621.2,final,2017-01-01,2017-03-31,1,2026-09-15T16:23:28.567411+00:00
IMPORTS_GOODS_SERVICES_EUROPE,it:country,2017-Q2,2026-09-15T16:23:28.567411+00:00,117504.7,final,2017-04-01,2017-06-30,1,2026-09-15T16:23:28.567411+00:00
IMPORTS_GOODS_SERVICES_EUROPE,it:country,2017-Q3,2026-09-15T16:23:28.567411+00:00,118200.9,final,2017-07-01,2017-09-30,1,2026-09-15T16:23:28.567411+00:00
IMPORTS_GOODS_SERVICES_EUROPE,it:country,2017-Q4,2026-09-15T16:23:28.567411+00:00,121163.5,final,2017-10-01,2017-12-31,1,2026-09-15T16:23:28.567411+00:00
IMPORTS_GOODS_SERVICES_EUROPE,it:country,2018-Q1,2026-09-15T16:23:28.567411+00:00,118614.3,final,2018-01-01,2018-03-31,1,2026-09-15T16:23:28.567411+00:00
IMPORTS_GOODS_SERVICES_EUROPE,it:country,2018-Q2,2026-09-15T16:23:28.567411+00:00,121101.4,final,2018-04-01,2018-06-30,1,2026-09-15T16:23:28.567411+00:00
IMPORTS_GOODS_SERVICES_EUROPE,it:country,2018-Q3,2026-09-15T16:23:28.567411+00:00,120286.6,final,2018-07-01,2018-09-30,1,2026-09-15T16:23:28.567411+00:00
IMPORTS_GOODS_SERVICES_EUROPE,it:country,2018-Q4,2026-09-15T16:23:28.567411+00:00,122759.7,final,2018-10-01,2018-12-31,1,2026-09-15T16:23:28.567411+00:00
IMPORTS_GOODS_SERVICES_EUROPE,it:country,2019-Q1,2026-09-15T16:23:28.567411+00:00,119233.1,final,2019-01-01,2019-03-31,1,2026-09-15T16:23:28.567411+00:00
IMPORTS_GOODS_SERVICES_EUROPE,it:country,2019-Q2,2026-09-15T16:23:28.567411+00:00,120314.1,final,2019-04-01,2019-06-30,1,2026-09-15T16:23:28.567411+00:00
IMPORTS_GOODS_SERVICES_EUROPE,it:country,2019-Q3,2026-09-15T16:23:28.567411+00:00,120048.9,final,2019-07-01,2019-09-30,1,2026-09-15T16:23:28.567411+00:00
IMPORTS_GOODS_SERVICES_EUROPE,it:country,2019-Q4,2026-09-15T16:23:28.567411+00:00,118379.3,final,2019-10-01,2019-12-31,1,2026-09-15T16:23:28.567411+00:00
IMPORTS_GOODS_SERVICES_EUROPE,it:country,2020-Q1,2026-09-15T16:23:28.567411+00:00,111139.5,final,2020-01-01,2020-03-31,1,2026-09-15T16:23:28.567411+00:00
IMPORTS_GOODS_SERVICES_EUROPE,it:country,2020-Q2,2026-09-15T16:23:28.567411+00:00,89477.5,final,2020-04-01,2020-06-30,1,2026-09-15T16:23:28.567411+00:00
IMPORTS_GOODS_SERVICES_EUROPE,it:country,2020-Q3,2026-09-15T16:23:28.567411+00:00,104355.1,final,2020-07-01,2020-09-30,1,2026-09-15T16:23:28.567411+00:00
IMPORTS_GOODS_SERVICES_EUROPE,it:country,2020-Q4,2026-09-15T16:23:28.567411+00:00,110761.8,final,2020-10-01,2020-12-31,1,2026-09-15T16:23:28.567411+00:00
IMPORTS_GOODS_SERVICES_EUROPE,it:country,2021-Q1,2026-09-15T16:23:28.567411+00:00,114742.0,final,2021-01-01,2021-03-31,1,2026-09-15T16:23:28.567411+00:00
IMPORTS_GOODS_SERVICES_EUROPE,it:country,2021-Q2,2026-09-15T16:23:28.567411+00:00,117764.1,final,2021-04-01,2021-06-30,1,2026-09-15T16:23:28.567411+00:00
IMPORTS_GOODS_SERVICES_EUROPE,it:country,2021-Q3,2026-09-15T16:23:28.567411+00:00,121800.0,final,2021-07-01,2021-09-30,1,2026-09-15T16:23:28.567411+00:00
IMPORTS_GOODS_SERVICES_EUROPE,it:country,2021-Q4,2026-09-15T16:23:28.567411+00:00,128068.8,final,2021-10-01,2021-12-31,1,2026-09-15T16:23:28.567411+00:00
IMPORTS_GOODS_SERVICES_EUROPE,it:country,2022-Q1,2026-09-15T16:23:28.567411+00:00,134757.3,final,2022-01-01,2022-03-31,1,2026-09-15T16:23:28.567411+00:00
IMPORTS_GOODS_SERVICES_EUROPE,it:country,2022-Q2,2026-09-15T16:23:28.567411+00:00,137305.6,final,2022-04-01,2022-06-30,1,2026-09-15T16:23:28.567411+00:00
IMPORTS_GOODS_SERVICES_EUROPE,it:country,2022-Q3,2026-09-15T16:23:28.567411+00:00,139444.7,final,2022-07-01,2022-09-30,1,2026-09-15T16:23:28.567411+00:00
IMPORTS_GOODS_SERVICES_EUROPE,it:country,2022-Q4,2026-09-15T16:23:28.567411+00:00,136423.4,final,2022-10-01,2022-12-31,1,2026-09-15T16:23:28.567411+00:00
IMPORTS_GOODS_SERVICES_EUROPE,it:country,2023-Q1,2026-09-15T16:23:28.567411+00:00,136458.8,final,2023-01-01,2023-03-31,1,2026-09-15T16:23:28.567411+00:00
IMPORTS_GOODS_SERVICES_EUROPE,it:country,2023-Q2,2026-09-15T16:23:28.567411+00:00,136872.3,final,2023-04-01,2023-06-30,1,2026-09-15T16:23:28.567411+00:00
IMPORTS_GOODS_SERVICES_EUROPE,it:country,2023-Q3,2026-09-15T16:23:28.567411+00:00,133729.4,final,2023-07-01,2023-09-30,1,2026-09-15T16:23:28.567411+00:00
IMPORTS_GOODS_SERVICES_EUROPE,it:country,2023-Q4,2026-09-15T16:23:28.567411+00:00,132304.2,final,2023-10-01,2023-12-31,1,2026-09-15T16:23:28.567411+00:00
IMPORTS_GOODS_SERVICES_EUROPE,it:country,2024-Q1,2026-09-15T16:23:28.567411+00:00,131372.9,final,2024-01-01,2024-03-31,1,2026-09-15T16:23:28.567411+00:00
IMPORTS_GOODS_SERVICES_EUROPE,it:country,2024-Q2,2026-09-15T16:23:28.567411+00:00,131865.4,final,2024-04-01,2024-06-30,1,2026-09-15T16:23:28.567411+00:00
IMPORTS_GOODS_SERVICES_EUROPE,it:country,2024-Q3,2026-09-15T16:23:28.567411+00:00,133408.9,final,2024-07-01,2024-09-30,1,2026-09-15T16:23:28.567411+00:00
IMPORTS_GOODS_SERVICES_EUROPE,it:country,2024-Q4,2026-09-15T16:23:28.567411+00:00,133234.6,final,2024-10-01,2024-12-31,1,2026-09-15T16:23:28.567411+00:00
IMPORTS_GOODS_SERVICES_EUROPE,it:country,2025-Q1,2026-09-15T16:23:28.567411+00:00,135805.8,final,2025-01-01,2025-03-31,1,2026-09-15T16:23:28.567411+00:00
IMPORTS_GOODS_SERVICES_EUROPE,it:country,2025-Q2,2026-09-15T16:23:28.567411+00:00,135686.6,final,2025-04-01,2025-06-30,1,2026-09-15T16:23:28.567411+00:00
IMPORTS_GOODS_SERVICES_EUROPE,it:country,2025-Q3,2026-09-15T16:23:28.567411+00:00,138469.8,final,2025-07-01,2025-09-30,1,2026-09-15T16:23:28.567411+00:00
IMPORTS_GOODS_SERVICES_EUROPE,it:country,2025-Q4,2026-09-15T16:23:28.567411+00:00,140520.4,final,2025-10-01,2025-12-31,1,2026-09-15T16:23:28.567411+00:00
IMPORTS_GOODS_SERVICES_EUROPE,it:country,2026-Q1,2026-09-15T16:23:28.567411+00:00,140515.5,final,2026-01-01,2026-03-31,1,2026-09-15T16:23:28.567411+00:00
IMPORTS_GOODS_SERVICES_EUROPE,it:country,2026-Q2,2026-09-15T16:23:28.567411+00:00,142905.0,final,2026-04-01,2026-06-30,1,2026-09-15T16:23:28.567411+00:00
IMPORTS_GOODS_SERVICES_EUROPE,lt:country,2008-Q1,2026-09-15T16:23:28.567411+00:00,5972.8,final,2008-01-01,2008-03-31,1,2026-09-15T16:23:28.567411+00:00
IMPORTS_GOODS_SERVICES_EUROPE,lt:country,2008-Q2,2026-09-15T16:23:28.567411+00:00,5754.7,final,2008-04-01,2008-06-30,1,2026-09-15T16:23:28.567411+00:00
IMPORTS_GOODS_SERVICES_EUROPE,lt:country,2008-Q3,2026-09-15T16:23:28.567411+00:00,5752.3,final,2008-07-01,2008-09-30,1,2026-09-15T16:23:28.567411+00:00
IMPORTS_GOODS_SERVICES_EUROPE,lt:country,2008-Q4,2026-09-15T16:23:28.567411+00:00,4638.2,final,2008-10-01,2008-12-31,1,2026-09-15T16:23:28.567411+00:00
IMPORTS_GOODS_SERVICES_EUROPE,lt:country,2009-Q1,2026-09-15T16:23:28.567411+00:00,4033.9,final,2009-01-01,2009-03-31,1,2026-09-15T16:23:28.567411+00:00
IMPORTS_GOODS_SERVICES_EUROPE,lt:country,2009-Q2,2026-09-15T16:23:28.567411+00:00,3850.8,final,2009-04-01,2009-06-30,1,2026-09-15T16:23:28.567411+00:00
IMPORTS_GOODS_SERVICES_EUROPE,lt:country,2009-Q3,2026-09-15T16:23:28.567411+00:00,4102.9,final,2009-07-01,2009-09-30,1,2026-09-15T16:23:28.567411+00:00
IMPORTS_GOODS_SERVICES_EUROPE,lt:country,2009-Q4,2026-09-15T16:23:28.567411+00:00,3807.8,final,2009-10-01,2009-12-31,1,2026-09-15T16:23:28.567411+00:00
IMPORTS_GOODS_SERVICES_EUROPE,lt:country,2010-Q1,2026-09-15T16:23:28.567411+00:00,4063.9,final,2010-01-01,2010-03-31,1,2026-09-15T16:23:28.567411+00:00
IMPORTS_GOODS_SERVICES_EUROPE,lt:country,2010-Q2,2026-09-15T16:23:28.567411+00:00,4534.2,final,2010-04-01,2010-06-30,1,2026-09-15T16:23:28.567411+00:00
IMPORTS_GOODS_SERVICES_EUROPE,lt:country,2010-Q3,2026-09-15T16:23:28.567411+00:00,4815.7,final,2010-07-01,2010-09-30,1,2026-09-15T16:23:28.567411+00:00
IMPORTS_GOODS_SERVICES_EUROPE,lt:country,2010-Q4,2026-09-15T16:23:28.567411+00:00,5030.1,final,2010-10-01,2010-12-31,1,2026-09-15T16:23:28.567411+00:00
IMPORTS_GOODS_SERVICES_EUROPE,lt:country,2011-Q1,2026-09-15T16:23:28.567411+00:00,5238.1,final,2011-01-01,2011-03-31,1,2026-09-15T16:23:28.567411+00:00
IMPORTS_GOODS_SERVICES_EUROPE,lt:country,2011-Q2,2026-09-15T16:23:28.567411+00:00,5272.4,final,2011-04-01,2011-06-30,1,2026-09-15T16:23:28.567411+00:00
IMPORTS_GOODS_SERVICES_EUROPE,lt:country,2011-Q3,2026-09-15T16:23:28.567411+00:00,5309.3,final,2011-07-01,2011-09-30,1,2026-09-15T16:23:28.567411+00:00
IMPORTS_GOODS_SERVICES_EUROPE,lt:country,2011-Q4,2026-09-15T16:23:28.567411+00:00,5250.3,final,2011-10-01,2011-12-31,1,2026-09-15T16:23:28.567411+00:00
IMPORTS_GOODS_SERVICES_EUROPE,lt:country,2012-Q1,2026-09-15T16:23:28.567411+00:00,5440.1,final,2012-01-01,2012-03-31,1,2026-09-15T16:23:28.567411+00:00
IMPORTS_GOODS_SERVICES_EUROPE,lt:country,2012-Q2,2026-09-15T16:23:28.567411+00:00,5060.8,final,2012-04-01,2012-06-30,1,2026-09-15T16:23:28.567411+00:00
IMPORTS_GOODS_SERVICES_EUROPE,lt:country,2012-Q3,2026-09-15T16:23:28.567411+00:00,5778.9,final,2012-07-01,2012-09-30,1,2026-09-15T16:23:28.567411+00:00
IMPORTS_GOODS_SERVICES_EUROPE,lt:country,2012-Q4,2026-09-15T16:23:28.567411+00:00,5873.0,final,2012-10-01,2012-12-31,1,2026-09-15T16:23:28.567411+00:00
IMPORTS_GOODS_SERVICES_EUROPE,lt:country,2013-Q1,2026-09-15T16:23:28.567411+00:00,5886.7,final,2013-01-01,2013-03-31,1,2026-09-15T16:23:28.567411+00:00
IMPORTS_GOODS_SERVICES_EUROPE,lt:country,2013-Q2,2026-09-15T16:23:28.567411+00:00,5627.5,final,2013-04-01,2013-06-30,1,2026-09-15T16:23:28.567411+00:00
IMPORTS_GOODS_SERVICES_EUROPE,lt:country,2013-Q3,2026-09-15T16:23:28.567411+00:00,5967.0,final,2013-07-01,2013-09-30,1,2026-09-15T16:23:28.567411+00:00
IMPORTS_GOODS_SERVICES_EUROPE,lt:country,2013-Q4,2026-09-15T16:23:28.567411+00:00,5972.8,final,2013-10-01,2013-12-31,1,2026-09-15T16:23:28.567411+00:00
IMPORTS_GOODS_SERVICES_EUROPE,lt:country,2014-Q1,2026-09-15T16:23:28.567411+00:00,5515.5,final,2014-01-01,2014-03-31,1,2026-09-15T16:23:28.567411+00:00
IMPORTS_GOODS_SERVICES_EUROPE,lt:country,2014-Q2,2026-09-15T16:23:28.567411+00:00,5743.4,final,2014-04-01,2014-06-30,1,2026-09-15T16:23:28.567411+00:00
IMPORTS_GOODS_SERVICES_EUROPE,lt:country,2014-Q3,2026-09-15T16:23:28.567411+00:00,5798.1,final,2014-07-01,2014-09-30,1,2026-09-15T16:23:28.567411+00:00
IMPORTS_GOODS_SERVICES_EUROPE,lt:country,2014-Q4,2026-09-15T16:23:28.567411+00:00,5965.1,final,2014-10-01,2014-12-31,1,2026-09-15T16:23:28.567411+00:00
IMPORTS_GOODS_SERVICES_EUROPE,lt:country,2015-Q1,2026-09-15T16:23:28.567411+00:00,6056.7,final,2015-01-01,2015-03-31,1,2026-09-15T16:23:28.567411+00:00
IMPORTS_GOODS_SERVICES_EUROPE,lt:country,2015-Q2,2026-09-15T16:23:28.567411+00:00,6523.6,final,2015-04-01,2015-06-30,1,2026-09-15T16:23:28.567411+00:00
IMPORTS_GOODS_SERVICES_EUROPE,lt:country,2015-Q3,2026-09-15T16:23:28.567411+00:00,6327.5,final,2015-07-01,2015-09-30,1,2026-09-15T16:23:28.567411+00:00
IMPORTS_GOODS_SERVICES_EUROPE,lt:country,2015-Q4,2026-09-15T16:23:28.567411+00:00,6309.1,final,2015-10-01,2015-12-31,1,2026-09-15T16:23:28.567411+00:00
IMPORTS_GOODS_SERVICES_EUROPE,lt:country,2016-Q1,2026-09-15T16:23:28.567411+00:00,6396.9,final,2016-01-01,2016-03-31,1,2026-09-15T16:23:28.567411+00:00
IMPORTS_GOODS_SERVICES_EUROPE,lt:country,2016-Q2,2026-09-15T16:23:28.567411+00:00,6778.8,final,2016-04-01,2016-06-30,1,2026-09-15T16:23:28.567411+00:00
IMPORTS_GOODS_SERVICES_EUROPE,lt:country,2016-Q3,2026-09-15T16:23:28.567411+00:00,6436.1,final,2016-07-01,2016-09-30,1,2026-09-15T16:23:28.567411+00:00
IMPORTS_GOODS_SERVICES_EUROPE,lt:country,2016-Q4,2026-09-15T16:23:28.567411+00:00,6607.0,final,2016-10-01,2016-12-31,1,2026-09-15T16:23:28.567411+00:00
IMPORTS_GOODS_SERVICES_EUROPE,lt:country,2017-Q1,2026-09-15T16:23:28.567411+00:00,7184.9,final,2017-01-01,2017-03-31,1,2026-09-15T16:23:28.567411+00:00
IMPORTS_GOODS_SERVICES_EUROPE,lt:country,2017-Q2,2026-09-15T16:23:28.567411+00:00,7377.1,final,2017-04-01,2017-06-30,1,2026-09-15T16:23:28.567411+00:00
IMPORTS_GOODS_SERVICES_EUROPE,lt:country,2017-Q3,2026-09-15T16:23:28.567411+00:00,7214.0,final,2017-07-01,2017-09-30,1,2026-09-15T16:23:28.567411+00:00
IMPORTS_GOODS_SERVICES_EUROPE,lt:country,2017-Q4,2026-09-15T16:23:28.567411+00:00,7392.3,final,2017-10-01,2017-12-31,1,2026-09-15T16:23:28.567411+00:00
IMPORTS_GOODS_SERVICES_EUROPE,lt:country,2018-Q1,2026-09-15T16:23:28.567411+00:00,7669.8,final,2018-01-01,2018-03-31,1,2026-09-15T16:23:28.567411+00:00
IMPORTS_GOODS_SERVICES_EUROPE,lt:country,2018-Q2,2026-09-15T16:23:28.567411+00:00,7692.7,final,2018-04-01,2018-06-30,1,2026-09-15T16:23:28.567411+00:00
IMPORTS_GOODS_SERVICES_EUROPE,lt:country,2018-Q3,2026-09-15T16:23:28.567411+00:00,7643.8,final,2018-07-01,2018-09-30,1,2026-09-15T16:23:28.567411+00:00
IMPORTS_GOODS_SERVICES_EUROPE,lt:country,2018-Q4,2026-09-15T16:23:28.567411+00:00,7903.3,final,2018-10-01,2018-12-31,1,2026-09-15T16:23:28.567411+00:00
IMPORTS_GOODS_SERVICES_EUROPE,lt:country,2019-Q1,2026-09-15T16:23:28.567411+00:00,8066.5,final,2019-01-01,2019-03-31,1,2026-09-15T16:23:28.567411+00:00
IMPORTS_GOODS_SERVICES_EUROPE,lt:country,2019-Q2,2026-09-15T16:23:28.567411+00:00,8348.7,final,2019-04-01,2019-06-30,1,2026-09-15T16:23:28.567411+00:00
IMPORTS_GOODS_SERVICES_EUROPE,lt:country,2019-Q3,2026-09-15T16:23:28.567411+00:00,8312.5,final,2019-07-01,2019-09-30,1,2026-09-15T16:23:28.567411+00:00
IMPORTS_GOODS_SERVICES_EUROPE,lt:country,2019-Q4,2026-09-15T16:23:28.567411+00:00,8065.1,final,2019-10-01,2019-12-31,1,2026-09-15T16:23:28.567411+00:00
IMPORTS_GOODS_SERVICES_EUROPE,lt:country,2020-Q1,2026-09-15T16:23:28.567411+00:00,8188.9,final,2020-01-01,2020-03-31,1,2026-09-15T16:23:28.567411+00:00
IMPORTS_GOODS_SERVICES_EUROPE,lt:country,2020-Q2,2026-09-15T16:23:28.567411+00:00,6913.0,final,2020-04-01,2020-06-30,1,2026-09-15T16:23:28.567411+00:00
IMPORTS_GOODS_SERVICES_EUROPE,lt:country,2020-Q3,2026-09-15T16:23:28.567411+00:00,7922.8,final,2020-07-01,2020-09-30,1,2026-09-15T16:23:28.567411+00:00
IMPORTS_GOODS_SERVICES_EUROPE,lt:country,2020-Q4,2026-09-15T16:23:28.567411+00:00,8309.7,final,2020-10-01,2020-12-31,1,2026-09-15T16:23:28.567411+00:00
IMPORTS_GOODS_SERVICES_EUROPE,lt:country,2021-Q1,2026-09-15T16:23:28.567411+00:00,8604.7,final,2021-01-01,2021-03-31,1,2026-09-15T16:23:28.567411+00:00
IMPORTS_GOODS_SERVICES_EUROPE,lt:country,2021-Q2,2026-09-15T16:23:28.567411+00:00,9456.8,final,2021-04-01,2021-06-30,1,2026-09-15T16:23:28.567411+00:00
IMPORTS_GOODS_SERVICES_EUROPE,lt:country,2021-Q3,2026-09-15T16:23:28.567411+00:00,9390.8,final,2021-07-01,2021-09-30,1,2026-09-15T16:23:28.567411+00:00
IMPORTS_GOODS_SERVICES_EUROPE,lt:country,2021-Q4,2026-09-15T16:23:28.567411+00:00,9915.8,final,2021-10-01,2021-12-31,1,2026-09-15T16:23:28.567411+00:00
IMPORTS_GOODS_SERVICES_EUROPE,lt:country,2022-Q1,2026-09-15T16:23:28.567411+00:00,10612.0,final,2022-01-01,2022-03-31,1,2026-09-15T16:23:28.567411+00:00
IMPORTS_GOODS_SERVICES_EUROPE,lt:country,2022-Q2,2026-09-15T16:23:28.567411+00:00,10273.0,final,2022-04-01,2022-06-30,1,2026-09-15T16:23:28.567411+00:00
IMPORTS_GOODS_SERVICES_EUROPE,lt:country,2022-Q3,2026-09-15T16:23:28.567411+00:00,10587.6,final,2022-07-01,2022-09-30,1,2026-09-15T16:23:28.567411+00:00
IMPORTS_GOODS_SERVICES_EUROPE,lt:country,2022-Q4,2026-09-15T16:23:28.567411+00:00,10754.9,final,2022-10-01,2022-12-31,1,2026-09-15T16:23:28.567411+00:00
IMPORTS_GOODS_SERVICES_EUROPE,lt:country,2023-Q1,2026-09-15T16:23:28.567411+00:00,10149.7,final,2023-01-01,2023-03-31,1,2026-09-15T16:23:28.567411+00:00
IMPORTS_GOODS_SERVICES_EUROPE,lt:country,2023-Q2,2026-09-15T16:23:28.567411+00:00,10054.7,final,2023-04-01,2023-06-30,1,2026-09-15T16:23:28.567411+00:00
IMPORTS_GOODS_SERVICES_EUROPE,lt:country,2023-Q3,2026-09-15T16:23:28.567411+00:00,9810.8,final,2023-07-01,2023-09-30,1,2026-09-15T16:23:28.567411+00:00
IMPORTS_GOODS_SERVICES_EUROPE,lt:country,2023-Q4,2026-09-15T16:23:28.567411+00:00,9987.6,final,2023-10-01,2023-12-31,1,2026-09-15T16:23:28.567411+00:00
IMPORTS_GOODS_SERVICES_EUROPE,lt:country,2024-Q1,2026-09-15T16:23:28.567411+00:00,10090.4,final,2024-01-01,2024-03-31,1,2026-09-15T16:23:28.567411+00:00
IMPORTS_GOODS_SERVICES_EUROPE,lt:country,2024-Q2,2026-09-15T16:23:28.567411+00:00,10244.8,final,2024-04-01,2024-06-30,1,2026-09-15T16:23:28.567411+00:00
IMPORTS_GOODS_SERVICES_EUROPE,lt:country,2024-Q3,2026-09-15T16:23:28.567411+00:00,10231.6,final,2024-07-01,2024-09-30,1,2026-09-15T16:23:28.567411+00:00
IMPORTS_GOODS_SERVICES_EUROPE,lt:country,2024-Q4,2026-09-15T16:23:28.567411+00:00,10408.5,final,2024-10-01,2024-12-31,1,2026-09-15T16:23:28.567411+00:00
IMPORTS_GOODS_SERVICES_EUROPE,lt:country,2025-Q1,2026-09-15T16:23:28.567411+00:00,11241.4,final,2025-01-01,2025-03-31,1,2026-09-15T16:23:28.567411+00:00
IMPORTS_GOODS_SERVICES_EUROPE,lt:country,2025-Q2,2026-09-15T16:23:28.567411+00:00,11036.1,final,2025-04-01,2025-06-30,1,2026-09-15T16:23:28.567411+00:00
IMPORTS_GOODS_SERVICES_EUROPE,lt:country,2025-Q3,2026-09-15T16:23:28.567411+00:00,11255.2,final,2025-07-01,2025-09-30,1,2026-09-15T16:23:28.567411+00:00
IMPORTS_GOODS_SERVICES_EUROPE,lt:country,2025-Q4,2026-09-15T16:23:28.567411+00:00,11245.5,final,2025-10-01,2025-12-31,1,2026-09-15T16:23:28.567411+00:00
IMPORTS_GOODS_SERVICES_EUROPE,lt:country,2026-Q1,2026-09-15T16:23:28.567411+00:00,11787.0,final,2026-01-01,2026-03-31,1,2026-09-15T16:23:28.567411+00:00
IMPORTS_GOODS_SERVICES_EUROPE,lt:country,2026-Q2,2026-09-15T16:23:28.567411+00:00,11958.6,final,2026-04-01,2026-06-30,1,2026-09-15T16:23:28.567411+00:00
IMPORTS_GOODS_SERVICES_EUROPE,lu:country,2008-Q1,2026-09-15T16:23:28.567411+00:00,13337.3,final,2008-01-01,2008-03-31,1,2026-09-15T16:23:28.567411+00:00
IMPORTS_GOODS_SERVICES_EUROPE,lu:country,2008-Q2,2026-09-15T16:23:28.567411+00:00,13555.4,final,2008-04-01,2008-06-30,1,2026-09-15T16:23:28.567411+00:00
IMPORTS_GOODS_SERVICES_EUROPE,lu:country,2008-Q3,2026-09-15T16:23:28.567411+00:00,13950.1,final,2008-07-01,2008-09-30,1,2026-09-15T16:23:28.567411+00:00
IMPORTS_GOODS_SERVICES_EUROPE,lu:country,2008-Q4,2026-09-15T16:23:28.567411+00:00,12606.3,final,2008-10-01,2008-12-31,1,2026-09-15T16:23:28.567411+00:00
IMPORTS_GOODS_SERVICES_EUROPE,lu:country,2009-Q1,2026-09-15T16:23:28.567411+00:00,11732.2,final,2009-01-01,2009-03-31,1,2026-09-15T16:23:28.567411+00:00
IMPORTS_GOODS_SERVICES_EUROPE,lu:country,2009-Q2,2026-09-15T16:23:28.567411+00:00,11712.4,final,2009-04-01,2009-06-30,1,2026-09-15T16:23:28.567411+00:00
IMPORTS_GOODS_SERVICES_EUROPE,lu:country,2009-Q3,2026-09-15T16:23:28.567411+00:00,12252.2,final,2009-07-01,2009-09-30,1,2026-09-15T16:23:28.567411+00:00
IMPORTS_GOODS_SERVICES_EUROPE,lu:country,2009-Q4,2026-09-15T16:23:28.567411+00:00,12860.7,final,2009-10-01,2009-12-31,1,2026-09-15T16:23:28.567411+00:00
IMPORTS_GOODS_SERVICES_EUROPE,lu:country,2010-Q1,2026-09-15T16:23:28.567411+00:00,13488.3,final,2010-01-01,2010-03-31,1,2026-09-15T16:23:28.567411+00:00
IMPORTS_GOODS_SERVICES_EUROPE,lu:country,2010-Q2,2026-09-15T16:23:28.567411+00:00,14312.1,final,2010-04-01,2010-06-30,1,2026-09-15T16:23:28.567411+00:00
IMPORTS_GOODS_SERVICES_EUROPE,lu:country,2010-Q3,2026-09-15T16:23:28.567411+00:00,13549.8,final,2010-07-01,2010-09-30,1,2026-09-15T16:23:28.567411+00:00
IMPORTS_GOODS_SERVICES_EUROPE,lu:country,2010-Q4,2026-09-15T16:23:28.567411+00:00,14176.1,final,2010-10-01,2010-12-31,1,2026-09-15T16:23:28.567411+00:00
IMPORTS_GOODS_SERVICES_EUROPE,lu:country,2011-Q1,2026-09-15T16:23:28.567411+00:00,14765.3,final,2011-01-01,2011-03-31,1,2026-09-15T16:23:28.567411+00:00
IMPORTS_GOODS_SERVICES_EUROPE,lu:country,2011-Q2,2026-09-15T16:23:28.567411+00:00,14614.9,final,2011-04-01,2011-06-30,1,2026-09-15T16:23:28.567411+00:00
IMPORTS_GOODS_SERVICES_EUROPE,lu:country,2011-Q3,2026-09-15T16:23:28.567411+00:00,14870.9,final,2011-07-01,2011-09-30,1,2026-09-15T16:23:28.567411+00:00
IMPORTS_GOODS_SERVICES_EUROPE,lu:country,2011-Q4,2026-09-15T16:23:28.567411+00:00,15034.2,final,2011-10-01,2011-12-31,1,2026-09-15T16:23:28.567411+00:00
IMPORTS_GOODS_SERVICES_EUROPE,lu:country,2012-Q1,2026-09-15T16:23:28.567411+00:00,14905.6,final,2012-01-01,2012-03-31,1,2026-09-15T16:23:28.567411+00:00
IMPORTS_GOODS_SERVICES_EUROPE,lu:country,2012-Q2,2026-09-15T16:23:28.567411+00:00,15114.1,final,2012-04-01,2012-06-30,1,2026-09-15T16:23:28.567411+00:00
IMPORTS_GOODS_SERVICES_EUROPE,lu:country,2012-Q3,2026-09-15T16:23:28.567411+00:00,15159.7,final,2012-07-01,2012-09-30,1,2026-09-15T16:23:28.567411+00:00
IMPORTS_GOODS_SERVICES_EUROPE,lu:country,2012-Q4,2026-09-15T16:23:28.567411+00:00,15139.6,final,2012-10-01,2012-12-31,1,2026-09-15T16:23:28.567411+00:00
IMPORTS_GOODS_SERVICES_EUROPE,lu:country,2013-Q1,2026-09-15T16:23:28.567411+00:00,15550.1,final,2013-01-01,2013-03-31,1,2026-09-15T16:23:28.567411+00:00
IMPORTS_GOODS_SERVICES_EUROPE,lu:country,2013-Q2,2026-09-15T16:23:28.567411+00:00,15954.8,final,2013-04-01,2013-06-30,1,2026-09-15T16:23:28.567411+00:00
IMPORTS_GOODS_SERVICES_EUROPE,lu:country,2013-Q3,2026-09-15T16:23:28.567411+00:00,16237.8,final,2013-07-01,2013-09-30,1,2026-09-15T16:23:28.567411+00:00
IMPORTS_GOODS_SERVICES_EUROPE,lu:country,2013-Q4,2026-09-15T16:23:28.567411+00:00,16307.3,final,2013-10-01,2013-12-31,1,2026-09-15T16:23:28.567411+00:00
IMPORTS_GOODS_SERVICES_EUROPE,lu:country,2014-Q1,2026-09-15T16:23:28.567411+00:00,16724.6,final,2014-01-01,2014-03-31,1,2026-09-15T16:23:28.567411+00:00
IMPORTS_GOODS_SERVICES_EUROPE,lu:country,2014-Q2,2026-09-15T16:23:28.567411+00:00,16736.4,final,2014-04-01,2014-06-30,1,2026-09-15T16:23:28.567411+00:00
IMPORTS_GOODS_SERVICES_EUROPE,lu:country,2014-Q3,2026-09-15T16:23:28.567411+00:00,17497.5,final,2014-07-01,2014-09-30,1,2026-09-15T16:23:28.567411+00:00
IMPORTS_GOODS_SERVICES_EUROPE,lu:country,2014-Q4,2026-09-15T16:23:28.567411+00:00,18327.8,final,2014-10-01,2014-12-31,1,2026-09-15T16:23:28.567411+00:00
IMPORTS_GOODS_SERVICES_EUROPE,lu:country,2015-Q1,2026-09-15T16:23:28.567411+00:00,18449.4,final,2015-01-01,2015-03-31,1,2026-09-15T16:23:28.567411+00:00
IMPORTS_GOODS_SERVICES_EUROPE,lu:country,2015-Q2,2026-09-15T16:23:28.567411+00:00,18459.4,final,2015-04-01,2015-06-30,1,2026-09-15T16:23:28.567411+00:00
IMPORTS_GOODS_SERVICES_EUROPE,lu:country,2015-Q3,2026-09-15T16:23:28.567411+00:00,18160.3,final,2015-07-01,2015-09-30,1,2026-09-15T16:23:28.567411+00:00
IMPORTS_GOODS_SERVICES_EUROPE,lu:country,2015-Q4,2026-09-15T16:23:28.567411+00:00,18182.0,final,2015-10-01,2015-12-31,1,2026-09-15T16:23:28.567411+00:00
IMPORTS_GOODS_SERVICES_EUROPE,lu:country,2016-Q1,2026-09-15T16:23:28.567411+00:00,18753.7,final,2016-01-01,2016-03-31,1,2026-09-15T16:23:28.567411+00:00
IMPORTS_GOODS_SERVICES_EUROPE,lu:country,2016-Q2,2026-09-15T16:23:28.567411+00:00,19072.6,final,2016-04-01,2016-06-30,1,2026-09-15T16:23:28.567411+00:00
IMPORTS_GOODS_SERVICES_EUROPE,lu:country,2016-Q3,2026-09-15T16:23:28.567411+00:00,18885.0,final,2016-07-01,2016-09-30,1,2026-09-15T16:23:28.567411+00:00
IMPORTS_GOODS_SERVICES_EUROPE,lu:country,2016-Q4,2026-09-15T16:23:28.567411+00:00,19268.1,final,2016-10-01,2016-12-31,1,2026-09-15T16:23:28.567411+00:00
IMPORTS_GOODS_SERVICES_EUROPE,lu:country,2017-Q1,2026-09-15T16:23:28.567411+00:00,18716.6,final,2017-01-01,2017-03-31,1,2026-09-15T16:23:28.567411+00:00
IMPORTS_GOODS_SERVICES_EUROPE,lu:country,2017-Q2,2026-09-15T16:23:28.567411+00:00,19048.2,final,2017-04-01,2017-06-30,1,2026-09-15T16:23:28.567411+00:00
IMPORTS_GOODS_SERVICES_EUROPE,lu:country,2017-Q3,2026-09-15T16:23:28.567411+00:00,19250.1,final,2017-07-01,2017-09-30,1,2026-09-15T16:23:28.567411+00:00
IMPORTS_GOODS_SERVICES_EUROPE,lu:country,2017-Q4,2026-09-15T16:23:28.567411+00:00,19533.4,final,2017-10-01,2017-12-31,1,2026-09-15T16:23:28.567411+00:00
IMPORTS_GOODS_SERVICES_EUROPE,lu:country,2018-Q1,2026-09-15T16:23:28.567411+00:00,19424.2,final,2018-01-01,2018-03-31,1,2026-09-15T16:23:28.567411+00:00
IMPORTS_GOODS_SERVICES_EUROPE,lu:country,2018-Q2,2026-09-15T16:23:28.567411+00:00,19618.8,final,2018-04-01,2018-06-30,1,2026-09-15T16:23:28.567411+00:00
IMPORTS_GOODS_SERVICES_EUROPE,lu:country,2018-Q3,2026-09-15T16:23:28.567411+00:00,19888.4,final,2018-07-01,2018-09-30,1,2026-09-15T16:23:28.567411+00:00
IMPORTS_GOODS_SERVICES_EUROPE,lu:country,2018-Q4,2026-09-15T16:23:28.567411+00:00,20266.6,final,2018-10-01,2018-12-31,1,2026-09-15T16:23:28.567411+00:00
IMPORTS_GOODS_SERVICES_EUROPE,lu:country,2019-Q1,2026-09-15T16:23:28.567411+00:00,20897.9,final,2019-01-01,2019-03-31,1,2026-09-15T16:23:28.567411+00:00
IMPORTS_GOODS_SERVICES_EUROPE,lu:country,2019-Q2,2026-09-15T16:23:28.567411+00:00,21193.8,final,2019-04-01,2019-06-30,1,2026-09-15T16:23:28.567411+00:00
IMPORTS_GOODS_SERVICES_EUROPE,lu:country,2019-Q3,2026-09-15T16:23:28.567411+00:00,21519.3,final,2019-07-01,2019-09-30,1,2026-09-15T16:23:28.567411+00:00
IMPORTS_GOODS_SERVICES_EUROPE,lu:country,2019-Q4,2026-09-15T16:23:28.567411+00:00,21503.2,final,2019-10-01,2019-12-31,1,2026-09-15T16:23:28.567411+00:00
IMPORTS_GOODS_SERVICES_EUROPE,lu:country,2020-Q1,2026-09-15T16:23:28.567411+00:00,21284.5,final,2020-01-01,2020-03-31,1,2026-09-15T16:23:28.567411+00:00
IMPORTS_GOODS_SERVICES_EUROPE,lu:country,2020-Q2,2026-09-15T16:23:28.567411+00:00,20404.4,final,2020-04-01,2020-06-30,1,2026-09-15T16:23:28.567411+00:00
IMPORTS_GOODS_SERVICES_EUROPE,lu:country,2020-Q3,2026-09-15T16:23:28.567411+00:00,21929.6,final,2020-07-01,2020-09-30,1,2026-09-15T16:23:28.567411+00:00
IMPORTS_GOODS_SERVICES_EUROPE,lu:country,2020-Q4,2026-09-15T16:23:28.567411+00:00,22700.8,final,2020-10-01,2020-12-31,1,2026-09-15T16:23:28.567411+00:00
IMPORTS_GOODS_SERVICES_EUROPE,lu:country,2021-Q1,2026-09-15T16:23:28.567411+00:00,23730.5,final,2021-01-01,2021-03-31,1,2026-09-15T16:23:28.567411+00:00
IMPORTS_GOODS_SERVICES_EUROPE,lu:country,2021-Q2,2026-09-15T16:23:28.567411+00:00,24840.2,final,2021-04-01,2021-06-30,1,2026-09-15T16:23:28.567411+00:00
IMPORTS_GOODS_SERVICES_EUROPE,lu:country,2021-Q3,2026-09-15T16:23:28.567411+00:00,23872.6,final,2021-07-01,2021-09-30,1,2026-09-15T16:23:28.567411+00:00
IMPORTS_GOODS_SERVICES_EUROPE,lu:country,2021-Q4,2026-09-15T16:23:28.567411+00:00,25463.7,final,2021-10-01,2021-12-31,1,2026-09-15T16:23:28.567411+00:00
IMPORTS_GOODS_SERVICES_EUROPE,lu:country,2022-Q1,2026-09-15T16:23:28.567411+00:00,24940.8,final,2022-01-01,2022-03-31,1,2026-09-15T16:23:28.567411+00:00
IMPORTS_GOODS_SERVICES_EUROPE,lu:country,2022-Q2,2026-09-15T16:23:28.567411+00:00,25004.1,final,2022-04-01,2022-06-30,1,2026-09-15T16:23:28.567411+00:00
IMPORTS_GOODS_SERVICES_EUROPE,lu:country,2022-Q3,2026-09-15T16:23:28.567411+00:00,24990.3,final,2022-07-01,2022-09-30,1,2026-09-15T16:23:28.567411+00:00
IMPORTS_GOODS_SERVICES_EUROPE,lu:country,2022-Q4,2026-09-15T16:23:28.567411+00:00,25360.9,final,2022-10-01,2022-12-31,1,2026-09-15T16:23:28.567411+00:00
IMPORTS_GOODS_SERVICES_EUROPE,lu:country,2023-Q1,2026-09-15T16:23:28.567411+00:00,25574.7,final,2023-01-01,2023-03-31,1,2026-09-15T16:23:28.567411+00:00
IMPORTS_GOODS_SERVICES_EUROPE,lu:country,2023-Q2,2026-09-15T16:23:28.567411+00:00,25454.0,final,2023-04-01,2023-06-30,1,2026-09-15T16:23:28.567411+00:00
IMPORTS_GOODS_SERVICES_EUROPE,lu:country,2023-Q3,2026-09-15T16:23:28.567411+00:00,25588.5,final,2023-07-01,2023-09-30,1,2026-09-15T16:23:28.567411+00:00
IMPORTS_GOODS_SERVICES_EUROPE,lu:country,2023-Q4,2026-09-15T16:23:28.567411+00:00,24626.6,final,2023-10-01,2023-12-31,1,2026-09-15T16:23:28.567411+00:00
IMPORTS_GOODS_SERVICES_EUROPE,lu:country,2024-Q1,2026-09-15T16:23:28.567411+00:00,22925.5,final,2024-01-01,2024-03-31,1,2026-09-15T16:23:28.567411+00:00
IMPORTS_GOODS_SERVICES_EUROPE,lu:country,2024-Q2,2026-09-15T16:23:28.567411+00:00,22189.4,final,2024-04-01,2024-06-30,1,2026-09-15T16:23:28.567411+00:00
IMPORTS_GOODS_SERVICES_EUROPE,lu:country,2024-Q3,2026-09-15T16:23:28.567411+00:00,21150.4,final,2024-07-01,2024-09-30,1,2026-09-15T16:23:28.567411+00:00
IMPORTS_GOODS_SERVICES_EUROPE,lu:country,2024-Q4,2026-09-15T16:23:28.567411+00:00,21209.0,final,2024-10-01,2024-12-31,1,2026-09-15T16:23:28.567411+00:00
IMPORTS_GOODS_SERVICES_EUROPE,lu:country,2025-Q1,2026-09-15T16:23:28.567411+00:00,22020.1,provisional,2025-01-01,2025-03-31,1,2026-09-15T16:23:28.567411+00:00
IMPORTS_GOODS_SERVICES_EUROPE,lu:country,2025-Q2,2026-09-15T16:23:28.567411+00:00,22177.0,provisional,2025-04-01,2025-06-30,1,2026-09-15T16:23:28.567411+00:00
IMPORTS_GOODS_SERVICES_EUROPE,lu:country,2025-Q3,2026-09-15T16:23:28.567411+00:00,22627.4,provisional,2025-07-01,2025-09-30,1,2026-09-15T16:23:28.567411+00:00
IMPORTS_GOODS_SERVICES_EUROPE,lu:country,2025-Q4,2026-09-15T16:23:28.567411+00:00,22197.5,provisional,2025-10-01,2025-12-31,1,2026-09-15T16:23:28.567411+00:00
IMPORTS_GOODS_SERVICES_EUROPE,lu:country,2026-Q1,2026-09-15T16:23:28.567411+00:00,22160.0,provisional,2026-01-01,2026-03-31,1,2026-09-15T16:23:28.567411+00:00
IMPORTS_GOODS_SERVICES_EUROPE,lv:country,2008-Q1,2026-09-15T16:23:28.567411+00:00,3373.1,final,2008-01-01,2008-03-31,1,2026-09-15T16:23:28.567411+00:00
IMPORTS_GOODS_SERVICES_EUROPE,lv:country,2008-Q2,2026-09-15T16:23:28.567411+00:00,3329.3,final,2008-04-01,2008-06-30,1,2026-09-15T16:23:28.567411+00:00
IMPORTS_GOODS_SERVICES_EUROPE,lv:country,2008-Q3,2026-09-15T16:23:28.567411+00:00,3151.1,final,2008-07-01,2008-09-30,1,2026-09-15T16:23:28.567411+00:00
IMPORTS_GOODS_SERVICES_EUROPE,lv:country,2008-Q4,2026-09-15T16:23:28.567411+00:00,2889.8,final,2008-10-01,2008-12-31,1,2026-09-15T16:23:28.567411+00:00
IMPORTS_GOODS_SERVICES_EUROPE,lv:country,2009-Q1,2026-09-15T16:23:28.567411+00:00,2311.6,final,2009-01-01,2009-03-31,1,2026-09-15T16:23:28.567411+00:00
IMPORTS_GOODS_SERVICES_EUROPE,lv:country,2009-Q2,2026-09-15T16:23:28.567411+00:00,2136.6,final,2009-04-01,2009-06-30,1,2026-09-15T16:23:28.567411+00:00
IMPORTS_GOODS_SERVICES_EUROPE,lv:country,2009-Q3,2026-09-15T16:23:28.567411+00:00,2138.2,final,2009-07-01,2009-09-30,1,2026-09-15T16:23:28.567411+00:00
IMPORTS_GOODS_SERVICES_EUROPE,lv:country,2009-Q4,2026-09-15T16:23:28.567411+00:00,2221.4,final,2009-10-01,2009-12-31,1,2026-09-15T16:23:28.567411+00:00
IMPORTS_GOODS_SERVICES_EUROPE,lv:country,2010-Q1,2026-09-15T16:23:28.567411+00:00,2288.7,final,2010-01-01,2010-03-31,1,2026-09-15T16:23:28.567411+00:00
IMPORTS_GOODS_SERVICES_EUROPE,lv:country,2010-Q2,2026-09-15T16:23:28.567411+00:00,2397.0,final,2010-04-01,2010-06-30,1,2026-09-15T16:23:28.567411+00:00
IMPORTS_GOODS_SERVICES_EUROPE,lv:country,2010-Q3,2026-09-15T16:23:28.567411+00:00,2550.6,final,2010-07-01,2010-09-30,1,2026-09-15T16:23:28.567411+00:00
IMPORTS_GOODS_SERVICES_EUROPE,lv:country,2010-Q4,2026-09-15T16:23:28.567411+00:00,2664.9,final,2010-10-01,2010-12-31,1,2026-09-15T16:23:28.567411+00:00
IMPORTS_GOODS_SERVICES_EUROPE,lv:country,2011-Q1,2026-09-15T16:23:28.567411+00:00,2846.5,final,2011-01-01,2011-03-31,1,2026-09-15T16:23:28.567411+00:00
IMPORTS_GOODS_SERVICES_EUROPE,lv:country,2011-Q2,2026-09-15T16:23:28.567411+00:00,3016.3,final,2011-04-01,2011-06-30,1,2026-09-15T16:23:28.567411+00:00
IMPORTS_GOODS_SERVICES_EUROPE,lv:country,2011-Q3,2026-09-15T16:23:28.567411+00:00,3121.4,final,2011-07-01,2011-09-30,1,2026-09-15T16:23:28.567411+00:00
IMPORTS_GOODS_SERVICES_EUROPE,lv:country,2011-Q4,2026-09-15T16:23:28.567411+00:00,3152.4,final,2011-10-01,2011-12-31,1,2026-09-15T16:23:28.567411+00:00
IMPORTS_GOODS_SERVICES_EUROPE,lv:country,2012-Q1,2026-09-15T16:23:28.567411+00:00,3180.0,final,2012-01-01,2012-03-31,1,2026-09-15T16:23:28.567411+00:00
IMPORTS_GOODS_SERVICES_EUROPE,lv:country,2012-Q2,2026-09-15T16:23:28.567411+00:00,3218.2,final,2012-04-01,2012-06-30,1,2026-09-15T16:23:28.567411+00:00
IMPORTS_GOODS_SERVICES_EUROPE,lv:country,2012-Q3,2026-09-15T16:23:28.567411+00:00,3175.7,final,2012-07-01,2012-09-30,1,2026-09-15T16:23:28.567411+00:00
IMPORTS_GOODS_SERVICES_EUROPE,lv:country,2012-Q4,2026-09-15T16:23:28.567411+00:00,3230.4,final,2012-10-01,2012-12-31,1,2026-09-15T16:23:28.567411+00:00
IMPORTS_GOODS_SERVICES_EUROPE,lv:country,2013-Q1,2026-09-15T16:23:28.567411+00:00,3202.9,final,2013-01-01,2013-03-31,1,2026-09-15T16:23:28.567411+00:00
IMPORTS_GOODS_SERVICES_EUROPE,lv:country,2013-Q2,2026-09-15T16:23:28.567411+00:00,3173.4,final,2013-04-01,2013-06-30,1,2026-09-15T16:23:28.567411+00:00
IMPORTS_GOODS_SERVICES_EUROPE,lv:country,2013-Q3,2026-09-15T16:23:28.567411+00:00,3216.5,final,2013-07-01,2013-09-30,1,2026-09-15T16:23:28.567411+00:00
IMPORTS_GOODS_SERVICES_EUROPE,lv:country,2013-Q4,2026-09-15T16:23:28.567411+00:00,3198.4,final,2013-10-01,2013-12-31,1,2026-09-15T16:23:28.567411+00:00
IMPORTS_GOODS_SERVICES_EUROPE,lv:country,2014-Q1,2026-09-15T16:23:28.567411+00:00,3293.7,final,2014-01-01,2014-03-31,1,2026-09-15T16:23:28.567411+00:00
IMPORTS_GOODS_SERVICES_EUROPE,lv:country,2014-Q2,2026-09-15T16:23:28.567411+00:00,3275.5,final,2014-04-01,2014-06-30,1,2026-09-15T16:23:28.567411+00:00
IMPORTS_GOODS_SERVICES_EUROPE,lv:country,2014-Q3,2026-09-15T16:23:28.567411+00:00,3243.0,final,2014-07-01,2014-09-30,1,2026-09-15T16:23:28.567411+00:00
IMPORTS_GOODS_SERVICES_EUROPE,lv:country,2014-Q4,2026-09-15T16:23:28.567411+00:00,3356.0,final,2014-10-01,2014-12-31,1,2026-09-15T16:23:28.567411+00:00
IMPORTS_GOODS_SERVICES_EUROPE,lv:country,2015-Q1,2026-09-15T16:23:28.567411+00:00,3249.6,final,2015-01-01,2015-03-31,1,2026-09-15T16:23:28.567411+00:00
IMPORTS_GOODS_SERVICES_EUROPE,lv:country,2015-Q2,2026-09-15T16:23:28.567411+00:00,3267.7,final,2015-04-01,2015-06-30,1,2026-09-15T16:23:28.567411+00:00
IMPORTS_GOODS_SERVICES_EUROPE,lv:country,2015-Q3,2026-09-15T16:23:28.567411+00:00,3400.3,final,2015-07-01,2015-09-30,1,2026-09-15T16:23:28.567411+00:00
IMPORTS_GOODS_SERVICES_EUROPE,lv:country,2015-Q4,2026-09-15T16:23:28.567411+00:00,3368.7,final,2015-10-01,2015-12-31,1,2026-09-15T16:23:28.567411+00:00
IMPORTS_GOODS_SERVICES_EUROPE,lv:country,2016-Q1,2026-09-15T16:23:28.567411+00:00,3389.7,final,2016-01-01,2016-03-31,1,2026-09-15T16:23:28.567411+00:00
IMPORTS_GOODS_SERVICES_EUROPE,lv:country,2016-Q2,2026-09-15T16:23:28.567411+00:00,3491.0,final,2016-04-01,2016-06-30,1,2026-09-15T16:23:28.567411+00:00
IMPORTS_GOODS_SERVICES_EUROPE,lv:country,2016-Q3,2026-09-15T16:23:28.567411+00:00,3405.0,final,2016-07-01,2016-09-30,1,2026-09-15T16:23:28.567411+00:00
IMPORTS_GOODS_SERVICES_EUROPE,lv:country,2016-Q4,2026-09-15T16:23:28.567411+00:00,3564.3,final,2016-10-01,2016-12-31,1,2026-09-15T16:23:28.567411+00:00
IMPORTS_GOODS_SERVICES_EUROPE,lv:country,2017-Q1,2026-09-15T16:23:28.567411+00:00,3632.0,final,2017-01-01,2017-03-31,1,2026-09-15T16:23:28.567411+00:00
IMPORTS_GOODS_SERVICES_EUROPE,lv:country,2017-Q2,2026-09-15T16:23:28.567411+00:00,3736.7,final,2017-04-01,2017-06-30,1,2026-09-15T16:23:28.567411+00:00
IMPORTS_GOODS_SERVICES_EUROPE,lv:country,2017-Q3,2026-09-15T16:23:28.567411+00:00,3834.8,final,2017-07-01,2017-09-30,1,2026-09-15T16:23:28.567411+00:00
IMPORTS_GOODS_SERVICES_EUROPE,lv:country,2017-Q4,2026-09-15T16:23:28.567411+00:00,3824.8,final,2017-10-01,2017-12-31,1,2026-09-15T16:23:28.567411+00:00
IMPORTS_GOODS_SERVICES_EUROPE,lv:country,2018-Q1,2026-09-15T16:23:28.567411+00:00,3887.0,final,2018-01-01,2018-03-31,1,2026-09-15T16:23:28.567411+00:00
IMPORTS_GOODS_SERVICES_EUROPE,lv:country,2018-Q2,2026-09-15T16:23:28.567411+00:00,3941.1,final,2018-04-01,2018-06-30,1,2026-09-15T16:23:28.567411+00:00
IMPORTS_GOODS_SERVICES_EUROPE,lv:country,2018-Q3,2026-09-15T16:23:28.567411+00:00,4086.8,final,2018-07-01,2018-09-30,1,2026-09-15T16:23:28.567411+00:00
IMPORTS_GOODS_SERVICES_EUROPE,lv:country,2018-Q4,2026-09-15T16:23:28.567411+00:00,4067.2,final,2018-10-01,2018-12-31,1,2026-09-15T16:23:28.567411+00:00
IMPORTS_GOODS_SERVICES_EUROPE,lv:country,2019-Q1,2026-09-15T16:23:28.567411+00:00,4038.1,final,2019-01-01,2019-03-31,1,2026-09-15T16:23:28.567411+00:00
IMPORTS_GOODS_SERVICES_EUROPE,lv:country,2019-Q2,2026-09-15T16:23:28.567411+00:00,4109.2,final,2019-04-01,2019-06-30,1,2026-09-15T16:23:28.567411+00:00
IMPORTS_GOODS_SERVICES_EUROPE,lv:country,2019-Q3,2026-09-15T16:23:28.567411+00:00,4067.0,final,2019-07-01,2019-09-30,1,2026-09-15T16:23:28.567411+00:00
IMPORTS_GOODS_SERVICES_EUROPE,lv:country,2019-Q4,2026-09-15T16:23:28.567411+00:00,4103.6,final,2019-10-01,2019-12-31,1,2026-09-15T16:23:28.567411+00:00
IMPORTS_GOODS_SERVICES_EUROPE,lv:country,2020-Q1,2026-09-15T16:23:28.567411+00:00,4214.8,final,2020-01-01,2020-03-31,1,2026-09-15T16:23:28.567411+00:00
IMPORTS_GOODS_SERVICES_EUROPE,lv:country,2020-Q2,2026-09-15T16:23:28.567411+00:00,3519.9,final,2020-04-01,2020-06-30,1,2026-09-15T16:23:28.567411+00:00
IMPORTS_GOODS_SERVICES_EUROPE,lv:country,2020-Q3,2026-09-15T16:23:28.567411+00:00,4132.7,final,2020-07-01,2020-09-30,1,2026-09-15T16:23:28.567411+00:00
IMPORTS_GOODS_SERVICES_EUROPE,lv:country,2020-Q4,2026-09-15T16:23:28.567411+00:00,4268.0,final,2020-10-01,2020-12-31,1,2026-09-15T16:23:28.567411+00:00
IMPORTS_GOODS_SERVICES_EUROPE,lv:country,2021-Q1,2026-09-15T16:23:28.567411+00:00,4295.1,final,2021-01-01,2021-03-31,1,2026-09-15T16:23:28.567411+00:00
IMPORTS_GOODS_SERVICES_EUROPE,lv:country,2021-Q2,2026-09-15T16:23:28.567411+00:00,4709.3,final,2021-04-01,2021-06-30,1,2026-09-15T16:23:28.567411+00:00
IMPORTS_GOODS_SERVICES_EUROPE,lv:country,2021-Q3,2026-09-15T16:23:28.567411+00:00,4810.2,final,2021-07-01,2021-09-30,1,2026-09-15T16:23:28.567411+00:00
IMPORTS_GOODS_SERVICES_EUROPE,lv:country,2021-Q4,2026-09-15T16:23:28.567411+00:00,4735.7,final,2021-10-01,2021-12-31,1,2026-09-15T16:23:28.567411+00:00
IMPORTS_GOODS_SERVICES_EUROPE,lv:country,2022-Q1,2026-09-15T16:23:28.567411+00:00,4965.8,final,2022-01-01,2022-03-31,1,2026-09-15T16:23:28.567411+00:00
IMPORTS_GOODS_SERVICES_EUROPE,lv:country,2022-Q2,2026-09-15T16:23:28.567411+00:00,5083.0,final,2022-04-01,2022-06-30,1,2026-09-15T16:23:28.567411+00:00
IMPORTS_GOODS_SERVICES_EUROPE,lv:country,2022-Q3,2026-09-15T16:23:28.567411+00:00,5231.7,final,2022-07-01,2022-09-30,1,2026-09-15T16:23:28.567411+00:00
IMPORTS_GOODS_SERVICES_EUROPE,lv:country,2022-Q4,2026-09-15T16:23:28.567411+00:00,5117.9,final,2022-10-01,2022-12-31,1,2026-09-15T16:23:28.567411+00:00
IMPORTS_GOODS_SERVICES_EUROPE,lv:country,2023-Q1,2026-09-15T16:23:28.567411+00:00,5024.9,final,2023-01-01,2023-03-31,1,2026-09-15T16:23:28.567411+00:00
IMPORTS_GOODS_SERVICES_EUROPE,lv:country,2023-Q2,2026-09-15T16:23:28.567411+00:00,4858.7,final,2023-04-01,2023-06-30,1,2026-09-15T16:23:28.567411+00:00
IMPORTS_GOODS_SERVICES_EUROPE,lv:country,2023-Q3,2026-09-15T16:23:28.567411+00:00,4731.7,final,2023-07-01,2023-09-30,1,2026-09-15T16:23:28.567411+00:00
IMPORTS_GOODS_SERVICES_EUROPE,lv:country,2023-Q4,2026-09-15T16:23:28.567411+00:00,4785.8,final,2023-10-01,2023-12-31,1,2026-09-15T16:23:28.567411+00:00
IMPORTS_GOODS_SERVICES_EUROPE,lv:country,2024-Q1,2026-09-15T16:23:28.567411+00:00,4745.3,final,2024-01-01,2024-03-31,1,2026-09-15T16:23:28.567411+00:00
IMPORTS_GOODS_SERVICES_EUROPE,lv:country,2024-Q2,2026-09-15T16:23:28.567411+00:00,4745.7,final,2024-04-01,2024-06-30,1,2026-09-15T16:23:28.567411+00:00
IMPORTS_GOODS_SERVICES_EUROPE,lv:country,2024-Q3,2026-09-15T16:23:28.567411+00:00,4757.7,final,2024-07-01,2024-09-30,1,2026-09-15T16:23:28.567411+00:00
IMPORTS_GOODS_SERVICES_EUROPE,lv:country,2024-Q4,2026-09-15T16:23:28.567411+00:00,4792.9,final,2024-10-01,2024-12-31,1,2026-09-15T16:23:28.567411+00:00
IMPORTS_GOODS_SERVICES_EUROPE,lv:country,2025-Q1,2026-09-15T16:23:28.567411+00:00,4986.6,final,2025-01-01,2025-03-31,1,2026-09-15T16:23:28.567411+00:00
IMPORTS_GOODS_SERVICES_EUROPE,lv:country,2025-Q2,2026-09-15T16:23:28.567411+00:00,5018.4,final,2025-04-01,2025-06-30,1,2026-09-15T16:23:28.567411+00:00
IMPORTS_GOODS_SERVICES_EUROPE,lv:country,2025-Q3,2026-09-15T16:23:28.567411+00:00,5031.8,final,2025-07-01,2025-09-30,1,2026-09-15T16:23:28.567411+00:00
IMPORTS_GOODS_SERVICES_EUROPE,lv:country,2025-Q4,2026-09-15T16:23:28.567411+00:00,5088.6,final,2025-10-01,2025-12-31,1,2026-09-15T16:23:28.567411+00:00
IMPORTS_GOODS_SERVICES_EUROPE,lv:country,2026-Q1,2026-09-15T16:23:28.567411+00:00,5141.1,final,2026-01-01,2026-03-31,1,2026-09-15T16:23:28.567411+00:00
IMPORTS_GOODS_SERVICES_EUROPE,lv:country,2026-Q2,2026-09-15T16:23:28.567411+00:00,5370.8,final,2026-04-01,2026-06-30,1,2026-09-15T16:23:28.567411+00:00
IMPORTS_GOODS_SERVICES_EUROPE,me:country,2008-Q1,2026-09-15T16:23:28.567411+00:00,721.5,final,2008-01-01,2008-03-31,1,2026-09-15T16:23:28.567411+00:00
IMPORTS_GOODS_SERVICES_EUROPE,me:country,2008-Q2,2026-09-15T16:23:28.567411+00:00,735.7,final,2008-04-01,2008-06-30,1,2026-09-15T16:23:28.567411+00:00
IMPORTS_GOODS_SERVICES_EUROPE,me:country,2008-Q3,2026-09-15T16:23:28.567411+00:00,746.8,final,2008-07-01,2008-09-30,1,2026-09-15T16:23:28.567411+00:00
IMPORTS_GOODS_SERVICES_EUROPE,me:country,2008-Q4,2026-09-15T16:23:28.567411+00:00,558.9,final,2008-10-01,2008-12-31,1,2026-09-15T16:23:28.567411+00:00
IMPORTS_GOODS_SERVICES_EUROPE,me:country,2009-Q1,2026-09-15T16:23:28.567411+00:00,545.8,final,2009-01-01,2009-03-31,1,2026-09-15T16:23:28.567411+00:00
IMPORTS_GOODS_SERVICES_EUROPE,me:country,2009-Q2,2026-09-15T16:23:28.567411+00:00,480.3,final,2009-04-01,2009-06-30,1,2026-09-15T16:23:28.567411+00:00
IMPORTS_GOODS_SERVICES_EUROPE,me:country,2009-Q3,2026-09-15T16:23:28.567411+00:00,494.3,final,2009-07-01,2009-09-30,1,2026-09-15T16:23:28.567411+00:00
IMPORTS_GOODS_SERVICES_EUROPE,me:country,2009-Q4,2026-09-15T16:23:28.567411+00:00,500.0,final,2009-10-01,2009-12-31,1,2026-09-15T16:23:28.567411+00:00
IMPORTS_GOODS_SERVICES_EUROPE,me:country,2010-Q1,2026-09-15T16:23:28.567411+00:00,495.0,final,2010-01-01,2010-03-31,1,2026-09-15T16:23:28.567411+00:00
IMPORTS_GOODS_SERVICES_EUROPE,me:country,2010-Q2,2026-09-15T16:23:28.567411+00:00,493.3,final,2010-04-01,2010-06-30,1,2026-09-15T16:23:28.567411+00:00
IMPORTS_GOODS_SERVICES_EUROPE,me:country,2010-Q3,2026-09-15T16:23:28.567411+00:00,485.9,final,2010-07-01,2010-09-30,1,2026-09-15T16:23:28.567411+00:00
IMPORTS_GOODS_SERVICES_EUROPE,me:country,2010-Q4,2026-09-15T16:23:28.567411+00:00,476.9,final,2010-10-01,2010-12-31,1,2026-09-15T16:23:28.567411+00:00
IMPORTS_GOODS_SERVICES_EUROPE,me:country,2011-Q1,2026-09-15T16:23:28.567411+00:00,479.2,final,2011-01-01,2011-03-31,1,2026-09-15T16:23:28.567411+00:00
IMPORTS_GOODS_SERVICES_EUROPE,me:country,2011-Q2,2026-09-15T16:23:28.567411+00:00,487.6,final,2011-04-01,2011-06-30,1,2026-09-15T16:23:28.567411+00:00
IMPORTS_GOODS_SERVICES_EUROPE,me:country,2011-Q3,2026-09-15T16:23:28.567411+00:00,494.9,final,2011-07-01,2011-09-30,1,2026-09-15T16:23:28.567411+00:00
IMPORTS_GOODS_SERVICES_EUROPE,me:country,2011-Q4,2026-09-15T16:23:28.567411+00:00,495.0,final,2011-10-01,2011-12-31,1,2026-09-15T16:23:28.567411+00:00
IMPORTS_GOODS_SERVICES_EUROPE,me:country,2012-Q1,2026-09-15T16:23:28.567411+00:00,499.5,final,2012-01-01,2012-03-31,1,2026-09-15T16:23:28.567411+00:00
IMPORTS_GOODS_SERVICES_EUROPE,me:country,2012-Q2,2026-09-15T16:23:28.567411+00:00,484.5,final,2012-04-01,2012-06-30,1,2026-09-15T16:23:28.567411+00:00
IMPORTS_GOODS_SERVICES_EUROPE,me:country,2012-Q3,2026-09-15T16:23:28.567411+00:00,476.1,final,2012-07-01,2012-09-30,1,2026-09-15T16:23:28.567411+00:00
IMPORTS_GOODS_SERVICES_EUROPE,me:country,2012-Q4,2026-09-15T16:23:28.567411+00:00,474.5,final,2012-10-01,2012-12-31,1,2026-09-15T16:23:28.567411+00:00
IMPORTS_GOODS_SERVICES_EUROPE,me:country,2013-Q1,2026-09-15T16:23:28.567411+00:00,474.4,final,2013-01-01,2013-03-31,1,2026-09-15T16:23:28.567411+00:00
IMPORTS_GOODS_SERVICES_EUROPE,me:country,2013-Q2,2026-09-15T16:23:28.567411+00:00,478.0,final,2013-04-01,2013-06-30,1,2026-09-15T16:23:28.567411+00:00
IMPORTS_GOODS_SERVICES_EUROPE,me:country,2013-Q3,2026-09-15T16:23:28.567411+00:00,477.8,final,2013-07-01,2013-09-30,1,2026-09-15T16:23:28.567411+00:00
IMPORTS_GOODS_SERVICES_EUROPE,me:country,2013-Q4,2026-09-15T16:23:28.567411+00:00,476.8,final,2013-10-01,2013-12-31,1,2026-09-15T16:23:28.567411+00:00
IMPORTS_GOODS_SERVICES_EUROPE,me:country,2014-Q1,2026-09-15T16:23:28.567411+00:00,478.1,final,2014-01-01,2014-03-31,1,2026-09-15T16:23:28.567411+00:00
IMPORTS_GOODS_SERVICES_EUROPE,me:country,2014-Q2,2026-09-15T16:23:28.567411+00:00,482.9,final,2014-04-01,2014-06-30,1,2026-09-15T16:23:28.567411+00:00
IMPORTS_GOODS_SERVICES_EUROPE,me:country,2014-Q3,2026-09-15T16:23:28.567411+00:00,487.2,final,2014-07-01,2014-09-30,1,2026-09-15T16:23:28.567411+00:00
IMPORTS_GOODS_SERVICES_EUROPE,me:country,2014-Q4,2026-09-15T16:23:28.567411+00:00,493.1,final,2014-10-01,2014-12-31,1,2026-09-15T16:23:28.567411+00:00
IMPORTS_GOODS_SERVICES_EUROPE,me:country,2015-Q1,2026-09-15T16:23:28.567411+00:00,490.4,final,2015-01-01,2015-03-31,1,2026-09-15T16:23:28.567411+00:00
IMPORTS_GOODS_SERVICES_EUROPE,me:country,2015-Q2,2026-09-15T16:23:28.567411+00:00,503.4,final,2015-04-01,2015-06-30,1,2026-09-15T16:23:28.567411+00:00
IMPORTS_GOODS_SERVICES_EUROPE,me:country,2015-Q3,2026-09-15T16:23:28.567411+00:00,522.1,final,2015-07-01,2015-09-30,1,2026-09-15T16:23:28.567411+00:00
IMPORTS_GOODS_SERVICES_EUROPE,me:country,2015-Q4,2026-09-15T16:23:28.567411+00:00,535.8,final,2015-10-01,2015-12-31,1,2026-09-15T16:23:28.567411+00:00
IMPORTS_GOODS_SERVICES_EUROPE,me:country,2016-Q1,2026-09-15T16:23:28.567411+00:00,555.9,final,2016-01-01,2016-03-31,1,2026-09-15T16:23:28.567411+00:00
IMPORTS_GOODS_SERVICES_EUROPE,me:country,2016-Q2,2026-09-15T16:23:28.567411+00:00,629.3,final,2016-04-01,2016-06-30,1,2026-09-15T16:23:28.567411+00:00
IMPORTS_GOODS_SERVICES_EUROPE,me:country,2016-Q3,2026-09-15T16:23:28.567411+00:00,613.8,final,2016-07-01,2016-09-30,1,2026-09-15T16:23:28.567411+00:00
IMPORTS_GOODS_SERVICES_EUROPE,me:country,2016-Q4,2026-09-15T16:23:28.567411+00:00,608.4,final,2016-10-01,2016-12-31,1,2026-09-15T16:23:28.567411+00:00
IMPORTS_GOODS_SERVICES_EUROPE,me:country,2017-Q1,2026-09-15T16:23:28.567411+00:00,624.0,final,2017-01-01,2017-03-31,1,2026-09-15T16:23:28.567411+00:00
IMPORTS_GOODS_SERVICES_EUROPE,me:country,2017-Q2,2026-09-15T16:23:28.567411+00:00,635.3,final,2017-04-01,2017-06-30,1,2026-09-15T16:23:28.567411+00:00
IMPORTS_GOODS_SERVICES_EUROPE,me:country,2017-Q3,2026-09-15T16:23:28.567411+00:00,658.9,final,2017-07-01,2017-09-30,1,2026-09-15T16:23:28.567411+00:00
IMPORTS_GOODS_SERVICES_EUROPE,me:country,2017-Q4,2026-09-15T16:23:28.567411+00:00,685.6,final,2017-10-01,2017-12-31,1,2026-09-15T16:23:28.567411+00:00
IMPORTS_GOODS_SERVICES_EUROPE,me:country,2018-Q1,2026-09-15T16:23:28.567411+00:00,697.7,final,2018-01-01,2018-03-31,1,2026-09-15T16:23:28.567411+00:00
IMPORTS_GOODS_SERVICES_EUROPE,me:country,2018-Q2,2026-09-15T16:23:28.567411+00:00,710.4,final,2018-04-01,2018-06-30,1,2026-09-15T16:23:28.567411+00:00
IMPORTS_GOODS_SERVICES_EUROPE,me:country,2018-Q3,2026-09-15T16:23:28.567411+00:00,716.6,final,2018-07-01,2018-09-30,1,2026-09-15T16:23:28.567411+00:00
IMPORTS_GOODS_SERVICES_EUROPE,me:country,2018-Q4,2026-09-15T16:23:28.567411+00:00,733.9,final,2018-10-01,2018-12-31,1,2026-09-15T16:23:28.567411+00:00
IMPORTS_GOODS_SERVICES_EUROPE,me:country,2019-Q1,2026-09-15T16:23:28.567411+00:00,736.9,final,2019-01-01,2019-03-31,1,2026-09-15T16:23:28.567411+00:00
IMPORTS_GOODS_SERVICES_EUROPE,me:country,2019-Q2,2026-09-15T16:23:28.567411+00:00,737.9,final,2019-04-01,2019-06-30,1,2026-09-15T16:23:28.567411+00:00
IMPORTS_GOODS_SERVICES_EUROPE,me:country,2019-Q3,2026-09-15T16:23:28.567411+00:00,741.4,final,2019-07-01,2019-09-30,1,2026-09-15T16:23:28.567411+00:00
IMPORTS_GOODS_SERVICES_EUROPE,me:country,2019-Q4,2026-09-15T16:23:28.567411+00:00,720.4,final,2019-10-01,2019-12-31,1,2026-09-15T16:23:28.567411+00:00
IMPORTS_GOODS_SERVICES_EUROPE,me:country,2020-Q1,2026-09-15T16:23:28.567411+00:00,718.6,final,2020-01-01,2020-03-31,1,2026-09-15T16:23:28.567411+00:00
IMPORTS_GOODS_SERVICES_EUROPE,me:country,2020-Q2,2026-09-15T16:23:28.567411+00:00,493.2,final,2020-04-01,2020-06-30,1,2026-09-15T16:23:28.567411+00:00
IMPORTS_GOODS_SERVICES_EUROPE,me:country,2020-Q3,2026-09-15T16:23:28.567411+00:00,533.1,final,2020-07-01,2020-09-30,1,2026-09-15T16:23:28.567411+00:00
IMPORTS_GOODS_SERVICES_EUROPE,me:country,2020-Q4,2026-09-15T16:23:28.567411+00:00,585.0,final,2020-10-01,2020-12-31,1,2026-09-15T16:23:28.567411+00:00
IMPORTS_GOODS_SERVICES_EUROPE,me:country,2021-Q1,2026-09-15T16:23:28.567411+00:00,605.6,final,2021-01-01,2021-03-31,1,2026-09-15T16:23:28.567411+00:00
IMPORTS_GOODS_SERVICES_EUROPE,me:country,2021-Q2,2026-09-15T16:23:28.567411+00:00,642.4,final,2021-04-01,2021-06-30,1,2026-09-15T16:23:28.567411+00:00
IMPORTS_GOODS_SERVICES_EUROPE,me:country,2021-Q3,2026-09-15T16:23:28.567411+00:00,700.8,final,2021-07-01,2021-09-30,1,2026-09-15T16:23:28.567411+00:00
IMPORTS_GOODS_SERVICES_EUROPE,me:country,2021-Q4,2026-09-15T16:23:28.567411+00:00,728.0,final,2021-10-01,2021-12-31,1,2026-09-15T16:23:28.567411+00:00
IMPORTS_GOODS_SERVICES_EUROPE,me:country,2022-Q1,2026-09-15T16:23:28.567411+00:00,775.2,final,2022-01-01,2022-03-31,1,2026-09-15T16:23:28.567411+00:00
IMPORTS_GOODS_SERVICES_EUROPE,me:country,2022-Q2,2026-09-15T16:23:28.567411+00:00,826.0,final,2022-04-01,2022-06-30,1,2026-09-15T16:23:28.567411+00:00
IMPORTS_GOODS_SERVICES_EUROPE,me:country,2022-Q3,2026-09-15T16:23:28.567411+00:00,839.5,final,2022-07-01,2022-09-30,1,2026-09-15T16:23:28.567411+00:00
IMPORTS_GOODS_SERVICES_EUROPE,me:country,2022-Q4,2026-09-15T16:23:28.567411+00:00,873.9,final,2022-10-01,2022-12-31,1,2026-09-15T16:23:28.567411+00:00
IMPORTS_GOODS_SERVICES_EUROPE,me:country,2023-Q1,2026-09-15T16:23:28.567411+00:00,902.9,final,2023-01-01,2023-03-31,1,2026-09-15T16:23:28.567411+00:00
IMPORTS_GOODS_SERVICES_EUROPE,me:country,2023-Q2,2026-09-15T16:23:28.567411+00:00,880.1,final,2023-04-01,2023-06-30,1,2026-09-15T16:23:28.567411+00:00
IMPORTS_GOODS_SERVICES_EUROPE,me:country,2023-Q3,2026-09-15T16:23:28.567411+00:00,895.7,final,2023-07-01,2023-09-30,1,2026-09-15T16:23:28.567411+00:00
IMPORTS_GOODS_SERVICES_EUROPE,me:country,2023-Q4,2026-09-15T16:23:28.567411+00:00,886.7,final,2023-10-01,2023-12-31,1,2026-09-15T16:23:28.567411+00:00
IMPORTS_GOODS_SERVICES_EUROPE,me:country,2024-Q1,2026-09-15T16:23:28.567411+00:00,897.9,final,2024-01-01,2024-03-31,1,2026-09-15T16:23:28.567411+00:00
IMPORTS_GOODS_SERVICES_EUROPE,me:country,2024-Q2,2026-09-15T16:23:28.567411+00:00,936.0,final,2024-04-01,2024-06-30,1,2026-09-15T16:23:28.567411+00:00
IMPORTS_GOODS_SERVICES_EUROPE,me:country,2024-Q3,2026-09-15T16:23:28.567411+00:00,947.5,final,2024-07-01,2024-09-30,1,2026-09-15T16:23:28.567411+00:00
IMPORTS_GOODS_SERVICES_EUROPE,me:country,2024-Q4,2026-09-15T16:23:28.567411+00:00,970.5,final,2024-10-01,2024-12-31,1,2026-09-15T16:23:28.567411+00:00
IMPORTS_GOODS_SERVICES_EUROPE,me:country,2025-Q1,2026-09-15T16:23:28.567411+00:00,975.7,provisional,2025-01-01,2025-03-31,1,2026-09-15T16:23:28.567411+00:00
IMPORTS_GOODS_SERVICES_EUROPE,me:country,2025-Q2,2026-09-15T16:23:28.567411+00:00,966.5,provisional,2025-04-01,2025-06-30,1,2026-09-15T16:23:28.567411+00:00
IMPORTS_GOODS_SERVICES_EUROPE,me:country,2025-Q3,2026-09-15T16:23:28.567411+00:00,965.5,provisional,2025-07-01,2025-09-30,1,2026-09-15T16:23:28.567411+00:00
IMPORTS_GOODS_SERVICES_EUROPE,me:country,2025-Q4,2026-09-15T16:23:28.567411+00:00,962.5,provisional,2025-10-01,2025-12-31,1,2026-09-15T16:23:28.567411+00:00
IMPORTS_GOODS_SERVICES_EUROPE,me:country,2026-Q1,2026-09-15T16:23:28.567411+00:00,952.1,provisional,2026-01-01,2026-03-31,1,2026-09-15T16:23:28.567411+00:00
IMPORTS_GOODS_SERVICES_EUROPE,me:country,2026-Q2,2026-09-15T16:23:28.567411+00:00,960.8,provisional,2026-04-01,2026-06-30,1,2026-09-15T16:23:28.567411+00:00
IMPORTS_GOODS_SERVICES_EUROPE,mk:country,2008-Q1,2026-09-15T16:23:28.567411+00:00,1051.5,final,2008-01-01,2008-03-31,1,2026-09-15T16:23:28.567411+00:00
IMPORTS_GOODS_SERVICES_EUROPE,mk:country,2008-Q2,2026-09-15T16:23:28.567411+00:00,1070.8,final,2008-04-01,2008-06-30,1,2026-09-15T16:23:28.567411+00:00
IMPORTS_GOODS_SERVICES_EUROPE,mk:country,2008-Q3,2026-09-15T16:23:28.567411+00:00,1065.6,final,2008-07-01,2008-09-30,1,2026-09-15T16:23:28.567411+00:00
IMPORTS_GOODS_SERVICES_EUROPE,mk:country,2008-Q4,2026-09-15T16:23:28.567411+00:00,1069.3,final,2008-10-01,2008-12-31,1,2026-09-15T16:23:28.567411+00:00
IMPORTS_GOODS_SERVICES_EUROPE,mk:country,2009-Q1,2026-09-15T16:23:28.567411+00:00,1084.0,final,2009-01-01,2009-03-31,1,2026-09-15T16:23:28.567411+00:00
IMPORTS_GOODS_SERVICES_EUROPE,mk:country,2009-Q2,2026-09-15T16:23:28.567411+00:00,948.7,final,2009-04-01,2009-06-30,1,2026-09-15T16:23:28.567411+00:00
IMPORTS_GOODS_SERVICES_EUROPE,mk:country,2009-Q3,2026-09-15T16:23:28.567411+00:00,815.3,final,2009-07-01,2009-09-30,1,2026-09-15T16:23:28.567411+00:00
IMPORTS_GOODS_SERVICES_EUROPE,mk:country,2009-Q4,2026-09-15T16:23:28.567411+00:00,896.4,final,2009-10-01,2009-12-31,1,2026-09-15T16:23:28.567411+00:00
IMPORTS_GOODS_SERVICES_EUROPE,mk:country,2010-Q1,2026-09-15T16:23:28.567411+00:00,866.8,final,2010-01-01,2010-03-31,1,2026-09-15T16:23:28.567411+00:00
IMPORTS_GOODS_SERVICES_EUROPE,mk:country,2010-Q2,2026-09-15T16:23:28.567411+00:00,1064.7,final,2010-04-01,2010-06-30,1,2026-09-15T16:23:28.567411+00:00
IMPORTS_GOODS_SERVICES_EUROPE,mk:country,2010-Q3,2026-09-15T16:23:28.567411+00:00,1110.0,final,2010-07-01,2010-09-30,1,2026-09-15T16:23:28.567411+00:00
IMPORTS_GOODS_SERVICES_EUROPE,mk:country,2010-Q4,2026-09-15T16:23:28.567411+00:00,1072.0,final,2010-10-01,2010-12-31,1,2026-09-15T16:23:28.567411+00:00
IMPORTS_GOODS_SERVICES_EUROPE,mk:country,2011-Q1,2026-09-15T16:23:28.567411+00:00,1173.3,final,2011-01-01,2011-03-31,1,2026-09-15T16:23:28.567411+00:00
IMPORTS_GOODS_SERVICES_EUROPE,mk:country,2011-Q2,2026-09-15T16:23:28.567411+00:00,1045.1,final,2011-04-01,2011-06-30,1,2026-09-15T16:23:28.567411+00:00
IMPORTS_GOODS_SERVICES_EUROPE,mk:country,2011-Q3,2026-09-15T16:23:28.567411+00:00,1135.5,final,2011-07-01,2011-09-30,1,2026-09-15T16:23:28.567411+00:00
IMPORTS_GOODS_SERVICES_EUROPE,mk:country,2011-Q4,2026-09-15T16:23:28.567411+00:00,1102.9,final,2011-10-01,2011-12-31,1,2026-09-15T16:23:28.567411+00:00
IMPORTS_GOODS_SERVICES_EUROPE,mk:country,2012-Q1,2026-09-15T16:23:28.567411+00:00,1159.7,final,2012-01-01,2012-03-31,1,2026-09-15T16:23:28.567411+00:00
IMPORTS_GOODS_SERVICES_EUROPE,mk:country,2012-Q2,2026-09-15T16:23:28.567411+00:00,1171.2,final,2012-04-01,2012-06-30,1,2026-09-15T16:23:28.567411+00:00
IMPORTS_GOODS_SERVICES_EUROPE,mk:country,2012-Q3,2026-09-15T16:23:28.567411+00:00,1254.2,final,2012-07-01,2012-09-30,1,2026-09-15T16:23:28.567411+00:00
IMPORTS_GOODS_SERVICES_EUROPE,mk:country,2012-Q4,2026-09-15T16:23:28.567411+00:00,1230.2,final,2012-10-01,2012-12-31,1,2026-09-15T16:23:28.567411+00:00
IMPORTS_GOODS_SERVICES_EUROPE,mk:country,2013-Q1,2026-09-15T16:23:28.567411+00:00,1060.3,final,2013-01-01,2013-03-31,1,2026-09-15T16:23:28.567411+00:00
IMPORTS_GOODS_SERVICES_EUROPE,mk:country,2013-Q2,2026-09-15T16:23:28.567411+00:00,1282.9,final,2013-04-01,2013-06-30,1,2026-09-15T16:23:28.567411+00:00
IMPORTS_GOODS_SERVICES_EUROPE,mk:country,2013-Q3,2026-09-15T16:23:28.567411+00:00,1285.3,final,2013-07-01,2013-09-30,1,2026-09-15T16:23:28.567411+00:00
IMPORTS_GOODS_SERVICES_EUROPE,mk:country,2013-Q4,2026-09-15T16:23:28.567411+00:00,1281.8,final,2013-10-01,2013-12-31,1,2026-09-15T16:23:28.567411+00:00
IMPORTS_GOODS_SERVICES_EUROPE,mk:country,2014-Q1,2026-09-15T16:23:28.567411+00:00,1314.1,final,2014-01-01,2014-03-31,1,2026-09-15T16:23:28.567411+00:00
IMPORTS_GOODS_SERVICES_EUROPE,mk:country,2014-Q2,2026-09-15T16:23:28.567411+00:00,1430.1,final,2014-04-01,2014-06-30,1,2026-09-15T16:23:28.567411+00:00
IMPORTS_GOODS_SERVICES_EUROPE,mk:country,2014-Q3,2026-09-15T16:23:28.567411+00:00,1416.3,final,2014-07-01,2014-09-30,1,2026-09-15T16:23:28.567411+00:00
IMPORTS_GOODS_SERVICES_EUROPE,mk:country,2014-Q4,2026-09-15T16:23:28.567411+00:00,1449.6,final,2014-10-01,2014-12-31,1,2026-09-15T16:23:28.567411+00:00
IMPORTS_GOODS_SERVICES_EUROPE,mk:country,2015-Q1,2026-09-15T16:23:28.567411+00:00,1423.3,final,2015-01-01,2015-03-31,1,2026-09-15T16:23:28.567411+00:00
IMPORTS_GOODS_SERVICES_EUROPE,mk:country,2015-Q2,2026-09-15T16:23:28.567411+00:00,1548.8,final,2015-04-01,2015-06-30,1,2026-09-15T16:23:28.567411+00:00
IMPORTS_GOODS_SERVICES_EUROPE,mk:country,2015-Q3,2026-09-15T16:23:28.567411+00:00,1526.3,final,2015-07-01,2015-09-30,1,2026-09-15T16:23:28.567411+00:00
IMPORTS_GOODS_SERVICES_EUROPE,mk:country,2015-Q4,2026-09-15T16:23:28.567411+00:00,1662.8,final,2015-10-01,2015-12-31,1,2026-09-15T16:23:28.567411+00:00
IMPORTS_GOODS_SERVICES_EUROPE,mk:country,2016-Q1,2026-09-15T16:23:28.567411+00:00,1628.2,final,2016-01-01,2016-03-31,1,2026-09-15T16:23:28.567411+00:00
IMPORTS_GOODS_SERVICES_EUROPE,mk:country,2016-Q2,2026-09-15T16:23:28.567411+00:00,1732.4,final,2016-04-01,2016-06-30,1,2026-09-15T16:23:28.567411+00:00
IMPORTS_GOODS_SERVICES_EUROPE,mk:country,2016-Q3,2026-09-15T16:23:28.567411+00:00,1777.7,final,2016-07-01,2016-09-30,1,2026-09-15T16:23:28.567411+00:00
IMPORTS_GOODS_SERVICES_EUROPE,mk:country,2016-Q4,2026-09-15T16:23:28.567411+00:00,1721.4,final,2016-10-01,2016-12-31,1,2026-09-15T16:23:28.567411+00:00
IMPORTS_GOODS_SERVICES_EUROPE,mk:country,2017-Q1,2026-09-15T16:23:28.567411+00:00,1778.2,final,2017-01-01,2017-03-31,1,2026-09-15T16:23:28.567411+00:00
IMPORTS_GOODS_SERVICES_EUROPE,mk:country,2017-Q2,2026-09-15T16:23:28.567411+00:00,1782.1,final,2017-04-01,2017-06-30,1,2026-09-15T16:23:28.567411+00:00
IMPORTS_GOODS_SERVICES_EUROPE,mk:country,2017-Q3,2026-09-15T16:23:28.567411+00:00,1785.2,final,2017-07-01,2017-09-30,1,2026-09-15T16:23:28.567411+00:00
IMPORTS_GOODS_SERVICES_EUROPE,mk:country,2017-Q4,2026-09-15T16:23:28.567411+00:00,1871.1,final,2017-10-01,2017-12-31,1,2026-09-15T16:23:28.567411+00:00
IMPORTS_GOODS_SERVICES_EUROPE,mk:country,2018-Q1,2026-09-15T16:23:28.567411+00:00,1898.6,final,2018-01-01,2018-03-31,1,2026-09-15T16:23:28.567411+00:00
IMPORTS_GOODS_SERVICES_EUROPE,mk:country,2018-Q2,2026-09-15T16:23:28.567411+00:00,1877.6,final,2018-04-01,2018-06-30,1,2026-09-15T16:23:28.567411+00:00
IMPORTS_GOODS_SERVICES_EUROPE,mk:country,2018-Q3,2026-09-15T16:23:28.567411+00:00,1971.2,final,2018-07-01,2018-09-30,1,2026-09-15T16:23:28.567411+00:00
IMPORTS_GOODS_SERVICES_EUROPE,mk:country,2018-Q4,2026-09-15T16:23:28.567411+00:00,2226.9,final,2018-10-01,2018-12-31,1,2026-09-15T16:23:28.567411+00:00
IMPORTS_GOODS_SERVICES_EUROPE,mk:country,2019-Q1,2026-09-15T16:23:28.567411+00:00,2180.2,final,2019-01-01,2019-03-31,1,2026-09-15T16:23:28.567411+00:00
IMPORTS_GOODS_SERVICES_EUROPE,mk:country,2019-Q2,2026-09-15T16:23:28.567411+00:00,2093.8,final,2019-04-01,2019-06-30,1,2026-09-15T16:23:28.567411+00:00
IMPORTS_GOODS_SERVICES_EUROPE,mk:country,2019-Q3,2026-09-15T16:23:28.567411+00:00,2209.9,final,2019-07-01,2019-09-30,1,2026-09-15T16:23:28.567411+00:00
IMPORTS_GOODS_SERVICES_EUROPE,mk:country,2019-Q4,2026-09-15T16:23:28.567411+00:00,2312.6,final,2019-10-01,2019-12-31,1,2026-09-15T16:23:28.567411+00:00
IMPORTS_GOODS_SERVICES_EUROPE,mk:country,2020-Q1,2026-09-15T16:23:28.567411+00:00,2090.4,final,2020-01-01,2020-03-31,1,2026-09-15T16:23:28.567411+00:00
IMPORTS_GOODS_SERVICES_EUROPE,mk:country,2020-Q2,2026-09-15T16:23:28.567411+00:00,1469.9,final,2020-04-01,2020-06-30,1,2026-09-15T16:23:28.567411+00:00
IMPORTS_GOODS_SERVICES_EUROPE,mk:country,2020-Q3,2026-09-15T16:23:28.567411+00:00,2150.2,final,2020-07-01,2020-09-30,1,2026-09-15T16:23:28.567411+00:00
IMPORTS_GOODS_SERVICES_EUROPE,mk:country,2020-Q4,2026-09-15T16:23:28.567411+00:00,2138.6,final,2020-10-01,2020-12-31,1,2026-09-15T16:23:28.567411+00:00
IMPORTS_GOODS_SERVICES_EUROPE,mk:country,2021-Q1,2026-09-15T16:23:28.567411+00:00,2163.4,final,2021-01-01,2021-03-31,1,2026-09-15T16:23:28.567411+00:00
IMPORTS_GOODS_SERVICES_EUROPE,mk:country,2021-Q2,2026-09-15T16:23:28.567411+00:00,2180.0,final,2021-04-01,2021-06-30,1,2026-09-15T16:23:28.567411+00:00
IMPORTS_GOODS_SERVICES_EUROPE,mk:country,2021-Q3,2026-09-15T16:23:28.567411+00:00,2249.9,final,2021-07-01,2021-09-30,1,2026-09-15T16:23:28.567411+00:00
IMPORTS_GOODS_SERVICES_EUROPE,mk:country,2021-Q4,2026-09-15T16:23:28.567411+00:00,2403.1,final,2021-10-01,2021-12-31,1,2026-09-15T16:23:28.567411+00:00
IMPORTS_GOODS_SERVICES_EUROPE,mk:country,2022-Q1,2026-09-15T16:23:28.567411+00:00,2546.3,final,2022-01-01,2022-03-31,1,2026-09-15T16:23:28.567411+00:00
IMPORTS_GOODS_SERVICES_EUROPE,mk:country,2022-Q2,2026-09-15T16:23:28.567411+00:00,2536.2,final,2022-04-01,2022-06-30,1,2026-09-15T16:23:28.567411+00:00
IMPORTS_GOODS_SERVICES_EUROPE,mk:country,2022-Q3,2026-09-15T16:23:28.567411+00:00,2608.5,final,2022-07-01,2022-09-30,1,2026-09-15T16:23:28.567411+00:00
IMPORTS_GOODS_SERVICES_EUROPE,mk:country,2022-Q4,2026-09-15T16:23:28.567411+00:00,2549.8,final,2022-10-01,2022-12-31,1,2026-09-15T16:23:28.567411+00:00
IMPORTS_GOODS_SERVICES_EUROPE,mk:country,2023-Q1,2026-09-15T16:23:28.567411+00:00,2302.3,final,2023-01-01,2023-03-31,1,2026-09-15T16:23:28.567411+00:00
IMPORTS_GOODS_SERVICES_EUROPE,mk:country,2023-Q2,2026-09-15T16:23:28.567411+00:00,2372.0,final,2023-04-01,2023-06-30,1,2026-09-15T16:23:28.567411+00:00
IMPORTS_GOODS_SERVICES_EUROPE,mk:country,2023-Q3,2026-09-15T16:23:28.567411+00:00,2245.4,final,2023-07-01,2023-09-30,1,2026-09-15T16:23:28.567411+00:00
IMPORTS_GOODS_SERVICES_EUROPE,mk:country,2023-Q4,2026-09-15T16:23:28.567411+00:00,2278.2,final,2023-10-01,2023-12-31,1,2026-09-15T16:23:28.567411+00:00
IMPORTS_GOODS_SERVICES_EUROPE,mk:country,2024-Q1,2026-09-15T16:23:28.567411+00:00,2291.2,provisional,2024-01-01,2024-03-31,1,2026-09-15T16:23:28.567411+00:00
IMPORTS_GOODS_SERVICES_EUROPE,mk:country,2024-Q2,2026-09-15T16:23:28.567411+00:00,2249.4,provisional,2024-04-01,2024-06-30,1,2026-09-15T16:23:28.567411+00:00
IMPORTS_GOODS_SERVICES_EUROPE,mk:country,2024-Q3,2026-09-15T16:23:28.567411+00:00,2231.1,provisional,2024-07-01,2024-09-30,1,2026-09-15T16:23:28.567411+00:00
IMPORTS_GOODS_SERVICES_EUROPE,mk:country,2024-Q4,2026-09-15T16:23:28.567411+00:00,2299.8,provisional,2024-10-01,2024-12-31,1,2026-09-15T16:23:28.567411+00:00
IMPORTS_GOODS_SERVICES_EUROPE,mk:country,2025-Q1,2026-09-15T16:23:28.567411+00:00,2421.7,estimate,2025-01-01,2025-03-31,1,2026-09-15T16:23:28.567411+00:00
IMPORTS_GOODS_SERVICES_EUROPE,mk:country,2025-Q2,2026-09-15T16:23:28.567411+00:00,2429.4,estimate,2025-04-01,2025-06-30,1,2026-09-15T16:23:28.567411+00:00
IMPORTS_GOODS_SERVICES_EUROPE,mk:country,2025-Q3,2026-09-15T16:23:28.567411+00:00,2451.5,estimate,2025-07-01,2025-09-30,1,2026-09-15T16:23:28.567411+00:00
IMPORTS_GOODS_SERVICES_EUROPE,mk:country,2025-Q4,2026-09-15T16:23:28.567411+00:00,2378.9,estimate,2025-10-01,2025-12-31,1,2026-09-15T16:23:28.567411+00:00
IMPORTS_GOODS_SERVICES_EUROPE,mk:country,2026-Q1,2026-09-15T16:23:28.567411+00:00,2548.9,estimate,2026-01-01,2026-03-31,1,2026-09-15T16:23:28.567411+00:00
IMPORTS_GOODS_SERVICES_EUROPE,mk:country,2026-Q2,2026-09-15T16:23:28.567411+00:00,2731.9,estimate,2026-04-01,2026-06-30,1,2026-09-15T16:23:28.567411+00:00
IMPORTS_GOODS_SERVICES_EUROPE,mt:country,2008-Q1,2026-09-15T16:23:28.567411+00:00,1602.1,final,2008-01-01,2008-03-31,1,2026-09-15T16:23:28.567411+00:00
IMPORTS_GOODS_SERVICES_EUROPE,mt:country,2008-Q2,2026-09-15T16:23:28.567411+00:00,1464.0,final,2008-04-01,2008-06-30,1,2026-09-15T16:23:28.567411+00:00
IMPORTS_GOODS_SERVICES_EUROPE,mt:country,2008-Q3,2026-09-15T16:23:28.567411+00:00,1520.3,final,2008-07-01,2008-09-30,1,2026-09-15T16:23:28.567411+00:00
IMPORTS_GOODS_SERVICES_EUROPE,mt:country,2008-Q4,2026-09-15T16:23:28.567411+00:00,1480.7,final,2008-10-01,2008-12-31,1,2026-09-15T16:23:28.567411+00:00
IMPORTS_GOODS_SERVICES_EUROPE,mt:country,2009-Q1,2026-09-15T16:23:28.567411+00:00,1257.1,final,2009-01-01,2009-03-31,1,2026-09-15T16:23:28.567411+00:00
IMPORTS_GOODS_SERVICES_EUROPE,mt:country,2009-Q2,2026-09-15T16:23:28.567411+00:00,1304.6,final,2009-04-01,2009-06-30,1,2026-09-15T16:23:28.567411+00:00
IMPORTS_GOODS_SERVICES_EUROPE,mt:country,2009-Q3,2026-09-15T16:23:28.567411+00:00,1402.2,final,2009-07-01,2009-09-30,1,2026-09-15T16:23:28.567411+00:00
IMPORTS_GOODS_SERVICES_EUROPE,mt:country,2009-Q4,2026-09-15T16:23:28.567411+00:00,1311.7,final,2009-10-01,2009-12-31,1,2026-09-15T16:23:28.567411+00:00
IMPORTS_GOODS_SERVICES_EUROPE,mt:country,2010-Q1,2026-09-15T16:23:28.567411+00:00,1406.2,final,2010-01-01,2010-03-31,1,2026-09-15T16:23:28.567411+00:00
IMPORTS_GOODS_SERVICES_EUROPE,mt:country,2010-Q2,2026-09-15T16:23:28.567411+00:00,1488.2,final,2010-04-01,2010-06-30,1,2026-09-15T16:23:28.567411+00:00
IMPORTS_GOODS_SERVICES_EUROPE,mt:country,2010-Q3,2026-09-15T16:23:28.567411+00:00,1558.3,final,2010-07-01,2010-09-30,1,2026-09-15T16:23:28.567411+00:00
IMPORTS_GOODS_SERVICES_EUROPE,mt:country,2010-Q4,2026-09-15T16:23:28.567411+00:00,1616.8,final,2010-10-01,2010-12-31,1,2026-09-15T16:23:28.567411+00:00
IMPORTS_GOODS_SERVICES_EUROPE,mt:country,2011-Q1,2026-09-15T16:23:28.567411+00:00,1655.6,final,2011-01-01,2011-03-31,1,2026-09-15T16:23:28.567411+00:00
IMPORTS_GOODS_SERVICES_EUROPE,mt:country,2011-Q2,2026-09-15T16:23:28.567411+00:00,1640.6,final,2011-04-01,2011-06-30,1,2026-09-15T16:23:28.567411+00:00
IMPORTS_GOODS_SERVICES_EUROPE,mt:country,2011-Q3,2026-09-15T16:23:28.567411+00:00,1530.8,final,2011-07-01,2011-09-30,1,2026-09-15T16:23:28.567411+00:00
IMPORTS_GOODS_SERVICES_EUROPE,mt:country,2011-Q4,2026-09-15T16:23:28.567411+00:00,1656.2,final,2011-10-01,2011-12-31,1,2026-09-15T16:23:28.567411+00:00
IMPORTS_GOODS_SERVICES_EUROPE,mt:country,2012-Q1,2026-09-15T16:23:28.567411+00:00,1712.9,final,2012-01-01,2012-03-31,1,2026-09-15T16:23:28.567411+00:00
IMPORTS_GOODS_SERVICES_EUROPE,mt:country,2012-Q2,2026-09-15T16:23:28.567411+00:00,1795.1,final,2012-04-01,2012-06-30,1,2026-09-15T16:23:28.567411+00:00
IMPORTS_GOODS_SERVICES_EUROPE,mt:country,2012-Q3,2026-09-15T16:23:28.567411+00:00,1740.1,final,2012-07-01,2012-09-30,1,2026-09-15T16:23:28.567411+00:00
IMPORTS_GOODS_SERVICES_EUROPE,mt:country,2012-Q4,2026-09-15T16:23:28.567411+00:00,1749.5,final,2012-10-01,2012-12-31,1,2026-09-15T16:23:28.567411+00:00
IMPORTS_GOODS_SERVICES_EUROPE,mt:country,2013-Q1,2026-09-15T16:23:28.567411+00:00,1772.9,final,2013-01-01,2013-03-31,1,2026-09-15T16:23:28.567411+00:00
IMPORTS_GOODS_SERVICES_EUROPE,mt:country,2013-Q2,2026-09-15T16:23:28.567411+00:00,1635.8,final,2013-04-01,2013-06-30,1,2026-09-15T16:23:28.567411+00:00
IMPORTS_GOODS_SERVICES_EUROPE,mt:country,2013-Q3,2026-09-15T16:23:28.567411+00:00,1780.9,final,2013-07-01,2013-09-30,1,2026-09-15T16:23:28.567411+00:00
IMPORTS_GOODS_SERVICES_EUROPE,mt:country,2013-Q4,2026-09-15T16:23:28.567411+00:00,1630.4,final,2013-10-01,2013-12-31,1,2026-09-15T16:23:28.567411+00:00
IMPORTS_GOODS_SERVICES_EUROPE,mt:country,2014-Q1,2026-09-15T16:23:28.567411+00:00,1717.7,final,2014-01-01,2014-03-31,1,2026-09-15T16:23:28.567411+00:00
IMPORTS_GOODS_SERVICES_EUROPE,mt:country,2014-Q2,2026-09-15T16:23:28.567411+00:00,1713.5,final,2014-04-01,2014-06-30,1,2026-09-15T16:23:28.567411+00:00
IMPORTS_GOODS_SERVICES_EUROPE,mt:country,2014-Q3,2026-09-15T16:23:28.567411+00:00,1764.0,final,2014-07-01,2014-09-30,1,2026-09-15T16:23:28.567411+00:00
IMPORTS_GOODS_SERVICES_EUROPE,mt:country,2014-Q4,2026-09-15T16:23:28.567411+00:00,1764.9,final,2014-10-01,2014-12-31,1,2026-09-15T16:23:28.567411+00:00
IMPORTS_GOODS_SERVICES_EUROPE,mt:country,2015-Q1,2026-09-15T16:23:28.567411+00:00,2168.1,final,2015-01-01,2015-03-31,1,2026-09-15T16:23:28.567411+00:00
IMPORTS_GOODS_SERVICES_EUROPE,mt:country,2015-Q2,2026-09-15T16:23:28.567411+00:00,2347.7,final,2015-04-01,2015-06-30,1,2026-09-15T16:23:28.567411+00:00
IMPORTS_GOODS_SERVICES_EUROPE,mt:country,2015-Q3,2026-09-15T16:23:28.567411+00:00,2393.5,final,2015-07-01,2015-09-30,1,2026-09-15T16:23:28.567411+00:00
IMPORTS_GOODS_SERVICES_EUROPE,mt:country,2015-Q4,2026-09-15T16:23:28.567411+00:00,2253.6,final,2015-10-01,2015-12-31,1,2026-09-15T16:23:28.567411+00:00
IMPORTS_GOODS_SERVICES_EUROPE,mt:country,2016-Q1,2026-09-15T16:23:28.567411+00:00,2319.8,final,2016-01-01,2016-03-31,1,2026-09-15T16:23:28.567411+00:00
IMPORTS_GOODS_SERVICES_EUROPE,mt:country,2016-Q2,2026-09-15T16:23:28.567411+00:00,2494.1,final,2016-04-01,2016-06-30,1,2026-09-15T16:23:28.567411+00:00
IMPORTS_GOODS_SERVICES_EUROPE,mt:country,2016-Q3,2026-09-15T16:23:28.567411+00:00,2422.3,final,2016-07-01,2016-09-30,1,2026-09-15T16:23:28.567411+00:00
IMPORTS_GOODS_SERVICES_EUROPE,mt:country,2016-Q4,2026-09-15T16:23:28.567411+00:00,2539.9,final,2016-10-01,2016-12-31,1,2026-09-15T16:23:28.567411+00:00
IMPORTS_GOODS_SERVICES_EUROPE,mt:country,2017-Q1,2026-09-15T16:23:28.567411+00:00,2439.6,final,2017-01-01,2017-03-31,1,2026-09-15T16:23:28.567411+00:00
IMPORTS_GOODS_SERVICES_EUROPE,mt:country,2017-Q2,2026-09-15T16:23:28.567411+00:00,2539.2,final,2017-04-01,2017-06-30,1,2026-09-15T16:23:28.567411+00:00
IMPORTS_GOODS_SERVICES_EUROPE,mt:country,2017-Q3,2026-09-15T16:23:28.567411+00:00,2668.1,final,2017-07-01,2017-09-30,1,2026-09-15T16:23:28.567411+00:00
IMPORTS_GOODS_SERVICES_EUROPE,mt:country,2017-Q4,2026-09-15T16:23:28.567411+00:00,3021.4,final,2017-10-01,2017-12-31,1,2026-09-15T16:23:28.567411+00:00
IMPORTS_GOODS_SERVICES_EUROPE,mt:country,2018-Q1,2026-09-15T16:23:28.567411+00:00,2728.3,final,2018-01-01,2018-03-31,1,2026-09-15T16:23:28.567411+00:00
IMPORTS_GOODS_SERVICES_EUROPE,mt:country,2018-Q2,2026-09-15T16:23:28.567411+00:00,2977.8,final,2018-04-01,2018-06-30,1,2026-09-15T16:23:28.567411+00:00
IMPORTS_GOODS_SERVICES_EUROPE,mt:country,2018-Q3,2026-09-15T16:23:28.567411+00:00,3263.6,final,2018-07-01,2018-09-30,1,2026-09-15T16:23:28.567411+00:00
IMPORTS_GOODS_SERVICES_EUROPE,mt:country,2018-Q4,2026-09-15T16:23:28.567411+00:00,3456.1,final,2018-10-01,2018-12-31,1,2026-09-15T16:23:28.567411+00:00
IMPORTS_GOODS_SERVICES_EUROPE,mt:country,2019-Q1,2026-09-15T16:23:28.567411+00:00,3445.1,final,2019-01-01,2019-03-31,1,2026-09-15T16:23:28.567411+00:00
IMPORTS_GOODS_SERVICES_EUROPE,mt:country,2019-Q2,2026-09-15T16:23:28.567411+00:00,3439.5,final,2019-04-01,2019-06-30,1,2026-09-15T16:23:28.567411+00:00
IMPORTS_GOODS_SERVICES_EUROPE,mt:country,2019-Q3,2026-09-15T16:23:28.567411+00:00,3429.1,final,2019-07-01,2019-09-30,1,2026-09-15T16:23:28.567411+00:00
IMPORTS_GOODS_SERVICES_EUROPE,mt:country,2019-Q4,2026-09-15T16:23:28.567411+00:00,3475.6,final,2019-10-01,2019-12-31,1,2026-09-15T16:23:28.567411+00:00
IMPORTS_GOODS_SERVICES_EUROPE,mt:country,2020-Q1,2026-09-15T16:23:28.567411+00:00,3850.4,final,2020-01-01,2020-03-31,1,2026-09-15T16:23:28.567411+00:00
IMPORTS_GOODS_SERVICES_EUROPE,mt:country,2020-Q2,2026-09-15T16:23:28.567411+00:00,3310.9,final,2020-04-01,2020-06-30,1,2026-09-15T16:23:28.567411+00:00
IMPORTS_GOODS_SERVICES_EUROPE,mt:country,2020-Q3,2026-09-15T16:23:28.567411+00:00,3481.4,final,2020-07-01,2020-09-30,1,2026-09-15T16:23:28.567411+00:00
IMPORTS_GOODS_SERVICES_EUROPE,mt:country,2020-Q4,2026-09-15T16:23:28.567411+00:00,3620.6,final,2020-10-01,2020-12-31,1,2026-09-15T16:23:28.567411+00:00
IMPORTS_GOODS_SERVICES_EUROPE,mt:country,2021-Q1,2026-09-15T16:23:28.567411+00:00,3563.5,final,2021-01-01,2021-03-31,1,2026-09-15T16:23:28.567411+00:00
IMPORTS_GOODS_SERVICES_EUROPE,mt:country,2021-Q2,2026-09-15T16:23:28.567411+00:00,3634.7,final,2021-04-01,2021-06-30,1,2026-09-15T16:23:28.567411+00:00
IMPORTS_GOODS_SERVICES_EUROPE,mt:country,2021-Q3,2026-09-15T16:23:28.567411+00:00,3818.9,final,2021-07-01,2021-09-30,1,2026-09-15T16:23:28.567411+00:00
IMPORTS_GOODS_SERVICES_EUROPE,mt:country,2021-Q4,2026-09-15T16:23:28.567411+00:00,3985.5,final,2021-10-01,2021-12-31,1,2026-09-15T16:23:28.567411+00:00
IMPORTS_GOODS_SERVICES_EUROPE,mt:country,2022-Q1,2026-09-15T16:23:28.567411+00:00,4369.5,final,2022-01-01,2022-03-31,1,2026-09-15T16:23:28.567411+00:00
IMPORTS_GOODS_SERVICES_EUROPE,mt:country,2022-Q2,2026-09-15T16:23:28.567411+00:00,4529.5,final,2022-04-01,2022-06-30,1,2026-09-15T16:23:28.567411+00:00
IMPORTS_GOODS_SERVICES_EUROPE,mt:country,2022-Q3,2026-09-15T16:23:28.567411+00:00,4686.6,final,2022-07-01,2022-09-30,1,2026-09-15T16:23:28.567411+00:00
IMPORTS_GOODS_SERVICES_EUROPE,mt:country,2022-Q4,2026-09-15T16:23:28.567411+00:00,4564.8,final,2022-10-01,2022-12-31,1,2026-09-15T16:23:28.567411+00:00
IMPORTS_GOODS_SERVICES_EUROPE,mt:country,2023-Q1,2026-09-15T16:23:28.567411+00:00,4651.9,final,2023-01-01,2023-03-31,1,2026-09-15T16:23:28.567411+00:00
IMPORTS_GOODS_SERVICES_EUROPE,mt:country,2023-Q2,2026-09-15T16:23:28.567411+00:00,4665.8,final,2023-04-01,2023-06-30,1,2026-09-15T16:23:28.567411+00:00
IMPORTS_GOODS_SERVICES_EUROPE,mt:country,2023-Q3,2026-09-15T16:23:28.567411+00:00,4946.8,final,2023-07-01,2023-09-30,1,2026-09-15T16:23:28.567411+00:00
IMPORTS_GOODS_SERVICES_EUROPE,mt:country,2023-Q4,2026-09-15T16:23:28.567411+00:00,4959.4,final,2023-10-01,2023-12-31,1,2026-09-15T16:23:28.567411+00:00
IMPORTS_GOODS_SERVICES_EUROPE,mt:country,2024-Q1,2026-09-15T16:23:28.567411+00:00,5220.6,final,2024-01-01,2024-03-31,1,2026-09-15T16:23:28.567411+00:00
IMPORTS_GOODS_SERVICES_EUROPE,mt:country,2024-Q2,2026-09-15T16:23:28.567411+00:00,5089.3,final,2024-04-01,2024-06-30,1,2026-09-15T16:23:28.567411+00:00
IMPORTS_GOODS_SERVICES_EUROPE,mt:country,2024-Q3,2026-09-15T16:23:28.567411+00:00,5172.9,final,2024-07-01,2024-09-30,1,2026-09-15T16:23:28.567411+00:00
IMPORTS_GOODS_SERVICES_EUROPE,mt:country,2024-Q4,2026-09-15T16:23:28.567411+00:00,5280.9,final,2024-10-01,2024-12-31,1,2026-09-15T16:23:28.567411+00:00
IMPORTS_GOODS_SERVICES_EUROPE,mt:country,2025-Q1,2026-09-15T16:23:28.567411+00:00,5053.1,final,2025-01-01,2025-03-31,1,2026-09-15T16:23:28.567411+00:00
IMPORTS_GOODS_SERVICES_EUROPE,mt:country,2025-Q2,2026-09-15T16:23:28.567411+00:00,5260.4,final,2025-04-01,2025-06-30,1,2026-09-15T16:23:28.567411+00:00
IMPORTS_GOODS_SERVICES_EUROPE,mt:country,2025-Q3,2026-09-15T16:23:28.567411+00:00,5085.4,final,2025-07-01,2025-09-30,1,2026-09-15T16:23:28.567411+00:00
IMPORTS_GOODS_SERVICES_EUROPE,mt:country,2025-Q4,2026-09-15T16:23:28.567411+00:00,5249.8,final,2025-10-01,2025-12-31,1,2026-09-15T16:23:28.567411+00:00
IMPORTS_GOODS_SERVICES_EUROPE,mt:country,2026-Q1,2026-09-15T16:23:28.567411+00:00,5090.6,final,2026-01-01,2026-03-31,1,2026-09-15T16:23:28.567411+00:00
IMPORTS_GOODS_SERVICES_EUROPE,mt:country,2026-Q2,2026-09-15T16:23:28.567411+00:00,5461.3,final,2026-04-01,2026-06-30,1,2026-09-15T16:23:28.567411+00:00
IMPORTS_GOODS_SERVICES_EUROPE,nl:country,2008-Q1,2026-09-15T16:23:28.567411+00:00,98744.9,final,2008-01-01,2008-03-31,1,2026-09-15T16:23:28.567411+00:00
IMPORTS_GOODS_SERVICES_EUROPE,nl:country,2008-Q2,2026-09-15T16:23:28.567411+00:00,98533.4,final,2008-04-01,2008-06-30,1,2026-09-15T16:23:28.567411+00:00
IMPORTS_GOODS_SERVICES_EUROPE,nl:country,2008-Q3,2026-09-15T16:23:28.567411+00:00,99178.6,final,2008-07-01,2008-09-30,1,2026-09-15T16:23:28.567411+00:00
IMPORTS_GOODS_SERVICES_EUROPE,nl:country,2008-Q4,2026-09-15T16:23:28.567411+00:00,95123.7,final,2008-10-01,2008-12-31,1,2026-09-15T16:23:28.567411+00:00
IMPORTS_GOODS_SERVICES_EUROPE,nl:country,2009-Q1,2026-09-15T16:23:28.567411+00:00,89914.6,final,2009-01-01,2009-03-31,1,2026-09-15T16:23:28.567411+00:00
IMPORTS_GOODS_SERVICES_EUROPE,nl:country,2009-Q2,2026-09-15T16:23:28.567411+00:00,87953.8,final,2009-04-01,2009-06-30,1,2026-09-15T16:23:28.567411+00:00
IMPORTS_GOODS_SERVICES_EUROPE,nl:country,2009-Q3,2026-09-15T16:23:28.567411+00:00,90730.9,final,2009-07-01,2009-09-30,1,2026-09-15T16:23:28.567411+00:00
IMPORTS_GOODS_SERVICES_EUROPE,nl:country,2009-Q4,2026-09-15T16:23:28.567411+00:00,92503.4,final,2009-10-01,2009-12-31,1,2026-09-15T16:23:28.567411+00:00
IMPORTS_GOODS_SERVICES_EUROPE,nl:country,2010-Q1,2026-09-15T16:23:28.567411+00:00,94286.7,final,2010-01-01,2010-03-31,1,2026-09-15T16:23:28.567411+00:00
IMPORTS_GOODS_SERVICES_EUROPE,nl:country,2010-Q2,2026-09-15T16:23:28.567411+00:00,98348.8,final,2010-04-01,2010-06-30,1,2026-09-15T16:23:28.567411+00:00
IMPORTS_GOODS_SERVICES_EUROPE,nl:country,2010-Q3,2026-09-15T16:23:28.567411+00:00,98388.2,final,2010-07-01,2010-09-30,1,2026-09-15T16:23:28.567411+00:00
IMPORTS_GOODS_SERVICES_EUROPE,nl:country,2010-Q4,2026-09-15T16:23:28.567411+00:00,99811.3,final,2010-10-01,2010-12-31,1,2026-09-15T16:23:28.567411+00:00
IMPORTS_GOODS_SERVICES_EUROPE,nl:country,2011-Q1,2026-09-15T16:23:28.567411+00:00,102751.4,final,2011-01-01,2011-03-31,1,2026-09-15T16:23:28.567411+00:00
IMPORTS_GOODS_SERVICES_EUROPE,nl:country,2011-Q2,2026-09-15T16:23:28.567411+00:00,101470.9,final,2011-04-01,2011-06-30,1,2026-09-15T16:23:28.567411+00:00
IMPORTS_GOODS_SERVICES_EUROPE,nl:country,2011-Q3,2026-09-15T16:23:28.567411+00:00,102867.9,final,2011-07-01,2011-09-30,1,2026-09-15T16:23:28.567411+00:00
IMPORTS_GOODS_SERVICES_EUROPE,nl:country,2011-Q4,2026-09-15T16:23:28.567411+00:00,101918.0,final,2011-10-01,2011-12-31,1,2026-09-15T16:23:28.567411+00:00
IMPORTS_GOODS_SERVICES_EUROPE,nl:country,2012-Q1,2026-09-15T16:23:28.567411+00:00,104028.4,final,2012-01-01,2012-03-31,1,2026-09-15T16:23:28.567411+00:00
IMPORTS_GOODS_SERVICES_EUROPE,nl:country,2012-Q2,2026-09-15T16:23:28.567411+00:00,105900.4,final,2012-04-01,2012-06-30,1,2026-09-15T16:23:28.567411+00:00
IMPORTS_GOODS_SERVICES_EUROPE,nl:country,2012-Q3,2026-09-15T16:23:28.567411+00:00,105045.5,final,2012-07-01,2012-09-30,1,2026-09-15T16:23:28.567411+00:00
IMPORTS_GOODS_SERVICES_EUROPE,nl:country,2012-Q4,2026-09-15T16:23:28.567411+00:00,105518.6,final,2012-10-01,2012-12-31,1,2026-09-15T16:23:28.567411+00:00
IMPORTS_GOODS_SERVICES_EUROPE,nl:country,2013-Q1,2026-09-15T16:23:28.567411+00:00,105447.8,final,2013-01-01,2013-03-31,1,2026-09-15T16:23:28.567411+00:00
IMPORTS_GOODS_SERVICES_EUROPE,nl:country,2013-Q2,2026-09-15T16:23:28.567411+00:00,107360.2,final,2013-04-01,2013-06-30,1,2026-09-15T16:23:28.567411+00:00
IMPORTS_GOODS_SERVICES_EUROPE,nl:country,2013-Q3,2026-09-15T16:23:28.567411+00:00,108395.2,final,2013-07-01,2013-09-30,1,2026-09-15T16:23:28.567411+00:00
IMPORTS_GOODS_SERVICES_EUROPE,nl:country,2013-Q4,2026-09-15T16:23:28.567411+00:00,111716.2,final,2013-10-01,2013-12-31,1,2026-09-15T16:23:28.567411+00:00
IMPORTS_GOODS_SERVICES_EUROPE,nl:country,2014-Q1,2026-09-15T16:23:28.567411+00:00,110588.0,final,2014-01-01,2014-03-31,1,2026-09-15T16:23:28.567411+00:00
IMPORTS_GOODS_SERVICES_EUROPE,nl:country,2014-Q2,2026-09-15T16:23:28.567411+00:00,111098.7,final,2014-04-01,2014-06-30,1,2026-09-15T16:23:28.567411+00:00
IMPORTS_GOODS_SERVICES_EUROPE,nl:country,2014-Q3,2026-09-15T16:23:28.567411+00:00,113187.6,final,2014-07-01,2014-09-30,1,2026-09-15T16:23:28.567411+00:00
IMPORTS_GOODS_SERVICES_EUROPE,nl:country,2014-Q4,2026-09-15T16:23:28.567411+00:00,114954.7,final,2014-10-01,2014-12-31,1,2026-09-15T16:23:28.567411+00:00
IMPORTS_GOODS_SERVICES_EUROPE,nl:country,2015-Q1,2026-09-15T16:23:28.567411+00:00,118391.3,final,2015-01-01,2015-03-31,1,2026-09-15T16:23:28.567411+00:00
IMPORTS_GOODS_SERVICES_EUROPE,nl:country,2015-Q2,2026-09-15T16:23:28.567411+00:00,150581.6,final,2015-04-01,2015-06-30,0,2026-09-15T16:23:28.567411+00:00
IMPORTS_GOODS_SERVICES_EUROPE,nl:country,2015-Q2,2026-09-24T09:41:09.891706+00:00,150570.9,final,2015-04-01,2015-06-30,1,2026-09-24T09:41:09.891706+00:00
IMPORTS_GOODS_SERVICES_EUROPE,nl:country,2015-Q3,2026-09-15T16:23:28.567411+00:00,123967.9,final,2015-07-01,2015-09-30,0,2026-09-15T16:23:28.567411+00:00
IMPORTS_GOODS_SERVICES_EUROPE,nl:country,2015-Q3,2026-09-24T09:41:09.891706+00:00,123968.8,final,2015-07-01,2015-09-30,1,2026-09-24T09:41:09.891706+00:00
IMPORTS_GOODS_SERVICES_EUROPE,nl:country,2015-Q4,2026-09-15T16:23:28.567411+00:00,126917.0,final,2015-10-01,2015-12-31,0,2026-09-15T16:23:28.567411+00:00
IMPORTS_GOODS_SERVICES_EUROPE,nl:country,2015-Q4,2026-09-24T09:41:09.891706+00:00,126918.8,final,2015-10-01,2015-12-31,1,2026-09-24T09:41:09.891706+00:00
IMPORTS_GOODS_SERVICES_EUROPE,nl:country,2016-Q1,2026-09-15T16:23:28.567411+00:00,123962.5,final,2016-01-01,2016-03-31,0,2026-09-15T16:23:28.567411+00:00
IMPORTS_GOODS_SERVICES_EUROPE,nl:country,2016-Q1,2026-09-24T09:41:09.891706+00:00,123961.6,final,2016-01-01,2016-03-31,1,2026-09-24T09:41:09.891706+00:00
IMPORTS_GOODS_SERVICES_EUROPE,nl:country,2016-Q2,2026-09-15T16:23:28.567411+00:00,127107.0,final,2016-04-01,2016-06-30,1,2026-09-15T16:23:28.567411+00:00
IMPORTS_GOODS_SERVICES_EUROPE,nl:country,2016-Q3,2026-09-15T16:23:28.567411+00:00,127408.1,final,2016-07-01,2016-09-30,0,2026-09-15T16:23:28.567411+00:00
IMPORTS_GOODS_SERVICES_EUROPE,nl:country,2016-Q3,2026-09-24T09:41:09.891706+00:00,127407.2,final,2016-07-01,2016-09-30,1,2026-09-24T09:41:09.891706+00:00
IMPORTS_GOODS_SERVICES_EUROPE,nl:country,2016-Q4,2026-09-15T16:23:28.567411+00:00,129200.3,final,2016-10-01,2016-12-31,0,2026-09-15T16:23:28.567411+00:00
IMPORTS_GOODS_SERVICES_EUROPE,nl:country,2016-Q4,2026-09-24T09:41:09.891706+00:00,129199.4,final,2016-10-01,2016-12-31,1,2026-09-24T09:41:09.891706+00:00
IMPORTS_GOODS_SERVICES_EUROPE,nl:country,2017-Q1,2026-09-15T16:23:28.567411+00:00,132974.7,final,2017-01-01,2017-03-31,0,2026-09-15T16:23:28.567411+00:00
IMPORTS_GOODS_SERVICES_EUROPE,nl:country,2017-Q1,2026-09-24T09:41:09.891706+00:00,132979.2,final,2017-01-01,2017-03-31,1,2026-09-24T09:41:09.891706+00:00
IMPORTS_GOODS_SERVICES_EUROPE,nl:country,2017-Q2,2026-09-15T16:23:28.567411+00:00,134745.5,final,2017-04-01,2017-06-30,0,2026-09-15T16:23:28.567411+00:00
IMPORTS_GOODS_SERVICES_EUROPE,nl:country,2017-Q2,2026-09-24T09:41:09.891706+00:00,134741.9,final,2017-04-01,2017-06-30,1,2026-09-24T09:41:09.891706+00:00
IMPORTS_GOODS_SERVICES_EUROPE,nl:country,2017-Q3,2026-09-15T16:23:28.567411+00:00,137954.5,final,2017-07-01,2017-09-30,0,2026-09-15T16:23:28.567411+00:00
IMPORTS_GOODS_SERVICES_EUROPE,nl:country,2017-Q3,2026-09-24T09:41:09.891706+00:00,137950.9,final,2017-07-01,2017-09-30,1,2026-09-24T09:41:09.891706+00:00
IMPORTS_GOODS_SERVICES_EUROPE,nl:country,2017-Q4,2026-09-15T16:23:28.567411+00:00,140871.3,final,2017-10-01,2017-12-31,0,2026-09-15T16:23:28.567411+00:00
IMPORTS_GOODS_SERVICES_EUROPE,nl:country,2017-Q4,2026-09-24T09:41:09.891706+00:00,140868.6,final,2017-10-01,2017-12-31,1,2026-09-24T09:41:09.891706+00:00
IMPORTS_GOODS_SERVICES_EUROPE,nl:country,2018-Q1,2026-09-15T16:23:28.567411+00:00,143369.7,final,2018-01-01,2018-03-31,0,2026-09-15T16:23:28.567411+00:00
IMPORTS_GOODS_SERVICES_EUROPE,nl:country,2018-Q1,2026-09-24T09:41:09.891706+00:00,143379.6,final,2018-01-01,2018-03-31,1,2026-09-24T09:41:09.891706+00:00
IMPORTS_GOODS_SERVICES_EUROPE,nl:country,2018-Q2,2026-09-15T16:23:28.567411+00:00,143707.5,final,2018-04-01,2018-06-30,1,2026-09-15T16:23:28.567411+00:00
IMPORTS_GOODS_SERVICES_EUROPE,nl:country,2018-Q3,2026-09-15T16:23:28.567411+00:00,144075.8,final,2018-07-01,2018-09-30,0,2026-09-15T16:23:28.567411+00:00
IMPORTS_GOODS_SERVICES_EUROPE,nl:country,2018-Q3,2026-09-24T09:41:09.891706+00:00,144074.0,final,2018-07-01,2018-09-30,1,2026-09-24T09:41:09.891706+00:00
IMPORTS_GOODS_SERVICES_EUROPE,nl:country,2018-Q4,2026-09-15T16:23:28.567411+00:00,145599.2,final,2018-10-01,2018-12-31,0,2026-09-15T16:23:28.567411+00:00
IMPORTS_GOODS_SERVICES_EUROPE,nl:country,2018-Q4,2026-09-24T09:41:09.891706+00:00,145600.1,final,2018-10-01,2018-12-31,1,2026-09-24T09:41:09.891706+00:00
IMPORTS_GOODS_SERVICES_EUROPE,nl:country,2019-Q1,2026-09-15T16:23:28.567411+00:00,147513.3,final,2019-01-01,2019-03-31,0,2026-09-15T16:23:28.567411+00:00
IMPORTS_GOODS_SERVICES_EUROPE,nl:country,2019-Q1,2026-09-24T09:41:09.891706+00:00,147525.9,final,2019-01-01,2019-03-31,1,2026-09-24T09:41:09.891706+00:00
IMPORTS_GOODS_SERVICES_EUROPE,nl:country,2019-Q2,2026-09-15T16:23:28.567411+00:00,149755.4,final,2019-04-01,2019-06-30,0,2026-09-15T16:23:28.567411+00:00
IMPORTS_GOODS_SERVICES_EUROPE,nl:country,2019-Q2,2026-09-24T09:41:09.891706+00:00,149750.9,final,2019-04-01,2019-06-30,1,2026-09-24T09:41:09.891706+00:00
IMPORTS_GOODS_SERVICES_EUROPE,nl:country,2019-Q3,2026-09-15T16:23:28.567411+00:00,150788.7,final,2019-07-01,2019-09-30,0,2026-09-15T16:23:28.567411+00:00
IMPORTS_GOODS_SERVICES_EUROPE,nl:country,2019-Q3,2026-09-24T09:41:09.891706+00:00,150785.1,final,2019-07-01,2019-09-30,1,2026-09-24T09:41:09.891706+00:00
IMPORTS_GOODS_SERVICES_EUROPE,nl:country,2019-Q4,2026-09-15T16:23:28.567411+00:00,151782.4,final,2019-10-01,2019-12-31,0,2026-09-15T16:23:28.567411+00:00
IMPORTS_GOODS_SERVICES_EUROPE,nl:country,2019-Q4,2026-09-24T09:41:09.891706+00:00,151778.9,final,2019-10-01,2019-12-31,1,2026-09-24T09:41:09.891706+00:00
IMPORTS_GOODS_SERVICES_EUROPE,nl:country,2020-Q1,2026-09-15T16:23:28.567411+00:00,149525.1,final,2020-01-01,2020-03-31,0,2026-09-15T16:23:28.567411+00:00
IMPORTS_GOODS_SERVICES_EUROPE,nl:country,2020-Q1,2026-09-24T09:41:09.891706+00:00,149541.3,final,2020-01-01,2020-03-31,1,2026-09-24T09:41:09.891706+00:00
IMPORTS_GOODS_SERVICES_EUROPE,nl:country,2020-Q2,2026-09-15T16:23:28.567411+00:00,133325.1,final,2020-04-01,2020-06-30,0,2026-09-15T16:23:28.567411+00:00
IMPORTS_GOODS_SERVICES_EUROPE,nl:country,2020-Q2,2026-09-24T09:41:09.891706+00:00,133304.5,final,2020-04-01,2020-06-30,1,2026-09-24T09:41:09.891706+00:00
IMPORTS_GOODS_SERVICES_EUROPE,nl:country,2020-Q3,2026-09-15T16:23:28.567411+00:00,143807.9,final,2020-07-01,2020-09-30,0,2026-09-15T16:23:28.567411+00:00
IMPORTS_GOODS_SERVICES_EUROPE,nl:country,2020-Q3,2026-09-24T09:41:09.891706+00:00,143805.2,final,2020-07-01,2020-09-30,1,2026-09-24T09:41:09.891706+00:00
IMPORTS_GOODS_SERVICES_EUROPE,nl:country,2020-Q4,2026-09-15T16:23:28.567411+00:00,148603.9,final,2020-10-01,2020-12-31,0,2026-09-15T16:23:28.567411+00:00
IMPORTS_GOODS_SERVICES_EUROPE,nl:country,2020-Q4,2026-09-24T09:41:09.891706+00:00,148605.7,final,2020-10-01,2020-12-31,1,2026-09-24T09:41:09.891706+00:00
IMPORTS_GOODS_SERVICES_EUROPE,nl:country,2021-Q1,2026-09-15T16:23:28.567411+00:00,151839.8,final,2021-01-01,2021-03-31,0,2026-09-15T16:23:28.567411+00:00
IMPORTS_GOODS_SERVICES_EUROPE,nl:country,2021-Q1,2026-09-24T09:41:09.891706+00:00,151856.8,final,2021-01-01,2021-03-31,1,2026-09-24T09:41:09.891706+00:00
IMPORTS_GOODS_SERVICES_EUROPE,nl:country,2021-Q2,2026-09-15T16:23:28.567411+00:00,150142.6,final,2021-04-01,2021-06-30,0,2026-09-15T16:23:28.567411+00:00
IMPORTS_GOODS_SERVICES_EUROPE,nl:country,2021-Q2,2026-09-24T09:41:09.891706+00:00,150134.5,final,2021-04-01,2021-06-30,1,2026-09-24T09:41:09.891706+00:00
IMPORTS_GOODS_SERVICES_EUROPE,nl:country,2021-Q3,2026-09-15T16:23:28.567411+00:00,155645.6,final,2021-07-01,2021-09-30,0,2026-09-15T16:23:28.567411+00:00
IMPORTS_GOODS_SERVICES_EUROPE,nl:country,2021-Q3,2026-09-24T09:41:09.891706+00:00,155660.8,final,2021-07-01,2021-09-30,1,2026-09-24T09:41:09.891706+00:00
IMPORTS_GOODS_SERVICES_EUROPE,nl:country,2021-Q4,2026-09-15T16:23:28.567411+00:00,155147.4,final,2021-10-01,2021-12-31,0,2026-09-15T16:23:28.567411+00:00
IMPORTS_GOODS_SERVICES_EUROPE,nl:country,2021-Q4,2026-09-24T09:41:09.891706+00:00,155167.1,final,2021-10-01,2021-12-31,1,2026-09-24T09:41:09.891706+00:00
IMPORTS_GOODS_SERVICES_EUROPE,nl:country,2022-Q1,2026-09-15T16:23:28.567411+00:00,158993.5,final,2022-01-01,2022-03-31,0,2026-09-15T16:23:28.567411+00:00
IMPORTS_GOODS_SERVICES_EUROPE,nl:country,2022-Q1,2026-09-24T09:41:09.891706+00:00,159003.4,final,2022-01-01,2022-03-31,1,2026-09-24T09:41:09.891706+00:00
IMPORTS_GOODS_SERVICES_EUROPE,nl:country,2022-Q2,2026-09-15T16:23:28.567411+00:00,159696.1,final,2022-04-01,2022-06-30,0,2026-09-15T16:23:28.567411+00:00
IMPORTS_GOODS_SERVICES_EUROPE,nl:country,2022-Q2,2026-09-24T09:41:09.891706+00:00,159668.3,final,2022-04-01,2022-06-30,1,2026-09-24T09:41:09.891706+00:00
IMPORTS_GOODS_SERVICES_EUROPE,nl:country,2022-Q3,2026-09-15T16:23:28.567411+00:00,159539.2,final,2022-07-01,2022-09-30,0,2026-09-15T16:23:28.567411+00:00
IMPORTS_GOODS_SERVICES_EUROPE,nl:country,2022-Q3,2026-09-24T09:41:09.891706+00:00,159550.0,final,2022-07-01,2022-09-30,1,2026-09-24T09:41:09.891706+00:00
IMPORTS_GOODS_SERVICES_EUROPE,nl:country,2022-Q4,2026-09-15T16:23:28.567411+00:00,161347.6,final,2022-10-01,2022-12-31,0,2026-09-15T16:23:28.567411+00:00
IMPORTS_GOODS_SERVICES_EUROPE,nl:country,2022-Q4,2026-09-24T09:41:09.891706+00:00,161361.0,final,2022-10-01,2022-12-31,1,2026-09-24T09:41:09.891706+00:00
IMPORTS_GOODS_SERVICES_EUROPE,nl:country,2023-Q1,2026-09-15T16:23:28.567411+00:00,157491.6,final,2023-01-01,2023-03-31,0,2026-09-15T16:23:28.567411+00:00
IMPORTS_GOODS_SERVICES_EUROPE,nl:country,2023-Q1,2026-09-24T09:41:09.891706+00:00,157490.7,final,2023-01-01,2023-03-31,1,2026-09-24T09:41:09.891706+00:00
IMPORTS_GOODS_SERVICES_EUROPE,nl:country,2023-Q2,2026-09-15T16:23:28.567411+00:00,154490.5,final,2023-04-01,2023-06-30,0,2026-09-15T16:23:28.567411+00:00
IMPORTS_GOODS_SERVICES_EUROPE,nl:country,2023-Q2,2026-09-24T09:41:09.891706+00:00,154481.5,final,2023-04-01,2023-06-30,1,2026-09-24T09:41:09.891706+00:00
IMPORTS_GOODS_SERVICES_EUROPE,nl:country,2023-Q3,2026-09-15T16:23:28.567411+00:00,149631.8,final,2023-07-01,2023-09-30,0,2026-09-15T16:23:28.567411+00:00
IMPORTS_GOODS_SERVICES_EUROPE,nl:country,2023-Q3,2026-09-24T09:41:09.891706+00:00,149639.8,final,2023-07-01,2023-09-30,1,2026-09-24T09:41:09.891706+00:00
IMPORTS_GOODS_SERVICES_EUROPE,nl:country,2023-Q4,2026-09-15T16:23:28.567411+00:00,152653.5,final,2023-10-01,2023-12-31,0,2026-09-15T16:23:28.567411+00:00
IMPORTS_GOODS_SERVICES_EUROPE,nl:country,2023-Q4,2026-09-24T09:41:09.891706+00:00,152655.3,final,2023-10-01,2023-12-31,1,2026-09-24T09:41:09.891706+00:00
IMPORTS_GOODS_SERVICES_EUROPE,nl:country,2024-Q1,2026-09-15T16:23:28.567411+00:00,153944.8,provisional,2024-01-01,2024-03-31,0,2026-09-15T16:23:28.567411+00:00
IMPORTS_GOODS_SERVICES_EUROPE,nl:country,2024-Q1,2026-09-24T09:41:09.891706+00:00,153918.8,provisional,2024-01-01,2024-03-31,1,2026-09-24T09:41:09.891706+00:00
IMPORTS_GOODS_SERVICES_EUROPE,nl:country,2024-Q2,2026-09-15T16:23:28.567411+00:00,156384.0,provisional,2024-04-01,2024-06-30,0,2026-09-15T16:23:28.567411+00:00
IMPORTS_GOODS_SERVICES_EUROPE,nl:country,2024-Q2,2026-09-24T09:41:09.891706+00:00,156378.6,provisional,2024-04-01,2024-06-30,1,2026-09-24T09:41:09.891706+00:00
IMPORTS_GOODS_SERVICES_EUROPE,nl:country,2024-Q3,2026-09-15T16:23:28.567411+00:00,158025.7,provisional,2024-07-01,2024-09-30,0,2026-09-15T16:23:28.567411+00:00
IMPORTS_GOODS_SERVICES_EUROPE,nl:country,2024-Q3,2026-09-24T09:41:09.891706+00:00,158032.0,provisional,2024-07-01,2024-09-30,1,2026-09-24T09:41:09.891706+00:00
IMPORTS_GOODS_SERVICES_EUROPE,nl:country,2024-Q4,2026-09-15T16:23:28.567411+00:00,157944.1,provisional,2024-10-01,2024-12-31,0,2026-09-15T16:23:28.567411+00:00
IMPORTS_GOODS_SERVICES_EUROPE,nl:country,2024-Q4,2026-09-24T09:41:09.891706+00:00,157945.9,provisional,2024-10-01,2024-12-31,1,2026-09-24T09:41:09.891706+00:00
IMPORTS_GOODS_SERVICES_EUROPE,nl:country,2025-Q1,2026-09-15T16:23:28.567411+00:00,158559.8,provisional,2025-01-01,2025-03-31,0,2026-09-15T16:23:28.567411+00:00
IMPORTS_GOODS_SERVICES_EUROPE,nl:country,2025-Q1,2026-09-24T09:41:09.891706+00:00,158548.1,provisional,2025-01-01,2025-03-31,1,2026-09-24T09:41:09.891706+00:00
IMPORTS_GOODS_SERVICES_EUROPE,nl:country,2025-Q2,2026-09-15T16:23:28.567411+00:00,160321.5,provisional,2025-04-01,2025-06-30,0,2026-09-15T16:23:28.567411+00:00
IMPORTS_GOODS_SERVICES_EUROPE,nl:country,2025-Q2,2026-09-24T09:41:09.891706+00:00,160312.6,provisional,2025-04-01,2025-06-30,1,2026-09-24T09:41:09.891706+00:00
IMPORTS_GOODS_SERVICES_EUROPE,nl:country,2025-Q3,2026-09-15T16:23:28.567411+00:00,160801.9,provisional,2025-07-01,2025-09-30,0,2026-09-15T16:23:28.567411+00:00
IMPORTS_GOODS_SERVICES_EUROPE,nl:country,2025-Q3,2026-09-24T09:41:09.891706+00:00,160791.1,provisional,2025-07-01,2025-09-30,1,2026-09-24T09:41:09.891706+00:00
IMPORTS_GOODS_SERVICES_EUROPE,nl:country,2025-Q4,2026-09-15T16:23:28.567411+00:00,161224.8,provisional,2025-10-01,2025-12-31,0,2026-09-15T16:23:28.567411+00:00
IMPORTS_GOODS_SERVICES_EUROPE,nl:country,2025-Q4,2026-09-24T09:41:09.891706+00:00,161213.2,provisional,2025-10-01,2025-12-31,1,2026-09-24T09:41:09.891706+00:00
IMPORTS_GOODS_SERVICES_EUROPE,nl:country,2026-Q1,2026-09-15T16:23:28.567411+00:00,161562.7,provisional,2026-01-01,2026-03-31,0,2026-09-15T16:23:28.567411+00:00
IMPORTS_GOODS_SERVICES_EUROPE,nl:country,2026-Q1,2026-09-24T09:41:09.891706+00:00,161563.6,provisional,2026-01-01,2026-03-31,1,2026-09-24T09:41:09.891706+00:00
IMPORTS_GOODS_SERVICES_EUROPE,nl:country,2026-Q2,2026-09-15T16:23:28.567411+00:00,163877.3,provisional,2026-04-01,2026-06-30,0,2026-09-15T16:23:28.567411+00:00
IMPORTS_GOODS_SERVICES_EUROPE,nl:country,2026-Q2,2026-09-24T09:41:09.891706+00:00,163836.1,provisional,2026-04-01,2026-06-30,1,2026-09-24T09:41:09.891706+00:00
IMPORTS_GOODS_SERVICES_EUROPE,no:country,2008-Q1,2026-09-15T16:23:28.567411+00:00,23679.7,final,2008-01-01,2008-03-31,1,2026-09-15T16:23:28.567411+00:00
IMPORTS_GOODS_SERVICES_EUROPE,no:country,2008-Q2,2026-09-15T16:23:28.567411+00:00,23499.5,final,2008-04-01,2008-06-30,1,2026-09-15T16:23:28.567411+00:00
IMPORTS_GOODS_SERVICES_EUROPE,no:country,2008-Q3,2026-09-15T16:23:28.567411+00:00,23692.1,final,2008-07-01,2008-09-30,1,2026-09-15T16:23:28.567411+00:00
IMPORTS_GOODS_SERVICES_EUROPE,no:country,2008-Q4,2026-09-15T16:23:28.567411+00:00,23325.3,final,2008-10-01,2008-12-31,1,2026-09-15T16:23:28.567411+00:00
IMPORTS_GOODS_SERVICES_EUROPE,no:country,2009-Q1,2026-09-15T16:23:28.567411+00:00,20938.6,final,2009-01-01,2009-03-31,1,2026-09-15T16:23:28.567411+00:00
IMPORTS_GOODS_SERVICES_EUROPE,no:country,2009-Q2,2026-09-15T16:23:28.567411+00:00,20990.7,final,2009-04-01,2009-06-30,1,2026-09-15T16:23:28.567411+00:00
IMPORTS_GOODS_SERVICES_EUROPE,no:country,2009-Q3,2026-09-15T16:23:28.567411+00:00,21270.2,final,2009-07-01,2009-09-30,1,2026-09-15T16:23:28.567411+00:00
IMPORTS_GOODS_SERVICES_EUROPE,no:country,2009-Q4,2026-09-15T16:23:28.567411+00:00,21471.2,final,2009-10-01,2009-12-31,1,2026-09-15T16:23:28.567411+00:00
IMPORTS_GOODS_SERVICES_EUROPE,no:country,2010-Q1,2026-09-15T16:23:28.567411+00:00,22162.4,final,2010-01-01,2010-03-31,1,2026-09-15T16:23:28.567411+00:00
IMPORTS_GOODS_SERVICES_EUROPE,no:country,2010-Q2,2026-09-15T16:23:28.567411+00:00,23206.9,final,2010-04-01,2010-06-30,1,2026-09-15T16:23:28.567411+00:00
IMPORTS_GOODS_SERVICES_EUROPE,no:country,2010-Q3,2026-09-15T16:23:28.567411+00:00,23167.4,final,2010-07-01,2010-09-30,1,2026-09-15T16:23:28.567411+00:00
IMPORTS_GOODS_SERVICES_EUROPE,no:country,2010-Q4,2026-09-15T16:23:28.567411+00:00,22972.8,final,2010-10-01,2010-12-31,1,2026-09-15T16:23:28.567411+00:00
IMPORTS_GOODS_SERVICES_EUROPE,no:country,2011-Q1,2026-09-15T16:23:28.567411+00:00,24480.9,final,2011-01-01,2011-03-31,1,2026-09-15T16:23:28.567411+00:00
IMPORTS_GOODS_SERVICES_EUROPE,no:country,2011-Q2,2026-09-15T16:23:28.567411+00:00,23005.2,final,2011-04-01,2011-06-30,1,2026-09-15T16:23:28.567411+00:00
IMPORTS_GOODS_SERVICES_EUROPE,no:country,2011-Q3,2026-09-15T16:23:28.567411+00:00,23364.0,final,2011-07-01,2011-09-30,1,2026-09-15T16:23:28.567411+00:00
IMPORTS_GOODS_SERVICES_EUROPE,no:country,2011-Q4,2026-09-15T16:23:28.567411+00:00,24285.0,final,2011-10-01,2011-12-31,1,2026-09-15T16:23:28.567411+00:00
IMPORTS_GOODS_SERVICES_EUROPE,no:country,2012-Q1,2026-09-15T16:23:28.567411+00:00,24357.1,final,2012-01-01,2012-03-31,1,2026-09-15T16:23:28.567411+00:00
IMPORTS_GOODS_SERVICES_EUROPE,no:country,2012-Q2,2026-09-15T16:23:28.567411+00:00,24769.1,final,2012-04-01,2012-06-30,1,2026-09-15T16:23:28.567411+00:00
IMPORTS_GOODS_SERVICES_EUROPE,no:country,2012-Q3,2026-09-15T16:23:28.567411+00:00,24625.9,final,2012-07-01,2012-09-30,1,2026-09-15T16:23:28.567411+00:00
IMPORTS_GOODS_SERVICES_EUROPE,no:country,2012-Q4,2026-09-15T16:23:28.567411+00:00,24560.9,final,2012-10-01,2012-12-31,1,2026-09-15T16:23:28.567411+00:00
IMPORTS_GOODS_SERVICES_EUROPE,no:country,2013-Q1,2026-09-15T16:23:28.567411+00:00,25445.7,final,2013-01-01,2013-03-31,1,2026-09-15T16:23:28.567411+00:00
IMPORTS_GOODS_SERVICES_EUROPE,no:country,2013-Q2,2026-09-15T16:23:28.567411+00:00,25787.1,final,2013-04-01,2013-06-30,1,2026-09-15T16:23:28.567411+00:00
IMPORTS_GOODS_SERVICES_EUROPE,no:country,2013-Q3,2026-09-15T16:23:28.567411+00:00,26119.2,final,2013-07-01,2013-09-30,1,2026-09-15T16:23:28.567411+00:00
IMPORTS_GOODS_SERVICES_EUROPE,no:country,2013-Q4,2026-09-15T16:23:28.567411+00:00,26085.6,final,2013-10-01,2013-12-31,1,2026-09-15T16:23:28.567411+00:00
IMPORTS_GOODS_SERVICES_EUROPE,no:country,2014-Q1,2026-09-15T16:23:28.567411+00:00,25646.4,final,2014-01-01,2014-03-31,1,2026-09-15T16:23:28.567411+00:00
IMPORTS_GOODS_SERVICES_EUROPE,no:country,2014-Q2,2026-09-15T16:23:28.567411+00:00,26413.2,final,2014-04-01,2014-06-30,1,2026-09-15T16:23:28.567411+00:00
IMPORTS_GOODS_SERVICES_EUROPE,no:country,2014-Q3,2026-09-15T16:23:28.567411+00:00,27440.5,final,2014-07-01,2014-09-30,1,2026-09-15T16:23:28.567411+00:00
IMPORTS_GOODS_SERVICES_EUROPE,no:country,2014-Q4,2026-09-15T16:23:28.567411+00:00,26254.4,final,2014-10-01,2014-12-31,1,2026-09-15T16:23:28.567411+00:00
IMPORTS_GOODS_SERVICES_EUROPE,no:country,2015-Q1,2026-09-15T16:23:28.567411+00:00,27046.2,final,2015-01-01,2015-03-31,1,2026-09-15T16:23:28.567411+00:00
IMPORTS_GOODS_SERVICES_EUROPE,no:country,2015-Q2,2026-09-15T16:23:28.567411+00:00,26970.8,final,2015-04-01,2015-06-30,1,2026-09-15T16:23:28.567411+00:00
IMPORTS_GOODS_SERVICES_EUROPE,no:country,2015-Q3,2026-09-15T16:23:28.567411+00:00,26716.3,final,2015-07-01,2015-09-30,1,2026-09-15T16:23:28.567411+00:00
IMPORTS_GOODS_SERVICES_EUROPE,no:country,2015-Q4,2026-09-15T16:23:28.567411+00:00,27106.1,final,2015-10-01,2015-12-31,1,2026-09-15T16:23:28.567411+00:00
IMPORTS_GOODS_SERVICES_EUROPE,no:country,2016-Q1,2026-09-15T16:23:28.567411+00:00,27126.2,final,2016-01-01,2016-03-31,1,2026-09-15T16:23:28.567411+00:00
IMPORTS_GOODS_SERVICES_EUROPE,no:country,2016-Q2,2026-09-15T16:23:28.567411+00:00,26786.4,final,2016-04-01,2016-06-30,1,2026-09-15T16:23:28.567411+00:00
IMPORTS_GOODS_SERVICES_EUROPE,no:country,2016-Q3,2026-09-15T16:23:28.567411+00:00,28031.5,final,2016-07-01,2016-09-30,1,2026-09-15T16:23:28.567411+00:00
IMPORTS_GOODS_SERVICES_EUROPE,no:country,2016-Q4,2026-09-15T16:23:28.567411+00:00,27586.8,final,2016-10-01,2016-12-31,1,2026-09-15T16:23:28.567411+00:00
IMPORTS_GOODS_SERVICES_EUROPE,no:country,2017-Q1,2026-09-15T16:23:28.567411+00:00,27590.3,final,2017-01-01,2017-03-31,1,2026-09-15T16:23:28.567411+00:00
IMPORTS_GOODS_SERVICES_EUROPE,no:country,2017-Q2,2026-09-15T16:23:28.567411+00:00,27805.4,final,2017-04-01,2017-06-30,1,2026-09-15T16:23:28.567411+00:00
IMPORTS_GOODS_SERVICES_EUROPE,no:country,2017-Q3,2026-09-15T16:23:28.567411+00:00,27945.8,final,2017-07-01,2017-09-30,1,2026-09-15T16:23:28.567411+00:00
IMPORTS_GOODS_SERVICES_EUROPE,no:country,2017-Q4,2026-09-15T16:23:28.567411+00:00,28674.1,final,2017-10-01,2017-12-31,1,2026-09-15T16:23:28.567411+00:00
IMPORTS_GOODS_SERVICES_EUROPE,no:country,2018-Q1,2026-09-15T16:23:28.567411+00:00,27823.9,final,2018-01-01,2018-03-31,1,2026-09-15T16:23:28.567411+00:00
IMPORTS_GOODS_SERVICES_EUROPE,no:country,2018-Q2,2026-09-15T16:23:28.567411+00:00,28679.7,final,2018-04-01,2018-06-30,1,2026-09-15T16:23:28.567411+00:00
IMPORTS_GOODS_SERVICES_EUROPE,no:country,2018-Q3,2026-09-15T16:23:28.567411+00:00,28629.6,final,2018-07-01,2018-09-30,1,2026-09-15T16:23:28.567411+00:00
IMPORTS_GOODS_SERVICES_EUROPE,no:country,2018-Q4,2026-09-15T16:23:28.567411+00:00,28361.4,final,2018-10-01,2018-12-31,1,2026-09-15T16:23:28.567411+00:00
IMPORTS_GOODS_SERVICES_EUROPE,no:country,2019-Q1,2026-09-15T16:23:28.567411+00:00,29541.4,final,2019-01-01,2019-03-31,1,2026-09-15T16:23:28.567411+00:00
IMPORTS_GOODS_SERVICES_EUROPE,no:country,2019-Q2,2026-09-15T16:23:28.567411+00:00,29908.7,final,2019-04-01,2019-06-30,1,2026-09-15T16:23:28.567411+00:00
IMPORTS_GOODS_SERVICES_EUROPE,no:country,2019-Q3,2026-09-15T16:23:28.567411+00:00,30447.5,final,2019-07-01,2019-09-30,1,2026-09-15T16:23:28.567411+00:00
IMPORTS_GOODS_SERVICES_EUROPE,no:country,2019-Q4,2026-09-15T16:23:28.567411+00:00,29834.7,final,2019-10-01,2019-12-31,1,2026-09-15T16:23:28.567411+00:00
IMPORTS_GOODS_SERVICES_EUROPE,no:country,2020-Q1,2026-09-15T16:23:28.567411+00:00,29737.1,final,2020-01-01,2020-03-31,1,2026-09-15T16:23:28.567411+00:00
IMPORTS_GOODS_SERVICES_EUROPE,no:country,2020-Q2,2026-09-15T16:23:28.567411+00:00,24503.7,final,2020-04-01,2020-06-30,1,2026-09-15T16:23:28.567411+00:00
IMPORTS_GOODS_SERVICES_EUROPE,no:country,2020-Q3,2026-09-15T16:23:28.567411+00:00,26900.8,final,2020-07-01,2020-09-30,1,2026-09-15T16:23:28.567411+00:00
IMPORTS_GOODS_SERVICES_EUROPE,no:country,2020-Q4,2026-09-15T16:23:28.567411+00:00,26723.9,final,2020-10-01,2020-12-31,1,2026-09-15T16:23:28.567411+00:00
IMPORTS_GOODS_SERVICES_EUROPE,no:country,2021-Q1,2026-09-15T16:23:28.567411+00:00,25306.1,final,2021-01-01,2021-03-31,1,2026-09-15T16:23:28.567411+00:00
IMPORTS_GOODS_SERVICES_EUROPE,no:country,2021-Q2,2026-09-15T16:23:28.567411+00:00,26708.5,final,2021-04-01,2021-06-30,1,2026-09-15T16:23:28.567411+00:00
IMPORTS_GOODS_SERVICES_EUROPE,no:country,2021-Q3,2026-09-15T16:23:28.567411+00:00,27990.8,final,2021-07-01,2021-09-30,1,2026-09-15T16:23:28.567411+00:00
IMPORTS_GOODS_SERVICES_EUROPE,no:country,2021-Q4,2026-09-15T16:23:28.567411+00:00,29085.2,final,2021-10-01,2021-12-31,1,2026-09-15T16:23:28.567411+00:00
IMPORTS_GOODS_SERVICES_EUROPE,no:country,2022-Q1,2026-09-15T16:23:28.567411+00:00,28852.2,final,2022-01-01,2022-03-31,1,2026-09-15T16:23:28.567411+00:00
IMPORTS_GOODS_SERVICES_EUROPE,no:country,2022-Q2,2026-09-15T16:23:28.567411+00:00,30902.2,final,2022-04-01,2022-06-30,1,2026-09-15T16:23:28.567411+00:00
IMPORTS_GOODS_SERVICES_EUROPE,no:country,2022-Q3,2026-09-15T16:23:28.567411+00:00,31721.3,final,2022-07-01,2022-09-30,1,2026-09-15T16:23:28.567411+00:00
IMPORTS_GOODS_SERVICES_EUROPE,no:country,2022-Q4,2026-09-15T16:23:28.567411+00:00,32707.1,final,2022-10-01,2022-12-31,1,2026-09-15T16:23:28.567411+00:00
IMPORTS_GOODS_SERVICES_EUROPE,no:country,2023-Q1,2026-09-15T16:23:28.567411+00:00,30708.0,final,2023-01-01,2023-03-31,1,2026-09-15T16:23:28.567411+00:00
IMPORTS_GOODS_SERVICES_EUROPE,no:country,2023-Q2,2026-09-15T16:23:28.567411+00:00,31431.4,final,2023-04-01,2023-06-30,1,2026-09-15T16:23:28.567411+00:00
IMPORTS_GOODS_SERVICES_EUROPE,no:country,2023-Q3,2026-09-15T16:23:28.567411+00:00,30385.8,final,2023-07-01,2023-09-30,1,2026-09-15T16:23:28.567411+00:00
IMPORTS_GOODS_SERVICES_EUROPE,no:country,2023-Q4,2026-09-15T16:23:28.567411+00:00,30752.9,final,2023-10-01,2023-12-31,1,2026-09-15T16:23:28.567411+00:00
IMPORTS_GOODS_SERVICES_EUROPE,no:country,2024-Q1,2026-09-15T16:23:28.567411+00:00,30926.0,final,2024-01-01,2024-03-31,1,2026-09-15T16:23:28.567411+00:00
IMPORTS_GOODS_SERVICES_EUROPE,no:country,2024-Q2,2026-09-15T16:23:28.567411+00:00,32168.5,final,2024-04-01,2024-06-30,1,2026-09-15T16:23:28.567411+00:00
IMPORTS_GOODS_SERVICES_EUROPE,no:country,2024-Q3,2026-09-15T16:23:28.567411+00:00,32960.7,final,2024-07-01,2024-09-30,1,2026-09-15T16:23:28.567411+00:00
IMPORTS_GOODS_SERVICES_EUROPE,no:country,2024-Q4,2026-09-15T16:23:28.567411+00:00,33232.5,final,2024-10-01,2024-12-31,1,2026-09-15T16:23:28.567411+00:00
IMPORTS_GOODS_SERVICES_EUROPE,no:country,2025-Q1,2026-09-15T16:23:28.567411+00:00,32742.6,final,2025-01-01,2025-03-31,1,2026-09-15T16:23:28.567411+00:00
IMPORTS_GOODS_SERVICES_EUROPE,no:country,2025-Q2,2026-09-15T16:23:28.567411+00:00,32716.5,final,2025-04-01,2025-06-30,1,2026-09-15T16:23:28.567411+00:00
IMPORTS_GOODS_SERVICES_EUROPE,no:country,2025-Q3,2026-09-15T16:23:28.567411+00:00,33089.2,final,2025-07-01,2025-09-30,1,2026-09-15T16:23:28.567411+00:00
IMPORTS_GOODS_SERVICES_EUROPE,no:country,2025-Q4,2026-09-15T16:23:28.567411+00:00,34028.8,final,2025-10-01,2025-12-31,1,2026-09-15T16:23:28.567411+00:00
IMPORTS_GOODS_SERVICES_EUROPE,no:country,2026-Q1,2026-09-15T16:23:28.567411+00:00,33511.7,final,2026-01-01,2026-03-31,1,2026-09-15T16:23:28.567411+00:00
IMPORTS_GOODS_SERVICES_EUROPE,no:country,2026-Q2,2026-09-15T16:23:28.567411+00:00,33509.1,final,2026-04-01,2026-06-30,1,2026-09-15T16:23:28.567411+00:00
IMPORTS_GOODS_SERVICES_EUROPE,pl:country,2008-Q1,2026-09-15T16:23:28.567411+00:00,38386.8,final,2008-01-01,2008-03-31,1,2026-09-15T16:23:28.567411+00:00
IMPORTS_GOODS_SERVICES_EUROPE,pl:country,2008-Q2,2026-09-15T16:23:28.567411+00:00,38717.2,final,2008-04-01,2008-06-30,1,2026-09-15T16:23:28.567411+00:00
IMPORTS_GOODS_SERVICES_EUROPE,pl:country,2008-Q3,2026-09-15T16:23:28.567411+00:00,38802.9,final,2008-07-01,2008-09-30,1,2026-09-15T16:23:28.567411+00:00
IMPORTS_GOODS_SERVICES_EUROPE,pl:country,2008-Q4,2026-09-15T16:23:28.567411+00:00,36593.0,final,2008-10-01,2008-12-31,1,2026-09-15T16:23:28.567411+00:00
IMPORTS_GOODS_SERVICES_EUROPE,pl:country,2009-Q1,2026-09-15T16:23:28.567411+00:00,32501.6,final,2009-01-01,2009-03-31,1,2026-09-15T16:23:28.567411+00:00
IMPORTS_GOODS_SERVICES_EUROPE,pl:country,2009-Q2,2026-09-15T16:23:28.567411+00:00,31703.9,final,2009-04-01,2009-06-30,1,2026-09-15T16:23:28.567411+00:00
IMPORTS_GOODS_SERVICES_EUROPE,pl:country,2009-Q3,2026-09-15T16:23:28.567411+00:00,33936.6,final,2009-07-01,2009-09-30,1,2026-09-15T16:23:28.567411+00:00
IMPORTS_GOODS_SERVICES_EUROPE,pl:country,2009-Q4,2026-09-15T16:23:28.567411+00:00,34919.9,final,2009-10-01,2009-12-31,1,2026-09-15T16:23:28.567411+00:00
IMPORTS_GOODS_SERVICES_EUROPE,pl:country,2010-Q1,2026-09-15T16:23:28.567411+00:00,35838.5,final,2010-01-01,2010-03-31,1,2026-09-15T16:23:28.567411+00:00
IMPORTS_GOODS_SERVICES_EUROPE,pl:country,2010-Q2,2026-09-15T16:23:28.567411+00:00,38455.2,final,2010-04-01,2010-06-30,1,2026-09-15T16:23:28.567411+00:00
IMPORTS_GOODS_SERVICES_EUROPE,pl:country,2010-Q3,2026-09-15T16:23:28.567411+00:00,38579.4,final,2010-07-01,2010-09-30,1,2026-09-15T16:23:28.567411+00:00
IMPORTS_GOODS_SERVICES_EUROPE,pl:country,2010-Q4,2026-09-15T16:23:28.567411+00:00,39727.2,final,2010-10-01,2010-12-31,1,2026-09-15T16:23:28.567411+00:00
IMPORTS_GOODS_SERVICES_EUROPE,pl:country,2011-Q1,2026-09-15T16:23:28.567411+00:00,39741.1,final,2011-01-01,2011-03-31,1,2026-09-15T16:23:28.567411+00:00
IMPORTS_GOODS_SERVICES_EUROPE,pl:country,2011-Q2,2026-09-15T16:23:28.567411+00:00,40617.4,final,2011-04-01,2011-06-30,1,2026-09-15T16:23:28.567411+00:00
IMPORTS_GOODS_SERVICES_EUROPE,pl:country,2011-Q3,2026-09-15T16:23:28.567411+00:00,40345.8,final,2011-07-01,2011-09-30,1,2026-09-15T16:23:28.567411+00:00
IMPORTS_GOODS_SERVICES_EUROPE,pl:country,2011-Q4,2026-09-15T16:23:28.567411+00:00,40253.3,final,2011-10-01,2011-12-31,1,2026-09-15T16:23:28.567411+00:00
IMPORTS_GOODS_SERVICES_EUROPE,pl:country,2012-Q1,2026-09-15T16:23:28.567411+00:00,40670.5,final,2012-01-01,2012-03-31,1,2026-09-15T16:23:28.567411+00:00
IMPORTS_GOODS_SERVICES_EUROPE,pl:country,2012-Q2,2026-09-15T16:23:28.567411+00:00,40039.8,final,2012-04-01,2012-06-30,1,2026-09-15T16:23:28.567411+00:00
IMPORTS_GOODS_SERVICES_EUROPE,pl:country,2012-Q3,2026-09-15T16:23:28.567411+00:00,39213.4,final,2012-07-01,2012-09-30,1,2026-09-15T16:23:28.567411+00:00
IMPORTS_GOODS_SERVICES_EUROPE,pl:country,2012-Q4,2026-09-15T16:23:28.567411+00:00,39606.7,final,2012-10-01,2012-12-31,1,2026-09-15T16:23:28.567411+00:00
IMPORTS_GOODS_SERVICES_EUROPE,pl:country,2013-Q1,2026-09-15T16:23:28.567411+00:00,39736.3,final,2013-01-01,2013-03-31,1,2026-09-15T16:23:28.567411+00:00
IMPORTS_GOODS_SERVICES_EUROPE,pl:country,2013-Q2,2026-09-15T16:23:28.567411+00:00,39426.0,final,2013-04-01,2013-06-30,1,2026-09-15T16:23:28.567411+00:00
IMPORTS_GOODS_SERVICES_EUROPE,pl:country,2013-Q3,2026-09-15T16:23:28.567411+00:00,41261.0,final,2013-07-01,2013-09-30,1,2026-09-15T16:23:28.567411+00:00
IMPORTS_GOODS_SERVICES_EUROPE,pl:country,2013-Q4,2026-09-15T16:23:28.567411+00:00,41818.0,final,2013-10-01,2013-12-31,1,2026-09-15T16:23:28.567411+00:00
IMPORTS_GOODS_SERVICES_EUROPE,pl:country,2014-Q1,2026-09-15T16:23:28.567411+00:00,42816.1,final,2014-01-01,2014-03-31,1,2026-09-15T16:23:28.567411+00:00
IMPORTS_GOODS_SERVICES_EUROPE,pl:country,2014-Q2,2026-09-15T16:23:28.567411+00:00,43900.0,final,2014-04-01,2014-06-30,1,2026-09-15T16:23:28.567411+00:00
IMPORTS_GOODS_SERVICES_EUROPE,pl:country,2014-Q3,2026-09-15T16:23:28.567411+00:00,45208.1,final,2014-07-01,2014-09-30,1,2026-09-15T16:23:28.567411+00:00
IMPORTS_GOODS_SERVICES_EUROPE,pl:country,2014-Q4,2026-09-15T16:23:28.567411+00:00,45258.8,final,2014-10-01,2014-12-31,1,2026-09-15T16:23:28.567411+00:00
IMPORTS_GOODS_SERVICES_EUROPE,pl:country,2015-Q1,2026-09-15T16:23:28.567411+00:00,45485.2,final,2015-01-01,2015-03-31,1,2026-09-15T16:23:28.567411+00:00
IMPORTS_GOODS_SERVICES_EUROPE,pl:country,2015-Q2,2026-09-15T16:23:28.567411+00:00,46142.1,final,2015-04-01,2015-06-30,1,2026-09-15T16:23:28.567411+00:00
IMPORTS_GOODS_SERVICES_EUROPE,pl:country,2015-Q3,2026-09-15T16:23:28.567411+00:00,47116.3,final,2015-07-01,2015-09-30,1,2026-09-15T16:23:28.567411+00:00
IMPORTS_GOODS_SERVICES_EUROPE,pl:country,2015-Q4,2026-09-15T16:23:28.567411+00:00,48440.6,final,2015-10-01,2015-12-31,1,2026-09-15T16:23:28.567411+00:00
IMPORTS_GOODS_SERVICES_EUROPE,pl:country,2016-Q1,2026-09-15T16:23:28.567411+00:00,49086.8,final,2016-01-01,2016-03-31,1,2026-09-15T16:23:28.567411+00:00
IMPORTS_GOODS_SERVICES_EUROPE,pl:country,2016-Q2,2026-09-15T16:23:28.567411+00:00,50734.0,final,2016-04-01,2016-06-30,1,2026-09-15T16:23:28.567411+00:00
IMPORTS_GOODS_SERVICES_EUROPE,pl:country,2016-Q3,2026-09-15T16:23:28.567411+00:00,50893.6,final,2016-07-01,2016-09-30,1,2026-09-15T16:23:28.567411+00:00
IMPORTS_GOODS_SERVICES_EUROPE,pl:country,2016-Q4,2026-09-15T16:23:28.567411+00:00,50950.3,final,2016-10-01,2016-12-31,1,2026-09-15T16:23:28.567411+00:00
IMPORTS_GOODS_SERVICES_EUROPE,pl:country,2017-Q1,2026-09-15T16:23:28.567411+00:00,54266.0,final,2017-01-01,2017-03-31,1,2026-09-15T16:23:28.567411+00:00
IMPORTS_GOODS_SERVICES_EUROPE,pl:country,2017-Q2,2026-09-15T16:23:28.567411+00:00,54635.0,final,2017-04-01,2017-06-30,1,2026-09-15T16:23:28.567411+00:00
IMPORTS_GOODS_SERVICES_EUROPE,pl:country,2017-Q3,2026-09-15T16:23:28.567411+00:00,55322.1,final,2017-07-01,2017-09-30,1,2026-09-15T16:23:28.567411+00:00
IMPORTS_GOODS_SERVICES_EUROPE,pl:country,2017-Q4,2026-09-15T16:23:28.567411+00:00,57128.7,final,2017-10-01,2017-12-31,1,2026-09-15T16:23:28.567411+00:00
IMPORTS_GOODS_SERVICES_EUROPE,pl:country,2018-Q1,2026-09-15T16:23:28.567411+00:00,57882.3,final,2018-01-01,2018-03-31,1,2026-09-15T16:23:28.567411+00:00
IMPORTS_GOODS_SERVICES_EUROPE,pl:country,2018-Q2,2026-09-15T16:23:28.567411+00:00,59137.4,final,2018-04-01,2018-06-30,1,2026-09-15T16:23:28.567411+00:00
IMPORTS_GOODS_SERVICES_EUROPE,pl:country,2018-Q3,2026-09-15T16:23:28.567411+00:00,59679.9,final,2018-07-01,2018-09-30,1,2026-09-15T16:23:28.567411+00:00
IMPORTS_GOODS_SERVICES_EUROPE,pl:country,2018-Q4,2026-09-15T16:23:28.567411+00:00,61323.2,final,2018-10-01,2018-12-31,1,2026-09-15T16:23:28.567411+00:00
IMPORTS_GOODS_SERVICES_EUROPE,pl:country,2019-Q1,2026-09-15T16:23:28.567411+00:00,61350.6,final,2019-01-01,2019-03-31,1,2026-09-15T16:23:28.567411+00:00
IMPORTS_GOODS_SERVICES_EUROPE,pl:country,2019-Q2,2026-09-15T16:23:28.567411+00:00,61281.9,final,2019-04-01,2019-06-30,1,2026-09-15T16:23:28.567411+00:00
IMPORTS_GOODS_SERVICES_EUROPE,pl:country,2019-Q3,2026-09-15T16:23:28.567411+00:00,62220.0,final,2019-07-01,2019-09-30,1,2026-09-15T16:23:28.567411+00:00
IMPORTS_GOODS_SERVICES_EUROPE,pl:country,2019-Q4,2026-09-15T16:23:28.567411+00:00,60924.1,final,2019-10-01,2019-12-31,1,2026-09-15T16:23:28.567411+00:00
IMPORTS_GOODS_SERVICES_EUROPE,pl:country,2020-Q1,2026-09-15T16:23:28.567411+00:00,62292.2,final,2020-01-01,2020-03-31,1,2026-09-15T16:23:28.567411+00:00
IMPORTS_GOODS_SERVICES_EUROPE,pl:country,2020-Q2,2026-09-15T16:23:28.567411+00:00,50368.5,final,2020-04-01,2020-06-30,1,2026-09-15T16:23:28.567411+00:00
IMPORTS_GOODS_SERVICES_EUROPE,pl:country,2020-Q3,2026-09-15T16:23:28.567411+00:00,61882.2,final,2020-07-01,2020-09-30,1,2026-09-15T16:23:28.567411+00:00
IMPORTS_GOODS_SERVICES_EUROPE,pl:country,2020-Q4,2026-09-15T16:23:28.567411+00:00,64962.9,final,2020-10-01,2020-12-31,1,2026-09-15T16:23:28.567411+00:00
IMPORTS_GOODS_SERVICES_EUROPE,pl:country,2021-Q1,2026-09-15T16:23:28.567411+00:00,66913.8,final,2021-01-01,2021-03-31,1,2026-09-15T16:23:28.567411+00:00
IMPORTS_GOODS_SERVICES_EUROPE,pl:country,2021-Q2,2026-09-15T16:23:28.567411+00:00,68610.5,final,2021-04-01,2021-06-30,1,2026-09-15T16:23:28.567411+00:00
IMPORTS_GOODS_SERVICES_EUROPE,pl:country,2021-Q3,2026-09-15T16:23:28.567411+00:00,70091.0,final,2021-07-01,2021-09-30,1,2026-09-15T16:23:28.567411+00:00
IMPORTS_GOODS_SERVICES_EUROPE,pl:country,2021-Q4,2026-09-15T16:23:28.567411+00:00,72946.7,final,2021-10-01,2021-12-31,1,2026-09-15T16:23:28.567411+00:00
IMPORTS_GOODS_SERVICES_EUROPE,pl:country,2022-Q1,2026-09-15T16:23:28.567411+00:00,73267.3,final,2022-01-01,2022-03-31,1,2026-09-15T16:23:28.567411+00:00
IMPORTS_GOODS_SERVICES_EUROPE,pl:country,2022-Q2,2026-09-15T16:23:28.567411+00:00,74411.0,final,2022-04-01,2022-06-30,1,2026-09-15T16:23:28.567411+00:00
IMPORTS_GOODS_SERVICES_EUROPE,pl:country,2022-Q3,2026-09-15T16:23:28.567411+00:00,75434.4,final,2022-07-01,2022-09-30,1,2026-09-15T16:23:28.567411+00:00
IMPORTS_GOODS_SERVICES_EUROPE,pl:country,2022-Q4,2026-09-15T16:23:28.567411+00:00,74557.4,final,2022-10-01,2022-12-31,1,2026-09-15T16:23:28.567411+00:00
IMPORTS_GOODS_SERVICES_EUROPE,pl:country,2023-Q1,2026-09-15T16:23:28.567411+00:00,73314.2,final,2023-01-01,2023-03-31,1,2026-09-15T16:23:28.567411+00:00
IMPORTS_GOODS_SERVICES_EUROPE,pl:country,2023-Q2,2026-09-15T16:23:28.567411+00:00,71787.8,final,2023-04-01,2023-06-30,1,2026-09-15T16:23:28.567411+00:00
IMPORTS_GOODS_SERVICES_EUROPE,pl:country,2023-Q3,2026-09-15T16:23:28.567411+00:00,73804.2,final,2023-07-01,2023-09-30,1,2026-09-15T16:23:28.567411+00:00
IMPORTS_GOODS_SERVICES_EUROPE,pl:country,2023-Q4,2026-09-15T16:23:28.567411+00:00,74470.3,final,2023-10-01,2023-12-31,1,2026-09-15T16:23:28.567411+00:00
IMPORTS_GOODS_SERVICES_EUROPE,pl:country,2024-Q1,2026-09-15T16:23:28.567411+00:00,75242.1,final,2024-01-01,2024-03-31,1,2026-09-15T16:23:28.567411+00:00
IMPORTS_GOODS_SERVICES_EUROPE,pl:country,2024-Q2,2026-09-15T16:23:28.567411+00:00,76726.5,final,2024-04-01,2024-06-30,1,2026-09-15T16:23:28.567411+00:00
IMPORTS_GOODS_SERVICES_EUROPE,pl:country,2024-Q3,2026-09-15T16:23:28.567411+00:00,77402.0,final,2024-07-01,2024-09-30,1,2026-09-15T16:23:28.567411+00:00
IMPORTS_GOODS_SERVICES_EUROPE,pl:country,2024-Q4,2026-09-15T16:23:28.567411+00:00,77558.5,final,2024-10-01,2024-12-31,1,2026-09-15T16:23:28.567411+00:00
IMPORTS_GOODS_SERVICES_EUROPE,pl:country,2025-Q1,2026-09-15T16:23:28.567411+00:00,80200.0,final,2025-01-01,2025-03-31,1,2026-09-15T16:23:28.567411+00:00
IMPORTS_GOODS_SERVICES_EUROPE,pl:country,2025-Q2,2026-09-15T16:23:28.567411+00:00,81120.3,final,2025-04-01,2025-06-30,1,2026-09-15T16:23:28.567411+00:00
IMPORTS_GOODS_SERVICES_EUROPE,pl:country,2025-Q3,2026-09-15T16:23:28.567411+00:00,82167.6,final,2025-07-01,2025-09-30,1,2026-09-15T16:23:28.567411+00:00
IMPORTS_GOODS_SERVICES_EUROPE,pl:country,2025-Q4,2026-09-15T16:23:28.567411+00:00,84266.4,final,2025-10-01,2025-12-31,1,2026-09-15T16:23:28.567411+00:00
IMPORTS_GOODS_SERVICES_EUROPE,pl:country,2026-Q1,2026-09-15T16:23:28.567411+00:00,85233.6,final,2026-01-01,2026-03-31,1,2026-09-15T16:23:28.567411+00:00
IMPORTS_GOODS_SERVICES_EUROPE,pl:country,2026-Q2,2026-09-15T16:23:28.567411+00:00,89449.1,final,2026-04-01,2026-06-30,1,2026-09-15T16:23:28.567411+00:00
IMPORTS_GOODS_SERVICES_EUROPE,pt:country,2008-Q1,2026-09-15T16:23:28.567411+00:00,17814.2,final,2008-01-01,2008-03-31,1,2026-09-15T16:23:28.567411+00:00
IMPORTS_GOODS_SERVICES_EUROPE,pt:country,2008-Q2,2026-09-15T16:23:28.567411+00:00,17690.3,final,2008-04-01,2008-06-30,1,2026-09-15T16:23:28.567411+00:00
IMPORTS_GOODS_SERVICES_EUROPE,pt:country,2008-Q3,2026-09-15T16:23:28.567411+00:00,17453.9,final,2008-07-01,2008-09-30,1,2026-09-15T16:23:28.567411+00:00
IMPORTS_GOODS_SERVICES_EUROPE,pt:country,2008-Q4,2026-09-15T16:23:28.567411+00:00,16485.0,final,2008-10-01,2008-12-31,1,2026-09-15T16:23:28.567411+00:00
IMPORTS_GOODS_SERVICES_EUROPE,pt:country,2009-Q1,2026-09-15T16:23:28.567411+00:00,15178.3,final,2009-01-01,2009-03-31,1,2026-09-15T16:23:28.567411+00:00
IMPORTS_GOODS_SERVICES_EUROPE,pt:country,2009-Q2,2026-09-15T16:23:28.567411+00:00,15434.9,final,2009-04-01,2009-06-30,1,2026-09-15T16:23:28.567411+00:00
IMPORTS_GOODS_SERVICES_EUROPE,pt:country,2009-Q3,2026-09-15T16:23:28.567411+00:00,15896.6,final,2009-07-01,2009-09-30,1,2026-09-15T16:23:28.567411+00:00
IMPORTS_GOODS_SERVICES_EUROPE,pt:country,2009-Q4,2026-09-15T16:23:28.567411+00:00,16333.7,final,2009-10-01,2009-12-31,1,2026-09-15T16:23:28.567411+00:00
IMPORTS_GOODS_SERVICES_EUROPE,pt:country,2010-Q1,2026-09-15T16:23:28.567411+00:00,16702.9,final,2010-01-01,2010-03-31,1,2026-09-15T16:23:28.567411+00:00
IMPORTS_GOODS_SERVICES_EUROPE,pt:country,2010-Q2,2026-09-15T16:23:28.567411+00:00,17155.8,final,2010-04-01,2010-06-30,1,2026-09-15T16:23:28.567411+00:00
IMPORTS_GOODS_SERVICES_EUROPE,pt:country,2010-Q3,2026-09-15T16:23:28.567411+00:00,16531.4,final,2010-07-01,2010-09-30,1,2026-09-15T16:23:28.567411+00:00
IMPORTS_GOODS_SERVICES_EUROPE,pt:country,2010-Q4,2026-09-15T16:23:28.567411+00:00,17348.2,final,2010-10-01,2010-12-31,1,2026-09-15T16:23:28.567411+00:00
IMPORTS_GOODS_SERVICES_EUROPE,pt:country,2011-Q1,2026-09-15T16:23:28.567411+00:00,16262.4,final,2011-01-01,2011-03-31,1,2026-09-15T16:23:28.567411+00:00
IMPORTS_GOODS_SERVICES_EUROPE,pt:country,2011-Q2,2026-09-15T16:23:28.567411+00:00,16247.7,final,2011-04-01,2011-06-30,1,2026-09-15T16:23:28.567411+00:00
IMPORTS_GOODS_SERVICES_EUROPE,pt:country,2011-Q3,2026-09-15T16:23:28.567411+00:00,15806.5,final,2011-07-01,2011-09-30,1,2026-09-15T16:23:28.567411+00:00
IMPORTS_GOODS_SERVICES_EUROPE,pt:country,2011-Q4,2026-09-15T16:23:28.567411+00:00,15224.9,final,2011-10-01,2011-12-31,1,2026-09-15T16:23:28.567411+00:00
IMPORTS_GOODS_SERVICES_EUROPE,pt:country,2012-Q1,2026-09-15T16:23:28.567411+00:00,15391.4,final,2012-01-01,2012-03-31,1,2026-09-15T16:23:28.567411+00:00
IMPORTS_GOODS_SERVICES_EUROPE,pt:country,2012-Q2,2026-09-15T16:23:28.567411+00:00,14617.5,final,2012-04-01,2012-06-30,1,2026-09-15T16:23:28.567411+00:00
IMPORTS_GOODS_SERVICES_EUROPE,pt:country,2012-Q3,2026-09-15T16:23:28.567411+00:00,14698.0,final,2012-07-01,2012-09-30,1,2026-09-15T16:23:28.567411+00:00
IMPORTS_GOODS_SERVICES_EUROPE,pt:country,2012-Q4,2026-09-15T16:23:28.567411+00:00,14833.1,final,2012-10-01,2012-12-31,1,2026-09-15T16:23:28.567411+00:00
IMPORTS_GOODS_SERVICES_EUROPE,pt:country,2013-Q1,2026-09-15T16:23:28.567411+00:00,14837.7,final,2013-01-01,2013-03-31,1,2026-09-15T16:23:28.567411+00:00
IMPORTS_GOODS_SERVICES_EUROPE,pt:country,2013-Q2,2026-09-15T16:23:28.567411+00:00,15547.3,final,2013-04-01,2013-06-30,1,2026-09-15T16:23:28.567411+00:00
IMPORTS_GOODS_SERVICES_EUROPE,pt:country,2013-Q3,2026-09-15T16:23:28.567411+00:00,15929.0,final,2013-07-01,2013-09-30,1,2026-09-15T16:23:28.567411+00:00
IMPORTS_GOODS_SERVICES_EUROPE,pt:country,2013-Q4,2026-09-15T16:23:28.567411+00:00,16028.6,final,2013-10-01,2013-12-31,1,2026-09-15T16:23:28.567411+00:00
IMPORTS_GOODS_SERVICES_EUROPE,pt:country,2014-Q1,2026-09-15T16:23:28.567411+00:00,16185.9,final,2014-01-01,2014-03-31,1,2026-09-15T16:23:28.567411+00:00
IMPORTS_GOODS_SERVICES_EUROPE,pt:country,2014-Q2,2026-09-15T16:23:28.567411+00:00,16630.9,final,2014-04-01,2014-06-30,1,2026-09-15T16:23:28.567411+00:00
IMPORTS_GOODS_SERVICES_EUROPE,pt:country,2014-Q3,2026-09-15T16:23:28.567411+00:00,17067.5,final,2014-07-01,2014-09-30,1,2026-09-15T16:23:28.567411+00:00
IMPORTS_GOODS_SERVICES_EUROPE,pt:country,2014-Q4,2026-09-15T16:23:28.567411+00:00,17450.8,final,2014-10-01,2014-12-31,1,2026-09-15T16:23:28.567411+00:00
IMPORTS_GOODS_SERVICES_EUROPE,pt:country,2015-Q1,2026-09-15T16:23:28.567411+00:00,17703.5,final,2015-01-01,2015-03-31,1,2026-09-15T16:23:28.567411+00:00
IMPORTS_GOODS_SERVICES_EUROPE,pt:country,2015-Q2,2026-09-15T16:23:28.567411+00:00,18477.4,final,2015-04-01,2015-06-30,1,2026-09-15T16:23:28.567411+00:00
IMPORTS_GOODS_SERVICES_EUROPE,pt:country,2015-Q3,2026-09-15T16:23:28.567411+00:00,18142.3,final,2015-07-01,2015-09-30,1,2026-09-15T16:23:28.567411+00:00
IMPORTS_GOODS_SERVICES_EUROPE,pt:country,2015-Q4,2026-09-15T16:23:28.567411+00:00,18442.9,final,2015-10-01,2015-12-31,1,2026-09-15T16:23:28.567411+00:00
IMPORTS_GOODS_SERVICES_EUROPE,pt:country,2016-Q1,2026-09-15T16:23:28.567411+00:00,18627.7,final,2016-01-01,2016-03-31,1,2026-09-15T16:23:28.567411+00:00
IMPORTS_GOODS_SERVICES_EUROPE,pt:country,2016-Q2,2026-09-15T16:23:28.567411+00:00,18817.4,final,2016-04-01,2016-06-30,1,2026-09-15T16:23:28.567411+00:00
IMPORTS_GOODS_SERVICES_EUROPE,pt:country,2016-Q3,2026-09-15T16:23:28.567411+00:00,19203.8,final,2016-07-01,2016-09-30,1,2026-09-15T16:23:28.567411+00:00
IMPORTS_GOODS_SERVICES_EUROPE,pt:country,2016-Q4,2026-09-15T16:23:28.567411+00:00,19916.0,final,2016-10-01,2016-12-31,1,2026-09-15T16:23:28.567411+00:00
IMPORTS_GOODS_SERVICES_EUROPE,pt:country,2017-Q1,2026-09-15T16:23:28.567411+00:00,20250.2,final,2017-01-01,2017-03-31,1,2026-09-15T16:23:28.567411+00:00
IMPORTS_GOODS_SERVICES_EUROPE,pt:country,2017-Q2,2026-09-15T16:23:28.567411+00:00,20405.9,final,2017-04-01,2017-06-30,1,2026-09-15T16:23:28.567411+00:00
IMPORTS_GOODS_SERVICES_EUROPE,pt:country,2017-Q3,2026-09-15T16:23:28.567411+00:00,20770.2,final,2017-07-01,2017-09-30,1,2026-09-15T16:23:28.567411+00:00
IMPORTS_GOODS_SERVICES_EUROPE,pt:country,2017-Q4,2026-09-15T16:23:28.567411+00:00,21285.7,final,2017-10-01,2017-12-31,1,2026-09-15T16:23:28.567411+00:00
IMPORTS_GOODS_SERVICES_EUROPE,pt:country,2018-Q1,2026-09-15T16:23:28.567411+00:00,21612.0,final,2018-01-01,2018-03-31,1,2026-09-15T16:23:28.567411+00:00
IMPORTS_GOODS_SERVICES_EUROPE,pt:country,2018-Q2,2026-09-15T16:23:28.567411+00:00,21637.6,final,2018-04-01,2018-06-30,1,2026-09-15T16:23:28.567411+00:00
IMPORTS_GOODS_SERVICES_EUROPE,pt:country,2018-Q3,2026-09-15T16:23:28.567411+00:00,21479.8,final,2018-07-01,2018-09-30,1,2026-09-15T16:23:28.567411+00:00
IMPORTS_GOODS_SERVICES_EUROPE,pt:country,2018-Q4,2026-09-15T16:23:28.567411+00:00,22041.0,final,2018-10-01,2018-12-31,1,2026-09-15T16:23:28.567411+00:00
IMPORTS_GOODS_SERVICES_EUROPE,pt:country,2019-Q1,2026-09-15T16:23:28.567411+00:00,22978.2,final,2019-01-01,2019-03-31,1,2026-09-15T16:23:28.567411+00:00
IMPORTS_GOODS_SERVICES_EUROPE,pt:country,2019-Q2,2026-09-15T16:23:28.567411+00:00,22530.4,final,2019-04-01,2019-06-30,1,2026-09-15T16:23:28.567411+00:00
IMPORTS_GOODS_SERVICES_EUROPE,pt:country,2019-Q3,2026-09-15T16:23:28.567411+00:00,22786.2,final,2019-07-01,2019-09-30,1,2026-09-15T16:23:28.567411+00:00
IMPORTS_GOODS_SERVICES_EUROPE,pt:country,2019-Q4,2026-09-15T16:23:28.567411+00:00,22868.6,final,2019-10-01,2019-12-31,1,2026-09-15T16:23:28.567411+00:00
IMPORTS_GOODS_SERVICES_EUROPE,pt:country,2020-Q1,2026-09-15T16:23:28.567411+00:00,22719.9,final,2020-01-01,2020-03-31,1,2026-09-15T16:23:28.567411+00:00
IMPORTS_GOODS_SERVICES_EUROPE,pt:country,2020-Q2,2026-09-15T16:23:28.567411+00:00,15864.6,final,2020-04-01,2020-06-30,1,2026-09-15T16:23:28.567411+00:00
IMPORTS_GOODS_SERVICES_EUROPE,pt:country,2020-Q3,2026-09-15T16:23:28.567411+00:00,20463.3,final,2020-07-01,2020-09-30,1,2026-09-15T16:23:28.567411+00:00
IMPORTS_GOODS_SERVICES_EUROPE,pt:country,2020-Q4,2026-09-15T16:23:28.567411+00:00,21549.6,final,2020-10-01,2020-12-31,1,2026-09-15T16:23:28.567411+00:00
IMPORTS_GOODS_SERVICES_EUROPE,pt:country,2021-Q1,2026-09-15T16:23:28.567411+00:00,22026.5,final,2021-01-01,2021-03-31,1,2026-09-15T16:23:28.567411+00:00
IMPORTS_GOODS_SERVICES_EUROPE,pt:country,2021-Q2,2026-09-15T16:23:28.567411+00:00,21647.5,final,2021-04-01,2021-06-30,1,2026-09-15T16:23:28.567411+00:00
IMPORTS_GOODS_SERVICES_EUROPE,pt:country,2021-Q3,2026-09-15T16:23:28.567411+00:00,22659.5,final,2021-07-01,2021-09-30,1,2026-09-15T16:23:28.567411+00:00
IMPORTS_GOODS_SERVICES_EUROPE,pt:country,2021-Q4,2026-09-15T16:23:28.567411+00:00,24144.1,final,2021-10-01,2021-12-31,1,2026-09-15T16:23:28.567411+00:00
IMPORTS_GOODS_SERVICES_EUROPE,pt:country,2022-Q1,2026-09-15T16:23:28.567411+00:00,24610.7,final,2022-01-01,2022-03-31,1,2026-09-15T16:23:28.567411+00:00
IMPORTS_GOODS_SERVICES_EUROPE,pt:country,2022-Q2,2026-09-15T16:23:28.567411+00:00,25109.6,final,2022-04-01,2022-06-30,1,2026-09-15T16:23:28.567411+00:00
IMPORTS_GOODS_SERVICES_EUROPE,pt:country,2022-Q3,2026-09-15T16:23:28.567411+00:00,25551.0,final,2022-07-01,2022-09-30,1,2026-09-15T16:23:28.567411+00:00
IMPORTS_GOODS_SERVICES_EUROPE,pt:country,2022-Q4,2026-09-15T16:23:28.567411+00:00,25399.2,final,2022-10-01,2022-12-31,1,2026-09-15T16:23:28.567411+00:00
IMPORTS_GOODS_SERVICES_EUROPE,pt:country,2023-Q1,2026-09-15T16:23:28.567411+00:00,25728.4,final,2023-01-01,2023-03-31,1,2026-09-15T16:23:28.567411+00:00
IMPORTS_GOODS_SERVICES_EUROPE,pt:country,2023-Q2,2026-09-15T16:23:28.567411+00:00,25577.5,final,2023-04-01,2023-06-30,1,2026-09-15T16:23:28.567411+00:00
IMPORTS_GOODS_SERVICES_EUROPE,pt:country,2023-Q3,2026-09-15T16:23:28.567411+00:00,25736.7,final,2023-07-01,2023-09-30,1,2026-09-15T16:23:28.567411+00:00
IMPORTS_GOODS_SERVICES_EUROPE,pt:country,2023-Q4,2026-09-15T16:23:28.567411+00:00,25979.8,final,2023-10-01,2023-12-31,1,2026-09-15T16:23:28.567411+00:00
IMPORTS_GOODS_SERVICES_EUROPE,pt:country,2024-Q1,2026-09-15T16:23:28.567411+00:00,26023.2,provisional,2024-01-01,2024-03-31,1,2026-09-15T16:23:28.567411+00:00
IMPORTS_GOODS_SERVICES_EUROPE,pt:country,2024-Q2,2026-09-15T16:23:28.567411+00:00,26815.2,provisional,2024-04-01,2024-06-30,1,2026-09-15T16:23:28.567411+00:00
IMPORTS_GOODS_SERVICES_EUROPE,pt:country,2024-Q3,2026-09-15T16:23:28.567411+00:00,27606.3,provisional,2024-07-01,2024-09-30,1,2026-09-15T16:23:28.567411+00:00
IMPORTS_GOODS_SERVICES_EUROPE,pt:country,2024-Q4,2026-09-15T16:23:28.567411+00:00,27410.5,provisional,2024-10-01,2024-12-31,1,2026-09-15T16:23:28.567411+00:00
IMPORTS_GOODS_SERVICES_EUROPE,pt:country,2025-Q1,2026-09-15T16:23:28.567411+00:00,27917.4,provisional,2025-01-01,2025-03-31,1,2026-09-15T16:23:28.567411+00:00
IMPORTS_GOODS_SERVICES_EUROPE,pt:country,2025-Q2,2026-09-15T16:23:28.567411+00:00,28080.9,provisional,2025-04-01,2025-06-30,1,2026-09-15T16:23:28.567411+00:00
IMPORTS_GOODS_SERVICES_EUROPE,pt:country,2025-Q3,2026-09-15T16:23:28.567411+00:00,28625.6,provisional,2025-07-01,2025-09-30,1,2026-09-15T16:23:28.567411+00:00
IMPORTS_GOODS_SERVICES_EUROPE,pt:country,2025-Q4,2026-09-15T16:23:28.567411+00:00,27962.7,provisional,2025-10-01,2025-12-31,1,2026-09-15T16:23:28.567411+00:00
IMPORTS_GOODS_SERVICES_EUROPE,pt:country,2026-Q1,2026-09-15T16:23:28.567411+00:00,29621.9,provisional,2026-01-01,2026-03-31,1,2026-09-15T16:23:28.567411+00:00
IMPORTS_GOODS_SERVICES_EUROPE,pt:country,2026-Q2,2026-09-15T16:23:28.567411+00:00,29909.0,provisional,2026-04-01,2026-06-30,1,2026-09-15T16:23:28.567411+00:00
IMPORTS_GOODS_SERVICES_EUROPE,ro:country,2008-Q1,2026-09-15T16:23:28.567411+00:00,14553.8,final,2008-01-01,2008-03-31,1,2026-09-15T16:23:28.567411+00:00
IMPORTS_GOODS_SERVICES_EUROPE,ro:country,2008-Q2,2026-09-15T16:23:28.567411+00:00,14490.8,final,2008-04-01,2008-06-30,1,2026-09-15T16:23:28.567411+00:00
IMPORTS_GOODS_SERVICES_EUROPE,ro:country,2008-Q3,2026-09-15T16:23:28.567411+00:00,13746.1,final,2008-07-01,2008-09-30,1,2026-09-15T16:23:28.567411+00:00
IMPORTS_GOODS_SERVICES_EUROPE,ro:country,2008-Q4,2026-09-15T16:23:28.567411+00:00,12105.9,final,2008-10-01,2008-12-31,1,2026-09-15T16:23:28.567411+00:00
IMPORTS_GOODS_SERVICES_EUROPE,ro:country,2009-Q1,2026-09-15T16:23:28.567411+00:00,10294.2,final,2009-01-01,2009-03-31,1,2026-09-15T16:23:28.567411+00:00
IMPORTS_GOODS_SERVICES_EUROPE,ro:country,2009-Q2,2026-09-15T16:23:28.567411+00:00,10584.1,final,2009-04-01,2009-06-30,1,2026-09-15T16:23:28.567411+00:00
IMPORTS_GOODS_SERVICES_EUROPE,ro:country,2009-Q3,2026-09-15T16:23:28.567411+00:00,11414.4,final,2009-07-01,2009-09-30,1,2026-09-15T16:23:28.567411+00:00
IMPORTS_GOODS_SERVICES_EUROPE,ro:country,2009-Q4,2026-09-15T16:23:28.567411+00:00,11181.0,final,2009-10-01,2009-12-31,1,2026-09-15T16:23:28.567411+00:00
IMPORTS_GOODS_SERVICES_EUROPE,ro:country,2010-Q1,2026-09-15T16:23:28.567411+00:00,11731.6,final,2010-01-01,2010-03-31,1,2026-09-15T16:23:28.567411+00:00
IMPORTS_GOODS_SERVICES_EUROPE,ro:country,2010-Q2,2026-09-15T16:23:28.567411+00:00,12464.8,final,2010-04-01,2010-06-30,1,2026-09-15T16:23:28.567411+00:00
IMPORTS_GOODS_SERVICES_EUROPE,ro:country,2010-Q3,2026-09-15T16:23:28.567411+00:00,12251.8,final,2010-07-01,2010-09-30,1,2026-09-15T16:23:28.567411+00:00
IMPORTS_GOODS_SERVICES_EUROPE,ro:country,2010-Q4,2026-09-15T16:23:28.567411+00:00,12709.8,final,2010-10-01,2010-12-31,1,2026-09-15T16:23:28.567411+00:00
IMPORTS_GOODS_SERVICES_EUROPE,ro:country,2011-Q1,2026-09-15T16:23:28.567411+00:00,12736.9,final,2011-01-01,2011-03-31,1,2026-09-15T16:23:28.567411+00:00
IMPORTS_GOODS_SERVICES_EUROPE,ro:country,2011-Q2,2026-09-15T16:23:28.567411+00:00,13439.2,final,2011-04-01,2011-06-30,1,2026-09-15T16:23:28.567411+00:00
IMPORTS_GOODS_SERVICES_EUROPE,ro:country,2011-Q3,2026-09-15T16:23:28.567411+00:00,13793.9,final,2011-07-01,2011-09-30,1,2026-09-15T16:23:28.567411+00:00
IMPORTS_GOODS_SERVICES_EUROPE,ro:country,2011-Q4,2026-09-15T16:23:28.567411+00:00,13953.1,final,2011-10-01,2011-12-31,1,2026-09-15T16:23:28.567411+00:00
IMPORTS_GOODS_SERVICES_EUROPE,ro:country,2012-Q1,2026-09-15T16:23:28.567411+00:00,13113.0,final,2012-01-01,2012-03-31,1,2026-09-15T16:23:28.567411+00:00
IMPORTS_GOODS_SERVICES_EUROPE,ro:country,2012-Q2,2026-09-15T16:23:28.567411+00:00,13330.8,final,2012-04-01,2012-06-30,1,2026-09-15T16:23:28.567411+00:00
IMPORTS_GOODS_SERVICES_EUROPE,ro:country,2012-Q3,2026-09-15T16:23:28.567411+00:00,13164.6,final,2012-07-01,2012-09-30,1,2026-09-15T16:23:28.567411+00:00
IMPORTS_GOODS_SERVICES_EUROPE,ro:country,2012-Q4,2026-09-15T16:23:28.567411+00:00,13247.8,final,2012-10-01,2012-12-31,1,2026-09-15T16:23:28.567411+00:00
IMPORTS_GOODS_SERVICES_EUROPE,ro:country,2013-Q1,2026-09-15T16:23:28.567411+00:00,13414.4,final,2013-01-01,2013-03-31,1,2026-09-15T16:23:28.567411+00:00
IMPORTS_GOODS_SERVICES_EUROPE,ro:country,2013-Q2,2026-09-15T16:23:28.567411+00:00,14196.9,final,2013-04-01,2013-06-30,1,2026-09-15T16:23:28.567411+00:00
IMPORTS_GOODS_SERVICES_EUROPE,ro:country,2013-Q3,2026-09-15T16:23:28.567411+00:00,14979.0,final,2013-07-01,2013-09-30,1,2026-09-15T16:23:28.567411+00:00
IMPORTS_GOODS_SERVICES_EUROPE,ro:country,2013-Q4,2026-09-15T16:23:28.567411+00:00,14936.0,final,2013-10-01,2013-12-31,1,2026-09-15T16:23:28.567411+00:00
IMPORTS_GOODS_SERVICES_EUROPE,ro:country,2014-Q1,2026-09-15T16:23:28.567411+00:00,15225.8,final,2014-01-01,2014-03-31,1,2026-09-15T16:23:28.567411+00:00
IMPORTS_GOODS_SERVICES_EUROPE,ro:country,2014-Q2,2026-09-15T16:23:28.567411+00:00,14967.6,final,2014-04-01,2014-06-30,1,2026-09-15T16:23:28.567411+00:00
IMPORTS_GOODS_SERVICES_EUROPE,ro:country,2014-Q3,2026-09-15T16:23:28.567411+00:00,15736.3,final,2014-07-01,2014-09-30,1,2026-09-15T16:23:28.567411+00:00
IMPORTS_GOODS_SERVICES_EUROPE,ro:country,2014-Q4,2026-09-15T16:23:28.567411+00:00,16681.7,final,2014-10-01,2014-12-31,1,2026-09-15T16:23:28.567411+00:00
IMPORTS_GOODS_SERVICES_EUROPE,ro:country,2015-Q1,2026-09-15T16:23:28.567411+00:00,16796.2,final,2015-01-01,2015-03-31,1,2026-09-15T16:23:28.567411+00:00
IMPORTS_GOODS_SERVICES_EUROPE,ro:country,2015-Q2,2026-09-15T16:23:28.567411+00:00,16606.2,final,2015-04-01,2015-06-30,1,2026-09-15T16:23:28.567411+00:00
IMPORTS_GOODS_SERVICES_EUROPE,ro:country,2015-Q3,2026-09-15T16:23:28.567411+00:00,17129.8,final,2015-07-01,2015-09-30,1,2026-09-15T16:23:28.567411+00:00
IMPORTS_GOODS_SERVICES_EUROPE,ro:country,2015-Q4,2026-09-15T16:23:28.567411+00:00,17406.2,final,2015-10-01,2015-12-31,1,2026-09-15T16:23:28.567411+00:00
IMPORTS_GOODS_SERVICES_EUROPE,ro:country,2016-Q1,2026-09-15T16:23:28.567411+00:00,18951.3,final,2016-01-01,2016-03-31,1,2026-09-15T16:23:28.567411+00:00
IMPORTS_GOODS_SERVICES_EUROPE,ro:country,2016-Q2,2026-09-15T16:23:28.567411+00:00,20002.7,final,2016-04-01,2016-06-30,1,2026-09-15T16:23:28.567411+00:00
IMPORTS_GOODS_SERVICES_EUROPE,ro:country,2016-Q3,2026-09-15T16:23:28.567411+00:00,19755.6,final,2016-07-01,2016-09-30,1,2026-09-15T16:23:28.567411+00:00
IMPORTS_GOODS_SERVICES_EUROPE,ro:country,2016-Q4,2026-09-15T16:23:28.567411+00:00,20498.6,final,2016-10-01,2016-12-31,1,2026-09-15T16:23:28.567411+00:00
IMPORTS_GOODS_SERVICES_EUROPE,ro:country,2017-Q1,2026-09-15T16:23:28.567411+00:00,20979.6,final,2017-01-01,2017-03-31,1,2026-09-15T16:23:28.567411+00:00
IMPORTS_GOODS_SERVICES_EUROPE,ro:country,2017-Q2,2026-09-15T16:23:28.567411+00:00,21692.4,final,2017-04-01,2017-06-30,1,2026-09-15T16:23:28.567411+00:00
IMPORTS_GOODS_SERVICES_EUROPE,ro:country,2017-Q3,2026-09-15T16:23:28.567411+00:00,22542.9,final,2017-07-01,2017-09-30,1,2026-09-15T16:23:28.567411+00:00
IMPORTS_GOODS_SERVICES_EUROPE,ro:country,2017-Q4,2026-09-15T16:23:28.567411+00:00,23076.0,final,2017-10-01,2017-12-31,1,2026-09-15T16:23:28.567411+00:00
IMPORTS_GOODS_SERVICES_EUROPE,ro:country,2018-Q1,2026-09-15T16:23:28.567411+00:00,23010.7,final,2018-01-01,2018-03-31,1,2026-09-15T16:23:28.567411+00:00
IMPORTS_GOODS_SERVICES_EUROPE,ro:country,2018-Q2,2026-09-15T16:23:28.567411+00:00,23862.6,final,2018-04-01,2018-06-30,1,2026-09-15T16:23:28.567411+00:00
IMPORTS_GOODS_SERVICES_EUROPE,ro:country,2018-Q3,2026-09-15T16:23:28.567411+00:00,24190.0,final,2018-07-01,2018-09-30,1,2026-09-15T16:23:28.567411+00:00
IMPORTS_GOODS_SERVICES_EUROPE,ro:country,2018-Q4,2026-09-15T16:23:28.567411+00:00,25049.7,final,2018-10-01,2018-12-31,1,2026-09-15T16:23:28.567411+00:00
IMPORTS_GOODS_SERVICES_EUROPE,ro:country,2019-Q1,2026-09-15T16:23:28.567411+00:00,25670.1,final,2019-01-01,2019-03-31,1,2026-09-15T16:23:28.567411+00:00
IMPORTS_GOODS_SERVICES_EUROPE,ro:country,2019-Q2,2026-09-15T16:23:28.567411+00:00,25788.1,final,2019-04-01,2019-06-30,1,2026-09-15T16:23:28.567411+00:00
IMPORTS_GOODS_SERVICES_EUROPE,ro:country,2019-Q3,2026-09-15T16:23:28.567411+00:00,26608.6,final,2019-07-01,2019-09-30,1,2026-09-15T16:23:28.567411+00:00
IMPORTS_GOODS_SERVICES_EUROPE,ro:country,2019-Q4,2026-09-15T16:23:28.567411+00:00,26515.7,final,2019-10-01,2019-12-31,1,2026-09-15T16:23:28.567411+00:00
IMPORTS_GOODS_SERVICES_EUROPE,ro:country,2020-Q1,2026-09-15T16:23:28.567411+00:00,26888.2,final,2020-01-01,2020-03-31,1,2026-09-15T16:23:28.567411+00:00
IMPORTS_GOODS_SERVICES_EUROPE,ro:country,2020-Q2,2026-09-15T16:23:28.567411+00:00,20208.3,final,2020-04-01,2020-06-30,1,2026-09-15T16:23:28.567411+00:00
IMPORTS_GOODS_SERVICES_EUROPE,ro:country,2020-Q3,2026-09-15T16:23:28.567411+00:00,25627.9,final,2020-07-01,2020-09-30,1,2026-09-15T16:23:28.567411+00:00
IMPORTS_GOODS_SERVICES_EUROPE,ro:country,2020-Q4,2026-09-15T16:23:28.567411+00:00,26412.5,final,2020-10-01,2020-12-31,1,2026-09-15T16:23:28.567411+00:00
IMPORTS_GOODS_SERVICES_EUROPE,ro:country,2021-Q1,2026-09-15T16:23:28.567411+00:00,28101.4,final,2021-01-01,2021-03-31,1,2026-09-15T16:23:28.567411+00:00
IMPORTS_GOODS_SERVICES_EUROPE,ro:country,2021-Q2,2026-09-15T16:23:28.567411+00:00,28291.1,final,2021-04-01,2021-06-30,1,2026-09-15T16:23:28.567411+00:00
IMPORTS_GOODS_SERVICES_EUROPE,ro:country,2021-Q3,2026-09-15T16:23:28.567411+00:00,28240.7,final,2021-07-01,2021-09-30,1,2026-09-15T16:23:28.567411+00:00
IMPORTS_GOODS_SERVICES_EUROPE,ro:country,2021-Q4,2026-09-15T16:23:28.567411+00:00,28943.8,final,2021-10-01,2021-12-31,1,2026-09-15T16:23:28.567411+00:00
IMPORTS_GOODS_SERVICES_EUROPE,ro:country,2022-Q1,2026-09-15T16:23:28.567411+00:00,28966.7,final,2022-01-01,2022-03-31,1,2026-09-15T16:23:28.567411+00:00
IMPORTS_GOODS_SERVICES_EUROPE,ro:country,2022-Q2,2026-09-15T16:23:28.567411+00:00,29722.3,final,2022-04-01,2022-06-30,1,2026-09-15T16:23:28.567411+00:00
IMPORTS_GOODS_SERVICES_EUROPE,ro:country,2022-Q3,2026-09-15T16:23:28.567411+00:00,34017.8,final,2022-07-01,2022-09-30,1,2026-09-15T16:23:28.567411+00:00
IMPORTS_GOODS_SERVICES_EUROPE,ro:country,2022-Q4,2026-09-15T16:23:28.567411+00:00,31377.8,final,2022-10-01,2022-12-31,1,2026-09-15T16:23:28.567411+00:00
IMPORTS_GOODS_SERVICES_EUROPE,ro:country,2023-Q1,2026-09-15T16:23:28.567411+00:00,30143.4,final,2023-01-01,2023-03-31,1,2026-09-15T16:23:28.567411+00:00
IMPORTS_GOODS_SERVICES_EUROPE,ro:country,2023-Q2,2026-09-15T16:23:28.567411+00:00,29922.5,final,2023-04-01,2023-06-30,1,2026-09-15T16:23:28.567411+00:00
IMPORTS_GOODS_SERVICES_EUROPE,ro:country,2023-Q3,2026-09-15T16:23:28.567411+00:00,30944.6,final,2023-07-01,2023-09-30,1,2026-09-15T16:23:28.567411+00:00
IMPORTS_GOODS_SERVICES_EUROPE,ro:country,2023-Q4,2026-09-15T16:23:28.567411+00:00,31194.1,final,2023-10-01,2023-12-31,1,2026-09-15T16:23:28.567411+00:00
IMPORTS_GOODS_SERVICES_EUROPE,ro:country,2024-Q1,2026-09-15T16:23:28.567411+00:00,31684.9,provisional,2024-01-01,2024-03-31,1,2026-09-15T16:23:28.567411+00:00
IMPORTS_GOODS_SERVICES_EUROPE,ro:country,2024-Q2,2026-09-15T16:23:28.567411+00:00,32197.6,provisional,2024-04-01,2024-06-30,1,2026-09-15T16:23:28.567411+00:00
IMPORTS_GOODS_SERVICES_EUROPE,ro:country,2024-Q3,2026-09-15T16:23:28.567411+00:00,30942.8,provisional,2024-07-01,2024-09-30,1,2026-09-15T16:23:28.567411+00:00
IMPORTS_GOODS_SERVICES_EUROPE,ro:country,2024-Q4,2026-09-15T16:23:28.567411+00:00,32326.5,provisional,2024-10-01,2024-12-31,1,2026-09-15T16:23:28.567411+00:00
IMPORTS_GOODS_SERVICES_EUROPE,ro:country,2025-Q1,2026-09-15T16:23:28.567411+00:00,33092.7,provisional,2025-01-01,2025-03-31,1,2026-09-15T16:23:28.567411+00:00
IMPORTS_GOODS_SERVICES_EUROPE,ro:country,2025-Q2,2026-09-15T16:23:28.567411+00:00,33037.2,provisional,2025-04-01,2025-06-30,1,2026-09-15T16:23:28.567411+00:00
IMPORTS_GOODS_SERVICES_EUROPE,ro:country,2025-Q3,2026-09-15T16:23:28.567411+00:00,33997.8,provisional,2025-07-01,2025-09-30,1,2026-09-15T16:23:28.567411+00:00
IMPORTS_GOODS_SERVICES_EUROPE,ro:country,2025-Q4,2026-09-15T16:23:28.567411+00:00,33316.4,provisional,2025-10-01,2025-12-31,1,2026-09-15T16:23:28.567411+00:00
IMPORTS_GOODS_SERVICES_EUROPE,ro:country,2026-Q1,2026-09-15T16:23:28.567411+00:00,33548.1,provisional,2026-01-01,2026-03-31,1,2026-09-15T16:23:28.567411+00:00
IMPORTS_GOODS_SERVICES_EUROPE,ro:country,2026-Q2,2026-09-15T16:23:28.567411+00:00,34086.7,provisional,2026-04-01,2026-06-30,1,2026-09-15T16:23:28.567411+00:00
IMPORTS_GOODS_SERVICES_EUROPE,rs:country,2008-Q1,2026-09-15T16:23:28.567411+00:00,4333.3,final,2008-01-01,2008-03-31,1,2026-09-15T16:23:28.567411+00:00
IMPORTS_GOODS_SERVICES_EUROPE,rs:country,2008-Q2,2026-09-15T16:23:28.567411+00:00,4634.4,final,2008-04-01,2008-06-30,1,2026-09-15T16:23:28.567411+00:00
IMPORTS_GOODS_SERVICES_EUROPE,rs:country,2008-Q3,2026-09-15T16:23:28.567411+00:00,4482.8,final,2008-07-01,2008-09-30,1,2026-09-15T16:23:28.567411+00:00
IMPORTS_GOODS_SERVICES_EUROPE,rs:country,2008-Q4,2026-09-15T16:23:28.567411+00:00,4031.5,final,2008-10-01,2008-12-31,1,2026-09-15T16:23:28.567411+00:00
IMPORTS_GOODS_SERVICES_EUROPE,rs:country,2009-Q1,2026-09-15T16:23:28.567411+00:00,3638.3,final,2009-01-01,2009-03-31,1,2026-09-15T16:23:28.567411+00:00
IMPORTS_GOODS_SERVICES_EUROPE,rs:country,2009-Q2,2026-09-15T16:23:28.567411+00:00,3298.1,final,2009-04-01,2009-06-30,1,2026-09-15T16:23:28.567411+00:00
IMPORTS_GOODS_SERVICES_EUROPE,rs:country,2009-Q3,2026-09-15T16:23:28.567411+00:00,3331.3,final,2009-07-01,2009-09-30,1,2026-09-15T16:23:28.567411+00:00
IMPORTS_GOODS_SERVICES_EUROPE,rs:country,2009-Q4,2026-09-15T16:23:28.567411+00:00,3361.2,final,2009-10-01,2009-12-31,1,2026-09-15T16:23:28.567411+00:00
IMPORTS_GOODS_SERVICES_EUROPE,rs:country,2010-Q1,2026-09-15T16:23:28.567411+00:00,3442.7,final,2010-01-01,2010-03-31,1,2026-09-15T16:23:28.567411+00:00
IMPORTS_GOODS_SERVICES_EUROPE,rs:country,2010-Q2,2026-09-15T16:23:28.567411+00:00,3465.9,final,2010-04-01,2010-06-30,1,2026-09-15T16:23:28.567411+00:00
IMPORTS_GOODS_SERVICES_EUROPE,rs:country,2010-Q3,2026-09-15T16:23:28.567411+00:00,3608.7,final,2010-07-01,2010-09-30,1,2026-09-15T16:23:28.567411+00:00
IMPORTS_GOODS_SERVICES_EUROPE,rs:country,2010-Q4,2026-09-15T16:23:28.567411+00:00,3486.4,final,2010-10-01,2010-12-31,1,2026-09-15T16:23:28.567411+00:00
IMPORTS_GOODS_SERVICES_EUROPE,rs:country,2011-Q1,2026-09-15T16:23:28.567411+00:00,3799.1,final,2011-01-01,2011-03-31,1,2026-09-15T16:23:28.567411+00:00
IMPORTS_GOODS_SERVICES_EUROPE,rs:country,2011-Q2,2026-09-15T16:23:28.567411+00:00,3752.4,final,2011-04-01,2011-06-30,1,2026-09-15T16:23:28.567411+00:00
IMPORTS_GOODS_SERVICES_EUROPE,rs:country,2011-Q3,2026-09-15T16:23:28.567411+00:00,3796.9,final,2011-07-01,2011-09-30,1,2026-09-15T16:23:28.567411+00:00
IMPORTS_GOODS_SERVICES_EUROPE,rs:country,2011-Q4,2026-09-15T16:23:28.567411+00:00,3884.7,final,2011-10-01,2011-12-31,1,2026-09-15T16:23:28.567411+00:00
IMPORTS_GOODS_SERVICES_EUROPE,rs:country,2012-Q1,2026-09-15T16:23:28.567411+00:00,3910.6,final,2012-01-01,2012-03-31,1,2026-09-15T16:23:28.567411+00:00
IMPORTS_GOODS_SERVICES_EUROPE,rs:country,2012-Q2,2026-09-15T16:23:28.567411+00:00,3889.8,final,2012-04-01,2012-06-30,1,2026-09-15T16:23:28.567411+00:00
IMPORTS_GOODS_SERVICES_EUROPE,rs:country,2012-Q3,2026-09-15T16:23:28.567411+00:00,3761.2,final,2012-07-01,2012-09-30,1,2026-09-15T16:23:28.567411+00:00
IMPORTS_GOODS_SERVICES_EUROPE,rs:country,2012-Q4,2026-09-15T16:23:28.567411+00:00,3899.4,final,2012-10-01,2012-12-31,1,2026-09-15T16:23:28.567411+00:00
IMPORTS_GOODS_SERVICES_EUROPE,rs:country,2013-Q1,2026-09-15T16:23:28.567411+00:00,3909.5,final,2013-01-01,2013-03-31,1,2026-09-15T16:23:28.567411+00:00
IMPORTS_GOODS_SERVICES_EUROPE,rs:country,2013-Q2,2026-09-15T16:23:28.567411+00:00,4049.6,final,2013-04-01,2013-06-30,1,2026-09-15T16:23:28.567411+00:00
IMPORTS_GOODS_SERVICES_EUROPE,rs:country,2013-Q3,2026-09-15T16:23:28.567411+00:00,4251.5,final,2013-07-01,2013-09-30,1,2026-09-15T16:23:28.567411+00:00
IMPORTS_GOODS_SERVICES_EUROPE,rs:country,2013-Q4,2026-09-15T16:23:28.567411+00:00,4365.2,final,2013-10-01,2013-12-31,1,2026-09-15T16:23:28.567411+00:00
IMPORTS_GOODS_SERVICES_EUROPE,rs:country,2014-Q1,2026-09-15T16:23:28.567411+00:00,4170.9,final,2014-01-01,2014-03-31,1,2026-09-15T16:23:28.567411+00:00
IMPORTS_GOODS_SERVICES_EUROPE,rs:country,2014-Q2,2026-09-15T16:23:28.567411+00:00,4369.3,final,2014-04-01,2014-06-30,1,2026-09-15T16:23:28.567411+00:00
IMPORTS_GOODS_SERVICES_EUROPE,rs:country,2014-Q3,2026-09-15T16:23:28.567411+00:00,4415.1,final,2014-07-01,2014-09-30,1,2026-09-15T16:23:28.567411+00:00
IMPORTS_GOODS_SERVICES_EUROPE,rs:country,2014-Q4,2026-09-15T16:23:28.567411+00:00,4458.3,final,2014-10-01,2014-12-31,1,2026-09-15T16:23:28.567411+00:00
IMPORTS_GOODS_SERVICES_EUROPE,rs:country,2015-Q1,2026-09-15T16:23:28.567411+00:00,4669.8,final,2015-01-01,2015-03-31,1,2026-09-15T16:23:28.567411+00:00
IMPORTS_GOODS_SERVICES_EUROPE,rs:country,2015-Q2,2026-09-15T16:23:28.567411+00:00,4560.4,final,2015-04-01,2015-06-30,1,2026-09-15T16:23:28.567411+00:00
IMPORTS_GOODS_SERVICES_EUROPE,rs:country,2015-Q3,2026-09-15T16:23:28.567411+00:00,4678.4,final,2015-07-01,2015-09-30,1,2026-09-15T16:23:28.567411+00:00
IMPORTS_GOODS_SERVICES_EUROPE,rs:country,2015-Q4,2026-09-15T16:23:28.567411+00:00,4693.4,final,2015-10-01,2015-12-31,1,2026-09-15T16:23:28.567411+00:00
IMPORTS_GOODS_SERVICES_EUROPE,rs:country,2016-Q1,2026-09-15T16:23:28.567411+00:00,4860.9,final,2016-01-01,2016-03-31,1,2026-09-15T16:23:28.567411+00:00
IMPORTS_GOODS_SERVICES_EUROPE,rs:country,2016-Q2,2026-09-15T16:23:28.567411+00:00,5027.1,final,2016-04-01,2016-06-30,1,2026-09-15T16:23:28.567411+00:00
IMPORTS_GOODS_SERVICES_EUROPE,rs:country,2016-Q3,2026-09-15T16:23:28.567411+00:00,4905.6,final,2016-07-01,2016-09-30,1,2026-09-15T16:23:28.567411+00:00
IMPORTS_GOODS_SERVICES_EUROPE,rs:country,2016-Q4,2026-09-15T16:23:28.567411+00:00,4984.8,final,2016-10-01,2016-12-31,1,2026-09-15T16:23:28.567411+00:00
IMPORTS_GOODS_SERVICES_EUROPE,rs:country,2017-Q1,2026-09-15T16:23:28.567411+00:00,5201.8,final,2017-01-01,2017-03-31,1,2026-09-15T16:23:28.567411+00:00
IMPORTS_GOODS_SERVICES_EUROPE,rs:country,2017-Q2,2026-09-15T16:23:28.567411+00:00,5409.7,final,2017-04-01,2017-06-30,1,2026-09-15T16:23:28.567411+00:00
IMPORTS_GOODS_SERVICES_EUROPE,rs:country,2017-Q3,2026-09-15T16:23:28.567411+00:00,5518.3,final,2017-07-01,2017-09-30,1,2026-09-15T16:23:28.567411+00:00
IMPORTS_GOODS_SERVICES_EUROPE,rs:country,2017-Q4,2026-09-15T16:23:28.567411+00:00,5676.2,final,2017-10-01,2017-12-31,1,2026-09-15T16:23:28.567411+00:00
IMPORTS_GOODS_SERVICES_EUROPE,rs:country,2018-Q1,2026-09-15T16:23:28.567411+00:00,5847.5,final,2018-01-01,2018-03-31,1,2026-09-15T16:23:28.567411+00:00
IMPORTS_GOODS_SERVICES_EUROPE,rs:country,2018-Q2,2026-09-15T16:23:28.567411+00:00,5933.2,final,2018-04-01,2018-06-30,1,2026-09-15T16:23:28.567411+00:00
IMPORTS_GOODS_SERVICES_EUROPE,rs:country,2018-Q3,2026-09-15T16:23:28.567411+00:00,6138.3,final,2018-07-01,2018-09-30,1,2026-09-15T16:23:28.567411+00:00
IMPORTS_GOODS_SERVICES_EUROPE,rs:country,2018-Q4,2026-09-15T16:23:28.567411+00:00,6311.0,final,2018-10-01,2018-12-31,1,2026-09-15T16:23:28.567411+00:00
IMPORTS_GOODS_SERVICES_EUROPE,rs:country,2019-Q1,2026-09-15T16:23:28.567411+00:00,6302.1,final,2019-01-01,2019-03-31,1,2026-09-15T16:23:28.567411+00:00
IMPORTS_GOODS_SERVICES_EUROPE,rs:country,2019-Q2,2026-09-15T16:23:28.567411+00:00,6505.1,final,2019-04-01,2019-06-30,1,2026-09-15T16:23:28.567411+00:00
IMPORTS_GOODS_SERVICES_EUROPE,rs:country,2019-Q3,2026-09-15T16:23:28.567411+00:00,6741.5,final,2019-07-01,2019-09-30,1,2026-09-15T16:23:28.567411+00:00
IMPORTS_GOODS_SERVICES_EUROPE,rs:country,2019-Q4,2026-09-15T16:23:28.567411+00:00,7071.4,final,2019-10-01,2019-12-31,1,2026-09-15T16:23:28.567411+00:00
IMPORTS_GOODS_SERVICES_EUROPE,rs:country,2020-Q1,2026-09-15T16:23:28.567411+00:00,6713.2,final,2020-01-01,2020-03-31,1,2026-09-15T16:23:28.567411+00:00
IMPORTS_GOODS_SERVICES_EUROPE,rs:country,2020-Q2,2026-09-15T16:23:28.567411+00:00,5202.4,final,2020-04-01,2020-06-30,1,2026-09-15T16:23:28.567411+00:00
IMPORTS_GOODS_SERVICES_EUROPE,rs:country,2020-Q3,2026-09-15T16:23:28.567411+00:00,6540.0,final,2020-07-01,2020-09-30,1,2026-09-15T16:23:28.567411+00:00
IMPORTS_GOODS_SERVICES_EUROPE,rs:country,2020-Q4,2026-09-15T16:23:28.567411+00:00,7106.3,final,2020-10-01,2020-12-31,1,2026-09-15T16:23:28.567411+00:00
IMPORTS_GOODS_SERVICES_EUROPE,rs:country,2021-Q1,2026-09-15T16:23:28.567411+00:00,6592.3,final,2021-01-01,2021-03-31,1,2026-09-15T16:23:28.567411+00:00
IMPORTS_GOODS_SERVICES_EUROPE,rs:country,2021-Q2,2026-09-15T16:23:28.567411+00:00,7387.9,final,2021-04-01,2021-06-30,1,2026-09-15T16:23:28.567411+00:00
IMPORTS_GOODS_SERVICES_EUROPE,rs:country,2021-Q3,2026-09-15T16:23:28.567411+00:00,7914.3,final,2021-07-01,2021-09-30,1,2026-09-15T16:23:28.567411+00:00
IMPORTS_GOODS_SERVICES_EUROPE,rs:country,2021-Q4,2026-09-15T16:23:28.567411+00:00,8181.8,final,2021-10-01,2021-12-31,1,2026-09-15T16:23:28.567411+00:00
IMPORTS_GOODS_SERVICES_EUROPE,rs:country,2022-Q1,2026-09-15T16:23:28.567411+00:00,8740.8,final,2022-01-01,2022-03-31,1,2026-09-15T16:23:28.567411+00:00
IMPORTS_GOODS_SERVICES_EUROPE,rs:country,2022-Q2,2026-09-15T16:23:28.567411+00:00,8948.5,final,2022-04-01,2022-06-30,1,2026-09-15T16:23:28.567411+00:00
IMPORTS_GOODS_SERVICES_EUROPE,rs:country,2022-Q3,2026-09-15T16:23:28.567411+00:00,8638.5,final,2022-07-01,2022-09-30,1,2026-09-15T16:23:28.567411+00:00
IMPORTS_GOODS_SERVICES_EUROPE,rs:country,2022-Q4,2026-09-15T16:23:28.567411+00:00,8569.7,final,2022-10-01,2022-12-31,1,2026-09-15T16:23:28.567411+00:00
IMPORTS_GOODS_SERVICES_EUROPE,rs:country,2023-Q1,2026-09-15T16:23:28.567411+00:00,8583.5,final,2023-01-01,2023-03-31,1,2026-09-15T16:23:28.567411+00:00
IMPORTS_GOODS_SERVICES_EUROPE,rs:country,2023-Q2,2026-09-15T16:23:28.567411+00:00,8418.7,final,2023-04-01,2023-06-30,1,2026-09-15T16:23:28.567411+00:00
IMPORTS_GOODS_SERVICES_EUROPE,rs:country,2023-Q3,2026-09-15T16:23:28.567411+00:00,8498.0,final,2023-07-01,2023-09-30,1,2026-09-15T16:23:28.567411+00:00
IMPORTS_GOODS_SERVICES_EUROPE,rs:country,2023-Q4,2026-09-15T16:23:28.567411+00:00,8900.4,final,2023-10-01,2023-12-31,1,2026-09-15T16:23:28.567411+00:00
IMPORTS_GOODS_SERVICES_EUROPE,rs:country,2024-Q1,2026-09-15T16:23:28.567411+00:00,8850.7,final,2024-01-01,2024-03-31,1,2026-09-15T16:23:28.567411+00:00
IMPORTS_GOODS_SERVICES_EUROPE,rs:country,2024-Q2,2026-09-15T16:23:28.567411+00:00,9109.0,final,2024-04-01,2024-06-30,1,2026-09-15T16:23:28.567411+00:00
IMPORTS_GOODS_SERVICES_EUROPE,rs:country,2024-Q3,2026-09-15T16:23:28.567411+00:00,9691.1,final,2024-07-01,2024-09-30,1,2026-09-15T16:23:28.567411+00:00
IMPORTS_GOODS_SERVICES_EUROPE,rs:country,2024-Q4,2026-09-15T16:23:28.567411+00:00,9496.7,final,2024-10-01,2024-12-31,1,2026-09-15T16:23:28.567411+00:00
IMPORTS_GOODS_SERVICES_EUROPE,rs:country,2025-Q1,2026-09-15T16:23:28.567411+00:00,9820.3,final,2025-01-01,2025-03-31,1,2026-09-15T16:23:28.567411+00:00
IMPORTS_GOODS_SERVICES_EUROPE,rs:country,2025-Q2,2026-09-15T16:23:28.567411+00:00,9954.2,final,2025-04-01,2025-06-30,1,2026-09-15T16:23:28.567411+00:00
IMPORTS_GOODS_SERVICES_EUROPE,rs:country,2025-Q3,2026-09-15T16:23:28.567411+00:00,10131.7,final,2025-07-01,2025-09-30,1,2026-09-15T16:23:28.567411+00:00
IMPORTS_GOODS_SERVICES_EUROPE,rs:country,2025-Q4,2026-09-15T16:23:28.567411+00:00,10230.9,final,2025-10-01,2025-12-31,1,2026-09-15T16:23:28.567411+00:00
IMPORTS_GOODS_SERVICES_EUROPE,rs:country,2026-Q1,2026-09-15T16:23:28.567411+00:00,10152.7,final,2026-01-01,2026-03-31,1,2026-09-15T16:23:28.567411+00:00
IMPORTS_GOODS_SERVICES_EUROPE,rs:country,2026-Q2,2026-09-15T16:23:28.567411+00:00,10478.1,final,2026-04-01,2026-06-30,1,2026-09-15T16:23:28.567411+00:00
IMPORTS_GOODS_SERVICES_EUROPE,se:country,2008-Q1,2026-09-15T16:23:28.567411+00:00,39473.9,final,2008-01-01,2008-03-31,1,2026-09-15T16:23:28.567411+00:00
IMPORTS_GOODS_SERVICES_EUROPE,se:country,2008-Q2,2026-09-15T16:23:28.567411+00:00,39628.9,final,2008-04-01,2008-06-30,1,2026-09-15T16:23:28.567411+00:00
IMPORTS_GOODS_SERVICES_EUROPE,se:country,2008-Q3,2026-09-15T16:23:28.567411+00:00,39028.8,final,2008-07-01,2008-09-30,1,2026-09-15T16:23:28.567411+00:00
IMPORTS_GOODS_SERVICES_EUROPE,se:country,2008-Q4,2026-09-15T16:23:28.567411+00:00,37027.5,final,2008-10-01,2008-12-31,1,2026-09-15T16:23:28.567411+00:00
IMPORTS_GOODS_SERVICES_EUROPE,se:country,2009-Q1,2026-09-15T16:23:28.567411+00:00,33845.6,final,2009-01-01,2009-03-31,1,2026-09-15T16:23:28.567411+00:00
IMPORTS_GOODS_SERVICES_EUROPE,se:country,2009-Q2,2026-09-15T16:23:28.567411+00:00,31853.9,final,2009-04-01,2009-06-30,1,2026-09-15T16:23:28.567411+00:00
IMPORTS_GOODS_SERVICES_EUROPE,se:country,2009-Q3,2026-09-15T16:23:28.567411+00:00,33551.0,final,2009-07-01,2009-09-30,1,2026-09-15T16:23:28.567411+00:00
IMPORTS_GOODS_SERVICES_EUROPE,se:country,2009-Q4,2026-09-15T16:23:28.567411+00:00,34374.3,final,2009-10-01,2009-12-31,1,2026-09-15T16:23:28.567411+00:00
IMPORTS_GOODS_SERVICES_EUROPE,se:country,2010-Q1,2026-09-15T16:23:28.567411+00:00,35394.7,final,2010-01-01,2010-03-31,1,2026-09-15T16:23:28.567411+00:00
IMPORTS_GOODS_SERVICES_EUROPE,se:country,2010-Q2,2026-09-15T16:23:28.567411+00:00,36904.4,final,2010-04-01,2010-06-30,1,2026-09-15T16:23:28.567411+00:00
IMPORTS_GOODS_SERVICES_EUROPE,se:country,2010-Q3,2026-09-15T16:23:28.567411+00:00,38410.7,final,2010-07-01,2010-09-30,1,2026-09-15T16:23:28.567411+00:00
IMPORTS_GOODS_SERVICES_EUROPE,se:country,2010-Q4,2026-09-15T16:23:28.567411+00:00,38549.6,final,2010-10-01,2010-12-31,1,2026-09-15T16:23:28.567411+00:00
IMPORTS_GOODS_SERVICES_EUROPE,se:country,2011-Q1,2026-09-15T16:23:28.567411+00:00,39541.1,final,2011-01-01,2011-03-31,1,2026-09-15T16:23:28.567411+00:00
IMPORTS_GOODS_SERVICES_EUROPE,se:country,2011-Q2,2026-09-15T16:23:28.567411+00:00,39971.8,final,2011-04-01,2011-06-30,1,2026-09-15T16:23:28.567411+00:00
IMPORTS_GOODS_SERVICES_EUROPE,se:country,2011-Q3,2026-09-15T16:23:28.567411+00:00,40198.5,final,2011-07-01,2011-09-30,1,2026-09-15T16:23:28.567411+00:00
IMPORTS_GOODS_SERVICES_EUROPE,se:country,2011-Q4,2026-09-15T16:23:28.567411+00:00,39643.9,final,2011-10-01,2011-12-31,1,2026-09-15T16:23:28.567411+00:00
IMPORTS_GOODS_SERVICES_EUROPE,se:country,2012-Q1,2026-09-15T16:23:28.567411+00:00,40467.4,final,2012-01-01,2012-03-31,1,2026-09-15T16:23:28.567411+00:00
IMPORTS_GOODS_SERVICES_EUROPE,se:country,2012-Q2,2026-09-15T16:23:28.567411+00:00,40399.2,final,2012-04-01,2012-06-30,1,2026-09-15T16:23:28.567411+00:00
IMPORTS_GOODS_SERVICES_EUROPE,se:country,2012-Q3,2026-09-15T16:23:28.567411+00:00,40423.0,final,2012-07-01,2012-09-30,1,2026-09-15T16:23:28.567411+00:00
IMPORTS_GOODS_SERVICES_EUROPE,se:country,2012-Q4,2026-09-15T16:23:28.567411+00:00,39757.0,final,2012-10-01,2012-12-31,1,2026-09-15T16:23:28.567411+00:00
IMPORTS_GOODS_SERVICES_EUROPE,se:country,2013-Q1,2026-09-15T16:23:28.567411+00:00,39688.3,final,2013-01-01,2013-03-31,1,2026-09-15T16:23:28.567411+00:00
IMPORTS_GOODS_SERVICES_EUROPE,se:country,2013-Q2,2026-09-15T16:23:28.567411+00:00,40730.9,final,2013-04-01,2013-06-30,1,2026-09-15T16:23:28.567411+00:00
IMPORTS_GOODS_SERVICES_EUROPE,se:country,2013-Q3,2026-09-15T16:23:28.567411+00:00,40851.1,final,2013-07-01,2013-09-30,1,2026-09-15T16:23:28.567411+00:00
IMPORTS_GOODS_SERVICES_EUROPE,se:country,2013-Q4,2026-09-15T16:23:28.567411+00:00,41097.9,final,2013-10-01,2013-12-31,1,2026-09-15T16:23:28.567411+00:00
IMPORTS_GOODS_SERVICES_EUROPE,se:country,2014-Q1,2026-09-15T16:23:28.567411+00:00,41848.3,final,2014-01-01,2014-03-31,1,2026-09-15T16:23:28.567411+00:00
IMPORTS_GOODS_SERVICES_EUROPE,se:country,2014-Q2,2026-09-15T16:23:28.567411+00:00,43085.4,final,2014-04-01,2014-06-30,1,2026-09-15T16:23:28.567411+00:00
IMPORTS_GOODS_SERVICES_EUROPE,se:country,2014-Q3,2026-09-15T16:23:28.567411+00:00,43501.2,final,2014-07-01,2014-09-30,1,2026-09-15T16:23:28.567411+00:00
IMPORTS_GOODS_SERVICES_EUROPE,se:country,2014-Q4,2026-09-15T16:23:28.567411+00:00,44728.0,final,2014-10-01,2014-12-31,1,2026-09-15T16:23:28.567411+00:00
IMPORTS_GOODS_SERVICES_EUROPE,se:country,2015-Q1,2026-09-15T16:23:28.567411+00:00,44803.0,final,2015-01-01,2015-03-31,1,2026-09-15T16:23:28.567411+00:00
IMPORTS_GOODS_SERVICES_EUROPE,se:country,2015-Q2,2026-09-15T16:23:28.567411+00:00,44329.9,final,2015-04-01,2015-06-30,1,2026-09-15T16:23:28.567411+00:00
IMPORTS_GOODS_SERVICES_EUROPE,se:country,2015-Q3,2026-09-15T16:23:28.567411+00:00,46332.1,final,2015-07-01,2015-09-30,1,2026-09-15T16:23:28.567411+00:00
IMPORTS_GOODS_SERVICES_EUROPE,se:country,2015-Q4,2026-09-15T16:23:28.567411+00:00,47245.3,final,2015-10-01,2015-12-31,1,2026-09-15T16:23:28.567411+00:00
IMPORTS_GOODS_SERVICES_EUROPE,se:country,2016-Q1,2026-09-15T16:23:28.567411+00:00,48115.0,final,2016-01-01,2016-03-31,1,2026-09-15T16:23:28.567411+00:00
IMPORTS_GOODS_SERVICES_EUROPE,se:country,2016-Q2,2026-09-15T16:23:28.567411+00:00,47929.4,final,2016-04-01,2016-06-30,1,2026-09-15T16:23:28.567411+00:00
IMPORTS_GOODS_SERVICES_EUROPE,se:country,2016-Q3,2026-09-15T16:23:28.567411+00:00,48151.8,final,2016-07-01,2016-09-30,1,2026-09-15T16:23:28.567411+00:00
IMPORTS_GOODS_SERVICES_EUROPE,se:country,2016-Q4,2026-09-15T16:23:28.567411+00:00,48179.7,final,2016-10-01,2016-12-31,1,2026-09-15T16:23:28.567411+00:00
IMPORTS_GOODS_SERVICES_EUROPE,se:country,2017-Q1,2026-09-15T16:23:28.567411+00:00,48597.1,final,2017-01-01,2017-03-31,1,2026-09-15T16:23:28.567411+00:00
IMPORTS_GOODS_SERVICES_EUROPE,se:country,2017-Q2,2026-09-15T16:23:28.567411+00:00,50087.7,final,2017-04-01,2017-06-30,1,2026-09-15T16:23:28.567411+00:00
IMPORTS_GOODS_SERVICES_EUROPE,se:country,2017-Q3,2026-09-15T16:23:28.567411+00:00,51350.6,final,2017-07-01,2017-09-30,1,2026-09-15T16:23:28.567411+00:00
IMPORTS_GOODS_SERVICES_EUROPE,se:country,2017-Q4,2026-09-15T16:23:28.567411+00:00,51428.8,final,2017-10-01,2017-12-31,1,2026-09-15T16:23:28.567411+00:00
IMPORTS_GOODS_SERVICES_EUROPE,se:country,2018-Q1,2026-09-15T16:23:28.567411+00:00,52048.2,final,2018-01-01,2018-03-31,1,2026-09-15T16:23:28.567411+00:00
IMPORTS_GOODS_SERVICES_EUROPE,se:country,2018-Q2,2026-09-15T16:23:28.567411+00:00,52317.1,final,2018-04-01,2018-06-30,1,2026-09-15T16:23:28.567411+00:00
IMPORTS_GOODS_SERVICES_EUROPE,se:country,2018-Q3,2026-09-15T16:23:28.567411+00:00,52006.5,final,2018-07-01,2018-09-30,1,2026-09-15T16:23:28.567411+00:00
IMPORTS_GOODS_SERVICES_EUROPE,se:country,2018-Q4,2026-09-15T16:23:28.567411+00:00,53820.9,final,2018-10-01,2018-12-31,1,2026-09-15T16:23:28.567411+00:00
IMPORTS_GOODS_SERVICES_EUROPE,se:country,2019-Q1,2026-09-15T16:23:28.567411+00:00,53674.5,final,2019-01-01,2019-03-31,1,2026-09-15T16:23:28.567411+00:00
IMPORTS_GOODS_SERVICES_EUROPE,se:country,2019-Q2,2026-09-15T16:23:28.567411+00:00,53778.0,final,2019-04-01,2019-06-30,1,2026-09-15T16:23:28.567411+00:00
IMPORTS_GOODS_SERVICES_EUROPE,se:country,2019-Q3,2026-09-15T16:23:28.567411+00:00,54126.0,final,2019-07-01,2019-09-30,1,2026-09-15T16:23:28.567411+00:00
IMPORTS_GOODS_SERVICES_EUROPE,se:country,2019-Q4,2026-09-15T16:23:28.567411+00:00,52932.5,final,2019-10-01,2019-12-31,1,2026-09-15T16:23:28.567411+00:00
IMPORTS_GOODS_SERVICES_EUROPE,se:country,2020-Q1,2026-09-15T16:23:28.567411+00:00,52362.9,final,2020-01-01,2020-03-31,1,2026-09-15T16:23:28.567411+00:00
IMPORTS_GOODS_SERVICES_EUROPE,se:country,2020-Q2,2026-09-15T16:23:28.567411+00:00,45615.6,final,2020-04-01,2020-06-30,1,2026-09-15T16:23:28.567411+00:00
IMPORTS_GOODS_SERVICES_EUROPE,se:country,2020-Q3,2026-09-15T16:23:28.567411+00:00,50021.4,final,2020-07-01,2020-09-30,1,2026-09-15T16:23:28.567411+00:00
IMPORTS_GOODS_SERVICES_EUROPE,se:country,2020-Q4,2026-09-15T16:23:28.567411+00:00,52383.5,final,2020-10-01,2020-12-31,1,2026-09-15T16:23:28.567411+00:00
IMPORTS_GOODS_SERVICES_EUROPE,se:country,2021-Q1,2026-09-15T16:23:28.567411+00:00,55059.0,final,2021-01-01,2021-03-31,1,2026-09-15T16:23:28.567411+00:00
IMPORTS_GOODS_SERVICES_EUROPE,se:country,2021-Q2,2026-09-15T16:23:28.567411+00:00,54562.5,final,2021-04-01,2021-06-30,1,2026-09-15T16:23:28.567411+00:00
IMPORTS_GOODS_SERVICES_EUROPE,se:country,2021-Q3,2026-09-15T16:23:28.567411+00:00,57396.7,final,2021-07-01,2021-09-30,1,2026-09-15T16:23:28.567411+00:00
IMPORTS_GOODS_SERVICES_EUROPE,se:country,2021-Q4,2026-09-15T16:23:28.567411+00:00,59537.4,final,2021-10-01,2021-12-31,1,2026-09-15T16:23:28.567411+00:00
IMPORTS_GOODS_SERVICES_EUROPE,se:country,2022-Q1,2026-09-15T16:23:28.567411+00:00,60633.8,final,2022-01-01,2022-03-31,1,2026-09-15T16:23:28.567411+00:00
IMPORTS_GOODS_SERVICES_EUROPE,se:country,2022-Q2,2026-09-15T16:23:28.567411+00:00,61999.9,final,2022-04-01,2022-06-30,1,2026-09-15T16:23:28.567411+00:00
IMPORTS_GOODS_SERVICES_EUROPE,se:country,2022-Q3,2026-09-15T16:23:28.567411+00:00,63731.0,final,2022-07-01,2022-09-30,1,2026-09-15T16:23:28.567411+00:00
IMPORTS_GOODS_SERVICES_EUROPE,se:country,2022-Q4,2026-09-15T16:23:28.567411+00:00,62546.8,final,2022-10-01,2022-12-31,1,2026-09-15T16:23:28.567411+00:00
IMPORTS_GOODS_SERVICES_EUROPE,se:country,2023-Q1,2026-09-15T16:23:28.567411+00:00,62219.3,final,2023-01-01,2023-03-31,1,2026-09-15T16:23:28.567411+00:00
IMPORTS_GOODS_SERVICES_EUROPE,se:country,2023-Q2,2026-09-15T16:23:28.567411+00:00,62180.7,final,2023-04-01,2023-06-30,1,2026-09-15T16:23:28.567411+00:00
IMPORTS_GOODS_SERVICES_EUROPE,se:country,2023-Q3,2026-09-15T16:23:28.567411+00:00,61305.4,final,2023-07-01,2023-09-30,1,2026-09-15T16:23:28.567411+00:00
IMPORTS_GOODS_SERVICES_EUROPE,se:country,2023-Q4,2026-09-15T16:23:28.567411+00:00,62516.4,final,2023-10-01,2023-12-31,1,2026-09-15T16:23:28.567411+00:00
IMPORTS_GOODS_SERVICES_EUROPE,se:country,2024-Q1,2026-09-15T16:23:28.567411+00:00,61806.8,final,2024-01-01,2024-03-31,1,2026-09-15T16:23:28.567411+00:00
IMPORTS_GOODS_SERVICES_EUROPE,se:country,2024-Q2,2026-09-15T16:23:28.567411+00:00,61929.5,final,2024-04-01,2024-06-30,1,2026-09-15T16:23:28.567411+00:00
IMPORTS_GOODS_SERVICES_EUROPE,se:country,2024-Q3,2026-09-15T16:23:28.567411+00:00,63692.1,final,2024-07-01,2024-09-30,1,2026-09-15T16:23:28.567411+00:00
IMPORTS_GOODS_SERVICES_EUROPE,se:country,2024-Q4,2026-09-15T16:23:28.567411+00:00,64234.3,final,2024-10-01,2024-12-31,1,2026-09-15T16:23:28.567411+00:00
IMPORTS_GOODS_SERVICES_EUROPE,se:country,2025-Q1,2026-09-15T16:23:28.567411+00:00,63957.5,final,2025-01-01,2025-03-31,1,2026-09-15T16:23:28.567411+00:00
IMPORTS_GOODS_SERVICES_EUROPE,se:country,2025-Q2,2026-09-15T16:23:28.567411+00:00,66808.4,final,2025-04-01,2025-06-30,1,2026-09-15T16:23:28.567411+00:00
IMPORTS_GOODS_SERVICES_EUROPE,se:country,2025-Q3,2026-09-15T16:23:28.567411+00:00,66737.0,final,2025-07-01,2025-09-30,1,2026-09-15T16:23:28.567411+00:00
IMPORTS_GOODS_SERVICES_EUROPE,se:country,2025-Q4,2026-09-15T16:23:28.567411+00:00,66630.2,final,2025-10-01,2025-12-31,1,2026-09-15T16:23:28.567411+00:00
IMPORTS_GOODS_SERVICES_EUROPE,se:country,2026-Q1,2026-09-15T16:23:28.567411+00:00,67974.3,final,2026-01-01,2026-03-31,1,2026-09-15T16:23:28.567411+00:00
IMPORTS_GOODS_SERVICES_EUROPE,se:country,2026-Q2,2026-09-15T16:23:28.567411+00:00,68019.5,final,2026-04-01,2026-06-30,1,2026-09-15T16:23:28.567411+00:00
IMPORTS_GOODS_SERVICES_EUROPE,si:country,2008-Q1,2026-09-15T16:23:28.567411+00:00,6683.8,final,2008-01-01,2008-03-31,1,2026-09-15T16:23:28.567411+00:00
IMPORTS_GOODS_SERVICES_EUROPE,si:country,2008-Q2,2026-09-15T16:23:28.567411+00:00,6816.0,final,2008-04-01,2008-06-30,1,2026-09-15T16:23:28.567411+00:00
IMPORTS_GOODS_SERVICES_EUROPE,si:country,2008-Q3,2026-09-15T16:23:28.567411+00:00,6750.8,final,2008-07-01,2008-09-30,1,2026-09-15T16:23:28.567411+00:00
IMPORTS_GOODS_SERVICES_EUROPE,si:country,2008-Q4,2026-09-15T16:23:28.567411+00:00,6106.2,final,2008-10-01,2008-12-31,1,2026-09-15T16:23:28.567411+00:00
IMPORTS_GOODS_SERVICES_EUROPE,si:country,2009-Q1,2026-09-15T16:23:28.567411+00:00,5223.1,final,2009-01-01,2009-03-31,1,2026-09-15T16:23:28.567411+00:00
IMPORTS_GOODS_SERVICES_EUROPE,si:country,2009-Q2,2026-09-15T16:23:28.567411+00:00,5179.4,final,2009-04-01,2009-06-30,1,2026-09-15T16:23:28.567411+00:00
IMPORTS_GOODS_SERVICES_EUROPE,si:country,2009-Q3,2026-09-15T16:23:28.567411+00:00,5542.5,final,2009-07-01,2009-09-30,1,2026-09-15T16:23:28.567411+00:00
IMPORTS_GOODS_SERVICES_EUROPE,si:country,2009-Q4,2026-09-15T16:23:28.567411+00:00,5536.9,final,2009-10-01,2009-12-31,1,2026-09-15T16:23:28.567411+00:00
IMPORTS_GOODS_SERVICES_EUROPE,si:country,2010-Q1,2026-09-15T16:23:28.567411+00:00,5487.5,final,2010-01-01,2010-03-31,1,2026-09-15T16:23:28.567411+00:00
IMPORTS_GOODS_SERVICES_EUROPE,si:country,2010-Q2,2026-09-15T16:23:28.567411+00:00,5681.8,final,2010-04-01,2010-06-30,1,2026-09-15T16:23:28.567411+00:00
IMPORTS_GOODS_SERVICES_EUROPE,si:country,2010-Q3,2026-09-15T16:23:28.567411+00:00,5796.5,final,2010-07-01,2010-09-30,1,2026-09-15T16:23:28.567411+00:00
IMPORTS_GOODS_SERVICES_EUROPE,si:country,2010-Q4,2026-09-15T16:23:28.567411+00:00,5900.6,final,2010-10-01,2010-12-31,1,2026-09-15T16:23:28.567411+00:00
IMPORTS_GOODS_SERVICES_EUROPE,si:country,2011-Q1,2026-09-15T16:23:28.567411+00:00,5920.6,final,2011-01-01,2011-03-31,1,2026-09-15T16:23:28.567411+00:00
IMPORTS_GOODS_SERVICES_EUROPE,si:country,2011-Q2,2026-09-15T16:23:28.567411+00:00,6014.3,final,2011-04-01,2011-06-30,1,2026-09-15T16:23:28.567411+00:00
IMPORTS_GOODS_SERVICES_EUROPE,si:country,2011-Q3,2026-09-15T16:23:28.567411+00:00,6171.6,final,2011-07-01,2011-09-30,1,2026-09-15T16:23:28.567411+00:00
IMPORTS_GOODS_SERVICES_EUROPE,si:country,2011-Q4,2026-09-15T16:23:28.567411+00:00,5987.8,final,2011-10-01,2011-12-31,1,2026-09-15T16:23:28.567411+00:00
IMPORTS_GOODS_SERVICES_EUROPE,si:country,2012-Q1,2026-09-15T16:23:28.567411+00:00,5935.2,final,2012-01-01,2012-03-31,1,2026-09-15T16:23:28.567411+00:00
IMPORTS_GOODS_SERVICES_EUROPE,si:country,2012-Q2,2026-09-15T16:23:28.567411+00:00,5899.6,final,2012-04-01,2012-06-30,1,2026-09-15T16:23:28.567411+00:00
IMPORTS_GOODS_SERVICES_EUROPE,si:country,2012-Q3,2026-09-15T16:23:28.567411+00:00,5847.0,final,2012-07-01,2012-09-30,1,2026-09-15T16:23:28.567411+00:00
IMPORTS_GOODS_SERVICES_EUROPE,si:country,2012-Q4,2026-09-15T16:23:28.567411+00:00,5860.7,final,2012-10-01,2012-12-31,1,2026-09-15T16:23:28.567411+00:00
IMPORTS_GOODS_SERVICES_EUROPE,si:country,2013-Q1,2026-09-15T16:23:28.567411+00:00,5893.1,final,2013-01-01,2013-03-31,1,2026-09-15T16:23:28.567411+00:00
IMPORTS_GOODS_SERVICES_EUROPE,si:country,2013-Q2,2026-09-15T16:23:28.567411+00:00,5956.9,final,2013-04-01,2013-06-30,1,2026-09-15T16:23:28.567411+00:00
IMPORTS_GOODS_SERVICES_EUROPE,si:country,2013-Q3,2026-09-15T16:23:28.567411+00:00,5947.3,final,2013-07-01,2013-09-30,1,2026-09-15T16:23:28.567411+00:00
IMPORTS_GOODS_SERVICES_EUROPE,si:country,2013-Q4,2026-09-15T16:23:28.567411+00:00,6096.6,final,2013-10-01,2013-12-31,1,2026-09-15T16:23:28.567411+00:00
IMPORTS_GOODS_SERVICES_EUROPE,si:country,2014-Q1,2026-09-15T16:23:28.567411+00:00,6081.1,final,2014-01-01,2014-03-31,1,2026-09-15T16:23:28.567411+00:00
IMPORTS_GOODS_SERVICES_EUROPE,si:country,2014-Q2,2026-09-15T16:23:28.567411+00:00,6107.0,final,2014-04-01,2014-06-30,1,2026-09-15T16:23:28.567411+00:00
IMPORTS_GOODS_SERVICES_EUROPE,si:country,2014-Q3,2026-09-15T16:23:28.567411+00:00,6249.0,final,2014-07-01,2014-09-30,1,2026-09-15T16:23:28.567411+00:00
IMPORTS_GOODS_SERVICES_EUROPE,si:country,2014-Q4,2026-09-15T16:23:28.567411+00:00,6284.8,final,2014-10-01,2014-12-31,1,2026-09-15T16:23:28.567411+00:00
IMPORTS_GOODS_SERVICES_EUROPE,si:country,2015-Q1,2026-09-15T16:23:28.567411+00:00,6376.3,final,2015-01-01,2015-03-31,1,2026-09-15T16:23:28.567411+00:00
IMPORTS_GOODS_SERVICES_EUROPE,si:country,2015-Q2,2026-09-15T16:23:28.567411+00:00,6442.0,final,2015-04-01,2015-06-30,1,2026-09-15T16:23:28.567411+00:00
IMPORTS_GOODS_SERVICES_EUROPE,si:country,2015-Q3,2026-09-15T16:23:28.567411+00:00,6521.6,final,2015-07-01,2015-09-30,1,2026-09-15T16:23:28.567411+00:00
IMPORTS_GOODS_SERVICES_EUROPE,si:country,2015-Q4,2026-09-15T16:23:28.567411+00:00,6494.1,final,2015-10-01,2015-12-31,1,2026-09-15T16:23:28.567411+00:00
IMPORTS_GOODS_SERVICES_EUROPE,si:country,2016-Q1,2026-09-15T16:23:28.567411+00:00,6809.0,final,2016-01-01,2016-03-31,1,2026-09-15T16:23:28.567411+00:00
IMPORTS_GOODS_SERVICES_EUROPE,si:country,2016-Q2,2026-09-15T16:23:28.567411+00:00,6845.1,final,2016-04-01,2016-06-30,1,2026-09-15T16:23:28.567411+00:00
IMPORTS_GOODS_SERVICES_EUROPE,si:country,2016-Q3,2026-09-15T16:23:28.567411+00:00,6978.5,final,2016-07-01,2016-09-30,1,2026-09-15T16:23:28.567411+00:00
IMPORTS_GOODS_SERVICES_EUROPE,si:country,2016-Q4,2026-09-15T16:23:28.567411+00:00,7160.2,final,2016-10-01,2016-12-31,1,2026-09-15T16:23:28.567411+00:00
IMPORTS_GOODS_SERVICES_EUROPE,si:country,2017-Q1,2026-09-15T16:23:28.567411+00:00,7379.5,final,2017-01-01,2017-03-31,1,2026-09-15T16:23:28.567411+00:00
IMPORTS_GOODS_SERVICES_EUROPE,si:country,2017-Q2,2026-09-15T16:23:28.567411+00:00,7578.7,final,2017-04-01,2017-06-30,1,2026-09-15T16:23:28.567411+00:00
IMPORTS_GOODS_SERVICES_EUROPE,si:country,2017-Q3,2026-09-15T16:23:28.567411+00:00,7809.6,final,2017-07-01,2017-09-30,1,2026-09-15T16:23:28.567411+00:00
IMPORTS_GOODS_SERVICES_EUROPE,si:country,2017-Q4,2026-09-15T16:23:28.567411+00:00,8116.5,final,2017-10-01,2017-12-31,1,2026-09-15T16:23:28.567411+00:00
IMPORTS_GOODS_SERVICES_EUROPE,si:country,2018-Q1,2026-09-15T16:23:28.567411+00:00,8129.2,final,2018-01-01,2018-03-31,1,2026-09-15T16:23:28.567411+00:00
IMPORTS_GOODS_SERVICES_EUROPE,si:country,2018-Q2,2026-09-15T16:23:28.567411+00:00,8277.0,final,2018-04-01,2018-06-30,1,2026-09-15T16:23:28.567411+00:00
IMPORTS_GOODS_SERVICES_EUROPE,si:country,2018-Q3,2026-09-15T16:23:28.567411+00:00,8211.1,final,2018-07-01,2018-09-30,1,2026-09-15T16:23:28.567411+00:00
IMPORTS_GOODS_SERVICES_EUROPE,si:country,2018-Q4,2026-09-15T16:23:28.567411+00:00,8532.2,final,2018-10-01,2018-12-31,1,2026-09-15T16:23:28.567411+00:00
IMPORTS_GOODS_SERVICES_EUROPE,si:country,2019-Q1,2026-09-15T16:23:28.567411+00:00,8628.2,final,2019-01-01,2019-03-31,1,2026-09-15T16:23:28.567411+00:00
IMPORTS_GOODS_SERVICES_EUROPE,si:country,2019-Q2,2026-09-15T16:23:28.567411+00:00,8710.9,final,2019-04-01,2019-06-30,1,2026-09-15T16:23:28.567411+00:00
IMPORTS_GOODS_SERVICES_EUROPE,si:country,2019-Q3,2026-09-15T16:23:28.567411+00:00,8768.8,final,2019-07-01,2019-09-30,1,2026-09-15T16:23:28.567411+00:00
IMPORTS_GOODS_SERVICES_EUROPE,si:country,2019-Q4,2026-09-15T16:23:28.567411+00:00,8513.1,final,2019-10-01,2019-12-31,1,2026-09-15T16:23:28.567411+00:00
IMPORTS_GOODS_SERVICES_EUROPE,si:country,2020-Q1,2026-09-15T16:23:28.567411+00:00,8471.2,final,2020-01-01,2020-03-31,1,2026-09-15T16:23:28.567411+00:00
IMPORTS_GOODS_SERVICES_EUROPE,si:country,2020-Q2,2026-09-15T16:23:28.567411+00:00,6706.7,final,2020-04-01,2020-06-30,1,2026-09-15T16:23:28.567411+00:00
IMPORTS_GOODS_SERVICES_EUROPE,si:country,2020-Q3,2026-09-15T16:23:28.567411+00:00,7672.6,final,2020-07-01,2020-09-30,1,2026-09-15T16:23:28.567411+00:00
IMPORTS_GOODS_SERVICES_EUROPE,si:country,2020-Q4,2026-09-15T16:23:28.567411+00:00,8209.8,final,2020-10-01,2020-12-31,1,2026-09-15T16:23:28.567411+00:00
IMPORTS_GOODS_SERVICES_EUROPE,si:country,2021-Q1,2026-09-15T16:23:28.567411+00:00,8561.6,final,2021-01-01,2021-03-31,1,2026-09-15T16:23:28.567411+00:00
IMPORTS_GOODS_SERVICES_EUROPE,si:country,2021-Q2,2026-09-15T16:23:28.567411+00:00,9008.1,final,2021-04-01,2021-06-30,1,2026-09-15T16:23:28.567411+00:00
IMPORTS_GOODS_SERVICES_EUROPE,si:country,2021-Q3,2026-09-15T16:23:28.567411+00:00,9189.1,final,2021-07-01,2021-09-30,1,2026-09-15T16:23:28.567411+00:00
IMPORTS_GOODS_SERVICES_EUROPE,si:country,2021-Q4,2026-09-15T16:23:28.567411+00:00,9719.3,final,2021-10-01,2021-12-31,1,2026-09-15T16:23:28.567411+00:00
IMPORTS_GOODS_SERVICES_EUROPE,si:country,2022-Q1,2026-09-15T16:23:28.567411+00:00,9883.6,final,2022-01-01,2022-03-31,1,2026-09-15T16:23:28.567411+00:00
IMPORTS_GOODS_SERVICES_EUROPE,si:country,2022-Q2,2026-09-15T16:23:28.567411+00:00,10030.4,final,2022-04-01,2022-06-30,1,2026-09-15T16:23:28.567411+00:00
IMPORTS_GOODS_SERVICES_EUROPE,si:country,2022-Q3,2026-09-15T16:23:28.567411+00:00,10366.8,final,2022-07-01,2022-09-30,1,2026-09-15T16:23:28.567411+00:00
IMPORTS_GOODS_SERVICES_EUROPE,si:country,2022-Q4,2026-09-15T16:23:28.567411+00:00,9918.2,final,2022-10-01,2022-12-31,1,2026-09-15T16:23:28.567411+00:00
IMPORTS_GOODS_SERVICES_EUROPE,si:country,2023-Q1,2026-09-15T16:23:28.567411+00:00,9806.2,final,2023-01-01,2023-03-31,1,2026-09-15T16:23:28.567411+00:00
IMPORTS_GOODS_SERVICES_EUROPE,si:country,2023-Q2,2026-09-15T16:23:28.567411+00:00,9686.6,final,2023-04-01,2023-06-30,1,2026-09-15T16:23:28.567411+00:00
IMPORTS_GOODS_SERVICES_EUROPE,si:country,2023-Q3,2026-09-15T16:23:28.567411+00:00,9365.8,final,2023-07-01,2023-09-30,1,2026-09-15T16:23:28.567411+00:00
IMPORTS_GOODS_SERVICES_EUROPE,si:country,2023-Q4,2026-09-15T16:23:28.567411+00:00,9824.4,final,2023-10-01,2023-12-31,1,2026-09-15T16:23:28.567411+00:00
IMPORTS_GOODS_SERVICES_EUROPE,si:country,2024-Q1,2026-09-15T16:23:28.567411+00:00,10074.6,final,2024-01-01,2024-03-31,1,2026-09-15T16:23:28.567411+00:00
IMPORTS_GOODS_SERVICES_EUROPE,si:country,2024-Q2,2026-09-15T16:23:28.567411+00:00,10157.1,final,2024-04-01,2024-06-30,1,2026-09-15T16:23:28.567411+00:00
IMPORTS_GOODS_SERVICES_EUROPE,si:country,2024-Q3,2026-09-15T16:23:28.567411+00:00,10003.7,final,2024-07-01,2024-09-30,1,2026-09-15T16:23:28.567411+00:00
IMPORTS_GOODS_SERVICES_EUROPE,si:country,2024-Q4,2026-09-15T16:23:28.567411+00:00,10047.7,final,2024-10-01,2024-12-31,1,2026-09-15T16:23:28.567411+00:00
IMPORTS_GOODS_SERVICES_EUROPE,si:country,2025-Q1,2026-09-15T16:23:28.567411+00:00,10293.6,final,2025-01-01,2025-03-31,1,2026-09-15T16:23:28.567411+00:00
IMPORTS_GOODS_SERVICES_EUROPE,si:country,2025-Q2,2026-09-15T16:23:28.567411+00:00,10069.1,final,2025-04-01,2025-06-30,1,2026-09-15T16:23:28.567411+00:00
IMPORTS_GOODS_SERVICES_EUROPE,si:country,2025-Q3,2026-09-15T16:23:28.567411+00:00,10170.0,final,2025-07-01,2025-09-30,1,2026-09-15T16:23:28.567411+00:00
IMPORTS_GOODS_SERVICES_EUROPE,si:country,2025-Q4,2026-09-15T16:23:28.567411+00:00,10428.4,final,2025-10-01,2025-12-31,1,2026-09-15T16:23:28.567411+00:00
IMPORTS_GOODS_SERVICES_EUROPE,si:country,2026-Q1,2026-09-15T16:23:28.567411+00:00,10645.7,final,2026-01-01,2026-03-31,1,2026-09-15T16:23:28.567411+00:00
IMPORTS_GOODS_SERVICES_EUROPE,si:country,2026-Q2,2026-09-15T16:23:28.567411+00:00,10835.5,final,2026-04-01,2026-06-30,1,2026-09-15T16:23:28.567411+00:00
IMPORTS_GOODS_SERVICES_EUROPE,sk:country,2008-Q1,2026-09-15T16:23:28.567411+00:00,14760.7,final,2008-01-01,2008-03-31,1,2026-09-15T16:23:28.567411+00:00
IMPORTS_GOODS_SERVICES_EUROPE,sk:country,2008-Q2,2026-09-15T16:23:28.567411+00:00,14420.1,final,2008-04-01,2008-06-30,1,2026-09-15T16:23:28.567411+00:00
IMPORTS_GOODS_SERVICES_EUROPE,sk:country,2008-Q3,2026-09-15T16:23:28.567411+00:00,13877.1,final,2008-07-01,2008-09-30,1,2026-09-15T16:23:28.567411+00:00
IMPORTS_GOODS_SERVICES_EUROPE,sk:country,2008-Q4,2026-09-15T16:23:28.567411+00:00,13060.2,final,2008-10-01,2008-12-31,1,2026-09-15T16:23:28.567411+00:00
IMPORTS_GOODS_SERVICES_EUROPE,sk:country,2009-Q1,2026-09-15T16:23:28.567411+00:00,11293.2,final,2009-01-01,2009-03-31,1,2026-09-15T16:23:28.567411+00:00
IMPORTS_GOODS_SERVICES_EUROPE,sk:country,2009-Q2,2026-09-15T16:23:28.567411+00:00,10948.5,final,2009-04-01,2009-06-30,1,2026-09-15T16:23:28.567411+00:00
IMPORTS_GOODS_SERVICES_EUROPE,sk:country,2009-Q3,2026-09-15T16:23:28.567411+00:00,11399.7,final,2009-07-01,2009-09-30,1,2026-09-15T16:23:28.567411+00:00
IMPORTS_GOODS_SERVICES_EUROPE,sk:country,2009-Q4,2026-09-15T16:23:28.567411+00:00,11872.4,final,2009-10-01,2009-12-31,1,2026-09-15T16:23:28.567411+00:00
IMPORTS_GOODS_SERVICES_EUROPE,sk:country,2010-Q1,2026-09-15T16:23:28.567411+00:00,12706.1,final,2010-01-01,2010-03-31,1,2026-09-15T16:23:28.567411+00:00
IMPORTS_GOODS_SERVICES_EUROPE,sk:country,2010-Q2,2026-09-15T16:23:28.567411+00:00,12902.5,final,2010-04-01,2010-06-30,1,2026-09-15T16:23:28.567411+00:00
IMPORTS_GOODS_SERVICES_EUROPE,sk:country,2010-Q3,2026-09-15T16:23:28.567411+00:00,13823.8,final,2010-07-01,2010-09-30,1,2026-09-15T16:23:28.567411+00:00
IMPORTS_GOODS_SERVICES_EUROPE,sk:country,2010-Q4,2026-09-15T16:23:28.567411+00:00,13989.0,final,2010-10-01,2010-12-31,1,2026-09-15T16:23:28.567411+00:00
IMPORTS_GOODS_SERVICES_EUROPE,sk:country,2011-Q1,2026-09-15T16:23:28.567411+00:00,14385.2,final,2011-01-01,2011-03-31,1,2026-09-15T16:23:28.567411+00:00
IMPORTS_GOODS_SERVICES_EUROPE,sk:country,2011-Q2,2026-09-15T16:23:28.567411+00:00,14463.1,final,2011-04-01,2011-06-30,1,2026-09-15T16:23:28.567411+00:00
IMPORTS_GOODS_SERVICES_EUROPE,sk:country,2011-Q3,2026-09-15T16:23:28.567411+00:00,14311.5,final,2011-07-01,2011-09-30,1,2026-09-15T16:23:28.567411+00:00
IMPORTS_GOODS_SERVICES_EUROPE,sk:country,2011-Q4,2026-09-15T16:23:28.567411+00:00,14227.5,final,2011-10-01,2011-12-31,1,2026-09-15T16:23:28.567411+00:00
IMPORTS_GOODS_SERVICES_EUROPE,sk:country,2012-Q1,2026-09-15T16:23:28.567411+00:00,14271.9,final,2012-01-01,2012-03-31,1,2026-09-15T16:23:28.567411+00:00
IMPORTS_GOODS_SERVICES_EUROPE,sk:country,2012-Q2,2026-09-15T16:23:28.567411+00:00,14773.0,final,2012-04-01,2012-06-30,1,2026-09-15T16:23:28.567411+00:00
IMPORTS_GOODS_SERVICES_EUROPE,sk:country,2012-Q3,2026-09-15T16:23:28.567411+00:00,15023.1,final,2012-07-01,2012-09-30,1,2026-09-15T16:23:28.567411+00:00
IMPORTS_GOODS_SERVICES_EUROPE,sk:country,2012-Q4,2026-09-15T16:23:28.567411+00:00,14680.7,final,2012-10-01,2012-12-31,1,2026-09-15T16:23:28.567411+00:00
IMPORTS_GOODS_SERVICES_EUROPE,sk:country,2013-Q1,2026-09-15T16:23:28.567411+00:00,14925.8,final,2013-01-01,2013-03-31,1,2026-09-15T16:23:28.567411+00:00
IMPORTS_GOODS_SERVICES_EUROPE,sk:country,2013-Q2,2026-09-15T16:23:28.567411+00:00,15208.5,final,2013-04-01,2013-06-30,1,2026-09-15T16:23:28.567411+00:00
IMPORTS_GOODS_SERVICES_EUROPE,sk:country,2013-Q3,2026-09-15T16:23:28.567411+00:00,15457.0,final,2013-07-01,2013-09-30,1,2026-09-15T16:23:28.567411+00:00
IMPORTS_GOODS_SERVICES_EUROPE,sk:country,2013-Q4,2026-09-15T16:23:28.567411+00:00,16013.9,final,2013-10-01,2013-12-31,1,2026-09-15T16:23:28.567411+00:00
IMPORTS_GOODS_SERVICES_EUROPE,sk:country,2014-Q1,2026-09-15T16:23:28.567411+00:00,16269.2,final,2014-01-01,2014-03-31,1,2026-09-15T16:23:28.567411+00:00
IMPORTS_GOODS_SERVICES_EUROPE,sk:country,2014-Q2,2026-09-15T16:23:28.567411+00:00,16078.4,final,2014-04-01,2014-06-30,1,2026-09-15T16:23:28.567411+00:00
IMPORTS_GOODS_SERVICES_EUROPE,sk:country,2014-Q3,2026-09-15T16:23:28.567411+00:00,15935.9,final,2014-07-01,2014-09-30,1,2026-09-15T16:23:28.567411+00:00
IMPORTS_GOODS_SERVICES_EUROPE,sk:country,2014-Q4,2026-09-15T16:23:28.567411+00:00,16094.1,final,2014-10-01,2014-12-31,1,2026-09-15T16:23:28.567411+00:00
IMPORTS_GOODS_SERVICES_EUROPE,sk:country,2015-Q1,2026-09-15T16:23:28.567411+00:00,17298.0,final,2015-01-01,2015-03-31,1,2026-09-15T16:23:28.567411+00:00
IMPORTS_GOODS_SERVICES_EUROPE,sk:country,2015-Q2,2026-09-15T16:23:28.567411+00:00,17456.7,final,2015-04-01,2015-06-30,1,2026-09-15T16:23:28.567411+00:00
IMPORTS_GOODS_SERVICES_EUROPE,sk:country,2015-Q3,2026-09-15T16:23:28.567411+00:00,17534.5,final,2015-07-01,2015-09-30,1,2026-09-15T16:23:28.567411+00:00
IMPORTS_GOODS_SERVICES_EUROPE,sk:country,2015-Q4,2026-09-15T16:23:28.567411+00:00,17681.5,final,2015-10-01,2015-12-31,1,2026-09-15T16:23:28.567411+00:00
IMPORTS_GOODS_SERVICES_EUROPE,sk:country,2016-Q1,2026-09-15T16:23:28.567411+00:00,17983.9,final,2016-01-01,2016-03-31,1,2026-09-15T16:23:28.567411+00:00
IMPORTS_GOODS_SERVICES_EUROPE,sk:country,2016-Q2,2026-09-15T16:23:28.567411+00:00,18353.1,final,2016-04-01,2016-06-30,1,2026-09-15T16:23:28.567411+00:00
IMPORTS_GOODS_SERVICES_EUROPE,sk:country,2016-Q3,2026-09-15T16:23:28.567411+00:00,18337.3,final,2016-07-01,2016-09-30,1,2026-09-15T16:23:28.567411+00:00
IMPORTS_GOODS_SERVICES_EUROPE,sk:country,2016-Q4,2026-09-15T16:23:28.567411+00:00,18639.0,final,2016-10-01,2016-12-31,1,2026-09-15T16:23:28.567411+00:00
IMPORTS_GOODS_SERVICES_EUROPE,sk:country,2017-Q1,2026-09-15T16:23:28.567411+00:00,18849.0,final,2017-01-01,2017-03-31,1,2026-09-15T16:23:28.567411+00:00
IMPORTS_GOODS_SERVICES_EUROPE,sk:country,2017-Q2,2026-09-15T16:23:28.567411+00:00,18804.7,final,2017-04-01,2017-06-30,1,2026-09-15T16:23:28.567411+00:00
IMPORTS_GOODS_SERVICES_EUROPE,sk:country,2017-Q3,2026-09-15T16:23:28.567411+00:00,19500.0,final,2017-07-01,2017-09-30,1,2026-09-15T16:23:28.567411+00:00
IMPORTS_GOODS_SERVICES_EUROPE,sk:country,2017-Q4,2026-09-15T16:23:28.567411+00:00,19323.4,final,2017-10-01,2017-12-31,1,2026-09-15T16:23:28.567411+00:00
IMPORTS_GOODS_SERVICES_EUROPE,sk:country,2018-Q1,2026-09-15T16:23:28.567411+00:00,19260.6,final,2018-01-01,2018-03-31,1,2026-09-15T16:23:28.567411+00:00
IMPORTS_GOODS_SERVICES_EUROPE,sk:country,2018-Q2,2026-09-15T16:23:28.567411+00:00,20076.0,final,2018-04-01,2018-06-30,1,2026-09-15T16:23:28.567411+00:00
IMPORTS_GOODS_SERVICES_EUROPE,sk:country,2018-Q3,2026-09-15T16:23:28.567411+00:00,20126.5,final,2018-07-01,2018-09-30,1,2026-09-15T16:23:28.567411+00:00
IMPORTS_GOODS_SERVICES_EUROPE,sk:country,2018-Q4,2026-09-15T16:23:28.567411+00:00,20373.0,final,2018-10-01,2018-12-31,1,2026-09-15T16:23:28.567411+00:00
IMPORTS_GOODS_SERVICES_EUROPE,sk:country,2019-Q1,2026-09-15T16:23:28.567411+00:00,20643.8,final,2019-01-01,2019-03-31,1,2026-09-15T16:23:28.567411+00:00
IMPORTS_GOODS_SERVICES_EUROPE,sk:country,2019-Q2,2026-09-15T16:23:28.567411+00:00,20521.9,final,2019-04-01,2019-06-30,1,2026-09-15T16:23:28.567411+00:00
IMPORTS_GOODS_SERVICES_EUROPE,sk:country,2019-Q3,2026-09-15T16:23:28.567411+00:00,20509.0,final,2019-07-01,2019-09-30,1,2026-09-15T16:23:28.567411+00:00
IMPORTS_GOODS_SERVICES_EUROPE,sk:country,2019-Q4,2026-09-15T16:23:28.567411+00:00,20039.8,final,2019-10-01,2019-12-31,1,2026-09-15T16:23:28.567411+00:00
IMPORTS_GOODS_SERVICES_EUROPE,sk:country,2020-Q1,2026-09-15T16:23:28.567411+00:00,20470.1,final,2020-01-01,2020-03-31,1,2026-09-15T16:23:28.567411+00:00
IMPORTS_GOODS_SERVICES_EUROPE,sk:country,2020-Q2,2026-09-15T16:23:28.567411+00:00,15208.1,final,2020-04-01,2020-06-30,1,2026-09-15T16:23:28.567411+00:00
IMPORTS_GOODS_SERVICES_EUROPE,sk:country,2020-Q3,2026-09-15T16:23:28.567411+00:00,19484.8,final,2020-07-01,2020-09-30,1,2026-09-15T16:23:28.567411+00:00
IMPORTS_GOODS_SERVICES_EUROPE,sk:country,2020-Q4,2026-09-15T16:23:28.567411+00:00,19994.3,final,2020-10-01,2020-12-31,1,2026-09-15T16:23:28.567411+00:00
IMPORTS_GOODS_SERVICES_EUROPE,sk:country,2021-Q1,2026-09-15T16:23:28.567411+00:00,21573.9,final,2021-01-01,2021-03-31,1,2026-09-15T16:23:28.567411+00:00
IMPORTS_GOODS_SERVICES_EUROPE,sk:country,2021-Q2,2026-09-15T16:23:28.567411+00:00,21003.1,final,2021-04-01,2021-06-30,1,2026-09-15T16:23:28.567411+00:00
IMPORTS_GOODS_SERVICES_EUROPE,sk:country,2021-Q3,2026-09-15T16:23:28.567411+00:00,20447.9,final,2021-07-01,2021-09-30,1,2026-09-15T16:23:28.567411+00:00
IMPORTS_GOODS_SERVICES_EUROPE,sk:country,2021-Q4,2026-09-15T16:23:28.567411+00:00,20818.4,final,2021-10-01,2021-12-31,1,2026-09-15T16:23:28.567411+00:00
IMPORTS_GOODS_SERVICES_EUROPE,sk:country,2022-Q1,2026-09-15T16:23:28.567411+00:00,21892.9,final,2022-01-01,2022-03-31,1,2026-09-15T16:23:28.567411+00:00
IMPORTS_GOODS_SERVICES_EUROPE,sk:country,2022-Q2,2026-09-15T16:23:28.567411+00:00,21122.0,final,2022-04-01,2022-06-30,1,2026-09-15T16:23:28.567411+00:00
IMPORTS_GOODS_SERVICES_EUROPE,sk:country,2022-Q3,2026-09-15T16:23:28.567411+00:00,22001.6,final,2022-07-01,2022-09-30,1,2026-09-15T16:23:28.567411+00:00
IMPORTS_GOODS_SERVICES_EUROPE,sk:country,2022-Q4,2026-09-15T16:23:28.567411+00:00,22479.0,final,2022-10-01,2022-12-31,1,2026-09-15T16:23:28.567411+00:00
IMPORTS_GOODS_SERVICES_EUROPE,sk:country,2023-Q1,2026-09-15T16:23:28.567411+00:00,19158.0,final,2023-01-01,2023-03-31,1,2026-09-15T16:23:28.567411+00:00
IMPORTS_GOODS_SERVICES_EUROPE,sk:country,2023-Q2,2026-09-15T16:23:28.567411+00:00,19762.3,final,2023-04-01,2023-06-30,1,2026-09-15T16:23:28.567411+00:00
IMPORTS_GOODS_SERVICES_EUROPE,sk:country,2023-Q3,2026-09-15T16:23:28.567411+00:00,21252.8,final,2023-07-01,2023-09-30,1,2026-09-15T16:23:28.567411+00:00
IMPORTS_GOODS_SERVICES_EUROPE,sk:country,2023-Q4,2026-09-15T16:23:28.567411+00:00,21123.3,final,2023-10-01,2023-12-31,1,2026-09-15T16:23:28.567411+00:00
IMPORTS_GOODS_SERVICES_EUROPE,sk:country,2024-Q1,2026-09-15T16:23:28.567411+00:00,20143.0,final,2024-01-01,2024-03-31,1,2026-09-15T16:23:28.567411+00:00
IMPORTS_GOODS_SERVICES_EUROPE,sk:country,2024-Q2,2026-09-15T16:23:28.567411+00:00,20982.2,final,2024-04-01,2024-06-30,1,2026-09-15T16:23:28.567411+00:00
IMPORTS_GOODS_SERVICES_EUROPE,sk:country,2024-Q3,2026-09-15T16:23:28.567411+00:00,20950.9,final,2024-07-01,2024-09-30,1,2026-09-15T16:23:28.567411+00:00
IMPORTS_GOODS_SERVICES_EUROPE,sk:country,2024-Q4,2026-09-15T16:23:28.567411+00:00,20867.5,final,2024-10-01,2024-12-31,1,2026-09-15T16:23:28.567411+00:00
IMPORTS_GOODS_SERVICES_EUROPE,sk:country,2025-Q1,2026-09-15T16:23:28.567411+00:00,22077.4,final,2025-01-01,2025-03-31,1,2026-09-15T16:23:28.567411+00:00
IMPORTS_GOODS_SERVICES_EUROPE,sk:country,2025-Q2,2026-09-15T16:23:28.567411+00:00,21681.1,final,2025-04-01,2025-06-30,1,2026-09-15T16:23:28.567411+00:00
IMPORTS_GOODS_SERVICES_EUROPE,sk:country,2025-Q3,2026-09-15T16:23:28.567411+00:00,21015.7,final,2025-07-01,2025-09-30,1,2026-09-15T16:23:28.567411+00:00
IMPORTS_GOODS_SERVICES_EUROPE,sk:country,2025-Q4,2026-09-15T16:23:28.567411+00:00,21419.5,final,2025-10-01,2025-12-31,1,2026-09-15T16:23:28.567411+00:00
IMPORTS_GOODS_SERVICES_EUROPE,sk:country,2026-Q1,2026-09-15T16:23:28.567411+00:00,21795.0,final,2026-01-01,2026-03-31,1,2026-09-15T16:23:28.567411+00:00
IMPORTS_GOODS_SERVICES_EUROPE,sk:country,2026-Q2,2026-09-15T16:23:28.567411+00:00,22401.6,final,2026-04-01,2026-06-30,1,2026-09-15T16:23:28.567411+00:00
IMPORTS_GOODS_SERVICES_EUROPE,tr:country,2008-Q1,2026-09-15T16:23:28.567411+00:00,41555.3,final,2008-01-01,2008-03-31,1,2026-09-15T16:23:28.567411+00:00
IMPORTS_GOODS_SERVICES_EUROPE,tr:country,2008-Q2,2026-09-15T16:23:28.567411+00:00,37238.5,final,2008-04-01,2008-06-30,1,2026-09-15T16:23:28.567411+00:00
IMPORTS_GOODS_SERVICES_EUROPE,tr:country,2008-Q3,2026-09-15T16:23:28.567411+00:00,35513.1,final,2008-07-01,2008-09-30,1,2026-09-15T16:23:28.567411+00:00
IMPORTS_GOODS_SERVICES_EUROPE,tr:country,2008-Q4,2026-09-15T16:23:28.567411+00:00,31123.7,final,2008-10-01,2008-12-31,1,2026-09-15T16:23:28.567411+00:00
IMPORTS_GOODS_SERVICES_EUROPE,tr:country,2009-Q1,2026-09-15T16:23:28.567411+00:00,28011.5,final,2009-01-01,2009-03-31,1,2026-09-15T16:23:28.567411+00:00
IMPORTS_GOODS_SERVICES_EUROPE,tr:country,2009-Q2,2026-09-15T16:23:28.567411+00:00,30122.5,final,2009-04-01,2009-06-30,1,2026-09-15T16:23:28.567411+00:00
IMPORTS_GOODS_SERVICES_EUROPE,tr:country,2009-Q3,2026-09-15T16:23:28.567411+00:00,32697.0,final,2009-07-01,2009-09-30,1,2026-09-15T16:23:28.567411+00:00
IMPORTS_GOODS_SERVICES_EUROPE,tr:country,2009-Q4,2026-09-15T16:23:28.567411+00:00,33509.8,final,2009-10-01,2009-12-31,1,2026-09-15T16:23:28.567411+00:00
IMPORTS_GOODS_SERVICES_EUROPE,tr:country,2010-Q1,2026-09-15T16:23:28.567411+00:00,32935.5,final,2010-01-01,2010-03-31,1,2026-09-15T16:23:28.567411+00:00
IMPORTS_GOODS_SERVICES_EUROPE,tr:country,2010-Q2,2026-09-15T16:23:28.567411+00:00,36254.2,final,2010-04-01,2010-06-30,1,2026-09-15T16:23:28.567411+00:00
IMPORTS_GOODS_SERVICES_EUROPE,tr:country,2010-Q3,2026-09-15T16:23:28.567411+00:00,38411.3,final,2010-07-01,2010-09-30,1,2026-09-15T16:23:28.567411+00:00
IMPORTS_GOODS_SERVICES_EUROPE,tr:country,2010-Q4,2026-09-15T16:23:28.567411+00:00,41744.4,final,2010-10-01,2010-12-31,1,2026-09-15T16:23:28.567411+00:00
IMPORTS_GOODS_SERVICES_EUROPE,tr:country,2011-Q1,2026-09-15T16:23:28.567411+00:00,42779.9,final,2011-01-01,2011-03-31,1,2026-09-15T16:23:28.567411+00:00
IMPORTS_GOODS_SERVICES_EUROPE,tr:country,2011-Q2,2026-09-15T16:23:28.567411+00:00,43032.8,final,2011-04-01,2011-06-30,1,2026-09-15T16:23:28.567411+00:00
IMPORTS_GOODS_SERVICES_EUROPE,tr:country,2011-Q3,2026-09-15T16:23:28.567411+00:00,42575.5,final,2011-07-01,2011-09-30,1,2026-09-15T16:23:28.567411+00:00
IMPORTS_GOODS_SERVICES_EUROPE,tr:country,2011-Q4,2026-09-15T16:23:28.567411+00:00,41085.6,final,2011-10-01,2011-12-31,1,2026-09-15T16:23:28.567411+00:00
IMPORTS_GOODS_SERVICES_EUROPE,tr:country,2012-Q1,2026-09-15T16:23:28.567411+00:00,41335.6,final,2012-01-01,2012-03-31,1,2026-09-15T16:23:28.567411+00:00
IMPORTS_GOODS_SERVICES_EUROPE,tr:country,2012-Q2,2026-09-15T16:23:28.567411+00:00,42763.3,final,2012-04-01,2012-06-30,1,2026-09-15T16:23:28.567411+00:00
IMPORTS_GOODS_SERVICES_EUROPE,tr:country,2012-Q3,2026-09-15T16:23:28.567411+00:00,43733.3,final,2012-07-01,2012-09-30,1,2026-09-15T16:23:28.567411+00:00
IMPORTS_GOODS_SERVICES_EUROPE,tr:country,2012-Q4,2026-09-15T16:23:28.567411+00:00,42129.4,final,2012-10-01,2012-12-31,1,2026-09-15T16:23:28.567411+00:00
IMPORTS_GOODS_SERVICES_EUROPE,tr:country,2013-Q1,2026-09-15T16:23:28.567411+00:00,46153.7,final,2013-01-01,2013-03-31,1,2026-09-15T16:23:28.567411+00:00
IMPORTS_GOODS_SERVICES_EUROPE,tr:country,2013-Q2,2026-09-15T16:23:28.567411+00:00,48015.7,final,2013-04-01,2013-06-30,1,2026-09-15T16:23:28.567411+00:00
IMPORTS_GOODS_SERVICES_EUROPE,tr:country,2013-Q3,2026-09-15T16:23:28.567411+00:00,47162.4,final,2013-07-01,2013-09-30,1,2026-09-15T16:23:28.567411+00:00
IMPORTS_GOODS_SERVICES_EUROPE,tr:country,2013-Q4,2026-09-15T16:23:28.567411+00:00,48030.9,final,2013-10-01,2013-12-31,1,2026-09-15T16:23:28.567411+00:00
IMPORTS_GOODS_SERVICES_EUROPE,tr:country,2014-Q1,2026-09-15T16:23:28.567411+00:00,47267.2,final,2014-01-01,2014-03-31,1,2026-09-15T16:23:28.567411+00:00
IMPORTS_GOODS_SERVICES_EUROPE,tr:country,2014-Q2,2026-09-15T16:23:28.567411+00:00,46533.6,final,2014-04-01,2014-06-30,1,2026-09-15T16:23:28.567411+00:00
IMPORTS_GOODS_SERVICES_EUROPE,tr:country,2014-Q3,2026-09-15T16:23:28.567411+00:00,46492.9,final,2014-07-01,2014-09-30,1,2026-09-15T16:23:28.567411+00:00
IMPORTS_GOODS_SERVICES_EUROPE,tr:country,2014-Q4,2026-09-15T16:23:28.567411+00:00,48433.9,final,2014-10-01,2014-12-31,1,2026-09-15T16:23:28.567411+00:00
IMPORTS_GOODS_SERVICES_EUROPE,tr:country,2015-Q1,2026-09-15T16:23:28.567411+00:00,48917.7,final,2015-01-01,2015-03-31,1,2026-09-15T16:23:28.567411+00:00
IMPORTS_GOODS_SERVICES_EUROPE,tr:country,2015-Q2,2026-09-15T16:23:28.567411+00:00,47881.6,final,2015-04-01,2015-06-30,1,2026-09-15T16:23:28.567411+00:00
IMPORTS_GOODS_SERVICES_EUROPE,tr:country,2015-Q3,2026-09-15T16:23:28.567411+00:00,47688.7,final,2015-07-01,2015-09-30,1,2026-09-15T16:23:28.567411+00:00
IMPORTS_GOODS_SERVICES_EUROPE,tr:country,2015-Q4,2026-09-15T16:23:28.567411+00:00,47563.5,final,2015-10-01,2015-12-31,1,2026-09-15T16:23:28.567411+00:00
IMPORTS_GOODS_SERVICES_EUROPE,tr:country,2016-Q1,2026-09-15T16:23:28.567411+00:00,49740.5,final,2016-01-01,2016-03-31,1,2026-09-15T16:23:28.567411+00:00
IMPORTS_GOODS_SERVICES_EUROPE,tr:country,2016-Q2,2026-09-15T16:23:28.567411+00:00,50403.3,final,2016-04-01,2016-06-30,1,2026-09-15T16:23:28.567411+00:00
IMPORTS_GOODS_SERVICES_EUROPE,tr:country,2016-Q3,2026-09-15T16:23:28.567411+00:00,49894.3,final,2016-07-01,2016-09-30,1,2026-09-15T16:23:28.567411+00:00
IMPORTS_GOODS_SERVICES_EUROPE,tr:country,2016-Q4,2026-09-15T16:23:28.567411+00:00,48252.3,final,2016-10-01,2016-12-31,1,2026-09-15T16:23:28.567411+00:00
IMPORTS_GOODS_SERVICES_EUROPE,tr:country,2017-Q1,2026-09-15T16:23:28.567411+00:00,51336.9,final,2017-01-01,2017-03-31,1,2026-09-15T16:23:28.567411+00:00
IMPORTS_GOODS_SERVICES_EUROPE,tr:country,2017-Q2,2026-09-15T16:23:28.567411+00:00,53468.4,final,2017-04-01,2017-06-30,1,2026-09-15T16:23:28.567411+00:00
IMPORTS_GOODS_SERVICES_EUROPE,tr:country,2017-Q3,2026-09-15T16:23:28.567411+00:00,55362.6,final,2017-07-01,2017-09-30,1,2026-09-15T16:23:28.567411+00:00
IMPORTS_GOODS_SERVICES_EUROPE,tr:country,2017-Q4,2026-09-15T16:23:28.567411+00:00,57885.8,final,2017-10-01,2017-12-31,1,2026-09-15T16:23:28.567411+00:00
IMPORTS_GOODS_SERVICES_EUROPE,tr:country,2018-Q1,2026-09-15T16:23:28.567411+00:00,59635.4,final,2018-01-01,2018-03-31,1,2026-09-15T16:23:28.567411+00:00
IMPORTS_GOODS_SERVICES_EUROPE,tr:country,2018-Q2,2026-09-15T16:23:28.567411+00:00,54354.4,final,2018-04-01,2018-06-30,1,2026-09-15T16:23:28.567411+00:00
IMPORTS_GOODS_SERVICES_EUROPE,tr:country,2018-Q3,2026-09-15T16:23:28.567411+00:00,48400.5,final,2018-07-01,2018-09-30,1,2026-09-15T16:23:28.567411+00:00
IMPORTS_GOODS_SERVICES_EUROPE,tr:country,2018-Q4,2026-09-15T16:23:28.567411+00:00,43771.8,final,2018-10-01,2018-12-31,1,2026-09-15T16:23:28.567411+00:00
IMPORTS_GOODS_SERVICES_EUROPE,tr:country,2019-Q1,2026-09-15T16:23:28.567411+00:00,43717.1,final,2019-01-01,2019-03-31,1,2026-09-15T16:23:28.567411+00:00
IMPORTS_GOODS_SERVICES_EUROPE,tr:country,2019-Q2,2026-09-15T16:23:28.567411+00:00,46471.5,final,2019-04-01,2019-06-30,1,2026-09-15T16:23:28.567411+00:00
IMPORTS_GOODS_SERVICES_EUROPE,tr:country,2019-Q3,2026-09-15T16:23:28.567411+00:00,50269.4,final,2019-07-01,2019-09-30,1,2026-09-15T16:23:28.567411+00:00
IMPORTS_GOODS_SERVICES_EUROPE,tr:country,2019-Q4,2026-09-15T16:23:28.567411+00:00,55453.2,final,2019-10-01,2019-12-31,1,2026-09-15T16:23:28.567411+00:00
IMPORTS_GOODS_SERVICES_EUROPE,tr:country,2020-Q1,2026-09-15T16:23:28.567411+00:00,53447.3,final,2020-01-01,2020-03-31,1,2026-09-15T16:23:28.567411+00:00
IMPORTS_GOODS_SERVICES_EUROPE,tr:country,2020-Q2,2026-09-15T16:23:28.567411+00:00,42744.1,final,2020-04-01,2020-06-30,1,2026-09-15T16:23:28.567411+00:00
IMPORTS_GOODS_SERVICES_EUROPE,tr:country,2020-Q3,2026-09-15T16:23:28.567411+00:00,56702.4,final,2020-07-01,2020-09-30,1,2026-09-15T16:23:28.567411+00:00
IMPORTS_GOODS_SERVICES_EUROPE,tr:country,2020-Q4,2026-09-15T16:23:28.567411+00:00,55036.3,final,2020-10-01,2020-12-31,1,2026-09-15T16:23:28.567411+00:00
IMPORTS_GOODS_SERVICES_EUROPE,tr:country,2021-Q1,2026-09-15T16:23:28.567411+00:00,53554.4,final,2021-01-01,2021-03-31,1,2026-09-15T16:23:28.567411+00:00
IMPORTS_GOODS_SERVICES_EUROPE,tr:country,2021-Q2,2026-09-15T16:23:28.567411+00:00,51311.6,final,2021-04-01,2021-06-30,1,2026-09-15T16:23:28.567411+00:00
IMPORTS_GOODS_SERVICES_EUROPE,tr:country,2021-Q3,2026-09-15T16:23:28.567411+00:00,52980.9,final,2021-07-01,2021-09-30,1,2026-09-15T16:23:28.567411+00:00
IMPORTS_GOODS_SERVICES_EUROPE,tr:country,2021-Q4,2026-09-15T16:23:28.567411+00:00,56189.8,final,2021-10-01,2021-12-31,1,2026-09-15T16:23:28.567411+00:00
IMPORTS_GOODS_SERVICES_EUROPE,tr:country,2022-Q1,2026-09-15T16:23:28.567411+00:00,55036.3,final,2022-01-01,2022-03-31,1,2026-09-15T16:23:28.567411+00:00
IMPORTS_GOODS_SERVICES_EUROPE,tr:country,2022-Q2,2026-09-15T16:23:28.567411+00:00,54525.7,final,2022-04-01,2022-06-30,1,2026-09-15T16:23:28.567411+00:00
IMPORTS_GOODS_SERVICES_EUROPE,tr:country,2022-Q3,2026-09-15T16:23:28.567411+00:00,58959.5,final,2022-07-01,2022-09-30,1,2026-09-15T16:23:28.567411+00:00
IMPORTS_GOODS_SERVICES_EUROPE,tr:country,2022-Q4,2026-09-15T16:23:28.567411+00:00,61558.9,final,2022-10-01,2022-12-31,1,2026-09-15T16:23:28.567411+00:00
IMPORTS_GOODS_SERVICES_EUROPE,tr:country,2023-Q1,2026-09-15T16:23:28.567411+00:00,62447.0,final,2023-01-01,2023-03-31,1,2026-09-15T16:23:28.567411+00:00
IMPORTS_GOODS_SERVICES_EUROPE,tr:country,2023-Q2,2026-09-15T16:23:28.567411+00:00,66099.2,final,2023-04-01,2023-06-30,1,2026-09-15T16:23:28.567411+00:00
IMPORTS_GOODS_SERVICES_EUROPE,tr:country,2023-Q3,2026-09-15T16:23:28.567411+00:00,66038.8,final,2023-07-01,2023-09-30,1,2026-09-15T16:23:28.567411+00:00
IMPORTS_GOODS_SERVICES_EUROPE,tr:country,2023-Q4,2026-09-15T16:23:28.567411+00:00,62712.7,final,2023-10-01,2023-12-31,1,2026-09-15T16:23:28.567411+00:00
IMPORTS_GOODS_SERVICES_EUROPE,tr:country,2024-Q1,2026-09-15T16:23:28.567411+00:00,61308.1,final,2024-01-01,2024-03-31,1,2026-09-15T16:23:28.567411+00:00
IMPORTS_GOODS_SERVICES_EUROPE,tr:country,2024-Q2,2026-09-15T16:23:28.567411+00:00,62238.1,final,2024-04-01,2024-06-30,1,2026-09-15T16:23:28.567411+00:00
IMPORTS_GOODS_SERVICES_EUROPE,tr:country,2024-Q3,2026-09-15T16:23:28.567411+00:00,59911.2,final,2024-07-01,2024-09-30,1,2026-09-15T16:23:28.567411+00:00
IMPORTS_GOODS_SERVICES_EUROPE,tr:country,2024-Q4,2026-09-15T16:23:28.567411+00:00,63996.9,final,2024-10-01,2024-12-31,1,2026-09-15T16:23:28.567411+00:00
IMPORTS_GOODS_SERVICES_EUROPE,tr:country,2025-Q1,2026-09-15T16:23:28.567411+00:00,63878.6,final,2025-01-01,2025-03-31,1,2026-09-15T16:23:28.567411+00:00
IMPORTS_GOODS_SERVICES_EUROPE,tr:country,2025-Q2,2026-09-15T16:23:28.567411+00:00,65841.6,final,2025-04-01,2025-06-30,1,2026-09-15T16:23:28.567411+00:00
IMPORTS_GOODS_SERVICES_EUROPE,tr:country,2025-Q3,2026-09-15T16:23:28.567411+00:00,63309.6,final,2025-07-01,2025-09-30,1,2026-09-15T16:23:28.567411+00:00
IMPORTS_GOODS_SERVICES_EUROPE,tr:country,2025-Q4,2026-09-15T16:23:28.567411+00:00,66002.6,final,2025-10-01,2025-12-31,1,2026-09-15T16:23:28.567411+00:00
IMPORTS_GOODS_SERVICES_EUROPE,tr:country,2026-Q1,2026-09-15T16:23:28.567411+00:00,63445.3,final,2026-01-01,2026-03-31,1,2026-09-15T16:23:28.567411+00:00
