indicator_id,geo_id,period,vintage,value,status,period_start,period_end,is_latest,created_at
POPULATION_EUROPE,al:country,2008,2026-09-15T16:26:52.284479+00:00,2958266.0,final,2008-01-01,2008-12-31,1,2026-09-15T16:26:52.284479+00:00
POPULATION_EUROPE,al:country,2009,2026-09-15T16:26:52.284479+00:00,2936355.0,final,2009-01-01,2009-12-31,1,2026-09-15T16:26:52.284479+00:00
POPULATION_EUROPE,al:country,2010,2026-09-15T16:26:52.284479+00:00,2918674.0,final,2010-01-01,2010-12-31,1,2026-09-15T16:26:52.284479+00:00
POPULATION_EUROPE,al:country,2011,2026-09-15T16:26:52.284479+00:00,2907361.0,final,2011-01-01,2011-12-31,1,2026-09-15T16:26:52.284479+00:00
POPULATION_EUROPE,al:country,2012,2026-09-15T16:26:52.284479+00:00,2903008.0,final,2012-01-01,2012-12-31,1,2026-09-15T16:26:52.284479+00:00
POPULATION_EUROPE,al:country,2013,2026-09-15T16:26:52.284479+00:00,2897770.0,final,2013-01-01,2013-12-31,1,2026-09-15T16:26:52.284479+00:00
POPULATION_EUROPE,al:country,2014,2026-09-15T16:26:52.284479+00:00,2892394.0,final,2014-01-01,2014-12-31,1,2026-09-15T16:26:52.284479+00:00
POPULATION_EUROPE,al:country,2015,2026-09-15T16:26:52.284479+00:00,2885796.0,final,2015-01-01,2015-12-31,1,2026-09-15T16:26:52.284479+00:00
POPULATION_EUROPE,al:country,2016,2026-09-15T16:26:52.284479+00:00,2875592.0,final,2016-01-01,2016-12-31,1,2026-09-15T16:26:52.284479+00:00
POPULATION_EUROPE,al:country,2017,2026-09-15T16:26:52.284479+00:00,2876591.0,final,2017-01-01,2017-12-31,1,2026-09-15T16:26:52.284479+00:00
POPULATION_EUROPE,al:country,2018,2026-09-15T16:26:52.284479+00:00,2870324.0,final,2018-01-01,2018-12-31,1,2026-09-15T16:26:52.284479+00:00
POPULATION_EUROPE,al:country,2019,2026-09-15T16:26:52.284479+00:00,2862427.0,final,2019-01-01,2019-12-31,1,2026-09-15T16:26:52.284479+00:00
POPULATION_EUROPE,al:country,2020,2026-09-15T16:26:52.284479+00:00,2845955.0,final,2020-01-01,2020-12-31,1,2026-09-15T16:26:52.284479+00:00
POPULATION_EUROPE,al:country,2021,2026-09-15T16:26:52.284479+00:00,2829741.0,final,2021-01-01,2021-12-31,1,2026-09-15T16:26:52.284479+00:00
POPULATION_EUROPE,al:country,2022,2026-09-15T16:26:52.284479+00:00,2793592.0,final,2022-01-01,2022-12-31,1,2026-09-15T16:26:52.284479+00:00
POPULATION_EUROPE,al:country,2023,2026-09-15T16:26:52.284479+00:00,2761785.0,final,2023-01-01,2023-12-31,1,2026-09-15T16:26:52.284479+00:00
POPULATION_EUROPE,al:country,2025,2026-09-15T16:26:52.284479+00:00,2363314.0,final,2025-01-01,2025-12-31,1,2026-09-15T16:26:52.284479+00:00
POPULATION_EUROPE,at:country,2008,2026-09-15T16:26:52.284479+00:00,8307989.0,final,2008-01-01,2008-12-31,1,2026-09-15T16:26:52.284479+00:00
POPULATION_EUROPE,at:country,2009,2026-09-15T16:26:52.284479+00:00,8335003.0,final,2009-01-01,2009-12-31,1,2026-09-15T16:26:52.284479+00:00
POPULATION_EUROPE,at:country,2010,2026-09-15T16:26:52.284479+00:00,8351643.0,final,2010-01-01,2010-12-31,1,2026-09-15T16:26:52.284479+00:00
POPULATION_EUROPE,at:country,2011,2026-09-15T16:26:52.284479+00:00,8375164.0,final,2011-01-01,2011-12-31,1,2026-09-15T16:26:52.284479+00:00
POPULATION_EUROPE,at:country,2012,2026-09-15T16:26:52.284479+00:00,8408121.0,final,2012-01-01,2012-12-31,1,2026-09-15T16:26:52.284479+00:00
POPULATION_EUROPE,at:country,2013,2026-09-15T16:26:52.284479+00:00,8451860.0,final,2013-01-01,2013-12-31,1,2026-09-15T16:26:52.284479+00:00
POPULATION_EUROPE,at:country,2014,2026-09-15T16:26:52.284479+00:00,8507786.0,final,2014-01-01,2014-12-31,1,2026-09-15T16:26:52.284479+00:00
POPULATION_EUROPE,at:country,2015,2026-09-15T16:26:52.284479+00:00,8584926.0,final,2015-01-01,2015-12-31,1,2026-09-15T16:26:52.284479+00:00
POPULATION_EUROPE,at:country,2016,2026-09-15T16:26:52.284479+00:00,8700471.0,final,2016-01-01,2016-12-31,1,2026-09-15T16:26:52.284479+00:00
POPULATION_EUROPE,at:country,2017,2026-09-15T16:26:52.284479+00:00,8772865.0,final,2017-01-01,2017-12-31,1,2026-09-15T16:26:52.284479+00:00
POPULATION_EUROPE,at:country,2018,2026-09-15T16:26:52.284479+00:00,8822267.0,final,2018-01-01,2018-12-31,1,2026-09-15T16:26:52.284479+00:00
POPULATION_EUROPE,at:country,2019,2026-09-15T16:26:52.284479+00:00,8858775.0,final,2019-01-01,2019-12-31,1,2026-09-15T16:26:52.284479+00:00
POPULATION_EUROPE,at:country,2020,2026-09-15T16:26:52.284479+00:00,8901064.0,final,2020-01-01,2020-12-31,1,2026-09-15T16:26:52.284479+00:00
POPULATION_EUROPE,at:country,2021,2026-09-15T16:26:52.284479+00:00,8932664.0,final,2021-01-01,2021-12-31,1,2026-09-15T16:26:52.284479+00:00
POPULATION_EUROPE,at:country,2022,2026-09-15T16:26:52.284479+00:00,8978929.0,final,2022-01-01,2022-12-31,1,2026-09-15T16:26:52.284479+00:00
POPULATION_EUROPE,at:country,2023,2026-09-15T16:26:52.284479+00:00,9104772.0,final,2023-01-01,2023-12-31,1,2026-09-15T16:26:52.284479+00:00
POPULATION_EUROPE,at:country,2024,2026-09-15T16:26:52.284479+00:00,9158750.0,final,2024-01-01,2024-12-31,1,2026-09-15T16:26:52.284479+00:00
POPULATION_EUROPE,at:country,2025,2026-09-15T16:26:52.284479+00:00,9197213.0,final,2025-01-01,2025-12-31,1,2026-09-15T16:26:52.284479+00:00
POPULATION_EUROPE,ba:country,2008,2026-09-15T16:26:52.284479+00:00,3843846.0,final,2008-01-01,2008-12-31,1,2026-09-15T16:26:52.284479+00:00
POPULATION_EUROPE,ba:country,2009,2026-09-15T16:26:52.284479+00:00,3843998.0,final,2009-01-01,2009-12-31,1,2026-09-15T16:26:52.284479+00:00
POPULATION_EUROPE,ba:country,2010,2026-09-15T16:26:52.284479+00:00,3844046.0,final,2010-01-01,2010-12-31,1,2026-09-15T16:26:52.284479+00:00
POPULATION_EUROPE,ba:country,2011,2026-09-15T16:26:52.284479+00:00,3843183.0,final,2011-01-01,2011-12-31,1,2026-09-15T16:26:52.284479+00:00
POPULATION_EUROPE,ba:country,2012,2026-09-15T16:26:52.284479+00:00,3839265.0,final,2012-01-01,2012-12-31,1,2026-09-15T16:26:52.284479+00:00
POPULATION_EUROPE,be:country,2008,2026-09-15T16:26:52.284479+00:00,10666866.0,final,2008-01-01,2008-12-31,1,2026-09-15T16:26:52.284479+00:00
POPULATION_EUROPE,be:country,2009,2026-09-15T16:26:52.284479+00:00,10753080.0,final,2009-01-01,2009-12-31,1,2026-09-15T16:26:52.284479+00:00
POPULATION_EUROPE,be:country,2010,2026-09-15T16:26:52.284479+00:00,10839905.0,final,2010-01-01,2010-12-31,1,2026-09-15T16:26:52.284479+00:00
POPULATION_EUROPE,be:country,2011,2026-09-15T16:26:52.284479+00:00,11000638.0,final,2011-01-01,2011-12-31,1,2026-09-15T16:26:52.284479+00:00
POPULATION_EUROPE,be:country,2012,2026-09-15T16:26:52.284479+00:00,11075889.0,final,2012-01-01,2012-12-31,1,2026-09-15T16:26:52.284479+00:00
POPULATION_EUROPE,be:country,2013,2026-09-15T16:26:52.284479+00:00,11137974.0,final,2013-01-01,2013-12-31,1,2026-09-15T16:26:52.284479+00:00
POPULATION_EUROPE,be:country,2014,2026-09-15T16:26:52.284479+00:00,11180840.0,final,2014-01-01,2014-12-31,1,2026-09-15T16:26:52.284479+00:00
POPULATION_EUROPE,be:country,2015,2026-09-15T16:26:52.284479+00:00,11237274.0,final,2015-01-01,2015-12-31,1,2026-09-15T16:26:52.284479+00:00
POPULATION_EUROPE,be:country,2016,2026-09-15T16:26:52.284479+00:00,11311117.0,final,2016-01-01,2016-12-31,1,2026-09-15T16:26:52.284479+00:00
POPULATION_EUROPE,be:country,2017,2026-09-15T16:26:52.284479+00:00,11351727.0,final,2017-01-01,2017-12-31,1,2026-09-15T16:26:52.284479+00:00
POPULATION_EUROPE,be:country,2018,2026-09-15T16:26:52.284479+00:00,11398589.0,final,2018-01-01,2018-12-31,1,2026-09-15T16:26:52.284479+00:00
POPULATION_EUROPE,be:country,2019,2026-09-15T16:26:52.284479+00:00,11455519.0,final,2019-01-01,2019-12-31,1,2026-09-15T16:26:52.284479+00:00
POPULATION_EUROPE,be:country,2020,2026-09-15T16:26:52.284479+00:00,11522440.0,final,2020-01-01,2020-12-31,1,2026-09-15T16:26:52.284479+00:00
POPULATION_EUROPE,be:country,2021,2026-09-15T16:26:52.284479+00:00,11554767.0,final,2021-01-01,2021-12-31,1,2026-09-15T16:26:52.284479+00:00
POPULATION_EUROPE,be:country,2022,2026-09-15T16:26:52.284479+00:00,11617623.0,final,2022-01-01,2022-12-31,1,2026-09-15T16:26:52.284479+00:00
POPULATION_EUROPE,be:country,2023,2026-09-15T16:26:52.284479+00:00,11742796.0,final,2023-01-01,2023-12-31,1,2026-09-15T16:26:52.284479+00:00
POPULATION_EUROPE,be:country,2024,2026-09-15T16:26:52.284479+00:00,11817096.0,final,2024-01-01,2024-12-31,1,2026-09-15T16:26:52.284479+00:00
POPULATION_EUROPE,be:country,2025,2026-09-15T16:26:52.284479+00:00,11883495.0,final,2025-01-01,2025-12-31,1,2026-09-15T16:26:52.284479+00:00
POPULATION_EUROPE,bg:country,2008,2026-09-15T16:26:52.284479+00:00,7518002.0,final,2008-01-01,2008-12-31,1,2026-09-15T16:26:52.284479+00:00
POPULATION_EUROPE,bg:country,2009,2026-09-15T16:26:52.284479+00:00,7467119.0,final,2009-01-01,2009-12-31,1,2026-09-15T16:26:52.284479+00:00
POPULATION_EUROPE,bg:country,2010,2026-09-15T16:26:52.284479+00:00,7421766.0,final,2010-01-01,2010-12-31,1,2026-09-15T16:26:52.284479+00:00
POPULATION_EUROPE,bg:country,2011,2026-09-15T16:26:52.284479+00:00,7369431.0,final,2011-01-01,2011-12-31,1,2026-09-15T16:26:52.284479+00:00
POPULATION_EUROPE,bg:country,2012,2026-09-15T16:26:52.284479+00:00,7327224.0,final,2012-01-01,2012-12-31,1,2026-09-15T16:26:52.284479+00:00
POPULATION_EUROPE,bg:country,2013,2026-09-15T16:26:52.284479+00:00,7202556.0,final,2013-01-01,2013-12-31,1,2026-09-15T16:26:52.284479+00:00
POPULATION_EUROPE,bg:country,2014,2026-09-15T16:26:52.284479+00:00,7117453.0,final,2014-01-01,2014-12-31,1,2026-09-15T16:26:52.284479+00:00
POPULATION_EUROPE,bg:country,2015,2026-09-15T16:26:52.284479+00:00,7029690.0,final,2015-01-01,2015-12-31,1,2026-09-15T16:26:52.284479+00:00
POPULATION_EUROPE,bg:country,2016,2026-09-15T16:26:52.284479+00:00,6938759.0,final,2016-01-01,2016-12-31,1,2026-09-15T16:26:52.284479+00:00
POPULATION_EUROPE,bg:country,2017,2026-09-15T16:26:52.284479+00:00,6849518.0,final,2017-01-01,2017-12-31,1,2026-09-15T16:26:52.284479+00:00
POPULATION_EUROPE,bg:country,2018,2026-09-15T16:26:52.284479+00:00,6757418.0,final,2018-01-01,2018-12-31,1,2026-09-15T16:26:52.284479+00:00
POPULATION_EUROPE,bg:country,2019,2026-09-15T16:26:52.284479+00:00,6664177.0,final,2019-01-01,2019-12-31,1,2026-09-15T16:26:52.284479+00:00
POPULATION_EUROPE,bg:country,2020,2026-09-15T16:26:52.284479+00:00,6569275.0,final,2020-01-01,2020-12-31,1,2026-09-15T16:26:52.284479+00:00
POPULATION_EUROPE,bg:country,2021,2026-09-15T16:26:52.284479+00:00,6532117.0,final,2021-01-01,2021-12-31,1,2026-09-15T16:26:52.284479+00:00
POPULATION_EUROPE,bg:country,2022,2026-09-15T16:26:52.284479+00:00,6482484.0,final,2022-01-01,2022-12-31,1,2026-09-15T16:26:52.284479+00:00
POPULATION_EUROPE,bg:country,2023,2026-09-15T16:26:52.284479+00:00,6447710.0,final,2023-01-01,2023-12-31,1,2026-09-15T16:26:52.284479+00:00
POPULATION_EUROPE,bg:country,2024,2026-09-15T16:26:52.284479+00:00,6445481.0,final,2024-01-01,2024-12-31,1,2026-09-15T16:26:52.284479+00:00
POPULATION_EUROPE,bg:country,2025,2026-09-15T16:26:52.284479+00:00,6437360.0,final,2025-01-01,2025-12-31,1,2026-09-15T16:26:52.284479+00:00
POPULATION_EUROPE,ch:country,2008,2026-09-15T16:26:52.284479+00:00,7593494.0,final,2008-01-01,2008-12-31,1,2026-09-15T16:26:52.284479+00:00
POPULATION_EUROPE,ch:country,2009,2026-09-15T16:26:52.284479+00:00,7701856.0,final,2009-01-01,2009-12-31,1,2026-09-15T16:26:52.284479+00:00
POPULATION_EUROPE,ch:country,2010,2026-09-15T16:26:52.284479+00:00,7785806.0,final,2010-01-01,2010-12-31,1,2026-09-15T16:26:52.284479+00:00
POPULATION_EUROPE,ch:country,2011,2026-09-15T16:26:52.284479+00:00,7870134.0,final,2011-01-01,2011-12-31,1,2026-09-15T16:26:52.284479+00:00
POPULATION_EUROPE,ch:country,2012,2026-09-15T16:26:52.284479+00:00,7954662.0,final,2012-01-01,2012-12-31,1,2026-09-15T16:26:52.284479+00:00
POPULATION_EUROPE,ch:country,2013,2026-09-15T16:26:52.284479+00:00,8039060.0,final,2013-01-01,2013-12-31,1,2026-09-15T16:26:52.284479+00:00
POPULATION_EUROPE,ch:country,2014,2026-09-15T16:26:52.284479+00:00,8139631.0,final,2014-01-01,2014-12-31,1,2026-09-15T16:26:52.284479+00:00
POPULATION_EUROPE,ch:country,2015,2026-09-15T16:26:52.284479+00:00,8237666.0,final,2015-01-01,2015-12-31,1,2026-09-15T16:26:52.284479+00:00
POPULATION_EUROPE,ch:country,2016,2026-09-15T16:26:52.284479+00:00,8327126.0,final,2016-01-01,2016-12-31,1,2026-09-15T16:26:52.284479+00:00
POPULATION_EUROPE,ch:country,2017,2026-09-15T16:26:52.284479+00:00,8419550.0,final,2017-01-01,2017-12-31,1,2026-09-15T16:26:52.284479+00:00
POPULATION_EUROPE,ch:country,2018,2026-09-15T16:26:52.284479+00:00,8484130.0,final,2018-01-01,2018-12-31,1,2026-09-15T16:26:52.284479+00:00
POPULATION_EUROPE,ch:country,2019,2026-09-15T16:26:52.284479+00:00,8544527.0,final,2019-01-01,2019-12-31,1,2026-09-15T16:26:52.284479+00:00
POPULATION_EUROPE,ch:country,2020,2026-09-15T16:26:52.284479+00:00,8606033.0,final,2020-01-01,2020-12-31,1,2026-09-15T16:26:52.284479+00:00
POPULATION_EUROPE,ch:country,2021,2026-09-15T16:26:52.284479+00:00,8670300.0,final,2021-01-01,2021-12-31,1,2026-09-15T16:26:52.284479+00:00
POPULATION_EUROPE,ch:country,2022,2026-09-15T16:26:52.284479+00:00,8738791.0,final,2022-01-01,2022-12-31,1,2026-09-15T16:26:52.284479+00:00
POPULATION_EUROPE,ch:country,2023,2026-09-15T16:26:52.284479+00:00,8815385.0,final,2023-01-01,2023-12-31,1,2026-09-15T16:26:52.284479+00:00
POPULATION_EUROPE,ch:country,2024,2026-09-15T16:26:52.284479+00:00,8962258.0,final,2024-01-01,2024-12-31,1,2026-09-15T16:26:52.284479+00:00
POPULATION_EUROPE,ch:country,2025,2026-09-15T16:26:52.284479+00:00,9051029.0,final,2025-01-01,2025-12-31,1,2026-09-15T16:26:52.284479+00:00
POPULATION_EUROPE,cy:country,2008,2026-09-15T16:26:52.284479+00:00,776333.0,final,2008-01-01,2008-12-31,1,2026-09-15T16:26:52.284479+00:00
POPULATION_EUROPE,cy:country,2009,2026-09-15T16:26:52.284479+00:00,796930.0,final,2009-01-01,2009-12-31,1,2026-09-15T16:26:52.284479+00:00
POPULATION_EUROPE,cy:country,2010,2026-09-15T16:26:52.284479+00:00,819140.0,final,2010-01-01,2010-12-31,1,2026-09-15T16:26:52.284479+00:00
POPULATION_EUROPE,cy:country,2011,2026-09-15T16:26:52.284479+00:00,839751.0,final,2011-01-01,2011-12-31,1,2026-09-15T16:26:52.284479+00:00
POPULATION_EUROPE,cy:country,2012,2026-09-15T16:26:52.284479+00:00,862011.0,final,2012-01-01,2012-12-31,1,2026-09-15T16:26:52.284479+00:00
POPULATION_EUROPE,cy:country,2013,2026-09-15T16:26:52.284479+00:00,862854.0,final,2013-01-01,2013-12-31,1,2026-09-15T16:26:52.284479+00:00
POPULATION_EUROPE,cy:country,2014,2026-09-15T16:26:52.284479+00:00,860032.0,final,2014-01-01,2014-12-31,1,2026-09-15T16:26:52.284479+00:00
POPULATION_EUROPE,cy:country,2015,2026-09-15T16:26:52.284479+00:00,860846.0,final,2015-01-01,2015-12-31,1,2026-09-15T16:26:52.284479+00:00
POPULATION_EUROPE,cy:country,2016,2026-09-15T16:26:52.284479+00:00,863764.0,final,2016-01-01,2016-12-31,1,2026-09-15T16:26:52.284479+00:00
POPULATION_EUROPE,cy:country,2017,2026-09-15T16:26:52.284479+00:00,869878.0,final,2017-01-01,2017-12-31,1,2026-09-15T16:26:52.284479+00:00
POPULATION_EUROPE,cy:country,2018,2026-09-15T16:26:52.284479+00:00,878601.0,final,2018-01-01,2018-12-31,1,2026-09-15T16:26:52.284479+00:00
POPULATION_EUROPE,cy:country,2019,2026-09-15T16:26:52.284479+00:00,890194.0,final,2019-01-01,2019-12-31,1,2026-09-15T16:26:52.284479+00:00
POPULATION_EUROPE,cy:country,2020,2026-09-15T16:26:52.284479+00:00,902429.0,final,2020-01-01,2020-12-31,1,2026-09-15T16:26:52.284479+00:00
POPULATION_EUROPE,cy:country,2021,2026-09-15T16:26:52.284479+00:00,914476.0,final,2021-01-01,2021-12-31,1,2026-09-15T16:26:52.284479+00:00
POPULATION_EUROPE,cy:country,2022,2026-09-15T16:26:52.284479+00:00,929764.0,final,2022-01-01,2022-12-31,1,2026-09-15T16:26:52.284479+00:00
POPULATION_EUROPE,cy:country,2023,2026-09-15T16:26:52.284479+00:00,949084.0,final,2023-01-01,2023-12-31,1,2026-09-15T16:26:52.284479+00:00
POPULATION_EUROPE,cy:country,2024,2026-09-15T16:26:52.284479+00:00,966365.0,final,2024-01-01,2024-12-31,1,2026-09-15T16:26:52.284479+00:00
POPULATION_EUROPE,cy:country,2025,2026-09-15T16:26:52.284479+00:00,982966.0,final,2025-01-01,2025-12-31,1,2026-09-15T16:26:52.284479+00:00
POPULATION_EUROPE,cz:country,2008,2026-09-15T16:26:52.284479+00:00,10343422.0,final,2008-01-01,2008-12-31,1,2026-09-15T16:26:52.284479+00:00
POPULATION_EUROPE,cz:country,2009,2026-09-15T16:26:52.284479+00:00,10425783.0,final,2009-01-01,2009-12-31,1,2026-09-15T16:26:52.284479+00:00
POPULATION_EUROPE,cz:country,2010,2026-09-15T16:26:52.284479+00:00,10462088.0,final,2010-01-01,2010-12-31,1,2026-09-15T16:26:52.284479+00:00
POPULATION_EUROPE,cz:country,2011,2026-09-15T16:26:52.284479+00:00,10486731.0,final,2011-01-01,2011-12-31,1,2026-09-15T16:26:52.284479+00:00
POPULATION_EUROPE,cz:country,2012,2026-09-15T16:26:52.284479+00:00,10505445.0,final,2012-01-01,2012-12-31,1,2026-09-15T16:26:52.284479+00:00
POPULATION_EUROPE,cz:country,2013,2026-09-15T16:26:52.284479+00:00,10516125.0,final,2013-01-01,2013-12-31,1,2026-09-15T16:26:52.284479+00:00
POPULATION_EUROPE,cz:country,2014,2026-09-15T16:26:52.284479+00:00,10512419.0,final,2014-01-01,2014-12-31,1,2026-09-15T16:26:52.284479+00:00
POPULATION_EUROPE,cz:country,2015,2026-09-15T16:26:52.284479+00:00,10538275.0,final,2015-01-01,2015-12-31,1,2026-09-15T16:26:52.284479+00:00
POPULATION_EUROPE,cz:country,2016,2026-09-15T16:26:52.284479+00:00,10553843.0,final,2016-01-01,2016-12-31,1,2026-09-15T16:26:52.284479+00:00
POPULATION_EUROPE,cz:country,2017,2026-09-15T16:26:52.284479+00:00,10578820.0,final,2017-01-01,2017-12-31,1,2026-09-15T16:26:52.284479+00:00
POPULATION_EUROPE,cz:country,2018,2026-09-15T16:26:52.284479+00:00,10610055.0,final,2018-01-01,2018-12-31,1,2026-09-15T16:26:52.284479+00:00
POPULATION_EUROPE,cz:country,2019,2026-09-15T16:26:52.284479+00:00,10649800.0,final,2019-01-01,2019-12-31,1,2026-09-15T16:26:52.284479+00:00
POPULATION_EUROPE,cz:country,2020,2026-09-15T16:26:52.284479+00:00,10693939.0,final,2020-01-01,2020-12-31,1,2026-09-15T16:26:52.284479+00:00
POPULATION_EUROPE,cz:country,2021,2026-09-15T16:26:52.284479+00:00,10494836.0,final,2021-01-01,2021-12-31,1,2026-09-15T16:26:52.284479+00:00
POPULATION_EUROPE,cz:country,2022,2026-09-15T16:26:52.284479+00:00,10516707.0,final,2022-01-01,2022-12-31,1,2026-09-15T16:26:52.284479+00:00
POPULATION_EUROPE,cz:country,2023,2026-09-15T16:26:52.284479+00:00,10827529.0,final,2023-01-01,2023-12-31,1,2026-09-15T16:26:52.284479+00:00
POPULATION_EUROPE,cz:country,2024,2026-09-15T16:26:52.284479+00:00,10900555.0,final,2024-01-01,2024-12-31,1,2026-09-15T16:26:52.284479+00:00
POPULATION_EUROPE,cz:country,2025,2026-09-15T16:26:52.284479+00:00,10909500.0,final,2025-01-01,2025-12-31,1,2026-09-15T16:26:52.284479+00:00
POPULATION_EUROPE,de:country,2008,2026-09-15T16:26:52.284479+00:00,82217837.0,final,2008-01-01,2008-12-31,1,2026-09-15T16:26:52.284479+00:00
POPULATION_EUROPE,de:country,2009,2026-09-15T16:26:52.284479+00:00,82002356.0,final,2009-01-01,2009-12-31,1,2026-09-15T16:26:52.284479+00:00
POPULATION_EUROPE,de:country,2010,2026-09-15T16:26:52.284479+00:00,81802257.0,final,2010-01-01,2010-12-31,1,2026-09-15T16:26:52.284479+00:00
POPULATION_EUROPE,de:country,2011,2026-09-15T16:26:52.284479+00:00,80222065.0,final,2011-01-01,2011-12-31,1,2026-09-15T16:26:52.284479+00:00
POPULATION_EUROPE,de:country,2012,2026-09-15T16:26:52.284479+00:00,80327900.0,final,2012-01-01,2012-12-31,1,2026-09-15T16:26:52.284479+00:00
POPULATION_EUROPE,de:country,2013,2026-09-15T16:26:52.284479+00:00,80523746.0,final,2013-01-01,2013-12-31,1,2026-09-15T16:26:52.284479+00:00
POPULATION_EUROPE,de:country,2014,2026-09-15T16:26:52.284479+00:00,80767463.0,final,2014-01-01,2014-12-31,1,2026-09-15T16:26:52.284479+00:00
POPULATION_EUROPE,de:country,2015,2026-09-15T16:26:52.284479+00:00,81197537.0,final,2015-01-01,2015-12-31,1,2026-09-15T16:26:52.284479+00:00
POPULATION_EUROPE,de:country,2016,2026-09-15T16:26:52.284479+00:00,82175684.0,final,2016-01-01,2016-12-31,1,2026-09-15T16:26:52.284479+00:00
POPULATION_EUROPE,de:country,2017,2026-09-15T16:26:52.284479+00:00,82521653.0,final,2017-01-01,2017-12-31,1,2026-09-15T16:26:52.284479+00:00
POPULATION_EUROPE,de:country,2018,2026-09-15T16:26:52.284479+00:00,82792351.0,final,2018-01-01,2018-12-31,1,2026-09-15T16:26:52.284479+00:00
POPULATION_EUROPE,de:country,2019,2026-09-15T16:26:52.284479+00:00,83019213.0,final,2019-01-01,2019-12-31,1,2026-09-15T16:26:52.284479+00:00
POPULATION_EUROPE,de:country,2020,2026-09-15T16:26:52.284479+00:00,83166711.0,final,2020-01-01,2020-12-31,1,2026-09-15T16:26:52.284479+00:00
POPULATION_EUROPE,de:country,2021,2026-09-15T16:26:52.284479+00:00,83155031.0,final,2021-01-01,2021-12-31,1,2026-09-15T16:26:52.284479+00:00
POPULATION_EUROPE,de:country,2022,2026-09-15T16:26:52.284479+00:00,83237124.0,final,2022-01-01,2022-12-31,1,2026-09-15T16:26:52.284479+00:00
POPULATION_EUROPE,de:country,2023,2026-09-15T16:26:52.284479+00:00,83118501.0,final,2023-01-01,2023-12-31,1,2026-09-15T16:26:52.284479+00:00
POPULATION_EUROPE,de:country,2024,2026-09-15T16:26:52.284479+00:00,83456045.0,final,2024-01-01,2024-12-31,1,2026-09-15T16:26:52.284479+00:00
POPULATION_EUROPE,de:country,2025,2026-09-15T16:26:52.284479+00:00,83577140.0,final,2025-01-01,2025-12-31,1,2026-09-15T16:26:52.284479+00:00
POPULATION_EUROPE,dk:country,2008,2026-09-15T16:26:52.284479+00:00,5475791.0,final,2008-01-01,2008-12-31,1,2026-09-15T16:26:52.284479+00:00
POPULATION_EUROPE,dk:country,2009,2026-09-15T16:26:52.284479+00:00,5511451.0,final,2009-01-01,2009-12-31,1,2026-09-15T16:26:52.284479+00:00
POPULATION_EUROPE,dk:country,2010,2026-09-15T16:26:52.284479+00:00,5534738.0,final,2010-01-01,2010-12-31,1,2026-09-15T16:26:52.284479+00:00
POPULATION_EUROPE,dk:country,2011,2026-09-15T16:26:52.284479+00:00,5560628.0,final,2011-01-01,2011-12-31,1,2026-09-15T16:26:52.284479+00:00
POPULATION_EUROPE,dk:country,2012,2026-09-15T16:26:52.284479+00:00,5580516.0,final,2012-01-01,2012-12-31,1,2026-09-15T16:26:52.284479+00:00
POPULATION_EUROPE,dk:country,2013,2026-09-15T16:26:52.284479+00:00,5602628.0,final,2013-01-01,2013-12-31,1,2026-09-15T16:26:52.284479+00:00
POPULATION_EUROPE,dk:country,2014,2026-09-15T16:26:52.284479+00:00,5627235.0,final,2014-01-01,2014-12-31,1,2026-09-15T16:26:52.284479+00:00
POPULATION_EUROPE,dk:country,2015,2026-09-15T16:26:52.284479+00:00,5659715.0,final,2015-01-01,2015-12-31,1,2026-09-15T16:26:52.284479+00:00
POPULATION_EUROPE,dk:country,2016,2026-09-15T16:26:52.284479+00:00,5707251.0,final,2016-01-01,2016-12-31,1,2026-09-15T16:26:52.284479+00:00
POPULATION_EUROPE,dk:country,2017,2026-09-15T16:26:52.284479+00:00,5748769.0,final,2017-01-01,2017-12-31,1,2026-09-15T16:26:52.284479+00:00
POPULATION_EUROPE,dk:country,2018,2026-09-15T16:26:52.284479+00:00,5781190.0,final,2018-01-01,2018-12-31,1,2026-09-15T16:26:52.284479+00:00
POPULATION_EUROPE,dk:country,2019,2026-09-15T16:26:52.284479+00:00,5806081.0,final,2019-01-01,2019-12-31,1,2026-09-15T16:26:52.284479+00:00
POPULATION_EUROPE,dk:country,2020,2026-09-15T16:26:52.284479+00:00,5822763.0,final,2020-01-01,2020-12-31,1,2026-09-15T16:26:52.284479+00:00
POPULATION_EUROPE,dk:country,2021,2026-09-15T16:26:52.284479+00:00,5840045.0,final,2021-01-01,2021-12-31,1,2026-09-15T16:26:52.284479+00:00
POPULATION_EUROPE,dk:country,2022,2026-09-15T16:26:52.284479+00:00,5873420.0,final,2022-01-01,2022-12-31,1,2026-09-15T16:26:52.284479+00:00
POPULATION_EUROPE,dk:country,2023,2026-09-15T16:26:52.284479+00:00,5932654.0,final,2023-01-01,2023-12-31,1,2026-09-15T16:26:52.284479+00:00
POPULATION_EUROPE,dk:country,2024,2026-09-15T16:26:52.284479+00:00,5961249.0,final,2024-01-01,2024-12-31,1,2026-09-15T16:26:52.284479+00:00
POPULATION_EUROPE,dk:country,2025,2026-09-15T16:26:52.284479+00:00,5992734.0,final,2025-01-01,2025-12-31,1,2026-09-15T16:26:52.284479+00:00
POPULATION_EUROPE,ea21:aggregate,2013,2026-09-15T16:26:52.284479+00:00,348063816.0,final,2013-01-01,2013-12-31,1,2026-09-15T16:26:52.284479+00:00
POPULATION_EUROPE,ea21:aggregate,2014,2026-09-15T16:26:52.284479+00:00,348635663.0,final,2014-01-01,2014-12-31,1,2026-09-15T16:26:52.284479+00:00
POPULATION_EUROPE,ea21:aggregate,2015,2026-09-15T16:26:52.284479+00:00,349245825.0,final,2015-01-01,2015-12-31,1,2026-09-15T16:26:52.284479+00:00
POPULATION_EUROPE,ea21:aggregate,2016,2026-09-15T16:26:52.284479+00:00,350335378.0,final,2016-01-01,2016-12-31,1,2026-09-15T16:26:52.284479+00:00
POPULATION_EUROPE,ea21:aggregate,2017,2026-09-15T16:26:52.284479+00:00,350930427.0,final,2017-01-01,2017-12-31,1,2026-09-15T16:26:52.284479+00:00
POPULATION_EUROPE,ea21:aggregate,2018,2026-09-15T16:26:52.284479+00:00,351492237.0,final,2018-01-01,2018-12-31,1,2026-09-15T16:26:52.284479+00:00
POPULATION_EUROPE,ea21:aggregate,2019,2026-09-15T16:26:52.284479+00:00,352286930.0,final,2019-01-01,2019-12-31,1,2026-09-15T16:26:52.284479+00:00
POPULATION_EUROPE,ea21:aggregate,2020,2026-09-15T16:26:52.284479+00:00,353103320.0,final,2020-01-01,2020-12-31,1,2026-09-15T16:26:52.284479+00:00
POPULATION_EUROPE,ea21:aggregate,2021,2026-09-15T16:26:52.284479+00:00,353127067.0,final,2021-01-01,2021-12-31,1,2026-09-15T16:26:52.284479+00:00
POPULATION_EUROPE,ea21:aggregate,2022,2026-09-15T16:26:52.284479+00:00,353792653.0,provisional,2022-01-01,2022-12-31,1,2026-09-15T16:26:52.284479+00:00
POPULATION_EUROPE,ea21:aggregate,2023,2026-09-15T16:26:52.284479+00:00,355577576.0,final,2023-01-01,2023-12-31,1,2026-09-15T16:26:52.284479+00:00
POPULATION_EUROPE,ea21:aggregate,2024,2026-09-15T16:26:52.284479+00:00,357367799.0,provisional,2024-01-01,2024-12-31,1,2026-09-15T16:26:52.284479+00:00
POPULATION_EUROPE,ea21:aggregate,2025,2026-09-15T16:26:52.284479+00:00,358076879.0,provisional,2025-01-01,2025-12-31,1,2026-09-15T16:26:52.284479+00:00
POPULATION_EUROPE,ee:country,2008,2026-09-15T16:26:52.284479+00:00,1338440.0,final,2008-01-01,2008-12-31,1,2026-09-15T16:26:52.284479+00:00
POPULATION_EUROPE,ee:country,2009,2026-09-15T16:26:52.284479+00:00,1335740.0,final,2009-01-01,2009-12-31,1,2026-09-15T16:26:52.284479+00:00
POPULATION_EUROPE,ee:country,2010,2026-09-15T16:26:52.284479+00:00,1333290.0,final,2010-01-01,2010-12-31,1,2026-09-15T16:26:52.284479+00:00
POPULATION_EUROPE,ee:country,2011,2026-09-15T16:26:52.284479+00:00,1329660.0,final,2011-01-01,2011-12-31,1,2026-09-15T16:26:52.284479+00:00
POPULATION_EUROPE,ee:country,2012,2026-09-15T16:26:52.284479+00:00,1325217.0,final,2012-01-01,2012-12-31,1,2026-09-15T16:26:52.284479+00:00
POPULATION_EUROPE,ee:country,2013,2026-09-15T16:26:52.284479+00:00,1320169.0,final,2013-01-01,2013-12-31,1,2026-09-15T16:26:52.284479+00:00
POPULATION_EUROPE,ee:country,2014,2026-09-15T16:26:52.284479+00:00,1315819.0,final,2014-01-01,2014-12-31,1,2026-09-15T16:26:52.284479+00:00
POPULATION_EUROPE,ee:country,2015,2026-09-15T16:26:52.284479+00:00,1313271.0,final,2015-01-01,2015-12-31,1,2026-09-15T16:26:52.284479+00:00
POPULATION_EUROPE,ee:country,2016,2026-09-15T16:26:52.284479+00:00,1315944.0,final,2016-01-01,2016-12-31,1,2026-09-15T16:26:52.284479+00:00
POPULATION_EUROPE,ee:country,2017,2026-09-15T16:26:52.284479+00:00,1315635.0,final,2017-01-01,2017-12-31,1,2026-09-15T16:26:52.284479+00:00
POPULATION_EUROPE,ee:country,2018,2026-09-15T16:26:52.284479+00:00,1319133.0,final,2018-01-01,2018-12-31,1,2026-09-15T16:26:52.284479+00:00
POPULATION_EUROPE,ee:country,2019,2026-09-15T16:26:52.284479+00:00,1324820.0,final,2019-01-01,2019-12-31,1,2026-09-15T16:26:52.284479+00:00
POPULATION_EUROPE,ee:country,2020,2026-09-15T16:26:52.284479+00:00,1328889.0,final,2020-01-01,2020-12-31,1,2026-09-15T16:26:52.284479+00:00
POPULATION_EUROPE,ee:country,2021,2026-09-15T16:26:52.284479+00:00,1330068.0,final,2021-01-01,2021-12-31,1,2026-09-15T16:26:52.284479+00:00
POPULATION_EUROPE,ee:country,2022,2026-09-15T16:26:52.284479+00:00,1331796.0,final,2022-01-01,2022-12-31,1,2026-09-15T16:26:52.284479+00:00
POPULATION_EUROPE,ee:country,2023,2026-09-15T16:26:52.284479+00:00,1365884.0,final,2023-01-01,2023-12-31,1,2026-09-15T16:26:52.284479+00:00
POPULATION_EUROPE,ee:country,2024,2026-09-15T16:26:52.284479+00:00,1374687.0,final,2024-01-01,2024-12-31,1,2026-09-15T16:26:52.284479+00:00
POPULATION_EUROPE,ee:country,2025,2026-09-15T16:26:52.284479+00:00,1369995.0,final,2025-01-01,2025-12-31,1,2026-09-15T16:26:52.284479+00:00
POPULATION_EUROPE,el:country,2008,2026-09-15T16:26:52.284479+00:00,11060937.0,final,2008-01-01,2008-12-31,1,2026-09-15T16:26:52.284479+00:00
POPULATION_EUROPE,el:country,2009,2026-09-15T16:26:52.284479+00:00,11094745.0,final,2009-01-01,2009-12-31,1,2026-09-15T16:26:52.284479+00:00
POPULATION_EUROPE,el:country,2010,2026-09-15T16:26:52.284479+00:00,11119289.0,final,2010-01-01,2010-12-31,1,2026-09-15T16:26:52.284479+00:00
POPULATION_EUROPE,el:country,2011,2026-09-15T16:26:52.284479+00:00,11123392.0,final,2011-01-01,2011-12-31,1,2026-09-15T16:26:52.284479+00:00
POPULATION_EUROPE,el:country,2012,2026-09-15T16:26:52.284479+00:00,11072725.0,final,2012-01-01,2012-12-31,1,2026-09-15T16:26:52.284479+00:00
POPULATION_EUROPE,el:country,2013,2026-09-15T16:26:52.284479+00:00,10980006.0,final,2013-01-01,2013-12-31,1,2026-09-15T16:26:52.284479+00:00
POPULATION_EUROPE,el:country,2014,2026-09-15T16:26:52.284479+00:00,10894294.0,final,2014-01-01,2014-12-31,1,2026-09-15T16:26:52.284479+00:00
POPULATION_EUROPE,el:country,2015,2026-09-15T16:26:52.284479+00:00,10818041.0,final,2015-01-01,2015-12-31,1,2026-09-15T16:26:52.284479+00:00
POPULATION_EUROPE,el:country,2016,2026-09-15T16:26:52.284479+00:00,10735415.0,final,2016-01-01,2016-12-31,1,2026-09-15T16:26:52.284479+00:00
POPULATION_EUROPE,el:country,2017,2026-09-15T16:26:52.284479+00:00,10707527.0,final,2017-01-01,2017-12-31,1,2026-09-15T16:26:52.284479+00:00
POPULATION_EUROPE,el:country,2018,2026-09-15T16:26:52.284479+00:00,10667336.0,final,2018-01-01,2018-12-31,1,2026-09-15T16:26:52.284479+00:00
POPULATION_EUROPE,el:country,2019,2026-09-15T16:26:52.284479+00:00,10635213.0,final,2019-01-01,2019-12-31,1,2026-09-15T16:26:52.284479+00:00
POPULATION_EUROPE,el:country,2020,2026-09-15T16:26:52.284479+00:00,10612591.0,final,2020-01-01,2020-12-31,1,2026-09-15T16:26:52.284479+00:00
POPULATION_EUROPE,el:country,2021,2026-09-15T16:26:52.284479+00:00,10555344.0,final,2021-01-01,2021-12-31,1,2026-09-15T16:26:52.284479+00:00
POPULATION_EUROPE,el:country,2022,2026-09-15T16:26:52.284479+00:00,10461627.0,final,2022-01-01,2022-12-31,1,2026-09-15T16:26:52.284479+00:00
POPULATION_EUROPE,el:country,2023,2026-09-15T16:26:52.284479+00:00,10401868.0,final,2023-01-01,2023-12-31,1,2026-09-15T16:26:52.284479+00:00
POPULATION_EUROPE,el:country,2024,2026-09-15T16:26:52.284479+00:00,10375764.0,final,2024-01-01,2024-12-31,1,2026-09-15T16:26:52.284479+00:00
POPULATION_EUROPE,el:country,2025,2026-09-15T16:26:52.284479+00:00,10372335.0,final,2025-01-01,2025-12-31,1,2026-09-15T16:26:52.284479+00:00
POPULATION_EUROPE,es:country,2008,2026-09-15T16:26:52.284479+00:00,45668939.0,final,2008-01-01,2008-12-31,1,2026-09-15T16:26:52.284479+00:00
POPULATION_EUROPE,es:country,2009,2026-09-15T16:26:52.284479+00:00,46239273.0,final,2009-01-01,2009-12-31,1,2026-09-15T16:26:52.284479+00:00
POPULATION_EUROPE,es:country,2010,2026-09-15T16:26:52.284479+00:00,46486619.0,final,2010-01-01,2010-12-31,1,2026-09-15T16:26:52.284479+00:00
POPULATION_EUROPE,es:country,2011,2026-09-15T16:26:52.284479+00:00,46667174.0,final,2011-01-01,2011-12-31,1,2026-09-15T16:26:52.284479+00:00
POPULATION_EUROPE,es:country,2012,2026-09-15T16:26:52.284479+00:00,46818219.0,final,2012-01-01,2012-12-31,1,2026-09-15T16:26:52.284479+00:00
POPULATION_EUROPE,es:country,2013,2026-09-15T16:26:52.284479+00:00,46712650.0,final,2013-01-01,2013-12-31,1,2026-09-15T16:26:52.284479+00:00
POPULATION_EUROPE,es:country,2014,2026-09-15T16:26:52.284479+00:00,46495744.0,final,2014-01-01,2014-12-31,1,2026-09-15T16:26:52.284479+00:00
POPULATION_EUROPE,es:country,2015,2026-09-15T16:26:52.284479+00:00,46425722.0,final,2015-01-01,2015-12-31,1,2026-09-15T16:26:52.284479+00:00
POPULATION_EUROPE,es:country,2016,2026-09-15T16:26:52.284479+00:00,46418884.0,final,2016-01-01,2016-12-31,1,2026-09-15T16:26:52.284479+00:00
POPULATION_EUROPE,es:country,2017,2026-09-15T16:26:52.284479+00:00,46497393.0,final,2017-01-01,2017-12-31,1,2026-09-15T16:26:52.284479+00:00
POPULATION_EUROPE,es:country,2018,2026-09-15T16:26:52.284479+00:00,46645070.0,final,2018-01-01,2018-12-31,1,2026-09-15T16:26:52.284479+00:00
POPULATION_EUROPE,es:country,2019,2026-09-15T16:26:52.284479+00:00,46918951.0,final,2019-01-01,2019-12-31,1,2026-09-15T16:26:52.284479+00:00
POPULATION_EUROPE,es:country,2020,2026-09-15T16:26:52.284479+00:00,47318050.0,final,2020-01-01,2020-12-31,1,2026-09-15T16:26:52.284479+00:00
POPULATION_EUROPE,es:country,2021,2026-09-15T16:26:52.284479+00:00,47400798.0,final,2021-01-01,2021-12-31,1,2026-09-15T16:26:52.284479+00:00
POPULATION_EUROPE,es:country,2022,2026-09-15T16:26:52.284479+00:00,47486843.0,final,2022-01-01,2022-12-31,1,2026-09-15T16:26:52.284479+00:00
POPULATION_EUROPE,es:country,2023,2026-09-15T16:26:52.284479+00:00,48085361.0,final,2023-01-01,2023-12-31,1,2026-09-15T16:26:52.284479+00:00
POPULATION_EUROPE,es:country,2024,2026-09-15T16:26:52.284479+00:00,48619695.0,final,2024-01-01,2024-12-31,1,2026-09-15T16:26:52.284479+00:00
POPULATION_EUROPE,es:country,2025,2026-09-15T16:26:52.284479+00:00,49128297.0,final,2025-01-01,2025-12-31,1,2026-09-15T16:26:52.284479+00:00
POPULATION_EUROPE,eu27_2020:aggregate,2008,2026-09-15T16:26:52.284479+00:00,438725386.0,final,2008-01-01,2008-12-31,1,2026-09-15T16:26:52.284479+00:00
POPULATION_EUROPE,eu27_2020:aggregate,2009,2026-09-15T16:26:52.284479+00:00,440047892.0,final,2009-01-01,2009-12-31,1,2026-09-15T16:26:52.284479+00:00
POPULATION_EUROPE,eu27_2020:aggregate,2010,2026-09-15T16:26:52.284479+00:00,440660421.0,final,2010-01-01,2010-12-31,1,2026-09-15T16:26:52.284479+00:00
POPULATION_EUROPE,eu27_2020:aggregate,2011,2026-09-15T16:26:52.284479+00:00,439942305.0,final,2011-01-01,2011-12-31,1,2026-09-15T16:26:52.284479+00:00
POPULATION_EUROPE,eu27_2020:aggregate,2012,2026-09-15T16:26:52.284479+00:00,440552661.0,final,2012-01-01,2012-12-31,1,2026-09-15T16:26:52.284479+00:00
POPULATION_EUROPE,eu27_2020:aggregate,2013,2026-09-15T16:26:52.284479+00:00,441739930.0,final,2013-01-01,2013-12-31,1,2026-09-15T16:26:52.284479+00:00
POPULATION_EUROPE,eu27_2020:aggregate,2014,2026-09-15T16:26:52.284479+00:00,442268078.0,estimate,2014-01-01,2014-12-31,1,2026-09-15T16:26:52.284479+00:00
POPULATION_EUROPE,eu27_2020:aggregate,2015,2026-09-15T16:26:52.284479+00:00,442924865.0,estimate,2015-01-01,2015-12-31,1,2026-09-15T16:26:52.284479+00:00
POPULATION_EUROPE,eu27_2020:aggregate,2016,2026-09-15T16:26:52.284479+00:00,444003268.0,estimate,2016-01-01,2016-12-31,1,2026-09-15T16:26:52.284479+00:00
POPULATION_EUROPE,eu27_2020:aggregate,2017,2026-09-15T16:26:52.284479+00:00,444670605.0,estimate,2017-01-01,2017-12-31,1,2026-09-15T16:26:52.284479+00:00
POPULATION_EUROPE,eu27_2020:aggregate,2018,2026-09-15T16:26:52.284479+00:00,445301376.0,estimate,2018-01-01,2018-12-31,1,2026-09-15T16:26:52.284479+00:00
POPULATION_EUROPE,eu27_2020:aggregate,2019,2026-09-15T16:26:52.284479+00:00,446149924.0,final,2019-01-01,2019-12-31,1,2026-09-15T16:26:52.284479+00:00
POPULATION_EUROPE,eu27_2020:aggregate,2020,2026-09-15T16:26:52.284479+00:00,447030024.0,estimate,2020-01-01,2020-12-31,1,2026-09-15T16:26:52.284479+00:00
POPULATION_EUROPE,eu27_2020:aggregate,2021,2026-09-15T16:26:52.284479+00:00,445891011.0,estimate,2021-01-01,2021-12-31,1,2026-09-15T16:26:52.284479+00:00
POPULATION_EUROPE,eu27_2020:aggregate,2022,2026-09-15T16:26:52.284479+00:00,445972024.0,estimate,2022-01-01,2022-12-31,1,2026-09-15T16:26:52.284479+00:00
POPULATION_EUROPE,eu27_2020:aggregate,2023,2026-09-15T16:26:52.284479+00:00,447695350.0,estimate,2023-01-01,2023-12-31,1,2026-09-15T16:26:52.284479+00:00
POPULATION_EUROPE,eu27_2020:aggregate,2024,2026-09-15T16:26:52.284479+00:00,449306184.0,estimate,2024-01-01,2024-12-31,1,2026-09-15T16:26:52.284479+00:00
POPULATION_EUROPE,eu27_2020:aggregate,2025,2026-09-15T16:26:52.284479+00:00,450646971.0,estimate,2025-01-01,2025-12-31,1,2026-09-15T16:26:52.284479+00:00
POPULATION_EUROPE,fi:country,2008,2026-09-15T16:26:52.284479+00:00,5300484.0,final,2008-01-01,2008-12-31,1,2026-09-15T16:26:52.284479+00:00
POPULATION_EUROPE,fi:country,2009,2026-09-15T16:26:52.284479+00:00,5326314.0,final,2009-01-01,2009-12-31,1,2026-09-15T16:26:52.284479+00:00
POPULATION_EUROPE,fi:country,2010,2026-09-15T16:26:52.284479+00:00,5351427.0,final,2010-01-01,2010-12-31,1,2026-09-15T16:26:52.284479+00:00
POPULATION_EUROPE,fi:country,2011,2026-09-15T16:26:52.284479+00:00,5375276.0,final,2011-01-01,2011-12-31,1,2026-09-15T16:26:52.284479+00:00
POPULATION_EUROPE,fi:country,2012,2026-09-15T16:26:52.284479+00:00,5401267.0,final,2012-01-01,2012-12-31,1,2026-09-15T16:26:52.284479+00:00
POPULATION_EUROPE,fi:country,2013,2026-09-15T16:26:52.284479+00:00,5426674.0,final,2013-01-01,2013-12-31,1,2026-09-15T16:26:52.284479+00:00
POPULATION_EUROPE,fi:country,2014,2026-09-15T16:26:52.284479+00:00,5451270.0,final,2014-01-01,2014-12-31,1,2026-09-15T16:26:52.284479+00:00
POPULATION_EUROPE,fi:country,2015,2026-09-15T16:26:52.284479+00:00,5471753.0,final,2015-01-01,2015-12-31,1,2026-09-15T16:26:52.284479+00:00
POPULATION_EUROPE,fi:country,2016,2026-09-15T16:26:52.284479+00:00,5487308.0,final,2016-01-01,2016-12-31,1,2026-09-15T16:26:52.284479+00:00
POPULATION_EUROPE,fi:country,2017,2026-09-15T16:26:52.284479+00:00,5503297.0,final,2017-01-01,2017-12-31,1,2026-09-15T16:26:52.284479+00:00
POPULATION_EUROPE,fi:country,2018,2026-09-15T16:26:52.284479+00:00,5513130.0,final,2018-01-01,2018-12-31,1,2026-09-15T16:26:52.284479+00:00
POPULATION_EUROPE,fi:country,2019,2026-09-15T16:26:52.284479+00:00,5517919.0,final,2019-01-01,2019-12-31,1,2026-09-15T16:26:52.284479+00:00
POPULATION_EUROPE,fi:country,2020,2026-09-15T16:26:52.284479+00:00,5525292.0,final,2020-01-01,2020-12-31,1,2026-09-15T16:26:52.284479+00:00
POPULATION_EUROPE,fi:country,2021,2026-09-15T16:26:52.284479+00:00,5533793.0,final,2021-01-01,2021-12-31,1,2026-09-15T16:26:52.284479+00:00
POPULATION_EUROPE,fi:country,2022,2026-09-15T16:26:52.284479+00:00,5548241.0,final,2022-01-01,2022-12-31,1,2026-09-15T16:26:52.284479+00:00
POPULATION_EUROPE,fi:country,2023,2026-09-15T16:26:52.284479+00:00,5563970.0,final,2023-01-01,2023-12-31,1,2026-09-15T16:26:52.284479+00:00
POPULATION_EUROPE,fi:country,2024,2026-09-15T16:26:52.284479+00:00,5603851.0,final,2024-01-01,2024-12-31,1,2026-09-15T16:26:52.284479+00:00
POPULATION_EUROPE,fi:country,2025,2026-09-15T16:26:52.284479+00:00,5635971.0,final,2025-01-01,2025-12-31,1,2026-09-15T16:26:52.284479+00:00
POPULATION_EUROPE,fr:country,2008,2026-09-15T16:26:52.284479+00:00,64007193.0,final,2008-01-01,2008-12-31,1,2026-09-15T16:26:52.284479+00:00
POPULATION_EUROPE,fr:country,2009,2026-09-15T16:26:52.284479+00:00,64350226.0,final,2009-01-01,2009-12-31,1,2026-09-15T16:26:52.284479+00:00
POPULATION_EUROPE,fr:country,2010,2026-09-15T16:26:52.284479+00:00,64658856.0,final,2010-01-01,2010-12-31,1,2026-09-15T16:26:52.284479+00:00
POPULATION_EUROPE,fr:country,2011,2026-09-15T16:26:52.284479+00:00,64978721.0,final,2011-01-01,2011-12-31,1,2026-09-15T16:26:52.284479+00:00
POPULATION_EUROPE,fr:country,2012,2026-09-15T16:26:52.284479+00:00,65276983.0,final,2012-01-01,2012-12-31,1,2026-09-15T16:26:52.284479+00:00
POPULATION_EUROPE,fr:country,2013,2026-09-15T16:26:52.284479+00:00,65600350.0,final,2013-01-01,2013-12-31,1,2026-09-15T16:26:52.284479+00:00
POPULATION_EUROPE,fr:country,2014,2026-09-15T16:26:52.284479+00:00,66165980.0,final,2014-01-01,2014-12-31,1,2026-09-15T16:26:52.284479+00:00
POPULATION_EUROPE,fr:country,2015,2026-09-15T16:26:52.284479+00:00,66458153.0,final,2015-01-01,2015-12-31,1,2026-09-15T16:26:52.284479+00:00
POPULATION_EUROPE,fr:country,2016,2026-09-15T16:26:52.284479+00:00,66638391.0,final,2016-01-01,2016-12-31,1,2026-09-15T16:26:52.284479+00:00
POPULATION_EUROPE,fr:country,2017,2026-09-15T16:26:52.284479+00:00,66809816.0,final,2017-01-01,2017-12-31,1,2026-09-15T16:26:52.284479+00:00
POPULATION_EUROPE,fr:country,2018,2026-09-15T16:26:52.284479+00:00,67026224.0,provisional,2018-01-01,2018-12-31,1,2026-09-15T16:26:52.284479+00:00
POPULATION_EUROPE,fr:country,2019,2026-09-15T16:26:52.284479+00:00,67290471.0,final,2019-01-01,2019-12-31,1,2026-09-15T16:26:52.284479+00:00
POPULATION_EUROPE,fr:country,2020,2026-09-15T16:26:52.284479+00:00,67473651.0,final,2020-01-01,2020-12-31,1,2026-09-15T16:26:52.284479+00:00
POPULATION_EUROPE,fr:country,2021,2026-09-15T16:26:52.284479+00:00,67728568.0,final,2021-01-01,2021-12-31,1,2026-09-15T16:26:52.284479+00:00
POPULATION_EUROPE,fr:country,2022,2026-09-15T16:26:52.284479+00:00,68091703.0,final,2022-01-01,2022-12-31,1,2026-09-15T16:26:52.284479+00:00
POPULATION_EUROPE,fr:country,2023,2026-09-15T16:26:52.284479+00:00,68277210.0,provisional,2023-01-01,2023-12-31,1,2026-09-15T16:26:52.284479+00:00
POPULATION_EUROPE,fr:country,2024,2026-09-15T16:26:52.284479+00:00,68669303.0,provisional,2024-01-01,2024-12-31,1,2026-09-15T16:26:52.284479+00:00
POPULATION_EUROPE,fr:country,2025,2026-09-15T16:26:52.284479+00:00,68882600.0,provisional,2025-01-01,2025-12-31,1,2026-09-15T16:26:52.284479+00:00
POPULATION_EUROPE,ge:country,2008,2026-09-15T16:26:52.284479+00:00,4382070.0,final,2008-01-01,2008-12-31,1,2026-09-15T16:26:52.284479+00:00
POPULATION_EUROPE,ge:country,2009,2026-09-15T16:26:52.284479+00:00,4385429.0,final,2009-01-01,2009-12-31,1,2026-09-15T16:26:52.284479+00:00
POPULATION_EUROPE,ge:country,2010,2026-09-15T16:26:52.284479+00:00,4436391.0,final,2010-01-01,2010-12-31,1,2026-09-15T16:26:52.284479+00:00
POPULATION_EUROPE,ge:country,2011,2026-09-15T16:26:52.284479+00:00,4469250.0,final,2011-01-01,2011-12-31,1,2026-09-15T16:26:52.284479+00:00
POPULATION_EUROPE,ge:country,2012,2026-09-15T16:26:52.284479+00:00,4497617.0,final,2012-01-01,2012-12-31,1,2026-09-15T16:26:52.284479+00:00
POPULATION_EUROPE,ge:country,2014,2026-09-15T16:26:52.284479+00:00,4490498.0,final,2014-01-01,2014-12-31,1,2026-09-15T16:26:52.284479+00:00
POPULATION_EUROPE,ge:country,2015,2026-09-15T16:26:52.284479+00:00,3729500.0,final,2015-01-01,2015-12-31,1,2026-09-15T16:26:52.284479+00:00
POPULATION_EUROPE,ge:country,2016,2026-09-15T16:26:52.284479+00:00,3720400.0,final,2016-01-01,2016-12-31,1,2026-09-15T16:26:52.284479+00:00
POPULATION_EUROPE,ge:country,2017,2026-09-15T16:26:52.284479+00:00,3718200.0,final,2017-01-01,2017-12-31,1,2026-09-15T16:26:52.284479+00:00
POPULATION_EUROPE,ge:country,2018,2026-09-15T16:26:52.284479+00:00,3729633.0,final,2018-01-01,2018-12-31,1,2026-09-15T16:26:52.284479+00:00
POPULATION_EUROPE,ge:country,2019,2026-09-15T16:26:52.284479+00:00,3723464.0,final,2019-01-01,2019-12-31,1,2026-09-15T16:26:52.284479+00:00
POPULATION_EUROPE,ge:country,2020,2026-09-15T16:26:52.284479+00:00,3716858.0,final,2020-01-01,2020-12-31,1,2026-09-15T16:26:52.284479+00:00
POPULATION_EUROPE,ge:country,2021,2026-09-15T16:26:52.284479+00:00,3728573.0,final,2021-01-01,2021-12-31,1,2026-09-15T16:26:52.284479+00:00
POPULATION_EUROPE,ge:country,2022,2026-09-15T16:26:52.284479+00:00,3688647.0,final,2022-01-01,2022-12-31,1,2026-09-15T16:26:52.284479+00:00
POPULATION_EUROPE,ge:country,2023,2026-09-15T16:26:52.284479+00:00,3736357.0,final,2023-01-01,2023-12-31,1,2026-09-15T16:26:52.284479+00:00
POPULATION_EUROPE,ge:country,2024,2026-09-15T16:26:52.284479+00:00,3694608.0,final,2024-01-01,2024-12-31,1,2026-09-15T16:26:52.284479+00:00
POPULATION_EUROPE,ge:country,2025,2026-09-15T16:26:52.284479+00:00,3704506.0,final,2025-01-01,2025-12-31,1,2026-09-15T16:26:52.284479+00:00
POPULATION_EUROPE,hr:country,2008,2026-09-15T16:26:52.284479+00:00,4311967.0,final,2008-01-01,2008-12-31,1,2026-09-15T16:26:52.284479+00:00
POPULATION_EUROPE,hr:country,2009,2026-09-15T16:26:52.284479+00:00,4309796.0,final,2009-01-01,2009-12-31,1,2026-09-15T16:26:52.284479+00:00
POPULATION_EUROPE,hr:country,2010,2026-09-15T16:26:52.284479+00:00,4302847.0,final,2010-01-01,2010-12-31,1,2026-09-15T16:26:52.284479+00:00
POPULATION_EUROPE,hr:country,2011,2026-09-15T16:26:52.284479+00:00,4289857.0,final,2011-01-01,2011-12-31,1,2026-09-15T16:26:52.284479+00:00
POPULATION_EUROPE,hr:country,2012,2026-09-15T16:26:52.284479+00:00,4275984.0,final,2012-01-01,2012-12-31,1,2026-09-15T16:26:52.284479+00:00
POPULATION_EUROPE,hr:country,2013,2026-09-15T16:26:52.284479+00:00,4247803.0,final,2013-01-01,2013-12-31,1,2026-09-15T16:26:52.284479+00:00
POPULATION_EUROPE,hr:country,2014,2026-09-15T16:26:52.284479+00:00,4217632.0,final,2014-01-01,2014-12-31,1,2026-09-15T16:26:52.284479+00:00
POPULATION_EUROPE,hr:country,2015,2026-09-15T16:26:52.284479+00:00,4180915.0,final,2015-01-01,2015-12-31,1,2026-09-15T16:26:52.284479+00:00
POPULATION_EUROPE,hr:country,2016,2026-09-15T16:26:52.284479+00:00,4131115.0,final,2016-01-01,2016-12-31,1,2026-09-15T16:26:52.284479+00:00
POPULATION_EUROPE,hr:country,2017,2026-09-15T16:26:52.284479+00:00,4078769.0,final,2017-01-01,2017-12-31,1,2026-09-15T16:26:52.284479+00:00
POPULATION_EUROPE,hr:country,2018,2026-09-15T16:26:52.284479+00:00,4014341.0,final,2018-01-01,2018-12-31,1,2026-09-15T16:26:52.284479+00:00
POPULATION_EUROPE,hr:country,2019,2026-09-15T16:26:52.284479+00:00,3968676.0,final,2019-01-01,2019-12-31,1,2026-09-15T16:26:52.284479+00:00
POPULATION_EUROPE,hr:country,2020,2026-09-15T16:26:52.284479+00:00,3933511.0,final,2020-01-01,2020-12-31,1,2026-09-15T16:26:52.284479+00:00
POPULATION_EUROPE,hr:country,2021,2026-09-15T16:26:52.284479+00:00,3893026.0,final,2021-01-01,2021-12-31,1,2026-09-15T16:26:52.284479+00:00
POPULATION_EUROPE,hr:country,2022,2026-09-15T16:26:52.284479+00:00,3862305.0,final,2022-01-01,2022-12-31,1,2026-09-15T16:26:52.284479+00:00
POPULATION_EUROPE,hr:country,2023,2026-09-15T16:26:52.284479+00:00,3850894.0,final,2023-01-01,2023-12-31,1,2026-09-15T16:26:52.284479+00:00
POPULATION_EUROPE,hr:country,2024,2026-09-15T16:26:52.284479+00:00,3861967.0,final,2024-01-01,2024-12-31,1,2026-09-15T16:26:52.284479+00:00
POPULATION_EUROPE,hr:country,2025,2026-09-15T16:26:52.284479+00:00,3874350.0,final,2025-01-01,2025-12-31,1,2026-09-15T16:26:52.284479+00:00
POPULATION_EUROPE,hu:country,2008,2026-09-15T16:26:52.284479+00:00,10045401.0,final,2008-01-01,2008-12-31,1,2026-09-15T16:26:52.284479+00:00
POPULATION_EUROPE,hu:country,2009,2026-09-15T16:26:52.284479+00:00,10030975.0,final,2009-01-01,2009-12-31,1,2026-09-15T16:26:52.284479+00:00
POPULATION_EUROPE,hu:country,2010,2026-09-15T16:26:52.284479+00:00,10014324.0,final,2010-01-01,2010-12-31,1,2026-09-15T16:26:52.284479+00:00
POPULATION_EUROPE,hu:country,2011,2026-09-15T16:26:52.284479+00:00,9985722.0,final,2011-01-01,2011-12-31,1,2026-09-15T16:26:52.284479+00:00
POPULATION_EUROPE,hu:country,2012,2026-09-15T16:26:52.284479+00:00,9931925.0,final,2012-01-01,2012-12-31,1,2026-09-15T16:26:52.284479+00:00
POPULATION_EUROPE,hu:country,2013,2026-09-15T16:26:52.284479+00:00,9895250.0,final,2013-01-01,2013-12-31,1,2026-09-15T16:26:52.284479+00:00
POPULATION_EUROPE,hu:country,2014,2026-09-15T16:26:52.284479+00:00,9850217.0,final,2014-01-01,2014-12-31,1,2026-09-15T16:26:52.284479+00:00
POPULATION_EUROPE,hu:country,2015,2026-09-15T16:26:52.284479+00:00,9815858.0,final,2015-01-01,2015-12-31,1,2026-09-15T16:26:52.284479+00:00
POPULATION_EUROPE,hu:country,2016,2026-09-15T16:26:52.284479+00:00,9779652.0,final,2016-01-01,2016-12-31,1,2026-09-15T16:26:52.284479+00:00
POPULATION_EUROPE,hu:country,2017,2026-09-15T16:26:52.284479+00:00,9739857.0,final,2017-01-01,2017-12-31,1,2026-09-15T16:26:52.284479+00:00
POPULATION_EUROPE,hu:country,2018,2026-09-15T16:26:52.284479+00:00,9713655.0,final,2018-01-01,2018-12-31,1,2026-09-15T16:26:52.284479+00:00
POPULATION_EUROPE,hu:country,2019,2026-09-15T16:26:52.284479+00:00,9700272.0,final,2019-01-01,2019-12-31,1,2026-09-15T16:26:52.284479+00:00
POPULATION_EUROPE,hu:country,2020,2026-09-15T16:26:52.284479+00:00,9689376.0,final,2020-01-01,2020-12-31,1,2026-09-15T16:26:52.284479+00:00
POPULATION_EUROPE,hu:country,2021,2026-09-15T16:26:52.284479+00:00,9651461.0,final,2021-01-01,2021-12-31,1,2026-09-15T16:26:52.284479+00:00
POPULATION_EUROPE,hu:country,2022,2026-09-15T16:26:52.284479+00:00,9610403.0,final,2022-01-01,2022-12-31,1,2026-09-15T16:26:52.284479+00:00
POPULATION_EUROPE,hu:country,2023,2026-09-15T16:26:52.284479+00:00,9599744.0,final,2023-01-01,2023-12-31,1,2026-09-15T16:26:52.284479+00:00
POPULATION_EUROPE,hu:country,2024,2026-09-15T16:26:52.284479+00:00,9584627.0,final,2024-01-01,2024-12-31,1,2026-09-15T16:26:52.284479+00:00
POPULATION_EUROPE,hu:country,2025,2026-09-15T16:26:52.284479+00:00,9539502.0,final,2025-01-01,2025-12-31,1,2026-09-15T16:26:52.284479+00:00
POPULATION_EUROPE,ie:country,2008,2026-09-15T16:26:52.284479+00:00,4457765.0,final,2008-01-01,2008-12-31,1,2026-09-15T16:26:52.284479+00:00
POPULATION_EUROPE,ie:country,2009,2026-09-15T16:26:52.284479+00:00,4521322.0,final,2009-01-01,2009-12-31,1,2026-09-15T16:26:52.284479+00:00
POPULATION_EUROPE,ie:country,2010,2026-09-15T16:26:52.284479+00:00,4549428.0,final,2010-01-01,2010-12-31,1,2026-09-15T16:26:52.284479+00:00
POPULATION_EUROPE,ie:country,2011,2026-09-15T16:26:52.284479+00:00,4570881.0,final,2011-01-01,2011-12-31,1,2026-09-15T16:26:52.284479+00:00
POPULATION_EUROPE,ie:country,2012,2026-09-15T16:26:52.284479+00:00,4589287.0,final,2012-01-01,2012-12-31,1,2026-09-15T16:26:52.284479+00:00
POPULATION_EUROPE,ie:country,2013,2026-09-15T16:26:52.284479+00:00,4609779.0,final,2013-01-01,2013-12-31,1,2026-09-15T16:26:52.284479+00:00
POPULATION_EUROPE,ie:country,2014,2026-09-15T16:26:52.284479+00:00,4637852.0,final,2014-01-01,2014-12-31,1,2026-09-15T16:26:52.284479+00:00
POPULATION_EUROPE,ie:country,2015,2026-09-15T16:26:52.284479+00:00,4677627.0,final,2015-01-01,2015-12-31,1,2026-09-15T16:26:52.284479+00:00
POPULATION_EUROPE,ie:country,2016,2026-09-15T16:26:52.284479+00:00,4726286.0,final,2016-01-01,2016-12-31,1,2026-09-15T16:26:52.284479+00:00
POPULATION_EUROPE,ie:country,2017,2026-09-15T16:26:52.284479+00:00,4799157.0,final,2017-01-01,2017-12-31,1,2026-09-15T16:26:52.284479+00:00
POPULATION_EUROPE,ie:country,2018,2026-09-15T16:26:52.284479+00:00,4855733.0,final,2018-01-01,2018-12-31,1,2026-09-15T16:26:52.284479+00:00
POPULATION_EUROPE,ie:country,2019,2026-09-15T16:26:52.284479+00:00,4940311.0,final,2019-01-01,2019-12-31,1,2026-09-15T16:26:52.284479+00:00
POPULATION_EUROPE,ie:country,2020,2026-09-15T16:26:52.284479+00:00,5012600.0,final,2020-01-01,2020-12-31,1,2026-09-15T16:26:52.284479+00:00
POPULATION_EUROPE,ie:country,2021,2026-09-15T16:26:52.284479+00:00,5066893.0,final,2021-01-01,2021-12-31,1,2026-09-15T16:26:52.284479+00:00
POPULATION_EUROPE,ie:country,2022,2026-09-15T16:26:52.284479+00:00,5154277.0,final,2022-01-01,2022-12-31,1,2026-09-15T16:26:52.284479+00:00
POPULATION_EUROPE,ie:country,2023,2026-09-15T16:26:52.284479+00:00,5271395.0,final,2023-01-01,2023-12-31,1,2026-09-15T16:26:52.284479+00:00
POPULATION_EUROPE,ie:country,2024,2026-09-15T16:26:52.284479+00:00,5351681.0,final,2024-01-01,2024-12-31,1,2026-09-15T16:26:52.284479+00:00
POPULATION_EUROPE,ie:country,2025,2026-09-15T16:26:52.284479+00:00,5440278.0,final,2025-01-01,2025-12-31,1,2026-09-15T16:26:52.284479+00:00
POPULATION_EUROPE,is:country,2008,2026-09-15T16:26:52.284479+00:00,315459.0,final,2008-01-01,2008-12-31,1,2026-09-15T16:26:52.284479+00:00
POPULATION_EUROPE,is:country,2009,2026-09-15T16:26:52.284479+00:00,319368.0,final,2009-01-01,2009-12-31,1,2026-09-15T16:26:52.284479+00:00
POPULATION_EUROPE,is:country,2010,2026-09-15T16:26:52.284479+00:00,317630.0,final,2010-01-01,2010-12-31,1,2026-09-15T16:26:52.284479+00:00
POPULATION_EUROPE,is:country,2011,2026-09-15T16:26:52.284479+00:00,318452.0,final,2011-01-01,2011-12-31,1,2026-09-15T16:26:52.284479+00:00
POPULATION_EUROPE,is:country,2012,2026-09-15T16:26:52.284479+00:00,319575.0,final,2012-01-01,2012-12-31,1,2026-09-15T16:26:52.284479+00:00
POPULATION_EUROPE,is:country,2013,2026-09-15T16:26:52.284479+00:00,321857.0,final,2013-01-01,2013-12-31,1,2026-09-15T16:26:52.284479+00:00
POPULATION_EUROPE,is:country,2014,2026-09-15T16:26:52.284479+00:00,325671.0,final,2014-01-01,2014-12-31,1,2026-09-15T16:26:52.284479+00:00
POPULATION_EUROPE,is:country,2015,2026-09-15T16:26:52.284479+00:00,329100.0,final,2015-01-01,2015-12-31,1,2026-09-15T16:26:52.284479+00:00
POPULATION_EUROPE,is:country,2016,2026-09-15T16:26:52.284479+00:00,332529.0,final,2016-01-01,2016-12-31,1,2026-09-15T16:26:52.284479+00:00
POPULATION_EUROPE,is:country,2017,2026-09-15T16:26:52.284479+00:00,338349.0,final,2017-01-01,2017-12-31,1,2026-09-15T16:26:52.284479+00:00
POPULATION_EUROPE,is:country,2018,2026-09-15T16:26:52.284479+00:00,348450.0,final,2018-01-01,2018-12-31,1,2026-09-15T16:26:52.284479+00:00
POPULATION_EUROPE,is:country,2019,2026-09-15T16:26:52.284479+00:00,356991.0,final,2019-01-01,2019-12-31,1,2026-09-15T16:26:52.284479+00:00
POPULATION_EUROPE,is:country,2020,2026-09-15T16:26:52.284479+00:00,364134.0,final,2020-01-01,2020-12-31,1,2026-09-15T16:26:52.284479+00:00
POPULATION_EUROPE,is:country,2021,2026-09-15T16:26:52.284479+00:00,368792.0,final,2021-01-01,2021-12-31,1,2026-09-15T16:26:52.284479+00:00
POPULATION_EUROPE,is:country,2022,2026-09-15T16:26:52.284479+00:00,376248.0,final,2022-01-01,2022-12-31,1,2026-09-15T16:26:52.284479+00:00
POPULATION_EUROPE,is:country,2023,2026-09-15T16:26:52.284479+00:00,387758.0,final,2023-01-01,2023-12-31,1,2026-09-15T16:26:52.284479+00:00
POPULATION_EUROPE,is:country,2024,2026-09-15T16:26:52.284479+00:00,383567.0,final,2024-01-01,2024-12-31,1,2026-09-15T16:26:52.284479+00:00
POPULATION_EUROPE,is:country,2025,2026-09-15T16:26:52.284479+00:00,389444.0,final,2025-01-01,2025-12-31,1,2026-09-15T16:26:52.284479+00:00
POPULATION_EUROPE,it:country,2008,2026-09-15T16:26:52.284479+00:00,59001769.0,final,2008-01-01,2008-12-31,1,2026-09-15T16:26:52.284479+00:00
POPULATION_EUROPE,it:country,2009,2026-09-15T16:26:52.284479+00:00,59420592.0,final,2009-01-01,2009-12-31,1,2026-09-15T16:26:52.284479+00:00
POPULATION_EUROPE,it:country,2010,2026-09-15T16:26:52.284479+00:00,59690316.0,final,2010-01-01,2010-12-31,1,2026-09-15T16:26:52.284479+00:00
POPULATION_EUROPE,it:country,2011,2026-09-15T16:26:52.284479+00:00,59948497.0,final,2011-01-01,2011-12-31,1,2026-09-15T16:26:52.284479+00:00
POPULATION_EUROPE,it:country,2012,2026-09-15T16:26:52.284479+00:00,60105185.0,final,2012-01-01,2012-12-31,1,2026-09-15T16:26:52.284479+00:00
POPULATION_EUROPE,it:country,2013,2026-09-15T16:26:52.284479+00:00,60277309.0,final,2013-01-01,2013-12-31,1,2026-09-15T16:26:52.284479+00:00
POPULATION_EUROPE,it:country,2014,2026-09-15T16:26:52.284479+00:00,60345917.0,final,2014-01-01,2014-12-31,1,2026-09-15T16:26:52.284479+00:00
POPULATION_EUROPE,it:country,2015,2026-09-15T16:26:52.284479+00:00,60295497.0,final,2015-01-01,2015-12-31,1,2026-09-15T16:26:52.284479+00:00
POPULATION_EUROPE,it:country,2016,2026-09-15T16:26:52.284479+00:00,60163712.0,final,2016-01-01,2016-12-31,1,2026-09-15T16:26:52.284479+00:00
POPULATION_EUROPE,it:country,2017,2026-09-15T16:26:52.284479+00:00,60066734.0,final,2017-01-01,2017-12-31,1,2026-09-15T16:26:52.284479+00:00
POPULATION_EUROPE,it:country,2018,2026-09-15T16:26:52.284479+00:00,59937769.0,final,2018-01-01,2018-12-31,1,2026-09-15T16:26:52.284479+00:00
POPULATION_EUROPE,it:country,2019,2026-09-15T16:26:52.284479+00:00,59816673.0,final,2019-01-01,2019-12-31,1,2026-09-15T16:26:52.284479+00:00
POPULATION_EUROPE,it:country,2020,2026-09-15T16:26:52.284479+00:00,59641488.0,final,2020-01-01,2020-12-31,1,2026-09-15T16:26:52.284479+00:00
POPULATION_EUROPE,it:country,2021,2026-09-15T16:26:52.284479+00:00,59236213.0,final,2021-01-01,2021-12-31,1,2026-09-15T16:26:52.284479+00:00
POPULATION_EUROPE,it:country,2022,2026-09-15T16:26:52.284479+00:00,59030133.0,final,2022-01-01,2022-12-31,1,2026-09-15T16:26:52.284479+00:00
POPULATION_EUROPE,it:country,2023,2026-09-15T16:26:52.284479+00:00,58997201.0,final,2023-01-01,2023-12-31,1,2026-09-15T16:26:52.284479+00:00
POPULATION_EUROPE,it:country,2024,2026-09-15T16:26:52.284479+00:00,58971230.0,final,2024-01-01,2024-12-31,1,2026-09-15T16:26:52.284479+00:00
POPULATION_EUROPE,it:country,2025,2026-09-15T16:26:52.284479+00:00,58943464.0,final,2025-01-01,2025-12-31,1,2026-09-15T16:26:52.284479+00:00
POPULATION_EUROPE,li:country,2008,2026-09-15T16:26:52.284479+00:00,35356.0,final,2008-01-01,2008-12-31,1,2026-09-15T16:26:52.284479+00:00
POPULATION_EUROPE,li:country,2009,2026-09-15T16:26:52.284479+00:00,35589.0,final,2009-01-01,2009-12-31,1,2026-09-15T16:26:52.284479+00:00
POPULATION_EUROPE,li:country,2010,2026-09-15T16:26:52.284479+00:00,35894.0,final,2010-01-01,2010-12-31,1,2026-09-15T16:26:52.284479+00:00
POPULATION_EUROPE,li:country,2011,2026-09-15T16:26:52.284479+00:00,36149.0,final,2011-01-01,2011-12-31,1,2026-09-15T16:26:52.284479+00:00
POPULATION_EUROPE,li:country,2012,2026-09-15T16:26:52.284479+00:00,36475.0,final,2012-01-01,2012-12-31,1,2026-09-15T16:26:52.284479+00:00
POPULATION_EUROPE,li:country,2013,2026-09-15T16:26:52.284479+00:00,36838.0,final,2013-01-01,2013-12-31,1,2026-09-15T16:26:52.284479+00:00
POPULATION_EUROPE,li:country,2014,2026-09-15T16:26:52.284479+00:00,37129.0,final,2014-01-01,2014-12-31,1,2026-09-15T16:26:52.284479+00:00
POPULATION_EUROPE,li:country,2015,2026-09-15T16:26:52.284479+00:00,37366.0,final,2015-01-01,2015-12-31,1,2026-09-15T16:26:52.284479+00:00
POPULATION_EUROPE,li:country,2016,2026-09-15T16:26:52.284479+00:00,37622.0,final,2016-01-01,2016-12-31,1,2026-09-15T16:26:52.284479+00:00
POPULATION_EUROPE,li:country,2017,2026-09-15T16:26:52.284479+00:00,37810.0,final,2017-01-01,2017-12-31,1,2026-09-15T16:26:52.284479+00:00
POPULATION_EUROPE,li:country,2018,2026-09-15T16:26:52.284479+00:00,38114.0,final,2018-01-01,2018-12-31,1,2026-09-15T16:26:52.284479+00:00
POPULATION_EUROPE,li:country,2019,2026-09-15T16:26:52.284479+00:00,38378.0,final,2019-01-01,2019-12-31,1,2026-09-15T16:26:52.284479+00:00
POPULATION_EUROPE,li:country,2020,2026-09-15T16:26:52.284479+00:00,38747.0,final,2020-01-01,2020-12-31,1,2026-09-15T16:26:52.284479+00:00
POPULATION_EUROPE,li:country,2021,2026-09-15T16:26:52.284479+00:00,39055.0,final,2021-01-01,2021-12-31,1,2026-09-15T16:26:52.284479+00:00
POPULATION_EUROPE,li:country,2022,2026-09-15T16:26:52.284479+00:00,39308.0,final,2022-01-01,2022-12-31,1,2026-09-15T16:26:52.284479+00:00
POPULATION_EUROPE,li:country,2023,2026-09-15T16:26:52.284479+00:00,39677.0,final,2023-01-01,2023-12-31,1,2026-09-15T16:26:52.284479+00:00
POPULATION_EUROPE,li:country,2024,2026-09-15T16:26:52.284479+00:00,40015.0,final,2024-01-01,2024-12-31,1,2026-09-15T16:26:52.284479+00:00
POPULATION_EUROPE,li:country,2025,2026-09-15T16:26:52.284479+00:00,40886.0,final,2025-01-01,2025-12-31,1,2026-09-15T16:26:52.284479+00:00
POPULATION_EUROPE,lt:country,2008,2026-09-15T16:26:52.284479+00:00,3212605.0,final,2008-01-01,2008-12-31,1,2026-09-15T16:26:52.284479+00:00
POPULATION_EUROPE,lt:country,2009,2026-09-15T16:26:52.284479+00:00,3183856.0,final,2009-01-01,2009-12-31,1,2026-09-15T16:26:52.284479+00:00
POPULATION_EUROPE,lt:country,2010,2026-09-15T16:26:52.284479+00:00,3141976.0,final,2010-01-01,2010-12-31,1,2026-09-15T16:26:52.284479+00:00
POPULATION_EUROPE,lt:country,2011,2026-09-15T16:26:52.284479+00:00,3052588.0,final,2011-01-01,2011-12-31,1,2026-09-15T16:26:52.284479+00:00
POPULATION_EUROPE,lt:country,2012,2026-09-15T16:26:52.284479+00:00,3003641.0,final,2012-01-01,2012-12-31,1,2026-09-15T16:26:52.284479+00:00
POPULATION_EUROPE,lt:country,2013,2026-09-15T16:26:52.284479+00:00,2974637.0,final,2013-01-01,2013-12-31,1,2026-09-15T16:26:52.284479+00:00
POPULATION_EUROPE,lt:country,2014,2026-09-15T16:26:52.284479+00:00,2947862.0,final,2014-01-01,2014-12-31,1,2026-09-15T16:26:52.284479+00:00
POPULATION_EUROPE,lt:country,2015,2026-09-15T16:26:52.284479+00:00,2926644.0,final,2015-01-01,2015-12-31,1,2026-09-15T16:26:52.284479+00:00
POPULATION_EUROPE,lt:country,2016,2026-09-15T16:26:52.284479+00:00,2895573.0,final,2016-01-01,2016-12-31,1,2026-09-15T16:26:52.284479+00:00
POPULATION_EUROPE,lt:country,2017,2026-09-15T16:26:52.284479+00:00,2859077.0,final,2017-01-01,2017-12-31,1,2026-09-15T16:26:52.284479+00:00
POPULATION_EUROPE,lt:country,2018,2026-09-15T16:26:52.284479+00:00,2826200.0,final,2018-01-01,2018-12-31,1,2026-09-15T16:26:52.284479+00:00
POPULATION_EUROPE,lt:country,2019,2026-09-15T16:26:52.284479+00:00,2812200.0,final,2019-01-01,2019-12-31,1,2026-09-15T16:26:52.284479+00:00
POPULATION_EUROPE,lt:country,2020,2026-09-15T16:26:52.284479+00:00,2809977.0,final,2020-01-01,2020-12-31,1,2026-09-15T16:26:52.284479+00:00
POPULATION_EUROPE,lt:country,2021,2026-09-15T16:26:52.284479+00:00,2810761.0,final,2021-01-01,2021-12-31,1,2026-09-15T16:26:52.284479+00:00
POPULATION_EUROPE,lt:country,2022,2026-09-15T16:26:52.284479+00:00,2805998.0,final,2022-01-01,2022-12-31,1,2026-09-15T16:26:52.284479+00:00
POPULATION_EUROPE,lt:country,2023,2026-09-15T16:26:52.284479+00:00,2857279.0,final,2023-01-01,2023-12-31,1,2026-09-15T16:26:52.284479+00:00
POPULATION_EUROPE,lt:country,2024,2026-09-15T16:26:52.284479+00:00,2885891.0,final,2024-01-01,2024-12-31,1,2026-09-15T16:26:52.284479+00:00
POPULATION_EUROPE,lt:country,2025,2026-09-15T16:26:52.284479+00:00,2890664.0,final,2025-01-01,2025-12-31,1,2026-09-15T16:26:52.284479+00:00
POPULATION_EUROPE,lu:country,2008,2026-09-15T16:26:52.284479+00:00,483799.0,final,2008-01-01,2008-12-31,1,2026-09-15T16:26:52.284479+00:00
POPULATION_EUROPE,lu:country,2009,2026-09-15T16:26:52.284479+00:00,493500.0,final,2009-01-01,2009-12-31,1,2026-09-15T16:26:52.284479+00:00
POPULATION_EUROPE,lu:country,2010,2026-09-15T16:26:52.284479+00:00,502066.0,final,2010-01-01,2010-12-31,1,2026-09-15T16:26:52.284479+00:00
POPULATION_EUROPE,lu:country,2011,2026-09-15T16:26:52.284479+00:00,511840.0,final,2011-01-01,2011-12-31,1,2026-09-15T16:26:52.284479+00:00
POPULATION_EUROPE,lu:country,2012,2026-09-15T16:26:52.284479+00:00,524853.0,final,2012-01-01,2012-12-31,1,2026-09-15T16:26:52.284479+00:00
POPULATION_EUROPE,lu:country,2013,2026-09-15T16:26:52.284479+00:00,537039.0,final,2013-01-01,2013-12-31,1,2026-09-15T16:26:52.284479+00:00
POPULATION_EUROPE,lu:country,2014,2026-09-15T16:26:52.284479+00:00,549680.0,final,2014-01-01,2014-12-31,1,2026-09-15T16:26:52.284479+00:00
POPULATION_EUROPE,lu:country,2015,2026-09-15T16:26:52.284479+00:00,562958.0,final,2015-01-01,2015-12-31,1,2026-09-15T16:26:52.284479+00:00
POPULATION_EUROPE,lu:country,2016,2026-09-15T16:26:52.284479+00:00,576249.0,final,2016-01-01,2016-12-31,1,2026-09-15T16:26:52.284479+00:00
POPULATION_EUROPE,lu:country,2017,2026-09-15T16:26:52.284479+00:00,590667.0,final,2017-01-01,2017-12-31,1,2026-09-15T16:26:52.284479+00:00
POPULATION_EUROPE,lu:country,2018,2026-09-15T16:26:52.284479+00:00,602005.0,final,2018-01-01,2018-12-31,1,2026-09-15T16:26:52.284479+00:00
POPULATION_EUROPE,lu:country,2019,2026-09-15T16:26:52.284479+00:00,613894.0,final,2019-01-01,2019-12-31,1,2026-09-15T16:26:52.284479+00:00
POPULATION_EUROPE,lu:country,2020,2026-09-15T16:26:52.284479+00:00,626108.0,final,2020-01-01,2020-12-31,1,2026-09-15T16:26:52.284479+00:00
POPULATION_EUROPE,lu:country,2021,2026-09-15T16:26:52.284479+00:00,634730.0,final,2021-01-01,2021-12-31,1,2026-09-15T16:26:52.284479+00:00
POPULATION_EUROPE,lu:country,2022,2026-09-15T16:26:52.284479+00:00,645397.0,final,2022-01-01,2022-12-31,1,2026-09-15T16:26:52.284479+00:00
POPULATION_EUROPE,lu:country,2023,2026-09-15T16:26:52.284479+00:00,660809.0,final,2023-01-01,2023-12-31,1,2026-09-15T16:26:52.284479+00:00
POPULATION_EUROPE,lu:country,2024,2026-09-15T16:26:52.284479+00:00,672050.0,final,2024-01-01,2024-12-31,1,2026-09-15T16:26:52.284479+00:00
POPULATION_EUROPE,lu:country,2025,2026-09-15T16:26:52.284479+00:00,681973.0,final,2025-01-01,2025-12-31,1,2026-09-15T16:26:52.284479+00:00
POPULATION_EUROPE,lv:country,2008,2026-09-15T16:26:52.284479+00:00,2191810.0,final,2008-01-01,2008-12-31,1,2026-09-15T16:26:52.284479+00:00
POPULATION_EUROPE,lv:country,2009,2026-09-15T16:26:52.284479+00:00,2162834.0,final,2009-01-01,2009-12-31,1,2026-09-15T16:26:52.284479+00:00
POPULATION_EUROPE,lv:country,2010,2026-09-15T16:26:52.284479+00:00,2120504.0,final,2010-01-01,2010-12-31,1,2026-09-15T16:26:52.284479+00:00
POPULATION_EUROPE,lv:country,2011,2026-09-15T16:26:52.284479+00:00,2074605.0,final,2011-01-01,2011-12-31,1,2026-09-15T16:26:52.284479+00:00
POPULATION_EUROPE,lv:country,2012,2026-09-15T16:26:52.284479+00:00,2044813.0,final,2012-01-01,2012-12-31,1,2026-09-15T16:26:52.284479+00:00
POPULATION_EUROPE,lv:country,2013,2026-09-15T16:26:52.284479+00:00,2023825.0,final,2013-01-01,2013-12-31,1,2026-09-15T16:26:52.284479+00:00
POPULATION_EUROPE,lv:country,2014,2026-09-15T16:26:52.284479+00:00,2001468.0,final,2014-01-01,2014-12-31,1,2026-09-15T16:26:52.284479+00:00
POPULATION_EUROPE,lv:country,2015,2026-09-15T16:26:52.284479+00:00,1986096.0,final,2015-01-01,2015-12-31,1,2026-09-15T16:26:52.284479+00:00
POPULATION_EUROPE,lv:country,2016,2026-09-15T16:26:52.284479+00:00,1968957.0,final,2016-01-01,2016-12-31,1,2026-09-15T16:26:52.284479+00:00
POPULATION_EUROPE,lv:country,2017,2026-09-15T16:26:52.284479+00:00,1950116.0,final,2017-01-01,2017-12-31,1,2026-09-15T16:26:52.284479+00:00
POPULATION_EUROPE,lv:country,2018,2026-09-15T16:26:52.284479+00:00,1934379.0,final,2018-01-01,2018-12-31,1,2026-09-15T16:26:52.284479+00:00
POPULATION_EUROPE,lv:country,2019,2026-09-15T16:26:52.284479+00:00,1919968.0,final,2019-01-01,2019-12-31,1,2026-09-15T16:26:52.284479+00:00
POPULATION_EUROPE,lv:country,2020,2026-09-15T16:26:52.284479+00:00,1907675.0,final,2020-01-01,2020-12-31,1,2026-09-15T16:26:52.284479+00:00
POPULATION_EUROPE,lv:country,2021,2026-09-15T16:26:52.284479+00:00,1893223.0,final,2021-01-01,2021-12-31,1,2026-09-15T16:26:52.284479+00:00
POPULATION_EUROPE,lv:country,2022,2026-09-15T16:26:52.284479+00:00,1875757.0,final,2022-01-01,2022-12-31,1,2026-09-15T16:26:52.284479+00:00
POPULATION_EUROPE,lv:country,2023,2026-09-15T16:26:52.284479+00:00,1895239.0,final,2023-01-01,2023-12-31,1,2026-09-15T16:26:52.284479+00:00
POPULATION_EUROPE,lv:country,2024,2026-09-15T16:26:52.284479+00:00,1878575.0,final,2024-01-01,2024-12-31,1,2026-09-15T16:26:52.284479+00:00
POPULATION_EUROPE,lv:country,2025,2026-09-15T16:26:52.284479+00:00,1860565.0,final,2025-01-01,2025-12-31,1,2026-09-15T16:26:52.284479+00:00
POPULATION_EUROPE,md:country,2008,2026-09-15T16:26:52.284479+00:00,3572703.0,final,2008-01-01,2008-12-31,1,2026-09-15T16:26:52.284479+00:00
POPULATION_EUROPE,md:country,2009,2026-09-15T16:26:52.284479+00:00,3567512.0,final,2009-01-01,2009-12-31,1,2026-09-15T16:26:52.284479+00:00
POPULATION_EUROPE,md:country,2010,2026-09-15T16:26:52.284479+00:00,3563695.0,final,2010-01-01,2010-12-31,1,2026-09-15T16:26:52.284479+00:00
POPULATION_EUROPE,md:country,2011,2026-09-15T16:26:52.284479+00:00,3560430.0,final,2011-01-01,2011-12-31,1,2026-09-15T16:26:52.284479+00:00
POPULATION_EUROPE,md:country,2012,2026-09-15T16:26:52.284479+00:00,3559541.0,final,2012-01-01,2012-12-31,1,2026-09-15T16:26:52.284479+00:00
POPULATION_EUROPE,md:country,2013,2026-09-15T16:26:52.284479+00:00,3559497.0,final,2013-01-01,2013-12-31,1,2026-09-15T16:26:52.284479+00:00
POPULATION_EUROPE,md:country,2014,2026-09-15T16:26:52.284479+00:00,3557634.0,final,2014-01-01,2014-12-31,0,2026-09-15T16:26:52.284479+00:00
POPULATION_EUROPE,md:country,2014,2026-09-23T09:41:52.033508+00:00,2869302.0,estimate,2014-01-01,2014-12-31,1,2026-09-23T09:41:52.033508+00:00
POPULATION_EUROPE,md:country,2015,2026-09-15T16:26:52.284479+00:00,2869302.0,estimate,2015-01-01,2015-12-31,1,2026-09-15T16:26:52.284479+00:00
POPULATION_EUROPE,md:country,2016,2026-09-15T16:26:52.284479+00:00,2846327.0,estimate,2016-01-01,2016-12-31,1,2026-09-15T16:26:52.284479+00:00
POPULATION_EUROPE,md:country,2017,2026-09-15T16:26:52.284479+00:00,2825628.0,estimate,2017-01-01,2017-12-31,1,2026-09-15T16:26:52.284479+00:00
POPULATION_EUROPE,md:country,2018,2026-09-15T16:26:52.284479+00:00,2780744.0,estimate,2018-01-01,2018-12-31,1,2026-09-15T16:26:52.284479+00:00
POPULATION_EUROPE,md:country,2019,2026-09-15T16:26:52.284479+00:00,2729634.0,estimate,2019-01-01,2019-12-31,1,2026-09-15T16:26:52.284479+00:00
POPULATION_EUROPE,md:country,2020,2026-09-15T16:26:52.284479+00:00,2684772.0,estimate,2020-01-01,2020-12-31,1,2026-09-15T16:26:52.284479+00:00
POPULATION_EUROPE,md:country,2021,2026-09-15T16:26:52.284479+00:00,2643675.0,estimate,2021-01-01,2021-12-31,1,2026-09-15T16:26:52.284479+00:00
POPULATION_EUROPE,md:country,2022,2026-09-15T16:26:52.284479+00:00,2565030.0,estimate,2022-01-01,2022-12-31,1,2026-09-15T16:26:52.284479+00:00
POPULATION_EUROPE,md:country,2023,2026-09-15T16:26:52.284479+00:00,2512758.0,estimate,2023-01-01,2023-12-31,1,2026-09-15T16:26:52.284479+00:00
POPULATION_EUROPE,md:country,2024,2026-09-15T16:26:52.284479+00:00,2423287.0,estimate,2024-01-01,2024-12-31,1,2026-09-15T16:26:52.284479+00:00
POPULATION_EUROPE,md:country,2025,2026-09-15T16:26:52.284479+00:00,2415549.0,estimate,2025-01-01,2025-12-31,1,2026-09-15T16:26:52.284479+00:00
POPULATION_EUROPE,me:country,2008,2026-09-15T16:26:52.284479+00:00,615543.0,final,2008-01-01,2008-12-31,1,2026-09-15T16:26:52.284479+00:00
POPULATION_EUROPE,me:country,2009,2026-09-15T16:26:52.284479+00:00,617157.0,final,2009-01-01,2009-12-31,1,2026-09-15T16:26:52.284479+00:00
POPULATION_EUROPE,me:country,2010,2026-09-15T16:26:52.284479+00:00,619001.0,final,2010-01-01,2010-12-31,1,2026-09-15T16:26:52.284479+00:00
POPULATION_EUROPE,me:country,2011,2026-09-15T16:26:52.284479+00:00,619850.0,final,2011-01-01,2011-12-31,1,2026-09-15T16:26:52.284479+00:00
POPULATION_EUROPE,me:country,2012,2026-09-15T16:26:52.284479+00:00,620308.0,final,2012-01-01,2012-12-31,1,2026-09-15T16:26:52.284479+00:00
POPULATION_EUROPE,me:country,2013,2026-09-15T16:26:52.284479+00:00,620893.0,final,2013-01-01,2013-12-31,1,2026-09-15T16:26:52.284479+00:00
POPULATION_EUROPE,me:country,2014,2026-09-15T16:26:52.284479+00:00,621521.0,final,2014-01-01,2014-12-31,1,2026-09-15T16:26:52.284479+00:00
POPULATION_EUROPE,me:country,2015,2026-09-15T16:26:52.284479+00:00,622099.0,final,2015-01-01,2015-12-31,1,2026-09-15T16:26:52.284479+00:00
POPULATION_EUROPE,me:country,2016,2026-09-15T16:26:52.284479+00:00,622218.0,final,2016-01-01,2016-12-31,1,2026-09-15T16:26:52.284479+00:00
POPULATION_EUROPE,me:country,2017,2026-09-15T16:26:52.284479+00:00,622387.0,final,2017-01-01,2017-12-31,1,2026-09-15T16:26:52.284479+00:00
POPULATION_EUROPE,me:country,2018,2026-09-15T16:26:52.284479+00:00,622359.0,final,2018-01-01,2018-12-31,1,2026-09-15T16:26:52.284479+00:00
POPULATION_EUROPE,me:country,2019,2026-09-15T16:26:52.284479+00:00,622182.0,final,2019-01-01,2019-12-31,1,2026-09-15T16:26:52.284479+00:00
POPULATION_EUROPE,me:country,2020,2026-09-15T16:26:52.284479+00:00,621873.0,final,2020-01-01,2020-12-31,1,2026-09-15T16:26:52.284479+00:00
POPULATION_EUROPE,me:country,2021,2026-09-15T16:26:52.284479+00:00,620739.0,final,2021-01-01,2021-12-31,1,2026-09-15T16:26:52.284479+00:00
POPULATION_EUROPE,me:country,2022,2026-09-15T16:26:52.284479+00:00,617683.0,final,2022-01-01,2022-12-31,1,2026-09-15T16:26:52.284479+00:00
POPULATION_EUROPE,me:country,2023,2026-09-15T16:26:52.284479+00:00,616695.0,final,2023-01-01,2023-12-31,1,2026-09-15T16:26:52.284479+00:00
POPULATION_EUROPE,me:country,2024,2026-09-15T16:26:52.284479+00:00,623680.0,final,2024-01-01,2024-12-31,1,2026-09-15T16:26:52.284479+00:00
POPULATION_EUROPE,me:country,2025,2026-09-15T16:26:52.284479+00:00,623327.0,final,2025-01-01,2025-12-31,1,2026-09-15T16:26:52.284479+00:00
POPULATION_EUROPE,mk:country,2008,2026-09-15T16:26:52.284479+00:00,2045177.0,final,2008-01-01,2008-12-31,1,2026-09-15T16:26:52.284479+00:00
POPULATION_EUROPE,mk:country,2009,2026-09-15T16:26:52.284479+00:00,2048619.0,final,2009-01-01,2009-12-31,1,2026-09-15T16:26:52.284479+00:00
POPULATION_EUROPE,mk:country,2010,2026-09-15T16:26:52.284479+00:00,2052722.0,final,2010-01-01,2010-12-31,1,2026-09-15T16:26:52.284479+00:00
POPULATION_EUROPE,mk:country,2011,2026-09-15T16:26:52.284479+00:00,2057284.0,final,2011-01-01,2011-12-31,1,2026-09-15T16:26:52.284479+00:00
POPULATION_EUROPE,mk:country,2012,2026-09-15T16:26:52.284479+00:00,2059794.0,final,2012-01-01,2012-12-31,1,2026-09-15T16:26:52.284479+00:00
POPULATION_EUROPE,mk:country,2013,2026-09-15T16:26:52.284479+00:00,2062294.0,final,2013-01-01,2013-12-31,1,2026-09-15T16:26:52.284479+00:00
POPULATION_EUROPE,mk:country,2014,2026-09-15T16:26:52.284479+00:00,2065769.0,final,2014-01-01,2014-12-31,1,2026-09-15T16:26:52.284479+00:00
POPULATION_EUROPE,mk:country,2015,2026-09-15T16:26:52.284479+00:00,2069172.0,final,2015-01-01,2015-12-31,1,2026-09-15T16:26:52.284479+00:00
POPULATION_EUROPE,mk:country,2016,2026-09-15T16:26:52.284479+00:00,2071278.0,final,2016-01-01,2016-12-31,1,2026-09-15T16:26:52.284479+00:00
POPULATION_EUROPE,mk:country,2017,2026-09-15T16:26:52.284479+00:00,2073702.0,final,2017-01-01,2017-12-31,1,2026-09-15T16:26:52.284479+00:00
POPULATION_EUROPE,mk:country,2018,2026-09-15T16:26:52.284479+00:00,2075301.0,final,2018-01-01,2018-12-31,1,2026-09-15T16:26:52.284479+00:00
POPULATION_EUROPE,mk:country,2019,2026-09-15T16:26:52.284479+00:00,2077132.0,final,2019-01-01,2019-12-31,1,2026-09-15T16:26:52.284479+00:00
POPULATION_EUROPE,mk:country,2020,2026-09-15T16:26:52.284479+00:00,2076255.0,final,2020-01-01,2020-12-31,1,2026-09-15T16:26:52.284479+00:00
POPULATION_EUROPE,mk:country,2021,2026-09-15T16:26:52.284479+00:00,2068808.0,final,2021-01-01,2021-12-31,1,2026-09-15T16:26:52.284479+00:00
POPULATION_EUROPE,mk:country,2022,2026-09-15T16:26:52.284479+00:00,1837114.0,final,2022-01-01,2022-12-31,1,2026-09-15T16:26:52.284479+00:00
POPULATION_EUROPE,mk:country,2023,2026-09-15T16:26:52.284479+00:00,1829954.0,final,2023-01-01,2023-12-31,1,2026-09-15T16:26:52.284479+00:00
POPULATION_EUROPE,mk:country,2024,2026-09-15T16:26:52.284479+00:00,1826247.0,final,2024-01-01,2024-12-31,1,2026-09-15T16:26:52.284479+00:00
POPULATION_EUROPE,mk:country,2025,2026-09-15T16:26:52.284479+00:00,1822612.0,final,2025-01-01,2025-12-31,1,2026-09-15T16:26:52.284479+00:00
POPULATION_EUROPE,mt:country,2008,2026-09-15T16:26:52.284479+00:00,407832.0,final,2008-01-01,2008-12-31,1,2026-09-15T16:26:52.284479+00:00
POPULATION_EUROPE,mt:country,2009,2026-09-15T16:26:52.284479+00:00,410926.0,final,2009-01-01,2009-12-31,1,2026-09-15T16:26:52.284479+00:00
POPULATION_EUROPE,mt:country,2010,2026-09-15T16:26:52.284479+00:00,414027.0,final,2010-01-01,2010-12-31,1,2026-09-15T16:26:52.284479+00:00
POPULATION_EUROPE,mt:country,2011,2026-09-15T16:26:52.284479+00:00,414989.0,final,2011-01-01,2011-12-31,1,2026-09-15T16:26:52.284479+00:00
POPULATION_EUROPE,mt:country,2012,2026-09-15T16:26:52.284479+00:00,417546.0,final,2012-01-01,2012-12-31,1,2026-09-15T16:26:52.284479+00:00
POPULATION_EUROPE,mt:country,2013,2026-09-15T16:26:52.284479+00:00,421464.0,final,2013-01-01,2013-12-31,1,2026-09-15T16:26:52.284479+00:00
POPULATION_EUROPE,mt:country,2014,2026-09-15T16:26:52.284479+00:00,428156.0,final,2014-01-01,2014-12-31,1,2026-09-15T16:26:52.284479+00:00
POPULATION_EUROPE,mt:country,2015,2026-09-15T16:26:52.284479+00:00,438805.0,final,2015-01-01,2015-12-31,1,2026-09-15T16:26:52.284479+00:00
POPULATION_EUROPE,mt:country,2016,2026-09-15T16:26:52.284479+00:00,449635.0,final,2016-01-01,2016-12-31,1,2026-09-15T16:26:52.284479+00:00
POPULATION_EUROPE,mt:country,2017,2026-09-15T16:26:52.284479+00:00,459375.0,final,2017-01-01,2017-12-31,1,2026-09-15T16:26:52.284479+00:00
POPULATION_EUROPE,mt:country,2018,2026-09-15T16:26:52.284479+00:00,474837.0,final,2018-01-01,2018-12-31,1,2026-09-15T16:26:52.284479+00:00
POPULATION_EUROPE,mt:country,2019,2026-09-15T16:26:52.284479+00:00,492968.0,final,2019-01-01,2019-12-31,1,2026-09-15T16:26:52.284479+00:00
POPULATION_EUROPE,mt:country,2020,2026-09-15T16:26:52.284479+00:00,514855.0,final,2020-01-01,2020-12-31,1,2026-09-15T16:26:52.284479+00:00
POPULATION_EUROPE,mt:country,2021,2026-09-15T16:26:52.284479+00:00,516125.0,final,2021-01-01,2021-12-31,1,2026-09-15T16:26:52.284479+00:00
POPULATION_EUROPE,mt:country,2022,2026-09-15T16:26:52.284479+00:00,520174.0,final,2022-01-01,2022-12-31,1,2026-09-15T16:26:52.284479+00:00
POPULATION_EUROPE,mt:country,2023,2026-09-15T16:26:52.284479+00:00,542051.0,final,2023-01-01,2023-12-31,1,2026-09-15T16:26:52.284479+00:00
POPULATION_EUROPE,mt:country,2024,2026-09-15T16:26:52.284479+00:00,563443.0,final,2024-01-01,2024-12-31,1,2026-09-15T16:26:52.284479+00:00
POPULATION_EUROPE,mt:country,2025,2026-09-15T16:26:52.284479+00:00,574250.0,final,2025-01-01,2025-12-31,1,2026-09-15T16:26:52.284479+00:00
POPULATION_EUROPE,nl:country,2008,2026-09-15T16:26:52.284479+00:00,16405399.0,final,2008-01-01,2008-12-31,1,2026-09-15T16:26:52.284479+00:00
POPULATION_EUROPE,nl:country,2009,2026-09-15T16:26:52.284479+00:00,16485787.0,final,2009-01-01,2009-12-31,1,2026-09-15T16:26:52.284479+00:00
POPULATION_EUROPE,nl:country,2010,2026-09-15T16:26:52.284479+00:00,16574989.0,final,2010-01-01,2010-12-31,1,2026-09-15T16:26:52.284479+00:00
POPULATION_EUROPE,nl:country,2011,2026-09-15T16:26:52.284479+00:00,16655799.0,final,2011-01-01,2011-12-31,1,2026-09-15T16:26:52.284479+00:00
POPULATION_EUROPE,nl:country,2012,2026-09-15T16:26:52.284479+00:00,16730348.0,final,2012-01-01,2012-12-31,1,2026-09-15T16:26:52.284479+00:00
POPULATION_EUROPE,nl:country,2013,2026-09-15T16:26:52.284479+00:00,16779575.0,final,2013-01-01,2013-12-31,1,2026-09-15T16:26:52.284479+00:00
POPULATION_EUROPE,nl:country,2014,2026-09-15T16:26:52.284479+00:00,16829289.0,final,2014-01-01,2014-12-31,1,2026-09-15T16:26:52.284479+00:00
POPULATION_EUROPE,nl:country,2015,2026-09-15T16:26:52.284479+00:00,16900726.0,final,2015-01-01,2015-12-31,1,2026-09-15T16:26:52.284479+00:00
POPULATION_EUROPE,nl:country,2016,2026-09-15T16:26:52.284479+00:00,16979120.0,final,2016-01-01,2016-12-31,1,2026-09-15T16:26:52.284479+00:00
POPULATION_EUROPE,nl:country,2017,2026-09-15T16:26:52.284479+00:00,17081507.0,final,2017-01-01,2017-12-31,1,2026-09-15T16:26:52.284479+00:00
POPULATION_EUROPE,nl:country,2018,2026-09-15T16:26:52.284479+00:00,17181084.0,final,2018-01-01,2018-12-31,1,2026-09-15T16:26:52.284479+00:00
POPULATION_EUROPE,nl:country,2019,2026-09-15T16:26:52.284479+00:00,17282163.0,final,2019-01-01,2019-12-31,1,2026-09-15T16:26:52.284479+00:00
POPULATION_EUROPE,nl:country,2020,2026-09-15T16:26:52.284479+00:00,17407585.0,final,2020-01-01,2020-12-31,1,2026-09-15T16:26:52.284479+00:00
POPULATION_EUROPE,nl:country,2021,2026-09-15T16:26:52.284479+00:00,17475415.0,final,2021-01-01,2021-12-31,1,2026-09-15T16:26:52.284479+00:00
POPULATION_EUROPE,nl:country,2022,2026-09-15T16:26:52.284479+00:00,17590672.0,final,2022-01-01,2022-12-31,1,2026-09-15T16:26:52.284479+00:00
POPULATION_EUROPE,nl:country,2023,2026-09-15T16:26:52.284479+00:00,17811291.0,final,2023-01-01,2023-12-31,1,2026-09-15T16:26:52.284479+00:00
POPULATION_EUROPE,nl:country,2024,2026-09-15T16:26:52.284479+00:00,17942942.0,final,2024-01-01,2024-12-31,1,2026-09-15T16:26:52.284479+00:00
POPULATION_EUROPE,nl:country,2025,2026-09-15T16:26:52.284479+00:00,18044027.0,final,2025-01-01,2025-12-31,1,2026-09-15T16:26:52.284479+00:00
POPULATION_EUROPE,no:country,2008,2026-09-15T16:26:52.284479+00:00,4737171.0,final,2008-01-01,2008-12-31,1,2026-09-15T16:26:52.284479+00:00
POPULATION_EUROPE,no:country,2009,2026-09-15T16:26:52.284479+00:00,4799252.0,final,2009-01-01,2009-12-31,1,2026-09-15T16:26:52.284479+00:00
POPULATION_EUROPE,no:country,2010,2026-09-15T16:26:52.284479+00:00,4858199.0,final,2010-01-01,2010-12-31,1,2026-09-15T16:26:52.284479+00:00
POPULATION_EUROPE,no:country,2011,2026-09-15T16:26:52.284479+00:00,4920305.0,final,2011-01-01,2011-12-31,1,2026-09-15T16:26:52.284479+00:00
POPULATION_EUROPE,no:country,2012,2026-09-15T16:26:52.284479+00:00,4985870.0,final,2012-01-01,2012-12-31,1,2026-09-15T16:26:52.284479+00:00
POPULATION_EUROPE,no:country,2013,2026-09-15T16:26:52.284479+00:00,5051275.0,final,2013-01-01,2013-12-31,1,2026-09-15T16:26:52.284479+00:00
POPULATION_EUROPE,no:country,2014,2026-09-15T16:26:52.284479+00:00,5109056.0,final,2014-01-01,2014-12-31,1,2026-09-15T16:26:52.284479+00:00
POPULATION_EUROPE,no:country,2015,2026-09-15T16:26:52.284479+00:00,5165802.0,final,2015-01-01,2015-12-31,1,2026-09-15T16:26:52.284479+00:00
POPULATION_EUROPE,no:country,2016,2026-09-15T16:26:52.284479+00:00,5213985.0,final,2016-01-01,2016-12-31,1,2026-09-15T16:26:52.284479+00:00
POPULATION_EUROPE,no:country,2017,2026-09-15T16:26:52.284479+00:00,5258317.0,final,2017-01-01,2017-12-31,1,2026-09-15T16:26:52.284479+00:00
POPULATION_EUROPE,no:country,2018,2026-09-15T16:26:52.284479+00:00,5295619.0,final,2018-01-01,2018-12-31,1,2026-09-15T16:26:52.284479+00:00
POPULATION_EUROPE,no:country,2019,2026-09-15T16:26:52.284479+00:00,5328212.0,final,2019-01-01,2019-12-31,1,2026-09-15T16:26:52.284479+00:00
POPULATION_EUROPE,no:country,2020,2026-09-15T16:26:52.284479+00:00,5367580.0,final,2020-01-01,2020-12-31,1,2026-09-15T16:26:52.284479+00:00
POPULATION_EUROPE,no:country,2021,2026-09-15T16:26:52.284479+00:00,5391369.0,final,2021-01-01,2021-12-31,1,2026-09-15T16:26:52.284479+00:00
POPULATION_EUROPE,no:country,2022,2026-09-15T16:26:52.284479+00:00,5425270.0,final,2022-01-01,2022-12-31,1,2026-09-15T16:26:52.284479+00:00
POPULATION_EUROPE,no:country,2023,2026-09-15T16:26:52.284479+00:00,5488984.0,final,2023-01-01,2023-12-31,1,2026-09-15T16:26:52.284479+00:00
POPULATION_EUROPE,no:country,2024,2026-09-15T16:26:52.284479+00:00,5550203.0,final,2024-01-01,2024-12-31,1,2026-09-15T16:26:52.284479+00:00
POPULATION_EUROPE,no:country,2025,2026-09-15T16:26:52.284479+00:00,5594340.0,final,2025-01-01,2025-12-31,1,2026-09-15T16:26:52.284479+00:00
POPULATION_EUROPE,pl:country,2008,2026-09-15T16:26:52.284479+00:00,38115641.0,final,2008-01-01,2008-12-31,1,2026-09-15T16:26:52.284479+00:00
POPULATION_EUROPE,pl:country,2009,2026-09-15T16:26:52.284479+00:00,38135876.0,final,2009-01-01,2009-12-31,1,2026-09-15T16:26:52.284479+00:00
POPULATION_EUROPE,pl:country,2010,2026-09-15T16:26:52.284479+00:00,38022869.0,final,2010-01-01,2010-12-31,1,2026-09-15T16:26:52.284479+00:00
POPULATION_EUROPE,pl:country,2011,2026-09-15T16:26:52.284479+00:00,38062718.0,final,2011-01-01,2011-12-31,1,2026-09-15T16:26:52.284479+00:00
POPULATION_EUROPE,pl:country,2012,2026-09-15T16:26:52.284479+00:00,38063792.0,final,2012-01-01,2012-12-31,1,2026-09-15T16:26:52.284479+00:00
POPULATION_EUROPE,pl:country,2013,2026-09-15T16:26:52.284479+00:00,38062535.0,final,2013-01-01,2013-12-31,1,2026-09-15T16:26:52.284479+00:00
POPULATION_EUROPE,pl:country,2014,2026-09-15T16:26:52.284479+00:00,38017856.0,final,2014-01-01,2014-12-31,1,2026-09-15T16:26:52.284479+00:00
POPULATION_EUROPE,pl:country,2015,2026-09-15T16:26:52.284479+00:00,38005614.0,final,2015-01-01,2015-12-31,1,2026-09-15T16:26:52.284479+00:00
POPULATION_EUROPE,pl:country,2016,2026-09-15T16:26:52.284479+00:00,37967209.0,final,2016-01-01,2016-12-31,1,2026-09-15T16:26:52.284479+00:00
POPULATION_EUROPE,pl:country,2017,2026-09-15T16:26:52.284479+00:00,37972964.0,final,2017-01-01,2017-12-31,1,2026-09-15T16:26:52.284479+00:00
POPULATION_EUROPE,pl:country,2018,2026-09-15T16:26:52.284479+00:00,37976687.0,final,2018-01-01,2018-12-31,1,2026-09-15T16:26:52.284479+00:00
POPULATION_EUROPE,pl:country,2019,2026-09-15T16:26:52.284479+00:00,37972812.0,final,2019-01-01,2019-12-31,1,2026-09-15T16:26:52.284479+00:00
POPULATION_EUROPE,pl:country,2020,2026-09-15T16:26:52.284479+00:00,37958138.0,final,2020-01-01,2020-12-31,1,2026-09-15T16:26:52.284479+00:00
POPULATION_EUROPE,pl:country,2021,2026-09-15T16:26:52.284479+00:00,37073357.0,estimate,2021-01-01,2021-12-31,1,2026-09-15T16:26:52.284479+00:00
POPULATION_EUROPE,pl:country,2022,2026-09-15T16:26:52.284479+00:00,36889761.0,estimate,2022-01-01,2022-12-31,1,2026-09-15T16:26:52.284479+00:00
POPULATION_EUROPE,pl:country,2023,2026-09-15T16:26:52.284479+00:00,36753736.0,estimate,2023-01-01,2023-12-31,1,2026-09-15T16:26:52.284479+00:00
POPULATION_EUROPE,pl:country,2024,2026-09-15T16:26:52.284479+00:00,36620970.0,final,2024-01-01,2024-12-31,1,2026-09-15T16:26:52.284479+00:00
POPULATION_EUROPE,pl:country,2025,2026-09-15T16:26:52.284479+00:00,36497495.0,final,2025-01-01,2025-12-31,1,2026-09-15T16:26:52.284479+00:00
POPULATION_EUROPE,pt:country,2008,2026-09-15T16:26:52.284479+00:00,10553339.0,final,2008-01-01,2008-12-31,1,2026-09-15T16:26:52.284479+00:00
POPULATION_EUROPE,pt:country,2009,2026-09-15T16:26:52.284479+00:00,10563014.0,final,2009-01-01,2009-12-31,1,2026-09-15T16:26:52.284479+00:00
POPULATION_EUROPE,pt:country,2010,2026-09-15T16:26:52.284479+00:00,10573479.0,final,2010-01-01,2010-12-31,1,2026-09-15T16:26:52.284479+00:00
POPULATION_EUROPE,pt:country,2011,2026-09-15T16:26:52.284479+00:00,10572721.0,final,2011-01-01,2011-12-31,1,2026-09-15T16:26:52.284479+00:00
POPULATION_EUROPE,pt:country,2012,2026-09-15T16:26:52.284479+00:00,10558950.0,final,2012-01-01,2012-12-31,1,2026-09-15T16:26:52.284479+00:00
POPULATION_EUROPE,pt:country,2013,2026-09-15T16:26:52.284479+00:00,10503889.0,final,2013-01-01,2013-12-31,1,2026-09-15T16:26:52.284479+00:00
POPULATION_EUROPE,pt:country,2014,2026-09-15T16:26:52.284479+00:00,10444092.0,final,2014-01-01,2014-12-31,1,2026-09-15T16:26:52.284479+00:00
POPULATION_EUROPE,pt:country,2015,2026-09-15T16:26:52.284479+00:00,10395121.0,final,2015-01-01,2015-12-31,1,2026-09-15T16:26:52.284479+00:00
POPULATION_EUROPE,pt:country,2016,2026-09-15T16:26:52.284479+00:00,10368554.0,final,2016-01-01,2016-12-31,1,2026-09-15T16:26:52.284479+00:00
POPULATION_EUROPE,pt:country,2017,2026-09-15T16:26:52.284479+00:00,10344478.0,final,2017-01-01,2017-12-31,1,2026-09-15T16:26:52.284479+00:00
POPULATION_EUROPE,pt:country,2018,2026-09-15T16:26:52.284479+00:00,10335770.0,final,2018-01-01,2018-12-31,1,2026-09-15T16:26:52.284479+00:00
POPULATION_EUROPE,pt:country,2019,2026-09-15T16:26:52.284479+00:00,10333496.0,final,2019-01-01,2019-12-31,1,2026-09-15T16:26:52.284479+00:00
POPULATION_EUROPE,pt:country,2020,2026-09-15T16:26:52.284479+00:00,10375395.0,final,2020-01-01,2020-12-31,1,2026-09-15T16:26:52.284479+00:00
POPULATION_EUROPE,pt:country,2021,2026-09-15T16:26:52.284479+00:00,10394297.0,final,2021-01-01,2021-12-31,1,2026-09-15T16:26:52.284479+00:00
POPULATION_EUROPE,pt:country,2022,2026-09-15T16:26:52.284479+00:00,10421117.0,final,2022-01-01,2022-12-31,1,2026-09-15T16:26:52.284479+00:00
POPULATION_EUROPE,pt:country,2023,2026-09-15T16:26:52.284479+00:00,10516621.0,final,2023-01-01,2023-12-31,1,2026-09-15T16:26:52.284479+00:00
POPULATION_EUROPE,pt:country,2024,2026-09-15T16:26:52.284479+00:00,10639726.0,final,2024-01-01,2024-12-31,1,2026-09-15T16:26:52.284479+00:00
POPULATION_EUROPE,pt:country,2025,2026-09-15T16:26:52.284479+00:00,10749635.0,final,2025-01-01,2025-12-31,1,2026-09-15T16:26:52.284479+00:00
POPULATION_EUROPE,ro:country,2008,2026-09-15T16:26:52.284479+00:00,20635460.0,final,2008-01-01,2008-12-31,1,2026-09-15T16:26:52.284479+00:00
POPULATION_EUROPE,ro:country,2009,2026-09-15T16:26:52.284479+00:00,20440290.0,final,2009-01-01,2009-12-31,1,2026-09-15T16:26:52.284479+00:00
POPULATION_EUROPE,ro:country,2010,2026-09-15T16:26:52.284479+00:00,20294683.0,final,2010-01-01,2010-12-31,1,2026-09-15T16:26:52.284479+00:00
POPULATION_EUROPE,ro:country,2011,2026-09-15T16:26:52.284479+00:00,20199059.0,final,2011-01-01,2011-12-31,1,2026-09-15T16:26:52.284479+00:00
POPULATION_EUROPE,ro:country,2012,2026-09-15T16:26:52.284479+00:00,20095996.0,final,2012-01-01,2012-12-31,1,2026-09-15T16:26:52.284479+00:00
POPULATION_EUROPE,ro:country,2013,2026-09-15T16:26:52.284479+00:00,20020074.0,final,2013-01-01,2013-12-31,1,2026-09-15T16:26:52.284479+00:00
POPULATION_EUROPE,ro:country,2014,2026-09-15T16:26:52.284479+00:00,19947311.0,final,2014-01-01,2014-12-31,1,2026-09-15T16:26:52.284479+00:00
POPULATION_EUROPE,ro:country,2015,2026-09-15T16:26:52.284479+00:00,19870647.0,final,2015-01-01,2015-12-31,1,2026-09-15T16:26:52.284479+00:00
POPULATION_EUROPE,ro:country,2016,2026-09-15T16:26:52.284479+00:00,19760585.0,final,2016-01-01,2016-12-31,1,2026-09-15T16:26:52.284479+00:00
POPULATION_EUROPE,ro:country,2017,2026-09-15T16:26:52.284479+00:00,19643949.0,final,2017-01-01,2017-12-31,1,2026-09-15T16:26:52.284479+00:00
POPULATION_EUROPE,ro:country,2018,2026-09-15T16:26:52.284479+00:00,19533481.0,final,2018-01-01,2018-12-31,1,2026-09-15T16:26:52.284479+00:00
POPULATION_EUROPE,ro:country,2019,2026-09-15T16:26:52.284479+00:00,19414458.0,final,2019-01-01,2019-12-31,1,2026-09-15T16:26:52.284479+00:00
POPULATION_EUROPE,ro:country,2020,2026-09-15T16:26:52.284479+00:00,19328838.0,estimate,2020-01-01,2020-12-31,1,2026-09-15T16:26:52.284479+00:00
POPULATION_EUROPE,ro:country,2021,2026-09-15T16:26:52.284479+00:00,19201662.0,final,2021-01-01,2021-12-31,1,2026-09-15T16:26:52.284479+00:00
POPULATION_EUROPE,ro:country,2022,2026-09-15T16:26:52.284479+00:00,19043098.0,estimate,2022-01-01,2022-12-31,1,2026-09-15T16:26:52.284479+00:00
POPULATION_EUROPE,ro:country,2023,2026-09-15T16:26:52.284479+00:00,19055228.0,estimate,2023-01-01,2023-12-31,1,2026-09-15T16:26:52.284479+00:00
POPULATION_EUROPE,ro:country,2024,2026-09-15T16:26:52.284479+00:00,19067576.0,estimate,2024-01-01,2024-12-31,1,2026-09-15T16:26:52.284479+00:00
POPULATION_EUROPE,ro:country,2025,2026-09-15T16:26:52.284479+00:00,19043151.0,estimate,2025-01-01,2025-12-31,1,2026-09-15T16:26:52.284479+00:00
POPULATION_EUROPE,rs:country,2008,2026-09-15T16:26:52.284479+00:00,7365507.0,final,2008-01-01,2008-12-31,1,2026-09-15T16:26:52.284479+00:00
POPULATION_EUROPE,rs:country,2009,2026-09-15T16:26:52.284479+00:00,7334937.0,final,2009-01-01,2009-12-31,1,2026-09-15T16:26:52.284479+00:00
POPULATION_EUROPE,rs:country,2010,2026-09-15T16:26:52.284479+00:00,7306677.0,final,2010-01-01,2010-12-31,1,2026-09-15T16:26:52.284479+00:00
POPULATION_EUROPE,rs:country,2011,2026-09-15T16:26:52.284479+00:00,7251549.0,final,2011-01-01,2011-12-31,1,2026-09-15T16:26:52.284479+00:00
POPULATION_EUROPE,rs:country,2012,2026-09-15T16:26:52.284479+00:00,7216649.0,final,2012-01-01,2012-12-31,1,2026-09-15T16:26:52.284479+00:00
POPULATION_EUROPE,rs:country,2013,2026-09-15T16:26:52.284479+00:00,7181505.0,final,2013-01-01,2013-12-31,1,2026-09-15T16:26:52.284479+00:00
POPULATION_EUROPE,rs:country,2014,2026-09-15T16:26:52.284479+00:00,7146759.0,final,2014-01-01,2014-12-31,1,2026-09-15T16:26:52.284479+00:00
POPULATION_EUROPE,rs:country,2015,2026-09-15T16:26:52.284479+00:00,7114393.0,final,2015-01-01,2015-12-31,1,2026-09-15T16:26:52.284479+00:00
POPULATION_EUROPE,rs:country,2016,2026-09-15T16:26:52.284479+00:00,7076372.0,final,2016-01-01,2016-12-31,1,2026-09-15T16:26:52.284479+00:00
POPULATION_EUROPE,rs:country,2017,2026-09-15T16:26:52.284479+00:00,7040272.0,final,2017-01-01,2017-12-31,1,2026-09-15T16:26:52.284479+00:00
POPULATION_EUROPE,rs:country,2018,2026-09-15T16:26:52.284479+00:00,7001444.0,final,2018-01-01,2018-12-31,1,2026-09-15T16:26:52.284479+00:00
POPULATION_EUROPE,rs:country,2019,2026-09-15T16:26:52.284479+00:00,6963764.0,final,2019-01-01,2019-12-31,1,2026-09-15T16:26:52.284479+00:00
POPULATION_EUROPE,rs:country,2020,2026-09-15T16:26:52.284479+00:00,6926705.0,final,2020-01-01,2020-12-31,1,2026-09-15T16:26:52.284479+00:00
POPULATION_EUROPE,rs:country,2021,2026-09-15T16:26:52.284479+00:00,6871547.0,final,2021-01-01,2021-12-31,1,2026-09-15T16:26:52.284479+00:00
POPULATION_EUROPE,rs:country,2022,2026-09-15T16:26:52.284479+00:00,6797105.0,final,2022-01-01,2022-12-31,1,2026-09-15T16:26:52.284479+00:00
POPULATION_EUROPE,rs:country,2023,2026-09-15T16:26:52.284479+00:00,6641197.0,final,2023-01-01,2023-12-31,1,2026-09-15T16:26:52.284479+00:00
POPULATION_EUROPE,rs:country,2024,2026-09-15T16:26:52.284479+00:00,6605168.0,final,2024-01-01,2024-12-31,1,2026-09-15T16:26:52.284479+00:00
POPULATION_EUROPE,rs:country,2025,2026-09-15T16:26:52.284479+00:00,6567783.0,final,2025-01-01,2025-12-31,1,2026-09-15T16:26:52.284479+00:00
POPULATION_EUROPE,se:country,2008,2026-09-15T16:26:52.284479+00:00,9182927.0,final,2008-01-01,2008-12-31,1,2026-09-15T16:26:52.284479+00:00
POPULATION_EUROPE,se:country,2009,2026-09-15T16:26:52.284479+00:00,9256347.0,final,2009-01-01,2009-12-31,1,2026-09-15T16:26:52.284479+00:00
POPULATION_EUROPE,se:country,2010,2026-09-15T16:26:52.284479+00:00,9340682.0,final,2010-01-01,2010-12-31,1,2026-09-15T16:26:52.284479+00:00
POPULATION_EUROPE,se:country,2011,2026-09-15T16:26:52.284479+00:00,9415570.0,final,2011-01-01,2011-12-31,1,2026-09-15T16:26:52.284479+00:00
POPULATION_EUROPE,se:country,2012,2026-09-15T16:26:52.284479+00:00,9482855.0,final,2012-01-01,2012-12-31,1,2026-09-15T16:26:52.284479+00:00
POPULATION_EUROPE,se:country,2013,2026-09-15T16:26:52.284479+00:00,9555893.0,final,2013-01-01,2013-12-31,1,2026-09-15T16:26:52.284479+00:00
POPULATION_EUROPE,se:country,2014,2026-09-15T16:26:52.284479+00:00,9644864.0,final,2014-01-01,2014-12-31,1,2026-09-15T16:26:52.284479+00:00
POPULATION_EUROPE,se:country,2015,2026-09-15T16:26:52.284479+00:00,9747355.0,final,2015-01-01,2015-12-31,1,2026-09-15T16:26:52.284479+00:00
POPULATION_EUROPE,se:country,2016,2026-09-15T16:26:52.284479+00:00,9851017.0,final,2016-01-01,2016-12-31,1,2026-09-15T16:26:52.284479+00:00
POPULATION_EUROPE,se:country,2017,2026-09-15T16:26:52.284479+00:00,9995153.0,final,2017-01-01,2017-12-31,1,2026-09-15T16:26:52.284479+00:00
POPULATION_EUROPE,se:country,2018,2026-09-15T16:26:52.284479+00:00,10120242.0,final,2018-01-01,2018-12-31,1,2026-09-15T16:26:52.284479+00:00
POPULATION_EUROPE,se:country,2019,2026-09-15T16:26:52.284479+00:00,10230185.0,final,2019-01-01,2019-12-31,1,2026-09-15T16:26:52.284479+00:00
POPULATION_EUROPE,se:country,2020,2026-09-15T16:26:52.284479+00:00,10327589.0,final,2020-01-01,2020-12-31,1,2026-09-15T16:26:52.284479+00:00
POPULATION_EUROPE,se:country,2021,2026-09-15T16:26:52.284479+00:00,10379295.0,final,2021-01-01,2021-12-31,1,2026-09-15T16:26:52.284479+00:00
POPULATION_EUROPE,se:country,2022,2026-09-15T16:26:52.284479+00:00,10452326.0,final,2022-01-01,2022-12-31,1,2026-09-15T16:26:52.284479+00:00
POPULATION_EUROPE,se:country,2023,2026-09-15T16:26:52.284479+00:00,10521556.0,final,2023-01-01,2023-12-31,1,2026-09-15T16:26:52.284479+00:00
POPULATION_EUROPE,se:country,2024,2026-09-15T16:26:52.284479+00:00,10551707.0,final,2024-01-01,2024-12-31,1,2026-09-15T16:26:52.284479+00:00
POPULATION_EUROPE,se:country,2025,2026-09-15T16:26:52.284479+00:00,10587710.0,final,2025-01-01,2025-12-31,1,2026-09-15T16:26:52.284479+00:00
POPULATION_EUROPE,si:country,2008,2026-09-15T16:26:52.284479+00:00,2010269.0,final,2008-01-01,2008-12-31,1,2026-09-15T16:26:52.284479+00:00
POPULATION_EUROPE,si:country,2009,2026-09-15T16:26:52.284479+00:00,2032362.0,final,2009-01-01,2009-12-31,1,2026-09-15T16:26:52.284479+00:00
POPULATION_EUROPE,si:country,2010,2026-09-15T16:26:52.284479+00:00,2046976.0,final,2010-01-01,2010-12-31,1,2026-09-15T16:26:52.284479+00:00
POPULATION_EUROPE,si:country,2011,2026-09-15T16:26:52.284479+00:00,2050189.0,final,2011-01-01,2011-12-31,1,2026-09-15T16:26:52.284479+00:00
POPULATION_EUROPE,si:country,2012,2026-09-15T16:26:52.284479+00:00,2055496.0,final,2012-01-01,2012-12-31,1,2026-09-15T16:26:52.284479+00:00
POPULATION_EUROPE,si:country,2013,2026-09-15T16:26:52.284479+00:00,2058821.0,final,2013-01-01,2013-12-31,1,2026-09-15T16:26:52.284479+00:00
POPULATION_EUROPE,si:country,2014,2026-09-15T16:26:52.284479+00:00,2061085.0,final,2014-01-01,2014-12-31,1,2026-09-15T16:26:52.284479+00:00
POPULATION_EUROPE,si:country,2015,2026-09-15T16:26:52.284479+00:00,2062874.0,final,2015-01-01,2015-12-31,1,2026-09-15T16:26:52.284479+00:00
POPULATION_EUROPE,si:country,2016,2026-09-15T16:26:52.284479+00:00,2064188.0,final,2016-01-01,2016-12-31,1,2026-09-15T16:26:52.284479+00:00
POPULATION_EUROPE,si:country,2017,2026-09-15T16:26:52.284479+00:00,2065895.0,final,2017-01-01,2017-12-31,1,2026-09-15T16:26:52.284479+00:00
POPULATION_EUROPE,si:country,2018,2026-09-15T16:26:52.284479+00:00,2066880.0,final,2018-01-01,2018-12-31,1,2026-09-15T16:26:52.284479+00:00
POPULATION_EUROPE,si:country,2019,2026-09-15T16:26:52.284479+00:00,2080908.0,final,2019-01-01,2019-12-31,1,2026-09-15T16:26:52.284479+00:00
POPULATION_EUROPE,si:country,2020,2026-09-15T16:26:52.284479+00:00,2095861.0,final,2020-01-01,2020-12-31,1,2026-09-15T16:26:52.284479+00:00
POPULATION_EUROPE,si:country,2021,2026-09-15T16:26:52.284479+00:00,2108977.0,final,2021-01-01,2021-12-31,1,2026-09-15T16:26:52.284479+00:00
POPULATION_EUROPE,si:country,2022,2026-09-15T16:26:52.284479+00:00,2107180.0,final,2022-01-01,2022-12-31,1,2026-09-15T16:26:52.284479+00:00
POPULATION_EUROPE,si:country,2023,2026-09-15T16:26:52.284479+00:00,2116972.0,final,2023-01-01,2023-12-31,1,2026-09-15T16:26:52.284479+00:00
POPULATION_EUROPE,si:country,2024,2026-09-15T16:26:52.284479+00:00,2123949.0,final,2024-01-01,2024-12-31,1,2026-09-15T16:26:52.284479+00:00
POPULATION_EUROPE,si:country,2025,2026-09-15T16:26:52.284479+00:00,2130850.0,final,2025-01-01,2025-12-31,1,2026-09-15T16:26:52.284479+00:00
POPULATION_EUROPE,sk:country,2008,2026-09-15T16:26:52.284479+00:00,5376064.0,final,2008-01-01,2008-12-31,1,2026-09-15T16:26:52.284479+00:00
POPULATION_EUROPE,sk:country,2009,2026-09-15T16:26:52.284479+00:00,5382401.0,final,2009-01-01,2009-12-31,1,2026-09-15T16:26:52.284479+00:00
POPULATION_EUROPE,sk:country,2010,2026-09-15T16:26:52.284479+00:00,5390410.0,final,2010-01-01,2010-12-31,1,2026-09-15T16:26:52.284479+00:00
POPULATION_EUROPE,sk:country,2011,2026-09-15T16:26:52.284479+00:00,5392446.0,final,2011-01-01,2011-12-31,1,2026-09-15T16:26:52.284479+00:00
POPULATION_EUROPE,sk:country,2012,2026-09-15T16:26:52.284479+00:00,5404322.0,final,2012-01-01,2012-12-31,1,2026-09-15T16:26:52.284479+00:00
POPULATION_EUROPE,sk:country,2013,2026-09-15T16:26:52.284479+00:00,5410836.0,final,2013-01-01,2013-12-31,1,2026-09-15T16:26:52.284479+00:00
POPULATION_EUROPE,sk:country,2014,2026-09-15T16:26:52.284479+00:00,5415949.0,final,2014-01-01,2014-12-31,1,2026-09-15T16:26:52.284479+00:00
POPULATION_EUROPE,sk:country,2015,2026-09-15T16:26:52.284479+00:00,5421349.0,final,2015-01-01,2015-12-31,1,2026-09-15T16:26:52.284479+00:00
POPULATION_EUROPE,sk:country,2016,2026-09-15T16:26:52.284479+00:00,5426252.0,final,2016-01-01,2016-12-31,1,2026-09-15T16:26:52.284479+00:00
POPULATION_EUROPE,sk:country,2017,2026-09-15T16:26:52.284479+00:00,5435343.0,final,2017-01-01,2017-12-31,1,2026-09-15T16:26:52.284479+00:00
POPULATION_EUROPE,sk:country,2018,2026-09-15T16:26:52.284479+00:00,5443120.0,final,2018-01-01,2018-12-31,1,2026-09-15T16:26:52.284479+00:00
POPULATION_EUROPE,sk:country,2019,2026-09-15T16:26:52.284479+00:00,5450421.0,final,2019-01-01,2019-12-31,1,2026-09-15T16:26:52.284479+00:00
POPULATION_EUROPE,sk:country,2020,2026-09-15T16:26:52.284479+00:00,5457873.0,final,2020-01-01,2020-12-31,1,2026-09-15T16:26:52.284479+00:00
POPULATION_EUROPE,sk:country,2021,2026-09-15T16:26:52.284479+00:00,5459781.0,final,2021-01-01,2021-12-31,1,2026-09-15T16:26:52.284479+00:00
POPULATION_EUROPE,sk:country,2022,2026-09-15T16:26:52.284479+00:00,5434712.0,final,2022-01-01,2022-12-31,1,2026-09-15T16:26:52.284479+00:00
POPULATION_EUROPE,sk:country,2023,2026-09-15T16:26:52.284479+00:00,5428792.0,final,2023-01-01,2023-12-31,1,2026-09-15T16:26:52.284479+00:00
POPULATION_EUROPE,sk:country,2024,2026-09-15T16:26:52.284479+00:00,5424687.0,final,2024-01-01,2024-12-31,1,2026-09-15T16:26:52.284479+00:00
POPULATION_EUROPE,sk:country,2025,2026-09-15T16:26:52.284479+00:00,5419451.0,final,2025-01-01,2025-12-31,1,2026-09-15T16:26:52.284479+00:00
POPULATION_EUROPE,tr:country,2008,2026-09-15T16:26:52.284479+00:00,70586256.0,final,2008-01-01,2008-12-31,1,2026-09-15T16:26:52.284479+00:00
POPULATION_EUROPE,tr:country,2009,2026-09-15T16:26:52.284479+00:00,71517100.0,final,2009-01-01,2009-12-31,1,2026-09-15T16:26:52.284479+00:00
POPULATION_EUROPE,tr:country,2010,2026-09-15T16:26:52.284479+00:00,72561312.0,final,2010-01-01,2010-12-31,1,2026-09-15T16:26:52.284479+00:00
POPULATION_EUROPE,tr:country,2011,2026-09-15T16:26:52.284479+00:00,73722988.0,final,2011-01-01,2011-12-31,1,2026-09-15T16:26:52.284479+00:00
POPULATION_EUROPE,tr:country,2012,2026-09-15T16:26:52.284479+00:00,74724269.0,final,2012-01-01,2012-12-31,1,2026-09-15T16:26:52.284479+00:00
POPULATION_EUROPE,tr:country,2013,2026-09-15T16:26:52.284479+00:00,75627384.0,final,2013-01-01,2013-12-31,1,2026-09-15T16:26:52.284479+00:00
POPULATION_EUROPE,tr:country,2014,2026-09-15T16:26:52.284479+00:00,76667864.0,final,2014-01-01,2014-12-31,1,2026-09-15T16:26:52.284479+00:00
POPULATION_EUROPE,tr:country,2015,2026-09-15T16:26:52.284479+00:00,77695904.0,final,2015-01-01,2015-12-31,1,2026-09-15T16:26:52.284479+00:00
POPULATION_EUROPE,tr:country,2016,2026-09-15T16:26:52.284479+00:00,78741053.0,final,2016-01-01,2016-12-31,1,2026-09-15T16:26:52.284479+00:00
POPULATION_EUROPE,tr:country,2017,2026-09-15T16:26:52.284479+00:00,79814871.0,final,2017-01-01,2017-12-31,1,2026-09-15T16:26:52.284479+00:00
POPULATION_EUROPE,tr:country,2018,2026-09-15T16:26:52.284479+00:00,80810525.0,final,2018-01-01,2018-12-31,1,2026-09-15T16:26:52.284479+00:00
POPULATION_EUROPE,tr:country,2019,2026-09-15T16:26:52.284479+00:00,82003882.0,final,2019-01-01,2019-12-31,1,2026-09-15T16:26:52.284479+00:00
POPULATION_EUROPE,tr:country,2020,2026-09-15T16:26:52.284479+00:00,83154997.0,final,2020-01-01,2020-12-31,1,2026-09-15T16:26:52.284479+00:00
POPULATION_EUROPE,tr:country,2021,2026-09-15T16:26:52.284479+00:00,83614362.0,final,2021-01-01,2021-12-31,1,2026-09-15T16:26:52.284479+00:00
POPULATION_EUROPE,tr:country,2022,2026-09-15T16:26:52.284479+00:00,84680273.0,final,2022-01-01,2022-12-31,1,2026-09-15T16:26:52.284479+00:00
POPULATION_EUROPE,tr:country,2023,2026-09-15T16:26:52.284479+00:00,85279553.0,final,2023-01-01,2023-12-31,1,2026-09-15T16:26:52.284479+00:00
POPULATION_EUROPE,tr:country,2024,2026-09-15T16:26:52.284479+00:00,85372377.0,final,2024-01-01,2024-12-31,1,2026-09-15T16:26:52.284479+00:00
POPULATION_EUROPE,tr:country,2025,2026-09-15T16:26:52.284479+00:00,85664944.0,final,2025-01-01,2025-12-31,1,2026-09-15T16:26:52.284479+00:00
POPULATION_EUROPE,ua:country,2008,2026-09-15T16:26:52.284479+00:00,46192309.0,final,2008-01-01,2008-12-31,1,2026-09-15T16:26:52.284479+00:00
POPULATION_EUROPE,ua:country,2009,2026-09-15T16:26:52.284479+00:00,45963359.0,final,2009-01-01,2009-12-31,1,2026-09-15T16:26:52.284479+00:00
POPULATION_EUROPE,ua:country,2010,2026-09-15T16:26:52.284479+00:00,45782592.0,final,2010-01-01,2010-12-31,1,2026-09-15T16:26:52.284479+00:00
POPULATION_EUROPE,ua:country,2011,2026-09-15T16:26:52.284479+00:00,45598179.0,final,2011-01-01,2011-12-31,1,2026-09-15T16:26:52.284479+00:00
POPULATION_EUROPE,ua:country,2012,2026-09-15T16:26:52.284479+00:00,45453282.0,final,2012-01-01,2012-12-31,1,2026-09-15T16:26:52.284479+00:00
POPULATION_EUROPE,ua:country,2013,2026-09-15T16:26:52.284479+00:00,45372692.0,final,2013-01-01,2013-12-31,1,2026-09-15T16:26:52.284479+00:00
POPULATION_EUROPE,ua:country,2014,2026-09-15T16:26:52.284479+00:00,45245894.0,final,2014-01-01,2014-12-31,1,2026-09-15T16:26:52.284479+00:00
POPULATION_EUROPE,ua:country,2015,2026-09-15T16:26:52.284479+00:00,42759661.0,final,2015-01-01,2015-12-31,1,2026-09-15T16:26:52.284479+00:00
POPULATION_EUROPE,ua:country,2016,2026-09-15T16:26:52.284479+00:00,42590879.0,final,2016-01-01,2016-12-31,1,2026-09-15T16:26:52.284479+00:00
POPULATION_EUROPE,ua:country,2017,2026-09-15T16:26:52.284479+00:00,42414905.0,final,2017-01-01,2017-12-31,1,2026-09-15T16:26:52.284479+00:00
POPULATION_EUROPE,ua:country,2018,2026-09-15T16:26:52.284479+00:00,42216766.0,final,2018-01-01,2018-12-31,1,2026-09-15T16:26:52.284479+00:00
POPULATION_EUROPE,ua:country,2019,2026-09-15T16:26:52.284479+00:00,41983564.0,final,2019-01-01,2019-12-31,1,2026-09-15T16:26:52.284479+00:00
POPULATION_EUROPE,ua:country,2020,2026-09-15T16:26:52.284479+00:00,41732779.0,final,2020-01-01,2020-12-31,1,2026-09-15T16:26:52.284479+00:00
POPULATION_EUROPE,ua:country,2021,2026-09-15T16:26:52.284479+00:00,41418717.0,final,2021-01-01,2021-12-31,1,2026-09-15T16:26:52.284479+00:00
POPULATION_EUROPE,ua:country,2022,2026-09-15T16:26:52.284479+00:00,40997698.0,final,2022-01-01,2022-12-31,1,2026-09-15T16:26:52.284479+00:00
