indicator_id,geo_id,period,vintage,value,status,period_start,period_end,is_latest,created_at
VALUE_ADDED_TOTAL_EUROPE,al:country,2008,2026-09-15T16:26:52.284479+00:00,7320.9,final,2008-01-01,2008-12-31,1,2026-09-15T16:26:52.284479+00:00
VALUE_ADDED_TOTAL_EUROPE,al:country,2009,2026-09-15T16:26:52.284479+00:00,7543.8,final,2009-01-01,2009-12-31,1,2026-09-15T16:26:52.284479+00:00
VALUE_ADDED_TOTAL_EUROPE,al:country,2010,2026-09-15T16:26:52.284479+00:00,7762.8,final,2010-01-01,2010-12-31,1,2026-09-15T16:26:52.284479+00:00
VALUE_ADDED_TOTAL_EUROPE,al:country,2011,2026-09-15T16:26:52.284479+00:00,8031.7,final,2011-01-01,2011-12-31,1,2026-09-15T16:26:52.284479+00:00
VALUE_ADDED_TOTAL_EUROPE,al:country,2012,2026-09-15T16:26:52.284479+00:00,8112.3,final,2012-01-01,2012-12-31,1,2026-09-15T16:26:52.284479+00:00
VALUE_ADDED_TOTAL_EUROPE,al:country,2013,2026-09-15T16:26:52.284479+00:00,8256.0,final,2013-01-01,2013-12-31,1,2026-09-15T16:26:52.284479+00:00
VALUE_ADDED_TOTAL_EUROPE,al:country,2014,2026-09-15T16:26:52.284479+00:00,8410.0,final,2014-01-01,2014-12-31,1,2026-09-15T16:26:52.284479+00:00
VALUE_ADDED_TOTAL_EUROPE,al:country,2015,2026-09-15T16:26:52.284479+00:00,8616.7,final,2015-01-01,2015-12-31,1,2026-09-15T16:26:52.284479+00:00
VALUE_ADDED_TOTAL_EUROPE,al:country,2016,2026-09-15T16:26:52.284479+00:00,8952.0,final,2016-01-01,2016-12-31,1,2026-09-15T16:26:52.284479+00:00
VALUE_ADDED_TOTAL_EUROPE,al:country,2017,2026-09-15T16:26:52.284479+00:00,9261.1,final,2017-01-01,2017-12-31,1,2026-09-15T16:26:52.284479+00:00
VALUE_ADDED_TOTAL_EUROPE,al:country,2018,2026-09-15T16:26:52.284479+00:00,9607.7,final,2018-01-01,2018-12-31,1,2026-09-15T16:26:52.284479+00:00
VALUE_ADDED_TOTAL_EUROPE,al:country,2019,2026-09-15T16:26:52.284479+00:00,9861.1,final,2019-01-01,2019-12-31,1,2026-09-15T16:26:52.284479+00:00
VALUE_ADDED_TOTAL_EUROPE,al:country,2020,2026-09-15T16:26:52.284479+00:00,9621.7,final,2020-01-01,2020-12-31,1,2026-09-15T16:26:52.284479+00:00
VALUE_ADDED_TOTAL_EUROPE,al:country,2021,2026-09-15T16:26:52.284479+00:00,10282.8,final,2021-01-01,2021-12-31,1,2026-09-15T16:26:52.284479+00:00
VALUE_ADDED_TOTAL_EUROPE,al:country,2022,2026-09-15T16:26:52.284479+00:00,10820.2,final,2022-01-01,2022-12-31,1,2026-09-15T16:26:52.284479+00:00
VALUE_ADDED_TOTAL_EUROPE,al:country,2023,2026-09-15T16:26:52.284479+00:00,11356.1,final,2023-01-01,2023-12-31,1,2026-09-15T16:26:52.284479+00:00
VALUE_ADDED_TOTAL_EUROPE,al:country,2024,2026-09-15T16:26:52.284479+00:00,11718.9,provisional,2024-01-01,2024-12-31,1,2026-09-15T16:26:52.284479+00:00
VALUE_ADDED_TOTAL_EUROPE,at:country,2008,2026-09-15T16:26:52.284479+00:00,267521.4,final,2008-01-01,2008-12-31,1,2026-09-15T16:26:52.284479+00:00
VALUE_ADDED_TOTAL_EUROPE,at:country,2009,2026-09-15T16:26:52.284479+00:00,256808.8,final,2009-01-01,2009-12-31,1,2026-09-15T16:26:52.284479+00:00
VALUE_ADDED_TOTAL_EUROPE,at:country,2010,2026-09-15T16:26:52.284479+00:00,261615.0,final,2010-01-01,2010-12-31,1,2026-09-15T16:26:52.284479+00:00
VALUE_ADDED_TOTAL_EUROPE,at:country,2011,2026-09-15T16:26:52.284479+00:00,270133.0,final,2011-01-01,2011-12-31,1,2026-09-15T16:26:52.284479+00:00
VALUE_ADDED_TOTAL_EUROPE,at:country,2012,2026-09-15T16:26:52.284479+00:00,271354.9,final,2012-01-01,2012-12-31,1,2026-09-15T16:26:52.284479+00:00
VALUE_ADDED_TOTAL_EUROPE,at:country,2013,2026-09-15T16:26:52.284479+00:00,271001.3,final,2013-01-01,2013-12-31,1,2026-09-15T16:26:52.284479+00:00
VALUE_ADDED_TOTAL_EUROPE,at:country,2014,2026-09-15T16:26:52.284479+00:00,273018.7,final,2014-01-01,2014-12-31,1,2026-09-15T16:26:52.284479+00:00
VALUE_ADDED_TOTAL_EUROPE,at:country,2015,2026-09-15T16:26:52.284479+00:00,275958.1,final,2015-01-01,2015-12-31,1,2026-09-15T16:26:52.284479+00:00
VALUE_ADDED_TOTAL_EUROPE,at:country,2016,2026-09-15T16:26:52.284479+00:00,281700.5,final,2016-01-01,2016-12-31,1,2026-09-15T16:26:52.284479+00:00
VALUE_ADDED_TOTAL_EUROPE,at:country,2017,2026-09-15T16:26:52.284479+00:00,288454.7,final,2017-01-01,2017-12-31,1,2026-09-15T16:26:52.284479+00:00
VALUE_ADDED_TOTAL_EUROPE,at:country,2018,2026-09-15T16:26:52.284479+00:00,296325.7,final,2018-01-01,2018-12-31,1,2026-09-15T16:26:52.284479+00:00
VALUE_ADDED_TOTAL_EUROPE,at:country,2019,2026-09-15T16:26:52.284479+00:00,301622.4,final,2019-01-01,2019-12-31,1,2026-09-15T16:26:52.284479+00:00
VALUE_ADDED_TOTAL_EUROPE,at:country,2020,2026-09-15T16:26:52.284479+00:00,283070.8,final,2020-01-01,2020-12-31,1,2026-09-15T16:26:52.284479+00:00
VALUE_ADDED_TOTAL_EUROPE,at:country,2021,2026-09-15T16:26:52.284479+00:00,295800.8,final,2021-01-01,2021-12-31,1,2026-09-15T16:26:52.284479+00:00
VALUE_ADDED_TOTAL_EUROPE,at:country,2022,2026-09-15T16:26:52.284479+00:00,314951.3,final,2022-01-01,2022-12-31,1,2026-09-15T16:26:52.284479+00:00
VALUE_ADDED_TOTAL_EUROPE,at:country,2023,2026-09-15T16:26:52.284479+00:00,311699.6,final,2023-01-01,2023-12-31,1,2026-09-15T16:26:52.284479+00:00
VALUE_ADDED_TOTAL_EUROPE,at:country,2024,2026-09-15T16:26:52.284479+00:00,308724.5,final,2024-01-01,2024-12-31,1,2026-09-15T16:26:52.284479+00:00
VALUE_ADDED_TOTAL_EUROPE,at:country,2025,2026-09-15T16:26:52.284479+00:00,310794.1,final,2025-01-01,2025-12-31,1,2026-09-15T16:26:52.284479+00:00
VALUE_ADDED_TOTAL_EUROPE,ba:country,2008,2026-09-15T16:26:52.284479+00:00,11190.8,final,2008-01-01,2008-12-31,1,2026-09-15T16:26:52.284479+00:00
VALUE_ADDED_TOTAL_EUROPE,ba:country,2009,2026-09-15T16:26:52.284479+00:00,10912.4,final,2009-01-01,2009-12-31,1,2026-09-15T16:26:52.284479+00:00
VALUE_ADDED_TOTAL_EUROPE,ba:country,2010,2026-09-15T16:26:52.284479+00:00,10992.4,final,2010-01-01,2010-12-31,1,2026-09-15T16:26:52.284479+00:00
VALUE_ADDED_TOTAL_EUROPE,ba:country,2011,2026-09-15T16:26:52.284479+00:00,11106.6,final,2011-01-01,2011-12-31,1,2026-09-15T16:26:52.284479+00:00
VALUE_ADDED_TOTAL_EUROPE,ba:country,2012,2026-09-15T16:26:52.284479+00:00,11018.7,final,2012-01-01,2012-12-31,1,2026-09-15T16:26:52.284479+00:00
VALUE_ADDED_TOTAL_EUROPE,ba:country,2013,2026-09-15T16:26:52.284479+00:00,11284.0,final,2013-01-01,2013-12-31,1,2026-09-15T16:26:52.284479+00:00
VALUE_ADDED_TOTAL_EUROPE,ba:country,2014,2026-09-15T16:26:52.284479+00:00,11415.5,final,2014-01-01,2014-12-31,1,2026-09-15T16:26:52.284479+00:00
VALUE_ADDED_TOTAL_EUROPE,ba:country,2015,2026-09-15T16:26:52.284479+00:00,11572.7,final,2015-01-01,2015-12-31,1,2026-09-15T16:26:52.284479+00:00
VALUE_ADDED_TOTAL_EUROPE,ba:country,2016,2026-09-15T16:26:52.284479+00:00,11943.0,final,2016-01-01,2016-12-31,1,2026-09-15T16:26:52.284479+00:00
VALUE_ADDED_TOTAL_EUROPE,ba:country,2017,2026-09-15T16:26:52.284479+00:00,12338.8,final,2017-01-01,2017-12-31,1,2026-09-15T16:26:52.284479+00:00
VALUE_ADDED_TOTAL_EUROPE,ba:country,2018,2026-09-15T16:26:52.284479+00:00,12805.5,final,2018-01-01,2018-12-31,1,2026-09-15T16:26:52.284479+00:00
VALUE_ADDED_TOTAL_EUROPE,ba:country,2019,2026-09-15T16:26:52.284479+00:00,13170.3,final,2019-01-01,2019-12-31,1,2026-09-15T16:26:52.284479+00:00
VALUE_ADDED_TOTAL_EUROPE,ba:country,2020,2026-09-15T16:26:52.284479+00:00,12809.2,final,2020-01-01,2020-12-31,1,2026-09-15T16:26:52.284479+00:00
VALUE_ADDED_TOTAL_EUROPE,ba:country,2021,2026-09-15T16:26:52.284479+00:00,13701.9,final,2021-01-01,2021-12-31,1,2026-09-15T16:26:52.284479+00:00
VALUE_ADDED_TOTAL_EUROPE,ba:country,2022,2026-09-15T16:26:52.284479+00:00,14272.2,final,2022-01-01,2022-12-31,1,2026-09-15T16:26:52.284479+00:00
VALUE_ADDED_TOTAL_EUROPE,ba:country,2023,2026-09-15T16:26:52.284479+00:00,14564.1,final,2023-01-01,2023-12-31,1,2026-09-15T16:26:52.284479+00:00
VALUE_ADDED_TOTAL_EUROPE,ba:country,2024,2026-09-15T16:26:52.284479+00:00,14986.6,final,2024-01-01,2024-12-31,1,2026-09-15T16:26:52.284479+00:00
VALUE_ADDED_TOTAL_EUROPE,ba:country,2025,2026-09-15T16:26:52.284479+00:00,15228.3,final,2025-01-01,2025-12-31,1,2026-09-15T16:26:52.284479+00:00
VALUE_ADDED_TOTAL_EUROPE,be:country,2008,2026-09-15T16:26:52.284479+00:00,322135.5,final,2008-01-01,2008-12-31,1,2026-09-15T16:26:52.284479+00:00
VALUE_ADDED_TOTAL_EUROPE,be:country,2009,2026-09-15T16:26:52.284479+00:00,316190.0,final,2009-01-01,2009-12-31,1,2026-09-15T16:26:52.284479+00:00
VALUE_ADDED_TOTAL_EUROPE,be:country,2010,2026-09-15T16:26:52.284479+00:00,324827.0,final,2010-01-01,2010-12-31,1,2026-09-15T16:26:52.284479+00:00
VALUE_ADDED_TOTAL_EUROPE,be:country,2011,2026-09-15T16:26:52.284479+00:00,332148.7,final,2011-01-01,2011-12-31,1,2026-09-15T16:26:52.284479+00:00
VALUE_ADDED_TOTAL_EUROPE,be:country,2012,2026-09-15T16:26:52.284479+00:00,332823.3,final,2012-01-01,2012-12-31,1,2026-09-15T16:26:52.284479+00:00
VALUE_ADDED_TOTAL_EUROPE,be:country,2013,2026-09-15T16:26:52.284479+00:00,333595.1,final,2013-01-01,2013-12-31,1,2026-09-15T16:26:52.284479+00:00
VALUE_ADDED_TOTAL_EUROPE,be:country,2014,2026-09-15T16:26:52.284479+00:00,339893.5,final,2014-01-01,2014-12-31,1,2026-09-15T16:26:52.284479+00:00
VALUE_ADDED_TOTAL_EUROPE,be:country,2015,2026-09-15T16:26:52.284479+00:00,345146.5,final,2015-01-01,2015-12-31,1,2026-09-15T16:26:52.284479+00:00
VALUE_ADDED_TOTAL_EUROPE,be:country,2016,2026-09-15T16:26:52.284479+00:00,348146.0,final,2016-01-01,2016-12-31,1,2026-09-15T16:26:52.284479+00:00
VALUE_ADDED_TOTAL_EUROPE,be:country,2017,2026-09-15T16:26:52.284479+00:00,353113.3,final,2017-01-01,2017-12-31,1,2026-09-15T16:26:52.284479+00:00
VALUE_ADDED_TOTAL_EUROPE,be:country,2018,2026-09-15T16:26:52.284479+00:00,359899.9,final,2018-01-01,2018-12-31,1,2026-09-15T16:26:52.284479+00:00
VALUE_ADDED_TOTAL_EUROPE,be:country,2019,2026-09-15T16:26:52.284479+00:00,369298.9,final,2019-01-01,2019-12-31,1,2026-09-15T16:26:52.284479+00:00
VALUE_ADDED_TOTAL_EUROPE,be:country,2020,2026-09-15T16:26:52.284479+00:00,353774.9,final,2020-01-01,2020-12-31,1,2026-09-15T16:26:52.284479+00:00
VALUE_ADDED_TOTAL_EUROPE,be:country,2021,2026-09-15T16:26:52.284479+00:00,373916.9,final,2021-01-01,2021-12-31,1,2026-09-15T16:26:52.284479+00:00
VALUE_ADDED_TOTAL_EUROPE,be:country,2022,2026-09-15T16:26:52.284479+00:00,389958.1,final,2022-01-01,2022-12-31,1,2026-09-15T16:26:52.284479+00:00
VALUE_ADDED_TOTAL_EUROPE,be:country,2023,2026-09-15T16:26:52.284479+00:00,396994.8,final,2023-01-01,2023-12-31,1,2026-09-15T16:26:52.284479+00:00
VALUE_ADDED_TOTAL_EUROPE,be:country,2024,2026-09-15T16:26:52.284479+00:00,400671.7,provisional,2024-01-01,2024-12-31,1,2026-09-15T16:26:52.284479+00:00
VALUE_ADDED_TOTAL_EUROPE,be:country,2025,2026-09-15T16:26:52.284479+00:00,404321.3,provisional,2025-01-01,2025-12-31,1,2026-09-15T16:26:52.284479+00:00
VALUE_ADDED_TOTAL_EUROPE,bg:country,2008,2026-09-15T16:26:52.284479+00:00,33105.5,final,2008-01-01,2008-12-31,1,2026-09-15T16:26:52.284479+00:00
VALUE_ADDED_TOTAL_EUROPE,bg:country,2009,2026-09-15T16:26:52.284479+00:00,32821.2,final,2009-01-01,2009-12-31,1,2026-09-15T16:26:52.284479+00:00
VALUE_ADDED_TOTAL_EUROPE,bg:country,2010,2026-09-15T16:26:52.284479+00:00,33421.8,final,2010-01-01,2010-12-31,1,2026-09-15T16:26:52.284479+00:00
VALUE_ADDED_TOTAL_EUROPE,bg:country,2011,2026-09-15T16:26:52.284479+00:00,34057.0,final,2011-01-01,2011-12-31,1,2026-09-15T16:26:52.284479+00:00
VALUE_ADDED_TOTAL_EUROPE,bg:country,2012,2026-09-15T16:26:52.284479+00:00,34143.2,final,2012-01-01,2012-12-31,1,2026-09-15T16:26:52.284479+00:00
VALUE_ADDED_TOTAL_EUROPE,bg:country,2013,2026-09-15T16:26:52.284479+00:00,33580.5,final,2013-01-01,2013-12-31,1,2026-09-15T16:26:52.284479+00:00
VALUE_ADDED_TOTAL_EUROPE,bg:country,2014,2026-09-15T16:26:52.284479+00:00,33903.4,final,2014-01-01,2014-12-31,1,2026-09-15T16:26:52.284479+00:00
VALUE_ADDED_TOTAL_EUROPE,bg:country,2015,2026-09-15T16:26:52.284479+00:00,34901.2,final,2015-01-01,2015-12-31,1,2026-09-15T16:26:52.284479+00:00
VALUE_ADDED_TOTAL_EUROPE,bg:country,2016,2026-09-15T16:26:52.284479+00:00,35800.5,final,2016-01-01,2016-12-31,1,2026-09-15T16:26:52.284479+00:00
VALUE_ADDED_TOTAL_EUROPE,bg:country,2017,2026-09-15T16:26:52.284479+00:00,36975.2,final,2017-01-01,2017-12-31,1,2026-09-15T16:26:52.284479+00:00
VALUE_ADDED_TOTAL_EUROPE,bg:country,2018,2026-09-15T16:26:52.284479+00:00,38109.2,final,2018-01-01,2018-12-31,1,2026-09-15T16:26:52.284479+00:00
VALUE_ADDED_TOTAL_EUROPE,bg:country,2019,2026-09-15T16:26:52.284479+00:00,39420.4,final,2019-01-01,2019-12-31,1,2026-09-15T16:26:52.284479+00:00
VALUE_ADDED_TOTAL_EUROPE,bg:country,2020,2026-09-15T16:26:52.284479+00:00,38223.4,final,2020-01-01,2020-12-31,1,2026-09-15T16:26:52.284479+00:00
VALUE_ADDED_TOTAL_EUROPE,bg:country,2021,2026-09-15T16:26:52.284479+00:00,41354.3,final,2021-01-01,2021-12-31,1,2026-09-15T16:26:52.284479+00:00
VALUE_ADDED_TOTAL_EUROPE,bg:country,2022,2026-09-15T16:26:52.284479+00:00,43634.9,final,2022-01-01,2022-12-31,1,2026-09-15T16:26:52.284479+00:00
VALUE_ADDED_TOTAL_EUROPE,bg:country,2023,2026-09-15T16:26:52.284479+00:00,44085.6,final,2023-01-01,2023-12-31,1,2026-09-15T16:26:52.284479+00:00
VALUE_ADDED_TOTAL_EUROPE,bg:country,2024,2026-09-15T16:26:52.284479+00:00,45314.6,final,2024-01-01,2024-12-31,1,2026-09-15T16:26:52.284479+00:00
VALUE_ADDED_TOTAL_EUROPE,bg:country,2025,2026-09-15T16:26:52.284479+00:00,46474.5,provisional,2025-01-01,2025-12-31,1,2026-09-15T16:26:52.284479+00:00
VALUE_ADDED_TOTAL_EUROPE,ch:country,2008,2026-09-15T16:26:52.284479+00:00,439294.6,final,2008-01-01,2008-12-31,1,2026-09-15T16:26:52.284479+00:00
VALUE_ADDED_TOTAL_EUROPE,ch:country,2009,2026-09-15T16:26:52.284479+00:00,430846.6,final,2009-01-01,2009-12-31,1,2026-09-15T16:26:52.284479+00:00
VALUE_ADDED_TOTAL_EUROPE,ch:country,2010,2026-09-15T16:26:52.284479+00:00,444532.9,final,2010-01-01,2010-12-31,1,2026-09-15T16:26:52.284479+00:00
VALUE_ADDED_TOTAL_EUROPE,ch:country,2011,2026-09-15T16:26:52.284479+00:00,451456.1,final,2011-01-01,2011-12-31,1,2026-09-15T16:26:52.284479+00:00
VALUE_ADDED_TOTAL_EUROPE,ch:country,2012,2026-09-15T16:26:52.284479+00:00,457078.6,final,2012-01-01,2012-12-31,1,2026-09-15T16:26:52.284479+00:00
VALUE_ADDED_TOTAL_EUROPE,ch:country,2013,2026-09-15T16:26:52.284479+00:00,465671.6,final,2013-01-01,2013-12-31,1,2026-09-15T16:26:52.284479+00:00
VALUE_ADDED_TOTAL_EUROPE,ch:country,2014,2026-09-15T16:26:52.284479+00:00,477564.3,final,2014-01-01,2014-12-31,1,2026-09-15T16:26:52.284479+00:00
VALUE_ADDED_TOTAL_EUROPE,ch:country,2015,2026-09-15T16:26:52.284479+00:00,484564.4,final,2015-01-01,2015-12-31,1,2026-09-15T16:26:52.284479+00:00
VALUE_ADDED_TOTAL_EUROPE,ch:country,2016,2026-09-15T16:26:52.284479+00:00,493700.9,final,2016-01-01,2016-12-31,1,2026-09-15T16:26:52.284479+00:00
VALUE_ADDED_TOTAL_EUROPE,ch:country,2017,2026-09-15T16:26:52.284479+00:00,500678.8,final,2017-01-01,2017-12-31,1,2026-09-15T16:26:52.284479+00:00
VALUE_ADDED_TOTAL_EUROPE,ch:country,2018,2026-09-15T16:26:52.284479+00:00,518300.8,final,2018-01-01,2018-12-31,1,2026-09-15T16:26:52.284479+00:00
VALUE_ADDED_TOTAL_EUROPE,ch:country,2019,2026-09-15T16:26:52.284479+00:00,524386.8,final,2019-01-01,2019-12-31,1,2026-09-15T16:26:52.284479+00:00
VALUE_ADDED_TOTAL_EUROPE,ch:country,2020,2026-09-15T16:26:52.284479+00:00,513151.5,final,2020-01-01,2020-12-31,1,2026-09-15T16:26:52.284479+00:00
VALUE_ADDED_TOTAL_EUROPE,ch:country,2021,2026-09-15T16:26:52.284479+00:00,544967.7,final,2021-01-01,2021-12-31,1,2026-09-15T16:26:52.284479+00:00
VALUE_ADDED_TOTAL_EUROPE,ch:country,2022,2026-09-15T16:26:52.284479+00:00,564202.5,final,2022-01-01,2022-12-31,1,2026-09-15T16:26:52.284479+00:00
VALUE_ADDED_TOTAL_EUROPE,ch:country,2023,2026-09-15T16:26:52.284479+00:00,569373.1,final,2023-01-01,2023-12-31,1,2026-09-15T16:26:52.284479+00:00
VALUE_ADDED_TOTAL_EUROPE,ch:country,2024,2026-09-15T16:26:52.284479+00:00,577736.8,final,2024-01-01,2024-12-31,1,2026-09-15T16:26:52.284479+00:00
VALUE_ADDED_TOTAL_EUROPE,ch:country,2025,2026-09-15T16:26:52.284479+00:00,585142.4,final,2025-01-01,2025-12-31,1,2026-09-15T16:26:52.284479+00:00
VALUE_ADDED_TOTAL_EUROPE,cy:country,2008,2026-09-15T16:26:52.284479+00:00,17116.4,final,2008-01-01,2008-12-31,1,2026-09-15T16:26:52.284479+00:00
VALUE_ADDED_TOTAL_EUROPE,cy:country,2009,2026-09-15T16:26:52.284479+00:00,16771.4,final,2009-01-01,2009-12-31,1,2026-09-15T16:26:52.284479+00:00
VALUE_ADDED_TOTAL_EUROPE,cy:country,2010,2026-09-15T16:26:52.284479+00:00,17160.5,final,2010-01-01,2010-12-31,1,2026-09-15T16:26:52.284479+00:00
VALUE_ADDED_TOTAL_EUROPE,cy:country,2011,2026-09-15T16:26:52.284479+00:00,17232.0,final,2011-01-01,2011-12-31,1,2026-09-15T16:26:52.284479+00:00
VALUE_ADDED_TOTAL_EUROPE,cy:country,2012,2026-09-15T16:26:52.284479+00:00,16637.9,final,2012-01-01,2012-12-31,1,2026-09-15T16:26:52.284479+00:00
VALUE_ADDED_TOTAL_EUROPE,cy:country,2013,2026-09-15T16:26:52.284479+00:00,15541.9,final,2013-01-01,2013-12-31,1,2026-09-15T16:26:52.284479+00:00
VALUE_ADDED_TOTAL_EUROPE,cy:country,2014,2026-09-15T16:26:52.284479+00:00,15265.9,final,2014-01-01,2014-12-31,1,2026-09-15T16:26:52.284479+00:00
VALUE_ADDED_TOTAL_EUROPE,cy:country,2015,2026-09-15T16:26:52.284479+00:00,15763.5,final,2015-01-01,2015-12-31,1,2026-09-15T16:26:52.284479+00:00
VALUE_ADDED_TOTAL_EUROPE,cy:country,2016,2026-09-15T16:26:52.284479+00:00,16799.8,final,2016-01-01,2016-12-31,1,2026-09-15T16:26:52.284479+00:00
VALUE_ADDED_TOTAL_EUROPE,cy:country,2017,2026-09-15T16:26:52.284479+00:00,17769.1,final,2017-01-01,2017-12-31,1,2026-09-15T16:26:52.284479+00:00
VALUE_ADDED_TOTAL_EUROPE,cy:country,2018,2026-09-15T16:26:52.284479+00:00,18903.5,final,2018-01-01,2018-12-31,1,2026-09-15T16:26:52.284479+00:00
VALUE_ADDED_TOTAL_EUROPE,cy:country,2019,2026-09-15T16:26:52.284479+00:00,20051.2,final,2019-01-01,2019-12-31,1,2026-09-15T16:26:52.284479+00:00
VALUE_ADDED_TOTAL_EUROPE,cy:country,2020,2026-09-15T16:26:52.284479+00:00,19422.1,final,2020-01-01,2020-12-31,1,2026-09-15T16:26:52.284479+00:00
VALUE_ADDED_TOTAL_EUROPE,cy:country,2021,2026-09-15T16:26:52.284479+00:00,21634.4,final,2021-01-01,2021-12-31,1,2026-09-15T16:26:52.284479+00:00
VALUE_ADDED_TOTAL_EUROPE,cy:country,2022,2026-09-15T16:26:52.284479+00:00,23502.6,final,2022-01-01,2022-12-31,1,2026-09-15T16:26:52.284479+00:00
VALUE_ADDED_TOTAL_EUROPE,cy:country,2023,2026-09-15T16:26:52.284479+00:00,24353.5,final,2023-01-01,2023-12-31,1,2026-09-15T16:26:52.284479+00:00
VALUE_ADDED_TOTAL_EUROPE,cy:country,2024,2026-09-15T16:26:52.284479+00:00,25313.2,provisional,2024-01-01,2024-12-31,1,2026-09-15T16:26:52.284479+00:00
VALUE_ADDED_TOTAL_EUROPE,cy:country,2025,2026-09-15T16:26:52.284479+00:00,26268.1,provisional,2025-01-01,2025-12-31,1,2026-09-15T16:26:52.284479+00:00
VALUE_ADDED_TOTAL_EUROPE,cz:country,2008,2026-09-15T16:26:52.284479+00:00,147912.7,final,2008-01-01,2008-12-31,1,2026-09-15T16:26:52.284479+00:00
VALUE_ADDED_TOTAL_EUROPE,cz:country,2009,2026-09-15T16:26:52.284479+00:00,139869.9,final,2009-01-01,2009-12-31,1,2026-09-15T16:26:52.284479+00:00
VALUE_ADDED_TOTAL_EUROPE,cz:country,2010,2026-09-15T16:26:52.284479+00:00,144502.8,final,2010-01-01,2010-12-31,1,2026-09-15T16:26:52.284479+00:00
VALUE_ADDED_TOTAL_EUROPE,cz:country,2011,2026-09-15T16:26:52.284479+00:00,147059.4,final,2011-01-01,2011-12-31,1,2026-09-15T16:26:52.284479+00:00
VALUE_ADDED_TOTAL_EUROPE,cz:country,2012,2026-09-15T16:26:52.284479+00:00,145850.5,final,2012-01-01,2012-12-31,1,2026-09-15T16:26:52.284479+00:00
VALUE_ADDED_TOTAL_EUROPE,cz:country,2013,2026-09-15T16:26:52.284479+00:00,145833.5,final,2013-01-01,2013-12-31,1,2026-09-15T16:26:52.284479+00:00
VALUE_ADDED_TOTAL_EUROPE,cz:country,2014,2026-09-15T16:26:52.284479+00:00,149966.3,final,2014-01-01,2014-12-31,1,2026-09-15T16:26:52.284479+00:00
VALUE_ADDED_TOTAL_EUROPE,cz:country,2015,2026-09-15T16:26:52.284479+00:00,156489.8,final,2015-01-01,2015-12-31,1,2026-09-15T16:26:52.284479+00:00
VALUE_ADDED_TOTAL_EUROPE,cz:country,2016,2026-09-15T16:26:52.284479+00:00,160474.4,final,2016-01-01,2016-12-31,1,2026-09-15T16:26:52.284479+00:00
VALUE_ADDED_TOTAL_EUROPE,cz:country,2017,2026-09-15T16:26:52.284479+00:00,168829.4,final,2017-01-01,2017-12-31,1,2026-09-15T16:26:52.284479+00:00
VALUE_ADDED_TOTAL_EUROPE,cz:country,2018,2026-09-15T16:26:52.284479+00:00,173847.2,final,2018-01-01,2018-12-31,1,2026-09-15T16:26:52.284479+00:00
VALUE_ADDED_TOTAL_EUROPE,cz:country,2019,2026-09-15T16:26:52.284479+00:00,180104.9,final,2019-01-01,2019-12-31,1,2026-09-15T16:26:52.284479+00:00
VALUE_ADDED_TOTAL_EUROPE,cz:country,2020,2026-09-15T16:26:52.284479+00:00,171008.3,final,2020-01-01,2020-12-31,1,2026-09-15T16:26:52.284479+00:00
VALUE_ADDED_TOTAL_EUROPE,cz:country,2021,2026-09-15T16:26:52.284479+00:00,177727.8,final,2021-01-01,2021-12-31,1,2026-09-15T16:26:52.284479+00:00
VALUE_ADDED_TOTAL_EUROPE,cz:country,2022,2026-09-15T16:26:52.284479+00:00,182888.2,final,2022-01-01,2022-12-31,1,2026-09-15T16:26:52.284479+00:00
VALUE_ADDED_TOTAL_EUROPE,cz:country,2023,2026-09-15T16:26:52.284479+00:00,183914.1,final,2023-01-01,2023-12-31,1,2026-09-15T16:26:52.284479+00:00
VALUE_ADDED_TOTAL_EUROPE,cz:country,2024,2026-09-15T16:26:52.284479+00:00,185167.7,final,2024-01-01,2024-12-31,1,2026-09-15T16:26:52.284479+00:00
VALUE_ADDED_TOTAL_EUROPE,cz:country,2025,2026-09-15T16:26:52.284479+00:00,190196.5,final,2025-01-01,2025-12-31,1,2026-09-15T16:26:52.284479+00:00
VALUE_ADDED_TOTAL_EUROPE,de:country,2008,2026-09-15T16:26:52.284479+00:00,2386721.2,final,2008-01-01,2008-12-31,1,2026-09-15T16:26:52.284479+00:00
VALUE_ADDED_TOTAL_EUROPE,de:country,2009,2026-09-15T16:26:52.284479+00:00,2238193.0,final,2009-01-01,2009-12-31,1,2026-09-15T16:26:52.284479+00:00
VALUE_ADDED_TOTAL_EUROPE,de:country,2010,2026-09-15T16:26:52.284479+00:00,2341162.0,final,2010-01-01,2010-12-31,1,2026-09-15T16:26:52.284479+00:00
VALUE_ADDED_TOTAL_EUROPE,de:country,2011,2026-09-15T16:26:52.284479+00:00,2429383.5,final,2011-01-01,2011-12-31,1,2026-09-15T16:26:52.284479+00:00
VALUE_ADDED_TOTAL_EUROPE,de:country,2012,2026-09-15T16:26:52.284479+00:00,2442550.9,final,2012-01-01,2012-12-31,1,2026-09-15T16:26:52.284479+00:00
VALUE_ADDED_TOTAL_EUROPE,de:country,2013,2026-09-15T16:26:52.284479+00:00,2455718.3,final,2013-01-01,2013-12-31,1,2026-09-15T16:26:52.284479+00:00
VALUE_ADDED_TOTAL_EUROPE,de:country,2014,2026-09-15T16:26:52.284479+00:00,2512601.4,final,2014-01-01,2014-12-31,1,2026-09-15T16:26:52.284479+00:00
VALUE_ADDED_TOTAL_EUROPE,de:country,2015,2026-09-15T16:26:52.284479+00:00,2551840.2,final,2015-01-01,2015-12-31,1,2026-09-15T16:26:52.284479+00:00
VALUE_ADDED_TOTAL_EUROPE,de:country,2016,2026-09-15T16:26:52.284479+00:00,2612673.6,final,2016-01-01,2016-12-31,1,2026-09-15T16:26:52.284479+00:00
VALUE_ADDED_TOTAL_EUROPE,de:country,2017,2026-09-15T16:26:52.284479+00:00,2691151.2,final,2017-01-01,2017-12-31,1,2026-09-15T16:26:52.284479+00:00
VALUE_ADDED_TOTAL_EUROPE,de:country,2018,2026-09-15T16:26:52.284479+00:00,2727229.9,final,2018-01-01,2018-12-31,1,2026-09-15T16:26:52.284479+00:00
VALUE_ADDED_TOTAL_EUROPE,de:country,2019,2026-09-15T16:26:52.284479+00:00,2749351.1,final,2019-01-01,2019-12-31,1,2026-09-15T16:26:52.284479+00:00
VALUE_ADDED_TOTAL_EUROPE,de:country,2020,2026-09-15T16:26:52.284479+00:00,2633478.1,final,2020-01-01,2020-12-31,1,2026-09-15T16:26:52.284479+00:00
VALUE_ADDED_TOTAL_EUROPE,de:country,2021,2026-09-15T16:26:52.284479+00:00,2741977.4,final,2021-01-01,2021-12-31,1,2026-09-15T16:26:52.284479+00:00
VALUE_ADDED_TOTAL_EUROPE,de:country,2022,2026-09-15T16:26:52.284479+00:00,2800703.9,final,2022-01-01,2022-12-31,1,2026-09-15T16:26:52.284479+00:00
VALUE_ADDED_TOTAL_EUROPE,de:country,2023,2026-09-15T16:26:52.284479+00:00,2783059.6,provisional,2023-01-01,2023-12-31,1,2026-09-15T16:26:52.284479+00:00
VALUE_ADDED_TOTAL_EUROPE,de:country,2024,2026-09-15T16:26:52.284479+00:00,2782796.3,provisional,2024-01-01,2024-12-31,1,2026-09-15T16:26:52.284479+00:00
VALUE_ADDED_TOTAL_EUROPE,de:country,2025,2026-09-15T16:26:52.284479+00:00,2783323.0,provisional,2025-01-01,2025-12-31,1,2026-09-15T16:26:52.284479+00:00
VALUE_ADDED_TOTAL_EUROPE,dk:country,2008,2026-09-15T16:26:52.284479+00:00,216904.4,final,2008-01-01,2008-12-31,1,2026-09-15T16:26:52.284479+00:00
VALUE_ADDED_TOTAL_EUROPE,dk:country,2009,2026-09-15T16:26:52.284479+00:00,207027.6,final,2009-01-01,2009-12-31,1,2026-09-15T16:26:52.284479+00:00
VALUE_ADDED_TOTAL_EUROPE,dk:country,2010,2026-09-15T16:26:52.284479+00:00,210164.9,final,2010-01-01,2010-12-31,1,2026-09-15T16:26:52.284479+00:00
VALUE_ADDED_TOTAL_EUROPE,dk:country,2011,2026-09-15T16:26:52.284479+00:00,213222.4,final,2011-01-01,2011-12-31,1,2026-09-15T16:26:52.284479+00:00
VALUE_ADDED_TOTAL_EUROPE,dk:country,2012,2026-09-15T16:26:52.284479+00:00,213218.1,final,2012-01-01,2012-12-31,1,2026-09-15T16:26:52.284479+00:00
VALUE_ADDED_TOTAL_EUROPE,dk:country,2013,2026-09-15T16:26:52.284479+00:00,216288.9,final,2013-01-01,2013-12-31,1,2026-09-15T16:26:52.284479+00:00
VALUE_ADDED_TOTAL_EUROPE,dk:country,2014,2026-09-15T16:26:52.284479+00:00,218736.2,final,2014-01-01,2014-12-31,1,2026-09-15T16:26:52.284479+00:00
VALUE_ADDED_TOTAL_EUROPE,dk:country,2015,2026-09-15T16:26:52.284479+00:00,223010.4,final,2015-01-01,2015-12-31,1,2026-09-15T16:26:52.284479+00:00
VALUE_ADDED_TOTAL_EUROPE,dk:country,2016,2026-09-15T16:26:52.284479+00:00,229657.3,final,2016-01-01,2016-12-31,1,2026-09-15T16:26:52.284479+00:00
VALUE_ADDED_TOTAL_EUROPE,dk:country,2017,2026-09-15T16:26:52.284479+00:00,237033.9,final,2017-01-01,2017-12-31,1,2026-09-15T16:26:52.284479+00:00
VALUE_ADDED_TOTAL_EUROPE,dk:country,2018,2026-09-15T16:26:52.284479+00:00,240734.4,final,2018-01-01,2018-12-31,1,2026-09-15T16:26:52.284479+00:00
VALUE_ADDED_TOTAL_EUROPE,dk:country,2019,2026-09-15T16:26:52.284479+00:00,244783.8,final,2019-01-01,2019-12-31,1,2026-09-15T16:26:52.284479+00:00
VALUE_ADDED_TOTAL_EUROPE,dk:country,2020,2026-09-15T16:26:52.284479+00:00,238986.2,final,2020-01-01,2020-12-31,1,2026-09-15T16:26:52.284479+00:00
VALUE_ADDED_TOTAL_EUROPE,dk:country,2021,2026-09-15T16:26:52.284479+00:00,255221.4,final,2021-01-01,2021-12-31,1,2026-09-15T16:26:52.284479+00:00
VALUE_ADDED_TOTAL_EUROPE,dk:country,2022,2026-09-15T16:26:52.284479+00:00,258719.2,final,2022-01-01,2022-12-31,1,2026-09-15T16:26:52.284479+00:00
VALUE_ADDED_TOTAL_EUROPE,dk:country,2023,2026-09-15T16:26:52.284479+00:00,263823.8,final,2023-01-01,2023-12-31,1,2026-09-15T16:26:52.284479+00:00
VALUE_ADDED_TOTAL_EUROPE,dk:country,2024,2026-09-15T16:26:52.284479+00:00,275012.8,final,2024-01-01,2024-12-31,1,2026-09-15T16:26:52.284479+00:00
VALUE_ADDED_TOTAL_EUROPE,dk:country,2025,2026-09-15T16:26:52.284479+00:00,285383.8,final,2025-01-01,2025-12-31,1,2026-09-15T16:26:52.284479+00:00
VALUE_ADDED_TOTAL_EUROPE,ea21:aggregate,2008,2026-09-15T16:26:52.284479+00:00,8902892.9,final,2008-01-01,2008-12-31,1,2026-09-15T16:26:52.284479+00:00
VALUE_ADDED_TOTAL_EUROPE,ea21:aggregate,2009,2026-09-15T16:26:52.284479+00:00,8503610.4,final,2009-01-01,2009-12-31,1,2026-09-15T16:26:52.284479+00:00
VALUE_ADDED_TOTAL_EUROPE,ea21:aggregate,2010,2026-09-15T16:26:52.284479+00:00,8687613.4,final,2010-01-01,2010-12-31,1,2026-09-15T16:26:52.284479+00:00
VALUE_ADDED_TOTAL_EUROPE,ea21:aggregate,2011,2026-09-15T16:26:52.284479+00:00,8850451.4,final,2011-01-01,2011-12-31,1,2026-09-15T16:26:52.284479+00:00
VALUE_ADDED_TOTAL_EUROPE,ea21:aggregate,2012,2026-09-15T16:26:52.284479+00:00,8780374.2,final,2012-01-01,2012-12-31,1,2026-09-15T16:26:52.284479+00:00
VALUE_ADDED_TOTAL_EUROPE,ea21:aggregate,2013,2026-09-15T16:26:52.284479+00:00,8777284.6,final,2013-01-01,2013-12-31,1,2026-09-15T16:26:52.284479+00:00
VALUE_ADDED_TOTAL_EUROPE,ea21:aggregate,2014,2026-09-15T16:26:52.284479+00:00,8904973.7,final,2014-01-01,2014-12-31,1,2026-09-15T16:26:52.284479+00:00
VALUE_ADDED_TOTAL_EUROPE,ea21:aggregate,2015,2026-09-15T16:26:52.284479+00:00,9085545.2,final,2015-01-01,2015-12-31,1,2026-09-15T16:26:52.284479+00:00
VALUE_ADDED_TOTAL_EUROPE,ea21:aggregate,2016,2026-09-15T16:26:52.284479+00:00,9245234.6,final,2016-01-01,2016-12-31,1,2026-09-15T16:26:52.284479+00:00
VALUE_ADDED_TOTAL_EUROPE,ea21:aggregate,2017,2026-09-15T16:26:52.284479+00:00,9499053.7,final,2017-01-01,2017-12-31,1,2026-09-15T16:26:52.284479+00:00
VALUE_ADDED_TOTAL_EUROPE,ea21:aggregate,2018,2026-09-15T16:26:52.284479+00:00,9677001.1,final,2018-01-01,2018-12-31,1,2026-09-15T16:26:52.284479+00:00
VALUE_ADDED_TOTAL_EUROPE,ea21:aggregate,2019,2026-09-15T16:26:52.284479+00:00,9837114.0,final,2019-01-01,2019-12-31,1,2026-09-15T16:26:52.284479+00:00
VALUE_ADDED_TOTAL_EUROPE,ea21:aggregate,2020,2026-09-15T16:26:52.284479+00:00,9265296.4,final,2020-01-01,2020-12-31,1,2026-09-15T16:26:52.284479+00:00
VALUE_ADDED_TOTAL_EUROPE,ea21:aggregate,2021,2026-09-15T16:26:52.284479+00:00,9854540.0,final,2021-01-01,2021-12-31,1,2026-09-15T16:26:52.284479+00:00
VALUE_ADDED_TOTAL_EUROPE,ea21:aggregate,2022,2026-09-15T16:26:52.284479+00:00,10250016.7,final,2022-01-01,2022-12-31,1,2026-09-15T16:26:52.284479+00:00
VALUE_ADDED_TOTAL_EUROPE,ea21:aggregate,2023,2026-09-15T16:26:52.284479+00:00,10316938.5,final,2023-01-01,2023-12-31,1,2026-09-15T16:26:52.284479+00:00
VALUE_ADDED_TOTAL_EUROPE,ea21:aggregate,2024,2026-09-15T16:26:52.284479+00:00,10441470.1,final,2024-01-01,2024-12-31,1,2026-09-15T16:26:52.284479+00:00
VALUE_ADDED_TOTAL_EUROPE,ea21:aggregate,2025,2026-09-15T16:26:52.284479+00:00,10566291.7,final,2025-01-01,2025-12-31,1,2026-09-15T16:26:52.284479+00:00
VALUE_ADDED_TOTAL_EUROPE,ee:country,2008,2026-09-15T16:26:52.284479+00:00,14626.0,final,2008-01-01,2008-12-31,1,2026-09-15T16:26:52.284479+00:00
VALUE_ADDED_TOTAL_EUROPE,ee:country,2009,2026-09-15T16:26:52.284479+00:00,12393.1,final,2009-01-01,2009-12-31,1,2026-09-15T16:26:52.284479+00:00
VALUE_ADDED_TOTAL_EUROPE,ee:country,2010,2026-09-15T16:26:52.284479+00:00,12844.4,final,2010-01-01,2010-12-31,1,2026-09-15T16:26:52.284479+00:00
VALUE_ADDED_TOTAL_EUROPE,ee:country,2011,2026-09-15T16:26:52.284479+00:00,13860.9,final,2011-01-01,2011-12-31,1,2026-09-15T16:26:52.284479+00:00
VALUE_ADDED_TOTAL_EUROPE,ee:country,2012,2026-09-15T16:26:52.284479+00:00,14300.3,final,2012-01-01,2012-12-31,1,2026-09-15T16:26:52.284479+00:00
VALUE_ADDED_TOTAL_EUROPE,ee:country,2013,2026-09-15T16:26:52.284479+00:00,14550.0,final,2013-01-01,2013-12-31,1,2026-09-15T16:26:52.284479+00:00
VALUE_ADDED_TOTAL_EUROPE,ee:country,2014,2026-09-15T16:26:52.284479+00:00,15014.2,final,2014-01-01,2014-12-31,1,2026-09-15T16:26:52.284479+00:00
VALUE_ADDED_TOTAL_EUROPE,ee:country,2015,2026-09-15T16:26:52.284479+00:00,15255.3,final,2015-01-01,2015-12-31,1,2026-09-15T16:26:52.284479+00:00
VALUE_ADDED_TOTAL_EUROPE,ee:country,2016,2026-09-15T16:26:52.284479+00:00,15684.2,final,2016-01-01,2016-12-31,1,2026-09-15T16:26:52.284479+00:00
VALUE_ADDED_TOTAL_EUROPE,ee:country,2017,2026-09-15T16:26:52.284479+00:00,16703.7,final,2017-01-01,2017-12-31,1,2026-09-15T16:26:52.284479+00:00
VALUE_ADDED_TOTAL_EUROPE,ee:country,2018,2026-09-15T16:26:52.284479+00:00,17387.6,final,2018-01-01,2018-12-31,1,2026-09-15T16:26:52.284479+00:00
VALUE_ADDED_TOTAL_EUROPE,ee:country,2019,2026-09-15T16:26:52.284479+00:00,17932.7,final,2019-01-01,2019-12-31,1,2026-09-15T16:26:52.284479+00:00
VALUE_ADDED_TOTAL_EUROPE,ee:country,2020,2026-09-15T16:26:52.284479+00:00,17448.1,final,2020-01-01,2020-12-31,1,2026-09-15T16:26:52.284479+00:00
VALUE_ADDED_TOTAL_EUROPE,ee:country,2021,2026-09-15T16:26:52.284479+00:00,18819.4,final,2021-01-01,2021-12-31,1,2026-09-15T16:26:52.284479+00:00
VALUE_ADDED_TOTAL_EUROPE,ee:country,2022,2026-09-15T16:26:52.284479+00:00,18972.9,final,2022-01-01,2022-12-31,1,2026-09-15T16:26:52.284479+00:00
VALUE_ADDED_TOTAL_EUROPE,ee:country,2023,2026-09-15T16:26:52.284479+00:00,18368.4,final,2023-01-01,2023-12-31,1,2026-09-15T16:26:52.284479+00:00
VALUE_ADDED_TOTAL_EUROPE,ee:country,2024,2026-09-15T16:26:52.284479+00:00,18427.4,final,2024-01-01,2024-12-31,1,2026-09-15T16:26:52.284479+00:00
VALUE_ADDED_TOTAL_EUROPE,ee:country,2025,2026-09-15T16:26:52.284479+00:00,18625.4,final,2025-01-01,2025-12-31,1,2026-09-15T16:26:52.284479+00:00
VALUE_ADDED_TOTAL_EUROPE,el:country,2008,2026-09-15T16:26:52.284479+00:00,216526.3,final,2008-01-01,2008-12-31,1,2026-09-15T16:26:52.284479+00:00
VALUE_ADDED_TOTAL_EUROPE,el:country,2009,2026-09-15T16:26:52.284479+00:00,209411.8,final,2009-01-01,2009-12-31,1,2026-09-15T16:26:52.284479+00:00
VALUE_ADDED_TOTAL_EUROPE,el:country,2010,2026-09-15T16:26:52.284479+00:00,197195.6,final,2010-01-01,2010-12-31,1,2026-09-15T16:26:52.284479+00:00
VALUE_ADDED_TOTAL_EUROPE,el:country,2011,2026-09-15T16:26:52.284479+00:00,179695.0,final,2011-01-01,2011-12-31,1,2026-09-15T16:26:52.284479+00:00
VALUE_ADDED_TOTAL_EUROPE,el:country,2012,2026-09-15T16:26:52.284479+00:00,166759.8,final,2012-01-01,2012-12-31,1,2026-09-15T16:26:52.284479+00:00
VALUE_ADDED_TOTAL_EUROPE,el:country,2013,2026-09-15T16:26:52.284479+00:00,163983.1,final,2013-01-01,2013-12-31,1,2026-09-15T16:26:52.284479+00:00
VALUE_ADDED_TOTAL_EUROPE,el:country,2014,2026-09-15T16:26:52.284479+00:00,164172.6,final,2014-01-01,2014-12-31,1,2026-09-15T16:26:52.284479+00:00
VALUE_ADDED_TOTAL_EUROPE,el:country,2015,2026-09-15T16:26:52.284479+00:00,164184.1,final,2015-01-01,2015-12-31,1,2026-09-15T16:26:52.284479+00:00
VALUE_ADDED_TOTAL_EUROPE,el:country,2016,2026-09-15T16:26:52.284479+00:00,163614.6,final,2016-01-01,2016-12-31,1,2026-09-15T16:26:52.284479+00:00
VALUE_ADDED_TOTAL_EUROPE,el:country,2017,2026-09-15T16:26:52.284479+00:00,167289.4,final,2017-01-01,2017-12-31,1,2026-09-15T16:26:52.284479+00:00
VALUE_ADDED_TOTAL_EUROPE,el:country,2018,2026-09-15T16:26:52.284479+00:00,170177.0,final,2018-01-01,2018-12-31,1,2026-09-15T16:26:52.284479+00:00
VALUE_ADDED_TOTAL_EUROPE,el:country,2019,2026-09-15T16:26:52.284479+00:00,173192.1,final,2019-01-01,2019-12-31,1,2026-09-15T16:26:52.284479+00:00
VALUE_ADDED_TOTAL_EUROPE,el:country,2020,2026-09-15T16:26:52.284479+00:00,157434.1,final,2020-01-01,2020-12-31,1,2026-09-15T16:26:52.284479+00:00
VALUE_ADDED_TOTAL_EUROPE,el:country,2021,2026-09-15T16:26:52.284479+00:00,170225.9,final,2021-01-01,2021-12-31,1,2026-09-15T16:26:52.284479+00:00
VALUE_ADDED_TOTAL_EUROPE,el:country,2022,2026-09-15T16:26:52.284479+00:00,178823.9,final,2022-01-01,2022-12-31,1,2026-09-15T16:26:52.284479+00:00
VALUE_ADDED_TOTAL_EUROPE,el:country,2023,2026-09-15T16:26:52.284479+00:00,182869.7,provisional,2023-01-01,2023-12-31,1,2026-09-15T16:26:52.284479+00:00
VALUE_ADDED_TOTAL_EUROPE,el:country,2024,2026-09-15T16:26:52.284479+00:00,185937.6,provisional,2024-01-01,2024-12-31,1,2026-09-15T16:26:52.284479+00:00
VALUE_ADDED_TOTAL_EUROPE,el:country,2025,2026-09-15T16:26:52.284479+00:00,188437.2,provisional,2025-01-01,2025-12-31,1,2026-09-15T16:26:52.284479+00:00
VALUE_ADDED_TOTAL_EUROPE,es:country,2008,2026-09-15T16:26:52.284479+00:00,1024972.2,final,2008-01-01,2008-12-31,1,2026-09-15T16:26:52.284479+00:00
VALUE_ADDED_TOTAL_EUROPE,es:country,2009,2026-09-15T16:26:52.284479+00:00,991494.1,final,2009-01-01,2009-12-31,1,2026-09-15T16:26:52.284479+00:00
VALUE_ADDED_TOTAL_EUROPE,es:country,2010,2026-09-15T16:26:52.284479+00:00,989756.0,final,2010-01-01,2010-12-31,1,2026-09-15T16:26:52.284479+00:00
VALUE_ADDED_TOTAL_EUROPE,es:country,2011,2026-09-15T16:26:52.284479+00:00,987266.9,final,2011-01-01,2011-12-31,1,2026-09-15T16:26:52.284479+00:00
VALUE_ADDED_TOTAL_EUROPE,es:country,2012,2026-09-15T16:26:52.284479+00:00,959748.4,final,2012-01-01,2012-12-31,1,2026-09-15T16:26:52.284479+00:00
VALUE_ADDED_TOTAL_EUROPE,es:country,2013,2026-09-15T16:26:52.284479+00:00,947498.2,final,2013-01-01,2013-12-31,1,2026-09-15T16:26:52.284479+00:00
VALUE_ADDED_TOTAL_EUROPE,es:country,2014,2026-09-15T16:26:52.284479+00:00,957741.9,final,2014-01-01,2014-12-31,1,2026-09-15T16:26:52.284479+00:00
VALUE_ADDED_TOTAL_EUROPE,es:country,2015,2026-09-15T16:26:52.284479+00:00,991619.3,final,2015-01-01,2015-12-31,1,2026-09-15T16:26:52.284479+00:00
VALUE_ADDED_TOTAL_EUROPE,es:country,2016,2026-09-15T16:26:52.284479+00:00,1017949.6,final,2016-01-01,2016-12-31,1,2026-09-15T16:26:52.284479+00:00
VALUE_ADDED_TOTAL_EUROPE,es:country,2017,2026-09-15T16:26:52.284479+00:00,1048744.3,final,2017-01-01,2017-12-31,1,2026-09-15T16:26:52.284479+00:00
VALUE_ADDED_TOTAL_EUROPE,es:country,2018,2026-09-15T16:26:52.284479+00:00,1074476.3,final,2018-01-01,2018-12-31,1,2026-09-15T16:26:52.284479+00:00
VALUE_ADDED_TOTAL_EUROPE,es:country,2019,2026-09-15T16:26:52.284479+00:00,1096742.6,final,2019-01-01,2019-12-31,1,2026-09-15T16:26:52.284479+00:00
VALUE_ADDED_TOTAL_EUROPE,es:country,2020,2026-09-15T16:26:52.284479+00:00,977588.3,final,2020-01-01,2020-12-31,1,2026-09-15T16:26:52.284479+00:00
VALUE_ADDED_TOTAL_EUROPE,es:country,2021,2026-09-15T16:26:52.284479+00:00,1039007.9,final,2021-01-01,2021-12-31,1,2026-09-15T16:26:52.284479+00:00
VALUE_ADDED_TOTAL_EUROPE,es:country,2022,2026-09-15T16:26:52.284479+00:00,1110809.6,final,2022-01-01,2022-12-31,1,2026-09-15T16:26:52.284479+00:00
VALUE_ADDED_TOTAL_EUROPE,es:country,2023,2026-09-15T16:26:52.284479+00:00,1139988.4,provisional,2023-01-01,2023-12-31,1,2026-09-15T16:26:52.284479+00:00
VALUE_ADDED_TOTAL_EUROPE,es:country,2024,2026-09-15T16:26:52.284479+00:00,1184536.1,provisional,2024-01-01,2024-12-31,1,2026-09-15T16:26:52.284479+00:00
VALUE_ADDED_TOTAL_EUROPE,es:country,2025,2026-09-15T16:26:52.284479+00:00,1221840.4,provisional,2025-01-01,2025-12-31,1,2026-09-15T16:26:52.284479+00:00
VALUE_ADDED_TOTAL_EUROPE,eu27_2020:aggregate,2008,2026-09-15T16:26:52.284479+00:00,10106957.3,final,2008-01-01,2008-12-31,1,2026-09-15T16:26:52.284479+00:00
VALUE_ADDED_TOTAL_EUROPE,eu27_2020:aggregate,2009,2026-09-15T16:26:52.284479+00:00,9673669.0,final,2009-01-01,2009-12-31,1,2026-09-15T16:26:52.284479+00:00
VALUE_ADDED_TOTAL_EUROPE,eu27_2020:aggregate,2010,2026-09-15T16:26:52.284479+00:00,9887265.4,final,2010-01-01,2010-12-31,1,2026-09-15T16:26:52.284479+00:00
VALUE_ADDED_TOTAL_EUROPE,eu27_2020:aggregate,2011,2026-09-15T16:26:52.284479+00:00,10090785.5,final,2011-01-01,2011-12-31,1,2026-09-15T16:26:52.284479+00:00
VALUE_ADDED_TOTAL_EUROPE,eu27_2020:aggregate,2012,2026-09-15T16:26:52.284479+00:00,10023894.3,final,2012-01-01,2012-12-31,1,2026-09-15T16:26:52.284479+00:00
VALUE_ADDED_TOTAL_EUROPE,eu27_2020:aggregate,2013,2026-09-15T16:26:52.284479+00:00,10032738.7,final,2013-01-01,2013-12-31,1,2026-09-15T16:26:52.284479+00:00
VALUE_ADDED_TOTAL_EUROPE,eu27_2020:aggregate,2014,2026-09-15T16:26:52.284479+00:00,10197191.3,final,2014-01-01,2014-12-31,1,2026-09-15T16:26:52.284479+00:00
VALUE_ADDED_TOTAL_EUROPE,eu27_2020:aggregate,2015,2026-09-15T16:26:52.284479+00:00,10426496.1,final,2015-01-01,2015-12-31,1,2026-09-15T16:26:52.284479+00:00
VALUE_ADDED_TOTAL_EUROPE,eu27_2020:aggregate,2016,2026-09-15T16:26:52.284479+00:00,10619989.8,final,2016-01-01,2016-12-31,1,2026-09-15T16:26:52.284479+00:00
VALUE_ADDED_TOTAL_EUROPE,eu27_2020:aggregate,2017,2026-09-15T16:26:52.284479+00:00,10930786.6,final,2017-01-01,2017-12-31,1,2026-09-15T16:26:52.284479+00:00
VALUE_ADDED_TOTAL_EUROPE,eu27_2020:aggregate,2018,2026-09-15T16:26:52.284479+00:00,11162013.7,final,2018-01-01,2018-12-31,1,2026-09-15T16:26:52.284479+00:00
VALUE_ADDED_TOTAL_EUROPE,eu27_2020:aggregate,2019,2026-09-15T16:26:52.284479+00:00,11373164.2,final,2019-01-01,2019-12-31,1,2026-09-15T16:26:52.284479+00:00
VALUE_ADDED_TOTAL_EUROPE,eu27_2020:aggregate,2020,2026-09-15T16:26:52.284479+00:00,10757155.2,final,2020-01-01,2020-12-31,1,2026-09-15T16:26:52.284479+00:00
VALUE_ADDED_TOTAL_EUROPE,eu27_2020:aggregate,2021,2026-09-15T16:26:52.284479+00:00,11434664.2,final,2021-01-01,2021-12-31,1,2026-09-15T16:26:52.284479+00:00
VALUE_ADDED_TOTAL_EUROPE,eu27_2020:aggregate,2022,2026-09-15T16:26:52.284479+00:00,11879675.3,final,2022-01-01,2022-12-31,1,2026-09-15T16:26:52.284479+00:00
VALUE_ADDED_TOTAL_EUROPE,eu27_2020:aggregate,2023,2026-09-15T16:26:52.284479+00:00,11964248.6,final,2023-01-01,2023-12-31,1,2026-09-15T16:26:52.284479+00:00
VALUE_ADDED_TOTAL_EUROPE,eu27_2020:aggregate,2024,2026-09-15T16:26:52.284479+00:00,12121130.9,final,2024-01-01,2024-12-31,1,2026-09-15T16:26:52.284479+00:00
VALUE_ADDED_TOTAL_EUROPE,eu27_2020:aggregate,2025,2026-09-15T16:26:52.284479+00:00,12284899.2,final,2025-01-01,2025-12-31,1,2026-09-15T16:26:52.284479+00:00
VALUE_ADDED_TOTAL_EUROPE,fi:country,2008,2026-09-15T16:26:52.284479+00:00,174595.7,final,2008-01-01,2008-12-31,1,2026-09-15T16:26:52.284479+00:00
VALUE_ADDED_TOTAL_EUROPE,fi:country,2009,2026-09-15T16:26:52.284479+00:00,159538.6,final,2009-01-01,2009-12-31,1,2026-09-15T16:26:52.284479+00:00
VALUE_ADDED_TOTAL_EUROPE,fi:country,2010,2026-09-15T16:26:52.284479+00:00,164666.0,final,2010-01-01,2010-12-31,1,2026-09-15T16:26:52.284479+00:00
VALUE_ADDED_TOTAL_EUROPE,fi:country,2011,2026-09-15T16:26:52.284479+00:00,167512.8,final,2011-01-01,2011-12-31,1,2026-09-15T16:26:52.284479+00:00
VALUE_ADDED_TOTAL_EUROPE,fi:country,2012,2026-09-15T16:26:52.284479+00:00,164083.8,final,2012-01-01,2012-12-31,1,2026-09-15T16:26:52.284479+00:00
VALUE_ADDED_TOTAL_EUROPE,fi:country,2013,2026-09-15T16:26:52.284479+00:00,162203.2,final,2013-01-01,2013-12-31,1,2026-09-15T16:26:52.284479+00:00
VALUE_ADDED_TOTAL_EUROPE,fi:country,2014,2026-09-15T16:26:52.284479+00:00,161493.3,final,2014-01-01,2014-12-31,1,2026-09-15T16:26:52.284479+00:00
VALUE_ADDED_TOTAL_EUROPE,fi:country,2015,2026-09-15T16:26:52.284479+00:00,161988.0,final,2015-01-01,2015-12-31,1,2026-09-15T16:26:52.284479+00:00
VALUE_ADDED_TOTAL_EUROPE,fi:country,2016,2026-09-15T16:26:52.284479+00:00,165761.7,final,2016-01-01,2016-12-31,1,2026-09-15T16:26:52.284479+00:00
VALUE_ADDED_TOTAL_EUROPE,fi:country,2017,2026-09-15T16:26:52.284479+00:00,171982.9,final,2017-01-01,2017-12-31,1,2026-09-15T16:26:52.284479+00:00
VALUE_ADDED_TOTAL_EUROPE,fi:country,2018,2026-09-15T16:26:52.284479+00:00,173351.8,final,2018-01-01,2018-12-31,1,2026-09-15T16:26:52.284479+00:00
VALUE_ADDED_TOTAL_EUROPE,fi:country,2019,2026-09-15T16:26:52.284479+00:00,176162.8,final,2019-01-01,2019-12-31,1,2026-09-15T16:26:52.284479+00:00
VALUE_ADDED_TOTAL_EUROPE,fi:country,2020,2026-09-15T16:26:52.284479+00:00,171885.6,final,2020-01-01,2020-12-31,1,2026-09-15T16:26:52.284479+00:00
VALUE_ADDED_TOTAL_EUROPE,fi:country,2021,2026-09-15T16:26:52.284479+00:00,176616.5,final,2021-01-01,2021-12-31,1,2026-09-15T16:26:52.284479+00:00
VALUE_ADDED_TOTAL_EUROPE,fi:country,2022,2026-09-15T16:26:52.284479+00:00,178515.8,final,2022-01-01,2022-12-31,0,2026-09-15T16:26:52.284479+00:00
VALUE_ADDED_TOTAL_EUROPE,fi:country,2022,2026-09-22T09:36:17.422161+00:00,178133.6,final,2022-01-01,2022-12-31,1,2026-09-22T09:36:17.422161+00:00
VALUE_ADDED_TOTAL_EUROPE,fi:country,2023,2026-09-15T16:26:52.284479+00:00,177942.5,final,2023-01-01,2023-12-31,0,2026-09-15T16:26:52.284479+00:00
VALUE_ADDED_TOTAL_EUROPE,fi:country,2023,2026-09-22T09:36:17.422161+00:00,177712.1,final,2023-01-01,2023-12-31,1,2026-09-22T09:36:17.422161+00:00
VALUE_ADDED_TOTAL_EUROPE,fi:country,2024,2026-09-15T16:26:52.284479+00:00,179478.4,final,2024-01-01,2024-12-31,0,2026-09-15T16:26:52.284479+00:00
VALUE_ADDED_TOTAL_EUROPE,fi:country,2024,2026-09-22T09:36:17.422161+00:00,179462.3,final,2024-01-01,2024-12-31,1,2026-09-22T09:36:17.422161+00:00
VALUE_ADDED_TOTAL_EUROPE,fi:country,2025,2026-09-15T16:26:52.284479+00:00,180558.9,final,2025-01-01,2025-12-31,0,2026-09-15T16:26:52.284479+00:00
VALUE_ADDED_TOTAL_EUROPE,fi:country,2025,2026-09-22T09:36:17.422161+00:00,180625.0,final,2025-01-01,2025-12-31,1,2026-09-22T09:36:17.422161+00:00
VALUE_ADDED_TOTAL_EUROPE,fr:country,2008,2026-09-15T16:26:52.284479+00:00,1808367.6,final,2008-01-01,2008-12-31,1,2026-09-15T16:26:52.284479+00:00
VALUE_ADDED_TOTAL_EUROPE,fr:country,2009,2026-09-15T16:26:52.284479+00:00,1760995.8,final,2009-01-01,2009-12-31,1,2026-09-15T16:26:52.284479+00:00
VALUE_ADDED_TOTAL_EUROPE,fr:country,2010,2026-09-15T16:26:52.284479+00:00,1792597.6,final,2010-01-01,2010-12-31,1,2026-09-15T16:26:52.284479+00:00
VALUE_ADDED_TOTAL_EUROPE,fr:country,2011,2026-09-15T16:26:52.284479+00:00,1838030.4,final,2011-01-01,2011-12-31,1,2026-09-15T16:26:52.284479+00:00
VALUE_ADDED_TOTAL_EUROPE,fr:country,2012,2026-09-15T16:26:52.284479+00:00,1845326.8,final,2012-01-01,2012-12-31,1,2026-09-15T16:26:52.284479+00:00
VALUE_ADDED_TOTAL_EUROPE,fr:country,2013,2026-09-15T16:26:52.284479+00:00,1860540.6,final,2013-01-01,2013-12-31,1,2026-09-15T16:26:52.284479+00:00
VALUE_ADDED_TOTAL_EUROPE,fr:country,2014,2026-09-15T16:26:52.284479+00:00,1882860.5,final,2014-01-01,2014-12-31,1,2026-09-15T16:26:52.284479+00:00
VALUE_ADDED_TOTAL_EUROPE,fr:country,2015,2026-09-15T16:26:52.284479+00:00,1898289.5,final,2015-01-01,2015-12-31,1,2026-09-15T16:26:52.284479+00:00
VALUE_ADDED_TOTAL_EUROPE,fr:country,2016,2026-09-15T16:26:52.284479+00:00,1911192.6,final,2016-01-01,2016-12-31,1,2026-09-15T16:26:52.284479+00:00
VALUE_ADDED_TOTAL_EUROPE,fr:country,2017,2026-09-15T16:26:52.284479+00:00,1948558.4,final,2017-01-01,2017-12-31,1,2026-09-15T16:26:52.284479+00:00
VALUE_ADDED_TOTAL_EUROPE,fr:country,2018,2026-09-15T16:26:52.284479+00:00,1980180.0,final,2018-01-01,2018-12-31,1,2026-09-15T16:26:52.284479+00:00
VALUE_ADDED_TOTAL_EUROPE,fr:country,2019,2026-09-15T16:26:52.284479+00:00,2021881.3,final,2019-01-01,2019-12-31,1,2026-09-15T16:26:52.284479+00:00
VALUE_ADDED_TOTAL_EUROPE,fr:country,2020,2026-09-15T16:26:52.284479+00:00,1874346.1,final,2020-01-01,2020-12-31,1,2026-09-15T16:26:52.284479+00:00
VALUE_ADDED_TOTAL_EUROPE,fr:country,2021,2026-09-15T16:26:52.284479+00:00,1996982.3,final,2021-01-01,2021-12-31,1,2026-09-15T16:26:52.284479+00:00
VALUE_ADDED_TOTAL_EUROPE,fr:country,2022,2026-09-15T16:26:52.284479+00:00,2056375.1,final,2022-01-01,2022-12-31,1,2026-09-15T16:26:52.284479+00:00
VALUE_ADDED_TOTAL_EUROPE,fr:country,2023,2026-09-15T16:26:52.284479+00:00,2100514.1,final,2023-01-01,2023-12-31,1,2026-09-15T16:26:52.284479+00:00
VALUE_ADDED_TOTAL_EUROPE,fr:country,2024,2026-09-15T16:26:52.284479+00:00,2139920.7,provisional,2024-01-01,2024-12-31,1,2026-09-15T16:26:52.284479+00:00
VALUE_ADDED_TOTAL_EUROPE,fr:country,2025,2026-09-15T16:26:52.284479+00:00,2158109.1,provisional,2025-01-01,2025-12-31,1,2026-09-15T16:26:52.284479+00:00
VALUE_ADDED_TOTAL_EUROPE,hr:country,2008,2026-09-15T16:26:52.284479+00:00,42131.5,final,2008-01-01,2008-12-31,1,2026-09-15T16:26:52.284479+00:00
VALUE_ADDED_TOTAL_EUROPE,hr:country,2009,2026-09-15T16:26:52.284479+00:00,39745.2,final,2009-01-01,2009-12-31,1,2026-09-15T16:26:52.284479+00:00
VALUE_ADDED_TOTAL_EUROPE,hr:country,2010,2026-09-15T16:26:52.284479+00:00,39016.6,final,2010-01-01,2010-12-31,1,2026-09-15T16:26:52.284479+00:00
VALUE_ADDED_TOTAL_EUROPE,hr:country,2011,2026-09-15T16:26:52.284479+00:00,39105.2,final,2011-01-01,2011-12-31,1,2026-09-15T16:26:52.284479+00:00
VALUE_ADDED_TOTAL_EUROPE,hr:country,2012,2026-09-15T16:26:52.284479+00:00,37810.6,final,2012-01-01,2012-12-31,1,2026-09-15T16:26:52.284479+00:00
VALUE_ADDED_TOTAL_EUROPE,hr:country,2013,2026-09-15T16:26:52.284479+00:00,37627.4,final,2013-01-01,2013-12-31,1,2026-09-15T16:26:52.284479+00:00
VALUE_ADDED_TOTAL_EUROPE,hr:country,2014,2026-09-15T16:26:52.284479+00:00,37383.7,final,2014-01-01,2014-12-31,1,2026-09-15T16:26:52.284479+00:00
VALUE_ADDED_TOTAL_EUROPE,hr:country,2015,2026-09-15T16:26:52.284479+00:00,38227.0,final,2015-01-01,2015-12-31,1,2026-09-15T16:26:52.284479+00:00
VALUE_ADDED_TOTAL_EUROPE,hr:country,2016,2026-09-15T16:26:52.284479+00:00,39567.5,final,2016-01-01,2016-12-31,1,2026-09-15T16:26:52.284479+00:00
VALUE_ADDED_TOTAL_EUROPE,hr:country,2017,2026-09-15T16:26:52.284479+00:00,40676.8,final,2017-01-01,2017-12-31,1,2026-09-15T16:26:52.284479+00:00
VALUE_ADDED_TOTAL_EUROPE,hr:country,2018,2026-09-15T16:26:52.284479+00:00,41691.4,final,2018-01-01,2018-12-31,1,2026-09-15T16:26:52.284479+00:00
VALUE_ADDED_TOTAL_EUROPE,hr:country,2019,2026-09-15T16:26:52.284479+00:00,43038.4,final,2019-01-01,2019-12-31,1,2026-09-15T16:26:52.284479+00:00
VALUE_ADDED_TOTAL_EUROPE,hr:country,2020,2026-09-15T16:26:52.284479+00:00,39907.9,final,2020-01-01,2020-12-31,1,2026-09-15T16:26:52.284479+00:00
VALUE_ADDED_TOTAL_EUROPE,hr:country,2021,2026-09-15T16:26:52.284479+00:00,44575.0,final,2021-01-01,2021-12-31,1,2026-09-15T16:26:52.284479+00:00
VALUE_ADDED_TOTAL_EUROPE,hr:country,2022,2026-09-15T16:26:52.284479+00:00,48310.7,final,2022-01-01,2022-12-31,1,2026-09-15T16:26:52.284479+00:00
VALUE_ADDED_TOTAL_EUROPE,hr:country,2023,2026-09-15T16:26:52.284479+00:00,50251.1,final,2023-01-01,2023-12-31,1,2026-09-15T16:26:52.284479+00:00
VALUE_ADDED_TOTAL_EUROPE,hr:country,2024,2026-09-15T16:26:52.284479+00:00,51872.3,provisional,2024-01-01,2024-12-31,1,2026-09-15T16:26:52.284479+00:00
VALUE_ADDED_TOTAL_EUROPE,hr:country,2025,2026-09-15T16:26:52.284479+00:00,53337.5,provisional,2025-01-01,2025-12-31,1,2026-09-15T16:26:52.284479+00:00
VALUE_ADDED_TOTAL_EUROPE,hu:country,2008,2026-09-15T16:26:52.284479+00:00,89519.1,final,2008-01-01,2008-12-31,1,2026-09-15T16:26:52.284479+00:00
VALUE_ADDED_TOTAL_EUROPE,hu:country,2009,2026-09-15T16:26:52.284479+00:00,83417.9,final,2009-01-01,2009-12-31,1,2026-09-15T16:26:52.284479+00:00
VALUE_ADDED_TOTAL_EUROPE,hu:country,2010,2026-09-15T16:26:52.284479+00:00,84489.8,final,2010-01-01,2010-12-31,1,2026-09-15T16:26:52.284479+00:00
VALUE_ADDED_TOTAL_EUROPE,hu:country,2011,2026-09-15T16:26:52.284479+00:00,86189.7,final,2011-01-01,2011-12-31,1,2026-09-15T16:26:52.284479+00:00
VALUE_ADDED_TOTAL_EUROPE,hu:country,2012,2026-09-15T16:26:52.284479+00:00,85034.5,final,2012-01-01,2012-12-31,1,2026-09-15T16:26:52.284479+00:00
VALUE_ADDED_TOTAL_EUROPE,hu:country,2013,2026-09-15T16:26:52.284479+00:00,87333.5,final,2013-01-01,2013-12-31,1,2026-09-15T16:26:52.284479+00:00
VALUE_ADDED_TOTAL_EUROPE,hu:country,2014,2026-09-15T16:26:52.284479+00:00,91342.5,final,2014-01-01,2014-12-31,1,2026-09-15T16:26:52.284479+00:00
VALUE_ADDED_TOTAL_EUROPE,hu:country,2015,2026-09-15T16:26:52.284479+00:00,94660.1,final,2015-01-01,2015-12-31,1,2026-09-15T16:26:52.284479+00:00
VALUE_ADDED_TOTAL_EUROPE,hu:country,2016,2026-09-15T16:26:52.284479+00:00,97101.9,final,2016-01-01,2016-12-31,1,2026-09-15T16:26:52.284479+00:00
VALUE_ADDED_TOTAL_EUROPE,hu:country,2017,2026-09-15T16:26:52.284479+00:00,101008.6,final,2017-01-01,2017-12-31,1,2026-09-15T16:26:52.284479+00:00
VALUE_ADDED_TOTAL_EUROPE,hu:country,2018,2026-09-15T16:26:52.284479+00:00,106918.8,final,2018-01-01,2018-12-31,1,2026-09-15T16:26:52.284479+00:00
VALUE_ADDED_TOTAL_EUROPE,hu:country,2019,2026-09-15T16:26:52.284479+00:00,112168.8,final,2019-01-01,2019-12-31,1,2026-09-15T16:26:52.284479+00:00
VALUE_ADDED_TOTAL_EUROPE,hu:country,2020,2026-09-15T16:26:52.284479+00:00,106999.0,final,2020-01-01,2020-12-31,1,2026-09-15T16:26:52.284479+00:00
VALUE_ADDED_TOTAL_EUROPE,hu:country,2021,2026-09-15T16:26:52.284479+00:00,115161.9,final,2021-01-01,2021-12-31,1,2026-09-15T16:26:52.284479+00:00
VALUE_ADDED_TOTAL_EUROPE,hu:country,2022,2026-09-15T16:26:52.284479+00:00,120252.4,final,2022-01-01,2022-12-31,1,2026-09-15T16:26:52.284479+00:00
VALUE_ADDED_TOTAL_EUROPE,hu:country,2023,2026-09-15T16:26:52.284479+00:00,119991.5,final,2023-01-01,2023-12-31,1,2026-09-15T16:26:52.284479+00:00
VALUE_ADDED_TOTAL_EUROPE,hu:country,2024,2026-09-15T16:26:52.284479+00:00,120398.1,final,2024-01-01,2024-12-31,1,2026-09-15T16:26:52.284479+00:00
VALUE_ADDED_TOTAL_EUROPE,hu:country,2025,2026-09-15T16:26:52.284479+00:00,120954.3,provisional,2025-01-01,2025-12-31,1,2026-09-15T16:26:52.284479+00:00
VALUE_ADDED_TOTAL_EUROPE,ie:country,2008,2026-09-15T16:26:52.284479+00:00,159577.9,final,2008-01-01,2008-12-31,1,2026-09-15T16:26:52.284479+00:00
VALUE_ADDED_TOTAL_EUROPE,ie:country,2009,2026-09-15T16:26:52.284479+00:00,149411.2,final,2009-01-01,2009-12-31,1,2026-09-15T16:26:52.284479+00:00
VALUE_ADDED_TOTAL_EUROPE,ie:country,2010,2026-09-15T16:26:52.284479+00:00,152115.5,final,2010-01-01,2010-12-31,1,2026-09-15T16:26:52.284479+00:00
VALUE_ADDED_TOTAL_EUROPE,ie:country,2011,2026-09-15T16:26:52.284479+00:00,155758.2,final,2011-01-01,2011-12-31,1,2026-09-15T16:26:52.284479+00:00
VALUE_ADDED_TOTAL_EUROPE,ie:country,2012,2026-09-15T16:26:52.284479+00:00,151438.2,final,2012-01-01,2012-12-31,1,2026-09-15T16:26:52.284479+00:00
VALUE_ADDED_TOTAL_EUROPE,ie:country,2013,2026-09-15T16:26:52.284479+00:00,154752.1,final,2013-01-01,2013-12-31,1,2026-09-15T16:26:52.284479+00:00
VALUE_ADDED_TOTAL_EUROPE,ie:country,2014,2026-09-15T16:26:52.284479+00:00,168133.1,final,2014-01-01,2014-12-31,1,2026-09-15T16:26:52.284479+00:00
VALUE_ADDED_TOTAL_EUROPE,ie:country,2015,2026-09-15T16:26:52.284479+00:00,205992.1,final,2015-01-01,2015-12-31,1,2026-09-15T16:26:52.284479+00:00
VALUE_ADDED_TOTAL_EUROPE,ie:country,2016,2026-09-15T16:26:52.284479+00:00,208015.9,final,2016-01-01,2016-12-31,1,2026-09-15T16:26:52.284479+00:00
VALUE_ADDED_TOTAL_EUROPE,ie:country,2017,2026-09-15T16:26:52.284479+00:00,224088.1,final,2017-01-01,2017-12-31,1,2026-09-15T16:26:52.284479+00:00
VALUE_ADDED_TOTAL_EUROPE,ie:country,2018,2026-09-15T16:26:52.284479+00:00,245032.3,final,2018-01-01,2018-12-31,1,2026-09-15T16:26:52.284479+00:00
VALUE_ADDED_TOTAL_EUROPE,ie:country,2019,2026-09-15T16:26:52.284479+00:00,257955.2,final,2019-01-01,2019-12-31,1,2026-09-15T16:26:52.284479+00:00
VALUE_ADDED_TOTAL_EUROPE,ie:country,2020,2026-09-15T16:26:52.284479+00:00,277005.8,final,2020-01-01,2020-12-31,1,2026-09-15T16:26:52.284479+00:00
VALUE_ADDED_TOTAL_EUROPE,ie:country,2021,2026-09-15T16:26:52.284479+00:00,324237.6,final,2021-01-01,2021-12-31,1,2026-09-15T16:26:52.284479+00:00
VALUE_ADDED_TOTAL_EUROPE,ie:country,2022,2026-09-15T16:26:52.284479+00:00,355442.4,final,2022-01-01,2022-12-31,1,2026-09-15T16:26:52.284479+00:00
VALUE_ADDED_TOTAL_EUROPE,ie:country,2023,2026-09-15T16:26:52.284479+00:00,346295.0,final,2023-01-01,2023-12-31,1,2026-09-15T16:26:52.284479+00:00
VALUE_ADDED_TOTAL_EUROPE,ie:country,2024,2026-09-15T16:26:52.284479+00:00,359999.9,final,2024-01-01,2024-12-31,1,2026-09-15T16:26:52.284479+00:00
VALUE_ADDED_TOTAL_EUROPE,ie:country,2025,2026-09-15T16:26:52.284479+00:00,389063.8,final,2025-01-01,2025-12-31,1,2026-09-15T16:26:52.284479+00:00
VALUE_ADDED_TOTAL_EUROPE,is:country,2008,2026-09-15T16:26:52.284479+00:00,10578.4,final,2008-01-01,2008-12-31,1,2026-09-15T16:26:52.284479+00:00
VALUE_ADDED_TOTAL_EUROPE,is:country,2009,2026-09-15T16:26:52.284479+00:00,9698.1,final,2009-01-01,2009-12-31,1,2026-09-15T16:26:52.284479+00:00
VALUE_ADDED_TOTAL_EUROPE,is:country,2010,2026-09-15T16:26:52.284479+00:00,9482.7,final,2010-01-01,2010-12-31,1,2026-09-15T16:26:52.284479+00:00
VALUE_ADDED_TOTAL_EUROPE,is:country,2011,2026-09-15T16:26:52.284479+00:00,9613.5,final,2011-01-01,2011-12-31,1,2026-09-15T16:26:52.284479+00:00
VALUE_ADDED_TOTAL_EUROPE,is:country,2012,2026-09-15T16:26:52.284479+00:00,9725.9,final,2012-01-01,2012-12-31,1,2026-09-15T16:26:52.284479+00:00
VALUE_ADDED_TOTAL_EUROPE,is:country,2013,2026-09-15T16:26:52.284479+00:00,10075.8,final,2013-01-01,2013-12-31,1,2026-09-15T16:26:52.284479+00:00
VALUE_ADDED_TOTAL_EUROPE,is:country,2014,2026-09-15T16:26:52.284479+00:00,10268.6,final,2014-01-01,2014-12-31,1,2026-09-15T16:26:52.284479+00:00
VALUE_ADDED_TOTAL_EUROPE,is:country,2015,2026-09-15T16:26:52.284479+00:00,10655.6,final,2015-01-01,2015-12-31,1,2026-09-15T16:26:52.284479+00:00
VALUE_ADDED_TOTAL_EUROPE,is:country,2016,2026-09-15T16:26:52.284479+00:00,11318.2,final,2016-01-01,2016-12-31,1,2026-09-15T16:26:52.284479+00:00
VALUE_ADDED_TOTAL_EUROPE,is:country,2017,2026-09-15T16:26:52.284479+00:00,11712.6,final,2017-01-01,2017-12-31,1,2026-09-15T16:26:52.284479+00:00
VALUE_ADDED_TOTAL_EUROPE,is:country,2018,2026-09-15T16:26:52.284479+00:00,12258.5,final,2018-01-01,2018-12-31,1,2026-09-15T16:26:52.284479+00:00
VALUE_ADDED_TOTAL_EUROPE,is:country,2019,2026-09-15T16:26:52.284479+00:00,12399.0,final,2019-01-01,2019-12-31,0,2026-09-15T16:26:52.284479+00:00
VALUE_ADDED_TOTAL_EUROPE,is:country,2019,2026-09-19T12:52:06.249956+00:00,12398.0,final,2019-01-01,2019-12-31,1,2026-09-19T12:52:06.249956+00:00
VALUE_ADDED_TOTAL_EUROPE,is:country,2020,2026-09-15T16:26:52.284479+00:00,11575.1,final,2020-01-01,2020-12-31,0,2026-09-15T16:26:52.284479+00:00
VALUE_ADDED_TOTAL_EUROPE,is:country,2020,2026-09-19T12:52:06.249956+00:00,11574.1,final,2020-01-01,2020-12-31,1,2026-09-19T12:52:06.249956+00:00
VALUE_ADDED_TOTAL_EUROPE,is:country,2021,2026-09-15T16:26:52.284479+00:00,12174.8,final,2021-01-01,2021-12-31,0,2026-09-15T16:26:52.284479+00:00
VALUE_ADDED_TOTAL_EUROPE,is:country,2021,2026-09-19T12:52:06.249956+00:00,12173.6,final,2021-01-01,2021-12-31,1,2026-09-19T12:52:06.249956+00:00
VALUE_ADDED_TOTAL_EUROPE,is:country,2022,2026-09-15T16:26:52.284479+00:00,13253.1,final,2022-01-01,2022-12-31,0,2026-09-15T16:26:52.284479+00:00
VALUE_ADDED_TOTAL_EUROPE,is:country,2022,2026-09-19T12:52:06.249956+00:00,13251.9,final,2022-01-01,2022-12-31,1,2026-09-19T12:52:06.249956+00:00
VALUE_ADDED_TOTAL_EUROPE,is:country,2023,2026-09-15T16:26:52.284479+00:00,13917.5,final,2023-01-01,2023-12-31,0,2026-09-15T16:26:52.284479+00:00
VALUE_ADDED_TOTAL_EUROPE,is:country,2023,2026-09-19T12:52:06.249956+00:00,13939.3,final,2023-01-01,2023-12-31,1,2026-09-19T12:52:06.249956+00:00
VALUE_ADDED_TOTAL_EUROPE,is:country,2024,2026-09-15T16:26:52.284479+00:00,13738.9,final,2024-01-01,2024-12-31,0,2026-09-15T16:26:52.284479+00:00
VALUE_ADDED_TOTAL_EUROPE,is:country,2024,2026-09-19T12:52:06.249956+00:00,13813.7,final,2024-01-01,2024-12-31,1,2026-09-19T12:52:06.249956+00:00
VALUE_ADDED_TOTAL_EUROPE,is:country,2025,2026-09-15T16:26:52.284479+00:00,13914.6,final,2025-01-01,2025-12-31,0,2026-09-15T16:26:52.284479+00:00
VALUE_ADDED_TOTAL_EUROPE,is:country,2025,2026-09-19T12:52:06.249956+00:00,13963.7,final,2025-01-01,2025-12-31,1,2026-09-19T12:52:06.249956+00:00
VALUE_ADDED_TOTAL_EUROPE,it:country,2008,2026-09-15T16:26:52.284479+00:00,1507080.7,final,2008-01-01,2008-12-31,1,2026-09-15T16:26:52.284479+00:00
VALUE_ADDED_TOTAL_EUROPE,it:country,2009,2026-09-15T16:26:52.284479+00:00,1423752.4,final,2009-01-01,2009-12-31,1,2026-09-15T16:26:52.284479+00:00
VALUE_ADDED_TOTAL_EUROPE,it:country,2010,2026-09-15T16:26:52.284479+00:00,1449486.7,final,2010-01-01,2010-12-31,1,2026-09-15T16:26:52.284479+00:00
VALUE_ADDED_TOTAL_EUROPE,it:country,2011,2026-09-15T16:26:52.284479+00:00,1460826.0,final,2011-01-01,2011-12-31,1,2026-09-15T16:26:52.284479+00:00
VALUE_ADDED_TOTAL_EUROPE,it:country,2012,2026-09-15T16:26:52.284479+00:00,1419575.3,final,2012-01-01,2012-12-31,1,2026-09-15T16:26:52.284479+00:00
VALUE_ADDED_TOTAL_EUROPE,it:country,2013,2026-09-15T16:26:52.284479+00:00,1398194.7,final,2013-01-01,2013-12-31,1,2026-09-15T16:26:52.284479+00:00
VALUE_ADDED_TOTAL_EUROPE,it:country,2014,2026-09-15T16:26:52.284479+00:00,1397222.2,final,2014-01-01,2014-12-31,1,2026-09-15T16:26:52.284479+00:00
VALUE_ADDED_TOTAL_EUROPE,it:country,2015,2026-09-15T16:26:52.284479+00:00,1410246.1,final,2015-01-01,2015-12-31,1,2026-09-15T16:26:52.284479+00:00
VALUE_ADDED_TOTAL_EUROPE,it:country,2016,2026-09-15T16:26:52.284479+00:00,1429525.1,final,2016-01-01,2016-12-31,1,2026-09-15T16:26:52.284479+00:00
VALUE_ADDED_TOTAL_EUROPE,it:country,2017,2026-09-15T16:26:52.284479+00:00,1455865.8,final,2017-01-01,2017-12-31,1,2026-09-15T16:26:52.284479+00:00
VALUE_ADDED_TOTAL_EUROPE,it:country,2018,2026-09-15T16:26:52.284479+00:00,1470300.5,final,2018-01-01,2018-12-31,1,2026-09-15T16:26:52.284479+00:00
VALUE_ADDED_TOTAL_EUROPE,it:country,2019,2026-09-15T16:26:52.284479+00:00,1480632.0,final,2019-01-01,2019-12-31,1,2026-09-15T16:26:52.284479+00:00
VALUE_ADDED_TOTAL_EUROPE,it:country,2020,2026-09-15T16:26:52.284479+00:00,1357764.0,final,2020-01-01,2020-12-31,1,2026-09-15T16:26:52.284479+00:00
VALUE_ADDED_TOTAL_EUROPE,it:country,2021,2026-09-15T16:26:52.284479+00:00,1479489.9,final,2021-01-01,2021-12-31,1,2026-09-15T16:26:52.284479+00:00
VALUE_ADDED_TOTAL_EUROPE,it:country,2022,2026-09-15T16:26:52.284479+00:00,1552572.5,final,2022-01-01,2022-12-31,1,2026-09-15T16:26:52.284479+00:00
VALUE_ADDED_TOTAL_EUROPE,it:country,2023,2026-09-15T16:26:52.284479+00:00,1566987.1,final,2023-01-01,2023-12-31,1,2026-09-15T16:26:52.284479+00:00
VALUE_ADDED_TOTAL_EUROPE,it:country,2024,2026-09-15T16:26:52.284479+00:00,1575201.7,final,2024-01-01,2024-12-31,1,2026-09-15T16:26:52.284479+00:00
VALUE_ADDED_TOTAL_EUROPE,it:country,2025,2026-09-15T16:26:52.284479+00:00,1581598.1,final,2025-01-01,2025-12-31,1,2026-09-15T16:26:52.284479+00:00
VALUE_ADDED_TOTAL_EUROPE,lt:country,2008,2026-09-15T16:26:52.284479+00:00,28889.2,final,2008-01-01,2008-12-31,1,2026-09-15T16:26:52.284479+00:00
VALUE_ADDED_TOTAL_EUROPE,lt:country,2009,2026-09-15T16:26:52.284479+00:00,24602.4,final,2009-01-01,2009-12-31,1,2026-09-15T16:26:52.284479+00:00
VALUE_ADDED_TOTAL_EUROPE,lt:country,2010,2026-09-15T16:26:52.284479+00:00,24707.5,final,2010-01-01,2010-12-31,1,2026-09-15T16:26:52.284479+00:00
VALUE_ADDED_TOTAL_EUROPE,lt:country,2011,2026-09-15T16:26:52.284479+00:00,26269.9,final,2011-01-01,2011-12-31,1,2026-09-15T16:26:52.284479+00:00
VALUE_ADDED_TOTAL_EUROPE,lt:country,2012,2026-09-15T16:26:52.284479+00:00,27421.3,final,2012-01-01,2012-12-31,1,2026-09-15T16:26:52.284479+00:00
VALUE_ADDED_TOTAL_EUROPE,lt:country,2013,2026-09-15T16:26:52.284479+00:00,28531.0,final,2013-01-01,2013-12-31,1,2026-09-15T16:26:52.284479+00:00
VALUE_ADDED_TOTAL_EUROPE,lt:country,2014,2026-09-15T16:26:52.284479+00:00,29607.4,final,2014-01-01,2014-12-31,1,2026-09-15T16:26:52.284479+00:00
VALUE_ADDED_TOTAL_EUROPE,lt:country,2015,2026-09-15T16:26:52.284479+00:00,30446.1,final,2015-01-01,2015-12-31,1,2026-09-15T16:26:52.284479+00:00
VALUE_ADDED_TOTAL_EUROPE,lt:country,2016,2026-09-15T16:26:52.284479+00:00,31259.6,final,2016-01-01,2016-12-31,1,2026-09-15T16:26:52.284479+00:00
VALUE_ADDED_TOTAL_EUROPE,lt:country,2017,2026-09-15T16:26:52.284479+00:00,32701.4,final,2017-01-01,2017-12-31,1,2026-09-15T16:26:52.284479+00:00
VALUE_ADDED_TOTAL_EUROPE,lt:country,2018,2026-09-15T16:26:52.284479+00:00,34309.7,final,2018-01-01,2018-12-31,1,2026-09-15T16:26:52.284479+00:00
VALUE_ADDED_TOTAL_EUROPE,lt:country,2019,2026-09-15T16:26:52.284479+00:00,35914.5,final,2019-01-01,2019-12-31,1,2026-09-15T16:26:52.284479+00:00
VALUE_ADDED_TOTAL_EUROPE,lt:country,2020,2026-09-15T16:26:52.284479+00:00,35929.9,final,2020-01-01,2020-12-31,1,2026-09-15T16:26:52.284479+00:00
VALUE_ADDED_TOTAL_EUROPE,lt:country,2021,2026-09-15T16:26:52.284479+00:00,38227.5,final,2021-01-01,2021-12-31,1,2026-09-15T16:26:52.284479+00:00
VALUE_ADDED_TOTAL_EUROPE,lt:country,2022,2026-09-15T16:26:52.284479+00:00,39170.0,final,2022-01-01,2022-12-31,1,2026-09-15T16:26:52.284479+00:00
VALUE_ADDED_TOTAL_EUROPE,lt:country,2023,2026-09-15T16:26:52.284479+00:00,39459.7,final,2023-01-01,2023-12-31,1,2026-09-15T16:26:52.284479+00:00
VALUE_ADDED_TOTAL_EUROPE,lt:country,2024,2026-09-15T16:26:52.284479+00:00,40655.4,final,2024-01-01,2024-12-31,1,2026-09-15T16:26:52.284479+00:00
VALUE_ADDED_TOTAL_EUROPE,lt:country,2025,2026-09-15T16:26:52.284479+00:00,41842.5,final,2025-01-01,2025-12-31,1,2026-09-15T16:26:52.284479+00:00
VALUE_ADDED_TOTAL_EUROPE,lu:country,2008,2026-09-15T16:26:52.284479+00:00,38149.0,final,2008-01-01,2008-12-31,1,2026-09-15T16:26:52.284479+00:00
VALUE_ADDED_TOTAL_EUROPE,lu:country,2009,2026-09-15T16:26:52.284479+00:00,36888.9,final,2009-01-01,2009-12-31,1,2026-09-15T16:26:52.284479+00:00
VALUE_ADDED_TOTAL_EUROPE,lu:country,2010,2026-09-15T16:26:52.284479+00:00,38235.9,final,2010-01-01,2010-12-31,1,2026-09-15T16:26:52.284479+00:00
VALUE_ADDED_TOTAL_EUROPE,lu:country,2011,2026-09-15T16:26:52.284479+00:00,38378.3,final,2011-01-01,2011-12-31,1,2026-09-15T16:26:52.284479+00:00
VALUE_ADDED_TOTAL_EUROPE,lu:country,2012,2026-09-15T16:26:52.284479+00:00,38906.7,final,2012-01-01,2012-12-31,1,2026-09-15T16:26:52.284479+00:00
VALUE_ADDED_TOTAL_EUROPE,lu:country,2013,2026-09-15T16:26:52.284479+00:00,40113.7,final,2013-01-01,2013-12-31,1,2026-09-15T16:26:52.284479+00:00
VALUE_ADDED_TOTAL_EUROPE,lu:country,2014,2026-09-15T16:26:52.284479+00:00,40934.8,final,2014-01-01,2014-12-31,1,2026-09-15T16:26:52.284479+00:00
VALUE_ADDED_TOTAL_EUROPE,lu:country,2015,2026-09-15T16:26:52.284479+00:00,42826.2,final,2015-01-01,2015-12-31,1,2026-09-15T16:26:52.284479+00:00
VALUE_ADDED_TOTAL_EUROPE,lu:country,2016,2026-09-15T16:26:52.284479+00:00,45000.5,final,2016-01-01,2016-12-31,1,2026-09-15T16:26:52.284479+00:00
VALUE_ADDED_TOTAL_EUROPE,lu:country,2017,2026-09-15T16:26:52.284479+00:00,45409.3,final,2017-01-01,2017-12-31,1,2026-09-15T16:26:52.284479+00:00
VALUE_ADDED_TOTAL_EUROPE,lu:country,2018,2026-09-15T16:26:52.284479+00:00,45972.5,final,2018-01-01,2018-12-31,1,2026-09-15T16:26:52.284479+00:00
VALUE_ADDED_TOTAL_EUROPE,lu:country,2019,2026-09-15T16:26:52.284479+00:00,47272.4,final,2019-01-01,2019-12-31,1,2026-09-15T16:26:52.284479+00:00
VALUE_ADDED_TOTAL_EUROPE,lu:country,2020,2026-09-15T16:26:52.284479+00:00,46853.6,final,2020-01-01,2020-12-31,1,2026-09-15T16:26:52.284479+00:00
VALUE_ADDED_TOTAL_EUROPE,lu:country,2021,2026-09-15T16:26:52.284479+00:00,50251.2,final,2021-01-01,2021-12-31,1,2026-09-15T16:26:52.284479+00:00
VALUE_ADDED_TOTAL_EUROPE,lu:country,2022,2026-09-15T16:26:52.284479+00:00,49504.9,final,2022-01-01,2022-12-31,1,2026-09-15T16:26:52.284479+00:00
VALUE_ADDED_TOTAL_EUROPE,lu:country,2023,2026-09-15T16:26:52.284479+00:00,49432.4,final,2023-01-01,2023-12-31,1,2026-09-15T16:26:52.284479+00:00
VALUE_ADDED_TOTAL_EUROPE,lu:country,2024,2026-09-15T16:26:52.284479+00:00,49466.4,final,2024-01-01,2024-12-31,1,2026-09-15T16:26:52.284479+00:00
VALUE_ADDED_TOTAL_EUROPE,lu:country,2025,2026-09-15T16:26:52.284479+00:00,49747.5,provisional,2025-01-01,2025-12-31,1,2026-09-15T16:26:52.284479+00:00
VALUE_ADDED_TOTAL_EUROPE,lv:country,2008,2026-09-15T16:26:52.284479+00:00,18875.3,final,2008-01-01,2008-12-31,1,2026-09-15T16:26:52.284479+00:00
VALUE_ADDED_TOTAL_EUROPE,lv:country,2009,2026-09-15T16:26:52.284479+00:00,16284.1,final,2009-01-01,2009-12-31,1,2026-09-15T16:26:52.284479+00:00
VALUE_ADDED_TOTAL_EUROPE,lv:country,2010,2026-09-15T16:26:52.284479+00:00,15587.2,final,2010-01-01,2010-12-31,1,2026-09-15T16:26:52.284479+00:00
VALUE_ADDED_TOTAL_EUROPE,lv:country,2011,2026-09-15T16:26:52.284479+00:00,15998.2,final,2011-01-01,2011-12-31,1,2026-09-15T16:26:52.284479+00:00
VALUE_ADDED_TOTAL_EUROPE,lv:country,2012,2026-09-15T16:26:52.284479+00:00,17104.7,final,2012-01-01,2012-12-31,1,2026-09-15T16:26:52.284479+00:00
VALUE_ADDED_TOTAL_EUROPE,lv:country,2013,2026-09-15T16:26:52.284479+00:00,17347.3,final,2013-01-01,2013-12-31,1,2026-09-15T16:26:52.284479+00:00
VALUE_ADDED_TOTAL_EUROPE,lv:country,2014,2026-09-15T16:26:52.284479+00:00,17662.9,final,2014-01-01,2014-12-31,1,2026-09-15T16:26:52.284479+00:00
VALUE_ADDED_TOTAL_EUROPE,lv:country,2015,2026-09-15T16:26:52.284479+00:00,18287.6,final,2015-01-01,2015-12-31,1,2026-09-15T16:26:52.284479+00:00
VALUE_ADDED_TOTAL_EUROPE,lv:country,2016,2026-09-15T16:26:52.284479+00:00,18653.5,final,2016-01-01,2016-12-31,1,2026-09-15T16:26:52.284479+00:00
VALUE_ADDED_TOTAL_EUROPE,lv:country,2017,2026-09-15T16:26:52.284479+00:00,19287.4,final,2017-01-01,2017-12-31,1,2026-09-15T16:26:52.284479+00:00
VALUE_ADDED_TOTAL_EUROPE,lv:country,2018,2026-09-15T16:26:52.284479+00:00,19999.1,final,2018-01-01,2018-12-31,1,2026-09-15T16:26:52.284479+00:00
VALUE_ADDED_TOTAL_EUROPE,lv:country,2019,2026-09-15T16:26:52.284479+00:00,20124.3,final,2019-01-01,2019-12-31,1,2026-09-15T16:26:52.284479+00:00
VALUE_ADDED_TOTAL_EUROPE,lv:country,2020,2026-09-15T16:26:52.284479+00:00,19422.6,final,2020-01-01,2020-12-31,1,2026-09-15T16:26:52.284479+00:00
VALUE_ADDED_TOTAL_EUROPE,lv:country,2021,2026-09-15T16:26:52.284479+00:00,20840.6,final,2021-01-01,2021-12-31,1,2026-09-15T16:26:52.284479+00:00
VALUE_ADDED_TOTAL_EUROPE,lv:country,2022,2026-09-15T16:26:52.284479+00:00,21197.0,final,2022-01-01,2022-12-31,1,2026-09-15T16:26:52.284479+00:00
VALUE_ADDED_TOTAL_EUROPE,lv:country,2023,2026-09-15T16:26:52.284479+00:00,21086.0,final,2023-01-01,2023-12-31,1,2026-09-15T16:26:52.284479+00:00
VALUE_ADDED_TOTAL_EUROPE,lv:country,2024,2026-09-15T16:26:52.284479+00:00,21062.1,final,2024-01-01,2024-12-31,1,2026-09-15T16:26:52.284479+00:00
VALUE_ADDED_TOTAL_EUROPE,lv:country,2025,2026-09-15T16:26:52.284479+00:00,21482.1,final,2025-01-01,2025-12-31,1,2026-09-15T16:26:52.284479+00:00
VALUE_ADDED_TOTAL_EUROPE,me:country,2008,2026-09-15T16:26:52.284479+00:00,2643.9,final,2008-01-01,2008-12-31,1,2026-09-15T16:26:52.284479+00:00
VALUE_ADDED_TOTAL_EUROPE,me:country,2009,2026-09-15T16:26:52.284479+00:00,2533.3,final,2009-01-01,2009-12-31,1,2026-09-15T16:26:52.284479+00:00
VALUE_ADDED_TOTAL_EUROPE,me:country,2010,2026-09-15T16:26:52.284479+00:00,2603.9,final,2010-01-01,2010-12-31,1,2026-09-15T16:26:52.284479+00:00
VALUE_ADDED_TOTAL_EUROPE,me:country,2011,2026-09-15T16:26:52.284479+00:00,2706.9,final,2011-01-01,2011-12-31,1,2026-09-15T16:26:52.284479+00:00
VALUE_ADDED_TOTAL_EUROPE,me:country,2012,2026-09-15T16:26:52.284479+00:00,2654.3,final,2012-01-01,2012-12-31,1,2026-09-15T16:26:52.284479+00:00
VALUE_ADDED_TOTAL_EUROPE,me:country,2013,2026-09-15T16:26:52.284479+00:00,2756.7,final,2013-01-01,2013-12-31,1,2026-09-15T16:26:52.284479+00:00
VALUE_ADDED_TOTAL_EUROPE,me:country,2014,2026-09-15T16:26:52.284479+00:00,2827.8,final,2014-01-01,2014-12-31,1,2026-09-15T16:26:52.284479+00:00
VALUE_ADDED_TOTAL_EUROPE,me:country,2015,2026-09-15T16:26:52.284479+00:00,2906.1,final,2015-01-01,2015-12-31,1,2026-09-15T16:26:52.284479+00:00
VALUE_ADDED_TOTAL_EUROPE,me:country,2016,2026-09-15T16:26:52.284479+00:00,2992.1,final,2016-01-01,2016-12-31,1,2026-09-15T16:26:52.284479+00:00
VALUE_ADDED_TOTAL_EUROPE,me:country,2017,2026-09-15T16:26:52.284479+00:00,3076.8,final,2017-01-01,2017-12-31,1,2026-09-15T16:26:52.284479+00:00
VALUE_ADDED_TOTAL_EUROPE,me:country,2018,2026-09-15T16:26:52.284479+00:00,3249.2,final,2018-01-01,2018-12-31,1,2026-09-15T16:26:52.284479+00:00
VALUE_ADDED_TOTAL_EUROPE,me:country,2019,2026-09-15T16:26:52.284479+00:00,3398.0,final,2019-01-01,2019-12-31,1,2026-09-15T16:26:52.284479+00:00
VALUE_ADDED_TOTAL_EUROPE,me:country,2020,2026-09-15T16:26:52.284479+00:00,2923.4,final,2020-01-01,2020-12-31,1,2026-09-15T16:26:52.284479+00:00
VALUE_ADDED_TOTAL_EUROPE,me:country,2021,2026-09-15T16:26:52.284479+00:00,3310.8,final,2021-01-01,2021-12-31,1,2026-09-15T16:26:52.284479+00:00
VALUE_ADDED_TOTAL_EUROPE,me:country,2022,2026-09-15T16:26:52.284479+00:00,3572.9,final,2022-01-01,2022-12-31,1,2026-09-15T16:26:52.284479+00:00
VALUE_ADDED_TOTAL_EUROPE,me:country,2023,2026-09-15T16:26:52.284479+00:00,3784.3,final,2023-01-01,2023-12-31,1,2026-09-15T16:26:52.284479+00:00
VALUE_ADDED_TOTAL_EUROPE,me:country,2024,2026-09-15T16:26:52.284479+00:00,3856.1,final,2024-01-01,2024-12-31,1,2026-09-15T16:26:52.284479+00:00
VALUE_ADDED_TOTAL_EUROPE,me:country,2025,2026-09-15T16:26:52.284479+00:00,3891.5,provisional,2025-01-01,2025-12-31,1,2026-09-15T16:26:52.284479+00:00
VALUE_ADDED_TOTAL_EUROPE,mk:country,2008,2026-09-15T16:26:52.284479+00:00,5947.1,final,2008-01-01,2008-12-31,1,2026-09-15T16:26:52.284479+00:00
VALUE_ADDED_TOTAL_EUROPE,mk:country,2009,2026-09-15T16:26:52.284479+00:00,5929.2,final,2009-01-01,2009-12-31,1,2026-09-15T16:26:52.284479+00:00
VALUE_ADDED_TOTAL_EUROPE,mk:country,2010,2026-09-15T16:26:52.284479+00:00,6131.4,final,2010-01-01,2010-12-31,1,2026-09-15T16:26:52.284479+00:00
VALUE_ADDED_TOTAL_EUROPE,mk:country,2011,2026-09-15T16:26:52.284479+00:00,6251.0,final,2011-01-01,2011-12-31,1,2026-09-15T16:26:52.284479+00:00
VALUE_ADDED_TOTAL_EUROPE,mk:country,2012,2026-09-15T16:26:52.284479+00:00,6209.3,final,2012-01-01,2012-12-31,1,2026-09-15T16:26:52.284479+00:00
VALUE_ADDED_TOTAL_EUROPE,mk:country,2013,2026-09-15T16:26:52.284479+00:00,6452.4,final,2013-01-01,2013-12-31,1,2026-09-15T16:26:52.284479+00:00
VALUE_ADDED_TOTAL_EUROPE,mk:country,2014,2026-09-15T16:26:52.284479+00:00,6774.0,final,2014-01-01,2014-12-31,1,2026-09-15T16:26:52.284479+00:00
VALUE_ADDED_TOTAL_EUROPE,mk:country,2015,2026-09-15T16:26:52.284479+00:00,7074.8,final,2015-01-01,2015-12-31,1,2026-09-15T16:26:52.284479+00:00
VALUE_ADDED_TOTAL_EUROPE,mk:country,2016,2026-09-15T16:26:52.284479+00:00,7218.1,final,2016-01-01,2016-12-31,1,2026-09-15T16:26:52.284479+00:00
VALUE_ADDED_TOTAL_EUROPE,mk:country,2017,2026-09-15T16:26:52.284479+00:00,7284.3,final,2017-01-01,2017-12-31,1,2026-09-15T16:26:52.284479+00:00
VALUE_ADDED_TOTAL_EUROPE,mk:country,2018,2026-09-15T16:26:52.284479+00:00,7496.9,final,2018-01-01,2018-12-31,1,2026-09-15T16:26:52.284479+00:00
VALUE_ADDED_TOTAL_EUROPE,mk:country,2019,2026-09-15T16:26:52.284479+00:00,7784.5,final,2019-01-01,2019-12-31,1,2026-09-15T16:26:52.284479+00:00
VALUE_ADDED_TOTAL_EUROPE,mk:country,2020,2026-09-15T16:26:52.284479+00:00,7449.6,final,2020-01-01,2020-12-31,1,2026-09-15T16:26:52.284479+00:00
VALUE_ADDED_TOTAL_EUROPE,mk:country,2021,2026-09-15T16:26:52.284479+00:00,7748.3,final,2021-01-01,2021-12-31,1,2026-09-15T16:26:52.284479+00:00
VALUE_ADDED_TOTAL_EUROPE,mk:country,2022,2026-09-15T16:26:52.284479+00:00,7970.4,final,2022-01-01,2022-12-31,1,2026-09-15T16:26:52.284479+00:00
VALUE_ADDED_TOTAL_EUROPE,mk:country,2023,2026-09-15T16:26:52.284479+00:00,8200.0,final,2023-01-01,2023-12-31,1,2026-09-15T16:26:52.284479+00:00
VALUE_ADDED_TOTAL_EUROPE,mk:country,2024,2026-09-15T16:26:52.284479+00:00,8384.5,provisional,2024-01-01,2024-12-31,1,2026-09-15T16:26:52.284479+00:00
VALUE_ADDED_TOTAL_EUROPE,mk:country,2025,2026-09-15T16:26:52.284479+00:00,8674.9,estimate,2025-01-01,2025-12-31,1,2026-09-15T16:26:52.284479+00:00
VALUE_ADDED_TOTAL_EUROPE,mt:country,2008,2026-09-15T16:26:52.284479+00:00,5691.9,final,2008-01-01,2008-12-31,1,2026-09-15T16:26:52.284479+00:00
VALUE_ADDED_TOTAL_EUROPE,mt:country,2009,2026-09-15T16:26:52.284479+00:00,5723.6,final,2009-01-01,2009-12-31,1,2026-09-15T16:26:52.284479+00:00
VALUE_ADDED_TOTAL_EUROPE,mt:country,2010,2026-09-15T16:26:52.284479+00:00,6053.2,final,2010-01-01,2010-12-31,1,2026-09-15T16:26:52.284479+00:00
VALUE_ADDED_TOTAL_EUROPE,mt:country,2011,2026-09-15T16:26:52.284479+00:00,5998.2,final,2011-01-01,2011-12-31,1,2026-09-15T16:26:52.284479+00:00
VALUE_ADDED_TOTAL_EUROPE,mt:country,2012,2026-09-15T16:26:52.284479+00:00,6284.8,final,2012-01-01,2012-12-31,1,2026-09-15T16:26:52.284479+00:00
VALUE_ADDED_TOTAL_EUROPE,mt:country,2013,2026-09-15T16:26:52.284479+00:00,6771.1,final,2013-01-01,2013-12-31,1,2026-09-15T16:26:52.284479+00:00
VALUE_ADDED_TOTAL_EUROPE,mt:country,2014,2026-09-15T16:26:52.284479+00:00,7388.9,final,2014-01-01,2014-12-31,1,2026-09-15T16:26:52.284479+00:00
VALUE_ADDED_TOTAL_EUROPE,mt:country,2015,2026-09-15T16:26:52.284479+00:00,8063.6,final,2015-01-01,2015-12-31,1,2026-09-15T16:26:52.284479+00:00
VALUE_ADDED_TOTAL_EUROPE,mt:country,2016,2026-09-15T16:26:52.284479+00:00,8398.6,final,2016-01-01,2016-12-31,1,2026-09-15T16:26:52.284479+00:00
VALUE_ADDED_TOTAL_EUROPE,mt:country,2017,2026-09-15T16:26:52.284479+00:00,9503.3,final,2017-01-01,2017-12-31,1,2026-09-15T16:26:52.284479+00:00
VALUE_ADDED_TOTAL_EUROPE,mt:country,2018,2026-09-15T16:26:52.284479+00:00,10212.0,final,2018-01-01,2018-12-31,1,2026-09-15T16:26:52.284479+00:00
VALUE_ADDED_TOTAL_EUROPE,mt:country,2019,2026-09-15T16:26:52.284479+00:00,10639.7,final,2019-01-01,2019-12-31,1,2026-09-15T16:26:52.284479+00:00
VALUE_ADDED_TOTAL_EUROPE,mt:country,2020,2026-09-15T16:26:52.284479+00:00,10417.4,final,2020-01-01,2020-12-31,1,2026-09-15T16:26:52.284479+00:00
VALUE_ADDED_TOTAL_EUROPE,mt:country,2021,2026-09-15T16:26:52.284479+00:00,11877.7,final,2021-01-01,2021-12-31,1,2026-09-15T16:26:52.284479+00:00
VALUE_ADDED_TOTAL_EUROPE,mt:country,2022,2026-09-15T16:26:52.284479+00:00,12327.6,final,2022-01-01,2022-12-31,1,2026-09-15T16:26:52.284479+00:00
VALUE_ADDED_TOTAL_EUROPE,mt:country,2023,2026-09-15T16:26:52.284479+00:00,13283.2,final,2023-01-01,2023-12-31,1,2026-09-15T16:26:52.284479+00:00
VALUE_ADDED_TOTAL_EUROPE,mt:country,2024,2026-09-15T16:26:52.284479+00:00,14115.6,final,2024-01-01,2024-12-31,1,2026-09-15T16:26:52.284479+00:00
VALUE_ADDED_TOTAL_EUROPE,mt:country,2025,2026-09-15T16:26:52.284479+00:00,14819.4,final,2025-01-01,2025-12-31,1,2026-09-15T16:26:52.284479+00:00
VALUE_ADDED_TOTAL_EUROPE,nl:country,2008,2026-09-15T16:26:52.284479+00:00,586720.3,final,2008-01-01,2008-12-31,1,2026-09-15T16:26:52.284479+00:00
VALUE_ADDED_TOTAL_EUROPE,nl:country,2009,2026-09-15T16:26:52.284479+00:00,567262.2,final,2009-01-01,2009-12-31,1,2026-09-15T16:26:52.284479+00:00
VALUE_ADDED_TOTAL_EUROPE,nl:country,2010,2026-09-15T16:26:52.284479+00:00,575705.0,final,2010-01-01,2010-12-31,1,2026-09-15T16:26:52.284479+00:00
VALUE_ADDED_TOTAL_EUROPE,nl:country,2011,2026-09-15T16:26:52.284479+00:00,587915.1,final,2011-01-01,2011-12-31,1,2026-09-15T16:26:52.284479+00:00
VALUE_ADDED_TOTAL_EUROPE,nl:country,2012,2026-09-15T16:26:52.284479+00:00,583556.4,final,2012-01-01,2012-12-31,1,2026-09-15T16:26:52.284479+00:00
VALUE_ADDED_TOTAL_EUROPE,nl:country,2013,2026-09-15T16:26:52.284479+00:00,585712.9,final,2013-01-01,2013-12-31,1,2026-09-15T16:26:52.284479+00:00
VALUE_ADDED_TOTAL_EUROPE,nl:country,2014,2026-09-15T16:26:52.284479+00:00,595398.7,final,2014-01-01,2014-12-31,1,2026-09-15T16:26:52.284479+00:00
VALUE_ADDED_TOTAL_EUROPE,nl:country,2015,2026-09-15T16:26:52.284479+00:00,606899.2,final,2015-01-01,2015-12-31,1,2026-09-15T16:26:52.284479+00:00
VALUE_ADDED_TOTAL_EUROPE,nl:country,2016,2026-09-15T16:26:52.284479+00:00,620520.7,final,2016-01-01,2016-12-31,1,2026-09-15T16:26:52.284479+00:00
VALUE_ADDED_TOTAL_EUROPE,nl:country,2017,2026-09-15T16:26:52.284479+00:00,637811.1,final,2017-01-01,2017-12-31,1,2026-09-15T16:26:52.284479+00:00
VALUE_ADDED_TOTAL_EUROPE,nl:country,2018,2026-09-15T16:26:52.284479+00:00,651916.9,final,2018-01-01,2018-12-31,1,2026-09-15T16:26:52.284479+00:00
VALUE_ADDED_TOTAL_EUROPE,nl:country,2019,2026-09-15T16:26:52.284479+00:00,667502.4,final,2019-01-01,2019-12-31,1,2026-09-15T16:26:52.284479+00:00
VALUE_ADDED_TOTAL_EUROPE,nl:country,2020,2026-09-15T16:26:52.284479+00:00,640646.1,final,2020-01-01,2020-12-31,1,2026-09-15T16:26:52.284479+00:00
VALUE_ADDED_TOTAL_EUROPE,nl:country,2021,2026-09-15T16:26:52.284479+00:00,683475.4,final,2021-01-01,2021-12-31,1,2026-09-15T16:26:52.284479+00:00
VALUE_ADDED_TOTAL_EUROPE,nl:country,2022,2026-09-15T16:26:52.284479+00:00,722293.1,final,2022-01-01,2022-12-31,1,2026-09-15T16:26:52.284479+00:00
VALUE_ADDED_TOTAL_EUROPE,nl:country,2023,2026-09-15T16:26:52.284479+00:00,718272.9,final,2023-01-01,2023-12-31,1,2026-09-15T16:26:52.284479+00:00
VALUE_ADDED_TOTAL_EUROPE,nl:country,2024,2026-09-15T16:26:52.284479+00:00,726383.3,final,2024-01-01,2024-12-31,1,2026-09-15T16:26:52.284479+00:00
VALUE_ADDED_TOTAL_EUROPE,nl:country,2025,2026-09-15T16:26:52.284479+00:00,738799.7,final,2025-01-01,2025-12-31,1,2026-09-15T16:26:52.284479+00:00
VALUE_ADDED_TOTAL_EUROPE,no:country,2008,2026-09-15T16:26:52.284479+00:00,299929.0,final,2008-01-01,2008-12-31,1,2026-09-15T16:26:52.284479+00:00
VALUE_ADDED_TOTAL_EUROPE,no:country,2009,2026-09-15T16:26:52.284479+00:00,294705.4,final,2009-01-01,2009-12-31,1,2026-09-15T16:26:52.284479+00:00
VALUE_ADDED_TOTAL_EUROPE,no:country,2010,2026-09-15T16:26:52.284479+00:00,296938.6,final,2010-01-01,2010-12-31,1,2026-09-15T16:26:52.284479+00:00
VALUE_ADDED_TOTAL_EUROPE,no:country,2011,2026-09-15T16:26:52.284479+00:00,300371.1,final,2011-01-01,2011-12-31,1,2026-09-15T16:26:52.284479+00:00
VALUE_ADDED_TOTAL_EUROPE,no:country,2012,2026-09-15T16:26:52.284479+00:00,308638.8,final,2012-01-01,2012-12-31,1,2026-09-15T16:26:52.284479+00:00
VALUE_ADDED_TOTAL_EUROPE,no:country,2013,2026-09-15T16:26:52.284479+00:00,312447.9,final,2013-01-01,2013-12-31,1,2026-09-15T16:26:52.284479+00:00
VALUE_ADDED_TOTAL_EUROPE,no:country,2014,2026-09-15T16:26:52.284479+00:00,319028.5,final,2014-01-01,2014-12-31,1,2026-09-15T16:26:52.284479+00:00
VALUE_ADDED_TOTAL_EUROPE,no:country,2015,2026-09-15T16:26:52.284479+00:00,325468.9,final,2015-01-01,2015-12-31,1,2026-09-15T16:26:52.284479+00:00
VALUE_ADDED_TOTAL_EUROPE,no:country,2016,2026-09-15T16:26:52.284479+00:00,329321.2,final,2016-01-01,2016-12-31,1,2026-09-15T16:26:52.284479+00:00
VALUE_ADDED_TOTAL_EUROPE,no:country,2017,2026-09-15T16:26:52.284479+00:00,338034.3,final,2017-01-01,2017-12-31,1,2026-09-15T16:26:52.284479+00:00
VALUE_ADDED_TOTAL_EUROPE,no:country,2018,2026-09-15T16:26:52.284479+00:00,341622.1,final,2018-01-01,2018-12-31,1,2026-09-15T16:26:52.284479+00:00
VALUE_ADDED_TOTAL_EUROPE,no:country,2019,2026-09-15T16:26:52.284479+00:00,347149.8,final,2019-01-01,2019-12-31,1,2026-09-15T16:26:52.284479+00:00
VALUE_ADDED_TOTAL_EUROPE,no:country,2020,2026-09-15T16:26:52.284479+00:00,342513.8,final,2020-01-01,2020-12-31,1,2026-09-15T16:26:52.284479+00:00
VALUE_ADDED_TOTAL_EUROPE,no:country,2021,2026-09-15T16:26:52.284479+00:00,356515.7,final,2021-01-01,2021-12-31,1,2026-09-15T16:26:52.284479+00:00
VALUE_ADDED_TOTAL_EUROPE,no:country,2022,2026-09-15T16:26:52.284479+00:00,372538.8,final,2022-01-01,2022-12-31,1,2026-09-15T16:26:52.284479+00:00
VALUE_ADDED_TOTAL_EUROPE,no:country,2023,2026-09-15T16:26:52.284479+00:00,373905.7,final,2023-01-01,2023-12-31,1,2026-09-15T16:26:52.284479+00:00
VALUE_ADDED_TOTAL_EUROPE,no:country,2024,2026-09-15T16:26:52.284479+00:00,379843.2,final,2024-01-01,2024-12-31,1,2026-09-15T16:26:52.284479+00:00
VALUE_ADDED_TOTAL_EUROPE,no:country,2025,2026-09-15T16:26:52.284479+00:00,383751.5,final,2025-01-01,2025-12-31,1,2026-09-15T16:26:52.284479+00:00
VALUE_ADDED_TOTAL_EUROPE,pl:country,2008,2026-09-15T16:26:52.284479+00:00,299154.5,final,2008-01-01,2008-12-31,1,2026-09-15T16:26:52.284479+00:00
VALUE_ADDED_TOTAL_EUROPE,pl:country,2009,2026-09-15T16:26:52.284479+00:00,307790.3,final,2009-01-01,2009-12-31,1,2026-09-15T16:26:52.284479+00:00
VALUE_ADDED_TOTAL_EUROPE,pl:country,2010,2026-09-15T16:26:52.284479+00:00,317377.5,final,2010-01-01,2010-12-31,1,2026-09-15T16:26:52.284479+00:00
VALUE_ADDED_TOTAL_EUROPE,pl:country,2011,2026-09-15T16:26:52.284479+00:00,333866.8,final,2011-01-01,2011-12-31,1,2026-09-15T16:26:52.284479+00:00
VALUE_ADDED_TOTAL_EUROPE,pl:country,2012,2026-09-15T16:26:52.284479+00:00,338347.3,final,2012-01-01,2012-12-31,1,2026-09-15T16:26:52.284479+00:00
VALUE_ADDED_TOTAL_EUROPE,pl:country,2013,2026-09-15T16:26:52.284479+00:00,340401.7,final,2013-01-01,2013-12-31,1,2026-09-15T16:26:52.284479+00:00
VALUE_ADDED_TOTAL_EUROPE,pl:country,2014,2026-09-15T16:26:52.284479+00:00,353439.3,final,2014-01-01,2014-12-31,1,2026-09-15T16:26:52.284479+00:00
VALUE_ADDED_TOTAL_EUROPE,pl:country,2015,2026-09-15T16:26:52.284479+00:00,369582.9,final,2015-01-01,2015-12-31,1,2026-09-15T16:26:52.284479+00:00
VALUE_ADDED_TOTAL_EUROPE,pl:country,2016,2026-09-15T16:26:52.284479+00:00,380292.3,final,2016-01-01,2016-12-31,1,2026-09-15T16:26:52.284479+00:00
VALUE_ADDED_TOTAL_EUROPE,pl:country,2017,2026-09-15T16:26:52.284479+00:00,399337.5,final,2017-01-01,2017-12-31,1,2026-09-15T16:26:52.284479+00:00
VALUE_ADDED_TOTAL_EUROPE,pl:country,2018,2026-09-15T16:26:52.284479+00:00,424263.8,final,2018-01-01,2018-12-31,1,2026-09-15T16:26:52.284479+00:00
VALUE_ADDED_TOTAL_EUROPE,pl:country,2019,2026-09-15T16:26:52.284479+00:00,443272.3,final,2019-01-01,2019-12-31,1,2026-09-15T16:26:52.284479+00:00
VALUE_ADDED_TOTAL_EUROPE,pl:country,2020,2026-09-15T16:26:52.284479+00:00,434139.6,final,2020-01-01,2020-12-31,1,2026-09-15T16:26:52.284479+00:00
VALUE_ADDED_TOTAL_EUROPE,pl:country,2021,2026-09-15T16:26:52.284479+00:00,462920.1,final,2021-01-01,2021-12-31,1,2026-09-15T16:26:52.284479+00:00
VALUE_ADDED_TOTAL_EUROPE,pl:country,2022,2026-09-15T16:26:52.284479+00:00,488176.9,final,2022-01-01,2022-12-31,1,2026-09-15T16:26:52.284479+00:00
VALUE_ADDED_TOTAL_EUROPE,pl:country,2023,2026-09-15T16:26:52.284479+00:00,494541.9,final,2023-01-01,2023-12-31,1,2026-09-15T16:26:52.284479+00:00
VALUE_ADDED_TOTAL_EUROPE,pl:country,2024,2026-09-15T16:26:52.284479+00:00,505755.4,final,2024-01-01,2024-12-31,1,2026-09-15T16:26:52.284479+00:00
VALUE_ADDED_TOTAL_EUROPE,pl:country,2025,2026-09-15T16:26:52.284479+00:00,521485.5,final,2025-01-01,2025-12-31,1,2026-09-15T16:26:52.284479+00:00
VALUE_ADDED_TOTAL_EUROPE,pt:country,2008,2026-09-15T16:26:52.284479+00:00,159791.4,final,2008-01-01,2008-12-31,1,2026-09-15T16:26:52.284479+00:00
VALUE_ADDED_TOTAL_EUROPE,pt:country,2009,2026-09-15T16:26:52.284479+00:00,155624.6,final,2009-01-01,2009-12-31,1,2026-09-15T16:26:52.284479+00:00
VALUE_ADDED_TOTAL_EUROPE,pt:country,2010,2026-09-15T16:26:52.284479+00:00,158032.3,final,2010-01-01,2010-12-31,1,2026-09-15T16:26:52.284479+00:00
VALUE_ADDED_TOTAL_EUROPE,pt:country,2011,2026-09-15T16:26:52.284479+00:00,156430.4,final,2011-01-01,2011-12-31,1,2026-09-15T16:26:52.284479+00:00
VALUE_ADDED_TOTAL_EUROPE,pt:country,2012,2026-09-15T16:26:52.284479+00:00,151370.3,final,2012-01-01,2012-12-31,1,2026-09-15T16:26:52.284479+00:00
VALUE_ADDED_TOTAL_EUROPE,pt:country,2013,2026-09-15T16:26:52.284479+00:00,150407.2,final,2013-01-01,2013-12-31,1,2026-09-15T16:26:52.284479+00:00
VALUE_ADDED_TOTAL_EUROPE,pt:country,2014,2026-09-15T16:26:52.284479+00:00,150825.0,final,2014-01-01,2014-12-31,1,2026-09-15T16:26:52.284479+00:00
VALUE_ADDED_TOTAL_EUROPE,pt:country,2015,2026-09-15T16:26:52.284479+00:00,152870.4,final,2015-01-01,2015-12-31,1,2026-09-15T16:26:52.284479+00:00
VALUE_ADDED_TOTAL_EUROPE,pt:country,2016,2026-09-15T16:26:52.284479+00:00,155510.7,final,2016-01-01,2016-12-31,1,2026-09-15T16:26:52.284479+00:00
VALUE_ADDED_TOTAL_EUROPE,pt:country,2017,2026-09-15T16:26:52.284479+00:00,160429.4,final,2017-01-01,2017-12-31,1,2026-09-15T16:26:52.284479+00:00
VALUE_ADDED_TOTAL_EUROPE,pt:country,2018,2026-09-15T16:26:52.284479+00:00,165058.6,final,2018-01-01,2018-12-31,1,2026-09-15T16:26:52.284479+00:00
VALUE_ADDED_TOTAL_EUROPE,pt:country,2019,2026-09-15T16:26:52.284479+00:00,169539.1,final,2019-01-01,2019-12-31,1,2026-09-15T16:26:52.284479+00:00
VALUE_ADDED_TOTAL_EUROPE,pt:country,2020,2026-09-15T16:26:52.284479+00:00,156548.4,final,2020-01-01,2020-12-31,1,2026-09-15T16:26:52.284479+00:00
VALUE_ADDED_TOTAL_EUROPE,pt:country,2021,2026-09-15T16:26:52.284479+00:00,164869.7,final,2021-01-01,2021-12-31,1,2026-09-15T16:26:52.284479+00:00
VALUE_ADDED_TOTAL_EUROPE,pt:country,2022,2026-09-15T16:26:52.284479+00:00,176268.8,final,2022-01-01,2022-12-31,1,2026-09-15T16:26:52.284479+00:00
VALUE_ADDED_TOTAL_EUROPE,pt:country,2023,2026-09-15T16:26:52.284479+00:00,181705.0,final,2023-01-01,2023-12-31,1,2026-09-15T16:26:52.284479+00:00
VALUE_ADDED_TOTAL_EUROPE,pt:country,2024,2026-09-15T16:26:52.284479+00:00,185461.3,provisional,2024-01-01,2024-12-31,1,2026-09-15T16:26:52.284479+00:00
VALUE_ADDED_TOTAL_EUROPE,pt:country,2025,2026-09-15T16:26:52.284479+00:00,188701.1,provisional,2025-01-01,2025-12-31,1,2026-09-15T16:26:52.284479+00:00
VALUE_ADDED_TOTAL_EUROPE,ro:country,2008,2026-09-15T16:26:52.284479+00:00,126707.5,final,2008-01-01,2008-12-31,1,2026-09-15T16:26:52.284479+00:00
VALUE_ADDED_TOTAL_EUROPE,ro:country,2009,2026-09-15T16:26:52.284479+00:00,121079.5,final,2009-01-01,2009-12-31,1,2026-09-15T16:26:52.284479+00:00
VALUE_ADDED_TOTAL_EUROPE,ro:country,2010,2026-09-15T16:26:52.284479+00:00,114808.6,final,2010-01-01,2010-12-31,1,2026-09-15T16:26:52.284479+00:00
VALUE_ADDED_TOTAL_EUROPE,ro:country,2011,2026-09-15T16:26:52.284479+00:00,119733.0,final,2011-01-01,2011-12-31,1,2026-09-15T16:26:52.284479+00:00
VALUE_ADDED_TOTAL_EUROPE,ro:country,2012,2026-09-15T16:26:52.284479+00:00,122129.3,final,2012-01-01,2012-12-31,1,2026-09-15T16:26:52.284479+00:00
VALUE_ADDED_TOTAL_EUROPE,ro:country,2013,2026-09-15T16:26:52.284479+00:00,122623.0,final,2013-01-01,2013-12-31,1,2026-09-15T16:26:52.284479+00:00
VALUE_ADDED_TOTAL_EUROPE,ro:country,2014,2026-09-15T16:26:52.284479+00:00,127732.7,final,2014-01-01,2014-12-31,1,2026-09-15T16:26:52.284479+00:00
VALUE_ADDED_TOTAL_EUROPE,ro:country,2015,2026-09-15T16:26:52.284479+00:00,131145.2,final,2015-01-01,2015-12-31,1,2026-09-15T16:26:52.284479+00:00
VALUE_ADDED_TOTAL_EUROPE,ro:country,2016,2026-09-15T16:26:52.284479+00:00,134836.8,final,2016-01-01,2016-12-31,1,2026-09-15T16:26:52.284479+00:00
VALUE_ADDED_TOTAL_EUROPE,ro:country,2017,2026-09-15T16:26:52.284479+00:00,146168.9,final,2017-01-01,2017-12-31,1,2026-09-15T16:26:52.284479+00:00
VALUE_ADDED_TOTAL_EUROPE,ro:country,2018,2026-09-15T16:26:52.284479+00:00,153392.6,final,2018-01-01,2018-12-31,1,2026-09-15T16:26:52.284479+00:00
VALUE_ADDED_TOTAL_EUROPE,ro:country,2019,2026-09-15T16:26:52.284479+00:00,159218.0,final,2019-01-01,2019-12-31,1,2026-09-15T16:26:52.284479+00:00
VALUE_ADDED_TOTAL_EUROPE,ro:country,2020,2026-09-15T16:26:52.284479+00:00,153829.2,final,2020-01-01,2020-12-31,1,2026-09-15T16:26:52.284479+00:00
VALUE_ADDED_TOTAL_EUROPE,ro:country,2021,2026-09-15T16:26:52.284479+00:00,161824.8,final,2021-01-01,2021-12-31,1,2026-09-15T16:26:52.284479+00:00
VALUE_ADDED_TOTAL_EUROPE,ro:country,2022,2026-09-15T16:26:52.284479+00:00,167311.2,final,2022-01-01,2022-12-31,1,2026-09-15T16:26:52.284479+00:00
VALUE_ADDED_TOTAL_EUROPE,ro:country,2023,2026-09-15T16:26:52.284479+00:00,170604.8,final,2023-01-01,2023-12-31,1,2026-09-15T16:26:52.284479+00:00
VALUE_ADDED_TOTAL_EUROPE,ro:country,2024,2026-09-15T16:26:52.284479+00:00,170872.8,provisional,2024-01-01,2024-12-31,1,2026-09-15T16:26:52.284479+00:00
VALUE_ADDED_TOTAL_EUROPE,ro:country,2025,2026-09-15T16:26:52.284479+00:00,171999.5,provisional,2025-01-01,2025-12-31,1,2026-09-15T16:26:52.284479+00:00
VALUE_ADDED_TOTAL_EUROPE,rs:country,2008,2026-09-15T16:26:52.284479+00:00,27801.4,final,2008-01-01,2008-12-31,1,2026-09-15T16:26:52.284479+00:00
VALUE_ADDED_TOTAL_EUROPE,rs:country,2009,2026-09-15T16:26:52.284479+00:00,27077.7,final,2009-01-01,2009-12-31,1,2026-09-15T16:26:52.284479+00:00
VALUE_ADDED_TOTAL_EUROPE,rs:country,2010,2026-09-15T16:26:52.284479+00:00,27606.3,final,2010-01-01,2010-12-31,1,2026-09-15T16:26:52.284479+00:00
VALUE_ADDED_TOTAL_EUROPE,rs:country,2011,2026-09-15T16:26:52.284479+00:00,27692.9,final,2011-01-01,2011-12-31,1,2026-09-15T16:26:52.284479+00:00
VALUE_ADDED_TOTAL_EUROPE,rs:country,2012,2026-09-15T16:26:52.284479+00:00,27724.4,final,2012-01-01,2012-12-31,1,2026-09-15T16:26:52.284479+00:00
VALUE_ADDED_TOTAL_EUROPE,rs:country,2013,2026-09-15T16:26:52.284479+00:00,27974.1,final,2013-01-01,2013-12-31,1,2026-09-15T16:26:52.284479+00:00
VALUE_ADDED_TOTAL_EUROPE,rs:country,2014,2026-09-15T16:26:52.284479+00:00,27448.4,final,2014-01-01,2014-12-31,1,2026-09-15T16:26:52.284479+00:00
VALUE_ADDED_TOTAL_EUROPE,rs:country,2015,2026-09-15T16:26:52.284479+00:00,27891.6,final,2015-01-01,2015-12-31,1,2026-09-15T16:26:52.284479+00:00
VALUE_ADDED_TOTAL_EUROPE,rs:country,2016,2026-09-15T16:26:52.284479+00:00,28677.2,final,2016-01-01,2016-12-31,1,2026-09-15T16:26:52.284479+00:00
VALUE_ADDED_TOTAL_EUROPE,rs:country,2017,2026-09-15T16:26:52.284479+00:00,29434.4,final,2017-01-01,2017-12-31,1,2026-09-15T16:26:52.284479+00:00
VALUE_ADDED_TOTAL_EUROPE,rs:country,2018,2026-09-15T16:26:52.284479+00:00,30901.1,final,2018-01-01,2018-12-31,1,2026-09-15T16:26:52.284479+00:00
VALUE_ADDED_TOTAL_EUROPE,rs:country,2019,2026-09-15T16:26:52.284479+00:00,32387.5,final,2019-01-01,2019-12-31,1,2026-09-15T16:26:52.284479+00:00
VALUE_ADDED_TOTAL_EUROPE,rs:country,2020,2026-09-15T16:26:52.284479+00:00,32223.0,final,2020-01-01,2020-12-31,1,2026-09-15T16:26:52.284479+00:00
VALUE_ADDED_TOTAL_EUROPE,rs:country,2021,2026-09-15T16:26:52.284479+00:00,34768.2,final,2021-01-01,2021-12-31,1,2026-09-15T16:26:52.284479+00:00
VALUE_ADDED_TOTAL_EUROPE,rs:country,2022,2026-09-15T16:26:52.284479+00:00,35673.9,final,2022-01-01,2022-12-31,1,2026-09-15T16:26:52.284479+00:00
VALUE_ADDED_TOTAL_EUROPE,rs:country,2023,2026-09-15T16:26:52.284479+00:00,37348.6,provisional,2023-01-01,2023-12-31,1,2026-09-15T16:26:52.284479+00:00
VALUE_ADDED_TOTAL_EUROPE,rs:country,2024,2026-09-15T16:26:52.284479+00:00,38796.2,provisional,2024-01-01,2024-12-31,1,2026-09-15T16:26:52.284479+00:00
VALUE_ADDED_TOTAL_EUROPE,rs:country,2025,2026-09-15T16:26:52.284479+00:00,39484.2,estimate,2025-01-01,2025-12-31,1,2026-09-15T16:26:52.284479+00:00
VALUE_ADDED_TOTAL_EUROPE,se:country,2008,2026-09-15T16:26:52.284479+00:00,324819.1,final,2008-01-01,2008-12-31,1,2026-09-15T16:26:52.284479+00:00
VALUE_ADDED_TOTAL_EUROPE,se:country,2009,2026-09-15T16:26:52.284479+00:00,309968.1,final,2009-01-01,2009-12-31,1,2026-09-15T16:26:52.284479+00:00
VALUE_ADDED_TOTAL_EUROPE,se:country,2010,2026-09-15T16:26:52.284479+00:00,328308.3,final,2010-01-01,2010-12-31,1,2026-09-15T16:26:52.284479+00:00
VALUE_ADDED_TOTAL_EUROPE,se:country,2011,2026-09-15T16:26:52.284479+00:00,340262.6,final,2011-01-01,2011-12-31,1,2026-09-15T16:26:52.284479+00:00
VALUE_ADDED_TOTAL_EUROPE,se:country,2012,2026-09-15T16:26:52.284479+00:00,338907.1,final,2012-01-01,2012-12-31,1,2026-09-15T16:26:52.284479+00:00
VALUE_ADDED_TOTAL_EUROPE,se:country,2013,2026-09-15T16:26:52.284479+00:00,342643.9,final,2013-01-01,2013-12-31,1,2026-09-15T16:26:52.284479+00:00
VALUE_ADDED_TOTAL_EUROPE,se:country,2014,2026-09-15T16:26:52.284479+00:00,350687.1,final,2014-01-01,2014-12-31,1,2026-09-15T16:26:52.284479+00:00
VALUE_ADDED_TOTAL_EUROPE,se:country,2015,2026-09-15T16:26:52.284479+00:00,365697.7,final,2015-01-01,2015-12-31,1,2026-09-15T16:26:52.284479+00:00
VALUE_ADDED_TOTAL_EUROPE,se:country,2016,2026-09-15T16:26:52.284479+00:00,372153.4,final,2016-01-01,2016-12-31,1,2026-09-15T16:26:52.284479+00:00
VALUE_ADDED_TOTAL_EUROPE,se:country,2017,2026-09-15T16:26:52.284479+00:00,379639.8,final,2017-01-01,2017-12-31,1,2026-09-15T16:26:52.284479+00:00
VALUE_ADDED_TOTAL_EUROPE,se:country,2018,2026-09-15T16:26:52.284479+00:00,386562.7,final,2018-01-01,2018-12-31,1,2026-09-15T16:26:52.284479+00:00
VALUE_ADDED_TOTAL_EUROPE,se:country,2019,2026-09-15T16:26:52.284479+00:00,397430.6,final,2019-01-01,2019-12-31,1,2026-09-15T16:26:52.284479+00:00
VALUE_ADDED_TOTAL_EUROPE,se:country,2020,2026-09-15T16:26:52.284479+00:00,388429.9,final,2020-01-01,2020-12-31,1,2026-09-15T16:26:52.284479+00:00
VALUE_ADDED_TOTAL_EUROPE,se:country,2021,2026-09-15T16:26:52.284479+00:00,409269.3,final,2021-01-01,2021-12-31,1,2026-09-15T16:26:52.284479+00:00
VALUE_ADDED_TOTAL_EUROPE,se:country,2022,2026-09-15T16:26:52.284479+00:00,415188.5,final,2022-01-01,2022-12-31,1,2026-09-15T16:26:52.284479+00:00
VALUE_ADDED_TOTAL_EUROPE,se:country,2023,2026-09-15T16:26:52.284479+00:00,416536.5,final,2023-01-01,2023-12-31,1,2026-09-15T16:26:52.284479+00:00
VALUE_ADDED_TOTAL_EUROPE,se:country,2024,2026-09-15T16:26:52.284479+00:00,426057.8,final,2024-01-01,2024-12-31,1,2026-09-15T16:26:52.284479+00:00
VALUE_ADDED_TOTAL_EUROPE,se:country,2025,2026-09-15T16:26:52.284479+00:00,431341.8,final,2025-01-01,2025-12-31,1,2026-09-15T16:26:52.284479+00:00
VALUE_ADDED_TOTAL_EUROPE,si:country,2008,2026-09-15T16:26:52.284479+00:00,33297.5,final,2008-01-01,2008-12-31,1,2026-09-15T16:26:52.284479+00:00
VALUE_ADDED_TOTAL_EUROPE,si:country,2009,2026-09-15T16:26:52.284479+00:00,30933.2,final,2009-01-01,2009-12-31,1,2026-09-15T16:26:52.284479+00:00
VALUE_ADDED_TOTAL_EUROPE,si:country,2010,2026-09-15T16:26:52.284479+00:00,31296.9,final,2010-01-01,2010-12-31,1,2026-09-15T16:26:52.284479+00:00
VALUE_ADDED_TOTAL_EUROPE,si:country,2011,2026-09-15T16:26:52.284479+00:00,31398.7,final,2011-01-01,2011-12-31,1,2026-09-15T16:26:52.284479+00:00
VALUE_ADDED_TOTAL_EUROPE,si:country,2012,2026-09-15T16:26:52.284479+00:00,30593.7,final,2012-01-01,2012-12-31,1,2026-09-15T16:26:52.284479+00:00
VALUE_ADDED_TOTAL_EUROPE,si:country,2013,2026-09-15T16:26:52.284479+00:00,30451.6,final,2013-01-01,2013-12-31,1,2026-09-15T16:26:52.284479+00:00
VALUE_ADDED_TOTAL_EUROPE,si:country,2014,2026-09-15T16:26:52.284479+00:00,31511.7,final,2014-01-01,2014-12-31,1,2026-09-15T16:26:52.284479+00:00
VALUE_ADDED_TOTAL_EUROPE,si:country,2015,2026-09-15T16:26:52.284479+00:00,32254.5,final,2015-01-01,2015-12-31,1,2026-09-15T16:26:52.284479+00:00
VALUE_ADDED_TOTAL_EUROPE,si:country,2016,2026-09-15T16:26:52.284479+00:00,33272.8,final,2016-01-01,2016-12-31,1,2026-09-15T16:26:52.284479+00:00
VALUE_ADDED_TOTAL_EUROPE,si:country,2017,2026-09-15T16:26:52.284479+00:00,35094.8,final,2017-01-01,2017-12-31,1,2026-09-15T16:26:52.284479+00:00
VALUE_ADDED_TOTAL_EUROPE,si:country,2018,2026-09-15T16:26:52.284479+00:00,36636.3,final,2018-01-01,2018-12-31,1,2026-09-15T16:26:52.284479+00:00
VALUE_ADDED_TOTAL_EUROPE,si:country,2019,2026-09-15T16:26:52.284479+00:00,37973.1,final,2019-01-01,2019-12-31,1,2026-09-15T16:26:52.284479+00:00
VALUE_ADDED_TOTAL_EUROPE,si:country,2020,2026-09-15T16:26:52.284479+00:00,36811.6,final,2020-01-01,2020-12-31,1,2026-09-15T16:26:52.284479+00:00
VALUE_ADDED_TOTAL_EUROPE,si:country,2021,2026-09-15T16:26:52.284479+00:00,39714.7,final,2021-01-01,2021-12-31,1,2026-09-15T16:26:52.284479+00:00
VALUE_ADDED_TOTAL_EUROPE,si:country,2022,2026-09-15T16:26:52.284479+00:00,40756.9,final,2022-01-01,2022-12-31,1,2026-09-15T16:26:52.284479+00:00
VALUE_ADDED_TOTAL_EUROPE,si:country,2023,2026-09-15T16:26:52.284479+00:00,41945.4,final,2023-01-01,2023-12-31,1,2026-09-15T16:26:52.284479+00:00
VALUE_ADDED_TOTAL_EUROPE,si:country,2024,2026-09-15T16:26:52.284479+00:00,42835.8,final,2024-01-01,2024-12-31,1,2026-09-15T16:26:52.284479+00:00
VALUE_ADDED_TOTAL_EUROPE,si:country,2025,2026-09-15T16:26:52.284479+00:00,43495.1,final,2025-01-01,2025-12-31,1,2026-09-15T16:26:52.284479+00:00
VALUE_ADDED_TOTAL_EUROPE,sk:country,2008,2026-09-15T16:26:52.284479+00:00,61371.2,final,2008-01-01,2008-12-31,1,2026-09-15T16:26:52.284479+00:00
VALUE_ADDED_TOTAL_EUROPE,sk:country,2009,2026-09-15T16:26:52.284479+00:00,58224.4,final,2009-01-01,2009-12-31,1,2026-09-15T16:26:52.284479+00:00
VALUE_ADDED_TOTAL_EUROPE,sk:country,2010,2026-09-15T16:26:52.284479+00:00,62293.1,final,2010-01-01,2010-12-31,1,2026-09-15T16:26:52.284479+00:00
VALUE_ADDED_TOTAL_EUROPE,sk:country,2011,2026-09-15T16:26:52.284479+00:00,63427.8,final,2011-01-01,2011-12-31,1,2026-09-15T16:26:52.284479+00:00
VALUE_ADDED_TOTAL_EUROPE,sk:country,2012,2026-09-15T16:26:52.284479+00:00,64984.7,final,2012-01-01,2012-12-31,1,2026-09-15T16:26:52.284479+00:00
VALUE_ADDED_TOTAL_EUROPE,sk:country,2013,2026-09-15T16:26:52.284479+00:00,65145.8,final,2013-01-01,2013-12-31,1,2026-09-15T16:26:52.284479+00:00
VALUE_ADDED_TOTAL_EUROPE,sk:country,2014,2026-09-15T16:26:52.284479+00:00,66872.7,final,2014-01-01,2014-12-31,1,2026-09-15T16:26:52.284479+00:00
VALUE_ADDED_TOTAL_EUROPE,sk:country,2015,2026-09-15T16:26:52.284479+00:00,70162.9,final,2015-01-01,2015-12-31,1,2026-09-15T16:26:52.284479+00:00
VALUE_ADDED_TOTAL_EUROPE,sk:country,2016,2026-09-15T16:26:52.284479+00:00,71619.2,final,2016-01-01,2016-12-31,1,2026-09-15T16:26:52.284479+00:00
VALUE_ADDED_TOTAL_EUROPE,sk:country,2017,2026-09-15T16:26:52.284479+00:00,73218.9,final,2017-01-01,2017-12-31,1,2026-09-15T16:26:52.284479+00:00
VALUE_ADDED_TOTAL_EUROPE,sk:country,2018,2026-09-15T16:26:52.284479+00:00,76124.0,final,2018-01-01,2018-12-31,1,2026-09-15T16:26:52.284479+00:00
VALUE_ADDED_TOTAL_EUROPE,sk:country,2019,2026-09-15T16:26:52.284479+00:00,77520.1,final,2019-01-01,2019-12-31,1,2026-09-15T16:26:52.284479+00:00
VALUE_ADDED_TOTAL_EUROPE,sk:country,2020,2026-09-15T16:26:52.284479+00:00,75685.2,final,2020-01-01,2020-12-31,1,2026-09-15T16:26:52.284479+00:00
VALUE_ADDED_TOTAL_EUROPE,sk:country,2021,2026-09-15T16:26:52.284479+00:00,79517.5,final,2021-01-01,2021-12-31,1,2026-09-15T16:26:52.284479+00:00
VALUE_ADDED_TOTAL_EUROPE,sk:country,2022,2026-09-15T16:26:52.284479+00:00,79592.7,final,2022-01-01,2022-12-31,1,2026-09-15T16:26:52.284479+00:00
VALUE_ADDED_TOTAL_EUROPE,sk:country,2023,2026-09-15T16:26:52.284479+00:00,83138.6,final,2023-01-01,2023-12-31,1,2026-09-15T16:26:52.284479+00:00
VALUE_ADDED_TOTAL_EUROPE,sk:country,2024,2026-09-15T16:26:52.284479+00:00,84114.3,final,2024-01-01,2024-12-31,1,2026-09-15T16:26:52.284479+00:00
VALUE_ADDED_TOTAL_EUROPE,sk:country,2025,2026-09-15T16:26:52.284479+00:00,84380.1,final,2025-01-01,2025-12-31,1,2026-09-15T16:26:52.284479+00:00
VALUE_ADDED_TOTAL_EUROPE,tr:country,2008,2026-09-15T16:26:52.284479+00:00,506677.7,final,2008-01-01,2008-12-31,1,2026-09-15T16:26:52.284479+00:00
VALUE_ADDED_TOTAL_EUROPE,tr:country,2009,2026-09-15T16:26:52.284479+00:00,484096.0,final,2009-01-01,2009-12-31,1,2026-09-15T16:26:52.284479+00:00
VALUE_ADDED_TOTAL_EUROPE,tr:country,2010,2026-09-15T16:26:52.284479+00:00,518805.8,final,2010-01-01,2010-12-31,1,2026-09-15T16:26:52.284479+00:00
VALUE_ADDED_TOTAL_EUROPE,tr:country,2011,2026-09-15T16:26:52.284479+00:00,577673.5,final,2011-01-01,2011-12-31,1,2026-09-15T16:26:52.284479+00:00
VALUE_ADDED_TOTAL_EUROPE,tr:country,2012,2026-09-15T16:26:52.284479+00:00,607444.7,final,2012-01-01,2012-12-31,1,2026-09-15T16:26:52.284479+00:00
VALUE_ADDED_TOTAL_EUROPE,tr:country,2013,2026-09-15T16:26:52.284479+00:00,655490.3,final,2013-01-01,2013-12-31,1,2026-09-15T16:26:52.284479+00:00
VALUE_ADDED_TOTAL_EUROPE,tr:country,2014,2026-09-15T16:26:52.284479+00:00,690327.4,final,2014-01-01,2014-12-31,1,2026-09-15T16:26:52.284479+00:00
VALUE_ADDED_TOTAL_EUROPE,tr:country,2015,2026-09-15T16:26:52.284479+00:00,726893.9,final,2015-01-01,2015-12-31,1,2026-09-15T16:26:52.284479+00:00
VALUE_ADDED_TOTAL_EUROPE,tr:country,2016,2026-09-15T16:26:52.284479+00:00,750727.4,final,2016-01-01,2016-12-31,1,2026-09-15T16:26:52.284479+00:00
VALUE_ADDED_TOTAL_EUROPE,tr:country,2017,2026-09-15T16:26:52.284479+00:00,813128.7,final,2017-01-01,2017-12-31,1,2026-09-15T16:26:52.284479+00:00
VALUE_ADDED_TOTAL_EUROPE,tr:country,2018,2026-09-15T16:26:52.284479+00:00,844769.7,final,2018-01-01,2018-12-31,1,2026-09-15T16:26:52.284479+00:00
VALUE_ADDED_TOTAL_EUROPE,tr:country,2019,2026-09-15T16:26:52.284479+00:00,856892.1,final,2019-01-01,2019-12-31,1,2026-09-15T16:26:52.284479+00:00
VALUE_ADDED_TOTAL_EUROPE,tr:country,2020,2026-09-15T16:26:52.284479+00:00,865177.9,final,2020-01-01,2020-12-31,1,2026-09-15T16:26:52.284479+00:00
VALUE_ADDED_TOTAL_EUROPE,tr:country,2021,2026-09-15T16:26:52.284479+00:00,977317.3,final,2021-01-01,2021-12-31,1,2026-09-15T16:26:52.284479+00:00
VALUE_ADDED_TOTAL_EUROPE,tr:country,2022,2026-09-15T16:26:52.284479+00:00,1035882.2,final,2022-01-01,2022-12-31,1,2026-09-15T16:26:52.284479+00:00
VALUE_ADDED_TOTAL_EUROPE,tr:country,2023,2026-09-15T16:26:52.284479+00:00,1079178.5,final,2023-01-01,2023-12-31,1,2026-09-15T16:26:52.284479+00:00
VALUE_ADDED_TOTAL_EUROPE,tr:country,2024,2026-09-15T16:26:52.284479+00:00,1110929.5,final,2024-01-01,2024-12-31,1,2026-09-15T16:26:52.284479+00:00
VALUE_ADDED_TOTAL_EUROPE,tr:country,2025,2026-09-15T16:26:52.284479+00:00,1146362.4,final,2025-01-01,2025-12-31,1,2026-09-15T16:26:52.284479+00:00
VALUE_ADDED_TOTAL_EUROPE,ua:country,2010,2026-09-15T16:26:52.284479+00:00,90438.8,final,2010-01-01,2010-12-31,1,2026-09-15T16:26:52.284479+00:00
VALUE_ADDED_TOTAL_EUROPE,ua:country,2011,2026-09-15T16:26:52.284479+00:00,94849.4,final,2011-01-01,2011-12-31,1,2026-09-15T16:26:52.284479+00:00
VALUE_ADDED_TOTAL_EUROPE,ua:country,2012,2026-09-15T16:26:52.284479+00:00,95338.6,final,2012-01-01,2012-12-31,1,2026-09-15T16:26:52.284479+00:00
VALUE_ADDED_TOTAL_EUROPE,ua:country,2013,2026-09-15T16:26:52.284479+00:00,95814.9,final,2013-01-01,2013-12-31,1,2026-09-15T16:26:52.284479+00:00
VALUE_ADDED_TOTAL_EUROPE,ua:country,2014,2026-09-15T16:26:52.284479+00:00,89409.0,final,2014-01-01,2014-12-31,1,2026-09-15T16:26:52.284479+00:00
VALUE_ADDED_TOTAL_EUROPE,ua:country,2015,2026-09-15T16:26:52.284479+00:00,81604.9,final,2015-01-01,2015-12-31,1,2026-09-15T16:26:52.284479+00:00
VALUE_ADDED_TOTAL_EUROPE,ua:country,2016,2026-09-15T16:26:52.284479+00:00,83868.0,final,2016-01-01,2016-12-31,1,2026-09-15T16:26:52.284479+00:00
VALUE_ADDED_TOTAL_EUROPE,ua:country,2017,2026-09-15T16:26:52.284479+00:00,85566.4,final,2017-01-01,2017-12-31,1,2026-09-15T16:26:52.284479+00:00
VALUE_ADDED_TOTAL_EUROPE,ua:country,2018,2026-09-15T16:26:52.284479+00:00,88952.4,final,2018-01-01,2018-12-31,1,2026-09-15T16:26:52.284479+00:00
VALUE_ADDED_TOTAL_EUROPE,ua:country,2019,2026-09-15T16:26:52.284479+00:00,92272.8,final,2019-01-01,2019-12-31,1,2026-09-15T16:26:52.284479+00:00
VALUE_ADDED_TOTAL_EUROPE,ua:country,2020,2026-09-15T16:26:52.284479+00:00,89155.9,final,2020-01-01,2020-12-31,1,2026-09-15T16:26:52.284479+00:00
VALUE_ADDED_TOTAL_EUROPE,ua:country,2021,2026-09-15T16:26:52.284479+00:00,92997.0,final,2021-01-01,2021-12-31,1,2026-09-15T16:26:52.284479+00:00
VALUE_ADDED_TOTAL_EUROPE,ua:country,2022,2026-09-15T16:26:52.284479+00:00,67593.1,final,2022-01-01,2022-12-31,1,2026-09-15T16:26:52.284479+00:00
VALUE_ADDED_TOTAL_EUROPE,ua:country,2023,2026-09-15T16:26:52.284479+00:00,71264.0,final,2023-01-01,2023-12-31,1,2026-09-15T16:26:52.284479+00:00
VALUE_ADDED_TOTAL_EUROPE,ua:country,2024,2026-09-15T16:26:52.284479+00:00,73763.6,final,2024-01-01,2024-12-31,1,2026-09-15T16:26:52.284479+00:00
