geo_id,nis_code,name_en,name_fr,name_nl,region,province,arrondissement,indicator_code,indicator_name,unit,period,value,status,fetched_at
be:mun:11001,11001,Aartselaar,Aartselaar,Aartselaar,Flanders,Antwerp,Arrondissement Antwerpen,ADMIN_UNEMPLOYMENT_RATE_COM,Administrative unemployment rate (15-64),percent,2024,3.5,A,2026-09-12T14:25:17.692249+00:00
be:mun:11002,11002,Antwerp,Anvers,Antwerpen,Flanders,Antwerp,Arrondissement Antwerpen,ADMIN_UNEMPLOYMENT_RATE_COM,Administrative unemployment rate (15-64),percent,2024,11.2,A,2026-09-12T14:25:17.692249+00:00
be:mun:11004,11004,Boechout,Boechout,Boechout,Flanders,Antwerp,Arrondissement Antwerpen,ADMIN_UNEMPLOYMENT_RATE_COM,Administrative unemployment rate (15-64),percent,2024,4.3,A,2026-09-12T14:25:17.692249+00:00
be:mun:11005,11005,Boom,Boom,Boom,Flanders,Antwerp,Arrondissement Antwerpen,ADMIN_UNEMPLOYMENT_RATE_COM,Administrative unemployment rate (15-64),percent,2024,7.3,A,2026-09-12T14:25:17.692249+00:00
be:mun:11008,11008,Brasschaat,Brasschaat,Brasschaat,Flanders,Antwerp,Arrondissement Antwerpen,ADMIN_UNEMPLOYMENT_RATE_COM,Administrative unemployment rate (15-64),percent,2024,4.5,A,2026-09-12T14:25:17.692249+00:00
be:mun:11009,11009,Brecht,Brecht,Brecht,Flanders,Antwerp,Arrondissement Antwerpen,ADMIN_UNEMPLOYMENT_RATE_COM,Administrative unemployment rate (15-64),percent,2024,3.3,A,2026-09-12T14:25:17.692249+00:00
be:mun:11013,11013,Edegem,Edegem,Edegem,Flanders,Antwerp,Arrondissement Antwerpen,ADMIN_UNEMPLOYMENT_RATE_COM,Administrative unemployment rate (15-64),percent,2024,4.8,A,2026-09-12T14:25:17.692249+00:00
be:mun:11016,11016,Essen,Essen,Essen,Flanders,Antwerp,Arrondissement Antwerpen,ADMIN_UNEMPLOYMENT_RATE_COM,Administrative unemployment rate (15-64),percent,2024,3.6,A,2026-09-12T14:25:17.692249+00:00
be:mun:11018,11018,Hemiksem,Hemiksem,Hemiksem,Flanders,Antwerp,Arrondissement Antwerpen,ADMIN_UNEMPLOYMENT_RATE_COM,Administrative unemployment rate (15-64),percent,2024,5.4,A,2026-09-12T14:25:17.692249+00:00
be:mun:11021,11021,Hove,Hove,Hove,Flanders,Antwerp,Arrondissement Antwerpen,ADMIN_UNEMPLOYMENT_RATE_COM,Administrative unemployment rate (15-64),percent,2024,3.3,A,2026-09-12T14:25:17.692249+00:00
be:mun:11022,11022,Kalmthout,Kalmthout,Kalmthout,Flanders,Antwerp,Arrondissement Antwerpen,ADMIN_UNEMPLOYMENT_RATE_COM,Administrative unemployment rate (15-64),percent,2024,3.1,A,2026-09-12T14:25:17.692249+00:00
be:mun:11023,11023,Kapellen,Kapellen,Kapellen,Flanders,Antwerp,Arrondissement Antwerpen,ADMIN_UNEMPLOYMENT_RATE_COM,Administrative unemployment rate (15-64),percent,2024,3.8,A,2026-09-12T14:25:17.692249+00:00
be:mun:11024,11024,Kontich,Kontich,Kontich,Flanders,Antwerp,Arrondissement Antwerpen,ADMIN_UNEMPLOYMENT_RATE_COM,Administrative unemployment rate (15-64),percent,2024,3.8,A,2026-09-12T14:25:17.692249+00:00
be:mun:11025,11025,Lint,Lint,Lint,Flanders,Antwerp,Arrondissement Antwerpen,ADMIN_UNEMPLOYMENT_RATE_COM,Administrative unemployment rate (15-64),percent,2024,3.2,A,2026-09-12T14:25:17.692249+00:00
be:mun:11029,11029,Mortsel,Mortsel,Mortsel,Flanders,Antwerp,Arrondissement Antwerpen,ADMIN_UNEMPLOYMENT_RATE_COM,Administrative unemployment rate (15-64),percent,2024,6.2,A,2026-09-12T14:25:17.692249+00:00
be:mun:11030,11030,Niel,Niel,Niel,Flanders,Antwerp,Arrondissement Antwerpen,ADMIN_UNEMPLOYMENT_RATE_COM,Administrative unemployment rate (15-64),percent,2024,4.6,A,2026-09-12T14:25:17.692249+00:00
be:mun:11035,11035,Ranst,Ranst,Ranst,Flanders,Antwerp,Arrondissement Antwerpen,ADMIN_UNEMPLOYMENT_RATE_COM,Administrative unemployment rate (15-64),percent,2024,3.0,A,2026-09-12T14:25:17.692249+00:00
be:mun:11037,11037,Rumst,Rumst,Rumst,Flanders,Antwerp,Arrondissement Antwerpen,ADMIN_UNEMPLOYMENT_RATE_COM,Administrative unemployment rate (15-64),percent,2024,3.3,A,2026-09-12T14:25:17.692249+00:00
be:mun:11038,11038,Schelle,Schelle,Schelle,Flanders,Antwerp,Arrondissement Antwerpen,ADMIN_UNEMPLOYMENT_RATE_COM,Administrative unemployment rate (15-64),percent,2024,3.2,A,2026-09-12T14:25:17.692249+00:00
be:mun:11039,11039,Schilde,Schilde,Schilde,Flanders,Antwerp,Arrondissement Antwerpen,ADMIN_UNEMPLOYMENT_RATE_COM,Administrative unemployment rate (15-64),percent,2024,3.2,A,2026-09-12T14:25:17.692249+00:00
be:mun:11040,11040,Schoten,Schoten,Schoten,Flanders,Antwerp,Arrondissement Antwerpen,ADMIN_UNEMPLOYMENT_RATE_COM,Administrative unemployment rate (15-64),percent,2024,4.3,A,2026-09-12T14:25:17.692249+00:00
be:mun:11044,11044,Stabroek,Stabroek,Stabroek,Flanders,Antwerp,Arrondissement Antwerpen,ADMIN_UNEMPLOYMENT_RATE_COM,Administrative unemployment rate (15-64),percent,2024,3.9,A,2026-09-12T14:25:17.692249+00:00
be:mun:11050,11050,Wijnegem,Wijnegem,Wijnegem,Flanders,Antwerp,Arrondissement Antwerpen,ADMIN_UNEMPLOYMENT_RATE_COM,Administrative unemployment rate (15-64),percent,2024,5.0,A,2026-09-12T14:25:17.692249+00:00
be:mun:11052,11052,Wommelgem,Wommelgem,Wommelgem,Flanders,Antwerp,Arrondissement Antwerpen,ADMIN_UNEMPLOYMENT_RATE_COM,Administrative unemployment rate (15-64),percent,2024,4.9,A,2026-09-12T14:25:17.692249+00:00
be:mun:11053,11053,Wuustwezel,Wuustwezel,Wuustwezel,Flanders,Antwerp,Arrondissement Antwerpen,ADMIN_UNEMPLOYMENT_RATE_COM,Administrative unemployment rate (15-64),percent,2024,3.4,A,2026-09-12T14:25:17.692249+00:00
be:mun:11054,11054,Zandhoven,Zandhoven,Zandhoven,Flanders,Antwerp,Arrondissement Antwerpen,ADMIN_UNEMPLOYMENT_RATE_COM,Administrative unemployment rate (15-64),percent,2024,3.3,A,2026-09-12T14:25:17.692249+00:00
be:mun:11055,11055,Zoersel,Zoersel,Zoersel,Flanders,Antwerp,Arrondissement Antwerpen,ADMIN_UNEMPLOYMENT_RATE_COM,Administrative unemployment rate (15-64),percent,2024,3.1,A,2026-09-12T14:25:17.692249+00:00
be:mun:11057,11057,Malle,Malle,Malle,Flanders,Antwerp,Arrondissement Antwerpen,ADMIN_UNEMPLOYMENT_RATE_COM,Administrative unemployment rate (15-64),percent,2024,3.7,A,2026-09-12T14:25:17.692249+00:00
be:mun:12002,12002,Berlaar,Berlaar,Berlaar,Flanders,Antwerp,Arrondissement Mechelen,ADMIN_UNEMPLOYMENT_RATE_COM,Administrative unemployment rate (15-64),percent,2024,4.2,A,2026-09-12T14:25:17.692249+00:00
be:mun:12005,12005,Bonheiden,Bonheiden,Bonheiden,Flanders,Antwerp,Arrondissement Mechelen,ADMIN_UNEMPLOYMENT_RATE_COM,Administrative unemployment rate (15-64),percent,2024,3.3,A,2026-09-12T14:25:17.692249+00:00
be:mun:12007,12007,Bornem,Bornem,Bornem,Flanders,Antwerp,Arrondissement Mechelen,ADMIN_UNEMPLOYMENT_RATE_COM,Administrative unemployment rate (15-64),percent,2024,3.9,A,2026-09-12T14:25:17.692249+00:00
be:mun:12009,12009,Duffel,Duffel,Duffel,Flanders,Antwerp,Arrondissement Mechelen,ADMIN_UNEMPLOYMENT_RATE_COM,Administrative unemployment rate (15-64),percent,2024,4.4,A,2026-09-12T14:25:17.692249+00:00
be:mun:12014,12014,Heist-op-den-Berg,Heist-op-den-Berg,Heist-op-den-Berg,Flanders,Antwerp,Arrondissement Mechelen,ADMIN_UNEMPLOYMENT_RATE_COM,Administrative unemployment rate (15-64),percent,2024,3.7,A,2026-09-12T14:25:17.692249+00:00
be:mun:12021,12021,Lier,Lierre,Lier,Flanders,Antwerp,Arrondissement Mechelen,ADMIN_UNEMPLOYMENT_RATE_COM,Administrative unemployment rate (15-64),percent,2024,6.7,A,2026-09-12T14:25:17.692249+00:00
be:mun:12025,12025,Mechelen,Malines,Mechelen,Flanders,Antwerp,Arrondissement Mechelen,ADMIN_UNEMPLOYMENT_RATE_COM,Administrative unemployment rate (15-64),percent,2024,6.8,A,2026-09-12T14:25:17.692249+00:00
be:mun:12026,12026,Nijlen,Nijlen,Nijlen,Flanders,Antwerp,Arrondissement Mechelen,ADMIN_UNEMPLOYMENT_RATE_COM,Administrative unemployment rate (15-64),percent,2024,3.5,A,2026-09-12T14:25:17.692249+00:00
be:mun:12029,12029,Putte,Putte,Putte,Flanders,Antwerp,Arrondissement Mechelen,ADMIN_UNEMPLOYMENT_RATE_COM,Administrative unemployment rate (15-64),percent,2024,3.3,A,2026-09-12T14:25:17.692249+00:00
be:mun:12035,12035,Sint-Katelijne-Waver,Sint-Katelijne-Waver,Sint-Katelijne-Waver,Flanders,Antwerp,Arrondissement Mechelen,ADMIN_UNEMPLOYMENT_RATE_COM,Administrative unemployment rate (15-64),percent,2024,3.6,A,2026-09-12T14:25:17.692249+00:00
be:mun:12040,12040,Willebroek,Willebroek,Willebroek,Flanders,Antwerp,Arrondissement Mechelen,ADMIN_UNEMPLOYMENT_RATE_COM,Administrative unemployment rate (15-64),percent,2024,6.4,A,2026-09-12T14:25:17.692249+00:00
be:mun:12041,12041,Puurs-Sint-Amands,Puurs-Sint-Amands,Puurs-Sint-Amands,Flanders,Antwerp,Arrondissement Mechelen,ADMIN_UNEMPLOYMENT_RATE_COM,Administrative unemployment rate (15-64),percent,2024,3.2,A,2026-09-12T14:25:17.692249+00:00
be:mun:13001,13001,Arendonk,Arendonk,Arendonk,Flanders,Antwerp,Arrondissement Turnhout,ADMIN_UNEMPLOYMENT_RATE_COM,Administrative unemployment rate (15-64),percent,2024,3.6,A,2026-09-12T14:25:17.692249+00:00
be:mun:13002,13002,Baarle-Hertog,Baerle-Duc,Baarle-Hertog,Flanders,Antwerp,Arrondissement Turnhout,ADMIN_UNEMPLOYMENT_RATE_COM,Administrative unemployment rate (15-64),percent,2024,3.3,A,2026-09-12T14:25:17.692249+00:00
be:mun:13003,13003,Balen,Balen,Balen,Flanders,Antwerp,Arrondissement Turnhout,ADMIN_UNEMPLOYMENT_RATE_COM,Administrative unemployment rate (15-64),percent,2024,3.9,A,2026-09-12T14:25:17.692249+00:00
be:mun:13004,13004,Beerse,Beerse,Beerse,Flanders,Antwerp,Arrondissement Turnhout,ADMIN_UNEMPLOYMENT_RATE_COM,Administrative unemployment rate (15-64),percent,2024,3.5,A,2026-09-12T14:25:17.692249+00:00
be:mun:13006,13006,Dessel,Dessel,Dessel,Flanders,Antwerp,Arrondissement Turnhout,ADMIN_UNEMPLOYMENT_RATE_COM,Administrative unemployment rate (15-64),percent,2024,4.1,A,2026-09-12T14:25:17.692249+00:00
be:mun:13008,13008,Geel,Geel,Geel,Flanders,Antwerp,Arrondissement Turnhout,ADMIN_UNEMPLOYMENT_RATE_COM,Administrative unemployment rate (15-64),percent,2024,4.9,A,2026-09-12T14:25:17.692249+00:00
be:mun:13010,13010,Grobbendonk,Grobbendonk,Grobbendonk,Flanders,Antwerp,Arrondissement Turnhout,ADMIN_UNEMPLOYMENT_RATE_COM,Administrative unemployment rate (15-64),percent,2024,3.8,A,2026-09-12T14:25:17.692249+00:00
be:mun:13011,13011,Herentals,Herentals,Herentals,Flanders,Antwerp,Arrondissement Turnhout,ADMIN_UNEMPLOYMENT_RATE_COM,Administrative unemployment rate (15-64),percent,2024,5.3,A,2026-09-12T14:25:17.692249+00:00
be:mun:13012,13012,Herenthout,Herenthout,Herenthout,Flanders,Antwerp,Arrondissement Turnhout,ADMIN_UNEMPLOYMENT_RATE_COM,Administrative unemployment rate (15-64),percent,2024,4.0,A,2026-09-12T14:25:17.692249+00:00
be:mun:13013,13013,Herselt,Herselt,Herselt,Flanders,Antwerp,Arrondissement Turnhout,ADMIN_UNEMPLOYMENT_RATE_COM,Administrative unemployment rate (15-64),percent,2024,3.4,A,2026-09-12T14:25:17.692249+00:00
be:mun:13014,13014,Hoogstraten,Hoogstraten,Hoogstraten,Flanders,Antwerp,Arrondissement Turnhout,ADMIN_UNEMPLOYMENT_RATE_COM,Administrative unemployment rate (15-64),percent,2024,3.0,A,2026-09-12T14:25:17.692249+00:00
be:mun:13016,13016,Hulshout,Hulshout,Hulshout,Flanders,Antwerp,Arrondissement Turnhout,ADMIN_UNEMPLOYMENT_RATE_COM,Administrative unemployment rate (15-64),percent,2024,3.5,A,2026-09-12T14:25:17.692249+00:00
be:mun:13017,13017,Kasterlee,Kasterlee,Kasterlee,Flanders,Antwerp,Arrondissement Turnhout,ADMIN_UNEMPLOYMENT_RATE_COM,Administrative unemployment rate (15-64),percent,2024,3.6,A,2026-09-12T14:25:17.692249+00:00
be:mun:13019,13019,Lille,Lille,Lille,Flanders,Antwerp,Arrondissement Turnhout,ADMIN_UNEMPLOYMENT_RATE_COM,Administrative unemployment rate (15-64),percent,2024,4.2,A,2026-09-12T14:25:17.692249+00:00
be:mun:13021,13021,Meerhout,Meerhout,Meerhout,Flanders,Antwerp,Arrondissement Turnhout,ADMIN_UNEMPLOYMENT_RATE_COM,Administrative unemployment rate (15-64),percent,2024,4.0,A,2026-09-12T14:25:17.692249+00:00
be:mun:13023,13023,Merksplas,Merksplas,Merksplas,Flanders,Antwerp,Arrondissement Turnhout,ADMIN_UNEMPLOYMENT_RATE_COM,Administrative unemployment rate (15-64),percent,2024,2.8,A,2026-09-12T14:25:17.692249+00:00
be:mun:13025,13025,Mol,Mol,Mol,Flanders,Antwerp,Arrondissement Turnhout,ADMIN_UNEMPLOYMENT_RATE_COM,Administrative unemployment rate (15-64),percent,2024,5.2,A,2026-09-12T14:25:17.692249+00:00
be:mun:13029,13029,Olen,Olen,Olen,Flanders,Antwerp,Arrondissement Turnhout,ADMIN_UNEMPLOYMENT_RATE_COM,Administrative unemployment rate (15-64),percent,2024,3.9,A,2026-09-12T14:25:17.692249+00:00
be:mun:13031,13031,Oud-Turnhout,Oud-Turnhout,Oud-Turnhout,Flanders,Antwerp,Arrondissement Turnhout,ADMIN_UNEMPLOYMENT_RATE_COM,Administrative unemployment rate (15-64),percent,2024,4.0,A,2026-09-12T14:25:17.692249+00:00
be:mun:13035,13035,Ravels,Ravels,Ravels,Flanders,Antwerp,Arrondissement Turnhout,ADMIN_UNEMPLOYMENT_RATE_COM,Administrative unemployment rate (15-64),percent,2024,3.2,A,2026-09-12T14:25:17.692249+00:00
be:mun:13036,13036,Retie,Retie,Retie,Flanders,Antwerp,Arrondissement Turnhout,ADMIN_UNEMPLOYMENT_RATE_COM,Administrative unemployment rate (15-64),percent,2024,4.0,A,2026-09-12T14:25:17.692249+00:00
be:mun:13037,13037,Rijkevorsel,Rijkevorsel,Rijkevorsel,Flanders,Antwerp,Arrondissement Turnhout,ADMIN_UNEMPLOYMENT_RATE_COM,Administrative unemployment rate (15-64),percent,2024,2.9,A,2026-09-12T14:25:17.692249+00:00
be:mun:13040,13040,Turnhout,Turnhout,Turnhout,Flanders,Antwerp,Arrondissement Turnhout,ADMIN_UNEMPLOYMENT_RATE_COM,Administrative unemployment rate (15-64),percent,2024,8.7,A,2026-09-12T14:25:17.692249+00:00
be:mun:13044,13044,Vorselaar,Vorselaar,Vorselaar,Flanders,Antwerp,Arrondissement Turnhout,ADMIN_UNEMPLOYMENT_RATE_COM,Administrative unemployment rate (15-64),percent,2024,3.6,A,2026-09-12T14:25:17.692249+00:00
be:mun:13046,13046,Vosselaar,Vosselaar,Vosselaar,Flanders,Antwerp,Arrondissement Turnhout,ADMIN_UNEMPLOYMENT_RATE_COM,Administrative unemployment rate (15-64),percent,2024,3.5,A,2026-09-12T14:25:17.692249+00:00
be:mun:13049,13049,Westerlo,Westerlo,Westerlo,Flanders,Antwerp,Arrondissement Turnhout,ADMIN_UNEMPLOYMENT_RATE_COM,Administrative unemployment rate (15-64),percent,2024,3.8,A,2026-09-12T14:25:17.692249+00:00
be:mun:13053,13053,Laakdal,Laakdal,Laakdal,Flanders,Antwerp,Arrondissement Turnhout,ADMIN_UNEMPLOYMENT_RATE_COM,Administrative unemployment rate (15-64),percent,2024,3.3,A,2026-09-12T14:25:17.692249+00:00
be:mun:21001,21001,Anderlecht,Anderlecht,Anderlecht,Brussels-Capital Region,,Arrondissement Brussel-Hoofdstad,ADMIN_UNEMPLOYMENT_RATE_COM,Administrative unemployment rate (15-64),percent,2024,18.1,A,2026-09-12T14:25:17.692249+00:00
be:mun:21002,21002,Auderghem,Auderghem,Oudergem,Brussels-Capital Region,,Arrondissement Brussel-Hoofdstad,ADMIN_UNEMPLOYMENT_RATE_COM,Administrative unemployment rate (15-64),percent,2024,9.2,A,2026-09-12T14:25:17.692249+00:00
be:mun:21003,21003,Berchem-Sainte-Agathe,Berchem-Sainte-Agathe,Sint-Agatha-Berchem,Brussels-Capital Region,,Arrondissement Brussel-Hoofdstad,ADMIN_UNEMPLOYMENT_RATE_COM,Administrative unemployment rate (15-64),percent,2024,13.7,A,2026-09-12T14:25:17.692249+00:00
be:mun:21004,21004,Brussels,Bruxelles,Brussel,Brussels-Capital Region,,Arrondissement Brussel-Hoofdstad,ADMIN_UNEMPLOYMENT_RATE_COM,Administrative unemployment rate (15-64),percent,2024,16.1,A,2026-09-12T14:25:17.692249+00:00
be:mun:21005,21005,Etterbeek,Etterbeek,Etterbeek,Brussels-Capital Region,,Arrondissement Brussel-Hoofdstad,ADMIN_UNEMPLOYMENT_RATE_COM,Administrative unemployment rate (15-64),percent,2024,11.8,A,2026-09-12T14:25:17.692249+00:00
be:mun:21006,21006,Evere,Evere,Evere,Brussels-Capital Region,,Arrondissement Brussel-Hoofdstad,ADMIN_UNEMPLOYMENT_RATE_COM,Administrative unemployment rate (15-64),percent,2024,14.0,A,2026-09-12T14:25:17.692249+00:00
be:mun:21007,21007,Forest,Forest,Vorst,Brussels-Capital Region,,Arrondissement Brussel-Hoofdstad,ADMIN_UNEMPLOYMENT_RATE_COM,Administrative unemployment rate (15-64),percent,2024,16.9,A,2026-09-12T14:25:17.692249+00:00
be:mun:21008,21008,Ganshoren,Ganshoren,Ganshoren,Brussels-Capital Region,,Arrondissement Brussel-Hoofdstad,ADMIN_UNEMPLOYMENT_RATE_COM,Administrative unemployment rate (15-64),percent,2024,13.5,A,2026-09-12T14:25:17.692249+00:00
be:mun:21009,21009,Ixelles,Ixelles,Elsene,Brussels-Capital Region,,Arrondissement Brussel-Hoofdstad,ADMIN_UNEMPLOYMENT_RATE_COM,Administrative unemployment rate (15-64),percent,2024,12.1,A,2026-09-12T14:25:17.692249+00:00
be:mun:21010,21010,Jette,Jette,Jette,Brussels-Capital Region,,Arrondissement Brussel-Hoofdstad,ADMIN_UNEMPLOYMENT_RATE_COM,Administrative unemployment rate (15-64),percent,2024,14.2,A,2026-09-12T14:25:17.692249+00:00
be:mun:21011,21011,Koekelberg,Koekelberg,Koekelberg,Brussels-Capital Region,,Arrondissement Brussel-Hoofdstad,ADMIN_UNEMPLOYMENT_RATE_COM,Administrative unemployment rate (15-64),percent,2024,15.9,A,2026-09-12T14:25:17.692249+00:00
be:mun:21012,21012,Molenbeek-Saint-Jean,Molenbeek-Saint-Jean,Sint-Jans-Molenbeek,Brussels-Capital Region,,Arrondissement Brussel-Hoofdstad,ADMIN_UNEMPLOYMENT_RATE_COM,Administrative unemployment rate (15-64),percent,2024,21.1,A,2026-09-12T14:25:17.692249+00:00
be:mun:21013,21013,Saint-Gilles,Saint-Gilles,Sint-Gillis,Brussels-Capital Region,,Arrondissement Brussel-Hoofdstad,ADMIN_UNEMPLOYMENT_RATE_COM,Administrative unemployment rate (15-64),percent,2024,17.1,A,2026-09-12T14:25:17.692249+00:00
be:mun:21014,21014,Saint-Josse-ten-Noode,Saint-Josse-ten-Noode,Sint-Joost-ten-Node,Brussels-Capital Region,,Arrondissement Brussel-Hoofdstad,ADMIN_UNEMPLOYMENT_RATE_COM,Administrative unemployment rate (15-64),percent,2024,21.1,A,2026-09-12T14:25:17.692249+00:00
be:mun:21015,21015,Schaerbeek,Schaerbeek,Schaarbeek,Brussels-Capital Region,,Arrondissement Brussel-Hoofdstad,ADMIN_UNEMPLOYMENT_RATE_COM,Administrative unemployment rate (15-64),percent,2024,16.6,A,2026-09-12T14:25:17.692249+00:00
be:mun:21016,21016,Uccle,Uccle,Ukkel,Brussels-Capital Region,,Arrondissement Brussel-Hoofdstad,ADMIN_UNEMPLOYMENT_RATE_COM,Administrative unemployment rate (15-64),percent,2024,11.0,A,2026-09-12T14:25:17.692249+00:00
be:mun:21017,21017,Watermael-Boitsfort,Watermael-Boitsfort,Watermaal-Bosvoorde,Brussels-Capital Region,,Arrondissement Brussel-Hoofdstad,ADMIN_UNEMPLOYMENT_RATE_COM,Administrative unemployment rate (15-64),percent,2024,11.4,A,2026-09-12T14:25:17.692249+00:00
be:mun:21018,21018,Woluwe-Saint-Lambert,Woluwe-Saint-Lambert,Sint-Lambrechts-Woluwe,Brussels-Capital Region,,Arrondissement Brussel-Hoofdstad,ADMIN_UNEMPLOYMENT_RATE_COM,Administrative unemployment rate (15-64),percent,2024,9.7,A,2026-09-12T14:25:17.692249+00:00
be:mun:21019,21019,Woluwe-Saint-Pierre,Woluwe-Saint-Pierre,Sint-Pieters-Woluwe,Brussels-Capital Region,,Arrondissement Brussel-Hoofdstad,ADMIN_UNEMPLOYMENT_RATE_COM,Administrative unemployment rate (15-64),percent,2024,7.9,A,2026-09-12T14:25:17.692249+00:00
be:mun:23002,23002,Asse,Asse,Asse,Flanders,Flemish Brabant,Arrondissement Halle-Vilvoorde,ADMIN_UNEMPLOYMENT_RATE_COM,Administrative unemployment rate (15-64),percent,2024,4.6,A,2026-09-12T14:25:17.692249+00:00
be:mun:23003,23003,Beersel,Beersel,Beersel,Flanders,Flemish Brabant,Arrondissement Halle-Vilvoorde,ADMIN_UNEMPLOYMENT_RATE_COM,Administrative unemployment rate (15-64),percent,2024,3.3,A,2026-09-12T14:25:17.692249+00:00
be:mun:23009,23009,Bever,Biévène,Bever,Flanders,Flemish Brabant,Arrondissement Halle-Vilvoorde,ADMIN_UNEMPLOYMENT_RATE_COM,Administrative unemployment rate (15-64),percent,2024,3.2,A,2026-09-12T14:25:17.692249+00:00
be:mun:23016,23016,Dilbeek,Dilbeek,Dilbeek,Flanders,Flemish Brabant,Arrondissement Halle-Vilvoorde,ADMIN_UNEMPLOYMENT_RATE_COM,Administrative unemployment rate (15-64),percent,2024,4.1,A,2026-09-12T14:25:17.692249+00:00
be:mun:23025,23025,Grimbergen,Grimbergen,Grimbergen,Flanders,Flemish Brabant,Arrondissement Halle-Vilvoorde,ADMIN_UNEMPLOYMENT_RATE_COM,Administrative unemployment rate (15-64),percent,2024,4.6,A,2026-09-12T14:25:17.692249+00:00
be:mun:23027,23027,Halle,Hal,Halle,Flanders,Flemish Brabant,Arrondissement Halle-Vilvoorde,ADMIN_UNEMPLOYMENT_RATE_COM,Administrative unemployment rate (15-64),percent,2024,4.2,A,2026-09-12T14:25:17.692249+00:00
be:mun:23033,23033,Hoeilaart,Hoeilaart,Hoeilaart,Flanders,Flemish Brabant,Arrondissement Halle-Vilvoorde,ADMIN_UNEMPLOYMENT_RATE_COM,Administrative unemployment rate (15-64),percent,2024,3.5,A,2026-09-12T14:25:17.692249+00:00
be:mun:23038,23038,Kampenhout,Kampenhout,Kampenhout,Flanders,Flemish Brabant,Arrondissement Halle-Vilvoorde,ADMIN_UNEMPLOYMENT_RATE_COM,Administrative unemployment rate (15-64),percent,2024,2.5,A,2026-09-12T14:25:17.692249+00:00
be:mun:23039,23039,Kapelle-op-den-Bos,Kapelle-op-den-Bos,Kapelle-op-den-Bos,Flanders,Flemish Brabant,Arrondissement Halle-Vilvoorde,ADMIN_UNEMPLOYMENT_RATE_COM,Administrative unemployment rate (15-64),percent,2024,2.6,A,2026-09-12T14:25:17.692249+00:00
be:mun:23044,23044,Liedekerke,Liedekerke,Liedekerke,Flanders,Flemish Brabant,Arrondissement Halle-Vilvoorde,ADMIN_UNEMPLOYMENT_RATE_COM,Administrative unemployment rate (15-64),percent,2024,3.9,A,2026-09-12T14:25:17.692249+00:00
be:mun:23045,23045,Londerzeel,Londerzeel,Londerzeel,Flanders,Flemish Brabant,Arrondissement Halle-Vilvoorde,ADMIN_UNEMPLOYMENT_RATE_COM,Administrative unemployment rate (15-64),percent,2024,3.0,A,2026-09-12T14:25:17.692249+00:00
be:mun:23047,23047,Machelen,Machelen,Machelen,Flanders,Flemish Brabant,Arrondissement Halle-Vilvoorde,ADMIN_UNEMPLOYMENT_RATE_COM,Administrative unemployment rate (15-64),percent,2024,5.5,A,2026-09-12T14:25:17.692249+00:00
be:mun:23050,23050,Meise,Meise,Meise,Flanders,Flemish Brabant,Arrondissement Halle-Vilvoorde,ADMIN_UNEMPLOYMENT_RATE_COM,Administrative unemployment rate (15-64),percent,2024,3.5,A,2026-09-12T14:25:17.692249+00:00
be:mun:23052,23052,Merchtem,Merchtem,Merchtem,Flanders,Flemish Brabant,Arrondissement Halle-Vilvoorde,ADMIN_UNEMPLOYMENT_RATE_COM,Administrative unemployment rate (15-64),percent,2024,3.4,A,2026-09-12T14:25:17.692249+00:00
be:mun:23060,23060,Opwijk,Opwijk,Opwijk,Flanders,Flemish Brabant,Arrondissement Halle-Vilvoorde,ADMIN_UNEMPLOYMENT_RATE_COM,Administrative unemployment rate (15-64),percent,2024,3.1,A,2026-09-12T14:25:17.692249+00:00
be:mun:23062,23062,Overijse,Overijse,Overijse,Flanders,Flemish Brabant,Arrondissement Halle-Vilvoorde,ADMIN_UNEMPLOYMENT_RATE_COM,Administrative unemployment rate (15-64),percent,2024,3.2,A,2026-09-12T14:25:17.692249+00:00
be:mun:23064,23064,Pepingen,Pepingen,Pepingen,Flanders,Flemish Brabant,Arrondissement Halle-Vilvoorde,ADMIN_UNEMPLOYMENT_RATE_COM,Administrative unemployment rate (15-64),percent,2024,2.5,A,2026-09-12T14:25:17.692249+00:00
be:mun:23077,23077,Sint-Pieters-Leeuw,Sint-Pieters-Leeuw,Sint-Pieters-Leeuw,Flanders,Flemish Brabant,Arrondissement Halle-Vilvoorde,ADMIN_UNEMPLOYMENT_RATE_COM,Administrative unemployment rate (15-64),percent,2024,4.6,A,2026-09-12T14:25:17.692249+00:00
be:mun:23081,23081,Steenokkerzeel,Steenokkerzeel,Steenokkerzeel,Flanders,Flemish Brabant,Arrondissement Halle-Vilvoorde,ADMIN_UNEMPLOYMENT_RATE_COM,Administrative unemployment rate (15-64),percent,2024,3.0,A,2026-09-12T14:25:17.692249+00:00
be:mun:23086,23086,Ternat,Ternat,Ternat,Flanders,Flemish Brabant,Arrondissement Halle-Vilvoorde,ADMIN_UNEMPLOYMENT_RATE_COM,Administrative unemployment rate (15-64),percent,2024,2.9,A,2026-09-12T14:25:17.692249+00:00
be:mun:23088,23088,Vilvoorde,Vilvorde,Vilvoorde,Flanders,Flemish Brabant,Arrondissement Halle-Vilvoorde,ADMIN_UNEMPLOYMENT_RATE_COM,Administrative unemployment rate (15-64),percent,2024,6.0,A,2026-09-12T14:25:17.692249+00:00
be:mun:23094,23094,Zaventem,Zaventem,Zaventem,Flanders,Flemish Brabant,Arrondissement Halle-Vilvoorde,ADMIN_UNEMPLOYMENT_RATE_COM,Administrative unemployment rate (15-64),percent,2024,5.0,A,2026-09-12T14:25:17.692249+00:00
be:mun:23096,23096,Zemst,Zemst,Zemst,Flanders,Flemish Brabant,Arrondissement Halle-Vilvoorde,ADMIN_UNEMPLOYMENT_RATE_COM,Administrative unemployment rate (15-64),percent,2024,2.4,A,2026-09-12T14:25:17.692249+00:00
be:mun:23097,23097,Roosdaal,Roosdaal,Roosdaal,Flanders,Flemish Brabant,Arrondissement Halle-Vilvoorde,ADMIN_UNEMPLOYMENT_RATE_COM,Administrative unemployment rate (15-64),percent,2024,2.5,A,2026-09-12T14:25:17.692249+00:00
be:mun:23098,23098,Drogenbos,Drogenbos,Drogenbos,Flanders,Flemish Brabant,Arrondissement Halle-Vilvoorde,ADMIN_UNEMPLOYMENT_RATE_COM,Administrative unemployment rate (15-64),percent,2024,5.7,A,2026-09-12T14:25:17.692249+00:00
be:mun:23099,23099,Kraainem,Kraainem,Kraainem,Flanders,Flemish Brabant,Arrondissement Halle-Vilvoorde,ADMIN_UNEMPLOYMENT_RATE_COM,Administrative unemployment rate (15-64),percent,2024,4.0,A,2026-09-12T14:25:17.692249+00:00
be:mun:23100,23100,Linkebeek,Linkebeek,Linkebeek,Flanders,Flemish Brabant,Arrondissement Halle-Vilvoorde,ADMIN_UNEMPLOYMENT_RATE_COM,Administrative unemployment rate (15-64),percent,2024,6.5,A,2026-09-12T14:25:17.692249+00:00
be:mun:23101,23101,Sint-Genesius-Rode,Rhode-Saint-Genèse,Sint-Genesius-Rode,Flanders,Flemish Brabant,Arrondissement Halle-Vilvoorde,ADMIN_UNEMPLOYMENT_RATE_COM,Administrative unemployment rate (15-64),percent,2024,4.3,A,2026-09-12T14:25:17.692249+00:00
be:mun:23102,23102,Wemmel,Wemmel,Wemmel,Flanders,Flemish Brabant,Arrondissement Halle-Vilvoorde,ADMIN_UNEMPLOYMENT_RATE_COM,Administrative unemployment rate (15-64),percent,2024,5.2,A,2026-09-12T14:25:17.692249+00:00
be:mun:23103,23103,Wezembeek-Oppem,Wezembeek-Oppem,Wezembeek-Oppem,Flanders,Flemish Brabant,Arrondissement Halle-Vilvoorde,ADMIN_UNEMPLOYMENT_RATE_COM,Administrative unemployment rate (15-64),percent,2024,4.4,A,2026-09-12T14:25:17.692249+00:00
be:mun:23104,23104,Lennik,Lennik,Lennik,Flanders,Flemish Brabant,Arrondissement Halle-Vilvoorde,ADMIN_UNEMPLOYMENT_RATE_COM,Administrative unemployment rate (15-64),percent,2024,2.7,A,2026-09-12T14:25:17.692249+00:00
be:mun:23105,23105,Affligem,Affligem,Affligem,Flanders,Flemish Brabant,Arrondissement Halle-Vilvoorde,ADMIN_UNEMPLOYMENT_RATE_COM,Administrative unemployment rate (15-64),percent,2024,2.7,A,2026-09-12T14:25:17.692249+00:00
be:mun:23106,23106,Pajottegem,Pajottegem,Pajottegem,Flanders,Flemish Brabant,Arrondissement Halle-Vilvoorde,ADMIN_UNEMPLOYMENT_RATE_COM,Administrative unemployment rate (15-64),percent,2024,2.7,A,2026-09-12T14:25:17.692249+00:00
be:mun:24001,24001,Aarschot,Aarschot,Aarschot,Flanders,Flemish Brabant,Arrondissement Leuven,ADMIN_UNEMPLOYMENT_RATE_COM,Administrative unemployment rate (15-64),percent,2024,4.1,A,2026-09-12T14:25:17.692249+00:00
be:mun:24007,24007,Begijnendijk,Begijnendijk,Begijnendijk,Flanders,Flemish Brabant,Arrondissement Leuven,ADMIN_UNEMPLOYMENT_RATE_COM,Administrative unemployment rate (15-64),percent,2024,2.8,A,2026-09-12T14:25:17.692249+00:00
be:mun:24008,24008,Bekkevoort,Bekkevoort,Bekkevoort,Flanders,Flemish Brabant,Arrondissement Leuven,ADMIN_UNEMPLOYMENT_RATE_COM,Administrative unemployment rate (15-64),percent,2024,3.2,A,2026-09-12T14:25:17.692249+00:00
be:mun:24009,24009,Bertem,Bertem,Bertem,Flanders,Flemish Brabant,Arrondissement Leuven,ADMIN_UNEMPLOYMENT_RATE_COM,Administrative unemployment rate (15-64),percent,2024,2.7,A,2026-09-12T14:25:17.692249+00:00
be:mun:24011,24011,Bierbeek,Bierbeek,Bierbeek,Flanders,Flemish Brabant,Arrondissement Leuven,ADMIN_UNEMPLOYMENT_RATE_COM,Administrative unemployment rate (15-64),percent,2024,3.6,A,2026-09-12T14:25:17.692249+00:00
be:mun:24014,24014,Boortmeerbeek,Boortmeerbeek,Boortmeerbeek,Flanders,Flemish Brabant,Arrondissement Leuven,ADMIN_UNEMPLOYMENT_RATE_COM,Administrative unemployment rate (15-64),percent,2024,2.7,A,2026-09-12T14:25:17.692249+00:00
be:mun:24016,24016,Boutersem,Boutersem,Boutersem,Flanders,Flemish Brabant,Arrondissement Leuven,ADMIN_UNEMPLOYMENT_RATE_COM,Administrative unemployment rate (15-64),percent,2024,2.5,A,2026-09-12T14:25:17.692249+00:00
be:mun:24020,24020,Diest,Diest,Diest,Flanders,Flemish Brabant,Arrondissement Leuven,ADMIN_UNEMPLOYMENT_RATE_COM,Administrative unemployment rate (15-64),percent,2024,5.2,A,2026-09-12T14:25:17.692249+00:00
be:mun:24028,24028,Geetbets,Geetbets,Geetbets,Flanders,Flemish Brabant,Arrondissement Leuven,ADMIN_UNEMPLOYMENT_RATE_COM,Administrative unemployment rate (15-64),percent,2024,3.8,A,2026-09-12T14:25:17.692249+00:00
be:mun:24033,24033,Haacht,Haacht,Haacht,Flanders,Flemish Brabant,Arrondissement Leuven,ADMIN_UNEMPLOYMENT_RATE_COM,Administrative unemployment rate (15-64),percent,2024,3.1,A,2026-09-12T14:25:17.692249+00:00
be:mun:24038,24038,Herent,Herent,Herent,Flanders,Flemish Brabant,Arrondissement Leuven,ADMIN_UNEMPLOYMENT_RATE_COM,Administrative unemployment rate (15-64),percent,2024,3.5,A,2026-09-12T14:25:17.692249+00:00
be:mun:24041,24041,Hoegaarden,Hoegaarden,Hoegaarden,Flanders,Flemish Brabant,Arrondissement Leuven,ADMIN_UNEMPLOYMENT_RATE_COM,Administrative unemployment rate (15-64),percent,2024,3.6,A,2026-09-12T14:25:17.692249+00:00
be:mun:24043,24043,Holsbeek,Holsbeek,Holsbeek,Flanders,Flemish Brabant,Arrondissement Leuven,ADMIN_UNEMPLOYMENT_RATE_COM,Administrative unemployment rate (15-64),percent,2024,2.6,A,2026-09-12T14:25:17.692249+00:00
be:mun:24045,24045,Huldenberg,Huldenberg,Huldenberg,Flanders,Flemish Brabant,Arrondissement Leuven,ADMIN_UNEMPLOYMENT_RATE_COM,Administrative unemployment rate (15-64),percent,2024,2.6,A,2026-09-12T14:25:17.692249+00:00
be:mun:24048,24048,Keerbergen,Keerbergen,Keerbergen,Flanders,Flemish Brabant,Arrondissement Leuven,ADMIN_UNEMPLOYMENT_RATE_COM,Administrative unemployment rate (15-64),percent,2024,2.8,A,2026-09-12T14:25:17.692249+00:00
be:mun:24054,24054,Kortenaken,Kortenaken,Kortenaken,Flanders,Flemish Brabant,Arrondissement Leuven,ADMIN_UNEMPLOYMENT_RATE_COM,Administrative unemployment rate (15-64),percent,2024,2.4,A,2026-09-12T14:25:17.692249+00:00
be:mun:24055,24055,Kortenberg,Kortenberg,Kortenberg,Flanders,Flemish Brabant,Arrondissement Leuven,ADMIN_UNEMPLOYMENT_RATE_COM,Administrative unemployment rate (15-64),percent,2024,3.5,A,2026-09-12T14:25:17.692249+00:00
be:mun:24059,24059,Landen,Landen,Landen,Flanders,Flemish Brabant,Arrondissement Leuven,ADMIN_UNEMPLOYMENT_RATE_COM,Administrative unemployment rate (15-64),percent,2024,4.5,A,2026-09-12T14:25:17.692249+00:00
be:mun:24062,24062,Leuven,Louvain,Leuven,Flanders,Flemish Brabant,Arrondissement Leuven,ADMIN_UNEMPLOYMENT_RATE_COM,Administrative unemployment rate (15-64),percent,2024,5.8,A,2026-09-12T14:25:17.692249+00:00
be:mun:24066,24066,Lubbeek,Lubbeek,Lubbeek,Flanders,Flemish Brabant,Arrondissement Leuven,ADMIN_UNEMPLOYMENT_RATE_COM,Administrative unemployment rate (15-64),percent,2024,2.7,A,2026-09-12T14:25:17.692249+00:00
be:mun:24086,24086,Oud-Heverlee,Oud-Heverlee,Oud-Heverlee,Flanders,Flemish Brabant,Arrondissement Leuven,ADMIN_UNEMPLOYMENT_RATE_COM,Administrative unemployment rate (15-64),percent,2024,2.8,A,2026-09-12T14:25:17.692249+00:00
be:mun:24094,24094,Rotselaar,Rotselaar,Rotselaar,Flanders,Flemish Brabant,Arrondissement Leuven,ADMIN_UNEMPLOYMENT_RATE_COM,Administrative unemployment rate (15-64),percent,2024,2.6,A,2026-09-12T14:25:17.692249+00:00
be:mun:24104,24104,Tervuren,Tervuren,Tervuren,Flanders,Flemish Brabant,Arrondissement Leuven,ADMIN_UNEMPLOYMENT_RATE_COM,Administrative unemployment rate (15-64),percent,2024,3.7,A,2026-09-12T14:25:17.692249+00:00
be:mun:24107,24107,Tienen,Tirlemont,Tienen,Flanders,Flemish Brabant,Arrondissement Leuven,ADMIN_UNEMPLOYMENT_RATE_COM,Administrative unemployment rate (15-64),percent,2024,6.5,A,2026-09-12T14:25:17.692249+00:00
be:mun:24109,24109,Tremelo,Tremelo,Tremelo,Flanders,Flemish Brabant,Arrondissement Leuven,ADMIN_UNEMPLOYMENT_RATE_COM,Administrative unemployment rate (15-64),percent,2024,3.1,A,2026-09-12T14:25:17.692249+00:00
be:mun:24130,24130,Zoutleeuw,Léau,Zoutleeuw,Flanders,Flemish Brabant,Arrondissement Leuven,ADMIN_UNEMPLOYMENT_RATE_COM,Administrative unemployment rate (15-64),percent,2024,3.9,A,2026-09-12T14:25:17.692249+00:00
be:mun:24133,24133,Linter,Linter,Linter,Flanders,Flemish Brabant,Arrondissement Leuven,ADMIN_UNEMPLOYMENT_RATE_COM,Administrative unemployment rate (15-64),percent,2024,3.6,A,2026-09-12T14:25:17.692249+00:00
be:mun:24134,24134,Scherpenheuvel-Zichem,Montaigu-Zichem,Scherpenheuvel-Zichem,Flanders,Flemish Brabant,Arrondissement Leuven,ADMIN_UNEMPLOYMENT_RATE_COM,Administrative unemployment rate (15-64),percent,2024,3.7,A,2026-09-12T14:25:17.692249+00:00
be:mun:24135,24135,Tielt-Winge,Tielt-Winge,Tielt-Winge,Flanders,Flemish Brabant,Arrondissement Leuven,ADMIN_UNEMPLOYMENT_RATE_COM,Administrative unemployment rate (15-64),percent,2024,3.6,A,2026-09-12T14:25:17.692249+00:00
be:mun:24137,24137,Glabbeek,Glabbeek,Glabbeek,Flanders,Flemish Brabant,Arrondissement Leuven,ADMIN_UNEMPLOYMENT_RATE_COM,Administrative unemployment rate (15-64),percent,2024,2.6,A,2026-09-12T14:25:17.692249+00:00
be:mun:25005,25005,Beauvechain,Beauvechain,Bevekom,Wallonia,Walloon Brabant,Arrondissement Nijvel,ADMIN_UNEMPLOYMENT_RATE_COM,Administrative unemployment rate (15-64),percent,2024,6.6,A,2026-09-12T14:25:17.692249+00:00
be:mun:25014,25014,Braine-l’Alleud,Braine-l’Alleud,Eigenbrakel,Wallonia,Walloon Brabant,Arrondissement Nijvel,ADMIN_UNEMPLOYMENT_RATE_COM,Administrative unemployment rate (15-64),percent,2024,7.1,A,2026-09-12T14:25:17.692249+00:00
be:mun:25015,25015,Braine-le-Château,Braine-le-Château,Kasteelbrakel,Wallonia,Walloon Brabant,Arrondissement Nijvel,ADMIN_UNEMPLOYMENT_RATE_COM,Administrative unemployment rate (15-64),percent,2024,7.7,A,2026-09-12T14:25:17.692249+00:00
be:mun:25018,25018,Chaumont-Gistoux,Chaumont-Gistoux,Chaumont-Gistoux,Wallonia,Walloon Brabant,Arrondissement Nijvel,ADMIN_UNEMPLOYMENT_RATE_COM,Administrative unemployment rate (15-64),percent,2024,7.5,A,2026-09-12T14:25:17.692249+00:00
be:mun:25023,25023,Court-Saint-Etienne,Court-Saint-Etienne,Court-Saint-Etienne,Wallonia,Walloon Brabant,Arrondissement Nijvel,ADMIN_UNEMPLOYMENT_RATE_COM,Administrative unemployment rate (15-64),percent,2024,8.5,A,2026-09-12T14:25:17.692249+00:00
be:mun:25031,25031,Genappe,Genappe,Genepiën,Wallonia,Walloon Brabant,Arrondissement Nijvel,ADMIN_UNEMPLOYMENT_RATE_COM,Administrative unemployment rate (15-64),percent,2024,7.5,A,2026-09-12T14:25:17.692249+00:00
be:mun:25037,25037,Grez-Doiceau,Grez-Doiceau,Graven,Wallonia,Walloon Brabant,Arrondissement Nijvel,ADMIN_UNEMPLOYMENT_RATE_COM,Administrative unemployment rate (15-64),percent,2024,6.7,A,2026-09-12T14:25:17.692249+00:00
be:mun:25043,25043,Incourt,Incourt,Incourt,Wallonia,Walloon Brabant,Arrondissement Nijvel,ADMIN_UNEMPLOYMENT_RATE_COM,Administrative unemployment rate (15-64),percent,2024,6.1,A,2026-09-12T14:25:17.692249+00:00
be:mun:25044,25044,Ittre,Ittre,Itter,Wallonia,Walloon Brabant,Arrondissement Nijvel,ADMIN_UNEMPLOYMENT_RATE_COM,Administrative unemployment rate (15-64),percent,2024,6.0,A,2026-09-12T14:25:17.692249+00:00
be:mun:25048,25048,Jodoigne,Jodoigne,Geldenaken,Wallonia,Walloon Brabant,Arrondissement Nijvel,ADMIN_UNEMPLOYMENT_RATE_COM,Administrative unemployment rate (15-64),percent,2024,8.8,A,2026-09-12T14:25:17.692249+00:00
be:mun:25050,25050,La Hulpe,La Hulpe,Terhulpen,Wallonia,Walloon Brabant,Arrondissement Nijvel,ADMIN_UNEMPLOYMENT_RATE_COM,Administrative unemployment rate (15-64),percent,2024,8.0,A,2026-09-12T14:25:17.692249+00:00
be:mun:25068,25068,Mont-Saint-Guibert,Mont-Saint-Guibert,Mont-Saint-Guibert,Wallonia,Walloon Brabant,Arrondissement Nijvel,ADMIN_UNEMPLOYMENT_RATE_COM,Administrative unemployment rate (15-64),percent,2024,7.0,A,2026-09-12T14:25:17.692249+00:00
be:mun:25072,25072,Nivelles,Nivelles,Nijvel,Wallonia,Walloon Brabant,Arrondissement Nijvel,ADMIN_UNEMPLOYMENT_RATE_COM,Administrative unemployment rate (15-64),percent,2024,10.2,A,2026-09-12T14:25:17.692249+00:00
be:mun:25084,25084,Perwez,Perwez,Perwijs,Wallonia,Walloon Brabant,Arrondissement Nijvel,ADMIN_UNEMPLOYMENT_RATE_COM,Administrative unemployment rate (15-64),percent,2024,6.5,A,2026-09-12T14:25:17.692249+00:00
be:mun:25091,25091,Rixensart,Rixensart,Rixensart,Wallonia,Walloon Brabant,Arrondissement Nijvel,ADMIN_UNEMPLOYMENT_RATE_COM,Administrative unemployment rate (15-64),percent,2024,8.7,A,2026-09-12T14:25:17.692249+00:00
be:mun:25105,25105,Tubize,Tubize,Tubeke,Wallonia,Walloon Brabant,Arrondissement Nijvel,ADMIN_UNEMPLOYMENT_RATE_COM,Administrative unemployment rate (15-64),percent,2024,9.6,A,2026-09-12T14:25:17.692249+00:00
be:mun:25107,25107,Villers-la-Ville,Villers-la-Ville,Villers-la-Ville,Wallonia,Walloon Brabant,Arrondissement Nijvel,ADMIN_UNEMPLOYMENT_RATE_COM,Administrative unemployment rate (15-64),percent,2024,7.0,A,2026-09-12T14:25:17.692249+00:00
be:mun:25110,25110,Waterloo,Waterloo,Waterloo,Wallonia,Walloon Brabant,Arrondissement Nijvel,ADMIN_UNEMPLOYMENT_RATE_COM,Administrative unemployment rate (15-64),percent,2024,8.3,A,2026-09-12T14:25:17.692249+00:00
be:mun:25112,25112,Wavre,Wavre,Waver,Wallonia,Walloon Brabant,Arrondissement Nijvel,ADMIN_UNEMPLOYMENT_RATE_COM,Administrative unemployment rate (15-64),percent,2024,8.8,A,2026-09-12T14:25:17.692249+00:00
be:mun:25117,25117,Chastre,Chastre,Chastre,Wallonia,Walloon Brabant,Arrondissement Nijvel,ADMIN_UNEMPLOYMENT_RATE_COM,Administrative unemployment rate (15-64),percent,2024,7.1,A,2026-09-12T14:25:17.692249+00:00
be:mun:25118,25118,Hélécine,Hélécine,Hélécine,Wallonia,Walloon Brabant,Arrondissement Nijvel,ADMIN_UNEMPLOYMENT_RATE_COM,Administrative unemployment rate (15-64),percent,2024,7.5,A,2026-09-12T14:25:17.692249+00:00
be:mun:25119,25119,Lasne,Lasne,Lasne,Wallonia,Walloon Brabant,Arrondissement Nijvel,ADMIN_UNEMPLOYMENT_RATE_COM,Administrative unemployment rate (15-64),percent,2024,6.7,A,2026-09-12T14:25:17.692249+00:00
be:mun:25120,25120,Orp-Jauche,Orp-Jauche,Orp-Jauche,Wallonia,Walloon Brabant,Arrondissement Nijvel,ADMIN_UNEMPLOYMENT_RATE_COM,Administrative unemployment rate (15-64),percent,2024,6.9,A,2026-09-12T14:25:17.692249+00:00
be:mun:25121,25121,Ottignies-Louvain-la-Neuve,Ottignies-Louvain-la-Neuve,Ottignies-Louvain-la-Neuve,Wallonia,Walloon Brabant,Arrondissement Nijvel,ADMIN_UNEMPLOYMENT_RATE_COM,Administrative unemployment rate (15-64),percent,2024,10.7,A,2026-09-12T14:25:17.692249+00:00
be:mun:25122,25122,Ramillies,Ramillies,Ramillies,Wallonia,Walloon Brabant,Arrondissement Nijvel,ADMIN_UNEMPLOYMENT_RATE_COM,Administrative unemployment rate (15-64),percent,2024,7.1,A,2026-09-12T14:25:17.692249+00:00
be:mun:25123,25123,Rebecq,Rebecq,Rebecq,Wallonia,Walloon Brabant,Arrondissement Nijvel,ADMIN_UNEMPLOYMENT_RATE_COM,Administrative unemployment rate (15-64),percent,2024,8.4,A,2026-09-12T14:25:17.692249+00:00
be:mun:25124,25124,Walhain,Walhain,Walhain,Wallonia,Walloon Brabant,Arrondissement Nijvel,ADMIN_UNEMPLOYMENT_RATE_COM,Administrative unemployment rate (15-64),percent,2024,6.6,A,2026-09-12T14:25:17.692249+00:00
be:mun:31003,31003,Beernem,Beernem,Beernem,Flanders,West Flanders,Arrondissement Brugge,ADMIN_UNEMPLOYMENT_RATE_COM,Administrative unemployment rate (15-64),percent,2024,2.6,A,2026-09-12T14:25:17.692249+00:00
be:mun:31004,31004,Blankenberge,Blankenberge,Blankenberge,Flanders,West Flanders,Arrondissement Brugge,ADMIN_UNEMPLOYMENT_RATE_COM,Administrative unemployment rate (15-64),percent,2024,7.3,A,2026-09-12T14:25:17.692249+00:00
be:mun:31005,31005,Bruges,Bruges,Brugge,Flanders,West Flanders,Arrondissement Brugge,ADMIN_UNEMPLOYMENT_RATE_COM,Administrative unemployment rate (15-64),percent,2024,4.6,A,2026-09-12T14:25:17.692249+00:00
be:mun:31006,31006,Damme,Damme,Damme,Flanders,West Flanders,Arrondissement Brugge,ADMIN_UNEMPLOYMENT_RATE_COM,Administrative unemployment rate (15-64),percent,2024,2.6,A,2026-09-12T14:25:17.692249+00:00
be:mun:31012,31012,Jabbeke,Jabbeke,Jabbeke,Flanders,West Flanders,Arrondissement Brugge,ADMIN_UNEMPLOYMENT_RATE_COM,Administrative unemployment rate (15-64),percent,2024,2.1,A,2026-09-12T14:25:17.692249+00:00
be:mun:31022,31022,Oostkamp,Oostkamp,Oostkamp,Flanders,West Flanders,Arrondissement Brugge,ADMIN_UNEMPLOYMENT_RATE_COM,Administrative unemployment rate (15-64),percent,2024,2.5,A,2026-09-12T14:25:17.692249+00:00
be:mun:31033,31033,Torhout,Torhout,Torhout,Flanders,West Flanders,Arrondissement Brugge,ADMIN_UNEMPLOYMENT_RATE_COM,Administrative unemployment rate (15-64),percent,2024,3.9,A,2026-09-12T14:25:17.692249+00:00
be:mun:31040,31040,Zedelgem,Zedelgem,Zedelgem,Flanders,West Flanders,Arrondissement Brugge,ADMIN_UNEMPLOYMENT_RATE_COM,Administrative unemployment rate (15-64),percent,2024,2.2,A,2026-09-12T14:25:17.692249+00:00
be:mun:31042,31042,Zuienkerke,Zuienkerke,Zuienkerke,Flanders,West Flanders,Arrondissement Brugge,ADMIN_UNEMPLOYMENT_RATE_COM,Administrative unemployment rate (15-64),percent,2024,2.5,A,2026-09-12T14:25:17.692249+00:00
be:mun:31043,31043,Knokke-Heist,Knokke-Heist,Knokke-Heist,Flanders,West Flanders,Arrondissement Brugge,ADMIN_UNEMPLOYMENT_RATE_COM,Administrative unemployment rate (15-64),percent,2024,3.4,A,2026-09-12T14:25:17.692249+00:00
be:mun:32003,32003,Diksmuide,Dixmude,Diksmuide,Flanders,West Flanders,Arrondissement Diksmuide,ADMIN_UNEMPLOYMENT_RATE_COM,Administrative unemployment rate (15-64),percent,2024,3.6,A,2026-09-12T14:25:17.692249+00:00
be:mun:32006,32006,Houthulst,Houthulst,Houthulst,Flanders,West Flanders,Arrondissement Diksmuide,ADMIN_UNEMPLOYMENT_RATE_COM,Administrative unemployment rate (15-64),percent,2024,2.5,A,2026-09-12T14:25:17.692249+00:00
be:mun:32010,32010,Koekelare,Koekelare,Koekelare,Flanders,West Flanders,Arrondissement Diksmuide,ADMIN_UNEMPLOYMENT_RATE_COM,Administrative unemployment rate (15-64),percent,2024,2.1,A,2026-09-12T14:25:17.692249+00:00
be:mun:32011,32011,Kortemark,Kortemark,Kortemark,Flanders,West Flanders,Arrondissement Diksmuide,ADMIN_UNEMPLOYMENT_RATE_COM,Administrative unemployment rate (15-64),percent,2024,2.4,A,2026-09-12T14:25:17.692249+00:00
be:mun:32030,32030,Lo-Reninge,Lo-Reninge,Lo-Reninge,Flanders,West Flanders,Arrondissement Diksmuide,ADMIN_UNEMPLOYMENT_RATE_COM,Administrative unemployment rate (15-64),percent,2024,1.7,A,2026-09-12T14:25:17.692249+00:00
be:mun:33011,33011,Ypres,Ypres,Ieper,Flanders,West Flanders,Arrondissement Ieper,ADMIN_UNEMPLOYMENT_RATE_COM,Administrative unemployment rate (15-64),percent,2024,5.0,A,2026-09-12T14:25:17.692249+00:00
be:mun:33016,33016,Mesen,Messines,Mesen,Flanders,West Flanders,Arrondissement Ieper,ADMIN_UNEMPLOYMENT_RATE_COM,Administrative unemployment rate (15-64),percent,2024,4.2,A,2026-09-12T14:25:17.692249+00:00
be:mun:33021,33021,Poperinge,Poperinge,Poperinge,Flanders,West Flanders,Arrondissement Ieper,ADMIN_UNEMPLOYMENT_RATE_COM,Administrative unemployment rate (15-64),percent,2024,3.6,A,2026-09-12T14:25:17.692249+00:00
be:mun:33029,33029,Wervik,Wervik,Wervik,Flanders,West Flanders,Arrondissement Ieper,ADMIN_UNEMPLOYMENT_RATE_COM,Administrative unemployment rate (15-64),percent,2024,5.0,A,2026-09-12T14:25:17.692249+00:00
be:mun:33037,33037,Zonnebeke,Zonnebeke,Zonnebeke,Flanders,West Flanders,Arrondissement Ieper,ADMIN_UNEMPLOYMENT_RATE_COM,Administrative unemployment rate (15-64),percent,2024,2.5,A,2026-09-12T14:25:17.692249+00:00
be:mun:33039,33039,Heuvelland,Heuvelland,Heuvelland,Flanders,West Flanders,Arrondissement Ieper,ADMIN_UNEMPLOYMENT_RATE_COM,Administrative unemployment rate (15-64),percent,2024,2.7,A,2026-09-12T14:25:17.692249+00:00
be:mun:33040,33040,Langemark-Poelkapelle,Langemark-Poelkapelle,Langemark-Poelkapelle,Flanders,West Flanders,Arrondissement Ieper,ADMIN_UNEMPLOYMENT_RATE_COM,Administrative unemployment rate (15-64),percent,2024,2.5,A,2026-09-12T14:25:17.692249+00:00
be:mun:33041,33041,Vleteren,Vleteren,Vleteren,Flanders,West Flanders,Arrondissement Ieper,ADMIN_UNEMPLOYMENT_RATE_COM,Administrative unemployment rate (15-64),percent,2024,2.1,A,2026-09-12T14:25:17.692249+00:00
be:mun:34002,34002,Anzegem,Anzegem,Anzegem,Flanders,West Flanders,Arrondissement Kortrijk,ADMIN_UNEMPLOYMENT_RATE_COM,Administrative unemployment rate (15-64),percent,2024,2.1,A,2026-09-12T14:25:17.692249+00:00
be:mun:34003,34003,Avelgem,Avelgem,Avelgem,Flanders,West Flanders,Arrondissement Kortrijk,ADMIN_UNEMPLOYMENT_RATE_COM,Administrative unemployment rate (15-64),percent,2024,3.6,A,2026-09-12T14:25:17.692249+00:00
be:mun:34009,34009,Deerlijk,Deerlijk,Deerlijk,Flanders,West Flanders,Arrondissement Kortrijk,ADMIN_UNEMPLOYMENT_RATE_COM,Administrative unemployment rate (15-64),percent,2024,2.9,A,2026-09-12T14:25:17.692249+00:00
be:mun:34013,34013,Harelbeke,Harelbeke,Harelbeke,Flanders,West Flanders,Arrondissement Kortrijk,ADMIN_UNEMPLOYMENT_RATE_COM,Administrative unemployment rate (15-64),percent,2024,4.1,A,2026-09-12T14:25:17.692249+00:00
be:mun:34022,34022,Kortrijk,Courtrai,Kortrijk,Flanders,West Flanders,Arrondissement Kortrijk,ADMIN_UNEMPLOYMENT_RATE_COM,Administrative unemployment rate (15-64),percent,2024,6.4,A,2026-09-12T14:25:17.692249+00:00
be:mun:34023,34023,Kuurne,Kuurne,Kuurne,Flanders,West Flanders,Arrondissement Kortrijk,ADMIN_UNEMPLOYMENT_RATE_COM,Administrative unemployment rate (15-64),percent,2024,3.9,A,2026-09-12T14:25:17.692249+00:00
be:mun:34025,34025,Lendelede,Lendelede,Lendelede,Flanders,West Flanders,Arrondissement Kortrijk,ADMIN_UNEMPLOYMENT_RATE_COM,Administrative unemployment rate (15-64),percent,2024,2.9,A,2026-09-12T14:25:17.692249+00:00
be:mun:34027,34027,Menen,Menin,Menen,Flanders,West Flanders,Arrondissement Kortrijk,ADMIN_UNEMPLOYMENT_RATE_COM,Administrative unemployment rate (15-64),percent,2024,6.6,A,2026-09-12T14:25:17.692249+00:00
be:mun:34040,34040,Waregem,Waregem,Waregem,Flanders,West Flanders,Arrondissement Kortrijk,ADMIN_UNEMPLOYMENT_RATE_COM,Administrative unemployment rate (15-64),percent,2024,3.9,A,2026-09-12T14:25:17.692249+00:00
be:mun:34041,34041,Wevelgem,Wevelgem,Wevelgem,Flanders,West Flanders,Arrondissement Kortrijk,ADMIN_UNEMPLOYMENT_RATE_COM,Administrative unemployment rate (15-64),percent,2024,3.5,A,2026-09-12T14:25:17.692249+00:00
be:mun:34042,34042,Zwevegem,Zwevegem,Zwevegem,Flanders,West Flanders,Arrondissement Kortrijk,ADMIN_UNEMPLOYMENT_RATE_COM,Administrative unemployment rate (15-64),percent,2024,3.0,A,2026-09-12T14:25:17.692249+00:00
be:mun:34043,34043,Spiere-Helkijn,Espierres-Helchin,Spiere-Helkijn,Flanders,West Flanders,Arrondissement Kortrijk,ADMIN_UNEMPLOYMENT_RATE_COM,Administrative unemployment rate (15-64),percent,2024,5.1,A,2026-09-12T14:25:17.692249+00:00
be:mun:35002,35002,Bredene,Bredene,Bredene,Flanders,West Flanders,Arrondissement Oostende,ADMIN_UNEMPLOYMENT_RATE_COM,Administrative unemployment rate (15-64),percent,2024,4.9,A,2026-09-12T14:25:17.692249+00:00
be:mun:35005,35005,Gistel,Gistel,Gistel,Flanders,West Flanders,Arrondissement Oostende,ADMIN_UNEMPLOYMENT_RATE_COM,Administrative unemployment rate (15-64),percent,2024,3.5,A,2026-09-12T14:25:17.692249+00:00
be:mun:35006,35006,Ichtegem,Ichtegem,Ichtegem,Flanders,West Flanders,Arrondissement Oostende,ADMIN_UNEMPLOYMENT_RATE_COM,Administrative unemployment rate (15-64),percent,2024,2.7,A,2026-09-12T14:25:17.692249+00:00
be:mun:35011,35011,Middelkerke,Middelkerke,Middelkerke,Flanders,West Flanders,Arrondissement Oostende,ADMIN_UNEMPLOYMENT_RATE_COM,Administrative unemployment rate (15-64),percent,2024,4.9,A,2026-09-12T14:25:17.692249+00:00
be:mun:35013,35013,Ostend,Ostende,Oostende,Flanders,West Flanders,Arrondissement Oostende,ADMIN_UNEMPLOYMENT_RATE_COM,Administrative unemployment rate (15-64),percent,2024,10.1,A,2026-09-12T14:25:17.692249+00:00
be:mun:35014,35014,Oudenburg,Oudenburg,Oudenburg,Flanders,West Flanders,Arrondissement Oostende,ADMIN_UNEMPLOYMENT_RATE_COM,Administrative unemployment rate (15-64),percent,2024,3.5,A,2026-09-12T14:25:17.692249+00:00
be:mun:35029,35029,De Haan,De Haan,De Haan,Flanders,West Flanders,Arrondissement Oostende,ADMIN_UNEMPLOYMENT_RATE_COM,Administrative unemployment rate (15-64),percent,2024,4.5,A,2026-09-12T14:25:17.692249+00:00
be:mun:36006,36006,Hooglede,Hooglede,Hooglede,Flanders,West Flanders,Arrondissement Roeselare,ADMIN_UNEMPLOYMENT_RATE_COM,Administrative unemployment rate (15-64),percent,2024,2.5,A,2026-09-12T14:25:17.692249+00:00
be:mun:36007,36007,Ingelmunster,Ingelmunster,Ingelmunster,Flanders,West Flanders,Arrondissement Roeselare,ADMIN_UNEMPLOYMENT_RATE_COM,Administrative unemployment rate (15-64),percent,2024,3.3,A,2026-09-12T14:25:17.692249+00:00
be:mun:36008,36008,Izegem,Izegem,Izegem,Flanders,West Flanders,Arrondissement Roeselare,ADMIN_UNEMPLOYMENT_RATE_COM,Administrative unemployment rate (15-64),percent,2024,4.1,A,2026-09-12T14:25:17.692249+00:00
be:mun:36010,36010,Ledegem,Ledegem,Ledegem,Flanders,West Flanders,Arrondissement Roeselare,ADMIN_UNEMPLOYMENT_RATE_COM,Administrative unemployment rate (15-64),percent,2024,2.3,A,2026-09-12T14:25:17.692249+00:00
be:mun:36011,36011,Lichtervelde,Lichtervelde,Lichtervelde,Flanders,West Flanders,Arrondissement Roeselare,ADMIN_UNEMPLOYMENT_RATE_COM,Administrative unemployment rate (15-64),percent,2024,2.2,A,2026-09-12T14:25:17.692249+00:00
be:mun:36012,36012,Moorslede,Moorslede,Moorslede,Flanders,West Flanders,Arrondissement Roeselare,ADMIN_UNEMPLOYMENT_RATE_COM,Administrative unemployment rate (15-64),percent,2024,2.8,A,2026-09-12T14:25:17.692249+00:00
be:mun:36015,36015,Roeselare,Roulers,Roeselare,Flanders,West Flanders,Arrondissement Roeselare,ADMIN_UNEMPLOYMENT_RATE_COM,Administrative unemployment rate (15-64),percent,2024,6.1,A,2026-09-12T14:25:17.692249+00:00
be:mun:36019,36019,Staden,Staden,Staden,Flanders,West Flanders,Arrondissement Roeselare,ADMIN_UNEMPLOYMENT_RATE_COM,Administrative unemployment rate (15-64),percent,2024,2.6,A,2026-09-12T14:25:17.692249+00:00
be:mun:37002,37002,Dentergem,Dentergem,Dentergem,Flanders,West Flanders,Arrondissement Tielt,ADMIN_UNEMPLOYMENT_RATE_COM,Administrative unemployment rate (15-64),percent,2024,2.1,A,2026-09-12T14:25:17.692249+00:00
be:mun:37010,37010,Oostrozebeke,Oostrozebeke,Oostrozebeke,Flanders,West Flanders,Arrondissement Tielt,ADMIN_UNEMPLOYMENT_RATE_COM,Administrative unemployment rate (15-64),percent,2024,2.8,A,2026-09-12T14:25:17.692249+00:00
be:mun:37011,37011,Pittem,Pittem,Pittem,Flanders,West Flanders,Arrondissement Tielt,ADMIN_UNEMPLOYMENT_RATE_COM,Administrative unemployment rate (15-64),percent,2024,2.7,A,2026-09-12T14:25:17.692249+00:00
be:mun:37017,37017,Wielsbeke,Wielsbeke,Wielsbeke,Flanders,West Flanders,Arrondissement Tielt,ADMIN_UNEMPLOYMENT_RATE_COM,Administrative unemployment rate (15-64),percent,2024,3.1,A,2026-09-12T14:25:17.692249+00:00
be:mun:37020,37020,Ardooie,Ardooie,Ardooie,Flanders,West Flanders,Arrondissement Tielt,ADMIN_UNEMPLOYMENT_RATE_COM,Administrative unemployment rate (15-64),percent,2024,2.3,A,2026-09-12T14:25:17.692249+00:00
be:mun:37021,37021,Wingene,Wingene,Wingene,Flanders,West Flanders,Arrondissement Tielt,ADMIN_UNEMPLOYMENT_RATE_COM,Administrative unemployment rate (15-64),percent,2024,2.1,A,2026-09-12T14:25:17.692249+00:00
be:mun:37022,37022,Tielt,Tielt,Tielt,Flanders,West Flanders,Arrondissement Tielt,ADMIN_UNEMPLOYMENT_RATE_COM,Administrative unemployment rate (15-64),percent,2024,3.6,A,2026-09-12T14:25:17.692249+00:00
be:mun:38002,38002,Alveringem,Alveringem,Alveringem,Flanders,West Flanders,Arrondissement Veurne,ADMIN_UNEMPLOYMENT_RATE_COM,Administrative unemployment rate (15-64),percent,2024,2.2,A,2026-09-12T14:25:17.692249+00:00
be:mun:38008,38008,De Panne,La Panne,De Panne,Flanders,West Flanders,Arrondissement Veurne,ADMIN_UNEMPLOYMENT_RATE_COM,Administrative unemployment rate (15-64),percent,2024,6.4,A,2026-09-12T14:25:17.692249+00:00
be:mun:38014,38014,Koksijde,Koksijde,Koksijde,Flanders,West Flanders,Arrondissement Veurne,ADMIN_UNEMPLOYMENT_RATE_COM,Administrative unemployment rate (15-64),percent,2024,4.6,A,2026-09-12T14:25:17.692249+00:00
be:mun:38016,38016,Nieuwpoort,Nieuport,Nieuwpoort,Flanders,West Flanders,Arrondissement Veurne,ADMIN_UNEMPLOYMENT_RATE_COM,Administrative unemployment rate (15-64),percent,2024,6.1,A,2026-09-12T14:25:17.692249+00:00
be:mun:38025,38025,Veurne,Furnes,Veurne,Flanders,West Flanders,Arrondissement Veurne,ADMIN_UNEMPLOYMENT_RATE_COM,Administrative unemployment rate (15-64),percent,2024,3.4,A,2026-09-12T14:25:17.692249+00:00
be:mun:41002,41002,Aalst,Alost,Aalst,Flanders,East Flanders,Arrondissement Aalst,ADMIN_UNEMPLOYMENT_RATE_COM,Administrative unemployment rate (15-64),percent,2024,5.8,A,2026-09-12T14:25:17.692249+00:00
be:mun:41011,41011,Denderleeuw,Denderleeuw,Denderleeuw,Flanders,East Flanders,Arrondissement Aalst,ADMIN_UNEMPLOYMENT_RATE_COM,Administrative unemployment rate (15-64),percent,2024,4.8,A,2026-09-12T14:25:17.692249+00:00
be:mun:41018,41018,Geraardsbergen,Grammont,Geraardsbergen,Flanders,East Flanders,Arrondissement Aalst,ADMIN_UNEMPLOYMENT_RATE_COM,Administrative unemployment rate (15-64),percent,2024,6.1,A,2026-09-12T14:25:17.692249+00:00
be:mun:41024,41024,Haaltert,Haaltert,Haaltert,Flanders,East Flanders,Arrondissement Aalst,ADMIN_UNEMPLOYMENT_RATE_COM,Administrative unemployment rate (15-64),percent,2024,3.1,A,2026-09-12T14:25:17.692249+00:00
be:mun:41027,41027,Herzele,Herzele,Herzele,Flanders,East Flanders,Arrondissement Aalst,ADMIN_UNEMPLOYMENT_RATE_COM,Administrative unemployment rate (15-64),percent,2024,3.3,A,2026-09-12T14:25:17.692249+00:00
be:mun:41034,41034,Lede,Lede,Lede,Flanders,East Flanders,Arrondissement Aalst,ADMIN_UNEMPLOYMENT_RATE_COM,Administrative unemployment rate (15-64),percent,2024,3.7,A,2026-09-12T14:25:17.692249+00:00
be:mun:41048,41048,Ninove,Ninove,Ninove,Flanders,East Flanders,Arrondissement Aalst,ADMIN_UNEMPLOYMENT_RATE_COM,Administrative unemployment rate (15-64),percent,2024,4.4,A,2026-09-12T14:25:17.692249+00:00
be:mun:41063,41063,Sint-Lievens-Houtem,Sint-Lievens-Houtem,Sint-Lievens-Houtem,Flanders,East Flanders,Arrondissement Aalst,ADMIN_UNEMPLOYMENT_RATE_COM,Administrative unemployment rate (15-64),percent,2024,2.6,A,2026-09-12T14:25:17.692249+00:00
be:mun:41081,41081,Zottegem,Zottegem,Zottegem,Flanders,East Flanders,Arrondissement Aalst,ADMIN_UNEMPLOYMENT_RATE_COM,Administrative unemployment rate (15-64),percent,2024,4.1,A,2026-09-12T14:25:17.692249+00:00
be:mun:41082,41082,Erpe-Mere,Erpe-Mere,Erpe-Mere,Flanders,East Flanders,Arrondissement Aalst,ADMIN_UNEMPLOYMENT_RATE_COM,Administrative unemployment rate (15-64),percent,2024,3.5,A,2026-09-12T14:25:17.692249+00:00
be:mun:42003,42003,Berlare,Berlare,Berlare,Flanders,East Flanders,Arrondissement Dendermonde,ADMIN_UNEMPLOYMENT_RATE_COM,Administrative unemployment rate (15-64),percent,2024,3.5,A,2026-09-12T14:25:17.692249+00:00
be:mun:42004,42004,Buggenhout,Buggenhout,Buggenhout,Flanders,East Flanders,Arrondissement Dendermonde,ADMIN_UNEMPLOYMENT_RATE_COM,Administrative unemployment rate (15-64),percent,2024,3.2,A,2026-09-12T14:25:17.692249+00:00
be:mun:42006,42006,Dendermonde,Termonde,Dendermonde,Flanders,East Flanders,Arrondissement Dendermonde,ADMIN_UNEMPLOYMENT_RATE_COM,Administrative unemployment rate (15-64),percent,2024,4.9,A,2026-09-12T14:25:17.692249+00:00
be:mun:42008,42008,Hamme,Hamme,Hamme,Flanders,East Flanders,Arrondissement Dendermonde,ADMIN_UNEMPLOYMENT_RATE_COM,Administrative unemployment rate (15-64),percent,2024,4.3,A,2026-09-12T14:25:17.692249+00:00
be:mun:42010,42010,Laarne,Laarne,Laarne,Flanders,East Flanders,Arrondissement Dendermonde,ADMIN_UNEMPLOYMENT_RATE_COM,Administrative unemployment rate (15-64),percent,2024,2.9,A,2026-09-12T14:25:17.692249+00:00
be:mun:42011,42011,Lebbeke,Lebbeke,Lebbeke,Flanders,East Flanders,Arrondissement Dendermonde,ADMIN_UNEMPLOYMENT_RATE_COM,Administrative unemployment rate (15-64),percent,2024,3.5,A,2026-09-12T14:25:17.692249+00:00
be:mun:42023,42023,Waasmunster,Waasmunster,Waasmunster,Flanders,East Flanders,Arrondissement Dendermonde,ADMIN_UNEMPLOYMENT_RATE_COM,Administrative unemployment rate (15-64),percent,2024,4.1,A,2026-09-12T14:25:17.692249+00:00
be:mun:42025,42025,Wetteren,Wetteren,Wetteren,Flanders,East Flanders,Arrondissement Dendermonde,ADMIN_UNEMPLOYMENT_RATE_COM,Administrative unemployment rate (15-64),percent,2024,4.9,A,2026-09-12T14:25:17.692249+00:00
be:mun:42026,42026,Wichelen,Wichelen,Wichelen,Flanders,East Flanders,Arrondissement Dendermonde,ADMIN_UNEMPLOYMENT_RATE_COM,Administrative unemployment rate (15-64),percent,2024,3.6,A,2026-09-12T14:25:17.692249+00:00
be:mun:42028,42028,Zele,Zele,Zele,Flanders,East Flanders,Arrondissement Dendermonde,ADMIN_UNEMPLOYMENT_RATE_COM,Administrative unemployment rate (15-64),percent,2024,5.1,A,2026-09-12T14:25:17.692249+00:00
be:mun:43002,43002,Assenede,Assenede,Assenede,Flanders,East Flanders,Arrondissement Eeklo,ADMIN_UNEMPLOYMENT_RATE_COM,Administrative unemployment rate (15-64),percent,2024,3.4,A,2026-09-12T14:25:17.692249+00:00
be:mun:43005,43005,Eeklo,Eeklo,Eeklo,Flanders,East Flanders,Arrondissement Eeklo,ADMIN_UNEMPLOYMENT_RATE_COM,Administrative unemployment rate (15-64),percent,2024,6.6,A,2026-09-12T14:25:17.692249+00:00
be:mun:43007,43007,Kaprijke,Kaprijke,Kaprijke,Flanders,East Flanders,Arrondissement Eeklo,ADMIN_UNEMPLOYMENT_RATE_COM,Administrative unemployment rate (15-64),percent,2024,2.6,A,2026-09-12T14:25:17.692249+00:00
be:mun:43010,43010,Maldegem,Maldegem,Maldegem,Flanders,East Flanders,Arrondissement Eeklo,ADMIN_UNEMPLOYMENT_RATE_COM,Administrative unemployment rate (15-64),percent,2024,3.2,A,2026-09-12T14:25:17.692249+00:00
be:mun:43014,43014,Sint-Laureins,Sint-Laureins,Sint-Laureins,Flanders,East Flanders,Arrondissement Eeklo,ADMIN_UNEMPLOYMENT_RATE_COM,Administrative unemployment rate (15-64),percent,2024,2.7,A,2026-09-12T14:25:17.692249+00:00
be:mun:43018,43018,Zelzate,Zelzate,Zelzate,Flanders,East Flanders,Arrondissement Eeklo,ADMIN_UNEMPLOYMENT_RATE_COM,Administrative unemployment rate (15-64),percent,2024,6.4,A,2026-09-12T14:25:17.692249+00:00
be:mun:44013,44013,Destelbergen,Destelbergen,Destelbergen,Flanders,East Flanders,Arrondissement Gent,ADMIN_UNEMPLOYMENT_RATE_COM,Administrative unemployment rate (15-64),percent,2024,3.1,A,2026-09-12T14:25:17.692249+00:00
be:mun:44019,44019,Evergem,Evergem,Evergem,Flanders,East Flanders,Arrondissement Gent,ADMIN_UNEMPLOYMENT_RATE_COM,Administrative unemployment rate (15-64),percent,2024,3.1,A,2026-09-12T14:25:17.692249+00:00
be:mun:44020,44020,Gavere,Gavere,Gavere,Flanders,East Flanders,Arrondissement Gent,ADMIN_UNEMPLOYMENT_RATE_COM,Administrative unemployment rate (15-64),percent,2024,2.9,A,2026-09-12T14:25:17.692249+00:00
be:mun:44021,44021,Ghent,Gand,Gent,Flanders,East Flanders,Arrondissement Gent,ADMIN_UNEMPLOYMENT_RATE_COM,Administrative unemployment rate (15-64),percent,2024,8.2,A,2026-09-12T14:25:17.692249+00:00
be:mun:44052,44052,Oosterzele,Oosterzele,Oosterzele,Flanders,East Flanders,Arrondissement Gent,ADMIN_UNEMPLOYMENT_RATE_COM,Administrative unemployment rate (15-64),percent,2024,2.1,A,2026-09-12T14:25:17.692249+00:00
be:mun:44064,44064,Sint-Martens-Latem,Sint-Martens-Latem,Sint-Martens-Latem,Flanders,East Flanders,Arrondissement Gent,ADMIN_UNEMPLOYMENT_RATE_COM,Administrative unemployment rate (15-64),percent,2024,3.0,A,2026-09-12T14:25:17.692249+00:00
be:mun:44081,44081,Zulte,Zulte,Zulte,Flanders,East Flanders,Arrondissement Gent,ADMIN_UNEMPLOYMENT_RATE_COM,Administrative unemployment rate (15-64),percent,2024,3.0,A,2026-09-12T14:25:17.692249+00:00
be:mun:44083,44083,Deinze,Deinze,Deinze,Flanders,East Flanders,Arrondissement Gent,ADMIN_UNEMPLOYMENT_RATE_COM,Administrative unemployment rate (15-64),percent,2024,3.2,A,2026-09-12T14:25:17.692249+00:00
be:mun:44084,44084,Aalter,Aalter,Aalter,Flanders,East Flanders,Arrondissement Gent,ADMIN_UNEMPLOYMENT_RATE_COM,Administrative unemployment rate (15-64),percent,2024,2.4,A,2026-09-12T14:25:17.692249+00:00
be:mun:44085,44085,Lievegem,Lievegem,Lievegem,Flanders,East Flanders,Arrondissement Gent,ADMIN_UNEMPLOYMENT_RATE_COM,Administrative unemployment rate (15-64),percent,2024,3.2,A,2026-09-12T14:25:17.692249+00:00
be:mun:44086,44086,Nazareth-De Pinte,Nazareth-De Pinte,Nazareth-De Pinte,Flanders,East Flanders,Arrondissement Gent,ADMIN_UNEMPLOYMENT_RATE_COM,Administrative unemployment rate (15-64),percent,2024,3.0,A,2026-09-12T14:25:17.692249+00:00
be:mun:44087,44087,Lochristi,Lochristi,Lochristi,Flanders,East Flanders,Arrondissement Gent,ADMIN_UNEMPLOYMENT_RATE_COM,Administrative unemployment rate (15-64),percent,2024,3.0,A,2026-09-12T14:25:17.692249+00:00
be:mun:44088,44088,Merelbeke-Melle,Merelbeke-Melle,Merelbeke-Melle,Flanders,East Flanders,Arrondissement Gent,ADMIN_UNEMPLOYMENT_RATE_COM,Administrative unemployment rate (15-64),percent,2024,3.4,A,2026-09-12T14:25:17.692249+00:00
be:mun:45035,45035,Oudenaarde,Audenarde,Oudenaarde,Flanders,East Flanders,Arrondissement Oudenaarde,ADMIN_UNEMPLOYMENT_RATE_COM,Administrative unemployment rate (15-64),percent,2024,4.9,A,2026-09-12T14:25:17.692249+00:00
be:mun:45041,45041,Ronse,Renaix,Ronse,Flanders,East Flanders,Arrondissement Oudenaarde,ADMIN_UNEMPLOYMENT_RATE_COM,Administrative unemployment rate (15-64),percent,2024,8.7,A,2026-09-12T14:25:17.692249+00:00
be:mun:45059,45059,Brakel,Brakel,Brakel,Flanders,East Flanders,Arrondissement Oudenaarde,ADMIN_UNEMPLOYMENT_RATE_COM,Administrative unemployment rate (15-64),percent,2024,3.2,A,2026-09-12T14:25:17.692249+00:00
be:mun:45060,45060,Kluisbergen,Kluisbergen,Kluisbergen,Flanders,East Flanders,Arrondissement Oudenaarde,ADMIN_UNEMPLOYMENT_RATE_COM,Administrative unemployment rate (15-64),percent,2024,3.1,A,2026-09-12T14:25:17.692249+00:00
be:mun:45061,45061,Wortegem-Petegem,Wortegem-Petegem,Wortegem-Petegem,Flanders,East Flanders,Arrondissement Oudenaarde,ADMIN_UNEMPLOYMENT_RATE_COM,Administrative unemployment rate (15-64),percent,2024,2.1,A,2026-09-12T14:25:17.692249+00:00
be:mun:45062,45062,Horebeke,Horebeke,Horebeke,Flanders,East Flanders,Arrondissement Oudenaarde,ADMIN_UNEMPLOYMENT_RATE_COM,Administrative unemployment rate (15-64),percent,2024,2.2,A,2026-09-12T14:25:17.692249+00:00
be:mun:45063,45063,Lierde,Lierde,Lierde,Flanders,East Flanders,Arrondissement Oudenaarde,ADMIN_UNEMPLOYMENT_RATE_COM,Administrative unemployment rate (15-64),percent,2024,2.5,A,2026-09-12T14:25:17.692249+00:00
be:mun:45064,45064,Maarkedal,Maarkedal,Maarkedal,Flanders,East Flanders,Arrondissement Oudenaarde,ADMIN_UNEMPLOYMENT_RATE_COM,Administrative unemployment rate (15-64),percent,2024,1.9,A,2026-09-12T14:25:17.692249+00:00
be:mun:45065,45065,Zwalm,Zwalm,Zwalm,Flanders,East Flanders,Arrondissement Oudenaarde,ADMIN_UNEMPLOYMENT_RATE_COM,Administrative unemployment rate (15-64),percent,2024,2.7,A,2026-09-12T14:25:17.692249+00:00
be:mun:45068,45068,Kruisem,Kruisem,Kruisem,Flanders,East Flanders,Arrondissement Oudenaarde,ADMIN_UNEMPLOYMENT_RATE_COM,Administrative unemployment rate (15-64),percent,2024,2.4,A,2026-09-12T14:25:17.692249+00:00
be:mun:46020,46020,Sint-Gillis-Waas,Sint-Gillis-Waas,Sint-Gillis-Waas,Flanders,East Flanders,Arrondissement Sint-Niklaas,ADMIN_UNEMPLOYMENT_RATE_COM,Administrative unemployment rate (15-64),percent,2024,3.7,A,2026-09-12T14:25:17.692249+00:00
be:mun:46021,46021,Sint-Niklaas,Saint-Nicolas,Sint-Niklaas,Flanders,East Flanders,Arrondissement Sint-Niklaas,ADMIN_UNEMPLOYMENT_RATE_COM,Administrative unemployment rate (15-64),percent,2024,8.2,A,2026-09-12T14:25:17.692249+00:00
be:mun:46024,46024,Stekene,Stekene,Stekene,Flanders,East Flanders,Arrondissement Sint-Niklaas,ADMIN_UNEMPLOYMENT_RATE_COM,Administrative unemployment rate (15-64),percent,2024,3.5,A,2026-09-12T14:25:17.692249+00:00
be:mun:46025,46025,Temse,Tamise,Temse,Flanders,East Flanders,Arrondissement Sint-Niklaas,ADMIN_UNEMPLOYMENT_RATE_COM,Administrative unemployment rate (15-64),percent,2024,5.4,A,2026-09-12T14:25:17.692249+00:00
be:mun:46029,46029,Lokeren,Lokeren,Lokeren,Flanders,East Flanders,Arrondissement Sint-Niklaas,ADMIN_UNEMPLOYMENT_RATE_COM,Administrative unemployment rate (15-64),percent,2024,4.6,A,2026-09-12T14:25:17.692249+00:00
be:mun:46030,46030,Beveren-Kruibeke-Zwijndrecht,Beveren-Kruibeke-Zwijndrecht,Beveren-Kruibeke-Zwijndrecht,Flanders,East Flanders,Arrondissement Sint-Niklaas,ADMIN_UNEMPLOYMENT_RATE_COM,Administrative unemployment rate (15-64),percent,2024,4.5,A,2026-09-12T14:25:17.692249+00:00
be:mun:51004,51004,Ath,Ath,Aat,Wallonia,Hainaut,Arrondissement Aat,ADMIN_UNEMPLOYMENT_RATE_COM,Administrative unemployment rate (15-64),percent,2024,8.9,A,2026-09-12T14:25:17.692249+00:00
be:mun:51008,51008,Beloeil,Beloeil,Beloeil,Wallonia,Hainaut,Arrondissement Aat,ADMIN_UNEMPLOYMENT_RATE_COM,Administrative unemployment rate (15-64),percent,2024,7.9,A,2026-09-12T14:25:17.692249+00:00
be:mun:51009,51009,Bernissart,Bernissart,Bernissart,Wallonia,Hainaut,Arrondissement Aat,ADMIN_UNEMPLOYMENT_RATE_COM,Administrative unemployment rate (15-64),percent,2024,11.3,A,2026-09-12T14:25:17.692249+00:00
be:mun:51012,51012,Brugelette,Brugelette,Brugelette,Wallonia,Hainaut,Arrondissement Aat,ADMIN_UNEMPLOYMENT_RATE_COM,Administrative unemployment rate (15-64),percent,2024,7.8,A,2026-09-12T14:25:17.692249+00:00
be:mun:51014,51014,Chièvres,Chièvres,Chièvres,Wallonia,Hainaut,Arrondissement Aat,ADMIN_UNEMPLOYMENT_RATE_COM,Administrative unemployment rate (15-64),percent,2024,6.7,A,2026-09-12T14:25:17.692249+00:00
be:mun:51017,51017,Ellezelles,Ellezelles,Elzele,Wallonia,Hainaut,Arrondissement Aat,ADMIN_UNEMPLOYMENT_RATE_COM,Administrative unemployment rate (15-64),percent,2024,5.5,A,2026-09-12T14:25:17.692249+00:00
be:mun:51019,51019,Flobecq,Flobecq,Vloesberg,Wallonia,Hainaut,Arrondissement Aat,ADMIN_UNEMPLOYMENT_RATE_COM,Administrative unemployment rate (15-64),percent,2024,8.2,A,2026-09-12T14:25:17.692249+00:00
be:mun:51065,51065,Frasnes-lez-Anvaing,Frasnes-lez-Anvaing,Frasnes-lez-Anvaing,Wallonia,Hainaut,Arrondissement Aat,ADMIN_UNEMPLOYMENT_RATE_COM,Administrative unemployment rate (15-64),percent,2024,6.0,A,2026-09-12T14:25:17.692249+00:00
be:mun:51067,51067,Enghien,Enghien,Edingen,Wallonia,Hainaut,Arrondissement Aat,ADMIN_UNEMPLOYMENT_RATE_COM,Administrative unemployment rate (15-64),percent,2024,8.2,A,2026-09-12T14:25:17.692249+00:00
be:mun:51068,51068,Silly,Silly,Opzullik,Wallonia,Hainaut,Arrondissement Aat,ADMIN_UNEMPLOYMENT_RATE_COM,Administrative unemployment rate (15-64),percent,2024,6.5,A,2026-09-12T14:25:17.692249+00:00
be:mun:51069,51069,Lessines,Lessines,Lessen,Wallonia,Hainaut,Arrondissement Aat,ADMIN_UNEMPLOYMENT_RATE_COM,Administrative unemployment rate (15-64),percent,2024,11.2,A,2026-09-12T14:25:17.692249+00:00
be:mun:52010,52010,Chapelle-lez-Herlaimont,Chapelle-lez-Herlaimont,Chapelle-lez-Herlaimont,Wallonia,Hainaut,Arrondissement Charleroi,ADMIN_UNEMPLOYMENT_RATE_COM,Administrative unemployment rate (15-64),percent,2024,14.6,A,2026-09-12T14:25:17.692249+00:00
be:mun:52011,52011,Charleroi,Charleroi,Charleroi,Wallonia,Hainaut,Arrondissement Charleroi,ADMIN_UNEMPLOYMENT_RATE_COM,Administrative unemployment rate (15-64),percent,2024,22.6,A,2026-09-12T14:25:17.692249+00:00
be:mun:52012,52012,Châtelet,Châtelet,Châtelet,Wallonia,Hainaut,Arrondissement Charleroi,ADMIN_UNEMPLOYMENT_RATE_COM,Administrative unemployment rate (15-64),percent,2024,19.5,A,2026-09-12T14:25:17.692249+00:00
be:mun:52015,52015,Courcelles,Courcelles,Courcelles,Wallonia,Hainaut,Arrondissement Charleroi,ADMIN_UNEMPLOYMENT_RATE_COM,Administrative unemployment rate (15-64),percent,2024,14.4,A,2026-09-12T14:25:17.692249+00:00
be:mun:52018,52018,Farciennes,Farciennes,Farciennes,Wallonia,Hainaut,Arrondissement Charleroi,ADMIN_UNEMPLOYMENT_RATE_COM,Administrative unemployment rate (15-64),percent,2024,21.1,A,2026-09-12T14:25:17.692249+00:00
be:mun:52021,52021,Fleurus,Fleurus,Fleurus,Wallonia,Hainaut,Arrondissement Charleroi,ADMIN_UNEMPLOYMENT_RATE_COM,Administrative unemployment rate (15-64),percent,2024,12.5,A,2026-09-12T14:25:17.692249+00:00
be:mun:52022,52022,Fontaine-l’Evêque,Fontaine-l’Evêque,Fontaine-l’Evêque,Wallonia,Hainaut,Arrondissement Charleroi,ADMIN_UNEMPLOYMENT_RATE_COM,Administrative unemployment rate (15-64),percent,2024,14.9,A,2026-09-12T14:25:17.692249+00:00
be:mun:52025,52025,Gerpinnes,Gerpinnes,Gerpinnes,Wallonia,Hainaut,Arrondissement Charleroi,ADMIN_UNEMPLOYMENT_RATE_COM,Administrative unemployment rate (15-64),percent,2024,8.8,A,2026-09-12T14:25:17.692249+00:00
be:mun:52048,52048,Montigny-le-Tilleul,Montigny-le-Tilleul,Montigny-le-Tilleul,Wallonia,Hainaut,Arrondissement Charleroi,ADMIN_UNEMPLOYMENT_RATE_COM,Administrative unemployment rate (15-64),percent,2024,9.5,A,2026-09-12T14:25:17.692249+00:00
be:mun:52055,52055,Pont-à-Celles,Pont-à-Celles,Pont-à-Celles,Wallonia,Hainaut,Arrondissement Charleroi,ADMIN_UNEMPLOYMENT_RATE_COM,Administrative unemployment rate (15-64),percent,2024,8.6,A,2026-09-12T14:25:17.692249+00:00
be:mun:52074,52074,Aiseau-Presles,Aiseau-Presles,Aiseau-Presles,Wallonia,Hainaut,Arrondissement Charleroi,ADMIN_UNEMPLOYMENT_RATE_COM,Administrative unemployment rate (15-64),percent,2024,13.3,A,2026-09-12T14:25:17.692249+00:00
be:mun:52075,52075,Les Bons Villers,Les Bons Villers,Les Bons Villers,Wallonia,Hainaut,Arrondissement Charleroi,ADMIN_UNEMPLOYMENT_RATE_COM,Administrative unemployment rate (15-64),percent,2024,6.7,A,2026-09-12T14:25:17.692249+00:00
be:mun:53014,53014,Boussu,Boussu,Boussu,Wallonia,Hainaut,Arrondissement Bergen,ADMIN_UNEMPLOYMENT_RATE_COM,Administrative unemployment rate (15-64),percent,2024,18.7,A,2026-09-12T14:25:17.692249+00:00
be:mun:53020,53020,Dour,Dour,Dour,Wallonia,Hainaut,Arrondissement Bergen,ADMIN_UNEMPLOYMENT_RATE_COM,Administrative unemployment rate (15-64),percent,2024,15.7,A,2026-09-12T14:25:17.692249+00:00
be:mun:53028,53028,Frameries,Frameries,Frameries,Wallonia,Hainaut,Arrondissement Bergen,ADMIN_UNEMPLOYMENT_RATE_COM,Administrative unemployment rate (15-64),percent,2024,14.6,A,2026-09-12T14:25:17.692249+00:00
be:mun:53039,53039,Hensies,Hensies,Hensies,Wallonia,Hainaut,Arrondissement Bergen,ADMIN_UNEMPLOYMENT_RATE_COM,Administrative unemployment rate (15-64),percent,2024,14.5,A,2026-09-12T14:25:17.692249+00:00
be:mun:53044,53044,Jurbise,Jurbise,Jurbeke,Wallonia,Hainaut,Arrondissement Bergen,ADMIN_UNEMPLOYMENT_RATE_COM,Administrative unemployment rate (15-64),percent,2024,6.8,A,2026-09-12T14:25:17.692249+00:00
be:mun:53046,53046,Lens,Lens,Lens,Wallonia,Hainaut,Arrondissement Bergen,ADMIN_UNEMPLOYMENT_RATE_COM,Administrative unemployment rate (15-64),percent,2024,6.6,A,2026-09-12T14:25:17.692249+00:00
be:mun:53053,53053,Mons,Mons,Bergen,Wallonia,Hainaut,Arrondissement Bergen,ADMIN_UNEMPLOYMENT_RATE_COM,Administrative unemployment rate (15-64),percent,2024,16.7,A,2026-09-12T14:25:17.692249+00:00
be:mun:53065,53065,Quaregnon,Quaregnon,Quaregnon,Wallonia,Hainaut,Arrondissement Bergen,ADMIN_UNEMPLOYMENT_RATE_COM,Administrative unemployment rate (15-64),percent,2024,17.2,A,2026-09-12T14:25:17.692249+00:00
be:mun:53068,53068,Quiévrain,Quiévrain,Quiévrain,Wallonia,Hainaut,Arrondissement Bergen,ADMIN_UNEMPLOYMENT_RATE_COM,Administrative unemployment rate (15-64),percent,2024,18.3,A,2026-09-12T14:25:17.692249+00:00
be:mun:53070,53070,Saint-Ghislain,Saint-Ghislain,Saint-Ghislain,Wallonia,Hainaut,Arrondissement Bergen,ADMIN_UNEMPLOYMENT_RATE_COM,Administrative unemployment rate (15-64),percent,2024,12.5,A,2026-09-12T14:25:17.692249+00:00
be:mun:53082,53082,Colfontaine,Colfontaine,Colfontaine,Wallonia,Hainaut,Arrondissement Bergen,ADMIN_UNEMPLOYMENT_RATE_COM,Administrative unemployment rate (15-64),percent,2024,18.6,A,2026-09-12T14:25:17.692249+00:00
be:mun:53083,53083,Honnelles,Honnelles,Honnelles,Wallonia,Hainaut,Arrondissement Bergen,ADMIN_UNEMPLOYMENT_RATE_COM,Administrative unemployment rate (15-64),percent,2024,8.6,A,2026-09-12T14:25:17.692249+00:00
be:mun:53084,53084,Quévy,Quévy,Quévy,Wallonia,Hainaut,Arrondissement Bergen,ADMIN_UNEMPLOYMENT_RATE_COM,Administrative unemployment rate (15-64),percent,2024,7.7,A,2026-09-12T14:25:17.692249+00:00
be:mun:55004,55004,Braine-le-Comte,Braine-le-Comte,’s Gravenbrakel,Wallonia,Hainaut,Arrondissement Zinnik,ADMIN_UNEMPLOYMENT_RATE_COM,Administrative unemployment rate (15-64),percent,2024,9.6,A,2026-09-12T14:25:17.692249+00:00
be:mun:55035,55035,Le Roeulx,Le Roeulx,Le Roeulx,Wallonia,Hainaut,Arrondissement Zinnik,ADMIN_UNEMPLOYMENT_RATE_COM,Administrative unemployment rate (15-64),percent,2024,9.7,A,2026-09-12T14:25:17.692249+00:00
be:mun:55040,55040,Soignies,Soignies,Zinnik,Wallonia,Hainaut,Arrondissement Zinnik,ADMIN_UNEMPLOYMENT_RATE_COM,Administrative unemployment rate (15-64),percent,2024,10.5,A,2026-09-12T14:25:17.692249+00:00
be:mun:55050,55050,Ecaussinnes,Ecaussinnes,Ecaussinnes,Wallonia,Hainaut,Arrondissement Zinnik,ADMIN_UNEMPLOYMENT_RATE_COM,Administrative unemployment rate (15-64),percent,2024,8.6,A,2026-09-12T14:25:17.692249+00:00
be:mun:55085,55085,Seneffe,Seneffe,Seneffe,Wallonia,Hainaut,Arrondissement Zinnik,ADMIN_UNEMPLOYMENT_RATE_COM,Administrative unemployment rate (15-64),percent,2024,9.5,A,2026-09-12T14:25:17.692249+00:00
be:mun:55086,55086,Manage,Manage,Manage,Wallonia,Hainaut,Arrondissement Zinnik,ADMIN_UNEMPLOYMENT_RATE_COM,Administrative unemployment rate (15-64),percent,2024,16.2,A,2026-09-12T14:25:17.692249+00:00
be:mun:56001,56001,Anderlues,Anderlues,Anderlues,Wallonia,Hainaut,Arrondissement Thuin,ADMIN_UNEMPLOYMENT_RATE_COM,Administrative unemployment rate (15-64),percent,2024,13.9,A,2026-09-12T14:25:17.692249+00:00
be:mun:56005,56005,Beaumont,Beaumont,Beaumont,Wallonia,Hainaut,Arrondissement Thuin,ADMIN_UNEMPLOYMENT_RATE_COM,Administrative unemployment rate (15-64),percent,2024,11.0,A,2026-09-12T14:25:17.692249+00:00
be:mun:56016,56016,Chimay,Chimay,Chimay,Wallonia,Hainaut,Arrondissement Thuin,ADMIN_UNEMPLOYMENT_RATE_COM,Administrative unemployment rate (15-64),percent,2024,14.7,A,2026-09-12T14:25:17.692249+00:00
be:mun:56022,56022,Erquelinnes,Erquelinnes,Erquelinnes,Wallonia,Hainaut,Arrondissement Thuin,ADMIN_UNEMPLOYMENT_RATE_COM,Administrative unemployment rate (15-64),percent,2024,16.3,A,2026-09-12T14:25:17.692249+00:00
be:mun:56029,56029,Froidchapelle,Froidchapelle,Froidchapelle,Wallonia,Hainaut,Arrondissement Thuin,ADMIN_UNEMPLOYMENT_RATE_COM,Administrative unemployment rate (15-64),percent,2024,12.0,A,2026-09-12T14:25:17.692249+00:00
be:mun:56044,56044,Lobbes,Lobbes,Lobbes,Wallonia,Hainaut,Arrondissement Thuin,ADMIN_UNEMPLOYMENT_RATE_COM,Administrative unemployment rate (15-64),percent,2024,9.2,A,2026-09-12T14:25:17.692249+00:00
be:mun:56049,56049,Merbes-le-Château,Merbes-le-Château,Merbes-le-Château,Wallonia,Hainaut,Arrondissement Thuin,ADMIN_UNEMPLOYMENT_RATE_COM,Administrative unemployment rate (15-64),percent,2024,12.1,A,2026-09-12T14:25:17.692249+00:00
be:mun:56051,56051,Momignies,Momignies,Momignies,Wallonia,Hainaut,Arrondissement Thuin,ADMIN_UNEMPLOYMENT_RATE_COM,Administrative unemployment rate (15-64),percent,2024,13.7,A,2026-09-12T14:25:17.692249+00:00
be:mun:56078,56078,Thuin,Thuin,Thuin,Wallonia,Hainaut,Arrondissement Thuin,ADMIN_UNEMPLOYMENT_RATE_COM,Administrative unemployment rate (15-64),percent,2024,10.4,A,2026-09-12T14:25:17.692249+00:00
be:mun:56086,56086,Ham-sur-Heure-Nalinnes,Ham-sur-Heure-Nalinnes,Ham-sur-Heure-Nalinnes,Wallonia,Hainaut,Arrondissement Thuin,ADMIN_UNEMPLOYMENT_RATE_COM,Administrative unemployment rate (15-64),percent,2024,6.8,A,2026-09-12T14:25:17.692249+00:00
be:mun:56088,56088,Sivry-Rance,Sivry-Rance,Sivry-Rance,Wallonia,Hainaut,Arrondissement Thuin,ADMIN_UNEMPLOYMENT_RATE_COM,Administrative unemployment rate (15-64),percent,2024,9.8,A,2026-09-12T14:25:17.692249+00:00
be:mun:57003,57003,Antoing,Antoing,Antoing,Wallonia,Hainaut,Arrondissement Doornik-Moeskroen,ADMIN_UNEMPLOYMENT_RATE_COM,Administrative unemployment rate (15-64),percent,2024,10.0,A,2026-09-12T14:25:17.692249+00:00
be:mun:57018,57018,Celles,Celles,Celles,Wallonia,Hainaut,Arrondissement Doornik-Moeskroen,ADMIN_UNEMPLOYMENT_RATE_COM,Administrative unemployment rate (15-64),percent,2024,6.3,A,2026-09-12T14:25:17.692249+00:00
be:mun:57027,57027,Estaimpuis,Estaimpuis,Estaimpuis,Wallonia,Hainaut,Arrondissement Doornik-Moeskroen,ADMIN_UNEMPLOYMENT_RATE_COM,Administrative unemployment rate (15-64),percent,2024,7.7,A,2026-09-12T14:25:17.692249+00:00
be:mun:57062,57062,Pecq,Pecq,Pecq,Wallonia,Hainaut,Arrondissement Doornik-Moeskroen,ADMIN_UNEMPLOYMENT_RATE_COM,Administrative unemployment rate (15-64),percent,2024,7.8,A,2026-09-12T14:25:17.692249+00:00
be:mun:57064,57064,Péruwelz,Péruwelz,Péruwelz,Wallonia,Hainaut,Arrondissement Doornik-Moeskroen,ADMIN_UNEMPLOYMENT_RATE_COM,Administrative unemployment rate (15-64),percent,2024,10.9,A,2026-09-12T14:25:17.692249+00:00
be:mun:57072,57072,Rumes,Rumes,Rumes,Wallonia,Hainaut,Arrondissement Doornik-Moeskroen,ADMIN_UNEMPLOYMENT_RATE_COM,Administrative unemployment rate (15-64),percent,2024,5.9,A,2026-09-12T14:25:17.692249+00:00
be:mun:57081,57081,Tournai,Tournai,Doornik,Wallonia,Hainaut,Arrondissement Doornik-Moeskroen,ADMIN_UNEMPLOYMENT_RATE_COM,Administrative unemployment rate (15-64),percent,2024,13.0,A,2026-09-12T14:25:17.692249+00:00
be:mun:57093,57093,Brunehaut,Brunehaut,Brunehaut,Wallonia,Hainaut,Arrondissement Doornik-Moeskroen,ADMIN_UNEMPLOYMENT_RATE_COM,Administrative unemployment rate (15-64),percent,2024,6.3,A,2026-09-12T14:25:17.692249+00:00
be:mun:57094,57094,Leuze-en-Hainaut,Leuze-en-Hainaut,Leuze-en-Hainaut,Wallonia,Hainaut,Arrondissement Doornik-Moeskroen,ADMIN_UNEMPLOYMENT_RATE_COM,Administrative unemployment rate (15-64),percent,2024,9.8,A,2026-09-12T14:25:17.692249+00:00
be:mun:57095,57095,Mont-de-l’Enclus,Mont-de-l’Enclus,Mont-de-l’Enclus,Wallonia,Hainaut,Arrondissement Doornik-Moeskroen,ADMIN_UNEMPLOYMENT_RATE_COM,Administrative unemployment rate (15-64),percent,2024,4.5,A,2026-09-12T14:25:17.692249+00:00
be:mun:57096,57096,Mouscron,Mouscron,Moeskroen,Wallonia,Hainaut,Arrondissement Doornik-Moeskroen,ADMIN_UNEMPLOYMENT_RATE_COM,Administrative unemployment rate (15-64),percent,2024,12.4,A,2026-09-12T14:25:17.692249+00:00
be:mun:57097,57097,Comines-Warneton,Comines-Warneton,Komen-Waasten,Wallonia,Hainaut,Arrondissement Doornik-Moeskroen,ADMIN_UNEMPLOYMENT_RATE_COM,Administrative unemployment rate (15-64),percent,2024,9.7,A,2026-09-12T14:25:17.692249+00:00
be:mun:58001,58001,La Louvière,La Louvière,La Louvière,Wallonia,Hainaut,Arrondissement La Louvière,ADMIN_UNEMPLOYMENT_RATE_COM,Administrative unemployment rate (15-64),percent,2024,19.1,A,2026-09-12T14:25:17.692249+00:00
be:mun:58002,58002,Binche,Binche,Binche,Wallonia,Hainaut,Arrondissement La Louvière,ADMIN_UNEMPLOYMENT_RATE_COM,Administrative unemployment rate (15-64),percent,2024,13.7,A,2026-09-12T14:25:17.692249+00:00
be:mun:58003,58003,Estinnes,Estinnes,Estinnes,Wallonia,Hainaut,Arrondissement La Louvière,ADMIN_UNEMPLOYMENT_RATE_COM,Administrative unemployment rate (15-64),percent,2024,10.7,A,2026-09-12T14:25:17.692249+00:00
be:mun:58004,58004,Morlanwelz,Morlanwelz,Morlanwelz,Wallonia,Hainaut,Arrondissement La Louvière,ADMIN_UNEMPLOYMENT_RATE_COM,Administrative unemployment rate (15-64),percent,2024,14.0,A,2026-09-12T14:25:17.692249+00:00
be:mun:61003,61003,Amay,Amay,Amay,Wallonia,Liège,Arrondissement Hoei,ADMIN_UNEMPLOYMENT_RATE_COM,Administrative unemployment rate (15-64),percent,2024,12.2,A,2026-09-12T14:25:17.692249+00:00
be:mun:61010,61010,Burdinne,Burdinne,Burdinne,Wallonia,Liège,Arrondissement Hoei,ADMIN_UNEMPLOYMENT_RATE_COM,Administrative unemployment rate (15-64),percent,2024,6.1,A,2026-09-12T14:25:17.692249+00:00
be:mun:61012,61012,Clavier,Clavier,Clavier,Wallonia,Liège,Arrondissement Hoei,ADMIN_UNEMPLOYMENT_RATE_COM,Administrative unemployment rate (15-64),percent,2024,6.7,A,2026-09-12T14:25:17.692249+00:00
be:mun:61019,61019,Ferrières,Ferrières,Ferrières,Wallonia,Liège,Arrondissement Hoei,ADMIN_UNEMPLOYMENT_RATE_COM,Administrative unemployment rate (15-64),percent,2024,7.9,A,2026-09-12T14:25:17.692249+00:00
be:mun:61024,61024,Hamoir,Hamoir,Hamoir,Wallonia,Liège,Arrondissement Hoei,ADMIN_UNEMPLOYMENT_RATE_COM,Administrative unemployment rate (15-64),percent,2024,12.3,A,2026-09-12T14:25:17.692249+00:00
be:mun:61028,61028,Héron,Héron,Héron,Wallonia,Liège,Arrondissement Hoei,ADMIN_UNEMPLOYMENT_RATE_COM,Administrative unemployment rate (15-64),percent,2024,6.2,A,2026-09-12T14:25:17.692249+00:00
be:mun:61031,61031,Huy,Huy,Hoei,Wallonia,Liège,Arrondissement Hoei,ADMIN_UNEMPLOYMENT_RATE_COM,Administrative unemployment rate (15-64),percent,2024,17.5,A,2026-09-12T14:25:17.692249+00:00
be:mun:61039,61039,Marchin,Marchin,Marchin,Wallonia,Liège,Arrondissement Hoei,ADMIN_UNEMPLOYMENT_RATE_COM,Administrative unemployment rate (15-64),percent,2024,9.0,A,2026-09-12T14:25:17.692249+00:00
be:mun:61041,61041,Modave,Modave,Modave,Wallonia,Liège,Arrondissement Hoei,ADMIN_UNEMPLOYMENT_RATE_COM,Administrative unemployment rate (15-64),percent,2024,6.7,A,2026-09-12T14:25:17.692249+00:00
be:mun:61043,61043,Nandrin,Nandrin,Nandrin,Wallonia,Liège,Arrondissement Hoei,ADMIN_UNEMPLOYMENT_RATE_COM,Administrative unemployment rate (15-64),percent,2024,6.3,A,2026-09-12T14:25:17.692249+00:00
be:mun:61048,61048,Ouffet,Ouffet,Ouffet,Wallonia,Liège,Arrondissement Hoei,ADMIN_UNEMPLOYMENT_RATE_COM,Administrative unemployment rate (15-64),percent,2024,7.4,A,2026-09-12T14:25:17.692249+00:00
be:mun:61063,61063,Verlaine,Verlaine,Verlaine,Wallonia,Liège,Arrondissement Hoei,ADMIN_UNEMPLOYMENT_RATE_COM,Administrative unemployment rate (15-64),percent,2024,6.0,A,2026-09-12T14:25:17.692249+00:00
be:mun:61068,61068,Villers-Le-Bouillet,Villers-Le-Bouillet,Villers-Le-Bouillet,Wallonia,Liège,Arrondissement Hoei,ADMIN_UNEMPLOYMENT_RATE_COM,Administrative unemployment rate (15-64),percent,2024,7.7,A,2026-09-12T14:25:17.692249+00:00
be:mun:61072,61072,Wanze,Wanze,Wanze,Wallonia,Liège,Arrondissement Hoei,ADMIN_UNEMPLOYMENT_RATE_COM,Administrative unemployment rate (15-64),percent,2024,9.3,A,2026-09-12T14:25:17.692249+00:00
be:mun:61079,61079,Anthisnes,Anthisnes,Anthisnes,Wallonia,Liège,Arrondissement Hoei,ADMIN_UNEMPLOYMENT_RATE_COM,Administrative unemployment rate (15-64),percent,2024,7.5,A,2026-09-12T14:25:17.692249+00:00
be:mun:61080,61080,Engis,Engis,Engis,Wallonia,Liège,Arrondissement Hoei,ADMIN_UNEMPLOYMENT_RATE_COM,Administrative unemployment rate (15-64),percent,2024,14.1,A,2026-09-12T14:25:17.692249+00:00
be:mun:61081,61081,Tinlot,Tinlot,Tinlot,Wallonia,Liège,Arrondissement Hoei,ADMIN_UNEMPLOYMENT_RATE_COM,Administrative unemployment rate (15-64),percent,2024,6.3,A,2026-09-12T14:25:17.692249+00:00
be:mun:62003,62003,Ans,Ans,Ans,Wallonia,Liège,Arrondissement Luik,ADMIN_UNEMPLOYMENT_RATE_COM,Administrative unemployment rate (15-64),percent,2024,14.9,A,2026-09-12T14:25:17.692249+00:00
be:mun:62006,62006,Awans,Awans,Awans,Wallonia,Liège,Arrondissement Luik,ADMIN_UNEMPLOYMENT_RATE_COM,Administrative unemployment rate (15-64),percent,2024,8.7,A,2026-09-12T14:25:17.692249+00:00
be:mun:62009,62009,Aywaille,Aywaille,Aywaille,Wallonia,Liège,Arrondissement Luik,ADMIN_UNEMPLOYMENT_RATE_COM,Administrative unemployment rate (15-64),percent,2024,9.8,A,2026-09-12T14:25:17.692249+00:00
be:mun:62011,62011,Bassenge,Bassenge,Bitsingen,Wallonia,Liège,Arrondissement Luik,ADMIN_UNEMPLOYMENT_RATE_COM,Administrative unemployment rate (15-64),percent,2024,8.9,A,2026-09-12T14:25:17.692249+00:00
be:mun:62015,62015,Beyne-Heusay,Beyne-Heusay,Beyne-Heusay,Wallonia,Liège,Arrondissement Luik,ADMIN_UNEMPLOYMENT_RATE_COM,Administrative unemployment rate (15-64),percent,2024,12.7,A,2026-09-12T14:25:17.692249+00:00
be:mun:62022,62022,Chaudfontaine,Chaudfontaine,Chaudfontaine,Wallonia,Liège,Arrondissement Luik,ADMIN_UNEMPLOYMENT_RATE_COM,Administrative unemployment rate (15-64),percent,2024,9.5,A,2026-09-12T14:25:17.692249+00:00
be:mun:62026,62026,Comblain-au-Pont,Comblain-au-Pont,Comblain-au-Pont,Wallonia,Liège,Arrondissement Luik,ADMIN_UNEMPLOYMENT_RATE_COM,Administrative unemployment rate (15-64),percent,2024,12.0,A,2026-09-12T14:25:17.692249+00:00
be:mun:62027,62027,Dalhem,Dalhem,Dalhem,Wallonia,Liège,Arrondissement Luik,ADMIN_UNEMPLOYMENT_RATE_COM,Administrative unemployment rate (15-64),percent,2024,5.7,A,2026-09-12T14:25:17.692249+00:00
be:mun:62032,62032,Esneux,Esneux,Esneux,Wallonia,Liège,Arrondissement Luik,ADMIN_UNEMPLOYMENT_RATE_COM,Administrative unemployment rate (15-64),percent,2024,9.4,A,2026-09-12T14:25:17.692249+00:00
be:mun:62038,62038,Fléron,Fléron,Fléron,Wallonia,Liège,Arrondissement Luik,ADMIN_UNEMPLOYMENT_RATE_COM,Administrative unemployment rate (15-64),percent,2024,11.8,A,2026-09-12T14:25:17.692249+00:00
be:mun:62051,62051,Herstal,Herstal,Herstal,Wallonia,Liège,Arrondissement Luik,ADMIN_UNEMPLOYMENT_RATE_COM,Administrative unemployment rate (15-64),percent,2024,17.1,A,2026-09-12T14:25:17.692249+00:00
be:mun:62060,62060,Juprelle,Juprelle,Juprelle,Wallonia,Liège,Arrondissement Luik,ADMIN_UNEMPLOYMENT_RATE_COM,Administrative unemployment rate (15-64),percent,2024,7.3,A,2026-09-12T14:25:17.692249+00:00
be:mun:62063,62063,Liège,Liège,Luik,Wallonia,Liège,Arrondissement Luik,ADMIN_UNEMPLOYMENT_RATE_COM,Administrative unemployment rate (15-64),percent,2024,22.7,A,2026-09-12T14:25:17.692249+00:00
be:mun:62079,62079,Oupeye,Oupeye,Oupeye,Wallonia,Liège,Arrondissement Luik,ADMIN_UNEMPLOYMENT_RATE_COM,Administrative unemployment rate (15-64),percent,2024,12.1,A,2026-09-12T14:25:17.692249+00:00
be:mun:62093,62093,Saint-Nicolas,Saint-Nicolas,Saint-Nicolas,Wallonia,Liège,Arrondissement Luik,ADMIN_UNEMPLOYMENT_RATE_COM,Administrative unemployment rate (15-64),percent,2024,18.3,A,2026-09-12T14:25:17.692249+00:00
be:mun:62096,62096,Seraing,Seraing,Seraing,Wallonia,Liège,Arrondissement Luik,ADMIN_UNEMPLOYMENT_RATE_COM,Administrative unemployment rate (15-64),percent,2024,21.4,A,2026-09-12T14:25:17.692249+00:00
be:mun:62099,62099,Soumagne,Soumagne,Soumagne,Wallonia,Liège,Arrondissement Luik,ADMIN_UNEMPLOYMENT_RATE_COM,Administrative unemployment rate (15-64),percent,2024,9.1,A,2026-09-12T14:25:17.692249+00:00
be:mun:62100,62100,Sprimont,Sprimont,Sprimont,Wallonia,Liège,Arrondissement Luik,ADMIN_UNEMPLOYMENT_RATE_COM,Administrative unemployment rate (15-64),percent,2024,6.8,A,2026-09-12T14:25:17.692249+00:00
be:mun:62108,62108,Visé,Visé,Wezet,Wallonia,Liège,Arrondissement Luik,ADMIN_UNEMPLOYMENT_RATE_COM,Administrative unemployment rate (15-64),percent,2024,11.5,A,2026-09-12T14:25:17.692249+00:00
be:mun:62118,62118,Grâce-Hollogne,Grâce-Hollogne,Grâce-Hollogne,Wallonia,Liège,Arrondissement Luik,ADMIN_UNEMPLOYMENT_RATE_COM,Administrative unemployment rate (15-64),percent,2024,14.8,A,2026-09-12T14:25:17.692249+00:00
be:mun:62119,62119,Blegny,Blegny,Blegny,Wallonia,Liège,Arrondissement Luik,ADMIN_UNEMPLOYMENT_RATE_COM,Administrative unemployment rate (15-64),percent,2024,7.6,A,2026-09-12T14:25:17.692249+00:00
be:mun:62120,62120,Flémalle,Flémalle,Flémalle,Wallonia,Liège,Arrondissement Luik,ADMIN_UNEMPLOYMENT_RATE_COM,Administrative unemployment rate (15-64),percent,2024,14.5,A,2026-09-12T14:25:17.692249+00:00
be:mun:62121,62121,Neupré,Neupré,Neupré,Wallonia,Liège,Arrondissement Luik,ADMIN_UNEMPLOYMENT_RATE_COM,Administrative unemployment rate (15-64),percent,2024,7.3,A,2026-09-12T14:25:17.692249+00:00
be:mun:62122,62122,Trooz,Trooz,Trooz,Wallonia,Liège,Arrondissement Luik,ADMIN_UNEMPLOYMENT_RATE_COM,Administrative unemployment rate (15-64),percent,2024,11.5,A,2026-09-12T14:25:17.692249+00:00
be:mun:63001,63001,Amel,Amblève,Amel,Wallonia,Liège,Arrondissement Verviers,ADMIN_UNEMPLOYMENT_RATE_COM,Administrative unemployment rate (15-64),percent,2024,2.3,A,2026-09-12T14:25:17.692249+00:00
be:mun:63003,63003,Aubel,Aubel,Aubel,Wallonia,Liège,Arrondissement Verviers,ADMIN_UNEMPLOYMENT_RATE_COM,Administrative unemployment rate (15-64),percent,2024,7.4,A,2026-09-12T14:25:17.692249+00:00
be:mun:63004,63004,Baelen,Baelen,Baelen,Wallonia,Liège,Arrondissement Verviers,ADMIN_UNEMPLOYMENT_RATE_COM,Administrative unemployment rate (15-64),percent,2024,6.9,A,2026-09-12T14:25:17.692249+00:00
be:mun:63012,63012,Büllingen,Bullange,Büllingen,Wallonia,Liège,Arrondissement Verviers,ADMIN_UNEMPLOYMENT_RATE_COM,Administrative unemployment rate (15-64),percent,2024,2.5,A,2026-09-12T14:25:17.692249+00:00
be:mun:63013,63013,Bütgenbach,Butgenbach,Bütgenbach,Wallonia,Liège,Arrondissement Verviers,ADMIN_UNEMPLOYMENT_RATE_COM,Administrative unemployment rate (15-64),percent,2024,3.0,A,2026-09-12T14:25:17.692249+00:00
be:mun:63020,63020,Dison,Dison,Dison,Wallonia,Liège,Arrondissement Verviers,ADMIN_UNEMPLOYMENT_RATE_COM,Administrative unemployment rate (15-64),percent,2024,21.8,A,2026-09-12T14:25:17.692249+00:00
be:mun:63023,63023,Eupen,Eupen,Eupen,Wallonia,Liège,Arrondissement Verviers,ADMIN_UNEMPLOYMENT_RATE_COM,Administrative unemployment rate (15-64),percent,2024,10.6,A,2026-09-12T14:25:17.692249+00:00
be:mun:63035,63035,Herve,Herve,Herve,Wallonia,Liège,Arrondissement Verviers,ADMIN_UNEMPLOYMENT_RATE_COM,Administrative unemployment rate (15-64),percent,2024,7.6,A,2026-09-12T14:25:17.692249+00:00
be:mun:63038,63038,Jalhay,Jalhay,Jalhay,Wallonia,Liège,Arrondissement Verviers,ADMIN_UNEMPLOYMENT_RATE_COM,Administrative unemployment rate (15-64),percent,2024,5.5,A,2026-09-12T14:25:17.692249+00:00
be:mun:63040,63040,Kelmis,La Calamine,Kelmis,Wallonia,Liège,Arrondissement Verviers,ADMIN_UNEMPLOYMENT_RATE_COM,Administrative unemployment rate (15-64),percent,2024,8.9,A,2026-09-12T14:25:17.692249+00:00
be:mun:63045,63045,Lierneux,Lierneux,Lierneux,Wallonia,Liège,Arrondissement Verviers,ADMIN_UNEMPLOYMENT_RATE_COM,Administrative unemployment rate (15-64),percent,2024,7.0,A,2026-09-12T14:25:17.692249+00:00
be:mun:63046,63046,Limbourg,Limbourg,Limburg,Wallonia,Liège,Arrondissement Verviers,ADMIN_UNEMPLOYMENT_RATE_COM,Administrative unemployment rate (15-64),percent,2024,8.7,A,2026-09-12T14:25:17.692249+00:00
be:mun:63048,63048,Lontzen,Lontzen,Lontzen,Wallonia,Liège,Arrondissement Verviers,ADMIN_UNEMPLOYMENT_RATE_COM,Administrative unemployment rate (15-64),percent,2024,5.3,A,2026-09-12T14:25:17.692249+00:00
be:mun:63049,63049,Malmedy,Malmedy,Malmedy,Wallonia,Liège,Arrondissement Verviers,ADMIN_UNEMPLOYMENT_RATE_COM,Administrative unemployment rate (15-64),percent,2024,8.5,A,2026-09-12T14:25:17.692249+00:00
be:mun:63057,63057,Olne,Olne,Olne,Wallonia,Liège,Arrondissement Verviers,ADMIN_UNEMPLOYMENT_RATE_COM,Administrative unemployment rate (15-64),percent,2024,6.4,A,2026-09-12T14:25:17.692249+00:00
be:mun:63058,63058,Pepinster,Pepinster,Pepinster,Wallonia,Liège,Arrondissement Verviers,ADMIN_UNEMPLOYMENT_RATE_COM,Administrative unemployment rate (15-64),percent,2024,11.4,A,2026-09-12T14:25:17.692249+00:00
be:mun:63061,63061,Raeren,Raeren,Raeren,Wallonia,Liège,Arrondissement Verviers,ADMIN_UNEMPLOYMENT_RATE_COM,Administrative unemployment rate (15-64),percent,2024,4.3,A,2026-09-12T14:25:17.692249+00:00
be:mun:63067,63067,Sankt Vith,Saint-Vith,Sankt Vith,Wallonia,Liège,Arrondissement Verviers,ADMIN_UNEMPLOYMENT_RATE_COM,Administrative unemployment rate (15-64),percent,2024,3.8,A,2026-09-12T14:25:17.692249+00:00
be:mun:63072,63072,Spa,Spa,Spa,Wallonia,Liège,Arrondissement Verviers,ADMIN_UNEMPLOYMENT_RATE_COM,Administrative unemployment rate (15-64),percent,2024,12.6,A,2026-09-12T14:25:17.692249+00:00
be:mun:63073,63073,Stavelot,Stavelot,Stavelot,Wallonia,Liège,Arrondissement Verviers,ADMIN_UNEMPLOYMENT_RATE_COM,Administrative unemployment rate (15-64),percent,2024,9.1,A,2026-09-12T14:25:17.692249+00:00
be:mun:63075,63075,Stoumont,Stoumont,Stoumont,Wallonia,Liège,Arrondissement Verviers,ADMIN_UNEMPLOYMENT_RATE_COM,Administrative unemployment rate (15-64),percent,2024,7.1,A,2026-09-12T14:25:17.692249+00:00
be:mun:63076,63076,Theux,Theux,Theux,Wallonia,Liège,Arrondissement Verviers,ADMIN_UNEMPLOYMENT_RATE_COM,Administrative unemployment rate (15-64),percent,2024,6.5,A,2026-09-12T14:25:17.692249+00:00
be:mun:63079,63079,Verviers,Verviers,Verviers,Wallonia,Liège,Arrondissement Verviers,ADMIN_UNEMPLOYMENT_RATE_COM,Administrative unemployment rate (15-64),percent,2024,20.9,A,2026-09-12T14:25:17.692249+00:00
be:mun:63080,63080,Waimes,Waimes,Weismes,Wallonia,Liège,Arrondissement Verviers,ADMIN_UNEMPLOYMENT_RATE_COM,Administrative unemployment rate (15-64),percent,2024,5.9,A,2026-09-12T14:25:17.692249+00:00
be:mun:63084,63084,Welkenraedt,Welkenraedt,Welkenraedt,Wallonia,Liège,Arrondissement Verviers,ADMIN_UNEMPLOYMENT_RATE_COM,Administrative unemployment rate (15-64),percent,2024,8.1,A,2026-09-12T14:25:17.692249+00:00
be:mun:63086,63086,Trois-Ponts,Trois-Ponts,Trois-Ponts,Wallonia,Liège,Arrondissement Verviers,ADMIN_UNEMPLOYMENT_RATE_COM,Administrative unemployment rate (15-64),percent,2024,10.0,A,2026-09-12T14:25:17.692249+00:00
be:mun:63087,63087,Burg-Reuland,Burg-Reuland,Burg-Reuland,Wallonia,Liège,Arrondissement Verviers,ADMIN_UNEMPLOYMENT_RATE_COM,Administrative unemployment rate (15-64),percent,2024,2.4,A,2026-09-12T14:25:17.692249+00:00
be:mun:63088,63088,Plombières,Plombières,Plombières,Wallonia,Liège,Arrondissement Verviers,ADMIN_UNEMPLOYMENT_RATE_COM,Administrative unemployment rate (15-64),percent,2024,7.7,A,2026-09-12T14:25:17.692249+00:00
be:mun:63089,63089,Thimister-Clermont,Thimister-Clermont,Thimister-Clermont,Wallonia,Liège,Arrondissement Verviers,ADMIN_UNEMPLOYMENT_RATE_COM,Administrative unemployment rate (15-64),percent,2024,5.1,A,2026-09-12T14:25:17.692249+00:00
be:mun:64008,64008,Berloz,Berloz,Berloz,Wallonia,Liège,Arrondissement Borgworm,ADMIN_UNEMPLOYMENT_RATE_COM,Administrative unemployment rate (15-64),percent,2024,6.2,A,2026-09-12T14:25:17.692249+00:00
be:mun:64015,64015,Braives,Braives,Braives,Wallonia,Liège,Arrondissement Borgworm,ADMIN_UNEMPLOYMENT_RATE_COM,Administrative unemployment rate (15-64),percent,2024,5.9,A,2026-09-12T14:25:17.692249+00:00
be:mun:64021,64021,Crisnée,Crisnée,Crisnée,Wallonia,Liège,Arrondissement Borgworm,ADMIN_UNEMPLOYMENT_RATE_COM,Administrative unemployment rate (15-64),percent,2024,7.3,A,2026-09-12T14:25:17.692249+00:00
be:mun:64023,64023,Donceel,Donceel,Donceel,Wallonia,Liège,Arrondissement Borgworm,ADMIN_UNEMPLOYMENT_RATE_COM,Administrative unemployment rate (15-64),percent,2024,6.2,A,2026-09-12T14:25:17.692249+00:00
be:mun:64025,64025,Fexhe-le-Haut-Clocher,Fexhe-le-Haut-Clocher,Fexhe-le-Haut-Clocher,Wallonia,Liège,Arrondissement Borgworm,ADMIN_UNEMPLOYMENT_RATE_COM,Administrative unemployment rate (15-64),percent,2024,6.9,A,2026-09-12T14:25:17.692249+00:00
be:mun:64029,64029,Geer,Geer,Geer,Wallonia,Liège,Arrondissement Borgworm,ADMIN_UNEMPLOYMENT_RATE_COM,Administrative unemployment rate (15-64),percent,2024,6.3,A,2026-09-12T14:25:17.692249+00:00
be:mun:64034,64034,Hannut,Hannut,Hannuit,Wallonia,Liège,Arrondissement Borgworm,ADMIN_UNEMPLOYMENT_RATE_COM,Administrative unemployment rate (15-64),percent,2024,7.4,A,2026-09-12T14:25:17.692249+00:00
be:mun:64047,64047,Lincent,Lincent,Lijsem,Wallonia,Liège,Arrondissement Borgworm,ADMIN_UNEMPLOYMENT_RATE_COM,Administrative unemployment rate (15-64),percent,2024,6.4,A,2026-09-12T14:25:17.692249+00:00
be:mun:64056,64056,Oreye,Oreye,Oerle,Wallonia,Liège,Arrondissement Borgworm,ADMIN_UNEMPLOYMENT_RATE_COM,Administrative unemployment rate (15-64),percent,2024,7.9,A,2026-09-12T14:25:17.692249+00:00
be:mun:64063,64063,Remicourt,Remicourt,Remicourt,Wallonia,Liège,Arrondissement Borgworm,ADMIN_UNEMPLOYMENT_RATE_COM,Administrative unemployment rate (15-64),percent,2024,6.9,A,2026-09-12T14:25:17.692249+00:00
be:mun:64065,64065,Saint-Georges-sur-Meuse,Saint-Georges-sur-Meuse,Saint-Georges-sur-Meuse,Wallonia,Liège,Arrondissement Borgworm,ADMIN_UNEMPLOYMENT_RATE_COM,Administrative unemployment rate (15-64),percent,2024,10.0,A,2026-09-12T14:25:17.692249+00:00
be:mun:64074,64074,Waremme,Waremme,Borgworm,Wallonia,Liège,Arrondissement Borgworm,ADMIN_UNEMPLOYMENT_RATE_COM,Administrative unemployment rate (15-64),percent,2024,10.2,A,2026-09-12T14:25:17.692249+00:00
be:mun:64075,64075,Wasseiges,Wasseiges,Wasseiges,Wallonia,Liège,Arrondissement Borgworm,ADMIN_UNEMPLOYMENT_RATE_COM,Administrative unemployment rate (15-64),percent,2024,6.1,A,2026-09-12T14:25:17.692249+00:00
be:mun:64076,64076,Faimes,Faimes,Faimes,Wallonia,Liège,Arrondissement Borgworm,ADMIN_UNEMPLOYMENT_RATE_COM,Administrative unemployment rate (15-64),percent,2024,5.7,A,2026-09-12T14:25:17.692249+00:00
be:mun:71002,71002,As,As,As,Flanders,Limburg,Arrondissement Hasselt,ADMIN_UNEMPLOYMENT_RATE_COM,Administrative unemployment rate (15-64),percent,2024,4.3,A,2026-09-12T14:25:17.692249+00:00
be:mun:71004,71004,Beringen,Beringen,Beringen,Flanders,Limburg,Arrondissement Hasselt,ADMIN_UNEMPLOYMENT_RATE_COM,Administrative unemployment rate (15-64),percent,2024,4.9,A,2026-09-12T14:25:17.692249+00:00
be:mun:71011,71011,Diepenbeek,Diepenbeek,Diepenbeek,Flanders,Limburg,Arrondissement Hasselt,ADMIN_UNEMPLOYMENT_RATE_COM,Administrative unemployment rate (15-64),percent,2024,3.7,A,2026-09-12T14:25:17.692249+00:00
be:mun:71016,71016,Genk,Genk,Genk,Flanders,Limburg,Arrondissement Hasselt,ADMIN_UNEMPLOYMENT_RATE_COM,Administrative unemployment rate (15-64),percent,2024,7.2,A,2026-09-12T14:25:17.692249+00:00
be:mun:71017,71017,Gingelom,Gingelom,Gingelom,Flanders,Limburg,Arrondissement Hasselt,ADMIN_UNEMPLOYMENT_RATE_COM,Administrative unemployment rate (15-64),percent,2024,3.8,A,2026-09-12T14:25:17.692249+00:00
be:mun:71020,71020,Halen,Halen,Halen,Flanders,Limburg,Arrondissement Hasselt,ADMIN_UNEMPLOYMENT_RATE_COM,Administrative unemployment rate (15-64),percent,2024,3.6,A,2026-09-12T14:25:17.692249+00:00
be:mun:71024,71024,Herk-de-Stad,Herck-la-Ville,Herk-de-Stad,Flanders,Limburg,Arrondissement Hasselt,ADMIN_UNEMPLOYMENT_RATE_COM,Administrative unemployment rate (15-64),percent,2024,3.6,A,2026-09-12T14:25:17.692249+00:00
be:mun:71034,71034,Leopoldsburg,Bourg-Léopold,Leopoldsburg,Flanders,Limburg,Arrondissement Hasselt,ADMIN_UNEMPLOYMENT_RATE_COM,Administrative unemployment rate (15-64),percent,2024,5.0,A,2026-09-12T14:25:17.692249+00:00
be:mun:71037,71037,Lummen,Lummen,Lummen,Flanders,Limburg,Arrondissement Hasselt,ADMIN_UNEMPLOYMENT_RATE_COM,Administrative unemployment rate (15-64),percent,2024,3.4,A,2026-09-12T14:25:17.692249+00:00
be:mun:71045,71045,Nieuwerkerken,Nieuwerkerken,Nieuwerkerken,Flanders,Limburg,Arrondissement Hasselt,ADMIN_UNEMPLOYMENT_RATE_COM,Administrative unemployment rate (15-64),percent,2024,3.1,A,2026-09-12T14:25:17.692249+00:00
be:mun:71053,71053,Sint-Truiden,Saint-Trond,Sint-Truiden,Flanders,Limburg,Arrondissement Hasselt,ADMIN_UNEMPLOYMENT_RATE_COM,Administrative unemployment rate (15-64),percent,2024,5.9,A,2026-09-12T14:25:17.692249+00:00
be:mun:71066,71066,Zonhoven,Zonhoven,Zonhoven,Flanders,Limburg,Arrondissement Hasselt,ADMIN_UNEMPLOYMENT_RATE_COM,Administrative unemployment rate (15-64),percent,2024,3.5,A,2026-09-12T14:25:17.692249+00:00
be:mun:71067,71067,Zutendaal,Zutendaal,Zutendaal,Flanders,Limburg,Arrondissement Hasselt,ADMIN_UNEMPLOYMENT_RATE_COM,Administrative unemployment rate (15-64),percent,2024,3.8,A,2026-09-12T14:25:17.692249+00:00
be:mun:71070,71070,Heusden-Zolder,Heusden-Zolder,Heusden-Zolder,Flanders,Limburg,Arrondissement Hasselt,ADMIN_UNEMPLOYMENT_RATE_COM,Administrative unemployment rate (15-64),percent,2024,5.5,A,2026-09-12T14:25:17.692249+00:00
be:mun:71071,71071,Tessenderlo-Ham,Tessenderlo-Ham,Tessenderlo-Ham,Flanders,Limburg,Arrondissement Hasselt,ADMIN_UNEMPLOYMENT_RATE_COM,Administrative unemployment rate (15-64),percent,2024,3.5,A,2026-09-12T14:25:17.692249+00:00
be:mun:71072,71072,Hasselt,Hasselt,Hasselt,Flanders,Limburg,Arrondissement Hasselt,ADMIN_UNEMPLOYMENT_RATE_COM,Administrative unemployment rate (15-64),percent,2024,5.7,A,2026-09-12T14:25:17.692249+00:00
be:mun:72003,72003,Bocholt,Bocholt,Bocholt,Flanders,Limburg,Arrondissement Maaseik,ADMIN_UNEMPLOYMENT_RATE_COM,Administrative unemployment rate (15-64),percent,2024,3.2,A,2026-09-12T14:25:17.692249+00:00
be:mun:72004,72004,Bree,Bree,Bree,Flanders,Limburg,Arrondissement Maaseik,ADMIN_UNEMPLOYMENT_RATE_COM,Administrative unemployment rate (15-64),percent,2024,3.5,A,2026-09-12T14:25:17.692249+00:00
be:mun:72018,72018,Kinrooi,Kinrooi,Kinrooi,Flanders,Limburg,Arrondissement Maaseik,ADMIN_UNEMPLOYMENT_RATE_COM,Administrative unemployment rate (15-64),percent,2024,3.4,A,2026-09-12T14:25:17.692249+00:00
be:mun:72020,72020,Lommel,Lommel,Lommel,Flanders,Limburg,Arrondissement Maaseik,ADMIN_UNEMPLOYMENT_RATE_COM,Administrative unemployment rate (15-64),percent,2024,3.8,A,2026-09-12T14:25:17.692249+00:00
be:mun:72021,72021,Maaseik,Maaseik,Maaseik,Flanders,Limburg,Arrondissement Maaseik,ADMIN_UNEMPLOYMENT_RATE_COM,Administrative unemployment rate (15-64),percent,2024,4.3,A,2026-09-12T14:25:17.692249+00:00
be:mun:72030,72030,Peer,Peer,Peer,Flanders,Limburg,Arrondissement Maaseik,ADMIN_UNEMPLOYMENT_RATE_COM,Administrative unemployment rate (15-64),percent,2024,3.2,A,2026-09-12T14:25:17.692249+00:00
be:mun:72037,72037,Hamont-Achel,Hamont-Achel,Hamont-Achel,Flanders,Limburg,Arrondissement Maaseik,ADMIN_UNEMPLOYMENT_RATE_COM,Administrative unemployment rate (15-64),percent,2024,3.6,A,2026-09-12T14:25:17.692249+00:00
be:mun:72038,72038,Hechtel-Eksel,Hechtel-Eksel,Hechtel-Eksel,Flanders,Limburg,Arrondissement Maaseik,ADMIN_UNEMPLOYMENT_RATE_COM,Administrative unemployment rate (15-64),percent,2024,3.7,A,2026-09-12T14:25:17.692249+00:00
be:mun:72039,72039,Houthalen-Helchteren,Houthalen-Helchteren,Houthalen-Helchteren,Flanders,Limburg,Arrondissement Maaseik,ADMIN_UNEMPLOYMENT_RATE_COM,Administrative unemployment rate (15-64),percent,2024,5.6,A,2026-09-12T14:25:17.692249+00:00
be:mun:72041,72041,Dilsen-Stokkem,Dilsen-Stokkem,Dilsen-Stokkem,Flanders,Limburg,Arrondissement Maaseik,ADMIN_UNEMPLOYMENT_RATE_COM,Administrative unemployment rate (15-64),percent,2024,5.4,A,2026-09-12T14:25:17.692249+00:00
be:mun:72042,72042,Oudsbergen,Oudsbergen,Oudsbergen,Flanders,Limburg,Arrondissement Maaseik,ADMIN_UNEMPLOYMENT_RATE_COM,Administrative unemployment rate (15-64),percent,2024,3.1,A,2026-09-12T14:25:17.692249+00:00
be:mun:72043,72043,Pelt,Pelt,Pelt,Flanders,Limburg,Arrondissement Maaseik,ADMIN_UNEMPLOYMENT_RATE_COM,Administrative unemployment rate (15-64),percent,2024,4.0,A,2026-09-12T14:25:17.692249+00:00
be:mun:73001,73001,Alken,Alken,Alken,Flanders,Limburg,Arrondissement Tongeren,ADMIN_UNEMPLOYMENT_RATE_COM,Administrative unemployment rate (15-64),percent,2024,3.3,A,2026-09-12T14:25:17.692249+00:00
be:mun:73022,73022,Heers,Heers,Heers,Flanders,Limburg,Arrondissement Tongeren,ADMIN_UNEMPLOYMENT_RATE_COM,Administrative unemployment rate (15-64),percent,2024,3.6,A,2026-09-12T14:25:17.692249+00:00
be:mun:73028,73028,Herstappe,Herstappe,Herstappe,Flanders,Limburg,Arrondissement Tongeren,ADMIN_UNEMPLOYMENT_RATE_COM,Administrative unemployment rate (15-64),percent,2024,,S,2026-09-12T14:25:17.692249+00:00
be:mun:73042,73042,Lanaken,Lanaken,Lanaken,Flanders,Limburg,Arrondissement Tongeren,ADMIN_UNEMPLOYMENT_RATE_COM,Administrative unemployment rate (15-64),percent,2024,4.7,A,2026-09-12T14:25:17.692249+00:00
be:mun:73066,73066,Riemst,Riemst,Riemst,Flanders,Limburg,Arrondissement Tongeren,ADMIN_UNEMPLOYMENT_RATE_COM,Administrative unemployment rate (15-64),percent,2024,3.6,A,2026-09-12T14:25:17.692249+00:00
be:mun:73098,73098,Wellen,Wellen,Wellen,Flanders,Limburg,Arrondissement Tongeren,ADMIN_UNEMPLOYMENT_RATE_COM,Administrative unemployment rate (15-64),percent,2024,3.2,A,2026-09-12T14:25:17.692249+00:00
be:mun:73107,73107,Maasmechelen,Maasmechelen,Maasmechelen,Flanders,Limburg,Arrondissement Tongeren,ADMIN_UNEMPLOYMENT_RATE_COM,Administrative unemployment rate (15-64),percent,2024,6.6,A,2026-09-12T14:25:17.692249+00:00
be:mun:73109,73109,Voeren,Fourons,Voeren,Flanders,Limburg,Arrondissement Tongeren,ADMIN_UNEMPLOYMENT_RATE_COM,Administrative unemployment rate (15-64),percent,2024,3.5,A,2026-09-12T14:25:17.692249+00:00
be:mun:73110,73110,Bilzen-Hoeselt,Bilzen-Hoeselt,Bilzen-Hoeselt,Flanders,Limburg,Arrondissement Tongeren,ADMIN_UNEMPLOYMENT_RATE_COM,Administrative unemployment rate (15-64),percent,2024,4.2,A,2026-09-12T14:25:17.692249+00:00
be:mun:73111,73111,Tongeren-Borgloon,Tongres-Looz,Tongeren-Borgloon,Flanders,Limburg,Arrondissement Tongeren,ADMIN_UNEMPLOYMENT_RATE_COM,Administrative unemployment rate (15-64),percent,2024,5.6,A,2026-09-12T14:25:17.692249+00:00
be:mun:81001,81001,Arlon,Arlon,Aarlen,Wallonia,Luxembourg,Arrondissement Aarlen,ADMIN_UNEMPLOYMENT_RATE_COM,Administrative unemployment rate (15-64),percent,2024,10.2,A,2026-09-12T14:25:17.692249+00:00
be:mun:81003,81003,Attert,Attert,Attert,Wallonia,Luxembourg,Arrondissement Aarlen,ADMIN_UNEMPLOYMENT_RATE_COM,Administrative unemployment rate (15-64),percent,2024,5.2,A,2026-09-12T14:25:17.692249+00:00
be:mun:81004,81004,Aubange,Aubange,Aubange,Wallonia,Luxembourg,Arrondissement Aarlen,ADMIN_UNEMPLOYMENT_RATE_COM,Administrative unemployment rate (15-64),percent,2024,10.4,A,2026-09-12T14:25:17.692249+00:00
be:mun:81013,81013,Martelange,Martelange,Martelange,Wallonia,Luxembourg,Arrondissement Aarlen,ADMIN_UNEMPLOYMENT_RATE_COM,Administrative unemployment rate (15-64),percent,2024,10.2,A,2026-09-12T14:25:17.692249+00:00
be:mun:81015,81015,Messancy,Messancy,Messancy,Wallonia,Luxembourg,Arrondissement Aarlen,ADMIN_UNEMPLOYMENT_RATE_COM,Administrative unemployment rate (15-64),percent,2024,7.3,A,2026-09-12T14:25:17.692249+00:00
be:mun:82009,82009,Fauvillers,Fauvillers,Fauvillers,Wallonia,Luxembourg,Arrondissement Bastenaken,ADMIN_UNEMPLOYMENT_RATE_COM,Administrative unemployment rate (15-64),percent,2024,6.5,A,2026-09-12T14:25:17.692249+00:00
be:mun:82014,82014,Houffalize,Houffalize,Houffalize,Wallonia,Luxembourg,Arrondissement Bastenaken,ADMIN_UNEMPLOYMENT_RATE_COM,Administrative unemployment rate (15-64),percent,2024,8.1,A,2026-09-12T14:25:17.692249+00:00
be:mun:82032,82032,Vielsalm,Vielsalm,Vielsalm,Wallonia,Luxembourg,Arrondissement Bastenaken,ADMIN_UNEMPLOYMENT_RATE_COM,Administrative unemployment rate (15-64),percent,2024,10.2,A,2026-09-12T14:25:17.692249+00:00
be:mun:82036,82036,Vaux-sur-Sûre,Vaux-sur-Sûre,Vaux-sur-Sûre,Wallonia,Luxembourg,Arrondissement Bastenaken,ADMIN_UNEMPLOYMENT_RATE_COM,Administrative unemployment rate (15-64),percent,2024,4.7,A,2026-09-12T14:25:17.692249+00:00
be:mun:82037,82037,Gouvy,Gouvy,Gouvy,Wallonia,Luxembourg,Arrondissement Bastenaken,ADMIN_UNEMPLOYMENT_RATE_COM,Administrative unemployment rate (15-64),percent,2024,7.7,A,2026-09-12T14:25:17.692249+00:00
be:mun:82038,82038,Sainte-Ode,Sainte-Ode,Sainte-Ode,Wallonia,Luxembourg,Arrondissement Bastenaken,ADMIN_UNEMPLOYMENT_RATE_COM,Administrative unemployment rate (15-64),percent,2024,7.9,A,2026-09-12T14:25:17.692249+00:00
be:mun:82039,82039,Bastogne,Bastogne,Bastenaken,Wallonia,Luxembourg,Arrondissement Bastenaken,ADMIN_UNEMPLOYMENT_RATE_COM,Administrative unemployment rate (15-64),percent,2024,8.1,A,2026-09-12T14:25:17.692249+00:00
be:mun:83012,83012,Durbuy,Durbuy,Durbuy,Wallonia,Luxembourg,Arrondissement Marche-en-Famenne,ADMIN_UNEMPLOYMENT_RATE_COM,Administrative unemployment rate (15-64),percent,2024,10.5,A,2026-09-12T14:25:17.692249+00:00
be:mun:83013,83013,Erezée,Erezée,Erezée,Wallonia,Luxembourg,Arrondissement Marche-en-Famenne,ADMIN_UNEMPLOYMENT_RATE_COM,Administrative unemployment rate (15-64),percent,2024,9.3,A,2026-09-12T14:25:17.692249+00:00
be:mun:83028,83028,Hotton,Hotton,Hotton,Wallonia,Luxembourg,Arrondissement Marche-en-Famenne,ADMIN_UNEMPLOYMENT_RATE_COM,Administrative unemployment rate (15-64),percent,2024,9.0,A,2026-09-12T14:25:17.692249+00:00
be:mun:83031,83031,La Roche-en-Ardenne,La Roche-en-Ardenne,La Roche-en-Ardenne,Wallonia,Luxembourg,Arrondissement Marche-en-Famenne,ADMIN_UNEMPLOYMENT_RATE_COM,Administrative unemployment rate (15-64),percent,2024,9.1,A,2026-09-12T14:25:17.692249+00:00
be:mun:83034,83034,Marche-en-Famenne,Marche-en-Famenne,Marche-en-Famenne,Wallonia,Luxembourg,Arrondissement Marche-en-Famenne,ADMIN_UNEMPLOYMENT_RATE_COM,Administrative unemployment rate (15-64),percent,2024,10.4,A,2026-09-12T14:25:17.692249+00:00
be:mun:83040,83040,Nassogne,Nassogne,Nassogne,Wallonia,Luxembourg,Arrondissement Marche-en-Famenne,ADMIN_UNEMPLOYMENT_RATE_COM,Administrative unemployment rate (15-64),percent,2024,8.5,A,2026-09-12T14:25:17.692249+00:00
be:mun:83044,83044,Rendeux,Rendeux,Rendeux,Wallonia,Luxembourg,Arrondissement Marche-en-Famenne,ADMIN_UNEMPLOYMENT_RATE_COM,Administrative unemployment rate (15-64),percent,2024,7.6,A,2026-09-12T14:25:17.692249+00:00
be:mun:83049,83049,Tenneville,Tenneville,Tenneville,Wallonia,Luxembourg,Arrondissement Marche-en-Famenne,ADMIN_UNEMPLOYMENT_RATE_COM,Administrative unemployment rate (15-64),percent,2024,6.0,A,2026-09-12T14:25:17.692249+00:00
be:mun:83055,83055,Manhay,Manhay,Manhay,Wallonia,Luxembourg,Arrondissement Marche-en-Famenne,ADMIN_UNEMPLOYMENT_RATE_COM,Administrative unemployment rate (15-64),percent,2024,6.1,A,2026-09-12T14:25:17.692249+00:00
be:mun:84009,84009,Bertrix,Bertrix,Bertrix,Wallonia,Luxembourg,Arrondissement Neufchâteau,ADMIN_UNEMPLOYMENT_RATE_COM,Administrative unemployment rate (15-64),percent,2024,9.7,A,2026-09-12T14:25:17.692249+00:00
be:mun:84010,84010,Bouillon,Bouillon,Bouillon,Wallonia,Luxembourg,Arrondissement Neufchâteau,ADMIN_UNEMPLOYMENT_RATE_COM,Administrative unemployment rate (15-64),percent,2024,13.4,A,2026-09-12T14:25:17.692249+00:00
be:mun:84016,84016,Daverdisse,Daverdisse,Daverdisse,Wallonia,Luxembourg,Arrondissement Neufchâteau,ADMIN_UNEMPLOYMENT_RATE_COM,Administrative unemployment rate (15-64),percent,2024,9.7,A,2026-09-12T14:25:17.692249+00:00
be:mun:84029,84029,Herbeumont,Herbeumont,Herbeumont,Wallonia,Luxembourg,Arrondissement Neufchâteau,ADMIN_UNEMPLOYMENT_RATE_COM,Administrative unemployment rate (15-64),percent,2024,11.0,A,2026-09-12T14:25:17.692249+00:00
be:mun:84033,84033,Léglise,Léglise,Léglise,Wallonia,Luxembourg,Arrondissement Neufchâteau,ADMIN_UNEMPLOYMENT_RATE_COM,Administrative unemployment rate (15-64),percent,2024,5.0,A,2026-09-12T14:25:17.692249+00:00
be:mun:84035,84035,Libin,Libin,Libin,Wallonia,Luxembourg,Arrondissement Neufchâteau,ADMIN_UNEMPLOYMENT_RATE_COM,Administrative unemployment rate (15-64),percent,2024,5.6,A,2026-09-12T14:25:17.692249+00:00
be:mun:84043,84043,Neufchâteau,Neufchâteau,Neufchâteau,Wallonia,Luxembourg,Arrondissement Neufchâteau,ADMIN_UNEMPLOYMENT_RATE_COM,Administrative unemployment rate (15-64),percent,2024,7.4,A,2026-09-12T14:25:17.692249+00:00
be:mun:84050,84050,Paliseul,Paliseul,Paliseul,Wallonia,Luxembourg,Arrondissement Neufchâteau,ADMIN_UNEMPLOYMENT_RATE_COM,Administrative unemployment rate (15-64),percent,2024,7.8,A,2026-09-12T14:25:17.692249+00:00
be:mun:84059,84059,Saint-Hubert,Saint-Hubert,Saint-Hubert,Wallonia,Luxembourg,Arrondissement Neufchâteau,ADMIN_UNEMPLOYMENT_RATE_COM,Administrative unemployment rate (15-64),percent,2024,9.0,A,2026-09-12T14:25:17.692249+00:00
be:mun:84068,84068,Tellin,Tellin,Tellin,Wallonia,Luxembourg,Arrondissement Neufchâteau,ADMIN_UNEMPLOYMENT_RATE_COM,Administrative unemployment rate (15-64),percent,2024,8.3,A,2026-09-12T14:25:17.692249+00:00
be:mun:84075,84075,Wellin,Wellin,Wellin,Wallonia,Luxembourg,Arrondissement Neufchâteau,ADMIN_UNEMPLOYMENT_RATE_COM,Administrative unemployment rate (15-64),percent,2024,6.8,A,2026-09-12T14:25:17.692249+00:00
be:mun:84077,84077,Libramont-Chevigny,Libramont-Chevigny,Libramont-Chevigny,Wallonia,Luxembourg,Arrondissement Neufchâteau,ADMIN_UNEMPLOYMENT_RATE_COM,Administrative unemployment rate (15-64),percent,2024,7.2,A,2026-09-12T14:25:17.692249+00:00
be:mun:85007,85007,Chiny,Chiny,Chiny,Wallonia,Luxembourg,Arrondissement Virton,ADMIN_UNEMPLOYMENT_RATE_COM,Administrative unemployment rate (15-64),percent,2024,8.0,A,2026-09-12T14:25:17.692249+00:00
be:mun:85009,85009,Etalle,Etalle,Etalle,Wallonia,Luxembourg,Arrondissement Virton,ADMIN_UNEMPLOYMENT_RATE_COM,Administrative unemployment rate (15-64),percent,2024,6.2,A,2026-09-12T14:25:17.692249+00:00
be:mun:85011,85011,Florenville,Florenville,Florenville,Wallonia,Luxembourg,Arrondissement Virton,ADMIN_UNEMPLOYMENT_RATE_COM,Administrative unemployment rate (15-64),percent,2024,12.3,A,2026-09-12T14:25:17.692249+00:00
be:mun:85024,85024,Meix-devant-Virton,Meix-devant-Virton,Meix-devant-Virton,Wallonia,Luxembourg,Arrondissement Virton,ADMIN_UNEMPLOYMENT_RATE_COM,Administrative unemployment rate (15-64),percent,2024,7.0,A,2026-09-12T14:25:17.692249+00:00
be:mun:85026,85026,Musson,Musson,Musson,Wallonia,Luxembourg,Arrondissement Virton,ADMIN_UNEMPLOYMENT_RATE_COM,Administrative unemployment rate (15-64),percent,2024,7.6,A,2026-09-12T14:25:17.692249+00:00
be:mun:85034,85034,Saint-Léger,Saint-Léger,Saint-Léger,Wallonia,Luxembourg,Arrondissement Virton,ADMIN_UNEMPLOYMENT_RATE_COM,Administrative unemployment rate (15-64),percent,2024,6.3,A,2026-09-12T14:25:17.692249+00:00
be:mun:85039,85039,Tintigny,Tintigny,Tintigny,Wallonia,Luxembourg,Arrondissement Virton,ADMIN_UNEMPLOYMENT_RATE_COM,Administrative unemployment rate (15-64),percent,2024,6.4,A,2026-09-12T14:25:17.692249+00:00
be:mun:85045,85045,Virton,Virton,Virton,Wallonia,Luxembourg,Arrondissement Virton,ADMIN_UNEMPLOYMENT_RATE_COM,Administrative unemployment rate (15-64),percent,2024,11.2,A,2026-09-12T14:25:17.692249+00:00
be:mun:85046,85046,Habay,Habay,Habay,Wallonia,Luxembourg,Arrondissement Virton,ADMIN_UNEMPLOYMENT_RATE_COM,Administrative unemployment rate (15-64),percent,2024,7.0,A,2026-09-12T14:25:17.692249+00:00
be:mun:85047,85047,Rouvroy,Rouvroy,Rouvroy,Wallonia,Luxembourg,Arrondissement Virton,ADMIN_UNEMPLOYMENT_RATE_COM,Administrative unemployment rate (15-64),percent,2024,10.0,A,2026-09-12T14:25:17.692249+00:00
be:mun:91005,91005,Anhée,Anhée,Anhée,Wallonia,Namur,Arrondissement Dinant,ADMIN_UNEMPLOYMENT_RATE_COM,Administrative unemployment rate (15-64),percent,2024,8.1,A,2026-09-12T14:25:17.692249+00:00
be:mun:91013,91013,Beauraing,Beauraing,Beauraing,Wallonia,Namur,Arrondissement Dinant,ADMIN_UNEMPLOYMENT_RATE_COM,Administrative unemployment rate (15-64),percent,2024,11.2,A,2026-09-12T14:25:17.692249+00:00
be:mun:91015,91015,Bièvre,Bièvre,Bièvre,Wallonia,Namur,Arrondissement Dinant,ADMIN_UNEMPLOYMENT_RATE_COM,Administrative unemployment rate (15-64),percent,2024,8.9,A,2026-09-12T14:25:17.692249+00:00
be:mun:91030,91030,Ciney,Ciney,Ciney,Wallonia,Namur,Arrondissement Dinant,ADMIN_UNEMPLOYMENT_RATE_COM,Administrative unemployment rate (15-64),percent,2024,9.4,A,2026-09-12T14:25:17.692249+00:00
be:mun:91034,91034,Dinant,Dinant,Dinant,Wallonia,Namur,Arrondissement Dinant,ADMIN_UNEMPLOYMENT_RATE_COM,Administrative unemployment rate (15-64),percent,2024,15.5,A,2026-09-12T14:25:17.692249+00:00
be:mun:91054,91054,Gedinne,Gedinne,Gedinne,Wallonia,Namur,Arrondissement Dinant,ADMIN_UNEMPLOYMENT_RATE_COM,Administrative unemployment rate (15-64),percent,2024,10.2,A,2026-09-12T14:25:17.692249+00:00
be:mun:91059,91059,Hamois,Hamois,Hamois,Wallonia,Namur,Arrondissement Dinant,ADMIN_UNEMPLOYMENT_RATE_COM,Administrative unemployment rate (15-64),percent,2024,6.1,A,2026-09-12T14:25:17.692249+00:00
be:mun:91064,91064,Havelange,Havelange,Havelange,Wallonia,Namur,Arrondissement Dinant,ADMIN_UNEMPLOYMENT_RATE_COM,Administrative unemployment rate (15-64),percent,2024,7.7,A,2026-09-12T14:25:17.692249+00:00
be:mun:91072,91072,Houyet,Houyet,Houyet,Wallonia,Namur,Arrondissement Dinant,ADMIN_UNEMPLOYMENT_RATE_COM,Administrative unemployment rate (15-64),percent,2024,9.9,A,2026-09-12T14:25:17.692249+00:00
be:mun:91103,91103,Onhaye,Onhaye,Onhaye,Wallonia,Namur,Arrondissement Dinant,ADMIN_UNEMPLOYMENT_RATE_COM,Administrative unemployment rate (15-64),percent,2024,8.9,A,2026-09-12T14:25:17.692249+00:00
be:mun:91114,91114,Rochefort,Rochefort,Rochefort,Wallonia,Namur,Arrondissement Dinant,ADMIN_UNEMPLOYMENT_RATE_COM,Administrative unemployment rate (15-64),percent,2024,10.8,A,2026-09-12T14:25:17.692249+00:00
be:mun:91120,91120,Somme-Leuze,Somme-Leuze,Somme-Leuze,Wallonia,Namur,Arrondissement Dinant,ADMIN_UNEMPLOYMENT_RATE_COM,Administrative unemployment rate (15-64),percent,2024,6.9,A,2026-09-12T14:25:17.692249+00:00
be:mun:91141,91141,Yvoir,Yvoir,Yvoir,Wallonia,Namur,Arrondissement Dinant,ADMIN_UNEMPLOYMENT_RATE_COM,Administrative unemployment rate (15-64),percent,2024,7.9,A,2026-09-12T14:25:17.692249+00:00
be:mun:91142,91142,Hastière,Hastière,Hastière,Wallonia,Namur,Arrondissement Dinant,ADMIN_UNEMPLOYMENT_RATE_COM,Administrative unemployment rate (15-64),percent,2024,16.4,A,2026-09-12T14:25:17.692249+00:00
be:mun:91143,91143,Vresse-sur-Semois,Vresse-sur-Semois,Vresse-sur-Semois,Wallonia,Namur,Arrondissement Dinant,ADMIN_UNEMPLOYMENT_RATE_COM,Administrative unemployment rate (15-64),percent,2024,11.3,A,2026-09-12T14:25:17.692249+00:00
be:mun:92003,92003,Andenne,Andenne,Andenne,Wallonia,Namur,Arrondissement Namen,ADMIN_UNEMPLOYMENT_RATE_COM,Administrative unemployment rate (15-64),percent,2024,10.9,A,2026-09-12T14:25:17.692249+00:00
be:mun:92006,92006,Assesse,Assesse,Assesse,Wallonia,Namur,Arrondissement Namen,ADMIN_UNEMPLOYMENT_RATE_COM,Administrative unemployment rate (15-64),percent,2024,5.5,A,2026-09-12T14:25:17.692249+00:00
be:mun:92035,92035,Eghezée,Eghezée,Eghezée,Wallonia,Namur,Arrondissement Namen,ADMIN_UNEMPLOYMENT_RATE_COM,Administrative unemployment rate (15-64),percent,2024,6.1,A,2026-09-12T14:25:17.692249+00:00
be:mun:92045,92045,Floreffe,Floreffe,Floreffe,Wallonia,Namur,Arrondissement Namen,ADMIN_UNEMPLOYMENT_RATE_COM,Administrative unemployment rate (15-64),percent,2024,7.0,A,2026-09-12T14:25:17.692249+00:00
be:mun:92048,92048,Fosses-la-Ville,Fosses-la-Ville,Fosses-la-Ville,Wallonia,Namur,Arrondissement Namen,ADMIN_UNEMPLOYMENT_RATE_COM,Administrative unemployment rate (15-64),percent,2024,9.2,A,2026-09-12T14:25:17.692249+00:00
be:mun:92054,92054,Gesves,Gesves,Gesves,Wallonia,Namur,Arrondissement Namen,ADMIN_UNEMPLOYMENT_RATE_COM,Administrative unemployment rate (15-64),percent,2024,6.8,A,2026-09-12T14:25:17.692249+00:00
be:mun:92087,92087,Mettet,Mettet,Mettet,Wallonia,Namur,Arrondissement Namen,ADMIN_UNEMPLOYMENT_RATE_COM,Administrative unemployment rate (15-64),percent,2024,8.1,A,2026-09-12T14:25:17.692249+00:00
be:mun:92094,92094,Namur,Namur,Namen,Wallonia,Namur,Arrondissement Namen,ADMIN_UNEMPLOYMENT_RATE_COM,Administrative unemployment rate (15-64),percent,2024,14.2,A,2026-09-12T14:25:17.692249+00:00
be:mun:92097,92097,Ohey,Ohey,Ohey,Wallonia,Namur,Arrondissement Namen,ADMIN_UNEMPLOYMENT_RATE_COM,Administrative unemployment rate (15-64),percent,2024,6.3,A,2026-09-12T14:25:17.692249+00:00
be:mun:92101,92101,Profondeville,Profondeville,Profondeville,Wallonia,Namur,Arrondissement Namen,ADMIN_UNEMPLOYMENT_RATE_COM,Administrative unemployment rate (15-64),percent,2024,7.8,A,2026-09-12T14:25:17.692249+00:00
be:mun:92114,92114,Sombreffe,Sombreffe,Sombreffe,Wallonia,Namur,Arrondissement Namen,ADMIN_UNEMPLOYMENT_RATE_COM,Administrative unemployment rate (15-64),percent,2024,7.6,A,2026-09-12T14:25:17.692249+00:00
be:mun:92137,92137,Sambreville,Sambreville,Sambreville,Wallonia,Namur,Arrondissement Namen,ADMIN_UNEMPLOYMENT_RATE_COM,Administrative unemployment rate (15-64),percent,2024,13.1,A,2026-09-12T14:25:17.692249+00:00
be:mun:92138,92138,Fernelmont,Fernelmont,Fernelmont,Wallonia,Namur,Arrondissement Namen,ADMIN_UNEMPLOYMENT_RATE_COM,Administrative unemployment rate (15-64),percent,2024,5.5,A,2026-09-12T14:25:17.692249+00:00
be:mun:92140,92140,Jemeppe-sur-Sambre,Jemeppe-sur-Sambre,Jemeppe-sur-Sambre,Wallonia,Namur,Arrondissement Namen,ADMIN_UNEMPLOYMENT_RATE_COM,Administrative unemployment rate (15-64),percent,2024,10.2,A,2026-09-12T14:25:17.692249+00:00
be:mun:92141,92141,La Bruyère,La Bruyère,La Bruyère,Wallonia,Namur,Arrondissement Namen,ADMIN_UNEMPLOYMENT_RATE_COM,Administrative unemployment rate (15-64),percent,2024,5.1,A,2026-09-12T14:25:17.692249+00:00
be:mun:92142,92142,Gembloux,Gembloux,Gembloux,Wallonia,Namur,Arrondissement Namen,ADMIN_UNEMPLOYMENT_RATE_COM,Administrative unemployment rate (15-64),percent,2024,8.3,A,2026-09-12T14:25:17.692249+00:00
be:mun:93010,93010,Cerfontaine,Cerfontaine,Cerfontaine,Wallonia,Namur,Arrondissement Philippeville,ADMIN_UNEMPLOYMENT_RATE_COM,Administrative unemployment rate (15-64),percent,2024,8.2,A,2026-09-12T14:25:17.692249+00:00
be:mun:93014,93014,Couvin,Couvin,Couvin,Wallonia,Namur,Arrondissement Philippeville,ADMIN_UNEMPLOYMENT_RATE_COM,Administrative unemployment rate (15-64),percent,2024,15.0,A,2026-09-12T14:25:17.692249+00:00
be:mun:93018,93018,Doische,Doische,Doische,Wallonia,Namur,Arrondissement Philippeville,ADMIN_UNEMPLOYMENT_RATE_COM,Administrative unemployment rate (15-64),percent,2024,10.3,A,2026-09-12T14:25:17.692249+00:00
be:mun:93022,93022,Florennes,Florennes,Florennes,Wallonia,Namur,Arrondissement Philippeville,ADMIN_UNEMPLOYMENT_RATE_COM,Administrative unemployment rate (15-64),percent,2024,11.0,A,2026-09-12T14:25:17.692249+00:00
be:mun:93056,93056,Philippeville,Philippeville,Philippeville,Wallonia,Namur,Arrondissement Philippeville,ADMIN_UNEMPLOYMENT_RATE_COM,Administrative unemployment rate (15-64),percent,2024,12.0,A,2026-09-12T14:25:17.692249+00:00
be:mun:93088,93088,Walcourt,Walcourt,Walcourt,Wallonia,Namur,Arrondissement Philippeville,ADMIN_UNEMPLOYMENT_RATE_COM,Administrative unemployment rate (15-64),percent,2024,8.9,A,2026-09-12T14:25:17.692249+00:00
be:mun:93090,93090,Viroinval,Viroinval,Viroinval,Wallonia,Namur,Arrondissement Philippeville,ADMIN_UNEMPLOYMENT_RATE_COM,Administrative unemployment rate (15-64),percent,2024,15.6,A,2026-09-12T14:25:17.692249+00:00
