indicator_code,name,period,value,obs_status,unit,source_agency,fetched_at
BUSINESS_CONFIDENCE,Business confidence (NBB),2010-01,-7.2,A,balance,NBB,2026-09-05T12:48:35.250844+00:00
BUSINESS_CONFIDENCE,Business confidence (NBB),2010-02,-6.2,A,balance,NBB,2026-09-05T12:48:35.250844+00:00
BUSINESS_CONFIDENCE,Business confidence (NBB),2010-03,-4.5,A,balance,NBB,2026-09-05T12:48:35.250844+00:00
BUSINESS_CONFIDENCE,Business confidence (NBB),2010-04,-3.9,A,balance,NBB,2026-09-05T12:48:35.250844+00:00
BUSINESS_CONFIDENCE,Business confidence (NBB),2010-05,-5.0,A,balance,NBB,2026-09-05T12:48:35.250844+00:00
BUSINESS_CONFIDENCE,Business confidence (NBB),2010-06,-6.2,A,balance,NBB,2026-09-05T12:48:35.250844+00:00
BUSINESS_CONFIDENCE,Business confidence (NBB),2010-07,-6.1,A,balance,NBB,2026-09-05T12:48:35.250844+00:00
BUSINESS_CONFIDENCE,Business confidence (NBB),2010-08,-5.0,A,balance,NBB,2026-09-05T12:48:35.250844+00:00
BUSINESS_CONFIDENCE,Business confidence (NBB),2010-09,-3.6,A,balance,NBB,2026-09-05T12:48:35.250844+00:00
BUSINESS_CONFIDENCE,Business confidence (NBB),2010-10,-2.0,A,balance,NBB,2026-09-05T12:48:35.250844+00:00
BUSINESS_CONFIDENCE,Business confidence (NBB),2010-11,0.5,A,balance,NBB,2026-09-05T12:48:35.250844+00:00
BUSINESS_CONFIDENCE,Business confidence (NBB),2010-12,2.9,A,balance,NBB,2026-09-05T12:48:35.250844+00:00
BUSINESS_CONFIDENCE,Business confidence (NBB),2011-01,4.5,A,balance,NBB,2026-09-05T12:48:35.250844+00:00
BUSINESS_CONFIDENCE,Business confidence (NBB),2011-02,5.5,A,balance,NBB,2026-09-05T12:48:35.250844+00:00
BUSINESS_CONFIDENCE,Business confidence (NBB),2011-03,5.1,A,balance,NBB,2026-09-05T12:48:35.250844+00:00
BUSINESS_CONFIDENCE,Business confidence (NBB),2011-04,2.7,A,balance,NBB,2026-09-05T12:48:35.250844+00:00
BUSINESS_CONFIDENCE,Business confidence (NBB),2011-05,0.2,A,balance,NBB,2026-09-05T12:48:35.250844+00:00
BUSINESS_CONFIDENCE,Business confidence (NBB),2011-06,-1.3,A,balance,NBB,2026-09-05T12:48:35.250844+00:00
BUSINESS_CONFIDENCE,Business confidence (NBB),2011-07,-3.5,A,balance,NBB,2026-09-05T12:48:35.250844+00:00
BUSINESS_CONFIDENCE,Business confidence (NBB),2011-08,-6.9,A,balance,NBB,2026-09-05T12:48:35.250844+00:00
BUSINESS_CONFIDENCE,Business confidence (NBB),2011-09,-9.3,A,balance,NBB,2026-09-05T12:48:35.250844+00:00
BUSINESS_CONFIDENCE,Business confidence (NBB),2011-10,-10.2,A,balance,NBB,2026-09-05T12:48:35.250844+00:00
BUSINESS_CONFIDENCE,Business confidence (NBB),2011-11,-10.5,A,balance,NBB,2026-09-05T12:48:35.250844+00:00
BUSINESS_CONFIDENCE,Business confidence (NBB),2011-12,-10.3,A,balance,NBB,2026-09-05T12:48:35.250844+00:00
BUSINESS_CONFIDENCE,Business confidence (NBB),2012-01,-9.8,A,balance,NBB,2026-09-05T12:48:35.250844+00:00
BUSINESS_CONFIDENCE,Business confidence (NBB),2012-02,-9.5,A,balance,NBB,2026-09-05T12:48:35.250844+00:00
BUSINESS_CONFIDENCE,Business confidence (NBB),2012-03,-9.8,A,balance,NBB,2026-09-05T12:48:35.250844+00:00
BUSINESS_CONFIDENCE,Business confidence (NBB),2012-04,-10.5,A,balance,NBB,2026-09-05T12:48:35.250844+00:00
BUSINESS_CONFIDENCE,Business confidence (NBB),2012-05,-11.1,A,balance,NBB,2026-09-05T12:48:35.250844+00:00
BUSINESS_CONFIDENCE,Business confidence (NBB),2012-06,-11.4,A,balance,NBB,2026-09-05T12:48:35.250844+00:00
BUSINESS_CONFIDENCE,Business confidence (NBB),2012-07,-11.6,A,balance,NBB,2026-09-05T12:48:35.250844+00:00
BUSINESS_CONFIDENCE,Business confidence (NBB),2012-08,-11.7,A,balance,NBB,2026-09-05T12:48:35.250844+00:00
BUSINESS_CONFIDENCE,Business confidence (NBB),2012-09,-12.1,A,balance,NBB,2026-09-05T12:48:35.250844+00:00
BUSINESS_CONFIDENCE,Business confidence (NBB),2012-10,-13.0,A,balance,NBB,2026-09-05T12:48:35.250844+00:00
BUSINESS_CONFIDENCE,Business confidence (NBB),2012-11,-13.4,A,balance,NBB,2026-09-05T12:48:35.250844+00:00
BUSINESS_CONFIDENCE,Business confidence (NBB),2012-12,-12.9,A,balance,NBB,2026-09-05T12:48:35.250844+00:00
BUSINESS_CONFIDENCE,Business confidence (NBB),2013-01,-12.5,A,balance,NBB,2026-09-05T12:48:35.250844+00:00
BUSINESS_CONFIDENCE,Business confidence (NBB),2013-02,-13.2,A,balance,NBB,2026-09-05T12:48:35.250844+00:00
BUSINESS_CONFIDENCE,Business confidence (NBB),2013-03,-14.3,A,balance,NBB,2026-09-05T12:48:35.250844+00:00
BUSINESS_CONFIDENCE,Business confidence (NBB),2013-04,-14.2,A,balance,NBB,2026-09-05T12:48:35.250844+00:00
BUSINESS_CONFIDENCE,Business confidence (NBB),2013-05,-13.1,A,balance,NBB,2026-09-05T12:48:35.250844+00:00
BUSINESS_CONFIDENCE,Business confidence (NBB),2013-06,-12.4,A,balance,NBB,2026-09-05T12:48:35.250844+00:00
BUSINESS_CONFIDENCE,Business confidence (NBB),2013-07,-11.2,A,balance,NBB,2026-09-05T12:48:35.250844+00:00
BUSINESS_CONFIDENCE,Business confidence (NBB),2013-08,-9.2,A,balance,NBB,2026-09-05T12:48:35.250844+00:00
BUSINESS_CONFIDENCE,Business confidence (NBB),2013-09,-7.7,A,balance,NBB,2026-09-05T12:48:35.250844+00:00
BUSINESS_CONFIDENCE,Business confidence (NBB),2013-10,-6.9,A,balance,NBB,2026-09-05T12:48:35.250844+00:00
BUSINESS_CONFIDENCE,Business confidence (NBB),2013-11,-6.3,A,balance,NBB,2026-09-05T12:48:35.250844+00:00
BUSINESS_CONFIDENCE,Business confidence (NBB),2013-12,-5.8,A,balance,NBB,2026-09-05T12:48:35.250844+00:00
BUSINESS_CONFIDENCE,Business confidence (NBB),2014-01,-5.3,A,balance,NBB,2026-09-05T12:48:35.250844+00:00
BUSINESS_CONFIDENCE,Business confidence (NBB),2014-02,-4.7,A,balance,NBB,2026-09-05T12:48:35.250844+00:00
BUSINESS_CONFIDENCE,Business confidence (NBB),2014-03,-4.5,A,balance,NBB,2026-09-05T12:48:35.250844+00:00
BUSINESS_CONFIDENCE,Business confidence (NBB),2014-04,-5.0,A,balance,NBB,2026-09-05T12:48:35.250844+00:00
BUSINESS_CONFIDENCE,Business confidence (NBB),2014-05,-6.0,A,balance,NBB,2026-09-05T12:48:35.250844+00:00
BUSINESS_CONFIDENCE,Business confidence (NBB),2014-06,-6.8,A,balance,NBB,2026-09-05T12:48:35.250844+00:00
BUSINESS_CONFIDENCE,Business confidence (NBB),2014-07,-7.2,A,balance,NBB,2026-09-05T12:48:35.250844+00:00
BUSINESS_CONFIDENCE,Business confidence (NBB),2014-08,-7.3,A,balance,NBB,2026-09-05T12:48:35.250844+00:00
BUSINESS_CONFIDENCE,Business confidence (NBB),2014-09,-7.2,A,balance,NBB,2026-09-05T12:48:35.250844+00:00
BUSINESS_CONFIDENCE,Business confidence (NBB),2014-10,-6.9,A,balance,NBB,2026-09-05T12:48:35.250844+00:00
BUSINESS_CONFIDENCE,Business confidence (NBB),2014-11,-6.9,A,balance,NBB,2026-09-05T12:48:35.250844+00:00
BUSINESS_CONFIDENCE,Business confidence (NBB),2014-12,-7.2,A,balance,NBB,2026-09-05T12:48:35.250844+00:00
BUSINESS_CONFIDENCE,Business confidence (NBB),2015-01,-7.9,A,balance,NBB,2026-09-05T12:48:35.250844+00:00
BUSINESS_CONFIDENCE,Business confidence (NBB),2015-02,-7.8,A,balance,NBB,2026-09-05T12:48:35.250844+00:00
BUSINESS_CONFIDENCE,Business confidence (NBB),2015-03,-6.8,A,balance,NBB,2026-09-05T12:48:35.250844+00:00
BUSINESS_CONFIDENCE,Business confidence (NBB),2015-04,-5.9,A,balance,NBB,2026-09-05T12:48:35.250844+00:00
BUSINESS_CONFIDENCE,Business confidence (NBB),2015-05,-5.0,A,balance,NBB,2026-09-05T12:48:35.250844+00:00
BUSINESS_CONFIDENCE,Business confidence (NBB),2015-06,-4.3,A,balance,NBB,2026-09-05T12:48:35.250844+00:00
BUSINESS_CONFIDENCE,Business confidence (NBB),2015-07,-4.3,A,balance,NBB,2026-09-05T12:48:35.250844+00:00
BUSINESS_CONFIDENCE,Business confidence (NBB),2015-08,-4.8,A,balance,NBB,2026-09-05T12:48:35.250844+00:00
BUSINESS_CONFIDENCE,Business confidence (NBB),2015-09,-4.8,A,balance,NBB,2026-09-05T12:48:35.250844+00:00
BUSINESS_CONFIDENCE,Business confidence (NBB),2015-10,-4.3,A,balance,NBB,2026-09-05T12:48:35.250844+00:00
BUSINESS_CONFIDENCE,Business confidence (NBB),2015-11,-3.7,A,balance,NBB,2026-09-05T12:48:35.250844+00:00
BUSINESS_CONFIDENCE,Business confidence (NBB),2015-12,-3.2,A,balance,NBB,2026-09-05T12:48:35.250844+00:00
BUSINESS_CONFIDENCE,Business confidence (NBB),2016-01,-3.3,A,balance,NBB,2026-09-05T12:48:35.250844+00:00
BUSINESS_CONFIDENCE,Business confidence (NBB),2016-02,-3.9,A,balance,NBB,2026-09-05T12:48:35.250844+00:00
BUSINESS_CONFIDENCE,Business confidence (NBB),2016-03,-3.9,A,balance,NBB,2026-09-05T12:48:35.250844+00:00
BUSINESS_CONFIDENCE,Business confidence (NBB),2016-04,-3.1,A,balance,NBB,2026-09-05T12:48:35.250844+00:00
BUSINESS_CONFIDENCE,Business confidence (NBB),2016-05,-1.7,A,balance,NBB,2026-09-05T12:48:35.250844+00:00
BUSINESS_CONFIDENCE,Business confidence (NBB),2016-06,-0.1,A,balance,NBB,2026-09-05T12:48:35.250844+00:00
BUSINESS_CONFIDENCE,Business confidence (NBB),2016-07,-0.1,A,balance,NBB,2026-09-05T12:48:35.250844+00:00
BUSINESS_CONFIDENCE,Business confidence (NBB),2016-08,-1.5,A,balance,NBB,2026-09-05T12:48:35.250844+00:00
BUSINESS_CONFIDENCE,Business confidence (NBB),2016-09,-2.1,A,balance,NBB,2026-09-05T12:48:35.250844+00:00
BUSINESS_CONFIDENCE,Business confidence (NBB),2016-10,-1.9,A,balance,NBB,2026-09-05T12:48:35.250844+00:00
BUSINESS_CONFIDENCE,Business confidence (NBB),2016-11,-1.4,A,balance,NBB,2026-09-05T12:48:35.250844+00:00
BUSINESS_CONFIDENCE,Business confidence (NBB),2016-12,-0.6,A,balance,NBB,2026-09-05T12:48:35.250844+00:00
BUSINESS_CONFIDENCE,Business confidence (NBB),2017-01,-0.4,A,balance,NBB,2026-09-05T12:48:35.250844+00:00
BUSINESS_CONFIDENCE,Business confidence (NBB),2017-02,-0.9,A,balance,NBB,2026-09-05T12:48:35.250844+00:00
BUSINESS_CONFIDENCE,Business confidence (NBB),2017-03,-1.1,A,balance,NBB,2026-09-05T12:48:35.250844+00:00
BUSINESS_CONFIDENCE,Business confidence (NBB),2017-04,-1.1,A,balance,NBB,2026-09-05T12:48:35.250844+00:00
BUSINESS_CONFIDENCE,Business confidence (NBB),2017-05,-1.2,A,balance,NBB,2026-09-05T12:48:35.250844+00:00
BUSINESS_CONFIDENCE,Business confidence (NBB),2017-06,-1.5,A,balance,NBB,2026-09-05T12:48:35.250844+00:00
BUSINESS_CONFIDENCE,Business confidence (NBB),2017-07,-1.9,A,balance,NBB,2026-09-05T12:48:35.250844+00:00
BUSINESS_CONFIDENCE,Business confidence (NBB),2017-08,-2.1,A,balance,NBB,2026-09-05T12:48:35.250844+00:00
BUSINESS_CONFIDENCE,Business confidence (NBB),2017-09,-1.4,A,balance,NBB,2026-09-05T12:48:35.250844+00:00
BUSINESS_CONFIDENCE,Business confidence (NBB),2017-10,-0.1,A,balance,NBB,2026-09-05T12:48:35.250844+00:00
BUSINESS_CONFIDENCE,Business confidence (NBB),2017-11,0.8,A,balance,NBB,2026-09-05T12:48:35.250844+00:00
BUSINESS_CONFIDENCE,Business confidence (NBB),2017-12,1.4,A,balance,NBB,2026-09-05T12:48:35.250844+00:00
BUSINESS_CONFIDENCE,Business confidence (NBB),2018-01,1.7,A,balance,NBB,2026-09-05T12:48:35.250844+00:00
BUSINESS_CONFIDENCE,Business confidence (NBB),2018-02,1.6,A,balance,NBB,2026-09-05T12:48:35.250844+00:00
BUSINESS_CONFIDENCE,Business confidence (NBB),2018-03,1.0,A,balance,NBB,2026-09-05T12:48:35.250844+00:00
BUSINESS_CONFIDENCE,Business confidence (NBB),2018-04,0.5,A,balance,NBB,2026-09-05T12:48:35.250844+00:00
BUSINESS_CONFIDENCE,Business confidence (NBB),2018-05,0.4,A,balance,NBB,2026-09-05T12:48:35.250844+00:00
BUSINESS_CONFIDENCE,Business confidence (NBB),2018-06,0.2,A,balance,NBB,2026-09-05T12:48:35.250844+00:00
BUSINESS_CONFIDENCE,Business confidence (NBB),2018-07,-0.1,A,balance,NBB,2026-09-05T12:48:35.250844+00:00
BUSINESS_CONFIDENCE,Business confidence (NBB),2018-08,-0.3,A,balance,NBB,2026-09-05T12:48:35.250844+00:00
BUSINESS_CONFIDENCE,Business confidence (NBB),2018-09,-0.1,A,balance,NBB,2026-09-05T12:48:35.250844+00:00
BUSINESS_CONFIDENCE,Business confidence (NBB),2018-10,-0.1,A,balance,NBB,2026-09-05T12:48:35.250844+00:00
BUSINESS_CONFIDENCE,Business confidence (NBB),2018-11,-0.6,A,balance,NBB,2026-09-05T12:48:35.250844+00:00
BUSINESS_CONFIDENCE,Business confidence (NBB),2018-12,-1.1,A,balance,NBB,2026-09-05T12:48:35.250844+00:00
BUSINESS_CONFIDENCE,Business confidence (NBB),2019-01,-1.4,A,balance,NBB,2026-09-05T12:48:35.250844+00:00
BUSINESS_CONFIDENCE,Business confidence (NBB),2019-02,-1.6,A,balance,NBB,2026-09-05T12:48:35.250844+00:00
BUSINESS_CONFIDENCE,Business confidence (NBB),2019-03,-2.1,A,balance,NBB,2026-09-05T12:48:35.250844+00:00
BUSINESS_CONFIDENCE,Business confidence (NBB),2019-04,-2.9,A,balance,NBB,2026-09-05T12:48:35.250844+00:00
BUSINESS_CONFIDENCE,Business confidence (NBB),2019-05,-3.8,A,balance,NBB,2026-09-05T12:48:35.250844+00:00
BUSINESS_CONFIDENCE,Business confidence (NBB),2019-06,-4.6,A,balance,NBB,2026-09-05T12:48:35.250844+00:00
BUSINESS_CONFIDENCE,Business confidence (NBB),2019-07,-5.2,A,balance,NBB,2026-09-05T12:48:35.250844+00:00
BUSINESS_CONFIDENCE,Business confidence (NBB),2019-08,-5.5,A,balance,NBB,2026-09-05T12:48:35.250844+00:00
BUSINESS_CONFIDENCE,Business confidence (NBB),2019-09,-5.4,A,balance,NBB,2026-09-05T12:48:35.250844+00:00
BUSINESS_CONFIDENCE,Business confidence (NBB),2019-10,-4.7,A,balance,NBB,2026-09-05T12:48:35.250844+00:00
BUSINESS_CONFIDENCE,Business confidence (NBB),2019-11,-3.9,A,balance,NBB,2026-09-05T12:48:35.250844+00:00
BUSINESS_CONFIDENCE,Business confidence (NBB),2019-12,-3.3,A,balance,NBB,2026-09-05T12:48:35.250844+00:00
BUSINESS_CONFIDENCE,Business confidence (NBB),2020-01,-2.9,A,balance,NBB,2026-09-05T12:48:35.250844+00:00
BUSINESS_CONFIDENCE,Business confidence (NBB),2020-02,-4.8,A,balance,NBB,2026-09-05T12:48:35.250844+00:00
BUSINESS_CONFIDENCE,Business confidence (NBB),2020-03,-14.7,A,balance,NBB,2026-09-05T12:48:35.250844+00:00
BUSINESS_CONFIDENCE,Business confidence (NBB),2020-04,-28.5,A,balance,NBB,2026-09-05T12:48:35.250844+00:00
BUSINESS_CONFIDENCE,Business confidence (NBB),2020-05,-31.5,A,balance,NBB,2026-09-05T12:48:35.250844+00:00
BUSINESS_CONFIDENCE,Business confidence (NBB),2020-06,-23.5,A,balance,NBB,2026-09-05T12:48:35.250844+00:00
BUSINESS_CONFIDENCE,Business confidence (NBB),2020-07,-15.7,A,balance,NBB,2026-09-05T12:48:35.250844+00:00
BUSINESS_CONFIDENCE,Business confidence (NBB),2020-08,-12.2,A,balance,NBB,2026-09-05T12:48:35.250844+00:00
BUSINESS_CONFIDENCE,Business confidence (NBB),2020-09,-11.1,A,balance,NBB,2026-09-05T12:48:35.250844+00:00
BUSINESS_CONFIDENCE,Business confidence (NBB),2020-10,-10.3,A,balance,NBB,2026-09-05T12:48:35.250844+00:00
BUSINESS_CONFIDENCE,Business confidence (NBB),2020-11,-9.1,A,balance,NBB,2026-09-05T12:48:35.250844+00:00
BUSINESS_CONFIDENCE,Business confidence (NBB),2020-12,-8.2,A,balance,NBB,2026-09-05T12:48:35.250844+00:00
BUSINESS_CONFIDENCE,Business confidence (NBB),2021-01,-7.0,A,balance,NBB,2026-09-05T12:48:35.250844+00:00
BUSINESS_CONFIDENCE,Business confidence (NBB),2021-02,-4.3,A,balance,NBB,2026-09-05T12:48:35.250844+00:00
BUSINESS_CONFIDENCE,Business confidence (NBB),2021-03,-0.5,A,balance,NBB,2026-09-05T12:48:35.250844+00:00
BUSINESS_CONFIDENCE,Business confidence (NBB),2021-04,3.6,A,balance,NBB,2026-09-05T12:48:35.250844+00:00
BUSINESS_CONFIDENCE,Business confidence (NBB),2021-05,6.8,A,balance,NBB,2026-09-05T12:48:35.250844+00:00
BUSINESS_CONFIDENCE,Business confidence (NBB),2021-06,8.9,A,balance,NBB,2026-09-05T12:48:35.250844+00:00
BUSINESS_CONFIDENCE,Business confidence (NBB),2021-07,9.2,A,balance,NBB,2026-09-05T12:48:35.250844+00:00
BUSINESS_CONFIDENCE,Business confidence (NBB),2021-08,7.3,A,balance,NBB,2026-09-05T12:48:35.250844+00:00
BUSINESS_CONFIDENCE,Business confidence (NBB),2021-09,4.9,A,balance,NBB,2026-09-05T12:48:35.250844+00:00
BUSINESS_CONFIDENCE,Business confidence (NBB),2021-10,4.0,A,balance,NBB,2026-09-05T12:48:35.250844+00:00
BUSINESS_CONFIDENCE,Business confidence (NBB),2021-11,3.9,A,balance,NBB,2026-09-05T12:48:35.250844+00:00
BUSINESS_CONFIDENCE,Business confidence (NBB),2021-12,3.5,A,balance,NBB,2026-09-05T12:48:35.250844+00:00
BUSINESS_CONFIDENCE,Business confidence (NBB),2022-01,2.8,A,balance,NBB,2026-09-05T12:48:35.250844+00:00
BUSINESS_CONFIDENCE,Business confidence (NBB),2022-02,2.4,A,balance,NBB,2026-09-05T12:48:35.250844+00:00
BUSINESS_CONFIDENCE,Business confidence (NBB),2022-03,2.2,A,balance,NBB,2026-09-05T12:48:35.250844+00:00
BUSINESS_CONFIDENCE,Business confidence (NBB),2022-04,1.9,A,balance,NBB,2026-09-05T12:48:35.250844+00:00
BUSINESS_CONFIDENCE,Business confidence (NBB),2022-05,0.9,A,balance,NBB,2026-09-05T12:48:35.250844+00:00
BUSINESS_CONFIDENCE,Business confidence (NBB),2022-06,-1.2,A,balance,NBB,2026-09-05T12:48:35.250844+00:00
BUSINESS_CONFIDENCE,Business confidence (NBB),2022-07,-3.3,A,balance,NBB,2026-09-05T12:48:35.250844+00:00
BUSINESS_CONFIDENCE,Business confidence (NBB),2022-08,-6.6,A,balance,NBB,2026-09-05T12:48:35.250844+00:00
BUSINESS_CONFIDENCE,Business confidence (NBB),2022-09,-11.2,A,balance,NBB,2026-09-05T12:48:35.250844+00:00
BUSINESS_CONFIDENCE,Business confidence (NBB),2022-10,-14.6,A,balance,NBB,2026-09-05T12:48:35.250844+00:00
BUSINESS_CONFIDENCE,Business confidence (NBB),2022-11,-15.0,A,balance,NBB,2026-09-05T12:48:35.250844+00:00
BUSINESS_CONFIDENCE,Business confidence (NBB),2022-12,-14.1,A,balance,NBB,2026-09-05T12:48:35.250844+00:00
BUSINESS_CONFIDENCE,Business confidence (NBB),2023-01,-13.3,A,balance,NBB,2026-09-05T12:48:35.250844+00:00
BUSINESS_CONFIDENCE,Business confidence (NBB),2023-02,-11.7,A,balance,NBB,2026-09-05T12:48:35.250844+00:00
BUSINESS_CONFIDENCE,Business confidence (NBB),2023-03,-9.0,A,balance,NBB,2026-09-05T12:48:35.250844+00:00
BUSINESS_CONFIDENCE,Business confidence (NBB),2023-04,-8.1,A,balance,NBB,2026-09-05T12:48:35.250844+00:00
BUSINESS_CONFIDENCE,Business confidence (NBB),2023-05,-9.6,A,balance,NBB,2026-09-05T12:48:35.250844+00:00
BUSINESS_CONFIDENCE,Business confidence (NBB),2023-06,-12.0,A,balance,NBB,2026-09-05T12:48:35.250844+00:00
BUSINESS_CONFIDENCE,Business confidence (NBB),2023-07,-14.1,A,balance,NBB,2026-09-05T12:48:35.250844+00:00
BUSINESS_CONFIDENCE,Business confidence (NBB),2023-08,-14.8,A,balance,NBB,2026-09-05T12:48:35.250844+00:00
BUSINESS_CONFIDENCE,Business confidence (NBB),2023-09,-14.9,A,balance,NBB,2026-09-05T12:48:35.250844+00:00
BUSINESS_CONFIDENCE,Business confidence (NBB),2023-10,-14.9,A,balance,NBB,2026-09-05T12:48:35.250844+00:00
BUSINESS_CONFIDENCE,Business confidence (NBB),2023-11,-15.0,A,balance,NBB,2026-09-05T12:48:35.250844+00:00
BUSINESS_CONFIDENCE,Business confidence (NBB),2023-12,-14.4,A,balance,NBB,2026-09-05T12:48:35.250844+00:00
BUSINESS_CONFIDENCE,Business confidence (NBB),2024-01,-13.4,A,balance,NBB,2026-09-05T12:48:35.250844+00:00
BUSINESS_CONFIDENCE,Business confidence (NBB),2024-02,-12.6,A,balance,NBB,2026-09-05T12:48:35.250844+00:00
BUSINESS_CONFIDENCE,Business confidence (NBB),2024-03,-11.9,A,balance,NBB,2026-09-05T12:48:35.250844+00:00
BUSINESS_CONFIDENCE,Business confidence (NBB),2024-04,-11.2,A,balance,NBB,2026-09-05T12:48:35.250844+00:00
BUSINESS_CONFIDENCE,Business confidence (NBB),2024-05,-11.1,A,balance,NBB,2026-09-05T12:48:35.250844+00:00
BUSINESS_CONFIDENCE,Business confidence (NBB),2024-06,-11.4,A,balance,NBB,2026-09-05T12:48:35.250844+00:00
BUSINESS_CONFIDENCE,Business confidence (NBB),2024-07,-12.1,A,balance,NBB,2026-09-05T12:48:35.250844+00:00
BUSINESS_CONFIDENCE,Business confidence (NBB),2024-08,-12.6,A,balance,NBB,2026-09-05T12:48:35.250844+00:00
BUSINESS_CONFIDENCE,Business confidence (NBB),2024-09,-12.8,A,balance,NBB,2026-09-05T12:48:35.250844+00:00
BUSINESS_CONFIDENCE,Business confidence (NBB),2024-10,-12.8,A,balance,NBB,2026-09-05T12:48:35.250844+00:00
BUSINESS_CONFIDENCE,Business confidence (NBB),2024-11,-13.0,A,balance,NBB,2026-09-05T12:48:35.250844+00:00
BUSINESS_CONFIDENCE,Business confidence (NBB),2024-12,-13.4,A,balance,NBB,2026-09-05T12:48:35.250844+00:00
BUSINESS_CONFIDENCE,Business confidence (NBB),2025-01,-13.6,A,balance,NBB,2026-09-05T12:48:35.250844+00:00
BUSINESS_CONFIDENCE,Business confidence (NBB),2025-02,-13.9,A,balance,NBB,2026-09-05T12:48:35.250844+00:00
BUSINESS_CONFIDENCE,Business confidence (NBB),2025-03,-14.4,A,balance,NBB,2026-09-05T12:48:35.250844+00:00
BUSINESS_CONFIDENCE,Business confidence (NBB),2025-04,-14.4,A,balance,NBB,2026-09-05T12:48:35.250844+00:00
BUSINESS_CONFIDENCE,Business confidence (NBB),2025-05,-13.1,A,balance,NBB,2026-09-05T12:48:35.250844+00:00
BUSINESS_CONFIDENCE,Business confidence (NBB),2025-06,-11.3,A,balance,NBB,2026-09-05T12:48:35.250844+00:00
BUSINESS_CONFIDENCE,Business confidence (NBB),2025-07,-10.0,A,balance,NBB,2026-09-05T12:48:35.250844+00:00
BUSINESS_CONFIDENCE,Business confidence (NBB),2025-08,-9.2,A,balance,NBB,2026-09-05T12:48:35.250844+00:00
BUSINESS_CONFIDENCE,Business confidence (NBB),2025-09,-8.7,A,balance,NBB,2026-09-05T12:48:35.250844+00:00
BUSINESS_CONFIDENCE,Business confidence (NBB),2025-10,-8.6,A,balance,NBB,2026-09-05T12:48:35.250844+00:00
BUSINESS_CONFIDENCE,Business confidence (NBB),2025-11,-8.8,A,balance,NBB,2026-09-05T12:48:35.250844+00:00
BUSINESS_CONFIDENCE,Business confidence (NBB),2025-12,-9.7,A,balance,NBB,2026-09-05T12:48:35.250844+00:00
BUSINESS_CONFIDENCE,Business confidence (NBB),2026-01,-11.6,A,balance,NBB,2026-09-05T12:48:35.250844+00:00
BUSINESS_CONFIDENCE,Business confidence (NBB),2026-02,-13.3,A,balance,NBB,2026-09-05T12:48:35.250844+00:00
BUSINESS_CONFIDENCE,Business confidence (NBB),2026-03,-13.7,A,balance,NBB,2026-09-05T12:48:35.250844+00:00
BUSINESS_CONFIDENCE,Business confidence (NBB),2026-04,-13.6,A,balance,NBB,2026-09-05T12:48:35.250844+00:00
BUSINESS_CONFIDENCE,Business confidence (NBB),2026-05,-13.2,A,balance,NBB,2026-09-05T12:48:35.250844+00:00
BUSINESS_CONFIDENCE,Business confidence (NBB),2026-06,-12.6,A,balance,NBB,2026-09-05T12:48:35.250844+00:00
BUSINESS_CONFIDENCE,Business confidence (NBB),2026-07,-12.3,A,balance,NBB,2026-09-25T10:00:37.013094+00:00
CHG_STOCKS_CY,Changes in stocks,2006,0.5,A,pp_contribution,NBB,2026-09-05T12:48:35.250844+00:00
CHG_STOCKS_CY,Changes in stocks,2007,0.5,A,pp_contribution,NBB,2026-09-05T12:48:35.250844+00:00
CHG_STOCKS_CY,Changes in stocks,2008,0.1,A,pp_contribution,NBB,2026-09-05T12:48:35.250844+00:00
CHG_STOCKS_CY,Changes in stocks,2009,-0.7,R,pp_contribution,NBB,2026-09-05T12:48:35.250844+00:00
CHG_STOCKS_CY,Changes in stocks,2010,0.0,A,pp_contribution,NBB,2026-09-05T12:48:35.250844+00:00
CHG_STOCKS_CY,Changes in stocks,2011,0.9,A,pp_contribution,NBB,2026-09-05T12:48:35.250844+00:00
CHG_STOCKS_CY,Changes in stocks,2012,-0.9,A,pp_contribution,NBB,2026-09-05T12:48:35.250844+00:00
CHG_STOCKS_CY,Changes in stocks,2013,-0.2,A,pp_contribution,NBB,2026-09-05T12:48:35.250844+00:00
CHG_STOCKS_CY,Changes in stocks,2014,-0.3,A,pp_contribution,NBB,2026-09-05T12:48:35.250844+00:00
CHG_STOCKS_CY,Changes in stocks,2015,0.2,A,pp_contribution,NBB,2026-09-05T12:48:35.250844+00:00
CHG_STOCKS_CY,Changes in stocks,2016,0.6,A,pp_contribution,NBB,2026-09-05T12:48:35.250844+00:00
CHG_STOCKS_CY,Changes in stocks,2017,0.0,A,pp_contribution,NBB,2026-09-05T12:48:35.250844+00:00
CHG_STOCKS_CY,Changes in stocks,2018,0.7,A,pp_contribution,NBB,2026-09-05T12:48:35.250844+00:00
CHG_STOCKS_CY,Changes in stocks,2019,-1.0,A,pp_contribution,NBB,2026-09-05T12:48:35.250844+00:00
CHG_STOCKS_CY,Changes in stocks,2020,-0.4,A,pp_contribution,NBB,2026-09-05T12:48:35.250844+00:00
CHG_STOCKS_CY,Changes in stocks,2021,-0.2,A,pp_contribution,NBB,2026-09-05T12:48:35.250844+00:00
CHG_STOCKS_CY,Changes in stocks,2022,1.2,A,pp_contribution,NBB,2026-09-05T12:48:35.250844+00:00
CHG_STOCKS_CY,Changes in stocks,2023,-1.0,A,pp_contribution,NBB,2026-09-05T12:48:35.250844+00:00
CHG_STOCKS_CY,Changes in stocks,2024,-0.5,P,pp_contribution,NBB,2026-09-05T12:48:35.250844+00:00
CHG_STOCKS_CY,Changes in stocks,2025,0.0,P,pp_contribution,NBB,2026-09-05T12:48:35.250844+00:00
CONSUMER_CONFIDENCE,Consumer confidence (NBB),2010-01,-2.0,A,balance,NBB,2026-09-05T12:48:35.250844+00:00
CONSUMER_CONFIDENCE,Consumer confidence (NBB),2010-02,-1.0,A,balance,NBB,2026-09-05T12:48:35.250844+00:00
CONSUMER_CONFIDENCE,Consumer confidence (NBB),2010-03,2.0,A,balance,NBB,2026-09-05T12:48:35.250844+00:00
CONSUMER_CONFIDENCE,Consumer confidence (NBB),2010-04,8.0,A,balance,NBB,2026-09-05T12:48:35.250844+00:00
CONSUMER_CONFIDENCE,Consumer confidence (NBB),2010-05,-6.0,A,balance,NBB,2026-09-05T12:48:35.250844+00:00
CONSUMER_CONFIDENCE,Consumer confidence (NBB),2010-06,-4.0,A,balance,NBB,2026-09-05T12:48:35.250844+00:00
CONSUMER_CONFIDENCE,Consumer confidence (NBB),2010-07,4.0,A,balance,NBB,2026-09-05T12:48:35.250844+00:00
CONSUMER_CONFIDENCE,Consumer confidence (NBB),2010-08,7.0,A,balance,NBB,2026-09-05T12:48:35.250844+00:00
CONSUMER_CONFIDENCE,Consumer confidence (NBB),2010-09,3.0,A,balance,NBB,2026-09-05T12:48:35.250844+00:00
CONSUMER_CONFIDENCE,Consumer confidence (NBB),2010-10,3.0,A,balance,NBB,2026-09-05T12:48:35.250844+00:00
CONSUMER_CONFIDENCE,Consumer confidence (NBB),2010-11,8.0,A,balance,NBB,2026-09-05T12:48:35.250844+00:00
CONSUMER_CONFIDENCE,Consumer confidence (NBB),2010-12,3.0,A,balance,NBB,2026-09-05T12:48:35.250844+00:00
CONSUMER_CONFIDENCE,Consumer confidence (NBB),2011-01,-3.0,A,balance,NBB,2026-09-05T12:48:35.250844+00:00
CONSUMER_CONFIDENCE,Consumer confidence (NBB),2011-02,4.0,A,balance,NBB,2026-09-05T12:48:35.250844+00:00
CONSUMER_CONFIDENCE,Consumer confidence (NBB),2011-03,-5.0,A,balance,NBB,2026-09-05T12:48:35.250844+00:00
CONSUMER_CONFIDENCE,Consumer confidence (NBB),2011-04,-1.0,A,balance,NBB,2026-09-05T12:48:35.250844+00:00
CONSUMER_CONFIDENCE,Consumer confidence (NBB),2011-05,5.0,A,balance,NBB,2026-09-05T12:48:35.250844+00:00
CONSUMER_CONFIDENCE,Consumer confidence (NBB),2011-06,0.0,A,balance,NBB,2026-09-05T12:48:35.250844+00:00
CONSUMER_CONFIDENCE,Consumer confidence (NBB),2011-07,-6.0,A,balance,NBB,2026-09-05T12:48:35.250844+00:00
CONSUMER_CONFIDENCE,Consumer confidence (NBB),2011-08,-13.0,A,balance,NBB,2026-09-05T12:48:35.250844+00:00
CONSUMER_CONFIDENCE,Consumer confidence (NBB),2011-09,-15.0,A,balance,NBB,2026-09-05T12:48:35.250844+00:00
CONSUMER_CONFIDENCE,Consumer confidence (NBB),2011-10,-8.0,A,balance,NBB,2026-09-05T12:48:35.250844+00:00
CONSUMER_CONFIDENCE,Consumer confidence (NBB),2011-11,-20.0,A,balance,NBB,2026-09-05T12:48:35.250844+00:00
CONSUMER_CONFIDENCE,Consumer confidence (NBB),2011-12,-10.0,A,balance,NBB,2026-09-05T12:48:35.250844+00:00
CONSUMER_CONFIDENCE,Consumer confidence (NBB),2012-01,-22.0,A,balance,NBB,2026-09-05T12:48:35.250844+00:00
CONSUMER_CONFIDENCE,Consumer confidence (NBB),2012-02,-25.0,A,balance,NBB,2026-09-05T12:48:35.250844+00:00
CONSUMER_CONFIDENCE,Consumer confidence (NBB),2012-03,-10.0,A,balance,NBB,2026-09-05T12:48:35.250844+00:00
CONSUMER_CONFIDENCE,Consumer confidence (NBB),2012-04,-8.0,A,balance,NBB,2026-09-05T12:48:35.250844+00:00
CONSUMER_CONFIDENCE,Consumer confidence (NBB),2012-05,-9.0,A,balance,NBB,2026-09-05T12:48:35.250844+00:00
CONSUMER_CONFIDENCE,Consumer confidence (NBB),2012-06,-5.0,A,balance,NBB,2026-09-05T12:48:35.250844+00:00
CONSUMER_CONFIDENCE,Consumer confidence (NBB),2012-07,-7.0,A,balance,NBB,2026-09-05T12:48:35.250844+00:00
CONSUMER_CONFIDENCE,Consumer confidence (NBB),2012-08,-11.0,A,balance,NBB,2026-09-05T12:48:35.250844+00:00
CONSUMER_CONFIDENCE,Consumer confidence (NBB),2012-09,-11.0,A,balance,NBB,2026-09-05T12:48:35.250844+00:00
CONSUMER_CONFIDENCE,Consumer confidence (NBB),2012-10,-16.0,A,balance,NBB,2026-09-05T12:48:35.250844+00:00
CONSUMER_CONFIDENCE,Consumer confidence (NBB),2012-11,-28.0,A,balance,NBB,2026-09-05T12:48:35.250844+00:00
CONSUMER_CONFIDENCE,Consumer confidence (NBB),2012-12,-27.0,A,balance,NBB,2026-09-05T12:48:35.250844+00:00
CONSUMER_CONFIDENCE,Consumer confidence (NBB),2013-01,-23.0,A,balance,NBB,2026-09-05T12:48:35.250844+00:00
CONSUMER_CONFIDENCE,Consumer confidence (NBB),2013-02,-10.0,A,balance,NBB,2026-09-05T12:48:35.250844+00:00
CONSUMER_CONFIDENCE,Consumer confidence (NBB),2013-03,-22.0,A,balance,NBB,2026-09-05T12:48:35.250844+00:00
CONSUMER_CONFIDENCE,Consumer confidence (NBB),2013-04,-15.0,A,balance,NBB,2026-09-05T12:48:35.250844+00:00
CONSUMER_CONFIDENCE,Consumer confidence (NBB),2013-05,-14.0,A,balance,NBB,2026-09-05T12:48:35.250844+00:00
CONSUMER_CONFIDENCE,Consumer confidence (NBB),2013-06,-12.0,A,balance,NBB,2026-09-05T12:48:35.250844+00:00
CONSUMER_CONFIDENCE,Consumer confidence (NBB),2013-07,-10.0,A,balance,NBB,2026-09-05T12:48:35.250844+00:00
CONSUMER_CONFIDENCE,Consumer confidence (NBB),2013-08,1.0,A,balance,NBB,2026-09-05T12:48:35.250844+00:00
CONSUMER_CONFIDENCE,Consumer confidence (NBB),2013-09,9.0,A,balance,NBB,2026-09-05T12:48:35.250844+00:00
CONSUMER_CONFIDENCE,Consumer confidence (NBB),2013-10,7.0,A,balance,NBB,2026-09-05T12:48:35.250844+00:00
CONSUMER_CONFIDENCE,Consumer confidence (NBB),2013-11,9.0,A,balance,NBB,2026-09-05T12:48:35.250844+00:00
CONSUMER_CONFIDENCE,Consumer confidence (NBB),2013-12,7.0,A,balance,NBB,2026-09-05T12:48:35.250844+00:00
CONSUMER_CONFIDENCE,Consumer confidence (NBB),2014-01,12.0,A,balance,NBB,2026-09-05T12:48:35.250844+00:00
CONSUMER_CONFIDENCE,Consumer confidence (NBB),2014-02,10.0,A,balance,NBB,2026-09-05T12:48:35.250844+00:00
CONSUMER_CONFIDENCE,Consumer confidence (NBB),2014-03,7.0,A,balance,NBB,2026-09-05T12:48:35.250844+00:00
CONSUMER_CONFIDENCE,Consumer confidence (NBB),2014-04,4.0,A,balance,NBB,2026-09-05T12:48:35.250844+00:00
CONSUMER_CONFIDENCE,Consumer confidence (NBB),2014-05,5.0,A,balance,NBB,2026-09-05T12:48:35.250844+00:00
CONSUMER_CONFIDENCE,Consumer confidence (NBB),2014-06,5.0,A,balance,NBB,2026-09-05T12:48:35.250844+00:00
CONSUMER_CONFIDENCE,Consumer confidence (NBB),2014-07,-1.0,A,balance,NBB,2026-09-05T12:48:35.250844+00:00
CONSUMER_CONFIDENCE,Consumer confidence (NBB),2014-08,-5.0,A,balance,NBB,2026-09-05T12:48:35.250844+00:00
CONSUMER_CONFIDENCE,Consumer confidence (NBB),2014-09,-6.0,A,balance,NBB,2026-09-05T12:48:35.250844+00:00
CONSUMER_CONFIDENCE,Consumer confidence (NBB),2014-10,-9.0,A,balance,NBB,2026-09-05T12:48:35.250844+00:00
CONSUMER_CONFIDENCE,Consumer confidence (NBB),2014-11,-15.0,A,balance,NBB,2026-09-05T12:48:35.250844+00:00
CONSUMER_CONFIDENCE,Consumer confidence (NBB),2014-12,-10.0,A,balance,NBB,2026-09-05T12:48:35.250844+00:00
CONSUMER_CONFIDENCE,Consumer confidence (NBB),2015-01,-5.0,A,balance,NBB,2026-09-05T12:48:35.250844+00:00
CONSUMER_CONFIDENCE,Consumer confidence (NBB),2015-02,2.0,A,balance,NBB,2026-09-05T12:48:35.250844+00:00
CONSUMER_CONFIDENCE,Consumer confidence (NBB),2015-03,-1.0,A,balance,NBB,2026-09-05T12:48:35.250844+00:00
CONSUMER_CONFIDENCE,Consumer confidence (NBB),2015-04,0.0,A,balance,NBB,2026-09-05T12:48:35.250844+00:00
CONSUMER_CONFIDENCE,Consumer confidence (NBB),2015-05,4.0,A,balance,NBB,2026-09-05T12:48:35.250844+00:00
CONSUMER_CONFIDENCE,Consumer confidence (NBB),2015-06,8.0,A,balance,NBB,2026-09-05T12:48:35.250844+00:00
CONSUMER_CONFIDENCE,Consumer confidence (NBB),2015-07,-1.0,A,balance,NBB,2026-09-05T12:48:35.250844+00:00
CONSUMER_CONFIDENCE,Consumer confidence (NBB),2015-08,-4.0,A,balance,NBB,2026-09-05T12:48:35.250844+00:00
CONSUMER_CONFIDENCE,Consumer confidence (NBB),2015-09,-10.0,A,balance,NBB,2026-09-05T12:48:35.250844+00:00
CONSUMER_CONFIDENCE,Consumer confidence (NBB),2015-10,-6.0,A,balance,NBB,2026-09-05T12:48:35.250844+00:00
CONSUMER_CONFIDENCE,Consumer confidence (NBB),2015-11,-2.0,A,balance,NBB,2026-09-05T12:48:35.250844+00:00
CONSUMER_CONFIDENCE,Consumer confidence (NBB),2015-12,0.0,A,balance,NBB,2026-09-05T12:48:35.250844+00:00
CONSUMER_CONFIDENCE,Consumer confidence (NBB),2016-01,-1.0,A,balance,NBB,2026-09-05T12:48:35.250844+00:00
CONSUMER_CONFIDENCE,Consumer confidence (NBB),2016-02,-5.0,A,balance,NBB,2026-09-05T12:48:35.250844+00:00
CONSUMER_CONFIDENCE,Consumer confidence (NBB),2016-03,-11.0,A,balance,NBB,2026-09-05T12:48:35.250844+00:00
CONSUMER_CONFIDENCE,Consumer confidence (NBB),2016-04,-10.0,A,balance,NBB,2026-09-05T12:48:35.250844+00:00
CONSUMER_CONFIDENCE,Consumer confidence (NBB),2016-05,-11.0,A,balance,NBB,2026-09-05T12:48:35.250844+00:00
CONSUMER_CONFIDENCE,Consumer confidence (NBB),2016-06,-11.0,A,balance,NBB,2026-09-05T12:48:35.250844+00:00
CONSUMER_CONFIDENCE,Consumer confidence (NBB),2016-07,-6.0,A,balance,NBB,2026-09-05T12:48:35.250844+00:00
CONSUMER_CONFIDENCE,Consumer confidence (NBB),2016-08,-5.0,A,balance,NBB,2026-09-05T12:48:35.250844+00:00
CONSUMER_CONFIDENCE,Consumer confidence (NBB),2016-09,-7.0,A,balance,NBB,2026-09-05T12:48:35.250844+00:00
CONSUMER_CONFIDENCE,Consumer confidence (NBB),2016-10,-14.0,A,balance,NBB,2026-09-05T12:48:35.250844+00:00
CONSUMER_CONFIDENCE,Consumer confidence (NBB),2016-11,-6.0,A,balance,NBB,2026-09-05T12:48:35.250844+00:00
CONSUMER_CONFIDENCE,Consumer confidence (NBB),2016-12,-6.0,A,balance,NBB,2026-09-05T12:48:35.250844+00:00
CONSUMER_CONFIDENCE,Consumer confidence (NBB),2017-01,3.0,A,balance,NBB,2026-09-05T12:48:35.250844+00:00
CONSUMER_CONFIDENCE,Consumer confidence (NBB),2017-02,-2.0,A,balance,NBB,2026-09-05T12:48:35.250844+00:00
CONSUMER_CONFIDENCE,Consumer confidence (NBB),2017-03,0.0,A,balance,NBB,2026-09-05T12:48:35.250844+00:00
CONSUMER_CONFIDENCE,Consumer confidence (NBB),2017-04,3.0,A,balance,NBB,2026-09-05T12:48:35.250844+00:00
CONSUMER_CONFIDENCE,Consumer confidence (NBB),2017-05,3.0,A,balance,NBB,2026-09-05T12:48:35.250844+00:00
CONSUMER_CONFIDENCE,Consumer confidence (NBB),2017-06,4.0,A,balance,NBB,2026-09-05T12:48:35.250844+00:00
CONSUMER_CONFIDENCE,Consumer confidence (NBB),2017-07,4.0,A,balance,NBB,2026-09-05T12:48:35.250844+00:00
CONSUMER_CONFIDENCE,Consumer confidence (NBB),2017-08,6.0,A,balance,NBB,2026-09-05T12:48:35.250844+00:00
CONSUMER_CONFIDENCE,Consumer confidence (NBB),2017-09,6.0,A,balance,NBB,2026-09-05T12:48:35.250844+00:00
CONSUMER_CONFIDENCE,Consumer confidence (NBB),2017-10,9.0,A,balance,NBB,2026-09-05T12:48:35.250844+00:00
CONSUMER_CONFIDENCE,Consumer confidence (NBB),2017-11,6.0,A,balance,NBB,2026-09-05T12:48:35.250844+00:00
CONSUMER_CONFIDENCE,Consumer confidence (NBB),2017-12,5.0,A,balance,NBB,2026-09-05T12:48:35.250844+00:00
CONSUMER_CONFIDENCE,Consumer confidence (NBB),2018-01,11.0,A,balance,NBB,2026-09-05T12:48:35.250844+00:00
CONSUMER_CONFIDENCE,Consumer confidence (NBB),2018-02,8.0,A,balance,NBB,2026-09-05T12:48:35.250844+00:00
CONSUMER_CONFIDENCE,Consumer confidence (NBB),2018-03,10.0,A,balance,NBB,2026-09-05T12:48:35.250844+00:00
CONSUMER_CONFIDENCE,Consumer confidence (NBB),2018-04,5.0,A,balance,NBB,2026-09-05T12:48:35.250844+00:00
CONSUMER_CONFIDENCE,Consumer confidence (NBB),2018-05,2.0,A,balance,NBB,2026-09-05T12:48:35.250844+00:00
CONSUMER_CONFIDENCE,Consumer confidence (NBB),2018-06,-5.0,A,balance,NBB,2026-09-05T12:48:35.250844+00:00
CONSUMER_CONFIDENCE,Consumer confidence (NBB),2018-07,-1.0,A,balance,NBB,2026-09-05T12:48:35.250844+00:00
CONSUMER_CONFIDENCE,Consumer confidence (NBB),2018-08,-6.0,A,balance,NBB,2026-09-05T12:48:35.250844+00:00
CONSUMER_CONFIDENCE,Consumer confidence (NBB),2018-09,-1.0,A,balance,NBB,2026-09-05T12:48:35.250844+00:00
CONSUMER_CONFIDENCE,Consumer confidence (NBB),2018-10,-2.0,A,balance,NBB,2026-09-05T12:48:35.250844+00:00
CONSUMER_CONFIDENCE,Consumer confidence (NBB),2018-11,-4.0,A,balance,NBB,2026-09-05T12:48:35.250844+00:00
CONSUMER_CONFIDENCE,Consumer confidence (NBB),2018-12,-12.0,A,balance,NBB,2026-09-05T12:48:35.250844+00:00
CONSUMER_CONFIDENCE,Consumer confidence (NBB),2019-01,-13.0,A,balance,NBB,2026-09-05T12:48:35.250844+00:00
CONSUMER_CONFIDENCE,Consumer confidence (NBB),2019-02,-12.0,A,balance,NBB,2026-09-05T12:48:35.250844+00:00
CONSUMER_CONFIDENCE,Consumer confidence (NBB),2019-03,-11.0,A,balance,NBB,2026-09-05T12:48:35.250844+00:00
CONSUMER_CONFIDENCE,Consumer confidence (NBB),2019-04,-13.0,A,balance,NBB,2026-09-05T12:48:35.250844+00:00
CONSUMER_CONFIDENCE,Consumer confidence (NBB),2019-05,-9.0,P,balance,NBB,2026-09-05T12:48:35.250844+00:00
CONSUMER_CONFIDENCE,Consumer confidence (NBB),2019-06,-16.0,A,balance,NBB,2026-09-05T12:48:35.250844+00:00
CONSUMER_CONFIDENCE,Consumer confidence (NBB),2019-07,-15.0,A,balance,NBB,2026-09-05T12:48:35.250844+00:00
CONSUMER_CONFIDENCE,Consumer confidence (NBB),2019-08,-20.0,A,balance,NBB,2026-09-05T12:48:35.250844+00:00
CONSUMER_CONFIDENCE,Consumer confidence (NBB),2019-09,-22.0,A,balance,NBB,2026-09-05T12:48:35.250844+00:00
CONSUMER_CONFIDENCE,Consumer confidence (NBB),2019-10,-16.0,A,balance,NBB,2026-09-05T12:48:35.250844+00:00
CONSUMER_CONFIDENCE,Consumer confidence (NBB),2019-11,-14.0,A,balance,NBB,2026-09-05T12:48:35.250844+00:00
CONSUMER_CONFIDENCE,Consumer confidence (NBB),2019-12,-17.0,A,balance,NBB,2026-09-05T12:48:35.250844+00:00
CONSUMER_CONFIDENCE,Consumer confidence (NBB),2020-01,-15.0,A,balance,NBB,2026-09-05T12:48:35.250844+00:00
CONSUMER_CONFIDENCE,Consumer confidence (NBB),2020-02,-17.0,A,balance,NBB,2026-09-05T12:48:35.250844+00:00
CONSUMER_CONFIDENCE,Consumer confidence (NBB),2020-03,-28.0,A,balance,NBB,2026-09-05T12:48:35.250844+00:00
CONSUMER_CONFIDENCE,Consumer confidence (NBB),2020-04,-47.0,A,balance,NBB,2026-09-05T12:48:35.250844+00:00
CONSUMER_CONFIDENCE,Consumer confidence (NBB),2020-05,-28.0,A,balance,NBB,2026-09-05T12:48:35.250844+00:00
CONSUMER_CONFIDENCE,Consumer confidence (NBB),2020-06,-18.0,A,balance,NBB,2026-09-05T12:48:35.250844+00:00
CONSUMER_CONFIDENCE,Consumer confidence (NBB),2020-07,-22.0,A,balance,NBB,2026-09-05T12:48:35.250844+00:00
CONSUMER_CONFIDENCE,Consumer confidence (NBB),2020-08,-38.0,A,balance,NBB,2026-09-05T12:48:35.250844+00:00
CONSUMER_CONFIDENCE,Consumer confidence (NBB),2020-09,-20.0,A,balance,NBB,2026-09-05T12:48:35.250844+00:00
CONSUMER_CONFIDENCE,Consumer confidence (NBB),2020-10,-20.0,A,balance,NBB,2026-09-05T12:48:35.250844+00:00
CONSUMER_CONFIDENCE,Consumer confidence (NBB),2020-11,-17.0,A,balance,NBB,2026-09-05T12:48:35.250844+00:00
CONSUMER_CONFIDENCE,Consumer confidence (NBB),2020-12,-3.0,A,balance,NBB,2026-09-05T12:48:35.250844+00:00
CONSUMER_CONFIDENCE,Consumer confidence (NBB),2021-01,-5.0,A,balance,NBB,2026-09-05T12:48:35.250844+00:00
CONSUMER_CONFIDENCE,Consumer confidence (NBB),2021-02,-4.0,A,balance,NBB,2026-09-05T12:48:35.250844+00:00
CONSUMER_CONFIDENCE,Consumer confidence (NBB),2021-03,2.0,A,balance,NBB,2026-09-05T12:48:35.250844+00:00
CONSUMER_CONFIDENCE,Consumer confidence (NBB),2021-04,-2.0,A,balance,NBB,2026-09-05T12:48:35.250844+00:00
CONSUMER_CONFIDENCE,Consumer confidence (NBB),2021-05,9.0,A,balance,NBB,2026-09-05T12:48:35.250844+00:00
CONSUMER_CONFIDENCE,Consumer confidence (NBB),2021-06,19.0,A,balance,NBB,2026-09-05T12:48:35.250844+00:00
CONSUMER_CONFIDENCE,Consumer confidence (NBB),2021-07,19.0,A,balance,NBB,2026-09-05T12:48:35.250844+00:00
CONSUMER_CONFIDENCE,Consumer confidence (NBB),2021-08,5.0,A,balance,NBB,2026-09-05T12:48:35.250844+00:00
CONSUMER_CONFIDENCE,Consumer confidence (NBB),2021-09,10.0,A,balance,NBB,2026-09-05T12:48:35.250844+00:00
CONSUMER_CONFIDENCE,Consumer confidence (NBB),2021-10,0.0,A,balance,NBB,2026-09-05T12:48:35.250844+00:00
CONSUMER_CONFIDENCE,Consumer confidence (NBB),2021-11,-7.0,A,balance,NBB,2026-09-05T12:48:35.250844+00:00
CONSUMER_CONFIDENCE,Consumer confidence (NBB),2021-12,-16.0,A,balance,NBB,2026-09-05T12:48:35.250844+00:00
CONSUMER_CONFIDENCE,Consumer confidence (NBB),2022-01,-12.0,A,balance,NBB,2026-09-05T12:48:35.250844+00:00
CONSUMER_CONFIDENCE,Consumer confidence (NBB),2022-02,-11.0,A,balance,NBB,2026-09-05T12:48:35.250844+00:00
CONSUMER_CONFIDENCE,Consumer confidence (NBB),2022-03,-47.0,A,balance,NBB,2026-09-05T12:48:35.250844+00:00
CONSUMER_CONFIDENCE,Consumer confidence (NBB),2022-04,-38.0,A,balance,NBB,2026-09-05T12:48:35.250844+00:00
CONSUMER_CONFIDENCE,Consumer confidence (NBB),2022-05,-35.0,A,balance,NBB,2026-09-05T12:48:35.250844+00:00
CONSUMER_CONFIDENCE,Consumer confidence (NBB),2022-06,-31.0,A,balance,NBB,2026-09-05T12:48:35.250844+00:00
CONSUMER_CONFIDENCE,Consumer confidence (NBB),2022-07,-37.0,A,balance,NBB,2026-09-05T12:48:35.250844+00:00
CONSUMER_CONFIDENCE,Consumer confidence (NBB),2022-08,-32.0,A,balance,NBB,2026-09-05T12:48:35.250844+00:00
CONSUMER_CONFIDENCE,Consumer confidence (NBB),2022-09,-49.0,A,balance,NBB,2026-09-05T12:48:35.250844+00:00
CONSUMER_CONFIDENCE,Consumer confidence (NBB),2022-10,-42.0,A,balance,NBB,2026-09-05T12:48:35.250844+00:00
CONSUMER_CONFIDENCE,Consumer confidence (NBB),2022-11,-32.0,A,balance,NBB,2026-09-05T12:48:35.250844+00:00
CONSUMER_CONFIDENCE,Consumer confidence (NBB),2022-12,-25.0,A,balance,NBB,2026-09-05T12:48:35.250844+00:00
CONSUMER_CONFIDENCE,Consumer confidence (NBB),2023-01,-18.0,A,balance,NBB,2026-09-05T12:48:35.250844+00:00
CONSUMER_CONFIDENCE,Consumer confidence (NBB),2023-02,-13.0,A,balance,NBB,2026-09-05T12:48:35.250844+00:00
CONSUMER_CONFIDENCE,Consumer confidence (NBB),2023-03,-16.0,A,balance,NBB,2026-09-05T12:48:35.250844+00:00
CONSUMER_CONFIDENCE,Consumer confidence (NBB),2023-04,-15.0,A,balance,NBB,2026-09-05T12:48:35.250844+00:00
CONSUMER_CONFIDENCE,Consumer confidence (NBB),2023-05,-20.0,A,balance,NBB,2026-09-05T12:48:35.250844+00:00
CONSUMER_CONFIDENCE,Consumer confidence (NBB),2023-06,-15.0,A,balance,NBB,2026-09-05T12:48:35.250844+00:00
CONSUMER_CONFIDENCE,Consumer confidence (NBB),2023-07,-13.0,A,balance,NBB,2026-09-05T12:48:35.250844+00:00
CONSUMER_CONFIDENCE,Consumer confidence (NBB),2023-08,-17.0,A,balance,NBB,2026-09-05T12:48:35.250844+00:00
CONSUMER_CONFIDENCE,Consumer confidence (NBB),2023-09,-13.0,A,balance,NBB,2026-09-05T12:48:35.250844+00:00
CONSUMER_CONFIDENCE,Consumer confidence (NBB),2023-10,-17.0,A,balance,NBB,2026-09-05T12:48:35.250844+00:00
CONSUMER_CONFIDENCE,Consumer confidence (NBB),2023-11,-12.0,A,balance,NBB,2026-09-05T12:48:35.250844+00:00
CONSUMER_CONFIDENCE,Consumer confidence (NBB),2023-12,-9.0,A,balance,NBB,2026-09-05T12:48:35.250844+00:00
CONSUMER_CONFIDENCE,Consumer confidence (NBB),2024-01,-14.0,A,balance,NBB,2026-09-05T12:48:35.250844+00:00
CONSUMER_CONFIDENCE,Consumer confidence (NBB),2024-02,-19.0,A,balance,NBB,2026-09-05T12:48:35.250844+00:00
CONSUMER_CONFIDENCE,Consumer confidence (NBB),2024-03,-20.0,A,balance,NBB,2026-09-05T12:48:35.250844+00:00
CONSUMER_CONFIDENCE,Consumer confidence (NBB),2024-04,-18.0,A,balance,NBB,2026-09-05T12:48:35.250844+00:00
CONSUMER_CONFIDENCE,Consumer confidence (NBB),2024-05,-20.0,A,balance,NBB,2026-09-05T12:48:35.250844+00:00
CONSUMER_CONFIDENCE,Consumer confidence (NBB),2024-06,-15.0,A,balance,NBB,2026-09-05T12:48:35.250844+00:00
CONSUMER_CONFIDENCE,Consumer confidence (NBB),2024-07,-16.0,A,balance,NBB,2026-09-05T12:48:35.250844+00:00
CONSUMER_CONFIDENCE,Consumer confidence (NBB),2024-08,-10.0,A,balance,NBB,2026-09-05T12:48:35.250844+00:00
CONSUMER_CONFIDENCE,Consumer confidence (NBB),2024-09,-15.0,A,balance,NBB,2026-09-05T12:48:35.250844+00:00
CONSUMER_CONFIDENCE,Consumer confidence (NBB),2024-10,-15.0,A,balance,NBB,2026-09-05T12:48:35.250844+00:00
CONSUMER_CONFIDENCE,Consumer confidence (NBB),2024-11,-24.0,A,balance,NBB,2026-09-05T12:48:35.250844+00:00
CONSUMER_CONFIDENCE,Consumer confidence (NBB),2024-12,-24.0,A,balance,NBB,2026-09-05T12:48:35.250844+00:00
CONSUMER_CONFIDENCE,Consumer confidence (NBB),2025-01,-30.0,A,balance,NBB,2026-09-05T12:48:35.250844+00:00
CONSUMER_CONFIDENCE,Consumer confidence (NBB),2025-02,-24.0,A,balance,NBB,2026-09-05T12:48:35.250844+00:00
CONSUMER_CONFIDENCE,Consumer confidence (NBB),2025-03,-35.0,A,balance,NBB,2026-09-05T12:48:35.250844+00:00
CONSUMER_CONFIDENCE,Consumer confidence (NBB),2025-04,-44.0,A,balance,NBB,2026-09-05T12:48:35.250844+00:00
CONSUMER_CONFIDENCE,Consumer confidence (NBB),2025-05,-30.0,A,balance,NBB,2026-09-05T12:48:35.250844+00:00
CONSUMER_CONFIDENCE,Consumer confidence (NBB),2025-06,-24.0,A,balance,NBB,2026-09-05T12:48:35.250844+00:00
CONSUMER_CONFIDENCE,Consumer confidence (NBB),2025-07,-26.0,A,balance,NBB,2026-09-05T12:48:35.250844+00:00
CONSUMER_CONFIDENCE,Consumer confidence (NBB),2025-08,-26.0,A,balance,NBB,2026-09-05T12:48:35.250844+00:00
CONSUMER_CONFIDENCE,Consumer confidence (NBB),2025-09,-23.0,A,balance,NBB,2026-09-05T12:48:35.250844+00:00
CONSUMER_CONFIDENCE,Consumer confidence (NBB),2025-10,-27.0,A,balance,NBB,2026-09-05T12:48:35.250844+00:00
CONSUMER_CONFIDENCE,Consumer confidence (NBB),2025-11,-26.0,A,balance,NBB,2026-09-05T12:48:35.250844+00:00
CONSUMER_CONFIDENCE,Consumer confidence (NBB),2025-12,-28.0,A,balance,NBB,2026-09-05T12:48:35.250844+00:00
CONSUMER_CONFIDENCE,Consumer confidence (NBB),2026-01,-29.0,A,balance,NBB,2026-09-05T12:48:35.250844+00:00
CONSUMER_CONFIDENCE,Consumer confidence (NBB),2026-02,-25.0,A,balance,NBB,2026-09-05T12:48:35.250844+00:00
CONSUMER_CONFIDENCE,Consumer confidence (NBB),2026-03,-45.0,A,balance,NBB,2026-09-05T12:48:35.250844+00:00
CONSUMER_CONFIDENCE,Consumer confidence (NBB),2026-04,-43.0,A,balance,NBB,2026-09-05T12:48:35.250844+00:00
CONSUMER_CONFIDENCE,Consumer confidence (NBB),2026-05,-37.0,A,balance,NBB,2026-09-05T12:48:35.250844+00:00
CONSUMER_CONFIDENCE,Consumer confidence (NBB),2026-06,-31.0,A,balance,NBB,2026-09-05T12:48:35.250844+00:00
CONSUMER_CONFIDENCE,Consumer confidence (NBB),2026-07,-27.0,A,balance,NBB,2026-09-05T12:48:35.250844+00:00
CONSUMER_CONFIDENCE,Consumer confidence (NBB),2026-08,-32.0,A,balance,NBB,2026-09-05T12:48:35.250844+00:00
CONSUMER_CONFIDENCE,Consumer confidence (NBB),2026-09,-41.0,A,balance,NBB,2026-09-22T09:37:31.992907+00:00
EC_CONS_CONF_BE,"Consumer confidence indicator, Belgium",2008-01,-11.6,A,balance,Eurostat,2026-09-14T05:58:46.582618+00:00
EC_CONS_CONF_BE,"Consumer confidence indicator, Belgium",2008-02,-10.2,A,balance,Eurostat,2026-09-05T12:48:35.250844+00:00
EC_CONS_CONF_BE,"Consumer confidence indicator, Belgium",2008-03,-10.2,A,balance,Eurostat,2026-09-05T12:48:35.250844+00:00
EC_CONS_CONF_BE,"Consumer confidence indicator, Belgium",2008-04,-11.9,A,balance,Eurostat,2026-09-14T05:58:46.582618+00:00
EC_CONS_CONF_BE,"Consumer confidence indicator, Belgium",2008-05,-14.1,A,balance,Eurostat,2026-09-05T12:48:35.250844+00:00
EC_CONS_CONF_BE,"Consumer confidence indicator, Belgium",2008-06,-16.9,A,balance,Eurostat,2026-09-05T12:48:35.250844+00:00
EC_CONS_CONF_BE,"Consumer confidence indicator, Belgium",2008-07,-17.9,A,balance,Eurostat,2026-09-14T05:58:46.582618+00:00
EC_CONS_CONF_BE,"Consumer confidence indicator, Belgium",2008-08,-15.0,A,balance,Eurostat,2026-09-05T12:48:35.250844+00:00
EC_CONS_CONF_BE,"Consumer confidence indicator, Belgium",2008-09,-12.5,A,balance,Eurostat,2026-09-05T12:48:35.250844+00:00
EC_CONS_CONF_BE,"Consumer confidence indicator, Belgium",2008-10,-15.3,A,balance,Eurostat,2026-09-29T11:03:40.193567+00:00
EC_CONS_CONF_BE,"Consumer confidence indicator, Belgium",2008-11,-14.9,A,balance,Eurostat,2026-09-14T05:58:46.582618+00:00
EC_CONS_CONF_BE,"Consumer confidence indicator, Belgium",2008-12,-17.7,A,balance,Eurostat,2026-09-05T12:48:35.250844+00:00
EC_CONS_CONF_BE,"Consumer confidence indicator, Belgium",2009-01,-12.6,A,balance,Eurostat,2026-09-14T05:58:46.582618+00:00
EC_CONS_CONF_BE,"Consumer confidence indicator, Belgium",2009-02,-15.3,A,balance,Eurostat,2026-09-05T12:48:35.250844+00:00
EC_CONS_CONF_BE,"Consumer confidence indicator, Belgium",2009-03,-14.6,A,balance,Eurostat,2026-09-05T12:48:35.250844+00:00
EC_CONS_CONF_BE,"Consumer confidence indicator, Belgium",2009-04,-12.6,A,balance,Eurostat,2026-09-14T05:58:46.582618+00:00
EC_CONS_CONF_BE,"Consumer confidence indicator, Belgium",2009-05,-12.1,A,balance,Eurostat,2026-09-05T12:48:35.250844+00:00
EC_CONS_CONF_BE,"Consumer confidence indicator, Belgium",2009-06,-9.3,A,balance,Eurostat,2026-09-14T05:58:46.582618+00:00
EC_CONS_CONF_BE,"Consumer confidence indicator, Belgium",2009-07,-10.7,A,balance,Eurostat,2026-09-14T05:58:46.582618+00:00
EC_CONS_CONF_BE,"Consumer confidence indicator, Belgium",2009-08,-7.1,A,balance,Eurostat,2026-09-05T12:48:35.250844+00:00
EC_CONS_CONF_BE,"Consumer confidence indicator, Belgium",2009-09,-6.2,A,balance,Eurostat,2026-09-29T11:03:40.193567+00:00
EC_CONS_CONF_BE,"Consumer confidence indicator, Belgium",2009-10,-7.2,A,balance,Eurostat,2026-09-05T12:48:35.250844+00:00
EC_CONS_CONF_BE,"Consumer confidence indicator, Belgium",2009-11,-5.2,A,balance,Eurostat,2026-09-05T12:48:35.250844+00:00
EC_CONS_CONF_BE,"Consumer confidence indicator, Belgium",2009-12,-8.8,A,balance,Eurostat,2026-09-14T05:58:46.582618+00:00
EC_CONS_CONF_BE,"Consumer confidence indicator, Belgium",2010-01,-8.1,A,balance,Eurostat,2026-09-14T05:58:46.582618+00:00
EC_CONS_CONF_BE,"Consumer confidence indicator, Belgium",2010-02,-9.9,A,balance,Eurostat,2026-09-14T05:58:46.582618+00:00
EC_CONS_CONF_BE,"Consumer confidence indicator, Belgium",2010-03,-8.1,A,balance,Eurostat,2026-09-14T05:58:46.582618+00:00
EC_CONS_CONF_BE,"Consumer confidence indicator, Belgium",2010-04,-5.4,A,balance,Eurostat,2026-09-14T05:58:46.582618+00:00
EC_CONS_CONF_BE,"Consumer confidence indicator, Belgium",2010-05,-10.6,A,balance,Eurostat,2026-09-14T05:58:46.582618+00:00
EC_CONS_CONF_BE,"Consumer confidence indicator, Belgium",2010-06,-8.8,A,balance,Eurostat,2026-09-14T05:58:46.582618+00:00
EC_CONS_CONF_BE,"Consumer confidence indicator, Belgium",2010-07,-7.3,A,balance,Eurostat,2026-09-14T05:58:46.582618+00:00
EC_CONS_CONF_BE,"Consumer confidence indicator, Belgium",2010-08,-4.7,A,balance,Eurostat,2026-09-05T12:48:35.250844+00:00
EC_CONS_CONF_BE,"Consumer confidence indicator, Belgium",2010-09,-5.3,A,balance,Eurostat,2026-09-05T12:48:35.250844+00:00
EC_CONS_CONF_BE,"Consumer confidence indicator, Belgium",2010-10,-4.9,A,balance,Eurostat,2026-09-05T12:48:35.250844+00:00
EC_CONS_CONF_BE,"Consumer confidence indicator, Belgium",2010-11,-4.0,A,balance,Eurostat,2026-09-29T11:03:40.193567+00:00
EC_CONS_CONF_BE,"Consumer confidence indicator, Belgium",2010-12,-5.6,A,balance,Eurostat,2026-09-14T05:58:46.582618+00:00
EC_CONS_CONF_BE,"Consumer confidence indicator, Belgium",2011-01,-8.6,A,balance,Eurostat,2026-09-14T05:58:46.582618+00:00
EC_CONS_CONF_BE,"Consumer confidence indicator, Belgium",2011-02,-5.5,A,balance,Eurostat,2026-09-05T12:48:35.250844+00:00
EC_CONS_CONF_BE,"Consumer confidence indicator, Belgium",2011-03,-9.0,A,balance,Eurostat,2026-09-14T05:58:46.582618+00:00
EC_CONS_CONF_BE,"Consumer confidence indicator, Belgium",2011-04,-9.1,A,balance,Eurostat,2026-09-14T05:58:46.582618+00:00
EC_CONS_CONF_BE,"Consumer confidence indicator, Belgium",2011-05,-7.6,A,balance,Eurostat,2026-09-05T12:48:35.250844+00:00
EC_CONS_CONF_BE,"Consumer confidence indicator, Belgium",2011-06,-9.0,A,balance,Eurostat,2026-09-29T11:03:40.193567+00:00
EC_CONS_CONF_BE,"Consumer confidence indicator, Belgium",2011-07,-9.5,A,balance,Eurostat,2026-09-05T12:48:35.250844+00:00
EC_CONS_CONF_BE,"Consumer confidence indicator, Belgium",2011-08,-10.3,A,balance,Eurostat,2026-09-05T12:48:35.250844+00:00
EC_CONS_CONF_BE,"Consumer confidence indicator, Belgium",2011-09,-11.6,A,balance,Eurostat,2026-09-05T12:48:35.250844+00:00
EC_CONS_CONF_BE,"Consumer confidence indicator, Belgium",2011-10,-8.2,A,balance,Eurostat,2026-09-05T12:48:35.250844+00:00
EC_CONS_CONF_BE,"Consumer confidence indicator, Belgium",2011-11,-12.1,A,balance,Eurostat,2026-09-05T12:48:35.250844+00:00
EC_CONS_CONF_BE,"Consumer confidence indicator, Belgium",2011-12,-11.9,A,balance,Eurostat,2026-09-14T05:58:46.582618+00:00
EC_CONS_CONF_BE,"Consumer confidence indicator, Belgium",2012-01,-14.5,A,balance,Eurostat,2026-09-05T12:48:35.250844+00:00
EC_CONS_CONF_BE,"Consumer confidence indicator, Belgium",2012-02,-16.5,A,balance,Eurostat,2026-09-14T05:58:46.582618+00:00
EC_CONS_CONF_BE,"Consumer confidence indicator, Belgium",2012-03,-12.8,A,balance,Eurostat,2026-09-14T05:58:46.582618+00:00
EC_CONS_CONF_BE,"Consumer confidence indicator, Belgium",2012-04,-9.1,A,balance,Eurostat,2026-09-14T05:58:46.582618+00:00
EC_CONS_CONF_BE,"Consumer confidence indicator, Belgium",2012-05,-11.2,A,balance,Eurostat,2026-09-05T12:48:35.250844+00:00
EC_CONS_CONF_BE,"Consumer confidence indicator, Belgium",2012-06,-9.5,A,balance,Eurostat,2026-09-05T12:48:35.250844+00:00
EC_CONS_CONF_BE,"Consumer confidence indicator, Belgium",2012-07,-10.2,A,balance,Eurostat,2026-09-05T12:48:35.250844+00:00
EC_CONS_CONF_BE,"Consumer confidence indicator, Belgium",2012-08,-10.2,A,balance,Eurostat,2026-09-14T05:58:46.582618+00:00
EC_CONS_CONF_BE,"Consumer confidence indicator, Belgium",2012-09,-10.6,A,balance,Eurostat,2026-09-05T12:48:35.250844+00:00
EC_CONS_CONF_BE,"Consumer confidence indicator, Belgium",2012-10,-12.6,A,balance,Eurostat,2026-09-14T05:58:46.582618+00:00
EC_CONS_CONF_BE,"Consumer confidence indicator, Belgium",2012-11,-15.5,A,balance,Eurostat,2026-09-05T12:48:35.250844+00:00
EC_CONS_CONF_BE,"Consumer confidence indicator, Belgium",2012-12,-15.9,A,balance,Eurostat,2026-09-14T05:58:46.582618+00:00
EC_CONS_CONF_BE,"Consumer confidence indicator, Belgium",2013-01,-13.6,A,balance,Eurostat,2026-09-05T12:48:35.250844+00:00
EC_CONS_CONF_BE,"Consumer confidence indicator, Belgium",2013-02,-11.5,A,balance,Eurostat,2026-09-05T12:48:35.250844+00:00
EC_CONS_CONF_BE,"Consumer confidence indicator, Belgium",2013-03,-13.9,A,balance,Eurostat,2026-09-14T05:58:46.582618+00:00
EC_CONS_CONF_BE,"Consumer confidence indicator, Belgium",2013-04,-11.9,A,balance,Eurostat,2026-09-14T05:58:46.582618+00:00
EC_CONS_CONF_BE,"Consumer confidence indicator, Belgium",2013-05,-10.9,A,balance,Eurostat,2026-09-14T05:58:46.582618+00:00
EC_CONS_CONF_BE,"Consumer confidence indicator, Belgium",2013-06,-10.9,A,balance,Eurostat,2026-09-05T12:48:35.250844+00:00
EC_CONS_CONF_BE,"Consumer confidence indicator, Belgium",2013-07,-12.2,A,balance,Eurostat,2026-09-05T12:48:35.250844+00:00
EC_CONS_CONF_BE,"Consumer confidence indicator, Belgium",2013-08,-8.2,A,balance,Eurostat,2026-09-05T12:48:35.250844+00:00
EC_CONS_CONF_BE,"Consumer confidence indicator, Belgium",2013-09,-3.5,A,balance,Eurostat,2026-09-29T11:03:40.193567+00:00
EC_CONS_CONF_BE,"Consumer confidence indicator, Belgium",2013-10,-2.4,A,balance,Eurostat,2026-09-14T05:58:46.582618+00:00
EC_CONS_CONF_BE,"Consumer confidence indicator, Belgium",2013-11,-1.2,A,balance,Eurostat,2026-09-29T11:03:40.193567+00:00
EC_CONS_CONF_BE,"Consumer confidence indicator, Belgium",2013-12,-1.4,A,balance,Eurostat,2026-09-14T05:58:46.582618+00:00
EC_CONS_CONF_BE,"Consumer confidence indicator, Belgium",2014-01,-1.3,A,balance,Eurostat,2026-09-05T12:48:35.250844+00:00
EC_CONS_CONF_BE,"Consumer confidence indicator, Belgium",2014-02,-1.0,A,balance,Eurostat,2026-09-05T12:48:35.250844+00:00
EC_CONS_CONF_BE,"Consumer confidence indicator, Belgium",2014-03,-4.2,A,balance,Eurostat,2026-09-05T12:48:35.250844+00:00
EC_CONS_CONF_BE,"Consumer confidence indicator, Belgium",2014-04,-5.0,A,balance,Eurostat,2026-09-14T05:58:46.582618+00:00
EC_CONS_CONF_BE,"Consumer confidence indicator, Belgium",2014-05,-4.9,A,balance,Eurostat,2026-09-14T05:58:46.582618+00:00
EC_CONS_CONF_BE,"Consumer confidence indicator, Belgium",2014-06,-4.4,A,balance,Eurostat,2026-09-29T11:03:40.193567+00:00
EC_CONS_CONF_BE,"Consumer confidence indicator, Belgium",2014-07,-4.0,A,balance,Eurostat,2026-09-14T05:58:46.582618+00:00
EC_CONS_CONF_BE,"Consumer confidence indicator, Belgium",2014-08,-6.8,A,balance,Eurostat,2026-09-05T12:48:35.250844+00:00
EC_CONS_CONF_BE,"Consumer confidence indicator, Belgium",2014-09,-6.8,A,balance,Eurostat,2026-09-29T11:03:40.193567+00:00
EC_CONS_CONF_BE,"Consumer confidence indicator, Belgium",2014-10,-9.0,A,balance,Eurostat,2026-09-29T11:03:40.193567+00:00
EC_CONS_CONF_BE,"Consumer confidence indicator, Belgium",2014-11,-12.4,A,balance,Eurostat,2026-09-14T05:58:46.582618+00:00
EC_CONS_CONF_BE,"Consumer confidence indicator, Belgium",2014-12,-11.8,A,balance,Eurostat,2026-09-05T12:48:35.250844+00:00
EC_CONS_CONF_BE,"Consumer confidence indicator, Belgium",2015-01,-8.4,A,balance,Eurostat,2026-09-14T05:58:46.582618+00:00
EC_CONS_CONF_BE,"Consumer confidence indicator, Belgium",2015-02,-5.8,A,balance,Eurostat,2026-09-05T12:48:35.250844+00:00
EC_CONS_CONF_BE,"Consumer confidence indicator, Belgium",2015-03,-6.5,A,balance,Eurostat,2026-09-14T05:58:46.582618+00:00
EC_CONS_CONF_BE,"Consumer confidence indicator, Belgium",2015-04,-6.0,A,balance,Eurostat,2026-09-14T05:58:46.582618+00:00
EC_CONS_CONF_BE,"Consumer confidence indicator, Belgium",2015-05,-4.6,A,balance,Eurostat,2026-09-14T05:58:46.582618+00:00
EC_CONS_CONF_BE,"Consumer confidence indicator, Belgium",2015-06,-5.8,A,balance,Eurostat,2026-09-05T12:48:35.250844+00:00
EC_CONS_CONF_BE,"Consumer confidence indicator, Belgium",2015-07,-6.7,A,balance,Eurostat,2026-09-29T11:03:40.193567+00:00
EC_CONS_CONF_BE,"Consumer confidence indicator, Belgium",2015-08,-8.4,A,balance,Eurostat,2026-09-29T11:03:40.193567+00:00
EC_CONS_CONF_BE,"Consumer confidence indicator, Belgium",2015-09,-9.1,A,balance,Eurostat,2026-09-05T12:48:35.250844+00:00
EC_CONS_CONF_BE,"Consumer confidence indicator, Belgium",2015-10,-8.2,A,balance,Eurostat,2026-09-05T12:48:35.250844+00:00
EC_CONS_CONF_BE,"Consumer confidence indicator, Belgium",2015-11,-8.4,A,balance,Eurostat,2026-09-14T05:58:46.582618+00:00
EC_CONS_CONF_BE,"Consumer confidence indicator, Belgium",2015-12,-6.2,A,balance,Eurostat,2026-09-05T12:48:35.250844+00:00
EC_CONS_CONF_BE,"Consumer confidence indicator, Belgium",2016-01,-7.0,A,balance,Eurostat,2026-09-05T12:48:35.250844+00:00
EC_CONS_CONF_BE,"Consumer confidence indicator, Belgium",2016-02,-7.9,A,balance,Eurostat,2026-09-14T05:58:46.582618+00:00
EC_CONS_CONF_BE,"Consumer confidence indicator, Belgium",2016-03,-9.3,A,balance,Eurostat,2026-09-14T05:58:46.582618+00:00
EC_CONS_CONF_BE,"Consumer confidence indicator, Belgium",2016-04,-9.3,A,balance,Eurostat,2026-09-14T05:58:46.582618+00:00
EC_CONS_CONF_BE,"Consumer confidence indicator, Belgium",2016-05,-10.0,A,balance,Eurostat,2026-09-05T12:48:35.250844+00:00
EC_CONS_CONF_BE,"Consumer confidence indicator, Belgium",2016-06,-9.0,A,balance,Eurostat,2026-09-05T12:48:35.250844+00:00
EC_CONS_CONF_BE,"Consumer confidence indicator, Belgium",2016-07,-8.5,A,balance,Eurostat,2026-09-29T11:03:40.193567+00:00
EC_CONS_CONF_BE,"Consumer confidence indicator, Belgium",2016-08,-6.8,A,balance,Eurostat,2026-09-14T05:58:46.582618+00:00
EC_CONS_CONF_BE,"Consumer confidence indicator, Belgium",2016-09,-7.6,A,balance,Eurostat,2026-09-05T12:48:35.250844+00:00
EC_CONS_CONF_BE,"Consumer confidence indicator, Belgium",2016-10,-9.5,A,balance,Eurostat,2026-09-29T11:03:40.193567+00:00
EC_CONS_CONF_BE,"Consumer confidence indicator, Belgium",2016-11,-6.4,A,balance,Eurostat,2026-09-05T12:48:35.250844+00:00
EC_CONS_CONF_BE,"Consumer confidence indicator, Belgium",2016-12,-8.0,A,balance,Eurostat,2026-09-29T11:03:40.193567+00:00
EC_CONS_CONF_BE,"Consumer confidence indicator, Belgium",2017-01,-5.5,A,balance,Eurostat,2026-09-05T12:48:35.250844+00:00
EC_CONS_CONF_BE,"Consumer confidence indicator, Belgium",2017-02,-6.1,A,balance,Eurostat,2026-09-14T05:58:46.582618+00:00
EC_CONS_CONF_BE,"Consumer confidence indicator, Belgium",2017-03,-5.2,A,balance,Eurostat,2026-09-14T05:58:46.582618+00:00
EC_CONS_CONF_BE,"Consumer confidence indicator, Belgium",2017-04,-4.6,A,balance,Eurostat,2026-09-14T05:58:46.582618+00:00
EC_CONS_CONF_BE,"Consumer confidence indicator, Belgium",2017-05,-4.8,A,balance,Eurostat,2026-09-14T05:58:46.582618+00:00
EC_CONS_CONF_BE,"Consumer confidence indicator, Belgium",2017-06,-5.9,A,balance,Eurostat,2026-09-05T12:48:35.250844+00:00
EC_CONS_CONF_BE,"Consumer confidence indicator, Belgium",2017-07,-2.7,A,balance,Eurostat,2026-09-05T12:48:35.250844+00:00
EC_CONS_CONF_BE,"Consumer confidence indicator, Belgium",2017-08,-4.2,A,balance,Eurostat,2026-09-29T11:03:40.193567+00:00
EC_CONS_CONF_BE,"Consumer confidence indicator, Belgium",2017-09,-2.1,A,balance,Eurostat,2026-09-05T12:48:35.250844+00:00
EC_CONS_CONF_BE,"Consumer confidence indicator, Belgium",2017-10,-0.8,A,balance,Eurostat,2026-09-05T12:48:35.250844+00:00
EC_CONS_CONF_BE,"Consumer confidence indicator, Belgium",2017-11,-1.8,A,balance,Eurostat,2026-09-14T05:58:46.582618+00:00
EC_CONS_CONF_BE,"Consumer confidence indicator, Belgium",2017-12,-2.9,A,balance,Eurostat,2026-09-29T11:03:40.193567+00:00
EC_CONS_CONF_BE,"Consumer confidence indicator, Belgium",2018-01,-1.9,A,balance,Eurostat,2026-09-14T05:58:46.582618+00:00
EC_CONS_CONF_BE,"Consumer confidence indicator, Belgium",2018-02,-3.5,A,balance,Eurostat,2026-09-14T05:58:46.582618+00:00
EC_CONS_CONF_BE,"Consumer confidence indicator, Belgium",2018-03,-2.5,A,balance,Eurostat,2026-09-14T05:58:46.582618+00:00
EC_CONS_CONF_BE,"Consumer confidence indicator, Belgium",2018-04,-3.8,A,balance,Eurostat,2026-09-14T05:58:46.582618+00:00
EC_CONS_CONF_BE,"Consumer confidence indicator, Belgium",2018-05,-4.2,A,balance,Eurostat,2026-09-05T12:48:35.250844+00:00
EC_CONS_CONF_BE,"Consumer confidence indicator, Belgium",2018-06,-8.6,A,balance,Eurostat,2026-09-05T12:48:35.250844+00:00
EC_CONS_CONF_BE,"Consumer confidence indicator, Belgium",2018-07,-6.5,A,balance,Eurostat,2026-09-14T05:58:46.582618+00:00
EC_CONS_CONF_BE,"Consumer confidence indicator, Belgium",2018-08,-8.2,A,balance,Eurostat,2026-09-14T05:58:46.582618+00:00
EC_CONS_CONF_BE,"Consumer confidence indicator, Belgium",2018-09,-6.3,A,balance,Eurostat,2026-09-05T12:48:35.250844+00:00
EC_CONS_CONF_BE,"Consumer confidence indicator, Belgium",2018-10,-5.0,A,balance,Eurostat,2026-09-05T12:48:35.250844+00:00
EC_CONS_CONF_BE,"Consumer confidence indicator, Belgium",2018-11,-7.1,A,balance,Eurostat,2026-09-14T05:58:46.582618+00:00
EC_CONS_CONF_BE,"Consumer confidence indicator, Belgium",2018-12,-11.1,A,balance,Eurostat,2026-09-29T11:03:40.193567+00:00
EC_CONS_CONF_BE,"Consumer confidence indicator, Belgium",2019-01,-10.8,A,balance,Eurostat,2026-09-14T05:58:46.582618+00:00
EC_CONS_CONF_BE,"Consumer confidence indicator, Belgium",2019-02,-10.7,A,balance,Eurostat,2026-09-05T12:48:35.250844+00:00
EC_CONS_CONF_BE,"Consumer confidence indicator, Belgium",2019-03,-8.5,A,balance,Eurostat,2026-09-14T05:58:46.582618+00:00
EC_CONS_CONF_BE,"Consumer confidence indicator, Belgium",2019-04,-7.9,A,balance,Eurostat,2026-09-14T05:58:46.582618+00:00
EC_CONS_CONF_BE,"Consumer confidence indicator, Belgium",2019-05,-7.6,A,balance,Eurostat,2026-09-29T11:03:40.193567+00:00
EC_CONS_CONF_BE,"Consumer confidence indicator, Belgium",2019-06,-10.4,A,balance,Eurostat,2026-09-29T11:03:40.193567+00:00
EC_CONS_CONF_BE,"Consumer confidence indicator, Belgium",2019-07,-10.1,A,balance,Eurostat,2026-09-29T11:03:40.193567+00:00
EC_CONS_CONF_BE,"Consumer confidence indicator, Belgium",2019-08,-11.6,A,balance,Eurostat,2026-09-29T11:03:40.193567+00:00
EC_CONS_CONF_BE,"Consumer confidence indicator, Belgium",2019-09,-13.4,A,balance,Eurostat,2026-09-29T11:03:40.193567+00:00
EC_CONS_CONF_BE,"Consumer confidence indicator, Belgium",2019-10,-11.2,A,balance,Eurostat,2026-09-29T11:03:40.193567+00:00
EC_CONS_CONF_BE,"Consumer confidence indicator, Belgium",2019-11,-11.2,A,balance,Eurostat,2026-09-14T05:58:46.582618+00:00
EC_CONS_CONF_BE,"Consumer confidence indicator, Belgium",2019-12,-11.6,A,balance,Eurostat,2026-09-14T05:58:46.582618+00:00
EC_CONS_CONF_BE,"Consumer confidence indicator, Belgium",2020-01,-10.3,A,balance,Eurostat,2026-09-05T12:48:35.250844+00:00
EC_CONS_CONF_BE,"Consumer confidence indicator, Belgium",2020-02,-8.0,A,balance,Eurostat,2026-09-05T12:48:35.250844+00:00
EC_CONS_CONF_BE,"Consumer confidence indicator, Belgium",2020-03,-12.2,A,balance,Eurostat,2026-09-14T05:58:46.582618+00:00
EC_CONS_CONF_BE,"Consumer confidence indicator, Belgium",2020-04,-21.0,A,balance,Eurostat,2026-09-14T05:58:46.582618+00:00
EC_CONS_CONF_BE,"Consumer confidence indicator, Belgium",2020-05,-14.6,A,balance,Eurostat,2026-09-14T05:58:46.582618+00:00
EC_CONS_CONF_BE,"Consumer confidence indicator, Belgium",2020-06,-11.1,A,balance,Eurostat,2026-09-05T12:48:35.250844+00:00
EC_CONS_CONF_BE,"Consumer confidence indicator, Belgium",2020-07,-12.9,A,balance,Eurostat,2026-09-14T05:58:46.582618+00:00
EC_CONS_CONF_BE,"Consumer confidence indicator, Belgium",2020-08,-16.3,A,balance,Eurostat,2026-09-29T11:03:40.193567+00:00
EC_CONS_CONF_BE,"Consumer confidence indicator, Belgium",2020-09,-10.6,A,balance,Eurostat,2026-09-05T12:48:35.250844+00:00
EC_CONS_CONF_BE,"Consumer confidence indicator, Belgium",2020-10,-10.2,A,balance,Eurostat,2026-09-29T11:03:40.193567+00:00
EC_CONS_CONF_BE,"Consumer confidence indicator, Belgium",2020-11,-9.7,A,balance,Eurostat,2026-09-29T11:03:40.193567+00:00
EC_CONS_CONF_BE,"Consumer confidence indicator, Belgium",2020-12,-4.6,A,balance,Eurostat,2026-09-05T12:48:35.250844+00:00
EC_CONS_CONF_BE,"Consumer confidence indicator, Belgium",2021-01,-5.0,A,balance,Eurostat,2026-09-14T05:58:46.582618+00:00
EC_CONS_CONF_BE,"Consumer confidence indicator, Belgium",2021-02,-5.1,A,balance,Eurostat,2026-09-14T05:58:46.582618+00:00
EC_CONS_CONF_BE,"Consumer confidence indicator, Belgium",2021-03,-2.9,A,balance,Eurostat,2026-09-14T05:58:46.582618+00:00
EC_CONS_CONF_BE,"Consumer confidence indicator, Belgium",2021-04,-3.3,A,balance,Eurostat,2026-09-29T11:03:40.193567+00:00
EC_CONS_CONF_BE,"Consumer confidence indicator, Belgium",2021-05,0.2,A,balance,Eurostat,2026-09-29T11:03:40.193567+00:00
EC_CONS_CONF_BE,"Consumer confidence indicator, Belgium",2021-06,2.4,A,balance,Eurostat,2026-09-29T11:03:40.193567+00:00
EC_CONS_CONF_BE,"Consumer confidence indicator, Belgium",2021-07,1.4,A,balance,Eurostat,2026-09-29T11:03:40.193567+00:00
EC_CONS_CONF_BE,"Consumer confidence indicator, Belgium",2021-08,-2.9,A,balance,Eurostat,2026-09-29T11:03:40.193567+00:00
EC_CONS_CONF_BE,"Consumer confidence indicator, Belgium",2021-09,-1.2,A,balance,Eurostat,2026-09-29T11:03:40.193567+00:00
EC_CONS_CONF_BE,"Consumer confidence indicator, Belgium",2021-10,-5.7,A,balance,Eurostat,2026-09-14T05:58:46.582618+00:00
EC_CONS_CONF_BE,"Consumer confidence indicator, Belgium",2021-11,-8.2,A,balance,Eurostat,2026-09-14T05:58:46.582618+00:00
EC_CONS_CONF_BE,"Consumer confidence indicator, Belgium",2021-12,-9.7,A,balance,Eurostat,2026-09-14T05:58:46.582618+00:00
EC_CONS_CONF_BE,"Consumer confidence indicator, Belgium",2022-01,-10.0,A,balance,Eurostat,2026-09-14T05:58:46.582618+00:00
EC_CONS_CONF_BE,"Consumer confidence indicator, Belgium",2022-02,-10.0,A,balance,Eurostat,2026-09-14T05:58:46.582618+00:00
EC_CONS_CONF_BE,"Consumer confidence indicator, Belgium",2022-03,-21.7,A,balance,Eurostat,2026-09-14T05:58:46.582618+00:00
EC_CONS_CONF_BE,"Consumer confidence indicator, Belgium",2022-04,-18.4,A,balance,Eurostat,2026-09-14T05:58:46.582618+00:00
EC_CONS_CONF_BE,"Consumer confidence indicator, Belgium",2022-05,-18.9,A,balance,Eurostat,2026-09-29T11:03:40.193567+00:00
EC_CONS_CONF_BE,"Consumer confidence indicator, Belgium",2022-06,-19.0,A,balance,Eurostat,2026-09-14T05:58:46.582618+00:00
EC_CONS_CONF_BE,"Consumer confidence indicator, Belgium",2022-07,-20.4,A,balance,Eurostat,2026-09-29T11:03:40.193567+00:00
EC_CONS_CONF_BE,"Consumer confidence indicator, Belgium",2022-08,-19.6,A,balance,Eurostat,2026-09-14T05:58:46.582618+00:00
EC_CONS_CONF_BE,"Consumer confidence indicator, Belgium",2022-09,-28.1,A,balance,Eurostat,2026-09-05T12:48:35.250844+00:00
EC_CONS_CONF_BE,"Consumer confidence indicator, Belgium",2022-10,-26.6,A,balance,Eurostat,2026-09-14T05:58:46.582618+00:00
EC_CONS_CONF_BE,"Consumer confidence indicator, Belgium",2022-11,-22.2,A,balance,Eurostat,2026-09-14T05:58:46.582618+00:00
EC_CONS_CONF_BE,"Consumer confidence indicator, Belgium",2022-12,-18.6,A,balance,Eurostat,2026-09-14T05:58:46.582618+00:00
EC_CONS_CONF_BE,"Consumer confidence indicator, Belgium",2023-01,-16.0,A,balance,Eurostat,2026-09-14T05:58:46.582618+00:00
EC_CONS_CONF_BE,"Consumer confidence indicator, Belgium",2023-02,-13.2,A,balance,Eurostat,2026-09-14T05:58:46.582618+00:00
EC_CONS_CONF_BE,"Consumer confidence indicator, Belgium",2023-03,-13.9,A,balance,Eurostat,2026-09-14T05:58:46.582618+00:00
EC_CONS_CONF_BE,"Consumer confidence indicator, Belgium",2023-04,-11.9,A,balance,Eurostat,2026-09-29T11:03:40.193567+00:00
EC_CONS_CONF_BE,"Consumer confidence indicator, Belgium",2023-05,-14.4,A,balance,Eurostat,2026-09-14T05:58:46.582618+00:00
EC_CONS_CONF_BE,"Consumer confidence indicator, Belgium",2023-06,-13.9,A,balance,Eurostat,2026-09-05T12:48:35.250844+00:00
EC_CONS_CONF_BE,"Consumer confidence indicator, Belgium",2023-07,-11.3,A,balance,Eurostat,2026-09-14T05:58:46.582618+00:00
EC_CONS_CONF_BE,"Consumer confidence indicator, Belgium",2023-08,-11.8,A,balance,Eurostat,2026-09-29T11:03:40.193567+00:00
EC_CONS_CONF_BE,"Consumer confidence indicator, Belgium",2023-09,-12.3,A,balance,Eurostat,2026-09-29T11:03:40.193567+00:00
EC_CONS_CONF_BE,"Consumer confidence indicator, Belgium",2023-10,-12.5,A,balance,Eurostat,2026-09-14T05:58:46.582618+00:00
EC_CONS_CONF_BE,"Consumer confidence indicator, Belgium",2023-11,-9.8,A,balance,Eurostat,2026-09-29T11:03:40.193567+00:00
EC_CONS_CONF_BE,"Consumer confidence indicator, Belgium",2023-12,-7.1,A,balance,Eurostat,2026-09-14T05:58:46.582618+00:00
EC_CONS_CONF_BE,"Consumer confidence indicator, Belgium",2024-01,-11.2,A,balance,Eurostat,2026-09-05T12:48:35.250844+00:00
EC_CONS_CONF_BE,"Consumer confidence indicator, Belgium",2024-02,-12.0,A,balance,Eurostat,2026-09-14T05:58:46.582618+00:00
EC_CONS_CONF_BE,"Consumer confidence indicator, Belgium",2024-03,-11.0,A,balance,Eurostat,2026-09-14T05:58:46.582618+00:00
EC_CONS_CONF_BE,"Consumer confidence indicator, Belgium",2024-04,-10.2,A,balance,Eurostat,2026-09-14T05:58:46.582618+00:00
EC_CONS_CONF_BE,"Consumer confidence indicator, Belgium",2024-05,-11.0,A,balance,Eurostat,2026-09-14T05:58:46.582618+00:00
EC_CONS_CONF_BE,"Consumer confidence indicator, Belgium",2024-06,-8.2,A,balance,Eurostat,2026-09-29T11:03:40.193567+00:00
EC_CONS_CONF_BE,"Consumer confidence indicator, Belgium",2024-07,-10.0,A,balance,Eurostat,2026-09-14T05:58:46.582618+00:00
EC_CONS_CONF_BE,"Consumer confidence indicator, Belgium",2024-08,-8.3,A,balance,Eurostat,2026-09-14T05:58:46.582618+00:00
EC_CONS_CONF_BE,"Consumer confidence indicator, Belgium",2024-09,-9.7,A,balance,Eurostat,2026-09-29T11:03:40.193567+00:00
EC_CONS_CONF_BE,"Consumer confidence indicator, Belgium",2024-10,-8.2,A,balance,Eurostat,2026-09-29T11:03:40.193567+00:00
EC_CONS_CONF_BE,"Consumer confidence indicator, Belgium",2024-11,-11.2,A,balance,Eurostat,2026-09-29T11:03:40.193567+00:00
EC_CONS_CONF_BE,"Consumer confidence indicator, Belgium",2024-12,-12.2,A,balance,Eurostat,2026-09-29T11:03:40.193567+00:00
EC_CONS_CONF_BE,"Consumer confidence indicator, Belgium",2025-01,-13.7,A,balance,Eurostat,2026-09-14T05:58:46.582618+00:00
EC_CONS_CONF_BE,"Consumer confidence indicator, Belgium",2025-02,-12.5,A,balance,Eurostat,2026-09-14T05:58:46.582618+00:00
EC_CONS_CONF_BE,"Consumer confidence indicator, Belgium",2025-03,-15.8,A,balance,Eurostat,2026-09-14T05:58:46.582618+00:00
EC_CONS_CONF_BE,"Consumer confidence indicator, Belgium",2025-04,-19.1,A,balance,Eurostat,2026-09-29T11:03:40.193567+00:00
EC_CONS_CONF_BE,"Consumer confidence indicator, Belgium",2025-05,-14.2,A,balance,Eurostat,2026-09-14T05:58:46.582618+00:00
EC_CONS_CONF_BE,"Consumer confidence indicator, Belgium",2025-06,-12.8,A,balance,Eurostat,2026-09-05T12:48:35.250844+00:00
EC_CONS_CONF_BE,"Consumer confidence indicator, Belgium",2025-07,-12.1,A,balance,Eurostat,2026-09-14T05:58:46.582618+00:00
EC_CONS_CONF_BE,"Consumer confidence indicator, Belgium",2025-08,-12.8,A,balance,Eurostat,2026-09-29T11:03:40.193567+00:00
EC_CONS_CONF_BE,"Consumer confidence indicator, Belgium",2025-09,-9.6,A,balance,Eurostat,2026-09-29T11:03:40.193567+00:00
EC_CONS_CONF_BE,"Consumer confidence indicator, Belgium",2025-10,-13.0,A,balance,Eurostat,2026-09-29T11:03:40.193567+00:00
EC_CONS_CONF_BE,"Consumer confidence indicator, Belgium",2025-11,-11.3,A,balance,Eurostat,2026-09-29T11:03:40.193567+00:00
EC_CONS_CONF_BE,"Consumer confidence indicator, Belgium",2025-12,-13.9,A,balance,Eurostat,2026-09-14T05:58:46.582618+00:00
EC_CONS_CONF_BE,"Consumer confidence indicator, Belgium",2026-01,-14.0,A,balance,Eurostat,2026-09-14T05:58:46.582618+00:00
EC_CONS_CONF_BE,"Consumer confidence indicator, Belgium",2026-02,-14.1,A,balance,Eurostat,2026-09-14T05:58:46.582618+00:00
EC_CONS_CONF_BE,"Consumer confidence indicator, Belgium",2026-03,-18.3,A,balance,Eurostat,2026-09-14T05:58:46.582618+00:00
EC_CONS_CONF_BE,"Consumer confidence indicator, Belgium",2026-04,-19.8,A,balance,Eurostat,2026-09-14T05:58:46.582618+00:00
EC_CONS_CONF_BE,"Consumer confidence indicator, Belgium",2026-05,-20.0,A,balance,Eurostat,2026-09-14T05:58:46.582618+00:00
EC_CONS_CONF_BE,"Consumer confidence indicator, Belgium",2026-06,-16.8,A,balance,Eurostat,2026-09-14T05:58:46.582618+00:00
EC_CONS_CONF_BE,"Consumer confidence indicator, Belgium",2026-07,-15.9,A,balance,Eurostat,2026-09-14T05:58:46.582618+00:00
EC_CONS_CONF_BE,"Consumer confidence indicator, Belgium",2026-08,-16.3,A,balance,Eurostat,2026-09-14T05:58:46.582618+00:00
EC_CONS_CONF_BE,"Consumer confidence indicator, Belgium",2026-09,-18.2,A,balance,Eurostat,2026-09-29T11:03:40.193567+00:00
EUROSTAT_GDP_Q_MEUR,"GDP volume index, Belgium (2010=100)",2008-Q1,100.03,A,index_2010,Eurostat,2026-09-05T12:48:35.250844+00:00
EUROSTAT_GDP_Q_MEUR,"GDP volume index, Belgium (2010=100)",2008-Q2,100.08,A,index_2010,Eurostat,2026-09-05T12:48:35.250844+00:00
EUROSTAT_GDP_Q_MEUR,"GDP volume index, Belgium (2010=100)",2008-Q3,99.53,A,index_2010,Eurostat,2026-09-05T12:48:35.250844+00:00
EUROSTAT_GDP_Q_MEUR,"GDP volume index, Belgium (2010=100)",2008-Q4,97.37,A,index_2010,Eurostat,2026-09-05T12:48:35.250844+00:00
EUROSTAT_GDP_Q_MEUR,"GDP volume index, Belgium (2010=100)",2009-Q1,96.4,A,index_2010,Eurostat,2026-09-05T12:48:35.250844+00:00
EUROSTAT_GDP_Q_MEUR,"GDP volume index, Belgium (2010=100)",2009-Q2,96.55,A,index_2010,Eurostat,2026-09-05T12:48:35.250844+00:00
EUROSTAT_GDP_Q_MEUR,"GDP volume index, Belgium (2010=100)",2009-Q3,97.9,A,index_2010,Eurostat,2026-09-05T12:48:35.250844+00:00
EUROSTAT_GDP_Q_MEUR,"GDP volume index, Belgium (2010=100)",2009-Q4,98.6,A,index_2010,Eurostat,2026-09-05T12:48:35.250844+00:00
EUROSTAT_GDP_Q_MEUR,"GDP volume index, Belgium (2010=100)",2010-Q1,98.98,A,index_2010,Eurostat,2026-09-05T12:48:35.250844+00:00
EUROSTAT_GDP_Q_MEUR,"GDP volume index, Belgium (2010=100)",2010-Q2,99.88,A,index_2010,Eurostat,2026-09-05T12:48:35.250844+00:00
EUROSTAT_GDP_Q_MEUR,"GDP volume index, Belgium (2010=100)",2010-Q3,100.28,A,index_2010,Eurostat,2026-09-05T12:48:35.250844+00:00
EUROSTAT_GDP_Q_MEUR,"GDP volume index, Belgium (2010=100)",2010-Q4,100.86,A,index_2010,Eurostat,2026-09-05T12:48:35.250844+00:00
EUROSTAT_GDP_Q_MEUR,"GDP volume index, Belgium (2010=100)",2011-Q1,101.55,A,index_2010,Eurostat,2026-09-05T12:48:35.250844+00:00
EUROSTAT_GDP_Q_MEUR,"GDP volume index, Belgium (2010=100)",2011-Q2,101.81,A,index_2010,Eurostat,2026-09-05T12:48:35.250844+00:00
EUROSTAT_GDP_Q_MEUR,"GDP volume index, Belgium (2010=100)",2011-Q3,102.1,A,index_2010,Eurostat,2026-09-05T12:48:35.250844+00:00
EUROSTAT_GDP_Q_MEUR,"GDP volume index, Belgium (2010=100)",2011-Q4,102.27,A,index_2010,Eurostat,2026-09-05T12:48:35.250844+00:00
EUROSTAT_GDP_Q_MEUR,"GDP volume index, Belgium (2010=100)",2012-Q1,102.26,A,index_2010,Eurostat,2026-09-05T12:48:35.250844+00:00
EUROSTAT_GDP_Q_MEUR,"GDP volume index, Belgium (2010=100)",2012-Q2,102.04,A,index_2010,Eurostat,2026-09-05T12:48:35.250844+00:00
EUROSTAT_GDP_Q_MEUR,"GDP volume index, Belgium (2010=100)",2012-Q3,102.21,A,index_2010,Eurostat,2026-09-05T12:48:35.250844+00:00
EUROSTAT_GDP_Q_MEUR,"GDP volume index, Belgium (2010=100)",2012-Q4,102.09,A,index_2010,Eurostat,2026-09-05T12:48:35.250844+00:00
EUROSTAT_GDP_Q_MEUR,"GDP volume index, Belgium (2010=100)",2013-Q1,101.69,A,index_2010,Eurostat,2026-09-05T12:48:35.250844+00:00
EUROSTAT_GDP_Q_MEUR,"GDP volume index, Belgium (2010=100)",2013-Q2,102.35,A,index_2010,Eurostat,2026-09-05T12:48:35.250844+00:00
EUROSTAT_GDP_Q_MEUR,"GDP volume index, Belgium (2010=100)",2013-Q3,102.77,A,index_2010,Eurostat,2026-09-05T12:48:35.250844+00:00
EUROSTAT_GDP_Q_MEUR,"GDP volume index, Belgium (2010=100)",2013-Q4,103.04,A,index_2010,Eurostat,2026-09-05T12:48:35.250844+00:00
EUROSTAT_GDP_Q_MEUR,"GDP volume index, Belgium (2010=100)",2014-Q1,103.64,A,index_2010,Eurostat,2026-09-05T12:48:35.250844+00:00
EUROSTAT_GDP_Q_MEUR,"GDP volume index, Belgium (2010=100)",2014-Q2,103.88,A,index_2010,Eurostat,2026-09-05T12:48:35.250844+00:00
EUROSTAT_GDP_Q_MEUR,"GDP volume index, Belgium (2010=100)",2014-Q3,104.57,A,index_2010,Eurostat,2026-09-05T12:48:35.250844+00:00
EUROSTAT_GDP_Q_MEUR,"GDP volume index, Belgium (2010=100)",2014-Q4,105.0,A,index_2010,Eurostat,2026-09-05T12:48:35.250844+00:00
EUROSTAT_GDP_Q_MEUR,"GDP volume index, Belgium (2010=100)",2015-Q1,105.28,A,index_2010,Eurostat,2026-09-05T12:48:35.250844+00:00
EUROSTAT_GDP_Q_MEUR,"GDP volume index, Belgium (2010=100)",2015-Q2,105.77,A,index_2010,Eurostat,2026-09-05T12:48:35.250844+00:00
EUROSTAT_GDP_Q_MEUR,"GDP volume index, Belgium (2010=100)",2015-Q3,105.91,A,index_2010,Eurostat,2026-09-05T12:48:35.250844+00:00
EUROSTAT_GDP_Q_MEUR,"GDP volume index, Belgium (2010=100)",2015-Q4,106.28,A,index_2010,Eurostat,2026-09-05T12:48:35.250844+00:00
EUROSTAT_GDP_Q_MEUR,"GDP volume index, Belgium (2010=100)",2016-Q1,106.4,A,index_2010,Eurostat,2026-09-05T12:48:35.250844+00:00
EUROSTAT_GDP_Q_MEUR,"GDP volume index, Belgium (2010=100)",2016-Q2,107.03,A,index_2010,Eurostat,2026-09-05T12:48:35.250844+00:00
EUROSTAT_GDP_Q_MEUR,"GDP volume index, Belgium (2010=100)",2016-Q3,107.23,A,index_2010,Eurostat,2026-09-05T12:48:35.250844+00:00
EUROSTAT_GDP_Q_MEUR,"GDP volume index, Belgium (2010=100)",2016-Q4,107.62,A,index_2010,Eurostat,2026-09-05T12:48:35.250844+00:00
EUROSTAT_GDP_Q_MEUR,"GDP volume index, Belgium (2010=100)",2017-Q1,108.28,A,index_2010,Eurostat,2026-09-05T12:48:35.250844+00:00
EUROSTAT_GDP_Q_MEUR,"GDP volume index, Belgium (2010=100)",2017-Q2,108.53,A,index_2010,Eurostat,2026-09-05T12:48:35.250844+00:00
EUROSTAT_GDP_Q_MEUR,"GDP volume index, Belgium (2010=100)",2017-Q3,108.46,A,index_2010,Eurostat,2026-09-05T12:48:35.250844+00:00
EUROSTAT_GDP_Q_MEUR,"GDP volume index, Belgium (2010=100)",2017-Q4,109.33,A,index_2010,Eurostat,2026-09-05T12:48:35.250844+00:00
EUROSTAT_GDP_Q_MEUR,"GDP volume index, Belgium (2010=100)",2018-Q1,109.78,A,index_2010,Eurostat,2026-09-05T12:48:35.250844+00:00
EUROSTAT_GDP_Q_MEUR,"GDP volume index, Belgium (2010=100)",2018-Q2,110.34,A,index_2010,Eurostat,2026-09-05T12:48:35.250844+00:00
EUROSTAT_GDP_Q_MEUR,"GDP volume index, Belgium (2010=100)",2018-Q3,110.82,A,index_2010,Eurostat,2026-09-05T12:48:35.250844+00:00
EUROSTAT_GDP_Q_MEUR,"GDP volume index, Belgium (2010=100)",2018-Q4,111.83,A,index_2010,Eurostat,2026-09-05T12:48:35.250844+00:00
EUROSTAT_GDP_Q_MEUR,"GDP volume index, Belgium (2010=100)",2019-Q1,112.29,A,index_2010,Eurostat,2026-09-05T12:48:35.250844+00:00
EUROSTAT_GDP_Q_MEUR,"GDP volume index, Belgium (2010=100)",2019-Q2,112.96,A,index_2010,Eurostat,2026-09-05T12:48:35.250844+00:00
EUROSTAT_GDP_Q_MEUR,"GDP volume index, Belgium (2010=100)",2019-Q3,113.85,A,index_2010,Eurostat,2026-09-05T12:48:35.250844+00:00
EUROSTAT_GDP_Q_MEUR,"GDP volume index, Belgium (2010=100)",2019-Q4,114.48,A,index_2010,Eurostat,2026-09-05T12:48:35.250844+00:00
EUROSTAT_GDP_Q_MEUR,"GDP volume index, Belgium (2010=100)",2020-Q1,111.5,A,index_2010,Eurostat,2026-09-05T12:48:35.250844+00:00
EUROSTAT_GDP_Q_MEUR,"GDP volume index, Belgium (2010=100)",2020-Q2,99.34,A,index_2010,Eurostat,2026-09-05T12:48:35.250844+00:00
EUROSTAT_GDP_Q_MEUR,"GDP volume index, Belgium (2010=100)",2020-Q3,110.75,A,index_2010,Eurostat,2026-09-05T12:48:35.250844+00:00
EUROSTAT_GDP_Q_MEUR,"GDP volume index, Belgium (2010=100)",2020-Q4,110.25,A,index_2010,Eurostat,2026-09-05T12:48:35.250844+00:00
EUROSTAT_GDP_Q_MEUR,"GDP volume index, Belgium (2010=100)",2021-Q1,112.04,A,index_2010,Eurostat,2026-09-05T12:48:35.250844+00:00
EUROSTAT_GDP_Q_MEUR,"GDP volume index, Belgium (2010=100)",2021-Q2,113.76,A,index_2010,Eurostat,2026-09-05T12:48:35.250844+00:00
EUROSTAT_GDP_Q_MEUR,"GDP volume index, Belgium (2010=100)",2021-Q3,115.99,A,index_2010,Eurostat,2026-09-05T12:48:35.250844+00:00
EUROSTAT_GDP_Q_MEUR,"GDP volume index, Belgium (2010=100)",2021-Q4,117.06,A,index_2010,Eurostat,2026-09-05T12:48:35.250844+00:00
EUROSTAT_GDP_Q_MEUR,"GDP volume index, Belgium (2010=100)",2022-Q1,117.8,A,index_2010,Eurostat,2026-09-14T05:58:46.582618+00:00
EUROSTAT_GDP_Q_MEUR,"GDP volume index, Belgium (2010=100)",2022-Q2,119.13,A,index_2010,Eurostat,2026-09-14T05:58:46.582618+00:00
EUROSTAT_GDP_Q_MEUR,"GDP volume index, Belgium (2010=100)",2022-Q3,120.0,A,index_2010,Eurostat,2026-09-14T05:58:46.582618+00:00
EUROSTAT_GDP_Q_MEUR,"GDP volume index, Belgium (2010=100)",2022-Q4,120.39,A,index_2010,Eurostat,2026-09-14T05:58:46.582618+00:00
EUROSTAT_GDP_Q_MEUR,"GDP volume index, Belgium (2010=100)",2023-Q1,120.71,A,index_2010,Eurostat,2026-09-14T05:58:46.582618+00:00
EUROSTAT_GDP_Q_MEUR,"GDP volume index, Belgium (2010=100)",2023-Q2,121.07,A,index_2010,Eurostat,2026-09-14T05:58:46.582618+00:00
EUROSTAT_GDP_Q_MEUR,"GDP volume index, Belgium (2010=100)",2023-Q3,121.29,A,index_2010,Eurostat,2026-09-14T05:58:46.582618+00:00
EUROSTAT_GDP_Q_MEUR,"GDP volume index, Belgium (2010=100)",2023-Q4,121.7,A,index_2010,Eurostat,2026-09-14T05:58:46.582618+00:00
EUROSTAT_GDP_Q_MEUR,"GDP volume index, Belgium (2010=100)",2024-Q1,122.17,P,index_2010,Eurostat,2026-09-14T05:58:46.582618+00:00
EUROSTAT_GDP_Q_MEUR,"GDP volume index, Belgium (2010=100)",2024-Q2,122.4,P,index_2010,Eurostat,2026-09-14T05:58:46.582618+00:00
EUROSTAT_GDP_Q_MEUR,"GDP volume index, Belgium (2010=100)",2024-Q3,122.67,P,index_2010,Eurostat,2026-09-14T05:58:46.582618+00:00
EUROSTAT_GDP_Q_MEUR,"GDP volume index, Belgium (2010=100)",2024-Q4,122.85,P,index_2010,Eurostat,2026-09-14T05:58:46.582618+00:00
EUROSTAT_GDP_Q_MEUR,"GDP volume index, Belgium (2010=100)",2025-Q1,123.34,P,index_2010,Eurostat,2026-09-14T05:58:46.582618+00:00
EUROSTAT_GDP_Q_MEUR,"GDP volume index, Belgium (2010=100)",2025-Q2,123.64,P,index_2010,Eurostat,2026-09-14T05:58:46.582618+00:00
EUROSTAT_GDP_Q_MEUR,"GDP volume index, Belgium (2010=100)",2025-Q3,123.93,P,index_2010,Eurostat,2026-09-14T05:58:46.582618+00:00
EUROSTAT_GDP_Q_MEUR,"GDP volume index, Belgium (2010=100)",2025-Q4,124.0,P,index_2010,Eurostat,2026-09-14T05:58:46.582618+00:00
EUROSTAT_GDP_Q_MEUR,"GDP volume index, Belgium (2010=100)",2026-Q1,124.27,P,index_2010,Eurostat,2026-09-14T05:58:46.582618+00:00
EUROSTAT_GDP_Q_MEUR,"GDP volume index, Belgium (2010=100)",2026-Q2,124.31,P,index_2010,Eurostat,2026-09-14T05:58:46.582618+00:00
GDP_ANNUAL_CY,Annual GDP growth,2006,2.6,A,percent_yy,NBB,2026-09-05T12:48:35.250844+00:00
GDP_ANNUAL_CY,Annual GDP growth,2007,3.7,A,percent_yy,NBB,2026-09-05T12:48:35.250844+00:00
GDP_ANNUAL_CY,Annual GDP growth,2008,0.4,A,percent_yy,NBB,2026-09-05T12:48:35.250844+00:00
GDP_ANNUAL_CY,Annual GDP growth,2009,-1.9,R,percent_yy,NBB,2026-09-05T12:48:35.250844+00:00
GDP_ANNUAL_CY,Annual GDP growth,2010,2.7,A,percent_yy,NBB,2026-09-05T12:48:35.250844+00:00
GDP_ANNUAL_CY,Annual GDP growth,2011,1.9,A,percent_yy,NBB,2026-09-05T12:48:35.250844+00:00
GDP_ANNUAL_CY,Annual GDP growth,2012,0.2,A,percent_yy,NBB,2026-09-05T12:48:35.250844+00:00
GDP_ANNUAL_CY,Annual GDP growth,2013,0.3,A,percent_yy,NBB,2026-09-05T12:48:35.250844+00:00
GDP_ANNUAL_CY,Annual GDP growth,2014,1.8,A,percent_yy,NBB,2026-09-05T12:48:35.250844+00:00
GDP_ANNUAL_CY,Annual GDP growth,2015,1.5,A,percent_yy,NBB,2026-09-05T12:48:35.250844+00:00
GDP_ANNUAL_CY,Annual GDP growth,2016,1.2,A,percent_yy,NBB,2026-09-05T12:48:35.250844+00:00
GDP_ANNUAL_CY,Annual GDP growth,2017,1.5,A,percent_yy,NBB,2026-09-05T12:48:35.250844+00:00
GDP_ANNUAL_CY,Annual GDP growth,2018,1.9,A,percent_yy,NBB,2026-09-05T12:48:35.250844+00:00
GDP_ANNUAL_CY,Annual GDP growth,2019,2.4,A,percent_yy,NBB,2026-09-05T12:48:35.250844+00:00
GDP_ANNUAL_CY,Annual GDP growth,2020,-4.8,A,percent_yy,NBB,2026-09-05T12:48:35.250844+00:00
GDP_ANNUAL_CY,Annual GDP growth,2021,6.3,A,percent_yy,NBB,2026-09-05T12:48:35.250844+00:00
GDP_ANNUAL_CY,Annual GDP growth,2022,4.0,A,percent_yy,NBB,2026-09-05T12:48:35.250844+00:00
GDP_ANNUAL_CY,Annual GDP growth,2023,1.6,A,percent_yy,NBB,2026-09-05T12:48:35.250844+00:00
GDP_ANNUAL_CY,Annual GDP growth,2024,1.1,P,percent_yy,NBB,2026-09-05T12:48:35.250844+00:00
GDP_ANNUAL_CY,Annual GDP growth,2025,1.0,P,percent_yy,NBB,2026-09-05T12:48:35.250844+00:00
GDP_QUARTERLY_YY,Quarterly GDP growth (Y-Y),2000-Q1,4.5,A,percent_yy,NBB,2026-09-05T12:48:35.250844+00:00
GDP_QUARTERLY_YY,Quarterly GDP growth (Y-Y),2000-Q2,4.1,A,percent_yy,NBB,2026-09-05T12:48:35.250844+00:00
GDP_QUARTERLY_YY,Quarterly GDP growth (Y-Y),2000-Q3,3.1,A,percent_yy,NBB,2026-09-05T12:48:35.250844+00:00
GDP_QUARTERLY_YY,Quarterly GDP growth (Y-Y),2000-Q4,3.1,A,percent_yy,NBB,2026-09-05T12:48:35.250844+00:00
GDP_QUARTERLY_YY,Quarterly GDP growth (Y-Y),2001-Q1,2.1,A,percent_yy,NBB,2026-09-05T12:48:35.250844+00:00
GDP_QUARTERLY_YY,Quarterly GDP growth (Y-Y),2001-Q2,1.6,A,percent_yy,NBB,2026-09-05T12:48:35.250844+00:00
GDP_QUARTERLY_YY,Quarterly GDP growth (Y-Y),2001-Q3,0.8,A,percent_yy,NBB,2026-09-05T12:48:35.250844+00:00
GDP_QUARTERLY_YY,Quarterly GDP growth (Y-Y),2001-Q4,-0.1,A,percent_yy,NBB,2026-09-05T12:48:35.250844+00:00
GDP_QUARTERLY_YY,Quarterly GDP growth (Y-Y),2002-Q1,0.5,A,percent_yy,NBB,2026-09-05T12:48:35.250844+00:00
GDP_QUARTERLY_YY,Quarterly GDP growth (Y-Y),2002-Q2,1.6,A,percent_yy,NBB,2026-09-05T12:48:35.250844+00:00
GDP_QUARTERLY_YY,Quarterly GDP growth (Y-Y),2002-Q3,2.1,A,percent_yy,NBB,2026-09-05T12:48:35.250844+00:00
GDP_QUARTERLY_YY,Quarterly GDP growth (Y-Y),2002-Q4,2.7,A,percent_yy,NBB,2026-09-05T12:48:35.250844+00:00
GDP_QUARTERLY_YY,Quarterly GDP growth (Y-Y),2003-Q1,1.6,A,percent_yy,NBB,2026-09-05T12:48:35.250844+00:00
GDP_QUARTERLY_YY,Quarterly GDP growth (Y-Y),2003-Q2,0.7,A,percent_yy,NBB,2026-09-05T12:48:35.250844+00:00
GDP_QUARTERLY_YY,Quarterly GDP growth (Y-Y),2003-Q3,0.7,A,percent_yy,NBB,2026-09-05T12:48:35.250844+00:00
GDP_QUARTERLY_YY,Quarterly GDP growth (Y-Y),2003-Q4,1.2,A,percent_yy,NBB,2026-09-05T12:48:35.250844+00:00
GDP_QUARTERLY_YY,Quarterly GDP growth (Y-Y),2004-Q1,2.9,A,percent_yy,NBB,2026-09-05T12:48:35.250844+00:00
GDP_QUARTERLY_YY,Quarterly GDP growth (Y-Y),2004-Q2,3.6,A,percent_yy,NBB,2026-09-05T12:48:35.250844+00:00
GDP_QUARTERLY_YY,Quarterly GDP growth (Y-Y),2004-Q3,4.1,A,percent_yy,NBB,2026-09-05T12:48:35.250844+00:00
GDP_QUARTERLY_YY,Quarterly GDP growth (Y-Y),2004-Q4,3.7,A,percent_yy,NBB,2026-09-05T12:48:35.250844+00:00
GDP_QUARTERLY_YY,Quarterly GDP growth (Y-Y),2005-Q1,2.9,A,percent_yy,NBB,2026-09-05T12:48:35.250844+00:00
GDP_QUARTERLY_YY,Quarterly GDP growth (Y-Y),2005-Q2,2.5,A,percent_yy,NBB,2026-09-05T12:48:35.250844+00:00
GDP_QUARTERLY_YY,Quarterly GDP growth (Y-Y),2005-Q3,1.8,A,percent_yy,NBB,2026-09-05T12:48:35.250844+00:00
GDP_QUARTERLY_YY,Quarterly GDP growth (Y-Y),2005-Q4,2.1,A,percent_yy,NBB,2026-09-05T12:48:35.250844+00:00
GDP_QUARTERLY_YY,Quarterly GDP growth (Y-Y),2006-Q1,2.4,A,percent_yy,NBB,2026-09-05T12:48:35.250844+00:00
GDP_QUARTERLY_YY,Quarterly GDP growth (Y-Y),2006-Q2,2.2,A,percent_yy,NBB,2026-09-05T12:48:35.250844+00:00
GDP_QUARTERLY_YY,Quarterly GDP growth (Y-Y),2006-Q3,2.6,A,percent_yy,NBB,2026-09-05T12:48:35.250844+00:00
GDP_QUARTERLY_YY,Quarterly GDP growth (Y-Y),2006-Q4,3.0,A,percent_yy,NBB,2026-09-05T12:48:35.250844+00:00
GDP_QUARTERLY_YY,Quarterly GDP growth (Y-Y),2007-Q1,3.8,A,percent_yy,NBB,2026-09-05T12:48:35.250844+00:00
GDP_QUARTERLY_YY,Quarterly GDP growth (Y-Y),2007-Q2,4.0,A,percent_yy,NBB,2026-09-05T12:48:35.250844+00:00
GDP_QUARTERLY_YY,Quarterly GDP growth (Y-Y),2007-Q3,3.8,A,percent_yy,NBB,2026-09-05T12:48:35.250844+00:00
GDP_QUARTERLY_YY,Quarterly GDP growth (Y-Y),2007-Q4,3.1,A,percent_yy,NBB,2026-09-05T12:48:35.250844+00:00
GDP_QUARTERLY_YY,Quarterly GDP growth (Y-Y),2008-Q1,1.9,A,percent_yy,NBB,2026-09-05T12:48:35.250844+00:00
GDP_QUARTERLY_YY,Quarterly GDP growth (Y-Y),2008-Q2,1.8,A,percent_yy,NBB,2026-09-05T12:48:35.250844+00:00
GDP_QUARTERLY_YY,Quarterly GDP growth (Y-Y),2008-Q3,0.3,A,percent_yy,NBB,2026-09-05T12:48:35.250844+00:00
GDP_QUARTERLY_YY,Quarterly GDP growth (Y-Y),2008-Q4,-2.1,A,percent_yy,NBB,2026-09-05T12:48:35.250844+00:00
GDP_QUARTERLY_YY,Quarterly GDP growth (Y-Y),2009-Q1,-5.7,R,percent_yy,NBB,2026-09-05T12:48:35.250844+00:00
GDP_QUARTERLY_YY,Quarterly GDP growth (Y-Y),2009-Q2,-3.7,A,percent_yy,NBB,2026-09-05T12:48:35.250844+00:00
GDP_QUARTERLY_YY,Quarterly GDP growth (Y-Y),2009-Q3,-3.4,A,percent_yy,NBB,2026-09-05T12:48:35.250844+00:00
GDP_QUARTERLY_YY,Quarterly GDP growth (Y-Y),2009-Q4,5.2,A,percent_yy,NBB,2026-09-05T12:48:35.250844+00:00
GDP_QUARTERLY_YY,Quarterly GDP growth (Y-Y),2010-Q1,2.8,A,percent_yy,NBB,2026-09-05T12:48:35.250844+00:00
GDP_QUARTERLY_YY,Quarterly GDP growth (Y-Y),2010-Q2,3.4,A,percent_yy,NBB,2026-09-05T12:48:35.250844+00:00
GDP_QUARTERLY_YY,Quarterly GDP growth (Y-Y),2010-Q3,2.4,A,percent_yy,NBB,2026-09-05T12:48:35.250844+00:00
GDP_QUARTERLY_YY,Quarterly GDP growth (Y-Y),2010-Q4,2.3,A,percent_yy,NBB,2026-09-05T12:48:35.250844+00:00
GDP_QUARTERLY_YY,Quarterly GDP growth (Y-Y),2011-Q1,2.5,A,percent_yy,NBB,2026-09-05T12:48:35.250844+00:00
GDP_QUARTERLY_YY,Quarterly GDP growth (Y-Y),2011-Q2,2.1,A,percent_yy,NBB,2026-09-05T12:48:35.250844+00:00
GDP_QUARTERLY_YY,Quarterly GDP growth (Y-Y),2011-Q3,1.9,A,percent_yy,NBB,2026-09-05T12:48:35.250844+00:00
GDP_QUARTERLY_YY,Quarterly GDP growth (Y-Y),2011-Q4,1.4,A,percent_yy,NBB,2026-09-05T12:48:35.250844+00:00
GDP_QUARTERLY_YY,Quarterly GDP growth (Y-Y),2012-Q1,0.5,A,percent_yy,NBB,2026-09-05T12:48:35.250844+00:00
GDP_QUARTERLY_YY,Quarterly GDP growth (Y-Y),2012-Q2,0.2,A,percent_yy,NBB,2026-09-05T12:48:35.250844+00:00
GDP_QUARTERLY_YY,Quarterly GDP growth (Y-Y),2012-Q3,0.2,A,percent_yy,NBB,2026-09-05T12:48:35.250844+00:00
GDP_QUARTERLY_YY,Quarterly GDP growth (Y-Y),2012-Q4,-0.1,A,percent_yy,NBB,2026-09-05T12:48:35.250844+00:00
GDP_QUARTERLY_YY,Quarterly GDP growth (Y-Y),2013-Q1,-0.5,A,percent_yy,NBB,2026-09-05T12:48:35.250844+00:00
GDP_QUARTERLY_YY,Quarterly GDP growth (Y-Y),2013-Q2,0.4,A,percent_yy,NBB,2026-09-05T12:48:35.250844+00:00
GDP_QUARTERLY_YY,Quarterly GDP growth (Y-Y),2013-Q3,0.4,A,percent_yy,NBB,2026-09-05T12:48:35.250844+00:00
GDP_QUARTERLY_YY,Quarterly GDP growth (Y-Y),2013-Q4,0.8,A,percent_yy,NBB,2026-09-05T12:48:35.250844+00:00
GDP_QUARTERLY_YY,Quarterly GDP growth (Y-Y),2014-Q1,2.0,A,percent_yy,NBB,2026-09-05T12:48:35.250844+00:00
GDP_QUARTERLY_YY,Quarterly GDP growth (Y-Y),2014-Q2,1.7,A,percent_yy,NBB,2026-09-05T12:48:35.250844+00:00
GDP_QUARTERLY_YY,Quarterly GDP growth (Y-Y),2014-Q3,1.7,A,percent_yy,NBB,2026-09-05T12:48:35.250844+00:00
GDP_QUARTERLY_YY,Quarterly GDP growth (Y-Y),2014-Q4,1.7,A,percent_yy,NBB,2026-09-05T12:48:35.250844+00:00
GDP_QUARTERLY_YY,Quarterly GDP growth (Y-Y),2015-Q1,1.7,A,percent_yy,NBB,2026-09-05T12:48:35.250844+00:00
GDP_QUARTERLY_YY,Quarterly GDP growth (Y-Y),2015-Q2,1.9,A,percent_yy,NBB,2026-09-05T12:48:35.250844+00:00
GDP_QUARTERLY_YY,Quarterly GDP growth (Y-Y),2015-Q3,1.2,A,percent_yy,NBB,2026-09-05T12:48:35.250844+00:00
GDP_QUARTERLY_YY,Quarterly GDP growth (Y-Y),2015-Q4,1.0,A,percent_yy,NBB,2026-09-05T12:48:35.250844+00:00
GDP_QUARTERLY_YY,Quarterly GDP growth (Y-Y),2016-Q1,1.2,A,percent_yy,NBB,2026-09-05T12:48:35.250844+00:00
GDP_QUARTERLY_YY,Quarterly GDP growth (Y-Y),2016-Q2,1.2,A,percent_yy,NBB,2026-09-05T12:48:35.250844+00:00
GDP_QUARTERLY_YY,Quarterly GDP growth (Y-Y),2016-Q3,1.2,A,percent_yy,NBB,2026-09-05T12:48:35.250844+00:00
GDP_QUARTERLY_YY,Quarterly GDP growth (Y-Y),2016-Q4,1.2,A,percent_yy,NBB,2026-09-05T12:48:35.250844+00:00
GDP_QUARTERLY_YY,Quarterly GDP growth (Y-Y),2017-Q1,1.8,A,percent_yy,NBB,2026-09-05T12:48:35.250844+00:00
GDP_QUARTERLY_YY,Quarterly GDP growth (Y-Y),2017-Q2,1.4,A,percent_yy,NBB,2026-09-05T12:48:35.250844+00:00
GDP_QUARTERLY_YY,Quarterly GDP growth (Y-Y),2017-Q3,1.0,A,percent_yy,NBB,2026-09-05T12:48:35.250844+00:00
GDP_QUARTERLY_YY,Quarterly GDP growth (Y-Y),2017-Q4,1.6,A,percent_yy,NBB,2026-09-05T12:48:35.250844+00:00
GDP_QUARTERLY_YY,Quarterly GDP growth (Y-Y),2018-Q1,1.5,A,percent_yy,NBB,2026-09-05T12:48:35.250844+00:00
GDP_QUARTERLY_YY,Quarterly GDP growth (Y-Y),2018-Q2,1.8,A,percent_yy,NBB,2026-09-05T12:48:35.250844+00:00
GDP_QUARTERLY_YY,Quarterly GDP growth (Y-Y),2018-Q3,2.0,A,percent_yy,NBB,2026-09-05T12:48:35.250844+00:00
GDP_QUARTERLY_YY,Quarterly GDP growth (Y-Y),2018-Q4,2.2,A,percent_yy,NBB,2026-09-05T12:48:35.250844+00:00
GDP_QUARTERLY_YY,Quarterly GDP growth (Y-Y),2019-Q1,2.2,A,percent_yy,NBB,2026-09-05T12:48:35.250844+00:00
GDP_QUARTERLY_YY,Quarterly GDP growth (Y-Y),2019-Q2,2.4,A,percent_yy,NBB,2026-09-05T12:48:35.250844+00:00
GDP_QUARTERLY_YY,Quarterly GDP growth (Y-Y),2019-Q3,2.9,A,percent_yy,NBB,2026-09-05T12:48:35.250844+00:00
GDP_QUARTERLY_YY,Quarterly GDP growth (Y-Y),2019-Q4,2.3,A,percent_yy,NBB,2026-09-05T12:48:35.250844+00:00
GDP_QUARTERLY_YY,Quarterly GDP growth (Y-Y),2020-Q1,-0.5,A,percent_yy,NBB,2026-09-05T12:48:35.250844+00:00
GDP_QUARTERLY_YY,Quarterly GDP growth (Y-Y),2020-Q2,-12.0,A,percent_yy,NBB,2026-09-05T12:48:35.250844+00:00
GDP_QUARTERLY_YY,Quarterly GDP growth (Y-Y),2020-Q3,-2.7,A,percent_yy,NBB,2026-09-05T12:48:35.250844+00:00
GDP_QUARTERLY_YY,Quarterly GDP growth (Y-Y),2020-Q4,-3.8,A,percent_yy,NBB,2026-09-05T12:48:35.250844+00:00
GDP_QUARTERLY_YY,Quarterly GDP growth (Y-Y),2021-Q1,0.3,A,percent_yy,NBB,2026-09-05T12:48:35.250844+00:00
GDP_QUARTERLY_YY,Quarterly GDP growth (Y-Y),2021-Q2,14.3,A,percent_yy,NBB,2026-09-05T12:48:35.250844+00:00
GDP_QUARTERLY_YY,Quarterly GDP growth (Y-Y),2021-Q3,4.3,A,percent_yy,NBB,2026-09-05T12:48:35.250844+00:00
GDP_QUARTERLY_YY,Quarterly GDP growth (Y-Y),2021-Q4,6.5,A,percent_yy,NBB,2026-09-05T12:48:35.250844+00:00
GDP_QUARTERLY_YY,Quarterly GDP growth (Y-Y),2022-Q1,4.9,A,percent_yy,NBB,2026-09-05T12:48:35.250844+00:00
GDP_QUARTERLY_YY,Quarterly GDP growth (Y-Y),2022-Q2,4.9,A,percent_yy,NBB,2026-09-05T12:48:35.250844+00:00
GDP_QUARTERLY_YY,Quarterly GDP growth (Y-Y),2022-Q3,3.6,A,percent_yy,NBB,2026-09-05T12:48:35.250844+00:00
GDP_QUARTERLY_YY,Quarterly GDP growth (Y-Y),2022-Q4,2.7,A,percent_yy,NBB,2026-09-05T12:48:35.250844+00:00
GDP_QUARTERLY_YY,Quarterly GDP growth (Y-Y),2023-Q1,2.7,A,percent_yy,NBB,2026-09-05T12:48:35.250844+00:00
GDP_QUARTERLY_YY,Quarterly GDP growth (Y-Y),2023-Q2,1.6,A,percent_yy,NBB,2026-09-05T12:48:35.250844+00:00
GDP_QUARTERLY_YY,Quarterly GDP growth (Y-Y),2023-Q3,1.1,A,percent_yy,NBB,2026-09-05T12:48:35.250844+00:00
GDP_QUARTERLY_YY,Quarterly GDP growth (Y-Y),2023-Q4,0.9,A,percent_yy,NBB,2026-09-05T12:48:35.250844+00:00
GDP_QUARTERLY_YY,Quarterly GDP growth (Y-Y),2024-Q1,1.2,P,percent_yy,NBB,2026-09-05T12:48:35.250844+00:00
GDP_QUARTERLY_YY,Quarterly GDP growth (Y-Y),2024-Q2,1.1,P,percent_yy,NBB,2026-09-05T12:48:35.250844+00:00
GDP_QUARTERLY_YY,Quarterly GDP growth (Y-Y),2024-Q3,1.1,P,percent_yy,NBB,2026-09-05T12:48:35.250844+00:00
GDP_QUARTERLY_YY,Quarterly GDP growth (Y-Y),2024-Q4,1.0,P,percent_yy,NBB,2026-09-05T12:48:35.250844+00:00
GDP_QUARTERLY_YY,Quarterly GDP growth (Y-Y),2025-Q1,0.9,P,percent_yy,NBB,2026-09-05T12:48:35.250844+00:00
GDP_QUARTERLY_YY,Quarterly GDP growth (Y-Y),2025-Q2,1.0,P,percent_yy,NBB,2026-09-05T12:48:35.250844+00:00
GDP_QUARTERLY_YY,Quarterly GDP growth (Y-Y),2025-Q3,1.0,P,percent_yy,NBB,2026-09-05T12:48:35.250844+00:00
GDP_QUARTERLY_YY,Quarterly GDP growth (Y-Y),2025-Q4,1.0,P,percent_yy,NBB,2026-09-05T12:48:35.250844+00:00
GDP_QUARTERLY_YY,Quarterly GDP growth (Y-Y),2026-Q1,0.8,P,percent_yy,NBB,2026-09-05T12:48:35.250844+00:00
GDP_QUARTERLY_YY,Quarterly GDP growth (Y-Y),2026-Q2,0.5,P,percent_yy,NBB,2026-09-05T12:48:35.250844+00:00
GFCF_DWELLINGS_CY,GFCF — Dwellings,2006,0.2,A,pp_contribution,NBB,2026-09-05T12:48:35.250844+00:00
GFCF_DWELLINGS_CY,GFCF — Dwellings,2007,0.3,A,pp_contribution,NBB,2026-09-05T12:48:35.250844+00:00
GFCF_DWELLINGS_CY,GFCF — Dwellings,2008,-0.1,A,pp_contribution,NBB,2026-09-05T12:48:35.250844+00:00
GFCF_DWELLINGS_CY,GFCF — Dwellings,2009,-0.5,R,pp_contribution,NBB,2026-09-05T12:48:35.250844+00:00
GFCF_DWELLINGS_CY,GFCF — Dwellings,2010,0.2,A,pp_contribution,NBB,2026-09-05T12:48:35.250844+00:00
GFCF_DWELLINGS_CY,GFCF — Dwellings,2011,-0.1,A,pp_contribution,NBB,2026-09-05T12:48:35.250844+00:00
GFCF_DWELLINGS_CY,GFCF — Dwellings,2012,0.2,A,pp_contribution,NBB,2026-09-05T12:48:35.250844+00:00
GFCF_DWELLINGS_CY,GFCF — Dwellings,2013,-0.2,A,pp_contribution,NBB,2026-09-05T12:48:35.250844+00:00
GFCF_DWELLINGS_CY,GFCF — Dwellings,2014,0.3,A,pp_contribution,NBB,2026-09-05T12:48:35.250844+00:00
GFCF_DWELLINGS_CY,GFCF — Dwellings,2015,-0.2,A,pp_contribution,NBB,2026-09-05T12:48:35.250844+00:00
GFCF_DWELLINGS_CY,GFCF — Dwellings,2016,0.2,A,pp_contribution,NBB,2026-09-05T12:48:35.250844+00:00
GFCF_DWELLINGS_CY,GFCF — Dwellings,2017,0.0,A,pp_contribution,NBB,2026-09-05T12:48:35.250844+00:00
GFCF_DWELLINGS_CY,GFCF — Dwellings,2018,0.1,A,pp_contribution,NBB,2026-09-05T12:48:35.250844+00:00
GFCF_DWELLINGS_CY,GFCF — Dwellings,2019,0.1,A,pp_contribution,NBB,2026-09-05T12:48:35.250844+00:00
GFCF_DWELLINGS_CY,GFCF — Dwellings,2020,-0.3,A,pp_contribution,NBB,2026-09-05T12:48:35.250844+00:00
GFCF_DWELLINGS_CY,GFCF — Dwellings,2021,0.2,A,pp_contribution,NBB,2026-09-05T12:48:35.250844+00:00
GFCF_DWELLINGS_CY,GFCF — Dwellings,2022,0.1,A,pp_contribution,NBB,2026-09-05T12:48:35.250844+00:00
GFCF_DWELLINGS_CY,GFCF — Dwellings,2023,0.0,A,pp_contribution,NBB,2026-09-05T12:48:35.250844+00:00
GFCF_DWELLINGS_CY,GFCF — Dwellings,2024,-0.3,P,pp_contribution,NBB,2026-09-05T12:48:35.250844+00:00
GFCF_DWELLINGS_CY,GFCF — Dwellings,2025,-0.4,P,pp_contribution,NBB,2026-09-05T12:48:35.250844+00:00
GFCF_ENTERPRISES_CY,GFCF — Enterprises,2006,0.3,A,pp_contribution,NBB,2026-09-05T12:48:35.250844+00:00
GFCF_ENTERPRISES_CY,GFCF — Enterprises,2007,1.2,A,pp_contribution,NBB,2026-09-05T12:48:35.250844+00:00
GFCF_ENTERPRISES_CY,GFCF — Enterprises,2008,0.5,A,pp_contribution,NBB,2026-09-05T12:48:35.250844+00:00
GFCF_ENTERPRISES_CY,GFCF — Enterprises,2009,-1.4,R,pp_contribution,NBB,2026-09-05T12:48:35.250844+00:00
GFCF_ENTERPRISES_CY,GFCF — Enterprises,2010,-0.3,A,pp_contribution,NBB,2026-09-05T12:48:35.250844+00:00
GFCF_ENTERPRISES_CY,GFCF — Enterprises,2011,1.2,A,pp_contribution,NBB,2026-09-05T12:48:35.250844+00:00
GFCF_ENTERPRISES_CY,GFCF — Enterprises,2012,-0.2,A,pp_contribution,NBB,2026-09-05T12:48:35.250844+00:00
GFCF_ENTERPRISES_CY,GFCF — Enterprises,2013,-0.2,A,pp_contribution,NBB,2026-09-05T12:48:35.250844+00:00
GFCF_ENTERPRISES_CY,GFCF — Enterprises,2014,0.7,A,pp_contribution,NBB,2026-09-05T12:48:35.250844+00:00
GFCF_ENTERPRISES_CY,GFCF — Enterprises,2015,0.9,A,pp_contribution,NBB,2026-09-05T12:48:35.250844+00:00
GFCF_ENTERPRISES_CY,GFCF — Enterprises,2016,0.8,A,pp_contribution,NBB,2026-09-05T12:48:35.250844+00:00
GFCF_ENTERPRISES_CY,GFCF — Enterprises,2017,0.2,A,pp_contribution,NBB,2026-09-05T12:48:35.250844+00:00
GFCF_ENTERPRISES_CY,GFCF — Enterprises,2018,0.4,A,pp_contribution,NBB,2026-09-05T12:48:35.250844+00:00
GFCF_ENTERPRISES_CY,GFCF — Enterprises,2019,0.9,A,pp_contribution,NBB,2026-09-05T12:48:35.250844+00:00
GFCF_ENTERPRISES_CY,GFCF — Enterprises,2020,-0.9,A,pp_contribution,NBB,2026-09-05T12:48:35.250844+00:00
GFCF_ENTERPRISES_CY,GFCF — Enterprises,2021,0.7,A,pp_contribution,NBB,2026-09-05T12:48:35.250844+00:00
GFCF_ENTERPRISES_CY,GFCF — Enterprises,2022,0.5,A,pp_contribution,NBB,2026-09-05T12:48:35.250844+00:00
GFCF_ENTERPRISES_CY,GFCF — Enterprises,2023,0.6,A,pp_contribution,NBB,2026-09-05T12:48:35.250844+00:00
GFCF_ENTERPRISES_CY,GFCF — Enterprises,2024,0.5,P,pp_contribution,NBB,2026-09-05T12:48:35.250844+00:00
GFCF_ENTERPRISES_CY,GFCF — Enterprises,2025,0.4,P,pp_contribution,NBB,2026-09-05T12:48:35.250844+00:00
GFCF_PUBLIC_CY,GFCF — Public admin.,2006,-0.2,A,pp_contribution,NBB,2026-09-05T12:48:35.250844+00:00
GFCF_PUBLIC_CY,GFCF — Public admin.,2007,0.1,A,pp_contribution,NBB,2026-09-05T12:48:35.250844+00:00
GFCF_PUBLIC_CY,GFCF — Public admin.,2008,0.0,A,pp_contribution,NBB,2026-09-05T12:48:35.250844+00:00
GFCF_PUBLIC_CY,GFCF — Public admin.,2009,0.2,R,pp_contribution,NBB,2026-09-05T12:48:35.250844+00:00
GFCF_PUBLIC_CY,GFCF — Public admin.,2010,0.0,A,pp_contribution,NBB,2026-09-05T12:48:35.250844+00:00
GFCF_PUBLIC_CY,GFCF — Public admin.,2011,0.1,A,pp_contribution,NBB,2026-09-05T12:48:35.250844+00:00
GFCF_PUBLIC_CY,GFCF — Public admin.,2012,0.1,A,pp_contribution,NBB,2026-09-05T12:48:35.250844+00:00
GFCF_PUBLIC_CY,GFCF — Public admin.,2013,-0.1,A,pp_contribution,NBB,2026-09-05T12:48:35.250844+00:00
GFCF_PUBLIC_CY,GFCF — Public admin.,2014,0.3,A,pp_contribution,NBB,2026-09-05T12:48:35.250844+00:00
GFCF_PUBLIC_CY,GFCF — Public admin.,2015,0.0,A,pp_contribution,NBB,2026-09-05T12:48:35.250844+00:00
GFCF_PUBLIC_CY,GFCF — Public admin.,2016,0.0,A,pp_contribution,NBB,2026-09-05T12:48:35.250844+00:00
GFCF_PUBLIC_CY,GFCF — Public admin.,2017,0.0,A,pp_contribution,NBB,2026-09-05T12:48:35.250844+00:00
GFCF_PUBLIC_CY,GFCF — Public admin.,2018,0.2,A,pp_contribution,NBB,2026-09-05T12:48:35.250844+00:00
GFCF_PUBLIC_CY,GFCF — Public admin.,2019,0.0,A,pp_contribution,NBB,2026-09-05T12:48:35.250844+00:00
GFCF_PUBLIC_CY,GFCF — Public admin.,2020,0.0,A,pp_contribution,NBB,2026-09-05T12:48:35.250844+00:00
GFCF_PUBLIC_CY,GFCF — Public admin.,2021,0.1,A,pp_contribution,NBB,2026-09-05T12:48:35.250844+00:00
GFCF_PUBLIC_CY,GFCF — Public admin.,2022,0.0,A,pp_contribution,NBB,2026-09-05T12:48:35.250844+00:00
GFCF_PUBLIC_CY,GFCF — Public admin.,2023,0.1,A,pp_contribution,NBB,2026-09-05T12:48:35.250844+00:00
GFCF_PUBLIC_CY,GFCF — Public admin.,2024,0.4,P,pp_contribution,NBB,2026-09-05T12:48:35.250844+00:00
GFCF_PUBLIC_CY,GFCF — Public admin.,2025,0.0,P,pp_contribution,NBB,2026-09-05T12:48:35.250844+00:00
GOV_BALANCE_MEUR_BE,"General government net lending/borrowing (balance), Belgium",2008,-3852.8,A,meur,Eurostat,2026-10-03T09:34:55.699694+00:00
GOV_BALANCE_MEUR_BE,"General government net lending/borrowing (balance), Belgium",2009,-18943.5,A,meur,Eurostat,2026-10-03T09:34:55.699694+00:00
GOV_BALANCE_MEUR_BE,"General government net lending/borrowing (balance), Belgium",2010,-15013.3,A,meur,Eurostat,2026-10-03T09:34:55.699694+00:00
GOV_BALANCE_MEUR_BE,"General government net lending/borrowing (balance), Belgium",2011,-16822.0,A,meur,Eurostat,2026-10-03T09:34:55.699694+00:00
GOV_BALANCE_MEUR_BE,"General government net lending/borrowing (balance), Belgium",2012,-16869.4,A,meur,Eurostat,2026-10-03T09:34:55.699694+00:00
GOV_BALANCE_MEUR_BE,"General government net lending/borrowing (balance), Belgium",2013,-12483.8,A,meur,Eurostat,2026-10-03T09:34:55.699694+00:00
GOV_BALANCE_MEUR_BE,"General government net lending/borrowing (balance), Belgium",2014,-12858.1,A,meur,Eurostat,2026-10-03T09:34:55.699694+00:00
GOV_BALANCE_MEUR_BE,"General government net lending/borrowing (balance), Belgium",2015,-10286.1,A,meur,Eurostat,2026-10-03T09:34:55.699694+00:00
GOV_BALANCE_MEUR_BE,"General government net lending/borrowing (balance), Belgium",2016,-10415.3,A,meur,Eurostat,2026-10-03T09:34:55.699694+00:00
GOV_BALANCE_MEUR_BE,"General government net lending/borrowing (balance), Belgium",2017,-3384.7,A,meur,Eurostat,2026-10-03T09:34:55.699694+00:00
GOV_BALANCE_MEUR_BE,"General government net lending/borrowing (balance), Belgium",2018,-4817.0,A,meur,Eurostat,2026-10-03T09:34:55.699694+00:00
GOV_BALANCE_MEUR_BE,"General government net lending/borrowing (balance), Belgium",2019,-9819.1,A,meur,Eurostat,2026-10-03T09:34:55.699694+00:00
GOV_BALANCE_MEUR_BE,"General government net lending/borrowing (balance), Belgium",2020,-41898.5,A,meur,Eurostat,2026-10-03T09:34:55.699694+00:00
GOV_BALANCE_MEUR_BE,"General government net lending/borrowing (balance), Belgium",2021,-27336.5,A,meur,Eurostat,2026-10-03T09:34:55.699694+00:00
GOV_BALANCE_MEUR_BE,"General government net lending/borrowing (balance), Belgium",2022,-19883.0,A,meur,Eurostat,2026-10-03T09:34:55.699694+00:00
GOV_BALANCE_MEUR_BE,"General government net lending/borrowing (balance), Belgium",2023,-24720.1,A,meur,Eurostat,2026-10-03T09:34:55.699694+00:00
GOV_BALANCE_MEUR_BE,"General government net lending/borrowing (balance), Belgium",2024,-27056.3,P,meur,Eurostat,2026-10-03T09:34:55.699694+00:00
GOV_BALANCE_MEUR_BE,"General government net lending/borrowing (balance), Belgium",2025,-33220.7,P,meur,Eurostat,2026-10-03T09:34:55.699694+00:00
GOV_BALANCE_PCT_GDP_BE,"General government net lending/borrowing (balance), Belgium (% of GDP)",2008,-1.1,A,pct_of_gdp,Eurostat,2026-10-03T09:34:55.699694+00:00
GOV_BALANCE_PCT_GDP_BE,"General government net lending/borrowing (balance), Belgium (% of GDP)",2009,-5.4,A,pct_of_gdp,Eurostat,2026-10-03T09:34:55.699694+00:00
GOV_BALANCE_PCT_GDP_BE,"General government net lending/borrowing (balance), Belgium (% of GDP)",2010,-4.1,A,pct_of_gdp,Eurostat,2026-10-03T09:34:55.699694+00:00
GOV_BALANCE_PCT_GDP_BE,"General government net lending/borrowing (balance), Belgium (% of GDP)",2011,-4.4,A,pct_of_gdp,Eurostat,2026-10-03T09:34:55.699694+00:00
GOV_BALANCE_PCT_GDP_BE,"General government net lending/borrowing (balance), Belgium (% of GDP)",2012,-4.3,A,pct_of_gdp,Eurostat,2026-10-03T09:34:55.699694+00:00
GOV_BALANCE_PCT_GDP_BE,"General government net lending/borrowing (balance), Belgium (% of GDP)",2013,-3.2,A,pct_of_gdp,Eurostat,2026-10-03T09:34:55.699694+00:00
GOV_BALANCE_PCT_GDP_BE,"General government net lending/borrowing (balance), Belgium (% of GDP)",2014,-3.2,A,pct_of_gdp,Eurostat,2026-10-03T09:34:55.699694+00:00
GOV_BALANCE_PCT_GDP_BE,"General government net lending/borrowing (balance), Belgium (% of GDP)",2015,-2.5,A,pct_of_gdp,Eurostat,2026-10-03T09:34:55.699694+00:00
GOV_BALANCE_PCT_GDP_BE,"General government net lending/borrowing (balance), Belgium (% of GDP)",2016,-2.4,A,pct_of_gdp,Eurostat,2026-10-03T09:34:55.699694+00:00
GOV_BALANCE_PCT_GDP_BE,"General government net lending/borrowing (balance), Belgium (% of GDP)",2017,-0.8,A,pct_of_gdp,Eurostat,2026-10-03T09:34:55.699694+00:00
GOV_BALANCE_PCT_GDP_BE,"General government net lending/borrowing (balance), Belgium (% of GDP)",2018,-1.0,A,pct_of_gdp,Eurostat,2026-10-03T09:34:55.699694+00:00
GOV_BALANCE_PCT_GDP_BE,"General government net lending/borrowing (balance), Belgium (% of GDP)",2019,-2.0,A,pct_of_gdp,Eurostat,2026-10-03T09:34:55.699694+00:00
GOV_BALANCE_PCT_GDP_BE,"General government net lending/borrowing (balance), Belgium (% of GDP)",2020,-9.0,A,pct_of_gdp,Eurostat,2026-10-03T09:34:55.699694+00:00
GOV_BALANCE_PCT_GDP_BE,"General government net lending/borrowing (balance), Belgium (% of GDP)",2021,-5.4,A,pct_of_gdp,Eurostat,2026-10-03T09:34:55.699694+00:00
GOV_BALANCE_PCT_GDP_BE,"General government net lending/borrowing (balance), Belgium (% of GDP)",2022,-3.5,A,pct_of_gdp,Eurostat,2026-10-03T09:34:55.699694+00:00
GOV_BALANCE_PCT_GDP_BE,"General government net lending/borrowing (balance), Belgium (% of GDP)",2023,-4.1,A,pct_of_gdp,Eurostat,2026-10-03T09:34:55.699694+00:00
GOV_BALANCE_PCT_GDP_BE,"General government net lending/borrowing (balance), Belgium (% of GDP)",2024,-4.4,P,pct_of_gdp,Eurostat,2026-10-03T09:34:55.699694+00:00
GOV_BALANCE_PCT_GDP_BE,"General government net lending/borrowing (balance), Belgium (% of GDP)",2025,-5.2,P,pct_of_gdp,Eurostat,2026-10-03T09:34:55.699694+00:00
GOV_CONSUMPTION_CY,Gov. consumption expenditure,2006,0.2,A,pp_contribution,NBB,2026-09-05T12:48:35.250844+00:00
GOV_CONSUMPTION_CY,Gov. consumption expenditure,2007,0.4,A,pp_contribution,NBB,2026-09-05T12:48:35.250844+00:00
GOV_CONSUMPTION_CY,Gov. consumption expenditure,2008,0.7,A,pp_contribution,NBB,2026-09-05T12:48:35.250844+00:00
GOV_CONSUMPTION_CY,Gov. consumption expenditure,2009,0.4,R,pp_contribution,NBB,2026-09-05T12:48:35.250844+00:00
GOV_CONSUMPTION_CY,Gov. consumption expenditure,2010,0.1,A,pp_contribution,NBB,2026-09-05T12:48:35.250844+00:00
GOV_CONSUMPTION_CY,Gov. consumption expenditure,2011,0.1,A,pp_contribution,NBB,2026-09-05T12:48:35.250844+00:00
GOV_CONSUMPTION_CY,Gov. consumption expenditure,2012,0.3,A,pp_contribution,NBB,2026-09-05T12:48:35.250844+00:00
GOV_CONSUMPTION_CY,Gov. consumption expenditure,2013,0.1,A,pp_contribution,NBB,2026-09-05T12:48:35.250844+00:00
GOV_CONSUMPTION_CY,Gov. consumption expenditure,2014,0.3,A,pp_contribution,NBB,2026-09-05T12:48:35.250844+00:00
GOV_CONSUMPTION_CY,Gov. consumption expenditure,2015,0.1,A,pp_contribution,NBB,2026-09-05T12:48:35.250844+00:00
GOV_CONSUMPTION_CY,Gov. consumption expenditure,2016,0.0,A,pp_contribution,NBB,2026-09-05T12:48:35.250844+00:00
GOV_CONSUMPTION_CY,Gov. consumption expenditure,2017,0.1,A,pp_contribution,NBB,2026-09-05T12:48:35.250844+00:00
GOV_CONSUMPTION_CY,Gov. consumption expenditure,2018,0.3,A,pp_contribution,NBB,2026-09-05T12:48:35.250844+00:00
GOV_CONSUMPTION_CY,Gov. consumption expenditure,2019,0.5,A,pp_contribution,NBB,2026-09-05T12:48:35.250844+00:00
GOV_CONSUMPTION_CY,Gov. consumption expenditure,2020,0.0,A,pp_contribution,NBB,2026-09-05T12:48:35.250844+00:00
GOV_CONSUMPTION_CY,Gov. consumption expenditure,2021,1.0,A,pp_contribution,NBB,2026-09-05T12:48:35.250844+00:00
GOV_CONSUMPTION_CY,Gov. consumption expenditure,2022,0.7,A,pp_contribution,NBB,2026-09-05T12:48:35.250844+00:00
GOV_CONSUMPTION_CY,Gov. consumption expenditure,2023,0.6,A,pp_contribution,NBB,2026-09-05T12:48:35.250844+00:00
GOV_CONSUMPTION_CY,Gov. consumption expenditure,2024,0.4,P,pp_contribution,NBB,2026-09-05T12:48:35.250844+00:00
GOV_CONSUMPTION_CY,Gov. consumption expenditure,2025,0.4,P,pp_contribution,NBB,2026-09-05T12:48:35.250844+00:00
GOV_DEBT_MEUR_BE,"General government gross debt, Belgium",2008,327722.7,A,meur,Eurostat,2026-10-03T09:34:55.699694+00:00
GOV_DEBT_MEUR_BE,"General government gross debt, Belgium",2009,347317.9,A,meur,Eurostat,2026-10-03T09:34:55.699694+00:00
GOV_DEBT_MEUR_BE,"General government gross debt, Belgium",2010,364352.5,A,meur,Eurostat,2026-10-03T09:34:55.699694+00:00
GOV_DEBT_MEUR_BE,"General government gross debt, Belgium",2011,389535.9,A,meur,Eurostat,2026-10-03T09:34:55.699694+00:00
GOV_DEBT_MEUR_BE,"General government gross debt, Belgium",2012,404898.4,A,meur,Eurostat,2026-10-03T09:34:55.699694+00:00
GOV_DEBT_MEUR_BE,"General government gross debt, Belgium",2013,414629.8,A,meur,Eurostat,2026-10-03T09:34:55.699694+00:00
GOV_DEBT_MEUR_BE,"General government gross debt, Belgium",2014,431863.7,A,meur,Eurostat,2026-10-03T09:34:55.699694+00:00
GOV_DEBT_MEUR_BE,"General government gross debt, Belgium",2015,439193.1,A,meur,Eurostat,2026-10-03T09:34:55.699694+00:00
GOV_DEBT_MEUR_BE,"General government gross debt, Belgium",2016,453193.4,A,meur,Eurostat,2026-10-03T09:34:55.699694+00:00
GOV_DEBT_MEUR_BE,"General government gross debt, Belgium",2017,455075.8,A,meur,Eurostat,2026-10-03T09:34:55.699694+00:00
GOV_DEBT_MEUR_BE,"General government gross debt, Belgium",2018,460209.7,A,meur,Eurostat,2026-10-03T09:34:55.699694+00:00
GOV_DEBT_MEUR_BE,"General government gross debt, Belgium",2019,468384.8,A,meur,Eurostat,2026-10-03T09:34:55.699694+00:00
GOV_DEBT_MEUR_BE,"General government gross debt, Belgium",2020,516438.5,A,meur,Eurostat,2026-10-03T09:34:55.699694+00:00
GOV_DEBT_MEUR_BE,"General government gross debt, Belgium",2021,550285.3,A,meur,Eurostat,2026-10-03T09:34:55.699694+00:00
GOV_DEBT_MEUR_BE,"General government gross debt, Belgium",2022,580354.3,A,meur,Eurostat,2026-10-03T09:34:55.699694+00:00
GOV_DEBT_MEUR_BE,"General government gross debt, Belgium",2023,617175.3,A,meur,Eurostat,2026-10-03T09:34:55.699694+00:00
GOV_DEBT_MEUR_BE,"General government gross debt, Belgium",2024,644198.6,A,meur,Eurostat,2026-10-03T09:34:55.699694+00:00
GOV_DEBT_MEUR_BE,"General government gross debt, Belgium",2025,692460.8,A,meur,Eurostat,2026-10-03T09:34:55.699694+00:00
GOV_DEBT_PCT_GDP_BE,"General government gross debt, Belgium (% of GDP)",2008,93.2,A,pct_of_gdp,Eurostat,2026-10-03T09:34:55.699694+00:00
GOV_DEBT_PCT_GDP_BE,"General government gross debt, Belgium (% of GDP)",2009,99.9,A,pct_of_gdp,Eurostat,2026-10-03T09:34:55.699694+00:00
GOV_DEBT_PCT_GDP_BE,"General government gross debt, Belgium (% of GDP)",2010,100.3,A,pct_of_gdp,Eurostat,2026-10-03T09:34:55.699694+00:00
GOV_DEBT_PCT_GDP_BE,"General government gross debt, Belgium (% of GDP)",2011,102.8,A,pct_of_gdp,Eurostat,2026-10-03T09:34:55.699694+00:00
GOV_DEBT_PCT_GDP_BE,"General government gross debt, Belgium (% of GDP)",2012,104.4,A,pct_of_gdp,Eurostat,2026-10-03T09:34:55.699694+00:00
GOV_DEBT_PCT_GDP_BE,"General government gross debt, Belgium (% of GDP)",2013,105.1,A,pct_of_gdp,Eurostat,2026-10-03T09:34:55.699694+00:00
GOV_DEBT_PCT_GDP_BE,"General government gross debt, Belgium (% of GDP)",2014,106.6,A,pct_of_gdp,Eurostat,2026-10-03T09:34:55.699694+00:00
GOV_DEBT_PCT_GDP_BE,"General government gross debt, Belgium (% of GDP)",2015,105.7,A,pct_of_gdp,Eurostat,2026-10-03T09:34:55.699694+00:00
GOV_DEBT_PCT_GDP_BE,"General government gross debt, Belgium (% of GDP)",2016,105.8,A,pct_of_gdp,Eurostat,2026-10-03T09:34:55.699694+00:00
GOV_DEBT_PCT_GDP_BE,"General government gross debt, Belgium (% of GDP)",2017,102.6,A,pct_of_gdp,Eurostat,2026-10-03T09:34:55.699694+00:00
GOV_DEBT_PCT_GDP_BE,"General government gross debt, Belgium (% of GDP)",2018,100.2,A,pct_of_gdp,Eurostat,2026-10-03T09:34:55.699694+00:00
GOV_DEBT_PCT_GDP_BE,"General government gross debt, Belgium (% of GDP)",2019,97.7,A,pct_of_gdp,Eurostat,2026-10-03T09:34:55.699694+00:00
GOV_DEBT_PCT_GDP_BE,"General government gross debt, Belgium (% of GDP)",2020,111.4,A,pct_of_gdp,Eurostat,2026-10-03T09:34:55.699694+00:00
GOV_DEBT_PCT_GDP_BE,"General government gross debt, Belgium (% of GDP)",2021,108.7,A,pct_of_gdp,Eurostat,2026-10-03T09:34:55.699694+00:00
GOV_DEBT_PCT_GDP_BE,"General government gross debt, Belgium (% of GDP)",2022,103.3,A,pct_of_gdp,Eurostat,2026-10-03T09:34:55.699694+00:00
GOV_DEBT_PCT_GDP_BE,"General government gross debt, Belgium (% of GDP)",2023,102.5,A,pct_of_gdp,Eurostat,2026-10-03T09:34:55.699694+00:00
GOV_DEBT_PCT_GDP_BE,"General government gross debt, Belgium (% of GDP)",2024,103.9,A,pct_of_gdp,Eurostat,2026-10-03T09:34:55.699694+00:00
GOV_DEBT_PCT_GDP_BE,"General government gross debt, Belgium (% of GDP)",2025,107.9,A,pct_of_gdp,Eurostat,2026-10-03T09:34:55.699694+00:00
GOV_DEBT_Q_MEUR_BE,"General government gross debt, quarterly, Belgium",2008-Q1,314470.0,A,meur,Eurostat,2026-10-03T09:34:55.699694+00:00
GOV_DEBT_Q_MEUR_BE,"General government gross debt, quarterly, Belgium",2008-Q2,313634.0,A,meur,Eurostat,2026-10-03T09:34:55.699694+00:00
GOV_DEBT_Q_MEUR_BE,"General government gross debt, quarterly, Belgium",2008-Q3,319176.0,A,meur,Eurostat,2026-10-03T09:34:55.699694+00:00
GOV_DEBT_Q_MEUR_BE,"General government gross debt, quarterly, Belgium",2008-Q4,327723.0,A,meur,Eurostat,2026-10-03T09:34:55.699694+00:00
GOV_DEBT_Q_MEUR_BE,"General government gross debt, quarterly, Belgium",2009-Q1,346006.0,A,meur,Eurostat,2026-10-03T09:34:55.699694+00:00
GOV_DEBT_Q_MEUR_BE,"General government gross debt, quarterly, Belgium",2009-Q2,348347.0,A,meur,Eurostat,2026-10-03T09:34:55.699694+00:00
GOV_DEBT_Q_MEUR_BE,"General government gross debt, quarterly, Belgium",2009-Q3,353349.0,A,meur,Eurostat,2026-10-03T09:34:55.699694+00:00
GOV_DEBT_Q_MEUR_BE,"General government gross debt, quarterly, Belgium",2009-Q4,347318.0,A,meur,Eurostat,2026-10-03T09:34:55.699694+00:00
GOV_DEBT_Q_MEUR_BE,"General government gross debt, quarterly, Belgium",2010-Q1,364083.0,A,meur,Eurostat,2026-10-03T09:34:55.699694+00:00
GOV_DEBT_Q_MEUR_BE,"General government gross debt, quarterly, Belgium",2010-Q2,369249.0,A,meur,Eurostat,2026-10-03T09:34:55.699694+00:00
GOV_DEBT_Q_MEUR_BE,"General government gross debt, quarterly, Belgium",2010-Q3,368998.0,A,meur,Eurostat,2026-10-03T09:34:55.699694+00:00
GOV_DEBT_Q_MEUR_BE,"General government gross debt, quarterly, Belgium",2010-Q4,364352.0,A,meur,Eurostat,2026-10-03T09:34:55.699694+00:00
GOV_DEBT_Q_MEUR_BE,"General government gross debt, quarterly, Belgium",2011-Q1,381301.0,A,meur,Eurostat,2026-10-03T09:34:55.699694+00:00
GOV_DEBT_Q_MEUR_BE,"General government gross debt, quarterly, Belgium",2011-Q2,380323.0,A,meur,Eurostat,2026-10-03T09:34:55.699694+00:00
GOV_DEBT_Q_MEUR_BE,"General government gross debt, quarterly, Belgium",2011-Q3,386367.0,A,meur,Eurostat,2026-10-03T09:34:55.699694+00:00
GOV_DEBT_Q_MEUR_BE,"General government gross debt, quarterly, Belgium",2011-Q4,389536.0,A,meur,Eurostat,2026-10-03T09:34:55.699694+00:00
GOV_DEBT_Q_MEUR_BE,"General government gross debt, quarterly, Belgium",2012-Q1,404809.0,A,meur,Eurostat,2026-10-03T09:34:55.699694+00:00
GOV_DEBT_Q_MEUR_BE,"General government gross debt, quarterly, Belgium",2012-Q2,410858.0,A,meur,Eurostat,2026-10-03T09:34:55.699694+00:00
GOV_DEBT_Q_MEUR_BE,"General government gross debt, quarterly, Belgium",2012-Q3,410178.0,A,meur,Eurostat,2026-10-03T09:34:55.699694+00:00
GOV_DEBT_Q_MEUR_BE,"General government gross debt, quarterly, Belgium",2012-Q4,404898.0,A,meur,Eurostat,2026-10-03T09:34:55.699694+00:00
GOV_DEBT_Q_MEUR_BE,"General government gross debt, quarterly, Belgium",2013-Q1,424198.0,A,meur,Eurostat,2026-10-03T09:34:55.699694+00:00
GOV_DEBT_Q_MEUR_BE,"General government gross debt, quarterly, Belgium",2013-Q2,428227.0,A,meur,Eurostat,2026-10-03T09:34:55.699694+00:00
GOV_DEBT_Q_MEUR_BE,"General government gross debt, quarterly, Belgium",2013-Q3,425922.0,A,meur,Eurostat,2026-10-03T09:34:55.699694+00:00
GOV_DEBT_Q_MEUR_BE,"General government gross debt, quarterly, Belgium",2013-Q4,414630.0,A,meur,Eurostat,2026-10-03T09:34:55.699694+00:00
GOV_DEBT_Q_MEUR_BE,"General government gross debt, quarterly, Belgium",2014-Q1,435401.0,A,meur,Eurostat,2026-10-03T09:34:55.699694+00:00
GOV_DEBT_Q_MEUR_BE,"General government gross debt, quarterly, Belgium",2014-Q2,439170.0,A,meur,Eurostat,2026-10-03T09:34:55.699694+00:00
GOV_DEBT_Q_MEUR_BE,"General government gross debt, quarterly, Belgium",2014-Q3,439591.0,A,meur,Eurostat,2026-10-03T09:34:55.699694+00:00
GOV_DEBT_Q_MEUR_BE,"General government gross debt, quarterly, Belgium",2014-Q4,431864.0,A,meur,Eurostat,2026-10-03T09:34:55.699694+00:00
GOV_DEBT_Q_MEUR_BE,"General government gross debt, quarterly, Belgium",2015-Q1,450656.0,A,meur,Eurostat,2026-10-03T09:34:55.699694+00:00
GOV_DEBT_Q_MEUR_BE,"General government gross debt, quarterly, Belgium",2015-Q2,447151.0,A,meur,Eurostat,2026-10-03T09:34:55.699694+00:00
GOV_DEBT_Q_MEUR_BE,"General government gross debt, quarterly, Belgium",2015-Q3,447781.0,A,meur,Eurostat,2026-10-03T09:34:55.699694+00:00
GOV_DEBT_Q_MEUR_BE,"General government gross debt, quarterly, Belgium",2015-Q4,439193.0,A,meur,Eurostat,2026-10-03T09:34:55.699694+00:00
GOV_DEBT_Q_MEUR_BE,"General government gross debt, quarterly, Belgium",2016-Q1,454432.0,A,meur,Eurostat,2026-10-03T09:34:55.699694+00:00
GOV_DEBT_Q_MEUR_BE,"General government gross debt, quarterly, Belgium",2016-Q2,459662.0,A,meur,Eurostat,2026-10-03T09:34:55.699694+00:00
GOV_DEBT_Q_MEUR_BE,"General government gross debt, quarterly, Belgium",2016-Q3,460005.0,A,meur,Eurostat,2026-10-03T09:34:55.699694+00:00
GOV_DEBT_Q_MEUR_BE,"General government gross debt, quarterly, Belgium",2016-Q4,453193.0,A,meur,Eurostat,2026-10-03T09:34:55.699694+00:00
GOV_DEBT_Q_MEUR_BE,"General government gross debt, quarterly, Belgium",2017-Q1,462914.0,A,meur,Eurostat,2026-10-03T09:34:55.699694+00:00
GOV_DEBT_Q_MEUR_BE,"General government gross debt, quarterly, Belgium",2017-Q2,460888.0,A,meur,Eurostat,2026-10-03T09:34:55.699694+00:00
GOV_DEBT_Q_MEUR_BE,"General government gross debt, quarterly, Belgium",2017-Q3,467835.0,A,meur,Eurostat,2026-10-03T09:34:55.699694+00:00
GOV_DEBT_Q_MEUR_BE,"General government gross debt, quarterly, Belgium",2017-Q4,455076.0,A,meur,Eurostat,2026-10-03T09:34:55.699694+00:00
GOV_DEBT_Q_MEUR_BE,"General government gross debt, quarterly, Belgium",2018-Q1,470547.0,A,meur,Eurostat,2026-10-03T09:34:55.699694+00:00
GOV_DEBT_Q_MEUR_BE,"General government gross debt, quarterly, Belgium",2018-Q2,470771.0,A,meur,Eurostat,2026-10-03T09:34:55.699694+00:00
GOV_DEBT_Q_MEUR_BE,"General government gross debt, quarterly, Belgium",2018-Q3,471520.0,A,meur,Eurostat,2026-10-03T09:34:55.699694+00:00
GOV_DEBT_Q_MEUR_BE,"General government gross debt, quarterly, Belgium",2018-Q4,460210.0,A,meur,Eurostat,2026-10-03T09:34:55.699694+00:00
GOV_DEBT_Q_MEUR_BE,"General government gross debt, quarterly, Belgium",2019-Q1,478544.0,A,meur,Eurostat,2026-10-03T09:34:55.699694+00:00
GOV_DEBT_Q_MEUR_BE,"General government gross debt, quarterly, Belgium",2019-Q2,478193.0,A,meur,Eurostat,2026-10-03T09:34:55.699694+00:00
GOV_DEBT_Q_MEUR_BE,"General government gross debt, quarterly, Belgium",2019-Q3,481190.0,A,meur,Eurostat,2026-10-03T09:34:55.699694+00:00
GOV_DEBT_Q_MEUR_BE,"General government gross debt, quarterly, Belgium",2019-Q4,468385.0,A,meur,Eurostat,2026-10-03T09:34:55.699694+00:00
GOV_DEBT_Q_MEUR_BE,"General government gross debt, quarterly, Belgium",2020-Q1,492794.0,A,meur,Eurostat,2026-10-03T09:34:55.699694+00:00
GOV_DEBT_Q_MEUR_BE,"General government gross debt, quarterly, Belgium",2020-Q2,525073.0,A,meur,Eurostat,2026-10-03T09:34:55.699694+00:00
GOV_DEBT_Q_MEUR_BE,"General government gross debt, quarterly, Belgium",2020-Q3,516918.0,A,meur,Eurostat,2026-10-03T09:34:55.699694+00:00
GOV_DEBT_Q_MEUR_BE,"General government gross debt, quarterly, Belgium",2020-Q4,516438.0,A,meur,Eurostat,2026-10-03T09:34:55.699694+00:00
GOV_DEBT_Q_MEUR_BE,"General government gross debt, quarterly, Belgium",2021-Q1,538402.0,A,meur,Eurostat,2026-10-03T09:34:55.699694+00:00
GOV_DEBT_Q_MEUR_BE,"General government gross debt, quarterly, Belgium",2021-Q2,547907.0,A,meur,Eurostat,2026-10-03T09:34:55.699694+00:00
GOV_DEBT_Q_MEUR_BE,"General government gross debt, quarterly, Belgium",2021-Q3,549751.0,A,meur,Eurostat,2026-10-03T09:34:55.699694+00:00
GOV_DEBT_Q_MEUR_BE,"General government gross debt, quarterly, Belgium",2021-Q4,550285.0,A,meur,Eurostat,2026-10-03T09:34:55.699694+00:00
GOV_DEBT_Q_MEUR_BE,"General government gross debt, quarterly, Belgium",2022-Q1,563909.0,A,meur,Eurostat,2026-10-03T09:34:55.699694+00:00
GOV_DEBT_Q_MEUR_BE,"General government gross debt, quarterly, Belgium",2022-Q2,575484.0,A,meur,Eurostat,2026-10-03T09:34:55.699694+00:00
GOV_DEBT_Q_MEUR_BE,"General government gross debt, quarterly, Belgium",2022-Q3,576979.0,A,meur,Eurostat,2026-10-03T09:34:55.699694+00:00
GOV_DEBT_Q_MEUR_BE,"General government gross debt, quarterly, Belgium",2022-Q4,580354.0,A,meur,Eurostat,2026-10-03T09:34:55.699694+00:00
GOV_DEBT_Q_MEUR_BE,"General government gross debt, quarterly, Belgium",2023-Q1,601580.0,A,meur,Eurostat,2026-10-03T09:34:55.699694+00:00
GOV_DEBT_Q_MEUR_BE,"General government gross debt, quarterly, Belgium",2023-Q2,606094.0,A,meur,Eurostat,2026-10-03T09:34:55.699694+00:00
GOV_DEBT_Q_MEUR_BE,"General government gross debt, quarterly, Belgium",2023-Q3,625669.0,A,meur,Eurostat,2026-10-03T09:34:55.699694+00:00
GOV_DEBT_Q_MEUR_BE,"General government gross debt, quarterly, Belgium",2023-Q4,617175.0,A,meur,Eurostat,2026-10-03T09:34:55.699694+00:00
GOV_DEBT_Q_MEUR_BE,"General government gross debt, quarterly, Belgium",2024-Q1,639849.0,A,meur,Eurostat,2026-10-03T09:34:55.699694+00:00
GOV_DEBT_Q_MEUR_BE,"General government gross debt, quarterly, Belgium",2024-Q2,644302.0,A,meur,Eurostat,2026-10-03T09:34:55.699694+00:00
GOV_DEBT_Q_MEUR_BE,"General government gross debt, quarterly, Belgium",2024-Q3,644251.0,A,meur,Eurostat,2026-10-03T09:34:55.699694+00:00
GOV_DEBT_Q_MEUR_BE,"General government gross debt, quarterly, Belgium",2024-Q4,644199.0,A,meur,Eurostat,2026-10-03T09:34:55.699694+00:00
GOV_DEBT_Q_MEUR_BE,"General government gross debt, quarterly, Belgium",2025-Q1,662922.0,A,meur,Eurostat,2026-10-03T09:34:55.699694+00:00
GOV_DEBT_Q_MEUR_BE,"General government gross debt, quarterly, Belgium",2025-Q2,670217.0,A,meur,Eurostat,2026-10-03T09:34:55.699694+00:00
GOV_DEBT_Q_MEUR_BE,"General government gross debt, quarterly, Belgium",2025-Q3,680801.0,A,meur,Eurostat,2026-10-03T09:34:55.699694+00:00
GOV_DEBT_Q_MEUR_BE,"General government gross debt, quarterly, Belgium",2025-Q4,692460.0,A,meur,Eurostat,2026-10-03T09:34:55.699694+00:00
GOV_DEBT_Q_MEUR_BE,"General government gross debt, quarterly, Belgium",2026-Q1,706581.0,P,meur,Eurostat,2026-10-03T09:34:55.699694+00:00
GOV_EXPENDITURE_BE,"General government total expenditure, Belgium",2008,178598.7,A,meur,Eurostat,2026-10-03T09:34:55.699694+00:00
GOV_EXPENDITURE_BE,"General government total expenditure, Belgium",2009,189621.2,A,meur,Eurostat,2026-10-03T09:34:55.699694+00:00
GOV_EXPENDITURE_BE,"General government total expenditure, Belgium",2010,195796.5,A,meur,Eurostat,2026-10-03T09:34:55.699694+00:00
GOV_EXPENDITURE_BE,"General government total expenditure, Belgium",2011,208413.2,A,meur,Eurostat,2026-10-03T09:34:55.699694+00:00
GOV_EXPENDITURE_BE,"General government total expenditure, Belgium",2012,218194.4,A,meur,Eurostat,2026-10-03T09:34:55.699694+00:00
GOV_EXPENDITURE_BE,"General government total expenditure, Belgium",2013,220598.6,A,meur,Eurostat,2026-10-03T09:34:55.699694+00:00
GOV_EXPENDITURE_BE,"General government total expenditure, Belgium",2014,224414.0,A,meur,Eurostat,2026-10-03T09:34:55.699694+00:00
GOV_EXPENDITURE_BE,"General government total expenditure, Belgium",2015,223895.8,A,meur,Eurostat,2026-10-03T09:34:55.699694+00:00
GOV_EXPENDITURE_BE,"General government total expenditure, Belgium",2016,228708.7,A,meur,Eurostat,2026-10-03T09:34:55.699694+00:00
GOV_EXPENDITURE_BE,"General government total expenditure, Belgium",2017,231699.4,A,meur,Eurostat,2026-10-03T09:34:55.699694+00:00
GOV_EXPENDITURE_BE,"General government total expenditure, Belgium",2018,241008.2,A,meur,Eurostat,2026-10-03T09:34:55.699694+00:00
GOV_EXPENDITURE_BE,"General government total expenditure, Belgium",2019,248119.3,A,meur,Eurostat,2026-10-03T09:34:55.699694+00:00
GOV_EXPENDITURE_BE,"General government total expenditure, Belgium",2020,271076.2,A,meur,Eurostat,2026-10-03T09:34:55.699694+00:00
GOV_EXPENDITURE_BE,"General government total expenditure, Belgium",2021,278017.6,A,meur,Eurostat,2026-10-03T09:34:55.699694+00:00
GOV_EXPENDITURE_BE,"General government total expenditure, Belgium",2022,294745.9,A,meur,Eurostat,2026-10-03T09:34:55.699694+00:00
GOV_EXPENDITURE_BE,"General government total expenditure, Belgium",2023,318050.9,A,meur,Eurostat,2026-10-03T09:34:55.699694+00:00
GOV_EXPENDITURE_BE,"General government total expenditure, Belgium",2024,335100.1,P,meur,Eurostat,2026-10-03T09:34:55.699694+00:00
GOV_EXPENDITURE_BE,"General government total expenditure, Belgium",2025,347956.3,P,meur,Eurostat,2026-10-03T09:34:55.699694+00:00
GOV_EXP_COFOG_TOTAL_BE,"Total general government expenditure by function (COFOG), Belgium",2008,178599.0,A,meur,Eurostat,2026-10-03T09:34:55.699694+00:00
GOV_EXP_COFOG_TOTAL_BE,"Total general government expenditure by function (COFOG), Belgium",2009,189621.2,A,meur,Eurostat,2026-10-03T09:34:55.699694+00:00
GOV_EXP_COFOG_TOTAL_BE,"Total general government expenditure by function (COFOG), Belgium",2010,195796.1,A,meur,Eurostat,2026-10-03T09:34:55.699694+00:00
GOV_EXP_COFOG_TOTAL_BE,"Total general government expenditure by function (COFOG), Belgium",2011,208412.1,A,meur,Eurostat,2026-10-03T09:34:55.699694+00:00
GOV_EXP_COFOG_TOTAL_BE,"Total general government expenditure by function (COFOG), Belgium",2012,218194.2,A,meur,Eurostat,2026-10-03T09:34:55.699694+00:00
GOV_EXP_COFOG_TOTAL_BE,"Total general government expenditure by function (COFOG), Belgium",2013,220599.2,A,meur,Eurostat,2026-10-03T09:34:55.699694+00:00
GOV_EXP_COFOG_TOTAL_BE,"Total general government expenditure by function (COFOG), Belgium",2014,224413.9,A,meur,Eurostat,2026-10-03T09:34:55.699694+00:00
GOV_EXP_COFOG_TOTAL_BE,"Total general government expenditure by function (COFOG), Belgium",2015,223895.1,A,meur,Eurostat,2026-10-03T09:34:55.699694+00:00
GOV_EXP_COFOG_TOTAL_BE,"Total general government expenditure by function (COFOG), Belgium",2016,228709.1,A,meur,Eurostat,2026-10-03T09:34:55.699694+00:00
GOV_EXP_COFOG_TOTAL_BE,"Total general government expenditure by function (COFOG), Belgium",2017,231699.2,A,meur,Eurostat,2026-10-03T09:34:55.699694+00:00
GOV_EXP_COFOG_TOTAL_BE,"Total general government expenditure by function (COFOG), Belgium",2018,241008.5,A,meur,Eurostat,2026-10-03T09:34:55.699694+00:00
GOV_EXP_COFOG_TOTAL_BE,"Total general government expenditure by function (COFOG), Belgium",2019,248119.7,A,meur,Eurostat,2026-10-03T09:34:55.699694+00:00
GOV_EXP_COFOG_TOTAL_BE,"Total general government expenditure by function (COFOG), Belgium",2020,271075.8,A,meur,Eurostat,2026-10-03T09:34:55.699694+00:00
GOV_EXP_COFOG_TOTAL_BE,"Total general government expenditure by function (COFOG), Belgium",2021,278017.3,A,meur,Eurostat,2026-10-03T09:34:55.699694+00:00
GOV_EXP_COFOG_TOTAL_BE,"Total general government expenditure by function (COFOG), Belgium",2022,294710.9,A,meur,Eurostat,2026-10-03T09:34:55.699694+00:00
GOV_EXP_COFOG_TOTAL_BE,"Total general government expenditure by function (COFOG), Belgium",2023,318074.9,A,meur,Eurostat,2026-10-03T09:34:55.699694+00:00
GOV_EXP_COFOG_TOTAL_BE,"Total general government expenditure by function (COFOG), Belgium",2024,335287.9,P,meur,Eurostat,2026-10-03T09:34:55.699694+00:00
GOV_EXP_DEBT_TRANSACTIONS_BE,"General government expenditure on public debt transactions, Belgium",2008,14390.6,A,meur,Eurostat,2026-10-03T09:34:55.699694+00:00
GOV_EXP_DEBT_TRANSACTIONS_BE,"General government expenditure on public debt transactions, Belgium",2009,14198.6,A,meur,Eurostat,2026-10-03T09:34:55.699694+00:00
GOV_EXP_DEBT_TRANSACTIONS_BE,"General government expenditure on public debt transactions, Belgium",2010,13782.7,A,meur,Eurostat,2026-10-03T09:34:55.699694+00:00
GOV_EXP_DEBT_TRANSACTIONS_BE,"General government expenditure on public debt transactions, Belgium",2011,14285.1,A,meur,Eurostat,2026-10-03T09:34:55.699694+00:00
GOV_EXP_DEBT_TRANSACTIONS_BE,"General government expenditure on public debt transactions, Belgium",2012,14643.7,A,meur,Eurostat,2026-10-03T09:34:55.699694+00:00
GOV_EXP_DEBT_TRANSACTIONS_BE,"General government expenditure on public debt transactions, Belgium",2013,14016.9,A,meur,Eurostat,2026-10-03T09:34:55.699694+00:00
GOV_EXP_DEBT_TRANSACTIONS_BE,"General government expenditure on public debt transactions, Belgium",2014,14054.4,A,meur,Eurostat,2026-10-03T09:34:55.699694+00:00
GOV_EXP_DEBT_TRANSACTIONS_BE,"General government expenditure on public debt transactions, Belgium",2015,13160.4,A,meur,Eurostat,2026-10-03T09:34:55.699694+00:00
GOV_EXP_DEBT_TRANSACTIONS_BE,"General government expenditure on public debt transactions, Belgium",2016,12700.9,A,meur,Eurostat,2026-10-03T09:34:55.699694+00:00
GOV_EXP_DEBT_TRANSACTIONS_BE,"General government expenditure on public debt transactions, Belgium",2017,11595.0,A,meur,Eurostat,2026-10-03T09:34:55.699694+00:00
GOV_EXP_DEBT_TRANSACTIONS_BE,"General government expenditure on public debt transactions, Belgium",2018,10902.6,A,meur,Eurostat,2026-10-03T09:34:55.699694+00:00
GOV_EXP_DEBT_TRANSACTIONS_BE,"General government expenditure on public debt transactions, Belgium",2019,10487.5,A,meur,Eurostat,2026-10-03T09:34:55.699694+00:00
GOV_EXP_DEBT_TRANSACTIONS_BE,"General government expenditure on public debt transactions, Belgium",2020,10041.8,A,meur,Eurostat,2026-10-03T09:34:55.699694+00:00
GOV_EXP_DEBT_TRANSACTIONS_BE,"General government expenditure on public debt transactions, Belgium",2021,9464.6,A,meur,Eurostat,2026-10-03T09:34:55.699694+00:00
GOV_EXP_DEBT_TRANSACTIONS_BE,"General government expenditure on public debt transactions, Belgium",2022,9454.3,A,meur,Eurostat,2026-10-03T09:34:55.699694+00:00
GOV_EXP_DEBT_TRANSACTIONS_BE,"General government expenditure on public debt transactions, Belgium",2023,12273.1,A,meur,Eurostat,2026-10-03T09:34:55.699694+00:00
GOV_EXP_DEBT_TRANSACTIONS_BE,"General government expenditure on public debt transactions, Belgium",2024,14475.6,P,meur,Eurostat,2026-10-03T09:34:55.699694+00:00
GOV_EXP_DEFENCE_BE,"General government expenditure on defence, Belgium",2008,3730.3,A,meur,Eurostat,2026-10-03T09:34:55.699694+00:00
GOV_EXP_DEFENCE_BE,"General government expenditure on defence, Belgium",2009,3484.0,A,meur,Eurostat,2026-10-03T09:34:55.699694+00:00
GOV_EXP_DEFENCE_BE,"General government expenditure on defence, Belgium",2010,3529.1,A,meur,Eurostat,2026-10-03T09:34:55.699694+00:00
GOV_EXP_DEFENCE_BE,"General government expenditure on defence, Belgium",2011,3561.0,A,meur,Eurostat,2026-10-03T09:34:55.699694+00:00
GOV_EXP_DEFENCE_BE,"General government expenditure on defence, Belgium",2012,3574.6,A,meur,Eurostat,2026-10-03T09:34:55.699694+00:00
GOV_EXP_DEFENCE_BE,"General government expenditure on defence, Belgium",2013,3630.9,A,meur,Eurostat,2026-10-03T09:34:55.699694+00:00
GOV_EXP_DEFENCE_BE,"General government expenditure on defence, Belgium",2014,3530.0,A,meur,Eurostat,2026-10-03T09:34:55.699694+00:00
GOV_EXP_DEFENCE_BE,"General government expenditure on defence, Belgium",2015,3449.5,A,meur,Eurostat,2026-10-03T09:34:55.699694+00:00
GOV_EXP_DEFENCE_BE,"General government expenditure on defence, Belgium",2016,3457.5,A,meur,Eurostat,2026-10-03T09:34:55.699694+00:00
GOV_EXP_DEFENCE_BE,"General government expenditure on defence, Belgium",2017,3520.5,A,meur,Eurostat,2026-10-03T09:34:55.699694+00:00
GOV_EXP_DEFENCE_BE,"General government expenditure on defence, Belgium",2018,3481.2,A,meur,Eurostat,2026-10-03T09:34:55.699694+00:00
GOV_EXP_DEFENCE_BE,"General government expenditure on defence, Belgium",2019,3769.5,A,meur,Eurostat,2026-10-03T09:34:55.699694+00:00
GOV_EXP_DEFENCE_BE,"General government expenditure on defence, Belgium",2020,4138.8,A,meur,Eurostat,2026-10-03T09:34:55.699694+00:00
GOV_EXP_DEFENCE_BE,"General government expenditure on defence, Belgium",2021,4372.0,A,meur,Eurostat,2026-10-03T09:34:55.699694+00:00
GOV_EXP_DEFENCE_BE,"General government expenditure on defence, Belgium",2022,5418.1,A,meur,Eurostat,2026-10-03T09:34:55.699694+00:00
GOV_EXP_DEFENCE_BE,"General government expenditure on defence, Belgium",2023,5666.2,A,meur,Eurostat,2026-10-03T09:34:55.699694+00:00
GOV_EXP_DEFENCE_BE,"General government expenditure on defence, Belgium",2024,7946.4,P,meur,Eurostat,2026-10-03T09:34:55.699694+00:00
GOV_EXP_ECONOMIC_AFFAIRS_BE,"General government expenditure on economic affairs, Belgium",2008,21425.6,A,meur,Eurostat,2026-10-03T09:34:55.699694+00:00
GOV_EXP_ECONOMIC_AFFAIRS_BE,"General government expenditure on economic affairs, Belgium",2009,23469.8,A,meur,Eurostat,2026-10-03T09:34:55.699694+00:00
GOV_EXP_ECONOMIC_AFFAIRS_BE,"General government expenditure on economic affairs, Belgium",2010,24799.9,A,meur,Eurostat,2026-10-03T09:34:55.699694+00:00
GOV_EXP_ECONOMIC_AFFAIRS_BE,"General government expenditure on economic affairs, Belgium",2011,28396.2,A,meur,Eurostat,2026-10-03T09:34:55.699694+00:00
GOV_EXP_ECONOMIC_AFFAIRS_BE,"General government expenditure on economic affairs, Belgium",2012,30143.5,A,meur,Eurostat,2026-10-03T09:34:55.699694+00:00
GOV_EXP_ECONOMIC_AFFAIRS_BE,"General government expenditure on economic affairs, Belgium",2013,27630.8,A,meur,Eurostat,2026-10-03T09:34:55.699694+00:00
GOV_EXP_ECONOMIC_AFFAIRS_BE,"General government expenditure on economic affairs, Belgium",2014,29685.1,A,meur,Eurostat,2026-10-03T09:34:55.699694+00:00
GOV_EXP_ECONOMIC_AFFAIRS_BE,"General government expenditure on economic affairs, Belgium",2015,28548.8,A,meur,Eurostat,2026-10-03T09:34:55.699694+00:00
GOV_EXP_ECONOMIC_AFFAIRS_BE,"General government expenditure on economic affairs, Belgium",2016,28811.0,A,meur,Eurostat,2026-10-03T09:34:55.699694+00:00
GOV_EXP_ECONOMIC_AFFAIRS_BE,"General government expenditure on economic affairs, Belgium",2017,28687.0,A,meur,Eurostat,2026-10-03T09:34:55.699694+00:00
GOV_EXP_ECONOMIC_AFFAIRS_BE,"General government expenditure on economic affairs, Belgium",2018,30644.2,A,meur,Eurostat,2026-10-03T09:34:55.699694+00:00
GOV_EXP_ECONOMIC_AFFAIRS_BE,"General government expenditure on economic affairs, Belgium",2019,31876.3,A,meur,Eurostat,2026-10-03T09:34:55.699694+00:00
GOV_EXP_ECONOMIC_AFFAIRS_BE,"General government expenditure on economic affairs, Belgium",2020,35834.2,A,meur,Eurostat,2026-10-03T09:34:55.699694+00:00
GOV_EXP_ECONOMIC_AFFAIRS_BE,"General government expenditure on economic affairs, Belgium",2021,35553.1,A,meur,Eurostat,2026-10-03T09:34:55.699694+00:00
GOV_EXP_ECONOMIC_AFFAIRS_BE,"General government expenditure on economic affairs, Belgium",2022,35658.8,A,meur,Eurostat,2026-10-03T09:34:55.699694+00:00
GOV_EXP_ECONOMIC_AFFAIRS_BE,"General government expenditure on economic affairs, Belgium",2023,39160.5,A,meur,Eurostat,2026-10-03T09:34:55.699694+00:00
GOV_EXP_ECONOMIC_AFFAIRS_BE,"General government expenditure on economic affairs, Belgium",2024,39854.2,P,meur,Eurostat,2026-10-03T09:34:55.699694+00:00
GOV_EXP_EDUCATION_BE,"General government expenditure on education, Belgium",2008,20132.8,A,meur,Eurostat,2026-10-03T09:34:55.699694+00:00
GOV_EXP_EDUCATION_BE,"General government expenditure on education, Belgium",2009,21030.5,A,meur,Eurostat,2026-10-03T09:34:55.699694+00:00
GOV_EXP_EDUCATION_BE,"General government expenditure on education, Belgium",2010,21910.3,A,meur,Eurostat,2026-10-03T09:34:55.699694+00:00
GOV_EXP_EDUCATION_BE,"General government expenditure on education, Belgium",2011,23368.0,A,meur,Eurostat,2026-10-03T09:34:55.699694+00:00
GOV_EXP_EDUCATION_BE,"General government expenditure on education, Belgium",2012,24166.3,A,meur,Eurostat,2026-10-03T09:34:55.699694+00:00
GOV_EXP_EDUCATION_BE,"General government expenditure on education, Belgium",2013,25033.7,A,meur,Eurostat,2026-10-03T09:34:55.699694+00:00
GOV_EXP_EDUCATION_BE,"General government expenditure on education, Belgium",2014,25393.8,A,meur,Eurostat,2026-10-03T09:34:55.699694+00:00
GOV_EXP_EDUCATION_BE,"General government expenditure on education, Belgium",2015,26222.1,A,meur,Eurostat,2026-10-03T09:34:55.699694+00:00
GOV_EXP_EDUCATION_BE,"General government expenditure on education, Belgium",2016,26798.7,A,meur,Eurostat,2026-10-03T09:34:55.699694+00:00
GOV_EXP_EDUCATION_BE,"General government expenditure on education, Belgium",2017,27686.4,A,meur,Eurostat,2026-10-03T09:34:55.699694+00:00
GOV_EXP_EDUCATION_BE,"General government expenditure on education, Belgium",2018,28526.5,A,meur,Eurostat,2026-10-03T09:34:55.699694+00:00
GOV_EXP_EDUCATION_BE,"General government expenditure on education, Belgium",2019,29340.4,A,meur,Eurostat,2026-10-03T09:34:55.699694+00:00
GOV_EXP_EDUCATION_BE,"General government expenditure on education, Belgium",2020,30244.1,A,meur,Eurostat,2026-10-03T09:34:55.699694+00:00
GOV_EXP_EDUCATION_BE,"General government expenditure on education, Belgium",2021,31481.4,A,meur,Eurostat,2026-10-03T09:34:55.699694+00:00
GOV_EXP_EDUCATION_BE,"General government expenditure on education, Belgium",2022,34822.2,A,meur,Eurostat,2026-10-03T09:34:55.699694+00:00
GOV_EXP_EDUCATION_BE,"General government expenditure on education, Belgium",2023,37751.0,A,meur,Eurostat,2026-10-03T09:34:55.699694+00:00
GOV_EXP_EDUCATION_BE,"General government expenditure on education, Belgium",2024,39283.6,P,meur,Eurostat,2026-10-03T09:34:55.699694+00:00
GOV_EXP_FAMILY_BE,"General government expenditure on family and children, Belgium",2008,7601.0,A,meur,Eurostat,2026-10-03T09:34:55.699694+00:00
GOV_EXP_FAMILY_BE,"General government expenditure on family and children, Belgium",2009,8350.3,A,meur,Eurostat,2026-10-03T09:34:55.699694+00:00
GOV_EXP_FAMILY_BE,"General government expenditure on family and children, Belgium",2010,8649.7,A,meur,Eurostat,2026-10-03T09:34:55.699694+00:00
GOV_EXP_FAMILY_BE,"General government expenditure on family and children, Belgium",2011,9205.4,A,meur,Eurostat,2026-10-03T09:34:55.699694+00:00
GOV_EXP_FAMILY_BE,"General government expenditure on family and children, Belgium",2012,9534.8,A,meur,Eurostat,2026-10-03T09:34:55.699694+00:00
GOV_EXP_FAMILY_BE,"General government expenditure on family and children, Belgium",2013,9178.5,A,meur,Eurostat,2026-10-03T09:34:55.699694+00:00
GOV_EXP_FAMILY_BE,"General government expenditure on family and children, Belgium",2014,9459.8,A,meur,Eurostat,2026-10-03T09:34:55.699694+00:00
GOV_EXP_FAMILY_BE,"General government expenditure on family and children, Belgium",2015,9460.1,A,meur,Eurostat,2026-10-03T09:34:55.699694+00:00
GOV_EXP_FAMILY_BE,"General government expenditure on family and children, Belgium",2016,9442.1,A,meur,Eurostat,2026-10-03T09:34:55.699694+00:00
GOV_EXP_FAMILY_BE,"General government expenditure on family and children, Belgium",2017,9656.2,A,meur,Eurostat,2026-10-03T09:34:55.699694+00:00
GOV_EXP_FAMILY_BE,"General government expenditure on family and children, Belgium",2018,9933.0,A,meur,Eurostat,2026-10-03T09:34:55.699694+00:00
GOV_EXP_FAMILY_BE,"General government expenditure on family and children, Belgium",2019,10405.3,A,meur,Eurostat,2026-10-03T09:34:55.699694+00:00
GOV_EXP_FAMILY_BE,"General government expenditure on family and children, Belgium",2020,10778.6,A,meur,Eurostat,2026-10-03T09:34:55.699694+00:00
GOV_EXP_FAMILY_BE,"General government expenditure on family and children, Belgium",2021,11060.7,A,meur,Eurostat,2026-10-03T09:34:55.699694+00:00
GOV_EXP_FAMILY_BE,"General government expenditure on family and children, Belgium",2022,12023.4,A,meur,Eurostat,2026-10-03T09:34:55.699694+00:00
GOV_EXP_FAMILY_BE,"General government expenditure on family and children, Belgium",2023,12747.5,A,meur,Eurostat,2026-10-03T09:34:55.699694+00:00
GOV_EXP_FAMILY_BE,"General government expenditure on family and children, Belgium",2024,13508.8,P,meur,Eurostat,2026-10-03T09:34:55.699694+00:00
GOV_EXP_HEALTH_BE,"General government expenditure on health, Belgium",2008,25650.4,A,meur,Eurostat,2026-10-03T09:34:55.699694+00:00
GOV_EXP_HEALTH_BE,"General government expenditure on health, Belgium",2009,27150.5,A,meur,Eurostat,2026-10-03T09:34:55.699694+00:00
GOV_EXP_HEALTH_BE,"General government expenditure on health, Belgium",2010,28170.8,A,meur,Eurostat,2026-10-03T09:34:55.699694+00:00
GOV_EXP_HEALTH_BE,"General government expenditure on health, Belgium",2011,29087.4,A,meur,Eurostat,2026-10-03T09:34:55.699694+00:00
GOV_EXP_HEALTH_BE,"General government expenditure on health, Belgium",2012,30646.0,A,meur,Eurostat,2026-10-03T09:34:55.699694+00:00
GOV_EXP_HEALTH_BE,"General government expenditure on health, Belgium",2013,31443.6,A,meur,Eurostat,2026-10-03T09:34:55.699694+00:00
GOV_EXP_HEALTH_BE,"General government expenditure on health, Belgium",2014,32344.1,A,meur,Eurostat,2026-10-03T09:34:55.699694+00:00
GOV_EXP_HEALTH_BE,"General government expenditure on health, Belgium",2015,32576.3,A,meur,Eurostat,2026-10-03T09:34:55.699694+00:00
GOV_EXP_HEALTH_BE,"General government expenditure on health, Belgium",2016,32667.5,A,meur,Eurostat,2026-10-03T09:34:55.699694+00:00
GOV_EXP_HEALTH_BE,"General government expenditure on health, Belgium",2017,33553.4,A,meur,Eurostat,2026-10-03T09:34:55.699694+00:00
GOV_EXP_HEALTH_BE,"General government expenditure on health, Belgium",2018,34764.7,A,meur,Eurostat,2026-10-03T09:34:55.699694+00:00
GOV_EXP_HEALTH_BE,"General government expenditure on health, Belgium",2019,35752.2,A,meur,Eurostat,2026-10-03T09:34:55.699694+00:00
GOV_EXP_HEALTH_BE,"General government expenditure on health, Belgium",2020,39669.4,A,meur,Eurostat,2026-10-03T09:34:55.699694+00:00
GOV_EXP_HEALTH_BE,"General government expenditure on health, Belgium",2021,42484.7,A,meur,Eurostat,2026-10-03T09:34:55.699694+00:00
GOV_EXP_HEALTH_BE,"General government expenditure on health, Belgium",2022,43766.9,A,meur,Eurostat,2026-10-03T09:34:55.699694+00:00
GOV_EXP_HEALTH_BE,"General government expenditure on health, Belgium",2023,47001.0,A,meur,Eurostat,2026-10-03T09:34:55.699694+00:00
GOV_EXP_HEALTH_BE,"General government expenditure on health, Belgium",2024,49579.9,P,meur,Eurostat,2026-10-03T09:34:55.699694+00:00
GOV_EXP_OLD_AGE_BE,"General government expenditure on old age, Belgium",2008,26142.3,A,meur,Eurostat,2026-10-03T09:34:55.699694+00:00
GOV_EXP_OLD_AGE_BE,"General government expenditure on old age, Belgium",2009,27610.1,A,meur,Eurostat,2026-10-03T09:34:55.699694+00:00
GOV_EXP_OLD_AGE_BE,"General government expenditure on old age, Belgium",2010,29033.3,A,meur,Eurostat,2026-10-03T09:34:55.699694+00:00
GOV_EXP_OLD_AGE_BE,"General government expenditure on old age, Belgium",2011,30637.3,A,meur,Eurostat,2026-10-03T09:34:55.699694+00:00
GOV_EXP_OLD_AGE_BE,"General government expenditure on old age, Belgium",2012,32654.9,A,meur,Eurostat,2026-10-03T09:34:55.699694+00:00
GOV_EXP_OLD_AGE_BE,"General government expenditure on old age, Belgium",2013,34926.9,A,meur,Eurostat,2026-10-03T09:34:55.699694+00:00
GOV_EXP_OLD_AGE_BE,"General government expenditure on old age, Belgium",2014,35990.6,A,meur,Eurostat,2026-10-03T09:34:55.699694+00:00
GOV_EXP_OLD_AGE_BE,"General government expenditure on old age, Belgium",2015,37069.8,A,meur,Eurostat,2026-10-03T09:34:55.699694+00:00
GOV_EXP_OLD_AGE_BE,"General government expenditure on old age, Belgium",2016,38619.0,A,meur,Eurostat,2026-10-03T09:34:55.699694+00:00
GOV_EXP_OLD_AGE_BE,"General government expenditure on old age, Belgium",2017,40630.7,A,meur,Eurostat,2026-10-03T09:34:55.699694+00:00
GOV_EXP_OLD_AGE_BE,"General government expenditure on old age, Belgium",2018,42467.9,A,meur,Eurostat,2026-10-03T09:34:55.699694+00:00
GOV_EXP_OLD_AGE_BE,"General government expenditure on old age, Belgium",2019,44755.2,A,meur,Eurostat,2026-10-03T09:34:55.699694+00:00
GOV_EXP_OLD_AGE_BE,"General government expenditure on old age, Belgium",2020,46770.7,A,meur,Eurostat,2026-10-03T09:34:55.699694+00:00
GOV_EXP_OLD_AGE_BE,"General government expenditure on old age, Belgium",2021,48387.3,A,meur,Eurostat,2026-10-03T09:34:55.699694+00:00
GOV_EXP_OLD_AGE_BE,"General government expenditure on old age, Belgium",2022,53740.5,A,meur,Eurostat,2026-10-03T09:34:55.699694+00:00
GOV_EXP_OLD_AGE_BE,"General government expenditure on old age, Belgium",2023,59078.3,A,meur,Eurostat,2026-10-03T09:34:55.699694+00:00
GOV_EXP_OLD_AGE_BE,"General government expenditure on old age, Belgium",2024,62983.9,P,meur,Eurostat,2026-10-03T09:34:55.699694+00:00
GOV_EXP_PUBLIC_ORDER_BE,"General government expenditure on public order and safety, Belgium",2008,6258.3,A,meur,Eurostat,2026-10-03T09:34:55.699694+00:00
GOV_EXP_PUBLIC_ORDER_BE,"General government expenditure on public order and safety, Belgium",2009,6432.1,A,meur,Eurostat,2026-10-03T09:34:55.699694+00:00
GOV_EXP_PUBLIC_ORDER_BE,"General government expenditure on public order and safety, Belgium",2010,6592.1,A,meur,Eurostat,2026-10-03T09:34:55.699694+00:00
GOV_EXP_PUBLIC_ORDER_BE,"General government expenditure on public order and safety, Belgium",2011,6856.2,A,meur,Eurostat,2026-10-03T09:34:55.699694+00:00
GOV_EXP_PUBLIC_ORDER_BE,"General government expenditure on public order and safety, Belgium",2012,7075.5,A,meur,Eurostat,2026-10-03T09:34:55.699694+00:00
GOV_EXP_PUBLIC_ORDER_BE,"General government expenditure on public order and safety, Belgium",2013,7220.2,A,meur,Eurostat,2026-10-03T09:34:55.699694+00:00
GOV_EXP_PUBLIC_ORDER_BE,"General government expenditure on public order and safety, Belgium",2014,7278.5,A,meur,Eurostat,2026-10-03T09:34:55.699694+00:00
GOV_EXP_PUBLIC_ORDER_BE,"General government expenditure on public order and safety, Belgium",2015,7041.6,A,meur,Eurostat,2026-10-03T09:34:55.699694+00:00
GOV_EXP_PUBLIC_ORDER_BE,"General government expenditure on public order and safety, Belgium",2016,7247.8,A,meur,Eurostat,2026-10-03T09:34:55.699694+00:00
GOV_EXP_PUBLIC_ORDER_BE,"General government expenditure on public order and safety, Belgium",2017,7469.0,A,meur,Eurostat,2026-10-03T09:34:55.699694+00:00
GOV_EXP_PUBLIC_ORDER_BE,"General government expenditure on public order and safety, Belgium",2018,7868.0,A,meur,Eurostat,2026-10-03T09:34:55.699694+00:00
GOV_EXP_PUBLIC_ORDER_BE,"General government expenditure on public order and safety, Belgium",2019,7979.0,A,meur,Eurostat,2026-10-03T09:34:55.699694+00:00
GOV_EXP_PUBLIC_ORDER_BE,"General government expenditure on public order and safety, Belgium",2020,8220.5,A,meur,Eurostat,2026-10-03T09:34:55.699694+00:00
GOV_EXP_PUBLIC_ORDER_BE,"General government expenditure on public order and safety, Belgium",2021,8586.5,A,meur,Eurostat,2026-10-03T09:34:55.699694+00:00
GOV_EXP_PUBLIC_ORDER_BE,"General government expenditure on public order and safety, Belgium",2022,9492.0,A,meur,Eurostat,2026-10-03T09:34:55.699694+00:00
GOV_EXP_PUBLIC_ORDER_BE,"General government expenditure on public order and safety, Belgium",2023,10177.4,A,meur,Eurostat,2026-10-03T09:34:55.699694+00:00
GOV_EXP_PUBLIC_ORDER_BE,"General government expenditure on public order and safety, Belgium",2024,10647.7,P,meur,Eurostat,2026-10-03T09:34:55.699694+00:00
GOV_EXP_SICKNESS_DISABILITY_BE,"General government expenditure on sickness and disability, Belgium",2008,8838.8,A,meur,Eurostat,2026-10-03T09:34:55.699694+00:00
GOV_EXP_SICKNESS_DISABILITY_BE,"General government expenditure on sickness and disability, Belgium",2009,9460.5,A,meur,Eurostat,2026-10-03T09:34:55.699694+00:00
GOV_EXP_SICKNESS_DISABILITY_BE,"General government expenditure on sickness and disability, Belgium",2010,9742.5,A,meur,Eurostat,2026-10-03T09:34:55.699694+00:00
GOV_EXP_SICKNESS_DISABILITY_BE,"General government expenditure on sickness and disability, Belgium",2011,10239.6,A,meur,Eurostat,2026-10-03T09:34:55.699694+00:00
GOV_EXP_SICKNESS_DISABILITY_BE,"General government expenditure on sickness and disability, Belgium",2012,10972.4,A,meur,Eurostat,2026-10-03T09:34:55.699694+00:00
GOV_EXP_SICKNESS_DISABILITY_BE,"General government expenditure on sickness and disability, Belgium",2013,11985.7,A,meur,Eurostat,2026-10-03T09:34:55.699694+00:00
GOV_EXP_SICKNESS_DISABILITY_BE,"General government expenditure on sickness and disability, Belgium",2014,12466.5,A,meur,Eurostat,2026-10-03T09:34:55.699694+00:00
GOV_EXP_SICKNESS_DISABILITY_BE,"General government expenditure on sickness and disability, Belgium",2015,13108.2,A,meur,Eurostat,2026-10-03T09:34:55.699694+00:00
GOV_EXP_SICKNESS_DISABILITY_BE,"General government expenditure on sickness and disability, Belgium",2016,13876.0,A,meur,Eurostat,2026-10-03T09:34:55.699694+00:00
GOV_EXP_SICKNESS_DISABILITY_BE,"General government expenditure on sickness and disability, Belgium",2017,14461.6,A,meur,Eurostat,2026-10-03T09:34:55.699694+00:00
GOV_EXP_SICKNESS_DISABILITY_BE,"General government expenditure on sickness and disability, Belgium",2018,15389.9,A,meur,Eurostat,2026-10-03T09:34:55.699694+00:00
GOV_EXP_SICKNESS_DISABILITY_BE,"General government expenditure on sickness and disability, Belgium",2019,16393.7,A,meur,Eurostat,2026-10-03T09:34:55.699694+00:00
GOV_EXP_SICKNESS_DISABILITY_BE,"General government expenditure on sickness and disability, Belgium",2020,17222.9,A,meur,Eurostat,2026-10-03T09:34:55.699694+00:00
GOV_EXP_SICKNESS_DISABILITY_BE,"General government expenditure on sickness and disability, Belgium",2021,18519.3,A,meur,Eurostat,2026-10-03T09:34:55.699694+00:00
GOV_EXP_SICKNESS_DISABILITY_BE,"General government expenditure on sickness and disability, Belgium",2022,20318.8,A,meur,Eurostat,2026-10-03T09:34:55.699694+00:00
GOV_EXP_SICKNESS_DISABILITY_BE,"General government expenditure on sickness and disability, Belgium",2023,22169.0,A,meur,Eurostat,2026-10-03T09:34:55.699694+00:00
GOV_EXP_SICKNESS_DISABILITY_BE,"General government expenditure on sickness and disability, Belgium",2024,24254.6,P,meur,Eurostat,2026-10-03T09:34:55.699694+00:00
GOV_EXP_SURVIVORS_BE,"General government expenditure on survivors, Belgium",2008,6625.6,A,meur,Eurostat,2026-10-03T09:34:55.699694+00:00
GOV_EXP_SURVIVORS_BE,"General government expenditure on survivors, Belgium",2009,6863.5,A,meur,Eurostat,2026-10-03T09:34:55.699694+00:00
GOV_EXP_SURVIVORS_BE,"General government expenditure on survivors, Belgium",2010,6963.7,A,meur,Eurostat,2026-10-03T09:34:55.699694+00:00
GOV_EXP_SURVIVORS_BE,"General government expenditure on survivors, Belgium",2011,7165.4,A,meur,Eurostat,2026-10-03T09:34:55.699694+00:00
GOV_EXP_SURVIVORS_BE,"General government expenditure on survivors, Belgium",2012,7359.8,A,meur,Eurostat,2026-10-03T09:34:55.699694+00:00
GOV_EXP_SURVIVORS_BE,"General government expenditure on survivors, Belgium",2013,7459.8,A,meur,Eurostat,2026-10-03T09:34:55.699694+00:00
GOV_EXP_SURVIVORS_BE,"General government expenditure on survivors, Belgium",2014,7353.0,A,meur,Eurostat,2026-10-03T09:34:55.699694+00:00
GOV_EXP_SURVIVORS_BE,"General government expenditure on survivors, Belgium",2015,7380.2,A,meur,Eurostat,2026-10-03T09:34:55.699694+00:00
GOV_EXP_SURVIVORS_BE,"General government expenditure on survivors, Belgium",2016,7416.5,A,meur,Eurostat,2026-10-03T09:34:55.699694+00:00
GOV_EXP_SURVIVORS_BE,"General government expenditure on survivors, Belgium",2017,7454.7,A,meur,Eurostat,2026-10-03T09:34:55.699694+00:00
GOV_EXP_SURVIVORS_BE,"General government expenditure on survivors, Belgium",2018,7487.9,A,meur,Eurostat,2026-10-03T09:34:55.699694+00:00
GOV_EXP_SURVIVORS_BE,"General government expenditure on survivors, Belgium",2019,7500.7,A,meur,Eurostat,2026-10-03T09:34:55.699694+00:00
GOV_EXP_SURVIVORS_BE,"General government expenditure on survivors, Belgium",2020,7538.8,A,meur,Eurostat,2026-10-03T09:34:55.699694+00:00
GOV_EXP_SURVIVORS_BE,"General government expenditure on survivors, Belgium",2021,7538.8,A,meur,Eurostat,2026-10-03T09:34:55.699694+00:00
GOV_EXP_SURVIVORS_BE,"General government expenditure on survivors, Belgium",2022,8184.7,A,meur,Eurostat,2026-10-03T09:34:55.699694+00:00
GOV_EXP_SURVIVORS_BE,"General government expenditure on survivors, Belgium",2023,8615.7,A,meur,Eurostat,2026-10-03T09:34:55.699694+00:00
GOV_EXP_SURVIVORS_BE,"General government expenditure on survivors, Belgium",2024,8808.3,P,meur,Eurostat,2026-10-03T09:34:55.699694+00:00
GOV_EXP_UNEMPLOYMENT_BE,"General government expenditure on unemployment, Belgium",2008,7894.7,A,meur,Eurostat,2026-10-03T09:34:55.699694+00:00
GOV_EXP_UNEMPLOYMENT_BE,"General government expenditure on unemployment, Belgium",2009,9156.6,A,meur,Eurostat,2026-10-03T09:34:55.699694+00:00
GOV_EXP_UNEMPLOYMENT_BE,"General government expenditure on unemployment, Belgium",2010,9082.4,A,meur,Eurostat,2026-10-03T09:34:55.699694+00:00
GOV_EXP_UNEMPLOYMENT_BE,"General government expenditure on unemployment, Belgium",2011,8950.6,A,meur,Eurostat,2026-10-03T09:34:55.699694+00:00
GOV_EXP_UNEMPLOYMENT_BE,"General government expenditure on unemployment, Belgium",2012,9160.9,A,meur,Eurostat,2026-10-03T09:34:55.699694+00:00
GOV_EXP_UNEMPLOYMENT_BE,"General government expenditure on unemployment, Belgium",2013,9462.8,A,meur,Eurostat,2026-10-03T09:34:55.699694+00:00
GOV_EXP_UNEMPLOYMENT_BE,"General government expenditure on unemployment, Belgium",2014,8981.8,A,meur,Eurostat,2026-10-03T09:34:55.699694+00:00
GOV_EXP_UNEMPLOYMENT_BE,"General government expenditure on unemployment, Belgium",2015,8164.8,A,meur,Eurostat,2026-10-03T09:34:55.699694+00:00
GOV_EXP_UNEMPLOYMENT_BE,"General government expenditure on unemployment, Belgium",2016,7809.6,A,meur,Eurostat,2026-10-03T09:34:55.699694+00:00
GOV_EXP_UNEMPLOYMENT_BE,"General government expenditure on unemployment, Belgium",2017,7223.9,A,meur,Eurostat,2026-10-03T09:34:55.699694+00:00
GOV_EXP_UNEMPLOYMENT_BE,"General government expenditure on unemployment, Belgium",2018,6758.3,A,meur,Eurostat,2026-10-03T09:34:55.699694+00:00
GOV_EXP_UNEMPLOYMENT_BE,"General government expenditure on unemployment, Belgium",2019,6266.5,A,meur,Eurostat,2026-10-03T09:34:55.699694+00:00
GOV_EXP_UNEMPLOYMENT_BE,"General government expenditure on unemployment, Belgium",2020,14164.5,A,meur,Eurostat,2026-10-03T09:34:55.699694+00:00
GOV_EXP_UNEMPLOYMENT_BE,"General government expenditure on unemployment, Belgium",2021,10308.0,A,meur,Eurostat,2026-10-03T09:34:55.699694+00:00
GOV_EXP_UNEMPLOYMENT_BE,"General government expenditure on unemployment, Belgium",2022,6693.2,A,meur,Eurostat,2026-10-03T09:34:55.699694+00:00
GOV_EXP_UNEMPLOYMENT_BE,"General government expenditure on unemployment, Belgium",2023,6322.0,A,meur,Eurostat,2026-10-03T09:34:55.699694+00:00
GOV_EXP_UNEMPLOYMENT_BE,"General government expenditure on unemployment, Belgium",2024,6574.9,P,meur,Eurostat,2026-10-03T09:34:55.699694+00:00
GOV_REVENUE_BE,"General government total revenue, Belgium",2008,174745.9,A,meur,Eurostat,2026-10-03T09:34:55.699694+00:00
GOV_REVENUE_BE,"General government total revenue, Belgium",2009,170677.7,A,meur,Eurostat,2026-10-03T09:34:55.699694+00:00
GOV_REVENUE_BE,"General government total revenue, Belgium",2010,180783.3,A,meur,Eurostat,2026-10-03T09:34:55.699694+00:00
GOV_REVENUE_BE,"General government total revenue, Belgium",2011,191591.2,A,meur,Eurostat,2026-10-03T09:34:55.699694+00:00
GOV_REVENUE_BE,"General government total revenue, Belgium",2012,201324.9,A,meur,Eurostat,2026-10-03T09:34:55.699694+00:00
GOV_REVENUE_BE,"General government total revenue, Belgium",2013,208114.7,A,meur,Eurostat,2026-10-03T09:34:55.699694+00:00
GOV_REVENUE_BE,"General government total revenue, Belgium",2014,211555.8,A,meur,Eurostat,2026-10-03T09:34:55.699694+00:00
GOV_REVENUE_BE,"General government total revenue, Belgium",2015,213609.7,A,meur,Eurostat,2026-10-03T09:34:55.699694+00:00
GOV_REVENUE_BE,"General government total revenue, Belgium",2016,218293.2,A,meur,Eurostat,2026-10-03T09:34:55.699694+00:00
GOV_REVENUE_BE,"General government total revenue, Belgium",2017,228314.7,A,meur,Eurostat,2026-10-03T09:34:55.699694+00:00
GOV_REVENUE_BE,"General government total revenue, Belgium",2018,236191.2,A,meur,Eurostat,2026-10-03T09:34:55.699694+00:00
GOV_REVENUE_BE,"General government total revenue, Belgium",2019,238300.2,A,meur,Eurostat,2026-10-03T09:34:55.699694+00:00
GOV_REVENUE_BE,"General government total revenue, Belgium",2020,229177.7,A,meur,Eurostat,2026-10-03T09:34:55.699694+00:00
GOV_REVENUE_BE,"General government total revenue, Belgium",2021,250681.2,A,meur,Eurostat,2026-10-03T09:34:55.699694+00:00
GOV_REVENUE_BE,"General government total revenue, Belgium",2022,274862.7,A,meur,Eurostat,2026-10-03T09:34:55.699694+00:00
GOV_REVENUE_BE,"General government total revenue, Belgium",2023,293330.9,A,meur,Eurostat,2026-10-03T09:34:55.699694+00:00
GOV_REVENUE_BE,"General government total revenue, Belgium",2024,308044.6,P,meur,Eurostat,2026-10-03T09:34:55.699694+00:00
GOV_REVENUE_BE,"General government total revenue, Belgium",2025,314736.4,P,meur,Eurostat,2026-10-03T09:34:55.699694+00:00
GOV_TAX_CIT_BE,"Corporate income tax receipts, Belgium",2008,11590.0,A,meur,Eurostat,2026-10-03T09:34:55.699694+00:00
GOV_TAX_CIT_BE,"Corporate income tax receipts, Belgium",2009,8107.6,A,meur,Eurostat,2026-10-03T09:34:55.699694+00:00
GOV_TAX_CIT_BE,"Corporate income tax receipts, Belgium",2010,9248.6,A,meur,Eurostat,2026-10-03T09:34:55.699694+00:00
GOV_TAX_CIT_BE,"Corporate income tax receipts, Belgium",2011,10670.0,A,meur,Eurostat,2026-10-03T09:34:55.699694+00:00
GOV_TAX_CIT_BE,"Corporate income tax receipts, Belgium",2012,11623.7,A,meur,Eurostat,2026-10-03T09:34:55.699694+00:00
GOV_TAX_CIT_BE,"Corporate income tax receipts, Belgium",2013,12192.0,A,meur,Eurostat,2026-10-03T09:34:55.699694+00:00
GOV_TAX_CIT_BE,"Corporate income tax receipts, Belgium",2014,12582.5,A,meur,Eurostat,2026-10-03T09:34:55.699694+00:00
GOV_TAX_CIT_BE,"Corporate income tax receipts, Belgium",2015,13643.8,A,meur,Eurostat,2026-10-03T09:34:55.699694+00:00
GOV_TAX_CIT_BE,"Corporate income tax receipts, Belgium",2016,14636.9,A,meur,Eurostat,2026-10-03T09:34:55.699694+00:00
GOV_TAX_CIT_BE,"Corporate income tax receipts, Belgium",2017,18094.7,A,meur,Eurostat,2026-10-03T09:34:55.699694+00:00
GOV_TAX_CIT_BE,"Corporate income tax receipts, Belgium",2018,19788.5,A,meur,Eurostat,2026-10-03T09:34:55.699694+00:00
GOV_TAX_CIT_BE,"Corporate income tax receipts, Belgium",2019,17728.0,A,meur,Eurostat,2026-10-03T09:34:55.699694+00:00
GOV_TAX_CIT_BE,"Corporate income tax receipts, Belgium",2020,15001.2,A,meur,Eurostat,2026-10-03T09:34:55.699694+00:00
GOV_TAX_CIT_BE,"Corporate income tax receipts, Belgium",2021,19019.1,A,meur,Eurostat,2026-10-03T09:34:55.699694+00:00
GOV_TAX_CIT_BE,"Corporate income tax receipts, Belgium",2022,21681.5,A,meur,Eurostat,2026-10-03T09:34:55.699694+00:00
GOV_TAX_CIT_BE,"Corporate income tax receipts, Belgium",2023,23264.1,A,meur,Eurostat,2026-10-03T09:34:55.699694+00:00
GOV_TAX_CIT_BE,"Corporate income tax receipts, Belgium",2024,27026.8,A,meur,Eurostat,2026-10-03T09:34:55.699694+00:00
GOV_TAX_CIT_BE,"Corporate income tax receipts, Belgium",2025,26308.0,P,meur,Eurostat,2026-10-03T09:34:55.699694+00:00
GOV_TAX_EXCISE_BE,"Excise duty receipts, Belgium",2008,6905.3,A,meur,Eurostat,2026-10-03T09:34:55.699694+00:00
GOV_TAX_EXCISE_BE,"Excise duty receipts, Belgium",2009,6843.1,A,meur,Eurostat,2026-10-03T09:34:55.699694+00:00
GOV_TAX_EXCISE_BE,"Excise duty receipts, Belgium",2010,7470.7,A,meur,Eurostat,2026-10-03T09:34:55.699694+00:00
GOV_TAX_EXCISE_BE,"Excise duty receipts, Belgium",2011,7865.6,A,meur,Eurostat,2026-10-03T09:34:55.699694+00:00
GOV_TAX_EXCISE_BE,"Excise duty receipts, Belgium",2012,8169.1,A,meur,Eurostat,2026-10-03T09:34:55.699694+00:00
GOV_TAX_EXCISE_BE,"Excise duty receipts, Belgium",2013,8576.3,A,meur,Eurostat,2026-10-03T09:34:55.699694+00:00
GOV_TAX_EXCISE_BE,"Excise duty receipts, Belgium",2014,8861.9,A,meur,Eurostat,2026-10-03T09:34:55.699694+00:00
GOV_TAX_EXCISE_BE,"Excise duty receipts, Belgium",2015,9320.8,A,meur,Eurostat,2026-10-03T09:34:55.699694+00:00
GOV_TAX_EXCISE_BE,"Excise duty receipts, Belgium",2016,10205.8,A,meur,Eurostat,2026-10-03T09:34:55.699694+00:00
GOV_TAX_EXCISE_BE,"Excise duty receipts, Belgium",2017,10629.7,A,meur,Eurostat,2026-10-03T09:34:55.699694+00:00
GOV_TAX_EXCISE_BE,"Excise duty receipts, Belgium",2018,10974.2,A,meur,Eurostat,2026-10-03T09:34:55.699694+00:00
GOV_TAX_EXCISE_BE,"Excise duty receipts, Belgium",2019,10931.4,A,meur,Eurostat,2026-10-03T09:34:55.699694+00:00
GOV_TAX_EXCISE_BE,"Excise duty receipts, Belgium",2020,10020.1,A,meur,Eurostat,2026-10-03T09:34:55.699694+00:00
GOV_TAX_EXCISE_BE,"Excise duty receipts, Belgium",2021,11000.8,A,meur,Eurostat,2026-10-03T09:34:55.699694+00:00
GOV_TAX_EXCISE_BE,"Excise duty receipts, Belgium",2022,10061.9,A,meur,Eurostat,2026-10-03T09:34:55.699694+00:00
GOV_TAX_EXCISE_BE,"Excise duty receipts, Belgium",2023,10876.4,A,meur,Eurostat,2026-10-03T09:34:55.699694+00:00
GOV_TAX_EXCISE_BE,"Excise duty receipts, Belgium",2024,11433.6,A,meur,Eurostat,2026-10-03T09:34:55.699694+00:00
GOV_TAX_EXCISE_BE,"Excise duty receipts, Belgium",2025,11186.1,P,meur,Eurostat,2026-10-03T09:34:55.699694+00:00
GOV_TAX_PIT_BE,"Personal income tax receipts, Belgium",2008,42999.8,A,meur,Eurostat,2026-10-03T09:34:55.699694+00:00
GOV_TAX_PIT_BE,"Personal income tax receipts, Belgium",2009,41501.5,A,meur,Eurostat,2026-10-03T09:34:55.699694+00:00
GOV_TAX_PIT_BE,"Personal income tax receipts, Belgium",2010,43822.1,A,meur,Eurostat,2026-10-03T09:34:55.699694+00:00
GOV_TAX_PIT_BE,"Personal income tax receipts, Belgium",2011,46367.8,A,meur,Eurostat,2026-10-03T09:34:55.699694+00:00
GOV_TAX_PIT_BE,"Personal income tax receipts, Belgium",2012,48164.4,A,meur,Eurostat,2026-10-03T09:34:55.699694+00:00
GOV_TAX_PIT_BE,"Personal income tax receipts, Belgium",2013,50767.6,A,meur,Eurostat,2026-10-03T09:34:55.699694+00:00
GOV_TAX_PIT_BE,"Personal income tax receipts, Belgium",2014,51752.5,A,meur,Eurostat,2026-10-03T09:34:55.699694+00:00
GOV_TAX_PIT_BE,"Personal income tax receipts, Belgium",2015,51493.9,A,meur,Eurostat,2026-10-03T09:34:55.699694+00:00
GOV_TAX_PIT_BE,"Personal income tax receipts, Belgium",2016,51064.2,A,meur,Eurostat,2026-10-03T09:34:55.699694+00:00
GOV_TAX_PIT_BE,"Personal income tax receipts, Belgium",2017,52860.1,A,meur,Eurostat,2026-10-03T09:34:55.699694+00:00
GOV_TAX_PIT_BE,"Personal income tax receipts, Belgium",2018,54131.0,A,meur,Eurostat,2026-10-03T09:34:55.699694+00:00
GOV_TAX_PIT_BE,"Personal income tax receipts, Belgium",2019,53857.6,A,meur,Eurostat,2026-10-03T09:34:55.699694+00:00
GOV_TAX_PIT_BE,"Personal income tax receipts, Belgium",2020,54002.7,A,meur,Eurostat,2026-10-03T09:34:55.699694+00:00
GOV_TAX_PIT_BE,"Personal income tax receipts, Belgium",2021,56806.4,A,meur,Eurostat,2026-10-03T09:34:55.699694+00:00
GOV_TAX_PIT_BE,"Personal income tax receipts, Belgium",2022,65901.3,A,meur,Eurostat,2026-10-03T09:34:55.699694+00:00
GOV_TAX_PIT_BE,"Personal income tax receipts, Belgium",2023,69524.9,A,meur,Eurostat,2026-10-03T09:34:55.699694+00:00
GOV_TAX_PIT_BE,"Personal income tax receipts, Belgium",2024,73712.5,A,meur,Eurostat,2026-10-03T09:34:55.699694+00:00
GOV_TAX_PIT_BE,"Personal income tax receipts, Belgium",2025,75791.1,P,meur,Eurostat,2026-10-03T09:34:55.699694+00:00
GOV_TAX_SOCIAL_CONTRIB_BE,"Net social contributions received, Belgium",2008,56169.4,A,meur,Eurostat,2026-10-03T09:34:55.699694+00:00
GOV_TAX_SOCIAL_CONTRIB_BE,"Net social contributions received, Belgium",2009,57574.6,A,meur,Eurostat,2026-10-03T09:34:55.699694+00:00
GOV_TAX_SOCIAL_CONTRIB_BE,"Net social contributions received, Belgium",2010,58920.2,A,meur,Eurostat,2026-10-03T09:34:55.699694+00:00
GOV_TAX_SOCIAL_CONTRIB_BE,"Net social contributions received, Belgium",2011,61911.9,A,meur,Eurostat,2026-10-03T09:34:55.699694+00:00
GOV_TAX_SOCIAL_CONTRIB_BE,"Net social contributions received, Belgium",2012,64488.1,A,meur,Eurostat,2026-10-03T09:34:55.699694+00:00
GOV_TAX_SOCIAL_CONTRIB_BE,"Net social contributions received, Belgium",2013,66143.2,A,meur,Eurostat,2026-10-03T09:34:55.699694+00:00
GOV_TAX_SOCIAL_CONTRIB_BE,"Net social contributions received, Belgium",2014,66892.6,A,meur,Eurostat,2026-10-03T09:34:55.699694+00:00
GOV_TAX_SOCIAL_CONTRIB_BE,"Net social contributions received, Belgium",2015,68119.3,A,meur,Eurostat,2026-10-03T09:34:55.699694+00:00
GOV_TAX_SOCIAL_CONTRIB_BE,"Net social contributions received, Belgium",2016,67725.4,A,meur,Eurostat,2026-10-03T09:34:55.699694+00:00
GOV_TAX_SOCIAL_CONTRIB_BE,"Net social contributions received, Belgium",2017,69774.0,A,meur,Eurostat,2026-10-03T09:34:55.699694+00:00
GOV_TAX_SOCIAL_CONTRIB_BE,"Net social contributions received, Belgium",2018,71356.6,A,meur,Eurostat,2026-10-03T09:34:55.699694+00:00
GOV_TAX_SOCIAL_CONTRIB_BE,"Net social contributions received, Belgium",2019,73674.2,A,meur,Eurostat,2026-10-03T09:34:55.699694+00:00
GOV_TAX_SOCIAL_CONTRIB_BE,"Net social contributions received, Belgium",2020,73100.6,A,meur,Eurostat,2026-10-03T09:34:55.699694+00:00
GOV_TAX_SOCIAL_CONTRIB_BE,"Net social contributions received, Belgium",2021,76662.6,A,meur,Eurostat,2026-10-03T09:34:55.699694+00:00
GOV_TAX_SOCIAL_CONTRIB_BE,"Net social contributions received, Belgium",2022,83522.3,A,meur,Eurostat,2026-10-03T09:34:55.699694+00:00
GOV_TAX_SOCIAL_CONTRIB_BE,"Net social contributions received, Belgium",2023,90443.5,A,meur,Eurostat,2026-10-03T09:34:55.699694+00:00
GOV_TAX_SOCIAL_CONTRIB_BE,"Net social contributions received, Belgium",2024,94416.8,A,meur,Eurostat,2026-10-03T09:34:55.699694+00:00
GOV_TAX_SOCIAL_CONTRIB_BE,"Net social contributions received, Belgium",2025,97512.6,P,meur,Eurostat,2026-10-03T09:34:55.699694+00:00
GOV_TAX_SSC_TOTAL_BE,"Total tax and social contribution receipts, Belgium",2008,160361.0,A,meur,Eurostat,2026-10-03T09:34:55.699694+00:00
GOV_TAX_SSC_TOTAL_BE,"Total tax and social contribution receipts, Belgium",2009,155959.6,A,meur,Eurostat,2026-10-03T09:34:55.699694+00:00
GOV_TAX_SSC_TOTAL_BE,"Total tax and social contribution receipts, Belgium",2010,164487.7,A,meur,Eurostat,2026-10-03T09:34:55.699694+00:00
GOV_TAX_SSC_TOTAL_BE,"Total tax and social contribution receipts, Belgium",2011,173556.8,A,meur,Eurostat,2026-10-03T09:34:55.699694+00:00
GOV_TAX_SSC_TOTAL_BE,"Total tax and social contribution receipts, Belgium",2012,182183.9,A,meur,Eurostat,2026-10-03T09:34:55.699694+00:00
GOV_TAX_SSC_TOTAL_BE,"Total tax and social contribution receipts, Belgium",2013,188559.6,A,meur,Eurostat,2026-10-03T09:34:55.699694+00:00
GOV_TAX_SSC_TOTAL_BE,"Total tax and social contribution receipts, Belgium",2014,191713.8,A,meur,Eurostat,2026-10-03T09:34:55.699694+00:00
GOV_TAX_SSC_TOTAL_BE,"Total tax and social contribution receipts, Belgium",2015,194364.6,A,meur,Eurostat,2026-10-03T09:34:55.699694+00:00
GOV_TAX_SSC_TOTAL_BE,"Total tax and social contribution receipts, Belgium",2016,197047.3,A,meur,Eurostat,2026-10-03T09:34:55.699694+00:00
GOV_TAX_SSC_TOTAL_BE,"Total tax and social contribution receipts, Belgium",2017,206251.7,A,meur,Eurostat,2026-10-03T09:34:55.699694+00:00
GOV_TAX_SSC_TOTAL_BE,"Total tax and social contribution receipts, Belgium",2018,213323.6,A,meur,Eurostat,2026-10-03T09:34:55.699694+00:00
GOV_TAX_SSC_TOTAL_BE,"Total tax and social contribution receipts, Belgium",2019,215035.5,A,meur,Eurostat,2026-10-03T09:34:55.699694+00:00
GOV_TAX_SSC_TOTAL_BE,"Total tax and social contribution receipts, Belgium",2020,207320.0,A,meur,Eurostat,2026-10-03T09:34:55.699694+00:00
GOV_TAX_SSC_TOTAL_BE,"Total tax and social contribution receipts, Belgium",2021,226593.5,A,meur,Eurostat,2026-10-03T09:34:55.699694+00:00
GOV_TAX_SSC_TOTAL_BE,"Total tax and social contribution receipts, Belgium",2022,247507.0,A,meur,Eurostat,2026-10-03T09:34:55.699694+00:00
GOV_TAX_SSC_TOTAL_BE,"Total tax and social contribution receipts, Belgium",2023,263265.4,A,meur,Eurostat,2026-10-03T09:34:55.699694+00:00
GOV_TAX_SSC_TOTAL_BE,"Total tax and social contribution receipts, Belgium",2024,275996.6,A,meur,Eurostat,2026-10-03T09:34:55.699694+00:00
GOV_TAX_SSC_TOTAL_BE,"Total tax and social contribution receipts, Belgium",2025,282517.4,P,meur,Eurostat,2026-10-03T09:34:55.699694+00:00
GOV_TAX_UNCOLLECTED_BE,"Taxes and social contributions assessed but unlikely to be collected, Belgium",2008,768.3,A,meur,Eurostat,2026-10-03T13:05:23.805647+00:00
GOV_TAX_UNCOLLECTED_BE,"Taxes and social contributions assessed but unlikely to be collected, Belgium",2009,993.4,A,meur,Eurostat,2026-10-03T13:05:23.805647+00:00
GOV_TAX_UNCOLLECTED_BE,"Taxes and social contributions assessed but unlikely to be collected, Belgium",2010,596.6,A,meur,Eurostat,2026-10-03T13:05:23.805647+00:00
GOV_TAX_UNCOLLECTED_BE,"Taxes and social contributions assessed but unlikely to be collected, Belgium",2011,755.2,A,meur,Eurostat,2026-10-03T13:05:23.805647+00:00
GOV_TAX_UNCOLLECTED_BE,"Taxes and social contributions assessed but unlikely to be collected, Belgium",2012,830.8,A,meur,Eurostat,2026-10-03T13:05:23.805647+00:00
GOV_TAX_UNCOLLECTED_BE,"Taxes and social contributions assessed but unlikely to be collected, Belgium",2013,729.9,A,meur,Eurostat,2026-10-03T13:05:23.805647+00:00
GOV_TAX_UNCOLLECTED_BE,"Taxes and social contributions assessed but unlikely to be collected, Belgium",2014,482.9,A,meur,Eurostat,2026-10-03T13:05:23.805647+00:00
GOV_TAX_UNCOLLECTED_BE,"Taxes and social contributions assessed but unlikely to be collected, Belgium",2015,547.0,A,meur,Eurostat,2026-10-03T13:05:23.805647+00:00
GOV_TAX_UNCOLLECTED_BE,"Taxes and social contributions assessed but unlikely to be collected, Belgium",2016,618.5,A,meur,Eurostat,2026-10-03T13:05:23.805647+00:00
GOV_TAX_UNCOLLECTED_BE,"Taxes and social contributions assessed but unlikely to be collected, Belgium",2017,643.3,A,meur,Eurostat,2026-10-03T13:05:23.805647+00:00
GOV_TAX_UNCOLLECTED_BE,"Taxes and social contributions assessed but unlikely to be collected, Belgium",2018,613.9,A,meur,Eurostat,2026-10-03T13:05:23.805647+00:00
GOV_TAX_UNCOLLECTED_BE,"Taxes and social contributions assessed but unlikely to be collected, Belgium",2019,611.3,A,meur,Eurostat,2026-10-03T13:05:23.805647+00:00
GOV_TAX_UNCOLLECTED_BE,"Taxes and social contributions assessed but unlikely to be collected, Belgium",2020,617.0,A,meur,Eurostat,2026-10-03T13:05:23.805647+00:00
GOV_TAX_UNCOLLECTED_BE,"Taxes and social contributions assessed but unlikely to be collected, Belgium",2021,524.2,A,meur,Eurostat,2026-10-03T13:05:23.805647+00:00
GOV_TAX_UNCOLLECTED_BE,"Taxes and social contributions assessed but unlikely to be collected, Belgium",2022,513.3,A,meur,Eurostat,2026-10-03T13:05:23.805647+00:00
GOV_TAX_UNCOLLECTED_BE,"Taxes and social contributions assessed but unlikely to be collected, Belgium",2023,547.5,A,meur,Eurostat,2026-10-03T13:05:23.805647+00:00
GOV_TAX_UNCOLLECTED_BE,"Taxes and social contributions assessed but unlikely to be collected, Belgium",2024,666.7,A,meur,Eurostat,2026-10-03T13:05:23.805647+00:00
GOV_TAX_UNCOLLECTED_BE,"Taxes and social contributions assessed but unlikely to be collected, Belgium",2025,895.2,P,meur,Eurostat,2026-10-03T13:05:23.805647+00:00
GOV_TAX_VAT_BE,"Value added tax receipts, Belgium",2008,24746.1,A,meur,Eurostat,2026-10-03T09:34:55.699694+00:00
GOV_TAX_VAT_BE,"Value added tax receipts, Belgium",2009,24390.7,A,meur,Eurostat,2026-10-03T09:34:55.699694+00:00
GOV_TAX_VAT_BE,"Value added tax receipts, Belgium",2010,25628.4,A,meur,Eurostat,2026-10-03T09:34:55.699694+00:00
GOV_TAX_VAT_BE,"Value added tax receipts, Belgium",2011,26504.4,A,meur,Eurostat,2026-10-03T09:34:55.699694+00:00
GOV_TAX_VAT_BE,"Value added tax receipts, Belgium",2012,27420.2,A,meur,Eurostat,2026-10-03T09:34:55.699694+00:00
GOV_TAX_VAT_BE,"Value added tax receipts, Belgium",2013,27738.1,A,meur,Eurostat,2026-10-03T09:34:55.699694+00:00
GOV_TAX_VAT_BE,"Value added tax receipts, Belgium",2014,27804.3,A,meur,Eurostat,2026-10-03T09:34:55.699694+00:00
GOV_TAX_VAT_BE,"Value added tax receipts, Belgium",2015,27951.5,A,meur,Eurostat,2026-10-03T09:34:55.699694+00:00
GOV_TAX_VAT_BE,"Value added tax receipts, Belgium",2016,29179.2,A,meur,Eurostat,2026-10-03T09:34:55.699694+00:00
GOV_TAX_VAT_BE,"Value added tax receipts, Belgium",2017,30254.7,A,meur,Eurostat,2026-10-03T09:34:55.699694+00:00
GOV_TAX_VAT_BE,"Value added tax receipts, Belgium",2018,31545.1,A,meur,Eurostat,2026-10-03T09:34:55.699694+00:00
GOV_TAX_VAT_BE,"Value added tax receipts, Belgium",2019,32181.3,A,meur,Eurostat,2026-10-03T09:34:55.699694+00:00
GOV_TAX_VAT_BE,"Value added tax receipts, Belgium",2020,29537.8,A,meur,Eurostat,2026-10-03T09:34:55.699694+00:00
GOV_TAX_VAT_BE,"Value added tax receipts, Belgium",2021,34713.1,A,meur,Eurostat,2026-10-03T09:34:55.699694+00:00
GOV_TAX_VAT_BE,"Value added tax receipts, Belgium",2022,36744.0,A,meur,Eurostat,2026-10-03T09:34:55.699694+00:00
GOV_TAX_VAT_BE,"Value added tax receipts, Belgium",2023,37173.3,A,meur,Eurostat,2026-10-03T09:34:55.699694+00:00
GOV_TAX_VAT_BE,"Value added tax receipts, Belgium",2024,37832.3,A,meur,Eurostat,2026-10-03T09:34:55.699694+00:00
GOV_TAX_VAT_BE,"Value added tax receipts, Belgium",2025,39796.6,P,meur,Eurostat,2026-10-03T09:34:55.699694+00:00
HICP,HICP (Harmonised Inflation),2010-01,0.8,A,percent_yy,NBB,2026-09-05T12:48:35.250844+00:00
HICP,HICP (Harmonised Inflation),2010-02,0.8,A,percent_yy,NBB,2026-09-05T12:48:35.250844+00:00
HICP,HICP (Harmonised Inflation),2010-03,1.9,A,percent_yy,NBB,2026-09-05T12:48:35.250844+00:00
HICP,HICP (Harmonised Inflation),2010-04,2.0,A,percent_yy,NBB,2026-09-05T12:48:35.250844+00:00
HICP,HICP (Harmonised Inflation),2010-05,2.5,A,percent_yy,NBB,2026-09-05T12:48:35.250844+00:00
HICP,HICP (Harmonised Inflation),2010-06,2.7,A,percent_yy,NBB,2026-09-05T12:48:35.250844+00:00
HICP,HICP (Harmonised Inflation),2010-07,2.4,A,percent_yy,NBB,2026-09-05T12:48:35.250844+00:00
HICP,HICP (Harmonised Inflation),2010-08,2.4,A,percent_yy,NBB,2026-09-05T12:48:35.250844+00:00
HICP,HICP (Harmonised Inflation),2010-09,2.9,A,percent_yy,NBB,2026-09-05T12:48:35.250844+00:00
HICP,HICP (Harmonised Inflation),2010-10,3.1,A,percent_yy,NBB,2026-09-05T12:48:35.250844+00:00
HICP,HICP (Harmonised Inflation),2010-11,3.0,A,percent_yy,NBB,2026-09-05T12:48:35.250844+00:00
HICP,HICP (Harmonised Inflation),2010-12,3.4,A,percent_yy,NBB,2026-09-05T12:48:35.250844+00:00
HICP,HICP (Harmonised Inflation),2011-01,3.5,A,percent_yy,NBB,2026-09-05T12:48:35.250844+00:00
HICP,HICP (Harmonised Inflation),2011-02,3.5,A,percent_yy,NBB,2026-09-05T12:48:35.250844+00:00
HICP,HICP (Harmonised Inflation),2011-03,3.3,A,percent_yy,NBB,2026-09-05T12:48:35.250844+00:00
HICP,HICP (Harmonised Inflation),2011-04,3.1,A,percent_yy,NBB,2026-09-05T12:48:35.250844+00:00
HICP,HICP (Harmonised Inflation),2011-05,2.9,A,percent_yy,NBB,2026-09-05T12:48:35.250844+00:00
HICP,HICP (Harmonised Inflation),2011-06,3.3,A,percent_yy,NBB,2026-09-05T12:48:35.250844+00:00
HICP,HICP (Harmonised Inflation),2011-07,4.0,A,percent_yy,NBB,2026-09-05T12:48:35.250844+00:00
HICP,HICP (Harmonised Inflation),2011-08,3.4,A,percent_yy,NBB,2026-09-05T12:48:35.250844+00:00
HICP,HICP (Harmonised Inflation),2011-09,3.2,A,percent_yy,NBB,2026-09-05T12:48:35.250844+00:00
HICP,HICP (Harmonised Inflation),2011-10,3.2,A,percent_yy,NBB,2026-09-05T12:48:35.250844+00:00
HICP,HICP (Harmonised Inflation),2011-11,3.5,A,percent_yy,NBB,2026-09-05T12:48:35.250844+00:00
HICP,HICP (Harmonised Inflation),2011-12,3.2,A,percent_yy,NBB,2026-09-05T12:48:35.250844+00:00
HICP,HICP (Harmonised Inflation),2012-01,3.3,A,percent_yy,NBB,2026-09-05T12:48:35.250844+00:00
HICP,HICP (Harmonised Inflation),2012-02,3.4,A,percent_yy,NBB,2026-09-05T12:48:35.250844+00:00
HICP,HICP (Harmonised Inflation),2012-03,3.1,A,percent_yy,NBB,2026-09-05T12:48:35.250844+00:00
HICP,HICP (Harmonised Inflation),2012-04,2.9,A,percent_yy,NBB,2026-09-05T12:48:35.250844+00:00
HICP,HICP (Harmonised Inflation),2012-05,2.6,A,percent_yy,NBB,2026-09-05T12:48:35.250844+00:00
HICP,HICP (Harmonised Inflation),2012-06,2.2,A,percent_yy,NBB,2026-09-05T12:48:35.250844+00:00
HICP,HICP (Harmonised Inflation),2012-07,2.0,A,percent_yy,NBB,2026-09-05T12:48:35.250844+00:00
HICP,HICP (Harmonised Inflation),2012-08,2.6,A,percent_yy,NBB,2026-09-05T12:48:35.250844+00:00
HICP,HICP (Harmonised Inflation),2012-09,2.6,A,percent_yy,NBB,2026-09-05T12:48:35.250844+00:00
HICP,HICP (Harmonised Inflation),2012-10,2.7,A,percent_yy,NBB,2026-09-05T12:48:35.250844+00:00
HICP,HICP (Harmonised Inflation),2012-11,2.2,A,percent_yy,NBB,2026-09-05T12:48:35.250844+00:00
HICP,HICP (Harmonised Inflation),2012-12,2.1,A,percent_yy,NBB,2026-09-05T12:48:35.250844+00:00
HICP,HICP (Harmonised Inflation),2013-01,1.5,A,percent_yy,NBB,2026-09-05T12:48:35.250844+00:00
HICP,HICP (Harmonised Inflation),2013-02,1.5,A,percent_yy,NBB,2026-09-05T12:48:35.250844+00:00
HICP,HICP (Harmonised Inflation),2013-03,1.4,A,percent_yy,NBB,2026-09-05T12:48:35.250844+00:00
HICP,HICP (Harmonised Inflation),2013-04,1.2,A,percent_yy,NBB,2026-09-05T12:48:35.250844+00:00
HICP,HICP (Harmonised Inflation),2013-05,1.2,A,percent_yy,NBB,2026-09-05T12:48:35.250844+00:00
HICP,HICP (Harmonised Inflation),2013-06,1.6,A,percent_yy,NBB,2026-09-05T12:48:35.250844+00:00
HICP,HICP (Harmonised Inflation),2013-07,1.6,A,percent_yy,NBB,2026-09-05T12:48:35.250844+00:00
HICP,HICP (Harmonised Inflation),2013-08,1.1,A,percent_yy,NBB,2026-09-05T12:48:35.250844+00:00
HICP,HICP (Harmonised Inflation),2013-09,1.0,A,percent_yy,NBB,2026-09-05T12:48:35.250844+00:00
HICP,HICP (Harmonised Inflation),2013-10,0.7,A,percent_yy,NBB,2026-09-05T12:48:35.250844+00:00
HICP,HICP (Harmonised Inflation),2013-11,0.9,A,percent_yy,NBB,2026-09-05T12:48:35.250844+00:00
HICP,HICP (Harmonised Inflation),2013-12,1.2,A,percent_yy,NBB,2026-09-05T12:48:35.250844+00:00
HICP,HICP (Harmonised Inflation),2014-01,1.1,A,percent_yy,NBB,2026-09-05T12:48:35.250844+00:00
HICP,HICP (Harmonised Inflation),2014-02,0.8,A,percent_yy,NBB,2026-09-05T12:48:35.250844+00:00
HICP,HICP (Harmonised Inflation),2014-03,0.8,A,percent_yy,NBB,2026-09-05T12:48:35.250844+00:00
HICP,HICP (Harmonised Inflation),2014-04,0.8,A,percent_yy,NBB,2026-09-05T12:48:35.250844+00:00
HICP,HICP (Harmonised Inflation),2014-05,0.7,A,percent_yy,NBB,2026-09-05T12:48:35.250844+00:00
HICP,HICP (Harmonised Inflation),2014-06,0.6,A,percent_yy,NBB,2026-09-05T12:48:35.250844+00:00
HICP,HICP (Harmonised Inflation),2014-07,0.5,A,percent_yy,NBB,2026-09-05T12:48:35.250844+00:00
HICP,HICP (Harmonised Inflation),2014-08,0.4,A,percent_yy,NBB,2026-09-05T12:48:35.250844+00:00
HICP,HICP (Harmonised Inflation),2014-09,0.2,A,percent_yy,NBB,2026-09-05T12:48:35.250844+00:00
HICP,HICP (Harmonised Inflation),2014-10,0.3,A,percent_yy,NBB,2026-09-05T12:48:35.250844+00:00
HICP,HICP (Harmonised Inflation),2014-11,0.1,A,percent_yy,NBB,2026-09-05T12:48:35.250844+00:00
HICP,HICP (Harmonised Inflation),2014-12,-0.4,A,percent_yy,NBB,2026-09-05T12:48:35.250844+00:00
HICP,HICP (Harmonised Inflation),2015-01,-0.6,A,percent_yy,NBB,2026-09-05T12:48:35.250844+00:00
HICP,HICP (Harmonised Inflation),2015-02,-0.4,A,percent_yy,NBB,2026-09-05T12:48:35.250844+00:00
HICP,HICP (Harmonised Inflation),2015-03,-0.1,A,percent_yy,NBB,2026-09-05T12:48:35.250844+00:00
HICP,HICP (Harmonised Inflation),2015-04,0.4,A,percent_yy,NBB,2026-09-05T12:48:35.250844+00:00
HICP,HICP (Harmonised Inflation),2015-05,0.8,A,percent_yy,NBB,2026-09-05T12:48:35.250844+00:00
HICP,HICP (Harmonised Inflation),2015-06,0.9,A,percent_yy,NBB,2026-09-05T12:48:35.250844+00:00
HICP,HICP (Harmonised Inflation),2015-07,0.9,A,percent_yy,NBB,2026-09-05T12:48:35.250844+00:00
HICP,HICP (Harmonised Inflation),2015-08,0.8,A,percent_yy,NBB,2026-09-05T12:48:35.250844+00:00
HICP,HICP (Harmonised Inflation),2015-09,0.9,A,percent_yy,NBB,2026-09-05T12:48:35.250844+00:00
HICP,HICP (Harmonised Inflation),2015-10,1.2,A,percent_yy,NBB,2026-09-05T12:48:35.250844+00:00
HICP,HICP (Harmonised Inflation),2015-11,1.4,A,percent_yy,NBB,2026-09-05T12:48:35.250844+00:00
HICP,HICP (Harmonised Inflation),2015-12,1.5,A,percent_yy,NBB,2026-09-05T12:48:35.250844+00:00
HICP,HICP (Harmonised Inflation),2016-01,1.8,A,percent_yy,NBB,2026-09-05T12:48:35.250844+00:00
HICP,HICP (Harmonised Inflation),2016-02,1.1,A,percent_yy,NBB,2026-09-05T12:48:35.250844+00:00
HICP,HICP (Harmonised Inflation),2016-03,1.6,A,percent_yy,NBB,2026-09-05T12:48:35.250844+00:00
HICP,HICP (Harmonised Inflation),2016-04,1.5,A,percent_yy,NBB,2026-09-05T12:48:35.250844+00:00
HICP,HICP (Harmonised Inflation),2016-05,1.6,A,percent_yy,NBB,2026-09-05T12:48:35.250844+00:00
HICP,HICP (Harmonised Inflation),2016-06,1.8,A,percent_yy,NBB,2026-09-05T12:48:35.250844+00:00
HICP,HICP (Harmonised Inflation),2016-07,2.0,A,percent_yy,NBB,2026-09-05T12:48:35.250844+00:00
HICP,HICP (Harmonised Inflation),2016-08,2.0,A,percent_yy,NBB,2026-09-05T12:48:35.250844+00:00
HICP,HICP (Harmonised Inflation),2016-09,1.8,A,percent_yy,NBB,2026-09-05T12:48:35.250844+00:00
HICP,HICP (Harmonised Inflation),2016-10,1.9,A,percent_yy,NBB,2026-09-05T12:48:35.250844+00:00
HICP,HICP (Harmonised Inflation),2016-11,1.7,A,percent_yy,NBB,2026-09-05T12:48:35.250844+00:00
HICP,HICP (Harmonised Inflation),2016-12,2.2,A,percent_yy,NBB,2026-09-05T12:48:35.250844+00:00
HICP,HICP (Harmonised Inflation),2017-01,3.1,A,percent_yy,NBB,2026-09-05T12:48:35.250844+00:00
HICP,HICP (Harmonised Inflation),2017-02,3.3,A,percent_yy,NBB,2026-09-05T12:48:35.250844+00:00
HICP,HICP (Harmonised Inflation),2017-03,2.5,A,percent_yy,NBB,2026-09-05T12:48:35.250844+00:00
HICP,HICP (Harmonised Inflation),2017-04,2.7,A,percent_yy,NBB,2026-09-05T12:48:35.250844+00:00
HICP,HICP (Harmonised Inflation),2017-05,1.9,A,percent_yy,NBB,2026-09-05T12:48:35.250844+00:00
HICP,HICP (Harmonised Inflation),2017-06,1.5,A,percent_yy,NBB,2026-09-05T12:48:35.250844+00:00
HICP,HICP (Harmonised Inflation),2017-07,1.8,A,percent_yy,NBB,2026-09-05T12:48:35.250844+00:00
HICP,HICP (Harmonised Inflation),2017-08,2.0,A,percent_yy,NBB,2026-09-05T12:48:35.250844+00:00
HICP,HICP (Harmonised Inflation),2017-09,2.0,A,percent_yy,NBB,2026-09-05T12:48:35.250844+00:00
HICP,HICP (Harmonised Inflation),2017-10,1.8,A,percent_yy,NBB,2026-09-05T12:48:35.250844+00:00
HICP,HICP (Harmonised Inflation),2017-11,2.1,A,percent_yy,NBB,2026-09-05T12:48:35.250844+00:00
HICP,HICP (Harmonised Inflation),2017-12,2.1,A,percent_yy,NBB,2026-09-05T12:48:35.250844+00:00
HICP,HICP (Harmonised Inflation),2018-01,1.8,A,percent_yy,NBB,2026-09-05T12:48:35.250844+00:00
HICP,HICP (Harmonised Inflation),2018-02,1.5,A,percent_yy,NBB,2026-09-05T12:48:35.250844+00:00
HICP,HICP (Harmonised Inflation),2018-03,1.5,A,percent_yy,NBB,2026-09-05T12:48:35.250844+00:00
HICP,HICP (Harmonised Inflation),2018-04,1.6,A,percent_yy,NBB,2026-09-05T12:48:35.250844+00:00
HICP,HICP (Harmonised Inflation),2018-05,2.3,A,percent_yy,NBB,2026-09-05T12:48:35.250844+00:00
HICP,HICP (Harmonised Inflation),2018-06,2.6,A,percent_yy,NBB,2026-09-05T12:48:35.250844+00:00
HICP,HICP (Harmonised Inflation),2018-07,2.7,A,percent_yy,NBB,2026-09-05T12:48:35.250844+00:00
HICP,HICP (Harmonised Inflation),2018-08,2.6,A,percent_yy,NBB,2026-09-05T12:48:35.250844+00:00
HICP,HICP (Harmonised Inflation),2018-09,2.8,A,percent_yy,NBB,2026-09-05T12:48:35.250844+00:00
HICP,HICP (Harmonised Inflation),2018-10,3.2,A,percent_yy,NBB,2026-09-05T12:48:35.250844+00:00
HICP,HICP (Harmonised Inflation),2018-11,2.9,A,percent_yy,NBB,2026-09-05T12:48:35.250844+00:00
HICP,HICP (Harmonised Inflation),2018-12,2.2,A,percent_yy,NBB,2026-09-05T12:48:35.250844+00:00
HICP,HICP (Harmonised Inflation),2019-01,1.8,A,percent_yy,NBB,2026-09-05T12:48:35.250844+00:00
HICP,HICP (Harmonised Inflation),2019-02,2.0,A,percent_yy,NBB,2026-09-05T12:48:35.250844+00:00
HICP,HICP (Harmonised Inflation),2019-03,2.2,A,percent_yy,NBB,2026-09-05T12:48:35.250844+00:00
HICP,HICP (Harmonised Inflation),2019-04,2.0,A,percent_yy,NBB,2026-09-05T12:48:35.250844+00:00
HICP,HICP (Harmonised Inflation),2019-05,1.7,A,percent_yy,NBB,2026-09-05T12:48:35.250844+00:00
HICP,HICP (Harmonised Inflation),2019-06,1.3,A,percent_yy,NBB,2026-09-05T12:48:35.250844+00:00
HICP,HICP (Harmonised Inflation),2019-07,1.2,A,percent_yy,NBB,2026-09-05T12:48:35.250844+00:00
HICP,HICP (Harmonised Inflation),2019-08,0.9,A,percent_yy,NBB,2026-09-05T12:48:35.250844+00:00
HICP,HICP (Harmonised Inflation),2019-09,0.6,A,percent_yy,NBB,2026-09-05T12:48:35.250844+00:00
HICP,HICP (Harmonised Inflation),2019-10,0.2,A,percent_yy,NBB,2026-09-05T12:48:35.250844+00:00
HICP,HICP (Harmonised Inflation),2019-11,0.4,A,percent_yy,NBB,2026-09-05T12:48:35.250844+00:00
HICP,HICP (Harmonised Inflation),2019-12,0.9,A,percent_yy,NBB,2026-09-05T12:48:35.250844+00:00
HICP,HICP (Harmonised Inflation),2020-01,1.4,A,percent_yy,NBB,2026-09-05T12:48:35.250844+00:00
HICP,HICP (Harmonised Inflation),2020-02,1.0,A,percent_yy,NBB,2026-09-05T12:48:35.250844+00:00
HICP,HICP (Harmonised Inflation),2020-03,0.4,A,percent_yy,NBB,2026-09-05T12:48:35.250844+00:00
HICP,HICP (Harmonised Inflation),2020-04,0.0,A,percent_yy,NBB,2026-09-05T12:48:35.250844+00:00
HICP,HICP (Harmonised Inflation),2020-05,-0.2,A,percent_yy,NBB,2026-09-05T12:48:35.250844+00:00
HICP,HICP (Harmonised Inflation),2020-06,0.2,A,percent_yy,NBB,2026-09-05T12:48:35.250844+00:00
HICP,HICP (Harmonised Inflation),2020-07,1.7,A,percent_yy,NBB,2026-09-05T12:48:35.250844+00:00
HICP,HICP (Harmonised Inflation),2020-08,-0.9,A,percent_yy,NBB,2026-09-05T12:48:35.250844+00:00
HICP,HICP (Harmonised Inflation),2020-09,0.5,A,percent_yy,NBB,2026-09-05T12:48:35.250844+00:00
HICP,HICP (Harmonised Inflation),2020-10,0.4,A,percent_yy,NBB,2026-09-05T12:48:35.250844+00:00
HICP,HICP (Harmonised Inflation),2020-11,0.2,A,percent_yy,NBB,2026-09-05T12:48:35.250844+00:00
HICP,HICP (Harmonised Inflation),2020-12,0.4,A,percent_yy,NBB,2026-09-05T12:48:35.250844+00:00
HICP,HICP (Harmonised Inflation),2021-01,0.6,A,percent_yy,NBB,2026-09-05T12:48:35.250844+00:00
HICP,HICP (Harmonised Inflation),2021-02,0.3,A,percent_yy,NBB,2026-09-05T12:48:35.250844+00:00
HICP,HICP (Harmonised Inflation),2021-03,1.6,A,percent_yy,NBB,2026-09-05T12:48:35.250844+00:00
HICP,HICP (Harmonised Inflation),2021-04,2.1,A,percent_yy,NBB,2026-09-05T12:48:35.250844+00:00
HICP,HICP (Harmonised Inflation),2021-05,2.5,A,percent_yy,NBB,2026-09-05T12:48:35.250844+00:00
HICP,HICP (Harmonised Inflation),2021-06,2.6,A,percent_yy,NBB,2026-09-05T12:48:35.250844+00:00
HICP,HICP (Harmonised Inflation),2021-07,1.4,A,percent_yy,NBB,2026-09-05T12:48:35.250844+00:00
HICP,HICP (Harmonised Inflation),2021-08,4.7,A,percent_yy,NBB,2026-09-05T12:48:35.250844+00:00
HICP,HICP (Harmonised Inflation),2021-09,3.8,A,percent_yy,NBB,2026-09-05T12:48:35.250844+00:00
HICP,HICP (Harmonised Inflation),2021-10,5.4,A,percent_yy,NBB,2026-09-05T12:48:35.250844+00:00
HICP,HICP (Harmonised Inflation),2021-11,7.1,A,percent_yy,NBB,2026-09-05T12:48:35.250844+00:00
HICP,HICP (Harmonised Inflation),2021-12,6.6,A,percent_yy,NBB,2026-09-05T12:48:35.250844+00:00
HICP,HICP (Harmonised Inflation),2022-01,8.5,A,percent_yy,NBB,2026-09-05T12:48:35.250844+00:00
HICP,HICP (Harmonised Inflation),2022-02,9.5,A,percent_yy,NBB,2026-09-05T12:48:35.250844+00:00
HICP,HICP (Harmonised Inflation),2022-03,9.3,A,percent_yy,NBB,2026-09-05T12:48:35.250844+00:00
HICP,HICP (Harmonised Inflation),2022-04,9.3,A,percent_yy,NBB,2026-09-05T12:48:35.250844+00:00
HICP,HICP (Harmonised Inflation),2022-05,9.9,A,percent_yy,NBB,2026-09-05T12:48:35.250844+00:00
HICP,HICP (Harmonised Inflation),2022-06,10.5,A,percent_yy,NBB,2026-09-05T12:48:35.250844+00:00
HICP,HICP (Harmonised Inflation),2022-07,10.4,A,percent_yy,NBB,2026-09-05T12:48:35.250844+00:00
HICP,HICP (Harmonised Inflation),2022-08,10.5,A,percent_yy,NBB,2026-09-05T12:48:35.250844+00:00
HICP,HICP (Harmonised Inflation),2022-09,12.1,A,percent_yy,NBB,2026-09-05T12:48:35.250844+00:00
HICP,HICP (Harmonised Inflation),2022-10,13.1,A,percent_yy,NBB,2026-09-05T12:48:35.250844+00:00
HICP,HICP (Harmonised Inflation),2022-11,10.5,A,percent_yy,NBB,2026-09-05T12:48:35.250844+00:00
HICP,HICP (Harmonised Inflation),2022-12,10.2,A,percent_yy,NBB,2026-09-05T12:48:35.250844+00:00
HICP,HICP (Harmonised Inflation),2023-01,7.41089,A,percent_yy,NBB,2026-09-05T12:48:35.250844+00:00
HICP,HICP (Harmonised Inflation),2023-02,5.43979,A,percent_yy,NBB,2026-09-05T12:48:35.250844+00:00
HICP,HICP (Harmonised Inflation),2023-03,4.94679,A,percent_yy,NBB,2026-09-05T12:48:35.250844+00:00
HICP,HICP (Harmonised Inflation),2023-04,3.34964,A,percent_yy,NBB,2026-09-05T12:48:35.250844+00:00
HICP,HICP (Harmonised Inflation),2023-05,2.71359,A,percent_yy,NBB,2026-09-05T12:48:35.250844+00:00
HICP,HICP (Harmonised Inflation),2023-06,1.60397,A,percent_yy,NBB,2026-09-05T12:48:35.250844+00:00
HICP,HICP (Harmonised Inflation),2023-07,1.65533,A,percent_yy,NBB,2026-09-05T12:48:35.250844+00:00
HICP,HICP (Harmonised Inflation),2023-08,2.38249,A,percent_yy,NBB,2026-09-05T12:48:35.250844+00:00
HICP,HICP (Harmonised Inflation),2023-09,0.65925,A,percent_yy,NBB,2026-09-05T12:48:35.250844+00:00
HICP,HICP (Harmonised Inflation),2023-10,-1.6628,A,percent_yy,NBB,2026-09-05T12:48:35.250844+00:00
HICP,HICP (Harmonised Inflation),2023-11,-0.79644,A,percent_yy,NBB,2026-09-05T12:48:35.250844+00:00
HICP,HICP (Harmonised Inflation),2023-12,0.53221,A,percent_yy,NBB,2026-09-05T12:48:35.250844+00:00
HICP,HICP (Harmonised Inflation),2024-01,1.47223,A,percent_yy,NBB,2026-09-05T12:48:35.250844+00:00
HICP,HICP (Harmonised Inflation),2024-02,3.6114,A,percent_yy,NBB,2026-09-05T12:48:35.250844+00:00
HICP,HICP (Harmonised Inflation),2024-03,3.81843,A,percent_yy,NBB,2026-09-05T12:48:35.250844+00:00
HICP,HICP (Harmonised Inflation),2024-04,4.86963,A,percent_yy,NBB,2026-09-05T12:48:35.250844+00:00
HICP,HICP (Harmonised Inflation),2024-05,4.8595,A,percent_yy,NBB,2026-09-05T12:48:35.250844+00:00
HICP,HICP (Harmonised Inflation),2024-06,5.42511,A,percent_yy,NBB,2026-09-05T12:48:35.250844+00:00
HICP,HICP (Harmonised Inflation),2024-07,5.40911,A,percent_yy,NBB,2026-09-05T12:48:35.250844+00:00
HICP,HICP (Harmonised Inflation),2024-08,4.34748,A,percent_yy,NBB,2026-09-05T12:48:35.250844+00:00
HICP,HICP (Harmonised Inflation),2024-09,4.32415,A,percent_yy,NBB,2026-09-05T12:48:35.250844+00:00
HICP,HICP (Harmonised Inflation),2024-10,4.52222,A,percent_yy,NBB,2026-09-05T12:48:35.250844+00:00
HICP,HICP (Harmonised Inflation),2024-11,4.78552,A,percent_yy,NBB,2026-09-05T12:48:35.250844+00:00
HICP,HICP (Harmonised Inflation),2024-12,4.41417,A,percent_yy,NBB,2026-09-05T12:48:35.250844+00:00
HICP,HICP (Harmonised Inflation),2025-01,4.36044,A,percent_yy,NBB,2026-09-05T12:48:35.250844+00:00
HICP,HICP (Harmonised Inflation),2025-02,4.42776,A,percent_yy,NBB,2026-09-05T12:48:35.250844+00:00
HICP,HICP (Harmonised Inflation),2025-03,3.55589,A,percent_yy,NBB,2026-09-05T12:48:35.250844+00:00
HICP,HICP (Harmonised Inflation),2025-04,3.11353,A,percent_yy,NBB,2026-09-05T12:48:35.250844+00:00
HICP,HICP (Harmonised Inflation),2025-05,2.81722,A,percent_yy,NBB,2026-09-05T12:48:35.250844+00:00
HICP,HICP (Harmonised Inflation),2025-06,2.85801,A,percent_yy,NBB,2026-09-05T12:48:35.250844+00:00
HICP,HICP (Harmonised Inflation),2025-07,2.60783,A,percent_yy,NBB,2026-09-05T12:48:35.250844+00:00
HICP,HICP (Harmonised Inflation),2025-08,2.6068,A,percent_yy,NBB,2026-09-05T12:48:35.250844+00:00
HICP,HICP (Harmonised Inflation),2025-09,2.68512,A,percent_yy,NBB,2026-09-05T12:48:35.250844+00:00
HICP,HICP (Harmonised Inflation),2025-10,2.52822,A,percent_yy,NBB,2026-09-05T12:48:35.250844+00:00
HICP,HICP (Harmonised Inflation),2025-11,2.61399,A,percent_yy,NBB,2026-09-05T12:48:35.250844+00:00
HICP,HICP (Harmonised Inflation),2025-12,2.17715,A,percent_yy,NBB,2026-09-05T12:48:35.250844+00:00
INDUSTRIAL_PROD,Industrial production,2010-01,67.8,A,index_2021,NBB,2026-09-05T12:48:35.250844+00:00
INDUSTRIAL_PROD,Industrial production,2010-02,69.1,A,index_2021,NBB,2026-09-05T12:48:35.250844+00:00
INDUSTRIAL_PROD,Industrial production,2010-03,68.9,A,index_2021,NBB,2026-09-05T12:48:35.250844+00:00
INDUSTRIAL_PROD,Industrial production,2010-04,68.3,A,index_2021,NBB,2026-09-05T12:48:35.250844+00:00
INDUSTRIAL_PROD,Industrial production,2010-05,69.5,A,index_2021,NBB,2026-09-05T12:48:35.250844+00:00
INDUSTRIAL_PROD,Industrial production,2010-06,71.0,A,index_2021,NBB,2026-09-05T12:48:35.250844+00:00
INDUSTRIAL_PROD,Industrial production,2010-07,71.1,A,index_2021,NBB,2026-09-05T12:48:35.250844+00:00
INDUSTRIAL_PROD,Industrial production,2010-08,70.0,A,index_2021,NBB,2026-09-05T12:48:35.250844+00:00
INDUSTRIAL_PROD,Industrial production,2010-09,71.0,A,index_2021,NBB,2026-09-05T12:48:35.250844+00:00
INDUSTRIAL_PROD,Industrial production,2010-10,72.7,A,index_2021,NBB,2026-09-05T12:48:35.250844+00:00
INDUSTRIAL_PROD,Industrial production,2010-11,73.7,A,index_2021,NBB,2026-09-05T12:48:35.250844+00:00
INDUSTRIAL_PROD,Industrial production,2010-12,71.8,A,index_2021,NBB,2026-09-05T12:48:35.250844+00:00
INDUSTRIAL_PROD,Industrial production,2011-01,73.1,A,index_2021,NBB,2026-09-05T12:48:35.250844+00:00
INDUSTRIAL_PROD,Industrial production,2011-02,74.7,A,index_2021,NBB,2026-09-05T12:48:35.250844+00:00
INDUSTRIAL_PROD,Industrial production,2011-03,76.5,A,index_2021,NBB,2026-09-14T10:17:39.684110+00:00
INDUSTRIAL_PROD,Industrial production,2011-04,74.3,A,index_2021,NBB,2026-09-05T12:48:35.250844+00:00
INDUSTRIAL_PROD,Industrial production,2011-05,74.0,A,index_2021,NBB,2026-09-05T12:48:35.250844+00:00
INDUSTRIAL_PROD,Industrial production,2011-06,72.9,A,index_2021,NBB,2026-09-05T12:48:35.250844+00:00
INDUSTRIAL_PROD,Industrial production,2011-07,73.5,A,index_2021,NBB,2026-09-14T10:17:39.684110+00:00
INDUSTRIAL_PROD,Industrial production,2011-08,76.4,A,index_2021,NBB,2026-09-05T12:48:35.250844+00:00
INDUSTRIAL_PROD,Industrial production,2011-09,74.2,A,index_2021,NBB,2026-09-05T12:48:35.250844+00:00
INDUSTRIAL_PROD,Industrial production,2011-10,72.1,A,index_2021,NBB,2026-09-05T12:48:35.250844+00:00
INDUSTRIAL_PROD,Industrial production,2011-11,72.5,A,index_2021,NBB,2026-09-05T12:48:35.250844+00:00
INDUSTRIAL_PROD,Industrial production,2011-12,72.2,A,index_2021,NBB,2026-09-05T12:48:35.250844+00:00
INDUSTRIAL_PROD,Industrial production,2012-01,73.1,A,index_2021,NBB,2026-09-05T12:48:35.250844+00:00
INDUSTRIAL_PROD,Industrial production,2012-02,74.4,A,index_2021,NBB,2026-09-05T12:48:35.250844+00:00
INDUSTRIAL_PROD,Industrial production,2012-03,74.8,A,index_2021,NBB,2026-09-05T12:48:35.250844+00:00
INDUSTRIAL_PROD,Industrial production,2012-04,71.7,A,index_2021,NBB,2026-09-05T12:48:35.250844+00:00
INDUSTRIAL_PROD,Industrial production,2012-05,72.6,A,index_2021,NBB,2026-09-05T12:48:35.250844+00:00
INDUSTRIAL_PROD,Industrial production,2012-06,72.7,A,index_2021,NBB,2026-09-05T12:48:35.250844+00:00
INDUSTRIAL_PROD,Industrial production,2012-07,72.8,A,index_2021,NBB,2026-09-05T12:48:35.250844+00:00
INDUSTRIAL_PROD,Industrial production,2012-08,73.7,A,index_2021,NBB,2026-09-05T12:48:35.250844+00:00
INDUSTRIAL_PROD,Industrial production,2012-09,73.3,A,index_2021,NBB,2026-09-05T12:48:35.250844+00:00
INDUSTRIAL_PROD,Industrial production,2012-10,70.1,A,index_2021,NBB,2026-09-05T12:48:35.250844+00:00
INDUSTRIAL_PROD,Industrial production,2012-11,70.1,A,index_2021,NBB,2026-09-05T12:48:35.250844+00:00
INDUSTRIAL_PROD,Industrial production,2012-12,70.8,A,index_2021,NBB,2026-09-05T12:48:35.250844+00:00
INDUSTRIAL_PROD,Industrial production,2013-01,70.0,A,index_2021,NBB,2026-09-05T12:48:35.250844+00:00
INDUSTRIAL_PROD,Industrial production,2013-02,70.0,A,index_2021,NBB,2026-09-05T12:48:35.250844+00:00
INDUSTRIAL_PROD,Industrial production,2013-03,71.7,A,index_2021,NBB,2026-09-05T12:48:35.250844+00:00
INDUSTRIAL_PROD,Industrial production,2013-04,71.9,A,index_2021,NBB,2026-09-05T12:48:35.250844+00:00
INDUSTRIAL_PROD,Industrial production,2013-05,72.6,A,index_2021,NBB,2026-09-05T12:48:35.250844+00:00
INDUSTRIAL_PROD,Industrial production,2013-06,73.1,A,index_2021,NBB,2026-09-05T12:48:35.250844+00:00
INDUSTRIAL_PROD,Industrial production,2013-07,74.6,A,index_2021,NBB,2026-09-05T12:48:35.250844+00:00
INDUSTRIAL_PROD,Industrial production,2013-08,72.6,A,index_2021,NBB,2026-09-05T12:48:35.250844+00:00
INDUSTRIAL_PROD,Industrial production,2013-09,71.5,A,index_2021,NBB,2026-09-05T12:48:35.250844+00:00
INDUSTRIAL_PROD,Industrial production,2013-10,72.9,A,index_2021,NBB,2026-09-05T12:48:35.250844+00:00
INDUSTRIAL_PROD,Industrial production,2013-11,75.2,A,index_2021,NBB,2026-09-05T12:48:35.250844+00:00
INDUSTRIAL_PROD,Industrial production,2013-12,74.0,A,index_2021,NBB,2026-09-05T12:48:35.250844+00:00
INDUSTRIAL_PROD,Industrial production,2014-01,72.8,A,index_2021,NBB,2026-09-05T12:48:35.250844+00:00
INDUSTRIAL_PROD,Industrial production,2014-02,76.0,A,index_2021,NBB,2026-09-14T10:17:39.684110+00:00
INDUSTRIAL_PROD,Industrial production,2014-03,73.0,A,index_2021,NBB,2026-09-05T12:48:35.250844+00:00
INDUSTRIAL_PROD,Industrial production,2014-04,75.4,A,index_2021,NBB,2026-09-05T12:48:35.250844+00:00
INDUSTRIAL_PROD,Industrial production,2014-05,73.1,A,index_2021,NBB,2026-09-14T10:17:39.684110+00:00
INDUSTRIAL_PROD,Industrial production,2014-06,74.8,A,index_2021,NBB,2026-09-05T12:48:35.250844+00:00
INDUSTRIAL_PROD,Industrial production,2014-07,73.9,A,index_2021,NBB,2026-09-14T10:17:39.684110+00:00
INDUSTRIAL_PROD,Industrial production,2014-08,71.5,A,index_2021,NBB,2026-09-14T10:17:39.684110+00:00
INDUSTRIAL_PROD,Industrial production,2014-09,74.5,A,index_2021,NBB,2026-09-05T12:48:35.250844+00:00
INDUSTRIAL_PROD,Industrial production,2014-10,72.1,A,index_2021,NBB,2026-09-05T12:48:35.250844+00:00
INDUSTRIAL_PROD,Industrial production,2014-11,72.0,A,index_2021,NBB,2026-09-05T12:48:35.250844+00:00
INDUSTRIAL_PROD,Industrial production,2014-12,72.3,A,index_2021,NBB,2026-09-05T12:48:35.250844+00:00
INDUSTRIAL_PROD,Industrial production,2015-01,73.9,A,index_2021,NBB,2026-09-05T12:48:35.250844+00:00
INDUSTRIAL_PROD,Industrial production,2015-02,70.7,A,index_2021,NBB,2026-09-05T12:48:35.250844+00:00
INDUSTRIAL_PROD,Industrial production,2015-03,72.6,A,index_2021,NBB,2026-09-14T10:17:39.684110+00:00
INDUSTRIAL_PROD,Industrial production,2015-04,73.6,A,index_2021,NBB,2026-09-05T12:48:35.250844+00:00
INDUSTRIAL_PROD,Industrial production,2015-05,73.4,A,index_2021,NBB,2026-09-05T12:48:35.250844+00:00
INDUSTRIAL_PROD,Industrial production,2015-06,71.5,A,index_2021,NBB,2026-09-05T12:48:35.250844+00:00
INDUSTRIAL_PROD,Industrial production,2015-07,72.3,A,index_2021,NBB,2026-09-05T12:48:35.250844+00:00
INDUSTRIAL_PROD,Industrial production,2015-08,71.8,A,index_2021,NBB,2026-09-05T12:48:35.250844+00:00
INDUSTRIAL_PROD,Industrial production,2015-09,73.5,A,index_2021,NBB,2026-09-05T12:48:35.250844+00:00
INDUSTRIAL_PROD,Industrial production,2015-10,73.5,A,index_2021,NBB,2026-09-05T12:48:35.250844+00:00
INDUSTRIAL_PROD,Industrial production,2015-11,73.7,A,index_2021,NBB,2026-09-05T12:48:35.250844+00:00
INDUSTRIAL_PROD,Industrial production,2015-12,72.6,A,index_2021,NBB,2026-09-05T12:48:35.250844+00:00
INDUSTRIAL_PROD,Industrial production,2016-01,76.6,A,index_2021,NBB,2026-09-05T12:48:35.250844+00:00
INDUSTRIAL_PROD,Industrial production,2016-02,74.1,A,index_2021,NBB,2026-09-14T10:17:39.684110+00:00
INDUSTRIAL_PROD,Industrial production,2016-03,75.1,A,index_2021,NBB,2026-09-05T12:48:35.250844+00:00
INDUSTRIAL_PROD,Industrial production,2016-04,76.1,A,index_2021,NBB,2026-09-05T12:48:35.250844+00:00
INDUSTRIAL_PROD,Industrial production,2016-05,73.4,A,index_2021,NBB,2026-09-14T10:17:39.684110+00:00
INDUSTRIAL_PROD,Industrial production,2016-06,75.5,A,index_2021,NBB,2026-09-05T12:48:35.250844+00:00
INDUSTRIAL_PROD,Industrial production,2016-07,79.1,A,index_2021,NBB,2026-09-14T10:17:39.684110+00:00
INDUSTRIAL_PROD,Industrial production,2016-08,77.7,A,index_2021,NBB,2026-09-05T12:48:35.250844+00:00
INDUSTRIAL_PROD,Industrial production,2016-09,75.0,A,index_2021,NBB,2026-09-05T12:48:35.250844+00:00
INDUSTRIAL_PROD,Industrial production,2016-10,74.6,A,index_2021,NBB,2026-09-05T12:48:35.250844+00:00
INDUSTRIAL_PROD,Industrial production,2016-11,75.9,A,index_2021,NBB,2026-09-05T12:48:35.250844+00:00
INDUSTRIAL_PROD,Industrial production,2016-12,80.1,A,index_2021,NBB,2026-09-05T12:48:35.250844+00:00
INDUSTRIAL_PROD,Industrial production,2017-01,75.3,A,index_2021,NBB,2026-09-05T12:48:35.250844+00:00
INDUSTRIAL_PROD,Industrial production,2017-02,77.6,A,index_2021,NBB,2026-09-05T12:48:35.250844+00:00
INDUSTRIAL_PROD,Industrial production,2017-03,76.5,A,index_2021,NBB,2026-09-05T12:48:35.250844+00:00
INDUSTRIAL_PROD,Industrial production,2017-04,77.6,A,index_2021,NBB,2026-09-05T12:48:35.250844+00:00
INDUSTRIAL_PROD,Industrial production,2017-05,77.1,A,index_2021,NBB,2026-09-05T12:48:35.250844+00:00
INDUSTRIAL_PROD,Industrial production,2017-06,79.0,A,index_2021,NBB,2026-09-14T10:17:39.684110+00:00
INDUSTRIAL_PROD,Industrial production,2017-07,82.0,A,index_2021,NBB,2026-09-14T10:17:39.684110+00:00
INDUSTRIAL_PROD,Industrial production,2017-08,81.1,A,index_2021,NBB,2026-09-05T12:48:35.250844+00:00
INDUSTRIAL_PROD,Industrial production,2017-09,78.4,A,index_2021,NBB,2026-09-05T12:48:35.250844+00:00
INDUSTRIAL_PROD,Industrial production,2017-10,77.3,A,index_2021,NBB,2026-09-14T10:17:39.684110+00:00
INDUSTRIAL_PROD,Industrial production,2017-11,79.3,A,index_2021,NBB,2026-09-05T12:48:35.250844+00:00
INDUSTRIAL_PROD,Industrial production,2017-12,78.0,A,index_2021,NBB,2026-09-05T12:48:35.250844+00:00
INDUSTRIAL_PROD,Industrial production,2018-01,79.3,A,index_2021,NBB,2026-09-05T12:48:35.250844+00:00
INDUSTRIAL_PROD,Industrial production,2018-02,77.1,A,index_2021,NBB,2026-09-05T12:48:35.250844+00:00
INDUSTRIAL_PROD,Industrial production,2018-03,79.3,A,index_2021,NBB,2026-09-05T12:48:35.250844+00:00
INDUSTRIAL_PROD,Industrial production,2018-04,79.0,A,index_2021,NBB,2026-09-05T12:48:35.250844+00:00
INDUSTRIAL_PROD,Industrial production,2018-05,79.9,A,index_2021,NBB,2026-09-05T12:48:35.250844+00:00
INDUSTRIAL_PROD,Industrial production,2018-06,78.1,A,index_2021,NBB,2026-09-05T12:48:35.250844+00:00
INDUSTRIAL_PROD,Industrial production,2018-07,80.3,A,index_2021,NBB,2026-09-14T10:17:39.684110+00:00
INDUSTRIAL_PROD,Industrial production,2018-08,82.7,A,index_2021,NBB,2026-09-05T12:48:35.250844+00:00
INDUSTRIAL_PROD,Industrial production,2018-09,77.3,A,index_2021,NBB,2026-09-05T12:48:35.250844+00:00
INDUSTRIAL_PROD,Industrial production,2018-10,76.8,A,index_2021,NBB,2026-09-05T12:48:35.250844+00:00
INDUSTRIAL_PROD,Industrial production,2018-11,81.6,A,index_2021,NBB,2026-09-05T12:48:35.250844+00:00
INDUSTRIAL_PROD,Industrial production,2018-12,77.0,A,index_2021,NBB,2026-09-05T12:48:35.250844+00:00
INDUSTRIAL_PROD,Industrial production,2019-01,81.8,A,index_2021,NBB,2026-09-14T10:17:39.684110+00:00
INDUSTRIAL_PROD,Industrial production,2019-02,81.0,A,index_2021,NBB,2026-09-05T12:48:35.250844+00:00
INDUSTRIAL_PROD,Industrial production,2019-03,79.9,A,index_2021,NBB,2026-09-05T12:48:35.250844+00:00
INDUSTRIAL_PROD,Industrial production,2019-04,84.5,A,index_2021,NBB,2026-09-14T10:17:39.684110+00:00
INDUSTRIAL_PROD,Industrial production,2019-05,82.5,A,index_2021,NBB,2026-09-05T12:48:35.250844+00:00
INDUSTRIAL_PROD,Industrial production,2019-06,86.7,A,index_2021,NBB,2026-09-05T12:48:35.250844+00:00
INDUSTRIAL_PROD,Industrial production,2019-07,80.8,A,index_2021,NBB,2026-09-05T12:48:35.250844+00:00
INDUSTRIAL_PROD,Industrial production,2019-08,86.4,A,index_2021,NBB,2026-09-14T10:17:39.684110+00:00
INDUSTRIAL_PROD,Industrial production,2019-09,83.7,A,index_2021,NBB,2026-09-05T12:48:35.250844+00:00
INDUSTRIAL_PROD,Industrial production,2019-10,81.2,A,index_2021,NBB,2026-09-05T12:48:35.250844+00:00
INDUSTRIAL_PROD,Industrial production,2019-11,84.1,A,index_2021,NBB,2026-09-05T12:48:35.250844+00:00
INDUSTRIAL_PROD,Industrial production,2019-12,86.0,A,index_2021,NBB,2026-09-05T12:48:35.250844+00:00
INDUSTRIAL_PROD,Industrial production,2020-01,82.4,A,index_2021,NBB,2026-09-05T12:48:35.250844+00:00
INDUSTRIAL_PROD,Industrial production,2020-02,82.6,A,index_2021,NBB,2026-09-14T10:17:39.684110+00:00
INDUSTRIAL_PROD,Industrial production,2020-03,76.9,A,index_2021,NBB,2026-09-14T10:17:39.684110+00:00
INDUSTRIAL_PROD,Industrial production,2020-04,67.1,A,index_2021,NBB,2026-09-05T12:48:35.250844+00:00
INDUSTRIAL_PROD,Industrial production,2020-05,77.2,A,index_2021,NBB,2026-09-05T12:48:35.250844+00:00
INDUSTRIAL_PROD,Industrial production,2020-06,76.6,A,index_2021,NBB,2026-09-05T12:48:35.250844+00:00
INDUSTRIAL_PROD,Industrial production,2020-07,80.2,A,index_2021,NBB,2026-09-14T10:17:39.684110+00:00
INDUSTRIAL_PROD,Industrial production,2020-08,80.8,A,index_2021,NBB,2026-09-14T10:17:39.684110+00:00
INDUSTRIAL_PROD,Industrial production,2020-09,80.3,A,index_2021,NBB,2026-09-05T12:48:35.250844+00:00
INDUSTRIAL_PROD,Industrial production,2020-10,85.3,A,index_2021,NBB,2026-09-05T12:48:35.250844+00:00
INDUSTRIAL_PROD,Industrial production,2020-11,84.7,A,index_2021,NBB,2026-09-14T10:17:39.684110+00:00
INDUSTRIAL_PROD,Industrial production,2020-12,82.7,A,index_2021,NBB,2026-09-05T12:48:35.250844+00:00
INDUSTRIAL_PROD,Industrial production,2021-01,88.9,A,index_2021,NBB,2026-09-05T12:48:35.250844+00:00
INDUSTRIAL_PROD,Industrial production,2021-02,87.8,A,index_2021,NBB,2026-09-05T12:48:35.250844+00:00
INDUSTRIAL_PROD,Industrial production,2021-03,91.7,A,index_2021,NBB,2026-09-05T12:48:35.250844+00:00
INDUSTRIAL_PROD,Industrial production,2021-04,95.7,A,index_2021,NBB,2026-09-05T12:48:35.250844+00:00
INDUSTRIAL_PROD,Industrial production,2021-05,97.8,A,index_2021,NBB,2026-09-05T12:48:35.250844+00:00
INDUSTRIAL_PROD,Industrial production,2021-06,116.8,A,index_2021,NBB,2026-09-05T12:48:35.250844+00:00
INDUSTRIAL_PROD,Industrial production,2021-07,106.5,A,index_2021,NBB,2026-09-14T10:17:39.684110+00:00
INDUSTRIAL_PROD,Industrial production,2021-08,106.8,A,index_2021,NBB,2026-09-05T12:48:35.250844+00:00
INDUSTRIAL_PROD,Industrial production,2021-09,104.0,A,index_2021,NBB,2026-09-05T12:48:35.250844+00:00
INDUSTRIAL_PROD,Industrial production,2021-10,105.5,A,index_2021,NBB,2026-09-05T12:48:35.250844+00:00
INDUSTRIAL_PROD,Industrial production,2021-11,97.3,A,index_2021,NBB,2026-09-05T12:48:35.250844+00:00
INDUSTRIAL_PROD,Industrial production,2021-12,101.2,A,index_2021,NBB,2026-09-05T12:48:35.250844+00:00
INDUSTRIAL_PROD,Industrial production,2022-01,101.8,A,index_2021,NBB,2026-09-05T12:48:35.250844+00:00
INDUSTRIAL_PROD,Industrial production,2022-02,99.3,A,index_2021,NBB,2026-09-14T10:17:39.684110+00:00
INDUSTRIAL_PROD,Industrial production,2022-03,99.4,A,index_2021,NBB,2026-09-05T12:48:35.250844+00:00
INDUSTRIAL_PROD,Industrial production,2022-04,94.7,A,index_2021,NBB,2026-09-05T12:48:35.250844+00:00
INDUSTRIAL_PROD,Industrial production,2022-05,98.6,A,index_2021,NBB,2026-09-05T12:48:35.250844+00:00
INDUSTRIAL_PROD,Industrial production,2022-06,96.4,A,index_2021,NBB,2026-09-05T12:48:35.250844+00:00
INDUSTRIAL_PROD,Industrial production,2022-07,98.9,A,index_2021,NBB,2026-09-14T10:17:39.684110+00:00
INDUSTRIAL_PROD,Industrial production,2022-08,94.2,A,index_2021,NBB,2026-09-05T12:48:35.250844+00:00
INDUSTRIAL_PROD,Industrial production,2022-09,104.4,A,index_2021,NBB,2026-09-05T12:48:35.250844+00:00
INDUSTRIAL_PROD,Industrial production,2022-10,102.9,A,index_2021,NBB,2026-09-14T10:17:39.684110+00:00
INDUSTRIAL_PROD,Industrial production,2022-11,104.3,A,index_2021,NBB,2026-09-05T12:48:35.250844+00:00
INDUSTRIAL_PROD,Industrial production,2022-12,98.2,A,index_2021,NBB,2026-09-05T12:48:35.250844+00:00
INDUSTRIAL_PROD,Industrial production,2023-01,92.9,A,index_2021,NBB,2026-09-05T12:48:35.250844+00:00
INDUSTRIAL_PROD,Industrial production,2023-02,96.5,A,index_2021,NBB,2026-09-05T12:48:35.250844+00:00
INDUSTRIAL_PROD,Industrial production,2023-03,99.0,A,index_2021,NBB,2026-09-14T10:17:39.684110+00:00
INDUSTRIAL_PROD,Industrial production,2023-04,87.8,A,index_2021,NBB,2026-09-14T10:17:39.684110+00:00
INDUSTRIAL_PROD,Industrial production,2023-05,93.6,A,index_2021,NBB,2026-09-05T12:48:35.250844+00:00
INDUSTRIAL_PROD,Industrial production,2023-06,91.6,A,index_2021,NBB,2026-09-05T12:48:35.250844+00:00
INDUSTRIAL_PROD,Industrial production,2023-07,92.7,A,index_2021,NBB,2026-09-14T10:17:39.684110+00:00
INDUSTRIAL_PROD,Industrial production,2023-08,88.4,A,index_2021,NBB,2026-09-05T12:48:35.250844+00:00
INDUSTRIAL_PROD,Industrial production,2023-09,87.6,A,index_2021,NBB,2026-09-05T12:48:35.250844+00:00
INDUSTRIAL_PROD,Industrial production,2023-10,93.3,A,index_2021,NBB,2026-09-05T12:48:35.250844+00:00
INDUSTRIAL_PROD,Industrial production,2023-11,88.6,A,index_2021,NBB,2026-09-14T10:17:39.684110+00:00
INDUSTRIAL_PROD,Industrial production,2023-12,96.9,A,index_2021,NBB,2026-09-05T12:48:35.250844+00:00
INDUSTRIAL_PROD,Industrial production,2024-01,90.0,A,index_2021,NBB,2026-09-05T12:48:35.250844+00:00
INDUSTRIAL_PROD,Industrial production,2024-02,89.0,A,index_2021,NBB,2026-09-05T12:48:35.250844+00:00
INDUSTRIAL_PROD,Industrial production,2024-03,92.3,A,index_2021,NBB,2026-09-14T10:17:39.684110+00:00
INDUSTRIAL_PROD,Industrial production,2024-04,90.0,A,index_2021,NBB,2026-09-05T12:48:35.250844+00:00
INDUSTRIAL_PROD,Industrial production,2024-05,95.1,A,index_2021,NBB,2026-09-14T10:17:39.684110+00:00
INDUSTRIAL_PROD,Industrial production,2024-06,88.8,A,index_2021,NBB,2026-09-05T12:48:35.250844+00:00
INDUSTRIAL_PROD,Industrial production,2024-07,93.4,A,index_2021,NBB,2026-09-14T10:17:39.684110+00:00
INDUSTRIAL_PROD,Industrial production,2024-08,91.1,A,index_2021,NBB,2026-09-14T10:17:39.684110+00:00
INDUSTRIAL_PROD,Industrial production,2024-09,89.7,A,index_2021,NBB,2026-09-14T10:17:39.684110+00:00
INDUSTRIAL_PROD,Industrial production,2024-10,88.4,A,index_2021,NBB,2026-09-05T12:48:35.250844+00:00
INDUSTRIAL_PROD,Industrial production,2024-11,86.8,A,index_2021,NBB,2026-09-14T10:17:39.684110+00:00
INDUSTRIAL_PROD,Industrial production,2024-12,82.8,A,index_2021,NBB,2026-09-05T12:48:35.250844+00:00
INDUSTRIAL_PROD,Industrial production,2025-01,89.0,A,index_2021,NBB,2026-09-05T12:48:35.250844+00:00
INDUSTRIAL_PROD,Industrial production,2025-02,89.9,A,index_2021,NBB,2026-09-05T12:48:35.250844+00:00
INDUSTRIAL_PROD,Industrial production,2025-03,91.5,A,index_2021,NBB,2026-09-05T12:48:35.250844+00:00
INDUSTRIAL_PROD,Industrial production,2025-04,90.5,A,index_2021,NBB,2026-09-14T10:17:39.684110+00:00
INDUSTRIAL_PROD,Industrial production,2025-05,85.6,A,index_2021,NBB,2026-09-05T12:48:35.250844+00:00
INDUSTRIAL_PROD,Industrial production,2025-06,91.1,A,index_2021,NBB,2026-09-05T12:48:35.250844+00:00
INDUSTRIAL_PROD,Industrial production,2025-07,92.9,A,index_2021,NBB,2026-09-14T10:17:39.684110+00:00
INDUSTRIAL_PROD,Industrial production,2025-08,91.0,A,index_2021,NBB,2026-09-05T12:48:35.250844+00:00
INDUSTRIAL_PROD,Industrial production,2025-09,91.7,A,index_2021,NBB,2026-09-14T10:17:39.684110+00:00
INDUSTRIAL_PROD,Industrial production,2025-10,89.3,A,index_2021,NBB,2026-09-05T12:48:35.250844+00:00
INDUSTRIAL_PROD,Industrial production,2025-11,89.8,A,index_2021,NBB,2026-09-05T12:48:35.250844+00:00
INDUSTRIAL_PROD,Industrial production,2025-12,92.7,A,index_2021,NBB,2026-09-05T12:48:35.250844+00:00
INDUSTRIAL_PROD,Industrial production,2026-01,91.3,A,index_2021,NBB,2026-09-05T12:48:35.250844+00:00
INDUSTRIAL_PROD,Industrial production,2026-02,91.6,A,index_2021,NBB,2026-09-05T12:48:35.250844+00:00
INDUSTRIAL_PROD,Industrial production,2026-03,90.1,A,index_2021,NBB,2026-09-14T10:17:39.684110+00:00
INDUSTRIAL_PROD,Industrial production,2026-04,91.1,A,index_2021,NBB,2026-09-14T10:17:39.684110+00:00
INDUSTRIAL_PROD,Industrial production,2026-05,88.4,A,index_2021,NBB,2026-09-14T10:17:39.684110+00:00
INDUSTRIAL_PROD,Industrial production,2026-06,87.9,A,index_2021,NBB,2026-09-14T10:17:39.684110+00:00
INDUSTRIAL_PROD,Industrial production,2026-07,87.7,A,index_2021,NBB,2026-09-14T10:17:39.684110+00:00
LABOUR_COST_BE,Labour cost index,2008,97.68,A,index_2010,AMECO/EC,2026-09-05T12:48:35.250844+00:00
LABOUR_COST_BE,Labour cost index,2009,100.54,A,index_2010,AMECO/EC,2026-09-05T12:48:35.250844+00:00
LABOUR_COST_BE,Labour cost index,2010,100.0,A,index_2010,AMECO/EC,2026-09-05T12:48:35.250844+00:00
LABOUR_COST_BE,Labour cost index,2011,102.52,A,index_2010,AMECO/EC,2026-09-05T12:48:35.250844+00:00
LABOUR_COST_BE,Labour cost index,2012,105.95,A,index_2010,AMECO/EC,2026-09-05T12:48:35.250844+00:00
LABOUR_COST_BE,Labour cost index,2013,107.9,A,index_2010,AMECO/EC,2026-09-05T12:48:35.250844+00:00
LABOUR_COST_BE,Labour cost index,2014,107.5,A,index_2010,AMECO/EC,2026-09-05T12:48:35.250844+00:00
LABOUR_COST_BE,Labour cost index,2015,107.02,A,index_2010,AMECO/EC,2026-09-05T12:48:35.250844+00:00
LABOUR_COST_BE,Labour cost index,2016,107.89,A,index_2010,AMECO/EC,2026-09-05T12:48:35.250844+00:00
LABOUR_COST_BE,Labour cost index,2017,109.98,A,index_2010,AMECO/EC,2026-09-05T12:48:35.250844+00:00
LABOUR_COST_BE,Labour cost index,2018,111.54,A,index_2010,AMECO/EC,2026-09-05T12:48:35.250844+00:00
LABOUR_COST_BE,Labour cost index,2019,112.89,A,index_2010,AMECO/EC,2026-09-05T12:48:35.250844+00:00
LABOUR_COST_BE,Labour cost index,2020,116.99,A,index_2010,AMECO/EC,2026-09-05T12:48:35.250844+00:00
LABOUR_COST_BE,Labour cost index,2021,117.5,A,index_2010,AMECO/EC,2026-09-05T12:48:35.250844+00:00
LABOUR_COST_BE,Labour cost index,2022,123.8,A,index_2010,AMECO/EC,2026-09-05T12:48:35.250844+00:00
LABOUR_COST_BE,Labour cost index,2023,132.07,A,index_2010,AMECO/EC,2026-09-05T12:48:35.250844+00:00
LABOUR_COST_BE,Labour cost index,2024,135.4,A,index_2010,AMECO/EC,2026-09-05T12:48:35.250844+00:00
LABOUR_COST_BE,Labour cost index,2025,138.98,A,index_2010,AMECO/EC,2026-09-05T12:48:35.250844+00:00
LABOUR_COST_BE,Labour cost index,2026,142.26,A,index_2010,AMECO/EC,2026-09-05T12:48:35.250844+00:00
LABOUR_COST_BE,Labour cost index,2027,145.02,A,index_2010,AMECO/EC,2026-09-05T12:48:35.250844+00:00
NET_EXPORTS_CY,Net exports,2006,0.6,A,pp_contribution,NBB,2026-09-05T12:48:35.250844+00:00
NET_EXPORTS_CY,Net exports,2007,0.1,A,pp_contribution,NBB,2026-09-05T12:48:35.250844+00:00
NET_EXPORTS_CY,Net exports,2008,-1.4,A,pp_contribution,NBB,2026-09-05T12:48:35.250844+00:00
NET_EXPORTS_CY,Net exports,2009,-0.6,R,pp_contribution,NBB,2026-09-05T12:48:35.250844+00:00
NET_EXPORTS_CY,Net exports,2010,0.8,A,pp_contribution,NBB,2026-09-05T12:48:35.250844+00:00
NET_EXPORTS_CY,Net exports,2011,-0.6,A,pp_contribution,NBB,2026-09-05T12:48:35.250844+00:00
NET_EXPORTS_CY,Net exports,2012,0.0,A,pp_contribution,NBB,2026-09-05T12:48:35.250844+00:00
NET_EXPORTS_CY,Net exports,2013,0.3,A,pp_contribution,NBB,2026-09-05T12:48:35.250844+00:00
NET_EXPORTS_CY,Net exports,2014,-0.1,A,pp_contribution,NBB,2026-09-05T12:48:35.250844+00:00
NET_EXPORTS_CY,Net exports,2015,-0.4,A,pp_contribution,NBB,2026-09-05T12:48:35.250844+00:00
NET_EXPORTS_CY,Net exports,2016,-1.2,A,pp_contribution,NBB,2026-09-05T12:48:35.250844+00:00
NET_EXPORTS_CY,Net exports,2017,0.1,A,pp_contribution,NBB,2026-09-05T12:48:35.250844+00:00
NET_EXPORTS_CY,Net exports,2018,-0.7,A,pp_contribution,NBB,2026-09-05T12:48:35.250844+00:00
NET_EXPORTS_CY,Net exports,2019,1.2,A,pp_contribution,NBB,2026-09-05T12:48:35.250844+00:00
NET_EXPORTS_CY,Net exports,2020,0.6,A,pp_contribution,NBB,2026-09-05T12:48:35.250844+00:00
NET_EXPORTS_CY,Net exports,2021,1.6,A,pp_contribution,NBB,2026-09-05T12:48:35.250844+00:00
NET_EXPORTS_CY,Net exports,2022,-0.3,A,pp_contribution,NBB,2026-09-05T12:48:35.250844+00:00
NET_EXPORTS_CY,Net exports,2023,0.6,A,pp_contribution,NBB,2026-09-05T12:48:35.250844+00:00
NET_EXPORTS_CY,Net exports,2024,-0.3,P,pp_contribution,NBB,2026-09-05T12:48:35.250844+00:00
NET_EXPORTS_CY,Net exports,2025,-0.3,P,pp_contribution,NBB,2026-09-05T12:48:35.250844+00:00
PRIV_CONSUMPTION_CY,Private final consumption,2006,0.9,A,pp_contribution,NBB,2026-09-05T12:48:35.250844+00:00
PRIV_CONSUMPTION_CY,Private final consumption,2007,1.0,A,pp_contribution,NBB,2026-09-05T12:48:35.250844+00:00
PRIV_CONSUMPTION_CY,Private final consumption,2008,0.7,A,pp_contribution,NBB,2026-09-05T12:48:35.250844+00:00
PRIV_CONSUMPTION_CY,Private final consumption,2009,0.8,R,pp_contribution,NBB,2026-09-05T12:48:35.250844+00:00
PRIV_CONSUMPTION_CY,Private final consumption,2010,2.0,A,pp_contribution,NBB,2026-09-05T12:48:35.250844+00:00
PRIV_CONSUMPTION_CY,Private final consumption,2011,0.3,A,pp_contribution,NBB,2026-09-05T12:48:35.250844+00:00
PRIV_CONSUMPTION_CY,Private final consumption,2012,0.7,A,pp_contribution,NBB,2026-09-05T12:48:35.250844+00:00
PRIV_CONSUMPTION_CY,Private final consumption,2013,0.7,A,pp_contribution,NBB,2026-09-05T12:48:35.250844+00:00
PRIV_CONSUMPTION_CY,Private final consumption,2014,0.5,A,pp_contribution,NBB,2026-09-05T12:48:35.250844+00:00
PRIV_CONSUMPTION_CY,Private final consumption,2015,0.9,A,pp_contribution,NBB,2026-09-05T12:48:35.250844+00:00
PRIV_CONSUMPTION_CY,Private final consumption,2016,0.8,A,pp_contribution,NBB,2026-09-05T12:48:35.250844+00:00
PRIV_CONSUMPTION_CY,Private final consumption,2017,1.0,A,pp_contribution,NBB,2026-09-05T12:48:35.250844+00:00
PRIV_CONSUMPTION_CY,Private final consumption,2018,0.8,A,pp_contribution,NBB,2026-09-05T12:48:35.250844+00:00
PRIV_CONSUMPTION_CY,Private final consumption,2019,0.8,A,pp_contribution,NBB,2026-09-05T12:48:35.250844+00:00
PRIV_CONSUMPTION_CY,Private final consumption,2020,-3.7,A,pp_contribution,NBB,2026-09-05T12:48:35.250844+00:00
PRIV_CONSUMPTION_CY,Private final consumption,2021,2.8,A,pp_contribution,NBB,2026-09-05T12:48:35.250844+00:00
PRIV_CONSUMPTION_CY,Private final consumption,2022,1.8,A,pp_contribution,NBB,2026-09-05T12:48:35.250844+00:00
PRIV_CONSUMPTION_CY,Private final consumption,2023,0.6,A,pp_contribution,NBB,2026-09-05T12:48:35.250844+00:00
PRIV_CONSUMPTION_CY,Private final consumption,2024,1.1,P,pp_contribution,NBB,2026-09-05T12:48:35.250844+00:00
PRIV_CONSUMPTION_CY,Private final consumption,2025,0.9,P,pp_contribution,NBB,2026-09-05T12:48:35.250844+00:00
UNEMPLOYMENT_RATE,Unemployment rate,2025-07,5.8,A,percent,NBB,2026-09-05T13:17:05.337514+00:00
UNEMPLOYMENT_RATE,Unemployment rate,2025-08,6.1,A,percent,NBB,2026-09-05T13:17:05.337514+00:00
UNEMPLOYMENT_RATE,Unemployment rate,2025-09,6.2,A,percent,NBB,2026-09-05T13:17:05.337514+00:00
UNEMPLOYMENT_RATE,Unemployment rate,2025-10,6.2,A,percent,NBB,2026-09-05T13:17:05.337514+00:00
UNEMPLOYMENT_RATE,Unemployment rate,2025-11,6.1,A,percent,NBB,2026-09-05T13:17:05.337514+00:00
UNEMPLOYMENT_RATE,Unemployment rate,2025-12,6.2,A,percent,NBB,2026-09-05T13:17:05.337514+00:00
UNEMPLOYMENT_RATE,Unemployment rate,2026-01,6.3,A,percent,NBB,2026-09-05T13:17:05.337514+00:00
UNEMPLOYMENT_RATE,Unemployment rate,2026-02,6.1,A,percent,NBB,2026-09-05T13:17:05.337514+00:00
UNEMPLOYMENT_RATE,Unemployment rate,2026-03,5.9,A,percent,NBB,2026-09-05T13:17:05.337514+00:00
UNEMPLOYMENT_RATE,Unemployment rate,2026-04,5.6,A,percent,NBB,2026-09-05T13:17:05.337514+00:00
UNEMPLOYMENT_RATE,Unemployment rate,2026-05,5.4,A,percent,NBB,2026-09-05T13:17:05.337514+00:00
UNEMPLOYMENT_RATE,Unemployment rate,2026-06,5.4,A,percent,NBB,2026-09-05T13:17:05.337514+00:00
UNEMPLOYMENT_RATE,Unemployment rate,2026-07,5.7,A,percent,NBB,2026-09-05T13:17:05.337514+00:00
UNEMPLOYMENT_RATE,Unemployment rate,2026-08,5.8,A,percent,NBB,2026-10-01T11:20:50.599223+00:00
UNEMPLOYMENT_RATE_INSURED,"Unemployment rate (ONEM definition, annual average)",2017,9.17,A,percent,ONEM / RVA,2026-09-12T19:12:26.779518+00:00
UNEMPLOYMENT_RATE_INSURED,"Unemployment rate (ONEM definition, annual average)",2018,8.52,A,percent,ONEM / RVA,2026-09-12T19:12:26.779518+00:00
UNEMPLOYMENT_RATE_INSURED,"Unemployment rate (ONEM definition, annual average)",2019,7.97,A,percent,ONEM / RVA,2026-09-12T19:12:26.779518+00:00
UNEMPLOYMENT_RATE_INSURED,"Unemployment rate (ONEM definition, annual average)",2020,8.09,A,percent,ONEM / RVA,2026-09-12T19:12:26.779518+00:00
UNEMPLOYMENT_RATE_INSURED,"Unemployment rate (ONEM definition, annual average)",2021,7.64,A,percent,ONEM / RVA,2026-09-12T19:12:26.779518+00:00
UNEMPLOYMENT_RATE_INSURED,"Unemployment rate (ONEM definition, annual average)",2022,6.85,A,percent,ONEM / RVA,2026-09-12T19:12:26.779518+00:00
UNEMPLOYMENT_RATE_INSURED,"Unemployment rate (ONEM definition, annual average)",2023,6.62,A,percent,ONEM / RVA,2026-09-12T19:12:26.779518+00:00
UNEMPLOYMENT_RATE_INSURED,"Unemployment rate (ONEM definition, annual average)",2024,6.25,A,percent,ONEM / RVA,2026-09-12T19:12:26.779518+00:00
UNEMPLOYMENT_RATE_INSURED,"Unemployment rate (ONEM definition, annual average)",2025,6.74,A,percent,ONEM / RVA,2026-09-12T19:12:26.779518+00:00
UNEMPLOYMENT_RATE_INSURED,"Unemployment rate (ONEM definition, annual average)",2026,5.05,P,percent,ONEM / RVA,2026-09-14T12:20:12.880627+00:00
UNEMPLOYMENT_RATE_INSURED_MONTHLY,"Unemployment rate (ONEM definition, monthly)",2025-01,6.71,A,percent,ONEM / RVA,2026-09-12T19:12:26.779518+00:00
UNEMPLOYMENT_RATE_INSURED_MONTHLY,"Unemployment rate (ONEM definition, monthly)",2025-02,6.74,A,percent,ONEM / RVA,2026-09-12T19:12:26.779518+00:00
UNEMPLOYMENT_RATE_INSURED_MONTHLY,"Unemployment rate (ONEM definition, monthly)",2025-03,6.93,A,percent,ONEM / RVA,2026-09-12T19:12:26.779518+00:00
UNEMPLOYMENT_RATE_INSURED_MONTHLY,"Unemployment rate (ONEM definition, monthly)",2025-04,6.7,A,percent,ONEM / RVA,2026-09-12T19:12:26.779518+00:00
UNEMPLOYMENT_RATE_INSURED_MONTHLY,"Unemployment rate (ONEM definition, monthly)",2025-05,6.64,A,percent,ONEM / RVA,2026-09-12T19:12:26.779518+00:00
UNEMPLOYMENT_RATE_INSURED_MONTHLY,"Unemployment rate (ONEM definition, monthly)",2025-06,6.78,A,percent,ONEM / RVA,2026-09-12T19:12:26.779518+00:00
UNEMPLOYMENT_RATE_INSURED_MONTHLY,"Unemployment rate (ONEM definition, monthly)",2025-07,6.66,A,percent,ONEM / RVA,2026-09-12T19:12:26.779518+00:00
UNEMPLOYMENT_RATE_INSURED_MONTHLY,"Unemployment rate (ONEM definition, monthly)",2025-08,7.04,A,percent,ONEM / RVA,2026-09-12T19:12:26.779518+00:00
UNEMPLOYMENT_RATE_INSURED_MONTHLY,"Unemployment rate (ONEM definition, monthly)",2025-09,6.85,A,percent,ONEM / RVA,2026-09-12T19:12:26.779518+00:00
UNEMPLOYMENT_RATE_INSURED_MONTHLY,"Unemployment rate (ONEM definition, monthly)",2025-10,6.64,A,percent,ONEM / RVA,2026-09-12T19:12:26.779518+00:00
UNEMPLOYMENT_RATE_INSURED_MONTHLY,"Unemployment rate (ONEM definition, monthly)",2025-11,6.82,A,percent,ONEM / RVA,2026-09-12T19:12:26.779518+00:00
UNEMPLOYMENT_RATE_INSURED_MONTHLY,"Unemployment rate (ONEM definition, monthly)",2025-12,6.4,A,percent,ONEM / RVA,2026-09-12T19:12:26.779518+00:00
UNEMPLOYMENT_RATE_INSURED_MONTHLY,"Unemployment rate (ONEM definition, monthly)",2026-01,6.48,A,percent,ONEM / RVA,2026-09-12T19:12:26.779518+00:00
UNEMPLOYMENT_RATE_INSURED_MONTHLY,"Unemployment rate (ONEM definition, monthly)",2026-02,6.28,A,percent,ONEM / RVA,2026-09-12T19:12:26.779518+00:00
UNEMPLOYMENT_RATE_INSURED_MONTHLY,"Unemployment rate (ONEM definition, monthly)",2026-03,5.47,A,percent,ONEM / RVA,2026-09-12T19:12:26.779518+00:00
UNEMPLOYMENT_RATE_INSURED_MONTHLY,"Unemployment rate (ONEM definition, monthly)",2026-04,4.41,A,percent,ONEM / RVA,2026-09-12T19:12:26.779518+00:00
UNEMPLOYMENT_RATE_INSURED_MONTHLY,"Unemployment rate (ONEM definition, monthly)",2026-05,4.58,A,percent,ONEM / RVA,2026-09-12T19:12:26.779518+00:00
UNEMPLOYMENT_RATE_INSURED_MONTHLY,"Unemployment rate (ONEM definition, monthly)",2026-06,4.48,A,percent,ONEM / RVA,2026-09-12T19:12:26.779518+00:00
UNEMPLOYMENT_RATE_INSURED_MONTHLY,"Unemployment rate (ONEM definition, monthly)",2026-07,3.63,A,percent,ONEM / RVA,2026-09-14T12:20:12.880627+00:00
