geo_id,nis_code,name_en,name_fr,name_nl,region,province,arrondissement,indicator_code,indicator_name,unit,period,value,status,fetched_at
be:mun:11001,11001,Aartselaar,Aartselaar,Aartselaar,Flanders,Antwerp,Arrondissement Antwerpen,LOCAL_UNITS_BY_COMMUNE,Local business units,count,2023-Q4,2232.0,A,2026-09-05T19:00:05.127955+00:00
be:mun:11001,11001,Aartselaar,Aartselaar,Aartselaar,Flanders,Antwerp,Arrondissement Antwerpen,POPULATION_AGE_0_14,Population aged 0 to 14,count,2026,2322.0,A,2026-09-05T22:11:04.542942+00:00
be:mun:11001,11001,Aartselaar,Aartselaar,Aartselaar,Flanders,Antwerp,Arrondissement Antwerpen,POPULATION_AGE_15_64,Population aged 15 to 64,count,2026,8885.0,A,2026-09-05T22:11:04.542942+00:00
be:mun:11001,11001,Aartselaar,Aartselaar,Aartselaar,Flanders,Antwerp,Arrondissement Antwerpen,POPULATION_AGE_65_PLUS,Population aged 65 and over,count,2026,3878.0,A,2026-09-05T22:11:04.542942+00:00
be:mun:11001,11001,Aartselaar,Aartselaar,Aartselaar,Flanders,Antwerp,Arrondissement Antwerpen,POPULATION_BY_COMMUNE,Population,count,2026,15085.0,A,2026-09-05T20:42:19.277290+00:00
be:mun:11002,11002,Antwerp,Anvers,Antwerpen,Flanders,Antwerp,Arrondissement Antwerpen,LOCAL_UNITS_BY_COMMUNE,Local business units,count,2023-Q4,66381.0,A,2026-09-05T19:00:05.127955+00:00
be:mun:11002,11002,Antwerp,Anvers,Antwerpen,Flanders,Antwerp,Arrondissement Antwerpen,POPULATION_AGE_0_14,Population aged 0 to 14,count,2026,103495.0,A,2026-09-05T22:11:04.542942+00:00
be:mun:11002,11002,Antwerp,Anvers,Antwerpen,Flanders,Antwerp,Arrondissement Antwerpen,POPULATION_AGE_15_64,Population aged 15 to 64,count,2026,371323.0,A,2026-09-05T22:11:04.542942+00:00
be:mun:11002,11002,Antwerp,Anvers,Antwerpen,Flanders,Antwerp,Arrondissement Antwerpen,POPULATION_AGE_65_PLUS,Population aged 65 and over,count,2026,90797.0,A,2026-09-05T22:11:04.542942+00:00
be:mun:11002,11002,Antwerp,Anvers,Antwerpen,Flanders,Antwerp,Arrondissement Antwerpen,POPULATION_BY_COMMUNE,Population,count,2026,565615.0,A,2026-09-05T20:42:19.277290+00:00
be:mun:11004,11004,Boechout,Boechout,Boechout,Flanders,Antwerp,Arrondissement Antwerpen,LOCAL_UNITS_BY_COMMUNE,Local business units,count,2023-Q4,1734.0,A,2026-09-05T19:00:05.127955+00:00
be:mun:11004,11004,Boechout,Boechout,Boechout,Flanders,Antwerp,Arrondissement Antwerpen,POPULATION_AGE_0_14,Population aged 0 to 14,count,2026,2085.0,A,2026-09-05T22:11:04.542942+00:00
be:mun:11004,11004,Boechout,Boechout,Boechout,Flanders,Antwerp,Arrondissement Antwerpen,POPULATION_AGE_15_64,Population aged 15 to 64,count,2026,8581.0,A,2026-09-05T22:11:04.542942+00:00
be:mun:11004,11004,Boechout,Boechout,Boechout,Flanders,Antwerp,Arrondissement Antwerpen,POPULATION_AGE_65_PLUS,Population aged 65 and over,count,2026,3440.0,A,2026-09-05T22:11:04.542942+00:00
be:mun:11004,11004,Boechout,Boechout,Boechout,Flanders,Antwerp,Arrondissement Antwerpen,POPULATION_BY_COMMUNE,Population,count,2026,14106.0,A,2026-09-05T20:42:19.277290+00:00
be:mun:11005,11005,Boom,Boom,Boom,Flanders,Antwerp,Arrondissement Antwerpen,LOCAL_UNITS_BY_COMMUNE,Local business units,count,2023-Q4,1498.0,A,2026-09-05T19:00:05.127955+00:00
be:mun:11005,11005,Boom,Boom,Boom,Flanders,Antwerp,Arrondissement Antwerpen,POPULATION_AGE_0_14,Population aged 0 to 14,count,2026,3837.0,A,2026-09-05T22:11:04.542942+00:00
be:mun:11005,11005,Boom,Boom,Boom,Flanders,Antwerp,Arrondissement Antwerpen,POPULATION_AGE_15_64,Population aged 15 to 64,count,2026,12750.0,A,2026-09-05T22:11:04.542942+00:00
be:mun:11005,11005,Boom,Boom,Boom,Flanders,Antwerp,Arrondissement Antwerpen,POPULATION_AGE_65_PLUS,Population aged 65 and over,count,2026,3376.0,A,2026-09-05T22:11:04.542942+00:00
be:mun:11005,11005,Boom,Boom,Boom,Flanders,Antwerp,Arrondissement Antwerpen,POPULATION_BY_COMMUNE,Population,count,2026,19963.0,A,2026-09-05T20:42:19.277290+00:00
be:mun:11008,11008,Brasschaat,Brasschaat,Brasschaat,Flanders,Antwerp,Arrondissement Antwerpen,LOCAL_UNITS_BY_COMMUNE,Local business units,count,2023-Q4,5569.0,A,2026-09-05T19:00:05.127955+00:00
be:mun:11008,11008,Brasschaat,Brasschaat,Brasschaat,Flanders,Antwerp,Arrondissement Antwerpen,POPULATION_AGE_0_14,Population aged 0 to 14,count,2026,5527.0,A,2026-09-05T22:11:04.542942+00:00
be:mun:11008,11008,Brasschaat,Brasschaat,Brasschaat,Flanders,Antwerp,Arrondissement Antwerpen,POPULATION_AGE_15_64,Population aged 15 to 64,count,2026,22463.0,A,2026-09-05T22:11:04.542942+00:00
be:mun:11008,11008,Brasschaat,Brasschaat,Brasschaat,Flanders,Antwerp,Arrondissement Antwerpen,POPULATION_AGE_65_PLUS,Population aged 65 and over,count,2026,10539.0,A,2026-09-05T22:11:04.542942+00:00
be:mun:11008,11008,Brasschaat,Brasschaat,Brasschaat,Flanders,Antwerp,Arrondissement Antwerpen,POPULATION_BY_COMMUNE,Population,count,2026,38529.0,A,2026-09-05T20:42:19.277290+00:00
be:mun:11009,11009,Brecht,Brecht,Brecht,Flanders,Antwerp,Arrondissement Antwerpen,LOCAL_UNITS_BY_COMMUNE,Local business units,count,2023-Q4,3891.0,A,2026-09-05T19:00:05.127955+00:00
be:mun:11009,11009,Brecht,Brecht,Brecht,Flanders,Antwerp,Arrondissement Antwerpen,POPULATION_AGE_0_14,Population aged 0 to 14,count,2026,4643.0,A,2026-09-05T22:11:04.542942+00:00
be:mun:11009,11009,Brecht,Brecht,Brecht,Flanders,Antwerp,Arrondissement Antwerpen,POPULATION_AGE_15_64,Population aged 15 to 64,count,2026,18888.0,A,2026-09-05T22:11:04.542942+00:00
be:mun:11009,11009,Brecht,Brecht,Brecht,Flanders,Antwerp,Arrondissement Antwerpen,POPULATION_AGE_65_PLUS,Population aged 65 and over,count,2026,7224.0,A,2026-09-05T22:11:04.542942+00:00
be:mun:11009,11009,Brecht,Brecht,Brecht,Flanders,Antwerp,Arrondissement Antwerpen,POPULATION_BY_COMMUNE,Population,count,2026,30755.0,A,2026-09-05T20:42:19.277290+00:00
be:mun:11013,11013,Edegem,Edegem,Edegem,Flanders,Antwerp,Arrondissement Antwerpen,LOCAL_UNITS_BY_COMMUNE,Local business units,count,2023-Q4,2652.0,A,2026-09-05T19:00:05.127955+00:00
be:mun:11013,11013,Edegem,Edegem,Edegem,Flanders,Antwerp,Arrondissement Antwerpen,POPULATION_AGE_0_14,Population aged 0 to 14,count,2026,4068.0,A,2026-09-05T22:11:04.542942+00:00
be:mun:11013,11013,Edegem,Edegem,Edegem,Flanders,Antwerp,Arrondissement Antwerpen,POPULATION_AGE_15_64,Population aged 15 to 64,count,2026,13687.0,A,2026-09-05T22:11:04.542942+00:00
be:mun:11013,11013,Edegem,Edegem,Edegem,Flanders,Antwerp,Arrondissement Antwerpen,POPULATION_AGE_65_PLUS,Population aged 65 and over,count,2026,5943.0,A,2026-09-05T22:11:04.542942+00:00
be:mun:11013,11013,Edegem,Edegem,Edegem,Flanders,Antwerp,Arrondissement Antwerpen,POPULATION_BY_COMMUNE,Population,count,2026,23698.0,A,2026-09-05T20:42:19.277290+00:00
be:mun:11016,11016,Essen,Essen,Essen,Flanders,Antwerp,Arrondissement Antwerpen,LOCAL_UNITS_BY_COMMUNE,Local business units,count,2023-Q4,2153.0,A,2026-09-05T19:00:05.127955+00:00
be:mun:11016,11016,Essen,Essen,Essen,Flanders,Antwerp,Arrondissement Antwerpen,POPULATION_AGE_0_14,Population aged 0 to 14,count,2026,3235.0,A,2026-09-05T22:11:04.542942+00:00
be:mun:11016,11016,Essen,Essen,Essen,Flanders,Antwerp,Arrondissement Antwerpen,POPULATION_AGE_15_64,Population aged 15 to 64,count,2026,12177.0,A,2026-09-05T22:11:04.542942+00:00
be:mun:11016,11016,Essen,Essen,Essen,Flanders,Antwerp,Arrondissement Antwerpen,POPULATION_AGE_65_PLUS,Population aged 65 and over,count,2026,4259.0,A,2026-09-05T22:11:04.542942+00:00
be:mun:11016,11016,Essen,Essen,Essen,Flanders,Antwerp,Arrondissement Antwerpen,POPULATION_BY_COMMUNE,Population,count,2026,19671.0,A,2026-09-05T20:42:19.277290+00:00
be:mun:11018,11018,Hemiksem,Hemiksem,Hemiksem,Flanders,Antwerp,Arrondissement Antwerpen,LOCAL_UNITS_BY_COMMUNE,Local business units,count,2023-Q4,857.0,A,2026-09-05T19:00:05.127955+00:00
be:mun:11018,11018,Hemiksem,Hemiksem,Hemiksem,Flanders,Antwerp,Arrondissement Antwerpen,POPULATION_AGE_0_14,Population aged 0 to 14,count,2026,2211.0,A,2026-09-05T22:11:04.542942+00:00
be:mun:11018,11018,Hemiksem,Hemiksem,Hemiksem,Flanders,Antwerp,Arrondissement Antwerpen,POPULATION_AGE_15_64,Population aged 15 to 64,count,2026,7921.0,A,2026-09-05T22:11:04.542942+00:00
be:mun:11018,11018,Hemiksem,Hemiksem,Hemiksem,Flanders,Antwerp,Arrondissement Antwerpen,POPULATION_AGE_65_PLUS,Population aged 65 and over,count,2026,2334.0,A,2026-09-05T22:11:04.542942+00:00
be:mun:11018,11018,Hemiksem,Hemiksem,Hemiksem,Flanders,Antwerp,Arrondissement Antwerpen,POPULATION_BY_COMMUNE,Population,count,2026,12466.0,A,2026-09-05T20:42:19.277290+00:00
be:mun:11021,11021,Hove,Hove,Hove,Flanders,Antwerp,Arrondissement Antwerpen,LOCAL_UNITS_BY_COMMUNE,Local business units,count,2023-Q4,1142.0,A,2026-09-05T19:00:05.127955+00:00
be:mun:11021,11021,Hove,Hove,Hove,Flanders,Antwerp,Arrondissement Antwerpen,POPULATION_AGE_0_14,Population aged 0 to 14,count,2026,1313.0,A,2026-09-05T22:11:04.542942+00:00
be:mun:11021,11021,Hove,Hove,Hove,Flanders,Antwerp,Arrondissement Antwerpen,POPULATION_AGE_15_64,Population aged 15 to 64,count,2026,4819.0,A,2026-09-05T22:11:04.542942+00:00
be:mun:11021,11021,Hove,Hove,Hove,Flanders,Antwerp,Arrondissement Antwerpen,POPULATION_AGE_65_PLUS,Population aged 65 and over,count,2026,2268.0,A,2026-09-05T22:11:04.542942+00:00
be:mun:11021,11021,Hove,Hove,Hove,Flanders,Antwerp,Arrondissement Antwerpen,POPULATION_BY_COMMUNE,Population,count,2026,8400.0,A,2026-09-05T20:42:19.277290+00:00
be:mun:11022,11022,Kalmthout,Kalmthout,Kalmthout,Flanders,Antwerp,Arrondissement Antwerpen,LOCAL_UNITS_BY_COMMUNE,Local business units,count,2023-Q4,2823.0,A,2026-09-05T19:00:05.127955+00:00
be:mun:11022,11022,Kalmthout,Kalmthout,Kalmthout,Flanders,Antwerp,Arrondissement Antwerpen,POPULATION_AGE_0_14,Population aged 0 to 14,count,2026,3036.0,A,2026-09-05T22:11:04.542942+00:00
be:mun:11022,11022,Kalmthout,Kalmthout,Kalmthout,Flanders,Antwerp,Arrondissement Antwerpen,POPULATION_AGE_15_64,Population aged 15 to 64,count,2026,11861.0,A,2026-09-05T22:11:04.542942+00:00
be:mun:11022,11022,Kalmthout,Kalmthout,Kalmthout,Flanders,Antwerp,Arrondissement Antwerpen,POPULATION_AGE_65_PLUS,Population aged 65 and over,count,2026,4929.0,A,2026-09-05T22:11:04.542942+00:00
be:mun:11022,11022,Kalmthout,Kalmthout,Kalmthout,Flanders,Antwerp,Arrondissement Antwerpen,POPULATION_BY_COMMUNE,Population,count,2026,19826.0,A,2026-09-05T20:42:19.277290+00:00
be:mun:11023,11023,Kapellen,Kapellen,Kapellen,Flanders,Antwerp,Arrondissement Antwerpen,LOCAL_UNITS_BY_COMMUNE,Local business units,count,2023-Q4,3638.0,A,2026-09-05T19:00:05.127955+00:00
be:mun:11023,11023,Kapellen,Kapellen,Kapellen,Flanders,Antwerp,Arrondissement Antwerpen,POPULATION_AGE_0_14,Population aged 0 to 14,count,2026,4201.0,A,2026-09-05T22:11:04.542942+00:00
be:mun:11023,11023,Kapellen,Kapellen,Kapellen,Flanders,Antwerp,Arrondissement Antwerpen,POPULATION_AGE_15_64,Population aged 15 to 64,count,2026,16749.0,A,2026-09-05T22:11:04.542942+00:00
be:mun:11023,11023,Kapellen,Kapellen,Kapellen,Flanders,Antwerp,Arrondissement Antwerpen,POPULATION_AGE_65_PLUS,Population aged 65 and over,count,2026,7240.0,A,2026-09-05T22:11:04.542942+00:00
be:mun:11023,11023,Kapellen,Kapellen,Kapellen,Flanders,Antwerp,Arrondissement Antwerpen,POPULATION_BY_COMMUNE,Population,count,2026,28190.0,A,2026-09-05T20:42:19.277290+00:00
be:mun:11024,11024,Kontich,Kontich,Kontich,Flanders,Antwerp,Arrondissement Antwerpen,LOCAL_UNITS_BY_COMMUNE,Local business units,count,2023-Q4,3757.0,A,2026-09-05T19:00:05.127955+00:00
be:mun:11024,11024,Kontich,Kontich,Kontich,Flanders,Antwerp,Arrondissement Antwerpen,POPULATION_AGE_0_14,Population aged 0 to 14,count,2026,3423.0,A,2026-09-05T22:11:04.542942+00:00
be:mun:11024,11024,Kontich,Kontich,Kontich,Flanders,Antwerp,Arrondissement Antwerpen,POPULATION_AGE_15_64,Population aged 15 to 64,count,2026,13333.0,A,2026-09-05T22:11:04.542942+00:00
be:mun:11024,11024,Kontich,Kontich,Kontich,Flanders,Antwerp,Arrondissement Antwerpen,POPULATION_AGE_65_PLUS,Population aged 65 and over,count,2026,5138.0,A,2026-09-05T22:11:04.542942+00:00
be:mun:11024,11024,Kontich,Kontich,Kontich,Flanders,Antwerp,Arrondissement Antwerpen,POPULATION_BY_COMMUNE,Population,count,2026,21894.0,A,2026-09-05T20:42:19.277290+00:00
be:mun:11025,11025,Lint,Lint,Lint,Flanders,Antwerp,Arrondissement Antwerpen,LOCAL_UNITS_BY_COMMUNE,Local business units,count,2023-Q4,864.0,A,2026-09-05T19:00:05.127955+00:00
be:mun:11025,11025,Lint,Lint,Lint,Flanders,Antwerp,Arrondissement Antwerpen,POPULATION_AGE_0_14,Population aged 0 to 14,count,2026,1269.0,A,2026-09-05T22:11:04.542942+00:00
be:mun:11025,11025,Lint,Lint,Lint,Flanders,Antwerp,Arrondissement Antwerpen,POPULATION_AGE_15_64,Population aged 15 to 64,count,2026,5280.0,A,2026-09-05T22:11:04.542942+00:00
be:mun:11025,11025,Lint,Lint,Lint,Flanders,Antwerp,Arrondissement Antwerpen,POPULATION_AGE_65_PLUS,Population aged 65 and over,count,2026,2019.0,A,2026-09-05T22:11:04.542942+00:00
be:mun:11025,11025,Lint,Lint,Lint,Flanders,Antwerp,Arrondissement Antwerpen,POPULATION_BY_COMMUNE,Population,count,2026,8568.0,A,2026-09-05T20:42:19.277290+00:00
be:mun:11029,11029,Mortsel,Mortsel,Mortsel,Flanders,Antwerp,Arrondissement Antwerpen,LOCAL_UNITS_BY_COMMUNE,Local business units,count,2023-Q4,2718.0,A,2026-09-05T19:00:05.127955+00:00
be:mun:11029,11029,Mortsel,Mortsel,Mortsel,Flanders,Antwerp,Arrondissement Antwerpen,POPULATION_AGE_0_14,Population aged 0 to 14,count,2026,4628.0,A,2026-09-05T22:11:04.542942+00:00
be:mun:11029,11029,Mortsel,Mortsel,Mortsel,Flanders,Antwerp,Arrondissement Antwerpen,POPULATION_AGE_15_64,Population aged 15 to 64,count,2026,16901.0,A,2026-09-05T22:11:04.542942+00:00
be:mun:11029,11029,Mortsel,Mortsel,Mortsel,Flanders,Antwerp,Arrondissement Antwerpen,POPULATION_AGE_65_PLUS,Population aged 65 and over,count,2026,5432.0,A,2026-09-05T22:11:04.542942+00:00
be:mun:11029,11029,Mortsel,Mortsel,Mortsel,Flanders,Antwerp,Arrondissement Antwerpen,POPULATION_BY_COMMUNE,Population,count,2026,26961.0,A,2026-09-05T20:42:19.277290+00:00
be:mun:11030,11030,Niel,Niel,Niel,Flanders,Antwerp,Arrondissement Antwerpen,LOCAL_UNITS_BY_COMMUNE,Local business units,count,2023-Q4,821.0,A,2026-09-05T19:00:05.127955+00:00
be:mun:11030,11030,Niel,Niel,Niel,Flanders,Antwerp,Arrondissement Antwerpen,POPULATION_AGE_0_14,Population aged 0 to 14,count,2026,2043.0,A,2026-09-05T22:11:04.542942+00:00
be:mun:11030,11030,Niel,Niel,Niel,Flanders,Antwerp,Arrondissement Antwerpen,POPULATION_AGE_15_64,Population aged 15 to 64,count,2026,7078.0,A,2026-09-05T22:11:04.542942+00:00
be:mun:11030,11030,Niel,Niel,Niel,Flanders,Antwerp,Arrondissement Antwerpen,POPULATION_AGE_65_PLUS,Population aged 65 and over,count,2026,1938.0,A,2026-09-05T22:11:04.542942+00:00
be:mun:11030,11030,Niel,Niel,Niel,Flanders,Antwerp,Arrondissement Antwerpen,POPULATION_BY_COMMUNE,Population,count,2026,11059.0,A,2026-09-05T20:42:19.277290+00:00
be:mun:11035,11035,Ranst,Ranst,Ranst,Flanders,Antwerp,Arrondissement Antwerpen,LOCAL_UNITS_BY_COMMUNE,Local business units,count,2023-Q4,2547.0,A,2026-09-05T19:00:05.127955+00:00
be:mun:11035,11035,Ranst,Ranst,Ranst,Flanders,Antwerp,Arrondissement Antwerpen,POPULATION_AGE_0_14,Population aged 0 to 14,count,2026,3012.0,A,2026-09-05T22:11:04.542942+00:00
be:mun:11035,11035,Ranst,Ranst,Ranst,Flanders,Antwerp,Arrondissement Antwerpen,POPULATION_AGE_15_64,Population aged 15 to 64,count,2026,11885.0,A,2026-09-05T22:11:04.542942+00:00
be:mun:11035,11035,Ranst,Ranst,Ranst,Flanders,Antwerp,Arrondissement Antwerpen,POPULATION_AGE_65_PLUS,Population aged 65 and over,count,2026,4970.0,A,2026-09-05T22:11:04.542942+00:00
be:mun:11035,11035,Ranst,Ranst,Ranst,Flanders,Antwerp,Arrondissement Antwerpen,POPULATION_BY_COMMUNE,Population,count,2026,19867.0,A,2026-09-05T20:42:19.277290+00:00
be:mun:11037,11037,Rumst,Rumst,Rumst,Flanders,Antwerp,Arrondissement Antwerpen,LOCAL_UNITS_BY_COMMUNE,Local business units,count,2023-Q4,1793.0,A,2026-09-05T19:00:05.127955+00:00
be:mun:11037,11037,Rumst,Rumst,Rumst,Flanders,Antwerp,Arrondissement Antwerpen,POPULATION_AGE_0_14,Population aged 0 to 14,count,2026,2396.0,A,2026-09-05T22:11:04.542942+00:00
be:mun:11037,11037,Rumst,Rumst,Rumst,Flanders,Antwerp,Arrondissement Antwerpen,POPULATION_AGE_15_64,Population aged 15 to 64,count,2026,9680.0,A,2026-09-05T22:11:04.542942+00:00
be:mun:11037,11037,Rumst,Rumst,Rumst,Flanders,Antwerp,Arrondissement Antwerpen,POPULATION_AGE_65_PLUS,Population aged 65 and over,count,2026,3493.0,A,2026-09-05T22:11:04.542942+00:00
be:mun:11037,11037,Rumst,Rumst,Rumst,Flanders,Antwerp,Arrondissement Antwerpen,POPULATION_BY_COMMUNE,Population,count,2026,15569.0,A,2026-09-05T20:42:19.277290+00:00
be:mun:11038,11038,Schelle,Schelle,Schelle,Flanders,Antwerp,Arrondissement Antwerpen,LOCAL_UNITS_BY_COMMUNE,Local business units,count,2023-Q4,847.0,A,2026-09-05T19:00:05.127955+00:00
be:mun:11038,11038,Schelle,Schelle,Schelle,Flanders,Antwerp,Arrondissement Antwerpen,POPULATION_AGE_0_14,Population aged 0 to 14,count,2026,1377.0,A,2026-09-05T22:11:04.542942+00:00
be:mun:11038,11038,Schelle,Schelle,Schelle,Flanders,Antwerp,Arrondissement Antwerpen,POPULATION_AGE_15_64,Population aged 15 to 64,count,2026,5402.0,A,2026-09-05T22:11:04.542942+00:00
be:mun:11038,11038,Schelle,Schelle,Schelle,Flanders,Antwerp,Arrondissement Antwerpen,POPULATION_AGE_65_PLUS,Population aged 65 and over,count,2026,1998.0,A,2026-09-05T22:11:04.542942+00:00
be:mun:11038,11038,Schelle,Schelle,Schelle,Flanders,Antwerp,Arrondissement Antwerpen,POPULATION_BY_COMMUNE,Population,count,2026,8777.0,A,2026-09-05T20:42:19.277290+00:00
be:mun:11039,11039,Schilde,Schilde,Schilde,Flanders,Antwerp,Arrondissement Antwerpen,LOCAL_UNITS_BY_COMMUNE,Local business units,count,2023-Q4,4418.0,A,2026-09-05T19:00:05.127955+00:00
be:mun:11039,11039,Schilde,Schilde,Schilde,Flanders,Antwerp,Arrondissement Antwerpen,POPULATION_AGE_0_14,Population aged 0 to 14,count,2026,3091.0,A,2026-09-05T22:11:04.542942+00:00
be:mun:11039,11039,Schilde,Schilde,Schilde,Flanders,Antwerp,Arrondissement Antwerpen,POPULATION_AGE_15_64,Population aged 15 to 64,count,2026,11816.0,A,2026-09-05T22:11:04.542942+00:00
be:mun:11039,11039,Schilde,Schilde,Schilde,Flanders,Antwerp,Arrondissement Antwerpen,POPULATION_AGE_65_PLUS,Population aged 65 and over,count,2026,5569.0,A,2026-09-05T22:11:04.542942+00:00
be:mun:11039,11039,Schilde,Schilde,Schilde,Flanders,Antwerp,Arrondissement Antwerpen,POPULATION_BY_COMMUNE,Population,count,2026,20476.0,A,2026-09-05T20:42:19.277290+00:00
be:mun:11040,11040,Schoten,Schoten,Schoten,Flanders,Antwerp,Arrondissement Antwerpen,LOCAL_UNITS_BY_COMMUNE,Local business units,count,2023-Q4,4322.0,A,2026-09-05T19:00:05.127955+00:00
be:mun:11040,11040,Schoten,Schoten,Schoten,Flanders,Antwerp,Arrondissement Antwerpen,POPULATION_AGE_0_14,Population aged 0 to 14,count,2026,5347.0,A,2026-09-05T22:11:04.542942+00:00
be:mun:11040,11040,Schoten,Schoten,Schoten,Flanders,Antwerp,Arrondissement Antwerpen,POPULATION_AGE_15_64,Population aged 15 to 64,count,2026,21080.0,A,2026-09-05T22:11:04.542942+00:00
be:mun:11040,11040,Schoten,Schoten,Schoten,Flanders,Antwerp,Arrondissement Antwerpen,POPULATION_AGE_65_PLUS,Population aged 65 and over,count,2026,8422.0,A,2026-09-05T22:11:04.542942+00:00
be:mun:11040,11040,Schoten,Schoten,Schoten,Flanders,Antwerp,Arrondissement Antwerpen,POPULATION_BY_COMMUNE,Population,count,2026,34849.0,A,2026-09-05T20:42:19.277290+00:00
be:mun:11044,11044,Stabroek,Stabroek,Stabroek,Flanders,Antwerp,Arrondissement Antwerpen,LOCAL_UNITS_BY_COMMUNE,Local business units,count,2023-Q4,1611.0,A,2026-09-05T19:00:05.127955+00:00
be:mun:11044,11044,Stabroek,Stabroek,Stabroek,Flanders,Antwerp,Arrondissement Antwerpen,POPULATION_AGE_0_14,Population aged 0 to 14,count,2026,2767.0,A,2026-09-05T22:11:04.542942+00:00
be:mun:11044,11044,Stabroek,Stabroek,Stabroek,Flanders,Antwerp,Arrondissement Antwerpen,POPULATION_AGE_15_64,Population aged 15 to 64,count,2026,11982.0,A,2026-09-05T22:11:04.542942+00:00
be:mun:11044,11044,Stabroek,Stabroek,Stabroek,Flanders,Antwerp,Arrondissement Antwerpen,POPULATION_AGE_65_PLUS,Population aged 65 and over,count,2026,4377.0,A,2026-09-05T22:11:04.542942+00:00
be:mun:11044,11044,Stabroek,Stabroek,Stabroek,Flanders,Antwerp,Arrondissement Antwerpen,POPULATION_BY_COMMUNE,Population,count,2026,19126.0,A,2026-09-05T20:42:19.277290+00:00
be:mun:11050,11050,Wijnegem,Wijnegem,Wijnegem,Flanders,Antwerp,Arrondissement Antwerpen,LOCAL_UNITS_BY_COMMUNE,Local business units,count,2023-Q4,1680.0,A,2026-09-05T19:00:05.127955+00:00
be:mun:11050,11050,Wijnegem,Wijnegem,Wijnegem,Flanders,Antwerp,Arrondissement Antwerpen,POPULATION_AGE_0_14,Population aged 0 to 14,count,2026,1653.0,A,2026-09-05T22:11:04.542942+00:00
be:mun:11050,11050,Wijnegem,Wijnegem,Wijnegem,Flanders,Antwerp,Arrondissement Antwerpen,POPULATION_AGE_15_64,Population aged 15 to 64,count,2026,6421.0,A,2026-09-05T22:11:04.542942+00:00
be:mun:11050,11050,Wijnegem,Wijnegem,Wijnegem,Flanders,Antwerp,Arrondissement Antwerpen,POPULATION_AGE_65_PLUS,Population aged 65 and over,count,2026,2629.0,A,2026-09-05T22:11:04.542942+00:00
be:mun:11050,11050,Wijnegem,Wijnegem,Wijnegem,Flanders,Antwerp,Arrondissement Antwerpen,POPULATION_BY_COMMUNE,Population,count,2026,10703.0,A,2026-09-05T20:42:19.277290+00:00
be:mun:11052,11052,Wommelgem,Wommelgem,Wommelgem,Flanders,Antwerp,Arrondissement Antwerpen,LOCAL_UNITS_BY_COMMUNE,Local business units,count,2023-Q4,2187.0,A,2026-09-05T19:00:05.127955+00:00
be:mun:11052,11052,Wommelgem,Wommelgem,Wommelgem,Flanders,Antwerp,Arrondissement Antwerpen,POPULATION_AGE_0_14,Population aged 0 to 14,count,2026,2249.0,A,2026-09-05T22:11:04.542942+00:00
be:mun:11052,11052,Wommelgem,Wommelgem,Wommelgem,Flanders,Antwerp,Arrondissement Antwerpen,POPULATION_AGE_15_64,Population aged 15 to 64,count,2026,8238.0,A,2026-09-05T22:11:04.542942+00:00
be:mun:11052,11052,Wommelgem,Wommelgem,Wommelgem,Flanders,Antwerp,Arrondissement Antwerpen,POPULATION_AGE_65_PLUS,Population aged 65 and over,count,2026,3155.0,A,2026-09-05T22:11:04.542942+00:00
be:mun:11052,11052,Wommelgem,Wommelgem,Wommelgem,Flanders,Antwerp,Arrondissement Antwerpen,POPULATION_BY_COMMUNE,Population,count,2026,13642.0,A,2026-09-05T20:42:19.277290+00:00
be:mun:11053,11053,Wuustwezel,Wuustwezel,Wuustwezel,Flanders,Antwerp,Arrondissement Antwerpen,LOCAL_UNITS_BY_COMMUNE,Local business units,count,2023-Q4,2772.0,A,2026-09-05T19:00:05.127955+00:00
be:mun:11053,11053,Wuustwezel,Wuustwezel,Wuustwezel,Flanders,Antwerp,Arrondissement Antwerpen,POPULATION_AGE_0_14,Population aged 0 to 14,count,2026,3345.0,A,2026-09-05T22:11:04.542942+00:00
be:mun:11053,11053,Wuustwezel,Wuustwezel,Wuustwezel,Flanders,Antwerp,Arrondissement Antwerpen,POPULATION_AGE_15_64,Population aged 15 to 64,count,2026,13721.0,A,2026-09-05T22:11:04.542942+00:00
be:mun:11053,11053,Wuustwezel,Wuustwezel,Wuustwezel,Flanders,Antwerp,Arrondissement Antwerpen,POPULATION_AGE_65_PLUS,Population aged 65 and over,count,2026,4836.0,A,2026-09-05T22:11:04.542942+00:00
be:mun:11053,11053,Wuustwezel,Wuustwezel,Wuustwezel,Flanders,Antwerp,Arrondissement Antwerpen,POPULATION_BY_COMMUNE,Population,count,2026,21902.0,A,2026-09-05T20:42:19.277290+00:00
be:mun:11054,11054,Zandhoven,Zandhoven,Zandhoven,Flanders,Antwerp,Arrondissement Antwerpen,LOCAL_UNITS_BY_COMMUNE,Local business units,count,2023-Q4,1940.0,A,2026-09-05T19:00:05.127955+00:00
be:mun:11054,11054,Zandhoven,Zandhoven,Zandhoven,Flanders,Antwerp,Arrondissement Antwerpen,POPULATION_AGE_0_14,Population aged 0 to 14,count,2026,1974.0,A,2026-09-05T22:11:04.542942+00:00
be:mun:11054,11054,Zandhoven,Zandhoven,Zandhoven,Flanders,Antwerp,Arrondissement Antwerpen,POPULATION_AGE_15_64,Population aged 15 to 64,count,2026,7893.0,A,2026-09-05T22:11:04.542942+00:00
be:mun:11054,11054,Zandhoven,Zandhoven,Zandhoven,Flanders,Antwerp,Arrondissement Antwerpen,POPULATION_AGE_65_PLUS,Population aged 65 and over,count,2026,3662.0,A,2026-09-05T22:11:04.542942+00:00
be:mun:11054,11054,Zandhoven,Zandhoven,Zandhoven,Flanders,Antwerp,Arrondissement Antwerpen,POPULATION_BY_COMMUNE,Population,count,2026,13529.0,A,2026-09-05T20:42:19.277290+00:00
be:mun:11055,11055,Zoersel,Zoersel,Zoersel,Flanders,Antwerp,Arrondissement Antwerpen,LOCAL_UNITS_BY_COMMUNE,Local business units,count,2023-Q4,3062.0,A,2026-09-05T19:00:05.127955+00:00
be:mun:11055,11055,Zoersel,Zoersel,Zoersel,Flanders,Antwerp,Arrondissement Antwerpen,POPULATION_AGE_0_14,Population aged 0 to 14,count,2026,3205.0,A,2026-09-05T22:11:04.542942+00:00
be:mun:11055,11055,Zoersel,Zoersel,Zoersel,Flanders,Antwerp,Arrondissement Antwerpen,POPULATION_AGE_15_64,Population aged 15 to 64,count,2026,13640.0,A,2026-09-05T22:11:04.542942+00:00
be:mun:11055,11055,Zoersel,Zoersel,Zoersel,Flanders,Antwerp,Arrondissement Antwerpen,POPULATION_AGE_65_PLUS,Population aged 65 and over,count,2026,6378.0,A,2026-09-05T22:11:04.542942+00:00
be:mun:11055,11055,Zoersel,Zoersel,Zoersel,Flanders,Antwerp,Arrondissement Antwerpen,POPULATION_BY_COMMUNE,Population,count,2026,23223.0,A,2026-09-05T20:42:19.277290+00:00
be:mun:11057,11057,Malle,Malle,Malle,Flanders,Antwerp,Arrondissement Antwerpen,LOCAL_UNITS_BY_COMMUNE,Local business units,count,2023-Q4,2242.0,A,2026-09-05T19:00:05.127955+00:00
be:mun:11057,11057,Malle,Malle,Malle,Flanders,Antwerp,Arrondissement Antwerpen,POPULATION_AGE_0_14,Population aged 0 to 14,count,2026,2311.0,A,2026-09-05T22:11:04.542942+00:00
be:mun:11057,11057,Malle,Malle,Malle,Flanders,Antwerp,Arrondissement Antwerpen,POPULATION_AGE_15_64,Population aged 15 to 64,count,2026,10068.0,A,2026-09-05T22:11:04.542942+00:00
be:mun:11057,11057,Malle,Malle,Malle,Flanders,Antwerp,Arrondissement Antwerpen,POPULATION_AGE_65_PLUS,Population aged 65 and over,count,2026,3877.0,A,2026-09-05T22:11:04.542942+00:00
be:mun:11057,11057,Malle,Malle,Malle,Flanders,Antwerp,Arrondissement Antwerpen,POPULATION_BY_COMMUNE,Population,count,2026,16256.0,A,2026-09-05T20:42:19.277290+00:00
be:mun:12002,12002,Berlaar,Berlaar,Berlaar,Flanders,Antwerp,Arrondissement Mechelen,LOCAL_UNITS_BY_COMMUNE,Local business units,count,2023-Q4,1355.0,A,2026-09-05T19:00:05.127955+00:00
be:mun:12002,12002,Berlaar,Berlaar,Berlaar,Flanders,Antwerp,Arrondissement Mechelen,POPULATION_AGE_0_14,Population aged 0 to 14,count,2026,1715.0,A,2026-09-05T22:11:04.542942+00:00
be:mun:12002,12002,Berlaar,Berlaar,Berlaar,Flanders,Antwerp,Arrondissement Mechelen,POPULATION_AGE_15_64,Population aged 15 to 64,count,2026,7527.0,A,2026-09-05T22:11:04.542942+00:00
be:mun:12002,12002,Berlaar,Berlaar,Berlaar,Flanders,Antwerp,Arrondissement Mechelen,POPULATION_AGE_65_PLUS,Population aged 65 and over,count,2026,2909.0,A,2026-09-05T22:11:04.542942+00:00
be:mun:12002,12002,Berlaar,Berlaar,Berlaar,Flanders,Antwerp,Arrondissement Mechelen,POPULATION_BY_COMMUNE,Population,count,2026,12151.0,A,2026-09-05T20:42:19.277290+00:00
be:mun:12005,12005,Bonheiden,Bonheiden,Bonheiden,Flanders,Antwerp,Arrondissement Mechelen,LOCAL_UNITS_BY_COMMUNE,Local business units,count,2023-Q4,2148.0,A,2026-09-05T19:00:05.127955+00:00
be:mun:12005,12005,Bonheiden,Bonheiden,Bonheiden,Flanders,Antwerp,Arrondissement Mechelen,POPULATION_AGE_0_14,Population aged 0 to 14,count,2026,2324.0,A,2026-09-05T22:11:04.542942+00:00
be:mun:12005,12005,Bonheiden,Bonheiden,Bonheiden,Flanders,Antwerp,Arrondissement Mechelen,POPULATION_AGE_15_64,Population aged 15 to 64,count,2026,9298.0,A,2026-09-05T22:11:04.542942+00:00
be:mun:12005,12005,Bonheiden,Bonheiden,Bonheiden,Flanders,Antwerp,Arrondissement Mechelen,POPULATION_AGE_65_PLUS,Population aged 65 and over,count,2026,4083.0,A,2026-09-05T22:11:04.542942+00:00
be:mun:12005,12005,Bonheiden,Bonheiden,Bonheiden,Flanders,Antwerp,Arrondissement Mechelen,POPULATION_BY_COMMUNE,Population,count,2026,15705.0,A,2026-09-05T20:42:19.277290+00:00
be:mun:12007,12007,Bornem,Bornem,Bornem,Flanders,Antwerp,Arrondissement Mechelen,LOCAL_UNITS_BY_COMMUNE,Local business units,count,2023-Q4,2729.0,A,2026-09-05T19:00:05.127955+00:00
be:mun:12007,12007,Bornem,Bornem,Bornem,Flanders,Antwerp,Arrondissement Mechelen,POPULATION_AGE_0_14,Population aged 0 to 14,count,2026,2935.0,A,2026-09-05T22:11:04.542942+00:00
be:mun:12007,12007,Bornem,Bornem,Bornem,Flanders,Antwerp,Arrondissement Mechelen,POPULATION_AGE_15_64,Population aged 15 to 64,count,2026,13835.0,A,2026-09-05T22:11:04.542942+00:00
be:mun:12007,12007,Bornem,Bornem,Bornem,Flanders,Antwerp,Arrondissement Mechelen,POPULATION_AGE_65_PLUS,Population aged 65 and over,count,2026,5563.0,A,2026-09-05T22:11:04.542942+00:00
be:mun:12007,12007,Bornem,Bornem,Bornem,Flanders,Antwerp,Arrondissement Mechelen,POPULATION_BY_COMMUNE,Population,count,2026,22333.0,A,2026-09-05T20:42:19.277290+00:00
be:mun:12009,12009,Duffel,Duffel,Duffel,Flanders,Antwerp,Arrondissement Mechelen,LOCAL_UNITS_BY_COMMUNE,Local business units,count,2023-Q4,1756.0,A,2026-09-05T19:00:05.127955+00:00
be:mun:12009,12009,Duffel,Duffel,Duffel,Flanders,Antwerp,Arrondissement Mechelen,POPULATION_AGE_0_14,Population aged 0 to 14,count,2026,2743.0,A,2026-09-05T22:11:04.542942+00:00
be:mun:12009,12009,Duffel,Duffel,Duffel,Flanders,Antwerp,Arrondissement Mechelen,POPULATION_AGE_15_64,Population aged 15 to 64,count,2026,11394.0,A,2026-09-05T22:11:04.542942+00:00
be:mun:12009,12009,Duffel,Duffel,Duffel,Flanders,Antwerp,Arrondissement Mechelen,POPULATION_AGE_65_PLUS,Population aged 65 and over,count,2026,4066.0,A,2026-09-05T22:11:04.542942+00:00
be:mun:12009,12009,Duffel,Duffel,Duffel,Flanders,Antwerp,Arrondissement Mechelen,POPULATION_BY_COMMUNE,Population,count,2026,18203.0,A,2026-09-05T20:42:19.277290+00:00
be:mun:12014,12014,Heist-op-den-Berg,Heist-op-den-Berg,Heist-op-den-Berg,Flanders,Antwerp,Arrondissement Mechelen,LOCAL_UNITS_BY_COMMUNE,Local business units,count,2023-Q4,5376.0,A,2026-09-05T19:00:05.127955+00:00
be:mun:12014,12014,Heist-op-den-Berg,Heist-op-den-Berg,Heist-op-den-Berg,Flanders,Antwerp,Arrondissement Mechelen,POPULATION_AGE_0_14,Population aged 0 to 14,count,2026,6310.0,A,2026-09-05T22:11:04.542942+00:00
be:mun:12014,12014,Heist-op-den-Berg,Heist-op-den-Berg,Heist-op-den-Berg,Flanders,Antwerp,Arrondissement Mechelen,POPULATION_AGE_15_64,Population aged 15 to 64,count,2026,27721.0,A,2026-09-05T22:11:04.542942+00:00
be:mun:12014,12014,Heist-op-den-Berg,Heist-op-den-Berg,Heist-op-den-Berg,Flanders,Antwerp,Arrondissement Mechelen,POPULATION_AGE_65_PLUS,Population aged 65 and over,count,2026,10960.0,A,2026-09-05T22:11:04.542942+00:00
be:mun:12014,12014,Heist-op-den-Berg,Heist-op-den-Berg,Heist-op-den-Berg,Flanders,Antwerp,Arrondissement Mechelen,POPULATION_BY_COMMUNE,Population,count,2026,44991.0,A,2026-09-05T20:42:19.277290+00:00
be:mun:12021,12021,Lier,Lierre,Lier,Flanders,Antwerp,Arrondissement Mechelen,LOCAL_UNITS_BY_COMMUNE,Local business units,count,2023-Q4,4461.0,A,2026-09-05T19:00:05.127955+00:00
be:mun:12021,12021,Lier,Lierre,Lier,Flanders,Antwerp,Arrondissement Mechelen,POPULATION_AGE_0_14,Population aged 0 to 14,count,2026,5609.0,A,2026-09-05T22:11:04.542942+00:00
be:mun:12021,12021,Lier,Lierre,Lier,Flanders,Antwerp,Arrondissement Mechelen,POPULATION_AGE_15_64,Population aged 15 to 64,count,2026,24343.0,A,2026-09-05T22:11:04.542942+00:00
be:mun:12021,12021,Lier,Lierre,Lier,Flanders,Antwerp,Arrondissement Mechelen,POPULATION_AGE_65_PLUS,Population aged 65 and over,count,2026,8795.0,A,2026-09-05T22:11:04.542942+00:00
be:mun:12021,12021,Lier,Lierre,Lier,Flanders,Antwerp,Arrondissement Mechelen,POPULATION_BY_COMMUNE,Population,count,2026,38747.0,A,2026-09-05T20:42:19.277290+00:00
be:mun:12025,12025,Mechelen,Malines,Mechelen,Flanders,Antwerp,Arrondissement Mechelen,LOCAL_UNITS_BY_COMMUNE,Local business units,count,2023-Q4,9975.0,A,2026-09-05T19:00:05.127955+00:00
be:mun:12025,12025,Mechelen,Malines,Mechelen,Flanders,Antwerp,Arrondissement Mechelen,POPULATION_AGE_0_14,Population aged 0 to 14,count,2026,15429.0,A,2026-09-05T22:11:04.542942+00:00
be:mun:12025,12025,Mechelen,Malines,Mechelen,Flanders,Antwerp,Arrondissement Mechelen,POPULATION_AGE_15_64,Population aged 15 to 64,count,2026,58394.0,A,2026-09-05T22:11:04.542942+00:00
be:mun:12025,12025,Mechelen,Malines,Mechelen,Flanders,Antwerp,Arrondissement Mechelen,POPULATION_AGE_65_PLUS,Population aged 65 and over,count,2026,16532.0,A,2026-09-05T22:11:04.542942+00:00
be:mun:12025,12025,Mechelen,Malines,Mechelen,Flanders,Antwerp,Arrondissement Mechelen,POPULATION_BY_COMMUNE,Population,count,2026,90355.0,A,2026-09-05T20:42:19.277290+00:00
be:mun:12026,12026,Nijlen,Nijlen,Nijlen,Flanders,Antwerp,Arrondissement Mechelen,LOCAL_UNITS_BY_COMMUNE,Local business units,count,2023-Q4,2573.0,A,2026-09-05T19:00:05.127955+00:00
be:mun:12026,12026,Nijlen,Nijlen,Nijlen,Flanders,Antwerp,Arrondissement Mechelen,POPULATION_AGE_0_14,Population aged 0 to 14,count,2026,3520.0,A,2026-09-05T22:11:04.542942+00:00
be:mun:12026,12026,Nijlen,Nijlen,Nijlen,Flanders,Antwerp,Arrondissement Mechelen,POPULATION_AGE_15_64,Population aged 15 to 64,count,2026,14879.0,A,2026-09-05T22:11:04.542942+00:00
be:mun:12026,12026,Nijlen,Nijlen,Nijlen,Flanders,Antwerp,Arrondissement Mechelen,POPULATION_AGE_65_PLUS,Population aged 65 and over,count,2026,5482.0,A,2026-09-05T22:11:04.542942+00:00
be:mun:12026,12026,Nijlen,Nijlen,Nijlen,Flanders,Antwerp,Arrondissement Mechelen,POPULATION_BY_COMMUNE,Population,count,2026,23881.0,A,2026-09-05T20:42:19.277290+00:00
be:mun:12029,12029,Putte,Putte,Putte,Flanders,Antwerp,Arrondissement Mechelen,LOCAL_UNITS_BY_COMMUNE,Local business units,count,2023-Q4,2235.0,A,2026-09-05T19:00:05.127955+00:00
be:mun:12029,12029,Putte,Putte,Putte,Flanders,Antwerp,Arrondissement Mechelen,POPULATION_AGE_0_14,Population aged 0 to 14,count,2026,2648.0,A,2026-09-05T22:11:04.542942+00:00
be:mun:12029,12029,Putte,Putte,Putte,Flanders,Antwerp,Arrondissement Mechelen,POPULATION_AGE_15_64,Population aged 15 to 64,count,2026,11920.0,A,2026-09-05T22:11:04.542942+00:00
be:mun:12029,12029,Putte,Putte,Putte,Flanders,Antwerp,Arrondissement Mechelen,POPULATION_AGE_65_PLUS,Population aged 65 and over,count,2026,4635.0,A,2026-09-05T22:11:04.542942+00:00
be:mun:12029,12029,Putte,Putte,Putte,Flanders,Antwerp,Arrondissement Mechelen,POPULATION_BY_COMMUNE,Population,count,2026,19203.0,A,2026-09-05T20:42:19.277290+00:00
be:mun:12035,12035,Sint-Katelijne-Waver,Sint-Katelijne-Waver,Sint-Katelijne-Waver,Flanders,Antwerp,Arrondissement Mechelen,LOCAL_UNITS_BY_COMMUNE,Local business units,count,2023-Q4,2609.0,A,2026-09-05T19:00:05.127955+00:00
be:mun:12035,12035,Sint-Katelijne-Waver,Sint-Katelijne-Waver,Sint-Katelijne-Waver,Flanders,Antwerp,Arrondissement Mechelen,POPULATION_AGE_0_14,Population aged 0 to 14,count,2026,3500.0,A,2026-09-05T22:11:04.542942+00:00
be:mun:12035,12035,Sint-Katelijne-Waver,Sint-Katelijne-Waver,Sint-Katelijne-Waver,Flanders,Antwerp,Arrondissement Mechelen,POPULATION_AGE_15_64,Population aged 15 to 64,count,2026,13462.0,A,2026-09-05T22:11:04.542942+00:00
be:mun:12035,12035,Sint-Katelijne-Waver,Sint-Katelijne-Waver,Sint-Katelijne-Waver,Flanders,Antwerp,Arrondissement Mechelen,POPULATION_AGE_65_PLUS,Population aged 65 and over,count,2026,4975.0,A,2026-09-05T22:11:04.542942+00:00
be:mun:12035,12035,Sint-Katelijne-Waver,Sint-Katelijne-Waver,Sint-Katelijne-Waver,Flanders,Antwerp,Arrondissement Mechelen,POPULATION_BY_COMMUNE,Population,count,2026,21937.0,A,2026-09-05T20:42:19.277290+00:00
be:mun:12040,12040,Willebroek,Willebroek,Willebroek,Flanders,Antwerp,Arrondissement Mechelen,LOCAL_UNITS_BY_COMMUNE,Local business units,count,2023-Q4,2464.0,A,2026-09-05T19:00:05.127955+00:00
be:mun:12040,12040,Willebroek,Willebroek,Willebroek,Flanders,Antwerp,Arrondissement Mechelen,POPULATION_AGE_0_14,Population aged 0 to 14,count,2026,5472.0,A,2026-09-05T22:11:04.542942+00:00
be:mun:12040,12040,Willebroek,Willebroek,Willebroek,Flanders,Antwerp,Arrondissement Mechelen,POPULATION_AGE_15_64,Population aged 15 to 64,count,2026,18170.0,A,2026-09-05T22:11:04.542942+00:00
be:mun:12040,12040,Willebroek,Willebroek,Willebroek,Flanders,Antwerp,Arrondissement Mechelen,POPULATION_AGE_65_PLUS,Population aged 65 and over,count,2026,5281.0,A,2026-09-05T22:11:04.542942+00:00
be:mun:12040,12040,Willebroek,Willebroek,Willebroek,Flanders,Antwerp,Arrondissement Mechelen,POPULATION_BY_COMMUNE,Population,count,2026,28923.0,A,2026-09-05T20:42:19.277290+00:00
be:mun:12041,12041,Puurs-Sint-Amands,Puurs-Sint-Amands,Puurs-Sint-Amands,Flanders,Antwerp,Arrondissement Mechelen,LOCAL_UNITS_BY_COMMUNE,Local business units,count,2023-Q4,3099.0,A,2026-09-05T19:00:05.127955+00:00
be:mun:12041,12041,Puurs-Sint-Amands,Puurs-Sint-Amands,Puurs-Sint-Amands,Flanders,Antwerp,Arrondissement Mechelen,POPULATION_AGE_0_14,Population aged 0 to 14,count,2026,4189.0,A,2026-09-05T22:11:04.542942+00:00
be:mun:12041,12041,Puurs-Sint-Amands,Puurs-Sint-Amands,Puurs-Sint-Amands,Flanders,Antwerp,Arrondissement Mechelen,POPULATION_AGE_15_64,Population aged 15 to 64,count,2026,17045.0,A,2026-09-05T22:11:04.542942+00:00
be:mun:12041,12041,Puurs-Sint-Amands,Puurs-Sint-Amands,Puurs-Sint-Amands,Flanders,Antwerp,Arrondissement Mechelen,POPULATION_AGE_65_PLUS,Population aged 65 and over,count,2026,6155.0,A,2026-09-05T22:11:04.542942+00:00
be:mun:12041,12041,Puurs-Sint-Amands,Puurs-Sint-Amands,Puurs-Sint-Amands,Flanders,Antwerp,Arrondissement Mechelen,POPULATION_BY_COMMUNE,Population,count,2026,27389.0,A,2026-09-05T20:42:19.277290+00:00
be:mun:13001,13001,Arendonk,Arendonk,Arendonk,Flanders,Antwerp,Arrondissement Turnhout,LOCAL_UNITS_BY_COMMUNE,Local business units,count,2023-Q4,1601.0,A,2026-09-05T19:00:05.127955+00:00
be:mun:13001,13001,Arendonk,Arendonk,Arendonk,Flanders,Antwerp,Arrondissement Turnhout,POPULATION_AGE_0_14,Population aged 0 to 14,count,2026,2015.0,A,2026-09-05T22:11:04.542942+00:00
be:mun:13001,13001,Arendonk,Arendonk,Arendonk,Flanders,Antwerp,Arrondissement Turnhout,POPULATION_AGE_15_64,Population aged 15 to 64,count,2026,8450.0,A,2026-09-05T22:11:04.542942+00:00
be:mun:13001,13001,Arendonk,Arendonk,Arendonk,Flanders,Antwerp,Arrondissement Turnhout,POPULATION_AGE_65_PLUS,Population aged 65 and over,count,2026,2961.0,A,2026-09-05T22:11:04.542942+00:00
be:mun:13001,13001,Arendonk,Arendonk,Arendonk,Flanders,Antwerp,Arrondissement Turnhout,POPULATION_BY_COMMUNE,Population,count,2026,13426.0,A,2026-09-05T20:42:19.277290+00:00
be:mun:13002,13002,Baarle-Hertog,Baerle-Duc,Baarle-Hertog,Flanders,Antwerp,Arrondissement Turnhout,LOCAL_UNITS_BY_COMMUNE,Local business units,count,2023-Q4,370.0,A,2026-09-05T19:00:05.127955+00:00
be:mun:13002,13002,Baarle-Hertog,Baerle-Duc,Baarle-Hertog,Flanders,Antwerp,Arrondissement Turnhout,POPULATION_AGE_0_14,Population aged 0 to 14,count,2026,523.0,A,2026-09-05T22:11:04.542942+00:00
be:mun:13002,13002,Baarle-Hertog,Baerle-Duc,Baarle-Hertog,Flanders,Antwerp,Arrondissement Turnhout,POPULATION_AGE_15_64,Population aged 15 to 64,count,2026,1919.0,A,2026-09-05T22:11:04.542942+00:00
be:mun:13002,13002,Baarle-Hertog,Baerle-Duc,Baarle-Hertog,Flanders,Antwerp,Arrondissement Turnhout,POPULATION_AGE_65_PLUS,Population aged 65 and over,count,2026,661.0,A,2026-09-05T22:11:04.542942+00:00
be:mun:13002,13002,Baarle-Hertog,Baerle-Duc,Baarle-Hertog,Flanders,Antwerp,Arrondissement Turnhout,POPULATION_BY_COMMUNE,Population,count,2026,3103.0,A,2026-09-05T20:42:19.277290+00:00
be:mun:13003,13003,Balen,Balen,Balen,Flanders,Antwerp,Arrondissement Turnhout,LOCAL_UNITS_BY_COMMUNE,Local business units,count,2023-Q4,2334.0,A,2026-09-05T19:00:05.127955+00:00
be:mun:13003,13003,Balen,Balen,Balen,Flanders,Antwerp,Arrondissement Turnhout,POPULATION_AGE_0_14,Population aged 0 to 14,count,2026,3627.0,A,2026-09-05T22:11:04.542942+00:00
be:mun:13003,13003,Balen,Balen,Balen,Flanders,Antwerp,Arrondissement Turnhout,POPULATION_AGE_15_64,Population aged 15 to 64,count,2026,15159.0,A,2026-09-05T22:11:04.542942+00:00
be:mun:13003,13003,Balen,Balen,Balen,Flanders,Antwerp,Arrondissement Turnhout,POPULATION_AGE_65_PLUS,Population aged 65 and over,count,2026,5130.0,A,2026-09-05T22:11:04.542942+00:00
be:mun:13003,13003,Balen,Balen,Balen,Flanders,Antwerp,Arrondissement Turnhout,POPULATION_BY_COMMUNE,Population,count,2026,23916.0,A,2026-09-05T20:42:19.277290+00:00
be:mun:13004,13004,Beerse,Beerse,Beerse,Flanders,Antwerp,Arrondissement Turnhout,LOCAL_UNITS_BY_COMMUNE,Local business units,count,2023-Q4,2027.0,A,2026-09-05T19:00:05.127955+00:00
be:mun:13004,13004,Beerse,Beerse,Beerse,Flanders,Antwerp,Arrondissement Turnhout,POPULATION_AGE_0_14,Population aged 0 to 14,count,2026,2992.0,A,2026-09-05T22:11:04.542942+00:00
be:mun:13004,13004,Beerse,Beerse,Beerse,Flanders,Antwerp,Arrondissement Turnhout,POPULATION_AGE_15_64,Population aged 15 to 64,count,2026,11776.0,A,2026-09-05T22:11:04.542942+00:00
be:mun:13004,13004,Beerse,Beerse,Beerse,Flanders,Antwerp,Arrondissement Turnhout,POPULATION_AGE_65_PLUS,Population aged 65 and over,count,2026,4012.0,A,2026-09-05T22:11:04.542942+00:00
be:mun:13004,13004,Beerse,Beerse,Beerse,Flanders,Antwerp,Arrondissement Turnhout,POPULATION_BY_COMMUNE,Population,count,2026,18780.0,A,2026-09-05T20:42:19.277290+00:00
be:mun:13006,13006,Dessel,Dessel,Dessel,Flanders,Antwerp,Arrondissement Turnhout,LOCAL_UNITS_BY_COMMUNE,Local business units,count,2023-Q4,1066.0,A,2026-09-05T19:00:05.127955+00:00
be:mun:13006,13006,Dessel,Dessel,Dessel,Flanders,Antwerp,Arrondissement Turnhout,POPULATION_AGE_0_14,Population aged 0 to 14,count,2026,1586.0,A,2026-09-05T22:11:04.542942+00:00
be:mun:13006,13006,Dessel,Dessel,Dessel,Flanders,Antwerp,Arrondissement Turnhout,POPULATION_AGE_15_64,Population aged 15 to 64,count,2026,6402.0,A,2026-09-05T22:11:04.542942+00:00
be:mun:13006,13006,Dessel,Dessel,Dessel,Flanders,Antwerp,Arrondissement Turnhout,POPULATION_AGE_65_PLUS,Population aged 65 and over,count,2026,2203.0,A,2026-09-05T22:11:04.542942+00:00
be:mun:13006,13006,Dessel,Dessel,Dessel,Flanders,Antwerp,Arrondissement Turnhout,POPULATION_BY_COMMUNE,Population,count,2026,10191.0,A,2026-09-05T20:42:19.277290+00:00
be:mun:13008,13008,Geel,Geel,Geel,Flanders,Antwerp,Arrondissement Turnhout,LOCAL_UNITS_BY_COMMUNE,Local business units,count,2023-Q4,5191.0,A,2026-09-05T19:00:05.127955+00:00
be:mun:13008,13008,Geel,Geel,Geel,Flanders,Antwerp,Arrondissement Turnhout,POPULATION_AGE_0_14,Population aged 0 to 14,count,2026,6091.0,A,2026-09-05T22:11:04.542942+00:00
be:mun:13008,13008,Geel,Geel,Geel,Flanders,Antwerp,Arrondissement Turnhout,POPULATION_AGE_15_64,Population aged 15 to 64,count,2026,27100.0,A,2026-09-05T22:11:04.542942+00:00
be:mun:13008,13008,Geel,Geel,Geel,Flanders,Antwerp,Arrondissement Turnhout,POPULATION_AGE_65_PLUS,Population aged 65 and over,count,2026,9459.0,A,2026-09-05T22:11:04.542942+00:00
be:mun:13008,13008,Geel,Geel,Geel,Flanders,Antwerp,Arrondissement Turnhout,POPULATION_BY_COMMUNE,Population,count,2026,42650.0,A,2026-09-05T20:42:19.277290+00:00
be:mun:13010,13010,Grobbendonk,Grobbendonk,Grobbendonk,Flanders,Antwerp,Arrondissement Turnhout,LOCAL_UNITS_BY_COMMUNE,Local business units,count,2023-Q4,1502.0,A,2026-09-05T19:00:05.127955+00:00
be:mun:13010,13010,Grobbendonk,Grobbendonk,Grobbendonk,Flanders,Antwerp,Arrondissement Turnhout,POPULATION_AGE_0_14,Population aged 0 to 14,count,2026,1580.0,A,2026-09-05T22:11:04.542942+00:00
be:mun:13010,13010,Grobbendonk,Grobbendonk,Grobbendonk,Flanders,Antwerp,Arrondissement Turnhout,POPULATION_AGE_15_64,Population aged 15 to 64,count,2026,7084.0,A,2026-09-05T22:11:04.542942+00:00
be:mun:13010,13010,Grobbendonk,Grobbendonk,Grobbendonk,Flanders,Antwerp,Arrondissement Turnhout,POPULATION_AGE_65_PLUS,Population aged 65 and over,count,2026,2944.0,A,2026-09-05T22:11:04.542942+00:00
be:mun:13010,13010,Grobbendonk,Grobbendonk,Grobbendonk,Flanders,Antwerp,Arrondissement Turnhout,POPULATION_BY_COMMUNE,Population,count,2026,11608.0,A,2026-09-05T20:42:19.277290+00:00
be:mun:13011,13011,Herentals,Herentals,Herentals,Flanders,Antwerp,Arrondissement Turnhout,LOCAL_UNITS_BY_COMMUNE,Local business units,count,2023-Q4,3848.0,A,2026-09-05T19:00:05.127955+00:00
be:mun:13011,13011,Herentals,Herentals,Herentals,Flanders,Antwerp,Arrondissement Turnhout,POPULATION_AGE_0_14,Population aged 0 to 14,count,2026,3852.0,A,2026-09-05T22:11:04.542942+00:00
be:mun:13011,13011,Herentals,Herentals,Herentals,Flanders,Antwerp,Arrondissement Turnhout,POPULATION_AGE_15_64,Population aged 15 to 64,count,2026,18160.0,A,2026-09-05T22:11:04.542942+00:00
be:mun:13011,13011,Herentals,Herentals,Herentals,Flanders,Antwerp,Arrondissement Turnhout,POPULATION_AGE_65_PLUS,Population aged 65 and over,count,2026,7151.0,A,2026-09-05T22:11:04.542942+00:00
be:mun:13011,13011,Herentals,Herentals,Herentals,Flanders,Antwerp,Arrondissement Turnhout,POPULATION_BY_COMMUNE,Population,count,2026,29163.0,A,2026-09-05T20:42:19.277290+00:00
be:mun:13012,13012,Herenthout,Herenthout,Herenthout,Flanders,Antwerp,Arrondissement Turnhout,LOCAL_UNITS_BY_COMMUNE,Local business units,count,2023-Q4,1027.0,A,2026-09-05T19:00:05.127955+00:00
be:mun:13012,13012,Herenthout,Herenthout,Herenthout,Flanders,Antwerp,Arrondissement Turnhout,POPULATION_AGE_0_14,Population aged 0 to 14,count,2026,1252.0,A,2026-09-05T22:11:04.542942+00:00
be:mun:13012,13012,Herenthout,Herenthout,Herenthout,Flanders,Antwerp,Arrondissement Turnhout,POPULATION_AGE_15_64,Population aged 15 to 64,count,2026,5821.0,A,2026-09-05T22:11:04.542942+00:00
be:mun:13012,13012,Herenthout,Herenthout,Herenthout,Flanders,Antwerp,Arrondissement Turnhout,POPULATION_AGE_65_PLUS,Population aged 65 and over,count,2026,2391.0,A,2026-09-05T22:11:04.542942+00:00
be:mun:13012,13012,Herenthout,Herenthout,Herenthout,Flanders,Antwerp,Arrondissement Turnhout,POPULATION_BY_COMMUNE,Population,count,2026,9464.0,A,2026-09-05T20:42:19.277290+00:00
be:mun:13013,13013,Herselt,Herselt,Herselt,Flanders,Antwerp,Arrondissement Turnhout,LOCAL_UNITS_BY_COMMUNE,Local business units,count,2023-Q4,1550.0,A,2026-09-05T19:00:05.127955+00:00
be:mun:13013,13013,Herselt,Herselt,Herselt,Flanders,Antwerp,Arrondissement Turnhout,POPULATION_AGE_0_14,Population aged 0 to 14,count,2026,1934.0,A,2026-09-05T22:11:04.542942+00:00
be:mun:13013,13013,Herselt,Herselt,Herselt,Flanders,Antwerp,Arrondissement Turnhout,POPULATION_AGE_15_64,Population aged 15 to 64,count,2026,9011.0,A,2026-09-05T22:11:04.542942+00:00
be:mun:13013,13013,Herselt,Herselt,Herselt,Flanders,Antwerp,Arrondissement Turnhout,POPULATION_AGE_65_PLUS,Population aged 65 and over,count,2026,3832.0,A,2026-09-05T22:11:04.542942+00:00
be:mun:13013,13013,Herselt,Herselt,Herselt,Flanders,Antwerp,Arrondissement Turnhout,POPULATION_BY_COMMUNE,Population,count,2026,14777.0,A,2026-09-05T20:42:19.277290+00:00
be:mun:13014,13014,Hoogstraten,Hoogstraten,Hoogstraten,Flanders,Antwerp,Arrondissement Turnhout,LOCAL_UNITS_BY_COMMUNE,Local business units,count,2023-Q4,3397.0,A,2026-09-05T19:00:05.127955+00:00
be:mun:13014,13014,Hoogstraten,Hoogstraten,Hoogstraten,Flanders,Antwerp,Arrondissement Turnhout,POPULATION_AGE_0_14,Population aged 0 to 14,count,2026,3574.0,A,2026-09-05T22:11:04.542942+00:00
be:mun:13014,13014,Hoogstraten,Hoogstraten,Hoogstraten,Flanders,Antwerp,Arrondissement Turnhout,POPULATION_AGE_15_64,Population aged 15 to 64,count,2026,14007.0,A,2026-09-05T22:11:04.542942+00:00
be:mun:13014,13014,Hoogstraten,Hoogstraten,Hoogstraten,Flanders,Antwerp,Arrondissement Turnhout,POPULATION_AGE_65_PLUS,Population aged 65 and over,count,2026,4944.0,A,2026-09-05T22:11:04.542942+00:00
be:mun:13014,13014,Hoogstraten,Hoogstraten,Hoogstraten,Flanders,Antwerp,Arrondissement Turnhout,POPULATION_BY_COMMUNE,Population,count,2026,22525.0,A,2026-09-05T20:42:19.277290+00:00
be:mun:13016,13016,Hulshout,Hulshout,Hulshout,Flanders,Antwerp,Arrondissement Turnhout,LOCAL_UNITS_BY_COMMUNE,Local business units,count,2023-Q4,1220.0,A,2026-09-05T19:00:05.127955+00:00
be:mun:13016,13016,Hulshout,Hulshout,Hulshout,Flanders,Antwerp,Arrondissement Turnhout,POPULATION_AGE_0_14,Population aged 0 to 14,count,2026,1425.0,A,2026-09-05T22:11:04.542942+00:00
be:mun:13016,13016,Hulshout,Hulshout,Hulshout,Flanders,Antwerp,Arrondissement Turnhout,POPULATION_AGE_15_64,Population aged 15 to 64,count,2026,6783.0,A,2026-09-05T22:11:04.542942+00:00
be:mun:13016,13016,Hulshout,Hulshout,Hulshout,Flanders,Antwerp,Arrondissement Turnhout,POPULATION_AGE_65_PLUS,Population aged 65 and over,count,2026,2444.0,A,2026-09-05T22:11:04.542942+00:00
be:mun:13016,13016,Hulshout,Hulshout,Hulshout,Flanders,Antwerp,Arrondissement Turnhout,POPULATION_BY_COMMUNE,Population,count,2026,10652.0,A,2026-09-05T20:42:19.277290+00:00
be:mun:13017,13017,Kasterlee,Kasterlee,Kasterlee,Flanders,Antwerp,Arrondissement Turnhout,LOCAL_UNITS_BY_COMMUNE,Local business units,count,2023-Q4,2445.0,A,2026-09-05T19:00:05.127955+00:00
be:mun:13017,13017,Kasterlee,Kasterlee,Kasterlee,Flanders,Antwerp,Arrondissement Turnhout,POPULATION_AGE_0_14,Population aged 0 to 14,count,2026,2950.0,A,2026-09-05T22:11:04.542942+00:00
be:mun:13017,13017,Kasterlee,Kasterlee,Kasterlee,Flanders,Antwerp,Arrondissement Turnhout,POPULATION_AGE_15_64,Population aged 15 to 64,count,2026,12002.0,A,2026-09-05T22:11:04.542942+00:00
be:mun:13017,13017,Kasterlee,Kasterlee,Kasterlee,Flanders,Antwerp,Arrondissement Turnhout,POPULATION_AGE_65_PLUS,Population aged 65 and over,count,2026,4883.0,A,2026-09-05T22:11:04.542942+00:00
be:mun:13017,13017,Kasterlee,Kasterlee,Kasterlee,Flanders,Antwerp,Arrondissement Turnhout,POPULATION_BY_COMMUNE,Population,count,2026,19835.0,A,2026-09-05T20:42:19.277290+00:00
be:mun:13019,13019,Lille,Lille,Lille,Flanders,Antwerp,Arrondissement Turnhout,LOCAL_UNITS_BY_COMMUNE,Local business units,count,2023-Q4,2003.0,A,2026-09-05T19:00:05.127955+00:00
be:mun:13019,13019,Lille,Lille,Lille,Flanders,Antwerp,Arrondissement Turnhout,POPULATION_AGE_0_14,Population aged 0 to 14,count,2026,2441.0,A,2026-09-05T22:11:04.542942+00:00
be:mun:13019,13019,Lille,Lille,Lille,Flanders,Antwerp,Arrondissement Turnhout,POPULATION_AGE_15_64,Population aged 15 to 64,count,2026,10712.0,A,2026-09-05T22:11:04.542942+00:00
be:mun:13019,13019,Lille,Lille,Lille,Flanders,Antwerp,Arrondissement Turnhout,POPULATION_AGE_65_PLUS,Population aged 65 and over,count,2026,4022.0,A,2026-09-05T22:11:04.542942+00:00
be:mun:13019,13019,Lille,Lille,Lille,Flanders,Antwerp,Arrondissement Turnhout,POPULATION_BY_COMMUNE,Population,count,2026,17175.0,A,2026-09-05T20:42:19.277290+00:00
be:mun:13021,13021,Meerhout,Meerhout,Meerhout,Flanders,Antwerp,Arrondissement Turnhout,LOCAL_UNITS_BY_COMMUNE,Local business units,count,2023-Q4,1138.0,A,2026-09-05T19:00:05.127955+00:00
be:mun:13021,13021,Meerhout,Meerhout,Meerhout,Flanders,Antwerp,Arrondissement Turnhout,POPULATION_AGE_0_14,Population aged 0 to 14,count,2026,1436.0,A,2026-09-05T22:11:04.542942+00:00
be:mun:13021,13021,Meerhout,Meerhout,Meerhout,Flanders,Antwerp,Arrondissement Turnhout,POPULATION_AGE_15_64,Population aged 15 to 64,count,2026,6434.0,A,2026-09-05T22:11:04.542942+00:00
be:mun:13021,13021,Meerhout,Meerhout,Meerhout,Flanders,Antwerp,Arrondissement Turnhout,POPULATION_AGE_65_PLUS,Population aged 65 and over,count,2026,2495.0,A,2026-09-05T22:11:04.542942+00:00
be:mun:13021,13021,Meerhout,Meerhout,Meerhout,Flanders,Antwerp,Arrondissement Turnhout,POPULATION_BY_COMMUNE,Population,count,2026,10365.0,A,2026-09-05T20:42:19.277290+00:00
be:mun:13023,13023,Merksplas,Merksplas,Merksplas,Flanders,Antwerp,Arrondissement Turnhout,LOCAL_UNITS_BY_COMMUNE,Local business units,count,2023-Q4,1226.0,A,2026-09-05T19:00:05.127955+00:00
be:mun:13023,13023,Merksplas,Merksplas,Merksplas,Flanders,Antwerp,Arrondissement Turnhout,POPULATION_AGE_0_14,Population aged 0 to 14,count,2026,1315.0,A,2026-09-05T22:11:04.542942+00:00
be:mun:13023,13023,Merksplas,Merksplas,Merksplas,Flanders,Antwerp,Arrondissement Turnhout,POPULATION_AGE_15_64,Population aged 15 to 64,count,2026,5589.0,A,2026-09-05T22:11:04.542942+00:00
be:mun:13023,13023,Merksplas,Merksplas,Merksplas,Flanders,Antwerp,Arrondissement Turnhout,POPULATION_AGE_65_PLUS,Population aged 65 and over,count,2026,2070.0,A,2026-09-05T22:11:04.542942+00:00
be:mun:13023,13023,Merksplas,Merksplas,Merksplas,Flanders,Antwerp,Arrondissement Turnhout,POPULATION_BY_COMMUNE,Population,count,2026,8974.0,A,2026-09-05T20:42:19.277290+00:00
be:mun:13025,13025,Mol,Mol,Mol,Flanders,Antwerp,Arrondissement Turnhout,LOCAL_UNITS_BY_COMMUNE,Local business units,count,2023-Q4,3932.0,A,2026-09-05T19:00:05.127955+00:00
be:mun:13025,13025,Mol,Mol,Mol,Flanders,Antwerp,Arrondissement Turnhout,POPULATION_AGE_0_14,Population aged 0 to 14,count,2026,5736.0,A,2026-09-05T22:11:04.542942+00:00
be:mun:13025,13025,Mol,Mol,Mol,Flanders,Antwerp,Arrondissement Turnhout,POPULATION_AGE_15_64,Population aged 15 to 64,count,2026,24150.0,A,2026-09-05T22:11:04.542942+00:00
be:mun:13025,13025,Mol,Mol,Mol,Flanders,Antwerp,Arrondissement Turnhout,POPULATION_AGE_65_PLUS,Population aged 65 and over,count,2026,8907.0,A,2026-09-05T22:11:04.542942+00:00
be:mun:13025,13025,Mol,Mol,Mol,Flanders,Antwerp,Arrondissement Turnhout,POPULATION_BY_COMMUNE,Population,count,2026,38793.0,A,2026-09-05T20:42:19.277290+00:00
be:mun:13029,13029,Olen,Olen,Olen,Flanders,Antwerp,Arrondissement Turnhout,LOCAL_UNITS_BY_COMMUNE,Local business units,count,2023-Q4,1425.0,A,2026-09-05T19:00:05.127955+00:00
be:mun:13029,13029,Olen,Olen,Olen,Flanders,Antwerp,Arrondissement Turnhout,POPULATION_AGE_0_14,Population aged 0 to 14,count,2026,1870.0,A,2026-09-05T22:11:04.542942+00:00
be:mun:13029,13029,Olen,Olen,Olen,Flanders,Antwerp,Arrondissement Turnhout,POPULATION_AGE_15_64,Population aged 15 to 64,count,2026,8154.0,A,2026-09-05T22:11:04.542942+00:00
be:mun:13029,13029,Olen,Olen,Olen,Flanders,Antwerp,Arrondissement Turnhout,POPULATION_AGE_65_PLUS,Population aged 65 and over,count,2026,2921.0,A,2026-09-05T22:11:04.542942+00:00
be:mun:13029,13029,Olen,Olen,Olen,Flanders,Antwerp,Arrondissement Turnhout,POPULATION_BY_COMMUNE,Population,count,2026,12945.0,A,2026-09-05T20:42:19.277290+00:00
be:mun:13031,13031,Oud-Turnhout,Oud-Turnhout,Oud-Turnhout,Flanders,Antwerp,Arrondissement Turnhout,LOCAL_UNITS_BY_COMMUNE,Local business units,count,2023-Q4,1732.0,A,2026-09-05T19:00:05.127955+00:00
be:mun:13031,13031,Oud-Turnhout,Oud-Turnhout,Oud-Turnhout,Flanders,Antwerp,Arrondissement Turnhout,POPULATION_AGE_0_14,Population aged 0 to 14,count,2026,2392.0,A,2026-09-05T22:11:04.542942+00:00
be:mun:13031,13031,Oud-Turnhout,Oud-Turnhout,Oud-Turnhout,Flanders,Antwerp,Arrondissement Turnhout,POPULATION_AGE_15_64,Population aged 15 to 64,count,2026,9023.0,A,2026-09-05T22:11:04.542942+00:00
be:mun:13031,13031,Oud-Turnhout,Oud-Turnhout,Oud-Turnhout,Flanders,Antwerp,Arrondissement Turnhout,POPULATION_AGE_65_PLUS,Population aged 65 and over,count,2026,3796.0,A,2026-09-05T22:11:04.542942+00:00
be:mun:13031,13031,Oud-Turnhout,Oud-Turnhout,Oud-Turnhout,Flanders,Antwerp,Arrondissement Turnhout,POPULATION_BY_COMMUNE,Population,count,2026,15211.0,A,2026-09-05T20:42:19.277290+00:00
be:mun:13035,13035,Ravels,Ravels,Ravels,Flanders,Antwerp,Arrondissement Turnhout,LOCAL_UNITS_BY_COMMUNE,Local business units,count,2023-Q4,1949.0,A,2026-09-05T19:00:05.127955+00:00
be:mun:13035,13035,Ravels,Ravels,Ravels,Flanders,Antwerp,Arrondissement Turnhout,POPULATION_AGE_0_14,Population aged 0 to 14,count,2026,2559.0,A,2026-09-05T22:11:04.542942+00:00
be:mun:13035,13035,Ravels,Ravels,Ravels,Flanders,Antwerp,Arrondissement Turnhout,POPULATION_AGE_15_64,Population aged 15 to 64,count,2026,9868.0,A,2026-09-05T22:11:04.542942+00:00
be:mun:13035,13035,Ravels,Ravels,Ravels,Flanders,Antwerp,Arrondissement Turnhout,POPULATION_AGE_65_PLUS,Population aged 65 and over,count,2026,3526.0,A,2026-09-05T22:11:04.542942+00:00
be:mun:13035,13035,Ravels,Ravels,Ravels,Flanders,Antwerp,Arrondissement Turnhout,POPULATION_BY_COMMUNE,Population,count,2026,15953.0,A,2026-09-05T20:42:19.277290+00:00
be:mun:13036,13036,Retie,Retie,Retie,Flanders,Antwerp,Arrondissement Turnhout,LOCAL_UNITS_BY_COMMUNE,Local business units,count,2023-Q4,1369.0,A,2026-09-05T19:00:05.127955+00:00
be:mun:13036,13036,Retie,Retie,Retie,Flanders,Antwerp,Arrondissement Turnhout,POPULATION_AGE_0_14,Population aged 0 to 14,count,2026,1918.0,A,2026-09-05T22:11:04.542942+00:00
be:mun:13036,13036,Retie,Retie,Retie,Flanders,Antwerp,Arrondissement Turnhout,POPULATION_AGE_15_64,Population aged 15 to 64,count,2026,7405.0,A,2026-09-05T22:11:04.542942+00:00
be:mun:13036,13036,Retie,Retie,Retie,Flanders,Antwerp,Arrondissement Turnhout,POPULATION_AGE_65_PLUS,Population aged 65 and over,count,2026,2753.0,A,2026-09-05T22:11:04.542942+00:00
be:mun:13036,13036,Retie,Retie,Retie,Flanders,Antwerp,Arrondissement Turnhout,POPULATION_BY_COMMUNE,Population,count,2026,12076.0,A,2026-09-05T20:42:19.277290+00:00
be:mun:13037,13037,Rijkevorsel,Rijkevorsel,Rijkevorsel,Flanders,Antwerp,Arrondissement Turnhout,LOCAL_UNITS_BY_COMMUNE,Local business units,count,2023-Q4,1509.0,A,2026-09-05T19:00:05.127955+00:00
be:mun:13037,13037,Rijkevorsel,Rijkevorsel,Rijkevorsel,Flanders,Antwerp,Arrondissement Turnhout,POPULATION_AGE_0_14,Population aged 0 to 14,count,2026,2070.0,A,2026-09-05T22:11:04.542942+00:00
be:mun:13037,13037,Rijkevorsel,Rijkevorsel,Rijkevorsel,Flanders,Antwerp,Arrondissement Turnhout,POPULATION_AGE_15_64,Population aged 15 to 64,count,2026,7925.0,A,2026-09-05T22:11:04.542942+00:00
be:mun:13037,13037,Rijkevorsel,Rijkevorsel,Rijkevorsel,Flanders,Antwerp,Arrondissement Turnhout,POPULATION_AGE_65_PLUS,Population aged 65 and over,count,2026,2557.0,A,2026-09-05T22:11:04.542942+00:00
be:mun:13037,13037,Rijkevorsel,Rijkevorsel,Rijkevorsel,Flanders,Antwerp,Arrondissement Turnhout,POPULATION_BY_COMMUNE,Population,count,2026,12552.0,A,2026-09-05T20:42:19.277290+00:00
be:mun:13040,13040,Turnhout,Turnhout,Turnhout,Flanders,Antwerp,Arrondissement Turnhout,LOCAL_UNITS_BY_COMMUNE,Local business units,count,2023-Q4,4798.0,A,2026-09-05T19:00:05.127955+00:00
be:mun:13040,13040,Turnhout,Turnhout,Turnhout,Flanders,Antwerp,Arrondissement Turnhout,POPULATION_AGE_0_14,Population aged 0 to 14,count,2026,8163.0,A,2026-09-05T22:11:04.542942+00:00
be:mun:13040,13040,Turnhout,Turnhout,Turnhout,Flanders,Antwerp,Arrondissement Turnhout,POPULATION_AGE_15_64,Population aged 15 to 64,count,2026,30454.0,A,2026-09-05T22:11:04.542942+00:00
be:mun:13040,13040,Turnhout,Turnhout,Turnhout,Flanders,Antwerp,Arrondissement Turnhout,POPULATION_AGE_65_PLUS,Population aged 65 and over,count,2026,9873.0,A,2026-09-05T22:11:04.542942+00:00
be:mun:13040,13040,Turnhout,Turnhout,Turnhout,Flanders,Antwerp,Arrondissement Turnhout,POPULATION_BY_COMMUNE,Population,count,2026,48490.0,A,2026-09-05T20:42:19.277290+00:00
be:mun:13044,13044,Vorselaar,Vorselaar,Vorselaar,Flanders,Antwerp,Arrondissement Turnhout,LOCAL_UNITS_BY_COMMUNE,Local business units,count,2023-Q4,799.0,A,2026-09-05T19:00:05.127955+00:00
be:mun:13044,13044,Vorselaar,Vorselaar,Vorselaar,Flanders,Antwerp,Arrondissement Turnhout,POPULATION_AGE_0_14,Population aged 0 to 14,count,2026,1141.0,A,2026-09-05T22:11:04.542942+00:00
be:mun:13044,13044,Vorselaar,Vorselaar,Vorselaar,Flanders,Antwerp,Arrondissement Turnhout,POPULATION_AGE_15_64,Population aged 15 to 64,count,2026,4938.0,A,2026-09-05T22:11:04.542942+00:00
be:mun:13044,13044,Vorselaar,Vorselaar,Vorselaar,Flanders,Antwerp,Arrondissement Turnhout,POPULATION_AGE_65_PLUS,Population aged 65 and over,count,2026,1977.0,A,2026-09-05T22:11:04.542942+00:00
be:mun:13044,13044,Vorselaar,Vorselaar,Vorselaar,Flanders,Antwerp,Arrondissement Turnhout,POPULATION_BY_COMMUNE,Population,count,2026,8056.0,A,2026-09-05T20:42:19.277290+00:00
be:mun:13046,13046,Vosselaar,Vosselaar,Vosselaar,Flanders,Antwerp,Arrondissement Turnhout,LOCAL_UNITS_BY_COMMUNE,Local business units,count,2023-Q4,1120.0,A,2026-09-05T19:00:05.127955+00:00
be:mun:13046,13046,Vosselaar,Vosselaar,Vosselaar,Flanders,Antwerp,Arrondissement Turnhout,POPULATION_AGE_0_14,Population aged 0 to 14,count,2026,1929.0,A,2026-09-05T22:11:04.542942+00:00
be:mun:13046,13046,Vosselaar,Vosselaar,Vosselaar,Flanders,Antwerp,Arrondissement Turnhout,POPULATION_AGE_15_64,Population aged 15 to 64,count,2026,7403.0,A,2026-09-05T22:11:04.542942+00:00
be:mun:13046,13046,Vosselaar,Vosselaar,Vosselaar,Flanders,Antwerp,Arrondissement Turnhout,POPULATION_AGE_65_PLUS,Population aged 65 and over,count,2026,2601.0,A,2026-09-05T22:11:04.542942+00:00
be:mun:13046,13046,Vosselaar,Vosselaar,Vosselaar,Flanders,Antwerp,Arrondissement Turnhout,POPULATION_BY_COMMUNE,Population,count,2026,11933.0,A,2026-09-05T20:42:19.277290+00:00
be:mun:13049,13049,Westerlo,Westerlo,Westerlo,Flanders,Antwerp,Arrondissement Turnhout,LOCAL_UNITS_BY_COMMUNE,Local business units,count,2023-Q4,2764.0,A,2026-09-05T19:00:05.127955+00:00
be:mun:13049,13049,Westerlo,Westerlo,Westerlo,Flanders,Antwerp,Arrondissement Turnhout,POPULATION_AGE_0_14,Population aged 0 to 14,count,2026,3417.0,A,2026-09-05T22:11:04.542942+00:00
be:mun:13049,13049,Westerlo,Westerlo,Westerlo,Flanders,Antwerp,Arrondissement Turnhout,POPULATION_AGE_15_64,Population aged 15 to 64,count,2026,15936.0,A,2026-09-05T22:11:04.542942+00:00
be:mun:13049,13049,Westerlo,Westerlo,Westerlo,Flanders,Antwerp,Arrondissement Turnhout,POPULATION_AGE_65_PLUS,Population aged 65 and over,count,2026,6370.0,A,2026-09-05T22:11:04.542942+00:00
be:mun:13049,13049,Westerlo,Westerlo,Westerlo,Flanders,Antwerp,Arrondissement Turnhout,POPULATION_BY_COMMUNE,Population,count,2026,25723.0,A,2026-09-05T20:42:19.277290+00:00
be:mun:13053,13053,Laakdal,Laakdal,Laakdal,Flanders,Antwerp,Arrondissement Turnhout,LOCAL_UNITS_BY_COMMUNE,Local business units,count,2023-Q4,1472.0,A,2026-09-05T19:00:05.127955+00:00
be:mun:13053,13053,Laakdal,Laakdal,Laakdal,Flanders,Antwerp,Arrondissement Turnhout,POPULATION_AGE_0_14,Population aged 0 to 14,count,2026,2389.0,A,2026-09-05T22:11:04.542942+00:00
be:mun:13053,13053,Laakdal,Laakdal,Laakdal,Flanders,Antwerp,Arrondissement Turnhout,POPULATION_AGE_15_64,Population aged 15 to 64,count,2026,10627.0,A,2026-09-05T22:11:04.542942+00:00
be:mun:13053,13053,Laakdal,Laakdal,Laakdal,Flanders,Antwerp,Arrondissement Turnhout,POPULATION_AGE_65_PLUS,Population aged 65 and over,count,2026,4016.0,A,2026-09-05T22:11:04.542942+00:00
be:mun:13053,13053,Laakdal,Laakdal,Laakdal,Flanders,Antwerp,Arrondissement Turnhout,POPULATION_BY_COMMUNE,Population,count,2026,17032.0,A,2026-09-05T20:42:19.277290+00:00
be:mun:21001,21001,Anderlecht,Anderlecht,Anderlecht,Brussels-Capital Region,,Arrondissement Brussel-Hoofdstad,LOCAL_UNITS_BY_COMMUNE,Local business units,count,2023-Q4,12409.0,A,2026-09-05T19:00:05.127955+00:00
be:mun:21001,21001,Anderlecht,Anderlecht,Anderlecht,Brussels-Capital Region,,Arrondissement Brussel-Hoofdstad,POPULATION_AGE_0_14,Population aged 0 to 14,count,2026,26783.0,A,2026-09-05T22:11:04.542942+00:00
be:mun:21001,21001,Anderlecht,Anderlecht,Anderlecht,Brussels-Capital Region,,Arrondissement Brussel-Hoofdstad,POPULATION_AGE_15_64,Population aged 15 to 64,count,2026,86928.0,A,2026-09-05T22:11:04.542942+00:00
be:mun:21001,21001,Anderlecht,Anderlecht,Anderlecht,Brussels-Capital Region,,Arrondissement Brussel-Hoofdstad,POPULATION_AGE_65_PLUS,Population aged 65 and over,count,2026,15889.0,A,2026-09-05T22:11:04.542942+00:00
be:mun:21001,21001,Anderlecht,Anderlecht,Anderlecht,Brussels-Capital Region,,Arrondissement Brussel-Hoofdstad,POPULATION_BY_COMMUNE,Population,count,2026,129600.0,A,2026-09-05T20:42:19.277290+00:00
be:mun:21002,21002,Auderghem,Auderghem,Oudergem,Brussels-Capital Region,,Arrondissement Brussel-Hoofdstad,LOCAL_UNITS_BY_COMMUNE,Local business units,count,2023-Q4,4579.0,A,2026-09-05T19:00:05.127955+00:00
be:mun:21002,21002,Auderghem,Auderghem,Oudergem,Brussels-Capital Region,,Arrondissement Brussel-Hoofdstad,POPULATION_AGE_0_14,Population aged 0 to 14,count,2026,5862.0,A,2026-09-05T22:11:04.542942+00:00
be:mun:21002,21002,Auderghem,Auderghem,Oudergem,Brussels-Capital Region,,Arrondissement Brussel-Hoofdstad,POPULATION_AGE_15_64,Population aged 15 to 64,count,2026,23822.0,A,2026-09-05T22:11:04.542942+00:00
be:mun:21002,21002,Auderghem,Auderghem,Oudergem,Brussels-Capital Region,,Arrondissement Brussel-Hoofdstad,POPULATION_AGE_65_PLUS,Population aged 65 and over,count,2026,5975.0,A,2026-09-05T22:11:04.542942+00:00
be:mun:21002,21002,Auderghem,Auderghem,Oudergem,Brussels-Capital Region,,Arrondissement Brussel-Hoofdstad,POPULATION_BY_COMMUNE,Population,count,2026,35659.0,A,2026-09-05T20:42:19.277290+00:00
be:mun:21003,21003,Berchem-Sainte-Agathe,Berchem-Sainte-Agathe,Sint-Agatha-Berchem,Brussels-Capital Region,,Arrondissement Brussel-Hoofdstad,LOCAL_UNITS_BY_COMMUNE,Local business units,count,2023-Q4,2788.0,A,2026-09-05T19:00:05.127955+00:00
be:mun:21003,21003,Berchem-Sainte-Agathe,Berchem-Sainte-Agathe,Sint-Agatha-Berchem,Brussels-Capital Region,,Arrondissement Brussel-Hoofdstad,POPULATION_AGE_0_14,Population aged 0 to 14,count,2026,5075.0,A,2026-09-05T22:11:04.542942+00:00
be:mun:21003,21003,Berchem-Sainte-Agathe,Berchem-Sainte-Agathe,Sint-Agatha-Berchem,Brussels-Capital Region,,Arrondissement Brussel-Hoofdstad,POPULATION_AGE_15_64,Population aged 15 to 64,count,2026,16546.0,A,2026-09-05T22:11:04.542942+00:00
be:mun:21003,21003,Berchem-Sainte-Agathe,Berchem-Sainte-Agathe,Sint-Agatha-Berchem,Brussels-Capital Region,,Arrondissement Brussel-Hoofdstad,POPULATION_AGE_65_PLUS,Population aged 65 and over,count,2026,4141.0,A,2026-09-05T22:11:04.542942+00:00
be:mun:21003,21003,Berchem-Sainte-Agathe,Berchem-Sainte-Agathe,Sint-Agatha-Berchem,Brussels-Capital Region,,Arrondissement Brussel-Hoofdstad,POPULATION_BY_COMMUNE,Population,count,2026,25762.0,A,2026-09-05T20:42:19.277290+00:00
be:mun:21004,21004,Brussels,Bruxelles,Brussel,Brussels-Capital Region,,Arrondissement Brussel-Hoofdstad,LOCAL_UNITS_BY_COMMUNE,Local business units,count,2023-Q4,37755.0,A,2026-09-05T19:00:05.127955+00:00
be:mun:21004,21004,Brussels,Bruxelles,Brussel,Brussels-Capital Region,,Arrondissement Brussel-Hoofdstad,POPULATION_AGE_0_14,Population aged 0 to 14,count,2026,34396.0,A,2026-09-05T22:11:04.542942+00:00
be:mun:21004,21004,Brussels,Bruxelles,Brussel,Brussels-Capital Region,,Arrondissement Brussel-Hoofdstad,POPULATION_AGE_15_64,Population aged 15 to 64,count,2026,141631.0,A,2026-09-05T22:11:04.542942+00:00
be:mun:21004,21004,Brussels,Bruxelles,Brussel,Brussels-Capital Region,,Arrondissement Brussel-Hoofdstad,POPULATION_AGE_65_PLUS,Population aged 65 and over,count,2026,22647.0,A,2026-09-05T22:11:04.542942+00:00
be:mun:21004,21004,Brussels,Bruxelles,Brussel,Brussels-Capital Region,,Arrondissement Brussel-Hoofdstad,POPULATION_BY_COMMUNE,Population,count,2026,198674.0,A,2026-09-05T20:42:19.277290+00:00
be:mun:21005,21005,Etterbeek,Etterbeek,Etterbeek,Brussels-Capital Region,,Arrondissement Brussel-Hoofdstad,LOCAL_UNITS_BY_COMMUNE,Local business units,count,2023-Q4,7744.0,A,2026-09-05T19:00:05.127955+00:00
be:mun:21005,21005,Etterbeek,Etterbeek,Etterbeek,Brussels-Capital Region,,Arrondissement Brussel-Hoofdstad,POPULATION_AGE_0_14,Population aged 0 to 14,count,2026,6577.0,A,2026-09-05T22:11:04.542942+00:00
be:mun:21005,21005,Etterbeek,Etterbeek,Etterbeek,Brussels-Capital Region,,Arrondissement Brussel-Hoofdstad,POPULATION_AGE_15_64,Population aged 15 to 64,count,2026,37492.0,A,2026-09-05T22:11:04.542942+00:00
be:mun:21005,21005,Etterbeek,Etterbeek,Etterbeek,Brussels-Capital Region,,Arrondissement Brussel-Hoofdstad,POPULATION_AGE_65_PLUS,Population aged 65 and over,count,2026,5569.0,A,2026-09-05T22:11:04.542942+00:00
be:mun:21005,21005,Etterbeek,Etterbeek,Etterbeek,Brussels-Capital Region,,Arrondissement Brussel-Hoofdstad,POPULATION_BY_COMMUNE,Population,count,2026,49638.0,A,2026-09-05T20:42:19.277290+00:00
be:mun:21006,21006,Evere,Evere,Evere,Brussels-Capital Region,,Arrondissement Brussel-Hoofdstad,LOCAL_UNITS_BY_COMMUNE,Local business units,count,2023-Q4,3690.0,A,2026-09-05T19:00:05.127955+00:00
be:mun:21006,21006,Evere,Evere,Evere,Brussels-Capital Region,,Arrondissement Brussel-Hoofdstad,POPULATION_AGE_0_14,Population aged 0 to 14,count,2026,8773.0,A,2026-09-05T22:11:04.542942+00:00
be:mun:21006,21006,Evere,Evere,Evere,Brussels-Capital Region,,Arrondissement Brussel-Hoofdstad,POPULATION_AGE_15_64,Population aged 15 to 64,count,2026,30404.0,A,2026-09-05T22:11:04.542942+00:00
be:mun:21006,21006,Evere,Evere,Evere,Brussels-Capital Region,,Arrondissement Brussel-Hoofdstad,POPULATION_AGE_65_PLUS,Population aged 65 and over,count,2026,6807.0,A,2026-09-05T22:11:04.542942+00:00
be:mun:21006,21006,Evere,Evere,Evere,Brussels-Capital Region,,Arrondissement Brussel-Hoofdstad,POPULATION_BY_COMMUNE,Population,count,2026,45984.0,A,2026-09-05T20:42:19.277290+00:00
be:mun:21007,21007,Forest,Forest,Vorst,Brussels-Capital Region,,Arrondissement Brussel-Hoofdstad,LOCAL_UNITS_BY_COMMUNE,Local business units,count,2023-Q4,6956.0,A,2026-09-05T19:00:05.127955+00:00
be:mun:21007,21007,Forest,Forest,Vorst,Brussels-Capital Region,,Arrondissement Brussel-Hoofdstad,POPULATION_AGE_0_14,Population aged 0 to 14,count,2026,10147.0,A,2026-09-05T22:11:04.542942+00:00
be:mun:21007,21007,Forest,Forest,Vorst,Brussels-Capital Region,,Arrondissement Brussel-Hoofdstad,POPULATION_AGE_15_64,Population aged 15 to 64,count,2026,41078.0,A,2026-09-05T22:11:04.542942+00:00
be:mun:21007,21007,Forest,Forest,Vorst,Brussels-Capital Region,,Arrondissement Brussel-Hoofdstad,POPULATION_AGE_65_PLUS,Population aged 65 and over,count,2026,7679.0,A,2026-09-05T22:11:04.542942+00:00
be:mun:21007,21007,Forest,Forest,Vorst,Brussels-Capital Region,,Arrondissement Brussel-Hoofdstad,POPULATION_BY_COMMUNE,Population,count,2026,58904.0,A,2026-09-05T20:42:19.277290+00:00
be:mun:21008,21008,Ganshoren,Ganshoren,Ganshoren,Brussels-Capital Region,,Arrondissement Brussel-Hoofdstad,LOCAL_UNITS_BY_COMMUNE,Local business units,count,2023-Q4,2276.0,A,2026-09-05T19:00:05.127955+00:00
be:mun:21008,21008,Ganshoren,Ganshoren,Ganshoren,Brussels-Capital Region,,Arrondissement Brussel-Hoofdstad,POPULATION_AGE_0_14,Population aged 0 to 14,count,2026,4887.0,A,2026-09-05T22:11:04.542942+00:00
be:mun:21008,21008,Ganshoren,Ganshoren,Ganshoren,Brussels-Capital Region,,Arrondissement Brussel-Hoofdstad,POPULATION_AGE_15_64,Population aged 15 to 64,count,2026,16654.0,A,2026-09-05T22:11:04.542942+00:00
be:mun:21008,21008,Ganshoren,Ganshoren,Ganshoren,Brussels-Capital Region,,Arrondissement Brussel-Hoofdstad,POPULATION_AGE_65_PLUS,Population aged 65 and over,count,2026,4190.0,A,2026-09-05T22:11:04.542942+00:00
be:mun:21008,21008,Ganshoren,Ganshoren,Ganshoren,Brussels-Capital Region,,Arrondissement Brussel-Hoofdstad,POPULATION_BY_COMMUNE,Population,count,2026,25731.0,A,2026-09-05T20:42:19.277290+00:00
be:mun:21009,21009,Ixelles,Ixelles,Elsene,Brussels-Capital Region,,Arrondissement Brussel-Hoofdstad,LOCAL_UNITS_BY_COMMUNE,Local business units,count,2023-Q4,19851.0,A,2026-09-05T19:00:05.127955+00:00
be:mun:21009,21009,Ixelles,Ixelles,Elsene,Brussels-Capital Region,,Arrondissement Brussel-Hoofdstad,POPULATION_AGE_0_14,Population aged 0 to 14,count,2026,9778.0,A,2026-09-05T22:11:04.542942+00:00
be:mun:21009,21009,Ixelles,Ixelles,Elsene,Brussels-Capital Region,,Arrondissement Brussel-Hoofdstad,POPULATION_AGE_15_64,Population aged 15 to 64,count,2026,69052.0,A,2026-09-05T22:11:04.542942+00:00
be:mun:21009,21009,Ixelles,Ixelles,Elsene,Brussels-Capital Region,,Arrondissement Brussel-Hoofdstad,POPULATION_AGE_65_PLUS,Population aged 65 and over,count,2026,10332.0,A,2026-09-05T22:11:04.542942+00:00
be:mun:21009,21009,Ixelles,Ixelles,Elsene,Brussels-Capital Region,,Arrondissement Brussel-Hoofdstad,POPULATION_BY_COMMUNE,Population,count,2026,89162.0,A,2026-09-05T20:42:19.277290+00:00
be:mun:21010,21010,Jette,Jette,Jette,Brussels-Capital Region,,Arrondissement Brussel-Hoofdstad,LOCAL_UNITS_BY_COMMUNE,Local business units,count,2023-Q4,4740.0,A,2026-09-05T19:00:05.127955+00:00
be:mun:21010,21010,Jette,Jette,Jette,Brussels-Capital Region,,Arrondissement Brussel-Hoofdstad,POPULATION_AGE_0_14,Population aged 0 to 14,count,2026,10306.0,A,2026-09-05T22:11:04.542942+00:00
be:mun:21010,21010,Jette,Jette,Jette,Brussels-Capital Region,,Arrondissement Brussel-Hoofdstad,POPULATION_AGE_15_64,Population aged 15 to 64,count,2026,35979.0,A,2026-09-05T22:11:04.542942+00:00
be:mun:21010,21010,Jette,Jette,Jette,Brussels-Capital Region,,Arrondissement Brussel-Hoofdstad,POPULATION_AGE_65_PLUS,Population aged 65 and over,count,2026,8045.0,A,2026-09-05T22:11:04.542942+00:00
be:mun:21010,21010,Jette,Jette,Jette,Brussels-Capital Region,,Arrondissement Brussel-Hoofdstad,POPULATION_BY_COMMUNE,Population,count,2026,54330.0,A,2026-09-05T20:42:19.277290+00:00
be:mun:21011,21011,Koekelberg,Koekelberg,Koekelberg,Brussels-Capital Region,,Arrondissement Brussel-Hoofdstad,LOCAL_UNITS_BY_COMMUNE,Local business units,count,2023-Q4,2221.0,A,2026-09-05T19:00:05.127955+00:00
be:mun:21011,21011,Koekelberg,Koekelberg,Koekelberg,Brussels-Capital Region,,Arrondissement Brussel-Hoofdstad,POPULATION_AGE_0_14,Population aged 0 to 14,count,2026,4644.0,A,2026-09-05T22:11:04.542942+00:00
be:mun:21011,21011,Koekelberg,Koekelberg,Koekelberg,Brussels-Capital Region,,Arrondissement Brussel-Hoofdstad,POPULATION_AGE_15_64,Population aged 15 to 64,count,2026,15400.0,A,2026-09-05T22:11:04.542942+00:00
be:mun:21011,21011,Koekelberg,Koekelberg,Koekelberg,Brussels-Capital Region,,Arrondissement Brussel-Hoofdstad,POPULATION_AGE_65_PLUS,Population aged 65 and over,count,2026,2534.0,A,2026-09-05T22:11:04.542942+00:00
be:mun:21011,21011,Koekelberg,Koekelberg,Koekelberg,Brussels-Capital Region,,Arrondissement Brussel-Hoofdstad,POPULATION_BY_COMMUNE,Population,count,2026,22578.0,A,2026-09-05T20:42:19.277290+00:00
be:mun:21012,21012,Molenbeek-Saint-Jean,Molenbeek-Saint-Jean,Sint-Jans-Molenbeek,Brussels-Capital Region,,Arrondissement Brussel-Hoofdstad,LOCAL_UNITS_BY_COMMUNE,Local business units,count,2023-Q4,7845.0,A,2026-09-05T19:00:05.127955+00:00
be:mun:21012,21012,Molenbeek-Saint-Jean,Molenbeek-Saint-Jean,Sint-Jans-Molenbeek,Brussels-Capital Region,,Arrondissement Brussel-Hoofdstad,POPULATION_AGE_0_14,Population aged 0 to 14,count,2026,21398.0,A,2026-09-05T22:11:04.542942+00:00
be:mun:21012,21012,Molenbeek-Saint-Jean,Molenbeek-Saint-Jean,Sint-Jans-Molenbeek,Brussels-Capital Region,,Arrondissement Brussel-Hoofdstad,POPULATION_AGE_15_64,Population aged 15 to 64,count,2026,65250.0,A,2026-09-05T22:11:04.542942+00:00
be:mun:21012,21012,Molenbeek-Saint-Jean,Molenbeek-Saint-Jean,Sint-Jans-Molenbeek,Brussels-Capital Region,,Arrondissement Brussel-Hoofdstad,POPULATION_AGE_65_PLUS,Population aged 65 and over,count,2026,11763.0,A,2026-09-05T22:11:04.542942+00:00
be:mun:21012,21012,Molenbeek-Saint-Jean,Molenbeek-Saint-Jean,Sint-Jans-Molenbeek,Brussels-Capital Region,,Arrondissement Brussel-Hoofdstad,POPULATION_BY_COMMUNE,Population,count,2026,98411.0,A,2026-09-05T20:42:19.277290+00:00
be:mun:21013,21013,Saint-Gilles,Saint-Gilles,Sint-Gillis,Brussels-Capital Region,,Arrondissement Brussel-Hoofdstad,LOCAL_UNITS_BY_COMMUNE,Local business units,count,2023-Q4,7657.0,A,2026-09-05T19:00:05.127955+00:00
be:mun:21013,21013,Saint-Gilles,Saint-Gilles,Sint-Gillis,Brussels-Capital Region,,Arrondissement Brussel-Hoofdstad,POPULATION_AGE_0_14,Population aged 0 to 14,count,2026,6257.0,A,2026-09-05T22:11:04.542942+00:00
be:mun:21013,21013,Saint-Gilles,Saint-Gilles,Sint-Gillis,Brussels-Capital Region,,Arrondissement Brussel-Hoofdstad,POPULATION_AGE_15_64,Population aged 15 to 64,count,2026,37363.0,A,2026-09-05T22:11:04.542942+00:00
be:mun:21013,21013,Saint-Gilles,Saint-Gilles,Sint-Gillis,Brussels-Capital Region,,Arrondissement Brussel-Hoofdstad,POPULATION_AGE_65_PLUS,Population aged 65 and over,count,2026,5136.0,A,2026-09-05T22:11:04.542942+00:00
be:mun:21013,21013,Saint-Gilles,Saint-Gilles,Sint-Gillis,Brussels-Capital Region,,Arrondissement Brussel-Hoofdstad,POPULATION_BY_COMMUNE,Population,count,2026,48756.0,A,2026-09-05T20:42:19.277290+00:00
be:mun:21014,21014,Saint-Josse-ten-Noode,Saint-Josse-ten-Noode,Sint-Joost-ten-Node,Brussels-Capital Region,,Arrondissement Brussel-Hoofdstad,LOCAL_UNITS_BY_COMMUNE,Local business units,count,2023-Q4,3104.0,A,2026-09-05T19:00:05.127955+00:00
be:mun:21014,21014,Saint-Josse-ten-Noode,Saint-Josse-ten-Noode,Sint-Joost-ten-Node,Brussels-Capital Region,,Arrondissement Brussel-Hoofdstad,POPULATION_AGE_0_14,Population aged 0 to 14,count,2026,4616.0,A,2026-09-05T22:11:04.542942+00:00
be:mun:21014,21014,Saint-Josse-ten-Noode,Saint-Josse-ten-Noode,Sint-Joost-ten-Node,Brussels-Capital Region,,Arrondissement Brussel-Hoofdstad,POPULATION_AGE_15_64,Population aged 15 to 64,count,2026,19789.0,A,2026-09-05T22:11:04.542942+00:00
be:mun:21014,21014,Saint-Josse-ten-Noode,Saint-Josse-ten-Noode,Sint-Joost-ten-Node,Brussels-Capital Region,,Arrondissement Brussel-Hoofdstad,POPULATION_AGE_65_PLUS,Population aged 65 and over,count,2026,2598.0,A,2026-09-05T22:11:04.542942+00:00
be:mun:21014,21014,Saint-Josse-ten-Noode,Saint-Josse-ten-Noode,Sint-Joost-ten-Node,Brussels-Capital Region,,Arrondissement Brussel-Hoofdstad,POPULATION_BY_COMMUNE,Population,count,2026,27003.0,A,2026-09-05T20:42:19.277290+00:00
be:mun:21015,21015,Schaerbeek,Schaerbeek,Schaarbeek,Brussels-Capital Region,,Arrondissement Brussel-Hoofdstad,LOCAL_UNITS_BY_COMMUNE,Local business units,count,2023-Q4,12283.0,A,2026-09-05T19:00:05.127955+00:00
be:mun:21015,21015,Schaerbeek,Schaerbeek,Schaarbeek,Brussels-Capital Region,,Arrondissement Brussel-Hoofdstad,POPULATION_AGE_0_14,Population aged 0 to 14,count,2026,24222.0,A,2026-09-05T22:11:04.542942+00:00
be:mun:21015,21015,Schaerbeek,Schaerbeek,Schaarbeek,Brussels-Capital Region,,Arrondissement Brussel-Hoofdstad,POPULATION_AGE_15_64,Population aged 15 to 64,count,2026,91144.0,A,2026-09-05T22:11:04.542942+00:00
be:mun:21015,21015,Schaerbeek,Schaerbeek,Schaarbeek,Brussels-Capital Region,,Arrondissement Brussel-Hoofdstad,POPULATION_AGE_65_PLUS,Population aged 65 and over,count,2026,13912.0,A,2026-09-05T22:11:04.542942+00:00
be:mun:21015,21015,Schaerbeek,Schaerbeek,Schaarbeek,Brussels-Capital Region,,Arrondissement Brussel-Hoofdstad,POPULATION_BY_COMMUNE,Population,count,2026,129278.0,A,2026-09-05T20:42:19.277290+00:00
be:mun:21016,21016,Uccle,Uccle,Ukkel,Brussels-Capital Region,,Arrondissement Brussel-Hoofdstad,LOCAL_UNITS_BY_COMMUNE,Local business units,count,2023-Q4,16161.0,A,2026-09-05T19:00:05.127955+00:00
be:mun:21016,21016,Uccle,Uccle,Ukkel,Brussels-Capital Region,,Arrondissement Brussel-Hoofdstad,POPULATION_AGE_0_14,Population aged 0 to 14,count,2026,13835.0,A,2026-09-05T22:11:04.542942+00:00
be:mun:21016,21016,Uccle,Uccle,Ukkel,Brussels-Capital Region,,Arrondissement Brussel-Hoofdstad,POPULATION_AGE_15_64,Population aged 15 to 64,count,2026,57121.0,A,2026-09-05T22:11:04.542942+00:00
be:mun:21016,21016,Uccle,Uccle,Ukkel,Brussels-Capital Region,,Arrondissement Brussel-Hoofdstad,POPULATION_AGE_65_PLUS,Population aged 65 and over,count,2026,16592.0,A,2026-09-05T22:11:04.542942+00:00
be:mun:21016,21016,Uccle,Uccle,Ukkel,Brussels-Capital Region,,Arrondissement Brussel-Hoofdstad,POPULATION_BY_COMMUNE,Population,count,2026,87548.0,A,2026-09-05T20:42:19.277290+00:00
be:mun:21017,21017,Watermael-Boitsfort,Watermael-Boitsfort,Watermaal-Bosvoorde,Brussels-Capital Region,,Arrondissement Brussel-Hoofdstad,LOCAL_UNITS_BY_COMMUNE,Local business units,count,2023-Q4,4540.0,A,2026-09-05T19:00:05.127955+00:00
be:mun:21017,21017,Watermael-Boitsfort,Watermael-Boitsfort,Watermaal-Bosvoorde,Brussels-Capital Region,,Arrondissement Brussel-Hoofdstad,POPULATION_AGE_0_14,Population aged 0 to 14,count,2026,3764.0,A,2026-09-05T22:11:04.542942+00:00
be:mun:21017,21017,Watermael-Boitsfort,Watermael-Boitsfort,Watermaal-Bosvoorde,Brussels-Capital Region,,Arrondissement Brussel-Hoofdstad,POPULATION_AGE_15_64,Population aged 15 to 64,count,2026,16151.0,A,2026-09-05T22:11:04.542942+00:00
be:mun:21017,21017,Watermael-Boitsfort,Watermael-Boitsfort,Watermaal-Bosvoorde,Brussels-Capital Region,,Arrondissement Brussel-Hoofdstad,POPULATION_AGE_65_PLUS,Population aged 65 and over,count,2026,5356.0,A,2026-09-05T22:11:04.542942+00:00
be:mun:21017,21017,Watermael-Boitsfort,Watermael-Boitsfort,Watermaal-Bosvoorde,Brussels-Capital Region,,Arrondissement Brussel-Hoofdstad,POPULATION_BY_COMMUNE,Population,count,2026,25271.0,A,2026-09-05T20:42:19.277290+00:00
be:mun:21018,21018,Woluwe-Saint-Lambert,Woluwe-Saint-Lambert,Sint-Lambrechts-Woluwe,Brussels-Capital Region,,Arrondissement Brussel-Hoofdstad,LOCAL_UNITS_BY_COMMUNE,Local business units,count,2023-Q4,6847.0,A,2026-09-05T19:00:05.127955+00:00
be:mun:21018,21018,Woluwe-Saint-Lambert,Woluwe-Saint-Lambert,Sint-Lambrechts-Woluwe,Brussels-Capital Region,,Arrondissement Brussel-Hoofdstad,POPULATION_AGE_0_14,Population aged 0 to 14,count,2026,9177.0,A,2026-09-05T22:11:04.542942+00:00
be:mun:21018,21018,Woluwe-Saint-Lambert,Woluwe-Saint-Lambert,Sint-Lambrechts-Woluwe,Brussels-Capital Region,,Arrondissement Brussel-Hoofdstad,POPULATION_AGE_15_64,Population aged 15 to 64,count,2026,41559.0,A,2026-09-05T22:11:04.542942+00:00
be:mun:21018,21018,Woluwe-Saint-Lambert,Woluwe-Saint-Lambert,Sint-Lambrechts-Woluwe,Brussels-Capital Region,,Arrondissement Brussel-Hoofdstad,POPULATION_AGE_65_PLUS,Population aged 65 and over,count,2026,10243.0,A,2026-09-05T22:11:04.542942+00:00
be:mun:21018,21018,Woluwe-Saint-Lambert,Woluwe-Saint-Lambert,Sint-Lambrechts-Woluwe,Brussels-Capital Region,,Arrondissement Brussel-Hoofdstad,POPULATION_BY_COMMUNE,Population,count,2026,60979.0,A,2026-09-05T20:42:19.277290+00:00
be:mun:21019,21019,Woluwe-Saint-Pierre,Woluwe-Saint-Pierre,Sint-Pieters-Woluwe,Brussels-Capital Region,,Arrondissement Brussel-Hoofdstad,LOCAL_UNITS_BY_COMMUNE,Local business units,count,2023-Q4,6076.0,A,2026-09-05T19:00:05.127955+00:00
be:mun:21019,21019,Woluwe-Saint-Pierre,Woluwe-Saint-Pierre,Sint-Pieters-Woluwe,Brussels-Capital Region,,Arrondissement Brussel-Hoofdstad,POPULATION_AGE_0_14,Population aged 0 to 14,count,2026,6793.0,A,2026-09-05T22:11:04.542942+00:00
be:mun:21019,21019,Woluwe-Saint-Pierre,Woluwe-Saint-Pierre,Sint-Pieters-Woluwe,Brussels-Capital Region,,Arrondissement Brussel-Hoofdstad,POPULATION_AGE_15_64,Population aged 15 to 64,count,2026,27451.0,A,2026-09-05T22:11:04.542942+00:00
be:mun:21019,21019,Woluwe-Saint-Pierre,Woluwe-Saint-Pierre,Sint-Pieters-Woluwe,Brussels-Capital Region,,Arrondissement Brussel-Hoofdstad,POPULATION_AGE_65_PLUS,Population aged 65 and over,count,2026,8322.0,A,2026-09-05T22:11:04.542942+00:00
be:mun:21019,21019,Woluwe-Saint-Pierre,Woluwe-Saint-Pierre,Sint-Pieters-Woluwe,Brussels-Capital Region,,Arrondissement Brussel-Hoofdstad,POPULATION_BY_COMMUNE,Population,count,2026,42566.0,A,2026-09-05T20:42:19.277290+00:00
be:mun:23002,23002,Asse,Asse,Asse,Flanders,Flemish Brabant,Arrondissement Halle-Vilvoorde,LOCAL_UNITS_BY_COMMUNE,Local business units,count,2023-Q4,5140.0,A,2026-09-05T19:00:05.127955+00:00
be:mun:23002,23002,Asse,Asse,Asse,Flanders,Flemish Brabant,Arrondissement Halle-Vilvoorde,POPULATION_AGE_0_14,Population aged 0 to 14,count,2026,6689.0,A,2026-09-05T22:11:04.542942+00:00
be:mun:23002,23002,Asse,Asse,Asse,Flanders,Flemish Brabant,Arrondissement Halle-Vilvoorde,POPULATION_AGE_15_64,Population aged 15 to 64,count,2026,22638.0,A,2026-09-05T22:11:04.542942+00:00
be:mun:23002,23002,Asse,Asse,Asse,Flanders,Flemish Brabant,Arrondissement Halle-Vilvoorde,POPULATION_AGE_65_PLUS,Population aged 65 and over,count,2026,6691.0,A,2026-09-05T22:11:04.542942+00:00
be:mun:23002,23002,Asse,Asse,Asse,Flanders,Flemish Brabant,Arrondissement Halle-Vilvoorde,POPULATION_BY_COMMUNE,Population,count,2026,36018.0,A,2026-09-05T20:42:19.277290+00:00
be:mun:23003,23003,Beersel,Beersel,Beersel,Flanders,Flemish Brabant,Arrondissement Halle-Vilvoorde,LOCAL_UNITS_BY_COMMUNE,Local business units,count,2023-Q4,3040.0,A,2026-09-05T19:00:05.127955+00:00
be:mun:23003,23003,Beersel,Beersel,Beersel,Flanders,Flemish Brabant,Arrondissement Halle-Vilvoorde,POPULATION_AGE_0_14,Population aged 0 to 14,count,2026,5047.0,A,2026-09-05T22:11:04.542942+00:00
be:mun:23003,23003,Beersel,Beersel,Beersel,Flanders,Flemish Brabant,Arrondissement Halle-Vilvoorde,POPULATION_AGE_15_64,Population aged 15 to 64,count,2026,16619.0,A,2026-09-05T22:11:04.542942+00:00
be:mun:23003,23003,Beersel,Beersel,Beersel,Flanders,Flemish Brabant,Arrondissement Halle-Vilvoorde,POPULATION_AGE_65_PLUS,Population aged 65 and over,count,2026,5134.0,A,2026-09-05T22:11:04.542942+00:00
be:mun:23003,23003,Beersel,Beersel,Beersel,Flanders,Flemish Brabant,Arrondissement Halle-Vilvoorde,POPULATION_BY_COMMUNE,Population,count,2026,26800.0,A,2026-09-05T20:42:19.277290+00:00
be:mun:23009,23009,Bever,Biévène,Bever,Flanders,Flemish Brabant,Arrondissement Halle-Vilvoorde,LOCAL_UNITS_BY_COMMUNE,Local business units,count,2023-Q4,294.0,A,2026-09-05T19:00:05.127955+00:00
be:mun:23009,23009,Bever,Biévène,Bever,Flanders,Flemish Brabant,Arrondissement Halle-Vilvoorde,POPULATION_AGE_0_14,Population aged 0 to 14,count,2026,342.0,A,2026-09-05T22:11:04.542942+00:00
be:mun:23009,23009,Bever,Biévène,Bever,Flanders,Flemish Brabant,Arrondissement Halle-Vilvoorde,POPULATION_AGE_15_64,Population aged 15 to 64,count,2026,1486.0,A,2026-09-05T22:11:04.542942+00:00
be:mun:23009,23009,Bever,Biévène,Bever,Flanders,Flemish Brabant,Arrondissement Halle-Vilvoorde,POPULATION_AGE_65_PLUS,Population aged 65 and over,count,2026,451.0,A,2026-09-05T22:11:04.542942+00:00
be:mun:23009,23009,Bever,Biévène,Bever,Flanders,Flemish Brabant,Arrondissement Halle-Vilvoorde,POPULATION_BY_COMMUNE,Population,count,2026,2279.0,A,2026-09-05T20:42:19.277290+00:00
be:mun:23016,23016,Dilbeek,Dilbeek,Dilbeek,Flanders,Flemish Brabant,Arrondissement Halle-Vilvoorde,LOCAL_UNITS_BY_COMMUNE,Local business units,count,2023-Q4,5974.0,A,2026-09-05T19:00:05.127955+00:00
be:mun:23016,23016,Dilbeek,Dilbeek,Dilbeek,Flanders,Flemish Brabant,Arrondissement Halle-Vilvoorde,POPULATION_AGE_0_14,Population aged 0 to 14,count,2026,8035.0,A,2026-09-05T22:11:04.542942+00:00
be:mun:23016,23016,Dilbeek,Dilbeek,Dilbeek,Flanders,Flemish Brabant,Arrondissement Halle-Vilvoorde,POPULATION_AGE_15_64,Population aged 15 to 64,count,2026,27561.0,A,2026-09-05T22:11:04.542942+00:00
be:mun:23016,23016,Dilbeek,Dilbeek,Dilbeek,Flanders,Flemish Brabant,Arrondissement Halle-Vilvoorde,POPULATION_AGE_65_PLUS,Population aged 65 and over,count,2026,9515.0,A,2026-09-05T22:11:04.542942+00:00
be:mun:23016,23016,Dilbeek,Dilbeek,Dilbeek,Flanders,Flemish Brabant,Arrondissement Halle-Vilvoorde,POPULATION_BY_COMMUNE,Population,count,2026,45111.0,A,2026-09-05T20:42:19.277290+00:00
be:mun:23025,23025,Grimbergen,Grimbergen,Grimbergen,Flanders,Flemish Brabant,Arrondissement Halle-Vilvoorde,LOCAL_UNITS_BY_COMMUNE,Local business units,count,2023-Q4,5039.0,A,2026-09-05T19:00:05.127955+00:00
be:mun:23025,23025,Grimbergen,Grimbergen,Grimbergen,Flanders,Flemish Brabant,Arrondissement Halle-Vilvoorde,POPULATION_AGE_0_14,Population aged 0 to 14,count,2026,7344.0,A,2026-09-05T22:11:04.542942+00:00
be:mun:23025,23025,Grimbergen,Grimbergen,Grimbergen,Flanders,Flemish Brabant,Arrondissement Halle-Vilvoorde,POPULATION_AGE_15_64,Population aged 15 to 64,count,2026,25312.0,A,2026-09-05T22:11:04.542942+00:00
be:mun:23025,23025,Grimbergen,Grimbergen,Grimbergen,Flanders,Flemish Brabant,Arrondissement Halle-Vilvoorde,POPULATION_AGE_65_PLUS,Population aged 65 and over,count,2026,7835.0,A,2026-09-05T22:11:04.542942+00:00
be:mun:23025,23025,Grimbergen,Grimbergen,Grimbergen,Flanders,Flemish Brabant,Arrondissement Halle-Vilvoorde,POPULATION_BY_COMMUNE,Population,count,2026,40491.0,A,2026-09-05T20:42:19.277290+00:00
be:mun:23027,23027,Halle,Hal,Halle,Flanders,Flemish Brabant,Arrondissement Halle-Vilvoorde,LOCAL_UNITS_BY_COMMUNE,Local business units,count,2023-Q4,4101.0,A,2026-09-05T19:00:05.127955+00:00
be:mun:23027,23027,Halle,Hal,Halle,Flanders,Flemish Brabant,Arrondissement Halle-Vilvoorde,POPULATION_AGE_0_14,Population aged 0 to 14,count,2026,7442.0,A,2026-09-05T22:11:04.542942+00:00
be:mun:23027,23027,Halle,Hal,Halle,Flanders,Flemish Brabant,Arrondissement Halle-Vilvoorde,POPULATION_AGE_15_64,Population aged 15 to 64,count,2026,27137.0,A,2026-09-05T22:11:04.542942+00:00
be:mun:23027,23027,Halle,Hal,Halle,Flanders,Flemish Brabant,Arrondissement Halle-Vilvoorde,POPULATION_AGE_65_PLUS,Population aged 65 and over,count,2026,8552.0,A,2026-09-05T22:11:04.542942+00:00
be:mun:23027,23027,Halle,Hal,Halle,Flanders,Flemish Brabant,Arrondissement Halle-Vilvoorde,POPULATION_BY_COMMUNE,Population,count,2026,43131.0,A,2026-09-05T20:42:19.277290+00:00
be:mun:23033,23033,Hoeilaart,Hoeilaart,Hoeilaart,Flanders,Flemish Brabant,Arrondissement Halle-Vilvoorde,LOCAL_UNITS_BY_COMMUNE,Local business units,count,2023-Q4,1394.0,A,2026-09-05T19:00:05.127955+00:00
be:mun:23033,23033,Hoeilaart,Hoeilaart,Hoeilaart,Flanders,Flemish Brabant,Arrondissement Halle-Vilvoorde,POPULATION_AGE_0_14,Population aged 0 to 14,count,2026,2032.0,A,2026-09-05T22:11:04.542942+00:00
be:mun:23033,23033,Hoeilaart,Hoeilaart,Hoeilaart,Flanders,Flemish Brabant,Arrondissement Halle-Vilvoorde,POPULATION_AGE_15_64,Population aged 15 to 64,count,2026,7116.0,A,2026-09-05T22:11:04.542942+00:00
be:mun:23033,23033,Hoeilaart,Hoeilaart,Hoeilaart,Flanders,Flemish Brabant,Arrondissement Halle-Vilvoorde,POPULATION_AGE_65_PLUS,Population aged 65 and over,count,2026,2373.0,A,2026-09-05T22:11:04.542942+00:00
be:mun:23033,23033,Hoeilaart,Hoeilaart,Hoeilaart,Flanders,Flemish Brabant,Arrondissement Halle-Vilvoorde,POPULATION_BY_COMMUNE,Population,count,2026,11521.0,A,2026-09-05T20:42:19.277290+00:00
be:mun:23038,23038,Kampenhout,Kampenhout,Kampenhout,Flanders,Flemish Brabant,Arrondissement Halle-Vilvoorde,LOCAL_UNITS_BY_COMMUNE,Local business units,count,2023-Q4,1644.0,A,2026-09-05T19:00:05.127955+00:00
be:mun:23038,23038,Kampenhout,Kampenhout,Kampenhout,Flanders,Flemish Brabant,Arrondissement Halle-Vilvoorde,POPULATION_AGE_0_14,Population aged 0 to 14,count,2026,2034.0,A,2026-09-05T22:11:04.542942+00:00
be:mun:23038,23038,Kampenhout,Kampenhout,Kampenhout,Flanders,Flemish Brabant,Arrondissement Halle-Vilvoorde,POPULATION_AGE_15_64,Population aged 15 to 64,count,2026,8020.0,A,2026-09-05T22:11:04.542942+00:00
be:mun:23038,23038,Kampenhout,Kampenhout,Kampenhout,Flanders,Flemish Brabant,Arrondissement Halle-Vilvoorde,POPULATION_AGE_65_PLUS,Population aged 65 and over,count,2026,2546.0,A,2026-09-05T22:11:04.542942+00:00
be:mun:23038,23038,Kampenhout,Kampenhout,Kampenhout,Flanders,Flemish Brabant,Arrondissement Halle-Vilvoorde,POPULATION_BY_COMMUNE,Population,count,2026,12600.0,A,2026-09-05T20:42:19.277290+00:00
be:mun:23039,23039,Kapelle-op-den-Bos,Kapelle-op-den-Bos,Kapelle-op-den-Bos,Flanders,Flemish Brabant,Arrondissement Halle-Vilvoorde,LOCAL_UNITS_BY_COMMUNE,Local business units,count,2023-Q4,1031.0,A,2026-09-05T19:00:05.127955+00:00
be:mun:23039,23039,Kapelle-op-den-Bos,Kapelle-op-den-Bos,Kapelle-op-den-Bos,Flanders,Flemish Brabant,Arrondissement Halle-Vilvoorde,POPULATION_AGE_0_14,Population aged 0 to 14,count,2026,1497.0,A,2026-09-05T22:11:04.542942+00:00
be:mun:23039,23039,Kapelle-op-den-Bos,Kapelle-op-den-Bos,Kapelle-op-den-Bos,Flanders,Flemish Brabant,Arrondissement Halle-Vilvoorde,POPULATION_AGE_15_64,Population aged 15 to 64,count,2026,6100.0,A,2026-09-05T22:11:04.542942+00:00
be:mun:23039,23039,Kapelle-op-den-Bos,Kapelle-op-den-Bos,Kapelle-op-den-Bos,Flanders,Flemish Brabant,Arrondissement Halle-Vilvoorde,POPULATION_AGE_65_PLUS,Population aged 65 and over,count,2026,2251.0,A,2026-09-05T22:11:04.542942+00:00
be:mun:23039,23039,Kapelle-op-den-Bos,Kapelle-op-den-Bos,Kapelle-op-den-Bos,Flanders,Flemish Brabant,Arrondissement Halle-Vilvoorde,POPULATION_BY_COMMUNE,Population,count,2026,9848.0,A,2026-09-05T20:42:19.277290+00:00
be:mun:23044,23044,Liedekerke,Liedekerke,Liedekerke,Flanders,Flemish Brabant,Arrondissement Halle-Vilvoorde,LOCAL_UNITS_BY_COMMUNE,Local business units,count,2023-Q4,1195.0,A,2026-09-05T19:00:05.127955+00:00
be:mun:23044,23044,Liedekerke,Liedekerke,Liedekerke,Flanders,Flemish Brabant,Arrondissement Halle-Vilvoorde,POPULATION_AGE_0_14,Population aged 0 to 14,count,2026,2427.0,A,2026-09-05T22:11:04.542942+00:00
be:mun:23044,23044,Liedekerke,Liedekerke,Liedekerke,Flanders,Flemish Brabant,Arrondissement Halle-Vilvoorde,POPULATION_AGE_15_64,Population aged 15 to 64,count,2026,8612.0,A,2026-09-05T22:11:04.542942+00:00
be:mun:23044,23044,Liedekerke,Liedekerke,Liedekerke,Flanders,Flemish Brabant,Arrondissement Halle-Vilvoorde,POPULATION_AGE_65_PLUS,Population aged 65 and over,count,2026,3074.0,A,2026-09-05T22:11:04.542942+00:00
be:mun:23044,23044,Liedekerke,Liedekerke,Liedekerke,Flanders,Flemish Brabant,Arrondissement Halle-Vilvoorde,POPULATION_BY_COMMUNE,Population,count,2026,14113.0,A,2026-09-05T20:42:19.277290+00:00
be:mun:23045,23045,Londerzeel,Londerzeel,Londerzeel,Flanders,Flemish Brabant,Arrondissement Halle-Vilvoorde,LOCAL_UNITS_BY_COMMUNE,Local business units,count,2023-Q4,2504.0,A,2026-09-05T19:00:05.127955+00:00
be:mun:23045,23045,Londerzeel,Londerzeel,Londerzeel,Flanders,Flemish Brabant,Arrondissement Halle-Vilvoorde,POPULATION_AGE_0_14,Population aged 0 to 14,count,2026,3100.0,A,2026-09-05T22:11:04.542942+00:00
be:mun:23045,23045,Londerzeel,Londerzeel,Londerzeel,Flanders,Flemish Brabant,Arrondissement Halle-Vilvoorde,POPULATION_AGE_15_64,Population aged 15 to 64,count,2026,12184.0,A,2026-09-05T22:11:04.542942+00:00
be:mun:23045,23045,Londerzeel,Londerzeel,Londerzeel,Flanders,Flemish Brabant,Arrondissement Halle-Vilvoorde,POPULATION_AGE_65_PLUS,Population aged 65 and over,count,2026,4314.0,A,2026-09-05T22:11:04.542942+00:00
be:mun:23045,23045,Londerzeel,Londerzeel,Londerzeel,Flanders,Flemish Brabant,Arrondissement Halle-Vilvoorde,POPULATION_BY_COMMUNE,Population,count,2026,19598.0,A,2026-09-05T20:42:19.277290+00:00
be:mun:23047,23047,Machelen,Machelen,Machelen,Flanders,Flemish Brabant,Arrondissement Halle-Vilvoorde,LOCAL_UNITS_BY_COMMUNE,Local business units,count,2023-Q4,2614.0,A,2026-09-05T19:00:05.127955+00:00
be:mun:23047,23047,Machelen,Machelen,Machelen,Flanders,Flemish Brabant,Arrondissement Halle-Vilvoorde,POPULATION_AGE_0_14,Population aged 0 to 14,count,2026,3343.0,A,2026-09-05T22:11:04.542942+00:00
be:mun:23047,23047,Machelen,Machelen,Machelen,Flanders,Flemish Brabant,Arrondissement Halle-Vilvoorde,POPULATION_AGE_15_64,Population aged 15 to 64,count,2026,11346.0,A,2026-09-05T22:11:04.542942+00:00
be:mun:23047,23047,Machelen,Machelen,Machelen,Flanders,Flemish Brabant,Arrondissement Halle-Vilvoorde,POPULATION_AGE_65_PLUS,Population aged 65 and over,count,2026,2426.0,A,2026-09-05T22:11:04.542942+00:00
be:mun:23047,23047,Machelen,Machelen,Machelen,Flanders,Flemish Brabant,Arrondissement Halle-Vilvoorde,POPULATION_BY_COMMUNE,Population,count,2026,17115.0,A,2026-09-05T20:42:19.277290+00:00
be:mun:23050,23050,Meise,Meise,Meise,Flanders,Flemish Brabant,Arrondissement Halle-Vilvoorde,LOCAL_UNITS_BY_COMMUNE,Local business units,count,2023-Q4,2721.0,A,2026-09-05T19:00:05.127955+00:00
be:mun:23050,23050,Meise,Meise,Meise,Flanders,Flemish Brabant,Arrondissement Halle-Vilvoorde,POPULATION_AGE_0_14,Population aged 0 to 14,count,2026,3560.0,A,2026-09-05T22:11:04.542942+00:00
be:mun:23050,23050,Meise,Meise,Meise,Flanders,Flemish Brabant,Arrondissement Halle-Vilvoorde,POPULATION_AGE_15_64,Population aged 15 to 64,count,2026,12373.0,A,2026-09-05T22:11:04.542942+00:00
be:mun:23050,23050,Meise,Meise,Meise,Flanders,Flemish Brabant,Arrondissement Halle-Vilvoorde,POPULATION_AGE_65_PLUS,Population aged 65 and over,count,2026,4659.0,A,2026-09-05T22:11:04.542942+00:00
be:mun:23050,23050,Meise,Meise,Meise,Flanders,Flemish Brabant,Arrondissement Halle-Vilvoorde,POPULATION_BY_COMMUNE,Population,count,2026,20592.0,A,2026-09-05T20:42:19.277290+00:00
be:mun:23052,23052,Merchtem,Merchtem,Merchtem,Flanders,Flemish Brabant,Arrondissement Halle-Vilvoorde,LOCAL_UNITS_BY_COMMUNE,Local business units,count,2023-Q4,2302.0,A,2026-09-05T19:00:05.127955+00:00
be:mun:23052,23052,Merchtem,Merchtem,Merchtem,Flanders,Flemish Brabant,Arrondissement Halle-Vilvoorde,POPULATION_AGE_0_14,Population aged 0 to 14,count,2026,3141.0,A,2026-09-05T22:11:04.542942+00:00
be:mun:23052,23052,Merchtem,Merchtem,Merchtem,Flanders,Flemish Brabant,Arrondissement Halle-Vilvoorde,POPULATION_AGE_15_64,Population aged 15 to 64,count,2026,11359.0,A,2026-09-05T22:11:04.542942+00:00
be:mun:23052,23052,Merchtem,Merchtem,Merchtem,Flanders,Flemish Brabant,Arrondissement Halle-Vilvoorde,POPULATION_AGE_65_PLUS,Population aged 65 and over,count,2026,3967.0,A,2026-09-05T22:11:04.542942+00:00
be:mun:23052,23052,Merchtem,Merchtem,Merchtem,Flanders,Flemish Brabant,Arrondissement Halle-Vilvoorde,POPULATION_BY_COMMUNE,Population,count,2026,18467.0,A,2026-09-05T20:42:19.277290+00:00
be:mun:23060,23060,Opwijk,Opwijk,Opwijk,Flanders,Flemish Brabant,Arrondissement Halle-Vilvoorde,LOCAL_UNITS_BY_COMMUNE,Local business units,count,2023-Q4,1652.0,A,2026-09-05T19:00:05.127955+00:00
be:mun:23060,23060,Opwijk,Opwijk,Opwijk,Flanders,Flemish Brabant,Arrondissement Halle-Vilvoorde,POPULATION_AGE_0_14,Population aged 0 to 14,count,2026,2527.0,A,2026-09-05T22:11:04.542942+00:00
be:mun:23060,23060,Opwijk,Opwijk,Opwijk,Flanders,Flemish Brabant,Arrondissement Halle-Vilvoorde,POPULATION_AGE_15_64,Population aged 15 to 64,count,2026,9478.0,A,2026-09-05T22:11:04.542942+00:00
be:mun:23060,23060,Opwijk,Opwijk,Opwijk,Flanders,Flemish Brabant,Arrondissement Halle-Vilvoorde,POPULATION_AGE_65_PLUS,Population aged 65 and over,count,2026,3138.0,A,2026-09-05T22:11:04.542942+00:00
be:mun:23060,23060,Opwijk,Opwijk,Opwijk,Flanders,Flemish Brabant,Arrondissement Halle-Vilvoorde,POPULATION_BY_COMMUNE,Population,count,2026,15143.0,A,2026-09-05T20:42:19.277290+00:00
be:mun:23062,23062,Overijse,Overijse,Overijse,Flanders,Flemish Brabant,Arrondissement Halle-Vilvoorde,LOCAL_UNITS_BY_COMMUNE,Local business units,count,2023-Q4,3995.0,A,2026-09-05T19:00:05.127955+00:00
be:mun:23062,23062,Overijse,Overijse,Overijse,Flanders,Flemish Brabant,Arrondissement Halle-Vilvoorde,POPULATION_AGE_0_14,Population aged 0 to 14,count,2026,4666.0,A,2026-09-05T22:11:04.542942+00:00
be:mun:23062,23062,Overijse,Overijse,Overijse,Flanders,Flemish Brabant,Arrondissement Halle-Vilvoorde,POPULATION_AGE_15_64,Population aged 15 to 64,count,2026,16393.0,A,2026-09-05T22:11:04.542942+00:00
be:mun:23062,23062,Overijse,Overijse,Overijse,Flanders,Flemish Brabant,Arrondissement Halle-Vilvoorde,POPULATION_AGE_65_PLUS,Population aged 65 and over,count,2026,5393.0,A,2026-09-05T22:11:04.542942+00:00
be:mun:23062,23062,Overijse,Overijse,Overijse,Flanders,Flemish Brabant,Arrondissement Halle-Vilvoorde,POPULATION_BY_COMMUNE,Population,count,2026,26452.0,A,2026-09-05T20:42:19.277290+00:00
be:mun:23064,23064,Pepingen,Pepingen,Pepingen,Flanders,Flemish Brabant,Arrondissement Halle-Vilvoorde,LOCAL_UNITS_BY_COMMUNE,Local business units,count,2023-Q4,703.0,A,2026-09-05T19:00:05.127955+00:00
be:mun:23064,23064,Pepingen,Pepingen,Pepingen,Flanders,Flemish Brabant,Arrondissement Halle-Vilvoorde,POPULATION_AGE_0_14,Population aged 0 to 14,count,2026,694.0,A,2026-09-05T22:11:04.542942+00:00
be:mun:23064,23064,Pepingen,Pepingen,Pepingen,Flanders,Flemish Brabant,Arrondissement Halle-Vilvoorde,POPULATION_AGE_15_64,Population aged 15 to 64,count,2026,2768.0,A,2026-09-05T22:11:04.542942+00:00
be:mun:23064,23064,Pepingen,Pepingen,Pepingen,Flanders,Flemish Brabant,Arrondissement Halle-Vilvoorde,POPULATION_AGE_65_PLUS,Population aged 65 and over,count,2026,1084.0,A,2026-09-05T22:11:04.542942+00:00
be:mun:23064,23064,Pepingen,Pepingen,Pepingen,Flanders,Flemish Brabant,Arrondissement Halle-Vilvoorde,POPULATION_BY_COMMUNE,Population,count,2026,4546.0,A,2026-09-05T20:42:19.277290+00:00
be:mun:23077,23077,Sint-Pieters-Leeuw,Sint-Pieters-Leeuw,Sint-Pieters-Leeuw,Flanders,Flemish Brabant,Arrondissement Halle-Vilvoorde,LOCAL_UNITS_BY_COMMUNE,Local business units,count,2023-Q4,4389.0,A,2026-09-05T19:00:05.127955+00:00
be:mun:23077,23077,Sint-Pieters-Leeuw,Sint-Pieters-Leeuw,Sint-Pieters-Leeuw,Flanders,Flemish Brabant,Arrondissement Halle-Vilvoorde,POPULATION_AGE_0_14,Population aged 0 to 14,count,2026,6910.0,A,2026-09-05T22:11:04.542942+00:00
be:mun:23077,23077,Sint-Pieters-Leeuw,Sint-Pieters-Leeuw,Sint-Pieters-Leeuw,Flanders,Flemish Brabant,Arrondissement Halle-Vilvoorde,POPULATION_AGE_15_64,Population aged 15 to 64,count,2026,23276.0,A,2026-09-05T22:11:04.542942+00:00
be:mun:23077,23077,Sint-Pieters-Leeuw,Sint-Pieters-Leeuw,Sint-Pieters-Leeuw,Flanders,Flemish Brabant,Arrondissement Halle-Vilvoorde,POPULATION_AGE_65_PLUS,Population aged 65 and over,count,2026,6869.0,A,2026-09-05T22:11:04.542942+00:00
be:mun:23077,23077,Sint-Pieters-Leeuw,Sint-Pieters-Leeuw,Sint-Pieters-Leeuw,Flanders,Flemish Brabant,Arrondissement Halle-Vilvoorde,POPULATION_BY_COMMUNE,Population,count,2026,37055.0,A,2026-09-05T20:42:19.277290+00:00
be:mun:23081,23081,Steenokkerzeel,Steenokkerzeel,Steenokkerzeel,Flanders,Flemish Brabant,Arrondissement Halle-Vilvoorde,LOCAL_UNITS_BY_COMMUNE,Local business units,count,2023-Q4,1274.0,A,2026-09-05T19:00:05.127955+00:00
be:mun:23081,23081,Steenokkerzeel,Steenokkerzeel,Steenokkerzeel,Flanders,Flemish Brabant,Arrondissement Halle-Vilvoorde,POPULATION_AGE_0_14,Population aged 0 to 14,count,2026,2239.0,A,2026-09-05T22:11:04.542942+00:00
be:mun:23081,23081,Steenokkerzeel,Steenokkerzeel,Steenokkerzeel,Flanders,Flemish Brabant,Arrondissement Halle-Vilvoorde,POPULATION_AGE_15_64,Population aged 15 to 64,count,2026,7821.0,A,2026-09-05T22:11:04.542942+00:00
be:mun:23081,23081,Steenokkerzeel,Steenokkerzeel,Steenokkerzeel,Flanders,Flemish Brabant,Arrondissement Halle-Vilvoorde,POPULATION_AGE_65_PLUS,Population aged 65 and over,count,2026,2677.0,A,2026-09-05T22:11:04.542942+00:00
be:mun:23081,23081,Steenokkerzeel,Steenokkerzeel,Steenokkerzeel,Flanders,Flemish Brabant,Arrondissement Halle-Vilvoorde,POPULATION_BY_COMMUNE,Population,count,2026,12737.0,A,2026-09-05T20:42:19.277290+00:00
be:mun:23086,23086,Ternat,Ternat,Ternat,Flanders,Flemish Brabant,Arrondissement Halle-Vilvoorde,LOCAL_UNITS_BY_COMMUNE,Local business units,count,2023-Q4,2289.0,A,2026-09-05T19:00:05.127955+00:00
be:mun:23086,23086,Ternat,Ternat,Ternat,Flanders,Flemish Brabant,Arrondissement Halle-Vilvoorde,POPULATION_AGE_0_14,Population aged 0 to 14,count,2026,2836.0,A,2026-09-05T22:11:04.542942+00:00
be:mun:23086,23086,Ternat,Ternat,Ternat,Flanders,Flemish Brabant,Arrondissement Halle-Vilvoorde,POPULATION_AGE_15_64,Population aged 15 to 64,count,2026,10292.0,A,2026-09-05T22:11:04.542942+00:00
be:mun:23086,23086,Ternat,Ternat,Ternat,Flanders,Flemish Brabant,Arrondissement Halle-Vilvoorde,POPULATION_AGE_65_PLUS,Population aged 65 and over,count,2026,3614.0,A,2026-09-05T22:11:04.542942+00:00
be:mun:23086,23086,Ternat,Ternat,Ternat,Flanders,Flemish Brabant,Arrondissement Halle-Vilvoorde,POPULATION_BY_COMMUNE,Population,count,2026,16742.0,A,2026-09-05T20:42:19.277290+00:00
be:mun:23088,23088,Vilvoorde,Vilvorde,Vilvoorde,Flanders,Flemish Brabant,Arrondissement Halle-Vilvoorde,LOCAL_UNITS_BY_COMMUNE,Local business units,count,2023-Q4,3994.0,A,2026-09-05T19:00:05.127955+00:00
be:mun:23088,23088,Vilvoorde,Vilvorde,Vilvoorde,Flanders,Flemish Brabant,Arrondissement Halle-Vilvoorde,POPULATION_AGE_0_14,Population aged 0 to 14,count,2026,9866.0,A,2026-09-05T22:11:04.542942+00:00
be:mun:23088,23088,Vilvoorde,Vilvorde,Vilvoorde,Flanders,Flemish Brabant,Arrondissement Halle-Vilvoorde,POPULATION_AGE_15_64,Population aged 15 to 64,count,2026,31507.0,A,2026-09-05T22:11:04.542942+00:00
be:mun:23088,23088,Vilvoorde,Vilvorde,Vilvoorde,Flanders,Flemish Brabant,Arrondissement Halle-Vilvoorde,POPULATION_AGE_65_PLUS,Population aged 65 and over,count,2026,7040.0,A,2026-09-05T22:11:04.542942+00:00
be:mun:23088,23088,Vilvoorde,Vilvorde,Vilvoorde,Flanders,Flemish Brabant,Arrondissement Halle-Vilvoorde,POPULATION_BY_COMMUNE,Population,count,2026,48413.0,A,2026-09-05T20:42:19.277290+00:00
be:mun:23094,23094,Zaventem,Zaventem,Zaventem,Flanders,Flemish Brabant,Arrondissement Halle-Vilvoorde,LOCAL_UNITS_BY_COMMUNE,Local business units,count,2023-Q4,6874.0,A,2026-09-05T19:00:05.127955+00:00
be:mun:23094,23094,Zaventem,Zaventem,Zaventem,Flanders,Flemish Brabant,Arrondissement Halle-Vilvoorde,POPULATION_AGE_0_14,Population aged 0 to 14,count,2026,7036.0,A,2026-09-05T22:11:04.542942+00:00
be:mun:23094,23094,Zaventem,Zaventem,Zaventem,Flanders,Flemish Brabant,Arrondissement Halle-Vilvoorde,POPULATION_AGE_15_64,Population aged 15 to 64,count,2026,24331.0,A,2026-09-05T22:11:04.542942+00:00
be:mun:23094,23094,Zaventem,Zaventem,Zaventem,Flanders,Flemish Brabant,Arrondissement Halle-Vilvoorde,POPULATION_AGE_65_PLUS,Population aged 65 and over,count,2026,6151.0,A,2026-09-05T22:11:04.542942+00:00
be:mun:23094,23094,Zaventem,Zaventem,Zaventem,Flanders,Flemish Brabant,Arrondissement Halle-Vilvoorde,POPULATION_BY_COMMUNE,Population,count,2026,37518.0,A,2026-09-05T20:42:19.277290+00:00
be:mun:23096,23096,Zemst,Zemst,Zemst,Flanders,Flemish Brabant,Arrondissement Halle-Vilvoorde,LOCAL_UNITS_BY_COMMUNE,Local business units,count,2023-Q4,2456.0,A,2026-09-05T19:00:05.127955+00:00
be:mun:23096,23096,Zemst,Zemst,Zemst,Flanders,Flemish Brabant,Arrondissement Halle-Vilvoorde,POPULATION_AGE_0_14,Population aged 0 to 14,count,2026,3689.0,A,2026-09-05T22:11:04.542942+00:00
be:mun:23096,23096,Zemst,Zemst,Zemst,Flanders,Flemish Brabant,Arrondissement Halle-Vilvoorde,POPULATION_AGE_15_64,Population aged 15 to 64,count,2026,14405.0,A,2026-09-05T22:11:04.542942+00:00
be:mun:23096,23096,Zemst,Zemst,Zemst,Flanders,Flemish Brabant,Arrondissement Halle-Vilvoorde,POPULATION_AGE_65_PLUS,Population aged 65 and over,count,2026,5273.0,A,2026-09-05T22:11:04.542942+00:00
be:mun:23096,23096,Zemst,Zemst,Zemst,Flanders,Flemish Brabant,Arrondissement Halle-Vilvoorde,POPULATION_BY_COMMUNE,Population,count,2026,23367.0,A,2026-09-05T20:42:19.277290+00:00
be:mun:23097,23097,Roosdaal,Roosdaal,Roosdaal,Flanders,Flemish Brabant,Arrondissement Halle-Vilvoorde,LOCAL_UNITS_BY_COMMUNE,Local business units,count,2023-Q4,1344.0,A,2026-09-05T19:00:05.127955+00:00
be:mun:23097,23097,Roosdaal,Roosdaal,Roosdaal,Flanders,Flemish Brabant,Arrondissement Halle-Vilvoorde,POPULATION_AGE_0_14,Population aged 0 to 14,count,2026,1975.0,A,2026-09-05T22:11:04.542942+00:00
be:mun:23097,23097,Roosdaal,Roosdaal,Roosdaal,Flanders,Flemish Brabant,Arrondissement Halle-Vilvoorde,POPULATION_AGE_15_64,Population aged 15 to 64,count,2026,7555.0,A,2026-09-05T22:11:04.542942+00:00
be:mun:23097,23097,Roosdaal,Roosdaal,Roosdaal,Flanders,Flemish Brabant,Arrondissement Halle-Vilvoorde,POPULATION_AGE_65_PLUS,Population aged 65 and over,count,2026,2633.0,A,2026-09-05T22:11:04.542942+00:00
be:mun:23097,23097,Roosdaal,Roosdaal,Roosdaal,Flanders,Flemish Brabant,Arrondissement Halle-Vilvoorde,POPULATION_BY_COMMUNE,Population,count,2026,12163.0,A,2026-09-05T20:42:19.277290+00:00
be:mun:23098,23098,Drogenbos,Drogenbos,Drogenbos,Flanders,Flemish Brabant,Arrondissement Halle-Vilvoorde,LOCAL_UNITS_BY_COMMUNE,Local business units,count,2023-Q4,996.0,A,2026-09-05T19:00:05.127955+00:00
be:mun:23098,23098,Drogenbos,Drogenbos,Drogenbos,Flanders,Flemish Brabant,Arrondissement Halle-Vilvoorde,POPULATION_AGE_0_14,Population aged 0 to 14,count,2026,1104.0,A,2026-09-05T22:11:04.542942+00:00
be:mun:23098,23098,Drogenbos,Drogenbos,Drogenbos,Flanders,Flemish Brabant,Arrondissement Halle-Vilvoorde,POPULATION_AGE_15_64,Population aged 15 to 64,count,2026,3941.0,A,2026-09-05T22:11:04.542942+00:00
be:mun:23098,23098,Drogenbos,Drogenbos,Drogenbos,Flanders,Flemish Brabant,Arrondissement Halle-Vilvoorde,POPULATION_AGE_65_PLUS,Population aged 65 and over,count,2026,1022.0,A,2026-09-05T22:11:04.542942+00:00
be:mun:23098,23098,Drogenbos,Drogenbos,Drogenbos,Flanders,Flemish Brabant,Arrondissement Halle-Vilvoorde,POPULATION_BY_COMMUNE,Population,count,2026,6067.0,A,2026-09-05T20:42:19.277290+00:00
be:mun:23099,23099,Kraainem,Kraainem,Kraainem,Flanders,Flemish Brabant,Arrondissement Halle-Vilvoorde,LOCAL_UNITS_BY_COMMUNE,Local business units,count,2023-Q4,2225.0,A,2026-09-05T19:00:05.127955+00:00
be:mun:23099,23099,Kraainem,Kraainem,Kraainem,Flanders,Flemish Brabant,Arrondissement Halle-Vilvoorde,POPULATION_AGE_0_14,Population aged 0 to 14,count,2026,2567.0,A,2026-09-05T22:11:04.542942+00:00
be:mun:23099,23099,Kraainem,Kraainem,Kraainem,Flanders,Flemish Brabant,Arrondissement Halle-Vilvoorde,POPULATION_AGE_15_64,Population aged 15 to 64,count,2026,8740.0,A,2026-09-05T22:11:04.542942+00:00
be:mun:23099,23099,Kraainem,Kraainem,Kraainem,Flanders,Flemish Brabant,Arrondissement Halle-Vilvoorde,POPULATION_AGE_65_PLUS,Population aged 65 and over,count,2026,2678.0,A,2026-09-05T22:11:04.542942+00:00
be:mun:23099,23099,Kraainem,Kraainem,Kraainem,Flanders,Flemish Brabant,Arrondissement Halle-Vilvoorde,POPULATION_BY_COMMUNE,Population,count,2026,13985.0,A,2026-09-05T20:42:19.277290+00:00
be:mun:23100,23100,Linkebeek,Linkebeek,Linkebeek,Flanders,Flemish Brabant,Arrondissement Halle-Vilvoorde,LOCAL_UNITS_BY_COMMUNE,Local business units,count,2023-Q4,719.0,A,2026-09-05T19:00:05.127955+00:00
be:mun:23100,23100,Linkebeek,Linkebeek,Linkebeek,Flanders,Flemish Brabant,Arrondissement Halle-Vilvoorde,POPULATION_AGE_0_14,Population aged 0 to 14,count,2026,786.0,A,2026-09-05T22:11:04.542942+00:00
be:mun:23100,23100,Linkebeek,Linkebeek,Linkebeek,Flanders,Flemish Brabant,Arrondissement Halle-Vilvoorde,POPULATION_AGE_15_64,Population aged 15 to 64,count,2026,2864.0,A,2026-09-05T22:11:04.542942+00:00
be:mun:23100,23100,Linkebeek,Linkebeek,Linkebeek,Flanders,Flemish Brabant,Arrondissement Halle-Vilvoorde,POPULATION_AGE_65_PLUS,Population aged 65 and over,count,2026,1023.0,A,2026-09-05T22:11:04.542942+00:00
be:mun:23100,23100,Linkebeek,Linkebeek,Linkebeek,Flanders,Flemish Brabant,Arrondissement Halle-Vilvoorde,POPULATION_BY_COMMUNE,Population,count,2026,4673.0,A,2026-09-05T20:42:19.277290+00:00
be:mun:23101,23101,Sint-Genesius-Rode,Rhode-Saint-Genèse,Sint-Genesius-Rode,Flanders,Flemish Brabant,Arrondissement Halle-Vilvoorde,LOCAL_UNITS_BY_COMMUNE,Local business units,count,2023-Q4,3027.0,A,2026-09-05T19:00:05.127955+00:00
be:mun:23101,23101,Sint-Genesius-Rode,Rhode-Saint-Genèse,Sint-Genesius-Rode,Flanders,Flemish Brabant,Arrondissement Halle-Vilvoorde,POPULATION_AGE_0_14,Population aged 0 to 14,count,2026,3227.0,A,2026-09-05T22:11:04.542942+00:00
be:mun:23101,23101,Sint-Genesius-Rode,Rhode-Saint-Genèse,Sint-Genesius-Rode,Flanders,Flemish Brabant,Arrondissement Halle-Vilvoorde,POPULATION_AGE_15_64,Population aged 15 to 64,count,2026,11394.0,A,2026-09-05T22:11:04.542942+00:00
be:mun:23101,23101,Sint-Genesius-Rode,Rhode-Saint-Genèse,Sint-Genesius-Rode,Flanders,Flemish Brabant,Arrondissement Halle-Vilvoorde,POPULATION_AGE_65_PLUS,Population aged 65 and over,count,2026,4001.0,A,2026-09-05T22:11:04.542942+00:00
be:mun:23101,23101,Sint-Genesius-Rode,Rhode-Saint-Genèse,Sint-Genesius-Rode,Flanders,Flemish Brabant,Arrondissement Halle-Vilvoorde,POPULATION_BY_COMMUNE,Population,count,2026,18622.0,A,2026-09-05T20:42:19.277290+00:00
be:mun:23102,23102,Wemmel,Wemmel,Wemmel,Flanders,Flemish Brabant,Arrondissement Halle-Vilvoorde,LOCAL_UNITS_BY_COMMUNE,Local business units,count,2023-Q4,3294.0,A,2026-09-05T19:00:05.127955+00:00
be:mun:23102,23102,Wemmel,Wemmel,Wemmel,Flanders,Flemish Brabant,Arrondissement Halle-Vilvoorde,POPULATION_AGE_0_14,Population aged 0 to 14,count,2026,3461.0,A,2026-09-05T22:11:04.542942+00:00
be:mun:23102,23102,Wemmel,Wemmel,Wemmel,Flanders,Flemish Brabant,Arrondissement Halle-Vilvoorde,POPULATION_AGE_15_64,Population aged 15 to 64,count,2026,11318.0,A,2026-09-05T22:11:04.542942+00:00
be:mun:23102,23102,Wemmel,Wemmel,Wemmel,Flanders,Flemish Brabant,Arrondissement Halle-Vilvoorde,POPULATION_AGE_65_PLUS,Population aged 65 and over,count,2026,3491.0,A,2026-09-05T22:11:04.542942+00:00
be:mun:23102,23102,Wemmel,Wemmel,Wemmel,Flanders,Flemish Brabant,Arrondissement Halle-Vilvoorde,POPULATION_BY_COMMUNE,Population,count,2026,18270.0,A,2026-09-05T20:42:19.277290+00:00
be:mun:23103,23103,Wezembeek-Oppem,Wezembeek-Oppem,Wezembeek-Oppem,Flanders,Flemish Brabant,Arrondissement Halle-Vilvoorde,LOCAL_UNITS_BY_COMMUNE,Local business units,count,2023-Q4,1689.0,A,2026-09-05T19:00:05.127955+00:00
be:mun:23103,23103,Wezembeek-Oppem,Wezembeek-Oppem,Wezembeek-Oppem,Flanders,Flemish Brabant,Arrondissement Halle-Vilvoorde,POPULATION_AGE_0_14,Population aged 0 to 14,count,2026,2768.0,A,2026-09-05T22:11:04.542942+00:00
be:mun:23103,23103,Wezembeek-Oppem,Wezembeek-Oppem,Wezembeek-Oppem,Flanders,Flemish Brabant,Arrondissement Halle-Vilvoorde,POPULATION_AGE_15_64,Population aged 15 to 64,count,2026,9055.0,A,2026-09-05T22:11:04.542942+00:00
be:mun:23103,23103,Wezembeek-Oppem,Wezembeek-Oppem,Wezembeek-Oppem,Flanders,Flemish Brabant,Arrondissement Halle-Vilvoorde,POPULATION_AGE_65_PLUS,Population aged 65 and over,count,2026,3107.0,A,2026-09-05T22:11:04.542942+00:00
be:mun:23103,23103,Wezembeek-Oppem,Wezembeek-Oppem,Wezembeek-Oppem,Flanders,Flemish Brabant,Arrondissement Halle-Vilvoorde,POPULATION_BY_COMMUNE,Population,count,2026,14930.0,A,2026-09-05T20:42:19.277290+00:00
be:mun:23104,23104,Lennik,Lennik,Lennik,Flanders,Flemish Brabant,Arrondissement Halle-Vilvoorde,LOCAL_UNITS_BY_COMMUNE,Local business units,count,2023-Q4,1370.0,A,2026-09-05T19:00:05.127955+00:00
be:mun:23104,23104,Lennik,Lennik,Lennik,Flanders,Flemish Brabant,Arrondissement Halle-Vilvoorde,POPULATION_AGE_0_14,Population aged 0 to 14,count,2026,1462.0,A,2026-09-05T22:11:04.542942+00:00
be:mun:23104,23104,Lennik,Lennik,Lennik,Flanders,Flemish Brabant,Arrondissement Halle-Vilvoorde,POPULATION_AGE_15_64,Population aged 15 to 64,count,2026,5626.0,A,2026-09-05T22:11:04.542942+00:00
be:mun:23104,23104,Lennik,Lennik,Lennik,Flanders,Flemish Brabant,Arrondissement Halle-Vilvoorde,POPULATION_AGE_65_PLUS,Population aged 65 and over,count,2026,2312.0,A,2026-09-05T22:11:04.542942+00:00
be:mun:23104,23104,Lennik,Lennik,Lennik,Flanders,Flemish Brabant,Arrondissement Halle-Vilvoorde,POPULATION_BY_COMMUNE,Population,count,2026,9400.0,A,2026-09-05T20:42:19.277290+00:00
be:mun:23105,23105,Affligem,Affligem,Affligem,Flanders,Flemish Brabant,Arrondissement Halle-Vilvoorde,LOCAL_UNITS_BY_COMMUNE,Local business units,count,2023-Q4,1491.0,A,2026-09-05T19:00:05.127955+00:00
be:mun:23105,23105,Affligem,Affligem,Affligem,Flanders,Flemish Brabant,Arrondissement Halle-Vilvoorde,POPULATION_AGE_0_14,Population aged 0 to 14,count,2026,2381.0,A,2026-09-05T22:11:04.542942+00:00
be:mun:23105,23105,Affligem,Affligem,Affligem,Flanders,Flemish Brabant,Arrondissement Halle-Vilvoorde,POPULATION_AGE_15_64,Population aged 15 to 64,count,2026,8629.0,A,2026-09-05T22:11:04.542942+00:00
be:mun:23105,23105,Affligem,Affligem,Affligem,Flanders,Flemish Brabant,Arrondissement Halle-Vilvoorde,POPULATION_AGE_65_PLUS,Population aged 65 and over,count,2026,2890.0,A,2026-09-05T22:11:04.542942+00:00
be:mun:23105,23105,Affligem,Affligem,Affligem,Flanders,Flemish Brabant,Arrondissement Halle-Vilvoorde,POPULATION_BY_COMMUNE,Population,count,2026,13900.0,A,2026-09-05T20:42:19.277290+00:00
be:mun:23106,23106,Pajottegem,Pajottegem,Pajottegem,Flanders,Flemish Brabant,Arrondissement Halle-Vilvoorde,LOCAL_UNITS_BY_COMMUNE,Local business units,count,2023-Q4,3262.0,A,2026-09-05T19:00:05.127955+00:00
be:mun:23106,23106,Pajottegem,Pajottegem,Pajottegem,Flanders,Flemish Brabant,Arrondissement Halle-Vilvoorde,POPULATION_AGE_0_14,Population aged 0 to 14,count,2026,3852.0,A,2026-09-05T22:11:04.542942+00:00
be:mun:23106,23106,Pajottegem,Pajottegem,Pajottegem,Flanders,Flemish Brabant,Arrondissement Halle-Vilvoorde,POPULATION_AGE_15_64,Population aged 15 to 64,count,2026,15885.0,A,2026-09-05T22:11:04.542942+00:00
be:mun:23106,23106,Pajottegem,Pajottegem,Pajottegem,Flanders,Flemish Brabant,Arrondissement Halle-Vilvoorde,POPULATION_AGE_65_PLUS,Population aged 65 and over,count,2026,5764.0,A,2026-09-05T22:11:04.542942+00:00
be:mun:23106,23106,Pajottegem,Pajottegem,Pajottegem,Flanders,Flemish Brabant,Arrondissement Halle-Vilvoorde,POPULATION_BY_COMMUNE,Population,count,2026,25501.0,A,2026-09-05T20:42:19.277290+00:00
be:mun:24001,24001,Aarschot,Aarschot,Aarschot,Flanders,Flemish Brabant,Arrondissement Leuven,LOCAL_UNITS_BY_COMMUNE,Local business units,count,2023-Q4,3884.0,A,2026-09-05T19:00:05.127955+00:00
be:mun:24001,24001,Aarschot,Aarschot,Aarschot,Flanders,Flemish Brabant,Arrondissement Leuven,POPULATION_AGE_0_14,Population aged 0 to 14,count,2026,4371.0,A,2026-09-05T22:11:04.542942+00:00
be:mun:24001,24001,Aarschot,Aarschot,Aarschot,Flanders,Flemish Brabant,Arrondissement Leuven,POPULATION_AGE_15_64,Population aged 15 to 64,count,2026,19837.0,A,2026-09-05T22:11:04.542942+00:00
be:mun:24001,24001,Aarschot,Aarschot,Aarschot,Flanders,Flemish Brabant,Arrondissement Leuven,POPULATION_AGE_65_PLUS,Population aged 65 and over,count,2026,7740.0,A,2026-09-05T22:11:04.542942+00:00
be:mun:24001,24001,Aarschot,Aarschot,Aarschot,Flanders,Flemish Brabant,Arrondissement Leuven,POPULATION_BY_COMMUNE,Population,count,2026,31948.0,A,2026-09-05T20:42:19.277290+00:00
be:mun:24007,24007,Begijnendijk,Begijnendijk,Begijnendijk,Flanders,Flemish Brabant,Arrondissement Leuven,LOCAL_UNITS_BY_COMMUNE,Local business units,count,2023-Q4,996.0,A,2026-09-05T19:00:05.127955+00:00
be:mun:24007,24007,Begijnendijk,Begijnendijk,Begijnendijk,Flanders,Flemish Brabant,Arrondissement Leuven,POPULATION_AGE_0_14,Population aged 0 to 14,count,2026,1406.0,A,2026-09-05T22:11:04.542942+00:00
be:mun:24007,24007,Begijnendijk,Begijnendijk,Begijnendijk,Flanders,Flemish Brabant,Arrondissement Leuven,POPULATION_AGE_15_64,Population aged 15 to 64,count,2026,6592.0,A,2026-09-05T22:11:04.542942+00:00
be:mun:24007,24007,Begijnendijk,Begijnendijk,Begijnendijk,Flanders,Flemish Brabant,Arrondissement Leuven,POPULATION_AGE_65_PLUS,Population aged 65 and over,count,2026,2670.0,A,2026-09-05T22:11:04.542942+00:00
be:mun:24007,24007,Begijnendijk,Begijnendijk,Begijnendijk,Flanders,Flemish Brabant,Arrondissement Leuven,POPULATION_BY_COMMUNE,Population,count,2026,10668.0,A,2026-09-05T20:42:19.277290+00:00
be:mun:24008,24008,Bekkevoort,Bekkevoort,Bekkevoort,Flanders,Flemish Brabant,Arrondissement Leuven,LOCAL_UNITS_BY_COMMUNE,Local business units,count,2023-Q4,901.0,A,2026-09-05T19:00:05.127955+00:00
be:mun:24008,24008,Bekkevoort,Bekkevoort,Bekkevoort,Flanders,Flemish Brabant,Arrondissement Leuven,POPULATION_AGE_0_14,Population aged 0 to 14,count,2026,954.0,A,2026-09-05T22:11:04.542942+00:00
be:mun:24008,24008,Bekkevoort,Bekkevoort,Bekkevoort,Flanders,Flemish Brabant,Arrondissement Leuven,POPULATION_AGE_15_64,Population aged 15 to 64,count,2026,4513.0,A,2026-09-05T22:11:04.542942+00:00
be:mun:24008,24008,Bekkevoort,Bekkevoort,Bekkevoort,Flanders,Flemish Brabant,Arrondissement Leuven,POPULATION_AGE_65_PLUS,Population aged 65 and over,count,2026,1498.0,A,2026-09-05T22:11:04.542942+00:00
be:mun:24008,24008,Bekkevoort,Bekkevoort,Bekkevoort,Flanders,Flemish Brabant,Arrondissement Leuven,POPULATION_BY_COMMUNE,Population,count,2026,6965.0,A,2026-09-05T20:42:19.277290+00:00
be:mun:24009,24009,Bertem,Bertem,Bertem,Flanders,Flemish Brabant,Arrondissement Leuven,LOCAL_UNITS_BY_COMMUNE,Local business units,count,2023-Q4,1131.0,A,2026-09-05T19:00:05.127955+00:00
be:mun:24009,24009,Bertem,Bertem,Bertem,Flanders,Flemish Brabant,Arrondissement Leuven,POPULATION_AGE_0_14,Population aged 0 to 14,count,2026,1744.0,A,2026-09-05T22:11:04.542942+00:00
be:mun:24009,24009,Bertem,Bertem,Bertem,Flanders,Flemish Brabant,Arrondissement Leuven,POPULATION_AGE_15_64,Population aged 15 to 64,count,2026,6440.0,A,2026-09-05T22:11:04.542942+00:00
be:mun:24009,24009,Bertem,Bertem,Bertem,Flanders,Flemish Brabant,Arrondissement Leuven,POPULATION_AGE_65_PLUS,Population aged 65 and over,count,2026,2210.0,A,2026-09-05T22:11:04.542942+00:00
be:mun:24009,24009,Bertem,Bertem,Bertem,Flanders,Flemish Brabant,Arrondissement Leuven,POPULATION_BY_COMMUNE,Population,count,2026,10394.0,A,2026-09-05T20:42:19.277290+00:00
be:mun:24011,24011,Bierbeek,Bierbeek,Bierbeek,Flanders,Flemish Brabant,Arrondissement Leuven,LOCAL_UNITS_BY_COMMUNE,Local business units,count,2023-Q4,1288.0,A,2026-09-05T19:00:05.127955+00:00
be:mun:24011,24011,Bierbeek,Bierbeek,Bierbeek,Flanders,Flemish Brabant,Arrondissement Leuven,POPULATION_AGE_0_14,Population aged 0 to 14,count,2026,1699.0,A,2026-09-05T22:11:04.542942+00:00
be:mun:24011,24011,Bierbeek,Bierbeek,Bierbeek,Flanders,Flemish Brabant,Arrondissement Leuven,POPULATION_AGE_15_64,Population aged 15 to 64,count,2026,6768.0,A,2026-09-05T22:11:04.542942+00:00
be:mun:24011,24011,Bierbeek,Bierbeek,Bierbeek,Flanders,Flemish Brabant,Arrondissement Leuven,POPULATION_AGE_65_PLUS,Population aged 65 and over,count,2026,2459.0,A,2026-09-05T22:11:04.542942+00:00
be:mun:24011,24011,Bierbeek,Bierbeek,Bierbeek,Flanders,Flemish Brabant,Arrondissement Leuven,POPULATION_BY_COMMUNE,Population,count,2026,10926.0,A,2026-09-05T20:42:19.277290+00:00
be:mun:24014,24014,Boortmeerbeek,Boortmeerbeek,Boortmeerbeek,Flanders,Flemish Brabant,Arrondissement Leuven,LOCAL_UNITS_BY_COMMUNE,Local business units,count,2023-Q4,1588.0,A,2026-09-05T19:00:05.127955+00:00
be:mun:24014,24014,Boortmeerbeek,Boortmeerbeek,Boortmeerbeek,Flanders,Flemish Brabant,Arrondissement Leuven,POPULATION_AGE_0_14,Population aged 0 to 14,count,2026,2295.0,A,2026-09-05T22:11:04.542942+00:00
be:mun:24014,24014,Boortmeerbeek,Boortmeerbeek,Boortmeerbeek,Flanders,Flemish Brabant,Arrondissement Leuven,POPULATION_AGE_15_64,Population aged 15 to 64,count,2026,8151.0,A,2026-09-05T22:11:04.542942+00:00
be:mun:24014,24014,Boortmeerbeek,Boortmeerbeek,Boortmeerbeek,Flanders,Flemish Brabant,Arrondissement Leuven,POPULATION_AGE_65_PLUS,Population aged 65 and over,count,2026,3001.0,A,2026-09-05T22:11:04.542942+00:00
be:mun:24014,24014,Boortmeerbeek,Boortmeerbeek,Boortmeerbeek,Flanders,Flemish Brabant,Arrondissement Leuven,POPULATION_BY_COMMUNE,Population,count,2026,13447.0,A,2026-09-05T20:42:19.277290+00:00
be:mun:24016,24016,Boutersem,Boutersem,Boutersem,Flanders,Flemish Brabant,Arrondissement Leuven,LOCAL_UNITS_BY_COMMUNE,Local business units,count,2023-Q4,990.0,A,2026-09-05T19:00:05.127955+00:00
be:mun:24016,24016,Boutersem,Boutersem,Boutersem,Flanders,Flemish Brabant,Arrondissement Leuven,POPULATION_AGE_0_14,Population aged 0 to 14,count,2026,1423.0,A,2026-09-05T22:11:04.542942+00:00
be:mun:24016,24016,Boutersem,Boutersem,Boutersem,Flanders,Flemish Brabant,Arrondissement Leuven,POPULATION_AGE_15_64,Population aged 15 to 64,count,2026,5410.0,A,2026-09-05T22:11:04.542942+00:00
be:mun:24016,24016,Boutersem,Boutersem,Boutersem,Flanders,Flemish Brabant,Arrondissement Leuven,POPULATION_AGE_65_PLUS,Population aged 65 and over,count,2026,1845.0,A,2026-09-05T22:11:04.542942+00:00
be:mun:24016,24016,Boutersem,Boutersem,Boutersem,Flanders,Flemish Brabant,Arrondissement Leuven,POPULATION_BY_COMMUNE,Population,count,2026,8678.0,A,2026-09-05T20:42:19.277290+00:00
be:mun:24020,24020,Diest,Diest,Diest,Flanders,Flemish Brabant,Arrondissement Leuven,LOCAL_UNITS_BY_COMMUNE,Local business units,count,2023-Q4,3122.0,A,2026-09-05T19:00:05.127955+00:00
be:mun:24020,24020,Diest,Diest,Diest,Flanders,Flemish Brabant,Arrondissement Leuven,POPULATION_AGE_0_14,Population aged 0 to 14,count,2026,3435.0,A,2026-09-05T22:11:04.542942+00:00
be:mun:24020,24020,Diest,Diest,Diest,Flanders,Flemish Brabant,Arrondissement Leuven,POPULATION_AGE_15_64,Population aged 15 to 64,count,2026,15462.0,A,2026-09-05T22:11:04.542942+00:00
be:mun:24020,24020,Diest,Diest,Diest,Flanders,Flemish Brabant,Arrondissement Leuven,POPULATION_AGE_65_PLUS,Population aged 65 and over,count,2026,6299.0,A,2026-09-05T22:11:04.542942+00:00
be:mun:24020,24020,Diest,Diest,Diest,Flanders,Flemish Brabant,Arrondissement Leuven,POPULATION_BY_COMMUNE,Population,count,2026,25196.0,A,2026-09-05T20:42:19.277290+00:00
be:mun:24028,24028,Geetbets,Geetbets,Geetbets,Flanders,Flemish Brabant,Arrondissement Leuven,LOCAL_UNITS_BY_COMMUNE,Local business units,count,2023-Q4,782.0,A,2026-09-05T19:00:05.127955+00:00
be:mun:24028,24028,Geetbets,Geetbets,Geetbets,Flanders,Flemish Brabant,Arrondissement Leuven,POPULATION_AGE_0_14,Population aged 0 to 14,count,2026,928.0,A,2026-09-05T22:11:04.542942+00:00
be:mun:24028,24028,Geetbets,Geetbets,Geetbets,Flanders,Flemish Brabant,Arrondissement Leuven,POPULATION_AGE_15_64,Population aged 15 to 64,count,2026,3986.0,A,2026-09-05T22:11:04.542942+00:00
be:mun:24028,24028,Geetbets,Geetbets,Geetbets,Flanders,Flemish Brabant,Arrondissement Leuven,POPULATION_AGE_65_PLUS,Population aged 65 and over,count,2026,1395.0,A,2026-09-05T22:11:04.542942+00:00
be:mun:24028,24028,Geetbets,Geetbets,Geetbets,Flanders,Flemish Brabant,Arrondissement Leuven,POPULATION_BY_COMMUNE,Population,count,2026,6309.0,A,2026-09-05T20:42:19.277290+00:00
be:mun:24033,24033,Haacht,Haacht,Haacht,Flanders,Flemish Brabant,Arrondissement Leuven,LOCAL_UNITS_BY_COMMUNE,Local business units,count,2023-Q4,1745.0,A,2026-09-05T19:00:05.127955+00:00
be:mun:24033,24033,Haacht,Haacht,Haacht,Flanders,Flemish Brabant,Arrondissement Leuven,POPULATION_AGE_0_14,Population aged 0 to 14,count,2026,2338.0,A,2026-09-05T22:11:04.542942+00:00
be:mun:24033,24033,Haacht,Haacht,Haacht,Flanders,Flemish Brabant,Arrondissement Leuven,POPULATION_AGE_15_64,Population aged 15 to 64,count,2026,9663.0,A,2026-09-05T22:11:04.542942+00:00
be:mun:24033,24033,Haacht,Haacht,Haacht,Flanders,Flemish Brabant,Arrondissement Leuven,POPULATION_AGE_65_PLUS,Population aged 65 and over,count,2026,3810.0,A,2026-09-05T22:11:04.542942+00:00
be:mun:24033,24033,Haacht,Haacht,Haacht,Flanders,Flemish Brabant,Arrondissement Leuven,POPULATION_BY_COMMUNE,Population,count,2026,15811.0,A,2026-09-05T20:42:19.277290+00:00
be:mun:24038,24038,Herent,Herent,Herent,Flanders,Flemish Brabant,Arrondissement Leuven,LOCAL_UNITS_BY_COMMUNE,Local business units,count,2023-Q4,2604.0,A,2026-09-05T19:00:05.127955+00:00
be:mun:24038,24038,Herent,Herent,Herent,Flanders,Flemish Brabant,Arrondissement Leuven,POPULATION_AGE_0_14,Population aged 0 to 14,count,2026,3782.0,A,2026-09-05T22:11:04.542942+00:00
be:mun:24038,24038,Herent,Herent,Herent,Flanders,Flemish Brabant,Arrondissement Leuven,POPULATION_AGE_15_64,Population aged 15 to 64,count,2026,14493.0,A,2026-09-05T22:11:04.542942+00:00
be:mun:24038,24038,Herent,Herent,Herent,Flanders,Flemish Brabant,Arrondissement Leuven,POPULATION_AGE_65_PLUS,Population aged 65 and over,count,2026,5012.0,A,2026-09-05T22:11:04.542942+00:00
be:mun:24038,24038,Herent,Herent,Herent,Flanders,Flemish Brabant,Arrondissement Leuven,POPULATION_BY_COMMUNE,Population,count,2026,23287.0,A,2026-09-05T20:42:19.277290+00:00
be:mun:24041,24041,Hoegaarden,Hoegaarden,Hoegaarden,Flanders,Flemish Brabant,Arrondissement Leuven,LOCAL_UNITS_BY_COMMUNE,Local business units,count,2023-Q4,815.0,A,2026-09-05T19:00:05.127955+00:00
be:mun:24041,24041,Hoegaarden,Hoegaarden,Hoegaarden,Flanders,Flemish Brabant,Arrondissement Leuven,POPULATION_AGE_0_14,Population aged 0 to 14,count,2026,1081.0,A,2026-09-05T22:11:04.542942+00:00
be:mun:24041,24041,Hoegaarden,Hoegaarden,Hoegaarden,Flanders,Flemish Brabant,Arrondissement Leuven,POPULATION_AGE_15_64,Population aged 15 to 64,count,2026,4502.0,A,2026-09-05T22:11:04.542942+00:00
be:mun:24041,24041,Hoegaarden,Hoegaarden,Hoegaarden,Flanders,Flemish Brabant,Arrondissement Leuven,POPULATION_AGE_65_PLUS,Population aged 65 and over,count,2026,1433.0,A,2026-09-05T22:11:04.542942+00:00
be:mun:24041,24041,Hoegaarden,Hoegaarden,Hoegaarden,Flanders,Flemish Brabant,Arrondissement Leuven,POPULATION_BY_COMMUNE,Population,count,2026,7016.0,A,2026-09-05T20:42:19.277290+00:00
be:mun:24043,24043,Holsbeek,Holsbeek,Holsbeek,Flanders,Flemish Brabant,Arrondissement Leuven,LOCAL_UNITS_BY_COMMUNE,Local business units,count,2023-Q4,1232.0,A,2026-09-05T19:00:05.127955+00:00
be:mun:24043,24043,Holsbeek,Holsbeek,Holsbeek,Flanders,Flemish Brabant,Arrondissement Leuven,POPULATION_AGE_0_14,Population aged 0 to 14,count,2026,1527.0,A,2026-09-05T22:11:04.542942+00:00
be:mun:24043,24043,Holsbeek,Holsbeek,Holsbeek,Flanders,Flemish Brabant,Arrondissement Leuven,POPULATION_AGE_15_64,Population aged 15 to 64,count,2026,6495.0,A,2026-09-05T22:11:04.542942+00:00
be:mun:24043,24043,Holsbeek,Holsbeek,Holsbeek,Flanders,Flemish Brabant,Arrondissement Leuven,POPULATION_AGE_65_PLUS,Population aged 65 and over,count,2026,2261.0,A,2026-09-05T22:11:04.542942+00:00
be:mun:24043,24043,Holsbeek,Holsbeek,Holsbeek,Flanders,Flemish Brabant,Arrondissement Leuven,POPULATION_BY_COMMUNE,Population,count,2026,10283.0,A,2026-09-05T20:42:19.277290+00:00
be:mun:24045,24045,Huldenberg,Huldenberg,Huldenberg,Flanders,Flemish Brabant,Arrondissement Leuven,LOCAL_UNITS_BY_COMMUNE,Local business units,count,2023-Q4,1340.0,A,2026-09-05T19:00:05.127955+00:00
be:mun:24045,24045,Huldenberg,Huldenberg,Huldenberg,Flanders,Flemish Brabant,Arrondissement Leuven,POPULATION_AGE_0_14,Population aged 0 to 14,count,2026,1663.0,A,2026-09-05T22:11:04.542942+00:00
be:mun:24045,24045,Huldenberg,Huldenberg,Huldenberg,Flanders,Flemish Brabant,Arrondissement Leuven,POPULATION_AGE_15_64,Population aged 15 to 64,count,2026,6239.0,A,2026-09-05T22:11:04.542942+00:00
be:mun:24045,24045,Huldenberg,Huldenberg,Huldenberg,Flanders,Flemish Brabant,Arrondissement Leuven,POPULATION_AGE_65_PLUS,Population aged 65 and over,count,2026,2230.0,A,2026-09-05T22:11:04.542942+00:00
be:mun:24045,24045,Huldenberg,Huldenberg,Huldenberg,Flanders,Flemish Brabant,Arrondissement Leuven,POPULATION_BY_COMMUNE,Population,count,2026,10132.0,A,2026-09-05T20:42:19.277290+00:00
be:mun:24048,24048,Keerbergen,Keerbergen,Keerbergen,Flanders,Flemish Brabant,Arrondissement Leuven,LOCAL_UNITS_BY_COMMUNE,Local business units,count,2023-Q4,2120.0,A,2026-09-05T19:00:05.127955+00:00
be:mun:24048,24048,Keerbergen,Keerbergen,Keerbergen,Flanders,Flemish Brabant,Arrondissement Leuven,POPULATION_AGE_0_14,Population aged 0 to 14,count,2026,1777.0,A,2026-09-05T22:11:04.542942+00:00
be:mun:24048,24048,Keerbergen,Keerbergen,Keerbergen,Flanders,Flemish Brabant,Arrondissement Leuven,POPULATION_AGE_15_64,Population aged 15 to 64,count,2026,8050.0,A,2026-09-05T22:11:04.542942+00:00
be:mun:24048,24048,Keerbergen,Keerbergen,Keerbergen,Flanders,Flemish Brabant,Arrondissement Leuven,POPULATION_AGE_65_PLUS,Population aged 65 and over,count,2026,3620.0,A,2026-09-05T22:11:04.542942+00:00
be:mun:24048,24048,Keerbergen,Keerbergen,Keerbergen,Flanders,Flemish Brabant,Arrondissement Leuven,POPULATION_BY_COMMUNE,Population,count,2026,13447.0,A,2026-09-05T20:42:19.277290+00:00
be:mun:24054,24054,Kortenaken,Kortenaken,Kortenaken,Flanders,Flemish Brabant,Arrondissement Leuven,LOCAL_UNITS_BY_COMMUNE,Local business units,count,2023-Q4,994.0,A,2026-09-05T19:00:05.127955+00:00
be:mun:24054,24054,Kortenaken,Kortenaken,Kortenaken,Flanders,Flemish Brabant,Arrondissement Leuven,POPULATION_AGE_0_14,Population aged 0 to 14,count,2026,1190.0,A,2026-09-05T22:11:04.542942+00:00
be:mun:24054,24054,Kortenaken,Kortenaken,Kortenaken,Flanders,Flemish Brabant,Arrondissement Leuven,POPULATION_AGE_15_64,Population aged 15 to 64,count,2026,4919.0,A,2026-09-05T22:11:04.542942+00:00
be:mun:24054,24054,Kortenaken,Kortenaken,Kortenaken,Flanders,Flemish Brabant,Arrondissement Leuven,POPULATION_AGE_65_PLUS,Population aged 65 and over,count,2026,1937.0,A,2026-09-05T22:11:04.542942+00:00
be:mun:24054,24054,Kortenaken,Kortenaken,Kortenaken,Flanders,Flemish Brabant,Arrondissement Leuven,POPULATION_BY_COMMUNE,Population,count,2026,8046.0,A,2026-09-05T20:42:19.277290+00:00
be:mun:24055,24055,Kortenberg,Kortenberg,Kortenberg,Flanders,Flemish Brabant,Arrondissement Leuven,LOCAL_UNITS_BY_COMMUNE,Local business units,count,2023-Q4,2164.0,A,2026-09-05T19:00:05.127955+00:00
be:mun:24055,24055,Kortenberg,Kortenberg,Kortenberg,Flanders,Flemish Brabant,Arrondissement Leuven,POPULATION_AGE_0_14,Population aged 0 to 14,count,2026,3636.0,A,2026-09-05T22:11:04.542942+00:00
be:mun:24055,24055,Kortenberg,Kortenberg,Kortenberg,Flanders,Flemish Brabant,Arrondissement Leuven,POPULATION_AGE_15_64,Population aged 15 to 64,count,2026,13359.0,A,2026-09-05T22:11:04.542942+00:00
be:mun:24055,24055,Kortenberg,Kortenberg,Kortenberg,Flanders,Flemish Brabant,Arrondissement Leuven,POPULATION_AGE_65_PLUS,Population aged 65 and over,count,2026,4430.0,A,2026-09-05T22:11:04.542942+00:00
be:mun:24055,24055,Kortenberg,Kortenberg,Kortenberg,Flanders,Flemish Brabant,Arrondissement Leuven,POPULATION_BY_COMMUNE,Population,count,2026,21425.0,A,2026-09-05T20:42:19.277290+00:00
be:mun:24059,24059,Landen,Landen,Landen,Flanders,Flemish Brabant,Arrondissement Leuven,LOCAL_UNITS_BY_COMMUNE,Local business units,count,2023-Q4,1312.0,A,2026-09-05T19:00:05.127955+00:00
be:mun:24059,24059,Landen,Landen,Landen,Flanders,Flemish Brabant,Arrondissement Leuven,POPULATION_AGE_0_14,Population aged 0 to 14,count,2026,2541.0,A,2026-09-05T22:11:04.542942+00:00
be:mun:24059,24059,Landen,Landen,Landen,Flanders,Flemish Brabant,Arrondissement Leuven,POPULATION_AGE_15_64,Population aged 15 to 64,count,2026,10173.0,A,2026-09-05T22:11:04.542942+00:00
be:mun:24059,24059,Landen,Landen,Landen,Flanders,Flemish Brabant,Arrondissement Leuven,POPULATION_AGE_65_PLUS,Population aged 65 and over,count,2026,3744.0,A,2026-09-05T22:11:04.542942+00:00
be:mun:24059,24059,Landen,Landen,Landen,Flanders,Flemish Brabant,Arrondissement Leuven,POPULATION_BY_COMMUNE,Population,count,2026,16458.0,A,2026-09-05T20:42:19.277290+00:00
be:mun:24062,24062,Leuven,Louvain,Leuven,Flanders,Flemish Brabant,Arrondissement Leuven,LOCAL_UNITS_BY_COMMUNE,Local business units,count,2023-Q4,12848.0,A,2026-09-05T19:00:05.127955+00:00
be:mun:24062,24062,Leuven,Louvain,Leuven,Flanders,Flemish Brabant,Arrondissement Leuven,POPULATION_AGE_0_14,Population aged 0 to 14,count,2026,14160.0,A,2026-09-05T22:11:04.542942+00:00
be:mun:24062,24062,Leuven,Louvain,Leuven,Flanders,Flemish Brabant,Arrondissement Leuven,POPULATION_AGE_15_64,Population aged 15 to 64,count,2026,73120.0,A,2026-09-05T22:11:04.542942+00:00
be:mun:24062,24062,Leuven,Louvain,Leuven,Flanders,Flemish Brabant,Arrondissement Leuven,POPULATION_AGE_65_PLUS,Population aged 65 and over,count,2026,18077.0,A,2026-09-05T22:11:04.542942+00:00
be:mun:24062,24062,Leuven,Louvain,Leuven,Flanders,Flemish Brabant,Arrondissement Leuven,POPULATION_BY_COMMUNE,Population,count,2026,105357.0,A,2026-09-05T20:42:19.277290+00:00
be:mun:24066,24066,Lubbeek,Lubbeek,Lubbeek,Flanders,Flemish Brabant,Arrondissement Leuven,LOCAL_UNITS_BY_COMMUNE,Local business units,count,2023-Q4,1942.0,A,2026-09-05T19:00:05.127955+00:00
be:mun:24066,24066,Lubbeek,Lubbeek,Lubbeek,Flanders,Flemish Brabant,Arrondissement Leuven,POPULATION_AGE_0_14,Population aged 0 to 14,count,2026,2301.0,A,2026-09-05T22:11:04.542942+00:00
be:mun:24066,24066,Lubbeek,Lubbeek,Lubbeek,Flanders,Flemish Brabant,Arrondissement Leuven,POPULATION_AGE_15_64,Population aged 15 to 64,count,2026,9121.0,A,2026-09-05T22:11:04.542942+00:00
be:mun:24066,24066,Lubbeek,Lubbeek,Lubbeek,Flanders,Flemish Brabant,Arrondissement Leuven,POPULATION_AGE_65_PLUS,Population aged 65 and over,count,2026,3868.0,A,2026-09-05T22:11:04.542942+00:00
be:mun:24066,24066,Lubbeek,Lubbeek,Lubbeek,Flanders,Flemish Brabant,Arrondissement Leuven,POPULATION_BY_COMMUNE,Population,count,2026,15290.0,A,2026-09-05T20:42:19.277290+00:00
be:mun:24086,24086,Oud-Heverlee,Oud-Heverlee,Oud-Heverlee,Flanders,Flemish Brabant,Arrondissement Leuven,LOCAL_UNITS_BY_COMMUNE,Local business units,count,2023-Q4,1325.0,A,2026-09-05T19:00:05.127955+00:00
be:mun:24086,24086,Oud-Heverlee,Oud-Heverlee,Oud-Heverlee,Flanders,Flemish Brabant,Arrondissement Leuven,POPULATION_AGE_0_14,Population aged 0 to 14,count,2026,1797.0,A,2026-09-05T22:11:04.542942+00:00
be:mun:24086,24086,Oud-Heverlee,Oud-Heverlee,Oud-Heverlee,Flanders,Flemish Brabant,Arrondissement Leuven,POPULATION_AGE_15_64,Population aged 15 to 64,count,2026,6866.0,A,2026-09-05T22:11:04.542942+00:00
be:mun:24086,24086,Oud-Heverlee,Oud-Heverlee,Oud-Heverlee,Flanders,Flemish Brabant,Arrondissement Leuven,POPULATION_AGE_65_PLUS,Population aged 65 and over,count,2026,2751.0,A,2026-09-05T22:11:04.542942+00:00
be:mun:24086,24086,Oud-Heverlee,Oud-Heverlee,Oud-Heverlee,Flanders,Flemish Brabant,Arrondissement Leuven,POPULATION_BY_COMMUNE,Population,count,2026,11414.0,A,2026-09-05T20:42:19.277290+00:00
be:mun:24094,24094,Rotselaar,Rotselaar,Rotselaar,Flanders,Flemish Brabant,Arrondissement Leuven,LOCAL_UNITS_BY_COMMUNE,Local business units,count,2023-Q4,2101.0,A,2026-09-05T19:00:05.127955+00:00
be:mun:24094,24094,Rotselaar,Rotselaar,Rotselaar,Flanders,Flemish Brabant,Arrondissement Leuven,POPULATION_AGE_0_14,Population aged 0 to 14,count,2026,2825.0,A,2026-09-05T22:11:04.542942+00:00
be:mun:24094,24094,Rotselaar,Rotselaar,Rotselaar,Flanders,Flemish Brabant,Arrondissement Leuven,POPULATION_AGE_15_64,Population aged 15 to 64,count,2026,11067.0,A,2026-09-05T22:11:04.542942+00:00
be:mun:24094,24094,Rotselaar,Rotselaar,Rotselaar,Flanders,Flemish Brabant,Arrondissement Leuven,POPULATION_AGE_65_PLUS,Population aged 65 and over,count,2026,3915.0,A,2026-09-05T22:11:04.542942+00:00
be:mun:24094,24094,Rotselaar,Rotselaar,Rotselaar,Flanders,Flemish Brabant,Arrondissement Leuven,POPULATION_BY_COMMUNE,Population,count,2026,17807.0,A,2026-09-05T20:42:19.277290+00:00
be:mun:24104,24104,Tervuren,Tervuren,Tervuren,Flanders,Flemish Brabant,Arrondissement Leuven,LOCAL_UNITS_BY_COMMUNE,Local business units,count,2023-Q4,2466.0,A,2026-09-05T19:00:05.127955+00:00
be:mun:24104,24104,Tervuren,Tervuren,Tervuren,Flanders,Flemish Brabant,Arrondissement Leuven,POPULATION_AGE_0_14,Population aged 0 to 14,count,2026,4203.0,A,2026-09-05T22:11:04.542942+00:00
be:mun:24104,24104,Tervuren,Tervuren,Tervuren,Flanders,Flemish Brabant,Arrondissement Leuven,POPULATION_AGE_15_64,Population aged 15 to 64,count,2026,14508.0,A,2026-09-05T22:11:04.542942+00:00
be:mun:24104,24104,Tervuren,Tervuren,Tervuren,Flanders,Flemish Brabant,Arrondissement Leuven,POPULATION_AGE_65_PLUS,Population aged 65 and over,count,2026,4468.0,A,2026-09-05T22:11:04.542942+00:00
be:mun:24104,24104,Tervuren,Tervuren,Tervuren,Flanders,Flemish Brabant,Arrondissement Leuven,POPULATION_BY_COMMUNE,Population,count,2026,23179.0,A,2026-09-05T20:42:19.277290+00:00
be:mun:24107,24107,Tienen,Tirlemont,Tienen,Flanders,Flemish Brabant,Arrondissement Leuven,LOCAL_UNITS_BY_COMMUNE,Local business units,count,2023-Q4,3803.0,A,2026-09-05T19:00:05.127955+00:00
be:mun:24107,24107,Tienen,Tirlemont,Tienen,Flanders,Flemish Brabant,Arrondissement Leuven,POPULATION_AGE_0_14,Population aged 0 to 14,count,2026,5750.0,A,2026-09-05T22:11:04.542942+00:00
be:mun:24107,24107,Tienen,Tirlemont,Tienen,Flanders,Flemish Brabant,Arrondissement Leuven,POPULATION_AGE_15_64,Population aged 15 to 64,count,2026,22800.0,A,2026-09-05T22:11:04.542942+00:00
be:mun:24107,24107,Tienen,Tirlemont,Tienen,Flanders,Flemish Brabant,Arrondissement Leuven,POPULATION_AGE_65_PLUS,Population aged 65 and over,count,2026,8412.0,A,2026-09-05T22:11:04.542942+00:00
be:mun:24107,24107,Tienen,Tirlemont,Tienen,Flanders,Flemish Brabant,Arrondissement Leuven,POPULATION_BY_COMMUNE,Population,count,2026,36962.0,A,2026-09-05T20:42:19.277290+00:00
be:mun:24109,24109,Tremelo,Tremelo,Tremelo,Flanders,Flemish Brabant,Arrondissement Leuven,LOCAL_UNITS_BY_COMMUNE,Local business units,count,2023-Q4,1683.0,A,2026-09-05T19:00:05.127955+00:00
be:mun:24109,24109,Tremelo,Tremelo,Tremelo,Flanders,Flemish Brabant,Arrondissement Leuven,POPULATION_AGE_0_14,Population aged 0 to 14,count,2026,1904.0,A,2026-09-05T22:11:04.542942+00:00
be:mun:24109,24109,Tremelo,Tremelo,Tremelo,Flanders,Flemish Brabant,Arrondissement Leuven,POPULATION_AGE_15_64,Population aged 15 to 64,count,2026,9424.0,A,2026-09-05T22:11:04.542942+00:00
be:mun:24109,24109,Tremelo,Tremelo,Tremelo,Flanders,Flemish Brabant,Arrondissement Leuven,POPULATION_AGE_65_PLUS,Population aged 65 and over,count,2026,4044.0,A,2026-09-05T22:11:04.542942+00:00
be:mun:24109,24109,Tremelo,Tremelo,Tremelo,Flanders,Flemish Brabant,Arrondissement Leuven,POPULATION_BY_COMMUNE,Population,count,2026,15372.0,A,2026-09-05T20:42:19.277290+00:00
be:mun:24130,24130,Zoutleeuw,Léau,Zoutleeuw,Flanders,Flemish Brabant,Arrondissement Leuven,LOCAL_UNITS_BY_COMMUNE,Local business units,count,2023-Q4,1054.0,A,2026-09-05T19:00:05.127955+00:00
be:mun:24130,24130,Zoutleeuw,Léau,Zoutleeuw,Flanders,Flemish Brabant,Arrondissement Leuven,POPULATION_AGE_0_14,Population aged 0 to 14,count,2026,1202.0,A,2026-09-05T22:11:04.542942+00:00
be:mun:24130,24130,Zoutleeuw,Léau,Zoutleeuw,Flanders,Flemish Brabant,Arrondissement Leuven,POPULATION_AGE_15_64,Population aged 15 to 64,count,2026,5378.0,A,2026-09-05T22:11:04.542942+00:00
be:mun:24130,24130,Zoutleeuw,Léau,Zoutleeuw,Flanders,Flemish Brabant,Arrondissement Leuven,POPULATION_AGE_65_PLUS,Population aged 65 and over,count,2026,2225.0,A,2026-09-05T22:11:04.542942+00:00
be:mun:24130,24130,Zoutleeuw,Léau,Zoutleeuw,Flanders,Flemish Brabant,Arrondissement Leuven,POPULATION_BY_COMMUNE,Population,count,2026,8805.0,A,2026-09-05T20:42:19.277290+00:00
be:mun:24133,24133,Linter,Linter,Linter,Flanders,Flemish Brabant,Arrondissement Leuven,LOCAL_UNITS_BY_COMMUNE,Local business units,count,2023-Q4,822.0,A,2026-09-05T19:00:05.127955+00:00
be:mun:24133,24133,Linter,Linter,Linter,Flanders,Flemish Brabant,Arrondissement Leuven,POPULATION_AGE_0_14,Population aged 0 to 14,count,2026,1107.0,A,2026-09-05T22:11:04.542942+00:00
be:mun:24133,24133,Linter,Linter,Linter,Flanders,Flemish Brabant,Arrondissement Leuven,POPULATION_AGE_15_64,Population aged 15 to 64,count,2026,4569.0,A,2026-09-05T22:11:04.542942+00:00
be:mun:24133,24133,Linter,Linter,Linter,Flanders,Flemish Brabant,Arrondissement Leuven,POPULATION_AGE_65_PLUS,Population aged 65 and over,count,2026,1734.0,A,2026-09-05T22:11:04.542942+00:00
be:mun:24133,24133,Linter,Linter,Linter,Flanders,Flemish Brabant,Arrondissement Leuven,POPULATION_BY_COMMUNE,Population,count,2026,7410.0,A,2026-09-05T20:42:19.277290+00:00
be:mun:24134,24134,Scherpenheuvel-Zichem,Montaigu-Zichem,Scherpenheuvel-Zichem,Flanders,Flemish Brabant,Arrondissement Leuven,LOCAL_UNITS_BY_COMMUNE,Local business units,count,2023-Q4,2262.0,A,2026-09-05T19:00:05.127955+00:00
be:mun:24134,24134,Scherpenheuvel-Zichem,Montaigu-Zichem,Scherpenheuvel-Zichem,Flanders,Flemish Brabant,Arrondissement Leuven,POPULATION_AGE_0_14,Population aged 0 to 14,count,2026,3214.0,A,2026-09-05T22:11:04.542942+00:00
be:mun:24134,24134,Scherpenheuvel-Zichem,Montaigu-Zichem,Scherpenheuvel-Zichem,Flanders,Flemish Brabant,Arrondissement Leuven,POPULATION_AGE_15_64,Population aged 15 to 64,count,2026,15046.0,A,2026-09-05T22:11:04.542942+00:00
be:mun:24134,24134,Scherpenheuvel-Zichem,Montaigu-Zichem,Scherpenheuvel-Zichem,Flanders,Flemish Brabant,Arrondissement Leuven,POPULATION_AGE_65_PLUS,Population aged 65 and over,count,2026,6277.0,A,2026-09-05T22:11:04.542942+00:00
be:mun:24134,24134,Scherpenheuvel-Zichem,Montaigu-Zichem,Scherpenheuvel-Zichem,Flanders,Flemish Brabant,Arrondissement Leuven,POPULATION_BY_COMMUNE,Population,count,2026,24537.0,A,2026-09-05T20:42:19.277290+00:00
be:mun:24135,24135,Tielt-Winge,Tielt-Winge,Tielt-Winge,Flanders,Flemish Brabant,Arrondissement Leuven,LOCAL_UNITS_BY_COMMUNE,Local business units,count,2023-Q4,1486.0,A,2026-09-05T19:00:05.127955+00:00
be:mun:24135,24135,Tielt-Winge,Tielt-Winge,Tielt-Winge,Flanders,Flemish Brabant,Arrondissement Leuven,POPULATION_AGE_0_14,Population aged 0 to 14,count,2026,1744.0,A,2026-09-05T22:11:04.542942+00:00
be:mun:24135,24135,Tielt-Winge,Tielt-Winge,Tielt-Winge,Flanders,Flemish Brabant,Arrondissement Leuven,POPULATION_AGE_15_64,Population aged 15 to 64,count,2026,7153.0,A,2026-09-05T22:11:04.542942+00:00
be:mun:24135,24135,Tielt-Winge,Tielt-Winge,Tielt-Winge,Flanders,Flemish Brabant,Arrondissement Leuven,POPULATION_AGE_65_PLUS,Population aged 65 and over,count,2026,2688.0,A,2026-09-05T22:11:04.542942+00:00
be:mun:24135,24135,Tielt-Winge,Tielt-Winge,Tielt-Winge,Flanders,Flemish Brabant,Arrondissement Leuven,POPULATION_BY_COMMUNE,Population,count,2026,11585.0,A,2026-09-05T20:42:19.277290+00:00
be:mun:24137,24137,Glabbeek,Glabbeek,Glabbeek,Flanders,Flemish Brabant,Arrondissement Leuven,LOCAL_UNITS_BY_COMMUNE,Local business units,count,2023-Q4,771.0,A,2026-09-05T19:00:05.127955+00:00
be:mun:24137,24137,Glabbeek,Glabbeek,Glabbeek,Flanders,Flemish Brabant,Arrondissement Leuven,POPULATION_AGE_0_14,Population aged 0 to 14,count,2026,742.0,A,2026-09-05T22:11:04.542942+00:00
be:mun:24137,24137,Glabbeek,Glabbeek,Glabbeek,Flanders,Flemish Brabant,Arrondissement Leuven,POPULATION_AGE_15_64,Population aged 15 to 64,count,2026,3437.0,A,2026-09-05T22:11:04.542942+00:00
be:mun:24137,24137,Glabbeek,Glabbeek,Glabbeek,Flanders,Flemish Brabant,Arrondissement Leuven,POPULATION_AGE_65_PLUS,Population aged 65 and over,count,2026,1296.0,A,2026-09-05T22:11:04.542942+00:00
be:mun:24137,24137,Glabbeek,Glabbeek,Glabbeek,Flanders,Flemish Brabant,Arrondissement Leuven,POPULATION_BY_COMMUNE,Population,count,2026,5475.0,A,2026-09-05T20:42:19.277290+00:00
be:mun:25005,25005,Beauvechain,Beauvechain,Bevekom,Wallonia,Walloon Brabant,Arrondissement Nijvel,LOCAL_UNITS_BY_COMMUNE,Local business units,count,2023-Q4,1063.0,A,2026-09-05T19:00:05.127955+00:00
be:mun:25005,25005,Beauvechain,Beauvechain,Bevekom,Wallonia,Walloon Brabant,Arrondissement Nijvel,POPULATION_AGE_0_14,Population aged 0 to 14,count,2026,1155.0,A,2026-09-05T22:11:04.542942+00:00
be:mun:25005,25005,Beauvechain,Beauvechain,Bevekom,Wallonia,Walloon Brabant,Arrondissement Nijvel,POPULATION_AGE_15_64,Population aged 15 to 64,count,2026,4574.0,A,2026-09-05T22:11:04.542942+00:00
be:mun:25005,25005,Beauvechain,Beauvechain,Bevekom,Wallonia,Walloon Brabant,Arrondissement Nijvel,POPULATION_AGE_65_PLUS,Population aged 65 and over,count,2026,1519.0,A,2026-09-05T22:11:04.542942+00:00
be:mun:25005,25005,Beauvechain,Beauvechain,Bevekom,Wallonia,Walloon Brabant,Arrondissement Nijvel,POPULATION_BY_COMMUNE,Population,count,2026,7248.0,A,2026-09-05T20:42:19.277290+00:00
be:mun:25014,25014,Braine-l’Alleud,Braine-l’Alleud,Eigenbrakel,Wallonia,Walloon Brabant,Arrondissement Nijvel,LOCAL_UNITS_BY_COMMUNE,Local business units,count,2023-Q4,5566.0,A,2026-09-05T19:00:05.127955+00:00
be:mun:25014,25014,Braine-l’Alleud,Braine-l’Alleud,Eigenbrakel,Wallonia,Walloon Brabant,Arrondissement Nijvel,POPULATION_AGE_0_14,Population aged 0 to 14,count,2026,6059.0,A,2026-09-05T22:11:04.542942+00:00
be:mun:25014,25014,Braine-l’Alleud,Braine-l’Alleud,Eigenbrakel,Wallonia,Walloon Brabant,Arrondissement Nijvel,POPULATION_AGE_15_64,Population aged 15 to 64,count,2026,25579.0,A,2026-09-05T22:11:04.542942+00:00
be:mun:25014,25014,Braine-l’Alleud,Braine-l’Alleud,Eigenbrakel,Wallonia,Walloon Brabant,Arrondissement Nijvel,POPULATION_AGE_65_PLUS,Population aged 65 and over,count,2026,9177.0,A,2026-09-05T22:11:04.542942+00:00
be:mun:25014,25014,Braine-l’Alleud,Braine-l’Alleud,Eigenbrakel,Wallonia,Walloon Brabant,Arrondissement Nijvel,POPULATION_BY_COMMUNE,Population,count,2026,40815.0,A,2026-09-05T20:42:19.277290+00:00
be:mun:25015,25015,Braine-le-Château,Braine-le-Château,Kasteelbrakel,Wallonia,Walloon Brabant,Arrondissement Nijvel,LOCAL_UNITS_BY_COMMUNE,Local business units,count,2023-Q4,1656.0,A,2026-09-05T19:00:05.127955+00:00
be:mun:25015,25015,Braine-le-Château,Braine-le-Château,Kasteelbrakel,Wallonia,Walloon Brabant,Arrondissement Nijvel,POPULATION_AGE_0_14,Population aged 0 to 14,count,2026,1722.0,A,2026-09-05T22:11:04.542942+00:00
be:mun:25015,25015,Braine-le-Château,Braine-le-Château,Kasteelbrakel,Wallonia,Walloon Brabant,Arrondissement Nijvel,POPULATION_AGE_15_64,Population aged 15 to 64,count,2026,6720.0,A,2026-09-05T22:11:04.542942+00:00
be:mun:25015,25015,Braine-le-Château,Braine-le-Château,Kasteelbrakel,Wallonia,Walloon Brabant,Arrondissement Nijvel,POPULATION_AGE_65_PLUS,Population aged 65 and over,count,2026,2168.0,A,2026-09-05T22:11:04.542942+00:00
be:mun:25015,25015,Braine-le-Château,Braine-le-Château,Kasteelbrakel,Wallonia,Walloon Brabant,Arrondissement Nijvel,POPULATION_BY_COMMUNE,Population,count,2026,10610.0,A,2026-09-05T20:42:19.277290+00:00
be:mun:25018,25018,Chaumont-Gistoux,Chaumont-Gistoux,Chaumont-Gistoux,Wallonia,Walloon Brabant,Arrondissement Nijvel,LOCAL_UNITS_BY_COMMUNE,Local business units,count,2023-Q4,2164.0,A,2026-09-05T19:00:05.127955+00:00
be:mun:25018,25018,Chaumont-Gistoux,Chaumont-Gistoux,Chaumont-Gistoux,Wallonia,Walloon Brabant,Arrondissement Nijvel,POPULATION_AGE_0_14,Population aged 0 to 14,count,2026,1756.0,A,2026-09-05T22:11:04.542942+00:00
be:mun:25018,25018,Chaumont-Gistoux,Chaumont-Gistoux,Chaumont-Gistoux,Wallonia,Walloon Brabant,Arrondissement Nijvel,POPULATION_AGE_15_64,Population aged 15 to 64,count,2026,7493.0,A,2026-09-05T22:11:04.542942+00:00
be:mun:25018,25018,Chaumont-Gistoux,Chaumont-Gistoux,Chaumont-Gistoux,Wallonia,Walloon Brabant,Arrondissement Nijvel,POPULATION_AGE_65_PLUS,Population aged 65 and over,count,2026,2669.0,A,2026-09-05T22:11:04.542942+00:00
be:mun:25018,25018,Chaumont-Gistoux,Chaumont-Gistoux,Chaumont-Gistoux,Wallonia,Walloon Brabant,Arrondissement Nijvel,POPULATION_BY_COMMUNE,Population,count,2026,11918.0,A,2026-09-05T20:42:19.277290+00:00
be:mun:25023,25023,Court-Saint-Etienne,Court-Saint-Etienne,Court-Saint-Etienne,Wallonia,Walloon Brabant,Arrondissement Nijvel,LOCAL_UNITS_BY_COMMUNE,Local business units,count,2023-Q4,1316.0,A,2026-09-05T19:00:05.127955+00:00
be:mun:25023,25023,Court-Saint-Etienne,Court-Saint-Etienne,Court-Saint-Etienne,Wallonia,Walloon Brabant,Arrondissement Nijvel,POPULATION_AGE_0_14,Population aged 0 to 14,count,2026,1694.0,A,2026-09-05T22:11:04.542942+00:00
be:mun:25023,25023,Court-Saint-Etienne,Court-Saint-Etienne,Court-Saint-Etienne,Wallonia,Walloon Brabant,Arrondissement Nijvel,POPULATION_AGE_15_64,Population aged 15 to 64,count,2026,7155.0,A,2026-09-05T22:11:04.542942+00:00
be:mun:25023,25023,Court-Saint-Etienne,Court-Saint-Etienne,Court-Saint-Etienne,Wallonia,Walloon Brabant,Arrondissement Nijvel,POPULATION_AGE_65_PLUS,Population aged 65 and over,count,2026,2232.0,A,2026-09-05T22:11:04.542942+00:00
be:mun:25023,25023,Court-Saint-Etienne,Court-Saint-Etienne,Court-Saint-Etienne,Wallonia,Walloon Brabant,Arrondissement Nijvel,POPULATION_BY_COMMUNE,Population,count,2026,11081.0,A,2026-09-05T20:42:19.277290+00:00
be:mun:25031,25031,Genappe,Genappe,Genepiën,Wallonia,Walloon Brabant,Arrondissement Nijvel,LOCAL_UNITS_BY_COMMUNE,Local business units,count,2023-Q4,2461.0,A,2026-09-05T19:00:05.127955+00:00
be:mun:25031,25031,Genappe,Genappe,Genepiën,Wallonia,Walloon Brabant,Arrondissement Nijvel,POPULATION_AGE_0_14,Population aged 0 to 14,count,2026,2765.0,A,2026-09-05T22:11:04.542942+00:00
be:mun:25031,25031,Genappe,Genappe,Genepiën,Wallonia,Walloon Brabant,Arrondissement Nijvel,POPULATION_AGE_15_64,Population aged 15 to 64,count,2026,10417.0,A,2026-09-05T22:11:04.542942+00:00
be:mun:25031,25031,Genappe,Genappe,Genepiën,Wallonia,Walloon Brabant,Arrondissement Nijvel,POPULATION_AGE_65_PLUS,Population aged 65 and over,count,2026,3117.0,A,2026-09-05T22:11:04.542942+00:00
be:mun:25031,25031,Genappe,Genappe,Genepiën,Wallonia,Walloon Brabant,Arrondissement Nijvel,POPULATION_BY_COMMUNE,Population,count,2026,16299.0,A,2026-09-05T20:42:19.277290+00:00
be:mun:25037,25037,Grez-Doiceau,Grez-Doiceau,Graven,Wallonia,Walloon Brabant,Arrondissement Nijvel,LOCAL_UNITS_BY_COMMUNE,Local business units,count,2023-Q4,2262.0,A,2026-09-05T19:00:05.127955+00:00
be:mun:25037,25037,Grez-Doiceau,Grez-Doiceau,Graven,Wallonia,Walloon Brabant,Arrondissement Nijvel,POPULATION_AGE_0_14,Population aged 0 to 14,count,2026,2223.0,A,2026-09-05T22:11:04.542942+00:00
be:mun:25037,25037,Grez-Doiceau,Grez-Doiceau,Graven,Wallonia,Walloon Brabant,Arrondissement Nijvel,POPULATION_AGE_15_64,Population aged 15 to 64,count,2026,8724.0,A,2026-09-05T22:11:04.542942+00:00
be:mun:25037,25037,Grez-Doiceau,Grez-Doiceau,Graven,Wallonia,Walloon Brabant,Arrondissement Nijvel,POPULATION_AGE_65_PLUS,Population aged 65 and over,count,2026,3102.0,A,2026-09-05T22:11:04.542942+00:00
be:mun:25037,25037,Grez-Doiceau,Grez-Doiceau,Graven,Wallonia,Walloon Brabant,Arrondissement Nijvel,POPULATION_BY_COMMUNE,Population,count,2026,14049.0,A,2026-09-05T20:42:19.277290+00:00
be:mun:25043,25043,Incourt,Incourt,Incourt,Wallonia,Walloon Brabant,Arrondissement Nijvel,LOCAL_UNITS_BY_COMMUNE,Local business units,count,2023-Q4,839.0,A,2026-09-05T19:00:05.127955+00:00
be:mun:25043,25043,Incourt,Incourt,Incourt,Wallonia,Walloon Brabant,Arrondissement Nijvel,POPULATION_AGE_0_14,Population aged 0 to 14,count,2026,972.0,A,2026-09-05T22:11:04.542942+00:00
be:mun:25043,25043,Incourt,Incourt,Incourt,Wallonia,Walloon Brabant,Arrondissement Nijvel,POPULATION_AGE_15_64,Population aged 15 to 64,count,2026,3667.0,A,2026-09-05T22:11:04.542942+00:00
be:mun:25043,25043,Incourt,Incourt,Incourt,Wallonia,Walloon Brabant,Arrondissement Nijvel,POPULATION_AGE_65_PLUS,Population aged 65 and over,count,2026,1071.0,A,2026-09-05T22:11:04.542942+00:00
be:mun:25043,25043,Incourt,Incourt,Incourt,Wallonia,Walloon Brabant,Arrondissement Nijvel,POPULATION_BY_COMMUNE,Population,count,2026,5710.0,A,2026-09-05T20:42:19.277290+00:00
be:mun:25044,25044,Ittre,Ittre,Itter,Wallonia,Walloon Brabant,Arrondissement Nijvel,LOCAL_UNITS_BY_COMMUNE,Local business units,count,2023-Q4,1036.0,A,2026-09-05T19:00:05.127955+00:00
be:mun:25044,25044,Ittre,Ittre,Itter,Wallonia,Walloon Brabant,Arrondissement Nijvel,POPULATION_AGE_0_14,Population aged 0 to 14,count,2026,1048.0,A,2026-09-05T22:11:04.542942+00:00
be:mun:25044,25044,Ittre,Ittre,Itter,Wallonia,Walloon Brabant,Arrondissement Nijvel,POPULATION_AGE_15_64,Population aged 15 to 64,count,2026,4389.0,A,2026-09-05T22:11:04.542942+00:00
be:mun:25044,25044,Ittre,Ittre,Itter,Wallonia,Walloon Brabant,Arrondissement Nijvel,POPULATION_AGE_65_PLUS,Population aged 65 and over,count,2026,1481.0,A,2026-09-05T22:11:04.542942+00:00
be:mun:25044,25044,Ittre,Ittre,Itter,Wallonia,Walloon Brabant,Arrondissement Nijvel,POPULATION_BY_COMMUNE,Population,count,2026,6918.0,A,2026-09-05T20:42:19.277290+00:00
be:mun:25048,25048,Jodoigne,Jodoigne,Geldenaken,Wallonia,Walloon Brabant,Arrondissement Nijvel,LOCAL_UNITS_BY_COMMUNE,Local business units,count,2023-Q4,2045.0,A,2026-09-05T19:00:05.127955+00:00
be:mun:25048,25048,Jodoigne,Jodoigne,Geldenaken,Wallonia,Walloon Brabant,Arrondissement Nijvel,POPULATION_AGE_0_14,Population aged 0 to 14,count,2026,2439.0,A,2026-09-05T22:11:04.542942+00:00
be:mun:25048,25048,Jodoigne,Jodoigne,Geldenaken,Wallonia,Walloon Brabant,Arrondissement Nijvel,POPULATION_AGE_15_64,Population aged 15 to 64,count,2026,9517.0,A,2026-09-05T22:11:04.542942+00:00
be:mun:25048,25048,Jodoigne,Jodoigne,Geldenaken,Wallonia,Walloon Brabant,Arrondissement Nijvel,POPULATION_AGE_65_PLUS,Population aged 65 and over,count,2026,3074.0,A,2026-09-05T22:11:04.542942+00:00
be:mun:25048,25048,Jodoigne,Jodoigne,Geldenaken,Wallonia,Walloon Brabant,Arrondissement Nijvel,POPULATION_BY_COMMUNE,Population,count,2026,15030.0,A,2026-09-05T20:42:19.277290+00:00
be:mun:25050,25050,La Hulpe,La Hulpe,Terhulpen,Wallonia,Walloon Brabant,Arrondissement Nijvel,LOCAL_UNITS_BY_COMMUNE,Local business units,count,2023-Q4,1540.0,A,2026-09-05T19:00:05.127955+00:00
be:mun:25050,25050,La Hulpe,La Hulpe,Terhulpen,Wallonia,Walloon Brabant,Arrondissement Nijvel,POPULATION_AGE_0_14,Population aged 0 to 14,count,2026,1118.0,A,2026-09-05T22:11:04.542942+00:00
be:mun:25050,25050,La Hulpe,La Hulpe,Terhulpen,Wallonia,Walloon Brabant,Arrondissement Nijvel,POPULATION_AGE_15_64,Population aged 15 to 64,count,2026,4578.0,A,2026-09-05T22:11:04.542942+00:00
be:mun:25050,25050,La Hulpe,La Hulpe,Terhulpen,Wallonia,Walloon Brabant,Arrondissement Nijvel,POPULATION_AGE_65_PLUS,Population aged 65 and over,count,2026,1843.0,A,2026-09-05T22:11:04.542942+00:00
be:mun:25050,25050,La Hulpe,La Hulpe,Terhulpen,Wallonia,Walloon Brabant,Arrondissement Nijvel,POPULATION_BY_COMMUNE,Population,count,2026,7539.0,A,2026-09-05T20:42:19.277290+00:00
be:mun:25068,25068,Mont-Saint-Guibert,Mont-Saint-Guibert,Mont-Saint-Guibert,Wallonia,Walloon Brabant,Arrondissement Nijvel,LOCAL_UNITS_BY_COMMUNE,Local business units,count,2023-Q4,1512.0,A,2026-09-05T19:00:05.127955+00:00
be:mun:25068,25068,Mont-Saint-Guibert,Mont-Saint-Guibert,Mont-Saint-Guibert,Wallonia,Walloon Brabant,Arrondissement Nijvel,POPULATION_AGE_0_14,Population aged 0 to 14,count,2026,1381.0,A,2026-09-05T22:11:04.542942+00:00
be:mun:25068,25068,Mont-Saint-Guibert,Mont-Saint-Guibert,Mont-Saint-Guibert,Wallonia,Walloon Brabant,Arrondissement Nijvel,POPULATION_AGE_15_64,Population aged 15 to 64,count,2026,5562.0,A,2026-09-05T22:11:04.542942+00:00
be:mun:25068,25068,Mont-Saint-Guibert,Mont-Saint-Guibert,Mont-Saint-Guibert,Wallonia,Walloon Brabant,Arrondissement Nijvel,POPULATION_AGE_65_PLUS,Population aged 65 and over,count,2026,1560.0,A,2026-09-05T22:11:04.542942+00:00
be:mun:25068,25068,Mont-Saint-Guibert,Mont-Saint-Guibert,Mont-Saint-Guibert,Wallonia,Walloon Brabant,Arrondissement Nijvel,POPULATION_BY_COMMUNE,Population,count,2026,8503.0,A,2026-09-05T20:42:19.277290+00:00
be:mun:25072,25072,Nivelles,Nivelles,Nijvel,Wallonia,Walloon Brabant,Arrondissement Nijvel,LOCAL_UNITS_BY_COMMUNE,Local business units,count,2023-Q4,4438.0,A,2026-09-05T19:00:05.127955+00:00
be:mun:25072,25072,Nivelles,Nivelles,Nijvel,Wallonia,Walloon Brabant,Arrondissement Nijvel,POPULATION_AGE_0_14,Population aged 0 to 14,count,2026,4199.0,A,2026-09-05T22:11:04.542942+00:00
be:mun:25072,25072,Nivelles,Nivelles,Nijvel,Wallonia,Walloon Brabant,Arrondissement Nijvel,POPULATION_AGE_15_64,Population aged 15 to 64,count,2026,18808.0,A,2026-09-05T22:11:04.542942+00:00
be:mun:25072,25072,Nivelles,Nivelles,Nijvel,Wallonia,Walloon Brabant,Arrondissement Nijvel,POPULATION_AGE_65_PLUS,Population aged 65 and over,count,2026,6823.0,A,2026-09-05T22:11:04.542942+00:00
be:mun:25072,25072,Nivelles,Nivelles,Nijvel,Wallonia,Walloon Brabant,Arrondissement Nijvel,POPULATION_BY_COMMUNE,Population,count,2026,29830.0,A,2026-09-05T20:42:19.277290+00:00
be:mun:25084,25084,Perwez,Perwez,Perwijs,Wallonia,Walloon Brabant,Arrondissement Nijvel,LOCAL_UNITS_BY_COMMUNE,Local business units,count,2023-Q4,1394.0,A,2026-09-05T19:00:05.127955+00:00
be:mun:25084,25084,Perwez,Perwez,Perwijs,Wallonia,Walloon Brabant,Arrondissement Nijvel,POPULATION_AGE_0_14,Population aged 0 to 14,count,2026,1580.0,A,2026-09-05T22:11:04.542942+00:00
be:mun:25084,25084,Perwez,Perwez,Perwijs,Wallonia,Walloon Brabant,Arrondissement Nijvel,POPULATION_AGE_15_64,Population aged 15 to 64,count,2026,6283.0,A,2026-09-05T22:11:04.542942+00:00
be:mun:25084,25084,Perwez,Perwez,Perwijs,Wallonia,Walloon Brabant,Arrondissement Nijvel,POPULATION_AGE_65_PLUS,Population aged 65 and over,count,2026,1947.0,A,2026-09-05T22:11:04.542942+00:00
be:mun:25084,25084,Perwez,Perwez,Perwijs,Wallonia,Walloon Brabant,Arrondissement Nijvel,POPULATION_BY_COMMUNE,Population,count,2026,9810.0,A,2026-09-05T20:42:19.277290+00:00
be:mun:25091,25091,Rixensart,Rixensart,Rixensart,Wallonia,Walloon Brabant,Arrondissement Nijvel,LOCAL_UNITS_BY_COMMUNE,Local business units,count,2023-Q4,3507.0,A,2026-09-05T19:00:05.127955+00:00
be:mun:25091,25091,Rixensart,Rixensart,Rixensart,Wallonia,Walloon Brabant,Arrondissement Nijvel,POPULATION_AGE_0_14,Population aged 0 to 14,count,2026,3531.0,A,2026-09-05T22:11:04.542942+00:00
be:mun:25091,25091,Rixensart,Rixensart,Rixensart,Wallonia,Walloon Brabant,Arrondissement Nijvel,POPULATION_AGE_15_64,Population aged 15 to 64,count,2026,13862.0,A,2026-09-05T22:11:04.542942+00:00
be:mun:25091,25091,Rixensart,Rixensart,Rixensart,Wallonia,Walloon Brabant,Arrondissement Nijvel,POPULATION_AGE_65_PLUS,Population aged 65 and over,count,2026,5580.0,A,2026-09-05T22:11:04.542942+00:00
be:mun:25091,25091,Rixensart,Rixensart,Rixensart,Wallonia,Walloon Brabant,Arrondissement Nijvel,POPULATION_BY_COMMUNE,Population,count,2026,22973.0,A,2026-09-05T20:42:19.277290+00:00
be:mun:25105,25105,Tubize,Tubize,Tubeke,Wallonia,Walloon Brabant,Arrondissement Nijvel,LOCAL_UNITS_BY_COMMUNE,Local business units,count,2023-Q4,2242.0,A,2026-09-05T19:00:05.127955+00:00
be:mun:25105,25105,Tubize,Tubize,Tubeke,Wallonia,Walloon Brabant,Arrondissement Nijvel,POPULATION_AGE_0_14,Population aged 0 to 14,count,2026,5028.0,A,2026-09-05T22:11:04.542942+00:00
be:mun:25105,25105,Tubize,Tubize,Tubeke,Wallonia,Walloon Brabant,Arrondissement Nijvel,POPULATION_AGE_15_64,Population aged 15 to 64,count,2026,18554.0,A,2026-09-05T22:11:04.542942+00:00
be:mun:25105,25105,Tubize,Tubize,Tubeke,Wallonia,Walloon Brabant,Arrondissement Nijvel,POPULATION_AGE_65_PLUS,Population aged 65 and over,count,2026,5461.0,A,2026-09-05T22:11:04.542942+00:00
be:mun:25105,25105,Tubize,Tubize,Tubeke,Wallonia,Walloon Brabant,Arrondissement Nijvel,POPULATION_BY_COMMUNE,Population,count,2026,29043.0,A,2026-09-05T20:42:19.277290+00:00
be:mun:25107,25107,Villers-la-Ville,Villers-la-Ville,Villers-la-Ville,Wallonia,Walloon Brabant,Arrondissement Nijvel,LOCAL_UNITS_BY_COMMUNE,Local business units,count,2023-Q4,1453.0,A,2026-09-05T19:00:05.127955+00:00
be:mun:25107,25107,Villers-la-Ville,Villers-la-Ville,Villers-la-Ville,Wallonia,Walloon Brabant,Arrondissement Nijvel,POPULATION_AGE_0_14,Population aged 0 to 14,count,2026,1800.0,A,2026-09-05T22:11:04.542942+00:00
be:mun:25107,25107,Villers-la-Ville,Villers-la-Ville,Villers-la-Ville,Wallonia,Walloon Brabant,Arrondissement Nijvel,POPULATION_AGE_15_64,Population aged 15 to 64,count,2026,7110.0,A,2026-09-05T22:11:04.542942+00:00
be:mun:25107,25107,Villers-la-Ville,Villers-la-Ville,Villers-la-Ville,Wallonia,Walloon Brabant,Arrondissement Nijvel,POPULATION_AGE_65_PLUS,Population aged 65 and over,count,2026,2144.0,A,2026-09-05T22:11:04.542942+00:00
be:mun:25107,25107,Villers-la-Ville,Villers-la-Ville,Villers-la-Ville,Wallonia,Walloon Brabant,Arrondissement Nijvel,POPULATION_BY_COMMUNE,Population,count,2026,11054.0,A,2026-09-05T20:42:19.277290+00:00
be:mun:25110,25110,Waterloo,Waterloo,Waterloo,Wallonia,Walloon Brabant,Arrondissement Nijvel,LOCAL_UNITS_BY_COMMUNE,Local business units,count,2023-Q4,6160.0,A,2026-09-05T19:00:05.127955+00:00
be:mun:25110,25110,Waterloo,Waterloo,Waterloo,Wallonia,Walloon Brabant,Arrondissement Nijvel,POPULATION_AGE_0_14,Population aged 0 to 14,count,2026,4410.0,A,2026-09-05T22:11:04.542942+00:00
be:mun:25110,25110,Waterloo,Waterloo,Waterloo,Wallonia,Walloon Brabant,Arrondissement Nijvel,POPULATION_AGE_15_64,Population aged 15 to 64,count,2026,18192.0,A,2026-09-05T22:11:04.542942+00:00
be:mun:25110,25110,Waterloo,Waterloo,Waterloo,Wallonia,Walloon Brabant,Arrondissement Nijvel,POPULATION_AGE_65_PLUS,Population aged 65 and over,count,2026,7784.0,A,2026-09-05T22:11:04.542942+00:00
be:mun:25110,25110,Waterloo,Waterloo,Waterloo,Wallonia,Walloon Brabant,Arrondissement Nijvel,POPULATION_BY_COMMUNE,Population,count,2026,30386.0,A,2026-09-05T20:42:19.277290+00:00
be:mun:25112,25112,Wavre,Wavre,Waver,Wallonia,Walloon Brabant,Arrondissement Nijvel,LOCAL_UNITS_BY_COMMUNE,Local business units,count,2023-Q4,5979.0,A,2026-09-05T19:00:05.127955+00:00
be:mun:25112,25112,Wavre,Wavre,Waver,Wallonia,Walloon Brabant,Arrondissement Nijvel,POPULATION_AGE_0_14,Population aged 0 to 14,count,2026,5397.0,A,2026-09-05T22:11:04.542942+00:00
be:mun:25112,25112,Wavre,Wavre,Waver,Wallonia,Walloon Brabant,Arrondissement Nijvel,POPULATION_AGE_15_64,Population aged 15 to 64,count,2026,22090.0,A,2026-09-05T22:11:04.542942+00:00
be:mun:25112,25112,Wavre,Wavre,Waver,Wallonia,Walloon Brabant,Arrondissement Nijvel,POPULATION_AGE_65_PLUS,Population aged 65 and over,count,2026,8248.0,A,2026-09-05T22:11:04.542942+00:00
be:mun:25112,25112,Wavre,Wavre,Waver,Wallonia,Walloon Brabant,Arrondissement Nijvel,POPULATION_BY_COMMUNE,Population,count,2026,35735.0,A,2026-09-05T20:42:19.277290+00:00
be:mun:25117,25117,Chastre,Chastre,Chastre,Wallonia,Walloon Brabant,Arrondissement Nijvel,LOCAL_UNITS_BY_COMMUNE,Local business units,count,2023-Q4,870.0,A,2026-09-05T19:00:05.127955+00:00
be:mun:25117,25117,Chastre,Chastre,Chastre,Wallonia,Walloon Brabant,Arrondissement Nijvel,POPULATION_AGE_0_14,Population aged 0 to 14,count,2026,1335.0,A,2026-09-05T22:11:04.542942+00:00
be:mun:25117,25117,Chastre,Chastre,Chastre,Wallonia,Walloon Brabant,Arrondissement Nijvel,POPULATION_AGE_15_64,Population aged 15 to 64,count,2026,4947.0,A,2026-09-05T22:11:04.542942+00:00
be:mun:25117,25117,Chastre,Chastre,Chastre,Wallonia,Walloon Brabant,Arrondissement Nijvel,POPULATION_AGE_65_PLUS,Population aged 65 and over,count,2026,1535.0,A,2026-09-05T22:11:04.542942+00:00
be:mun:25117,25117,Chastre,Chastre,Chastre,Wallonia,Walloon Brabant,Arrondissement Nijvel,POPULATION_BY_COMMUNE,Population,count,2026,7817.0,A,2026-09-05T20:42:19.277290+00:00
be:mun:25118,25118,Hélécine,Hélécine,Hélécine,Wallonia,Walloon Brabant,Arrondissement Nijvel,LOCAL_UNITS_BY_COMMUNE,Local business units,count,2023-Q4,313.0,A,2026-09-05T19:00:05.127955+00:00
be:mun:25118,25118,Hélécine,Hélécine,Hélécine,Wallonia,Walloon Brabant,Arrondissement Nijvel,POPULATION_AGE_0_14,Population aged 0 to 14,count,2026,708.0,A,2026-09-05T22:11:04.542942+00:00
be:mun:25118,25118,Hélécine,Hélécine,Hélécine,Wallonia,Walloon Brabant,Arrondissement Nijvel,POPULATION_AGE_15_64,Population aged 15 to 64,count,2026,2553.0,A,2026-09-05T22:11:04.542942+00:00
be:mun:25118,25118,Hélécine,Hélécine,Hélécine,Wallonia,Walloon Brabant,Arrondissement Nijvel,POPULATION_AGE_65_PLUS,Population aged 65 and over,count,2026,665.0,A,2026-09-05T22:11:04.542942+00:00
be:mun:25118,25118,Hélécine,Hélécine,Hélécine,Wallonia,Walloon Brabant,Arrondissement Nijvel,POPULATION_BY_COMMUNE,Population,count,2026,3926.0,A,2026-09-05T20:42:19.277290+00:00
be:mun:25119,25119,Lasne,Lasne,Lasne,Wallonia,Walloon Brabant,Arrondissement Nijvel,LOCAL_UNITS_BY_COMMUNE,Local business units,count,2023-Q4,4094.0,A,2026-09-05T19:00:05.127955+00:00
be:mun:25119,25119,Lasne,Lasne,Lasne,Wallonia,Walloon Brabant,Arrondissement Nijvel,POPULATION_AGE_0_14,Population aged 0 to 14,count,2026,1961.0,A,2026-09-05T22:11:04.542942+00:00
be:mun:25119,25119,Lasne,Lasne,Lasne,Wallonia,Walloon Brabant,Arrondissement Nijvel,POPULATION_AGE_15_64,Population aged 15 to 64,count,2026,8716.0,A,2026-09-05T22:11:04.542942+00:00
be:mun:25119,25119,Lasne,Lasne,Lasne,Wallonia,Walloon Brabant,Arrondissement Nijvel,POPULATION_AGE_65_PLUS,Population aged 65 and over,count,2026,3474.0,A,2026-09-05T22:11:04.542942+00:00
be:mun:25119,25119,Lasne,Lasne,Lasne,Wallonia,Walloon Brabant,Arrondissement Nijvel,POPULATION_BY_COMMUNE,Population,count,2026,14151.0,A,2026-09-05T20:42:19.277290+00:00
be:mun:25120,25120,Orp-Jauche,Orp-Jauche,Orp-Jauche,Wallonia,Walloon Brabant,Arrondissement Nijvel,LOCAL_UNITS_BY_COMMUNE,Local business units,count,2023-Q4,909.0,A,2026-09-05T19:00:05.127955+00:00
be:mun:25120,25120,Orp-Jauche,Orp-Jauche,Orp-Jauche,Wallonia,Walloon Brabant,Arrondissement Nijvel,POPULATION_AGE_0_14,Population aged 0 to 14,count,2026,1534.0,A,2026-09-05T22:11:04.542942+00:00
be:mun:25120,25120,Orp-Jauche,Orp-Jauche,Orp-Jauche,Wallonia,Walloon Brabant,Arrondissement Nijvel,POPULATION_AGE_15_64,Population aged 15 to 64,count,2026,5884.0,A,2026-09-05T22:11:04.542942+00:00
be:mun:25120,25120,Orp-Jauche,Orp-Jauche,Orp-Jauche,Wallonia,Walloon Brabant,Arrondissement Nijvel,POPULATION_AGE_65_PLUS,Population aged 65 and over,count,2026,1758.0,A,2026-09-05T22:11:04.542942+00:00
be:mun:25120,25120,Orp-Jauche,Orp-Jauche,Orp-Jauche,Wallonia,Walloon Brabant,Arrondissement Nijvel,POPULATION_BY_COMMUNE,Population,count,2026,9176.0,A,2026-09-05T20:42:19.277290+00:00
be:mun:25121,25121,Ottignies-Louvain-la-Neuve,Ottignies-Louvain-la-Neuve,Ottignies-Louvain-la-Neuve,Wallonia,Walloon Brabant,Arrondissement Nijvel,LOCAL_UNITS_BY_COMMUNE,Local business units,count,2023-Q4,4144.0,A,2026-09-05T19:00:05.127955+00:00
be:mun:25121,25121,Ottignies-Louvain-la-Neuve,Ottignies-Louvain-la-Neuve,Ottignies-Louvain-la-Neuve,Wallonia,Walloon Brabant,Arrondissement Nijvel,POPULATION_AGE_0_14,Population aged 0 to 14,count,2026,4284.0,A,2026-09-05T22:11:04.542942+00:00
be:mun:25121,25121,Ottignies-Louvain-la-Neuve,Ottignies-Louvain-la-Neuve,Ottignies-Louvain-la-Neuve,Wallonia,Walloon Brabant,Arrondissement Nijvel,POPULATION_AGE_15_64,Population aged 15 to 64,count,2026,20749.0,A,2026-09-05T22:11:04.542942+00:00
be:mun:25121,25121,Ottignies-Louvain-la-Neuve,Ottignies-Louvain-la-Neuve,Ottignies-Louvain-la-Neuve,Wallonia,Walloon Brabant,Arrondissement Nijvel,POPULATION_AGE_65_PLUS,Population aged 65 and over,count,2026,6790.0,A,2026-09-05T22:11:04.542942+00:00
be:mun:25121,25121,Ottignies-Louvain-la-Neuve,Ottignies-Louvain-la-Neuve,Ottignies-Louvain-la-Neuve,Wallonia,Walloon Brabant,Arrondissement Nijvel,POPULATION_BY_COMMUNE,Population,count,2026,31823.0,A,2026-09-05T20:42:19.277290+00:00
be:mun:25122,25122,Ramillies,Ramillies,Ramillies,Wallonia,Walloon Brabant,Arrondissement Nijvel,LOCAL_UNITS_BY_COMMUNE,Local business units,count,2023-Q4,790.0,A,2026-09-05T19:00:05.127955+00:00
be:mun:25122,25122,Ramillies,Ramillies,Ramillies,Wallonia,Walloon Brabant,Arrondissement Nijvel,POPULATION_AGE_0_14,Population aged 0 to 14,count,2026,1100.0,A,2026-09-05T22:11:04.542942+00:00
be:mun:25122,25122,Ramillies,Ramillies,Ramillies,Wallonia,Walloon Brabant,Arrondissement Nijvel,POPULATION_AGE_15_64,Population aged 15 to 64,count,2026,4352.0,A,2026-09-05T22:11:04.542942+00:00
be:mun:25122,25122,Ramillies,Ramillies,Ramillies,Wallonia,Walloon Brabant,Arrondissement Nijvel,POPULATION_AGE_65_PLUS,Population aged 65 and over,count,2026,1255.0,A,2026-09-05T22:11:04.542942+00:00
be:mun:25122,25122,Ramillies,Ramillies,Ramillies,Wallonia,Walloon Brabant,Arrondissement Nijvel,POPULATION_BY_COMMUNE,Population,count,2026,6707.0,A,2026-09-05T20:42:19.277290+00:00
be:mun:25123,25123,Rebecq,Rebecq,Rebecq,Wallonia,Walloon Brabant,Arrondissement Nijvel,LOCAL_UNITS_BY_COMMUNE,Local business units,count,2023-Q4,1014.0,A,2026-09-05T19:00:05.127955+00:00
be:mun:25123,25123,Rebecq,Rebecq,Rebecq,Wallonia,Walloon Brabant,Arrondissement Nijvel,POPULATION_AGE_0_14,Population aged 0 to 14,count,2026,1949.0,A,2026-09-05T22:11:04.542942+00:00
be:mun:25123,25123,Rebecq,Rebecq,Rebecq,Wallonia,Walloon Brabant,Arrondissement Nijvel,POPULATION_AGE_15_64,Population aged 15 to 64,count,2026,7098.0,A,2026-09-05T22:11:04.542942+00:00
be:mun:25123,25123,Rebecq,Rebecq,Rebecq,Wallonia,Walloon Brabant,Arrondissement Nijvel,POPULATION_AGE_65_PLUS,Population aged 65 and over,count,2026,2183.0,A,2026-09-05T22:11:04.542942+00:00
be:mun:25123,25123,Rebecq,Rebecq,Rebecq,Wallonia,Walloon Brabant,Arrondissement Nijvel,POPULATION_BY_COMMUNE,Population,count,2026,11230.0,A,2026-09-05T20:42:19.277290+00:00
be:mun:25124,25124,Walhain,Walhain,Walhain,Wallonia,Walloon Brabant,Arrondissement Nijvel,LOCAL_UNITS_BY_COMMUNE,Local business units,count,2023-Q4,1161.0,A,2026-09-05T19:00:05.127955+00:00
be:mun:25124,25124,Walhain,Walhain,Walhain,Wallonia,Walloon Brabant,Arrondissement Nijvel,POPULATION_AGE_0_14,Population aged 0 to 14,count,2026,1286.0,A,2026-09-05T22:11:04.542942+00:00
be:mun:25124,25124,Walhain,Walhain,Walhain,Wallonia,Walloon Brabant,Arrondissement Nijvel,POPULATION_AGE_15_64,Population aged 15 to 64,count,2026,4972.0,A,2026-09-05T22:11:04.542942+00:00
be:mun:25124,25124,Walhain,Walhain,Walhain,Wallonia,Walloon Brabant,Arrondissement Nijvel,POPULATION_AGE_65_PLUS,Population aged 65 and over,count,2026,1308.0,A,2026-09-05T22:11:04.542942+00:00
be:mun:25124,25124,Walhain,Walhain,Walhain,Wallonia,Walloon Brabant,Arrondissement Nijvel,POPULATION_BY_COMMUNE,Population,count,2026,7566.0,A,2026-09-05T20:42:19.277290+00:00
be:mun:31003,31003,Beernem,Beernem,Beernem,Flanders,West Flanders,Arrondissement Brugge,LOCAL_UNITS_BY_COMMUNE,Local business units,count,2023-Q4,2195.0,A,2026-09-05T19:00:05.127955+00:00
be:mun:31003,31003,Beernem,Beernem,Beernem,Flanders,West Flanders,Arrondissement Brugge,POPULATION_AGE_0_14,Population aged 0 to 14,count,2026,2320.0,A,2026-09-05T22:11:04.542942+00:00
be:mun:31003,31003,Beernem,Beernem,Beernem,Flanders,West Flanders,Arrondissement Brugge,POPULATION_AGE_15_64,Population aged 15 to 64,count,2026,10180.0,A,2026-09-05T22:11:04.542942+00:00
be:mun:31003,31003,Beernem,Beernem,Beernem,Flanders,West Flanders,Arrondissement Brugge,POPULATION_AGE_65_PLUS,Population aged 65 and over,count,2026,3834.0,A,2026-09-05T22:11:04.542942+00:00
be:mun:31003,31003,Beernem,Beernem,Beernem,Flanders,West Flanders,Arrondissement Brugge,POPULATION_BY_COMMUNE,Population,count,2026,16334.0,A,2026-09-05T20:42:19.277290+00:00
be:mun:31004,31004,Blankenberge,Blankenberge,Blankenberge,Flanders,West Flanders,Arrondissement Brugge,LOCAL_UNITS_BY_COMMUNE,Local business units,count,2023-Q4,2172.0,A,2026-09-05T19:00:05.127955+00:00
be:mun:31004,31004,Blankenberge,Blankenberge,Blankenberge,Flanders,West Flanders,Arrondissement Brugge,POPULATION_AGE_0_14,Population aged 0 to 14,count,2026,2082.0,A,2026-09-05T22:11:04.542942+00:00
be:mun:31004,31004,Blankenberge,Blankenberge,Blankenberge,Flanders,West Flanders,Arrondissement Brugge,POPULATION_AGE_15_64,Population aged 15 to 64,count,2026,11267.0,A,2026-09-05T22:11:04.542942+00:00
be:mun:31004,31004,Blankenberge,Blankenberge,Blankenberge,Flanders,West Flanders,Arrondissement Brugge,POPULATION_AGE_65_PLUS,Population aged 65 and over,count,2026,7392.0,A,2026-09-05T22:11:04.542942+00:00
be:mun:31004,31004,Blankenberge,Blankenberge,Blankenberge,Flanders,West Flanders,Arrondissement Brugge,POPULATION_BY_COMMUNE,Population,count,2026,20741.0,A,2026-09-05T20:42:19.277290+00:00
be:mun:31005,31005,Bruges,Bruges,Brugge,Flanders,West Flanders,Arrondissement Brugge,LOCAL_UNITS_BY_COMMUNE,Local business units,count,2023-Q4,16765.0,A,2026-09-05T19:00:05.127955+00:00
be:mun:31005,31005,Bruges,Bruges,Brugge,Flanders,West Flanders,Arrondissement Brugge,POPULATION_AGE_0_14,Population aged 0 to 14,count,2026,15507.0,A,2026-09-05T22:11:04.542942+00:00
be:mun:31005,31005,Bruges,Bruges,Brugge,Flanders,West Flanders,Arrondissement Brugge,POPULATION_AGE_15_64,Population aged 15 to 64,count,2026,74141.0,A,2026-09-05T22:11:04.542942+00:00
be:mun:31005,31005,Bruges,Bruges,Brugge,Flanders,West Flanders,Arrondissement Brugge,POPULATION_AGE_65_PLUS,Population aged 65 and over,count,2026,30810.0,A,2026-09-05T22:11:04.542942+00:00
be:mun:31005,31005,Bruges,Bruges,Brugge,Flanders,West Flanders,Arrondissement Brugge,POPULATION_BY_COMMUNE,Population,count,2026,120458.0,A,2026-09-05T20:42:19.277290+00:00
be:mun:31006,31006,Damme,Damme,Damme,Flanders,West Flanders,Arrondissement Brugge,LOCAL_UNITS_BY_COMMUNE,Local business units,count,2023-Q4,2090.0,A,2026-09-05T19:00:05.127955+00:00
be:mun:31006,31006,Damme,Damme,Damme,Flanders,West Flanders,Arrondissement Brugge,POPULATION_AGE_0_14,Population aged 0 to 14,count,2026,1598.0,A,2026-09-05T22:11:04.542942+00:00
be:mun:31006,31006,Damme,Damme,Damme,Flanders,West Flanders,Arrondissement Brugge,POPULATION_AGE_15_64,Population aged 15 to 64,count,2026,6682.0,A,2026-09-05T22:11:04.542942+00:00
be:mun:31006,31006,Damme,Damme,Damme,Flanders,West Flanders,Arrondissement Brugge,POPULATION_AGE_65_PLUS,Population aged 65 and over,count,2026,3041.0,A,2026-09-05T22:11:04.542942+00:00
be:mun:31006,31006,Damme,Damme,Damme,Flanders,West Flanders,Arrondissement Brugge,POPULATION_BY_COMMUNE,Population,count,2026,11321.0,A,2026-09-05T20:42:19.277290+00:00
be:mun:31012,31012,Jabbeke,Jabbeke,Jabbeke,Flanders,West Flanders,Arrondissement Brugge,LOCAL_UNITS_BY_COMMUNE,Local business units,count,2023-Q4,2279.0,A,2026-09-05T19:00:05.127955+00:00
be:mun:31012,31012,Jabbeke,Jabbeke,Jabbeke,Flanders,West Flanders,Arrondissement Brugge,POPULATION_AGE_0_14,Population aged 0 to 14,count,2026,2093.0,A,2026-09-05T22:11:04.542942+00:00
be:mun:31012,31012,Jabbeke,Jabbeke,Jabbeke,Flanders,West Flanders,Arrondissement Brugge,POPULATION_AGE_15_64,Population aged 15 to 64,count,2026,9099.0,A,2026-09-05T22:11:04.542942+00:00
be:mun:31012,31012,Jabbeke,Jabbeke,Jabbeke,Flanders,West Flanders,Arrondissement Brugge,POPULATION_AGE_65_PLUS,Population aged 65 and over,count,2026,3798.0,A,2026-09-05T22:11:04.542942+00:00
be:mun:31012,31012,Jabbeke,Jabbeke,Jabbeke,Flanders,West Flanders,Arrondissement Brugge,POPULATION_BY_COMMUNE,Population,count,2026,14990.0,A,2026-09-05T20:42:19.277290+00:00
be:mun:31022,31022,Oostkamp,Oostkamp,Oostkamp,Flanders,West Flanders,Arrondissement Brugge,LOCAL_UNITS_BY_COMMUNE,Local business units,count,2023-Q4,3852.0,A,2026-09-05T19:00:05.127955+00:00
be:mun:31022,31022,Oostkamp,Oostkamp,Oostkamp,Flanders,West Flanders,Arrondissement Brugge,POPULATION_AGE_0_14,Population aged 0 to 14,count,2026,3620.0,A,2026-09-05T22:11:04.542942+00:00
be:mun:31022,31022,Oostkamp,Oostkamp,Oostkamp,Flanders,West Flanders,Arrondissement Brugge,POPULATION_AGE_15_64,Population aged 15 to 64,count,2026,14768.0,A,2026-09-05T22:11:04.542942+00:00
be:mun:31022,31022,Oostkamp,Oostkamp,Oostkamp,Flanders,West Flanders,Arrondissement Brugge,POPULATION_AGE_65_PLUS,Population aged 65 and over,count,2026,5714.0,A,2026-09-05T22:11:04.542942+00:00
be:mun:31022,31022,Oostkamp,Oostkamp,Oostkamp,Flanders,West Flanders,Arrondissement Brugge,POPULATION_BY_COMMUNE,Population,count,2026,24102.0,A,2026-09-05T20:42:19.277290+00:00
be:mun:31033,31033,Torhout,Torhout,Torhout,Flanders,West Flanders,Arrondissement Brugge,LOCAL_UNITS_BY_COMMUNE,Local business units,count,2023-Q4,2833.0,A,2026-09-05T19:00:05.127955+00:00
be:mun:31033,31033,Torhout,Torhout,Torhout,Flanders,West Flanders,Arrondissement Brugge,POPULATION_AGE_0_14,Population aged 0 to 14,count,2026,3113.0,A,2026-09-05T22:11:04.542942+00:00
be:mun:31033,31033,Torhout,Torhout,Torhout,Flanders,West Flanders,Arrondissement Brugge,POPULATION_AGE_15_64,Population aged 15 to 64,count,2026,12865.0,A,2026-09-05T22:11:04.542942+00:00
be:mun:31033,31033,Torhout,Torhout,Torhout,Flanders,West Flanders,Arrondissement Brugge,POPULATION_AGE_65_PLUS,Population aged 65 and over,count,2026,5176.0,A,2026-09-05T22:11:04.542942+00:00
be:mun:31033,31033,Torhout,Torhout,Torhout,Flanders,West Flanders,Arrondissement Brugge,POPULATION_BY_COMMUNE,Population,count,2026,21154.0,A,2026-09-05T20:42:19.277290+00:00
be:mun:31040,31040,Zedelgem,Zedelgem,Zedelgem,Flanders,West Flanders,Arrondissement Brugge,LOCAL_UNITS_BY_COMMUNE,Local business units,count,2023-Q4,3329.0,A,2026-09-05T19:00:05.127955+00:00
be:mun:31040,31040,Zedelgem,Zedelgem,Zedelgem,Flanders,West Flanders,Arrondissement Brugge,POPULATION_AGE_0_14,Population aged 0 to 14,count,2026,3555.0,A,2026-09-05T22:11:04.542942+00:00
be:mun:31040,31040,Zedelgem,Zedelgem,Zedelgem,Flanders,West Flanders,Arrondissement Brugge,POPULATION_AGE_15_64,Population aged 15 to 64,count,2026,14654.0,A,2026-09-05T22:11:04.542942+00:00
be:mun:31040,31040,Zedelgem,Zedelgem,Zedelgem,Flanders,West Flanders,Arrondissement Brugge,POPULATION_AGE_65_PLUS,Population aged 65 and over,count,2026,5538.0,A,2026-09-05T22:11:04.542942+00:00
be:mun:31040,31040,Zedelgem,Zedelgem,Zedelgem,Flanders,West Flanders,Arrondissement Brugge,POPULATION_BY_COMMUNE,Population,count,2026,23747.0,A,2026-09-05T20:42:19.277290+00:00
be:mun:31042,31042,Zuienkerke,Zuienkerke,Zuienkerke,Flanders,West Flanders,Arrondissement Brugge,LOCAL_UNITS_BY_COMMUNE,Local business units,count,2023-Q4,558.0,A,2026-09-05T19:00:05.127955+00:00
be:mun:31042,31042,Zuienkerke,Zuienkerke,Zuienkerke,Flanders,West Flanders,Arrondissement Brugge,POPULATION_AGE_0_14,Population aged 0 to 14,count,2026,334.0,A,2026-09-05T22:11:04.542942+00:00
be:mun:31042,31042,Zuienkerke,Zuienkerke,Zuienkerke,Flanders,West Flanders,Arrondissement Brugge,POPULATION_AGE_15_64,Population aged 15 to 64,count,2026,1610.0,A,2026-09-05T22:11:04.542942+00:00
be:mun:31042,31042,Zuienkerke,Zuienkerke,Zuienkerke,Flanders,West Flanders,Arrondissement Brugge,POPULATION_AGE_65_PLUS,Population aged 65 and over,count,2026,697.0,A,2026-09-05T22:11:04.542942+00:00
be:mun:31042,31042,Zuienkerke,Zuienkerke,Zuienkerke,Flanders,West Flanders,Arrondissement Brugge,POPULATION_BY_COMMUNE,Population,count,2026,2641.0,A,2026-09-05T20:42:19.277290+00:00
be:mun:31043,31043,Knokke-Heist,Knokke-Heist,Knokke-Heist,Flanders,West Flanders,Arrondissement Brugge,LOCAL_UNITS_BY_COMMUNE,Local business units,count,2023-Q4,7821.0,A,2026-09-05T19:00:05.127955+00:00
be:mun:31043,31043,Knokke-Heist,Knokke-Heist,Knokke-Heist,Flanders,West Flanders,Arrondissement Brugge,POPULATION_AGE_0_14,Population aged 0 to 14,count,2026,2689.0,A,2026-09-05T22:11:04.542942+00:00
be:mun:31043,31043,Knokke-Heist,Knokke-Heist,Knokke-Heist,Flanders,West Flanders,Arrondissement Brugge,POPULATION_AGE_15_64,Population aged 15 to 64,count,2026,16784.0,A,2026-09-05T22:11:04.542942+00:00
be:mun:31043,31043,Knokke-Heist,Knokke-Heist,Knokke-Heist,Flanders,West Flanders,Arrondissement Brugge,POPULATION_AGE_65_PLUS,Population aged 65 and over,count,2026,12690.0,A,2026-09-05T22:11:04.542942+00:00
be:mun:31043,31043,Knokke-Heist,Knokke-Heist,Knokke-Heist,Flanders,West Flanders,Arrondissement Brugge,POPULATION_BY_COMMUNE,Population,count,2026,32163.0,A,2026-09-05T20:42:19.277290+00:00
be:mun:32003,32003,Diksmuide,Dixmude,Diksmuide,Flanders,West Flanders,Arrondissement Diksmuide,LOCAL_UNITS_BY_COMMUNE,Local business units,count,2023-Q4,2996.0,A,2026-09-05T19:00:05.127955+00:00
be:mun:32003,32003,Diksmuide,Dixmude,Diksmuide,Flanders,West Flanders,Arrondissement Diksmuide,POPULATION_AGE_0_14,Population aged 0 to 14,count,2026,2545.0,A,2026-09-05T22:11:04.542942+00:00
be:mun:32003,32003,Diksmuide,Dixmude,Diksmuide,Flanders,West Flanders,Arrondissement Diksmuide,POPULATION_AGE_15_64,Population aged 15 to 64,count,2026,10757.0,A,2026-09-05T22:11:04.542942+00:00
be:mun:32003,32003,Diksmuide,Dixmude,Diksmuide,Flanders,West Flanders,Arrondissement Diksmuide,POPULATION_AGE_65_PLUS,Population aged 65 and over,count,2026,4084.0,A,2026-09-05T22:11:04.542942+00:00
be:mun:32003,32003,Diksmuide,Dixmude,Diksmuide,Flanders,West Flanders,Arrondissement Diksmuide,POPULATION_BY_COMMUNE,Population,count,2026,17386.0,A,2026-09-05T20:42:19.277290+00:00
be:mun:32006,32006,Houthulst,Houthulst,Houthulst,Flanders,West Flanders,Arrondissement Diksmuide,LOCAL_UNITS_BY_COMMUNE,Local business units,count,2023-Q4,1348.0,A,2026-09-05T19:00:05.127955+00:00
be:mun:32006,32006,Houthulst,Houthulst,Houthulst,Flanders,West Flanders,Arrondissement Diksmuide,POPULATION_AGE_0_14,Population aged 0 to 14,count,2026,1796.0,A,2026-09-05T22:11:04.542942+00:00
be:mun:32006,32006,Houthulst,Houthulst,Houthulst,Flanders,West Flanders,Arrondissement Diksmuide,POPULATION_AGE_15_64,Population aged 15 to 64,count,2026,6680.0,A,2026-09-05T22:11:04.542942+00:00
be:mun:32006,32006,Houthulst,Houthulst,Houthulst,Flanders,West Flanders,Arrondissement Diksmuide,POPULATION_AGE_65_PLUS,Population aged 65 and over,count,2026,2067.0,A,2026-09-05T22:11:04.542942+00:00
be:mun:32006,32006,Houthulst,Houthulst,Houthulst,Flanders,West Flanders,Arrondissement Diksmuide,POPULATION_BY_COMMUNE,Population,count,2026,10543.0,A,2026-09-05T20:42:19.277290+00:00
be:mun:32010,32010,Koekelare,Koekelare,Koekelare,Flanders,West Flanders,Arrondissement Diksmuide,LOCAL_UNITS_BY_COMMUNE,Local business units,count,2023-Q4,1290.0,A,2026-09-05T19:00:05.127955+00:00
be:mun:32010,32010,Koekelare,Koekelare,Koekelare,Flanders,West Flanders,Arrondissement Diksmuide,POPULATION_AGE_0_14,Population aged 0 to 14,count,2026,1360.0,A,2026-09-05T22:11:04.542942+00:00
be:mun:32010,32010,Koekelare,Koekelare,Koekelare,Flanders,West Flanders,Arrondissement Diksmuide,POPULATION_AGE_15_64,Population aged 15 to 64,count,2026,5371.0,A,2026-09-05T22:11:04.542942+00:00
be:mun:32010,32010,Koekelare,Koekelare,Koekelare,Flanders,West Flanders,Arrondissement Diksmuide,POPULATION_AGE_65_PLUS,Population aged 65 and over,count,2026,2155.0,A,2026-09-05T22:11:04.542942+00:00
be:mun:32010,32010,Koekelare,Koekelare,Koekelare,Flanders,West Flanders,Arrondissement Diksmuide,POPULATION_BY_COMMUNE,Population,count,2026,8886.0,A,2026-09-05T20:42:19.277290+00:00
be:mun:32011,32011,Kortemark,Kortemark,Kortemark,Flanders,West Flanders,Arrondissement Diksmuide,LOCAL_UNITS_BY_COMMUNE,Local business units,count,2023-Q4,1942.0,A,2026-09-05T19:00:05.127955+00:00
be:mun:32011,32011,Kortemark,Kortemark,Kortemark,Flanders,West Flanders,Arrondissement Diksmuide,POPULATION_AGE_0_14,Population aged 0 to 14,count,2026,2118.0,A,2026-09-05T22:11:04.542942+00:00
be:mun:32011,32011,Kortemark,Kortemark,Kortemark,Flanders,West Flanders,Arrondissement Diksmuide,POPULATION_AGE_15_64,Population aged 15 to 64,count,2026,7940.0,A,2026-09-05T22:11:04.542942+00:00
be:mun:32011,32011,Kortemark,Kortemark,Kortemark,Flanders,West Flanders,Arrondissement Diksmuide,POPULATION_AGE_65_PLUS,Population aged 65 and over,count,2026,3026.0,A,2026-09-05T22:11:04.542942+00:00
be:mun:32011,32011,Kortemark,Kortemark,Kortemark,Flanders,West Flanders,Arrondissement Diksmuide,POPULATION_BY_COMMUNE,Population,count,2026,13084.0,A,2026-09-05T20:42:19.277290+00:00
be:mun:32030,32030,Lo-Reninge,Lo-Reninge,Lo-Reninge,Flanders,West Flanders,Arrondissement Diksmuide,LOCAL_UNITS_BY_COMMUNE,Local business units,count,2023-Q4,661.0,A,2026-09-05T19:00:05.127955+00:00
be:mun:32030,32030,Lo-Reninge,Lo-Reninge,Lo-Reninge,Flanders,West Flanders,Arrondissement Diksmuide,POPULATION_AGE_0_14,Population aged 0 to 14,count,2026,522.0,A,2026-09-05T22:11:04.542942+00:00
be:mun:32030,32030,Lo-Reninge,Lo-Reninge,Lo-Reninge,Flanders,West Flanders,Arrondissement Diksmuide,POPULATION_AGE_15_64,Population aged 15 to 64,count,2026,1924.0,A,2026-09-05T22:11:04.542942+00:00
be:mun:32030,32030,Lo-Reninge,Lo-Reninge,Lo-Reninge,Flanders,West Flanders,Arrondissement Diksmuide,POPULATION_AGE_65_PLUS,Population aged 65 and over,count,2026,692.0,A,2026-09-05T22:11:04.542942+00:00
be:mun:32030,32030,Lo-Reninge,Lo-Reninge,Lo-Reninge,Flanders,West Flanders,Arrondissement Diksmuide,POPULATION_BY_COMMUNE,Population,count,2026,3138.0,A,2026-09-05T20:42:19.277290+00:00
be:mun:33011,33011,Ypres,Ypres,Ieper,Flanders,West Flanders,Arrondissement Ieper,LOCAL_UNITS_BY_COMMUNE,Local business units,count,2023-Q4,5185.0,A,2026-09-05T19:00:05.127955+00:00
be:mun:33011,33011,Ypres,Ypres,Ieper,Flanders,West Flanders,Arrondissement Ieper,POPULATION_AGE_0_14,Population aged 0 to 14,count,2026,5277.0,A,2026-09-05T22:11:04.542942+00:00
be:mun:33011,33011,Ypres,Ypres,Ieper,Flanders,West Flanders,Arrondissement Ieper,POPULATION_AGE_15_64,Population aged 15 to 64,count,2026,21389.0,A,2026-09-05T22:11:04.542942+00:00
be:mun:33011,33011,Ypres,Ypres,Ieper,Flanders,West Flanders,Arrondissement Ieper,POPULATION_AGE_65_PLUS,Population aged 65 and over,count,2026,8963.0,A,2026-09-05T22:11:04.542942+00:00
be:mun:33011,33011,Ypres,Ypres,Ieper,Flanders,West Flanders,Arrondissement Ieper,POPULATION_BY_COMMUNE,Population,count,2026,35629.0,A,2026-09-05T20:42:19.277290+00:00
be:mun:33016,33016,Mesen,Messines,Mesen,Flanders,West Flanders,Arrondissement Ieper,LOCAL_UNITS_BY_COMMUNE,Local business units,count,2023-Q4,89.0,A,2026-09-05T19:00:05.127955+00:00
be:mun:33016,33016,Mesen,Messines,Mesen,Flanders,West Flanders,Arrondissement Ieper,POPULATION_AGE_0_14,Population aged 0 to 14,count,2026,195.0,A,2026-09-05T22:11:04.542942+00:00
be:mun:33016,33016,Mesen,Messines,Mesen,Flanders,West Flanders,Arrondissement Ieper,POPULATION_AGE_15_64,Population aged 15 to 64,count,2026,678.0,A,2026-09-05T22:11:04.542942+00:00
be:mun:33016,33016,Mesen,Messines,Mesen,Flanders,West Flanders,Arrondissement Ieper,POPULATION_AGE_65_PLUS,Population aged 65 and over,count,2026,195.0,A,2026-09-05T22:11:04.542942+00:00
be:mun:33016,33016,Mesen,Messines,Mesen,Flanders,West Flanders,Arrondissement Ieper,POPULATION_BY_COMMUNE,Population,count,2026,1068.0,A,2026-09-05T20:42:19.277290+00:00
be:mun:33021,33021,Poperinge,Poperinge,Poperinge,Flanders,West Flanders,Arrondissement Ieper,LOCAL_UNITS_BY_COMMUNE,Local business units,count,2023-Q4,2787.0,A,2026-09-05T19:00:05.127955+00:00
be:mun:33021,33021,Poperinge,Poperinge,Poperinge,Flanders,West Flanders,Arrondissement Ieper,POPULATION_AGE_0_14,Population aged 0 to 14,count,2026,2842.0,A,2026-09-05T22:11:04.542942+00:00
be:mun:33021,33021,Poperinge,Poperinge,Poperinge,Flanders,West Flanders,Arrondissement Ieper,POPULATION_AGE_15_64,Population aged 15 to 64,count,2026,12029.0,A,2026-09-05T22:11:04.542942+00:00
be:mun:33021,33021,Poperinge,Poperinge,Poperinge,Flanders,West Flanders,Arrondissement Ieper,POPULATION_AGE_65_PLUS,Population aged 65 and over,count,2026,5019.0,A,2026-09-05T22:11:04.542942+00:00
be:mun:33021,33021,Poperinge,Poperinge,Poperinge,Flanders,West Flanders,Arrondissement Ieper,POPULATION_BY_COMMUNE,Population,count,2026,19890.0,A,2026-09-05T20:42:19.277290+00:00
be:mun:33029,33029,Wervik,Wervik,Wervik,Flanders,West Flanders,Arrondissement Ieper,LOCAL_UNITS_BY_COMMUNE,Local business units,count,2023-Q4,1824.0,A,2026-09-05T19:00:05.127955+00:00
be:mun:33029,33029,Wervik,Wervik,Wervik,Flanders,West Flanders,Arrondissement Ieper,POPULATION_AGE_0_14,Population aged 0 to 14,count,2026,3188.0,A,2026-09-05T22:11:04.542942+00:00
be:mun:33029,33029,Wervik,Wervik,Wervik,Flanders,West Flanders,Arrondissement Ieper,POPULATION_AGE_15_64,Population aged 15 to 64,count,2026,11731.0,A,2026-09-05T22:11:04.542942+00:00
be:mun:33029,33029,Wervik,Wervik,Wervik,Flanders,West Flanders,Arrondissement Ieper,POPULATION_AGE_65_PLUS,Population aged 65 and over,count,2026,4315.0,A,2026-09-05T22:11:04.542942+00:00
be:mun:33029,33029,Wervik,Wervik,Wervik,Flanders,West Flanders,Arrondissement Ieper,POPULATION_BY_COMMUNE,Population,count,2026,19234.0,A,2026-09-05T20:42:19.277290+00:00
be:mun:33037,33037,Zonnebeke,Zonnebeke,Zonnebeke,Flanders,West Flanders,Arrondissement Ieper,LOCAL_UNITS_BY_COMMUNE,Local business units,count,2023-Q4,1930.0,A,2026-09-05T19:00:05.127955+00:00
be:mun:33037,33037,Zonnebeke,Zonnebeke,Zonnebeke,Flanders,West Flanders,Arrondissement Ieper,POPULATION_AGE_0_14,Population aged 0 to 14,count,2026,2000.0,A,2026-09-05T22:11:04.542942+00:00
be:mun:33037,33037,Zonnebeke,Zonnebeke,Zonnebeke,Flanders,West Flanders,Arrondissement Ieper,POPULATION_AGE_15_64,Population aged 15 to 64,count,2026,8083.0,A,2026-09-05T22:11:04.542942+00:00
be:mun:33037,33037,Zonnebeke,Zonnebeke,Zonnebeke,Flanders,West Flanders,Arrondissement Ieper,POPULATION_AGE_65_PLUS,Population aged 65 and over,count,2026,2701.0,A,2026-09-05T22:11:04.542942+00:00
be:mun:33037,33037,Zonnebeke,Zonnebeke,Zonnebeke,Flanders,West Flanders,Arrondissement Ieper,POPULATION_BY_COMMUNE,Population,count,2026,12784.0,A,2026-09-05T20:42:19.277290+00:00
be:mun:33039,33039,Heuvelland,Heuvelland,Heuvelland,Flanders,West Flanders,Arrondissement Ieper,LOCAL_UNITS_BY_COMMUNE,Local business units,count,2023-Q4,1365.0,A,2026-09-05T19:00:05.127955+00:00
be:mun:33039,33039,Heuvelland,Heuvelland,Heuvelland,Flanders,West Flanders,Arrondissement Ieper,POPULATION_AGE_0_14,Population aged 0 to 14,count,2026,1275.0,A,2026-09-05T22:11:04.542942+00:00
be:mun:33039,33039,Heuvelland,Heuvelland,Heuvelland,Flanders,West Flanders,Arrondissement Ieper,POPULATION_AGE_15_64,Population aged 15 to 64,count,2026,4885.0,A,2026-09-05T22:11:04.542942+00:00
be:mun:33039,33039,Heuvelland,Heuvelland,Heuvelland,Flanders,West Flanders,Arrondissement Ieper,POPULATION_AGE_65_PLUS,Population aged 65 and over,count,2026,1889.0,A,2026-09-05T22:11:04.542942+00:00
be:mun:33039,33039,Heuvelland,Heuvelland,Heuvelland,Flanders,West Flanders,Arrondissement Ieper,POPULATION_BY_COMMUNE,Population,count,2026,8049.0,A,2026-09-05T20:42:19.277290+00:00
be:mun:33040,33040,Langemark-Poelkapelle,Langemark-Poelkapelle,Langemark-Poelkapelle,Flanders,West Flanders,Arrondissement Ieper,LOCAL_UNITS_BY_COMMUNE,Local business units,count,2023-Q4,1188.0,A,2026-09-05T19:00:05.127955+00:00
be:mun:33040,33040,Langemark-Poelkapelle,Langemark-Poelkapelle,Langemark-Poelkapelle,Flanders,West Flanders,Arrondissement Ieper,POPULATION_AGE_0_14,Population aged 0 to 14,count,2026,1351.0,A,2026-09-05T22:11:04.542942+00:00
be:mun:33040,33040,Langemark-Poelkapelle,Langemark-Poelkapelle,Langemark-Poelkapelle,Flanders,West Flanders,Arrondissement Ieper,POPULATION_AGE_15_64,Population aged 15 to 64,count,2026,5179.0,A,2026-09-05T22:11:04.542942+00:00
be:mun:33040,33040,Langemark-Poelkapelle,Langemark-Poelkapelle,Langemark-Poelkapelle,Flanders,West Flanders,Arrondissement Ieper,POPULATION_AGE_65_PLUS,Population aged 65 and over,count,2026,1728.0,A,2026-09-05T22:11:04.542942+00:00
be:mun:33040,33040,Langemark-Poelkapelle,Langemark-Poelkapelle,Langemark-Poelkapelle,Flanders,West Flanders,Arrondissement Ieper,POPULATION_BY_COMMUNE,Population,count,2026,8258.0,A,2026-09-05T20:42:19.277290+00:00
be:mun:33041,33041,Vleteren,Vleteren,Vleteren,Flanders,West Flanders,Arrondissement Ieper,LOCAL_UNITS_BY_COMMUNE,Local business units,count,2023-Q4,597.0,A,2026-09-05T19:00:05.127955+00:00
be:mun:33041,33041,Vleteren,Vleteren,Vleteren,Flanders,West Flanders,Arrondissement Ieper,POPULATION_AGE_0_14,Population aged 0 to 14,count,2026,592.0,A,2026-09-05T22:11:04.542942+00:00
be:mun:33041,33041,Vleteren,Vleteren,Vleteren,Flanders,West Flanders,Arrondissement Ieper,POPULATION_AGE_15_64,Population aged 15 to 64,count,2026,2219.0,A,2026-09-05T22:11:04.542942+00:00
be:mun:33041,33041,Vleteren,Vleteren,Vleteren,Flanders,West Flanders,Arrondissement Ieper,POPULATION_AGE_65_PLUS,Population aged 65 and over,count,2026,770.0,A,2026-09-05T22:11:04.542942+00:00
be:mun:33041,33041,Vleteren,Vleteren,Vleteren,Flanders,West Flanders,Arrondissement Ieper,POPULATION_BY_COMMUNE,Population,count,2026,3581.0,A,2026-09-05T20:42:19.277290+00:00
be:mun:34002,34002,Anzegem,Anzegem,Anzegem,Flanders,West Flanders,Arrondissement Kortrijk,LOCAL_UNITS_BY_COMMUNE,Local business units,count,2023-Q4,2483.0,A,2026-09-05T19:00:05.127955+00:00
be:mun:34002,34002,Anzegem,Anzegem,Anzegem,Flanders,West Flanders,Arrondissement Kortrijk,POPULATION_AGE_0_14,Population aged 0 to 14,count,2026,2314.0,A,2026-09-05T22:11:04.542942+00:00
be:mun:34002,34002,Anzegem,Anzegem,Anzegem,Flanders,West Flanders,Arrondissement Kortrijk,POPULATION_AGE_15_64,Population aged 15 to 64,count,2026,9638.0,A,2026-09-05T22:11:04.542942+00:00
be:mun:34002,34002,Anzegem,Anzegem,Anzegem,Flanders,West Flanders,Arrondissement Kortrijk,POPULATION_AGE_65_PLUS,Population aged 65 and over,count,2026,3342.0,A,2026-09-05T22:11:04.542942+00:00
be:mun:34002,34002,Anzegem,Anzegem,Anzegem,Flanders,West Flanders,Arrondissement Kortrijk,POPULATION_BY_COMMUNE,Population,count,2026,15294.0,A,2026-09-05T20:42:19.277290+00:00
be:mun:34003,34003,Avelgem,Avelgem,Avelgem,Flanders,West Flanders,Arrondissement Kortrijk,LOCAL_UNITS_BY_COMMUNE,Local business units,count,2023-Q4,1192.0,A,2026-09-05T19:00:05.127955+00:00
be:mun:34003,34003,Avelgem,Avelgem,Avelgem,Flanders,West Flanders,Arrondissement Kortrijk,POPULATION_AGE_0_14,Population aged 0 to 14,count,2026,1687.0,A,2026-09-05T22:11:04.542942+00:00
be:mun:34003,34003,Avelgem,Avelgem,Avelgem,Flanders,West Flanders,Arrondissement Kortrijk,POPULATION_AGE_15_64,Population aged 15 to 64,count,2026,6351.0,A,2026-09-05T22:11:04.542942+00:00
be:mun:34003,34003,Avelgem,Avelgem,Avelgem,Flanders,West Flanders,Arrondissement Kortrijk,POPULATION_AGE_65_PLUS,Population aged 65 and over,count,2026,2388.0,A,2026-09-05T22:11:04.542942+00:00
be:mun:34003,34003,Avelgem,Avelgem,Avelgem,Flanders,West Flanders,Arrondissement Kortrijk,POPULATION_BY_COMMUNE,Population,count,2026,10426.0,A,2026-09-05T20:42:19.277290+00:00
be:mun:34009,34009,Deerlijk,Deerlijk,Deerlijk,Flanders,West Flanders,Arrondissement Kortrijk,LOCAL_UNITS_BY_COMMUNE,Local business units,count,2023-Q4,1827.0,A,2026-09-05T19:00:05.127955+00:00
be:mun:34009,34009,Deerlijk,Deerlijk,Deerlijk,Flanders,West Flanders,Arrondissement Kortrijk,POPULATION_AGE_0_14,Population aged 0 to 14,count,2026,2090.0,A,2026-09-05T22:11:04.542942+00:00
be:mun:34009,34009,Deerlijk,Deerlijk,Deerlijk,Flanders,West Flanders,Arrondissement Kortrijk,POPULATION_AGE_15_64,Population aged 15 to 64,count,2026,7978.0,A,2026-09-05T22:11:04.542942+00:00
be:mun:34009,34009,Deerlijk,Deerlijk,Deerlijk,Flanders,West Flanders,Arrondissement Kortrijk,POPULATION_AGE_65_PLUS,Population aged 65 and over,count,2026,2659.0,A,2026-09-05T22:11:04.542942+00:00
be:mun:34009,34009,Deerlijk,Deerlijk,Deerlijk,Flanders,West Flanders,Arrondissement Kortrijk,POPULATION_BY_COMMUNE,Population,count,2026,12727.0,A,2026-09-05T20:42:19.277290+00:00
be:mun:34013,34013,Harelbeke,Harelbeke,Harelbeke,Flanders,West Flanders,Arrondissement Kortrijk,LOCAL_UNITS_BY_COMMUNE,Local business units,count,2023-Q4,3334.0,A,2026-09-05T19:00:05.127955+00:00
be:mun:34013,34013,Harelbeke,Harelbeke,Harelbeke,Flanders,West Flanders,Arrondissement Kortrijk,POPULATION_AGE_0_14,Population aged 0 to 14,count,2026,4908.0,A,2026-09-05T22:11:04.542942+00:00
be:mun:34013,34013,Harelbeke,Harelbeke,Harelbeke,Flanders,West Flanders,Arrondissement Kortrijk,POPULATION_AGE_15_64,Population aged 15 to 64,count,2026,18903.0,A,2026-09-05T22:11:04.542942+00:00
be:mun:34013,34013,Harelbeke,Harelbeke,Harelbeke,Flanders,West Flanders,Arrondissement Kortrijk,POPULATION_AGE_65_PLUS,Population aged 65 and over,count,2026,6794.0,A,2026-09-05T22:11:04.542942+00:00
be:mun:34013,34013,Harelbeke,Harelbeke,Harelbeke,Flanders,West Flanders,Arrondissement Kortrijk,POPULATION_BY_COMMUNE,Population,count,2026,30605.0,A,2026-09-05T20:42:19.277290+00:00
be:mun:34022,34022,Kortrijk,Courtrai,Kortrijk,Flanders,West Flanders,Arrondissement Kortrijk,LOCAL_UNITS_BY_COMMUNE,Local business units,count,2023-Q4,12432.0,A,2026-09-05T19:00:05.127955+00:00
be:mun:34022,34022,Kortrijk,Courtrai,Kortrijk,Flanders,West Flanders,Arrondissement Kortrijk,POPULATION_AGE_0_14,Population aged 0 to 14,count,2026,13030.0,A,2026-09-05T22:11:04.542942+00:00
be:mun:34022,34022,Kortrijk,Courtrai,Kortrijk,Flanders,West Flanders,Arrondissement Kortrijk,POPULATION_AGE_15_64,Population aged 15 to 64,count,2026,50725.0,A,2026-09-05T22:11:04.542942+00:00
be:mun:34022,34022,Kortrijk,Courtrai,Kortrijk,Flanders,West Flanders,Arrondissement Kortrijk,POPULATION_AGE_65_PLUS,Population aged 65 and over,count,2026,17768.0,A,2026-09-05T22:11:04.542942+00:00
be:mun:34022,34022,Kortrijk,Courtrai,Kortrijk,Flanders,West Flanders,Arrondissement Kortrijk,POPULATION_BY_COMMUNE,Population,count,2026,81523.0,A,2026-09-05T20:42:19.277290+00:00
be:mun:34023,34023,Kuurne,Kuurne,Kuurne,Flanders,West Flanders,Arrondissement Kortrijk,LOCAL_UNITS_BY_COMMUNE,Local business units,count,2023-Q4,1827.0,A,2026-09-05T19:00:05.127955+00:00
be:mun:34023,34023,Kuurne,Kuurne,Kuurne,Flanders,West Flanders,Arrondissement Kortrijk,POPULATION_AGE_0_14,Population aged 0 to 14,count,2026,2470.0,A,2026-09-05T22:11:04.542942+00:00
be:mun:34023,34023,Kuurne,Kuurne,Kuurne,Flanders,West Flanders,Arrondissement Kortrijk,POPULATION_AGE_15_64,Population aged 15 to 64,count,2026,8651.0,A,2026-09-05T22:11:04.542942+00:00
be:mun:34023,34023,Kuurne,Kuurne,Kuurne,Flanders,West Flanders,Arrondissement Kortrijk,POPULATION_AGE_65_PLUS,Population aged 65 and over,count,2026,3187.0,A,2026-09-05T22:11:04.542942+00:00
be:mun:34023,34023,Kuurne,Kuurne,Kuurne,Flanders,West Flanders,Arrondissement Kortrijk,POPULATION_BY_COMMUNE,Population,count,2026,14308.0,A,2026-09-05T20:42:19.277290+00:00
be:mun:34025,34025,Lendelede,Lendelede,Lendelede,Flanders,West Flanders,Arrondissement Kortrijk,LOCAL_UNITS_BY_COMMUNE,Local business units,count,2023-Q4,834.0,A,2026-09-05T19:00:05.127955+00:00
be:mun:34025,34025,Lendelede,Lendelede,Lendelede,Flanders,West Flanders,Arrondissement Kortrijk,POPULATION_AGE_0_14,Population aged 0 to 14,count,2026,855.0,A,2026-09-05T22:11:04.542942+00:00
be:mun:34025,34025,Lendelede,Lendelede,Lendelede,Flanders,West Flanders,Arrondissement Kortrijk,POPULATION_AGE_15_64,Population aged 15 to 64,count,2026,3526.0,A,2026-09-05T22:11:04.542942+00:00
be:mun:34025,34025,Lendelede,Lendelede,Lendelede,Flanders,West Flanders,Arrondissement Kortrijk,POPULATION_AGE_65_PLUS,Population aged 65 and over,count,2026,1482.0,A,2026-09-05T22:11:04.542942+00:00
be:mun:34025,34025,Lendelede,Lendelede,Lendelede,Flanders,West Flanders,Arrondissement Kortrijk,POPULATION_BY_COMMUNE,Population,count,2026,5863.0,A,2026-09-05T20:42:19.277290+00:00
be:mun:34027,34027,Menen,Menin,Menen,Flanders,West Flanders,Arrondissement Kortrijk,LOCAL_UNITS_BY_COMMUNE,Local business units,count,2023-Q4,3489.0,A,2026-09-05T19:00:05.127955+00:00
be:mun:34027,34027,Menen,Menin,Menen,Flanders,West Flanders,Arrondissement Kortrijk,POPULATION_AGE_0_14,Population aged 0 to 14,count,2026,5931.0,A,2026-09-05T22:11:04.542942+00:00
be:mun:34027,34027,Menen,Menin,Menen,Flanders,West Flanders,Arrondissement Kortrijk,POPULATION_AGE_15_64,Population aged 15 to 64,count,2026,21196.0,A,2026-09-05T22:11:04.542942+00:00
be:mun:34027,34027,Menen,Menin,Menen,Flanders,West Flanders,Arrondissement Kortrijk,POPULATION_AGE_65_PLUS,Population aged 65 and over,count,2026,7513.0,A,2026-09-05T22:11:04.542942+00:00
be:mun:34027,34027,Menen,Menin,Menen,Flanders,West Flanders,Arrondissement Kortrijk,POPULATION_BY_COMMUNE,Population,count,2026,34640.0,A,2026-09-05T20:42:19.277290+00:00
be:mun:34040,34040,Waregem,Waregem,Waregem,Flanders,West Flanders,Arrondissement Kortrijk,LOCAL_UNITS_BY_COMMUNE,Local business units,count,2023-Q4,6119.0,A,2026-09-05T19:00:05.127955+00:00
be:mun:34040,34040,Waregem,Waregem,Waregem,Flanders,West Flanders,Arrondissement Kortrijk,POPULATION_AGE_0_14,Population aged 0 to 14,count,2026,6074.0,A,2026-09-05T22:11:04.542942+00:00
be:mun:34040,34040,Waregem,Waregem,Waregem,Flanders,West Flanders,Arrondissement Kortrijk,POPULATION_AGE_15_64,Population aged 15 to 64,count,2026,25077.0,A,2026-09-05T22:11:04.542942+00:00
be:mun:34040,34040,Waregem,Waregem,Waregem,Flanders,West Flanders,Arrondissement Kortrijk,POPULATION_AGE_65_PLUS,Population aged 65 and over,count,2026,9586.0,A,2026-09-05T22:11:04.542942+00:00
be:mun:34040,34040,Waregem,Waregem,Waregem,Flanders,West Flanders,Arrondissement Kortrijk,POPULATION_BY_COMMUNE,Population,count,2026,40737.0,A,2026-09-05T20:42:19.277290+00:00
be:mun:34041,34041,Wevelgem,Wevelgem,Wevelgem,Flanders,West Flanders,Arrondissement Kortrijk,LOCAL_UNITS_BY_COMMUNE,Local business units,count,2023-Q4,3990.0,A,2026-09-05T19:00:05.127955+00:00
be:mun:34041,34041,Wevelgem,Wevelgem,Wevelgem,Flanders,West Flanders,Arrondissement Kortrijk,POPULATION_AGE_0_14,Population aged 0 to 14,count,2026,5110.0,A,2026-09-05T22:11:04.542942+00:00
be:mun:34041,34041,Wevelgem,Wevelgem,Wevelgem,Flanders,West Flanders,Arrondissement Kortrijk,POPULATION_AGE_15_64,Population aged 15 to 64,count,2026,19521.0,A,2026-09-05T22:11:04.542942+00:00
be:mun:34041,34041,Wevelgem,Wevelgem,Wevelgem,Flanders,West Flanders,Arrondissement Kortrijk,POPULATION_AGE_65_PLUS,Population aged 65 and over,count,2026,7458.0,A,2026-09-05T22:11:04.542942+00:00
be:mun:34041,34041,Wevelgem,Wevelgem,Wevelgem,Flanders,West Flanders,Arrondissement Kortrijk,POPULATION_BY_COMMUNE,Population,count,2026,32089.0,A,2026-09-05T20:42:19.277290+00:00
be:mun:34042,34042,Zwevegem,Zwevegem,Zwevegem,Flanders,West Flanders,Arrondissement Kortrijk,LOCAL_UNITS_BY_COMMUNE,Local business units,count,2023-Q4,3284.0,A,2026-09-05T19:00:05.127955+00:00
be:mun:34042,34042,Zwevegem,Zwevegem,Zwevegem,Flanders,West Flanders,Arrondissement Kortrijk,POPULATION_AGE_0_14,Population aged 0 to 14,count,2026,4126.0,A,2026-09-05T22:11:04.542942+00:00
be:mun:34042,34042,Zwevegem,Zwevegem,Zwevegem,Flanders,West Flanders,Arrondissement Kortrijk,POPULATION_AGE_15_64,Population aged 15 to 64,count,2026,16160.0,A,2026-09-05T22:11:04.542942+00:00
be:mun:34042,34042,Zwevegem,Zwevegem,Zwevegem,Flanders,West Flanders,Arrondissement Kortrijk,POPULATION_AGE_65_PLUS,Population aged 65 and over,count,2026,5749.0,A,2026-09-05T22:11:04.542942+00:00
be:mun:34042,34042,Zwevegem,Zwevegem,Zwevegem,Flanders,West Flanders,Arrondissement Kortrijk,POPULATION_BY_COMMUNE,Population,count,2026,26035.0,A,2026-09-05T20:42:19.277290+00:00
be:mun:34043,34043,Spiere-Helkijn,Espierres-Helchin,Spiere-Helkijn,Flanders,West Flanders,Arrondissement Kortrijk,LOCAL_UNITS_BY_COMMUNE,Local business units,count,2023-Q4,279.0,A,2026-09-05T19:00:05.127955+00:00
be:mun:34043,34043,Spiere-Helkijn,Espierres-Helchin,Spiere-Helkijn,Flanders,West Flanders,Arrondissement Kortrijk,POPULATION_AGE_0_14,Population aged 0 to 14,count,2026,322.0,A,2026-09-05T22:11:04.542942+00:00
be:mun:34043,34043,Spiere-Helkijn,Espierres-Helchin,Spiere-Helkijn,Flanders,West Flanders,Arrondissement Kortrijk,POPULATION_AGE_15_64,Population aged 15 to 64,count,2026,1343.0,A,2026-09-05T22:11:04.542942+00:00
be:mun:34043,34043,Spiere-Helkijn,Espierres-Helchin,Spiere-Helkijn,Flanders,West Flanders,Arrondissement Kortrijk,POPULATION_AGE_65_PLUS,Population aged 65 and over,count,2026,386.0,A,2026-09-05T22:11:04.542942+00:00
be:mun:34043,34043,Spiere-Helkijn,Espierres-Helchin,Spiere-Helkijn,Flanders,West Flanders,Arrondissement Kortrijk,POPULATION_BY_COMMUNE,Population,count,2026,2051.0,A,2026-09-05T20:42:19.277290+00:00
be:mun:35002,35002,Bredene,Bredene,Bredene,Flanders,West Flanders,Arrondissement Oostende,LOCAL_UNITS_BY_COMMUNE,Local business units,count,2023-Q4,1411.0,A,2026-09-05T19:00:05.127955+00:00
be:mun:35002,35002,Bredene,Bredene,Bredene,Flanders,West Flanders,Arrondissement Oostende,POPULATION_AGE_0_14,Population aged 0 to 14,count,2026,2277.0,A,2026-09-05T22:11:04.542942+00:00
be:mun:35002,35002,Bredene,Bredene,Bredene,Flanders,West Flanders,Arrondissement Oostende,POPULATION_AGE_15_64,Population aged 15 to 64,count,2026,10592.0,A,2026-09-05T22:11:04.542942+00:00
be:mun:35002,35002,Bredene,Bredene,Bredene,Flanders,West Flanders,Arrondissement Oostende,POPULATION_AGE_65_PLUS,Population aged 65 and over,count,2026,5188.0,A,2026-09-05T22:11:04.542942+00:00
be:mun:35002,35002,Bredene,Bredene,Bredene,Flanders,West Flanders,Arrondissement Oostende,POPULATION_BY_COMMUNE,Population,count,2026,18057.0,A,2026-09-05T20:42:19.277290+00:00
be:mun:35005,35005,Gistel,Gistel,Gistel,Flanders,West Flanders,Arrondissement Oostende,LOCAL_UNITS_BY_COMMUNE,Local business units,count,2023-Q4,1467.0,A,2026-09-05T19:00:05.127955+00:00
be:mun:35005,35005,Gistel,Gistel,Gistel,Flanders,West Flanders,Arrondissement Oostende,POPULATION_AGE_0_14,Population aged 0 to 14,count,2026,1713.0,A,2026-09-05T22:11:04.542942+00:00
be:mun:35005,35005,Gistel,Gistel,Gistel,Flanders,West Flanders,Arrondissement Oostende,POPULATION_AGE_15_64,Population aged 15 to 64,count,2026,7586.0,A,2026-09-05T22:11:04.542942+00:00
be:mun:35005,35005,Gistel,Gistel,Gistel,Flanders,West Flanders,Arrondissement Oostende,POPULATION_AGE_65_PLUS,Population aged 65 and over,count,2026,2799.0,A,2026-09-05T22:11:04.542942+00:00
be:mun:35005,35005,Gistel,Gistel,Gistel,Flanders,West Flanders,Arrondissement Oostende,POPULATION_BY_COMMUNE,Population,count,2026,12098.0,A,2026-09-05T20:42:19.277290+00:00
be:mun:35006,35006,Ichtegem,Ichtegem,Ichtegem,Flanders,West Flanders,Arrondissement Oostende,LOCAL_UNITS_BY_COMMUNE,Local business units,count,2023-Q4,1887.0,A,2026-09-05T19:00:05.127955+00:00
be:mun:35006,35006,Ichtegem,Ichtegem,Ichtegem,Flanders,West Flanders,Arrondissement Oostende,POPULATION_AGE_0_14,Population aged 0 to 14,count,2026,2258.0,A,2026-09-05T22:11:04.542942+00:00
be:mun:35006,35006,Ichtegem,Ichtegem,Ichtegem,Flanders,West Flanders,Arrondissement Oostende,POPULATION_AGE_15_64,Population aged 15 to 64,count,2026,9190.0,A,2026-09-05T22:11:04.542942+00:00
be:mun:35006,35006,Ichtegem,Ichtegem,Ichtegem,Flanders,West Flanders,Arrondissement Oostende,POPULATION_AGE_65_PLUS,Population aged 65 and over,count,2026,3233.0,A,2026-09-05T22:11:04.542942+00:00
be:mun:35006,35006,Ichtegem,Ichtegem,Ichtegem,Flanders,West Flanders,Arrondissement Oostende,POPULATION_BY_COMMUNE,Population,count,2026,14681.0,A,2026-09-05T20:42:19.277290+00:00
be:mun:35011,35011,Middelkerke,Middelkerke,Middelkerke,Flanders,West Flanders,Arrondissement Oostende,LOCAL_UNITS_BY_COMMUNE,Local business units,count,2023-Q4,2678.0,A,2026-09-05T19:00:05.127955+00:00
be:mun:35011,35011,Middelkerke,Middelkerke,Middelkerke,Flanders,West Flanders,Arrondissement Oostende,POPULATION_AGE_0_14,Population aged 0 to 14,count,2026,1819.0,A,2026-09-05T22:11:04.542942+00:00
be:mun:35011,35011,Middelkerke,Middelkerke,Middelkerke,Flanders,West Flanders,Arrondissement Oostende,POPULATION_AGE_15_64,Population aged 15 to 64,count,2026,10719.0,A,2026-09-05T22:11:04.542942+00:00
be:mun:35011,35011,Middelkerke,Middelkerke,Middelkerke,Flanders,West Flanders,Arrondissement Oostende,POPULATION_AGE_65_PLUS,Population aged 65 and over,count,2026,7531.0,A,2026-09-05T22:11:04.542942+00:00
be:mun:35011,35011,Middelkerke,Middelkerke,Middelkerke,Flanders,West Flanders,Arrondissement Oostende,POPULATION_BY_COMMUNE,Population,count,2026,20069.0,A,2026-09-05T20:42:19.277290+00:00
be:mun:35013,35013,Ostend,Ostende,Oostende,Flanders,West Flanders,Arrondissement Oostende,LOCAL_UNITS_BY_COMMUNE,Local business units,count,2023-Q4,8191.0,A,2026-09-05T19:00:05.127955+00:00
be:mun:35013,35013,Ostend,Ostende,Oostende,Flanders,West Flanders,Arrondissement Oostende,POPULATION_AGE_0_14,Population aged 0 to 14,count,2026,9540.0,A,2026-09-05T22:11:04.542942+00:00
be:mun:35013,35013,Ostend,Ostende,Oostende,Flanders,West Flanders,Arrondissement Oostende,POPULATION_AGE_15_64,Population aged 15 to 64,count,2026,41586.0,A,2026-09-05T22:11:04.542942+00:00
be:mun:35013,35013,Ostend,Ostende,Oostende,Flanders,West Flanders,Arrondissement Oostende,POPULATION_AGE_65_PLUS,Population aged 65 and over,count,2026,21874.0,A,2026-09-05T22:11:04.542942+00:00
be:mun:35013,35013,Ostend,Ostende,Oostende,Flanders,West Flanders,Arrondissement Oostende,POPULATION_BY_COMMUNE,Population,count,2026,73000.0,A,2026-09-05T20:42:19.277290+00:00
be:mun:35014,35014,Oudenburg,Oudenburg,Oudenburg,Flanders,West Flanders,Arrondissement Oostende,LOCAL_UNITS_BY_COMMUNE,Local business units,count,2023-Q4,1150.0,A,2026-09-05T19:00:05.127955+00:00
be:mun:35014,35014,Oudenburg,Oudenburg,Oudenburg,Flanders,West Flanders,Arrondissement Oostende,POPULATION_AGE_0_14,Population aged 0 to 14,count,2026,1581.0,A,2026-09-05T22:11:04.542942+00:00
be:mun:35014,35014,Oudenburg,Oudenburg,Oudenburg,Flanders,West Flanders,Arrondissement Oostende,POPULATION_AGE_15_64,Population aged 15 to 64,count,2026,6460.0,A,2026-09-05T22:11:04.542942+00:00
be:mun:35014,35014,Oudenburg,Oudenburg,Oudenburg,Flanders,West Flanders,Arrondissement Oostende,POPULATION_AGE_65_PLUS,Population aged 65 and over,count,2026,2408.0,A,2026-09-05T22:11:04.542942+00:00
be:mun:35014,35014,Oudenburg,Oudenburg,Oudenburg,Flanders,West Flanders,Arrondissement Oostende,POPULATION_BY_COMMUNE,Population,count,2026,10449.0,A,2026-09-05T20:42:19.277290+00:00
be:mun:35029,35029,De Haan,De Haan,De Haan,Flanders,West Flanders,Arrondissement Oostende,LOCAL_UNITS_BY_COMMUNE,Local business units,count,2023-Q4,1782.0,A,2026-09-05T19:00:05.127955+00:00
be:mun:35029,35029,De Haan,De Haan,De Haan,Flanders,West Flanders,Arrondissement Oostende,POPULATION_AGE_0_14,Population aged 0 to 14,count,2026,1174.0,A,2026-09-05T22:11:04.542942+00:00
be:mun:35029,35029,De Haan,De Haan,De Haan,Flanders,West Flanders,Arrondissement Oostende,POPULATION_AGE_15_64,Population aged 15 to 64,count,2026,6596.0,A,2026-09-05T22:11:04.542942+00:00
be:mun:35029,35029,De Haan,De Haan,De Haan,Flanders,West Flanders,Arrondissement Oostende,POPULATION_AGE_65_PLUS,Population aged 65 and over,count,2026,4912.0,A,2026-09-05T22:11:04.542942+00:00
be:mun:35029,35029,De Haan,De Haan,De Haan,Flanders,West Flanders,Arrondissement Oostende,POPULATION_BY_COMMUNE,Population,count,2026,12682.0,A,2026-09-05T20:42:19.277290+00:00
be:mun:36006,36006,Hooglede,Hooglede,Hooglede,Flanders,West Flanders,Arrondissement Roeselare,LOCAL_UNITS_BY_COMMUNE,Local business units,count,2023-Q4,1620.0,A,2026-09-05T19:00:05.127955+00:00
be:mun:36006,36006,Hooglede,Hooglede,Hooglede,Flanders,West Flanders,Arrondissement Roeselare,POPULATION_AGE_0_14,Population aged 0 to 14,count,2026,1514.0,A,2026-09-05T22:11:04.542942+00:00
be:mun:36006,36006,Hooglede,Hooglede,Hooglede,Flanders,West Flanders,Arrondissement Roeselare,POPULATION_AGE_15_64,Population aged 15 to 64,count,2026,6404.0,A,2026-09-05T22:11:04.542942+00:00
be:mun:36006,36006,Hooglede,Hooglede,Hooglede,Flanders,West Flanders,Arrondissement Roeselare,POPULATION_AGE_65_PLUS,Population aged 65 and over,count,2026,2330.0,A,2026-09-05T22:11:04.542942+00:00
be:mun:36006,36006,Hooglede,Hooglede,Hooglede,Flanders,West Flanders,Arrondissement Roeselare,POPULATION_BY_COMMUNE,Population,count,2026,10248.0,A,2026-09-05T20:42:19.277290+00:00
be:mun:36007,36007,Ingelmunster,Ingelmunster,Ingelmunster,Flanders,West Flanders,Arrondissement Roeselare,LOCAL_UNITS_BY_COMMUNE,Local business units,count,2023-Q4,1575.0,A,2026-09-05T19:00:05.127955+00:00
be:mun:36007,36007,Ingelmunster,Ingelmunster,Ingelmunster,Flanders,West Flanders,Arrondissement Roeselare,POPULATION_AGE_0_14,Population aged 0 to 14,count,2026,1798.0,A,2026-09-05T22:11:04.542942+00:00
be:mun:36007,36007,Ingelmunster,Ingelmunster,Ingelmunster,Flanders,West Flanders,Arrondissement Roeselare,POPULATION_AGE_15_64,Population aged 15 to 64,count,2026,7286.0,A,2026-09-05T22:11:04.542942+00:00
be:mun:36007,36007,Ingelmunster,Ingelmunster,Ingelmunster,Flanders,West Flanders,Arrondissement Roeselare,POPULATION_AGE_65_PLUS,Population aged 65 and over,count,2026,2579.0,A,2026-09-05T22:11:04.542942+00:00
be:mun:36007,36007,Ingelmunster,Ingelmunster,Ingelmunster,Flanders,West Flanders,Arrondissement Roeselare,POPULATION_BY_COMMUNE,Population,count,2026,11663.0,A,2026-09-05T20:42:19.277290+00:00
be:mun:36008,36008,Izegem,Izegem,Izegem,Flanders,West Flanders,Arrondissement Roeselare,LOCAL_UNITS_BY_COMMUNE,Local business units,count,2023-Q4,3963.0,A,2026-09-05T19:00:05.127955+00:00
be:mun:36008,36008,Izegem,Izegem,Izegem,Flanders,West Flanders,Arrondissement Roeselare,POPULATION_AGE_0_14,Population aged 0 to 14,count,2026,4543.0,A,2026-09-05T22:11:04.542942+00:00
be:mun:36008,36008,Izegem,Izegem,Izegem,Flanders,West Flanders,Arrondissement Roeselare,POPULATION_AGE_15_64,Population aged 15 to 64,count,2026,18346.0,A,2026-09-05T22:11:04.542942+00:00
be:mun:36008,36008,Izegem,Izegem,Izegem,Flanders,West Flanders,Arrondissement Roeselare,POPULATION_AGE_65_PLUS,Population aged 65 and over,count,2026,6555.0,A,2026-09-05T22:11:04.542942+00:00
be:mun:36008,36008,Izegem,Izegem,Izegem,Flanders,West Flanders,Arrondissement Roeselare,POPULATION_BY_COMMUNE,Population,count,2026,29444.0,A,2026-09-05T20:42:19.277290+00:00
be:mun:36010,36010,Ledegem,Ledegem,Ledegem,Flanders,West Flanders,Arrondissement Roeselare,LOCAL_UNITS_BY_COMMUNE,Local business units,count,2023-Q4,1435.0,A,2026-09-05T19:00:05.127955+00:00
be:mun:36010,36010,Ledegem,Ledegem,Ledegem,Flanders,West Flanders,Arrondissement Roeselare,POPULATION_AGE_0_14,Population aged 0 to 14,count,2026,1531.0,A,2026-09-05T22:11:04.542942+00:00
be:mun:36010,36010,Ledegem,Ledegem,Ledegem,Flanders,West Flanders,Arrondissement Roeselare,POPULATION_AGE_15_64,Population aged 15 to 64,count,2026,6021.0,A,2026-09-05T22:11:04.542942+00:00
be:mun:36010,36010,Ledegem,Ledegem,Ledegem,Flanders,West Flanders,Arrondissement Roeselare,POPULATION_AGE_65_PLUS,Population aged 65 and over,count,2026,2245.0,A,2026-09-05T22:11:04.542942+00:00
be:mun:36010,36010,Ledegem,Ledegem,Ledegem,Flanders,West Flanders,Arrondissement Roeselare,POPULATION_BY_COMMUNE,Population,count,2026,9797.0,A,2026-09-05T20:42:19.277290+00:00
be:mun:36011,36011,Lichtervelde,Lichtervelde,Lichtervelde,Flanders,West Flanders,Arrondissement Roeselare,LOCAL_UNITS_BY_COMMUNE,Local business units,count,2023-Q4,1272.0,A,2026-09-05T19:00:05.127955+00:00
be:mun:36011,36011,Lichtervelde,Lichtervelde,Lichtervelde,Flanders,West Flanders,Arrondissement Roeselare,POPULATION_AGE_0_14,Population aged 0 to 14,count,2026,1467.0,A,2026-09-05T22:11:04.542942+00:00
be:mun:36011,36011,Lichtervelde,Lichtervelde,Lichtervelde,Flanders,West Flanders,Arrondissement Roeselare,POPULATION_AGE_15_64,Population aged 15 to 64,count,2026,5939.0,A,2026-09-05T22:11:04.542942+00:00
be:mun:36011,36011,Lichtervelde,Lichtervelde,Lichtervelde,Flanders,West Flanders,Arrondissement Roeselare,POPULATION_AGE_65_PLUS,Population aged 65 and over,count,2026,2044.0,A,2026-09-05T22:11:04.542942+00:00
be:mun:36011,36011,Lichtervelde,Lichtervelde,Lichtervelde,Flanders,West Flanders,Arrondissement Roeselare,POPULATION_BY_COMMUNE,Population,count,2026,9450.0,A,2026-09-05T20:42:19.277290+00:00
be:mun:36012,36012,Moorslede,Moorslede,Moorslede,Flanders,West Flanders,Arrondissement Roeselare,LOCAL_UNITS_BY_COMMUNE,Local business units,count,2023-Q4,1632.0,A,2026-09-05T19:00:05.127955+00:00
be:mun:36012,36012,Moorslede,Moorslede,Moorslede,Flanders,West Flanders,Arrondissement Roeselare,POPULATION_AGE_0_14,Population aged 0 to 14,count,2026,1840.0,A,2026-09-05T22:11:04.542942+00:00
be:mun:36012,36012,Moorslede,Moorslede,Moorslede,Flanders,West Flanders,Arrondissement Roeselare,POPULATION_AGE_15_64,Population aged 15 to 64,count,2026,7043.0,A,2026-09-05T22:11:04.542942+00:00
be:mun:36012,36012,Moorslede,Moorslede,Moorslede,Flanders,West Flanders,Arrondissement Roeselare,POPULATION_AGE_65_PLUS,Population aged 65 and over,count,2026,2648.0,A,2026-09-05T22:11:04.542942+00:00
be:mun:36012,36012,Moorslede,Moorslede,Moorslede,Flanders,West Flanders,Arrondissement Roeselare,POPULATION_BY_COMMUNE,Population,count,2026,11531.0,A,2026-09-05T20:42:19.277290+00:00
be:mun:36015,36015,Roeselare,Roulers,Roeselare,Flanders,West Flanders,Arrondissement Roeselare,LOCAL_UNITS_BY_COMMUNE,Local business units,count,2023-Q4,9698.0,A,2026-09-05T19:00:05.127955+00:00
be:mun:36015,36015,Roeselare,Roulers,Roeselare,Flanders,West Flanders,Arrondissement Roeselare,POPULATION_AGE_0_14,Population aged 0 to 14,count,2026,10759.0,A,2026-09-05T22:11:04.542942+00:00
be:mun:36015,36015,Roeselare,Roulers,Roeselare,Flanders,West Flanders,Arrondissement Roeselare,POPULATION_AGE_15_64,Population aged 15 to 64,count,2026,42695.0,A,2026-09-05T22:11:04.542942+00:00
be:mun:36015,36015,Roeselare,Roulers,Roeselare,Flanders,West Flanders,Arrondissement Roeselare,POPULATION_AGE_65_PLUS,Population aged 65 and over,count,2026,14243.0,A,2026-09-05T22:11:04.542942+00:00
be:mun:36015,36015,Roeselare,Roulers,Roeselare,Flanders,West Flanders,Arrondissement Roeselare,POPULATION_BY_COMMUNE,Population,count,2026,67697.0,A,2026-09-05T20:42:19.277290+00:00
be:mun:36019,36019,Staden,Staden,Staden,Flanders,West Flanders,Arrondissement Roeselare,LOCAL_UNITS_BY_COMMUNE,Local business units,count,2023-Q4,1867.0,A,2026-09-05T19:00:05.127955+00:00
be:mun:36019,36019,Staden,Staden,Staden,Flanders,West Flanders,Arrondissement Roeselare,POPULATION_AGE_0_14,Population aged 0 to 14,count,2026,1890.0,A,2026-09-05T22:11:04.542942+00:00
be:mun:36019,36019,Staden,Staden,Staden,Flanders,West Flanders,Arrondissement Roeselare,POPULATION_AGE_15_64,Population aged 15 to 64,count,2026,7408.0,A,2026-09-05T22:11:04.542942+00:00
be:mun:36019,36019,Staden,Staden,Staden,Flanders,West Flanders,Arrondissement Roeselare,POPULATION_AGE_65_PLUS,Population aged 65 and over,count,2026,2461.0,A,2026-09-05T22:11:04.542942+00:00
be:mun:36019,36019,Staden,Staden,Staden,Flanders,West Flanders,Arrondissement Roeselare,POPULATION_BY_COMMUNE,Population,count,2026,11759.0,A,2026-09-05T20:42:19.277290+00:00
be:mun:37002,37002,Dentergem,Dentergem,Dentergem,Flanders,West Flanders,Arrondissement Tielt,LOCAL_UNITS_BY_COMMUNE,Local business units,count,2023-Q4,1266.0,A,2026-09-05T19:00:05.127955+00:00
be:mun:37002,37002,Dentergem,Dentergem,Dentergem,Flanders,West Flanders,Arrondissement Tielt,POPULATION_AGE_0_14,Population aged 0 to 14,count,2026,1440.0,A,2026-09-05T22:11:04.542942+00:00
be:mun:37002,37002,Dentergem,Dentergem,Dentergem,Flanders,West Flanders,Arrondissement Tielt,POPULATION_AGE_15_64,Population aged 15 to 64,count,2026,5517.0,A,2026-09-05T22:11:04.542942+00:00
be:mun:37002,37002,Dentergem,Dentergem,Dentergem,Flanders,West Flanders,Arrondissement Tielt,POPULATION_AGE_65_PLUS,Population aged 65 and over,count,2026,1867.0,A,2026-09-05T22:11:04.542942+00:00
be:mun:37002,37002,Dentergem,Dentergem,Dentergem,Flanders,West Flanders,Arrondissement Tielt,POPULATION_BY_COMMUNE,Population,count,2026,8824.0,A,2026-09-05T20:42:19.277290+00:00
be:mun:37010,37010,Oostrozebeke,Oostrozebeke,Oostrozebeke,Flanders,West Flanders,Arrondissement Tielt,LOCAL_UNITS_BY_COMMUNE,Local business units,count,2023-Q4,1113.0,A,2026-09-05T19:00:05.127955+00:00
be:mun:37010,37010,Oostrozebeke,Oostrozebeke,Oostrozebeke,Flanders,West Flanders,Arrondissement Tielt,POPULATION_AGE_0_14,Population aged 0 to 14,count,2026,1185.0,A,2026-09-05T22:11:04.542942+00:00
be:mun:37010,37010,Oostrozebeke,Oostrozebeke,Oostrozebeke,Flanders,West Flanders,Arrondissement Tielt,POPULATION_AGE_15_64,Population aged 15 to 64,count,2026,5106.0,A,2026-09-05T22:11:04.542942+00:00
be:mun:37010,37010,Oostrozebeke,Oostrozebeke,Oostrozebeke,Flanders,West Flanders,Arrondissement Tielt,POPULATION_AGE_65_PLUS,Population aged 65 and over,count,2026,1681.0,A,2026-09-05T22:11:04.542942+00:00
be:mun:37010,37010,Oostrozebeke,Oostrozebeke,Oostrozebeke,Flanders,West Flanders,Arrondissement Tielt,POPULATION_BY_COMMUNE,Population,count,2026,7972.0,A,2026-09-05T20:42:19.277290+00:00
be:mun:37011,37011,Pittem,Pittem,Pittem,Flanders,West Flanders,Arrondissement Tielt,LOCAL_UNITS_BY_COMMUNE,Local business units,count,2023-Q4,1270.0,A,2026-09-05T19:00:05.127955+00:00
be:mun:37011,37011,Pittem,Pittem,Pittem,Flanders,West Flanders,Arrondissement Tielt,POPULATION_AGE_0_14,Population aged 0 to 14,count,2026,1087.0,A,2026-09-05T22:11:04.542942+00:00
be:mun:37011,37011,Pittem,Pittem,Pittem,Flanders,West Flanders,Arrondissement Tielt,POPULATION_AGE_15_64,Population aged 15 to 64,count,2026,4289.0,A,2026-09-05T22:11:04.542942+00:00
be:mun:37011,37011,Pittem,Pittem,Pittem,Flanders,West Flanders,Arrondissement Tielt,POPULATION_AGE_65_PLUS,Population aged 65 and over,count,2026,1627.0,A,2026-09-05T22:11:04.542942+00:00
be:mun:37011,37011,Pittem,Pittem,Pittem,Flanders,West Flanders,Arrondissement Tielt,POPULATION_BY_COMMUNE,Population,count,2026,7003.0,A,2026-09-05T20:42:19.277290+00:00
be:mun:37017,37017,Wielsbeke,Wielsbeke,Wielsbeke,Flanders,West Flanders,Arrondissement Tielt,LOCAL_UNITS_BY_COMMUNE,Local business units,count,2023-Q4,1604.0,A,2026-09-05T19:00:05.127955+00:00
be:mun:37017,37017,Wielsbeke,Wielsbeke,Wielsbeke,Flanders,West Flanders,Arrondissement Tielt,POPULATION_AGE_0_14,Population aged 0 to 14,count,2026,1752.0,A,2026-09-05T22:11:04.542942+00:00
be:mun:37017,37017,Wielsbeke,Wielsbeke,Wielsbeke,Flanders,West Flanders,Arrondissement Tielt,POPULATION_AGE_15_64,Population aged 15 to 64,count,2026,6640.0,A,2026-09-05T22:11:04.542942+00:00
be:mun:37017,37017,Wielsbeke,Wielsbeke,Wielsbeke,Flanders,West Flanders,Arrondissement Tielt,POPULATION_AGE_65_PLUS,Population aged 65 and over,count,2026,1890.0,A,2026-09-05T22:11:04.542942+00:00
be:mun:37017,37017,Wielsbeke,Wielsbeke,Wielsbeke,Flanders,West Flanders,Arrondissement Tielt,POPULATION_BY_COMMUNE,Population,count,2026,10282.0,A,2026-09-05T20:42:19.277290+00:00
be:mun:37020,37020,Ardooie,Ardooie,Ardooie,Flanders,West Flanders,Arrondissement Tielt,LOCAL_UNITS_BY_COMMUNE,Local business units,count,2023-Q4,1596.0,A,2026-09-05T19:00:05.127955+00:00
be:mun:37020,37020,Ardooie,Ardooie,Ardooie,Flanders,West Flanders,Arrondissement Tielt,POPULATION_AGE_0_14,Population aged 0 to 14,count,2026,1512.0,A,2026-09-05T22:11:04.542942+00:00
be:mun:37020,37020,Ardooie,Ardooie,Ardooie,Flanders,West Flanders,Arrondissement Tielt,POPULATION_AGE_15_64,Population aged 15 to 64,count,2026,5721.0,A,2026-09-05T22:11:04.542942+00:00
be:mun:37020,37020,Ardooie,Ardooie,Ardooie,Flanders,West Flanders,Arrondissement Tielt,POPULATION_AGE_65_PLUS,Population aged 65 and over,count,2026,2313.0,A,2026-09-05T22:11:04.542942+00:00
be:mun:37020,37020,Ardooie,Ardooie,Ardooie,Flanders,West Flanders,Arrondissement Tielt,POPULATION_BY_COMMUNE,Population,count,2026,9546.0,A,2026-09-05T20:42:19.277290+00:00
be:mun:37021,37021,Wingene,Wingene,Wingene,Flanders,West Flanders,Arrondissement Tielt,LOCAL_UNITS_BY_COMMUNE,Local business units,count,2023-Q4,3697.0,A,2026-09-05T19:00:05.127955+00:00
be:mun:37021,37021,Wingene,Wingene,Wingene,Flanders,West Flanders,Arrondissement Tielt,POPULATION_AGE_0_14,Population aged 0 to 14,count,2026,3249.0,A,2026-09-05T22:11:04.542942+00:00
be:mun:37021,37021,Wingene,Wingene,Wingene,Flanders,West Flanders,Arrondissement Tielt,POPULATION_AGE_15_64,Population aged 15 to 64,count,2026,13190.0,A,2026-09-05T22:11:04.542942+00:00
be:mun:37021,37021,Wingene,Wingene,Wingene,Flanders,West Flanders,Arrondissement Tielt,POPULATION_AGE_65_PLUS,Population aged 65 and over,count,2026,4480.0,A,2026-09-05T22:11:04.542942+00:00
be:mun:37021,37021,Wingene,Wingene,Wingene,Flanders,West Flanders,Arrondissement Tielt,POPULATION_BY_COMMUNE,Population,count,2026,20919.0,A,2026-09-05T20:42:19.277290+00:00
be:mun:37022,37022,Tielt,Tielt,Tielt,Flanders,West Flanders,Arrondissement Tielt,LOCAL_UNITS_BY_COMMUNE,Local business units,count,2023-Q4,4907.0,A,2026-09-05T19:00:05.127955+00:00
be:mun:37022,37022,Tielt,Tielt,Tielt,Flanders,West Flanders,Arrondissement Tielt,POPULATION_AGE_0_14,Population aged 0 to 14,count,2026,4786.0,A,2026-09-05T22:11:04.542942+00:00
be:mun:37022,37022,Tielt,Tielt,Tielt,Flanders,West Flanders,Arrondissement Tielt,POPULATION_AGE_15_64,Population aged 15 to 64,count,2026,19578.0,A,2026-09-05T22:11:04.542942+00:00
be:mun:37022,37022,Tielt,Tielt,Tielt,Flanders,West Flanders,Arrondissement Tielt,POPULATION_AGE_65_PLUS,Population aged 65 and over,count,2026,7609.0,A,2026-09-05T22:11:04.542942+00:00
be:mun:37022,37022,Tielt,Tielt,Tielt,Flanders,West Flanders,Arrondissement Tielt,POPULATION_BY_COMMUNE,Population,count,2026,31973.0,A,2026-09-05T20:42:19.277290+00:00
be:mun:38002,38002,Alveringem,Alveringem,Alveringem,Flanders,West Flanders,Arrondissement Veurne,LOCAL_UNITS_BY_COMMUNE,Local business units,count,2023-Q4,983.0,A,2026-09-05T19:00:05.127955+00:00
be:mun:38002,38002,Alveringem,Alveringem,Alveringem,Flanders,West Flanders,Arrondissement Veurne,POPULATION_AGE_0_14,Population aged 0 to 14,count,2026,872.0,A,2026-09-05T22:11:04.542942+00:00
be:mun:38002,38002,Alveringem,Alveringem,Alveringem,Flanders,West Flanders,Arrondissement Veurne,POPULATION_AGE_15_64,Population aged 15 to 64,count,2026,3133.0,A,2026-09-05T22:11:04.542942+00:00
be:mun:38002,38002,Alveringem,Alveringem,Alveringem,Flanders,West Flanders,Arrondissement Veurne,POPULATION_AGE_65_PLUS,Population aged 65 and over,count,2026,962.0,A,2026-09-05T22:11:04.542942+00:00
be:mun:38002,38002,Alveringem,Alveringem,Alveringem,Flanders,West Flanders,Arrondissement Veurne,POPULATION_BY_COMMUNE,Population,count,2026,4967.0,A,2026-09-05T20:42:19.277290+00:00
be:mun:38008,38008,De Panne,La Panne,De Panne,Flanders,West Flanders,Arrondissement Veurne,LOCAL_UNITS_BY_COMMUNE,Local business units,count,2023-Q4,1375.0,A,2026-09-05T19:00:05.127955+00:00
be:mun:38008,38008,De Panne,La Panne,De Panne,Flanders,West Flanders,Arrondissement Veurne,POPULATION_AGE_0_14,Population aged 0 to 14,count,2026,1073.0,A,2026-09-05T22:11:04.542942+00:00
be:mun:38008,38008,De Panne,La Panne,De Panne,Flanders,West Flanders,Arrondissement Veurne,POPULATION_AGE_15_64,Population aged 15 to 64,count,2026,5777.0,A,2026-09-05T22:11:04.542942+00:00
be:mun:38008,38008,De Panne,La Panne,De Panne,Flanders,West Flanders,Arrondissement Veurne,POPULATION_AGE_65_PLUS,Population aged 65 and over,count,2026,3979.0,A,2026-09-05T22:11:04.542942+00:00
be:mun:38008,38008,De Panne,La Panne,De Panne,Flanders,West Flanders,Arrondissement Veurne,POPULATION_BY_COMMUNE,Population,count,2026,10829.0,A,2026-09-05T20:42:19.277290+00:00
be:mun:38014,38014,Koksijde,Koksijde,Koksijde,Flanders,West Flanders,Arrondissement Veurne,LOCAL_UNITS_BY_COMMUNE,Local business units,count,2023-Q4,3415.0,A,2026-09-05T19:00:05.127955+00:00
be:mun:38014,38014,Koksijde,Koksijde,Koksijde,Flanders,West Flanders,Arrondissement Veurne,POPULATION_AGE_0_14,Population aged 0 to 14,count,2026,1439.0,A,2026-09-05T22:11:04.542942+00:00
be:mun:38014,38014,Koksijde,Koksijde,Koksijde,Flanders,West Flanders,Arrondissement Veurne,POPULATION_AGE_15_64,Population aged 15 to 64,count,2026,9825.0,A,2026-09-05T22:11:04.542942+00:00
be:mun:38014,38014,Koksijde,Koksijde,Koksijde,Flanders,West Flanders,Arrondissement Veurne,POPULATION_AGE_65_PLUS,Population aged 65 and over,count,2026,9808.0,A,2026-09-05T22:11:04.542942+00:00
be:mun:38014,38014,Koksijde,Koksijde,Koksijde,Flanders,West Flanders,Arrondissement Veurne,POPULATION_BY_COMMUNE,Population,count,2026,21072.0,A,2026-09-05T20:42:19.277290+00:00
be:mun:38016,38016,Nieuwpoort,Nieuport,Nieuwpoort,Flanders,West Flanders,Arrondissement Veurne,LOCAL_UNITS_BY_COMMUNE,Local business units,count,2023-Q4,1923.0,A,2026-09-05T19:00:05.127955+00:00
be:mun:38016,38016,Nieuwpoort,Nieuport,Nieuwpoort,Flanders,West Flanders,Arrondissement Veurne,POPULATION_AGE_0_14,Population aged 0 to 14,count,2026,970.0,A,2026-09-05T22:11:04.542942+00:00
be:mun:38016,38016,Nieuwpoort,Nieuport,Nieuwpoort,Flanders,West Flanders,Arrondissement Veurne,POPULATION_AGE_15_64,Population aged 15 to 64,count,2026,5775.0,A,2026-09-05T22:11:04.542942+00:00
be:mun:38016,38016,Nieuwpoort,Nieuport,Nieuwpoort,Flanders,West Flanders,Arrondissement Veurne,POPULATION_AGE_65_PLUS,Population aged 65 and over,count,2026,4686.0,A,2026-09-05T22:11:04.542942+00:00
be:mun:38016,38016,Nieuwpoort,Nieuport,Nieuwpoort,Flanders,West Flanders,Arrondissement Veurne,POPULATION_BY_COMMUNE,Population,count,2026,11431.0,A,2026-09-05T20:42:19.277290+00:00
be:mun:38025,38025,Veurne,Furnes,Veurne,Flanders,West Flanders,Arrondissement Veurne,LOCAL_UNITS_BY_COMMUNE,Local business units,count,2023-Q4,2080.0,A,2026-09-05T19:00:05.127955+00:00
be:mun:38025,38025,Veurne,Furnes,Veurne,Flanders,West Flanders,Arrondissement Veurne,POPULATION_AGE_0_14,Population aged 0 to 14,count,2026,1829.0,A,2026-09-05T22:11:04.542942+00:00
be:mun:38025,38025,Veurne,Furnes,Veurne,Flanders,West Flanders,Arrondissement Veurne,POPULATION_AGE_15_64,Population aged 15 to 64,count,2026,7433.0,A,2026-09-05T22:11:04.542942+00:00
be:mun:38025,38025,Veurne,Furnes,Veurne,Flanders,West Flanders,Arrondissement Veurne,POPULATION_AGE_65_PLUS,Population aged 65 and over,count,2026,3487.0,A,2026-09-05T22:11:04.542942+00:00
be:mun:38025,38025,Veurne,Furnes,Veurne,Flanders,West Flanders,Arrondissement Veurne,POPULATION_BY_COMMUNE,Population,count,2026,12749.0,A,2026-09-05T20:42:19.277290+00:00
be:mun:41002,41002,Aalst,Alost,Aalst,Flanders,East Flanders,Arrondissement Aalst,LOCAL_UNITS_BY_COMMUNE,Local business units,count,2023-Q4,10014.0,A,2026-09-05T19:00:05.127955+00:00
be:mun:41002,41002,Aalst,Alost,Aalst,Flanders,East Flanders,Arrondissement Aalst,POPULATION_AGE_0_14,Population aged 0 to 14,count,2026,15355.0,A,2026-09-05T22:11:04.542942+00:00
be:mun:41002,41002,Aalst,Alost,Aalst,Flanders,East Flanders,Arrondissement Aalst,POPULATION_AGE_15_64,Population aged 15 to 64,count,2026,58424.0,A,2026-09-05T22:11:04.542942+00:00
be:mun:41002,41002,Aalst,Alost,Aalst,Flanders,East Flanders,Arrondissement Aalst,POPULATION_AGE_65_PLUS,Population aged 65 and over,count,2026,19315.0,A,2026-09-05T22:11:04.542942+00:00
be:mun:41002,41002,Aalst,Alost,Aalst,Flanders,East Flanders,Arrondissement Aalst,POPULATION_BY_COMMUNE,Population,count,2026,93094.0,A,2026-09-05T20:42:19.277290+00:00
be:mun:41011,41011,Denderleeuw,Denderleeuw,Denderleeuw,Flanders,East Flanders,Arrondissement Aalst,LOCAL_UNITS_BY_COMMUNE,Local business units,count,2023-Q4,1392.0,A,2026-09-05T19:00:05.127955+00:00
be:mun:41011,41011,Denderleeuw,Denderleeuw,Denderleeuw,Flanders,East Flanders,Arrondissement Aalst,POPULATION_AGE_0_14,Population aged 0 to 14,count,2026,3815.0,A,2026-09-05T22:11:04.542942+00:00
be:mun:41011,41011,Denderleeuw,Denderleeuw,Denderleeuw,Flanders,East Flanders,Arrondissement Aalst,POPULATION_AGE_15_64,Population aged 15 to 64,count,2026,13650.0,A,2026-09-05T22:11:04.542942+00:00
be:mun:41011,41011,Denderleeuw,Denderleeuw,Denderleeuw,Flanders,East Flanders,Arrondissement Aalst,POPULATION_AGE_65_PLUS,Population aged 65 and over,count,2026,3937.0,A,2026-09-05T22:11:04.542942+00:00
be:mun:41011,41011,Denderleeuw,Denderleeuw,Denderleeuw,Flanders,East Flanders,Arrondissement Aalst,POPULATION_BY_COMMUNE,Population,count,2026,21402.0,A,2026-09-05T20:42:19.277290+00:00
be:mun:41018,41018,Geraardsbergen,Grammont,Geraardsbergen,Flanders,East Flanders,Arrondissement Aalst,LOCAL_UNITS_BY_COMMUNE,Local business units,count,2023-Q4,3662.0,A,2026-09-05T19:00:05.127955+00:00
be:mun:41018,41018,Geraardsbergen,Grammont,Geraardsbergen,Flanders,East Flanders,Arrondissement Aalst,POPULATION_AGE_0_14,Population aged 0 to 14,count,2026,5418.0,A,2026-09-05T22:11:04.542942+00:00
be:mun:41018,41018,Geraardsbergen,Grammont,Geraardsbergen,Flanders,East Flanders,Arrondissement Aalst,POPULATION_AGE_15_64,Population aged 15 to 64,count,2026,22186.0,A,2026-09-05T22:11:04.542942+00:00
be:mun:41018,41018,Geraardsbergen,Grammont,Geraardsbergen,Flanders,East Flanders,Arrondissement Aalst,POPULATION_AGE_65_PLUS,Population aged 65 and over,count,2026,7734.0,A,2026-09-05T22:11:04.542942+00:00
be:mun:41018,41018,Geraardsbergen,Grammont,Geraardsbergen,Flanders,East Flanders,Arrondissement Aalst,POPULATION_BY_COMMUNE,Population,count,2026,35338.0,A,2026-09-05T20:42:19.277290+00:00
be:mun:41024,41024,Haaltert,Haaltert,Haaltert,Flanders,East Flanders,Arrondissement Aalst,LOCAL_UNITS_BY_COMMUNE,Local business units,count,2023-Q4,2025.0,A,2026-09-05T19:00:05.127955+00:00
be:mun:41024,41024,Haaltert,Haaltert,Haaltert,Flanders,East Flanders,Arrondissement Aalst,POPULATION_AGE_0_14,Population aged 0 to 14,count,2026,3104.0,A,2026-09-05T22:11:04.542942+00:00
be:mun:41024,41024,Haaltert,Haaltert,Haaltert,Flanders,East Flanders,Arrondissement Aalst,POPULATION_AGE_15_64,Population aged 15 to 64,count,2026,12184.0,A,2026-09-05T22:11:04.542942+00:00
be:mun:41024,41024,Haaltert,Haaltert,Haaltert,Flanders,East Flanders,Arrondissement Aalst,POPULATION_AGE_65_PLUS,Population aged 65 and over,count,2026,4379.0,A,2026-09-05T22:11:04.542942+00:00
be:mun:41024,41024,Haaltert,Haaltert,Haaltert,Flanders,East Flanders,Arrondissement Aalst,POPULATION_BY_COMMUNE,Population,count,2026,19667.0,A,2026-09-05T20:42:19.277290+00:00
be:mun:41027,41027,Herzele,Herzele,Herzele,Flanders,East Flanders,Arrondissement Aalst,LOCAL_UNITS_BY_COMMUNE,Local business units,count,2023-Q4,1974.0,A,2026-09-05T19:00:05.127955+00:00
be:mun:41027,41027,Herzele,Herzele,Herzele,Flanders,East Flanders,Arrondissement Aalst,POPULATION_AGE_0_14,Population aged 0 to 14,count,2026,2903.0,A,2026-09-05T22:11:04.542942+00:00
be:mun:41027,41027,Herzele,Herzele,Herzele,Flanders,East Flanders,Arrondissement Aalst,POPULATION_AGE_15_64,Population aged 15 to 64,count,2026,12286.0,A,2026-09-05T22:11:04.542942+00:00
be:mun:41027,41027,Herzele,Herzele,Herzele,Flanders,East Flanders,Arrondissement Aalst,POPULATION_AGE_65_PLUS,Population aged 65 and over,count,2026,4102.0,A,2026-09-05T22:11:04.542942+00:00
be:mun:41027,41027,Herzele,Herzele,Herzele,Flanders,East Flanders,Arrondissement Aalst,POPULATION_BY_COMMUNE,Population,count,2026,19291.0,A,2026-09-05T20:42:19.277290+00:00
be:mun:41034,41034,Lede,Lede,Lede,Flanders,East Flanders,Arrondissement Aalst,LOCAL_UNITS_BY_COMMUNE,Local business units,count,2023-Q4,1835.0,A,2026-09-05T19:00:05.127955+00:00
be:mun:41034,41034,Lede,Lede,Lede,Flanders,East Flanders,Arrondissement Aalst,POPULATION_AGE_0_14,Population aged 0 to 14,count,2026,2810.0,A,2026-09-05T22:11:04.542942+00:00
be:mun:41034,41034,Lede,Lede,Lede,Flanders,East Flanders,Arrondissement Aalst,POPULATION_AGE_15_64,Population aged 15 to 64,count,2026,12224.0,A,2026-09-05T22:11:04.542942+00:00
be:mun:41034,41034,Lede,Lede,Lede,Flanders,East Flanders,Arrondissement Aalst,POPULATION_AGE_65_PLUS,Population aged 65 and over,count,2026,4494.0,A,2026-09-05T22:11:04.542942+00:00
be:mun:41034,41034,Lede,Lede,Lede,Flanders,East Flanders,Arrondissement Aalst,POPULATION_BY_COMMUNE,Population,count,2026,19528.0,A,2026-09-05T20:42:19.277290+00:00
be:mun:41048,41048,Ninove,Ninove,Ninove,Flanders,East Flanders,Arrondissement Aalst,LOCAL_UNITS_BY_COMMUNE,Local business units,count,2023-Q4,4216.0,A,2026-09-05T19:00:05.127955+00:00
be:mun:41048,41048,Ninove,Ninove,Ninove,Flanders,East Flanders,Arrondissement Aalst,POPULATION_AGE_0_14,Population aged 0 to 14,count,2026,6528.0,A,2026-09-05T22:11:04.542942+00:00
be:mun:41048,41048,Ninove,Ninove,Ninove,Flanders,East Flanders,Arrondissement Aalst,POPULATION_AGE_15_64,Population aged 15 to 64,count,2026,25160.0,A,2026-09-05T22:11:04.542942+00:00
be:mun:41048,41048,Ninove,Ninove,Ninove,Flanders,East Flanders,Arrondissement Aalst,POPULATION_AGE_65_PLUS,Population aged 65 and over,count,2026,9191.0,A,2026-09-05T22:11:04.542942+00:00
be:mun:41048,41048,Ninove,Ninove,Ninove,Flanders,East Flanders,Arrondissement Aalst,POPULATION_BY_COMMUNE,Population,count,2026,40879.0,A,2026-09-05T20:42:19.277290+00:00
be:mun:41063,41063,Sint-Lievens-Houtem,Sint-Lievens-Houtem,Sint-Lievens-Houtem,Flanders,East Flanders,Arrondissement Aalst,LOCAL_UNITS_BY_COMMUNE,Local business units,count,2023-Q4,1323.0,A,2026-09-05T19:00:05.127955+00:00
be:mun:41063,41063,Sint-Lievens-Houtem,Sint-Lievens-Houtem,Sint-Lievens-Houtem,Flanders,East Flanders,Arrondissement Aalst,POPULATION_AGE_0_14,Population aged 0 to 14,count,2026,1550.0,A,2026-09-05T22:11:04.542942+00:00
be:mun:41063,41063,Sint-Lievens-Houtem,Sint-Lievens-Houtem,Sint-Lievens-Houtem,Flanders,East Flanders,Arrondissement Aalst,POPULATION_AGE_15_64,Population aged 15 to 64,count,2026,6900.0,A,2026-09-05T22:11:04.542942+00:00
be:mun:41063,41063,Sint-Lievens-Houtem,Sint-Lievens-Houtem,Sint-Lievens-Houtem,Flanders,East Flanders,Arrondissement Aalst,POPULATION_AGE_65_PLUS,Population aged 65 and over,count,2026,2300.0,A,2026-09-05T22:11:04.542942+00:00
be:mun:41063,41063,Sint-Lievens-Houtem,Sint-Lievens-Houtem,Sint-Lievens-Houtem,Flanders,East Flanders,Arrondissement Aalst,POPULATION_BY_COMMUNE,Population,count,2026,10750.0,A,2026-09-05T20:42:19.277290+00:00
be:mun:41081,41081,Zottegem,Zottegem,Zottegem,Flanders,East Flanders,Arrondissement Aalst,LOCAL_UNITS_BY_COMMUNE,Local business units,count,2023-Q4,3093.0,A,2026-09-05T19:00:05.127955+00:00
be:mun:41081,41081,Zottegem,Zottegem,Zottegem,Flanders,East Flanders,Arrondissement Aalst,POPULATION_AGE_0_14,Population aged 0 to 14,count,2026,4154.0,A,2026-09-05T22:11:04.542942+00:00
be:mun:41081,41081,Zottegem,Zottegem,Zottegem,Flanders,East Flanders,Arrondissement Aalst,POPULATION_AGE_15_64,Population aged 15 to 64,count,2026,17458.0,A,2026-09-05T22:11:04.542942+00:00
be:mun:41081,41081,Zottegem,Zottegem,Zottegem,Flanders,East Flanders,Arrondissement Aalst,POPULATION_AGE_65_PLUS,Population aged 65 and over,count,2026,6731.0,A,2026-09-05T22:11:04.542942+00:00
be:mun:41081,41081,Zottegem,Zottegem,Zottegem,Flanders,East Flanders,Arrondissement Aalst,POPULATION_BY_COMMUNE,Population,count,2026,28343.0,A,2026-09-05T20:42:19.277290+00:00
be:mun:41082,41082,Erpe-Mere,Erpe-Mere,Erpe-Mere,Flanders,East Flanders,Arrondissement Aalst,LOCAL_UNITS_BY_COMMUNE,Local business units,count,2023-Q4,2379.0,A,2026-09-05T19:00:05.127955+00:00
be:mun:41082,41082,Erpe-Mere,Erpe-Mere,Erpe-Mere,Flanders,East Flanders,Arrondissement Aalst,POPULATION_AGE_0_14,Population aged 0 to 14,count,2026,3289.0,A,2026-09-05T22:11:04.542942+00:00
be:mun:41082,41082,Erpe-Mere,Erpe-Mere,Erpe-Mere,Flanders,East Flanders,Arrondissement Aalst,POPULATION_AGE_15_64,Population aged 15 to 64,count,2026,12967.0,A,2026-09-05T22:11:04.542942+00:00
be:mun:41082,41082,Erpe-Mere,Erpe-Mere,Erpe-Mere,Flanders,East Flanders,Arrondissement Aalst,POPULATION_AGE_65_PLUS,Population aged 65 and over,count,2026,4955.0,A,2026-09-05T22:11:04.542942+00:00
be:mun:41082,41082,Erpe-Mere,Erpe-Mere,Erpe-Mere,Flanders,East Flanders,Arrondissement Aalst,POPULATION_BY_COMMUNE,Population,count,2026,21211.0,A,2026-09-05T20:42:19.277290+00:00
be:mun:42003,42003,Berlare,Berlare,Berlare,Flanders,East Flanders,Arrondissement Dendermonde,LOCAL_UNITS_BY_COMMUNE,Local business units,count,2023-Q4,1778.0,A,2026-09-05T19:00:05.127955+00:00
be:mun:42003,42003,Berlare,Berlare,Berlare,Flanders,East Flanders,Arrondissement Dendermonde,POPULATION_AGE_0_14,Population aged 0 to 14,count,2026,2165.0,A,2026-09-05T22:11:04.542942+00:00
be:mun:42003,42003,Berlare,Berlare,Berlare,Flanders,East Flanders,Arrondissement Dendermonde,POPULATION_AGE_15_64,Population aged 15 to 64,count,2026,9719.0,A,2026-09-05T22:11:04.542942+00:00
be:mun:42003,42003,Berlare,Berlare,Berlare,Flanders,East Flanders,Arrondissement Dendermonde,POPULATION_AGE_65_PLUS,Population aged 65 and over,count,2026,3596.0,A,2026-09-05T22:11:04.542942+00:00
be:mun:42003,42003,Berlare,Berlare,Berlare,Flanders,East Flanders,Arrondissement Dendermonde,POPULATION_BY_COMMUNE,Population,count,2026,15480.0,A,2026-09-05T20:42:19.277290+00:00
be:mun:42004,42004,Buggenhout,Buggenhout,Buggenhout,Flanders,East Flanders,Arrondissement Dendermonde,LOCAL_UNITS_BY_COMMUNE,Local business units,count,2023-Q4,1545.0,A,2026-09-05T19:00:05.127955+00:00
be:mun:42004,42004,Buggenhout,Buggenhout,Buggenhout,Flanders,East Flanders,Arrondissement Dendermonde,POPULATION_AGE_0_14,Population aged 0 to 14,count,2026,2336.0,A,2026-09-05T22:11:04.542942+00:00
be:mun:42004,42004,Buggenhout,Buggenhout,Buggenhout,Flanders,East Flanders,Arrondissement Dendermonde,POPULATION_AGE_15_64,Population aged 15 to 64,count,2026,9390.0,A,2026-09-05T22:11:04.542942+00:00
be:mun:42004,42004,Buggenhout,Buggenhout,Buggenhout,Flanders,East Flanders,Arrondissement Dendermonde,POPULATION_AGE_65_PLUS,Population aged 65 and over,count,2026,3477.0,A,2026-09-05T22:11:04.542942+00:00
be:mun:42004,42004,Buggenhout,Buggenhout,Buggenhout,Flanders,East Flanders,Arrondissement Dendermonde,POPULATION_BY_COMMUNE,Population,count,2026,15203.0,A,2026-09-05T20:42:19.277290+00:00
be:mun:42006,42006,Dendermonde,Termonde,Dendermonde,Flanders,East Flanders,Arrondissement Dendermonde,LOCAL_UNITS_BY_COMMUNE,Local business units,count,2023-Q4,4988.0,A,2026-09-05T19:00:05.127955+00:00
be:mun:42006,42006,Dendermonde,Termonde,Dendermonde,Flanders,East Flanders,Arrondissement Dendermonde,POPULATION_AGE_0_14,Population aged 0 to 14,count,2026,7195.0,A,2026-09-05T22:11:04.542942+00:00
be:mun:42006,42006,Dendermonde,Termonde,Dendermonde,Flanders,East Flanders,Arrondissement Dendermonde,POPULATION_AGE_15_64,Population aged 15 to 64,count,2026,29789.0,A,2026-09-05T22:11:04.542942+00:00
be:mun:42006,42006,Dendermonde,Termonde,Dendermonde,Flanders,East Flanders,Arrondissement Dendermonde,POPULATION_AGE_65_PLUS,Population aged 65 and over,count,2026,10844.0,A,2026-09-05T22:11:04.542942+00:00
be:mun:42006,42006,Dendermonde,Termonde,Dendermonde,Flanders,East Flanders,Arrondissement Dendermonde,POPULATION_BY_COMMUNE,Population,count,2026,47828.0,A,2026-09-05T20:42:19.277290+00:00
be:mun:42008,42008,Hamme,Hamme,Hamme,Flanders,East Flanders,Arrondissement Dendermonde,LOCAL_UNITS_BY_COMMUNE,Local business units,count,2023-Q4,2647.0,A,2026-09-05T19:00:05.127955+00:00
be:mun:42008,42008,Hamme,Hamme,Hamme,Flanders,East Flanders,Arrondissement Dendermonde,POPULATION_AGE_0_14,Population aged 0 to 14,count,2026,3993.0,A,2026-09-05T22:11:04.542942+00:00
be:mun:42008,42008,Hamme,Hamme,Hamme,Flanders,East Flanders,Arrondissement Dendermonde,POPULATION_AGE_15_64,Population aged 15 to 64,count,2026,16345.0,A,2026-09-05T22:11:04.542942+00:00
be:mun:42008,42008,Hamme,Hamme,Hamme,Flanders,East Flanders,Arrondissement Dendermonde,POPULATION_AGE_65_PLUS,Population aged 65 and over,count,2026,5425.0,A,2026-09-05T22:11:04.542942+00:00
be:mun:42008,42008,Hamme,Hamme,Hamme,Flanders,East Flanders,Arrondissement Dendermonde,POPULATION_BY_COMMUNE,Population,count,2026,25763.0,A,2026-09-05T20:42:19.277290+00:00
be:mun:42010,42010,Laarne,Laarne,Laarne,Flanders,East Flanders,Arrondissement Dendermonde,LOCAL_UNITS_BY_COMMUNE,Local business units,count,2023-Q4,1666.0,A,2026-09-05T19:00:05.127955+00:00
be:mun:42010,42010,Laarne,Laarne,Laarne,Flanders,East Flanders,Arrondissement Dendermonde,POPULATION_AGE_0_14,Population aged 0 to 14,count,2026,1815.0,A,2026-09-05T22:11:04.542942+00:00
be:mun:42010,42010,Laarne,Laarne,Laarne,Flanders,East Flanders,Arrondissement Dendermonde,POPULATION_AGE_15_64,Population aged 15 to 64,count,2026,7622.0,A,2026-09-05T22:11:04.542942+00:00
be:mun:42010,42010,Laarne,Laarne,Laarne,Flanders,East Flanders,Arrondissement Dendermonde,POPULATION_AGE_65_PLUS,Population aged 65 and over,count,2026,3088.0,A,2026-09-05T22:11:04.542942+00:00
be:mun:42010,42010,Laarne,Laarne,Laarne,Flanders,East Flanders,Arrondissement Dendermonde,POPULATION_BY_COMMUNE,Population,count,2026,12525.0,A,2026-09-05T20:42:19.277290+00:00
be:mun:42011,42011,Lebbeke,Lebbeke,Lebbeke,Flanders,East Flanders,Arrondissement Dendermonde,LOCAL_UNITS_BY_COMMUNE,Local business units,count,2023-Q4,1908.0,A,2026-09-05T19:00:05.127955+00:00
be:mun:42011,42011,Lebbeke,Lebbeke,Lebbeke,Flanders,East Flanders,Arrondissement Dendermonde,POPULATION_AGE_0_14,Population aged 0 to 14,count,2026,3176.0,A,2026-09-05T22:11:04.542942+00:00
be:mun:42011,42011,Lebbeke,Lebbeke,Lebbeke,Flanders,East Flanders,Arrondissement Dendermonde,POPULATION_AGE_15_64,Population aged 15 to 64,count,2026,12946.0,A,2026-09-05T22:11:04.542942+00:00
be:mun:42011,42011,Lebbeke,Lebbeke,Lebbeke,Flanders,East Flanders,Arrondissement Dendermonde,POPULATION_AGE_65_PLUS,Population aged 65 and over,count,2026,4258.0,A,2026-09-05T22:11:04.542942+00:00
be:mun:42011,42011,Lebbeke,Lebbeke,Lebbeke,Flanders,East Flanders,Arrondissement Dendermonde,POPULATION_BY_COMMUNE,Population,count,2026,20380.0,A,2026-09-05T20:42:19.277290+00:00
be:mun:42023,42023,Waasmunster,Waasmunster,Waasmunster,Flanders,East Flanders,Arrondissement Dendermonde,LOCAL_UNITS_BY_COMMUNE,Local business units,count,2023-Q4,1898.0,A,2026-09-05T19:00:05.127955+00:00
be:mun:42023,42023,Waasmunster,Waasmunster,Waasmunster,Flanders,East Flanders,Arrondissement Dendermonde,POPULATION_AGE_0_14,Population aged 0 to 14,count,2026,1925.0,A,2026-09-05T22:11:04.542942+00:00
be:mun:42023,42023,Waasmunster,Waasmunster,Waasmunster,Flanders,East Flanders,Arrondissement Dendermonde,POPULATION_AGE_15_64,Population aged 15 to 64,count,2026,7082.0,A,2026-09-05T22:11:04.542942+00:00
be:mun:42023,42023,Waasmunster,Waasmunster,Waasmunster,Flanders,East Flanders,Arrondissement Dendermonde,POPULATION_AGE_65_PLUS,Population aged 65 and over,count,2026,2525.0,A,2026-09-05T22:11:04.542942+00:00
be:mun:42023,42023,Waasmunster,Waasmunster,Waasmunster,Flanders,East Flanders,Arrondissement Dendermonde,POPULATION_BY_COMMUNE,Population,count,2026,11532.0,A,2026-09-05T20:42:19.277290+00:00
be:mun:42025,42025,Wetteren,Wetteren,Wetteren,Flanders,East Flanders,Arrondissement Dendermonde,LOCAL_UNITS_BY_COMMUNE,Local business units,count,2023-Q4,2948.0,A,2026-09-05T19:00:05.127955+00:00
be:mun:42025,42025,Wetteren,Wetteren,Wetteren,Flanders,East Flanders,Arrondissement Dendermonde,POPULATION_AGE_0_14,Population aged 0 to 14,count,2026,4139.0,A,2026-09-05T22:11:04.542942+00:00
be:mun:42025,42025,Wetteren,Wetteren,Wetteren,Flanders,East Flanders,Arrondissement Dendermonde,POPULATION_AGE_15_64,Population aged 15 to 64,count,2026,17070.0,A,2026-09-05T22:11:04.542942+00:00
be:mun:42025,42025,Wetteren,Wetteren,Wetteren,Flanders,East Flanders,Arrondissement Dendermonde,POPULATION_AGE_65_PLUS,Population aged 65 and over,count,2026,5862.0,A,2026-09-05T22:11:04.542942+00:00
be:mun:42025,42025,Wetteren,Wetteren,Wetteren,Flanders,East Flanders,Arrondissement Dendermonde,POPULATION_BY_COMMUNE,Population,count,2026,27071.0,A,2026-09-05T20:42:19.277290+00:00
be:mun:42026,42026,Wichelen,Wichelen,Wichelen,Flanders,East Flanders,Arrondissement Dendermonde,LOCAL_UNITS_BY_COMMUNE,Local business units,count,2023-Q4,1237.0,A,2026-09-05T19:00:05.127955+00:00
be:mun:42026,42026,Wichelen,Wichelen,Wichelen,Flanders,East Flanders,Arrondissement Dendermonde,POPULATION_AGE_0_14,Population aged 0 to 14,count,2026,1766.0,A,2026-09-05T22:11:04.542942+00:00
be:mun:42026,42026,Wichelen,Wichelen,Wichelen,Flanders,East Flanders,Arrondissement Dendermonde,POPULATION_AGE_15_64,Population aged 15 to 64,count,2026,7715.0,A,2026-09-05T22:11:04.542942+00:00
be:mun:42026,42026,Wichelen,Wichelen,Wichelen,Flanders,East Flanders,Arrondissement Dendermonde,POPULATION_AGE_65_PLUS,Population aged 65 and over,count,2026,2690.0,A,2026-09-05T22:11:04.542942+00:00
be:mun:42026,42026,Wichelen,Wichelen,Wichelen,Flanders,East Flanders,Arrondissement Dendermonde,POPULATION_BY_COMMUNE,Population,count,2026,12171.0,A,2026-09-05T20:42:19.277290+00:00
be:mun:42028,42028,Zele,Zele,Zele,Flanders,East Flanders,Arrondissement Dendermonde,LOCAL_UNITS_BY_COMMUNE,Local business units,count,2023-Q4,2445.0,A,2026-09-05T19:00:05.127955+00:00
be:mun:42028,42028,Zele,Zele,Zele,Flanders,East Flanders,Arrondissement Dendermonde,POPULATION_AGE_0_14,Population aged 0 to 14,count,2026,3457.0,A,2026-09-05T22:11:04.542942+00:00
be:mun:42028,42028,Zele,Zele,Zele,Flanders,East Flanders,Arrondissement Dendermonde,POPULATION_AGE_15_64,Population aged 15 to 64,count,2026,13646.0,A,2026-09-05T22:11:04.542942+00:00
be:mun:42028,42028,Zele,Zele,Zele,Flanders,East Flanders,Arrondissement Dendermonde,POPULATION_AGE_65_PLUS,Population aged 65 and over,count,2026,4484.0,A,2026-09-05T22:11:04.542942+00:00
be:mun:42028,42028,Zele,Zele,Zele,Flanders,East Flanders,Arrondissement Dendermonde,POPULATION_BY_COMMUNE,Population,count,2026,21587.0,A,2026-09-05T20:42:19.277290+00:00
be:mun:43002,43002,Assenede,Assenede,Assenede,Flanders,East Flanders,Arrondissement Eeklo,LOCAL_UNITS_BY_COMMUNE,Local business units,count,2023-Q4,1711.0,A,2026-09-05T19:00:05.127955+00:00
be:mun:43002,43002,Assenede,Assenede,Assenede,Flanders,East Flanders,Arrondissement Eeklo,POPULATION_AGE_0_14,Population aged 0 to 14,count,2026,2100.0,A,2026-09-05T22:11:04.542942+00:00
be:mun:43002,43002,Assenede,Assenede,Assenede,Flanders,East Flanders,Arrondissement Eeklo,POPULATION_AGE_15_64,Population aged 15 to 64,count,2026,9061.0,A,2026-09-05T22:11:04.542942+00:00
be:mun:43002,43002,Assenede,Assenede,Assenede,Flanders,East Flanders,Arrondissement Eeklo,POPULATION_AGE_65_PLUS,Population aged 65 and over,count,2026,3465.0,A,2026-09-05T22:11:04.542942+00:00
be:mun:43002,43002,Assenede,Assenede,Assenede,Flanders,East Flanders,Arrondissement Eeklo,POPULATION_BY_COMMUNE,Population,count,2026,14626.0,A,2026-09-05T20:42:19.277290+00:00
be:mun:43005,43005,Eeklo,Eeklo,Eeklo,Flanders,East Flanders,Arrondissement Eeklo,LOCAL_UNITS_BY_COMMUNE,Local business units,count,2023-Q4,2346.0,A,2026-09-05T19:00:05.127955+00:00
be:mun:43005,43005,Eeklo,Eeklo,Eeklo,Flanders,East Flanders,Arrondissement Eeklo,POPULATION_AGE_0_14,Population aged 0 to 14,count,2026,3284.0,A,2026-09-05T22:11:04.542942+00:00
be:mun:43005,43005,Eeklo,Eeklo,Eeklo,Flanders,East Flanders,Arrondissement Eeklo,POPULATION_AGE_15_64,Population aged 15 to 64,count,2026,14275.0,A,2026-09-05T22:11:04.542942+00:00
be:mun:43005,43005,Eeklo,Eeklo,Eeklo,Flanders,East Flanders,Arrondissement Eeklo,POPULATION_AGE_65_PLUS,Population aged 65 and over,count,2026,5352.0,A,2026-09-05T22:11:04.542942+00:00
be:mun:43005,43005,Eeklo,Eeklo,Eeklo,Flanders,East Flanders,Arrondissement Eeklo,POPULATION_BY_COMMUNE,Population,count,2026,22911.0,A,2026-09-05T20:42:19.277290+00:00
be:mun:43007,43007,Kaprijke,Kaprijke,Kaprijke,Flanders,East Flanders,Arrondissement Eeklo,LOCAL_UNITS_BY_COMMUNE,Local business units,count,2023-Q4,959.0,A,2026-09-05T19:00:05.127955+00:00
be:mun:43007,43007,Kaprijke,Kaprijke,Kaprijke,Flanders,East Flanders,Arrondissement Eeklo,POPULATION_AGE_0_14,Population aged 0 to 14,count,2026,989.0,A,2026-09-05T22:11:04.542942+00:00
be:mun:43007,43007,Kaprijke,Kaprijke,Kaprijke,Flanders,East Flanders,Arrondissement Eeklo,POPULATION_AGE_15_64,Population aged 15 to 64,count,2026,4144.0,A,2026-09-05T22:11:04.542942+00:00
be:mun:43007,43007,Kaprijke,Kaprijke,Kaprijke,Flanders,East Flanders,Arrondissement Eeklo,POPULATION_AGE_65_PLUS,Population aged 65 and over,count,2026,1577.0,A,2026-09-05T22:11:04.542942+00:00
be:mun:43007,43007,Kaprijke,Kaprijke,Kaprijke,Flanders,East Flanders,Arrondissement Eeklo,POPULATION_BY_COMMUNE,Population,count,2026,6710.0,A,2026-09-05T20:42:19.277290+00:00
be:mun:43010,43010,Maldegem,Maldegem,Maldegem,Flanders,East Flanders,Arrondissement Eeklo,LOCAL_UNITS_BY_COMMUNE,Local business units,count,2023-Q4,3701.0,A,2026-09-05T19:00:05.127955+00:00
be:mun:43010,43010,Maldegem,Maldegem,Maldegem,Flanders,East Flanders,Arrondissement Eeklo,POPULATION_AGE_0_14,Population aged 0 to 14,count,2026,3465.0,A,2026-09-05T22:11:04.542942+00:00
be:mun:43010,43010,Maldegem,Maldegem,Maldegem,Flanders,East Flanders,Arrondissement Eeklo,POPULATION_AGE_15_64,Population aged 15 to 64,count,2026,15632.0,A,2026-09-05T22:11:04.542942+00:00
be:mun:43010,43010,Maldegem,Maldegem,Maldegem,Flanders,East Flanders,Arrondissement Eeklo,POPULATION_AGE_65_PLUS,Population aged 65 and over,count,2026,5830.0,A,2026-09-05T22:11:04.542942+00:00
be:mun:43010,43010,Maldegem,Maldegem,Maldegem,Flanders,East Flanders,Arrondissement Eeklo,POPULATION_BY_COMMUNE,Population,count,2026,24927.0,A,2026-09-05T20:42:19.277290+00:00
be:mun:43014,43014,Sint-Laureins,Sint-Laureins,Sint-Laureins,Flanders,East Flanders,Arrondissement Eeklo,LOCAL_UNITS_BY_COMMUNE,Local business units,count,2023-Q4,1026.0,A,2026-09-05T19:00:05.127955+00:00
be:mun:43014,43014,Sint-Laureins,Sint-Laureins,Sint-Laureins,Flanders,East Flanders,Arrondissement Eeklo,POPULATION_AGE_0_14,Population aged 0 to 14,count,2026,1009.0,A,2026-09-05T22:11:04.542942+00:00
be:mun:43014,43014,Sint-Laureins,Sint-Laureins,Sint-Laureins,Flanders,East Flanders,Arrondissement Eeklo,POPULATION_AGE_15_64,Population aged 15 to 64,count,2026,4295.0,A,2026-09-05T22:11:04.542942+00:00
be:mun:43014,43014,Sint-Laureins,Sint-Laureins,Sint-Laureins,Flanders,East Flanders,Arrondissement Eeklo,POPULATION_AGE_65_PLUS,Population aged 65 and over,count,2026,1703.0,A,2026-09-05T22:11:04.542942+00:00
be:mun:43014,43014,Sint-Laureins,Sint-Laureins,Sint-Laureins,Flanders,East Flanders,Arrondissement Eeklo,POPULATION_BY_COMMUNE,Population,count,2026,7007.0,A,2026-09-05T20:42:19.277290+00:00
be:mun:43018,43018,Zelzate,Zelzate,Zelzate,Flanders,East Flanders,Arrondissement Eeklo,LOCAL_UNITS_BY_COMMUNE,Local business units,count,2023-Q4,993.0,A,2026-09-05T19:00:05.127955+00:00
be:mun:43018,43018,Zelzate,Zelzate,Zelzate,Flanders,East Flanders,Arrondissement Eeklo,POPULATION_AGE_0_14,Population aged 0 to 14,count,2026,2316.0,A,2026-09-05T22:11:04.542942+00:00
be:mun:43018,43018,Zelzate,Zelzate,Zelzate,Flanders,East Flanders,Arrondissement Eeklo,POPULATION_AGE_15_64,Population aged 15 to 64,count,2026,8618.0,A,2026-09-05T22:11:04.542942+00:00
be:mun:43018,43018,Zelzate,Zelzate,Zelzate,Flanders,East Flanders,Arrondissement Eeklo,POPULATION_AGE_65_PLUS,Population aged 65 and over,count,2026,2811.0,A,2026-09-05T22:11:04.542942+00:00
be:mun:43018,43018,Zelzate,Zelzate,Zelzate,Flanders,East Flanders,Arrondissement Eeklo,POPULATION_BY_COMMUNE,Population,count,2026,13745.0,A,2026-09-05T20:42:19.277290+00:00
be:mun:44013,44013,Destelbergen,Destelbergen,Destelbergen,Flanders,East Flanders,Arrondissement Gent,LOCAL_UNITS_BY_COMMUNE,Local business units,count,2023-Q4,2575.0,A,2026-09-05T19:00:05.127955+00:00
be:mun:44013,44013,Destelbergen,Destelbergen,Destelbergen,Flanders,East Flanders,Arrondissement Gent,POPULATION_AGE_0_14,Population aged 0 to 14,count,2026,2968.0,A,2026-09-05T22:11:04.542942+00:00
be:mun:44013,44013,Destelbergen,Destelbergen,Destelbergen,Flanders,East Flanders,Arrondissement Gent,POPULATION_AGE_15_64,Population aged 15 to 64,count,2026,11552.0,A,2026-09-05T22:11:04.542942+00:00
be:mun:44013,44013,Destelbergen,Destelbergen,Destelbergen,Flanders,East Flanders,Arrondissement Gent,POPULATION_AGE_65_PLUS,Population aged 65 and over,count,2026,4703.0,A,2026-09-05T22:11:04.542942+00:00
be:mun:44013,44013,Destelbergen,Destelbergen,Destelbergen,Flanders,East Flanders,Arrondissement Gent,POPULATION_BY_COMMUNE,Population,count,2026,19223.0,A,2026-09-05T20:42:19.277290+00:00
be:mun:44019,44019,Evergem,Evergem,Evergem,Flanders,East Flanders,Arrondissement Gent,LOCAL_UNITS_BY_COMMUNE,Local business units,count,2023-Q4,3846.0,A,2026-09-05T19:00:05.127955+00:00
be:mun:44019,44019,Evergem,Evergem,Evergem,Flanders,East Flanders,Arrondissement Gent,POPULATION_AGE_0_14,Population aged 0 to 14,count,2026,5618.0,A,2026-09-05T22:11:04.542942+00:00
be:mun:44019,44019,Evergem,Evergem,Evergem,Flanders,East Flanders,Arrondissement Gent,POPULATION_AGE_15_64,Population aged 15 to 64,count,2026,23372.0,A,2026-09-05T22:11:04.542942+00:00
be:mun:44019,44019,Evergem,Evergem,Evergem,Flanders,East Flanders,Arrondissement Gent,POPULATION_AGE_65_PLUS,Population aged 65 and over,count,2026,8381.0,A,2026-09-05T22:11:04.542942+00:00
be:mun:44019,44019,Evergem,Evergem,Evergem,Flanders,East Flanders,Arrondissement Gent,POPULATION_BY_COMMUNE,Population,count,2026,37371.0,A,2026-09-05T20:42:19.277290+00:00
be:mun:44020,44020,Gavere,Gavere,Gavere,Flanders,East Flanders,Arrondissement Gent,LOCAL_UNITS_BY_COMMUNE,Local business units,count,2023-Q4,1762.0,A,2026-09-05T19:00:05.127955+00:00
be:mun:44020,44020,Gavere,Gavere,Gavere,Flanders,East Flanders,Arrondissement Gent,POPULATION_AGE_0_14,Population aged 0 to 14,count,2026,1951.0,A,2026-09-05T22:11:04.542942+00:00
be:mun:44020,44020,Gavere,Gavere,Gavere,Flanders,East Flanders,Arrondissement Gent,POPULATION_AGE_15_64,Population aged 15 to 64,count,2026,8410.0,A,2026-09-05T22:11:04.542942+00:00
be:mun:44020,44020,Gavere,Gavere,Gavere,Flanders,East Flanders,Arrondissement Gent,POPULATION_AGE_65_PLUS,Population aged 65 and over,count,2026,3076.0,A,2026-09-05T22:11:04.542942+00:00
be:mun:44020,44020,Gavere,Gavere,Gavere,Flanders,East Flanders,Arrondissement Gent,POPULATION_BY_COMMUNE,Population,count,2026,13437.0,A,2026-09-05T20:42:19.277290+00:00
be:mun:44021,44021,Ghent,Gand,Gent,Flanders,East Flanders,Arrondissement Gent,LOCAL_UNITS_BY_COMMUNE,Local business units,count,2023-Q4,37518.0,A,2026-09-05T19:00:05.127955+00:00
be:mun:44021,44021,Ghent,Gand,Gent,Flanders,East Flanders,Arrondissement Gent,POPULATION_AGE_0_14,Population aged 0 to 14,count,2026,41101.0,A,2026-09-05T22:11:04.542942+00:00
be:mun:44021,44021,Ghent,Gand,Gent,Flanders,East Flanders,Arrondissement Gent,POPULATION_AGE_15_64,Population aged 15 to 64,count,2026,187136.0,A,2026-09-05T22:11:04.542942+00:00
be:mun:44021,44021,Ghent,Gand,Gent,Flanders,East Flanders,Arrondissement Gent,POPULATION_AGE_65_PLUS,Population aged 65 and over,count,2026,45805.0,A,2026-09-05T22:11:04.542942+00:00
be:mun:44021,44021,Ghent,Gand,Gent,Flanders,East Flanders,Arrondissement Gent,POPULATION_BY_COMMUNE,Population,count,2026,274042.0,A,2026-09-05T20:42:19.277290+00:00
be:mun:44052,44052,Oosterzele,Oosterzele,Oosterzele,Flanders,East Flanders,Arrondissement Gent,LOCAL_UNITS_BY_COMMUNE,Local business units,count,2023-Q4,1849.0,A,2026-09-05T19:00:05.127955+00:00
be:mun:44052,44052,Oosterzele,Oosterzele,Oosterzele,Flanders,East Flanders,Arrondissement Gent,POPULATION_AGE_0_14,Population aged 0 to 14,count,2026,2248.0,A,2026-09-05T22:11:04.542942+00:00
be:mun:44052,44052,Oosterzele,Oosterzele,Oosterzele,Flanders,East Flanders,Arrondissement Gent,POPULATION_AGE_15_64,Population aged 15 to 64,count,2026,8848.0,A,2026-09-05T22:11:04.542942+00:00
be:mun:44052,44052,Oosterzele,Oosterzele,Oosterzele,Flanders,East Flanders,Arrondissement Gent,POPULATION_AGE_65_PLUS,Population aged 65 and over,count,2026,3054.0,A,2026-09-05T22:11:04.542942+00:00
be:mun:44052,44052,Oosterzele,Oosterzele,Oosterzele,Flanders,East Flanders,Arrondissement Gent,POPULATION_BY_COMMUNE,Population,count,2026,14150.0,A,2026-09-05T20:42:19.277290+00:00
be:mun:44064,44064,Sint-Martens-Latem,Sint-Martens-Latem,Sint-Martens-Latem,Flanders,East Flanders,Arrondissement Gent,LOCAL_UNITS_BY_COMMUNE,Local business units,count,2023-Q4,2479.0,A,2026-09-05T19:00:05.127955+00:00
be:mun:44064,44064,Sint-Martens-Latem,Sint-Martens-Latem,Sint-Martens-Latem,Flanders,East Flanders,Arrondissement Gent,POPULATION_AGE_0_14,Population aged 0 to 14,count,2026,1167.0,A,2026-09-05T22:11:04.542942+00:00
be:mun:44064,44064,Sint-Martens-Latem,Sint-Martens-Latem,Sint-Martens-Latem,Flanders,East Flanders,Arrondissement Gent,POPULATION_AGE_15_64,Population aged 15 to 64,count,2026,4593.0,A,2026-09-05T22:11:04.542942+00:00
be:mun:44064,44064,Sint-Martens-Latem,Sint-Martens-Latem,Sint-Martens-Latem,Flanders,East Flanders,Arrondissement Gent,POPULATION_AGE_65_PLUS,Population aged 65 and over,count,2026,2397.0,A,2026-09-05T22:11:04.542942+00:00
be:mun:44064,44064,Sint-Martens-Latem,Sint-Martens-Latem,Sint-Martens-Latem,Flanders,East Flanders,Arrondissement Gent,POPULATION_BY_COMMUNE,Population,count,2026,8157.0,A,2026-09-05T20:42:19.277290+00:00
be:mun:44081,44081,Zulte,Zulte,Zulte,Flanders,East Flanders,Arrondissement Gent,LOCAL_UNITS_BY_COMMUNE,Local business units,count,2023-Q4,2292.0,A,2026-09-05T19:00:05.127955+00:00
be:mun:44081,44081,Zulte,Zulte,Zulte,Flanders,East Flanders,Arrondissement Gent,POPULATION_AGE_0_14,Population aged 0 to 14,count,2026,2538.0,A,2026-09-05T22:11:04.542942+00:00
be:mun:44081,44081,Zulte,Zulte,Zulte,Flanders,East Flanders,Arrondissement Gent,POPULATION_AGE_15_64,Population aged 15 to 64,count,2026,10454.0,A,2026-09-05T22:11:04.542942+00:00
be:mun:44081,44081,Zulte,Zulte,Zulte,Flanders,East Flanders,Arrondissement Gent,POPULATION_AGE_65_PLUS,Population aged 65 and over,count,2026,3268.0,A,2026-09-05T22:11:04.542942+00:00
be:mun:44081,44081,Zulte,Zulte,Zulte,Flanders,East Flanders,Arrondissement Gent,POPULATION_BY_COMMUNE,Population,count,2026,16260.0,A,2026-09-05T20:42:19.277290+00:00
be:mun:44083,44083,Deinze,Deinze,Deinze,Flanders,East Flanders,Arrondissement Gent,LOCAL_UNITS_BY_COMMUNE,Local business units,count,2023-Q4,6868.0,A,2026-09-05T19:00:05.127955+00:00
be:mun:44083,44083,Deinze,Deinze,Deinze,Flanders,East Flanders,Arrondissement Gent,POPULATION_AGE_0_14,Population aged 0 to 14,count,2026,6866.0,A,2026-09-05T22:11:04.542942+00:00
be:mun:44083,44083,Deinze,Deinze,Deinze,Flanders,East Flanders,Arrondissement Gent,POPULATION_AGE_15_64,Population aged 15 to 64,count,2026,28989.0,A,2026-09-05T22:11:04.542942+00:00
be:mun:44083,44083,Deinze,Deinze,Deinze,Flanders,East Flanders,Arrondissement Gent,POPULATION_AGE_65_PLUS,Population aged 65 and over,count,2026,10525.0,A,2026-09-05T22:11:04.542942+00:00
be:mun:44083,44083,Deinze,Deinze,Deinze,Flanders,East Flanders,Arrondissement Gent,POPULATION_BY_COMMUNE,Population,count,2026,46380.0,A,2026-09-05T20:42:19.277290+00:00
be:mun:44084,44084,Aalter,Aalter,Aalter,Flanders,East Flanders,Arrondissement Gent,LOCAL_UNITS_BY_COMMUNE,Local business units,count,2023-Q4,4756.0,A,2026-09-05T19:00:05.127955+00:00
be:mun:44084,44084,Aalter,Aalter,Aalter,Flanders,East Flanders,Arrondissement Gent,POPULATION_AGE_0_14,Population aged 0 to 14,count,2026,4154.0,A,2026-09-05T22:11:04.542942+00:00
be:mun:44084,44084,Aalter,Aalter,Aalter,Flanders,East Flanders,Arrondissement Gent,POPULATION_AGE_15_64,Population aged 15 to 64,count,2026,18596.0,A,2026-09-05T22:11:04.542942+00:00
be:mun:44084,44084,Aalter,Aalter,Aalter,Flanders,East Flanders,Arrondissement Gent,POPULATION_AGE_65_PLUS,Population aged 65 and over,count,2026,7112.0,A,2026-09-05T22:11:04.542942+00:00
be:mun:44084,44084,Aalter,Aalter,Aalter,Flanders,East Flanders,Arrondissement Gent,POPULATION_BY_COMMUNE,Population,count,2026,29862.0,A,2026-09-05T20:42:19.277290+00:00
be:mun:44085,44085,Lievegem,Lievegem,Lievegem,Flanders,East Flanders,Arrondissement Gent,LOCAL_UNITS_BY_COMMUNE,Local business units,count,2023-Q4,3562.0,A,2026-09-05T19:00:05.127955+00:00
be:mun:44085,44085,Lievegem,Lievegem,Lievegem,Flanders,East Flanders,Arrondissement Gent,POPULATION_AGE_0_14,Population aged 0 to 14,count,2026,4122.0,A,2026-09-05T22:11:04.542942+00:00
be:mun:44085,44085,Lievegem,Lievegem,Lievegem,Flanders,East Flanders,Arrondissement Gent,POPULATION_AGE_15_64,Population aged 15 to 64,count,2026,16533.0,A,2026-09-05T22:11:04.542942+00:00
be:mun:44085,44085,Lievegem,Lievegem,Lievegem,Flanders,East Flanders,Arrondissement Gent,POPULATION_AGE_65_PLUS,Population aged 65 and over,count,2026,6847.0,A,2026-09-05T22:11:04.542942+00:00
be:mun:44085,44085,Lievegem,Lievegem,Lievegem,Flanders,East Flanders,Arrondissement Gent,POPULATION_BY_COMMUNE,Population,count,2026,27502.0,A,2026-09-05T20:42:19.277290+00:00
be:mun:44086,44086,Nazareth-De Pinte,Nazareth-De Pinte,Nazareth-De Pinte,Flanders,East Flanders,Arrondissement Gent,LOCAL_UNITS_BY_COMMUNE,Local business units,count,2023-Q4,3689.0,A,2026-09-05T19:00:05.127955+00:00
be:mun:44086,44086,Nazareth-De Pinte,Nazareth-De Pinte,Nazareth-De Pinte,Flanders,East Flanders,Arrondissement Gent,POPULATION_AGE_0_14,Population aged 0 to 14,count,2026,3642.0,A,2026-09-05T22:11:04.542942+00:00
be:mun:44086,44086,Nazareth-De Pinte,Nazareth-De Pinte,Nazareth-De Pinte,Flanders,East Flanders,Arrondissement Gent,POPULATION_AGE_15_64,Population aged 15 to 64,count,2026,14265.0,A,2026-09-05T22:11:04.542942+00:00
be:mun:44086,44086,Nazareth-De Pinte,Nazareth-De Pinte,Nazareth-De Pinte,Flanders,East Flanders,Arrondissement Gent,POPULATION_AGE_65_PLUS,Population aged 65 and over,count,2026,5726.0,A,2026-09-05T22:11:04.542942+00:00
be:mun:44086,44086,Nazareth-De Pinte,Nazareth-De Pinte,Nazareth-De Pinte,Flanders,East Flanders,Arrondissement Gent,POPULATION_BY_COMMUNE,Population,count,2026,23633.0,A,2026-09-05T20:42:19.277290+00:00
be:mun:44087,44087,Lochristi,Lochristi,Lochristi,Flanders,East Flanders,Arrondissement Gent,LOCAL_UNITS_BY_COMMUNE,Local business units,count,2023-Q4,4020.0,A,2026-09-05T19:00:05.127955+00:00
be:mun:44087,44087,Lochristi,Lochristi,Lochristi,Flanders,East Flanders,Arrondissement Gent,POPULATION_AGE_0_14,Population aged 0 to 14,count,2026,4379.0,A,2026-09-05T22:11:04.542942+00:00
be:mun:44087,44087,Lochristi,Lochristi,Lochristi,Flanders,East Flanders,Arrondissement Gent,POPULATION_AGE_15_64,Population aged 15 to 64,count,2026,19316.0,A,2026-09-05T22:11:04.542942+00:00
be:mun:44087,44087,Lochristi,Lochristi,Lochristi,Flanders,East Flanders,Arrondissement Gent,POPULATION_AGE_65_PLUS,Population aged 65 and over,count,2026,7287.0,A,2026-09-05T22:11:04.542942+00:00
be:mun:44087,44087,Lochristi,Lochristi,Lochristi,Flanders,East Flanders,Arrondissement Gent,POPULATION_BY_COMMUNE,Population,count,2026,30982.0,A,2026-09-05T20:42:19.277290+00:00
be:mun:44088,44088,Merelbeke-Melle,Merelbeke-Melle,Merelbeke-Melle,Flanders,East Flanders,Arrondissement Gent,LOCAL_UNITS_BY_COMMUNE,Local business units,count,2023-Q4,4935.0,A,2026-09-05T19:00:05.127955+00:00
be:mun:44088,44088,Merelbeke-Melle,Merelbeke-Melle,Merelbeke-Melle,Flanders,East Flanders,Arrondissement Gent,POPULATION_AGE_0_14,Population aged 0 to 14,count,2026,5906.0,A,2026-09-05T22:11:04.542942+00:00
be:mun:44088,44088,Merelbeke-Melle,Merelbeke-Melle,Merelbeke-Melle,Flanders,East Flanders,Arrondissement Gent,POPULATION_AGE_15_64,Population aged 15 to 64,count,2026,23591.0,A,2026-09-05T22:11:04.542942+00:00
be:mun:44088,44088,Merelbeke-Melle,Merelbeke-Melle,Merelbeke-Melle,Flanders,East Flanders,Arrondissement Gent,POPULATION_AGE_65_PLUS,Population aged 65 and over,count,2026,8178.0,A,2026-09-05T22:11:04.542942+00:00
be:mun:44088,44088,Merelbeke-Melle,Merelbeke-Melle,Merelbeke-Melle,Flanders,East Flanders,Arrondissement Gent,POPULATION_BY_COMMUNE,Population,count,2026,37675.0,A,2026-09-05T20:42:19.277290+00:00
be:mun:45035,45035,Oudenaarde,Audenarde,Oudenaarde,Flanders,East Flanders,Arrondissement Oudenaarde,LOCAL_UNITS_BY_COMMUNE,Local business units,count,2023-Q4,4334.0,A,2026-09-05T19:00:05.127955+00:00
be:mun:45035,45035,Oudenaarde,Audenarde,Oudenaarde,Flanders,East Flanders,Arrondissement Oudenaarde,POPULATION_AGE_0_14,Population aged 0 to 14,count,2026,4783.0,A,2026-09-05T22:11:04.542942+00:00
be:mun:45035,45035,Oudenaarde,Audenarde,Oudenaarde,Flanders,East Flanders,Arrondissement Oudenaarde,POPULATION_AGE_15_64,Population aged 15 to 64,count,2026,20741.0,A,2026-09-05T22:11:04.542942+00:00
be:mun:45035,45035,Oudenaarde,Audenarde,Oudenaarde,Flanders,East Flanders,Arrondissement Oudenaarde,POPULATION_AGE_65_PLUS,Population aged 65 and over,count,2026,7581.0,A,2026-09-05T22:11:04.542942+00:00
be:mun:45035,45035,Oudenaarde,Audenarde,Oudenaarde,Flanders,East Flanders,Arrondissement Oudenaarde,POPULATION_BY_COMMUNE,Population,count,2026,33105.0,A,2026-09-05T20:42:19.277290+00:00
be:mun:45041,45041,Ronse,Renaix,Ronse,Flanders,East Flanders,Arrondissement Oudenaarde,LOCAL_UNITS_BY_COMMUNE,Local business units,count,2023-Q4,2684.0,A,2026-09-05T19:00:05.127955+00:00
be:mun:45041,45041,Ronse,Renaix,Ronse,Flanders,East Flanders,Arrondissement Oudenaarde,POPULATION_AGE_0_14,Population aged 0 to 14,count,2026,5013.0,A,2026-09-05T22:11:04.542942+00:00
be:mun:45041,45041,Ronse,Renaix,Ronse,Flanders,East Flanders,Arrondissement Oudenaarde,POPULATION_AGE_15_64,Population aged 15 to 64,count,2026,17178.0,A,2026-09-05T22:11:04.542942+00:00
be:mun:45041,45041,Ronse,Renaix,Ronse,Flanders,East Flanders,Arrondissement Oudenaarde,POPULATION_AGE_65_PLUS,Population aged 65 and over,count,2026,5540.0,A,2026-09-05T22:11:04.542942+00:00
be:mun:45041,45041,Ronse,Renaix,Ronse,Flanders,East Flanders,Arrondissement Oudenaarde,POPULATION_BY_COMMUNE,Population,count,2026,27731.0,A,2026-09-05T20:42:19.277290+00:00
be:mun:45059,45059,Brakel,Brakel,Brakel,Flanders,East Flanders,Arrondissement Oudenaarde,LOCAL_UNITS_BY_COMMUNE,Local business units,count,2023-Q4,1706.0,A,2026-09-05T19:00:05.127955+00:00
be:mun:45059,45059,Brakel,Brakel,Brakel,Flanders,East Flanders,Arrondissement Oudenaarde,POPULATION_AGE_0_14,Population aged 0 to 14,count,2026,2182.0,A,2026-09-05T22:11:04.542942+00:00
be:mun:45059,45059,Brakel,Brakel,Brakel,Flanders,East Flanders,Arrondissement Oudenaarde,POPULATION_AGE_15_64,Population aged 15 to 64,count,2026,9347.0,A,2026-09-05T22:11:04.542942+00:00
be:mun:45059,45059,Brakel,Brakel,Brakel,Flanders,East Flanders,Arrondissement Oudenaarde,POPULATION_AGE_65_PLUS,Population aged 65 and over,count,2026,3640.0,A,2026-09-05T22:11:04.542942+00:00
be:mun:45059,45059,Brakel,Brakel,Brakel,Flanders,East Flanders,Arrondissement Oudenaarde,POPULATION_BY_COMMUNE,Population,count,2026,15169.0,A,2026-09-05T20:42:19.277290+00:00
be:mun:45060,45060,Kluisbergen,Kluisbergen,Kluisbergen,Flanders,East Flanders,Arrondissement Oudenaarde,LOCAL_UNITS_BY_COMMUNE,Local business units,count,2023-Q4,935.0,A,2026-09-05T19:00:05.127955+00:00
be:mun:45060,45060,Kluisbergen,Kluisbergen,Kluisbergen,Flanders,East Flanders,Arrondissement Oudenaarde,POPULATION_AGE_0_14,Population aged 0 to 14,count,2026,1100.0,A,2026-09-05T22:11:04.542942+00:00
be:mun:45060,45060,Kluisbergen,Kluisbergen,Kluisbergen,Flanders,East Flanders,Arrondissement Oudenaarde,POPULATION_AGE_15_64,Population aged 15 to 64,count,2026,4383.0,A,2026-09-05T22:11:04.542942+00:00
be:mun:45060,45060,Kluisbergen,Kluisbergen,Kluisbergen,Flanders,East Flanders,Arrondissement Oudenaarde,POPULATION_AGE_65_PLUS,Population aged 65 and over,count,2026,1456.0,A,2026-09-05T22:11:04.542942+00:00
be:mun:45060,45060,Kluisbergen,Kluisbergen,Kluisbergen,Flanders,East Flanders,Arrondissement Oudenaarde,POPULATION_BY_COMMUNE,Population,count,2026,6939.0,A,2026-09-05T20:42:19.277290+00:00
be:mun:45061,45061,Wortegem-Petegem,Wortegem-Petegem,Wortegem-Petegem,Flanders,East Flanders,Arrondissement Oudenaarde,LOCAL_UNITS_BY_COMMUNE,Local business units,count,2023-Q4,1202.0,A,2026-09-05T19:00:05.127955+00:00
be:mun:45061,45061,Wortegem-Petegem,Wortegem-Petegem,Wortegem-Petegem,Flanders,East Flanders,Arrondissement Oudenaarde,POPULATION_AGE_0_14,Population aged 0 to 14,count,2026,1022.0,A,2026-09-05T22:11:04.542942+00:00
be:mun:45061,45061,Wortegem-Petegem,Wortegem-Petegem,Wortegem-Petegem,Flanders,East Flanders,Arrondissement Oudenaarde,POPULATION_AGE_15_64,Population aged 15 to 64,count,2026,4089.0,A,2026-09-05T22:11:04.542942+00:00
be:mun:45061,45061,Wortegem-Petegem,Wortegem-Petegem,Wortegem-Petegem,Flanders,East Flanders,Arrondissement Oudenaarde,POPULATION_AGE_65_PLUS,Population aged 65 and over,count,2026,1431.0,A,2026-09-05T22:11:04.542942+00:00
be:mun:45061,45061,Wortegem-Petegem,Wortegem-Petegem,Wortegem-Petegem,Flanders,East Flanders,Arrondissement Oudenaarde,POPULATION_BY_COMMUNE,Population,count,2026,6542.0,A,2026-09-05T20:42:19.277290+00:00
be:mun:45062,45062,Horebeke,Horebeke,Horebeke,Flanders,East Flanders,Arrondissement Oudenaarde,LOCAL_UNITS_BY_COMMUNE,Local business units,count,2023-Q4,333.0,A,2026-09-05T19:00:05.127955+00:00
be:mun:45062,45062,Horebeke,Horebeke,Horebeke,Flanders,East Flanders,Arrondissement Oudenaarde,POPULATION_AGE_0_14,Population aged 0 to 14,count,2026,263.0,A,2026-09-05T22:11:04.542942+00:00
be:mun:45062,45062,Horebeke,Horebeke,Horebeke,Flanders,East Flanders,Arrondissement Oudenaarde,POPULATION_AGE_15_64,Population aged 15 to 64,count,2026,1202.0,A,2026-09-05T22:11:04.542942+00:00
be:mun:45062,45062,Horebeke,Horebeke,Horebeke,Flanders,East Flanders,Arrondissement Oudenaarde,POPULATION_AGE_65_PLUS,Population aged 65 and over,count,2026,555.0,A,2026-09-05T22:11:04.542942+00:00
be:mun:45062,45062,Horebeke,Horebeke,Horebeke,Flanders,East Flanders,Arrondissement Oudenaarde,POPULATION_BY_COMMUNE,Population,count,2026,2020.0,A,2026-09-05T20:42:19.277290+00:00
be:mun:45063,45063,Lierde,Lierde,Lierde,Flanders,East Flanders,Arrondissement Oudenaarde,LOCAL_UNITS_BY_COMMUNE,Local business units,count,2023-Q4,757.0,A,2026-09-05T19:00:05.127955+00:00
be:mun:45063,45063,Lierde,Lierde,Lierde,Flanders,East Flanders,Arrondissement Oudenaarde,POPULATION_AGE_0_14,Population aged 0 to 14,count,2026,1005.0,A,2026-09-05T22:11:04.542942+00:00
be:mun:45063,45063,Lierde,Lierde,Lierde,Flanders,East Flanders,Arrondissement Oudenaarde,POPULATION_AGE_15_64,Population aged 15 to 64,count,2026,4246.0,A,2026-09-05T22:11:04.542942+00:00
be:mun:45063,45063,Lierde,Lierde,Lierde,Flanders,East Flanders,Arrondissement Oudenaarde,POPULATION_AGE_65_PLUS,Population aged 65 and over,count,2026,1629.0,A,2026-09-05T22:11:04.542942+00:00
be:mun:45063,45063,Lierde,Lierde,Lierde,Flanders,East Flanders,Arrondissement Oudenaarde,POPULATION_BY_COMMUNE,Population,count,2026,6880.0,A,2026-09-05T20:42:19.277290+00:00
be:mun:45064,45064,Maarkedal,Maarkedal,Maarkedal,Flanders,East Flanders,Arrondissement Oudenaarde,LOCAL_UNITS_BY_COMMUNE,Local business units,count,2023-Q4,1017.0,A,2026-09-05T19:00:05.127955+00:00
be:mun:45064,45064,Maarkedal,Maarkedal,Maarkedal,Flanders,East Flanders,Arrondissement Oudenaarde,POPULATION_AGE_0_14,Population aged 0 to 14,count,2026,854.0,A,2026-09-05T22:11:04.542942+00:00
be:mun:45064,45064,Maarkedal,Maarkedal,Maarkedal,Flanders,East Flanders,Arrondissement Oudenaarde,POPULATION_AGE_15_64,Population aged 15 to 64,count,2026,3850.0,A,2026-09-05T22:11:04.542942+00:00
be:mun:45064,45064,Maarkedal,Maarkedal,Maarkedal,Flanders,East Flanders,Arrondissement Oudenaarde,POPULATION_AGE_65_PLUS,Population aged 65 and over,count,2026,1585.0,A,2026-09-05T22:11:04.542942+00:00
be:mun:45064,45064,Maarkedal,Maarkedal,Maarkedal,Flanders,East Flanders,Arrondissement Oudenaarde,POPULATION_BY_COMMUNE,Population,count,2026,6289.0,A,2026-09-05T20:42:19.277290+00:00
be:mun:45065,45065,Zwalm,Zwalin,Zwalm,Flanders,East Flanders,Arrondissement Oudenaarde,LOCAL_UNITS_BY_COMMUNE,Local business units,count,2023-Q4,1133.0,A,2026-09-05T19:00:05.127955+00:00
be:mun:45065,45065,Zwalm,Zwalin,Zwalm,Flanders,East Flanders,Arrondissement Oudenaarde,POPULATION_AGE_0_14,Population aged 0 to 14,count,2026,1241.0,A,2026-09-05T22:11:04.542942+00:00
be:mun:45065,45065,Zwalm,Zwalin,Zwalm,Flanders,East Flanders,Arrondissement Oudenaarde,POPULATION_AGE_15_64,Population aged 15 to 64,count,2026,5263.0,A,2026-09-05T22:11:04.542942+00:00
be:mun:45065,45065,Zwalm,Zwalin,Zwalm,Flanders,East Flanders,Arrondissement Oudenaarde,POPULATION_AGE_65_PLUS,Population aged 65 and over,count,2026,1870.0,A,2026-09-05T22:11:04.542942+00:00
be:mun:45065,45065,Zwalm,Zwalin,Zwalm,Flanders,East Flanders,Arrondissement Oudenaarde,POPULATION_BY_COMMUNE,Population,count,2026,8374.0,A,2026-09-05T20:42:19.277290+00:00
be:mun:45068,45068,Kruisem,Kruisem,Kruisem,Flanders,East Flanders,Arrondissement Oudenaarde,LOCAL_UNITS_BY_COMMUNE,Local business units,count,2023-Q4,2661.0,A,2026-09-05T19:00:05.127955+00:00
be:mun:45068,45068,Kruisem,Kruisem,Kruisem,Flanders,East Flanders,Arrondissement Oudenaarde,POPULATION_AGE_0_14,Population aged 0 to 14,count,2026,2427.0,A,2026-09-05T22:11:04.542942+00:00
be:mun:45068,45068,Kruisem,Kruisem,Kruisem,Flanders,East Flanders,Arrondissement Oudenaarde,POPULATION_AGE_15_64,Population aged 15 to 64,count,2026,10158.0,A,2026-09-05T22:11:04.542942+00:00
be:mun:45068,45068,Kruisem,Kruisem,Kruisem,Flanders,East Flanders,Arrondissement Oudenaarde,POPULATION_AGE_65_PLUS,Population aged 65 and over,count,2026,3450.0,A,2026-09-05T22:11:04.542942+00:00
be:mun:45068,45068,Kruisem,Kruisem,Kruisem,Flanders,East Flanders,Arrondissement Oudenaarde,POPULATION_BY_COMMUNE,Population,count,2026,16035.0,A,2026-09-05T20:42:19.277290+00:00
be:mun:46020,46020,Sint-Gillis-Waas,Sint-Gillis-Waas,Sint-Gillis-Waas,Flanders,East Flanders,Arrondissement Sint-Niklaas,LOCAL_UNITS_BY_COMMUNE,Local business units,count,2023-Q4,2289.0,A,2026-09-05T19:00:05.127955+00:00
be:mun:46020,46020,Sint-Gillis-Waas,Sint-Gillis-Waas,Sint-Gillis-Waas,Flanders,East Flanders,Arrondissement Sint-Niklaas,POPULATION_AGE_0_14,Population aged 0 to 14,count,2026,3043.0,A,2026-09-05T22:11:04.542942+00:00
be:mun:46020,46020,Sint-Gillis-Waas,Sint-Gillis-Waas,Sint-Gillis-Waas,Flanders,East Flanders,Arrondissement Sint-Niklaas,POPULATION_AGE_15_64,Population aged 15 to 64,count,2026,12796.0,A,2026-09-05T22:11:04.542942+00:00
be:mun:46020,46020,Sint-Gillis-Waas,Sint-Gillis-Waas,Sint-Gillis-Waas,Flanders,East Flanders,Arrondissement Sint-Niklaas,POPULATION_AGE_65_PLUS,Population aged 65 and over,count,2026,4433.0,A,2026-09-05T22:11:04.542942+00:00
be:mun:46020,46020,Sint-Gillis-Waas,Sint-Gillis-Waas,Sint-Gillis-Waas,Flanders,East Flanders,Arrondissement Sint-Niklaas,POPULATION_BY_COMMUNE,Population,count,2026,20272.0,A,2026-09-05T20:42:19.277290+00:00
be:mun:46021,46021,Sint-Niklaas,Saint-Nicolas,Sint-Niklaas,Flanders,East Flanders,Arrondissement Sint-Niklaas,LOCAL_UNITS_BY_COMMUNE,Local business units,count,2023-Q4,8596.0,A,2026-09-05T19:00:05.127955+00:00
be:mun:46021,46021,Sint-Niklaas,Saint-Nicolas,Sint-Niklaas,Flanders,East Flanders,Arrondissement Sint-Niklaas,POPULATION_AGE_0_14,Population aged 0 to 14,count,2026,15099.0,A,2026-09-05T22:11:04.542942+00:00
be:mun:46021,46021,Sint-Niklaas,Saint-Nicolas,Sint-Niklaas,Flanders,East Flanders,Arrondissement Sint-Niklaas,POPULATION_AGE_15_64,Population aged 15 to 64,count,2026,51605.0,A,2026-09-05T22:11:04.542942+00:00
be:mun:46021,46021,Sint-Niklaas,Saint-Nicolas,Sint-Niklaas,Flanders,East Flanders,Arrondissement Sint-Niklaas,POPULATION_AGE_65_PLUS,Population aged 65 and over,count,2026,16696.0,A,2026-09-05T22:11:04.542942+00:00
be:mun:46021,46021,Sint-Niklaas,Saint-Nicolas,Sint-Niklaas,Flanders,East Flanders,Arrondissement Sint-Niklaas,POPULATION_BY_COMMUNE,Population,count,2026,83400.0,A,2026-09-05T20:42:19.277290+00:00
be:mun:46024,46024,Stekene,Stekene,Stekene,Flanders,East Flanders,Arrondissement Sint-Niklaas,LOCAL_UNITS_BY_COMMUNE,Local business units,count,2023-Q4,2025.0,A,2026-09-05T19:00:05.127955+00:00
be:mun:46024,46024,Stekene,Stekene,Stekene,Flanders,East Flanders,Arrondissement Sint-Niklaas,POPULATION_AGE_0_14,Population aged 0 to 14,count,2026,2961.0,A,2026-09-05T22:11:04.542942+00:00
be:mun:46024,46024,Stekene,Stekene,Stekene,Flanders,East Flanders,Arrondissement Sint-Niklaas,POPULATION_AGE_15_64,Population aged 15 to 64,count,2026,12416.0,A,2026-09-05T22:11:04.542942+00:00
be:mun:46024,46024,Stekene,Stekene,Stekene,Flanders,East Flanders,Arrondissement Sint-Niklaas,POPULATION_AGE_65_PLUS,Population aged 65 and over,count,2026,4578.0,A,2026-09-05T22:11:04.542942+00:00
be:mun:46024,46024,Stekene,Stekene,Stekene,Flanders,East Flanders,Arrondissement Sint-Niklaas,POPULATION_BY_COMMUNE,Population,count,2026,19955.0,A,2026-09-05T20:42:19.277290+00:00
be:mun:46025,46025,Temse,Tamise,Temse,Flanders,East Flanders,Arrondissement Sint-Niklaas,LOCAL_UNITS_BY_COMMUNE,Local business units,count,2023-Q4,3692.0,A,2026-09-05T19:00:05.127955+00:00
be:mun:46025,46025,Temse,Tamise,Temse,Flanders,East Flanders,Arrondissement Sint-Niklaas,POPULATION_AGE_0_14,Population aged 0 to 14,count,2026,5303.0,A,2026-09-05T22:11:04.542942+00:00
be:mun:46025,46025,Temse,Tamise,Temse,Flanders,East Flanders,Arrondissement Sint-Niklaas,POPULATION_AGE_15_64,Population aged 15 to 64,count,2026,19964.0,A,2026-09-05T22:11:04.542942+00:00
be:mun:46025,46025,Temse,Tamise,Temse,Flanders,East Flanders,Arrondissement Sint-Niklaas,POPULATION_AGE_65_PLUS,Population aged 65 and over,count,2026,6547.0,A,2026-09-05T22:11:04.542942+00:00
be:mun:46025,46025,Temse,Tamise,Temse,Flanders,East Flanders,Arrondissement Sint-Niklaas,POPULATION_BY_COMMUNE,Population,count,2026,31814.0,A,2026-09-05T20:42:19.277290+00:00
be:mun:46029,46029,Lokeren,Lokeren,Lokeren,Flanders,East Flanders,Arrondissement Sint-Niklaas,LOCAL_UNITS_BY_COMMUNE,Local business units,count,2023-Q4,5843.0,A,2026-09-05T19:00:05.127955+00:00
be:mun:46029,46029,Lokeren,Lokeren,Lokeren,Flanders,East Flanders,Arrondissement Sint-Niklaas,POPULATION_AGE_0_14,Population aged 0 to 14,count,2026,8265.0,A,2026-09-05T22:11:04.542942+00:00
be:mun:46029,46029,Lokeren,Lokeren,Lokeren,Flanders,East Flanders,Arrondissement Sint-Niklaas,POPULATION_AGE_15_64,Population aged 15 to 64,count,2026,32273.0,A,2026-09-05T22:11:04.542942+00:00
be:mun:46029,46029,Lokeren,Lokeren,Lokeren,Flanders,East Flanders,Arrondissement Sint-Niklaas,POPULATION_AGE_65_PLUS,Population aged 65 and over,count,2026,10359.0,A,2026-09-05T22:11:04.542942+00:00
be:mun:46029,46029,Lokeren,Lokeren,Lokeren,Flanders,East Flanders,Arrondissement Sint-Niklaas,POPULATION_BY_COMMUNE,Population,count,2026,50897.0,A,2026-09-05T20:42:19.277290+00:00
be:mun:46030,46030,Beveren-Kruibeke-Zwijndrecht,Beveren-Kruibeke-Zwijndrecht,Beveren-Kruibeke-Zwijndrecht,Flanders,East Flanders,Arrondissement Sint-Niklaas,LOCAL_UNITS_BY_COMMUNE,Local business units,count,2023-Q4,9222.0,A,2026-09-05T19:00:05.127955+00:00
be:mun:46030,46030,Beveren-Kruibeke-Zwijndrecht,Beveren-Kruibeke-Zwijndrecht,Beveren-Kruibeke-Zwijndrecht,Flanders,East Flanders,Arrondissement Sint-Niklaas,POPULATION_AGE_0_14,Population aged 0 to 14,count,2026,13867.0,A,2026-09-05T22:11:04.542942+00:00
be:mun:46030,46030,Beveren-Kruibeke-Zwijndrecht,Beveren-Kruibeke-Zwijndrecht,Beveren-Kruibeke-Zwijndrecht,Flanders,East Flanders,Arrondissement Sint-Niklaas,POPULATION_AGE_15_64,Population aged 15 to 64,count,2026,54494.0,A,2026-09-05T22:11:04.542942+00:00
be:mun:46030,46030,Beveren-Kruibeke-Zwijndrecht,Beveren-Kruibeke-Zwijndrecht,Beveren-Kruibeke-Zwijndrecht,Flanders,East Flanders,Arrondissement Sint-Niklaas,POPULATION_AGE_65_PLUS,Population aged 65 and over,count,2026,19983.0,A,2026-09-05T22:11:04.542942+00:00
be:mun:46030,46030,Beveren-Kruibeke-Zwijndrecht,Beveren-Kruibeke-Zwijndrecht,Beveren-Kruibeke-Zwijndrecht,Flanders,East Flanders,Arrondissement Sint-Niklaas,POPULATION_BY_COMMUNE,Population,count,2026,88344.0,A,2026-09-05T20:42:19.277290+00:00
be:mun:51004,51004,Ath,Ath,Aat,Wallonia,Hainaut,Arrondissement Aat,LOCAL_UNITS_BY_COMMUNE,Local business units,count,2023-Q4,3182.0,A,2026-09-05T19:00:05.127955+00:00
be:mun:51004,51004,Ath,Ath,Aat,Wallonia,Hainaut,Arrondissement Aat,POPULATION_AGE_0_14,Population aged 0 to 14,count,2026,4157.0,A,2026-09-05T22:11:04.542942+00:00
be:mun:51004,51004,Ath,Ath,Aat,Wallonia,Hainaut,Arrondissement Aat,POPULATION_AGE_15_64,Population aged 15 to 64,count,2026,19297.0,A,2026-09-05T22:11:04.542942+00:00
be:mun:51004,51004,Ath,Ath,Aat,Wallonia,Hainaut,Arrondissement Aat,POPULATION_AGE_65_PLUS,Population aged 65 and over,count,2026,6781.0,A,2026-09-05T22:11:04.542942+00:00
be:mun:51004,51004,Ath,Ath,Aat,Wallonia,Hainaut,Arrondissement Aat,POPULATION_BY_COMMUNE,Population,count,2026,30235.0,A,2026-09-05T20:42:19.277290+00:00
be:mun:51008,51008,Beloeil,Beloeil,Beloeil,Wallonia,Hainaut,Arrondissement Aat,LOCAL_UNITS_BY_COMMUNE,Local business units,count,2023-Q4,1287.0,A,2026-09-05T19:00:05.127955+00:00
be:mun:51008,51008,Beloeil,Beloeil,Beloeil,Wallonia,Hainaut,Arrondissement Aat,POPULATION_AGE_0_14,Population aged 0 to 14,count,2026,2200.0,A,2026-09-05T22:11:04.542942+00:00
be:mun:51008,51008,Beloeil,Beloeil,Beloeil,Wallonia,Hainaut,Arrondissement Aat,POPULATION_AGE_15_64,Population aged 15 to 64,count,2026,9408.0,A,2026-09-05T22:11:04.542942+00:00
be:mun:51008,51008,Beloeil,Beloeil,Beloeil,Wallonia,Hainaut,Arrondissement Aat,POPULATION_AGE_65_PLUS,Population aged 65 and over,count,2026,2743.0,A,2026-09-05T22:11:04.542942+00:00
be:mun:51008,51008,Beloeil,Beloeil,Beloeil,Wallonia,Hainaut,Arrondissement Aat,POPULATION_BY_COMMUNE,Population,count,2026,14351.0,A,2026-09-05T20:42:19.277290+00:00
be:mun:51009,51009,Bernissart,Bernissart,Bernissart,Wallonia,Hainaut,Arrondissement Aat,LOCAL_UNITS_BY_COMMUNE,Local business units,count,2023-Q4,923.0,A,2026-09-05T19:00:05.127955+00:00
be:mun:51009,51009,Bernissart,Bernissart,Bernissart,Wallonia,Hainaut,Arrondissement Aat,POPULATION_AGE_0_14,Population aged 0 to 14,count,2026,1857.0,A,2026-09-05T22:11:04.542942+00:00
be:mun:51009,51009,Bernissart,Bernissart,Bernissart,Wallonia,Hainaut,Arrondissement Aat,POPULATION_AGE_15_64,Population aged 15 to 64,count,2026,7601.0,A,2026-09-05T22:11:04.542942+00:00
be:mun:51009,51009,Bernissart,Bernissart,Bernissart,Wallonia,Hainaut,Arrondissement Aat,POPULATION_AGE_65_PLUS,Population aged 65 and over,count,2026,2386.0,A,2026-09-05T22:11:04.542942+00:00
be:mun:51009,51009,Bernissart,Bernissart,Bernissart,Wallonia,Hainaut,Arrondissement Aat,POPULATION_BY_COMMUNE,Population,count,2026,11844.0,A,2026-09-05T20:42:19.277290+00:00
be:mun:51012,51012,Brugelette,Brugelette,Brugelette,Wallonia,Hainaut,Arrondissement Aat,LOCAL_UNITS_BY_COMMUNE,Local business units,count,2023-Q4,334.0,A,2026-09-05T19:00:05.127955+00:00
be:mun:51012,51012,Brugelette,Brugelette,Brugelette,Wallonia,Hainaut,Arrondissement Aat,POPULATION_AGE_0_14,Population aged 0 to 14,count,2026,707.0,A,2026-09-05T22:11:04.542942+00:00
be:mun:51012,51012,Brugelette,Brugelette,Brugelette,Wallonia,Hainaut,Arrondissement Aat,POPULATION_AGE_15_64,Population aged 15 to 64,count,2026,2531.0,A,2026-09-05T22:11:04.542942+00:00
be:mun:51012,51012,Brugelette,Brugelette,Brugelette,Wallonia,Hainaut,Arrondissement Aat,POPULATION_AGE_65_PLUS,Population aged 65 and over,count,2026,651.0,A,2026-09-05T22:11:04.542942+00:00
be:mun:51012,51012,Brugelette,Brugelette,Brugelette,Wallonia,Hainaut,Arrondissement Aat,POPULATION_BY_COMMUNE,Population,count,2026,3889.0,A,2026-09-05T20:42:19.277290+00:00
be:mun:51014,51014,Chièvres,Chièvres,Chièvres,Wallonia,Hainaut,Arrondissement Aat,LOCAL_UNITS_BY_COMMUNE,Local business units,count,2023-Q4,607.0,A,2026-09-05T19:00:05.127955+00:00
be:mun:51014,51014,Chièvres,Chièvres,Chièvres,Wallonia,Hainaut,Arrondissement Aat,POPULATION_AGE_0_14,Population aged 0 to 14,count,2026,1163.0,A,2026-09-05T22:11:04.542942+00:00
be:mun:51014,51014,Chièvres,Chièvres,Chièvres,Wallonia,Hainaut,Arrondissement Aat,POPULATION_AGE_15_64,Population aged 15 to 64,count,2026,4645.0,A,2026-09-05T22:11:04.542942+00:00
be:mun:51014,51014,Chièvres,Chièvres,Chièvres,Wallonia,Hainaut,Arrondissement Aat,POPULATION_AGE_65_PLUS,Population aged 65 and over,count,2026,1325.0,A,2026-09-05T22:11:04.542942+00:00
be:mun:51014,51014,Chièvres,Chièvres,Chièvres,Wallonia,Hainaut,Arrondissement Aat,POPULATION_BY_COMMUNE,Population,count,2026,7133.0,A,2026-09-05T20:42:19.277290+00:00
be:mun:51017,51017,Ellezelles,Ellezelles,Elzele,Wallonia,Hainaut,Arrondissement Aat,LOCAL_UNITS_BY_COMMUNE,Local business units,count,2023-Q4,740.0,A,2026-09-05T19:00:05.127955+00:00
be:mun:51017,51017,Ellezelles,Ellezelles,Elzele,Wallonia,Hainaut,Arrondissement Aat,POPULATION_AGE_0_14,Population aged 0 to 14,count,2026,886.0,A,2026-09-05T22:11:04.542942+00:00
be:mun:51017,51017,Ellezelles,Ellezelles,Elzele,Wallonia,Hainaut,Arrondissement Aat,POPULATION_AGE_15_64,Population aged 15 to 64,count,2026,3621.0,A,2026-09-05T22:11:04.542942+00:00
be:mun:51017,51017,Ellezelles,Ellezelles,Elzele,Wallonia,Hainaut,Arrondissement Aat,POPULATION_AGE_65_PLUS,Population aged 65 and over,count,2026,1377.0,A,2026-09-05T22:11:04.542942+00:00
be:mun:51017,51017,Ellezelles,Ellezelles,Elzele,Wallonia,Hainaut,Arrondissement Aat,POPULATION_BY_COMMUNE,Population,count,2026,5884.0,A,2026-09-05T20:42:19.277290+00:00
be:mun:51019,51019,Flobecq,Flobecq,Vloesberg,Wallonia,Hainaut,Arrondissement Aat,LOCAL_UNITS_BY_COMMUNE,Local business units,count,2023-Q4,408.0,A,2026-09-05T19:00:05.127955+00:00
be:mun:51019,51019,Flobecq,Flobecq,Vloesberg,Wallonia,Hainaut,Arrondissement Aat,POPULATION_AGE_0_14,Population aged 0 to 14,count,2026,502.0,A,2026-09-05T22:11:04.542942+00:00
be:mun:51019,51019,Flobecq,Flobecq,Vloesberg,Wallonia,Hainaut,Arrondissement Aat,POPULATION_AGE_15_64,Population aged 15 to 64,count,2026,2149.0,A,2026-09-05T22:11:04.542942+00:00
be:mun:51019,51019,Flobecq,Flobecq,Vloesberg,Wallonia,Hainaut,Arrondissement Aat,POPULATION_AGE_65_PLUS,Population aged 65 and over,count,2026,802.0,A,2026-09-05T22:11:04.542942+00:00
be:mun:51019,51019,Flobecq,Flobecq,Vloesberg,Wallonia,Hainaut,Arrondissement Aat,POPULATION_BY_COMMUNE,Population,count,2026,3453.0,A,2026-09-05T20:42:19.277290+00:00
be:mun:51065,51065,Frasnes-lez-Anvaing,Frasnes-lez-Anvaing,Frasnes-lez-Anvaing,Wallonia,Hainaut,Arrondissement Aat,LOCAL_UNITS_BY_COMMUNE,Local business units,count,2023-Q4,1532.0,A,2026-09-05T19:00:05.127955+00:00
be:mun:51065,51065,Frasnes-lez-Anvaing,Frasnes-lez-Anvaing,Frasnes-lez-Anvaing,Wallonia,Hainaut,Arrondissement Aat,POPULATION_AGE_0_14,Population aged 0 to 14,count,2026,1906.0,A,2026-09-05T22:11:04.542942+00:00
be:mun:51065,51065,Frasnes-lez-Anvaing,Frasnes-lez-Anvaing,Frasnes-lez-Anvaing,Wallonia,Hainaut,Arrondissement Aat,POPULATION_AGE_15_64,Population aged 15 to 64,count,2026,7706.0,A,2026-09-05T22:11:04.542942+00:00
be:mun:51065,51065,Frasnes-lez-Anvaing,Frasnes-lez-Anvaing,Frasnes-lez-Anvaing,Wallonia,Hainaut,Arrondissement Aat,POPULATION_AGE_65_PLUS,Population aged 65 and over,count,2026,2599.0,A,2026-09-05T22:11:04.542942+00:00
be:mun:51065,51065,Frasnes-lez-Anvaing,Frasnes-lez-Anvaing,Frasnes-lez-Anvaing,Wallonia,Hainaut,Arrondissement Aat,POPULATION_BY_COMMUNE,Population,count,2026,12211.0,A,2026-09-05T20:42:19.277290+00:00
be:mun:51067,51067,Enghien,Enghien,Edingen,Wallonia,Hainaut,Arrondissement Aat,LOCAL_UNITS_BY_COMMUNE,Local business units,count,2023-Q4,1579.0,A,2026-09-05T19:00:05.127955+00:00
be:mun:51067,51067,Enghien,Enghien,Edingen,Wallonia,Hainaut,Arrondissement Aat,POPULATION_AGE_0_14,Population aged 0 to 14,count,2026,2352.0,A,2026-09-05T22:11:04.542942+00:00
be:mun:51067,51067,Enghien,Enghien,Edingen,Wallonia,Hainaut,Arrondissement Aat,POPULATION_AGE_15_64,Population aged 15 to 64,count,2026,9406.0,A,2026-09-05T22:11:04.542942+00:00
be:mun:51067,51067,Enghien,Enghien,Edingen,Wallonia,Hainaut,Arrondissement Aat,POPULATION_AGE_65_PLUS,Population aged 65 and over,count,2026,2944.0,A,2026-09-05T22:11:04.542942+00:00
be:mun:51067,51067,Enghien,Enghien,Edingen,Wallonia,Hainaut,Arrondissement Aat,POPULATION_BY_COMMUNE,Population,count,2026,14702.0,A,2026-09-05T20:42:19.277290+00:00
be:mun:51068,51068,Silly,Silly,Opzullik,Wallonia,Hainaut,Arrondissement Aat,LOCAL_UNITS_BY_COMMUNE,Local business units,count,2023-Q4,1005.0,A,2026-09-05T19:00:05.127955+00:00
be:mun:51068,51068,Silly,Silly,Opzullik,Wallonia,Hainaut,Arrondissement Aat,POPULATION_AGE_0_14,Population aged 0 to 14,count,2026,1213.0,A,2026-09-05T22:11:04.542942+00:00
be:mun:51068,51068,Silly,Silly,Opzullik,Wallonia,Hainaut,Arrondissement Aat,POPULATION_AGE_15_64,Population aged 15 to 64,count,2026,5300.0,A,2026-09-05T22:11:04.542942+00:00
be:mun:51068,51068,Silly,Silly,Opzullik,Wallonia,Hainaut,Arrondissement Aat,POPULATION_AGE_65_PLUS,Population aged 65 and over,count,2026,1918.0,A,2026-09-05T22:11:04.542942+00:00
be:mun:51068,51068,Silly,Silly,Opzullik,Wallonia,Hainaut,Arrondissement Aat,POPULATION_BY_COMMUNE,Population,count,2026,8431.0,A,2026-09-05T20:42:19.277290+00:00
be:mun:51069,51069,Lessines,Lessines,Lessen,Wallonia,Hainaut,Arrondissement Aat,LOCAL_UNITS_BY_COMMUNE,Local business units,count,2023-Q4,1482.0,A,2026-09-05T19:00:05.127955+00:00
be:mun:51069,51069,Lessines,Lessines,Lessen,Wallonia,Hainaut,Arrondissement Aat,POPULATION_AGE_0_14,Population aged 0 to 14,count,2026,3001.0,A,2026-09-05T22:11:04.542942+00:00
be:mun:51069,51069,Lessines,Lessines,Lessen,Wallonia,Hainaut,Arrondissement Aat,POPULATION_AGE_15_64,Population aged 15 to 64,count,2026,12098.0,A,2026-09-05T22:11:04.542942+00:00
be:mun:51069,51069,Lessines,Lessines,Lessen,Wallonia,Hainaut,Arrondissement Aat,POPULATION_AGE_65_PLUS,Population aged 65 and over,count,2026,3802.0,A,2026-09-05T22:11:04.542942+00:00
be:mun:51069,51069,Lessines,Lessines,Lessen,Wallonia,Hainaut,Arrondissement Aat,POPULATION_BY_COMMUNE,Population,count,2026,18901.0,A,2026-09-05T20:42:19.277290+00:00
be:mun:52010,52010,Chapelle-lez-Herlaimont,Chapelle-lez-Herlaimont,Chapelle-lez-Herlaimont,Wallonia,Hainaut,Arrondissement Charleroi,LOCAL_UNITS_BY_COMMUNE,Local business units,count,2023-Q4,1016.0,A,2026-09-05T19:00:05.127955+00:00
be:mun:52010,52010,Chapelle-lez-Herlaimont,Chapelle-lez-Herlaimont,Chapelle-lez-Herlaimont,Wallonia,Hainaut,Arrondissement Charleroi,POPULATION_AGE_0_14,Population aged 0 to 14,count,2026,2310.0,A,2026-09-05T22:11:04.542942+00:00
be:mun:52010,52010,Chapelle-lez-Herlaimont,Chapelle-lez-Herlaimont,Chapelle-lez-Herlaimont,Wallonia,Hainaut,Arrondissement Charleroi,POPULATION_AGE_15_64,Population aged 15 to 64,count,2026,9604.0,A,2026-09-05T22:11:04.542942+00:00
be:mun:52010,52010,Chapelle-lez-Herlaimont,Chapelle-lez-Herlaimont,Chapelle-lez-Herlaimont,Wallonia,Hainaut,Arrondissement Charleroi,POPULATION_AGE_65_PLUS,Population aged 65 and over,count,2026,3119.0,A,2026-09-05T22:11:04.542942+00:00
be:mun:52010,52010,Chapelle-lez-Herlaimont,Chapelle-lez-Herlaimont,Chapelle-lez-Herlaimont,Wallonia,Hainaut,Arrondissement Charleroi,POPULATION_BY_COMMUNE,Population,count,2026,15033.0,A,2026-09-05T20:42:19.277290+00:00
be:mun:52011,52011,Charleroi,Charleroi,Charleroi,Wallonia,Hainaut,Arrondissement Charleroi,LOCAL_UNITS_BY_COMMUNE,Local business units,count,2023-Q4,15374.0,A,2026-09-05T19:00:05.127955+00:00
be:mun:52011,52011,Charleroi,Charleroi,Charleroi,Wallonia,Hainaut,Arrondissement Charleroi,POPULATION_AGE_0_14,Population aged 0 to 14,count,2026,37316.0,A,2026-09-05T22:11:04.542942+00:00
be:mun:52011,52011,Charleroi,Charleroi,Charleroi,Wallonia,Hainaut,Arrondissement Charleroi,POPULATION_AGE_15_64,Population aged 15 to 64,count,2026,131854.0,A,2026-09-05T22:11:04.542942+00:00
be:mun:52011,52011,Charleroi,Charleroi,Charleroi,Wallonia,Hainaut,Arrondissement Charleroi,POPULATION_AGE_65_PLUS,Population aged 65 and over,count,2026,37730.0,A,2026-09-05T22:11:04.542942+00:00
be:mun:52011,52011,Charleroi,Charleroi,Charleroi,Wallonia,Hainaut,Arrondissement Charleroi,POPULATION_BY_COMMUNE,Population,count,2026,206900.0,A,2026-09-05T20:42:19.277290+00:00
be:mun:52012,52012,Châtelet,Châtelet,Châtelet,Wallonia,Hainaut,Arrondissement Charleroi,LOCAL_UNITS_BY_COMMUNE,Local business units,count,2023-Q4,2174.0,A,2026-09-05T19:00:05.127955+00:00
be:mun:52012,52012,Châtelet,Châtelet,Châtelet,Wallonia,Hainaut,Arrondissement Charleroi,POPULATION_AGE_0_14,Population aged 0 to 14,count,2026,6058.0,A,2026-09-05T22:11:04.542942+00:00
be:mun:52012,52012,Châtelet,Châtelet,Châtelet,Wallonia,Hainaut,Arrondissement Charleroi,POPULATION_AGE_15_64,Population aged 15 to 64,count,2026,22642.0,A,2026-09-05T22:11:04.542942+00:00
be:mun:52012,52012,Châtelet,Châtelet,Châtelet,Wallonia,Hainaut,Arrondissement Charleroi,POPULATION_AGE_65_PLUS,Population aged 65 and over,count,2026,7275.0,A,2026-09-05T22:11:04.542942+00:00
be:mun:52012,52012,Châtelet,Châtelet,Châtelet,Wallonia,Hainaut,Arrondissement Charleroi,POPULATION_BY_COMMUNE,Population,count,2026,35975.0,A,2026-09-05T20:42:19.277290+00:00
be:mun:52015,52015,Courcelles,Courcelles,Courcelles,Wallonia,Hainaut,Arrondissement Charleroi,LOCAL_UNITS_BY_COMMUNE,Local business units,count,2023-Q4,2231.0,A,2026-09-05T19:00:05.127955+00:00
be:mun:52015,52015,Courcelles,Courcelles,Courcelles,Wallonia,Hainaut,Arrondissement Charleroi,POPULATION_AGE_0_14,Population aged 0 to 14,count,2026,5313.0,A,2026-09-05T22:11:04.542942+00:00
be:mun:52015,52015,Courcelles,Courcelles,Courcelles,Wallonia,Hainaut,Arrondissement Charleroi,POPULATION_AGE_15_64,Population aged 15 to 64,count,2026,20194.0,A,2026-09-05T22:11:04.542942+00:00
be:mun:52015,52015,Courcelles,Courcelles,Courcelles,Wallonia,Hainaut,Arrondissement Charleroi,POPULATION_AGE_65_PLUS,Population aged 65 and over,count,2026,6166.0,A,2026-09-05T22:11:04.542942+00:00
be:mun:52015,52015,Courcelles,Courcelles,Courcelles,Wallonia,Hainaut,Arrondissement Charleroi,POPULATION_BY_COMMUNE,Population,count,2026,31673.0,A,2026-09-05T20:42:19.277290+00:00
be:mun:52018,52018,Farciennes,Farciennes,Farciennes,Wallonia,Hainaut,Arrondissement Charleroi,LOCAL_UNITS_BY_COMMUNE,Local business units,count,2023-Q4,563.0,A,2026-09-05T19:00:05.127955+00:00
be:mun:52018,52018,Farciennes,Farciennes,Farciennes,Wallonia,Hainaut,Arrondissement Charleroi,POPULATION_AGE_0_14,Population aged 0 to 14,count,2026,2219.0,A,2026-09-05T22:11:04.542942+00:00
be:mun:52018,52018,Farciennes,Farciennes,Farciennes,Wallonia,Hainaut,Arrondissement Charleroi,POPULATION_AGE_15_64,Population aged 15 to 64,count,2026,7241.0,A,2026-09-05T22:11:04.542942+00:00
be:mun:52018,52018,Farciennes,Farciennes,Farciennes,Wallonia,Hainaut,Arrondissement Charleroi,POPULATION_AGE_65_PLUS,Population aged 65 and over,count,2026,1993.0,A,2026-09-05T22:11:04.542942+00:00
be:mun:52018,52018,Farciennes,Farciennes,Farciennes,Wallonia,Hainaut,Arrondissement Charleroi,POPULATION_BY_COMMUNE,Population,count,2026,11453.0,A,2026-09-05T20:42:19.277290+00:00
be:mun:52021,52021,Fleurus,Fleurus,Fleurus,Wallonia,Hainaut,Arrondissement Charleroi,LOCAL_UNITS_BY_COMMUNE,Local business units,count,2023-Q4,2235.0,A,2026-09-05T19:00:05.127955+00:00
be:mun:52021,52021,Fleurus,Fleurus,Fleurus,Wallonia,Hainaut,Arrondissement Charleroi,POPULATION_AGE_0_14,Population aged 0 to 14,count,2026,3660.0,A,2026-09-05T22:11:04.542942+00:00
be:mun:52021,52021,Fleurus,Fleurus,Fleurus,Wallonia,Hainaut,Arrondissement Charleroi,POPULATION_AGE_15_64,Population aged 15 to 64,count,2026,14537.0,A,2026-09-05T22:11:04.542942+00:00
be:mun:52021,52021,Fleurus,Fleurus,Fleurus,Wallonia,Hainaut,Arrondissement Charleroi,POPULATION_AGE_65_PLUS,Population aged 65 and over,count,2026,4840.0,A,2026-09-05T22:11:04.542942+00:00
be:mun:52021,52021,Fleurus,Fleurus,Fleurus,Wallonia,Hainaut,Arrondissement Charleroi,POPULATION_BY_COMMUNE,Population,count,2026,23037.0,A,2026-09-05T20:42:19.277290+00:00
be:mun:52022,52022,Fontaine-l’Evêque,Fontaine-l’Evêque,Fontaine-l’Evêque,Wallonia,Hainaut,Arrondissement Charleroi,LOCAL_UNITS_BY_COMMUNE,Local business units,count,2023-Q4,1217.0,A,2026-09-05T19:00:05.127955+00:00
be:mun:52022,52022,Fontaine-l’Evêque,Fontaine-l’Evêque,Fontaine-l’Evêque,Wallonia,Hainaut,Arrondissement Charleroi,POPULATION_AGE_0_14,Population aged 0 to 14,count,2026,2932.0,A,2026-09-05T22:11:04.542942+00:00
be:mun:52022,52022,Fontaine-l’Evêque,Fontaine-l’Evêque,Fontaine-l’Evêque,Wallonia,Hainaut,Arrondissement Charleroi,POPULATION_AGE_15_64,Population aged 15 to 64,count,2026,11467.0,A,2026-09-05T22:11:04.542942+00:00
be:mun:52022,52022,Fontaine-l’Evêque,Fontaine-l’Evêque,Fontaine-l’Evêque,Wallonia,Hainaut,Arrondissement Charleroi,POPULATION_AGE_65_PLUS,Population aged 65 and over,count,2026,3662.0,A,2026-09-05T22:11:04.542942+00:00
be:mun:52022,52022,Fontaine-l’Evêque,Fontaine-l’Evêque,Fontaine-l’Evêque,Wallonia,Hainaut,Arrondissement Charleroi,POPULATION_BY_COMMUNE,Population,count,2026,18061.0,A,2026-09-05T20:42:19.277290+00:00
be:mun:52025,52025,Gerpinnes,Gerpinnes,Gerpinnes,Wallonia,Hainaut,Arrondissement Charleroi,LOCAL_UNITS_BY_COMMUNE,Local business units,count,2023-Q4,1613.0,A,2026-09-05T19:00:05.127955+00:00
be:mun:52025,52025,Gerpinnes,Gerpinnes,Gerpinnes,Wallonia,Hainaut,Arrondissement Charleroi,POPULATION_AGE_0_14,Population aged 0 to 14,count,2026,1669.0,A,2026-09-05T22:11:04.542942+00:00
be:mun:52025,52025,Gerpinnes,Gerpinnes,Gerpinnes,Wallonia,Hainaut,Arrondissement Charleroi,POPULATION_AGE_15_64,Population aged 15 to 64,count,2026,7610.0,A,2026-09-05T22:11:04.542942+00:00
be:mun:52025,52025,Gerpinnes,Gerpinnes,Gerpinnes,Wallonia,Hainaut,Arrondissement Charleroi,POPULATION_AGE_65_PLUS,Population aged 65 and over,count,2026,3557.0,A,2026-09-05T22:11:04.542942+00:00
be:mun:52025,52025,Gerpinnes,Gerpinnes,Gerpinnes,Wallonia,Hainaut,Arrondissement Charleroi,POPULATION_BY_COMMUNE,Population,count,2026,12836.0,A,2026-09-05T20:42:19.277290+00:00
be:mun:52048,52048,Montigny-le-Tilleul,Montigny-le-Tilleul,Montigny-le-Tilleul,Wallonia,Hainaut,Arrondissement Charleroi,LOCAL_UNITS_BY_COMMUNE,Local business units,count,2023-Q4,1053.0,A,2026-09-05T19:00:05.127955+00:00
be:mun:52048,52048,Montigny-le-Tilleul,Montigny-le-Tilleul,Montigny-le-Tilleul,Wallonia,Hainaut,Arrondissement Charleroi,POPULATION_AGE_0_14,Population aged 0 to 14,count,2026,1376.0,A,2026-09-05T22:11:04.542942+00:00
be:mun:52048,52048,Montigny-le-Tilleul,Montigny-le-Tilleul,Montigny-le-Tilleul,Wallonia,Hainaut,Arrondissement Charleroi,POPULATION_AGE_15_64,Population aged 15 to 64,count,2026,6074.0,A,2026-09-05T22:11:04.542942+00:00
be:mun:52048,52048,Montigny-le-Tilleul,Montigny-le-Tilleul,Montigny-le-Tilleul,Wallonia,Hainaut,Arrondissement Charleroi,POPULATION_AGE_65_PLUS,Population aged 65 and over,count,2026,2660.0,A,2026-09-05T22:11:04.542942+00:00
be:mun:52048,52048,Montigny-le-Tilleul,Montigny-le-Tilleul,Montigny-le-Tilleul,Wallonia,Hainaut,Arrondissement Charleroi,POPULATION_BY_COMMUNE,Population,count,2026,10110.0,A,2026-09-05T20:42:19.277290+00:00
be:mun:52055,52055,Pont-à-Celles,Pont-à-Celles,Pont-à-Celles,Wallonia,Hainaut,Arrondissement Charleroi,LOCAL_UNITS_BY_COMMUNE,Local business units,count,2023-Q4,1439.0,A,2026-09-05T19:00:05.127955+00:00
be:mun:52055,52055,Pont-à-Celles,Pont-à-Celles,Pont-à-Celles,Wallonia,Hainaut,Arrondissement Charleroi,POPULATION_AGE_0_14,Population aged 0 to 14,count,2026,2815.0,A,2026-09-05T22:11:04.542942+00:00
be:mun:52055,52055,Pont-à-Celles,Pont-à-Celles,Pont-à-Celles,Wallonia,Hainaut,Arrondissement Charleroi,POPULATION_AGE_15_64,Population aged 15 to 64,count,2026,11255.0,A,2026-09-05T22:11:04.542942+00:00
be:mun:52055,52055,Pont-à-Celles,Pont-à-Celles,Pont-à-Celles,Wallonia,Hainaut,Arrondissement Charleroi,POPULATION_AGE_65_PLUS,Population aged 65 and over,count,2026,3553.0,A,2026-09-05T22:11:04.542942+00:00
be:mun:52055,52055,Pont-à-Celles,Pont-à-Celles,Pont-à-Celles,Wallonia,Hainaut,Arrondissement Charleroi,POPULATION_BY_COMMUNE,Population,count,2026,17623.0,A,2026-09-05T20:42:19.277290+00:00
be:mun:52074,52074,Aiseau-Presles,Aiseau-Presles,Aiseau-Presles,Wallonia,Hainaut,Arrondissement Charleroi,LOCAL_UNITS_BY_COMMUNE,Local business units,count,2023-Q4,797.0,A,2026-09-05T19:00:05.127955+00:00
be:mun:52074,52074,Aiseau-Presles,Aiseau-Presles,Aiseau-Presles,Wallonia,Hainaut,Arrondissement Charleroi,POPULATION_AGE_0_14,Population aged 0 to 14,count,2026,1774.0,A,2026-09-05T22:11:04.542942+00:00
be:mun:52074,52074,Aiseau-Presles,Aiseau-Presles,Aiseau-Presles,Wallonia,Hainaut,Arrondissement Charleroi,POPULATION_AGE_15_64,Population aged 15 to 64,count,2026,6955.0,A,2026-09-05T22:11:04.542942+00:00
be:mun:52074,52074,Aiseau-Presles,Aiseau-Presles,Aiseau-Presles,Wallonia,Hainaut,Arrondissement Charleroi,POPULATION_AGE_65_PLUS,Population aged 65 and over,count,2026,2235.0,A,2026-09-05T22:11:04.542942+00:00
be:mun:52074,52074,Aiseau-Presles,Aiseau-Presles,Aiseau-Presles,Wallonia,Hainaut,Arrondissement Charleroi,POPULATION_BY_COMMUNE,Population,count,2026,10964.0,A,2026-09-05T20:42:19.277290+00:00
be:mun:52075,52075,Les Bons Villers,Les Bons Villers,Les Bons Villers,Wallonia,Hainaut,Arrondissement Charleroi,LOCAL_UNITS_BY_COMMUNE,Local business units,count,2023-Q4,1107.0,A,2026-09-05T19:00:05.127955+00:00
be:mun:52075,52075,Les Bons Villers,Les Bons Villers,Les Bons Villers,Wallonia,Hainaut,Arrondissement Charleroi,POPULATION_AGE_0_14,Population aged 0 to 14,count,2026,1467.0,A,2026-09-05T22:11:04.542942+00:00
be:mun:52075,52075,Les Bons Villers,Les Bons Villers,Les Bons Villers,Wallonia,Hainaut,Arrondissement Charleroi,POPULATION_AGE_15_64,Population aged 15 to 64,count,2026,6108.0,A,2026-09-05T22:11:04.542942+00:00
be:mun:52075,52075,Les Bons Villers,Les Bons Villers,Les Bons Villers,Wallonia,Hainaut,Arrondissement Charleroi,POPULATION_AGE_65_PLUS,Population aged 65 and over,count,2026,2182.0,A,2026-09-05T22:11:04.542942+00:00
be:mun:52075,52075,Les Bons Villers,Les Bons Villers,Les Bons Villers,Wallonia,Hainaut,Arrondissement Charleroi,POPULATION_BY_COMMUNE,Population,count,2026,9757.0,A,2026-09-05T20:42:19.277290+00:00
be:mun:53014,53014,Boussu,Boussu,Boussu,Wallonia,Hainaut,Arrondissement Bergen,LOCAL_UNITS_BY_COMMUNE,Local business units,count,2023-Q4,1143.0,A,2026-09-05T19:00:05.127955+00:00
be:mun:53014,53014,Boussu,Boussu,Boussu,Wallonia,Hainaut,Arrondissement Bergen,POPULATION_AGE_0_14,Population aged 0 to 14,count,2026,3422.0,A,2026-09-05T22:11:04.542942+00:00
be:mun:53014,53014,Boussu,Boussu,Boussu,Wallonia,Hainaut,Arrondissement Bergen,POPULATION_AGE_15_64,Population aged 15 to 64,count,2026,12904.0,A,2026-09-05T22:11:04.542942+00:00
be:mun:53014,53014,Boussu,Boussu,Boussu,Wallonia,Hainaut,Arrondissement Bergen,POPULATION_AGE_65_PLUS,Population aged 65 and over,count,2026,4190.0,A,2026-09-05T22:11:04.542942+00:00
be:mun:53014,53014,Boussu,Boussu,Boussu,Wallonia,Hainaut,Arrondissement Bergen,POPULATION_BY_COMMUNE,Population,count,2026,20516.0,A,2026-09-05T20:42:19.277290+00:00
be:mun:53020,53020,Dour,Dour,Dour,Wallonia,Hainaut,Arrondissement Bergen,LOCAL_UNITS_BY_COMMUNE,Local business units,count,2023-Q4,1111.0,A,2026-09-05T19:00:05.127955+00:00
be:mun:53020,53020,Dour,Dour,Dour,Wallonia,Hainaut,Arrondissement Bergen,POPULATION_AGE_0_14,Population aged 0 to 14,count,2026,2604.0,A,2026-09-05T22:11:04.542942+00:00
be:mun:53020,53020,Dour,Dour,Dour,Wallonia,Hainaut,Arrondissement Bergen,POPULATION_AGE_15_64,Population aged 15 to 64,count,2026,10594.0,A,2026-09-05T22:11:04.542942+00:00
be:mun:53020,53020,Dour,Dour,Dour,Wallonia,Hainaut,Arrondissement Bergen,POPULATION_AGE_65_PLUS,Population aged 65 and over,count,2026,3413.0,A,2026-09-05T22:11:04.542942+00:00
be:mun:53020,53020,Dour,Dour,Dour,Wallonia,Hainaut,Arrondissement Bergen,POPULATION_BY_COMMUNE,Population,count,2026,16611.0,A,2026-09-05T20:42:19.277290+00:00
be:mun:53028,53028,Frameries,Frameries,Frameries,Wallonia,Hainaut,Arrondissement Bergen,LOCAL_UNITS_BY_COMMUNE,Local business units,count,2023-Q4,1380.0,A,2026-09-05T19:00:05.127955+00:00
be:mun:53028,53028,Frameries,Frameries,Frameries,Wallonia,Hainaut,Arrondissement Bergen,POPULATION_AGE_0_14,Population aged 0 to 14,count,2026,3487.0,A,2026-09-05T22:11:04.542942+00:00
be:mun:53028,53028,Frameries,Frameries,Frameries,Wallonia,Hainaut,Arrondissement Bergen,POPULATION_AGE_15_64,Population aged 15 to 64,count,2026,13465.0,A,2026-09-05T22:11:04.542942+00:00
be:mun:53028,53028,Frameries,Frameries,Frameries,Wallonia,Hainaut,Arrondissement Bergen,POPULATION_AGE_65_PLUS,Population aged 65 and over,count,2026,4520.0,A,2026-09-05T22:11:04.542942+00:00
be:mun:53028,53028,Frameries,Frameries,Frameries,Wallonia,Hainaut,Arrondissement Bergen,POPULATION_BY_COMMUNE,Population,count,2026,21472.0,A,2026-09-05T20:42:19.277290+00:00
be:mun:53039,53039,Hensies,Hensies,Hensies,Wallonia,Hainaut,Arrondissement Bergen,LOCAL_UNITS_BY_COMMUNE,Local business units,count,2023-Q4,475.0,A,2026-09-05T19:00:05.127955+00:00
be:mun:53039,53039,Hensies,Hensies,Hensies,Wallonia,Hainaut,Arrondissement Bergen,POPULATION_AGE_0_14,Population aged 0 to 14,count,2026,1003.0,A,2026-09-05T22:11:04.542942+00:00
be:mun:53039,53039,Hensies,Hensies,Hensies,Wallonia,Hainaut,Arrondissement Bergen,POPULATION_AGE_15_64,Population aged 15 to 64,count,2026,4352.0,A,2026-09-05T22:11:04.542942+00:00
be:mun:53039,53039,Hensies,Hensies,Hensies,Wallonia,Hainaut,Arrondissement Bergen,POPULATION_AGE_65_PLUS,Population aged 65 and over,count,2026,1473.0,A,2026-09-05T22:11:04.542942+00:00
be:mun:53039,53039,Hensies,Hensies,Hensies,Wallonia,Hainaut,Arrondissement Bergen,POPULATION_BY_COMMUNE,Population,count,2026,6828.0,A,2026-09-05T20:42:19.277290+00:00
be:mun:53044,53044,Jurbise,Jurbise,Jurbeke,Wallonia,Hainaut,Arrondissement Bergen,LOCAL_UNITS_BY_COMMUNE,Local business units,count,2023-Q4,1133.0,A,2026-09-05T19:00:05.127955+00:00
be:mun:53044,53044,Jurbise,Jurbise,Jurbeke,Wallonia,Hainaut,Arrondissement Bergen,POPULATION_AGE_0_14,Population aged 0 to 14,count,2026,1635.0,A,2026-09-05T22:11:04.542942+00:00
be:mun:53044,53044,Jurbise,Jurbise,Jurbeke,Wallonia,Hainaut,Arrondissement Bergen,POPULATION_AGE_15_64,Population aged 15 to 64,count,2026,7060.0,A,2026-09-05T22:11:04.542942+00:00
be:mun:53044,53044,Jurbise,Jurbise,Jurbeke,Wallonia,Hainaut,Arrondissement Bergen,POPULATION_AGE_65_PLUS,Population aged 65 and over,count,2026,2217.0,A,2026-09-05T22:11:04.542942+00:00
be:mun:53044,53044,Jurbise,Jurbise,Jurbeke,Wallonia,Hainaut,Arrondissement Bergen,POPULATION_BY_COMMUNE,Population,count,2026,10912.0,A,2026-09-05T20:42:19.277290+00:00
be:mun:53046,53046,Lens,Lens,Lens,Wallonia,Hainaut,Arrondissement Bergen,LOCAL_UNITS_BY_COMMUNE,Local business units,count,2023-Q4,497.0,A,2026-09-05T19:00:05.127955+00:00
be:mun:53046,53046,Lens,Lens,Lens,Wallonia,Hainaut,Arrondissement Bergen,POPULATION_AGE_0_14,Population aged 0 to 14,count,2026,758.0,A,2026-09-05T22:11:04.542942+00:00
be:mun:53046,53046,Lens,Lens,Lens,Wallonia,Hainaut,Arrondissement Bergen,POPULATION_AGE_15_64,Population aged 15 to 64,count,2026,2993.0,A,2026-09-05T22:11:04.542942+00:00
be:mun:53046,53046,Lens,Lens,Lens,Wallonia,Hainaut,Arrondissement Bergen,POPULATION_AGE_65_PLUS,Population aged 65 and over,count,2026,857.0,A,2026-09-05T22:11:04.542942+00:00
be:mun:53046,53046,Lens,Lens,Lens,Wallonia,Hainaut,Arrondissement Bergen,POPULATION_BY_COMMUNE,Population,count,2026,4608.0,A,2026-09-05T20:42:19.277290+00:00
be:mun:53053,53053,Mons,Mons,Bergen,Wallonia,Hainaut,Arrondissement Bergen,LOCAL_UNITS_BY_COMMUNE,Local business units,count,2023-Q4,9214.0,A,2026-09-05T19:00:05.127955+00:00
be:mun:53053,53053,Mons,Mons,Bergen,Wallonia,Hainaut,Arrondissement Bergen,POPULATION_AGE_0_14,Population aged 0 to 14,count,2026,14938.0,A,2026-09-05T22:11:04.542942+00:00
be:mun:53053,53053,Mons,Mons,Bergen,Wallonia,Hainaut,Arrondissement Bergen,POPULATION_AGE_15_64,Population aged 15 to 64,count,2026,63785.0,A,2026-09-05T22:11:04.542942+00:00
be:mun:53053,53053,Mons,Mons,Bergen,Wallonia,Hainaut,Arrondissement Bergen,POPULATION_AGE_65_PLUS,Population aged 65 and over,count,2026,19022.0,A,2026-09-05T22:11:04.542942+00:00
be:mun:53053,53053,Mons,Mons,Bergen,Wallonia,Hainaut,Arrondissement Bergen,POPULATION_BY_COMMUNE,Population,count,2026,97745.0,A,2026-09-05T20:42:19.277290+00:00
be:mun:53065,53065,Quaregnon,Quaregnon,Quaregnon,Wallonia,Hainaut,Arrondissement Bergen,LOCAL_UNITS_BY_COMMUNE,Local business units,count,2023-Q4,1033.0,A,2026-09-05T19:00:05.127955+00:00
be:mun:53065,53065,Quaregnon,Quaregnon,Quaregnon,Wallonia,Hainaut,Arrondissement Bergen,POPULATION_AGE_0_14,Population aged 0 to 14,count,2026,3106.0,A,2026-09-05T22:11:04.542942+00:00
be:mun:53065,53065,Quaregnon,Quaregnon,Quaregnon,Wallonia,Hainaut,Arrondissement Bergen,POPULATION_AGE_15_64,Population aged 15 to 64,count,2026,11999.0,A,2026-09-05T22:11:04.542942+00:00
be:mun:53065,53065,Quaregnon,Quaregnon,Quaregnon,Wallonia,Hainaut,Arrondissement Bergen,POPULATION_AGE_65_PLUS,Population aged 65 and over,count,2026,3913.0,A,2026-09-05T22:11:04.542942+00:00
be:mun:53065,53065,Quaregnon,Quaregnon,Quaregnon,Wallonia,Hainaut,Arrondissement Bergen,POPULATION_BY_COMMUNE,Population,count,2026,19018.0,A,2026-09-05T20:42:19.277290+00:00
be:mun:53068,53068,Quiévrain,Quiévrain,Quiévrain,Wallonia,Hainaut,Arrondissement Bergen,LOCAL_UNITS_BY_COMMUNE,Local business units,count,2023-Q4,552.0,A,2026-09-05T19:00:05.127955+00:00
be:mun:53068,53068,Quiévrain,Quiévrain,Quiévrain,Wallonia,Hainaut,Arrondissement Bergen,POPULATION_AGE_0_14,Population aged 0 to 14,count,2026,1091.0,A,2026-09-05T22:11:04.542942+00:00
be:mun:53068,53068,Quiévrain,Quiévrain,Quiévrain,Wallonia,Hainaut,Arrondissement Bergen,POPULATION_AGE_15_64,Population aged 15 to 64,count,2026,4332.0,A,2026-09-05T22:11:04.542942+00:00
be:mun:53068,53068,Quiévrain,Quiévrain,Quiévrain,Wallonia,Hainaut,Arrondissement Bergen,POPULATION_AGE_65_PLUS,Population aged 65 and over,count,2026,1400.0,A,2026-09-05T22:11:04.542942+00:00
be:mun:53068,53068,Quiévrain,Quiévrain,Quiévrain,Wallonia,Hainaut,Arrondissement Bergen,POPULATION_BY_COMMUNE,Population,count,2026,6823.0,A,2026-09-05T20:42:19.277290+00:00
be:mun:53070,53070,Saint-Ghislain,Saint-Ghislain,Saint-Ghislain,Wallonia,Hainaut,Arrondissement Bergen,LOCAL_UNITS_BY_COMMUNE,Local business units,count,2023-Q4,2074.0,A,2026-09-05T19:00:05.127955+00:00
be:mun:53070,53070,Saint-Ghislain,Saint-Ghislain,Saint-Ghislain,Wallonia,Hainaut,Arrondissement Bergen,POPULATION_AGE_0_14,Population aged 0 to 14,count,2026,3526.0,A,2026-09-05T22:11:04.542942+00:00
be:mun:53070,53070,Saint-Ghislain,Saint-Ghislain,Saint-Ghislain,Wallonia,Hainaut,Arrondissement Bergen,POPULATION_AGE_15_64,Population aged 15 to 64,count,2026,14934.0,A,2026-09-05T22:11:04.542942+00:00
be:mun:53070,53070,Saint-Ghislain,Saint-Ghislain,Saint-Ghislain,Wallonia,Hainaut,Arrondissement Bergen,POPULATION_AGE_65_PLUS,Population aged 65 and over,count,2026,5509.0,A,2026-09-05T22:11:04.542942+00:00
be:mun:53070,53070,Saint-Ghislain,Saint-Ghislain,Saint-Ghislain,Wallonia,Hainaut,Arrondissement Bergen,POPULATION_BY_COMMUNE,Population,count,2026,23969.0,A,2026-09-05T20:42:19.277290+00:00
be:mun:53082,53082,Colfontaine,Colfontaine,Colfontaine,Wallonia,Hainaut,Arrondissement Bergen,LOCAL_UNITS_BY_COMMUNE,Local business units,count,2023-Q4,918.0,A,2026-09-05T19:00:05.127955+00:00
be:mun:53082,53082,Colfontaine,Colfontaine,Colfontaine,Wallonia,Hainaut,Arrondissement Bergen,POPULATION_AGE_0_14,Population aged 0 to 14,count,2026,3828.0,A,2026-09-05T22:11:04.542942+00:00
be:mun:53082,53082,Colfontaine,Colfontaine,Colfontaine,Wallonia,Hainaut,Arrondissement Bergen,POPULATION_AGE_15_64,Population aged 15 to 64,count,2026,13171.0,A,2026-09-05T22:11:04.542942+00:00
be:mun:53082,53082,Colfontaine,Colfontaine,Colfontaine,Wallonia,Hainaut,Arrondissement Bergen,POPULATION_AGE_65_PLUS,Population aged 65 and over,count,2026,3762.0,A,2026-09-05T22:11:04.542942+00:00
be:mun:53082,53082,Colfontaine,Colfontaine,Colfontaine,Wallonia,Hainaut,Arrondissement Bergen,POPULATION_BY_COMMUNE,Population,count,2026,20761.0,A,2026-09-05T20:42:19.277290+00:00
be:mun:53083,53083,Honnelles,Honnelles,Honnelles,Wallonia,Hainaut,Arrondissement Bergen,LOCAL_UNITS_BY_COMMUNE,Local business units,count,2023-Q4,524.0,A,2026-09-05T19:00:05.127955+00:00
be:mun:53083,53083,Honnelles,Honnelles,Honnelles,Wallonia,Hainaut,Arrondissement Bergen,POPULATION_AGE_0_14,Population aged 0 to 14,count,2026,748.0,A,2026-09-05T22:11:04.542942+00:00
be:mun:53083,53083,Honnelles,Honnelles,Honnelles,Wallonia,Hainaut,Arrondissement Bergen,POPULATION_AGE_15_64,Population aged 15 to 64,count,2026,3257.0,A,2026-09-05T22:11:04.542942+00:00
be:mun:53083,53083,Honnelles,Honnelles,Honnelles,Wallonia,Hainaut,Arrondissement Bergen,POPULATION_AGE_65_PLUS,Population aged 65 and over,count,2026,1090.0,A,2026-09-05T22:11:04.542942+00:00
be:mun:53083,53083,Honnelles,Honnelles,Honnelles,Wallonia,Hainaut,Arrondissement Bergen,POPULATION_BY_COMMUNE,Population,count,2026,5095.0,A,2026-09-05T20:42:19.277290+00:00
be:mun:53084,53084,Quévy,Quévy,Quévy,Wallonia,Hainaut,Arrondissement Bergen,LOCAL_UNITS_BY_COMMUNE,Local business units,count,2023-Q4,796.0,A,2026-09-05T19:00:05.127955+00:00
be:mun:53084,53084,Quévy,Quévy,Quévy,Wallonia,Hainaut,Arrondissement Bergen,POPULATION_AGE_0_14,Population aged 0 to 14,count,2026,1197.0,A,2026-09-05T22:11:04.542942+00:00
be:mun:53084,53084,Quévy,Quévy,Quévy,Wallonia,Hainaut,Arrondissement Bergen,POPULATION_AGE_15_64,Population aged 15 to 64,count,2026,5356.0,A,2026-09-05T22:11:04.542942+00:00
be:mun:53084,53084,Quévy,Quévy,Quévy,Wallonia,Hainaut,Arrondissement Bergen,POPULATION_AGE_65_PLUS,Population aged 65 and over,count,2026,1699.0,A,2026-09-05T22:11:04.542942+00:00
be:mun:53084,53084,Quévy,Quévy,Quévy,Wallonia,Hainaut,Arrondissement Bergen,POPULATION_BY_COMMUNE,Population,count,2026,8252.0,A,2026-09-05T20:42:19.277290+00:00
be:mun:55004,55004,Braine-le-Comte,Braine-le-Comte,’s Gravenbrakel,Wallonia,Hainaut,Arrondissement Zinnik,LOCAL_UNITS_BY_COMMUNE,Local business units,count,2023-Q4,2087.0,A,2026-09-05T19:00:05.127955+00:00
be:mun:55004,55004,Braine-le-Comte,Braine-le-Comte,’s Gravenbrakel,Wallonia,Hainaut,Arrondissement Zinnik,POPULATION_AGE_0_14,Population aged 0 to 14,count,2026,3831.0,A,2026-09-05T22:11:04.542942+00:00
be:mun:55004,55004,Braine-le-Comte,Braine-le-Comte,’s Gravenbrakel,Wallonia,Hainaut,Arrondissement Zinnik,POPULATION_AGE_15_64,Population aged 15 to 64,count,2026,15301.0,A,2026-09-05T22:11:04.542942+00:00
be:mun:55004,55004,Braine-le-Comte,Braine-le-Comte,’s Gravenbrakel,Wallonia,Hainaut,Arrondissement Zinnik,POPULATION_AGE_65_PLUS,Population aged 65 and over,count,2026,4629.0,A,2026-09-05T22:11:04.542942+00:00
be:mun:55004,55004,Braine-le-Comte,Braine-le-Comte,’s Gravenbrakel,Wallonia,Hainaut,Arrondissement Zinnik,POPULATION_BY_COMMUNE,Population,count,2026,23761.0,A,2026-09-05T20:42:19.277290+00:00
be:mun:55035,55035,Le Roeulx,Le Roeulx,Le Roeulx,Wallonia,Hainaut,Arrondissement Zinnik,LOCAL_UNITS_BY_COMMUNE,Local business units,count,2023-Q4,1013.0,A,2026-09-05T19:00:05.127955+00:00
be:mun:55035,55035,Le Roeulx,Le Roeulx,Le Roeulx,Wallonia,Hainaut,Arrondissement Zinnik,POPULATION_AGE_0_14,Population aged 0 to 14,count,2026,1326.0,A,2026-09-05T22:11:04.542942+00:00
be:mun:55035,55035,Le Roeulx,Le Roeulx,Le Roeulx,Wallonia,Hainaut,Arrondissement Zinnik,POPULATION_AGE_15_64,Population aged 15 to 64,count,2026,5483.0,A,2026-09-05T22:11:04.542942+00:00
be:mun:55035,55035,Le Roeulx,Le Roeulx,Le Roeulx,Wallonia,Hainaut,Arrondissement Zinnik,POPULATION_AGE_65_PLUS,Population aged 65 and over,count,2026,1907.0,A,2026-09-05T22:11:04.542942+00:00
be:mun:55035,55035,Le Roeulx,Le Roeulx,Le Roeulx,Wallonia,Hainaut,Arrondissement Zinnik,POPULATION_BY_COMMUNE,Population,count,2026,8716.0,A,2026-09-05T20:42:19.277290+00:00
be:mun:55040,55040,Soignies,Soignies,Zinnik,Wallonia,Hainaut,Arrondissement Zinnik,LOCAL_UNITS_BY_COMMUNE,Local business units,count,2023-Q4,2669.0,A,2026-09-05T19:00:05.127955+00:00
be:mun:55040,55040,Soignies,Soignies,Zinnik,Wallonia,Hainaut,Arrondissement Zinnik,POPULATION_AGE_0_14,Population aged 0 to 14,count,2026,4556.0,A,2026-09-05T22:11:04.542942+00:00
be:mun:55040,55040,Soignies,Soignies,Zinnik,Wallonia,Hainaut,Arrondissement Zinnik,POPULATION_AGE_15_64,Population aged 15 to 64,count,2026,18933.0,A,2026-09-05T22:11:04.542942+00:00
be:mun:55040,55040,Soignies,Soignies,Zinnik,Wallonia,Hainaut,Arrondissement Zinnik,POPULATION_AGE_65_PLUS,Population aged 65 and over,count,2026,5908.0,A,2026-09-05T22:11:04.542942+00:00
be:mun:55040,55040,Soignies,Soignies,Zinnik,Wallonia,Hainaut,Arrondissement Zinnik,POPULATION_BY_COMMUNE,Population,count,2026,29397.0,A,2026-09-05T20:42:19.277290+00:00
be:mun:55050,55050,Ecaussinnes,Ecaussinnes,Ecaussinnes,Wallonia,Hainaut,Arrondissement Zinnik,LOCAL_UNITS_BY_COMMUNE,Local business units,count,2023-Q4,899.0,A,2026-09-05T19:00:05.127955+00:00
be:mun:55050,55050,Ecaussinnes,Ecaussinnes,Ecaussinnes,Wallonia,Hainaut,Arrondissement Zinnik,POPULATION_AGE_0_14,Population aged 0 to 14,count,2026,1902.0,A,2026-09-05T22:11:04.542942+00:00
be:mun:55050,55050,Ecaussinnes,Ecaussinnes,Ecaussinnes,Wallonia,Hainaut,Arrondissement Zinnik,POPULATION_AGE_15_64,Population aged 15 to 64,count,2026,7526.0,A,2026-09-05T22:11:04.542942+00:00
be:mun:55050,55050,Ecaussinnes,Ecaussinnes,Ecaussinnes,Wallonia,Hainaut,Arrondissement Zinnik,POPULATION_AGE_65_PLUS,Population aged 65 and over,count,2026,2196.0,A,2026-09-05T22:11:04.542942+00:00
be:mun:55050,55050,Ecaussinnes,Ecaussinnes,Ecaussinnes,Wallonia,Hainaut,Arrondissement Zinnik,POPULATION_BY_COMMUNE,Population,count,2026,11624.0,A,2026-09-05T20:42:19.277290+00:00
be:mun:55085,55085,Seneffe,Seneffe,Seneffe,Wallonia,Hainaut,Arrondissement Zinnik,LOCAL_UNITS_BY_COMMUNE,Local business units,count,2023-Q4,1591.0,A,2026-09-05T19:00:05.127955+00:00
be:mun:55085,55085,Seneffe,Seneffe,Seneffe,Wallonia,Hainaut,Arrondissement Zinnik,POPULATION_AGE_0_14,Population aged 0 to 14,count,2026,1843.0,A,2026-09-05T22:11:04.542942+00:00
be:mun:55085,55085,Seneffe,Seneffe,Seneffe,Wallonia,Hainaut,Arrondissement Zinnik,POPULATION_AGE_15_64,Population aged 15 to 64,count,2026,7308.0,A,2026-09-05T22:11:04.542942+00:00
be:mun:55085,55085,Seneffe,Seneffe,Seneffe,Wallonia,Hainaut,Arrondissement Zinnik,POPULATION_AGE_65_PLUS,Population aged 65 and over,count,2026,2417.0,A,2026-09-05T22:11:04.542942+00:00
be:mun:55085,55085,Seneffe,Seneffe,Seneffe,Wallonia,Hainaut,Arrondissement Zinnik,POPULATION_BY_COMMUNE,Population,count,2026,11568.0,A,2026-09-05T20:42:19.277290+00:00
be:mun:55086,55086,Manage,Manage,Manage,Wallonia,Hainaut,Arrondissement Zinnik,LOCAL_UNITS_BY_COMMUNE,Local business units,count,2023-Q4,1526.0,A,2026-09-05T19:00:05.127955+00:00
be:mun:55086,55086,Manage,Manage,Manage,Wallonia,Hainaut,Arrondissement Zinnik,POPULATION_AGE_0_14,Population aged 0 to 14,count,2026,4173.0,A,2026-09-05T22:11:04.542942+00:00
be:mun:55086,55086,Manage,Manage,Manage,Wallonia,Hainaut,Arrondissement Zinnik,POPULATION_AGE_15_64,Population aged 15 to 64,count,2026,15494.0,A,2026-09-05T22:11:04.542942+00:00
be:mun:55086,55086,Manage,Manage,Manage,Wallonia,Hainaut,Arrondissement Zinnik,POPULATION_AGE_65_PLUS,Population aged 65 and over,count,2026,4582.0,A,2026-09-05T22:11:04.542942+00:00
be:mun:55086,55086,Manage,Manage,Manage,Wallonia,Hainaut,Arrondissement Zinnik,POPULATION_BY_COMMUNE,Population,count,2026,24249.0,A,2026-09-05T20:42:19.277290+00:00
be:mun:56001,56001,Anderlues,Anderlues,Anderlues,Wallonia,Hainaut,Arrondissement Thuin,LOCAL_UNITS_BY_COMMUNE,Local business units,count,2023-Q4,940.0,A,2026-09-05T19:00:05.127955+00:00
be:mun:56001,56001,Anderlues,Anderlues,Anderlues,Wallonia,Hainaut,Arrondissement Thuin,POPULATION_AGE_0_14,Population aged 0 to 14,count,2026,2184.0,A,2026-09-05T22:11:04.542942+00:00
be:mun:56001,56001,Anderlues,Anderlues,Anderlues,Wallonia,Hainaut,Arrondissement Thuin,POPULATION_AGE_15_64,Population aged 15 to 64,count,2026,8371.0,A,2026-09-05T22:11:04.542942+00:00
be:mun:56001,56001,Anderlues,Anderlues,Anderlues,Wallonia,Hainaut,Arrondissement Thuin,POPULATION_AGE_65_PLUS,Population aged 65 and over,count,2026,2552.0,A,2026-09-05T22:11:04.542942+00:00
be:mun:56001,56001,Anderlues,Anderlues,Anderlues,Wallonia,Hainaut,Arrondissement Thuin,POPULATION_BY_COMMUNE,Population,count,2026,13107.0,A,2026-09-05T20:42:19.277290+00:00
be:mun:56005,56005,Beaumont,Beaumont,Beaumont,Wallonia,Hainaut,Arrondissement Thuin,LOCAL_UNITS_BY_COMMUNE,Local business units,count,2023-Q4,818.0,A,2026-09-05T19:00:05.127955+00:00
be:mun:56005,56005,Beaumont,Beaumont,Beaumont,Wallonia,Hainaut,Arrondissement Thuin,POPULATION_AGE_0_14,Population aged 0 to 14,count,2026,994.0,A,2026-09-05T22:11:04.542942+00:00
be:mun:56005,56005,Beaumont,Beaumont,Beaumont,Wallonia,Hainaut,Arrondissement Thuin,POPULATION_AGE_15_64,Population aged 15 to 64,count,2026,4549.0,A,2026-09-05T22:11:04.542942+00:00
be:mun:56005,56005,Beaumont,Beaumont,Beaumont,Wallonia,Hainaut,Arrondissement Thuin,POPULATION_AGE_65_PLUS,Population aged 65 and over,count,2026,1561.0,A,2026-09-05T22:11:04.542942+00:00
be:mun:56005,56005,Beaumont,Beaumont,Beaumont,Wallonia,Hainaut,Arrondissement Thuin,POPULATION_BY_COMMUNE,Population,count,2026,7104.0,A,2026-09-05T20:42:19.277290+00:00
be:mun:56016,56016,Chimay,Chimay,Chimay,Wallonia,Hainaut,Arrondissement Thuin,LOCAL_UNITS_BY_COMMUNE,Local business units,count,2023-Q4,1309.0,A,2026-09-05T19:00:05.127955+00:00
be:mun:56016,56016,Chimay,Chimay,Chimay,Wallonia,Hainaut,Arrondissement Thuin,POPULATION_AGE_0_14,Population aged 0 to 14,count,2026,1417.0,A,2026-09-05T22:11:04.542942+00:00
be:mun:56016,56016,Chimay,Chimay,Chimay,Wallonia,Hainaut,Arrondissement Thuin,POPULATION_AGE_15_64,Population aged 15 to 64,count,2026,5817.0,A,2026-09-05T22:11:04.542942+00:00
be:mun:56016,56016,Chimay,Chimay,Chimay,Wallonia,Hainaut,Arrondissement Thuin,POPULATION_AGE_65_PLUS,Population aged 65 and over,count,2026,2372.0,A,2026-09-05T22:11:04.542942+00:00
be:mun:56016,56016,Chimay,Chimay,Chimay,Wallonia,Hainaut,Arrondissement Thuin,POPULATION_BY_COMMUNE,Population,count,2026,9606.0,A,2026-09-05T20:42:19.277290+00:00
be:mun:56022,56022,Erquelinnes,Erquelinnes,Erquelinnes,Wallonia,Hainaut,Arrondissement Thuin,LOCAL_UNITS_BY_COMMUNE,Local business units,count,2023-Q4,718.0,A,2026-09-05T19:00:05.127955+00:00
be:mun:56022,56022,Erquelinnes,Erquelinnes,Erquelinnes,Wallonia,Hainaut,Arrondissement Thuin,POPULATION_AGE_0_14,Population aged 0 to 14,count,2026,1549.0,A,2026-09-05T22:11:04.542942+00:00
be:mun:56022,56022,Erquelinnes,Erquelinnes,Erquelinnes,Wallonia,Hainaut,Arrondissement Thuin,POPULATION_AGE_15_64,Population aged 15 to 64,count,2026,6384.0,A,2026-09-05T22:11:04.542942+00:00
be:mun:56022,56022,Erquelinnes,Erquelinnes,Erquelinnes,Wallonia,Hainaut,Arrondissement Thuin,POPULATION_AGE_65_PLUS,Population aged 65 and over,count,2026,2008.0,A,2026-09-05T22:11:04.542942+00:00
be:mun:56022,56022,Erquelinnes,Erquelinnes,Erquelinnes,Wallonia,Hainaut,Arrondissement Thuin,POPULATION_BY_COMMUNE,Population,count,2026,9941.0,A,2026-09-05T20:42:19.277290+00:00
be:mun:56029,56029,Froidchapelle,Froidchapelle,Froidchapelle,Wallonia,Hainaut,Arrondissement Thuin,LOCAL_UNITS_BY_COMMUNE,Local business units,count,2023-Q4,440.0,A,2026-09-05T19:00:05.127955+00:00
be:mun:56029,56029,Froidchapelle,Froidchapelle,Froidchapelle,Wallonia,Hainaut,Arrondissement Thuin,POPULATION_AGE_0_14,Population aged 0 to 14,count,2026,565.0,A,2026-09-05T22:11:04.542942+00:00
be:mun:56029,56029,Froidchapelle,Froidchapelle,Froidchapelle,Wallonia,Hainaut,Arrondissement Thuin,POPULATION_AGE_15_64,Population aged 15 to 64,count,2026,2518.0,A,2026-09-05T22:11:04.542942+00:00
be:mun:56029,56029,Froidchapelle,Froidchapelle,Froidchapelle,Wallonia,Hainaut,Arrondissement Thuin,POPULATION_AGE_65_PLUS,Population aged 65 and over,count,2026,916.0,A,2026-09-05T22:11:04.542942+00:00
be:mun:56029,56029,Froidchapelle,Froidchapelle,Froidchapelle,Wallonia,Hainaut,Arrondissement Thuin,POPULATION_BY_COMMUNE,Population,count,2026,3999.0,A,2026-09-05T20:42:19.277290+00:00
be:mun:56044,56044,Lobbes,Lobbes,Lobbes,Wallonia,Hainaut,Arrondissement Thuin,LOCAL_UNITS_BY_COMMUNE,Local business units,count,2023-Q4,514.0,A,2026-09-05T19:00:05.127955+00:00
be:mun:56044,56044,Lobbes,Lobbes,Lobbes,Wallonia,Hainaut,Arrondissement Thuin,POPULATION_AGE_0_14,Population aged 0 to 14,count,2026,815.0,A,2026-09-05T22:11:04.542942+00:00
be:mun:56044,56044,Lobbes,Lobbes,Lobbes,Wallonia,Hainaut,Arrondissement Thuin,POPULATION_AGE_15_64,Population aged 15 to 64,count,2026,3801.0,A,2026-09-05T22:11:04.542942+00:00
be:mun:56044,56044,Lobbes,Lobbes,Lobbes,Wallonia,Hainaut,Arrondissement Thuin,POPULATION_AGE_65_PLUS,Population aged 65 and over,count,2026,1334.0,A,2026-09-05T22:11:04.542942+00:00
be:mun:56044,56044,Lobbes,Lobbes,Lobbes,Wallonia,Hainaut,Arrondissement Thuin,POPULATION_BY_COMMUNE,Population,count,2026,5950.0,A,2026-09-05T20:42:19.277290+00:00
be:mun:56049,56049,Merbes-le-Château,Merbes-le-Château,Merbes-le-Château,Wallonia,Hainaut,Arrondissement Thuin,LOCAL_UNITS_BY_COMMUNE,Local business units,count,2023-Q4,358.0,A,2026-09-05T19:00:05.127955+00:00
be:mun:56049,56049,Merbes-le-Château,Merbes-le-Château,Merbes-le-Château,Wallonia,Hainaut,Arrondissement Thuin,POPULATION_AGE_0_14,Population aged 0 to 14,count,2026,677.0,A,2026-09-05T22:11:04.542942+00:00
be:mun:56049,56049,Merbes-le-Château,Merbes-le-Château,Merbes-le-Château,Wallonia,Hainaut,Arrondissement Thuin,POPULATION_AGE_15_64,Population aged 15 to 64,count,2026,2710.0,A,2026-09-05T22:11:04.542942+00:00
be:mun:56049,56049,Merbes-le-Château,Merbes-le-Château,Merbes-le-Château,Wallonia,Hainaut,Arrondissement Thuin,POPULATION_AGE_65_PLUS,Population aged 65 and over,count,2026,806.0,A,2026-09-05T22:11:04.542942+00:00
be:mun:56049,56049,Merbes-le-Château,Merbes-le-Château,Merbes-le-Château,Wallonia,Hainaut,Arrondissement Thuin,POPULATION_BY_COMMUNE,Population,count,2026,4193.0,A,2026-09-05T20:42:19.277290+00:00
be:mun:56051,56051,Momignies,Momignies,Momignies,Wallonia,Hainaut,Arrondissement Thuin,LOCAL_UNITS_BY_COMMUNE,Local business units,count,2023-Q4,492.0,A,2026-09-05T19:00:05.127955+00:00
be:mun:56051,56051,Momignies,Momignies,Momignies,Wallonia,Hainaut,Arrondissement Thuin,POPULATION_AGE_0_14,Population aged 0 to 14,count,2026,866.0,A,2026-09-05T22:11:04.542942+00:00
be:mun:56051,56051,Momignies,Momignies,Momignies,Wallonia,Hainaut,Arrondissement Thuin,POPULATION_AGE_15_64,Population aged 15 to 64,count,2026,3238.0,A,2026-09-05T22:11:04.542942+00:00
be:mun:56051,56051,Momignies,Momignies,Momignies,Wallonia,Hainaut,Arrondissement Thuin,POPULATION_AGE_65_PLUS,Population aged 65 and over,count,2026,1110.0,A,2026-09-05T22:11:04.542942+00:00
be:mun:56051,56051,Momignies,Momignies,Momignies,Wallonia,Hainaut,Arrondissement Thuin,POPULATION_BY_COMMUNE,Population,count,2026,5214.0,A,2026-09-05T20:42:19.277290+00:00
be:mun:56078,56078,Thuin,Thuin,Thuin,Wallonia,Hainaut,Arrondissement Thuin,LOCAL_UNITS_BY_COMMUNE,Local business units,count,2023-Q4,1566.0,A,2026-09-05T19:00:05.127955+00:00
be:mun:56078,56078,Thuin,Thuin,Thuin,Wallonia,Hainaut,Arrondissement Thuin,POPULATION_AGE_0_14,Population aged 0 to 14,count,2026,2061.0,A,2026-09-05T22:11:04.542942+00:00
be:mun:56078,56078,Thuin,Thuin,Thuin,Wallonia,Hainaut,Arrondissement Thuin,POPULATION_AGE_15_64,Population aged 15 to 64,count,2026,9061.0,A,2026-09-05T22:11:04.542942+00:00
be:mun:56078,56078,Thuin,Thuin,Thuin,Wallonia,Hainaut,Arrondissement Thuin,POPULATION_AGE_65_PLUS,Population aged 65 and over,count,2026,3794.0,A,2026-09-05T22:11:04.542942+00:00
be:mun:56078,56078,Thuin,Thuin,Thuin,Wallonia,Hainaut,Arrondissement Thuin,POPULATION_BY_COMMUNE,Population,count,2026,14916.0,A,2026-09-05T20:42:19.277290+00:00
be:mun:56086,56086,Ham-sur-Heure-Nalinnes,Ham-sur-Heure-Nalinnes,Ham-sur-Heure-Nalinnes,Wallonia,Hainaut,Arrondissement Thuin,LOCAL_UNITS_BY_COMMUNE,Local business units,count,2023-Q4,1633.0,A,2026-09-05T19:00:05.127955+00:00
be:mun:56086,56086,Ham-sur-Heure-Nalinnes,Ham-sur-Heure-Nalinnes,Ham-sur-Heure-Nalinnes,Wallonia,Hainaut,Arrondissement Thuin,POPULATION_AGE_0_14,Population aged 0 to 14,count,2026,1945.0,A,2026-09-05T22:11:04.542942+00:00
be:mun:56086,56086,Ham-sur-Heure-Nalinnes,Ham-sur-Heure-Nalinnes,Ham-sur-Heure-Nalinnes,Wallonia,Hainaut,Arrondissement Thuin,POPULATION_AGE_15_64,Population aged 15 to 64,count,2026,8364.0,A,2026-09-05T22:11:04.542942+00:00
be:mun:56086,56086,Ham-sur-Heure-Nalinnes,Ham-sur-Heure-Nalinnes,Ham-sur-Heure-Nalinnes,Wallonia,Hainaut,Arrondissement Thuin,POPULATION_AGE_65_PLUS,Population aged 65 and over,count,2026,3547.0,A,2026-09-05T22:11:04.542942+00:00
be:mun:56086,56086,Ham-sur-Heure-Nalinnes,Ham-sur-Heure-Nalinnes,Ham-sur-Heure-Nalinnes,Wallonia,Hainaut,Arrondissement Thuin,POPULATION_BY_COMMUNE,Population,count,2026,13856.0,A,2026-09-05T20:42:19.277290+00:00
be:mun:56088,56088,Sivry-Rance,Sivry-Rance,Sivry-Rance,Wallonia,Hainaut,Arrondissement Thuin,LOCAL_UNITS_BY_COMMUNE,Local business units,count,2023-Q4,532.0,A,2026-09-05T19:00:05.127955+00:00
be:mun:56088,56088,Sivry-Rance,Sivry-Rance,Sivry-Rance,Wallonia,Hainaut,Arrondissement Thuin,POPULATION_AGE_0_14,Population aged 0 to 14,count,2026,766.0,A,2026-09-05T22:11:04.542942+00:00
be:mun:56088,56088,Sivry-Rance,Sivry-Rance,Sivry-Rance,Wallonia,Hainaut,Arrondissement Thuin,POPULATION_AGE_15_64,Population aged 15 to 64,count,2026,2968.0,A,2026-09-05T22:11:04.542942+00:00
be:mun:56088,56088,Sivry-Rance,Sivry-Rance,Sivry-Rance,Wallonia,Hainaut,Arrondissement Thuin,POPULATION_AGE_65_PLUS,Population aged 65 and over,count,2026,1094.0,A,2026-09-05T22:11:04.542942+00:00
be:mun:56088,56088,Sivry-Rance,Sivry-Rance,Sivry-Rance,Wallonia,Hainaut,Arrondissement Thuin,POPULATION_BY_COMMUNE,Population,count,2026,4828.0,A,2026-09-05T20:42:19.277290+00:00
be:mun:57003,57003,Antoing,Antoing,Antoing,Wallonia,Hainaut,Arrondissement Doornik-Moeskroen,LOCAL_UNITS_BY_COMMUNE,Local business units,count,2023-Q4,562.0,A,2026-09-05T19:00:05.127955+00:00
be:mun:57003,57003,Antoing,Antoing,Antoing,Wallonia,Hainaut,Arrondissement Doornik-Moeskroen,POPULATION_AGE_0_14,Population aged 0 to 14,count,2026,1185.0,A,2026-09-05T22:11:04.542942+00:00
be:mun:57003,57003,Antoing,Antoing,Antoing,Wallonia,Hainaut,Arrondissement Doornik-Moeskroen,POPULATION_AGE_15_64,Population aged 15 to 64,count,2026,4877.0,A,2026-09-05T22:11:04.542942+00:00
be:mun:57003,57003,Antoing,Antoing,Antoing,Wallonia,Hainaut,Arrondissement Doornik-Moeskroen,POPULATION_AGE_65_PLUS,Population aged 65 and over,count,2026,1540.0,A,2026-09-05T22:11:04.542942+00:00
be:mun:57003,57003,Antoing,Antoing,Antoing,Wallonia,Hainaut,Arrondissement Doornik-Moeskroen,POPULATION_BY_COMMUNE,Population,count,2026,7602.0,A,2026-09-05T20:42:19.277290+00:00
be:mun:57018,57018,Celles,Celles,Celles,Wallonia,Hainaut,Arrondissement Doornik-Moeskroen,LOCAL_UNITS_BY_COMMUNE,Local business units,count,2023-Q4,718.0,A,2026-09-05T19:00:05.127955+00:00
be:mun:57018,57018,Celles,Celles,Celles,Wallonia,Hainaut,Arrondissement Doornik-Moeskroen,POPULATION_AGE_0_14,Population aged 0 to 14,count,2026,862.0,A,2026-09-05T22:11:04.542942+00:00
be:mun:57018,57018,Celles,Celles,Celles,Wallonia,Hainaut,Arrondissement Doornik-Moeskroen,POPULATION_AGE_15_64,Population aged 15 to 64,count,2026,3642.0,A,2026-09-05T22:11:04.542942+00:00
be:mun:57018,57018,Celles,Celles,Celles,Wallonia,Hainaut,Arrondissement Doornik-Moeskroen,POPULATION_AGE_65_PLUS,Population aged 65 and over,count,2026,1228.0,A,2026-09-05T22:11:04.542942+00:00
be:mun:57018,57018,Celles,Celles,Celles,Wallonia,Hainaut,Arrondissement Doornik-Moeskroen,POPULATION_BY_COMMUNE,Population,count,2026,5732.0,A,2026-09-05T20:42:19.277290+00:00
be:mun:57027,57027,Estaimpuis,Estaimpuis,Estaimpuis,Wallonia,Hainaut,Arrondissement Doornik-Moeskroen,LOCAL_UNITS_BY_COMMUNE,Local business units,count,2023-Q4,853.0,A,2026-09-05T19:00:05.127955+00:00
be:mun:57027,57027,Estaimpuis,Estaimpuis,Estaimpuis,Wallonia,Hainaut,Arrondissement Doornik-Moeskroen,POPULATION_AGE_0_14,Population aged 0 to 14,count,2026,1904.0,A,2026-09-05T22:11:04.542942+00:00
be:mun:57027,57027,Estaimpuis,Estaimpuis,Estaimpuis,Wallonia,Hainaut,Arrondissement Doornik-Moeskroen,POPULATION_AGE_15_64,Population aged 15 to 64,count,2026,6984.0,A,2026-09-05T22:11:04.542942+00:00
be:mun:57027,57027,Estaimpuis,Estaimpuis,Estaimpuis,Wallonia,Hainaut,Arrondissement Doornik-Moeskroen,POPULATION_AGE_65_PLUS,Population aged 65 and over,count,2026,2027.0,A,2026-09-05T22:11:04.542942+00:00
be:mun:57027,57027,Estaimpuis,Estaimpuis,Estaimpuis,Wallonia,Hainaut,Arrondissement Doornik-Moeskroen,POPULATION_BY_COMMUNE,Population,count,2026,10915.0,A,2026-09-05T20:42:19.277290+00:00
be:mun:57062,57062,Pecq,Pecq,Pecq,Wallonia,Hainaut,Arrondissement Doornik-Moeskroen,LOCAL_UNITS_BY_COMMUNE,Local business units,count,2023-Q4,649.0,A,2026-09-05T19:00:05.127955+00:00
be:mun:57062,57062,Pecq,Pecq,Pecq,Wallonia,Hainaut,Arrondissement Doornik-Moeskroen,POPULATION_AGE_0_14,Population aged 0 to 14,count,2026,940.0,A,2026-09-05T22:11:04.542942+00:00
be:mun:57062,57062,Pecq,Pecq,Pecq,Wallonia,Hainaut,Arrondissement Doornik-Moeskroen,POPULATION_AGE_15_64,Population aged 15 to 64,count,2026,3832.0,A,2026-09-05T22:11:04.542942+00:00
be:mun:57062,57062,Pecq,Pecq,Pecq,Wallonia,Hainaut,Arrondissement Doornik-Moeskroen,POPULATION_AGE_65_PLUS,Population aged 65 and over,count,2026,1195.0,A,2026-09-05T22:11:04.542942+00:00
be:mun:57062,57062,Pecq,Pecq,Pecq,Wallonia,Hainaut,Arrondissement Doornik-Moeskroen,POPULATION_BY_COMMUNE,Population,count,2026,5967.0,A,2026-09-05T20:42:19.277290+00:00
be:mun:57064,57064,Péruwelz,Péruwelz,Péruwelz,Wallonia,Hainaut,Arrondissement Doornik-Moeskroen,LOCAL_UNITS_BY_COMMUNE,Local business units,count,2023-Q4,1548.0,A,2026-09-05T19:00:05.127955+00:00
be:mun:57064,57064,Péruwelz,Péruwelz,Péruwelz,Wallonia,Hainaut,Arrondissement Doornik-Moeskroen,POPULATION_AGE_0_14,Population aged 0 to 14,count,2026,2708.0,A,2026-09-05T22:11:04.542942+00:00
be:mun:57064,57064,Péruwelz,Péruwelz,Péruwelz,Wallonia,Hainaut,Arrondissement Doornik-Moeskroen,POPULATION_AGE_15_64,Population aged 15 to 64,count,2026,11095.0,A,2026-09-05T22:11:04.542942+00:00
be:mun:57064,57064,Péruwelz,Péruwelz,Péruwelz,Wallonia,Hainaut,Arrondissement Doornik-Moeskroen,POPULATION_AGE_65_PLUS,Population aged 65 and over,count,2026,3547.0,A,2026-09-05T22:11:04.542942+00:00
be:mun:57064,57064,Péruwelz,Péruwelz,Péruwelz,Wallonia,Hainaut,Arrondissement Doornik-Moeskroen,POPULATION_BY_COMMUNE,Population,count,2026,17350.0,A,2026-09-05T20:42:19.277290+00:00
be:mun:57072,57072,Rumes,Rumes,Rumes,Wallonia,Hainaut,Arrondissement Doornik-Moeskroen,LOCAL_UNITS_BY_COMMUNE,Local business units,count,2023-Q4,399.0,A,2026-09-05T19:00:05.127955+00:00
be:mun:57072,57072,Rumes,Rumes,Rumes,Wallonia,Hainaut,Arrondissement Doornik-Moeskroen,POPULATION_AGE_0_14,Population aged 0 to 14,count,2026,823.0,A,2026-09-05T22:11:04.542942+00:00
be:mun:57072,57072,Rumes,Rumes,Rumes,Wallonia,Hainaut,Arrondissement Doornik-Moeskroen,POPULATION_AGE_15_64,Population aged 15 to 64,count,2026,3365.0,A,2026-09-05T22:11:04.542942+00:00
be:mun:57072,57072,Rumes,Rumes,Rumes,Wallonia,Hainaut,Arrondissement Doornik-Moeskroen,POPULATION_AGE_65_PLUS,Population aged 65 and over,count,2026,1163.0,A,2026-09-05T22:11:04.542942+00:00
be:mun:57072,57072,Rumes,Rumes,Rumes,Wallonia,Hainaut,Arrondissement Doornik-Moeskroen,POPULATION_BY_COMMUNE,Population,count,2026,5351.0,A,2026-09-05T20:42:19.277290+00:00
be:mun:57081,57081,Tournai,Tournai,Doornik,Wallonia,Hainaut,Arrondissement Doornik-Moeskroen,LOCAL_UNITS_BY_COMMUNE,Local business units,count,2023-Q4,8292.0,A,2026-09-05T19:00:05.127955+00:00
be:mun:57081,57081,Tournai,Tournai,Doornik,Wallonia,Hainaut,Arrondissement Doornik-Moeskroen,POPULATION_AGE_0_14,Population aged 0 to 14,count,2026,9328.0,A,2026-09-05T22:11:04.542942+00:00
be:mun:57081,57081,Tournai,Tournai,Doornik,Wallonia,Hainaut,Arrondissement Doornik-Moeskroen,POPULATION_AGE_15_64,Population aged 15 to 64,count,2026,43970.0,A,2026-09-05T22:11:04.542942+00:00
be:mun:57081,57081,Tournai,Tournai,Doornik,Wallonia,Hainaut,Arrondissement Doornik-Moeskroen,POPULATION_AGE_65_PLUS,Population aged 65 and over,count,2026,15768.0,A,2026-09-05T22:11:04.542942+00:00
be:mun:57081,57081,Tournai,Tournai,Doornik,Wallonia,Hainaut,Arrondissement Doornik-Moeskroen,POPULATION_BY_COMMUNE,Population,count,2026,69066.0,A,2026-09-05T20:42:19.277290+00:00
be:mun:57093,57093,Brunehaut,Brunehaut,Brunehaut,Wallonia,Hainaut,Arrondissement Doornik-Moeskroen,LOCAL_UNITS_BY_COMMUNE,Local business units,count,2023-Q4,714.0,A,2026-09-05T19:00:05.127955+00:00
be:mun:57093,57093,Brunehaut,Brunehaut,Brunehaut,Wallonia,Hainaut,Arrondissement Doornik-Moeskroen,POPULATION_AGE_0_14,Population aged 0 to 14,count,2026,1322.0,A,2026-09-05T22:11:04.542942+00:00
be:mun:57093,57093,Brunehaut,Brunehaut,Brunehaut,Wallonia,Hainaut,Arrondissement Doornik-Moeskroen,POPULATION_AGE_15_64,Population aged 15 to 64,count,2026,5207.0,A,2026-09-05T22:11:04.542942+00:00
be:mun:57093,57093,Brunehaut,Brunehaut,Brunehaut,Wallonia,Hainaut,Arrondissement Doornik-Moeskroen,POPULATION_AGE_65_PLUS,Population aged 65 and over,count,2026,1565.0,A,2026-09-05T22:11:04.542942+00:00
be:mun:57093,57093,Brunehaut,Brunehaut,Brunehaut,Wallonia,Hainaut,Arrondissement Doornik-Moeskroen,POPULATION_BY_COMMUNE,Population,count,2026,8094.0,A,2026-09-05T20:42:19.277290+00:00
be:mun:57094,57094,Leuze-en-Hainaut,Leuze-en-Hainaut,Leuze-en-Hainaut,Wallonia,Hainaut,Arrondissement Doornik-Moeskroen,LOCAL_UNITS_BY_COMMUNE,Local business units,count,2023-Q4,1392.0,A,2026-09-05T19:00:05.127955+00:00
be:mun:57094,57094,Leuze-en-Hainaut,Leuze-en-Hainaut,Leuze-en-Hainaut,Wallonia,Hainaut,Arrondissement Doornik-Moeskroen,POPULATION_AGE_0_14,Population aged 0 to 14,count,2026,2198.0,A,2026-09-05T22:11:04.542942+00:00
be:mun:57094,57094,Leuze-en-Hainaut,Leuze-en-Hainaut,Leuze-en-Hainaut,Wallonia,Hainaut,Arrondissement Doornik-Moeskroen,POPULATION_AGE_15_64,Population aged 15 to 64,count,2026,9032.0,A,2026-09-05T22:11:04.542942+00:00
be:mun:57094,57094,Leuze-en-Hainaut,Leuze-en-Hainaut,Leuze-en-Hainaut,Wallonia,Hainaut,Arrondissement Doornik-Moeskroen,POPULATION_AGE_65_PLUS,Population aged 65 and over,count,2026,2987.0,A,2026-09-05T22:11:04.542942+00:00
be:mun:57094,57094,Leuze-en-Hainaut,Leuze-en-Hainaut,Leuze-en-Hainaut,Wallonia,Hainaut,Arrondissement Doornik-Moeskroen,POPULATION_BY_COMMUNE,Population,count,2026,14217.0,A,2026-09-05T20:42:19.277290+00:00
be:mun:57095,57095,Mont-de-l’Enclus,Mont-de-l’Enclus,Mont-de-l’Enclus,Wallonia,Hainaut,Arrondissement Doornik-Moeskroen,LOCAL_UNITS_BY_COMMUNE,Local business units,count,2023-Q4,462.0,A,2026-09-05T19:00:05.127955+00:00
be:mun:57095,57095,Mont-de-l’Enclus,Mont-de-l’Enclus,Mont-de-l’Enclus,Wallonia,Hainaut,Arrondissement Doornik-Moeskroen,POPULATION_AGE_0_14,Population aged 0 to 14,count,2026,611.0,A,2026-09-05T22:11:04.542942+00:00
be:mun:57095,57095,Mont-de-l’Enclus,Mont-de-l’Enclus,Mont-de-l’Enclus,Wallonia,Hainaut,Arrondissement Doornik-Moeskroen,POPULATION_AGE_15_64,Population aged 15 to 64,count,2026,2498.0,A,2026-09-05T22:11:04.542942+00:00
be:mun:57095,57095,Mont-de-l’Enclus,Mont-de-l’Enclus,Mont-de-l’Enclus,Wallonia,Hainaut,Arrondissement Doornik-Moeskroen,POPULATION_AGE_65_PLUS,Population aged 65 and over,count,2026,730.0,A,2026-09-05T22:11:04.542942+00:00
be:mun:57095,57095,Mont-de-l’Enclus,Mont-de-l’Enclus,Mont-de-l’Enclus,Wallonia,Hainaut,Arrondissement Doornik-Moeskroen,POPULATION_BY_COMMUNE,Population,count,2026,3839.0,A,2026-09-05T20:42:19.277290+00:00
be:mun:57096,57096,Mouscron,Mouscron,Moeskroen,Wallonia,Hainaut,Arrondissement Doornik-Moeskroen,LOCAL_UNITS_BY_COMMUNE,Local business units,count,2023-Q4,4983.0,A,2026-09-05T19:00:05.127955+00:00
be:mun:57096,57096,Mouscron,Mouscron,Moeskroen,Wallonia,Hainaut,Arrondissement Doornik-Moeskroen,POPULATION_AGE_0_14,Population aged 0 to 14,count,2026,10642.0,A,2026-09-05T22:11:04.542942+00:00
be:mun:57096,57096,Mouscron,Mouscron,Moeskroen,Wallonia,Hainaut,Arrondissement Doornik-Moeskroen,POPULATION_AGE_15_64,Population aged 15 to 64,count,2026,37802.0,A,2026-09-05T22:11:04.542942+00:00
be:mun:57096,57096,Mouscron,Mouscron,Moeskroen,Wallonia,Hainaut,Arrondissement Doornik-Moeskroen,POPULATION_AGE_65_PLUS,Population aged 65 and over,count,2026,11966.0,A,2026-09-05T22:11:04.542942+00:00
be:mun:57096,57096,Mouscron,Mouscron,Moeskroen,Wallonia,Hainaut,Arrondissement Doornik-Moeskroen,POPULATION_BY_COMMUNE,Population,count,2026,60410.0,A,2026-09-05T20:42:19.277290+00:00
be:mun:57097,57097,Comines-Warneton,Comines-Warneton,Komen-Waasten,Wallonia,Hainaut,Arrondissement Doornik-Moeskroen,LOCAL_UNITS_BY_COMMUNE,Local business units,count,2023-Q4,1438.0,A,2026-09-05T19:00:05.127955+00:00
be:mun:57097,57097,Comines-Warneton,Comines-Warneton,Komen-Waasten,Wallonia,Hainaut,Arrondissement Doornik-Moeskroen,POPULATION_AGE_0_14,Population aged 0 to 14,count,2026,3033.0,A,2026-09-05T22:11:04.542942+00:00
be:mun:57097,57097,Comines-Warneton,Comines-Warneton,Komen-Waasten,Wallonia,Hainaut,Arrondissement Doornik-Moeskroen,POPULATION_AGE_15_64,Population aged 15 to 64,count,2026,11244.0,A,2026-09-05T22:11:04.542942+00:00
be:mun:57097,57097,Comines-Warneton,Comines-Warneton,Komen-Waasten,Wallonia,Hainaut,Arrondissement Doornik-Moeskroen,POPULATION_AGE_65_PLUS,Population aged 65 and over,count,2026,4009.0,A,2026-09-05T22:11:04.542942+00:00
be:mun:57097,57097,Comines-Warneton,Comines-Warneton,Komen-Waasten,Wallonia,Hainaut,Arrondissement Doornik-Moeskroen,POPULATION_BY_COMMUNE,Population,count,2026,18286.0,A,2026-09-05T20:42:19.277290+00:00
be:mun:58001,58001,La Louvière,La Louvière,La Louvière,Wallonia,Hainaut,Arrondissement La Louvière,LOCAL_UNITS_BY_COMMUNE,Local business units,count,2023-Q4,5712.0,A,2026-09-05T19:00:05.127955+00:00
be:mun:58001,58001,La Louvière,La Louvière,La Louvière,Wallonia,Hainaut,Arrondissement La Louvière,POPULATION_AGE_0_14,Population aged 0 to 14,count,2026,13443.0,A,2026-09-05T22:11:04.542942+00:00
be:mun:58001,58001,La Louvière,La Louvière,La Louvière,Wallonia,Hainaut,Arrondissement La Louvière,POPULATION_AGE_15_64,Population aged 15 to 64,count,2026,51809.0,A,2026-09-05T22:11:04.542942+00:00
be:mun:58001,58001,La Louvière,La Louvière,La Louvière,Wallonia,Hainaut,Arrondissement La Louvière,POPULATION_AGE_65_PLUS,Population aged 65 and over,count,2026,16499.0,A,2026-09-05T22:11:04.542942+00:00
be:mun:58001,58001,La Louvière,La Louvière,La Louvière,Wallonia,Hainaut,Arrondissement La Louvière,POPULATION_BY_COMMUNE,Population,count,2026,81751.0,A,2026-09-05T20:42:19.277290+00:00
be:mun:58002,58002,Binche,Binche,Binche,Wallonia,Hainaut,Arrondissement La Louvière,LOCAL_UNITS_BY_COMMUNE,Local business units,count,2023-Q4,2731.0,A,2026-09-05T19:00:05.127955+00:00
be:mun:58002,58002,Binche,Binche,Binche,Wallonia,Hainaut,Arrondissement La Louvière,POPULATION_AGE_0_14,Population aged 0 to 14,count,2026,5087.0,A,2026-09-05T22:11:04.542942+00:00
be:mun:58002,58002,Binche,Binche,Binche,Wallonia,Hainaut,Arrondissement La Louvière,POPULATION_AGE_15_64,Population aged 15 to 64,count,2026,21344.0,A,2026-09-05T22:11:04.542942+00:00
be:mun:58002,58002,Binche,Binche,Binche,Wallonia,Hainaut,Arrondissement La Louvière,POPULATION_AGE_65_PLUS,Population aged 65 and over,count,2026,7410.0,A,2026-09-05T22:11:04.542942+00:00
be:mun:58002,58002,Binche,Binche,Binche,Wallonia,Hainaut,Arrondissement La Louvière,POPULATION_BY_COMMUNE,Population,count,2026,33841.0,A,2026-09-05T20:42:19.277290+00:00
be:mun:58003,58003,Estinnes,Estinnes,Estinnes,Wallonia,Hainaut,Arrondissement La Louvière,LOCAL_UNITS_BY_COMMUNE,Local business units,count,2023-Q4,756.0,A,2026-09-05T19:00:05.127955+00:00
be:mun:58003,58003,Estinnes,Estinnes,Estinnes,Wallonia,Hainaut,Arrondissement La Louvière,POPULATION_AGE_0_14,Population aged 0 to 14,count,2026,1215.0,A,2026-09-05T22:11:04.542942+00:00
be:mun:58003,58003,Estinnes,Estinnes,Estinnes,Wallonia,Hainaut,Arrondissement La Louvière,POPULATION_AGE_15_64,Population aged 15 to 64,count,2026,5091.0,A,2026-09-05T22:11:04.542942+00:00
be:mun:58003,58003,Estinnes,Estinnes,Estinnes,Wallonia,Hainaut,Arrondissement La Louvière,POPULATION_AGE_65_PLUS,Population aged 65 and over,count,2026,1597.0,A,2026-09-05T22:11:04.542942+00:00
be:mun:58003,58003,Estinnes,Estinnes,Estinnes,Wallonia,Hainaut,Arrondissement La Louvière,POPULATION_BY_COMMUNE,Population,count,2026,7903.0,A,2026-09-05T20:42:19.277290+00:00
be:mun:58004,58004,Morlanwelz,Morlanwelz,Morlanwelz,Wallonia,Hainaut,Arrondissement La Louvière,LOCAL_UNITS_BY_COMMUNE,Local business units,count,2023-Q4,1204.0,A,2026-09-05T19:00:05.127955+00:00
be:mun:58004,58004,Morlanwelz,Morlanwelz,Morlanwelz,Wallonia,Hainaut,Arrondissement La Louvière,POPULATION_AGE_0_14,Population aged 0 to 14,count,2026,2871.0,A,2026-09-05T22:11:04.542942+00:00
be:mun:58004,58004,Morlanwelz,Morlanwelz,Morlanwelz,Wallonia,Hainaut,Arrondissement La Louvière,POPULATION_AGE_15_64,Population aged 15 to 64,count,2026,12055.0,A,2026-09-05T22:11:04.542942+00:00
be:mun:58004,58004,Morlanwelz,Morlanwelz,Morlanwelz,Wallonia,Hainaut,Arrondissement La Louvière,POPULATION_AGE_65_PLUS,Population aged 65 and over,count,2026,4217.0,A,2026-09-05T22:11:04.542942+00:00
be:mun:58004,58004,Morlanwelz,Morlanwelz,Morlanwelz,Wallonia,Hainaut,Arrondissement La Louvière,POPULATION_BY_COMMUNE,Population,count,2026,19143.0,A,2026-09-05T20:42:19.277290+00:00
be:mun:61003,61003,Amay,Amay,Amay,Wallonia,Liège,Arrondissement Hoei,LOCAL_UNITS_BY_COMMUNE,Local business units,count,2023-Q4,928.0,A,2026-09-05T19:00:05.127955+00:00
be:mun:61003,61003,Amay,Amay,Amay,Wallonia,Liège,Arrondissement Hoei,POPULATION_AGE_0_14,Population aged 0 to 14,count,2026,2357.0,A,2026-09-05T22:11:04.542942+00:00
be:mun:61003,61003,Amay,Amay,Amay,Wallonia,Liège,Arrondissement Hoei,POPULATION_AGE_15_64,Population aged 15 to 64,count,2026,9268.0,A,2026-09-05T22:11:04.542942+00:00
be:mun:61003,61003,Amay,Amay,Amay,Wallonia,Liège,Arrondissement Hoei,POPULATION_AGE_65_PLUS,Population aged 65 and over,count,2026,2863.0,A,2026-09-05T22:11:04.542942+00:00
be:mun:61003,61003,Amay,Amay,Amay,Wallonia,Liège,Arrondissement Hoei,POPULATION_BY_COMMUNE,Population,count,2026,14488.0,A,2026-09-05T20:42:19.277290+00:00
be:mun:61010,61010,Burdinne,Burdinne,Burdinne,Wallonia,Liège,Arrondissement Hoei,LOCAL_UNITS_BY_COMMUNE,Local business units,count,2023-Q4,417.0,A,2026-09-05T19:00:05.127955+00:00
be:mun:61010,61010,Burdinne,Burdinne,Burdinne,Wallonia,Liège,Arrondissement Hoei,POPULATION_AGE_0_14,Population aged 0 to 14,count,2026,569.0,A,2026-09-05T22:11:04.542942+00:00
be:mun:61010,61010,Burdinne,Burdinne,Burdinne,Wallonia,Liège,Arrondissement Hoei,POPULATION_AGE_15_64,Population aged 15 to 64,count,2026,2199.0,A,2026-09-05T22:11:04.542942+00:00
be:mun:61010,61010,Burdinne,Burdinne,Burdinne,Wallonia,Liège,Arrondissement Hoei,POPULATION_AGE_65_PLUS,Population aged 65 and over,count,2026,532.0,A,2026-09-05T22:11:04.542942+00:00
be:mun:61010,61010,Burdinne,Burdinne,Burdinne,Wallonia,Liège,Arrondissement Hoei,POPULATION_BY_COMMUNE,Population,count,2026,3300.0,A,2026-09-05T20:42:19.277290+00:00
be:mun:61012,61012,Clavier,Clavier,Clavier,Wallonia,Liège,Arrondissement Hoei,LOCAL_UNITS_BY_COMMUNE,Local business units,count,2023-Q4,587.0,A,2026-09-05T19:00:05.127955+00:00
be:mun:61012,61012,Clavier,Clavier,Clavier,Wallonia,Liège,Arrondissement Hoei,POPULATION_AGE_0_14,Population aged 0 to 14,count,2026,867.0,A,2026-09-05T22:11:04.542942+00:00
be:mun:61012,61012,Clavier,Clavier,Clavier,Wallonia,Liège,Arrondissement Hoei,POPULATION_AGE_15_64,Population aged 15 to 64,count,2026,3236.0,A,2026-09-05T22:11:04.542942+00:00
be:mun:61012,61012,Clavier,Clavier,Clavier,Wallonia,Liège,Arrondissement Hoei,POPULATION_AGE_65_PLUS,Population aged 65 and over,count,2026,924.0,A,2026-09-05T22:11:04.542942+00:00
be:mun:61012,61012,Clavier,Clavier,Clavier,Wallonia,Liège,Arrondissement Hoei,POPULATION_BY_COMMUNE,Population,count,2026,5027.0,A,2026-09-05T20:42:19.277290+00:00
be:mun:61019,61019,Ferrières,Ferrières,Ferrières,Wallonia,Liège,Arrondissement Hoei,LOCAL_UNITS_BY_COMMUNE,Local business units,count,2023-Q4,710.0,A,2026-09-05T19:00:05.127955+00:00
be:mun:61019,61019,Ferrières,Ferrières,Ferrières,Wallonia,Liège,Arrondissement Hoei,POPULATION_AGE_0_14,Population aged 0 to 14,count,2026,840.0,A,2026-09-05T22:11:04.542942+00:00
be:mun:61019,61019,Ferrières,Ferrières,Ferrières,Wallonia,Liège,Arrondissement Hoei,POPULATION_AGE_15_64,Population aged 15 to 64,count,2026,3252.0,A,2026-09-05T22:11:04.542942+00:00
be:mun:61019,61019,Ferrières,Ferrières,Ferrières,Wallonia,Liège,Arrondissement Hoei,POPULATION_AGE_65_PLUS,Population aged 65 and over,count,2026,1122.0,A,2026-09-05T22:11:04.542942+00:00
be:mun:61019,61019,Ferrières,Ferrières,Ferrières,Wallonia,Liège,Arrondissement Hoei,POPULATION_BY_COMMUNE,Population,count,2026,5214.0,A,2026-09-05T20:42:19.277290+00:00
be:mun:61024,61024,Hamoir,Hamoir,Hamoir,Wallonia,Liège,Arrondissement Hoei,LOCAL_UNITS_BY_COMMUNE,Local business units,count,2023-Q4,403.0,A,2026-09-05T19:00:05.127955+00:00
be:mun:61024,61024,Hamoir,Hamoir,Hamoir,Wallonia,Liège,Arrondissement Hoei,POPULATION_AGE_0_14,Population aged 0 to 14,count,2026,525.0,A,2026-09-05T22:11:04.542942+00:00
be:mun:61024,61024,Hamoir,Hamoir,Hamoir,Wallonia,Liège,Arrondissement Hoei,POPULATION_AGE_15_64,Population aged 15 to 64,count,2026,2405.0,A,2026-09-05T22:11:04.542942+00:00
be:mun:61024,61024,Hamoir,Hamoir,Hamoir,Wallonia,Liège,Arrondissement Hoei,POPULATION_AGE_65_PLUS,Population aged 65 and over,count,2026,848.0,A,2026-09-05T22:11:04.542942+00:00
be:mun:61024,61024,Hamoir,Hamoir,Hamoir,Wallonia,Liège,Arrondissement Hoei,POPULATION_BY_COMMUNE,Population,count,2026,3778.0,A,2026-09-05T20:42:19.277290+00:00
be:mun:61028,61028,Héron,Héron,Héron,Wallonia,Liège,Arrondissement Hoei,LOCAL_UNITS_BY_COMMUNE,Local business units,count,2023-Q4,553.0,A,2026-09-05T19:00:05.127955+00:00
be:mun:61028,61028,Héron,Héron,Héron,Wallonia,Liège,Arrondissement Hoei,POPULATION_AGE_0_14,Population aged 0 to 14,count,2026,1072.0,A,2026-09-05T22:11:04.542942+00:00
be:mun:61028,61028,Héron,Héron,Héron,Wallonia,Liège,Arrondissement Hoei,POPULATION_AGE_15_64,Population aged 15 to 64,count,2026,3738.0,A,2026-09-05T22:11:04.542942+00:00
be:mun:61028,61028,Héron,Héron,Héron,Wallonia,Liège,Arrondissement Hoei,POPULATION_AGE_65_PLUS,Population aged 65 and over,count,2026,829.0,A,2026-09-05T22:11:04.542942+00:00
be:mun:61028,61028,Héron,Héron,Héron,Wallonia,Liège,Arrondissement Hoei,POPULATION_BY_COMMUNE,Population,count,2026,5639.0,A,2026-09-05T20:42:19.277290+00:00
be:mun:61031,61031,Huy,Huy,Hoei,Wallonia,Liège,Arrondissement Hoei,LOCAL_UNITS_BY_COMMUNE,Local business units,count,2023-Q4,2352.0,A,2026-09-05T19:00:05.127955+00:00
be:mun:61031,61031,Huy,Huy,Hoei,Wallonia,Liège,Arrondissement Hoei,POPULATION_AGE_0_14,Population aged 0 to 14,count,2026,3116.0,A,2026-09-05T22:11:04.542942+00:00
be:mun:61031,61031,Huy,Huy,Hoei,Wallonia,Liège,Arrondissement Hoei,POPULATION_AGE_15_64,Population aged 15 to 64,count,2026,13941.0,A,2026-09-05T22:11:04.542942+00:00
be:mun:61031,61031,Huy,Huy,Hoei,Wallonia,Liège,Arrondissement Hoei,POPULATION_AGE_65_PLUS,Population aged 65 and over,count,2026,4856.0,A,2026-09-05T22:11:04.542942+00:00
be:mun:61031,61031,Huy,Huy,Hoei,Wallonia,Liège,Arrondissement Hoei,POPULATION_BY_COMMUNE,Population,count,2026,21913.0,A,2026-09-05T20:42:19.277290+00:00
be:mun:61039,61039,Marchin,Marchin,Marchin,Wallonia,Liège,Arrondissement Hoei,LOCAL_UNITS_BY_COMMUNE,Local business units,count,2023-Q4,525.0,A,2026-09-05T19:00:05.127955+00:00
be:mun:61039,61039,Marchin,Marchin,Marchin,Wallonia,Liège,Arrondissement Hoei,POPULATION_AGE_0_14,Population aged 0 to 14,count,2026,977.0,A,2026-09-05T22:11:04.542942+00:00
be:mun:61039,61039,Marchin,Marchin,Marchin,Wallonia,Liège,Arrondissement Hoei,POPULATION_AGE_15_64,Population aged 15 to 64,count,2026,3683.0,A,2026-09-05T22:11:04.542942+00:00
be:mun:61039,61039,Marchin,Marchin,Marchin,Wallonia,Liège,Arrondissement Hoei,POPULATION_AGE_65_PLUS,Population aged 65 and over,count,2026,1030.0,A,2026-09-05T22:11:04.542942+00:00
be:mun:61039,61039,Marchin,Marchin,Marchin,Wallonia,Liège,Arrondissement Hoei,POPULATION_BY_COMMUNE,Population,count,2026,5690.0,A,2026-09-05T20:42:19.277290+00:00
be:mun:61041,61041,Modave,Modave,Modave,Wallonia,Liège,Arrondissement Hoei,LOCAL_UNITS_BY_COMMUNE,Local business units,count,2023-Q4,461.0,A,2026-09-05T19:00:05.127955+00:00
be:mun:61041,61041,Modave,Modave,Modave,Wallonia,Liège,Arrondissement Hoei,POPULATION_AGE_0_14,Population aged 0 to 14,count,2026,635.0,A,2026-09-05T22:11:04.542942+00:00
be:mun:61041,61041,Modave,Modave,Modave,Wallonia,Liège,Arrondissement Hoei,POPULATION_AGE_15_64,Population aged 15 to 64,count,2026,2711.0,A,2026-09-05T22:11:04.542942+00:00
be:mun:61041,61041,Modave,Modave,Modave,Wallonia,Liège,Arrondissement Hoei,POPULATION_AGE_65_PLUS,Population aged 65 and over,count,2026,830.0,A,2026-09-05T22:11:04.542942+00:00
be:mun:61041,61041,Modave,Modave,Modave,Wallonia,Liège,Arrondissement Hoei,POPULATION_BY_COMMUNE,Population,count,2026,4176.0,A,2026-09-05T20:42:19.277290+00:00
be:mun:61043,61043,Nandrin,Nandrin,Nandrin,Wallonia,Liège,Arrondissement Hoei,LOCAL_UNITS_BY_COMMUNE,Local business units,count,2023-Q4,857.0,A,2026-09-05T19:00:05.127955+00:00
be:mun:61043,61043,Nandrin,Nandrin,Nandrin,Wallonia,Liège,Arrondissement Hoei,POPULATION_AGE_0_14,Population aged 0 to 14,count,2026,760.0,A,2026-09-05T22:11:04.542942+00:00
be:mun:61043,61043,Nandrin,Nandrin,Nandrin,Wallonia,Liège,Arrondissement Hoei,POPULATION_AGE_15_64,Population aged 15 to 64,count,2026,3545.0,A,2026-09-05T22:11:04.542942+00:00
be:mun:61043,61043,Nandrin,Nandrin,Nandrin,Wallonia,Liège,Arrondissement Hoei,POPULATION_AGE_65_PLUS,Population aged 65 and over,count,2026,1430.0,A,2026-09-05T22:11:04.542942+00:00
be:mun:61043,61043,Nandrin,Nandrin,Nandrin,Wallonia,Liège,Arrondissement Hoei,POPULATION_BY_COMMUNE,Population,count,2026,5735.0,A,2026-09-05T20:42:19.277290+00:00
be:mun:61048,61048,Ouffet,Ouffet,Ouffet,Wallonia,Liège,Arrondissement Hoei,LOCAL_UNITS_BY_COMMUNE,Local business units,count,2023-Q4,342.0,A,2026-09-05T19:00:05.127955+00:00
be:mun:61048,61048,Ouffet,Ouffet,Ouffet,Wallonia,Liège,Arrondissement Hoei,POPULATION_AGE_0_14,Population aged 0 to 14,count,2026,457.0,A,2026-09-05T22:11:04.542942+00:00
be:mun:61048,61048,Ouffet,Ouffet,Ouffet,Wallonia,Liège,Arrondissement Hoei,POPULATION_AGE_15_64,Population aged 15 to 64,count,2026,1812.0,A,2026-09-05T22:11:04.542942+00:00
be:mun:61048,61048,Ouffet,Ouffet,Ouffet,Wallonia,Liège,Arrondissement Hoei,POPULATION_AGE_65_PLUS,Population aged 65 and over,count,2026,575.0,A,2026-09-05T22:11:04.542942+00:00
be:mun:61048,61048,Ouffet,Ouffet,Ouffet,Wallonia,Liège,Arrondissement Hoei,POPULATION_BY_COMMUNE,Population,count,2026,2844.0,A,2026-09-05T20:42:19.277290+00:00
be:mun:61063,61063,Verlaine,Verlaine,Verlaine,Wallonia,Liège,Arrondissement Hoei,LOCAL_UNITS_BY_COMMUNE,Local business units,count,2023-Q4,577.0,A,2026-09-05T19:00:05.127955+00:00
be:mun:61063,61063,Verlaine,Verlaine,Verlaine,Wallonia,Liège,Arrondissement Hoei,POPULATION_AGE_0_14,Population aged 0 to 14,count,2026,703.0,A,2026-09-05T22:11:04.542942+00:00
be:mun:61063,61063,Verlaine,Verlaine,Verlaine,Wallonia,Liège,Arrondissement Hoei,POPULATION_AGE_15_64,Population aged 15 to 64,count,2026,2836.0,A,2026-09-05T22:11:04.542942+00:00
be:mun:61063,61063,Verlaine,Verlaine,Verlaine,Wallonia,Liège,Arrondissement Hoei,POPULATION_AGE_65_PLUS,Population aged 65 and over,count,2026,845.0,A,2026-09-05T22:11:04.542942+00:00
be:mun:61063,61063,Verlaine,Verlaine,Verlaine,Wallonia,Liège,Arrondissement Hoei,POPULATION_BY_COMMUNE,Population,count,2026,4384.0,A,2026-09-05T20:42:19.277290+00:00
be:mun:61068,61068,Villers-Le-Bouillet,Villers-Le-Bouillet,Villers-Le-Bouillet,Wallonia,Liège,Arrondissement Hoei,LOCAL_UNITS_BY_COMMUNE,Local business units,count,2023-Q4,871.0,A,2026-09-05T19:00:05.127955+00:00
be:mun:61068,61068,Villers-Le-Bouillet,Villers-Le-Bouillet,Villers-Le-Bouillet,Wallonia,Liège,Arrondissement Hoei,POPULATION_AGE_0_14,Population aged 0 to 14,count,2026,1184.0,A,2026-09-05T22:11:04.542942+00:00
be:mun:61068,61068,Villers-Le-Bouillet,Villers-Le-Bouillet,Villers-Le-Bouillet,Wallonia,Liège,Arrondissement Hoei,POPULATION_AGE_15_64,Population aged 15 to 64,count,2026,4570.0,A,2026-09-05T22:11:04.542942+00:00
be:mun:61068,61068,Villers-Le-Bouillet,Villers-Le-Bouillet,Villers-Le-Bouillet,Wallonia,Liège,Arrondissement Hoei,POPULATION_AGE_65_PLUS,Population aged 65 and over,count,2026,1179.0,A,2026-09-05T22:11:04.542942+00:00
be:mun:61068,61068,Villers-Le-Bouillet,Villers-Le-Bouillet,Villers-Le-Bouillet,Wallonia,Liège,Arrondissement Hoei,POPULATION_BY_COMMUNE,Population,count,2026,6933.0,A,2026-09-05T20:42:19.277290+00:00
be:mun:61072,61072,Wanze,Wanze,Wanze,Wallonia,Liège,Arrondissement Hoei,LOCAL_UNITS_BY_COMMUNE,Local business units,count,2023-Q4,1347.0,A,2026-09-05T19:00:05.127955+00:00
be:mun:61072,61072,Wanze,Wanze,Wanze,Wallonia,Liège,Arrondissement Hoei,POPULATION_AGE_0_14,Population aged 0 to 14,count,2026,2172.0,A,2026-09-05T22:11:04.542942+00:00
be:mun:61072,61072,Wanze,Wanze,Wanze,Wallonia,Liège,Arrondissement Hoei,POPULATION_AGE_15_64,Population aged 15 to 64,count,2026,8882.0,A,2026-09-05T22:11:04.542942+00:00
be:mun:61072,61072,Wanze,Wanze,Wanze,Wallonia,Liège,Arrondissement Hoei,POPULATION_AGE_65_PLUS,Population aged 65 and over,count,2026,2999.0,A,2026-09-05T22:11:04.542942+00:00
be:mun:61072,61072,Wanze,Wanze,Wanze,Wallonia,Liège,Arrondissement Hoei,POPULATION_BY_COMMUNE,Population,count,2026,14053.0,A,2026-09-05T20:42:19.277290+00:00
be:mun:61079,61079,Anthisnes,Anthisnes,Anthisnes,Wallonia,Liège,Arrondissement Hoei,LOCAL_UNITS_BY_COMMUNE,Local business units,count,2023-Q4,439.0,A,2026-09-05T19:00:05.127955+00:00
be:mun:61079,61079,Anthisnes,Anthisnes,Anthisnes,Wallonia,Liège,Arrondissement Hoei,POPULATION_AGE_0_14,Population aged 0 to 14,count,2026,606.0,A,2026-09-05T22:11:04.542942+00:00
be:mun:61079,61079,Anthisnes,Anthisnes,Anthisnes,Wallonia,Liège,Arrondissement Hoei,POPULATION_AGE_15_64,Population aged 15 to 64,count,2026,2655.0,A,2026-09-05T22:11:04.542942+00:00
be:mun:61079,61079,Anthisnes,Anthisnes,Anthisnes,Wallonia,Liège,Arrondissement Hoei,POPULATION_AGE_65_PLUS,Population aged 65 and over,count,2026,902.0,A,2026-09-05T22:11:04.542942+00:00
be:mun:61079,61079,Anthisnes,Anthisnes,Anthisnes,Wallonia,Liège,Arrondissement Hoei,POPULATION_BY_COMMUNE,Population,count,2026,4163.0,A,2026-09-05T20:42:19.277290+00:00
be:mun:61080,61080,Engis,Engis,Engis,Wallonia,Liège,Arrondissement Hoei,LOCAL_UNITS_BY_COMMUNE,Local business units,count,2023-Q4,474.0,A,2026-09-05T19:00:05.127955+00:00
be:mun:61080,61080,Engis,Engis,Engis,Wallonia,Liège,Arrondissement Hoei,POPULATION_AGE_0_14,Population aged 0 to 14,count,2026,1069.0,A,2026-09-05T22:11:04.542942+00:00
be:mun:61080,61080,Engis,Engis,Engis,Wallonia,Liège,Arrondissement Hoei,POPULATION_AGE_15_64,Population aged 15 to 64,count,2026,4213.0,A,2026-09-05T22:11:04.542942+00:00
be:mun:61080,61080,Engis,Engis,Engis,Wallonia,Liège,Arrondissement Hoei,POPULATION_AGE_65_PLUS,Population aged 65 and over,count,2026,1042.0,A,2026-09-05T22:11:04.542942+00:00
be:mun:61080,61080,Engis,Engis,Engis,Wallonia,Liège,Arrondissement Hoei,POPULATION_BY_COMMUNE,Population,count,2026,6324.0,A,2026-09-05T20:42:19.277290+00:00
be:mun:61081,61081,Tinlot,Tinlot,Tinlot,Wallonia,Liège,Arrondissement Hoei,LOCAL_UNITS_BY_COMMUNE,Local business units,count,2023-Q4,437.0,A,2026-09-05T19:00:05.127955+00:00
be:mun:61081,61081,Tinlot,Tinlot,Tinlot,Wallonia,Liège,Arrondissement Hoei,POPULATION_AGE_0_14,Population aged 0 to 14,count,2026,420.0,A,2026-09-05T22:11:04.542942+00:00
be:mun:61081,61081,Tinlot,Tinlot,Tinlot,Wallonia,Liège,Arrondissement Hoei,POPULATION_AGE_15_64,Population aged 15 to 64,count,2026,1794.0,A,2026-09-05T22:11:04.542942+00:00
be:mun:61081,61081,Tinlot,Tinlot,Tinlot,Wallonia,Liège,Arrondissement Hoei,POPULATION_AGE_65_PLUS,Population aged 65 and over,count,2026,599.0,A,2026-09-05T22:11:04.542942+00:00
be:mun:61081,61081,Tinlot,Tinlot,Tinlot,Wallonia,Liège,Arrondissement Hoei,POPULATION_BY_COMMUNE,Population,count,2026,2813.0,A,2026-09-05T20:42:19.277290+00:00
be:mun:62003,62003,Ans,Ans,Ans,Wallonia,Liège,Arrondissement Luik,LOCAL_UNITS_BY_COMMUNE,Local business units,count,2023-Q4,2502.0,A,2026-09-05T19:00:05.127955+00:00
be:mun:62003,62003,Ans,Ans,Ans,Wallonia,Liège,Arrondissement Luik,POPULATION_AGE_0_14,Population aged 0 to 14,count,2026,4986.0,A,2026-09-05T22:11:04.542942+00:00
be:mun:62003,62003,Ans,Ans,Ans,Wallonia,Liège,Arrondissement Luik,POPULATION_AGE_15_64,Population aged 15 to 64,count,2026,17837.0,A,2026-09-05T22:11:04.542942+00:00
be:mun:62003,62003,Ans,Ans,Ans,Wallonia,Liège,Arrondissement Luik,POPULATION_AGE_65_PLUS,Population aged 65 and over,count,2026,6445.0,A,2026-09-05T22:11:04.542942+00:00
be:mun:62003,62003,Ans,Ans,Ans,Wallonia,Liège,Arrondissement Luik,POPULATION_BY_COMMUNE,Population,count,2026,29268.0,A,2026-09-05T20:42:19.277290+00:00
be:mun:62006,62006,Awans,Awans,Awans,Wallonia,Liège,Arrondissement Luik,LOCAL_UNITS_BY_COMMUNE,Local business units,count,2023-Q4,1203.0,A,2026-09-05T19:00:05.127955+00:00
be:mun:62006,62006,Awans,Awans,Awans,Wallonia,Liège,Arrondissement Luik,POPULATION_AGE_0_14,Population aged 0 to 14,count,2026,1426.0,A,2026-09-05T22:11:04.542942+00:00
be:mun:62006,62006,Awans,Awans,Awans,Wallonia,Liège,Arrondissement Luik,POPULATION_AGE_15_64,Population aged 15 to 64,count,2026,5636.0,A,2026-09-05T22:11:04.542942+00:00
be:mun:62006,62006,Awans,Awans,Awans,Wallonia,Liège,Arrondissement Luik,POPULATION_AGE_65_PLUS,Population aged 65 and over,count,2026,2311.0,A,2026-09-05T22:11:04.542942+00:00
be:mun:62006,62006,Awans,Awans,Awans,Wallonia,Liège,Arrondissement Luik,POPULATION_BY_COMMUNE,Population,count,2026,9373.0,A,2026-09-05T20:42:19.277290+00:00
be:mun:62009,62009,Aywaille,Aywaille,Aywaille,Wallonia,Liège,Arrondissement Luik,LOCAL_UNITS_BY_COMMUNE,Local business units,count,2023-Q4,1581.0,A,2026-09-05T19:00:05.127955+00:00
be:mun:62009,62009,Aywaille,Aywaille,Aywaille,Wallonia,Liège,Arrondissement Luik,POPULATION_AGE_0_14,Population aged 0 to 14,count,2026,1901.0,A,2026-09-05T22:11:04.542942+00:00
be:mun:62009,62009,Aywaille,Aywaille,Aywaille,Wallonia,Liège,Arrondissement Luik,POPULATION_AGE_15_64,Population aged 15 to 64,count,2026,8316.0,A,2026-09-05T22:11:04.542942+00:00
be:mun:62009,62009,Aywaille,Aywaille,Aywaille,Wallonia,Liège,Arrondissement Luik,POPULATION_AGE_65_PLUS,Population aged 65 and over,count,2026,2782.0,A,2026-09-05T22:11:04.542942+00:00
be:mun:62009,62009,Aywaille,Aywaille,Aywaille,Wallonia,Liège,Arrondissement Luik,POPULATION_BY_COMMUNE,Population,count,2026,12999.0,A,2026-09-05T20:42:19.277290+00:00
be:mun:62011,62011,Bassenge,Bassenge,Bitsingen,Wallonia,Liège,Arrondissement Luik,LOCAL_UNITS_BY_COMMUNE,Local business units,count,2023-Q4,871.0,A,2026-09-05T19:00:05.127955+00:00
be:mun:62011,62011,Bassenge,Bassenge,Bitsingen,Wallonia,Liège,Arrondissement Luik,POPULATION_AGE_0_14,Population aged 0 to 14,count,2026,1400.0,A,2026-09-05T22:11:04.542942+00:00
be:mun:62011,62011,Bassenge,Bassenge,Bitsingen,Wallonia,Liège,Arrondissement Luik,POPULATION_AGE_15_64,Population aged 15 to 64,count,2026,5755.0,A,2026-09-05T22:11:04.542942+00:00
be:mun:62011,62011,Bassenge,Bassenge,Bitsingen,Wallonia,Liège,Arrondissement Luik,POPULATION_AGE_65_PLUS,Population aged 65 and over,count,2026,1904.0,A,2026-09-05T22:11:04.542942+00:00
be:mun:62011,62011,Bassenge,Bassenge,Bitsingen,Wallonia,Liège,Arrondissement Luik,POPULATION_BY_COMMUNE,Population,count,2026,9059.0,A,2026-09-05T20:42:19.277290+00:00
be:mun:62015,62015,Beyne-Heusay,Beyne-Heusay,Beyne-Heusay,Wallonia,Liège,Arrondissement Luik,LOCAL_UNITS_BY_COMMUNE,Local business units,count,2023-Q4,753.0,A,2026-09-05T19:00:05.127955+00:00
be:mun:62015,62015,Beyne-Heusay,Beyne-Heusay,Beyne-Heusay,Wallonia,Liège,Arrondissement Luik,POPULATION_AGE_0_14,Population aged 0 to 14,count,2026,1981.0,A,2026-09-05T22:11:04.542942+00:00
be:mun:62015,62015,Beyne-Heusay,Beyne-Heusay,Beyne-Heusay,Wallonia,Liège,Arrondissement Luik,POPULATION_AGE_15_64,Population aged 15 to 64,count,2026,7542.0,A,2026-09-05T22:11:04.542942+00:00
be:mun:62015,62015,Beyne-Heusay,Beyne-Heusay,Beyne-Heusay,Wallonia,Liège,Arrondissement Luik,POPULATION_AGE_65_PLUS,Population aged 65 and over,count,2026,2455.0,A,2026-09-05T22:11:04.542942+00:00
be:mun:62015,62015,Beyne-Heusay,Beyne-Heusay,Beyne-Heusay,Wallonia,Liège,Arrondissement Luik,POPULATION_BY_COMMUNE,Population,count,2026,11978.0,A,2026-09-05T20:42:19.277290+00:00
be:mun:62022,62022,Chaudfontaine,Chaudfontaine,Chaudfontaine,Wallonia,Liège,Arrondissement Luik,LOCAL_UNITS_BY_COMMUNE,Local business units,count,2023-Q4,2986.0,A,2026-09-05T19:00:05.127955+00:00
be:mun:62022,62022,Chaudfontaine,Chaudfontaine,Chaudfontaine,Wallonia,Liège,Arrondissement Luik,POPULATION_AGE_0_14,Population aged 0 to 14,count,2026,2826.0,A,2026-09-05T22:11:04.542942+00:00
be:mun:62022,62022,Chaudfontaine,Chaudfontaine,Chaudfontaine,Wallonia,Liège,Arrondissement Luik,POPULATION_AGE_15_64,Population aged 15 to 64,count,2026,11970.0,A,2026-09-05T22:11:04.542942+00:00
be:mun:62022,62022,Chaudfontaine,Chaudfontaine,Chaudfontaine,Wallonia,Liège,Arrondissement Luik,POPULATION_AGE_65_PLUS,Population aged 65 and over,count,2026,5729.0,A,2026-09-05T22:11:04.542942+00:00
be:mun:62022,62022,Chaudfontaine,Chaudfontaine,Chaudfontaine,Wallonia,Liège,Arrondissement Luik,POPULATION_BY_COMMUNE,Population,count,2026,20525.0,A,2026-09-05T20:42:19.277290+00:00
be:mun:62026,62026,Comblain-au-Pont,Comblain-au-Pont,Comblain-au-Pont,Wallonia,Liège,Arrondissement Luik,LOCAL_UNITS_BY_COMMUNE,Local business units,count,2023-Q4,476.0,A,2026-09-05T19:00:05.127955+00:00
be:mun:62026,62026,Comblain-au-Pont,Comblain-au-Pont,Comblain-au-Pont,Wallonia,Liège,Arrondissement Luik,POPULATION_AGE_0_14,Population aged 0 to 14,count,2026,859.0,A,2026-09-05T22:11:04.542942+00:00
be:mun:62026,62026,Comblain-au-Pont,Comblain-au-Pont,Comblain-au-Pont,Wallonia,Liège,Arrondissement Luik,POPULATION_AGE_15_64,Population aged 15 to 64,count,2026,3394.0,A,2026-09-05T22:11:04.542942+00:00
be:mun:62026,62026,Comblain-au-Pont,Comblain-au-Pont,Comblain-au-Pont,Wallonia,Liège,Arrondissement Luik,POPULATION_AGE_65_PLUS,Population aged 65 and over,count,2026,1150.0,A,2026-09-05T22:11:04.542942+00:00
be:mun:62026,62026,Comblain-au-Pont,Comblain-au-Pont,Comblain-au-Pont,Wallonia,Liège,Arrondissement Luik,POPULATION_BY_COMMUNE,Population,count,2026,5403.0,A,2026-09-05T20:42:19.277290+00:00
be:mun:62027,62027,Dalhem,Dalhem,Dalhem,Wallonia,Liège,Arrondissement Luik,LOCAL_UNITS_BY_COMMUNE,Local business units,count,2023-Q4,985.0,A,2026-09-05T19:00:05.127955+00:00
be:mun:62027,62027,Dalhem,Dalhem,Dalhem,Wallonia,Liège,Arrondissement Luik,POPULATION_AGE_0_14,Population aged 0 to 14,count,2026,1248.0,A,2026-09-05T22:11:04.542942+00:00
be:mun:62027,62027,Dalhem,Dalhem,Dalhem,Wallonia,Liège,Arrondissement Luik,POPULATION_AGE_15_64,Population aged 15 to 64,count,2026,4880.0,A,2026-09-05T22:11:04.542942+00:00
be:mun:62027,62027,Dalhem,Dalhem,Dalhem,Wallonia,Liège,Arrondissement Luik,POPULATION_AGE_65_PLUS,Population aged 65 and over,count,2026,1572.0,A,2026-09-05T22:11:04.542942+00:00
be:mun:62027,62027,Dalhem,Dalhem,Dalhem,Wallonia,Liège,Arrondissement Luik,POPULATION_BY_COMMUNE,Population,count,2026,7700.0,A,2026-09-05T20:42:19.277290+00:00
be:mun:62032,62032,Esneux,Esneux,Esneux,Wallonia,Liège,Arrondissement Luik,LOCAL_UNITS_BY_COMMUNE,Local business units,count,2023-Q4,1576.0,A,2026-09-05T19:00:05.127955+00:00
be:mun:62032,62032,Esneux,Esneux,Esneux,Wallonia,Liège,Arrondissement Luik,POPULATION_AGE_0_14,Population aged 0 to 14,count,2026,1721.0,A,2026-09-05T22:11:04.542942+00:00
be:mun:62032,62032,Esneux,Esneux,Esneux,Wallonia,Liège,Arrondissement Luik,POPULATION_AGE_15_64,Population aged 15 to 64,count,2026,7735.0,A,2026-09-05T22:11:04.542942+00:00
be:mun:62032,62032,Esneux,Esneux,Esneux,Wallonia,Liège,Arrondissement Luik,POPULATION_AGE_65_PLUS,Population aged 65 and over,count,2026,3323.0,A,2026-09-05T22:11:04.542942+00:00
be:mun:62032,62032,Esneux,Esneux,Esneux,Wallonia,Liège,Arrondissement Luik,POPULATION_BY_COMMUNE,Population,count,2026,12779.0,A,2026-09-05T20:42:19.277290+00:00
be:mun:62038,62038,Fléron,Fléron,Fléron,Wallonia,Liège,Arrondissement Luik,LOCAL_UNITS_BY_COMMUNE,Local business units,count,2023-Q4,1418.0,A,2026-09-05T19:00:05.127955+00:00
be:mun:62038,62038,Fléron,Fléron,Fléron,Wallonia,Liège,Arrondissement Luik,POPULATION_AGE_0_14,Population aged 0 to 14,count,2026,2300.0,A,2026-09-05T22:11:04.542942+00:00
be:mun:62038,62038,Fléron,Fléron,Fléron,Wallonia,Liège,Arrondissement Luik,POPULATION_AGE_15_64,Population aged 15 to 64,count,2026,9868.0,A,2026-09-05T22:11:04.542942+00:00
be:mun:62038,62038,Fléron,Fléron,Fléron,Wallonia,Liège,Arrondissement Luik,POPULATION_AGE_65_PLUS,Population aged 65 and over,count,2026,4283.0,A,2026-09-05T22:11:04.542942+00:00
be:mun:62038,62038,Fléron,Fléron,Fléron,Wallonia,Liège,Arrondissement Luik,POPULATION_BY_COMMUNE,Population,count,2026,16451.0,A,2026-09-05T20:42:19.277290+00:00
be:mun:62051,62051,Herstal,Herstal,Herstal,Wallonia,Liège,Arrondissement Luik,LOCAL_UNITS_BY_COMMUNE,Local business units,count,2023-Q4,3237.0,A,2026-09-05T19:00:05.127955+00:00
be:mun:62051,62051,Herstal,Herstal,Herstal,Wallonia,Liège,Arrondissement Luik,POPULATION_AGE_0_14,Population aged 0 to 14,count,2026,7392.0,A,2026-09-05T22:11:04.542942+00:00
be:mun:62051,62051,Herstal,Herstal,Herstal,Wallonia,Liège,Arrondissement Luik,POPULATION_AGE_15_64,Population aged 15 to 64,count,2026,25674.0,A,2026-09-05T22:11:04.542942+00:00
be:mun:62051,62051,Herstal,Herstal,Herstal,Wallonia,Liège,Arrondissement Luik,POPULATION_AGE_65_PLUS,Population aged 65 and over,count,2026,7843.0,A,2026-09-05T22:11:04.542942+00:00
be:mun:62051,62051,Herstal,Herstal,Herstal,Wallonia,Liège,Arrondissement Luik,POPULATION_BY_COMMUNE,Population,count,2026,40909.0,A,2026-09-05T20:42:19.277290+00:00
be:mun:62060,62060,Juprelle,Juprelle,Juprelle,Wallonia,Liège,Arrondissement Luik,LOCAL_UNITS_BY_COMMUNE,Local business units,count,2023-Q4,955.0,A,2026-09-05T19:00:05.127955+00:00
be:mun:62060,62060,Juprelle,Juprelle,Juprelle,Wallonia,Liège,Arrondissement Luik,POPULATION_AGE_0_14,Population aged 0 to 14,count,2026,1505.0,A,2026-09-05T22:11:04.542942+00:00
be:mun:62060,62060,Juprelle,Juprelle,Juprelle,Wallonia,Liège,Arrondissement Luik,POPULATION_AGE_15_64,Population aged 15 to 64,count,2026,6213.0,A,2026-09-05T22:11:04.542942+00:00
be:mun:62060,62060,Juprelle,Juprelle,Juprelle,Wallonia,Liège,Arrondissement Luik,POPULATION_AGE_65_PLUS,Population aged 65 and over,count,2026,2194.0,A,2026-09-05T22:11:04.542942+00:00
be:mun:62060,62060,Juprelle,Juprelle,Juprelle,Wallonia,Liège,Arrondissement Luik,POPULATION_BY_COMMUNE,Population,count,2026,9912.0,A,2026-09-05T20:42:19.277290+00:00
be:mun:62063,62063,Liège,Liège,Luik,Wallonia,Liège,Arrondissement Luik,LOCAL_UNITS_BY_COMMUNE,Local business units,count,2023-Q4,20253.0,A,2026-09-05T19:00:05.127955+00:00
be:mun:62063,62063,Liège,Liège,Luik,Wallonia,Liège,Arrondissement Luik,POPULATION_AGE_0_14,Population aged 0 to 14,count,2026,30466.0,A,2026-09-05T22:11:04.542942+00:00
be:mun:62063,62063,Liège,Liège,Luik,Wallonia,Liège,Arrondissement Luik,POPULATION_AGE_15_64,Population aged 15 to 64,count,2026,131549.0,A,2026-09-05T22:11:04.542942+00:00
be:mun:62063,62063,Liège,Liège,Luik,Wallonia,Liège,Arrondissement Luik,POPULATION_AGE_65_PLUS,Population aged 65 and over,count,2026,36087.0,A,2026-09-05T22:11:04.542942+00:00
be:mun:62063,62063,Liège,Liège,Luik,Wallonia,Liège,Arrondissement Luik,POPULATION_BY_COMMUNE,Population,count,2026,198102.0,A,2026-09-05T20:42:19.277290+00:00
be:mun:62079,62079,Oupeye,Oupeye,Oupeye,Wallonia,Liège,Arrondissement Luik,LOCAL_UNITS_BY_COMMUNE,Local business units,count,2023-Q4,1971.0,A,2026-09-05T19:00:05.127955+00:00
be:mun:62079,62079,Oupeye,Oupeye,Oupeye,Wallonia,Liège,Arrondissement Luik,POPULATION_AGE_0_14,Population aged 0 to 14,count,2026,4112.0,A,2026-09-05T22:11:04.542942+00:00
be:mun:62079,62079,Oupeye,Oupeye,Oupeye,Wallonia,Liège,Arrondissement Luik,POPULATION_AGE_15_64,Population aged 15 to 64,count,2026,16072.0,A,2026-09-05T22:11:04.542942+00:00
be:mun:62079,62079,Oupeye,Oupeye,Oupeye,Wallonia,Liège,Arrondissement Luik,POPULATION_AGE_65_PLUS,Population aged 65 and over,count,2026,5852.0,A,2026-09-05T22:11:04.542942+00:00
be:mun:62079,62079,Oupeye,Oupeye,Oupeye,Wallonia,Liège,Arrondissement Luik,POPULATION_BY_COMMUNE,Population,count,2026,26036.0,A,2026-09-05T20:42:19.277290+00:00
be:mun:62093,62093,Saint-Nicolas,Saint-Nicolas,Saint-Nicolas,Wallonia,Liège,Arrondissement Luik,LOCAL_UNITS_BY_COMMUNE,Local business units,count,2023-Q4,1068.0,A,2026-09-05T19:00:05.127955+00:00
be:mun:62093,62093,Saint-Nicolas,Saint-Nicolas,Saint-Nicolas,Wallonia,Liège,Arrondissement Luik,POPULATION_AGE_0_14,Population aged 0 to 14,count,2026,4583.0,A,2026-09-05T22:11:04.542942+00:00
be:mun:62093,62093,Saint-Nicolas,Saint-Nicolas,Saint-Nicolas,Wallonia,Liège,Arrondissement Luik,POPULATION_AGE_15_64,Population aged 15 to 64,count,2026,15260.0,A,2026-09-05T22:11:04.542942+00:00
be:mun:62093,62093,Saint-Nicolas,Saint-Nicolas,Saint-Nicolas,Wallonia,Liège,Arrondissement Luik,POPULATION_AGE_65_PLUS,Population aged 65 and over,count,2026,4686.0,A,2026-09-05T22:11:04.542942+00:00
be:mun:62093,62093,Saint-Nicolas,Saint-Nicolas,Saint-Nicolas,Wallonia,Liège,Arrondissement Luik,POPULATION_BY_COMMUNE,Population,count,2026,24529.0,A,2026-09-05T20:42:19.277290+00:00
be:mun:62096,62096,Seraing,Seraing,Seraing,Wallonia,Liège,Arrondissement Luik,LOCAL_UNITS_BY_COMMUNE,Local business units,count,2023-Q4,3891.0,A,2026-09-05T19:00:05.127955+00:00
be:mun:62096,62096,Seraing,Seraing,Seraing,Wallonia,Liège,Arrondissement Luik,POPULATION_AGE_0_14,Population aged 0 to 14,count,2026,11623.0,A,2026-09-05T22:11:04.542942+00:00
be:mun:62096,62096,Seraing,Seraing,Seraing,Wallonia,Liège,Arrondissement Luik,POPULATION_AGE_15_64,Population aged 15 to 64,count,2026,40841.0,A,2026-09-05T22:11:04.542942+00:00
be:mun:62096,62096,Seraing,Seraing,Seraing,Wallonia,Liège,Arrondissement Luik,POPULATION_AGE_65_PLUS,Population aged 65 and over,count,2026,12300.0,A,2026-09-05T22:11:04.542942+00:00
be:mun:62096,62096,Seraing,Seraing,Seraing,Wallonia,Liège,Arrondissement Luik,POPULATION_BY_COMMUNE,Population,count,2026,64764.0,A,2026-09-05T20:42:19.277290+00:00
be:mun:62099,62099,Soumagne,Soumagne,Soumagne,Wallonia,Liège,Arrondissement Luik,LOCAL_UNITS_BY_COMMUNE,Local business units,count,2023-Q4,1667.0,A,2026-09-05T19:00:05.127955+00:00
be:mun:62099,62099,Soumagne,Soumagne,Soumagne,Wallonia,Liège,Arrondissement Luik,POPULATION_AGE_0_14,Population aged 0 to 14,count,2026,2461.0,A,2026-09-05T22:11:04.542942+00:00
be:mun:62099,62099,Soumagne,Soumagne,Soumagne,Wallonia,Liège,Arrondissement Luik,POPULATION_AGE_15_64,Population aged 15 to 64,count,2026,11095.0,A,2026-09-05T22:11:04.542942+00:00
be:mun:62099,62099,Soumagne,Soumagne,Soumagne,Wallonia,Liège,Arrondissement Luik,POPULATION_AGE_65_PLUS,Population aged 65 and over,count,2026,3726.0,A,2026-09-05T22:11:04.542942+00:00
be:mun:62099,62099,Soumagne,Soumagne,Soumagne,Wallonia,Liège,Arrondissement Luik,POPULATION_BY_COMMUNE,Population,count,2026,17282.0,A,2026-09-05T20:42:19.277290+00:00
be:mun:62100,62100,Sprimont,Sprimont,Sprimont,Wallonia,Liège,Arrondissement Luik,LOCAL_UNITS_BY_COMMUNE,Local business units,count,2023-Q4,2237.0,A,2026-09-05T19:00:05.127955+00:00
be:mun:62100,62100,Sprimont,Sprimont,Sprimont,Wallonia,Liège,Arrondissement Luik,POPULATION_AGE_0_14,Population aged 0 to 14,count,2026,2265.0,A,2026-09-05T22:11:04.542942+00:00
be:mun:62100,62100,Sprimont,Sprimont,Sprimont,Wallonia,Liège,Arrondissement Luik,POPULATION_AGE_15_64,Population aged 15 to 64,count,2026,9477.0,A,2026-09-05T22:11:04.542942+00:00
be:mun:62100,62100,Sprimont,Sprimont,Sprimont,Wallonia,Liège,Arrondissement Luik,POPULATION_AGE_65_PLUS,Population aged 65 and over,count,2026,3344.0,A,2026-09-05T22:11:04.542942+00:00
be:mun:62100,62100,Sprimont,Sprimont,Sprimont,Wallonia,Liège,Arrondissement Luik,POPULATION_BY_COMMUNE,Population,count,2026,15086.0,A,2026-09-05T20:42:19.277290+00:00
be:mun:62108,62108,Visé,Visé,Wezet,Wallonia,Liège,Arrondissement Luik,LOCAL_UNITS_BY_COMMUNE,Local business units,count,2023-Q4,1889.0,A,2026-09-05T19:00:05.127955+00:00
be:mun:62108,62108,Visé,Visé,Wezet,Wallonia,Liège,Arrondissement Luik,POPULATION_AGE_0_14,Population aged 0 to 14,count,2026,2772.0,A,2026-09-05T22:11:04.542942+00:00
be:mun:62108,62108,Visé,Visé,Wezet,Wallonia,Liège,Arrondissement Luik,POPULATION_AGE_15_64,Population aged 15 to 64,count,2026,11234.0,A,2026-09-05T22:11:04.542942+00:00
be:mun:62108,62108,Visé,Visé,Wezet,Wallonia,Liège,Arrondissement Luik,POPULATION_AGE_65_PLUS,Population aged 65 and over,count,2026,4091.0,A,2026-09-05T22:11:04.542942+00:00
be:mun:62108,62108,Visé,Visé,Wezet,Wallonia,Liège,Arrondissement Luik,POPULATION_BY_COMMUNE,Population,count,2026,18097.0,A,2026-09-05T20:42:19.277290+00:00
be:mun:62118,62118,Grâce-Hollogne,Grâce-Hollogne,Grâce-Hollogne,Wallonia,Liège,Arrondissement Luik,LOCAL_UNITS_BY_COMMUNE,Local business units,count,2023-Q4,2042.0,A,2026-09-05T19:00:05.127955+00:00
be:mun:62118,62118,Grâce-Hollogne,Grâce-Hollogne,Grâce-Hollogne,Wallonia,Liège,Arrondissement Luik,POPULATION_AGE_0_14,Population aged 0 to 14,count,2026,4188.0,A,2026-09-05T22:11:04.542942+00:00
be:mun:62118,62118,Grâce-Hollogne,Grâce-Hollogne,Grâce-Hollogne,Wallonia,Liège,Arrondissement Luik,POPULATION_AGE_15_64,Population aged 15 to 64,count,2026,14624.0,A,2026-09-05T22:11:04.542942+00:00
be:mun:62118,62118,Grâce-Hollogne,Grâce-Hollogne,Grâce-Hollogne,Wallonia,Liège,Arrondissement Luik,POPULATION_AGE_65_PLUS,Population aged 65 and over,count,2026,4541.0,A,2026-09-05T22:11:04.542942+00:00
be:mun:62118,62118,Grâce-Hollogne,Grâce-Hollogne,Grâce-Hollogne,Wallonia,Liège,Arrondissement Luik,POPULATION_BY_COMMUNE,Population,count,2026,23353.0,A,2026-09-05T20:42:19.277290+00:00
be:mun:62119,62119,Blegny,Blegny,Blegny,Wallonia,Liège,Arrondissement Luik,LOCAL_UNITS_BY_COMMUNE,Local business units,count,2023-Q4,1669.0,A,2026-09-05T19:00:05.127955+00:00
be:mun:62119,62119,Blegny,Blegny,Blegny,Wallonia,Liège,Arrondissement Luik,POPULATION_AGE_0_14,Population aged 0 to 14,count,2026,1957.0,A,2026-09-05T22:11:04.542942+00:00
be:mun:62119,62119,Blegny,Blegny,Blegny,Wallonia,Liège,Arrondissement Luik,POPULATION_AGE_15_64,Population aged 15 to 64,count,2026,8512.0,A,2026-09-05T22:11:04.542942+00:00
be:mun:62119,62119,Blegny,Blegny,Blegny,Wallonia,Liège,Arrondissement Luik,POPULATION_AGE_65_PLUS,Population aged 65 and over,count,2026,3151.0,A,2026-09-05T22:11:04.542942+00:00
be:mun:62119,62119,Blegny,Blegny,Blegny,Wallonia,Liège,Arrondissement Luik,POPULATION_BY_COMMUNE,Population,count,2026,13620.0,A,2026-09-05T20:42:19.277290+00:00
be:mun:62120,62120,Flémalle,Flémalle,Flémalle,Wallonia,Liège,Arrondissement Luik,LOCAL_UNITS_BY_COMMUNE,Local business units,count,2023-Q4,1980.0,A,2026-09-05T19:00:05.127955+00:00
be:mun:62120,62120,Flémalle,Flémalle,Flémalle,Wallonia,Liège,Arrondissement Luik,POPULATION_AGE_0_14,Population aged 0 to 14,count,2026,4630.0,A,2026-09-05T22:11:04.542942+00:00
be:mun:62120,62120,Flémalle,Flémalle,Flémalle,Wallonia,Liège,Arrondissement Luik,POPULATION_AGE_15_64,Population aged 15 to 64,count,2026,17131.0,A,2026-09-05T22:11:04.542942+00:00
be:mun:62120,62120,Flémalle,Flémalle,Flémalle,Wallonia,Liège,Arrondissement Luik,POPULATION_AGE_65_PLUS,Population aged 65 and over,count,2026,5406.0,A,2026-09-05T22:11:04.542942+00:00
be:mun:62120,62120,Flémalle,Flémalle,Flémalle,Wallonia,Liège,Arrondissement Luik,POPULATION_BY_COMMUNE,Population,count,2026,27167.0,A,2026-09-05T20:42:19.277290+00:00
be:mun:62121,62121,Neupré,Neupré,Neupré,Wallonia,Liège,Arrondissement Luik,LOCAL_UNITS_BY_COMMUNE,Local business units,count,2023-Q4,1309.0,A,2026-09-05T19:00:05.127955+00:00
be:mun:62121,62121,Neupré,Neupré,Neupré,Wallonia,Liège,Arrondissement Luik,POPULATION_AGE_0_14,Population aged 0 to 14,count,2026,1314.0,A,2026-09-05T22:11:04.542942+00:00
be:mun:62121,62121,Neupré,Neupré,Neupré,Wallonia,Liège,Arrondissement Luik,POPULATION_AGE_15_64,Population aged 15 to 64,count,2026,5914.0,A,2026-09-05T22:11:04.542942+00:00
be:mun:62121,62121,Neupré,Neupré,Neupré,Wallonia,Liège,Arrondissement Luik,POPULATION_AGE_65_PLUS,Population aged 65 and over,count,2026,2736.0,A,2026-09-05T22:11:04.542942+00:00
be:mun:62121,62121,Neupré,Neupré,Neupré,Wallonia,Liège,Arrondissement Luik,POPULATION_BY_COMMUNE,Population,count,2026,9964.0,A,2026-09-05T20:42:19.277290+00:00
be:mun:62122,62122,Trooz,Trooz,Trooz,Wallonia,Liège,Arrondissement Luik,LOCAL_UNITS_BY_COMMUNE,Local business units,count,2023-Q4,791.0,A,2026-09-05T19:00:05.127955+00:00
be:mun:62122,62122,Trooz,Trooz,Trooz,Wallonia,Liège,Arrondissement Luik,POPULATION_AGE_0_14,Population aged 0 to 14,count,2026,1426.0,A,2026-09-05T22:11:04.542942+00:00
be:mun:62122,62122,Trooz,Trooz,Trooz,Wallonia,Liège,Arrondissement Luik,POPULATION_AGE_15_64,Population aged 15 to 64,count,2026,5310.0,A,2026-09-05T22:11:04.542942+00:00
be:mun:62122,62122,Trooz,Trooz,Trooz,Wallonia,Liège,Arrondissement Luik,POPULATION_AGE_65_PLUS,Population aged 65 and over,count,2026,1554.0,A,2026-09-05T22:11:04.542942+00:00
be:mun:62122,62122,Trooz,Trooz,Trooz,Wallonia,Liège,Arrondissement Luik,POPULATION_BY_COMMUNE,Population,count,2026,8290.0,A,2026-09-05T20:42:19.277290+00:00
be:mun:63001,63001,Amel,Amblève,Amel,Wallonia,Liège,Arrondissement Verviers,LOCAL_UNITS_BY_COMMUNE,Local business units,count,2023-Q4,769.0,A,2026-09-05T19:00:05.127955+00:00
be:mun:63001,63001,Amel,Amblève,Amel,Wallonia,Liège,Arrondissement Verviers,POPULATION_AGE_0_14,Population aged 0 to 14,count,2026,936.0,A,2026-09-05T22:11:04.542942+00:00
be:mun:63001,63001,Amel,Amblève,Amel,Wallonia,Liège,Arrondissement Verviers,POPULATION_AGE_15_64,Population aged 15 to 64,count,2026,3553.0,A,2026-09-05T22:11:04.542942+00:00
be:mun:63001,63001,Amel,Amblève,Amel,Wallonia,Liège,Arrondissement Verviers,POPULATION_AGE_65_PLUS,Population aged 65 and over,count,2026,1157.0,A,2026-09-05T22:11:04.542942+00:00
be:mun:63001,63001,Amel,Amblève,Amel,Wallonia,Liège,Arrondissement Verviers,POPULATION_BY_COMMUNE,Population,count,2026,5646.0,A,2026-09-05T20:42:19.277290+00:00
be:mun:63003,63003,Aubel,Aubel,Aubel,Wallonia,Liège,Arrondissement Verviers,LOCAL_UNITS_BY_COMMUNE,Local business units,count,2023-Q4,748.0,A,2026-09-05T19:00:05.127955+00:00
be:mun:63003,63003,Aubel,Aubel,Aubel,Wallonia,Liège,Arrondissement Verviers,POPULATION_AGE_0_14,Population aged 0 to 14,count,2026,620.0,A,2026-09-05T22:11:04.542942+00:00
be:mun:63003,63003,Aubel,Aubel,Aubel,Wallonia,Liège,Arrondissement Verviers,POPULATION_AGE_15_64,Population aged 15 to 64,count,2026,2545.0,A,2026-09-05T22:11:04.542942+00:00
be:mun:63003,63003,Aubel,Aubel,Aubel,Wallonia,Liège,Arrondissement Verviers,POPULATION_AGE_65_PLUS,Population aged 65 and over,count,2026,1067.0,A,2026-09-05T22:11:04.542942+00:00
be:mun:63003,63003,Aubel,Aubel,Aubel,Wallonia,Liège,Arrondissement Verviers,POPULATION_BY_COMMUNE,Population,count,2026,4232.0,A,2026-09-05T20:42:19.277290+00:00
be:mun:63004,63004,Baelen,Baelen,Baelen,Wallonia,Liège,Arrondissement Verviers,LOCAL_UNITS_BY_COMMUNE,Local business units,count,2023-Q4,506.0,A,2026-09-05T19:00:05.127955+00:00
be:mun:63004,63004,Baelen,Baelen,Baelen,Wallonia,Liège,Arrondissement Verviers,POPULATION_AGE_0_14,Population aged 0 to 14,count,2026,745.0,A,2026-09-05T22:11:04.542942+00:00
be:mun:63004,63004,Baelen,Baelen,Baelen,Wallonia,Liège,Arrondissement Verviers,POPULATION_AGE_15_64,Population aged 15 to 64,count,2026,2875.0,A,2026-09-05T22:11:04.542942+00:00
be:mun:63004,63004,Baelen,Baelen,Baelen,Wallonia,Liège,Arrondissement Verviers,POPULATION_AGE_65_PLUS,Population aged 65 and over,count,2026,894.0,A,2026-09-05T22:11:04.542942+00:00
be:mun:63004,63004,Baelen,Baelen,Baelen,Wallonia,Liège,Arrondissement Verviers,POPULATION_BY_COMMUNE,Population,count,2026,4514.0,A,2026-09-05T20:42:19.277290+00:00
be:mun:63012,63012,Büllingen,Bullange,Büllingen,Wallonia,Liège,Arrondissement Verviers,LOCAL_UNITS_BY_COMMUNE,Local business units,count,2023-Q4,802.0,A,2026-09-05T19:00:05.127955+00:00
be:mun:63012,63012,Büllingen,Bullange,Büllingen,Wallonia,Liège,Arrondissement Verviers,POPULATION_AGE_0_14,Population aged 0 to 14,count,2026,851.0,A,2026-09-05T22:11:04.542942+00:00
be:mun:63012,63012,Büllingen,Bullange,Büllingen,Wallonia,Liège,Arrondissement Verviers,POPULATION_AGE_15_64,Population aged 15 to 64,count,2026,3368.0,A,2026-09-05T22:11:04.542942+00:00
be:mun:63012,63012,Büllingen,Bullange,Büllingen,Wallonia,Liège,Arrondissement Verviers,POPULATION_AGE_65_PLUS,Population aged 65 and over,count,2026,1260.0,A,2026-09-05T22:11:04.542942+00:00
be:mun:63012,63012,Büllingen,Bullange,Büllingen,Wallonia,Liège,Arrondissement Verviers,POPULATION_BY_COMMUNE,Population,count,2026,5479.0,A,2026-09-05T20:42:19.277290+00:00
be:mun:63013,63013,Bütgenbach,Butgenbach,Bütgenbach,Wallonia,Liège,Arrondissement Verviers,LOCAL_UNITS_BY_COMMUNE,Local business units,count,2023-Q4,663.0,A,2026-09-05T19:00:05.127955+00:00
be:mun:63013,63013,Bütgenbach,Butgenbach,Bütgenbach,Wallonia,Liège,Arrondissement Verviers,POPULATION_AGE_0_14,Population aged 0 to 14,count,2026,844.0,A,2026-09-05T22:11:04.542942+00:00
be:mun:63013,63013,Bütgenbach,Butgenbach,Bütgenbach,Wallonia,Liège,Arrondissement Verviers,POPULATION_AGE_15_64,Population aged 15 to 64,count,2026,3407.0,A,2026-09-05T22:11:04.542942+00:00
be:mun:63013,63013,Bütgenbach,Butgenbach,Bütgenbach,Wallonia,Liège,Arrondissement Verviers,POPULATION_AGE_65_PLUS,Population aged 65 and over,count,2026,1334.0,A,2026-09-05T22:11:04.542942+00:00
be:mun:63013,63013,Bütgenbach,Butgenbach,Bütgenbach,Wallonia,Liège,Arrondissement Verviers,POPULATION_BY_COMMUNE,Population,count,2026,5585.0,A,2026-09-05T20:42:19.277290+00:00
be:mun:63020,63020,Dison,Dison,Dison,Wallonia,Liège,Arrondissement Verviers,LOCAL_UNITS_BY_COMMUNE,Local business units,count,2023-Q4,961.0,A,2026-09-05T19:00:05.127955+00:00
be:mun:63020,63020,Dison,Dison,Dison,Wallonia,Liège,Arrondissement Verviers,POPULATION_AGE_0_14,Population aged 0 to 14,count,2026,3091.0,A,2026-09-05T22:11:04.542942+00:00
be:mun:63020,63020,Dison,Dison,Dison,Wallonia,Liège,Arrondissement Verviers,POPULATION_AGE_15_64,Population aged 15 to 64,count,2026,9849.0,A,2026-09-05T22:11:04.542942+00:00
be:mun:63020,63020,Dison,Dison,Dison,Wallonia,Liège,Arrondissement Verviers,POPULATION_AGE_65_PLUS,Population aged 65 and over,count,2026,2406.0,A,2026-09-05T22:11:04.542942+00:00
be:mun:63020,63020,Dison,Dison,Dison,Wallonia,Liège,Arrondissement Verviers,POPULATION_BY_COMMUNE,Population,count,2026,15346.0,A,2026-09-05T20:42:19.277290+00:00
be:mun:63023,63023,Eupen,Eupen,Eupen,Wallonia,Liège,Arrondissement Verviers,LOCAL_UNITS_BY_COMMUNE,Local business units,count,2023-Q4,2280.0,A,2026-09-05T19:00:05.127955+00:00
be:mun:63023,63023,Eupen,Eupen,Eupen,Wallonia,Liège,Arrondissement Verviers,POPULATION_AGE_0_14,Population aged 0 to 14,count,2026,3246.0,A,2026-09-05T22:11:04.542942+00:00
be:mun:63023,63023,Eupen,Eupen,Eupen,Wallonia,Liège,Arrondissement Verviers,POPULATION_AGE_15_64,Population aged 15 to 64,count,2026,12523.0,A,2026-09-05T22:11:04.542942+00:00
be:mun:63023,63023,Eupen,Eupen,Eupen,Wallonia,Liège,Arrondissement Verviers,POPULATION_AGE_65_PLUS,Population aged 65 and over,count,2026,4376.0,A,2026-09-05T22:11:04.542942+00:00
be:mun:63023,63023,Eupen,Eupen,Eupen,Wallonia,Liège,Arrondissement Verviers,POPULATION_BY_COMMUNE,Population,count,2026,20145.0,A,2026-09-05T20:42:19.277290+00:00
be:mun:63035,63035,Herve,Herve,Herve,Wallonia,Liège,Arrondissement Verviers,LOCAL_UNITS_BY_COMMUNE,Local business units,count,2023-Q4,2542.0,A,2026-09-05T19:00:05.127955+00:00
be:mun:63035,63035,Herve,Herve,Herve,Wallonia,Liège,Arrondissement Verviers,POPULATION_AGE_0_14,Population aged 0 to 14,count,2026,2726.0,A,2026-09-05T22:11:04.542942+00:00
be:mun:63035,63035,Herve,Herve,Herve,Wallonia,Liège,Arrondissement Verviers,POPULATION_AGE_15_64,Population aged 15 to 64,count,2026,11173.0,A,2026-09-05T22:11:04.542942+00:00
be:mun:63035,63035,Herve,Herve,Herve,Wallonia,Liège,Arrondissement Verviers,POPULATION_AGE_65_PLUS,Population aged 65 and over,count,2026,3923.0,A,2026-09-05T22:11:04.542942+00:00
be:mun:63035,63035,Herve,Herve,Herve,Wallonia,Liège,Arrondissement Verviers,POPULATION_BY_COMMUNE,Population,count,2026,17822.0,A,2026-09-05T20:42:19.277290+00:00
be:mun:63038,63038,Jalhay,Jalhay,Jalhay,Wallonia,Liège,Arrondissement Verviers,LOCAL_UNITS_BY_COMMUNE,Local business units,count,2023-Q4,1281.0,A,2026-09-05T19:00:05.127955+00:00
be:mun:63038,63038,Jalhay,Jalhay,Jalhay,Wallonia,Liège,Arrondissement Verviers,POPULATION_AGE_0_14,Population aged 0 to 14,count,2026,1284.0,A,2026-09-05T22:11:04.542942+00:00
be:mun:63038,63038,Jalhay,Jalhay,Jalhay,Wallonia,Liège,Arrondissement Verviers,POPULATION_AGE_15_64,Population aged 15 to 64,count,2026,5470.0,A,2026-09-05T22:11:04.542942+00:00
be:mun:63038,63038,Jalhay,Jalhay,Jalhay,Wallonia,Liège,Arrondissement Verviers,POPULATION_AGE_65_PLUS,Population aged 65 and over,count,2026,2079.0,A,2026-09-05T22:11:04.542942+00:00
be:mun:63038,63038,Jalhay,Jalhay,Jalhay,Wallonia,Liège,Arrondissement Verviers,POPULATION_BY_COMMUNE,Population,count,2026,8833.0,A,2026-09-05T20:42:19.277290+00:00
be:mun:63040,63040,Kelmis,La Calamine,Kelmis,Wallonia,Liège,Arrondissement Verviers,LOCAL_UNITS_BY_COMMUNE,Local business units,count,2023-Q4,549.0,A,2026-09-05T19:00:05.127955+00:00
be:mun:63040,63040,Kelmis,La Calamine,Kelmis,Wallonia,Liège,Arrondissement Verviers,POPULATION_AGE_0_14,Population aged 0 to 14,count,2026,1854.0,A,2026-09-05T22:11:04.542942+00:00
be:mun:63040,63040,Kelmis,La Calamine,Kelmis,Wallonia,Liège,Arrondissement Verviers,POPULATION_AGE_15_64,Population aged 15 to 64,count,2026,6895.0,A,2026-09-05T22:11:04.542942+00:00
be:mun:63040,63040,Kelmis,La Calamine,Kelmis,Wallonia,Liège,Arrondissement Verviers,POPULATION_AGE_65_PLUS,Population aged 65 and over,count,2026,2583.0,A,2026-09-05T22:11:04.542942+00:00
be:mun:63040,63040,Kelmis,La Calamine,Kelmis,Wallonia,Liège,Arrondissement Verviers,POPULATION_BY_COMMUNE,Population,count,2026,11332.0,A,2026-09-05T20:42:19.277290+00:00
be:mun:63045,63045,Lierneux,Lierneux,Lierneux,Wallonia,Liège,Arrondissement Verviers,LOCAL_UNITS_BY_COMMUNE,Local business units,count,2023-Q4,493.0,A,2026-09-05T19:00:05.127955+00:00
be:mun:63045,63045,Lierneux,Lierneux,Lierneux,Wallonia,Liège,Arrondissement Verviers,POPULATION_AGE_0_14,Population aged 0 to 14,count,2026,538.0,A,2026-09-05T22:11:04.542942+00:00
be:mun:63045,63045,Lierneux,Lierneux,Lierneux,Wallonia,Liège,Arrondissement Verviers,POPULATION_AGE_15_64,Population aged 15 to 64,count,2026,2400.0,A,2026-09-05T22:11:04.542942+00:00
be:mun:63045,63045,Lierneux,Lierneux,Lierneux,Wallonia,Liège,Arrondissement Verviers,POPULATION_AGE_65_PLUS,Population aged 65 and over,count,2026,708.0,A,2026-09-05T22:11:04.542942+00:00
be:mun:63045,63045,Lierneux,Lierneux,Lierneux,Wallonia,Liège,Arrondissement Verviers,POPULATION_BY_COMMUNE,Population,count,2026,3646.0,A,2026-09-05T20:42:19.277290+00:00
be:mun:63046,63046,Limbourg,Limbourg,Limburg,Wallonia,Liège,Arrondissement Verviers,LOCAL_UNITS_BY_COMMUNE,Local business units,count,2023-Q4,632.0,A,2026-09-05T19:00:05.127955+00:00
be:mun:63046,63046,Limbourg,Limbourg,Limburg,Wallonia,Liège,Arrondissement Verviers,POPULATION_AGE_0_14,Population aged 0 to 14,count,2026,899.0,A,2026-09-05T22:11:04.542942+00:00
be:mun:63046,63046,Limbourg,Limbourg,Limburg,Wallonia,Liège,Arrondissement Verviers,POPULATION_AGE_15_64,Population aged 15 to 64,count,2026,3553.0,A,2026-09-05T22:11:04.542942+00:00
be:mun:63046,63046,Limbourg,Limbourg,Limburg,Wallonia,Liège,Arrondissement Verviers,POPULATION_AGE_65_PLUS,Population aged 65 and over,count,2026,1217.0,A,2026-09-05T22:11:04.542942+00:00
be:mun:63046,63046,Limbourg,Limbourg,Limburg,Wallonia,Liège,Arrondissement Verviers,POPULATION_BY_COMMUNE,Population,count,2026,5669.0,A,2026-09-05T20:42:19.277290+00:00
be:mun:63048,63048,Lontzen,Lontzen,Lontzen,Wallonia,Liège,Arrondissement Verviers,LOCAL_UNITS_BY_COMMUNE,Local business units,count,2023-Q4,585.0,A,2026-09-05T19:00:05.127955+00:00
be:mun:63048,63048,Lontzen,Lontzen,Lontzen,Wallonia,Liège,Arrondissement Verviers,POPULATION_AGE_0_14,Population aged 0 to 14,count,2026,1095.0,A,2026-09-05T22:11:04.542942+00:00
be:mun:63048,63048,Lontzen,Lontzen,Lontzen,Wallonia,Liège,Arrondissement Verviers,POPULATION_AGE_15_64,Population aged 15 to 64,count,2026,3767.0,A,2026-09-05T22:11:04.542942+00:00
be:mun:63048,63048,Lontzen,Lontzen,Lontzen,Wallonia,Liège,Arrondissement Verviers,POPULATION_AGE_65_PLUS,Population aged 65 and over,count,2026,1218.0,A,2026-09-05T22:11:04.542942+00:00
be:mun:63048,63048,Lontzen,Lontzen,Lontzen,Wallonia,Liège,Arrondissement Verviers,POPULATION_BY_COMMUNE,Population,count,2026,6080.0,A,2026-09-05T20:42:19.277290+00:00
be:mun:63049,63049,Malmedy,Malmedy,Malmedy,Wallonia,Liège,Arrondissement Verviers,LOCAL_UNITS_BY_COMMUNE,Local business units,count,2023-Q4,1798.0,A,2026-09-05T19:00:05.127955+00:00
be:mun:63049,63049,Malmedy,Malmedy,Malmedy,Wallonia,Liège,Arrondissement Verviers,POPULATION_AGE_0_14,Population aged 0 to 14,count,2026,1867.0,A,2026-09-05T22:11:04.542942+00:00
be:mun:63049,63049,Malmedy,Malmedy,Malmedy,Wallonia,Liège,Arrondissement Verviers,POPULATION_AGE_15_64,Population aged 15 to 64,count,2026,8028.0,A,2026-09-05T22:11:04.542942+00:00
be:mun:63049,63049,Malmedy,Malmedy,Malmedy,Wallonia,Liège,Arrondissement Verviers,POPULATION_AGE_65_PLUS,Population aged 65 and over,count,2026,3078.0,A,2026-09-05T22:11:04.542942+00:00
be:mun:63049,63049,Malmedy,Malmedy,Malmedy,Wallonia,Liège,Arrondissement Verviers,POPULATION_BY_COMMUNE,Population,count,2026,12973.0,A,2026-09-05T20:42:19.277290+00:00
be:mun:63057,63057,Olne,Olne,Olne,Wallonia,Liège,Arrondissement Verviers,LOCAL_UNITS_BY_COMMUNE,Local business units,count,2023-Q4,486.0,A,2026-09-05T19:00:05.127955+00:00
be:mun:63057,63057,Olne,Olne,Olne,Wallonia,Liège,Arrondissement Verviers,POPULATION_AGE_0_14,Population aged 0 to 14,count,2026,619.0,A,2026-09-05T22:11:04.542942+00:00
be:mun:63057,63057,Olne,Olne,Olne,Wallonia,Liège,Arrondissement Verviers,POPULATION_AGE_15_64,Population aged 15 to 64,count,2026,2661.0,A,2026-09-05T22:11:04.542942+00:00
be:mun:63057,63057,Olne,Olne,Olne,Wallonia,Liège,Arrondissement Verviers,POPULATION_AGE_65_PLUS,Population aged 65 and over,count,2026,899.0,A,2026-09-05T22:11:04.542942+00:00
be:mun:63057,63057,Olne,Olne,Olne,Wallonia,Liège,Arrondissement Verviers,POPULATION_BY_COMMUNE,Population,count,2026,4179.0,A,2026-09-05T20:42:19.277290+00:00
be:mun:63058,63058,Pepinster,Pepinster,Pepinster,Wallonia,Liège,Arrondissement Verviers,LOCAL_UNITS_BY_COMMUNE,Local business units,count,2023-Q4,854.0,A,2026-09-05T19:00:05.127955+00:00
be:mun:63058,63058,Pepinster,Pepinster,Pepinster,Wallonia,Liège,Arrondissement Verviers,POPULATION_AGE_0_14,Population aged 0 to 14,count,2026,1556.0,A,2026-09-05T22:11:04.542942+00:00
be:mun:63058,63058,Pepinster,Pepinster,Pepinster,Wallonia,Liège,Arrondissement Verviers,POPULATION_AGE_15_64,Population aged 15 to 64,count,2026,6033.0,A,2026-09-05T22:11:04.542942+00:00
be:mun:63058,63058,Pepinster,Pepinster,Pepinster,Wallonia,Liège,Arrondissement Verviers,POPULATION_AGE_65_PLUS,Population aged 65 and over,count,2026,1792.0,A,2026-09-05T22:11:04.542942+00:00
be:mun:63058,63058,Pepinster,Pepinster,Pepinster,Wallonia,Liège,Arrondissement Verviers,POPULATION_BY_COMMUNE,Population,count,2026,9381.0,A,2026-09-05T20:42:19.277290+00:00
be:mun:63061,63061,Raeren,Raeren,Raeren,Wallonia,Liège,Arrondissement Verviers,LOCAL_UNITS_BY_COMMUNE,Local business units,count,2023-Q4,830.0,A,2026-09-05T19:00:05.127955+00:00
be:mun:63061,63061,Raeren,Raeren,Raeren,Wallonia,Liège,Arrondissement Verviers,POPULATION_AGE_0_14,Population aged 0 to 14,count,2026,1777.0,A,2026-09-05T22:11:04.542942+00:00
be:mun:63061,63061,Raeren,Raeren,Raeren,Wallonia,Liège,Arrondissement Verviers,POPULATION_AGE_15_64,Population aged 15 to 64,count,2026,6826.0,A,2026-09-05T22:11:04.542942+00:00
be:mun:63061,63061,Raeren,Raeren,Raeren,Wallonia,Liège,Arrondissement Verviers,POPULATION_AGE_65_PLUS,Population aged 65 and over,count,2026,2511.0,A,2026-09-05T22:11:04.542942+00:00
be:mun:63061,63061,Raeren,Raeren,Raeren,Wallonia,Liège,Arrondissement Verviers,POPULATION_BY_COMMUNE,Population,count,2026,11114.0,A,2026-09-05T20:42:19.277290+00:00
be:mun:63067,63067,Sankt Vith,Saint-Vith,Sankt Vith,Wallonia,Liège,Arrondissement Verviers,LOCAL_UNITS_BY_COMMUNE,Local business units,count,2023-Q4,1489.0,A,2026-09-05T19:00:05.127955+00:00
be:mun:63067,63067,Sankt Vith,Saint-Vith,Sankt Vith,Wallonia,Liège,Arrondissement Verviers,POPULATION_AGE_0_14,Population aged 0 to 14,count,2026,1647.0,A,2026-09-05T22:11:04.542942+00:00
be:mun:63067,63067,Sankt Vith,Saint-Vith,Sankt Vith,Wallonia,Liège,Arrondissement Verviers,POPULATION_AGE_15_64,Population aged 15 to 64,count,2026,6371.0,A,2026-09-05T22:11:04.542942+00:00
be:mun:63067,63067,Sankt Vith,Saint-Vith,Sankt Vith,Wallonia,Liège,Arrondissement Verviers,POPULATION_AGE_65_PLUS,Population aged 65 and over,count,2026,2173.0,A,2026-09-05T22:11:04.542942+00:00
be:mun:63067,63067,Sankt Vith,Saint-Vith,Sankt Vith,Wallonia,Liège,Arrondissement Verviers,POPULATION_BY_COMMUNE,Population,count,2026,10191.0,A,2026-09-05T20:42:19.277290+00:00
be:mun:63072,63072,Spa,Spa,Spa,Wallonia,Liège,Arrondissement Verviers,LOCAL_UNITS_BY_COMMUNE,Local business units,count,2023-Q4,1194.0,A,2026-09-05T19:00:05.127955+00:00
be:mun:63072,63072,Spa,Spa,Spa,Wallonia,Liège,Arrondissement Verviers,POPULATION_AGE_0_14,Population aged 0 to 14,count,2026,1247.0,A,2026-09-05T22:11:04.542942+00:00
be:mun:63072,63072,Spa,Spa,Spa,Wallonia,Liège,Arrondissement Verviers,POPULATION_AGE_15_64,Population aged 15 to 64,count,2026,5927.0,A,2026-09-05T22:11:04.542942+00:00
be:mun:63072,63072,Spa,Spa,Spa,Wallonia,Liège,Arrondissement Verviers,POPULATION_AGE_65_PLUS,Population aged 65 and over,count,2026,2749.0,A,2026-09-05T22:11:04.542942+00:00
be:mun:63072,63072,Spa,Spa,Spa,Wallonia,Liège,Arrondissement Verviers,POPULATION_BY_COMMUNE,Population,count,2026,9923.0,A,2026-09-05T20:42:19.277290+00:00
be:mun:63073,63073,Stavelot,Stavelot,Stavelot,Wallonia,Liège,Arrondissement Verviers,LOCAL_UNITS_BY_COMMUNE,Local business units,count,2023-Q4,1006.0,A,2026-09-05T19:00:05.127955+00:00
be:mun:63073,63073,Stavelot,Stavelot,Stavelot,Wallonia,Liège,Arrondissement Verviers,POPULATION_AGE_0_14,Population aged 0 to 14,count,2026,1132.0,A,2026-09-05T22:11:04.542942+00:00
be:mun:63073,63073,Stavelot,Stavelot,Stavelot,Wallonia,Liège,Arrondissement Verviers,POPULATION_AGE_15_64,Population aged 15 to 64,count,2026,4501.0,A,2026-09-05T22:11:04.542942+00:00
be:mun:63073,63073,Stavelot,Stavelot,Stavelot,Wallonia,Liège,Arrondissement Verviers,POPULATION_AGE_65_PLUS,Population aged 65 and over,count,2026,1588.0,A,2026-09-05T22:11:04.542942+00:00
be:mun:63073,63073,Stavelot,Stavelot,Stavelot,Wallonia,Liège,Arrondissement Verviers,POPULATION_BY_COMMUNE,Population,count,2026,7221.0,A,2026-09-05T20:42:19.277290+00:00
be:mun:63075,63075,Stoumont,Stoumont,Stoumont,Wallonia,Liège,Arrondissement Verviers,LOCAL_UNITS_BY_COMMUNE,Local business units,count,2023-Q4,490.0,A,2026-09-05T19:00:05.127955+00:00
be:mun:63075,63075,Stoumont,Stoumont,Stoumont,Wallonia,Liège,Arrondissement Verviers,POPULATION_AGE_0_14,Population aged 0 to 14,count,2026,504.0,A,2026-09-05T22:11:04.542942+00:00
be:mun:63075,63075,Stoumont,Stoumont,Stoumont,Wallonia,Liège,Arrondissement Verviers,POPULATION_AGE_15_64,Population aged 15 to 64,count,2026,2025.0,A,2026-09-05T22:11:04.542942+00:00
be:mun:63075,63075,Stoumont,Stoumont,Stoumont,Wallonia,Liège,Arrondissement Verviers,POPULATION_AGE_65_PLUS,Population aged 65 and over,count,2026,714.0,A,2026-09-05T22:11:04.542942+00:00
be:mun:63075,63075,Stoumont,Stoumont,Stoumont,Wallonia,Liège,Arrondissement Verviers,POPULATION_BY_COMMUNE,Population,count,2026,3243.0,A,2026-09-05T20:42:19.277290+00:00
be:mun:63076,63076,Theux,Theux,Theux,Wallonia,Liège,Arrondissement Verviers,LOCAL_UNITS_BY_COMMUNE,Local business units,count,2023-Q4,1670.0,A,2026-09-05T19:00:05.127955+00:00
be:mun:63076,63076,Theux,Theux,Theux,Wallonia,Liège,Arrondissement Verviers,POPULATION_AGE_0_14,Population aged 0 to 14,count,2026,1790.0,A,2026-09-05T22:11:04.542942+00:00
be:mun:63076,63076,Theux,Theux,Theux,Wallonia,Liège,Arrondissement Verviers,POPULATION_AGE_15_64,Population aged 15 to 64,count,2026,7734.0,A,2026-09-05T22:11:04.542942+00:00
be:mun:63076,63076,Theux,Theux,Theux,Wallonia,Liège,Arrondissement Verviers,POPULATION_AGE_65_PLUS,Population aged 65 and over,count,2026,2661.0,A,2026-09-05T22:11:04.542942+00:00
be:mun:63076,63076,Theux,Theux,Theux,Wallonia,Liège,Arrondissement Verviers,POPULATION_BY_COMMUNE,Population,count,2026,12185.0,A,2026-09-05T20:42:19.277290+00:00
be:mun:63079,63079,Verviers,Verviers,Verviers,Wallonia,Liège,Arrondissement Verviers,LOCAL_UNITS_BY_COMMUNE,Local business units,count,2023-Q4,4938.0,A,2026-09-05T19:00:05.127955+00:00
be:mun:63079,63079,Verviers,Verviers,Verviers,Wallonia,Liège,Arrondissement Verviers,POPULATION_AGE_0_14,Population aged 0 to 14,count,2026,10434.0,A,2026-09-05T22:11:04.542942+00:00
be:mun:63079,63079,Verviers,Verviers,Verviers,Wallonia,Liège,Arrondissement Verviers,POPULATION_AGE_15_64,Population aged 15 to 64,count,2026,34880.0,A,2026-09-05T22:11:04.542942+00:00
be:mun:63079,63079,Verviers,Verviers,Verviers,Wallonia,Liège,Arrondissement Verviers,POPULATION_AGE_65_PLUS,Population aged 65 and over,count,2026,10868.0,A,2026-09-05T22:11:04.542942+00:00
be:mun:63079,63079,Verviers,Verviers,Verviers,Wallonia,Liège,Arrondissement Verviers,POPULATION_BY_COMMUNE,Population,count,2026,56182.0,A,2026-09-05T20:42:19.277290+00:00
be:mun:63080,63080,Waimes,Waimes,Weismes,Wallonia,Liège,Arrondissement Verviers,LOCAL_UNITS_BY_COMMUNE,Local business units,count,2023-Q4,1192.0,A,2026-09-05T19:00:05.127955+00:00
be:mun:63080,63080,Waimes,Waimes,Weismes,Wallonia,Liège,Arrondissement Verviers,POPULATION_AGE_0_14,Population aged 0 to 14,count,2026,1146.0,A,2026-09-05T22:11:04.542942+00:00
be:mun:63080,63080,Waimes,Waimes,Weismes,Wallonia,Liège,Arrondissement Verviers,POPULATION_AGE_15_64,Population aged 15 to 64,count,2026,4772.0,A,2026-09-05T22:11:04.542942+00:00
be:mun:63080,63080,Waimes,Waimes,Weismes,Wallonia,Liège,Arrondissement Verviers,POPULATION_AGE_65_PLUS,Population aged 65 and over,count,2026,1606.0,A,2026-09-05T22:11:04.542942+00:00
be:mun:63080,63080,Waimes,Waimes,Weismes,Wallonia,Liège,Arrondissement Verviers,POPULATION_BY_COMMUNE,Population,count,2026,7524.0,A,2026-09-05T20:42:19.277290+00:00
be:mun:63084,63084,Welkenraedt,Welkenraedt,Welkenraedt,Wallonia,Liège,Arrondissement Verviers,LOCAL_UNITS_BY_COMMUNE,Local business units,count,2023-Q4,1145.0,A,2026-09-05T19:00:05.127955+00:00
be:mun:63084,63084,Welkenraedt,Welkenraedt,Welkenraedt,Wallonia,Liège,Arrondissement Verviers,POPULATION_AGE_0_14,Population aged 0 to 14,count,2026,1736.0,A,2026-09-05T22:11:04.542942+00:00
be:mun:63084,63084,Welkenraedt,Welkenraedt,Welkenraedt,Wallonia,Liège,Arrondissement Verviers,POPULATION_AGE_15_64,Population aged 15 to 64,count,2026,6581.0,A,2026-09-05T22:11:04.542942+00:00
be:mun:63084,63084,Welkenraedt,Welkenraedt,Welkenraedt,Wallonia,Liège,Arrondissement Verviers,POPULATION_AGE_65_PLUS,Population aged 65 and over,count,2026,2214.0,A,2026-09-05T22:11:04.542942+00:00
be:mun:63084,63084,Welkenraedt,Welkenraedt,Welkenraedt,Wallonia,Liège,Arrondissement Verviers,POPULATION_BY_COMMUNE,Population,count,2026,10531.0,A,2026-09-05T20:42:19.277290+00:00
be:mun:63086,63086,Trois-Ponts,Trois-Ponts,Trois-Ponts,Wallonia,Liège,Arrondissement Verviers,LOCAL_UNITS_BY_COMMUNE,Local business units,count,2023-Q4,340.0,A,2026-09-05T19:00:05.127955+00:00
be:mun:63086,63086,Trois-Ponts,Trois-Ponts,Trois-Ponts,Wallonia,Liège,Arrondissement Verviers,POPULATION_AGE_0_14,Population aged 0 to 14,count,2026,381.0,A,2026-09-05T22:11:04.542942+00:00
be:mun:63086,63086,Trois-Ponts,Trois-Ponts,Trois-Ponts,Wallonia,Liège,Arrondissement Verviers,POPULATION_AGE_15_64,Population aged 15 to 64,count,2026,1606.0,A,2026-09-05T22:11:04.542942+00:00
be:mun:63086,63086,Trois-Ponts,Trois-Ponts,Trois-Ponts,Wallonia,Liège,Arrondissement Verviers,POPULATION_AGE_65_PLUS,Population aged 65 and over,count,2026,553.0,A,2026-09-05T22:11:04.542942+00:00
be:mun:63086,63086,Trois-Ponts,Trois-Ponts,Trois-Ponts,Wallonia,Liège,Arrondissement Verviers,POPULATION_BY_COMMUNE,Population,count,2026,2540.0,A,2026-09-05T20:42:19.277290+00:00
be:mun:63087,63087,Burg-Reuland,Burg-Reuland,Burg-Reuland,Wallonia,Liège,Arrondissement Verviers,LOCAL_UNITS_BY_COMMUNE,Local business units,count,2023-Q4,485.0,A,2026-09-05T19:00:05.127955+00:00
be:mun:63087,63087,Burg-Reuland,Burg-Reuland,Burg-Reuland,Wallonia,Liège,Arrondissement Verviers,POPULATION_AGE_0_14,Population aged 0 to 14,count,2026,627.0,A,2026-09-05T22:11:04.542942+00:00
be:mun:63087,63087,Burg-Reuland,Burg-Reuland,Burg-Reuland,Wallonia,Liège,Arrondissement Verviers,POPULATION_AGE_15_64,Population aged 15 to 64,count,2026,2523.0,A,2026-09-05T22:11:04.542942+00:00
be:mun:63087,63087,Burg-Reuland,Burg-Reuland,Burg-Reuland,Wallonia,Liège,Arrondissement Verviers,POPULATION_AGE_65_PLUS,Population aged 65 and over,count,2026,793.0,A,2026-09-05T22:11:04.542942+00:00
be:mun:63087,63087,Burg-Reuland,Burg-Reuland,Burg-Reuland,Wallonia,Liège,Arrondissement Verviers,POPULATION_BY_COMMUNE,Population,count,2026,3943.0,A,2026-09-05T20:42:19.277290+00:00
be:mun:63088,63088,Plombières,Plombières,Plombières,Wallonia,Liège,Arrondissement Verviers,LOCAL_UNITS_BY_COMMUNE,Local business units,count,2023-Q4,897.0,A,2026-09-05T19:00:05.127955+00:00
be:mun:63088,63088,Plombières,Plombières,Plombières,Wallonia,Liège,Arrondissement Verviers,POPULATION_AGE_0_14,Population aged 0 to 14,count,2026,1828.0,A,2026-09-05T22:11:04.542942+00:00
be:mun:63088,63088,Plombières,Plombières,Plombières,Wallonia,Liège,Arrondissement Verviers,POPULATION_AGE_15_64,Population aged 15 to 64,count,2026,6657.0,A,2026-09-05T22:11:04.542942+00:00
be:mun:63088,63088,Plombières,Plombières,Plombières,Wallonia,Liège,Arrondissement Verviers,POPULATION_AGE_65_PLUS,Population aged 65 and over,count,2026,2217.0,A,2026-09-05T22:11:04.542942+00:00
be:mun:63088,63088,Plombières,Plombières,Plombières,Wallonia,Liège,Arrondissement Verviers,POPULATION_BY_COMMUNE,Population,count,2026,10702.0,A,2026-09-05T20:42:19.277290+00:00
be:mun:63089,63089,Thimister-Clermont,Thimister-Clermont,Thimister-Clermont,Wallonia,Liège,Arrondissement Verviers,LOCAL_UNITS_BY_COMMUNE,Local business units,count,2023-Q4,1041.0,A,2026-09-05T19:00:05.127955+00:00
be:mun:63089,63089,Thimister-Clermont,Thimister-Clermont,Thimister-Clermont,Wallonia,Liège,Arrondissement Verviers,POPULATION_AGE_0_14,Population aged 0 to 14,count,2026,923.0,A,2026-09-05T22:11:04.542942+00:00
be:mun:63089,63089,Thimister-Clermont,Thimister-Clermont,Thimister-Clermont,Wallonia,Liège,Arrondissement Verviers,POPULATION_AGE_15_64,Population aged 15 to 64,count,2026,3541.0,A,2026-09-05T22:11:04.542942+00:00
be:mun:63089,63089,Thimister-Clermont,Thimister-Clermont,Thimister-Clermont,Wallonia,Liège,Arrondissement Verviers,POPULATION_AGE_65_PLUS,Population aged 65 and over,count,2026,1150.0,A,2026-09-05T22:11:04.542942+00:00
be:mun:63089,63089,Thimister-Clermont,Thimister-Clermont,Thimister-Clermont,Wallonia,Liège,Arrondissement Verviers,POPULATION_BY_COMMUNE,Population,count,2026,5614.0,A,2026-09-05T20:42:19.277290+00:00
be:mun:64008,64008,Berloz,Berloz,Berloz,Wallonia,Liège,Arrondissement Borgworm,LOCAL_UNITS_BY_COMMUNE,Local business units,count,2023-Q4,266.0,A,2026-09-05T19:00:05.127955+00:00
be:mun:64008,64008,Berloz,Berloz,Berloz,Wallonia,Liège,Arrondissement Borgworm,POPULATION_AGE_0_14,Population aged 0 to 14,count,2026,601.0,A,2026-09-05T22:11:04.542942+00:00
be:mun:64008,64008,Berloz,Berloz,Berloz,Wallonia,Liège,Arrondissement Borgworm,POPULATION_AGE_15_64,Population aged 15 to 64,count,2026,2287.0,A,2026-09-05T22:11:04.542942+00:00
be:mun:64008,64008,Berloz,Berloz,Berloz,Wallonia,Liège,Arrondissement Borgworm,POPULATION_AGE_65_PLUS,Population aged 65 and over,count,2026,538.0,A,2026-09-05T22:11:04.542942+00:00
be:mun:64008,64008,Berloz,Berloz,Berloz,Wallonia,Liège,Arrondissement Borgworm,POPULATION_BY_COMMUNE,Population,count,2026,3426.0,A,2026-09-05T20:42:19.277290+00:00
be:mun:64015,64015,Braives,Braives,Braives,Wallonia,Liège,Arrondissement Borgworm,LOCAL_UNITS_BY_COMMUNE,Local business units,count,2023-Q4,692.0,A,2026-09-05T19:00:05.127955+00:00
be:mun:64015,64015,Braives,Braives,Braives,Wallonia,Liège,Arrondissement Borgworm,POPULATION_AGE_0_14,Population aged 0 to 14,count,2026,1120.0,A,2026-09-05T22:11:04.542942+00:00
be:mun:64015,64015,Braives,Braives,Braives,Wallonia,Liège,Arrondissement Borgworm,POPULATION_AGE_15_64,Population aged 15 to 64,count,2026,4236.0,A,2026-09-05T22:11:04.542942+00:00
be:mun:64015,64015,Braives,Braives,Braives,Wallonia,Liège,Arrondissement Borgworm,POPULATION_AGE_65_PLUS,Population aged 65 and over,count,2026,1171.0,A,2026-09-05T22:11:04.542942+00:00
be:mun:64015,64015,Braives,Braives,Braives,Wallonia,Liège,Arrondissement Borgworm,POPULATION_BY_COMMUNE,Population,count,2026,6527.0,A,2026-09-05T20:42:19.277290+00:00
be:mun:64021,64021,Crisnée,Crisnée,Crisnée,Wallonia,Liège,Arrondissement Borgworm,LOCAL_UNITS_BY_COMMUNE,Local business units,count,2023-Q4,450.0,A,2026-09-05T19:00:05.127955+00:00
be:mun:64021,64021,Crisnée,Crisnée,Crisnée,Wallonia,Liège,Arrondissement Borgworm,POPULATION_AGE_0_14,Population aged 0 to 14,count,2026,448.0,A,2026-09-05T22:11:04.542942+00:00
be:mun:64021,64021,Crisnée,Crisnée,Crisnée,Wallonia,Liège,Arrondissement Borgworm,POPULATION_AGE_15_64,Population aged 15 to 64,count,2026,2389.0,A,2026-09-05T22:11:04.542942+00:00
be:mun:64021,64021,Crisnée,Crisnée,Crisnée,Wallonia,Liège,Arrondissement Borgworm,POPULATION_AGE_65_PLUS,Population aged 65 and over,count,2026,758.0,A,2026-09-05T22:11:04.542942+00:00
be:mun:64021,64021,Crisnée,Crisnée,Crisnée,Wallonia,Liège,Arrondissement Borgworm,POPULATION_BY_COMMUNE,Population,count,2026,3595.0,A,2026-09-05T20:42:19.277290+00:00
be:mun:64023,64023,Donceel,Donceel,Donceel,Wallonia,Liège,Arrondissement Borgworm,LOCAL_UNITS_BY_COMMUNE,Local business units,count,2023-Q4,406.0,A,2026-09-05T19:00:05.127955+00:00
be:mun:64023,64023,Donceel,Donceel,Donceel,Wallonia,Liège,Arrondissement Borgworm,POPULATION_AGE_0_14,Population aged 0 to 14,count,2026,486.0,A,2026-09-05T22:11:04.542942+00:00
be:mun:64023,64023,Donceel,Donceel,Donceel,Wallonia,Liège,Arrondissement Borgworm,POPULATION_AGE_15_64,Population aged 15 to 64,count,2026,2074.0,A,2026-09-05T22:11:04.542942+00:00
be:mun:64023,64023,Donceel,Donceel,Donceel,Wallonia,Liège,Arrondissement Borgworm,POPULATION_AGE_65_PLUS,Population aged 65 and over,count,2026,567.0,A,2026-09-05T22:11:04.542942+00:00
be:mun:64023,64023,Donceel,Donceel,Donceel,Wallonia,Liège,Arrondissement Borgworm,POPULATION_BY_COMMUNE,Population,count,2026,3127.0,A,2026-09-05T20:42:19.277290+00:00
be:mun:64025,64025,Fexhe-le-Haut-Clocher,Fexhe-le-Haut-Clocher,Fexhe-le-Haut-Clocher,Wallonia,Liège,Arrondissement Borgworm,LOCAL_UNITS_BY_COMMUNE,Local business units,count,2023-Q4,361.0,A,2026-09-05T19:00:05.127955+00:00
be:mun:64025,64025,Fexhe-le-Haut-Clocher,Fexhe-le-Haut-Clocher,Fexhe-le-Haut-Clocher,Wallonia,Liège,Arrondissement Borgworm,POPULATION_AGE_0_14,Population aged 0 to 14,count,2026,565.0,A,2026-09-05T22:11:04.542942+00:00
be:mun:64025,64025,Fexhe-le-Haut-Clocher,Fexhe-le-Haut-Clocher,Fexhe-le-Haut-Clocher,Wallonia,Liège,Arrondissement Borgworm,POPULATION_AGE_15_64,Population aged 15 to 64,count,2026,2149.0,A,2026-09-05T22:11:04.542942+00:00
be:mun:64025,64025,Fexhe-le-Haut-Clocher,Fexhe-le-Haut-Clocher,Fexhe-le-Haut-Clocher,Wallonia,Liège,Arrondissement Borgworm,POPULATION_AGE_65_PLUS,Population aged 65 and over,count,2026,694.0,A,2026-09-05T22:11:04.542942+00:00
be:mun:64025,64025,Fexhe-le-Haut-Clocher,Fexhe-le-Haut-Clocher,Fexhe-le-Haut-Clocher,Wallonia,Liège,Arrondissement Borgworm,POPULATION_BY_COMMUNE,Population,count,2026,3408.0,A,2026-09-05T20:42:19.277290+00:00
be:mun:64029,64029,Geer,Geer,Geer,Wallonia,Liège,Arrondissement Borgworm,LOCAL_UNITS_BY_COMMUNE,Local business units,count,2023-Q4,421.0,A,2026-09-05T19:00:05.127955+00:00
be:mun:64029,64029,Geer,Geer,Geer,Wallonia,Liège,Arrondissement Borgworm,POPULATION_AGE_0_14,Population aged 0 to 14,count,2026,554.0,A,2026-09-05T22:11:04.542942+00:00
be:mun:64029,64029,Geer,Geer,Geer,Wallonia,Liège,Arrondissement Borgworm,POPULATION_AGE_15_64,Population aged 15 to 64,count,2026,2443.0,A,2026-09-05T22:11:04.542942+00:00
be:mun:64029,64029,Geer,Geer,Geer,Wallonia,Liège,Arrondissement Borgworm,POPULATION_AGE_65_PLUS,Population aged 65 and over,count,2026,581.0,A,2026-09-05T22:11:04.542942+00:00
be:mun:64029,64029,Geer,Geer,Geer,Wallonia,Liège,Arrondissement Borgworm,POPULATION_BY_COMMUNE,Population,count,2026,3578.0,A,2026-09-05T20:42:19.277290+00:00
be:mun:64034,64034,Hannut,Hannut,Hannuit,Wallonia,Liège,Arrondissement Borgworm,LOCAL_UNITS_BY_COMMUNE,Local business units,count,2023-Q4,2038.0,A,2026-09-05T19:00:05.127955+00:00
be:mun:64034,64034,Hannut,Hannut,Hannuit,Wallonia,Liège,Arrondissement Borgworm,POPULATION_AGE_0_14,Population aged 0 to 14,count,2026,2560.0,A,2026-09-05T22:11:04.542942+00:00
be:mun:64034,64034,Hannut,Hannut,Hannuit,Wallonia,Liège,Arrondissement Borgworm,POPULATION_AGE_15_64,Population aged 15 to 64,count,2026,10976.0,A,2026-09-05T22:11:04.542942+00:00
be:mun:64034,64034,Hannut,Hannut,Hannuit,Wallonia,Liège,Arrondissement Borgworm,POPULATION_AGE_65_PLUS,Population aged 65 and over,count,2026,3759.0,A,2026-09-05T22:11:04.542942+00:00
be:mun:64034,64034,Hannut,Hannut,Hannuit,Wallonia,Liège,Arrondissement Borgworm,POPULATION_BY_COMMUNE,Population,count,2026,17295.0,A,2026-09-05T20:42:19.277290+00:00
be:mun:64047,64047,Lincent,Lincent,Lijsem,Wallonia,Liège,Arrondissement Borgworm,LOCAL_UNITS_BY_COMMUNE,Local business units,count,2023-Q4,260.0,A,2026-09-05T19:00:05.127955+00:00
be:mun:64047,64047,Lincent,Lincent,Lijsem,Wallonia,Liège,Arrondissement Borgworm,POPULATION_AGE_0_14,Population aged 0 to 14,count,2026,552.0,A,2026-09-05T22:11:04.542942+00:00
be:mun:64047,64047,Lincent,Lincent,Lijsem,Wallonia,Liège,Arrondissement Borgworm,POPULATION_AGE_15_64,Population aged 15 to 64,count,2026,2157.0,A,2026-09-05T22:11:04.542942+00:00
be:mun:64047,64047,Lincent,Lincent,Lijsem,Wallonia,Liège,Arrondissement Borgworm,POPULATION_AGE_65_PLUS,Population aged 65 and over,count,2026,710.0,A,2026-09-05T22:11:04.542942+00:00
be:mun:64047,64047,Lincent,Lincent,Lijsem,Wallonia,Liège,Arrondissement Borgworm,POPULATION_BY_COMMUNE,Population,count,2026,3419.0,A,2026-09-05T20:42:19.277290+00:00
be:mun:64056,64056,Oreye,Oreye,Oerle,Wallonia,Liège,Arrondissement Borgworm,LOCAL_UNITS_BY_COMMUNE,Local business units,count,2023-Q4,425.0,A,2026-09-05T19:00:05.127955+00:00
be:mun:64056,64056,Oreye,Oreye,Oerle,Wallonia,Liège,Arrondissement Borgworm,POPULATION_AGE_0_14,Population aged 0 to 14,count,2026,689.0,A,2026-09-05T22:11:04.542942+00:00
be:mun:64056,64056,Oreye,Oreye,Oerle,Wallonia,Liège,Arrondissement Borgworm,POPULATION_AGE_15_64,Population aged 15 to 64,count,2026,2666.0,A,2026-09-05T22:11:04.542942+00:00
be:mun:64056,64056,Oreye,Oreye,Oerle,Wallonia,Liège,Arrondissement Borgworm,POPULATION_AGE_65_PLUS,Population aged 65 and over,count,2026,736.0,A,2026-09-05T22:11:04.542942+00:00
be:mun:64056,64056,Oreye,Oreye,Oerle,Wallonia,Liège,Arrondissement Borgworm,POPULATION_BY_COMMUNE,Population,count,2026,4091.0,A,2026-09-05T20:42:19.277290+00:00
be:mun:64063,64063,Remicourt,Remicourt,Remicourt,Wallonia,Liège,Arrondissement Borgworm,LOCAL_UNITS_BY_COMMUNE,Local business units,count,2023-Q4,576.0,A,2026-09-05T19:00:05.127955+00:00
be:mun:64063,64063,Remicourt,Remicourt,Remicourt,Wallonia,Liège,Arrondissement Borgworm,POPULATION_AGE_0_14,Population aged 0 to 14,count,2026,870.0,A,2026-09-05T22:11:04.542942+00:00
be:mun:64063,64063,Remicourt,Remicourt,Remicourt,Wallonia,Liège,Arrondissement Borgworm,POPULATION_AGE_15_64,Population aged 15 to 64,count,2026,3903.0,A,2026-09-05T22:11:04.542942+00:00
be:mun:64063,64063,Remicourt,Remicourt,Remicourt,Wallonia,Liège,Arrondissement Borgworm,POPULATION_AGE_65_PLUS,Population aged 65 and over,count,2026,1175.0,A,2026-09-05T22:11:04.542942+00:00
be:mun:64063,64063,Remicourt,Remicourt,Remicourt,Wallonia,Liège,Arrondissement Borgworm,POPULATION_BY_COMMUNE,Population,count,2026,5948.0,A,2026-09-05T20:42:19.277290+00:00
be:mun:64065,64065,Saint-Georges-sur-Meuse,Saint-Georges-sur-Meuse,Saint-Georges-sur-Meuse,Wallonia,Liège,Arrondissement Borgworm,LOCAL_UNITS_BY_COMMUNE,Local business units,count,2023-Q4,687.0,A,2026-09-05T19:00:05.127955+00:00
be:mun:64065,64065,Saint-Georges-sur-Meuse,Saint-Georges-sur-Meuse,Saint-Georges-sur-Meuse,Wallonia,Liège,Arrondissement Borgworm,POPULATION_AGE_0_14,Population aged 0 to 14,count,2026,1217.0,A,2026-09-05T22:11:04.542942+00:00
be:mun:64065,64065,Saint-Georges-sur-Meuse,Saint-Georges-sur-Meuse,Saint-Georges-sur-Meuse,Wallonia,Liège,Arrondissement Borgworm,POPULATION_AGE_15_64,Population aged 15 to 64,count,2026,4567.0,A,2026-09-05T22:11:04.542942+00:00
be:mun:64065,64065,Saint-Georges-sur-Meuse,Saint-Georges-sur-Meuse,Saint-Georges-sur-Meuse,Wallonia,Liège,Arrondissement Borgworm,POPULATION_AGE_65_PLUS,Population aged 65 and over,count,2026,1392.0,A,2026-09-05T22:11:04.542942+00:00
be:mun:64065,64065,Saint-Georges-sur-Meuse,Saint-Georges-sur-Meuse,Saint-Georges-sur-Meuse,Wallonia,Liège,Arrondissement Borgworm,POPULATION_BY_COMMUNE,Population,count,2026,7176.0,A,2026-09-05T20:42:19.277290+00:00
be:mun:64074,64074,Waremme,Waremme,Borgworm,Wallonia,Liège,Arrondissement Borgworm,LOCAL_UNITS_BY_COMMUNE,Local business units,count,2023-Q4,1474.0,A,2026-09-05T19:00:05.127955+00:00
be:mun:64074,64074,Waremme,Waremme,Borgworm,Wallonia,Liège,Arrondissement Borgworm,POPULATION_AGE_0_14,Population aged 0 to 14,count,2026,2057.0,A,2026-09-05T22:11:04.542942+00:00
be:mun:64074,64074,Waremme,Waremme,Borgworm,Wallonia,Liège,Arrondissement Borgworm,POPULATION_AGE_15_64,Population aged 15 to 64,count,2026,9544.0,A,2026-09-05T22:11:04.542942+00:00
be:mun:64074,64074,Waremme,Waremme,Borgworm,Wallonia,Liège,Arrondissement Borgworm,POPULATION_AGE_65_PLUS,Population aged 65 and over,count,2026,3826.0,A,2026-09-05T22:11:04.542942+00:00
be:mun:64074,64074,Waremme,Waremme,Borgworm,Wallonia,Liège,Arrondissement Borgworm,POPULATION_BY_COMMUNE,Population,count,2026,15427.0,A,2026-09-05T20:42:19.277290+00:00
be:mun:64075,64075,Wasseiges,Wasseiges,Wasseiges,Wallonia,Liège,Arrondissement Borgworm,LOCAL_UNITS_BY_COMMUNE,Local business units,count,2023-Q4,342.0,A,2026-09-05T19:00:05.127955+00:00
be:mun:64075,64075,Wasseiges,Wasseiges,Wasseiges,Wallonia,Liège,Arrondissement Borgworm,POPULATION_AGE_0_14,Population aged 0 to 14,count,2026,562.0,A,2026-09-05T22:11:04.542942+00:00
be:mun:64075,64075,Wasseiges,Wasseiges,Wasseiges,Wallonia,Liège,Arrondissement Borgworm,POPULATION_AGE_15_64,Population aged 15 to 64,count,2026,2071.0,A,2026-09-05T22:11:04.542942+00:00
be:mun:64075,64075,Wasseiges,Wasseiges,Wasseiges,Wallonia,Liège,Arrondissement Borgworm,POPULATION_AGE_65_PLUS,Population aged 65 and over,count,2026,564.0,A,2026-09-05T22:11:04.542942+00:00
be:mun:64075,64075,Wasseiges,Wasseiges,Wasseiges,Wallonia,Liège,Arrondissement Borgworm,POPULATION_BY_COMMUNE,Population,count,2026,3197.0,A,2026-09-05T20:42:19.277290+00:00
be:mun:64076,64076,Faimes,Faimes,Faimes,Wallonia,Liège,Arrondissement Borgworm,LOCAL_UNITS_BY_COMMUNE,Local business units,count,2023-Q4,473.0,A,2026-09-05T19:00:05.127955+00:00
be:mun:64076,64076,Faimes,Faimes,Faimes,Wallonia,Liège,Arrondissement Borgworm,POPULATION_AGE_0_14,Population aged 0 to 14,count,2026,657.0,A,2026-09-05T22:11:04.542942+00:00
be:mun:64076,64076,Faimes,Faimes,Faimes,Wallonia,Liège,Arrondissement Borgworm,POPULATION_AGE_15_64,Population aged 15 to 64,count,2026,2749.0,A,2026-09-05T22:11:04.542942+00:00
be:mun:64076,64076,Faimes,Faimes,Faimes,Wallonia,Liège,Arrondissement Borgworm,POPULATION_AGE_65_PLUS,Population aged 65 and over,count,2026,785.0,A,2026-09-05T22:11:04.542942+00:00
be:mun:64076,64076,Faimes,Faimes,Faimes,Wallonia,Liège,Arrondissement Borgworm,POPULATION_BY_COMMUNE,Population,count,2026,4191.0,A,2026-09-05T20:42:19.277290+00:00
be:mun:71002,71002,As,As,As,Flanders,Limburg,Arrondissement Hasselt,LOCAL_UNITS_BY_COMMUNE,Local business units,count,2023-Q4,804.0,A,2026-09-05T19:00:05.127955+00:00
be:mun:71002,71002,As,As,As,Flanders,Limburg,Arrondissement Hasselt,POPULATION_AGE_0_14,Population aged 0 to 14,count,2026,1251.0,A,2026-09-05T22:11:04.542942+00:00
be:mun:71002,71002,As,As,As,Flanders,Limburg,Arrondissement Hasselt,POPULATION_AGE_15_64,Population aged 15 to 64,count,2026,5191.0,A,2026-09-05T22:11:04.542942+00:00
be:mun:71002,71002,As,As,As,Flanders,Limburg,Arrondissement Hasselt,POPULATION_AGE_65_PLUS,Population aged 65 and over,count,2026,1807.0,A,2026-09-05T22:11:04.542942+00:00
be:mun:71002,71002,As,As,As,Flanders,Limburg,Arrondissement Hasselt,POPULATION_BY_COMMUNE,Population,count,2026,8249.0,A,2026-09-05T20:42:19.277290+00:00
be:mun:71004,71004,Beringen,Beringen,Beringen,Flanders,Limburg,Arrondissement Hasselt,LOCAL_UNITS_BY_COMMUNE,Local business units,count,2023-Q4,4857.0,A,2026-09-05T19:00:05.127955+00:00
be:mun:71004,71004,Beringen,Beringen,Beringen,Flanders,Limburg,Arrondissement Hasselt,POPULATION_AGE_0_14,Population aged 0 to 14,count,2026,8052.0,A,2026-09-05T22:11:04.542942+00:00
be:mun:71004,71004,Beringen,Beringen,Beringen,Flanders,Limburg,Arrondissement Hasselt,POPULATION_AGE_15_64,Population aged 15 to 64,count,2026,31052.0,A,2026-09-05T22:11:04.542942+00:00
be:mun:71004,71004,Beringen,Beringen,Beringen,Flanders,Limburg,Arrondissement Hasselt,POPULATION_AGE_65_PLUS,Population aged 65 and over,count,2026,9930.0,A,2026-09-05T22:11:04.542942+00:00
be:mun:71004,71004,Beringen,Beringen,Beringen,Flanders,Limburg,Arrondissement Hasselt,POPULATION_BY_COMMUNE,Population,count,2026,49034.0,A,2026-09-05T20:42:19.277290+00:00
be:mun:71011,71011,Diepenbeek,Diepenbeek,Diepenbeek,Flanders,Limburg,Arrondissement Hasselt,LOCAL_UNITS_BY_COMMUNE,Local business units,count,2023-Q4,2188.0,A,2026-09-05T19:00:05.127955+00:00
be:mun:71011,71011,Diepenbeek,Diepenbeek,Diepenbeek,Flanders,Limburg,Arrondissement Hasselt,POPULATION_AGE_0_14,Population aged 0 to 14,count,2026,2628.0,A,2026-09-05T22:11:04.542942+00:00
be:mun:71011,71011,Diepenbeek,Diepenbeek,Diepenbeek,Flanders,Limburg,Arrondissement Hasselt,POPULATION_AGE_15_64,Population aged 15 to 64,count,2026,12480.0,A,2026-09-05T22:11:04.542942+00:00
be:mun:71011,71011,Diepenbeek,Diepenbeek,Diepenbeek,Flanders,Limburg,Arrondissement Hasselt,POPULATION_AGE_65_PLUS,Population aged 65 and over,count,2026,4759.0,A,2026-09-05T22:11:04.542942+00:00
be:mun:71011,71011,Diepenbeek,Diepenbeek,Diepenbeek,Flanders,Limburg,Arrondissement Hasselt,POPULATION_BY_COMMUNE,Population,count,2026,19867.0,A,2026-09-05T20:42:19.277290+00:00
be:mun:71016,71016,Genk,Genk,Genk,Flanders,Limburg,Arrondissement Hasselt,LOCAL_UNITS_BY_COMMUNE,Local business units,count,2023-Q4,7450.0,A,2026-09-05T19:00:05.127955+00:00
be:mun:71016,71016,Genk,Genk,Genk,Flanders,Limburg,Arrondissement Hasselt,POPULATION_AGE_0_14,Population aged 0 to 14,count,2026,10172.0,A,2026-09-05T22:11:04.542942+00:00
be:mun:71016,71016,Genk,Genk,Genk,Flanders,Limburg,Arrondissement Hasselt,POPULATION_AGE_15_64,Population aged 15 to 64,count,2026,42819.0,A,2026-09-05T22:11:04.542942+00:00
be:mun:71016,71016,Genk,Genk,Genk,Flanders,Limburg,Arrondissement Hasselt,POPULATION_AGE_65_PLUS,Population aged 65 and over,count,2026,15110.0,A,2026-09-05T22:11:04.542942+00:00
be:mun:71016,71016,Genk,Genk,Genk,Flanders,Limburg,Arrondissement Hasselt,POPULATION_BY_COMMUNE,Population,count,2026,68101.0,A,2026-09-05T20:42:19.277290+00:00
be:mun:71017,71017,Gingelom,Gingelom,Gingelom,Flanders,Limburg,Arrondissement Hasselt,LOCAL_UNITS_BY_COMMUNE,Local business units,count,2023-Q4,868.0,A,2026-09-05T19:00:05.127955+00:00
be:mun:71017,71017,Gingelom,Gingelom,Gingelom,Flanders,Limburg,Arrondissement Hasselt,POPULATION_AGE_0_14,Population aged 0 to 14,count,2026,1327.0,A,2026-09-05T22:11:04.542942+00:00
be:mun:71017,71017,Gingelom,Gingelom,Gingelom,Flanders,Limburg,Arrondissement Hasselt,POPULATION_AGE_15_64,Population aged 15 to 64,count,2026,5598.0,A,2026-09-05T22:11:04.542942+00:00
be:mun:71017,71017,Gingelom,Gingelom,Gingelom,Flanders,Limburg,Arrondissement Hasselt,POPULATION_AGE_65_PLUS,Population aged 65 and over,count,2026,1830.0,A,2026-09-05T22:11:04.542942+00:00
be:mun:71017,71017,Gingelom,Gingelom,Gingelom,Flanders,Limburg,Arrondissement Hasselt,POPULATION_BY_COMMUNE,Population,count,2026,8755.0,A,2026-09-05T20:42:19.277290+00:00
be:mun:71020,71020,Halen,Halen,Halen,Flanders,Limburg,Arrondissement Hasselt,LOCAL_UNITS_BY_COMMUNE,Local business units,count,2023-Q4,1121.0,A,2026-09-05T19:00:05.127955+00:00
be:mun:71020,71020,Halen,Halen,Halen,Flanders,Limburg,Arrondissement Hasselt,POPULATION_AGE_0_14,Population aged 0 to 14,count,2026,1266.0,A,2026-09-05T22:11:04.542942+00:00
be:mun:71020,71020,Halen,Halen,Halen,Flanders,Limburg,Arrondissement Hasselt,POPULATION_AGE_15_64,Population aged 15 to 64,count,2026,5961.0,A,2026-09-05T22:11:04.542942+00:00
be:mun:71020,71020,Halen,Halen,Halen,Flanders,Limburg,Arrondissement Hasselt,POPULATION_AGE_65_PLUS,Population aged 65 and over,count,2026,2357.0,A,2026-09-05T22:11:04.542942+00:00
be:mun:71020,71020,Halen,Halen,Halen,Flanders,Limburg,Arrondissement Hasselt,POPULATION_BY_COMMUNE,Population,count,2026,9584.0,A,2026-09-05T20:42:19.277290+00:00
be:mun:71024,71024,Herk-de-Stad,Herck-la-Ville,Herk-de-Stad,Flanders,Limburg,Arrondissement Hasselt,LOCAL_UNITS_BY_COMMUNE,Local business units,count,2023-Q4,1830.0,A,2026-09-05T19:00:05.127955+00:00
be:mun:71024,71024,Herk-de-Stad,Herck-la-Ville,Herk-de-Stad,Flanders,Limburg,Arrondissement Hasselt,POPULATION_AGE_0_14,Population aged 0 to 14,count,2026,1799.0,A,2026-09-05T22:11:04.542942+00:00
be:mun:71024,71024,Herk-de-Stad,Herck-la-Ville,Herk-de-Stad,Flanders,Limburg,Arrondissement Hasselt,POPULATION_AGE_15_64,Population aged 15 to 64,count,2026,8082.0,A,2026-09-05T22:11:04.542942+00:00
be:mun:71024,71024,Herk-de-Stad,Herck-la-Ville,Herk-de-Stad,Flanders,Limburg,Arrondissement Hasselt,POPULATION_AGE_65_PLUS,Population aged 65 and over,count,2026,3123.0,A,2026-09-05T22:11:04.542942+00:00
be:mun:71024,71024,Herk-de-Stad,Herck-la-Ville,Herk-de-Stad,Flanders,Limburg,Arrondissement Hasselt,POPULATION_BY_COMMUNE,Population,count,2026,13004.0,A,2026-09-05T20:42:19.277290+00:00
be:mun:71034,71034,Leopoldsburg,Bourg-Léopold,Leopoldsburg,Flanders,Limburg,Arrondissement Hasselt,LOCAL_UNITS_BY_COMMUNE,Local business units,count,2023-Q4,1418.0,A,2026-09-05T19:00:05.127955+00:00
be:mun:71034,71034,Leopoldsburg,Bourg-Léopold,Leopoldsburg,Flanders,Limburg,Arrondissement Hasselt,POPULATION_AGE_0_14,Population aged 0 to 14,count,2026,2666.0,A,2026-09-05T22:11:04.542942+00:00
be:mun:71034,71034,Leopoldsburg,Bourg-Léopold,Leopoldsburg,Flanders,Limburg,Arrondissement Hasselt,POPULATION_AGE_15_64,Population aged 15 to 64,count,2026,10580.0,A,2026-09-05T22:11:04.542942+00:00
be:mun:71034,71034,Leopoldsburg,Bourg-Léopold,Leopoldsburg,Flanders,Limburg,Arrondissement Hasselt,POPULATION_AGE_65_PLUS,Population aged 65 and over,count,2026,3727.0,A,2026-09-05T22:11:04.542942+00:00
be:mun:71034,71034,Leopoldsburg,Bourg-Léopold,Leopoldsburg,Flanders,Limburg,Arrondissement Hasselt,POPULATION_BY_COMMUNE,Population,count,2026,16973.0,A,2026-09-05T20:42:19.277290+00:00
be:mun:71037,71037,Lummen,Lummen,Lummen,Flanders,Limburg,Arrondissement Hasselt,LOCAL_UNITS_BY_COMMUNE,Local business units,count,2023-Q4,2092.0,A,2026-09-05T19:00:05.127955+00:00
be:mun:71037,71037,Lummen,Lummen,Lummen,Flanders,Limburg,Arrondissement Hasselt,POPULATION_AGE_0_14,Population aged 0 to 14,count,2026,2211.0,A,2026-09-05T22:11:04.542942+00:00
be:mun:71037,71037,Lummen,Lummen,Lummen,Flanders,Limburg,Arrondissement Hasselt,POPULATION_AGE_15_64,Population aged 15 to 64,count,2026,9445.0,A,2026-09-05T22:11:04.542942+00:00
be:mun:71037,71037,Lummen,Lummen,Lummen,Flanders,Limburg,Arrondissement Hasselt,POPULATION_AGE_65_PLUS,Population aged 65 and over,count,2026,3796.0,A,2026-09-05T22:11:04.542942+00:00
be:mun:71037,71037,Lummen,Lummen,Lummen,Flanders,Limburg,Arrondissement Hasselt,POPULATION_BY_COMMUNE,Population,count,2026,15452.0,A,2026-09-05T20:42:19.277290+00:00
be:mun:71045,71045,Nieuwerkerken,Nieuwerkerken,Nieuwerkerken,Flanders,Limburg,Arrondissement Hasselt,LOCAL_UNITS_BY_COMMUNE,Local business units,count,2023-Q4,858.0,A,2026-09-05T19:00:05.127955+00:00
be:mun:71045,71045,Nieuwerkerken,Nieuwerkerken,Nieuwerkerken,Flanders,Limburg,Arrondissement Hasselt,POPULATION_AGE_0_14,Population aged 0 to 14,count,2026,1014.0,A,2026-09-05T22:11:04.542942+00:00
be:mun:71045,71045,Nieuwerkerken,Nieuwerkerken,Nieuwerkerken,Flanders,Limburg,Arrondissement Hasselt,POPULATION_AGE_15_64,Population aged 15 to 64,count,2026,4614.0,A,2026-09-05T22:11:04.542942+00:00
be:mun:71045,71045,Nieuwerkerken,Nieuwerkerken,Nieuwerkerken,Flanders,Limburg,Arrondissement Hasselt,POPULATION_AGE_65_PLUS,Population aged 65 and over,count,2026,1712.0,A,2026-09-05T22:11:04.542942+00:00
be:mun:71045,71045,Nieuwerkerken,Nieuwerkerken,Nieuwerkerken,Flanders,Limburg,Arrondissement Hasselt,POPULATION_BY_COMMUNE,Population,count,2026,7340.0,A,2026-09-05T20:42:19.277290+00:00
be:mun:71053,71053,Sint-Truiden,Saint-Trond,Sint-Truiden,Flanders,Limburg,Arrondissement Hasselt,LOCAL_UNITS_BY_COMMUNE,Local business units,count,2023-Q4,5392.0,A,2026-09-05T19:00:05.127955+00:00
be:mun:71053,71053,Sint-Truiden,Saint-Trond,Sint-Truiden,Flanders,Limburg,Arrondissement Hasselt,POPULATION_AGE_0_14,Population aged 0 to 14,count,2026,5591.0,A,2026-09-05T22:11:04.542942+00:00
be:mun:71053,71053,Sint-Truiden,Saint-Trond,Sint-Truiden,Flanders,Limburg,Arrondissement Hasselt,POPULATION_AGE_15_64,Population aged 15 to 64,count,2026,25791.0,A,2026-09-05T22:11:04.542942+00:00
be:mun:71053,71053,Sint-Truiden,Saint-Trond,Sint-Truiden,Flanders,Limburg,Arrondissement Hasselt,POPULATION_AGE_65_PLUS,Population aged 65 and over,count,2026,10605.0,A,2026-09-05T22:11:04.542942+00:00
be:mun:71053,71053,Sint-Truiden,Saint-Trond,Sint-Truiden,Flanders,Limburg,Arrondissement Hasselt,POPULATION_BY_COMMUNE,Population,count,2026,41987.0,A,2026-09-05T20:42:19.277290+00:00
be:mun:71066,71066,Zonhoven,Zonhoven,Zonhoven,Flanders,Limburg,Arrondissement Hasselt,LOCAL_UNITS_BY_COMMUNE,Local business units,count,2023-Q4,2826.0,A,2026-09-05T19:00:05.127955+00:00
be:mun:71066,71066,Zonhoven,Zonhoven,Zonhoven,Flanders,Limburg,Arrondissement Hasselt,POPULATION_AGE_0_14,Population aged 0 to 14,count,2026,3122.0,A,2026-09-05T22:11:04.542942+00:00
be:mun:71066,71066,Zonhoven,Zonhoven,Zonhoven,Flanders,Limburg,Arrondissement Hasselt,POPULATION_AGE_15_64,Population aged 15 to 64,count,2026,13713.0,A,2026-09-05T22:11:04.542942+00:00
be:mun:71066,71066,Zonhoven,Zonhoven,Zonhoven,Flanders,Limburg,Arrondissement Hasselt,POPULATION_AGE_65_PLUS,Population aged 65 and over,count,2026,5195.0,A,2026-09-05T22:11:04.542942+00:00
be:mun:71066,71066,Zonhoven,Zonhoven,Zonhoven,Flanders,Limburg,Arrondissement Hasselt,POPULATION_BY_COMMUNE,Population,count,2026,22030.0,A,2026-09-05T20:42:19.277290+00:00
be:mun:71067,71067,Zutendaal,Zutendaal,Zutendaal,Flanders,Limburg,Arrondissement Hasselt,LOCAL_UNITS_BY_COMMUNE,Local business units,count,2023-Q4,880.0,A,2026-09-05T19:00:05.127955+00:00
be:mun:71067,71067,Zutendaal,Zutendaal,Zutendaal,Flanders,Limburg,Arrondissement Hasselt,POPULATION_AGE_0_14,Population aged 0 to 14,count,2026,990.0,A,2026-09-05T22:11:04.542942+00:00
be:mun:71067,71067,Zutendaal,Zutendaal,Zutendaal,Flanders,Limburg,Arrondissement Hasselt,POPULATION_AGE_15_64,Population aged 15 to 64,count,2026,4509.0,A,2026-09-05T22:11:04.542942+00:00
be:mun:71067,71067,Zutendaal,Zutendaal,Zutendaal,Flanders,Limburg,Arrondissement Hasselt,POPULATION_AGE_65_PLUS,Population aged 65 and over,count,2026,1978.0,A,2026-09-05T22:11:04.542942+00:00
be:mun:71067,71067,Zutendaal,Zutendaal,Zutendaal,Flanders,Limburg,Arrondissement Hasselt,POPULATION_BY_COMMUNE,Population,count,2026,7477.0,A,2026-09-05T20:42:19.277290+00:00
be:mun:71070,71070,Heusden-Zolder,Heusden-Zolder,Heusden-Zolder,Flanders,Limburg,Arrondissement Hasselt,LOCAL_UNITS_BY_COMMUNE,Local business units,count,2023-Q4,4114.0,A,2026-09-05T19:00:05.127955+00:00
be:mun:71070,71070,Heusden-Zolder,Heusden-Zolder,Heusden-Zolder,Flanders,Limburg,Arrondissement Hasselt,POPULATION_AGE_0_14,Population aged 0 to 14,count,2026,5458.0,A,2026-09-05T22:11:04.542942+00:00
be:mun:71070,71070,Heusden-Zolder,Heusden-Zolder,Heusden-Zolder,Flanders,Limburg,Arrondissement Hasselt,POPULATION_AGE_15_64,Population aged 15 to 64,count,2026,22025.0,A,2026-09-05T22:11:04.542942+00:00
be:mun:71070,71070,Heusden-Zolder,Heusden-Zolder,Heusden-Zolder,Flanders,Limburg,Arrondissement Hasselt,POPULATION_AGE_65_PLUS,Population aged 65 and over,count,2026,7549.0,A,2026-09-05T22:11:04.542942+00:00
be:mun:71070,71070,Heusden-Zolder,Heusden-Zolder,Heusden-Zolder,Flanders,Limburg,Arrondissement Hasselt,POPULATION_BY_COMMUNE,Population,count,2026,35032.0,A,2026-09-05T20:42:19.277290+00:00
be:mun:71071,71071,Tessenderlo-Ham,Tessenderlo-Ham,Tessenderlo-Ham,Flanders,Limburg,Arrondissement Hasselt,LOCAL_UNITS_BY_COMMUNE,Local business units,count,2023-Q4,3464.0,A,2026-09-05T19:00:05.127955+00:00
be:mun:71071,71071,Tessenderlo-Ham,Tessenderlo-Ham,Tessenderlo-Ham,Flanders,Limburg,Arrondissement Hasselt,POPULATION_AGE_0_14,Population aged 0 to 14,count,2026,4327.0,A,2026-09-05T22:11:04.542942+00:00
be:mun:71071,71071,Tessenderlo-Ham,Tessenderlo-Ham,Tessenderlo-Ham,Flanders,Limburg,Arrondissement Hasselt,POPULATION_AGE_15_64,Population aged 15 to 64,count,2026,19593.0,A,2026-09-05T22:11:04.542942+00:00
be:mun:71071,71071,Tessenderlo-Ham,Tessenderlo-Ham,Tessenderlo-Ham,Flanders,Limburg,Arrondissement Hasselt,POPULATION_AGE_65_PLUS,Population aged 65 and over,count,2026,6907.0,A,2026-09-05T22:11:04.542942+00:00
be:mun:71071,71071,Tessenderlo-Ham,Tessenderlo-Ham,Tessenderlo-Ham,Flanders,Limburg,Arrondissement Hasselt,POPULATION_BY_COMMUNE,Population,count,2026,30827.0,A,2026-09-05T20:42:19.277290+00:00
be:mun:71072,71072,Hasselt,Hasselt,Hasselt,Flanders,Limburg,Arrondissement Hasselt,LOCAL_UNITS_BY_COMMUNE,Local business units,count,2023-Q4,14182.0,A,2026-09-05T19:00:05.127955+00:00
be:mun:71072,71072,Hasselt,Hasselt,Hasselt,Flanders,Limburg,Arrondissement Hasselt,POPULATION_AGE_0_14,Population aged 0 to 14,count,2026,12025.0,A,2026-09-05T22:11:04.542942+00:00
be:mun:71072,71072,Hasselt,Hasselt,Hasselt,Flanders,Limburg,Arrondissement Hasselt,POPULATION_AGE_15_64,Population aged 15 to 64,count,2026,56358.0,A,2026-09-05T22:11:04.542942+00:00
be:mun:71072,71072,Hasselt,Hasselt,Hasselt,Flanders,Limburg,Arrondissement Hasselt,POPULATION_AGE_65_PLUS,Population aged 65 and over,count,2026,22531.0,A,2026-09-05T22:11:04.542942+00:00
be:mun:71072,71072,Hasselt,Hasselt,Hasselt,Flanders,Limburg,Arrondissement Hasselt,POPULATION_BY_COMMUNE,Population,count,2026,90914.0,A,2026-09-05T20:42:19.277290+00:00
be:mun:72003,72003,Bocholt,Bocholt,Bocholt,Flanders,Limburg,Arrondissement Maaseik,LOCAL_UNITS_BY_COMMUNE,Local business units,count,2023-Q4,1530.0,A,2026-09-05T19:00:05.127955+00:00
be:mun:72003,72003,Bocholt,Bocholt,Bocholt,Flanders,Limburg,Arrondissement Maaseik,POPULATION_AGE_0_14,Population aged 0 to 14,count,2026,2120.0,A,2026-09-05T22:11:04.542942+00:00
be:mun:72003,72003,Bocholt,Bocholt,Bocholt,Flanders,Limburg,Arrondissement Maaseik,POPULATION_AGE_15_64,Population aged 15 to 64,count,2026,8537.0,A,2026-09-05T22:11:04.542942+00:00
be:mun:72003,72003,Bocholt,Bocholt,Bocholt,Flanders,Limburg,Arrondissement Maaseik,POPULATION_AGE_65_PLUS,Population aged 65 and over,count,2026,3227.0,A,2026-09-05T22:11:04.542942+00:00
be:mun:72003,72003,Bocholt,Bocholt,Bocholt,Flanders,Limburg,Arrondissement Maaseik,POPULATION_BY_COMMUNE,Population,count,2026,13884.0,A,2026-09-05T20:42:19.277290+00:00
be:mun:72004,72004,Bree,Bree,Bree,Flanders,Limburg,Arrondissement Maaseik,LOCAL_UNITS_BY_COMMUNE,Local business units,count,2023-Q4,2420.0,A,2026-09-05T19:00:05.127955+00:00
be:mun:72004,72004,Bree,Bree,Bree,Flanders,Limburg,Arrondissement Maaseik,POPULATION_AGE_0_14,Population aged 0 to 14,count,2026,2378.0,A,2026-09-05T22:11:04.542942+00:00
be:mun:72004,72004,Bree,Bree,Bree,Flanders,Limburg,Arrondissement Maaseik,POPULATION_AGE_15_64,Population aged 15 to 64,count,2026,10860.0,A,2026-09-05T22:11:04.542942+00:00
be:mun:72004,72004,Bree,Bree,Bree,Flanders,Limburg,Arrondissement Maaseik,POPULATION_AGE_65_PLUS,Population aged 65 and over,count,2026,4133.0,A,2026-09-05T22:11:04.542942+00:00
be:mun:72004,72004,Bree,Bree,Bree,Flanders,Limburg,Arrondissement Maaseik,POPULATION_BY_COMMUNE,Population,count,2026,17371.0,A,2026-09-05T20:42:19.277290+00:00
be:mun:72018,72018,Kinrooi,Kinrooi,Kinrooi,Flanders,Limburg,Arrondissement Maaseik,LOCAL_UNITS_BY_COMMUNE,Local business units,count,2023-Q4,1444.0,A,2026-09-05T19:00:05.127955+00:00
be:mun:72018,72018,Kinrooi,Kinrooi,Kinrooi,Flanders,Limburg,Arrondissement Maaseik,POPULATION_AGE_0_14,Population aged 0 to 14,count,2026,1738.0,A,2026-09-05T22:11:04.542942+00:00
be:mun:72018,72018,Kinrooi,Kinrooi,Kinrooi,Flanders,Limburg,Arrondissement Maaseik,POPULATION_AGE_15_64,Population aged 15 to 64,count,2026,7776.0,A,2026-09-05T22:11:04.542942+00:00
be:mun:72018,72018,Kinrooi,Kinrooi,Kinrooi,Flanders,Limburg,Arrondissement Maaseik,POPULATION_AGE_65_PLUS,Population aged 65 and over,count,2026,3042.0,A,2026-09-05T22:11:04.542942+00:00
be:mun:72018,72018,Kinrooi,Kinrooi,Kinrooi,Flanders,Limburg,Arrondissement Maaseik,POPULATION_BY_COMMUNE,Population,count,2026,12556.0,A,2026-09-05T20:42:19.277290+00:00
be:mun:72020,72020,Lommel,Lommel,Lommel,Flanders,Limburg,Arrondissement Maaseik,LOCAL_UNITS_BY_COMMUNE,Local business units,count,2023-Q4,3650.0,A,2026-09-05T19:00:05.127955+00:00
be:mun:72020,72020,Lommel,Lommel,Lommel,Flanders,Limburg,Arrondissement Maaseik,POPULATION_AGE_0_14,Population aged 0 to 14,count,2026,4867.0,A,2026-09-05T22:11:04.542942+00:00
be:mun:72020,72020,Lommel,Lommel,Lommel,Flanders,Limburg,Arrondissement Maaseik,POPULATION_AGE_15_64,Population aged 15 to 64,count,2026,22084.0,A,2026-09-05T22:11:04.542942+00:00
be:mun:72020,72020,Lommel,Lommel,Lommel,Flanders,Limburg,Arrondissement Maaseik,POPULATION_AGE_65_PLUS,Population aged 65 and over,count,2026,8500.0,A,2026-09-05T22:11:04.542942+00:00
be:mun:72020,72020,Lommel,Lommel,Lommel,Flanders,Limburg,Arrondissement Maaseik,POPULATION_BY_COMMUNE,Population,count,2026,35451.0,A,2026-09-05T20:42:19.277290+00:00
be:mun:72021,72021,Maaseik,Maaseik,Maaseik,Flanders,Limburg,Arrondissement Maaseik,LOCAL_UNITS_BY_COMMUNE,Local business units,count,2023-Q4,2814.0,A,2026-09-05T19:00:05.127955+00:00
be:mun:72021,72021,Maaseik,Maaseik,Maaseik,Flanders,Limburg,Arrondissement Maaseik,POPULATION_AGE_0_14,Population aged 0 to 14,count,2026,3564.0,A,2026-09-05T22:11:04.542942+00:00
be:mun:72021,72021,Maaseik,Maaseik,Maaseik,Flanders,Limburg,Arrondissement Maaseik,POPULATION_AGE_15_64,Population aged 15 to 64,count,2026,15988.0,A,2026-09-05T22:11:04.542942+00:00
be:mun:72021,72021,Maaseik,Maaseik,Maaseik,Flanders,Limburg,Arrondissement Maaseik,POPULATION_AGE_65_PLUS,Population aged 65 and over,count,2026,6344.0,A,2026-09-05T22:11:04.542942+00:00
be:mun:72021,72021,Maaseik,Maaseik,Maaseik,Flanders,Limburg,Arrondissement Maaseik,POPULATION_BY_COMMUNE,Population,count,2026,25896.0,A,2026-09-05T20:42:19.277290+00:00
be:mun:72030,72030,Peer,Peer,Peer,Flanders,Limburg,Arrondissement Maaseik,LOCAL_UNITS_BY_COMMUNE,Local business units,count,2023-Q4,2053.0,A,2026-09-05T19:00:05.127955+00:00
be:mun:72030,72030,Peer,Peer,Peer,Flanders,Limburg,Arrondissement Maaseik,POPULATION_AGE_0_14,Population aged 0 to 14,count,2026,2444.0,A,2026-09-05T22:11:04.542942+00:00
be:mun:72030,72030,Peer,Peer,Peer,Flanders,Limburg,Arrondissement Maaseik,POPULATION_AGE_15_64,Population aged 15 to 64,count,2026,10369.0,A,2026-09-05T22:11:04.542942+00:00
be:mun:72030,72030,Peer,Peer,Peer,Flanders,Limburg,Arrondissement Maaseik,POPULATION_AGE_65_PLUS,Population aged 65 and over,count,2026,3975.0,A,2026-09-05T22:11:04.542942+00:00
be:mun:72030,72030,Peer,Peer,Peer,Flanders,Limburg,Arrondissement Maaseik,POPULATION_BY_COMMUNE,Population,count,2026,16788.0,A,2026-09-05T20:42:19.277290+00:00
be:mun:72037,72037,Hamont-Achel,Hamont-Achel,Hamont-Achel,Flanders,Limburg,Arrondissement Maaseik,LOCAL_UNITS_BY_COMMUNE,Local business units,count,2023-Q4,1576.0,A,2026-09-05T19:00:05.127955+00:00
be:mun:72037,72037,Hamont-Achel,Hamont-Achel,Hamont-Achel,Flanders,Limburg,Arrondissement Maaseik,POPULATION_AGE_0_14,Population aged 0 to 14,count,2026,2104.0,A,2026-09-05T22:11:04.542942+00:00
be:mun:72037,72037,Hamont-Achel,Hamont-Achel,Hamont-Achel,Flanders,Limburg,Arrondissement Maaseik,POPULATION_AGE_15_64,Population aged 15 to 64,count,2026,8862.0,A,2026-09-05T22:11:04.542942+00:00
be:mun:72037,72037,Hamont-Achel,Hamont-Achel,Hamont-Achel,Flanders,Limburg,Arrondissement Maaseik,POPULATION_AGE_65_PLUS,Population aged 65 and over,count,2026,3606.0,A,2026-09-05T22:11:04.542942+00:00
be:mun:72037,72037,Hamont-Achel,Hamont-Achel,Hamont-Achel,Flanders,Limburg,Arrondissement Maaseik,POPULATION_BY_COMMUNE,Population,count,2026,14572.0,A,2026-09-05T20:42:19.277290+00:00
be:mun:72038,72038,Hechtel-Eksel,Hechtel-Eksel,Hechtel-Eksel,Flanders,Limburg,Arrondissement Maaseik,LOCAL_UNITS_BY_COMMUNE,Local business units,count,2023-Q4,1452.0,A,2026-09-05T19:00:05.127955+00:00
be:mun:72038,72038,Hechtel-Eksel,Hechtel-Eksel,Hechtel-Eksel,Flanders,Limburg,Arrondissement Maaseik,POPULATION_AGE_0_14,Population aged 0 to 14,count,2026,2093.0,A,2026-09-05T22:11:04.542942+00:00
be:mun:72038,72038,Hechtel-Eksel,Hechtel-Eksel,Hechtel-Eksel,Flanders,Limburg,Arrondissement Maaseik,POPULATION_AGE_15_64,Population aged 15 to 64,count,2026,8092.0,A,2026-09-05T22:11:04.542942+00:00
be:mun:72038,72038,Hechtel-Eksel,Hechtel-Eksel,Hechtel-Eksel,Flanders,Limburg,Arrondissement Maaseik,POPULATION_AGE_65_PLUS,Population aged 65 and over,count,2026,2904.0,A,2026-09-05T22:11:04.542942+00:00
be:mun:72038,72038,Hechtel-Eksel,Hechtel-Eksel,Hechtel-Eksel,Flanders,Limburg,Arrondissement Maaseik,POPULATION_BY_COMMUNE,Population,count,2026,13089.0,A,2026-09-05T20:42:19.277290+00:00
be:mun:72039,72039,Houthalen-Helchteren,Houthalen-Helchteren,Houthalen-Helchteren,Flanders,Limburg,Arrondissement Maaseik,LOCAL_UNITS_BY_COMMUNE,Local business units,count,2023-Q4,3151.0,A,2026-09-05T19:00:05.127955+00:00
be:mun:72039,72039,Houthalen-Helchteren,Houthalen-Helchteren,Houthalen-Helchteren,Flanders,Limburg,Arrondissement Maaseik,POPULATION_AGE_0_14,Population aged 0 to 14,count,2026,4746.0,A,2026-09-05T22:11:04.542942+00:00
be:mun:72039,72039,Houthalen-Helchteren,Houthalen-Helchteren,Houthalen-Helchteren,Flanders,Limburg,Arrondissement Maaseik,POPULATION_AGE_15_64,Population aged 15 to 64,count,2026,19321.0,A,2026-09-05T22:11:04.542942+00:00
be:mun:72039,72039,Houthalen-Helchteren,Houthalen-Helchteren,Houthalen-Helchteren,Flanders,Limburg,Arrondissement Maaseik,POPULATION_AGE_65_PLUS,Population aged 65 and over,count,2026,6812.0,A,2026-09-05T22:11:04.542942+00:00
be:mun:72039,72039,Houthalen-Helchteren,Houthalen-Helchteren,Houthalen-Helchteren,Flanders,Limburg,Arrondissement Maaseik,POPULATION_BY_COMMUNE,Population,count,2026,30879.0,A,2026-09-05T20:42:19.277290+00:00
be:mun:72041,72041,Dilsen-Stokkem,Dilsen-Stokkem,Dilsen-Stokkem,Flanders,Limburg,Arrondissement Maaseik,LOCAL_UNITS_BY_COMMUNE,Local business units,count,2023-Q4,2242.0,A,2026-09-05T19:00:05.127955+00:00
be:mun:72041,72041,Dilsen-Stokkem,Dilsen-Stokkem,Dilsen-Stokkem,Flanders,Limburg,Arrondissement Maaseik,POPULATION_AGE_0_14,Population aged 0 to 14,count,2026,3224.0,A,2026-09-05T22:11:04.542942+00:00
be:mun:72041,72041,Dilsen-Stokkem,Dilsen-Stokkem,Dilsen-Stokkem,Flanders,Limburg,Arrondissement Maaseik,POPULATION_AGE_15_64,Population aged 15 to 64,count,2026,13766.0,A,2026-09-05T22:11:04.542942+00:00
be:mun:72041,72041,Dilsen-Stokkem,Dilsen-Stokkem,Dilsen-Stokkem,Flanders,Limburg,Arrondissement Maaseik,POPULATION_AGE_65_PLUS,Population aged 65 and over,count,2026,4687.0,A,2026-09-05T22:11:04.542942+00:00
be:mun:72041,72041,Dilsen-Stokkem,Dilsen-Stokkem,Dilsen-Stokkem,Flanders,Limburg,Arrondissement Maaseik,POPULATION_BY_COMMUNE,Population,count,2026,21677.0,A,2026-09-05T20:42:19.277290+00:00
be:mun:72042,72042,Oudsbergen,Oudsbergen,Oudsbergen,Flanders,Limburg,Arrondissement Maaseik,LOCAL_UNITS_BY_COMMUNE,Local business units,count,2023-Q4,2908.0,A,2026-09-05T19:00:05.127955+00:00
be:mun:72042,72042,Oudsbergen,Oudsbergen,Oudsbergen,Flanders,Limburg,Arrondissement Maaseik,POPULATION_AGE_0_14,Population aged 0 to 14,count,2026,3322.0,A,2026-09-05T22:11:04.542942+00:00
be:mun:72042,72042,Oudsbergen,Oudsbergen,Oudsbergen,Flanders,Limburg,Arrondissement Maaseik,POPULATION_AGE_15_64,Population aged 15 to 64,count,2026,15131.0,A,2026-09-05T22:11:04.542942+00:00
be:mun:72042,72042,Oudsbergen,Oudsbergen,Oudsbergen,Flanders,Limburg,Arrondissement Maaseik,POPULATION_AGE_65_PLUS,Population aged 65 and over,count,2026,5552.0,A,2026-09-05T22:11:04.542942+00:00
be:mun:72042,72042,Oudsbergen,Oudsbergen,Oudsbergen,Flanders,Limburg,Arrondissement Maaseik,POPULATION_BY_COMMUNE,Population,count,2026,24005.0,A,2026-09-05T20:42:19.277290+00:00
be:mun:72043,72043,Pelt,Pelt,Pelt,Flanders,Limburg,Arrondissement Maaseik,LOCAL_UNITS_BY_COMMUNE,Local business units,count,2023-Q4,3877.0,A,2026-09-05T19:00:05.127955+00:00
be:mun:72043,72043,Pelt,Pelt,Pelt,Flanders,Limburg,Arrondissement Maaseik,POPULATION_AGE_0_14,Population aged 0 to 14,count,2026,5274.0,A,2026-09-05T22:11:04.542942+00:00
be:mun:72043,72043,Pelt,Pelt,Pelt,Flanders,Limburg,Arrondissement Maaseik,POPULATION_AGE_15_64,Population aged 15 to 64,count,2026,21155.0,A,2026-09-05T22:11:04.542942+00:00
be:mun:72043,72043,Pelt,Pelt,Pelt,Flanders,Limburg,Arrondissement Maaseik,POPULATION_AGE_65_PLUS,Population aged 65 and over,count,2026,8269.0,A,2026-09-05T22:11:04.542942+00:00
be:mun:72043,72043,Pelt,Pelt,Pelt,Flanders,Limburg,Arrondissement Maaseik,POPULATION_BY_COMMUNE,Population,count,2026,34698.0,A,2026-09-05T20:42:19.277290+00:00
be:mun:73001,73001,Alken,Alken,Alken,Flanders,Limburg,Arrondissement Tongeren,LOCAL_UNITS_BY_COMMUNE,Local business units,count,2023-Q4,1658.0,A,2026-09-05T19:00:05.127955+00:00
be:mun:73001,73001,Alken,Alken,Alken,Flanders,Limburg,Arrondissement Tongeren,POPULATION_AGE_0_14,Population aged 0 to 14,count,2026,1612.0,A,2026-09-05T22:11:04.542942+00:00
be:mun:73001,73001,Alken,Alken,Alken,Flanders,Limburg,Arrondissement Tongeren,POPULATION_AGE_15_64,Population aged 15 to 64,count,2026,7391.0,A,2026-09-05T22:11:04.542942+00:00
be:mun:73001,73001,Alken,Alken,Alken,Flanders,Limburg,Arrondissement Tongeren,POPULATION_AGE_65_PLUS,Population aged 65 and over,count,2026,2940.0,A,2026-09-05T22:11:04.542942+00:00
be:mun:73001,73001,Alken,Alken,Alken,Flanders,Limburg,Arrondissement Tongeren,POPULATION_BY_COMMUNE,Population,count,2026,11943.0,A,2026-09-05T20:42:19.277290+00:00
be:mun:73022,73022,Heers,Heers,Heers,Flanders,Limburg,Arrondissement Tongeren,LOCAL_UNITS_BY_COMMUNE,Local business units,count,2023-Q4,885.0,A,2026-09-05T19:00:05.127955+00:00
be:mun:73022,73022,Heers,Heers,Heers,Flanders,Limburg,Arrondissement Tongeren,POPULATION_AGE_0_14,Population aged 0 to 14,count,2026,1079.0,A,2026-09-05T22:11:04.542942+00:00
be:mun:73022,73022,Heers,Heers,Heers,Flanders,Limburg,Arrondissement Tongeren,POPULATION_AGE_15_64,Population aged 15 to 64,count,2026,4785.0,A,2026-09-05T22:11:04.542942+00:00
be:mun:73022,73022,Heers,Heers,Heers,Flanders,Limburg,Arrondissement Tongeren,POPULATION_AGE_65_PLUS,Population aged 65 and over,count,2026,1731.0,A,2026-09-05T22:11:04.542942+00:00
be:mun:73022,73022,Heers,Heers,Heers,Flanders,Limburg,Arrondissement Tongeren,POPULATION_BY_COMMUNE,Population,count,2026,7595.0,A,2026-09-05T20:42:19.277290+00:00
be:mun:73028,73028,Herstappe,Herstappe,Herstappe,Flanders,Limburg,Arrondissement Tongeren,LOCAL_UNITS_BY_COMMUNE,Local business units,count,2023-Q4,25.0,A,2026-09-05T19:00:05.127955+00:00
be:mun:73028,73028,Herstappe,Herstappe,Herstappe,Flanders,Limburg,Arrondissement Tongeren,POPULATION_AGE_0_14,Population aged 0 to 14,count,2026,10.0,A,2026-09-05T22:11:04.542942+00:00
be:mun:73028,73028,Herstappe,Herstappe,Herstappe,Flanders,Limburg,Arrondissement Tongeren,POPULATION_AGE_15_64,Population aged 15 to 64,count,2026,50.0,A,2026-09-05T22:11:04.542942+00:00
be:mun:73028,73028,Herstappe,Herstappe,Herstappe,Flanders,Limburg,Arrondissement Tongeren,POPULATION_AGE_65_PLUS,Population aged 65 and over,count,2026,18.0,A,2026-09-05T22:11:04.542942+00:00
be:mun:73028,73028,Herstappe,Herstappe,Herstappe,Flanders,Limburg,Arrondissement Tongeren,POPULATION_BY_COMMUNE,Population,count,2026,78.0,A,2026-09-05T20:42:19.277290+00:00
be:mun:73042,73042,Lanaken,Lanaken,Lanaken,Flanders,Limburg,Arrondissement Tongeren,LOCAL_UNITS_BY_COMMUNE,Local business units,count,2023-Q4,2617.0,A,2026-09-05T19:00:05.127955+00:00
be:mun:73042,73042,Lanaken,Lanaken,Lanaken,Flanders,Limburg,Arrondissement Tongeren,POPULATION_AGE_0_14,Population aged 0 to 14,count,2026,3578.0,A,2026-09-05T22:11:04.542942+00:00
be:mun:73042,73042,Lanaken,Lanaken,Lanaken,Flanders,Limburg,Arrondissement Tongeren,POPULATION_AGE_15_64,Population aged 15 to 64,count,2026,16264.0,A,2026-09-05T22:11:04.542942+00:00
be:mun:73042,73042,Lanaken,Lanaken,Lanaken,Flanders,Limburg,Arrondissement Tongeren,POPULATION_AGE_65_PLUS,Population aged 65 and over,count,2026,6671.0,A,2026-09-05T22:11:04.542942+00:00
be:mun:73042,73042,Lanaken,Lanaken,Lanaken,Flanders,Limburg,Arrondissement Tongeren,POPULATION_BY_COMMUNE,Population,count,2026,26513.0,A,2026-09-05T20:42:19.277290+00:00
be:mun:73066,73066,Riemst,Riemst,Riemst,Flanders,Limburg,Arrondissement Tongeren,LOCAL_UNITS_BY_COMMUNE,Local business units,count,2023-Q4,1884.0,A,2026-09-05T19:00:05.127955+00:00
be:mun:73066,73066,Riemst,Riemst,Riemst,Flanders,Limburg,Arrondissement Tongeren,POPULATION_AGE_0_14,Population aged 0 to 14,count,2026,2523.0,A,2026-09-05T22:11:04.542942+00:00
be:mun:73066,73066,Riemst,Riemst,Riemst,Flanders,Limburg,Arrondissement Tongeren,POPULATION_AGE_15_64,Population aged 15 to 64,count,2026,10431.0,A,2026-09-05T22:11:04.542942+00:00
be:mun:73066,73066,Riemst,Riemst,Riemst,Flanders,Limburg,Arrondissement Tongeren,POPULATION_AGE_65_PLUS,Population aged 65 and over,count,2026,3936.0,A,2026-09-05T22:11:04.542942+00:00
be:mun:73066,73066,Riemst,Riemst,Riemst,Flanders,Limburg,Arrondissement Tongeren,POPULATION_BY_COMMUNE,Population,count,2026,16890.0,A,2026-09-05T20:42:19.277290+00:00
be:mun:73098,73098,Wellen,Wellen,Wellen,Flanders,Limburg,Arrondissement Tongeren,LOCAL_UNITS_BY_COMMUNE,Local business units,count,2023-Q4,868.0,A,2026-09-05T19:00:05.127955+00:00
be:mun:73098,73098,Wellen,Wellen,Wellen,Flanders,Limburg,Arrondissement Tongeren,POPULATION_AGE_0_14,Population aged 0 to 14,count,2026,955.0,A,2026-09-05T22:11:04.542942+00:00
be:mun:73098,73098,Wellen,Wellen,Wellen,Flanders,Limburg,Arrondissement Tongeren,POPULATION_AGE_15_64,Population aged 15 to 64,count,2026,4683.0,A,2026-09-05T22:11:04.542942+00:00
be:mun:73098,73098,Wellen,Wellen,Wellen,Flanders,Limburg,Arrondissement Tongeren,POPULATION_AGE_65_PLUS,Population aged 65 and over,count,2026,1918.0,A,2026-09-05T22:11:04.542942+00:00
be:mun:73098,73098,Wellen,Wellen,Wellen,Flanders,Limburg,Arrondissement Tongeren,POPULATION_BY_COMMUNE,Population,count,2026,7556.0,A,2026-09-05T20:42:19.277290+00:00
be:mun:73107,73107,Maasmechelen,Maasmechelen,Maasmechelen,Flanders,Limburg,Arrondissement Tongeren,LOCAL_UNITS_BY_COMMUNE,Local business units,count,2023-Q4,3826.0,A,2026-09-05T19:00:05.127955+00:00
be:mun:73107,73107,Maasmechelen,Maasmechelen,Maasmechelen,Flanders,Limburg,Arrondissement Tongeren,POPULATION_AGE_0_14,Population aged 0 to 14,count,2026,6417.0,A,2026-09-05T22:11:04.542942+00:00
be:mun:73107,73107,Maasmechelen,Maasmechelen,Maasmechelen,Flanders,Limburg,Arrondissement Tongeren,POPULATION_AGE_15_64,Population aged 15 to 64,count,2026,25683.0,A,2026-09-05T22:11:04.542942+00:00
be:mun:73107,73107,Maasmechelen,Maasmechelen,Maasmechelen,Flanders,Limburg,Arrondissement Tongeren,POPULATION_AGE_65_PLUS,Population aged 65 and over,count,2026,8553.0,A,2026-09-05T22:11:04.542942+00:00
be:mun:73107,73107,Maasmechelen,Maasmechelen,Maasmechelen,Flanders,Limburg,Arrondissement Tongeren,POPULATION_BY_COMMUNE,Population,count,2026,40653.0,A,2026-09-05T20:42:19.277290+00:00
be:mun:73109,73109,Voeren,Fourons,Voeren,Flanders,Limburg,Arrondissement Tongeren,LOCAL_UNITS_BY_COMMUNE,Local business units,count,2023-Q4,605.0,A,2026-09-05T19:00:05.127955+00:00
be:mun:73109,73109,Voeren,Fourons,Voeren,Flanders,Limburg,Arrondissement Tongeren,POPULATION_AGE_0_14,Population aged 0 to 14,count,2026,671.0,A,2026-09-05T22:11:04.542942+00:00
be:mun:73109,73109,Voeren,Fourons,Voeren,Flanders,Limburg,Arrondissement Tongeren,POPULATION_AGE_15_64,Population aged 15 to 64,count,2026,2680.0,A,2026-09-05T22:11:04.542942+00:00
be:mun:73109,73109,Voeren,Fourons,Voeren,Flanders,Limburg,Arrondissement Tongeren,POPULATION_AGE_65_PLUS,Population aged 65 and over,count,2026,1044.0,A,2026-09-05T22:11:04.542942+00:00
be:mun:73109,73109,Voeren,Fourons,Voeren,Flanders,Limburg,Arrondissement Tongeren,POPULATION_BY_COMMUNE,Population,count,2026,4395.0,A,2026-09-05T20:42:19.277290+00:00
be:mun:73110,73110,Bilzen-Hoeselt,Bilzen-Hoeselt,Bilzen-Hoeselt,Flanders,Limburg,Arrondissement Tongeren,LOCAL_UNITS_BY_COMMUNE,Local business units,count,2023-Q4,4863.0,A,2026-09-05T19:00:05.127955+00:00
be:mun:73110,73110,Bilzen-Hoeselt,Bilzen-Hoeselt,Bilzen-Hoeselt,Flanders,Limburg,Arrondissement Tongeren,POPULATION_AGE_0_14,Population aged 0 to 14,count,2026,6098.0,A,2026-09-05T22:11:04.542942+00:00
be:mun:73110,73110,Bilzen-Hoeselt,Bilzen-Hoeselt,Bilzen-Hoeselt,Flanders,Limburg,Arrondissement Tongeren,POPULATION_AGE_15_64,Population aged 15 to 64,count,2026,26902.0,A,2026-09-05T22:11:04.542942+00:00
be:mun:73110,73110,Bilzen-Hoeselt,Bilzen-Hoeselt,Bilzen-Hoeselt,Flanders,Limburg,Arrondissement Tongeren,POPULATION_AGE_65_PLUS,Population aged 65 and over,count,2026,10228.0,A,2026-09-05T22:11:04.542942+00:00
be:mun:73110,73110,Bilzen-Hoeselt,Bilzen-Hoeselt,Bilzen-Hoeselt,Flanders,Limburg,Arrondissement Tongeren,POPULATION_BY_COMMUNE,Population,count,2026,43228.0,A,2026-09-05T20:42:19.277290+00:00
be:mun:73111,73111,Tongeren-Borgloon,Tongres-Looz,Tongeren-Borgloon,Flanders,Limburg,Arrondissement Tongeren,LOCAL_UNITS_BY_COMMUNE,Local business units,count,2023-Q4,5071.0,A,2026-09-05T19:00:05.127955+00:00
be:mun:73111,73111,Tongeren-Borgloon,Tongres-Looz,Tongeren-Borgloon,Flanders,Limburg,Arrondissement Tongeren,POPULATION_AGE_0_14,Population aged 0 to 14,count,2026,6163.0,A,2026-09-05T22:11:04.542942+00:00
be:mun:73111,73111,Tongeren-Borgloon,Tongres-Looz,Tongeren-Borgloon,Flanders,Limburg,Arrondissement Tongeren,POPULATION_AGE_15_64,Population aged 15 to 64,count,2026,27178.0,A,2026-09-05T22:11:04.542942+00:00
be:mun:73111,73111,Tongeren-Borgloon,Tongres-Looz,Tongeren-Borgloon,Flanders,Limburg,Arrondissement Tongeren,POPULATION_AGE_65_PLUS,Population aged 65 and over,count,2026,10898.0,A,2026-09-05T22:11:04.542942+00:00
be:mun:73111,73111,Tongeren-Borgloon,Tongres-Looz,Tongeren-Borgloon,Flanders,Limburg,Arrondissement Tongeren,POPULATION_BY_COMMUNE,Population,count,2026,44239.0,A,2026-09-05T20:42:19.277290+00:00
be:mun:81001,81001,Arlon,Arlon,Aarlen,Wallonia,Luxembourg,Arrondissement Aarlen,LOCAL_UNITS_BY_COMMUNE,Local business units,count,2023-Q4,2253.0,A,2026-09-05T19:00:05.127955+00:00
be:mun:81001,81001,Arlon,Arlon,Aarlen,Wallonia,Luxembourg,Arrondissement Aarlen,POPULATION_AGE_0_14,Population aged 0 to 14,count,2026,4890.0,A,2026-09-05T22:11:04.542942+00:00
be:mun:81001,81001,Arlon,Arlon,Aarlen,Wallonia,Luxembourg,Arrondissement Aarlen,POPULATION_AGE_15_64,Population aged 15 to 64,count,2026,21321.0,A,2026-09-05T22:11:04.542942+00:00
be:mun:81001,81001,Arlon,Arlon,Aarlen,Wallonia,Luxembourg,Arrondissement Aarlen,POPULATION_AGE_65_PLUS,Population aged 65 and over,count,2026,5229.0,A,2026-09-05T22:11:04.542942+00:00
be:mun:81001,81001,Arlon,Arlon,Aarlen,Wallonia,Luxembourg,Arrondissement Aarlen,POPULATION_BY_COMMUNE,Population,count,2026,31440.0,A,2026-09-05T20:42:19.277290+00:00
be:mun:81003,81003,Attert,Attert,Attert,Wallonia,Luxembourg,Arrondissement Aarlen,LOCAL_UNITS_BY_COMMUNE,Local business units,count,2023-Q4,325.0,A,2026-09-05T19:00:05.127955+00:00
be:mun:81003,81003,Attert,Attert,Attert,Wallonia,Luxembourg,Arrondissement Aarlen,POPULATION_AGE_0_14,Population aged 0 to 14,count,2026,1022.0,A,2026-09-05T22:11:04.542942+00:00
be:mun:81003,81003,Attert,Attert,Attert,Wallonia,Luxembourg,Arrondissement Aarlen,POPULATION_AGE_15_64,Population aged 15 to 64,count,2026,3900.0,A,2026-09-05T22:11:04.542942+00:00
be:mun:81003,81003,Attert,Attert,Attert,Wallonia,Luxembourg,Arrondissement Aarlen,POPULATION_AGE_65_PLUS,Population aged 65 and over,count,2026,902.0,A,2026-09-05T22:11:04.542942+00:00
be:mun:81003,81003,Attert,Attert,Attert,Wallonia,Luxembourg,Arrondissement Aarlen,POPULATION_BY_COMMUNE,Population,count,2026,5824.0,A,2026-09-05T20:42:19.277290+00:00
be:mun:81004,81004,Aubange,Aubange,Aubange,Wallonia,Luxembourg,Arrondissement Aarlen,LOCAL_UNITS_BY_COMMUNE,Local business units,count,2023-Q4,732.0,A,2026-09-05T19:00:05.127955+00:00
be:mun:81004,81004,Aubange,Aubange,Aubange,Wallonia,Luxembourg,Arrondissement Aarlen,POPULATION_AGE_0_14,Population aged 0 to 14,count,2026,2941.0,A,2026-09-05T22:11:04.542942+00:00
be:mun:81004,81004,Aubange,Aubange,Aubange,Wallonia,Luxembourg,Arrondissement Aarlen,POPULATION_AGE_15_64,Population aged 15 to 64,count,2026,12064.0,A,2026-09-05T22:11:04.542942+00:00
be:mun:81004,81004,Aubange,Aubange,Aubange,Wallonia,Luxembourg,Arrondissement Aarlen,POPULATION_AGE_65_PLUS,Population aged 65 and over,count,2026,2840.0,A,2026-09-05T22:11:04.542942+00:00
be:mun:81004,81004,Aubange,Aubange,Aubange,Wallonia,Luxembourg,Arrondissement Aarlen,POPULATION_BY_COMMUNE,Population,count,2026,17845.0,A,2026-09-05T20:42:19.277290+00:00
be:mun:81013,81013,Martelange,Martelange,Martelange,Wallonia,Luxembourg,Arrondissement Aarlen,LOCAL_UNITS_BY_COMMUNE,Local business units,count,2023-Q4,127.0,A,2026-09-05T19:00:05.127955+00:00
be:mun:81013,81013,Martelange,Martelange,Martelange,Wallonia,Luxembourg,Arrondissement Aarlen,POPULATION_AGE_0_14,Population aged 0 to 14,count,2026,407.0,A,2026-09-05T22:11:04.542942+00:00
be:mun:81013,81013,Martelange,Martelange,Martelange,Wallonia,Luxembourg,Arrondissement Aarlen,POPULATION_AGE_15_64,Population aged 15 to 64,count,2026,1463.0,A,2026-09-05T22:11:04.542942+00:00
be:mun:81013,81013,Martelange,Martelange,Martelange,Wallonia,Luxembourg,Arrondissement Aarlen,POPULATION_AGE_65_PLUS,Population aged 65 and over,count,2026,272.0,A,2026-09-05T22:11:04.542942+00:00
be:mun:81013,81013,Martelange,Martelange,Martelange,Wallonia,Luxembourg,Arrondissement Aarlen,POPULATION_BY_COMMUNE,Population,count,2026,2142.0,A,2026-09-05T20:42:19.277290+00:00
be:mun:81015,81015,Messancy,Messancy,Messancy,Wallonia,Luxembourg,Arrondissement Aarlen,LOCAL_UNITS_BY_COMMUNE,Local business units,count,2023-Q4,571.0,A,2026-09-05T19:00:05.127955+00:00
be:mun:81015,81015,Messancy,Messancy,Messancy,Wallonia,Luxembourg,Arrondissement Aarlen,POPULATION_AGE_0_14,Population aged 0 to 14,count,2026,1461.0,A,2026-09-05T22:11:04.542942+00:00
be:mun:81015,81015,Messancy,Messancy,Messancy,Wallonia,Luxembourg,Arrondissement Aarlen,POPULATION_AGE_15_64,Population aged 15 to 64,count,2026,5651.0,A,2026-09-05T22:11:04.542942+00:00
be:mun:81015,81015,Messancy,Messancy,Messancy,Wallonia,Luxembourg,Arrondissement Aarlen,POPULATION_AGE_65_PLUS,Population aged 65 and over,count,2026,1525.0,A,2026-09-05T22:11:04.542942+00:00
be:mun:81015,81015,Messancy,Messancy,Messancy,Wallonia,Luxembourg,Arrondissement Aarlen,POPULATION_BY_COMMUNE,Population,count,2026,8637.0,A,2026-09-05T20:42:19.277290+00:00
be:mun:82009,82009,Fauvillers,Fauvillers,Fauvillers,Wallonia,Luxembourg,Arrondissement Bastenaken,LOCAL_UNITS_BY_COMMUNE,Local business units,count,2023-Q4,262.0,A,2026-09-05T19:00:05.127955+00:00
be:mun:82009,82009,Fauvillers,Fauvillers,Fauvillers,Wallonia,Luxembourg,Arrondissement Bastenaken,POPULATION_AGE_0_14,Population aged 0 to 14,count,2026,481.0,A,2026-09-05T22:11:04.542942+00:00
be:mun:82009,82009,Fauvillers,Fauvillers,Fauvillers,Wallonia,Luxembourg,Arrondissement Bastenaken,POPULATION_AGE_15_64,Population aged 15 to 64,count,2026,1696.0,A,2026-09-05T22:11:04.542942+00:00
be:mun:82009,82009,Fauvillers,Fauvillers,Fauvillers,Wallonia,Luxembourg,Arrondissement Bastenaken,POPULATION_AGE_65_PLUS,Population aged 65 and over,count,2026,359.0,A,2026-09-05T22:11:04.542942+00:00
be:mun:82009,82009,Fauvillers,Fauvillers,Fauvillers,Wallonia,Luxembourg,Arrondissement Bastenaken,POPULATION_BY_COMMUNE,Population,count,2026,2536.0,A,2026-09-05T20:42:19.277290+00:00
be:mun:82014,82014,Houffalize,Houffalize,Houffalize,Wallonia,Luxembourg,Arrondissement Bastenaken,LOCAL_UNITS_BY_COMMUNE,Local business units,count,2023-Q4,690.0,A,2026-09-05T19:00:05.127955+00:00
be:mun:82014,82014,Houffalize,Houffalize,Houffalize,Wallonia,Luxembourg,Arrondissement Bastenaken,POPULATION_AGE_0_14,Population aged 0 to 14,count,2026,931.0,A,2026-09-05T22:11:04.542942+00:00
be:mun:82014,82014,Houffalize,Houffalize,Houffalize,Wallonia,Luxembourg,Arrondissement Bastenaken,POPULATION_AGE_15_64,Population aged 15 to 64,count,2026,3368.0,A,2026-09-05T22:11:04.542942+00:00
be:mun:82014,82014,Houffalize,Houffalize,Houffalize,Wallonia,Luxembourg,Arrondissement Bastenaken,POPULATION_AGE_65_PLUS,Population aged 65 and over,count,2026,1086.0,A,2026-09-05T22:11:04.542942+00:00
be:mun:82014,82014,Houffalize,Houffalize,Houffalize,Wallonia,Luxembourg,Arrondissement Bastenaken,POPULATION_BY_COMMUNE,Population,count,2026,5385.0,A,2026-09-05T20:42:19.277290+00:00
be:mun:82032,82032,Vielsalm,Vielsalm,Vielsalm,Wallonia,Luxembourg,Arrondissement Bastenaken,LOCAL_UNITS_BY_COMMUNE,Local business units,count,2023-Q4,952.0,A,2026-09-05T19:00:05.127955+00:00
be:mun:82032,82032,Vielsalm,Vielsalm,Vielsalm,Wallonia,Luxembourg,Arrondissement Bastenaken,POPULATION_AGE_0_14,Population aged 0 to 14,count,2026,1230.0,A,2026-09-05T22:11:04.542942+00:00
be:mun:82032,82032,Vielsalm,Vielsalm,Vielsalm,Wallonia,Luxembourg,Arrondissement Bastenaken,POPULATION_AGE_15_64,Population aged 15 to 64,count,2026,4974.0,A,2026-09-05T22:11:04.542942+00:00
be:mun:82032,82032,Vielsalm,Vielsalm,Vielsalm,Wallonia,Luxembourg,Arrondissement Bastenaken,POPULATION_AGE_65_PLUS,Population aged 65 and over,count,2026,1684.0,A,2026-09-05T22:11:04.542942+00:00
be:mun:82032,82032,Vielsalm,Vielsalm,Vielsalm,Wallonia,Luxembourg,Arrondissement Bastenaken,POPULATION_BY_COMMUNE,Population,count,2026,7888.0,A,2026-09-05T20:42:19.277290+00:00
be:mun:82036,82036,Vaux-sur-Sûre,Vaux-sur-Sûre,Vaux-sur-Sûre,Wallonia,Luxembourg,Arrondissement Bastenaken,LOCAL_UNITS_BY_COMMUNE,Local business units,count,2023-Q4,710.0,A,2026-09-05T19:00:05.127955+00:00
be:mun:82036,82036,Vaux-sur-Sûre,Vaux-sur-Sûre,Vaux-sur-Sûre,Wallonia,Luxembourg,Arrondissement Bastenaken,POPULATION_AGE_0_14,Population aged 0 to 14,count,2026,1199.0,A,2026-09-05T22:11:04.542942+00:00
be:mun:82036,82036,Vaux-sur-Sûre,Vaux-sur-Sûre,Vaux-sur-Sûre,Wallonia,Luxembourg,Arrondissement Bastenaken,POPULATION_AGE_15_64,Population aged 15 to 64,count,2026,4315.0,A,2026-09-05T22:11:04.542942+00:00
be:mun:82036,82036,Vaux-sur-Sûre,Vaux-sur-Sûre,Vaux-sur-Sûre,Wallonia,Luxembourg,Arrondissement Bastenaken,POPULATION_AGE_65_PLUS,Population aged 65 and over,count,2026,870.0,A,2026-09-05T22:11:04.542942+00:00
be:mun:82036,82036,Vaux-sur-Sûre,Vaux-sur-Sûre,Vaux-sur-Sûre,Wallonia,Luxembourg,Arrondissement Bastenaken,POPULATION_BY_COMMUNE,Population,count,2026,6384.0,A,2026-09-05T20:42:19.277290+00:00
be:mun:82037,82037,Gouvy,Gouvy,Gouvy,Wallonia,Luxembourg,Arrondissement Bastenaken,LOCAL_UNITS_BY_COMMUNE,Local business units,count,2023-Q4,622.0,A,2026-09-05T19:00:05.127955+00:00
be:mun:82037,82037,Gouvy,Gouvy,Gouvy,Wallonia,Luxembourg,Arrondissement Bastenaken,POPULATION_AGE_0_14,Population aged 0 to 14,count,2026,886.0,A,2026-09-05T22:11:04.542942+00:00
be:mun:82037,82037,Gouvy,Gouvy,Gouvy,Wallonia,Luxembourg,Arrondissement Bastenaken,POPULATION_AGE_15_64,Population aged 15 to 64,count,2026,3515.0,A,2026-09-05T22:11:04.542942+00:00
be:mun:82037,82037,Gouvy,Gouvy,Gouvy,Wallonia,Luxembourg,Arrondissement Bastenaken,POPULATION_AGE_65_PLUS,Population aged 65 and over,count,2026,1022.0,A,2026-09-05T22:11:04.542942+00:00
be:mun:82037,82037,Gouvy,Gouvy,Gouvy,Wallonia,Luxembourg,Arrondissement Bastenaken,POPULATION_BY_COMMUNE,Population,count,2026,5423.0,A,2026-09-05T20:42:19.277290+00:00
be:mun:82038,82038,Sainte-Ode,Sainte-Ode,Sainte-Ode,Wallonia,Luxembourg,Arrondissement Bastenaken,LOCAL_UNITS_BY_COMMUNE,Local business units,count,2023-Q4,388.0,A,2026-09-05T19:00:05.127955+00:00
be:mun:82038,82038,Sainte-Ode,Sainte-Ode,Sainte-Ode,Wallonia,Luxembourg,Arrondissement Bastenaken,POPULATION_AGE_0_14,Population aged 0 to 14,count,2026,490.0,A,2026-09-05T22:11:04.542942+00:00
be:mun:82038,82038,Sainte-Ode,Sainte-Ode,Sainte-Ode,Wallonia,Luxembourg,Arrondissement Bastenaken,POPULATION_AGE_15_64,Population aged 15 to 64,count,2026,1713.0,A,2026-09-05T22:11:04.542942+00:00
be:mun:82038,82038,Sainte-Ode,Sainte-Ode,Sainte-Ode,Wallonia,Luxembourg,Arrondissement Bastenaken,POPULATION_AGE_65_PLUS,Population aged 65 and over,count,2026,503.0,A,2026-09-05T22:11:04.542942+00:00
be:mun:82038,82038,Sainte-Ode,Sainte-Ode,Sainte-Ode,Wallonia,Luxembourg,Arrondissement Bastenaken,POPULATION_BY_COMMUNE,Population,count,2026,2706.0,A,2026-09-05T20:42:19.277290+00:00
be:mun:82039,82039,Bastogne,Bastogne,Bastenaken,Wallonia,Luxembourg,Arrondissement Bastenaken,LOCAL_UNITS_BY_COMMUNE,Local business units,count,2023-Q4,2293.0,A,2026-09-05T19:00:05.127955+00:00
be:mun:82039,82039,Bastogne,Bastogne,Bastenaken,Wallonia,Luxembourg,Arrondissement Bastenaken,POPULATION_AGE_0_14,Population aged 0 to 14,count,2026,3685.0,A,2026-09-05T22:11:04.542942+00:00
be:mun:82039,82039,Bastogne,Bastogne,Bastenaken,Wallonia,Luxembourg,Arrondissement Bastenaken,POPULATION_AGE_15_64,Population aged 15 to 64,count,2026,13801.0,A,2026-09-05T22:11:04.542942+00:00
be:mun:82039,82039,Bastogne,Bastogne,Bastenaken,Wallonia,Luxembourg,Arrondissement Bastenaken,POPULATION_AGE_65_PLUS,Population aged 65 and over,count,2026,3524.0,A,2026-09-05T22:11:04.542942+00:00
be:mun:82039,82039,Bastogne,Bastogne,Bastenaken,Wallonia,Luxembourg,Arrondissement Bastenaken,POPULATION_BY_COMMUNE,Population,count,2026,21010.0,A,2026-09-05T20:42:19.277290+00:00
be:mun:83012,83012,Durbuy,Durbuy,Durbuy,Wallonia,Luxembourg,Arrondissement Marche-en-Famenne,LOCAL_UNITS_BY_COMMUNE,Local business units,count,2023-Q4,1670.0,A,2026-09-05T19:00:05.127955+00:00
be:mun:83012,83012,Durbuy,Durbuy,Durbuy,Wallonia,Luxembourg,Arrondissement Marche-en-Famenne,POPULATION_AGE_0_14,Population aged 0 to 14,count,2026,1567.0,A,2026-09-05T22:11:04.542942+00:00
be:mun:83012,83012,Durbuy,Durbuy,Durbuy,Wallonia,Luxembourg,Arrondissement Marche-en-Famenne,POPULATION_AGE_15_64,Population aged 15 to 64,count,2026,7042.0,A,2026-09-05T22:11:04.542942+00:00
be:mun:83012,83012,Durbuy,Durbuy,Durbuy,Wallonia,Luxembourg,Arrondissement Marche-en-Famenne,POPULATION_AGE_65_PLUS,Population aged 65 and over,count,2026,2755.0,A,2026-09-05T22:11:04.542942+00:00
be:mun:83012,83012,Durbuy,Durbuy,Durbuy,Wallonia,Luxembourg,Arrondissement Marche-en-Famenne,POPULATION_BY_COMMUNE,Population,count,2026,11364.0,A,2026-09-05T20:42:19.277290+00:00
be:mun:83013,83013,Erezée,Erezée,Erezée,Wallonia,Luxembourg,Arrondissement Marche-en-Famenne,LOCAL_UNITS_BY_COMMUNE,Local business units,count,2023-Q4,413.0,A,2026-09-05T19:00:05.127955+00:00
be:mun:83013,83013,Erezée,Erezée,Erezée,Wallonia,Luxembourg,Arrondissement Marche-en-Famenne,POPULATION_AGE_0_14,Population aged 0 to 14,count,2026,467.0,A,2026-09-05T22:11:04.542942+00:00
be:mun:83013,83013,Erezée,Erezée,Erezée,Wallonia,Luxembourg,Arrondissement Marche-en-Famenne,POPULATION_AGE_15_64,Population aged 15 to 64,count,2026,2066.0,A,2026-09-05T22:11:04.542942+00:00
be:mun:83013,83013,Erezée,Erezée,Erezée,Wallonia,Luxembourg,Arrondissement Marche-en-Famenne,POPULATION_AGE_65_PLUS,Population aged 65 and over,count,2026,835.0,A,2026-09-05T22:11:04.542942+00:00
be:mun:83013,83013,Erezée,Erezée,Erezée,Wallonia,Luxembourg,Arrondissement Marche-en-Famenne,POPULATION_BY_COMMUNE,Population,count,2026,3368.0,A,2026-09-05T20:42:19.277290+00:00
be:mun:83028,83028,Hotton,Hotton,Hotton,Wallonia,Luxembourg,Arrondissement Marche-en-Famenne,LOCAL_UNITS_BY_COMMUNE,Local business units,count,2023-Q4,586.0,A,2026-09-05T19:00:05.127955+00:00
be:mun:83028,83028,Hotton,Hotton,Hotton,Wallonia,Luxembourg,Arrondissement Marche-en-Famenne,POPULATION_AGE_0_14,Population aged 0 to 14,count,2026,934.0,A,2026-09-05T22:11:04.542942+00:00
be:mun:83028,83028,Hotton,Hotton,Hotton,Wallonia,Luxembourg,Arrondissement Marche-en-Famenne,POPULATION_AGE_15_64,Population aged 15 to 64,count,2026,3585.0,A,2026-09-05T22:11:04.542942+00:00
be:mun:83028,83028,Hotton,Hotton,Hotton,Wallonia,Luxembourg,Arrondissement Marche-en-Famenne,POPULATION_AGE_65_PLUS,Population aged 65 and over,count,2026,1180.0,A,2026-09-05T22:11:04.542942+00:00
be:mun:83028,83028,Hotton,Hotton,Hotton,Wallonia,Luxembourg,Arrondissement Marche-en-Famenne,POPULATION_BY_COMMUNE,Population,count,2026,5699.0,A,2026-09-05T20:42:19.277290+00:00
be:mun:83031,83031,La Roche-en-Ardenne,La Roche-en-Ardenne,La Roche-en-Ardenne,Wallonia,Luxembourg,Arrondissement Marche-en-Famenne,LOCAL_UNITS_BY_COMMUNE,Local business units,count,2023-Q4,765.0,A,2026-09-05T19:00:05.127955+00:00
be:mun:83031,83031,La Roche-en-Ardenne,La Roche-en-Ardenne,La Roche-en-Ardenne,Wallonia,Luxembourg,Arrondissement Marche-en-Famenne,POPULATION_AGE_0_14,Population aged 0 to 14,count,2026,541.0,A,2026-09-05T22:11:04.542942+00:00
be:mun:83031,83031,La Roche-en-Ardenne,La Roche-en-Ardenne,La Roche-en-Ardenne,Wallonia,Luxembourg,Arrondissement Marche-en-Famenne,POPULATION_AGE_15_64,Population aged 15 to 64,count,2026,2523.0,A,2026-09-05T22:11:04.542942+00:00
be:mun:83031,83031,La Roche-en-Ardenne,La Roche-en-Ardenne,La Roche-en-Ardenne,Wallonia,Luxembourg,Arrondissement Marche-en-Famenne,POPULATION_AGE_65_PLUS,Population aged 65 and over,count,2026,991.0,A,2026-09-05T22:11:04.542942+00:00
be:mun:83031,83031,La Roche-en-Ardenne,La Roche-en-Ardenne,La Roche-en-Ardenne,Wallonia,Luxembourg,Arrondissement Marche-en-Famenne,POPULATION_BY_COMMUNE,Population,count,2026,4055.0,A,2026-09-05T20:42:19.277290+00:00
be:mun:83034,83034,Marche-en-Famenne,Marche-en-Famenne,Marche-en-Famenne,Wallonia,Luxembourg,Arrondissement Marche-en-Famenne,LOCAL_UNITS_BY_COMMUNE,Local business units,count,2023-Q4,2329.0,A,2026-09-05T19:00:05.127955+00:00
be:mun:83034,83034,Marche-en-Famenne,Marche-en-Famenne,Marche-en-Famenne,Wallonia,Luxembourg,Arrondissement Marche-en-Famenne,POPULATION_AGE_0_14,Population aged 0 to 14,count,2026,2724.0,A,2026-09-05T22:11:04.542942+00:00
be:mun:83034,83034,Marche-en-Famenne,Marche-en-Famenne,Marche-en-Famenne,Wallonia,Luxembourg,Arrondissement Marche-en-Famenne,POPULATION_AGE_15_64,Population aged 15 to 64,count,2026,11391.0,A,2026-09-05T22:11:04.542942+00:00
be:mun:83034,83034,Marche-en-Famenne,Marche-en-Famenne,Marche-en-Famenne,Wallonia,Luxembourg,Arrondissement Marche-en-Famenne,POPULATION_AGE_65_PLUS,Population aged 65 and over,count,2026,3892.0,A,2026-09-05T22:11:04.542942+00:00
be:mun:83034,83034,Marche-en-Famenne,Marche-en-Famenne,Marche-en-Famenne,Wallonia,Luxembourg,Arrondissement Marche-en-Famenne,POPULATION_BY_COMMUNE,Population,count,2026,18007.0,A,2026-09-05T20:42:19.277290+00:00
be:mun:83040,83040,Nassogne,Nassogne,Nassogne,Wallonia,Luxembourg,Arrondissement Marche-en-Famenne,LOCAL_UNITS_BY_COMMUNE,Local business units,count,2023-Q4,598.0,A,2026-09-05T19:00:05.127955+00:00
be:mun:83040,83040,Nassogne,Nassogne,Nassogne,Wallonia,Luxembourg,Arrondissement Marche-en-Famenne,POPULATION_AGE_0_14,Population aged 0 to 14,count,2026,990.0,A,2026-09-05T22:11:04.542942+00:00
be:mun:83040,83040,Nassogne,Nassogne,Nassogne,Wallonia,Luxembourg,Arrondissement Marche-en-Famenne,POPULATION_AGE_15_64,Population aged 15 to 64,count,2026,3576.0,A,2026-09-05T22:11:04.542942+00:00
be:mun:83040,83040,Nassogne,Nassogne,Nassogne,Wallonia,Luxembourg,Arrondissement Marche-en-Famenne,POPULATION_AGE_65_PLUS,Population aged 65 and over,count,2026,1148.0,A,2026-09-05T22:11:04.542942+00:00
be:mun:83040,83040,Nassogne,Nassogne,Nassogne,Wallonia,Luxembourg,Arrondissement Marche-en-Famenne,POPULATION_BY_COMMUNE,Population,count,2026,5714.0,A,2026-09-05T20:42:19.277290+00:00
be:mun:83044,83044,Rendeux,Rendeux,Rendeux,Wallonia,Luxembourg,Arrondissement Marche-en-Famenne,LOCAL_UNITS_BY_COMMUNE,Local business units,count,2023-Q4,362.0,A,2026-09-05T19:00:05.127955+00:00
be:mun:83044,83044,Rendeux,Rendeux,Rendeux,Wallonia,Luxembourg,Arrondissement Marche-en-Famenne,POPULATION_AGE_0_14,Population aged 0 to 14,count,2026,480.0,A,2026-09-05T22:11:04.542942+00:00
be:mun:83044,83044,Rendeux,Rendeux,Rendeux,Wallonia,Luxembourg,Arrondissement Marche-en-Famenne,POPULATION_AGE_15_64,Population aged 15 to 64,count,2026,1695.0,A,2026-09-05T22:11:04.542942+00:00
be:mun:83044,83044,Rendeux,Rendeux,Rendeux,Wallonia,Luxembourg,Arrondissement Marche-en-Famenne,POPULATION_AGE_65_PLUS,Population aged 65 and over,count,2026,568.0,A,2026-09-05T22:11:04.542942+00:00
be:mun:83044,83044,Rendeux,Rendeux,Rendeux,Wallonia,Luxembourg,Arrondissement Marche-en-Famenne,POPULATION_BY_COMMUNE,Population,count,2026,2743.0,A,2026-09-05T20:42:19.277290+00:00
be:mun:83049,83049,Tenneville,Tenneville,Tenneville,Wallonia,Luxembourg,Arrondissement Marche-en-Famenne,LOCAL_UNITS_BY_COMMUNE,Local business units,count,2023-Q4,355.0,A,2026-09-05T19:00:05.127955+00:00
be:mun:83049,83049,Tenneville,Tenneville,Tenneville,Wallonia,Luxembourg,Arrondissement Marche-en-Famenne,POPULATION_AGE_0_14,Population aged 0 to 14,count,2026,460.0,A,2026-09-05T22:11:04.542942+00:00
be:mun:83049,83049,Tenneville,Tenneville,Tenneville,Wallonia,Luxembourg,Arrondissement Marche-en-Famenne,POPULATION_AGE_15_64,Population aged 15 to 64,count,2026,1811.0,A,2026-09-05T22:11:04.542942+00:00
be:mun:83049,83049,Tenneville,Tenneville,Tenneville,Wallonia,Luxembourg,Arrondissement Marche-en-Famenne,POPULATION_AGE_65_PLUS,Population aged 65 and over,count,2026,601.0,A,2026-09-05T22:11:04.542942+00:00
be:mun:83049,83049,Tenneville,Tenneville,Tenneville,Wallonia,Luxembourg,Arrondissement Marche-en-Famenne,POPULATION_BY_COMMUNE,Population,count,2026,2872.0,A,2026-09-05T20:42:19.277290+00:00
be:mun:83055,83055,Manhay,Manhay,Manhay,Wallonia,Luxembourg,Arrondissement Marche-en-Famenne,LOCAL_UNITS_BY_COMMUNE,Local business units,count,2023-Q4,562.0,A,2026-09-05T19:00:05.127955+00:00
be:mun:83055,83055,Manhay,Manhay,Manhay,Wallonia,Luxembourg,Arrondissement Marche-en-Famenne,POPULATION_AGE_0_14,Population aged 0 to 14,count,2026,683.0,A,2026-09-05T22:11:04.542942+00:00
be:mun:83055,83055,Manhay,Manhay,Manhay,Wallonia,Luxembourg,Arrondissement Marche-en-Famenne,POPULATION_AGE_15_64,Population aged 15 to 64,count,2026,2393.0,A,2026-09-05T22:11:04.542942+00:00
be:mun:83055,83055,Manhay,Manhay,Manhay,Wallonia,Luxembourg,Arrondissement Marche-en-Famenne,POPULATION_AGE_65_PLUS,Population aged 65 and over,count,2026,702.0,A,2026-09-05T22:11:04.542942+00:00
be:mun:83055,83055,Manhay,Manhay,Manhay,Wallonia,Luxembourg,Arrondissement Marche-en-Famenne,POPULATION_BY_COMMUNE,Population,count,2026,3778.0,A,2026-09-05T20:42:19.277290+00:00
be:mun:84009,84009,Bertrix,Bertrix,Bertrix,Wallonia,Luxembourg,Arrondissement Neufchâteau,LOCAL_UNITS_BY_COMMUNE,Local business units,count,2023-Q4,1132.0,A,2026-09-05T19:00:05.127955+00:00
be:mun:84009,84009,Bertrix,Bertrix,Bertrix,Wallonia,Luxembourg,Arrondissement Neufchâteau,POPULATION_AGE_0_14,Population aged 0 to 14,count,2026,1436.0,A,2026-09-05T22:11:04.542942+00:00
be:mun:84009,84009,Bertrix,Bertrix,Bertrix,Wallonia,Luxembourg,Arrondissement Neufchâteau,POPULATION_AGE_15_64,Population aged 15 to 64,count,2026,5785.0,A,2026-09-05T22:11:04.542942+00:00
be:mun:84009,84009,Bertrix,Bertrix,Bertrix,Wallonia,Luxembourg,Arrondissement Neufchâteau,POPULATION_AGE_65_PLUS,Population aged 65 and over,count,2026,1889.0,A,2026-09-05T22:11:04.542942+00:00
be:mun:84009,84009,Bertrix,Bertrix,Bertrix,Wallonia,Luxembourg,Arrondissement Neufchâteau,POPULATION_BY_COMMUNE,Population,count,2026,9110.0,A,2026-09-05T20:42:19.277290+00:00
be:mun:84010,84010,Bouillon,Bouillon,Bouillon,Wallonia,Luxembourg,Arrondissement Neufchâteau,LOCAL_UNITS_BY_COMMUNE,Local business units,count,2023-Q4,773.0,A,2026-09-05T19:00:05.127955+00:00
be:mun:84010,84010,Bouillon,Bouillon,Bouillon,Wallonia,Luxembourg,Arrondissement Neufchâteau,POPULATION_AGE_0_14,Population aged 0 to 14,count,2026,789.0,A,2026-09-05T22:11:04.542942+00:00
be:mun:84010,84010,Bouillon,Bouillon,Bouillon,Wallonia,Luxembourg,Arrondissement Neufchâteau,POPULATION_AGE_15_64,Population aged 15 to 64,count,2026,3051.0,A,2026-09-05T22:11:04.542942+00:00
be:mun:84010,84010,Bouillon,Bouillon,Bouillon,Wallonia,Luxembourg,Arrondissement Neufchâteau,POPULATION_AGE_65_PLUS,Population aged 65 and over,count,2026,1452.0,A,2026-09-05T22:11:04.542942+00:00
be:mun:84010,84010,Bouillon,Bouillon,Bouillon,Wallonia,Luxembourg,Arrondissement Neufchâteau,POPULATION_BY_COMMUNE,Population,count,2026,5292.0,A,2026-09-05T20:42:19.277290+00:00
be:mun:84016,84016,Daverdisse,Daverdisse,Daverdisse,Wallonia,Luxembourg,Arrondissement Neufchâteau,LOCAL_UNITS_BY_COMMUNE,Local business units,count,2023-Q4,185.0,A,2026-09-05T19:00:05.127955+00:00
be:mun:84016,84016,Daverdisse,Daverdisse,Daverdisse,Wallonia,Luxembourg,Arrondissement Neufchâteau,POPULATION_AGE_0_14,Population aged 0 to 14,count,2026,222.0,A,2026-09-05T22:11:04.542942+00:00
be:mun:84016,84016,Daverdisse,Daverdisse,Daverdisse,Wallonia,Luxembourg,Arrondissement Neufchâteau,POPULATION_AGE_15_64,Population aged 15 to 64,count,2026,839.0,A,2026-09-05T22:11:04.542942+00:00
be:mun:84016,84016,Daverdisse,Daverdisse,Daverdisse,Wallonia,Luxembourg,Arrondissement Neufchâteau,POPULATION_AGE_65_PLUS,Population aged 65 and over,count,2026,336.0,A,2026-09-05T22:11:04.542942+00:00
be:mun:84016,84016,Daverdisse,Daverdisse,Daverdisse,Wallonia,Luxembourg,Arrondissement Neufchâteau,POPULATION_BY_COMMUNE,Population,count,2026,1397.0,A,2026-09-05T20:42:19.277290+00:00
be:mun:84029,84029,Herbeumont,Herbeumont,Herbeumont,Wallonia,Luxembourg,Arrondissement Neufchâteau,LOCAL_UNITS_BY_COMMUNE,Local business units,count,2023-Q4,207.0,A,2026-09-05T19:00:05.127955+00:00
be:mun:84029,84029,Herbeumont,Herbeumont,Herbeumont,Wallonia,Luxembourg,Arrondissement Neufchâteau,POPULATION_AGE_0_14,Population aged 0 to 14,count,2026,287.0,A,2026-09-05T22:11:04.542942+00:00
be:mun:84029,84029,Herbeumont,Herbeumont,Herbeumont,Wallonia,Luxembourg,Arrondissement Neufchâteau,POPULATION_AGE_15_64,Population aged 15 to 64,count,2026,1102.0,A,2026-09-05T22:11:04.542942+00:00
be:mun:84029,84029,Herbeumont,Herbeumont,Herbeumont,Wallonia,Luxembourg,Arrondissement Neufchâteau,POPULATION_AGE_65_PLUS,Population aged 65 and over,count,2026,342.0,A,2026-09-05T22:11:04.542942+00:00
be:mun:84029,84029,Herbeumont,Herbeumont,Herbeumont,Wallonia,Luxembourg,Arrondissement Neufchâteau,POPULATION_BY_COMMUNE,Population,count,2026,1731.0,A,2026-09-05T20:42:19.277290+00:00
be:mun:84033,84033,Léglise,Léglise,Léglise,Wallonia,Luxembourg,Arrondissement Neufchâteau,LOCAL_UNITS_BY_COMMUNE,Local business units,count,2023-Q4,570.0,A,2026-09-05T19:00:05.127955+00:00
be:mun:84033,84033,Léglise,Léglise,Léglise,Wallonia,Luxembourg,Arrondissement Neufchâteau,POPULATION_AGE_0_14,Population aged 0 to 14,count,2026,1190.0,A,2026-09-05T22:11:04.542942+00:00
be:mun:84033,84033,Léglise,Léglise,Léglise,Wallonia,Luxembourg,Arrondissement Neufchâteau,POPULATION_AGE_15_64,Population aged 15 to 64,count,2026,4005.0,A,2026-09-05T22:11:04.542942+00:00
be:mun:84033,84033,Léglise,Léglise,Léglise,Wallonia,Luxembourg,Arrondissement Neufchâteau,POPULATION_AGE_65_PLUS,Population aged 65 and over,count,2026,708.0,A,2026-09-05T22:11:04.542942+00:00
be:mun:84033,84033,Léglise,Léglise,Léglise,Wallonia,Luxembourg,Arrondissement Neufchâteau,POPULATION_BY_COMMUNE,Population,count,2026,5903.0,A,2026-09-05T20:42:19.277290+00:00
be:mun:84035,84035,Libin,Libin,Libin,Wallonia,Luxembourg,Arrondissement Neufchâteau,LOCAL_UNITS_BY_COMMUNE,Local business units,count,2023-Q4,697.0,A,2026-09-05T19:00:05.127955+00:00
be:mun:84035,84035,Libin,Libin,Libin,Wallonia,Luxembourg,Arrondissement Neufchâteau,POPULATION_AGE_0_14,Population aged 0 to 14,count,2026,925.0,A,2026-09-05T22:11:04.542942+00:00
be:mun:84035,84035,Libin,Libin,Libin,Wallonia,Luxembourg,Arrondissement Neufchâteau,POPULATION_AGE_15_64,Population aged 15 to 64,count,2026,3419.0,A,2026-09-05T22:11:04.542942+00:00
be:mun:84035,84035,Libin,Libin,Libin,Wallonia,Luxembourg,Arrondissement Neufchâteau,POPULATION_AGE_65_PLUS,Population aged 65 and over,count,2026,1047.0,A,2026-09-05T22:11:04.542942+00:00
be:mun:84035,84035,Libin,Libin,Libin,Wallonia,Luxembourg,Arrondissement Neufchâteau,POPULATION_BY_COMMUNE,Population,count,2026,5391.0,A,2026-09-05T20:42:19.277290+00:00
be:mun:84043,84043,Neufchâteau,Neufchâteau,Neufchâteau,Wallonia,Luxembourg,Arrondissement Neufchâteau,LOCAL_UNITS_BY_COMMUNE,Local business units,count,2023-Q4,971.0,A,2026-09-05T19:00:05.127955+00:00
be:mun:84043,84043,Neufchâteau,Neufchâteau,Neufchâteau,Wallonia,Luxembourg,Arrondissement Neufchâteau,POPULATION_AGE_0_14,Population aged 0 to 14,count,2026,1523.0,A,2026-09-05T22:11:04.542942+00:00
be:mun:84043,84043,Neufchâteau,Neufchâteau,Neufchâteau,Wallonia,Luxembourg,Arrondissement Neufchâteau,POPULATION_AGE_15_64,Population aged 15 to 64,count,2026,5534.0,A,2026-09-05T22:11:04.542942+00:00
be:mun:84043,84043,Neufchâteau,Neufchâteau,Neufchâteau,Wallonia,Luxembourg,Arrondissement Neufchâteau,POPULATION_AGE_65_PLUS,Population aged 65 and over,count,2026,1331.0,A,2026-09-05T22:11:04.542942+00:00
be:mun:84043,84043,Neufchâteau,Neufchâteau,Neufchâteau,Wallonia,Luxembourg,Arrondissement Neufchâteau,POPULATION_BY_COMMUNE,Population,count,2026,8388.0,A,2026-09-05T20:42:19.277290+00:00
be:mun:84050,84050,Paliseul,Paliseul,Paliseul,Wallonia,Luxembourg,Arrondissement Neufchâteau,LOCAL_UNITS_BY_COMMUNE,Local business units,count,2023-Q4,762.0,A,2026-09-05T19:00:05.127955+00:00
be:mun:84050,84050,Paliseul,Paliseul,Paliseul,Wallonia,Luxembourg,Arrondissement Neufchâteau,POPULATION_AGE_0_14,Population aged 0 to 14,count,2026,969.0,A,2026-09-05T22:11:04.542942+00:00
be:mun:84050,84050,Paliseul,Paliseul,Paliseul,Wallonia,Luxembourg,Arrondissement Neufchâteau,POPULATION_AGE_15_64,Population aged 15 to 64,count,2026,3463.0,A,2026-09-05T22:11:04.542942+00:00
be:mun:84050,84050,Paliseul,Paliseul,Paliseul,Wallonia,Luxembourg,Arrondissement Neufchâteau,POPULATION_AGE_65_PLUS,Population aged 65 and over,count,2026,1145.0,A,2026-09-05T22:11:04.542942+00:00
be:mun:84050,84050,Paliseul,Paliseul,Paliseul,Wallonia,Luxembourg,Arrondissement Neufchâteau,POPULATION_BY_COMMUNE,Population,count,2026,5577.0,A,2026-09-05T20:42:19.277290+00:00
be:mun:84059,84059,Saint-Hubert,Saint-Hubert,Saint-Hubert,Wallonia,Luxembourg,Arrondissement Neufchâteau,LOCAL_UNITS_BY_COMMUNE,Local business units,count,2023-Q4,615.0,A,2026-09-05T19:00:05.127955+00:00
be:mun:84059,84059,Saint-Hubert,Saint-Hubert,Saint-Hubert,Wallonia,Luxembourg,Arrondissement Neufchâteau,POPULATION_AGE_0_14,Population aged 0 to 14,count,2026,976.0,A,2026-09-05T22:11:04.542942+00:00
be:mun:84059,84059,Saint-Hubert,Saint-Hubert,Saint-Hubert,Wallonia,Luxembourg,Arrondissement Neufchâteau,POPULATION_AGE_15_64,Population aged 15 to 64,count,2026,3515.0,A,2026-09-05T22:11:04.542942+00:00
be:mun:84059,84059,Saint-Hubert,Saint-Hubert,Saint-Hubert,Wallonia,Luxembourg,Arrondissement Neufchâteau,POPULATION_AGE_65_PLUS,Population aged 65 and over,count,2026,1250.0,A,2026-09-05T22:11:04.542942+00:00
be:mun:84059,84059,Saint-Hubert,Saint-Hubert,Saint-Hubert,Wallonia,Luxembourg,Arrondissement Neufchâteau,POPULATION_BY_COMMUNE,Population,count,2026,5741.0,A,2026-09-05T20:42:19.277290+00:00
be:mun:84068,84068,Tellin,Tellin,Tellin,Wallonia,Luxembourg,Arrondissement Neufchâteau,LOCAL_UNITS_BY_COMMUNE,Local business units,count,2023-Q4,273.0,A,2026-09-05T19:00:05.127955+00:00
be:mun:84068,84068,Tellin,Tellin,Tellin,Wallonia,Luxembourg,Arrondissement Neufchâteau,POPULATION_AGE_0_14,Population aged 0 to 14,count,2026,383.0,A,2026-09-05T22:11:04.542942+00:00
be:mun:84068,84068,Tellin,Tellin,Tellin,Wallonia,Luxembourg,Arrondissement Neufchâteau,POPULATION_AGE_15_64,Population aged 15 to 64,count,2026,1617.0,A,2026-09-05T22:11:04.542942+00:00
be:mun:84068,84068,Tellin,Tellin,Tellin,Wallonia,Luxembourg,Arrondissement Neufchâteau,POPULATION_AGE_65_PLUS,Population aged 65 and over,count,2026,519.0,A,2026-09-05T22:11:04.542942+00:00
be:mun:84068,84068,Tellin,Tellin,Tellin,Wallonia,Luxembourg,Arrondissement Neufchâteau,POPULATION_BY_COMMUNE,Population,count,2026,2519.0,A,2026-09-05T20:42:19.277290+00:00
be:mun:84075,84075,Wellin,Wellin,Wellin,Wallonia,Luxembourg,Arrondissement Neufchâteau,LOCAL_UNITS_BY_COMMUNE,Local business units,count,2023-Q4,349.0,A,2026-09-05T19:00:05.127955+00:00
be:mun:84075,84075,Wellin,Wellin,Wellin,Wallonia,Luxembourg,Arrondissement Neufchâteau,POPULATION_AGE_0_14,Population aged 0 to 14,count,2026,472.0,A,2026-09-05T22:11:04.542942+00:00
be:mun:84075,84075,Wellin,Wellin,Wellin,Wallonia,Luxembourg,Arrondissement Neufchâteau,POPULATION_AGE_15_64,Population aged 15 to 64,count,2026,2001.0,A,2026-09-05T22:11:04.542942+00:00
be:mun:84075,84075,Wellin,Wellin,Wellin,Wallonia,Luxembourg,Arrondissement Neufchâteau,POPULATION_AGE_65_PLUS,Population aged 65 and over,count,2026,768.0,A,2026-09-05T22:11:04.542942+00:00
be:mun:84075,84075,Wellin,Wellin,Wellin,Wallonia,Luxembourg,Arrondissement Neufchâteau,POPULATION_BY_COMMUNE,Population,count,2026,3241.0,A,2026-09-05T20:42:19.277290+00:00
be:mun:84077,84077,Libramont-Chevigny,Libramont-Chevigny,Libramont-Chevigny,Wallonia,Luxembourg,Arrondissement Neufchâteau,LOCAL_UNITS_BY_COMMUNE,Local business units,count,2023-Q4,1770.0,A,2026-09-05T19:00:05.127955+00:00
be:mun:84077,84077,Libramont-Chevigny,Libramont-Chevigny,Libramont-Chevigny,Wallonia,Luxembourg,Arrondissement Neufchâteau,POPULATION_AGE_0_14,Population aged 0 to 14,count,2026,2003.0,A,2026-09-05T22:11:04.542942+00:00
be:mun:84077,84077,Libramont-Chevigny,Libramont-Chevigny,Libramont-Chevigny,Wallonia,Luxembourg,Arrondissement Neufchâteau,POPULATION_AGE_15_64,Population aged 15 to 64,count,2026,7821.0,A,2026-09-05T22:11:04.542942+00:00
be:mun:84077,84077,Libramont-Chevigny,Libramont-Chevigny,Libramont-Chevigny,Wallonia,Luxembourg,Arrondissement Neufchâteau,POPULATION_AGE_65_PLUS,Population aged 65 and over,count,2026,2241.0,A,2026-09-05T22:11:04.542942+00:00
be:mun:84077,84077,Libramont-Chevigny,Libramont-Chevigny,Libramont-Chevigny,Wallonia,Luxembourg,Arrondissement Neufchâteau,POPULATION_BY_COMMUNE,Population,count,2026,12065.0,A,2026-09-05T20:42:19.277290+00:00
be:mun:85007,85007,Chiny,Chiny,Chiny,Wallonia,Luxembourg,Arrondissement Virton,LOCAL_UNITS_BY_COMMUNE,Local business units,count,2023-Q4,492.0,A,2026-09-05T19:00:05.127955+00:00
be:mun:85007,85007,Chiny,Chiny,Chiny,Wallonia,Luxembourg,Arrondissement Virton,POPULATION_AGE_0_14,Population aged 0 to 14,count,2026,835.0,A,2026-09-05T22:11:04.542942+00:00
be:mun:85007,85007,Chiny,Chiny,Chiny,Wallonia,Luxembourg,Arrondissement Virton,POPULATION_AGE_15_64,Population aged 15 to 64,count,2026,3312.0,A,2026-09-05T22:11:04.542942+00:00
be:mun:85007,85007,Chiny,Chiny,Chiny,Wallonia,Luxembourg,Arrondissement Virton,POPULATION_AGE_65_PLUS,Population aged 65 and over,count,2026,1075.0,A,2026-09-05T22:11:04.542942+00:00
be:mun:85007,85007,Chiny,Chiny,Chiny,Wallonia,Luxembourg,Arrondissement Virton,POPULATION_BY_COMMUNE,Population,count,2026,5222.0,A,2026-09-05T20:42:19.277290+00:00
be:mun:85009,85009,Etalle,Etalle,Etalle,Wallonia,Luxembourg,Arrondissement Virton,LOCAL_UNITS_BY_COMMUNE,Local business units,count,2023-Q4,501.0,A,2026-09-05T19:00:05.127955+00:00
be:mun:85009,85009,Etalle,Etalle,Etalle,Wallonia,Luxembourg,Arrondissement Virton,POPULATION_AGE_0_14,Population aged 0 to 14,count,2026,957.0,A,2026-09-05T22:11:04.542942+00:00
be:mun:85009,85009,Etalle,Etalle,Etalle,Wallonia,Luxembourg,Arrondissement Virton,POPULATION_AGE_15_64,Population aged 15 to 64,count,2026,4131.0,A,2026-09-05T22:11:04.542942+00:00
be:mun:85009,85009,Etalle,Etalle,Etalle,Wallonia,Luxembourg,Arrondissement Virton,POPULATION_AGE_65_PLUS,Population aged 65 and over,count,2026,952.0,A,2026-09-05T22:11:04.542942+00:00
be:mun:85009,85009,Etalle,Etalle,Etalle,Wallonia,Luxembourg,Arrondissement Virton,POPULATION_BY_COMMUNE,Population,count,2026,6040.0,A,2026-09-05T20:42:19.277290+00:00
be:mun:85011,85011,Florenville,Florenville,Florenville,Wallonia,Luxembourg,Arrondissement Virton,LOCAL_UNITS_BY_COMMUNE,Local business units,count,2023-Q4,625.0,A,2026-09-05T19:00:05.127955+00:00
be:mun:85011,85011,Florenville,Florenville,Florenville,Wallonia,Luxembourg,Arrondissement Virton,POPULATION_AGE_0_14,Population aged 0 to 14,count,2026,810.0,A,2026-09-05T22:11:04.542942+00:00
be:mun:85011,85011,Florenville,Florenville,Florenville,Wallonia,Luxembourg,Arrondissement Virton,POPULATION_AGE_15_64,Population aged 15 to 64,count,2026,3308.0,A,2026-09-05T22:11:04.542942+00:00
be:mun:85011,85011,Florenville,Florenville,Florenville,Wallonia,Luxembourg,Arrondissement Virton,POPULATION_AGE_65_PLUS,Population aged 65 and over,count,2026,1563.0,A,2026-09-05T22:11:04.542942+00:00
be:mun:85011,85011,Florenville,Florenville,Florenville,Wallonia,Luxembourg,Arrondissement Virton,POPULATION_BY_COMMUNE,Population,count,2026,5681.0,A,2026-09-05T20:42:19.277290+00:00
be:mun:85024,85024,Meix-devant-Virton,Meix-devant-Virton,Meix-devant-Virton,Wallonia,Luxembourg,Arrondissement Virton,LOCAL_UNITS_BY_COMMUNE,Local business units,count,2023-Q4,224.0,A,2026-09-05T19:00:05.127955+00:00
be:mun:85024,85024,Meix-devant-Virton,Meix-devant-Virton,Meix-devant-Virton,Wallonia,Luxembourg,Arrondissement Virton,POPULATION_AGE_0_14,Population aged 0 to 14,count,2026,468.0,A,2026-09-05T22:11:04.542942+00:00
be:mun:85024,85024,Meix-devant-Virton,Meix-devant-Virton,Meix-devant-Virton,Wallonia,Luxembourg,Arrondissement Virton,POPULATION_AGE_15_64,Population aged 15 to 64,count,2026,1748.0,A,2026-09-05T22:11:04.542942+00:00
be:mun:85024,85024,Meix-devant-Virton,Meix-devant-Virton,Meix-devant-Virton,Wallonia,Luxembourg,Arrondissement Virton,POPULATION_AGE_65_PLUS,Population aged 65 and over,count,2026,608.0,A,2026-09-05T22:11:04.542942+00:00
be:mun:85024,85024,Meix-devant-Virton,Meix-devant-Virton,Meix-devant-Virton,Wallonia,Luxembourg,Arrondissement Virton,POPULATION_BY_COMMUNE,Population,count,2026,2824.0,A,2026-09-05T20:42:19.277290+00:00
be:mun:85026,85026,Musson,Musson,Musson,Wallonia,Luxembourg,Arrondissement Virton,LOCAL_UNITS_BY_COMMUNE,Local business units,count,2023-Q4,202.0,A,2026-09-05T19:00:05.127955+00:00
be:mun:85026,85026,Musson,Musson,Musson,Wallonia,Luxembourg,Arrondissement Virton,POPULATION_AGE_0_14,Population aged 0 to 14,count,2026,833.0,A,2026-09-05T22:11:04.542942+00:00
be:mun:85026,85026,Musson,Musson,Musson,Wallonia,Luxembourg,Arrondissement Virton,POPULATION_AGE_15_64,Population aged 15 to 64,count,2026,3091.0,A,2026-09-05T22:11:04.542942+00:00
be:mun:85026,85026,Musson,Musson,Musson,Wallonia,Luxembourg,Arrondissement Virton,POPULATION_AGE_65_PLUS,Population aged 65 and over,count,2026,791.0,A,2026-09-05T22:11:04.542942+00:00
be:mun:85026,85026,Musson,Musson,Musson,Wallonia,Luxembourg,Arrondissement Virton,POPULATION_BY_COMMUNE,Population,count,2026,4715.0,A,2026-09-05T20:42:19.277290+00:00
be:mun:85034,85034,Saint-Léger,Saint-Léger,Saint-Léger,Wallonia,Luxembourg,Arrondissement Virton,LOCAL_UNITS_BY_COMMUNE,Local business units,count,2023-Q4,208.0,A,2026-09-05T19:00:05.127955+00:00
be:mun:85034,85034,Saint-Léger,Saint-Léger,Saint-Léger,Wallonia,Luxembourg,Arrondissement Virton,POPULATION_AGE_0_14,Population aged 0 to 14,count,2026,672.0,A,2026-09-05T22:11:04.542942+00:00
be:mun:85034,85034,Saint-Léger,Saint-Léger,Saint-Léger,Wallonia,Luxembourg,Arrondissement Virton,POPULATION_AGE_15_64,Population aged 15 to 64,count,2026,2499.0,A,2026-09-05T22:11:04.542942+00:00
be:mun:85034,85034,Saint-Léger,Saint-Léger,Saint-Léger,Wallonia,Luxembourg,Arrondissement Virton,POPULATION_AGE_65_PLUS,Population aged 65 and over,count,2026,635.0,A,2026-09-05T22:11:04.542942+00:00
be:mun:85034,85034,Saint-Léger,Saint-Léger,Saint-Léger,Wallonia,Luxembourg,Arrondissement Virton,POPULATION_BY_COMMUNE,Population,count,2026,3806.0,A,2026-09-05T20:42:19.277290+00:00
be:mun:85039,85039,Tintigny,Tintigny,Tintigny,Wallonia,Luxembourg,Arrondissement Virton,LOCAL_UNITS_BY_COMMUNE,Local business units,count,2023-Q4,368.0,A,2026-09-05T19:00:05.127955+00:00
be:mun:85039,85039,Tintigny,Tintigny,Tintigny,Wallonia,Luxembourg,Arrondissement Virton,POPULATION_AGE_0_14,Population aged 0 to 14,count,2026,807.0,A,2026-09-05T22:11:04.542942+00:00
be:mun:85039,85039,Tintigny,Tintigny,Tintigny,Wallonia,Luxembourg,Arrondissement Virton,POPULATION_AGE_15_64,Population aged 15 to 64,count,2026,3065.0,A,2026-09-05T22:11:04.542942+00:00
be:mun:85039,85039,Tintigny,Tintigny,Tintigny,Wallonia,Luxembourg,Arrondissement Virton,POPULATION_AGE_65_PLUS,Population aged 65 and over,count,2026,763.0,A,2026-09-05T22:11:04.542942+00:00
be:mun:85039,85039,Tintigny,Tintigny,Tintigny,Wallonia,Luxembourg,Arrondissement Virton,POPULATION_BY_COMMUNE,Population,count,2026,4635.0,A,2026-09-05T20:42:19.277290+00:00
be:mun:85045,85045,Virton,Virton,Virton,Wallonia,Luxembourg,Arrondissement Virton,LOCAL_UNITS_BY_COMMUNE,Local business units,count,2023-Q4,937.0,A,2026-09-05T19:00:05.127955+00:00
be:mun:85045,85045,Virton,Virton,Virton,Wallonia,Luxembourg,Arrondissement Virton,POPULATION_AGE_0_14,Population aged 0 to 14,count,2026,1791.0,A,2026-09-05T22:11:04.542942+00:00
be:mun:85045,85045,Virton,Virton,Virton,Wallonia,Luxembourg,Arrondissement Virton,POPULATION_AGE_15_64,Population aged 15 to 64,count,2026,7242.0,A,2026-09-05T22:11:04.542942+00:00
be:mun:85045,85045,Virton,Virton,Virton,Wallonia,Luxembourg,Arrondissement Virton,POPULATION_AGE_65_PLUS,Population aged 65 and over,count,2026,2423.0,A,2026-09-05T22:11:04.542942+00:00
be:mun:85045,85045,Virton,Virton,Virton,Wallonia,Luxembourg,Arrondissement Virton,POPULATION_BY_COMMUNE,Population,count,2026,11456.0,A,2026-09-05T20:42:19.277290+00:00
be:mun:85046,85046,Habay,Habay,Habay,Wallonia,Luxembourg,Arrondissement Virton,LOCAL_UNITS_BY_COMMUNE,Local business units,count,2023-Q4,611.0,A,2026-09-05T19:00:05.127955+00:00
be:mun:85046,85046,Habay,Habay,Habay,Wallonia,Luxembourg,Arrondissement Virton,POPULATION_AGE_0_14,Population aged 0 to 14,count,2026,1494.0,A,2026-09-05T22:11:04.542942+00:00
be:mun:85046,85046,Habay,Habay,Habay,Wallonia,Luxembourg,Arrondissement Virton,POPULATION_AGE_15_64,Population aged 15 to 64,count,2026,5836.0,A,2026-09-05T22:11:04.542942+00:00
be:mun:85046,85046,Habay,Habay,Habay,Wallonia,Luxembourg,Arrondissement Virton,POPULATION_AGE_65_PLUS,Population aged 65 and over,count,2026,1389.0,A,2026-09-05T22:11:04.542942+00:00
be:mun:85046,85046,Habay,Habay,Habay,Wallonia,Luxembourg,Arrondissement Virton,POPULATION_BY_COMMUNE,Population,count,2026,8719.0,A,2026-09-05T20:42:19.277290+00:00
be:mun:85047,85047,Rouvroy,Rouvroy,Rouvroy,Wallonia,Luxembourg,Arrondissement Virton,LOCAL_UNITS_BY_COMMUNE,Local business units,count,2023-Q4,158.0,A,2026-09-05T19:00:05.127955+00:00
be:mun:85047,85047,Rouvroy,Rouvroy,Rouvroy,Wallonia,Luxembourg,Arrondissement Virton,POPULATION_AGE_0_14,Population aged 0 to 14,count,2026,335.0,A,2026-09-05T22:11:04.542942+00:00
be:mun:85047,85047,Rouvroy,Rouvroy,Rouvroy,Wallonia,Luxembourg,Arrondissement Virton,POPULATION_AGE_15_64,Population aged 15 to 64,count,2026,1298.0,A,2026-09-05T22:11:04.542942+00:00
be:mun:85047,85047,Rouvroy,Rouvroy,Rouvroy,Wallonia,Luxembourg,Arrondissement Virton,POPULATION_AGE_65_PLUS,Population aged 65 and over,count,2026,464.0,A,2026-09-05T22:11:04.542942+00:00
be:mun:85047,85047,Rouvroy,Rouvroy,Rouvroy,Wallonia,Luxembourg,Arrondissement Virton,POPULATION_BY_COMMUNE,Population,count,2026,2097.0,A,2026-09-05T20:42:19.277290+00:00
be:mun:91005,91005,Anhée,Anhée,Anhée,Wallonia,Namur,Arrondissement Dinant,LOCAL_UNITS_BY_COMMUNE,Local business units,count,2023-Q4,772.0,A,2026-09-05T19:00:05.127955+00:00
be:mun:91005,91005,Anhée,Anhée,Anhée,Wallonia,Namur,Arrondissement Dinant,POPULATION_AGE_0_14,Population aged 0 to 14,count,2026,1098.0,A,2026-09-05T22:11:04.542942+00:00
be:mun:91005,91005,Anhée,Anhée,Anhée,Wallonia,Namur,Arrondissement Dinant,POPULATION_AGE_15_64,Population aged 15 to 64,count,2026,4459.0,A,2026-09-05T22:11:04.542942+00:00
be:mun:91005,91005,Anhée,Anhée,Anhée,Wallonia,Namur,Arrondissement Dinant,POPULATION_AGE_65_PLUS,Population aged 65 and over,count,2026,1537.0,A,2026-09-05T22:11:04.542942+00:00
be:mun:91005,91005,Anhée,Anhée,Anhée,Wallonia,Namur,Arrondissement Dinant,POPULATION_BY_COMMUNE,Population,count,2026,7094.0,A,2026-09-05T20:42:19.277290+00:00
be:mun:91013,91013,Beauraing,Beauraing,Beauraing,Wallonia,Namur,Arrondissement Dinant,LOCAL_UNITS_BY_COMMUNE,Local business units,count,2023-Q4,1009.0,A,2026-09-05T19:00:05.127955+00:00
be:mun:91013,91013,Beauraing,Beauraing,Beauraing,Wallonia,Namur,Arrondissement Dinant,POPULATION_AGE_0_14,Population aged 0 to 14,count,2026,1443.0,A,2026-09-05T22:11:04.542942+00:00
be:mun:91013,91013,Beauraing,Beauraing,Beauraing,Wallonia,Namur,Arrondissement Dinant,POPULATION_AGE_15_64,Population aged 15 to 64,count,2026,5856.0,A,2026-09-05T22:11:04.542942+00:00
be:mun:91013,91013,Beauraing,Beauraing,Beauraing,Wallonia,Namur,Arrondissement Dinant,POPULATION_AGE_65_PLUS,Population aged 65 and over,count,2026,2175.0,A,2026-09-05T22:11:04.542942+00:00
be:mun:91013,91013,Beauraing,Beauraing,Beauraing,Wallonia,Namur,Arrondissement Dinant,POPULATION_BY_COMMUNE,Population,count,2026,9474.0,A,2026-09-05T20:42:19.277290+00:00
be:mun:91015,91015,Bièvre,Bièvre,Bièvre,Wallonia,Namur,Arrondissement Dinant,LOCAL_UNITS_BY_COMMUNE,Local business units,count,2023-Q4,545.0,A,2026-09-05T19:00:05.127955+00:00
be:mun:91015,91015,Bièvre,Bièvre,Bièvre,Wallonia,Namur,Arrondissement Dinant,POPULATION_AGE_0_14,Population aged 0 to 14,count,2026,585.0,A,2026-09-05T22:11:04.542942+00:00
be:mun:91015,91015,Bièvre,Bièvre,Bièvre,Wallonia,Namur,Arrondissement Dinant,POPULATION_AGE_15_64,Population aged 15 to 64,count,2026,2117.0,A,2026-09-05T22:11:04.542942+00:00
be:mun:91015,91015,Bièvre,Bièvre,Bièvre,Wallonia,Namur,Arrondissement Dinant,POPULATION_AGE_65_PLUS,Population aged 65 and over,count,2026,780.0,A,2026-09-05T22:11:04.542942+00:00
be:mun:91015,91015,Bièvre,Bièvre,Bièvre,Wallonia,Namur,Arrondissement Dinant,POPULATION_BY_COMMUNE,Population,count,2026,3482.0,A,2026-09-05T20:42:19.277290+00:00
be:mun:91030,91030,Ciney,Ciney,Ciney,Wallonia,Namur,Arrondissement Dinant,LOCAL_UNITS_BY_COMMUNE,Local business units,count,2023-Q4,2207.0,A,2026-09-05T19:00:05.127955+00:00
be:mun:91030,91030,Ciney,Ciney,Ciney,Wallonia,Namur,Arrondissement Dinant,POPULATION_AGE_0_14,Population aged 0 to 14,count,2026,2554.0,A,2026-09-05T22:11:04.542942+00:00
be:mun:91030,91030,Ciney,Ciney,Ciney,Wallonia,Namur,Arrondissement Dinant,POPULATION_AGE_15_64,Population aged 15 to 64,count,2026,10883.0,A,2026-09-05T22:11:04.542942+00:00
be:mun:91030,91030,Ciney,Ciney,Ciney,Wallonia,Namur,Arrondissement Dinant,POPULATION_AGE_65_PLUS,Population aged 65 and over,count,2026,3703.0,A,2026-09-05T22:11:04.542942+00:00
be:mun:91030,91030,Ciney,Ciney,Ciney,Wallonia,Namur,Arrondissement Dinant,POPULATION_BY_COMMUNE,Population,count,2026,17140.0,A,2026-09-05T20:42:19.277290+00:00
be:mun:91034,91034,Dinant,Dinant,Dinant,Wallonia,Namur,Arrondissement Dinant,LOCAL_UNITS_BY_COMMUNE,Local business units,count,2023-Q4,1668.0,A,2026-09-05T19:00:05.127955+00:00
be:mun:91034,91034,Dinant,Dinant,Dinant,Wallonia,Namur,Arrondissement Dinant,POPULATION_AGE_0_14,Population aged 0 to 14,count,2026,1879.0,A,2026-09-05T22:11:04.542942+00:00
be:mun:91034,91034,Dinant,Dinant,Dinant,Wallonia,Namur,Arrondissement Dinant,POPULATION_AGE_15_64,Population aged 15 to 64,count,2026,8383.0,A,2026-09-05T22:11:04.542942+00:00
be:mun:91034,91034,Dinant,Dinant,Dinant,Wallonia,Namur,Arrondissement Dinant,POPULATION_AGE_65_PLUS,Population aged 65 and over,count,2026,3150.0,A,2026-09-05T22:11:04.542942+00:00
be:mun:91034,91034,Dinant,Dinant,Dinant,Wallonia,Namur,Arrondissement Dinant,POPULATION_BY_COMMUNE,Population,count,2026,13412.0,A,2026-09-05T20:42:19.277290+00:00
be:mun:91054,91054,Gedinne,Gedinne,Gedinne,Wallonia,Namur,Arrondissement Dinant,LOCAL_UNITS_BY_COMMUNE,Local business units,count,2023-Q4,613.0,A,2026-09-05T19:00:05.127955+00:00
be:mun:91054,91054,Gedinne,Gedinne,Gedinne,Wallonia,Namur,Arrondissement Dinant,POPULATION_AGE_0_14,Population aged 0 to 14,count,2026,716.0,A,2026-09-05T22:11:04.542942+00:00
be:mun:91054,91054,Gedinne,Gedinne,Gedinne,Wallonia,Namur,Arrondissement Dinant,POPULATION_AGE_15_64,Population aged 15 to 64,count,2026,2835.0,A,2026-09-05T22:11:04.542942+00:00
be:mun:91054,91054,Gedinne,Gedinne,Gedinne,Wallonia,Namur,Arrondissement Dinant,POPULATION_AGE_65_PLUS,Population aged 65 and over,count,2026,1138.0,A,2026-09-05T22:11:04.542942+00:00
be:mun:91054,91054,Gedinne,Gedinne,Gedinne,Wallonia,Namur,Arrondissement Dinant,POPULATION_BY_COMMUNE,Population,count,2026,4689.0,A,2026-09-05T20:42:19.277290+00:00
be:mun:91059,91059,Hamois,Hamois,Hamois,Wallonia,Namur,Arrondissement Dinant,LOCAL_UNITS_BY_COMMUNE,Local business units,count,2023-Q4,918.0,A,2026-09-05T19:00:05.127955+00:00
be:mun:91059,91059,Hamois,Hamois,Hamois,Wallonia,Namur,Arrondissement Dinant,POPULATION_AGE_0_14,Population aged 0 to 14,count,2026,1346.0,A,2026-09-05T22:11:04.542942+00:00
be:mun:91059,91059,Hamois,Hamois,Hamois,Wallonia,Namur,Arrondissement Dinant,POPULATION_AGE_15_64,Population aged 15 to 64,count,2026,4842.0,A,2026-09-05T22:11:04.542942+00:00
be:mun:91059,91059,Hamois,Hamois,Hamois,Wallonia,Namur,Arrondissement Dinant,POPULATION_AGE_65_PLUS,Population aged 65 and over,count,2026,1314.0,A,2026-09-05T22:11:04.542942+00:00
be:mun:91059,91059,Hamois,Hamois,Hamois,Wallonia,Namur,Arrondissement Dinant,POPULATION_BY_COMMUNE,Population,count,2026,7502.0,A,2026-09-05T20:42:19.277290+00:00
be:mun:91064,91064,Havelange,Havelange,Havelange,Wallonia,Namur,Arrondissement Dinant,LOCAL_UNITS_BY_COMMUNE,Local business units,count,2023-Q4,744.0,A,2026-09-05T19:00:05.127955+00:00
be:mun:91064,91064,Havelange,Havelange,Havelange,Wallonia,Namur,Arrondissement Dinant,POPULATION_AGE_0_14,Population aged 0 to 14,count,2026,910.0,A,2026-09-05T22:11:04.542942+00:00
be:mun:91064,91064,Havelange,Havelange,Havelange,Wallonia,Namur,Arrondissement Dinant,POPULATION_AGE_15_64,Population aged 15 to 64,count,2026,3475.0,A,2026-09-05T22:11:04.542942+00:00
be:mun:91064,91064,Havelange,Havelange,Havelange,Wallonia,Namur,Arrondissement Dinant,POPULATION_AGE_65_PLUS,Population aged 65 and over,count,2026,1059.0,A,2026-09-05T22:11:04.542942+00:00
be:mun:91064,91064,Havelange,Havelange,Havelange,Wallonia,Namur,Arrondissement Dinant,POPULATION_BY_COMMUNE,Population,count,2026,5444.0,A,2026-09-05T20:42:19.277290+00:00
be:mun:91072,91072,Houyet,Houyet,Houyet,Wallonia,Namur,Arrondissement Dinant,LOCAL_UNITS_BY_COMMUNE,Local business units,count,2023-Q4,564.0,A,2026-09-05T19:00:05.127955+00:00
be:mun:91072,91072,Houyet,Houyet,Houyet,Wallonia,Namur,Arrondissement Dinant,POPULATION_AGE_0_14,Population aged 0 to 14,count,2026,866.0,A,2026-09-05T22:11:04.542942+00:00
be:mun:91072,91072,Houyet,Houyet,Houyet,Wallonia,Namur,Arrondissement Dinant,POPULATION_AGE_15_64,Population aged 15 to 64,count,2026,3298.0,A,2026-09-05T22:11:04.542942+00:00
be:mun:91072,91072,Houyet,Houyet,Houyet,Wallonia,Namur,Arrondissement Dinant,POPULATION_AGE_65_PLUS,Population aged 65 and over,count,2026,1062.0,A,2026-09-05T22:11:04.542942+00:00
be:mun:91072,91072,Houyet,Houyet,Houyet,Wallonia,Namur,Arrondissement Dinant,POPULATION_BY_COMMUNE,Population,count,2026,5226.0,A,2026-09-05T20:42:19.277290+00:00
be:mun:91103,91103,Onhaye,Onhaye,Onhaye,Wallonia,Namur,Arrondissement Dinant,LOCAL_UNITS_BY_COMMUNE,Local business units,count,2023-Q4,375.0,A,2026-09-05T19:00:05.127955+00:00
be:mun:91103,91103,Onhaye,Onhaye,Onhaye,Wallonia,Namur,Arrondissement Dinant,POPULATION_AGE_0_14,Population aged 0 to 14,count,2026,555.0,A,2026-09-05T22:11:04.542942+00:00
be:mun:91103,91103,Onhaye,Onhaye,Onhaye,Wallonia,Namur,Arrondissement Dinant,POPULATION_AGE_15_64,Population aged 15 to 64,count,2026,2029.0,A,2026-09-05T22:11:04.542942+00:00
be:mun:91103,91103,Onhaye,Onhaye,Onhaye,Wallonia,Namur,Arrondissement Dinant,POPULATION_AGE_65_PLUS,Population aged 65 and over,count,2026,678.0,A,2026-09-05T22:11:04.542942+00:00
be:mun:91103,91103,Onhaye,Onhaye,Onhaye,Wallonia,Namur,Arrondissement Dinant,POPULATION_BY_COMMUNE,Population,count,2026,3262.0,A,2026-09-05T20:42:19.277290+00:00
be:mun:91114,91114,Rochefort,Rochefort,Rochefort,Wallonia,Namur,Arrondissement Dinant,LOCAL_UNITS_BY_COMMUNE,Local business units,count,2023-Q4,1387.0,A,2026-09-05T19:00:05.127955+00:00
be:mun:91114,91114,Rochefort,Rochefort,Rochefort,Wallonia,Namur,Arrondissement Dinant,POPULATION_AGE_0_14,Population aged 0 to 14,count,2026,2042.0,A,2026-09-05T22:11:04.542942+00:00
be:mun:91114,91114,Rochefort,Rochefort,Rochefort,Wallonia,Namur,Arrondissement Dinant,POPULATION_AGE_15_64,Population aged 15 to 64,count,2026,8000.0,A,2026-09-05T22:11:04.542942+00:00
be:mun:91114,91114,Rochefort,Rochefort,Rochefort,Wallonia,Namur,Arrondissement Dinant,POPULATION_AGE_65_PLUS,Population aged 65 and over,count,2026,2714.0,A,2026-09-05T22:11:04.542942+00:00
be:mun:91114,91114,Rochefort,Rochefort,Rochefort,Wallonia,Namur,Arrondissement Dinant,POPULATION_BY_COMMUNE,Population,count,2026,12756.0,A,2026-09-05T20:42:19.277290+00:00
be:mun:91120,91120,Somme-Leuze,Somme-Leuze,Somme-Leuze,Wallonia,Namur,Arrondissement Dinant,LOCAL_UNITS_BY_COMMUNE,Local business units,count,2023-Q4,778.0,A,2026-09-05T19:00:05.127955+00:00
be:mun:91120,91120,Somme-Leuze,Somme-Leuze,Somme-Leuze,Wallonia,Namur,Arrondissement Dinant,POPULATION_AGE_0_14,Population aged 0 to 14,count,2026,1084.0,A,2026-09-05T22:11:04.542942+00:00
be:mun:91120,91120,Somme-Leuze,Somme-Leuze,Somme-Leuze,Wallonia,Namur,Arrondissement Dinant,POPULATION_AGE_15_64,Population aged 15 to 64,count,2026,4076.0,A,2026-09-05T22:11:04.542942+00:00
be:mun:91120,91120,Somme-Leuze,Somme-Leuze,Somme-Leuze,Wallonia,Namur,Arrondissement Dinant,POPULATION_AGE_65_PLUS,Population aged 65 and over,count,2026,1133.0,A,2026-09-05T22:11:04.542942+00:00
be:mun:91120,91120,Somme-Leuze,Somme-Leuze,Somme-Leuze,Wallonia,Namur,Arrondissement Dinant,POPULATION_BY_COMMUNE,Population,count,2026,6293.0,A,2026-09-05T20:42:19.277290+00:00
be:mun:91141,91141,Yvoir,Yvoir,Yvoir,Wallonia,Namur,Arrondissement Dinant,LOCAL_UNITS_BY_COMMUNE,Local business units,count,2023-Q4,954.0,A,2026-09-05T19:00:05.127955+00:00
be:mun:91141,91141,Yvoir,Yvoir,Yvoir,Wallonia,Namur,Arrondissement Dinant,POPULATION_AGE_0_14,Population aged 0 to 14,count,2026,1398.0,A,2026-09-05T22:11:04.542942+00:00
be:mun:91141,91141,Yvoir,Yvoir,Yvoir,Wallonia,Namur,Arrondissement Dinant,POPULATION_AGE_15_64,Population aged 15 to 64,count,2026,5905.0,A,2026-09-05T22:11:04.542942+00:00
be:mun:91141,91141,Yvoir,Yvoir,Yvoir,Wallonia,Namur,Arrondissement Dinant,POPULATION_AGE_65_PLUS,Population aged 65 and over,count,2026,1909.0,A,2026-09-05T22:11:04.542942+00:00
be:mun:91141,91141,Yvoir,Yvoir,Yvoir,Wallonia,Namur,Arrondissement Dinant,POPULATION_BY_COMMUNE,Population,count,2026,9212.0,A,2026-09-05T20:42:19.277290+00:00
be:mun:91142,91142,Hastière,Hastière,Hastière,Wallonia,Namur,Arrondissement Dinant,LOCAL_UNITS_BY_COMMUNE,Local business units,count,2023-Q4,433.0,A,2026-09-05T19:00:05.127955+00:00
be:mun:91142,91142,Hastière,Hastière,Hastière,Wallonia,Namur,Arrondissement Dinant,POPULATION_AGE_0_14,Population aged 0 to 14,count,2026,781.0,A,2026-09-05T22:11:04.542942+00:00
be:mun:91142,91142,Hastière,Hastière,Hastière,Wallonia,Namur,Arrondissement Dinant,POPULATION_AGE_15_64,Population aged 15 to 64,count,2026,3635.0,A,2026-09-05T22:11:04.542942+00:00
be:mun:91142,91142,Hastière,Hastière,Hastière,Wallonia,Namur,Arrondissement Dinant,POPULATION_AGE_65_PLUS,Population aged 65 and over,count,2026,1661.0,A,2026-09-05T22:11:04.542942+00:00
be:mun:91142,91142,Hastière,Hastière,Hastière,Wallonia,Namur,Arrondissement Dinant,POPULATION_BY_COMMUNE,Population,count,2026,6077.0,A,2026-09-05T20:42:19.277290+00:00
be:mun:91143,91143,Vresse-sur-Semois,Vresse-sur-Semois,Vresse-sur-Semois,Wallonia,Namur,Arrondissement Dinant,LOCAL_UNITS_BY_COMMUNE,Local business units,count,2023-Q4,399.0,A,2026-09-05T19:00:05.127955+00:00
be:mun:91143,91143,Vresse-sur-Semois,Vresse-sur-Semois,Vresse-sur-Semois,Wallonia,Namur,Arrondissement Dinant,POPULATION_AGE_0_14,Population aged 0 to 14,count,2026,266.0,A,2026-09-05T22:11:04.542942+00:00
be:mun:91143,91143,Vresse-sur-Semois,Vresse-sur-Semois,Vresse-sur-Semois,Wallonia,Namur,Arrondissement Dinant,POPULATION_AGE_15_64,Population aged 15 to 64,count,2026,1438.0,A,2026-09-05T22:11:04.542942+00:00
be:mun:91143,91143,Vresse-sur-Semois,Vresse-sur-Semois,Vresse-sur-Semois,Wallonia,Namur,Arrondissement Dinant,POPULATION_AGE_65_PLUS,Population aged 65 and over,count,2026,762.0,A,2026-09-05T22:11:04.542942+00:00
be:mun:91143,91143,Vresse-sur-Semois,Vresse-sur-Semois,Vresse-sur-Semois,Wallonia,Namur,Arrondissement Dinant,POPULATION_BY_COMMUNE,Population,count,2026,2466.0,A,2026-09-05T20:42:19.277290+00:00
be:mun:92003,92003,Andenne,Andenne,Andenne,Wallonia,Namur,Arrondissement Namen,LOCAL_UNITS_BY_COMMUNE,Local business units,count,2023-Q4,2383.0,A,2026-09-05T19:00:05.127955+00:00
be:mun:92003,92003,Andenne,Andenne,Andenne,Wallonia,Namur,Arrondissement Namen,POPULATION_AGE_0_14,Population aged 0 to 14,count,2026,4492.0,A,2026-09-05T22:11:04.542942+00:00
be:mun:92003,92003,Andenne,Andenne,Andenne,Wallonia,Namur,Arrondissement Namen,POPULATION_AGE_15_64,Population aged 15 to 64,count,2026,18049.0,A,2026-09-05T22:11:04.542942+00:00
be:mun:92003,92003,Andenne,Andenne,Andenne,Wallonia,Namur,Arrondissement Namen,POPULATION_AGE_65_PLUS,Population aged 65 and over,count,2026,5698.0,A,2026-09-05T22:11:04.542942+00:00
be:mun:92003,92003,Andenne,Andenne,Andenne,Wallonia,Namur,Arrondissement Namen,POPULATION_BY_COMMUNE,Population,count,2026,28239.0,A,2026-09-05T20:42:19.277290+00:00
be:mun:92006,92006,Assesse,Assesse,Assesse,Wallonia,Namur,Arrondissement Namen,LOCAL_UNITS_BY_COMMUNE,Local business units,count,2023-Q4,1082.0,A,2026-09-05T19:00:05.127955+00:00
be:mun:92006,92006,Assesse,Assesse,Assesse,Wallonia,Namur,Arrondissement Namen,POPULATION_AGE_0_14,Population aged 0 to 14,count,2026,1279.0,A,2026-09-05T22:11:04.542942+00:00
be:mun:92006,92006,Assesse,Assesse,Assesse,Wallonia,Namur,Arrondissement Namen,POPULATION_AGE_15_64,Population aged 15 to 64,count,2026,4788.0,A,2026-09-05T22:11:04.542942+00:00
be:mun:92006,92006,Assesse,Assesse,Assesse,Wallonia,Namur,Arrondissement Namen,POPULATION_AGE_65_PLUS,Population aged 65 and over,count,2026,1319.0,A,2026-09-05T22:11:04.542942+00:00
be:mun:92006,92006,Assesse,Assesse,Assesse,Wallonia,Namur,Arrondissement Namen,POPULATION_BY_COMMUNE,Population,count,2026,7386.0,A,2026-09-05T20:42:19.277290+00:00
be:mun:92035,92035,Eghezée,Eghezée,Eghezée,Wallonia,Namur,Arrondissement Namen,LOCAL_UNITS_BY_COMMUNE,Local business units,count,2023-Q4,2002.0,A,2026-09-05T19:00:05.127955+00:00
be:mun:92035,92035,Eghezée,Eghezée,Eghezée,Wallonia,Namur,Arrondissement Namen,POPULATION_AGE_0_14,Population aged 0 to 14,count,2026,2788.0,A,2026-09-05T22:11:04.542942+00:00
be:mun:92035,92035,Eghezée,Eghezée,Eghezée,Wallonia,Namur,Arrondissement Namen,POPULATION_AGE_15_64,Population aged 15 to 64,count,2026,10812.0,A,2026-09-05T22:11:04.542942+00:00
be:mun:92035,92035,Eghezée,Eghezée,Eghezée,Wallonia,Namur,Arrondissement Namen,POPULATION_AGE_65_PLUS,Population aged 65 and over,count,2026,3370.0,A,2026-09-05T22:11:04.542942+00:00
be:mun:92035,92035,Eghezée,Eghezée,Eghezée,Wallonia,Namur,Arrondissement Namen,POPULATION_BY_COMMUNE,Population,count,2026,16970.0,A,2026-09-05T20:42:19.277290+00:00
be:mun:92045,92045,Floreffe,Floreffe,Floreffe,Wallonia,Namur,Arrondissement Namen,LOCAL_UNITS_BY_COMMUNE,Local business units,count,2023-Q4,1010.0,A,2026-09-05T19:00:05.127955+00:00
be:mun:92045,92045,Floreffe,Floreffe,Floreffe,Wallonia,Namur,Arrondissement Namen,POPULATION_AGE_0_14,Population aged 0 to 14,count,2026,1249.0,A,2026-09-05T22:11:04.542942+00:00
be:mun:92045,92045,Floreffe,Floreffe,Floreffe,Wallonia,Namur,Arrondissement Namen,POPULATION_AGE_15_64,Population aged 15 to 64,count,2026,5268.0,A,2026-09-05T22:11:04.542942+00:00
be:mun:92045,92045,Floreffe,Floreffe,Floreffe,Wallonia,Namur,Arrondissement Namen,POPULATION_AGE_65_PLUS,Population aged 65 and over,count,2026,1570.0,A,2026-09-05T22:11:04.542942+00:00
be:mun:92045,92045,Floreffe,Floreffe,Floreffe,Wallonia,Namur,Arrondissement Namen,POPULATION_BY_COMMUNE,Population,count,2026,8087.0,A,2026-09-05T20:42:19.277290+00:00
be:mun:92048,92048,Fosses-la-Ville,Fosses-la-Ville,Fosses-la-Ville,Wallonia,Namur,Arrondissement Namen,LOCAL_UNITS_BY_COMMUNE,Local business units,count,2023-Q4,1162.0,A,2026-09-05T19:00:05.127955+00:00
be:mun:92048,92048,Fosses-la-Ville,Fosses-la-Ville,Fosses-la-Ville,Wallonia,Namur,Arrondissement Namen,POPULATION_AGE_0_14,Population aged 0 to 14,count,2026,1599.0,A,2026-09-05T22:11:04.542942+00:00
be:mun:92048,92048,Fosses-la-Ville,Fosses-la-Ville,Fosses-la-Ville,Wallonia,Namur,Arrondissement Namen,POPULATION_AGE_15_64,Population aged 15 to 64,count,2026,6880.0,A,2026-09-05T22:11:04.542942+00:00
be:mun:92048,92048,Fosses-la-Ville,Fosses-la-Ville,Fosses-la-Ville,Wallonia,Namur,Arrondissement Namen,POPULATION_AGE_65_PLUS,Population aged 65 and over,count,2026,2034.0,A,2026-09-05T22:11:04.542942+00:00
be:mun:92048,92048,Fosses-la-Ville,Fosses-la-Ville,Fosses-la-Ville,Wallonia,Namur,Arrondissement Namen,POPULATION_BY_COMMUNE,Population,count,2026,10513.0,A,2026-09-05T20:42:19.277290+00:00
be:mun:92054,92054,Gesves,Gesves,Gesves,Wallonia,Namur,Arrondissement Namen,LOCAL_UNITS_BY_COMMUNE,Local business units,count,2023-Q4,954.0,A,2026-09-05T19:00:05.127955+00:00
be:mun:92054,92054,Gesves,Gesves,Gesves,Wallonia,Namur,Arrondissement Namen,POPULATION_AGE_0_14,Population aged 0 to 14,count,2026,1250.0,A,2026-09-05T22:11:04.542942+00:00
be:mun:92054,92054,Gesves,Gesves,Gesves,Wallonia,Namur,Arrondissement Namen,POPULATION_AGE_15_64,Population aged 15 to 64,count,2026,4827.0,A,2026-09-05T22:11:04.542942+00:00
be:mun:92054,92054,Gesves,Gesves,Gesves,Wallonia,Namur,Arrondissement Namen,POPULATION_AGE_65_PLUS,Population aged 65 and over,count,2026,1396.0,A,2026-09-05T22:11:04.542942+00:00
be:mun:92054,92054,Gesves,Gesves,Gesves,Wallonia,Namur,Arrondissement Namen,POPULATION_BY_COMMUNE,Population,count,2026,7473.0,A,2026-09-05T20:42:19.277290+00:00
be:mun:92087,92087,Mettet,Mettet,Mettet,Wallonia,Namur,Arrondissement Namen,LOCAL_UNITS_BY_COMMUNE,Local business units,count,2023-Q4,1445.0,A,2026-09-05T19:00:05.127955+00:00
be:mun:92087,92087,Mettet,Mettet,Mettet,Wallonia,Namur,Arrondissement Namen,POPULATION_AGE_0_14,Population aged 0 to 14,count,2026,2178.0,A,2026-09-05T22:11:04.542942+00:00
be:mun:92087,92087,Mettet,Mettet,Mettet,Wallonia,Namur,Arrondissement Namen,POPULATION_AGE_15_64,Population aged 15 to 64,count,2026,8817.0,A,2026-09-05T22:11:04.542942+00:00
be:mun:92087,92087,Mettet,Mettet,Mettet,Wallonia,Namur,Arrondissement Namen,POPULATION_AGE_65_PLUS,Population aged 65 and over,count,2026,2673.0,A,2026-09-05T22:11:04.542942+00:00
be:mun:92087,92087,Mettet,Mettet,Mettet,Wallonia,Namur,Arrondissement Namen,POPULATION_BY_COMMUNE,Population,count,2026,13668.0,A,2026-09-05T20:42:19.277290+00:00
be:mun:92094,92094,Namur,Namur,Namen,Wallonia,Namur,Arrondissement Namen,LOCAL_UNITS_BY_COMMUNE,Local business units,count,2023-Q4,13307.0,A,2026-09-05T19:00:05.127955+00:00
be:mun:92094,92094,Namur,Namur,Namen,Wallonia,Namur,Arrondissement Namen,POPULATION_AGE_0_14,Population aged 0 to 14,count,2026,16782.0,A,2026-09-05T22:11:04.542942+00:00
be:mun:92094,92094,Namur,Namur,Namen,Wallonia,Namur,Arrondissement Namen,POPULATION_AGE_15_64,Population aged 15 to 64,count,2026,73781.0,A,2026-09-05T22:11:04.542942+00:00
be:mun:92094,92094,Namur,Namur,Namen,Wallonia,Namur,Arrondissement Namen,POPULATION_AGE_65_PLUS,Population aged 65 and over,count,2026,24894.0,A,2026-09-05T22:11:04.542942+00:00
be:mun:92094,92094,Namur,Namur,Namen,Wallonia,Namur,Arrondissement Namen,POPULATION_BY_COMMUNE,Population,count,2026,115457.0,A,2026-09-05T20:42:19.277290+00:00
be:mun:92097,92097,Ohey,Ohey,Ohey,Wallonia,Namur,Arrondissement Namen,LOCAL_UNITS_BY_COMMUNE,Local business units,count,2023-Q4,637.0,A,2026-09-05T19:00:05.127955+00:00
be:mun:92097,92097,Ohey,Ohey,Ohey,Wallonia,Namur,Arrondissement Namen,POPULATION_AGE_0_14,Population aged 0 to 14,count,2026,903.0,A,2026-09-05T22:11:04.542942+00:00
be:mun:92097,92097,Ohey,Ohey,Ohey,Wallonia,Namur,Arrondissement Namen,POPULATION_AGE_15_64,Population aged 15 to 64,count,2026,3521.0,A,2026-09-05T22:11:04.542942+00:00
be:mun:92097,92097,Ohey,Ohey,Ohey,Wallonia,Namur,Arrondissement Namen,POPULATION_AGE_65_PLUS,Population aged 65 and over,count,2026,972.0,A,2026-09-05T22:11:04.542942+00:00
be:mun:92097,92097,Ohey,Ohey,Ohey,Wallonia,Namur,Arrondissement Namen,POPULATION_BY_COMMUNE,Population,count,2026,5396.0,A,2026-09-05T20:42:19.277290+00:00
be:mun:92101,92101,Profondeville,Profondeville,Profondeville,Wallonia,Namur,Arrondissement Namen,LOCAL_UNITS_BY_COMMUNE,Local business units,count,2023-Q4,1431.0,A,2026-09-05T19:00:05.127955+00:00
be:mun:92101,92101,Profondeville,Profondeville,Profondeville,Wallonia,Namur,Arrondissement Namen,POPULATION_AGE_0_14,Population aged 0 to 14,count,2026,1776.0,A,2026-09-05T22:11:04.542942+00:00
be:mun:92101,92101,Profondeville,Profondeville,Profondeville,Wallonia,Namur,Arrondissement Namen,POPULATION_AGE_15_64,Population aged 15 to 64,count,2026,7837.0,A,2026-09-05T22:11:04.542942+00:00
be:mun:92101,92101,Profondeville,Profondeville,Profondeville,Wallonia,Namur,Arrondissement Namen,POPULATION_AGE_65_PLUS,Population aged 65 and over,count,2026,2674.0,A,2026-09-05T22:11:04.542942+00:00
be:mun:92101,92101,Profondeville,Profondeville,Profondeville,Wallonia,Namur,Arrondissement Namen,POPULATION_BY_COMMUNE,Population,count,2026,12287.0,A,2026-09-05T20:42:19.277290+00:00
be:mun:92114,92114,Sombreffe,Sombreffe,Sombreffe,Wallonia,Namur,Arrondissement Namen,LOCAL_UNITS_BY_COMMUNE,Local business units,count,2023-Q4,987.0,A,2026-09-05T19:00:05.127955+00:00
be:mun:92114,92114,Sombreffe,Sombreffe,Sombreffe,Wallonia,Namur,Arrondissement Namen,POPULATION_AGE_0_14,Population aged 0 to 14,count,2026,1325.0,A,2026-09-05T22:11:04.542942+00:00
be:mun:92114,92114,Sombreffe,Sombreffe,Sombreffe,Wallonia,Namur,Arrondissement Namen,POPULATION_AGE_15_64,Population aged 15 to 64,count,2026,5465.0,A,2026-09-05T22:11:04.542942+00:00
be:mun:92114,92114,Sombreffe,Sombreffe,Sombreffe,Wallonia,Namur,Arrondissement Namen,POPULATION_AGE_65_PLUS,Population aged 65 and over,count,2026,1594.0,A,2026-09-05T22:11:04.542942+00:00
be:mun:92114,92114,Sombreffe,Sombreffe,Sombreffe,Wallonia,Namur,Arrondissement Namen,POPULATION_BY_COMMUNE,Population,count,2026,8384.0,A,2026-09-05T20:42:19.277290+00:00
be:mun:92137,92137,Sambreville,Sambreville,Sambreville,Wallonia,Namur,Arrondissement Namen,LOCAL_UNITS_BY_COMMUNE,Local business units,count,2023-Q4,2158.0,A,2026-09-05T19:00:05.127955+00:00
be:mun:92137,92137,Sambreville,Sambreville,Sambreville,Wallonia,Namur,Arrondissement Namen,POPULATION_AGE_0_14,Population aged 0 to 14,count,2026,4479.0,A,2026-09-05T22:11:04.542942+00:00
be:mun:92137,92137,Sambreville,Sambreville,Sambreville,Wallonia,Namur,Arrondissement Namen,POPULATION_AGE_15_64,Population aged 15 to 64,count,2026,18215.0,A,2026-09-05T22:11:04.542942+00:00
be:mun:92137,92137,Sambreville,Sambreville,Sambreville,Wallonia,Namur,Arrondissement Namen,POPULATION_AGE_65_PLUS,Population aged 65 and over,count,2026,5893.0,A,2026-09-05T22:11:04.542942+00:00
be:mun:92137,92137,Sambreville,Sambreville,Sambreville,Wallonia,Namur,Arrondissement Namen,POPULATION_BY_COMMUNE,Population,count,2026,28587.0,A,2026-09-05T20:42:19.277290+00:00
be:mun:92138,92138,Fernelmont,Fernelmont,Fernelmont,Wallonia,Namur,Arrondissement Namen,LOCAL_UNITS_BY_COMMUNE,Local business units,count,2023-Q4,1128.0,A,2026-09-05T19:00:05.127955+00:00
be:mun:92138,92138,Fernelmont,Fernelmont,Fernelmont,Wallonia,Namur,Arrondissement Namen,POPULATION_AGE_0_14,Population aged 0 to 14,count,2026,1374.0,A,2026-09-05T22:11:04.542942+00:00
be:mun:92138,92138,Fernelmont,Fernelmont,Fernelmont,Wallonia,Namur,Arrondissement Namen,POPULATION_AGE_15_64,Population aged 15 to 64,count,2026,5309.0,A,2026-09-05T22:11:04.542942+00:00
be:mun:92138,92138,Fernelmont,Fernelmont,Fernelmont,Wallonia,Namur,Arrondissement Namen,POPULATION_AGE_65_PLUS,Population aged 65 and over,count,2026,1527.0,A,2026-09-05T22:11:04.542942+00:00
be:mun:92138,92138,Fernelmont,Fernelmont,Fernelmont,Wallonia,Namur,Arrondissement Namen,POPULATION_BY_COMMUNE,Population,count,2026,8210.0,A,2026-09-05T20:42:19.277290+00:00
be:mun:92140,92140,Jemeppe-sur-Sambre,Jemeppe-sur-Sambre,Jemeppe-sur-Sambre,Wallonia,Namur,Arrondissement Namen,LOCAL_UNITS_BY_COMMUNE,Local business units,count,2023-Q4,1618.0,A,2026-09-05T19:00:05.127955+00:00
be:mun:92140,92140,Jemeppe-sur-Sambre,Jemeppe-sur-Sambre,Jemeppe-sur-Sambre,Wallonia,Namur,Arrondissement Namen,POPULATION_AGE_0_14,Population aged 0 to 14,count,2026,3070.0,A,2026-09-05T22:11:04.542942+00:00
be:mun:92140,92140,Jemeppe-sur-Sambre,Jemeppe-sur-Sambre,Jemeppe-sur-Sambre,Wallonia,Namur,Arrondissement Namen,POPULATION_AGE_15_64,Population aged 15 to 64,count,2026,12670.0,A,2026-09-05T22:11:04.542942+00:00
be:mun:92140,92140,Jemeppe-sur-Sambre,Jemeppe-sur-Sambre,Jemeppe-sur-Sambre,Wallonia,Namur,Arrondissement Namen,POPULATION_AGE_65_PLUS,Population aged 65 and over,count,2026,3504.0,A,2026-09-05T22:11:04.542942+00:00
be:mun:92140,92140,Jemeppe-sur-Sambre,Jemeppe-sur-Sambre,Jemeppe-sur-Sambre,Wallonia,Namur,Arrondissement Namen,POPULATION_BY_COMMUNE,Population,count,2026,19244.0,A,2026-09-05T20:42:19.277290+00:00
be:mun:92141,92141,La Bruyère,La Bruyère,La Bruyère,Wallonia,Namur,Arrondissement Namen,LOCAL_UNITS_BY_COMMUNE,Local business units,count,2023-Q4,1131.0,A,2026-09-05T19:00:05.127955+00:00
be:mun:92141,92141,La Bruyère,La Bruyère,La Bruyère,Wallonia,Namur,Arrondissement Namen,POPULATION_AGE_0_14,Population aged 0 to 14,count,2026,1589.0,A,2026-09-05T22:11:04.542942+00:00
be:mun:92141,92141,La Bruyère,La Bruyère,La Bruyère,Wallonia,Namur,Arrondissement Namen,POPULATION_AGE_15_64,Population aged 15 to 64,count,2026,6051.0,A,2026-09-05T22:11:04.542942+00:00
be:mun:92141,92141,La Bruyère,La Bruyère,La Bruyère,Wallonia,Namur,Arrondissement Namen,POPULATION_AGE_65_PLUS,Population aged 65 and over,count,2026,1788.0,A,2026-09-05T22:11:04.542942+00:00
be:mun:92141,92141,La Bruyère,La Bruyère,La Bruyère,Wallonia,Namur,Arrondissement Namen,POPULATION_BY_COMMUNE,Population,count,2026,9428.0,A,2026-09-05T20:42:19.277290+00:00
be:mun:92142,92142,Gembloux,Gembloux,Gembloux,Wallonia,Namur,Arrondissement Namen,LOCAL_UNITS_BY_COMMUNE,Local business units,count,2023-Q4,3542.0,A,2026-09-05T19:00:05.127955+00:00
be:mun:92142,92142,Gembloux,Gembloux,Gembloux,Wallonia,Namur,Arrondissement Namen,POPULATION_AGE_0_14,Population aged 0 to 14,count,2026,4150.0,A,2026-09-05T22:11:04.542942+00:00
be:mun:92142,92142,Gembloux,Gembloux,Gembloux,Wallonia,Namur,Arrondissement Namen,POPULATION_AGE_15_64,Population aged 15 to 64,count,2026,17154.0,A,2026-09-05T22:11:04.542942+00:00
be:mun:92142,92142,Gembloux,Gembloux,Gembloux,Wallonia,Namur,Arrondissement Namen,POPULATION_AGE_65_PLUS,Population aged 65 and over,count,2026,5269.0,A,2026-09-05T22:11:04.542942+00:00
be:mun:92142,92142,Gembloux,Gembloux,Gembloux,Wallonia,Namur,Arrondissement Namen,POPULATION_BY_COMMUNE,Population,count,2026,26573.0,A,2026-09-05T20:42:19.277290+00:00
be:mun:93010,93010,Cerfontaine,Cerfontaine,Cerfontaine,Wallonia,Namur,Arrondissement Philippeville,LOCAL_UNITS_BY_COMMUNE,Local business units,count,2023-Q4,424.0,A,2026-09-05T19:00:05.127955+00:00
be:mun:93010,93010,Cerfontaine,Cerfontaine,Cerfontaine,Wallonia,Namur,Arrondissement Philippeville,POPULATION_AGE_0_14,Population aged 0 to 14,count,2026,742.0,A,2026-09-05T22:11:04.542942+00:00
be:mun:93010,93010,Cerfontaine,Cerfontaine,Cerfontaine,Wallonia,Namur,Arrondissement Philippeville,POPULATION_AGE_15_64,Population aged 15 to 64,count,2026,3260.0,A,2026-09-05T22:11:04.542942+00:00
be:mun:93010,93010,Cerfontaine,Cerfontaine,Cerfontaine,Wallonia,Namur,Arrondissement Philippeville,POPULATION_AGE_65_PLUS,Population aged 65 and over,count,2026,1014.0,A,2026-09-05T22:11:04.542942+00:00
be:mun:93010,93010,Cerfontaine,Cerfontaine,Cerfontaine,Wallonia,Namur,Arrondissement Philippeville,POPULATION_BY_COMMUNE,Population,count,2026,5016.0,A,2026-09-05T20:42:19.277290+00:00
be:mun:93014,93014,Couvin,Couvin,Couvin,Wallonia,Namur,Arrondissement Philippeville,LOCAL_UNITS_BY_COMMUNE,Local business units,count,2023-Q4,1529.0,A,2026-09-05T19:00:05.127955+00:00
be:mun:93014,93014,Couvin,Couvin,Couvin,Wallonia,Namur,Arrondissement Philippeville,POPULATION_AGE_0_14,Population aged 0 to 14,count,2026,2009.0,A,2026-09-05T22:11:04.542942+00:00
be:mun:93014,93014,Couvin,Couvin,Couvin,Wallonia,Namur,Arrondissement Philippeville,POPULATION_AGE_15_64,Population aged 15 to 64,count,2026,8600.0,A,2026-09-05T22:11:04.542942+00:00
be:mun:93014,93014,Couvin,Couvin,Couvin,Wallonia,Namur,Arrondissement Philippeville,POPULATION_AGE_65_PLUS,Population aged 65 and over,count,2026,3318.0,A,2026-09-05T22:11:04.542942+00:00
be:mun:93014,93014,Couvin,Couvin,Couvin,Wallonia,Namur,Arrondissement Philippeville,POPULATION_BY_COMMUNE,Population,count,2026,13927.0,A,2026-09-05T20:42:19.277290+00:00
be:mun:93018,93018,Doische,Doische,Doische,Wallonia,Namur,Arrondissement Philippeville,LOCAL_UNITS_BY_COMMUNE,Local business units,count,2023-Q4,331.0,A,2026-09-05T19:00:05.127955+00:00
be:mun:93018,93018,Doische,Doische,Doische,Wallonia,Namur,Arrondissement Philippeville,POPULATION_AGE_0_14,Population aged 0 to 14,count,2026,392.0,A,2026-09-05T22:11:04.542942+00:00
be:mun:93018,93018,Doische,Doische,Doische,Wallonia,Namur,Arrondissement Philippeville,POPULATION_AGE_15_64,Population aged 15 to 64,count,2026,1870.0,A,2026-09-05T22:11:04.542942+00:00
be:mun:93018,93018,Doische,Doische,Doische,Wallonia,Namur,Arrondissement Philippeville,POPULATION_AGE_65_PLUS,Population aged 65 and over,count,2026,685.0,A,2026-09-05T22:11:04.542942+00:00
be:mun:93018,93018,Doische,Doische,Doische,Wallonia,Namur,Arrondissement Philippeville,POPULATION_BY_COMMUNE,Population,count,2026,2947.0,A,2026-09-05T20:42:19.277290+00:00
be:mun:93022,93022,Florennes,Florennes,Florennes,Wallonia,Namur,Arrondissement Philippeville,LOCAL_UNITS_BY_COMMUNE,Local business units,count,2023-Q4,1042.0,A,2026-09-05T19:00:05.127955+00:00
be:mun:93022,93022,Florennes,Florennes,Florennes,Wallonia,Namur,Arrondissement Philippeville,POPULATION_AGE_0_14,Population aged 0 to 14,count,2026,1783.0,A,2026-09-05T22:11:04.542942+00:00
be:mun:93022,93022,Florennes,Florennes,Florennes,Wallonia,Namur,Arrondissement Philippeville,POPULATION_AGE_15_64,Population aged 15 to 64,count,2026,7275.0,A,2026-09-05T22:11:04.542942+00:00
be:mun:93022,93022,Florennes,Florennes,Florennes,Wallonia,Namur,Arrondissement Philippeville,POPULATION_AGE_65_PLUS,Population aged 65 and over,count,2026,2376.0,A,2026-09-05T22:11:04.542942+00:00
be:mun:93022,93022,Florennes,Florennes,Florennes,Wallonia,Namur,Arrondissement Philippeville,POPULATION_BY_COMMUNE,Population,count,2026,11434.0,A,2026-09-05T20:42:19.277290+00:00
be:mun:93056,93056,Philippeville,Philippeville,Philippeville,Wallonia,Namur,Arrondissement Philippeville,LOCAL_UNITS_BY_COMMUNE,Local business units,count,2023-Q4,1104.0,A,2026-09-05T19:00:05.127955+00:00
be:mun:93056,93056,Philippeville,Philippeville,Philippeville,Wallonia,Namur,Arrondissement Philippeville,POPULATION_AGE_0_14,Population aged 0 to 14,count,2026,1379.0,A,2026-09-05T22:11:04.542942+00:00
be:mun:93056,93056,Philippeville,Philippeville,Philippeville,Wallonia,Namur,Arrondissement Philippeville,POPULATION_AGE_15_64,Population aged 15 to 64,count,2026,6058.0,A,2026-09-05T22:11:04.542942+00:00
be:mun:93056,93056,Philippeville,Philippeville,Philippeville,Wallonia,Namur,Arrondissement Philippeville,POPULATION_AGE_65_PLUS,Population aged 65 and over,count,2026,2162.0,A,2026-09-05T22:11:04.542942+00:00
be:mun:93056,93056,Philippeville,Philippeville,Philippeville,Wallonia,Namur,Arrondissement Philippeville,POPULATION_BY_COMMUNE,Population,count,2026,9599.0,A,2026-09-05T20:42:19.277290+00:00
be:mun:93088,93088,Walcourt,Walcourt,Walcourt,Wallonia,Namur,Arrondissement Philippeville,LOCAL_UNITS_BY_COMMUNE,Local business units,count,2023-Q4,1807.0,A,2026-09-05T19:00:05.127955+00:00
be:mun:93088,93088,Walcourt,Walcourt,Walcourt,Wallonia,Namur,Arrondissement Philippeville,POPULATION_AGE_0_14,Population aged 0 to 14,count,2026,2619.0,A,2026-09-05T22:11:04.542942+00:00
be:mun:93088,93088,Walcourt,Walcourt,Walcourt,Wallonia,Namur,Arrondissement Philippeville,POPULATION_AGE_15_64,Population aged 15 to 64,count,2026,11609.0,A,2026-09-05T22:11:04.542942+00:00
be:mun:93088,93088,Walcourt,Walcourt,Walcourt,Wallonia,Namur,Arrondissement Philippeville,POPULATION_AGE_65_PLUS,Population aged 65 and over,count,2026,4110.0,A,2026-09-05T22:11:04.542942+00:00
be:mun:93088,93088,Walcourt,Walcourt,Walcourt,Wallonia,Namur,Arrondissement Philippeville,POPULATION_BY_COMMUNE,Population,count,2026,18338.0,A,2026-09-05T20:42:19.277290+00:00
be:mun:93090,93090,Viroinval,Viroinval,Viroinval,Wallonia,Namur,Arrondissement Philippeville,LOCAL_UNITS_BY_COMMUNE,Local business units,count,2023-Q4,500.0,A,2026-09-05T19:00:05.127955+00:00
be:mun:93090,93090,Viroinval,Viroinval,Viroinval,Wallonia,Namur,Arrondissement Philippeville,POPULATION_AGE_0_14,Population aged 0 to 14,count,2026,707.0,A,2026-09-05T22:11:04.542942+00:00
be:mun:93090,93090,Viroinval,Viroinval,Viroinval,Wallonia,Namur,Arrondissement Philippeville,POPULATION_AGE_15_64,Population aged 15 to 64,count,2026,3393.0,A,2026-09-05T22:11:04.542942+00:00
be:mun:93090,93090,Viroinval,Viroinval,Viroinval,Wallonia,Namur,Arrondissement Philippeville,POPULATION_AGE_65_PLUS,Population aged 65 and over,count,2026,1479.0,A,2026-09-05T22:11:04.542942+00:00
be:mun:93090,93090,Viroinval,Viroinval,Viroinval,Wallonia,Namur,Arrondissement Philippeville,POPULATION_BY_COMMUNE,Population,count,2026,5579.0,A,2026-09-05T20:42:19.277290+00:00
