indicator_id,geo_id,period,vintage,value,status,period_start,period_end,is_latest,created_at
MUN_IPP_ADDITIONAL_RATE,be:mun:11001,2024,2026-09-23T14:11:18.311365+00:00,4.9,final,2024-01-01,2024-12-31,1,2026-09-23T14:11:18.311365+00:00
MUN_IPP_ADDITIONAL_RATE,be:mun:11001,2025,2026-09-23T14:11:18.311365+00:00,4.9,final,2025-01-01,2025-12-31,1,2026-09-23T14:11:18.311365+00:00
MUN_IPP_ADDITIONAL_RATE,be:mun:11001,2026,2026-09-23T14:11:18.311365+00:00,5.0,final,2026-01-01,2026-12-31,1,2026-09-23T14:11:18.311365+00:00
MUN_IPP_ADDITIONAL_RATE,be:mun:11002,2024,2026-09-23T14:11:18.311365+00:00,7.0,final,2024-01-01,2024-12-31,1,2026-09-23T14:11:18.311365+00:00
MUN_IPP_ADDITIONAL_RATE,be:mun:11002,2025,2026-09-23T14:11:18.311365+00:00,7.0,final,2025-01-01,2025-12-31,1,2026-09-23T14:11:18.311365+00:00
MUN_IPP_ADDITIONAL_RATE,be:mun:11002,2026,2026-09-23T14:11:18.311365+00:00,7.0,final,2026-01-01,2026-12-31,1,2026-09-23T14:11:18.311365+00:00
MUN_IPP_ADDITIONAL_RATE,be:mun:11004,2024,2026-09-23T14:11:18.311365+00:00,6.9,final,2024-01-01,2024-12-31,1,2026-09-23T14:11:18.311365+00:00
MUN_IPP_ADDITIONAL_RATE,be:mun:11004,2025,2026-09-23T14:11:18.311365+00:00,6.9,final,2025-01-01,2025-12-31,1,2026-09-23T14:11:18.311365+00:00
MUN_IPP_ADDITIONAL_RATE,be:mun:11004,2026,2026-09-23T14:11:18.311365+00:00,7.1,final,2026-01-01,2026-12-31,1,2026-09-23T14:11:18.311365+00:00
MUN_IPP_ADDITIONAL_RATE,be:mun:11005,2024,2026-09-23T14:11:18.311365+00:00,7.9,final,2024-01-01,2024-12-31,1,2026-09-23T14:11:18.311365+00:00
MUN_IPP_ADDITIONAL_RATE,be:mun:11005,2025,2026-09-23T14:11:18.311365+00:00,7.9,final,2025-01-01,2025-12-31,1,2026-09-23T14:11:18.311365+00:00
MUN_IPP_ADDITIONAL_RATE,be:mun:11005,2026,2026-09-23T14:11:18.311365+00:00,7.9,final,2026-01-01,2026-12-31,1,2026-09-23T14:11:18.311365+00:00
MUN_IPP_ADDITIONAL_RATE,be:mun:11007,2024,2026-09-23T14:11:18.311365+00:00,7.0,final,2024-01-01,2024-12-31,1,2026-09-23T14:11:18.311365+00:00
MUN_IPP_ADDITIONAL_RATE,be:mun:11008,2024,2026-09-23T14:11:18.311365+00:00,6.0,final,2024-01-01,2024-12-31,1,2026-09-23T14:11:18.311365+00:00
MUN_IPP_ADDITIONAL_RATE,be:mun:11008,2025,2026-09-23T14:11:18.311365+00:00,6.0,final,2025-01-01,2025-12-31,1,2026-09-23T14:11:18.311365+00:00
MUN_IPP_ADDITIONAL_RATE,be:mun:11008,2026,2026-09-23T14:11:18.311365+00:00,6.0,final,2026-01-01,2026-12-31,1,2026-09-23T14:11:18.311365+00:00
MUN_IPP_ADDITIONAL_RATE,be:mun:11009,2024,2026-09-23T14:11:18.311365+00:00,7.0,final,2024-01-01,2024-12-31,1,2026-09-23T14:11:18.311365+00:00
MUN_IPP_ADDITIONAL_RATE,be:mun:11009,2025,2026-09-23T14:11:18.311365+00:00,7.0,final,2025-01-01,2025-12-31,1,2026-09-23T14:11:18.311365+00:00
MUN_IPP_ADDITIONAL_RATE,be:mun:11009,2026,2026-09-23T14:11:18.311365+00:00,7.0,final,2026-01-01,2026-12-31,1,2026-09-23T14:11:18.311365+00:00
MUN_IPP_ADDITIONAL_RATE,be:mun:11013,2024,2026-09-23T14:11:18.311365+00:00,6.6,final,2024-01-01,2024-12-31,1,2026-09-23T14:11:18.311365+00:00
MUN_IPP_ADDITIONAL_RATE,be:mun:11013,2025,2026-09-23T14:11:18.311365+00:00,6.6,final,2025-01-01,2025-12-31,1,2026-09-23T14:11:18.311365+00:00
MUN_IPP_ADDITIONAL_RATE,be:mun:11013,2026,2026-09-23T14:11:18.311365+00:00,6.5,final,2026-01-01,2026-12-31,1,2026-09-23T14:11:18.311365+00:00
MUN_IPP_ADDITIONAL_RATE,be:mun:11016,2024,2026-09-23T14:11:18.311365+00:00,7.5,final,2024-01-01,2024-12-31,1,2026-09-23T14:11:18.311365+00:00
MUN_IPP_ADDITIONAL_RATE,be:mun:11016,2025,2026-09-23T14:11:18.311365+00:00,7.5,final,2025-01-01,2025-12-31,1,2026-09-23T14:11:18.311365+00:00
MUN_IPP_ADDITIONAL_RATE,be:mun:11016,2026,2026-09-23T14:11:18.311365+00:00,7.0,final,2026-01-01,2026-12-31,1,2026-09-23T14:11:18.311365+00:00
MUN_IPP_ADDITIONAL_RATE,be:mun:11018,2024,2026-09-23T14:11:18.311365+00:00,7.5,final,2024-01-01,2024-12-31,1,2026-09-23T14:11:18.311365+00:00
MUN_IPP_ADDITIONAL_RATE,be:mun:11018,2025,2026-09-23T14:11:18.311365+00:00,7.5,final,2025-01-01,2025-12-31,1,2026-09-23T14:11:18.311365+00:00
MUN_IPP_ADDITIONAL_RATE,be:mun:11018,2026,2026-09-23T14:11:18.311365+00:00,7.5,final,2026-01-01,2026-12-31,1,2026-09-23T14:11:18.311365+00:00
MUN_IPP_ADDITIONAL_RATE,be:mun:11021,2024,2026-09-23T14:11:18.311365+00:00,7.5,final,2024-01-01,2024-12-31,1,2026-09-23T14:11:18.311365+00:00
MUN_IPP_ADDITIONAL_RATE,be:mun:11021,2025,2026-09-23T14:11:18.311365+00:00,7.5,final,2025-01-01,2025-12-31,1,2026-09-23T14:11:18.311365+00:00
MUN_IPP_ADDITIONAL_RATE,be:mun:11021,2026,2026-09-23T14:11:18.311365+00:00,7.5,final,2026-01-01,2026-12-31,1,2026-09-23T14:11:18.311365+00:00
MUN_IPP_ADDITIONAL_RATE,be:mun:11022,2024,2026-09-23T14:11:18.311365+00:00,7.5,final,2024-01-01,2024-12-31,1,2026-09-23T14:11:18.311365+00:00
MUN_IPP_ADDITIONAL_RATE,be:mun:11022,2025,2026-09-23T14:11:18.311365+00:00,7.5,final,2025-01-01,2025-12-31,1,2026-09-23T14:11:18.311365+00:00
MUN_IPP_ADDITIONAL_RATE,be:mun:11022,2026,2026-09-23T14:11:18.311365+00:00,7.5,final,2026-01-01,2026-12-31,1,2026-09-23T14:11:18.311365+00:00
MUN_IPP_ADDITIONAL_RATE,be:mun:11023,2024,2026-09-23T14:11:18.311365+00:00,5.5,final,2024-01-01,2024-12-31,1,2026-09-23T14:11:18.311365+00:00
MUN_IPP_ADDITIONAL_RATE,be:mun:11023,2025,2026-09-23T14:11:18.311365+00:00,5.5,final,2025-01-01,2025-12-31,1,2026-09-23T14:11:18.311365+00:00
MUN_IPP_ADDITIONAL_RATE,be:mun:11023,2026,2026-09-23T14:11:18.311365+00:00,5.5,final,2026-01-01,2026-12-31,1,2026-09-23T14:11:18.311365+00:00
MUN_IPP_ADDITIONAL_RATE,be:mun:11024,2024,2026-09-23T14:11:18.311365+00:00,5.7,final,2024-01-01,2024-12-31,1,2026-09-23T14:11:18.311365+00:00
MUN_IPP_ADDITIONAL_RATE,be:mun:11024,2025,2026-09-23T14:11:18.311365+00:00,5.7,final,2025-01-01,2025-12-31,1,2026-09-23T14:11:18.311365+00:00
MUN_IPP_ADDITIONAL_RATE,be:mun:11024,2026,2026-09-23T14:11:18.311365+00:00,5.7,final,2026-01-01,2026-12-31,1,2026-09-23T14:11:18.311365+00:00
MUN_IPP_ADDITIONAL_RATE,be:mun:11025,2024,2026-09-23T14:11:18.311365+00:00,8.0,final,2024-01-01,2024-12-31,1,2026-09-23T14:11:18.311365+00:00
MUN_IPP_ADDITIONAL_RATE,be:mun:11025,2025,2026-09-23T14:11:18.311365+00:00,8.0,final,2025-01-01,2025-12-31,1,2026-09-23T14:11:18.311365+00:00
MUN_IPP_ADDITIONAL_RATE,be:mun:11025,2026,2026-09-23T14:11:18.311365+00:00,8.0,final,2026-01-01,2026-12-31,1,2026-09-23T14:11:18.311365+00:00
MUN_IPP_ADDITIONAL_RATE,be:mun:11029,2024,2026-09-23T14:11:18.311365+00:00,6.5,final,2024-01-01,2024-12-31,1,2026-09-23T14:11:18.311365+00:00
MUN_IPP_ADDITIONAL_RATE,be:mun:11029,2025,2026-09-23T14:11:18.311365+00:00,6.5,final,2025-01-01,2025-12-31,1,2026-09-23T14:11:18.311365+00:00
MUN_IPP_ADDITIONAL_RATE,be:mun:11029,2026,2026-09-23T14:11:18.311365+00:00,7.5,final,2026-01-01,2026-12-31,1,2026-09-23T14:11:18.311365+00:00
MUN_IPP_ADDITIONAL_RATE,be:mun:11030,2024,2026-09-23T14:11:18.311365+00:00,8.0,final,2024-01-01,2024-12-31,1,2026-09-23T14:11:18.311365+00:00
MUN_IPP_ADDITIONAL_RATE,be:mun:11030,2025,2026-09-23T14:11:18.311365+00:00,8.0,final,2025-01-01,2025-12-31,1,2026-09-23T14:11:18.311365+00:00
MUN_IPP_ADDITIONAL_RATE,be:mun:11030,2026,2026-09-23T14:11:18.311365+00:00,8.0,final,2026-01-01,2026-12-31,1,2026-09-23T14:11:18.311365+00:00
MUN_IPP_ADDITIONAL_RATE,be:mun:11035,2024,2026-09-23T14:11:18.311365+00:00,6.5,final,2024-01-01,2024-12-31,1,2026-09-23T14:11:18.311365+00:00
MUN_IPP_ADDITIONAL_RATE,be:mun:11035,2025,2026-09-23T14:11:18.311365+00:00,6.5,final,2025-01-01,2025-12-31,1,2026-09-23T14:11:18.311365+00:00
MUN_IPP_ADDITIONAL_RATE,be:mun:11035,2026,2026-09-23T14:11:18.311365+00:00,6.5,final,2026-01-01,2026-12-31,1,2026-09-23T14:11:18.311365+00:00
MUN_IPP_ADDITIONAL_RATE,be:mun:11037,2024,2026-09-23T14:11:18.311365+00:00,6.5,final,2024-01-01,2024-12-31,1,2026-09-23T14:11:18.311365+00:00
MUN_IPP_ADDITIONAL_RATE,be:mun:11037,2025,2026-09-23T14:11:18.311365+00:00,6.5,final,2025-01-01,2025-12-31,1,2026-09-23T14:11:18.311365+00:00
MUN_IPP_ADDITIONAL_RATE,be:mun:11037,2026,2026-09-23T14:11:18.311365+00:00,6.5,final,2026-01-01,2026-12-31,1,2026-09-23T14:11:18.311365+00:00
MUN_IPP_ADDITIONAL_RATE,be:mun:11038,2024,2026-09-23T14:11:18.311365+00:00,6.0,final,2024-01-01,2024-12-31,1,2026-09-23T14:11:18.311365+00:00
MUN_IPP_ADDITIONAL_RATE,be:mun:11038,2025,2026-09-23T14:11:18.311365+00:00,6.0,final,2025-01-01,2025-12-31,1,2026-09-23T14:11:18.311365+00:00
MUN_IPP_ADDITIONAL_RATE,be:mun:11038,2026,2026-09-23T14:11:18.311365+00:00,6.8,final,2026-01-01,2026-12-31,1,2026-09-23T14:11:18.311365+00:00
MUN_IPP_ADDITIONAL_RATE,be:mun:11039,2024,2026-09-23T14:11:18.311365+00:00,5.0,final,2024-01-01,2024-12-31,1,2026-09-23T14:11:18.311365+00:00
MUN_IPP_ADDITIONAL_RATE,be:mun:11039,2025,2026-09-23T14:11:18.311365+00:00,5.0,final,2025-01-01,2025-12-31,1,2026-09-23T14:11:18.311365+00:00
MUN_IPP_ADDITIONAL_RATE,be:mun:11039,2026,2026-09-23T14:11:18.311365+00:00,5.0,final,2026-01-01,2026-12-31,1,2026-09-23T14:11:18.311365+00:00
MUN_IPP_ADDITIONAL_RATE,be:mun:11040,2024,2026-09-23T14:11:18.311365+00:00,6.5,final,2024-01-01,2024-12-31,1,2026-09-23T14:11:18.311365+00:00
MUN_IPP_ADDITIONAL_RATE,be:mun:11040,2025,2026-09-23T14:11:18.311365+00:00,6.5,final,2025-01-01,2025-12-31,1,2026-09-23T14:11:18.311365+00:00
MUN_IPP_ADDITIONAL_RATE,be:mun:11040,2026,2026-09-23T14:11:18.311365+00:00,6.5,final,2026-01-01,2026-12-31,1,2026-09-23T14:11:18.311365+00:00
MUN_IPP_ADDITIONAL_RATE,be:mun:11044,2024,2026-09-23T14:11:18.311365+00:00,6.5,final,2024-01-01,2024-12-31,1,2026-09-23T14:11:18.311365+00:00
MUN_IPP_ADDITIONAL_RATE,be:mun:11044,2025,2026-09-23T14:11:18.311365+00:00,6.5,final,2025-01-01,2025-12-31,1,2026-09-23T14:11:18.311365+00:00
MUN_IPP_ADDITIONAL_RATE,be:mun:11044,2026,2026-09-23T14:11:18.311365+00:00,7.3,final,2026-01-01,2026-12-31,1,2026-09-23T14:11:18.311365+00:00
MUN_IPP_ADDITIONAL_RATE,be:mun:11050,2024,2026-09-23T14:11:18.311365+00:00,5.5,final,2024-01-01,2024-12-31,1,2026-09-23T14:11:18.311365+00:00
MUN_IPP_ADDITIONAL_RATE,be:mun:11050,2025,2026-09-23T14:11:18.311365+00:00,5.5,final,2025-01-01,2025-12-31,1,2026-09-23T14:11:18.311365+00:00
MUN_IPP_ADDITIONAL_RATE,be:mun:11050,2026,2026-09-23T14:11:18.311365+00:00,5.5,final,2026-01-01,2026-12-31,1,2026-09-23T14:11:18.311365+00:00
MUN_IPP_ADDITIONAL_RATE,be:mun:11052,2024,2026-09-23T14:11:18.311365+00:00,5.0,final,2024-01-01,2024-12-31,1,2026-09-23T14:11:18.311365+00:00
MUN_IPP_ADDITIONAL_RATE,be:mun:11052,2025,2026-09-23T14:11:18.311365+00:00,5.0,final,2025-01-01,2025-12-31,1,2026-09-23T14:11:18.311365+00:00
MUN_IPP_ADDITIONAL_RATE,be:mun:11052,2026,2026-09-23T14:11:18.311365+00:00,5.0,final,2026-01-01,2026-12-31,1,2026-09-23T14:11:18.311365+00:00
MUN_IPP_ADDITIONAL_RATE,be:mun:11053,2024,2026-09-23T14:11:18.311365+00:00,7.0,final,2024-01-01,2024-12-31,1,2026-09-23T14:11:18.311365+00:00
MUN_IPP_ADDITIONAL_RATE,be:mun:11053,2025,2026-09-23T14:11:18.311365+00:00,7.0,final,2025-01-01,2025-12-31,1,2026-09-23T14:11:18.311365+00:00
MUN_IPP_ADDITIONAL_RATE,be:mun:11053,2026,2026-09-23T14:11:18.311365+00:00,7.0,final,2026-01-01,2026-12-31,1,2026-09-23T14:11:18.311365+00:00
MUN_IPP_ADDITIONAL_RATE,be:mun:11054,2024,2026-09-23T14:11:18.311365+00:00,7.0,final,2024-01-01,2024-12-31,1,2026-09-23T14:11:18.311365+00:00
MUN_IPP_ADDITIONAL_RATE,be:mun:11054,2025,2026-09-23T14:11:18.311365+00:00,7.0,final,2025-01-01,2025-12-31,1,2026-09-23T14:11:18.311365+00:00
MUN_IPP_ADDITIONAL_RATE,be:mun:11054,2026,2026-09-23T14:11:18.311365+00:00,7.0,final,2026-01-01,2026-12-31,1,2026-09-23T14:11:18.311365+00:00
MUN_IPP_ADDITIONAL_RATE,be:mun:11055,2024,2026-09-23T14:11:18.311365+00:00,6.5,final,2024-01-01,2024-12-31,1,2026-09-23T14:11:18.311365+00:00
MUN_IPP_ADDITIONAL_RATE,be:mun:11055,2025,2026-09-23T14:11:18.311365+00:00,6.5,final,2025-01-01,2025-12-31,1,2026-09-23T14:11:18.311365+00:00
MUN_IPP_ADDITIONAL_RATE,be:mun:11055,2026,2026-09-23T14:11:18.311365+00:00,6.5,final,2026-01-01,2026-12-31,1,2026-09-23T14:11:18.311365+00:00
MUN_IPP_ADDITIONAL_RATE,be:mun:11056,2024,2026-09-23T14:11:18.311365+00:00,2.5,final,2024-01-01,2024-12-31,1,2026-09-23T14:11:18.311365+00:00
MUN_IPP_ADDITIONAL_RATE,be:mun:11057,2024,2026-09-23T14:11:18.311365+00:00,7.0,final,2024-01-01,2024-12-31,1,2026-09-23T14:11:18.311365+00:00
MUN_IPP_ADDITIONAL_RATE,be:mun:11057,2025,2026-09-23T14:11:18.311365+00:00,7.0,final,2025-01-01,2025-12-31,1,2026-09-23T14:11:18.311365+00:00
MUN_IPP_ADDITIONAL_RATE,be:mun:11057,2026,2026-09-23T14:11:18.311365+00:00,7.0,final,2026-01-01,2026-12-31,1,2026-09-23T14:11:18.311365+00:00
MUN_IPP_ADDITIONAL_RATE,be:mun:12002,2024,2026-09-23T14:11:18.311365+00:00,7.8,final,2024-01-01,2024-12-31,1,2026-09-23T14:11:18.311365+00:00
MUN_IPP_ADDITIONAL_RATE,be:mun:12002,2025,2026-09-23T14:11:18.311365+00:00,7.8,final,2025-01-01,2025-12-31,1,2026-09-23T14:11:18.311365+00:00
MUN_IPP_ADDITIONAL_RATE,be:mun:12002,2026,2026-09-23T14:11:18.311365+00:00,7.8,final,2026-01-01,2026-12-31,1,2026-09-23T14:11:18.311365+00:00
MUN_IPP_ADDITIONAL_RATE,be:mun:12005,2024,2026-09-23T14:11:18.311365+00:00,7.5,final,2024-01-01,2024-12-31,1,2026-09-23T14:11:18.311365+00:00
MUN_IPP_ADDITIONAL_RATE,be:mun:12005,2025,2026-09-23T14:11:18.311365+00:00,7.5,final,2025-01-01,2025-12-31,1,2026-09-23T14:11:18.311365+00:00
MUN_IPP_ADDITIONAL_RATE,be:mun:12005,2026,2026-09-23T14:11:18.311365+00:00,7.5,final,2026-01-01,2026-12-31,1,2026-09-23T14:11:18.311365+00:00
MUN_IPP_ADDITIONAL_RATE,be:mun:12007,2024,2026-09-23T14:11:18.311365+00:00,7.3,final,2024-01-01,2024-12-31,1,2026-09-23T14:11:18.311365+00:00
MUN_IPP_ADDITIONAL_RATE,be:mun:12007,2025,2026-09-23T14:11:18.311365+00:00,7.3,final,2025-01-01,2025-12-31,1,2026-09-23T14:11:18.311365+00:00
MUN_IPP_ADDITIONAL_RATE,be:mun:12007,2026,2026-09-23T14:11:18.311365+00:00,7.3,final,2026-01-01,2026-12-31,1,2026-09-23T14:11:18.311365+00:00
MUN_IPP_ADDITIONAL_RATE,be:mun:12009,2024,2026-09-23T14:11:18.311365+00:00,6.5,final,2024-01-01,2024-12-31,1,2026-09-23T14:11:18.311365+00:00
MUN_IPP_ADDITIONAL_RATE,be:mun:12009,2025,2026-09-23T14:11:18.311365+00:00,6.5,final,2025-01-01,2025-12-31,1,2026-09-23T14:11:18.311365+00:00
MUN_IPP_ADDITIONAL_RATE,be:mun:12009,2026,2026-09-23T14:11:18.311365+00:00,6.5,final,2026-01-01,2026-12-31,1,2026-09-23T14:11:18.311365+00:00
MUN_IPP_ADDITIONAL_RATE,be:mun:12014,2024,2026-09-23T14:11:18.311365+00:00,7.5,final,2024-01-01,2024-12-31,1,2026-09-23T14:11:18.311365+00:00
MUN_IPP_ADDITIONAL_RATE,be:mun:12014,2025,2026-09-23T14:11:18.311365+00:00,7.5,final,2025-01-01,2025-12-31,1,2026-09-23T14:11:18.311365+00:00
MUN_IPP_ADDITIONAL_RATE,be:mun:12014,2026,2026-09-23T14:11:18.311365+00:00,7.5,final,2026-01-01,2026-12-31,1,2026-09-23T14:11:18.311365+00:00
MUN_IPP_ADDITIONAL_RATE,be:mun:12021,2024,2026-09-23T14:11:18.311365+00:00,7.9,final,2024-01-01,2024-12-31,1,2026-09-23T14:11:18.311365+00:00
MUN_IPP_ADDITIONAL_RATE,be:mun:12021,2025,2026-09-23T14:11:18.311365+00:00,7.9,final,2025-01-01,2025-12-31,1,2026-09-23T14:11:18.311365+00:00
MUN_IPP_ADDITIONAL_RATE,be:mun:12021,2026,2026-09-23T14:11:18.311365+00:00,7.2,final,2026-01-01,2026-12-31,1,2026-09-23T14:11:18.311365+00:00
MUN_IPP_ADDITIONAL_RATE,be:mun:12025,2024,2026-09-23T14:11:18.311365+00:00,6.8,final,2024-01-01,2024-12-31,1,2026-09-23T14:11:18.311365+00:00
MUN_IPP_ADDITIONAL_RATE,be:mun:12025,2025,2026-09-23T14:11:18.311365+00:00,6.8,final,2025-01-01,2025-12-31,1,2026-09-23T14:11:18.311365+00:00
MUN_IPP_ADDITIONAL_RATE,be:mun:12025,2026,2026-09-23T14:11:18.311365+00:00,6.5,final,2026-01-01,2026-12-31,1,2026-09-23T14:11:18.311365+00:00
MUN_IPP_ADDITIONAL_RATE,be:mun:12026,2024,2026-09-23T14:11:18.311365+00:00,7.0,final,2024-01-01,2024-12-31,1,2026-09-23T14:11:18.311365+00:00
MUN_IPP_ADDITIONAL_RATE,be:mun:12026,2025,2026-09-23T14:11:18.311365+00:00,7.0,final,2025-01-01,2025-12-31,1,2026-09-23T14:11:18.311365+00:00
MUN_IPP_ADDITIONAL_RATE,be:mun:12026,2026,2026-09-23T14:11:18.311365+00:00,7.0,final,2026-01-01,2026-12-31,1,2026-09-23T14:11:18.311365+00:00
MUN_IPP_ADDITIONAL_RATE,be:mun:12029,2024,2026-09-23T14:11:18.311365+00:00,7.5,final,2024-01-01,2024-12-31,1,2026-09-23T14:11:18.311365+00:00
MUN_IPP_ADDITIONAL_RATE,be:mun:12029,2025,2026-09-23T14:11:18.311365+00:00,7.5,final,2025-01-01,2025-12-31,1,2026-09-23T14:11:18.311365+00:00
MUN_IPP_ADDITIONAL_RATE,be:mun:12029,2026,2026-09-23T14:11:18.311365+00:00,7.5,final,2026-01-01,2026-12-31,1,2026-09-23T14:11:18.311365+00:00
MUN_IPP_ADDITIONAL_RATE,be:mun:12035,2024,2026-09-23T14:11:18.311365+00:00,7.1,final,2024-01-01,2024-12-31,1,2026-09-23T14:11:18.311365+00:00
MUN_IPP_ADDITIONAL_RATE,be:mun:12035,2025,2026-09-23T14:11:18.311365+00:00,7.1,final,2025-01-01,2025-12-31,1,2026-09-23T14:11:18.311365+00:00
MUN_IPP_ADDITIONAL_RATE,be:mun:12035,2026,2026-09-23T14:11:18.311365+00:00,7.1,final,2026-01-01,2026-12-31,1,2026-09-23T14:11:18.311365+00:00
MUN_IPP_ADDITIONAL_RATE,be:mun:12040,2024,2026-09-23T14:11:18.311365+00:00,7.4,final,2024-01-01,2024-12-31,1,2026-09-23T14:11:18.311365+00:00
MUN_IPP_ADDITIONAL_RATE,be:mun:12040,2025,2026-09-23T14:11:18.311365+00:00,7.3,final,2025-01-01,2025-12-31,1,2026-09-23T14:11:18.311365+00:00
MUN_IPP_ADDITIONAL_RATE,be:mun:12040,2026,2026-09-23T14:11:18.311365+00:00,7.3,final,2026-01-01,2026-12-31,1,2026-09-23T14:11:18.311365+00:00
MUN_IPP_ADDITIONAL_RATE,be:mun:12041,2024,2026-09-23T14:11:18.311365+00:00,7.3,final,2024-01-01,2024-12-31,1,2026-09-23T14:11:18.311365+00:00
MUN_IPP_ADDITIONAL_RATE,be:mun:12041,2025,2026-09-23T14:11:18.311365+00:00,7.3,final,2025-01-01,2025-12-31,1,2026-09-23T14:11:18.311365+00:00
MUN_IPP_ADDITIONAL_RATE,be:mun:12041,2026,2026-09-23T14:11:18.311365+00:00,7.3,final,2026-01-01,2026-12-31,1,2026-09-23T14:11:18.311365+00:00
MUN_IPP_ADDITIONAL_RATE,be:mun:13001,2024,2026-09-23T14:11:18.311365+00:00,7.0,final,2024-01-01,2024-12-31,1,2026-09-23T14:11:18.311365+00:00
MUN_IPP_ADDITIONAL_RATE,be:mun:13001,2025,2026-09-23T14:11:18.311365+00:00,7.0,final,2025-01-01,2025-12-31,1,2026-09-23T14:11:18.311365+00:00
MUN_IPP_ADDITIONAL_RATE,be:mun:13001,2026,2026-09-23T14:11:18.311365+00:00,7.5,final,2026-01-01,2026-12-31,1,2026-09-23T14:11:18.311365+00:00
MUN_IPP_ADDITIONAL_RATE,be:mun:13002,2024,2026-09-23T14:11:18.311365+00:00,7.2,final,2024-01-01,2024-12-31,1,2026-09-23T14:11:18.311365+00:00
MUN_IPP_ADDITIONAL_RATE,be:mun:13002,2025,2026-09-23T14:11:18.311365+00:00,7.2,final,2025-01-01,2025-12-31,1,2026-09-23T14:11:18.311365+00:00
MUN_IPP_ADDITIONAL_RATE,be:mun:13002,2026,2026-09-23T14:11:18.311365+00:00,7.2,final,2026-01-01,2026-12-31,1,2026-09-23T14:11:18.311365+00:00
MUN_IPP_ADDITIONAL_RATE,be:mun:13003,2024,2026-09-23T14:11:18.311365+00:00,8.0,final,2024-01-01,2024-12-31,1,2026-09-23T14:11:18.311365+00:00
MUN_IPP_ADDITIONAL_RATE,be:mun:13003,2025,2026-09-23T14:11:18.311365+00:00,8.0,final,2025-01-01,2025-12-31,1,2026-09-23T14:11:18.311365+00:00
MUN_IPP_ADDITIONAL_RATE,be:mun:13003,2026,2026-09-23T14:11:18.311365+00:00,8.0,final,2026-01-01,2026-12-31,1,2026-09-23T14:11:18.311365+00:00
MUN_IPP_ADDITIONAL_RATE,be:mun:13004,2024,2026-09-23T14:11:18.311365+00:00,6.9,final,2024-01-01,2024-12-31,1,2026-09-23T14:11:18.311365+00:00
MUN_IPP_ADDITIONAL_RATE,be:mun:13004,2025,2026-09-23T14:11:18.311365+00:00,6.9,final,2025-01-01,2025-12-31,1,2026-09-23T14:11:18.311365+00:00
MUN_IPP_ADDITIONAL_RATE,be:mun:13004,2026,2026-09-23T14:11:18.311365+00:00,6.9,final,2026-01-01,2026-12-31,1,2026-09-23T14:11:18.311365+00:00
MUN_IPP_ADDITIONAL_RATE,be:mun:13006,2024,2026-09-23T14:11:18.311365+00:00,6.0,final,2024-01-01,2024-12-31,1,2026-09-23T14:11:18.311365+00:00
MUN_IPP_ADDITIONAL_RATE,be:mun:13006,2025,2026-09-23T14:11:18.311365+00:00,6.0,final,2025-01-01,2025-12-31,1,2026-09-23T14:11:18.311365+00:00
MUN_IPP_ADDITIONAL_RATE,be:mun:13006,2026,2026-09-23T14:11:18.311365+00:00,6.0,final,2026-01-01,2026-12-31,1,2026-09-23T14:11:18.311365+00:00
MUN_IPP_ADDITIONAL_RATE,be:mun:13008,2024,2026-09-23T14:11:18.311365+00:00,7.0,final,2024-01-01,2024-12-31,1,2026-09-23T14:11:18.311365+00:00
MUN_IPP_ADDITIONAL_RATE,be:mun:13008,2025,2026-09-23T14:11:18.311365+00:00,7.0,final,2025-01-01,2025-12-31,1,2026-09-23T14:11:18.311365+00:00
MUN_IPP_ADDITIONAL_RATE,be:mun:13008,2026,2026-09-23T14:11:18.311365+00:00,7.0,final,2026-01-01,2026-12-31,1,2026-09-23T14:11:18.311365+00:00
MUN_IPP_ADDITIONAL_RATE,be:mun:13010,2024,2026-09-23T14:11:18.311365+00:00,7.5,final,2024-01-01,2024-12-31,1,2026-09-23T14:11:18.311365+00:00
MUN_IPP_ADDITIONAL_RATE,be:mun:13010,2025,2026-09-23T14:11:18.311365+00:00,7.5,final,2025-01-01,2025-12-31,1,2026-09-23T14:11:18.311365+00:00
MUN_IPP_ADDITIONAL_RATE,be:mun:13010,2026,2026-09-23T14:11:18.311365+00:00,7.5,final,2026-01-01,2026-12-31,1,2026-09-23T14:11:18.311365+00:00
MUN_IPP_ADDITIONAL_RATE,be:mun:13011,2024,2026-09-23T14:11:18.311365+00:00,7.2,final,2024-01-01,2024-12-31,1,2026-09-23T14:11:18.311365+00:00
MUN_IPP_ADDITIONAL_RATE,be:mun:13011,2025,2026-09-23T14:11:18.311365+00:00,7.2,final,2025-01-01,2025-12-31,1,2026-09-23T14:11:18.311365+00:00
MUN_IPP_ADDITIONAL_RATE,be:mun:13011,2026,2026-09-23T14:11:18.311365+00:00,7.2,final,2026-01-01,2026-12-31,1,2026-09-23T14:11:18.311365+00:00
MUN_IPP_ADDITIONAL_RATE,be:mun:13012,2024,2026-09-23T14:11:18.311365+00:00,7.5,final,2024-01-01,2024-12-31,1,2026-09-23T14:11:18.311365+00:00
MUN_IPP_ADDITIONAL_RATE,be:mun:13012,2025,2026-09-23T14:11:18.311365+00:00,7.5,final,2025-01-01,2025-12-31,1,2026-09-23T14:11:18.311365+00:00
MUN_IPP_ADDITIONAL_RATE,be:mun:13012,2026,2026-09-23T14:11:18.311365+00:00,7.5,final,2026-01-01,2026-12-31,1,2026-09-23T14:11:18.311365+00:00
MUN_IPP_ADDITIONAL_RATE,be:mun:13013,2024,2026-09-23T14:11:18.311365+00:00,7.3,final,2024-01-01,2024-12-31,1,2026-09-23T14:11:18.311365+00:00
MUN_IPP_ADDITIONAL_RATE,be:mun:13013,2025,2026-09-23T14:11:18.311365+00:00,7.3,final,2025-01-01,2025-12-31,1,2026-09-23T14:11:18.311365+00:00
MUN_IPP_ADDITIONAL_RATE,be:mun:13013,2026,2026-09-23T14:11:18.311365+00:00,7.3,final,2026-01-01,2026-12-31,1,2026-09-23T14:11:18.311365+00:00
MUN_IPP_ADDITIONAL_RATE,be:mun:13014,2024,2026-09-23T14:11:18.311365+00:00,6.0,final,2024-01-01,2024-12-31,1,2026-09-23T14:11:18.311365+00:00
MUN_IPP_ADDITIONAL_RATE,be:mun:13014,2025,2026-09-23T14:11:18.311365+00:00,6.0,final,2025-01-01,2025-12-31,1,2026-09-23T14:11:18.311365+00:00
MUN_IPP_ADDITIONAL_RATE,be:mun:13014,2026,2026-09-23T14:11:18.311365+00:00,5.7,final,2026-01-01,2026-12-31,1,2026-09-23T14:11:18.311365+00:00
MUN_IPP_ADDITIONAL_RATE,be:mun:13016,2024,2026-09-23T14:11:18.311365+00:00,7.0,final,2024-01-01,2024-12-31,1,2026-09-23T14:11:18.311365+00:00
MUN_IPP_ADDITIONAL_RATE,be:mun:13016,2025,2026-09-23T14:11:18.311365+00:00,7.0,final,2025-01-01,2025-12-31,1,2026-09-23T14:11:18.311365+00:00
MUN_IPP_ADDITIONAL_RATE,be:mun:13016,2026,2026-09-23T14:11:18.311365+00:00,7.0,final,2026-01-01,2026-12-31,1,2026-09-23T14:11:18.311365+00:00
MUN_IPP_ADDITIONAL_RATE,be:mun:13017,2024,2026-09-23T14:11:18.311365+00:00,7.0,final,2024-01-01,2024-12-31,1,2026-09-23T14:11:18.311365+00:00
MUN_IPP_ADDITIONAL_RATE,be:mun:13017,2025,2026-09-23T14:11:18.311365+00:00,7.0,final,2025-01-01,2025-12-31,1,2026-09-23T14:11:18.311365+00:00
MUN_IPP_ADDITIONAL_RATE,be:mun:13017,2026,2026-09-23T14:11:18.311365+00:00,7.0,final,2026-01-01,2026-12-31,1,2026-09-23T14:11:18.311365+00:00
MUN_IPP_ADDITIONAL_RATE,be:mun:13019,2024,2026-09-23T14:11:18.311365+00:00,6.5,final,2024-01-01,2024-12-31,1,2026-09-23T14:11:18.311365+00:00
MUN_IPP_ADDITIONAL_RATE,be:mun:13019,2025,2026-09-23T14:11:18.311365+00:00,6.5,final,2025-01-01,2025-12-31,1,2026-09-23T14:11:18.311365+00:00
MUN_IPP_ADDITIONAL_RATE,be:mun:13019,2026,2026-09-23T14:11:18.311365+00:00,6.5,final,2026-01-01,2026-12-31,1,2026-09-23T14:11:18.311365+00:00
MUN_IPP_ADDITIONAL_RATE,be:mun:13021,2024,2026-09-23T14:11:18.311365+00:00,8.0,final,2024-01-01,2024-12-31,1,2026-09-23T14:11:18.311365+00:00
MUN_IPP_ADDITIONAL_RATE,be:mun:13021,2025,2026-09-23T14:11:18.311365+00:00,8.0,final,2025-01-01,2025-12-31,1,2026-09-23T14:11:18.311365+00:00
MUN_IPP_ADDITIONAL_RATE,be:mun:13021,2026,2026-09-23T14:11:18.311365+00:00,8.0,final,2026-01-01,2026-12-31,1,2026-09-23T14:11:18.311365+00:00
MUN_IPP_ADDITIONAL_RATE,be:mun:13023,2024,2026-09-23T14:11:18.311365+00:00,6.5,final,2024-01-01,2024-12-31,1,2026-09-23T14:11:18.311365+00:00
MUN_IPP_ADDITIONAL_RATE,be:mun:13023,2025,2026-09-23T14:11:18.311365+00:00,6.5,final,2025-01-01,2025-12-31,1,2026-09-23T14:11:18.311365+00:00
MUN_IPP_ADDITIONAL_RATE,be:mun:13023,2026,2026-09-23T14:11:18.311365+00:00,6.5,final,2026-01-01,2026-12-31,1,2026-09-23T14:11:18.311365+00:00
MUN_IPP_ADDITIONAL_RATE,be:mun:13025,2024,2026-09-23T14:11:18.311365+00:00,7.7,final,2024-01-01,2024-12-31,1,2026-09-23T14:11:18.311365+00:00
MUN_IPP_ADDITIONAL_RATE,be:mun:13025,2025,2026-09-23T14:11:18.311365+00:00,7.7,final,2025-01-01,2025-12-31,1,2026-09-23T14:11:18.311365+00:00
MUN_IPP_ADDITIONAL_RATE,be:mun:13025,2026,2026-09-23T14:11:18.311365+00:00,7.7,final,2026-01-01,2026-12-31,1,2026-09-23T14:11:18.311365+00:00
MUN_IPP_ADDITIONAL_RATE,be:mun:13029,2024,2026-09-23T14:11:18.311365+00:00,6.0,final,2024-01-01,2024-12-31,1,2026-09-23T14:11:18.311365+00:00
MUN_IPP_ADDITIONAL_RATE,be:mun:13029,2025,2026-09-23T14:11:18.311365+00:00,6.0,final,2025-01-01,2025-12-31,1,2026-09-23T14:11:18.311365+00:00
MUN_IPP_ADDITIONAL_RATE,be:mun:13029,2026,2026-09-23T14:11:18.311365+00:00,6.5,final,2026-01-01,2026-12-31,1,2026-09-23T14:11:18.311365+00:00
MUN_IPP_ADDITIONAL_RATE,be:mun:13031,2024,2026-09-23T14:11:18.311365+00:00,7.0,final,2024-01-01,2024-12-31,1,2026-09-23T14:11:18.311365+00:00
MUN_IPP_ADDITIONAL_RATE,be:mun:13031,2025,2026-09-23T14:11:18.311365+00:00,7.0,final,2025-01-01,2025-12-31,1,2026-09-23T14:11:18.311365+00:00
MUN_IPP_ADDITIONAL_RATE,be:mun:13031,2026,2026-09-23T14:11:18.311365+00:00,7.0,final,2026-01-01,2026-12-31,1,2026-09-23T14:11:18.311365+00:00
MUN_IPP_ADDITIONAL_RATE,be:mun:13035,2024,2026-09-23T14:11:18.311365+00:00,6.0,final,2024-01-01,2024-12-31,1,2026-09-23T14:11:18.311365+00:00
MUN_IPP_ADDITIONAL_RATE,be:mun:13035,2025,2026-09-23T14:11:18.311365+00:00,6.0,final,2025-01-01,2025-12-31,1,2026-09-23T14:11:18.311365+00:00
MUN_IPP_ADDITIONAL_RATE,be:mun:13035,2026,2026-09-23T14:11:18.311365+00:00,6.0,final,2026-01-01,2026-12-31,1,2026-09-23T14:11:18.311365+00:00
MUN_IPP_ADDITIONAL_RATE,be:mun:13036,2024,2026-09-23T14:11:18.311365+00:00,7.3,final,2024-01-01,2024-12-31,1,2026-09-23T14:11:18.311365+00:00
MUN_IPP_ADDITIONAL_RATE,be:mun:13036,2025,2026-09-23T14:11:18.311365+00:00,7.3,final,2025-01-01,2025-12-31,1,2026-09-23T14:11:18.311365+00:00
MUN_IPP_ADDITIONAL_RATE,be:mun:13036,2026,2026-09-23T14:11:18.311365+00:00,7.8,final,2026-01-01,2026-12-31,1,2026-09-23T14:11:18.311365+00:00
MUN_IPP_ADDITIONAL_RATE,be:mun:13037,2024,2026-09-23T14:11:18.311365+00:00,7.4,final,2024-01-01,2024-12-31,1,2026-09-23T14:11:18.311365+00:00
MUN_IPP_ADDITIONAL_RATE,be:mun:13037,2025,2026-09-23T14:11:18.311365+00:00,7.4,final,2025-01-01,2025-12-31,1,2026-09-23T14:11:18.311365+00:00
MUN_IPP_ADDITIONAL_RATE,be:mun:13037,2026,2026-09-23T14:11:18.311365+00:00,7.4,final,2026-01-01,2026-12-31,1,2026-09-23T14:11:18.311365+00:00
MUN_IPP_ADDITIONAL_RATE,be:mun:13040,2024,2026-09-23T14:11:18.311365+00:00,7.5,final,2024-01-01,2024-12-31,1,2026-09-23T14:11:18.311365+00:00
MUN_IPP_ADDITIONAL_RATE,be:mun:13040,2025,2026-09-23T14:11:18.311365+00:00,7.5,final,2025-01-01,2025-12-31,1,2026-09-23T14:11:18.311365+00:00
MUN_IPP_ADDITIONAL_RATE,be:mun:13040,2026,2026-09-23T14:11:18.311365+00:00,7.5,final,2026-01-01,2026-12-31,1,2026-09-23T14:11:18.311365+00:00
MUN_IPP_ADDITIONAL_RATE,be:mun:13044,2024,2026-09-23T14:11:18.311365+00:00,7.5,final,2024-01-01,2024-12-31,1,2026-09-23T14:11:18.311365+00:00
MUN_IPP_ADDITIONAL_RATE,be:mun:13044,2025,2026-09-23T14:11:18.311365+00:00,7.5,final,2025-01-01,2025-12-31,1,2026-09-23T14:11:18.311365+00:00
MUN_IPP_ADDITIONAL_RATE,be:mun:13044,2026,2026-09-23T14:11:18.311365+00:00,7.5,final,2026-01-01,2026-12-31,1,2026-09-23T14:11:18.311365+00:00
MUN_IPP_ADDITIONAL_RATE,be:mun:13046,2024,2026-09-23T14:11:18.311365+00:00,7.5,final,2024-01-01,2024-12-31,1,2026-09-23T14:11:18.311365+00:00
MUN_IPP_ADDITIONAL_RATE,be:mun:13046,2025,2026-09-23T14:11:18.311365+00:00,7.5,final,2025-01-01,2025-12-31,1,2026-09-23T14:11:18.311365+00:00
MUN_IPP_ADDITIONAL_RATE,be:mun:13046,2026,2026-09-23T14:11:18.311365+00:00,7.5,final,2026-01-01,2026-12-31,1,2026-09-23T14:11:18.311365+00:00
MUN_IPP_ADDITIONAL_RATE,be:mun:13049,2024,2026-09-23T14:11:18.311365+00:00,7.0,final,2024-01-01,2024-12-31,1,2026-09-23T14:11:18.311365+00:00
MUN_IPP_ADDITIONAL_RATE,be:mun:13049,2025,2026-09-23T14:11:18.311365+00:00,7.0,final,2025-01-01,2025-12-31,1,2026-09-23T14:11:18.311365+00:00
MUN_IPP_ADDITIONAL_RATE,be:mun:13049,2026,2026-09-23T14:11:18.311365+00:00,7.0,final,2026-01-01,2026-12-31,1,2026-09-23T14:11:18.311365+00:00
MUN_IPP_ADDITIONAL_RATE,be:mun:13053,2024,2026-09-23T14:11:18.311365+00:00,7.5,final,2024-01-01,2024-12-31,1,2026-09-23T14:11:18.311365+00:00
MUN_IPP_ADDITIONAL_RATE,be:mun:13053,2025,2026-09-23T14:11:18.311365+00:00,7.5,final,2025-01-01,2025-12-31,1,2026-09-23T14:11:18.311365+00:00
MUN_IPP_ADDITIONAL_RATE,be:mun:13053,2026,2026-09-23T14:11:18.311365+00:00,7.5,final,2026-01-01,2026-12-31,1,2026-09-23T14:11:18.311365+00:00
MUN_IPP_ADDITIONAL_RATE,be:mun:21001,2024,2026-09-23T14:11:18.311365+00:00,5.5,final,2024-01-01,2024-12-31,1,2026-09-23T14:11:18.311365+00:00
MUN_IPP_ADDITIONAL_RATE,be:mun:21001,2025,2026-09-23T14:11:18.311365+00:00,7.0,final,2025-01-01,2025-12-31,1,2026-09-23T14:11:18.311365+00:00
MUN_IPP_ADDITIONAL_RATE,be:mun:21001,2026,2026-09-23T14:11:18.311365+00:00,7.0,final,2026-01-01,2026-12-31,1,2026-09-23T14:11:18.311365+00:00
MUN_IPP_ADDITIONAL_RATE,be:mun:21002,2024,2026-09-23T14:11:18.311365+00:00,6.0,final,2024-01-01,2024-12-31,1,2026-09-23T14:11:18.311365+00:00
MUN_IPP_ADDITIONAL_RATE,be:mun:21002,2025,2026-09-23T14:11:18.311365+00:00,6.0,final,2025-01-01,2025-12-31,1,2026-09-23T14:11:18.311365+00:00
MUN_IPP_ADDITIONAL_RATE,be:mun:21002,2026,2026-09-23T14:11:18.311365+00:00,6.0,final,2026-01-01,2026-12-31,1,2026-09-23T14:11:18.311365+00:00
MUN_IPP_ADDITIONAL_RATE,be:mun:21003,2024,2026-09-23T14:11:18.311365+00:00,6.5,final,2024-01-01,2024-12-31,1,2026-09-23T14:11:18.311365+00:00
MUN_IPP_ADDITIONAL_RATE,be:mun:21003,2025,2026-09-23T14:11:18.311365+00:00,6.5,final,2025-01-01,2025-12-31,1,2026-09-23T14:11:18.311365+00:00
MUN_IPP_ADDITIONAL_RATE,be:mun:21003,2026,2026-09-23T14:11:18.311365+00:00,6.5,final,2026-01-01,2026-12-31,1,2026-09-23T14:11:18.311365+00:00
MUN_IPP_ADDITIONAL_RATE,be:mun:21004,2024,2026-09-23T14:11:18.311365+00:00,6.0,final,2024-01-01,2024-12-31,1,2026-09-23T14:11:18.311365+00:00
MUN_IPP_ADDITIONAL_RATE,be:mun:21004,2025,2026-09-23T14:11:18.311365+00:00,6.0,final,2025-01-01,2025-12-31,1,2026-09-23T14:11:18.311365+00:00
MUN_IPP_ADDITIONAL_RATE,be:mun:21004,2026,2026-09-23T14:11:18.311365+00:00,4.9,final,2026-01-01,2026-12-31,1,2026-09-23T14:11:18.311365+00:00
MUN_IPP_ADDITIONAL_RATE,be:mun:21005,2024,2026-09-23T14:11:18.311365+00:00,6.0,final,2024-01-01,2024-12-31,1,2026-09-23T14:11:18.311365+00:00
MUN_IPP_ADDITIONAL_RATE,be:mun:21005,2025,2026-09-23T14:11:18.311365+00:00,6.0,final,2025-01-01,2025-12-31,1,2026-09-23T14:11:18.311365+00:00
MUN_IPP_ADDITIONAL_RATE,be:mun:21005,2026,2026-09-23T14:11:18.311365+00:00,5.8,final,2026-01-01,2026-12-31,1,2026-09-23T14:11:18.311365+00:00
MUN_IPP_ADDITIONAL_RATE,be:mun:21006,2024,2026-09-23T14:11:18.311365+00:00,6.5,final,2024-01-01,2024-12-31,1,2026-09-23T14:11:18.311365+00:00
MUN_IPP_ADDITIONAL_RATE,be:mun:21006,2025,2026-09-23T14:11:18.311365+00:00,6.5,final,2025-01-01,2025-12-31,1,2026-09-23T14:11:18.311365+00:00
MUN_IPP_ADDITIONAL_RATE,be:mun:21006,2026,2026-09-23T14:11:18.311365+00:00,7.0,final,2026-01-01,2026-12-31,1,2026-09-23T14:11:18.311365+00:00
MUN_IPP_ADDITIONAL_RATE,be:mun:21007,2024,2026-09-23T14:11:18.311365+00:00,7.0,final,2024-01-01,2024-12-31,1,2026-09-23T14:11:18.311365+00:00
MUN_IPP_ADDITIONAL_RATE,be:mun:21007,2025,2026-09-23T14:11:18.311365+00:00,7.0,final,2025-01-01,2025-12-31,1,2026-09-23T14:11:18.311365+00:00
MUN_IPP_ADDITIONAL_RATE,be:mun:21007,2026,2026-09-23T14:11:18.311365+00:00,7.0,final,2026-01-01,2026-12-31,1,2026-09-23T14:11:18.311365+00:00
MUN_IPP_ADDITIONAL_RATE,be:mun:21008,2024,2026-09-23T14:11:18.311365+00:00,6.5,final,2024-01-01,2024-12-31,1,2026-09-23T14:11:18.311365+00:00
MUN_IPP_ADDITIONAL_RATE,be:mun:21008,2025,2026-09-23T14:11:18.311365+00:00,6.5,final,2025-01-01,2025-12-31,1,2026-09-23T14:11:18.311365+00:00
MUN_IPP_ADDITIONAL_RATE,be:mun:21008,2026,2026-09-23T14:11:18.311365+00:00,6.5,final,2026-01-01,2026-12-31,1,2026-09-23T14:11:18.311365+00:00
MUN_IPP_ADDITIONAL_RATE,be:mun:21009,2024,2026-09-23T14:11:18.311365+00:00,7.5,final,2024-01-01,2024-12-31,1,2026-09-23T14:11:18.311365+00:00
MUN_IPP_ADDITIONAL_RATE,be:mun:21009,2025,2026-09-23T14:11:18.311365+00:00,7.5,final,2025-01-01,2025-12-31,1,2026-09-23T14:11:18.311365+00:00
MUN_IPP_ADDITIONAL_RATE,be:mun:21009,2026,2026-09-23T14:11:18.311365+00:00,7.5,final,2026-01-01,2026-12-31,1,2026-09-23T14:11:18.311365+00:00
MUN_IPP_ADDITIONAL_RATE,be:mun:21010,2024,2026-09-23T14:11:18.311365+00:00,6.4,final,2024-01-01,2024-12-31,1,2026-09-23T14:11:18.311365+00:00
MUN_IPP_ADDITIONAL_RATE,be:mun:21010,2025,2026-09-23T14:11:18.311365+00:00,7.4,final,2025-01-01,2025-12-31,1,2026-09-23T14:11:18.311365+00:00
MUN_IPP_ADDITIONAL_RATE,be:mun:21010,2026,2026-09-23T14:11:18.311365+00:00,7.4,final,2026-01-01,2026-12-31,1,2026-09-23T14:11:18.311365+00:00
MUN_IPP_ADDITIONAL_RATE,be:mun:21011,2024,2026-09-23T14:11:18.311365+00:00,6.0,final,2024-01-01,2024-12-31,1,2026-09-23T14:11:18.311365+00:00
MUN_IPP_ADDITIONAL_RATE,be:mun:21011,2025,2026-09-23T14:11:18.311365+00:00,6.0,final,2025-01-01,2025-12-31,1,2026-09-23T14:11:18.311365+00:00
MUN_IPP_ADDITIONAL_RATE,be:mun:21011,2026,2026-09-23T14:11:18.311365+00:00,7.0,final,2026-01-01,2026-12-31,1,2026-09-23T14:11:18.311365+00:00
MUN_IPP_ADDITIONAL_RATE,be:mun:21012,2024,2026-09-23T14:11:18.311365+00:00,6.3,final,2024-01-01,2024-12-31,1,2026-09-23T14:11:18.311365+00:00
MUN_IPP_ADDITIONAL_RATE,be:mun:21012,2025,2026-09-23T14:11:18.311365+00:00,6.3,final,2025-01-01,2025-12-31,1,2026-09-23T14:11:18.311365+00:00
MUN_IPP_ADDITIONAL_RATE,be:mun:21012,2026,2026-09-23T14:11:18.311365+00:00,7.0,final,2026-01-01,2026-12-31,1,2026-09-23T14:11:18.311365+00:00
MUN_IPP_ADDITIONAL_RATE,be:mun:21013,2024,2026-09-23T14:11:18.311365+00:00,6.3,final,2024-01-01,2024-12-31,1,2026-09-23T14:11:18.311365+00:00
MUN_IPP_ADDITIONAL_RATE,be:mun:21013,2025,2026-09-23T14:11:18.311365+00:00,6.3,final,2025-01-01,2025-12-31,1,2026-09-23T14:11:18.311365+00:00
MUN_IPP_ADDITIONAL_RATE,be:mun:21013,2026,2026-09-23T14:11:18.311365+00:00,6.3,final,2026-01-01,2026-12-31,1,2026-09-23T14:11:18.311365+00:00
MUN_IPP_ADDITIONAL_RATE,be:mun:21014,2024,2026-09-23T14:11:18.311365+00:00,6.5,final,2024-01-01,2024-12-31,1,2026-09-23T14:11:18.311365+00:00
MUN_IPP_ADDITIONAL_RATE,be:mun:21014,2025,2026-09-23T14:11:18.311365+00:00,6.5,final,2025-01-01,2025-12-31,1,2026-09-23T14:11:18.311365+00:00
MUN_IPP_ADDITIONAL_RATE,be:mun:21014,2026,2026-09-23T14:11:18.311365+00:00,6.5,final,2026-01-01,2026-12-31,1,2026-09-23T14:11:18.311365+00:00
MUN_IPP_ADDITIONAL_RATE,be:mun:21015,2024,2026-09-23T14:11:18.311365+00:00,4.6,final,2024-01-01,2024-12-31,1,2026-09-23T14:11:18.311365+00:00
MUN_IPP_ADDITIONAL_RATE,be:mun:21015,2025,2026-09-23T14:11:18.311365+00:00,4.6,final,2025-01-01,2025-12-31,1,2026-09-23T14:11:18.311365+00:00
MUN_IPP_ADDITIONAL_RATE,be:mun:21015,2026,2026-09-23T14:11:18.311365+00:00,5.0,final,2026-01-01,2026-12-31,1,2026-09-23T14:11:18.311365+00:00
MUN_IPP_ADDITIONAL_RATE,be:mun:21016,2024,2026-09-23T14:11:18.311365+00:00,5.7,final,2024-01-01,2024-12-31,1,2026-09-23T14:11:18.311365+00:00
MUN_IPP_ADDITIONAL_RATE,be:mun:21016,2025,2026-09-23T14:11:18.311365+00:00,5.7,final,2025-01-01,2025-12-31,1,2026-09-23T14:11:18.311365+00:00
MUN_IPP_ADDITIONAL_RATE,be:mun:21016,2026,2026-09-23T14:11:18.311365+00:00,5.6,final,2026-01-01,2026-12-31,1,2026-09-23T14:11:18.311365+00:00
MUN_IPP_ADDITIONAL_RATE,be:mun:21017,2024,2026-09-23T14:11:18.311365+00:00,7.0,final,2024-01-01,2024-12-31,1,2026-09-23T14:11:18.311365+00:00
MUN_IPP_ADDITIONAL_RATE,be:mun:21017,2025,2026-09-23T14:11:18.311365+00:00,7.0,final,2025-01-01,2025-12-31,1,2026-09-23T14:11:18.311365+00:00
MUN_IPP_ADDITIONAL_RATE,be:mun:21017,2026,2026-09-23T14:11:18.311365+00:00,6.9,final,2026-01-01,2026-12-31,1,2026-09-23T14:11:18.311365+00:00
MUN_IPP_ADDITIONAL_RATE,be:mun:21018,2024,2026-09-23T14:11:18.311365+00:00,5.4,final,2024-01-01,2024-12-31,1,2026-09-23T14:11:18.311365+00:00
MUN_IPP_ADDITIONAL_RATE,be:mun:21018,2025,2026-09-23T14:11:18.311365+00:00,5.4,final,2025-01-01,2025-12-31,1,2026-09-23T14:11:18.311365+00:00
MUN_IPP_ADDITIONAL_RATE,be:mun:21018,2026,2026-09-23T14:11:18.311365+00:00,5.4,final,2026-01-01,2026-12-31,1,2026-09-23T14:11:18.311365+00:00
MUN_IPP_ADDITIONAL_RATE,be:mun:21019,2024,2026-09-23T14:11:18.311365+00:00,6.0,final,2024-01-01,2024-12-31,1,2026-09-23T14:11:18.311365+00:00
MUN_IPP_ADDITIONAL_RATE,be:mun:21019,2025,2026-09-23T14:11:18.311365+00:00,5.7,final,2025-01-01,2025-12-31,1,2026-09-23T14:11:18.311365+00:00
MUN_IPP_ADDITIONAL_RATE,be:mun:21019,2026,2026-09-23T14:11:18.311365+00:00,5.7,final,2026-01-01,2026-12-31,1,2026-09-23T14:11:18.311365+00:00
MUN_IPP_ADDITIONAL_RATE,be:mun:23002,2024,2026-09-23T14:11:18.311365+00:00,6.9,final,2024-01-01,2024-12-31,1,2026-09-23T14:11:18.311365+00:00
MUN_IPP_ADDITIONAL_RATE,be:mun:23002,2025,2026-09-23T14:11:18.311365+00:00,6.9,final,2025-01-01,2025-12-31,1,2026-09-23T14:11:18.311365+00:00
MUN_IPP_ADDITIONAL_RATE,be:mun:23002,2026,2026-09-23T14:11:18.311365+00:00,6.9,final,2026-01-01,2026-12-31,1,2026-09-23T14:11:18.311365+00:00
MUN_IPP_ADDITIONAL_RATE,be:mun:23003,2024,2026-09-23T14:11:18.311365+00:00,6.8,final,2024-01-01,2024-12-31,1,2026-09-23T14:11:18.311365+00:00
MUN_IPP_ADDITIONAL_RATE,be:mun:23003,2025,2026-09-23T14:11:18.311365+00:00,6.8,final,2025-01-01,2025-12-31,1,2026-09-23T14:11:18.311365+00:00
MUN_IPP_ADDITIONAL_RATE,be:mun:23003,2026,2026-09-23T14:11:18.311365+00:00,6.9,final,2026-01-01,2026-12-31,1,2026-09-23T14:11:18.311365+00:00
MUN_IPP_ADDITIONAL_RATE,be:mun:23009,2024,2026-09-23T14:11:18.311365+00:00,8.0,final,2024-01-01,2024-12-31,1,2026-09-23T14:11:18.311365+00:00
MUN_IPP_ADDITIONAL_RATE,be:mun:23009,2025,2026-09-23T14:11:18.311365+00:00,8.0,final,2025-01-01,2025-12-31,1,2026-09-23T14:11:18.311365+00:00
MUN_IPP_ADDITIONAL_RATE,be:mun:23009,2026,2026-09-23T14:11:18.311365+00:00,8.0,final,2026-01-01,2026-12-31,1,2026-09-23T14:11:18.311365+00:00
MUN_IPP_ADDITIONAL_RATE,be:mun:23016,2024,2026-09-23T14:11:18.311365+00:00,6.9,final,2024-01-01,2024-12-31,1,2026-09-23T14:11:18.311365+00:00
MUN_IPP_ADDITIONAL_RATE,be:mun:23016,2025,2026-09-23T14:11:18.311365+00:00,6.9,final,2025-01-01,2025-12-31,1,2026-09-23T14:11:18.311365+00:00
MUN_IPP_ADDITIONAL_RATE,be:mun:23016,2026,2026-09-23T14:11:18.311365+00:00,6.9,final,2026-01-01,2026-12-31,1,2026-09-23T14:11:18.311365+00:00
MUN_IPP_ADDITIONAL_RATE,be:mun:23023,2024,2026-09-23T14:11:18.311365+00:00,7.5,final,2024-01-01,2024-12-31,1,2026-09-23T14:11:18.311365+00:00
MUN_IPP_ADDITIONAL_RATE,be:mun:23024,2024,2026-09-23T14:11:18.311365+00:00,7.3,final,2024-01-01,2024-12-31,1,2026-09-23T14:11:18.311365+00:00
MUN_IPP_ADDITIONAL_RATE,be:mun:23025,2024,2026-09-23T14:11:18.311365+00:00,6.8,final,2024-01-01,2024-12-31,1,2026-09-23T14:11:18.311365+00:00
MUN_IPP_ADDITIONAL_RATE,be:mun:23025,2025,2026-09-23T14:11:18.311365+00:00,6.8,final,2025-01-01,2025-12-31,1,2026-09-23T14:11:18.311365+00:00
MUN_IPP_ADDITIONAL_RATE,be:mun:23025,2026,2026-09-23T14:11:18.311365+00:00,7.4,final,2026-01-01,2026-12-31,1,2026-09-23T14:11:18.311365+00:00
MUN_IPP_ADDITIONAL_RATE,be:mun:23027,2024,2026-09-23T14:11:18.311365+00:00,7.1,final,2024-01-01,2024-12-31,1,2026-09-23T14:11:18.311365+00:00
MUN_IPP_ADDITIONAL_RATE,be:mun:23027,2025,2026-09-23T14:11:18.311365+00:00,7.1,final,2025-01-01,2025-12-31,1,2026-09-23T14:11:18.311365+00:00
MUN_IPP_ADDITIONAL_RATE,be:mun:23027,2026,2026-09-23T14:11:18.311365+00:00,7.1,final,2026-01-01,2026-12-31,1,2026-09-23T14:11:18.311365+00:00
MUN_IPP_ADDITIONAL_RATE,be:mun:23032,2024,2026-09-23T14:11:18.311365+00:00,7.9,final,2024-01-01,2024-12-31,1,2026-09-23T14:11:18.311365+00:00
MUN_IPP_ADDITIONAL_RATE,be:mun:23033,2024,2026-09-23T14:11:18.311365+00:00,6.8,final,2024-01-01,2024-12-31,1,2026-09-23T14:11:18.311365+00:00
MUN_IPP_ADDITIONAL_RATE,be:mun:23033,2025,2026-09-23T14:11:18.311365+00:00,6.8,final,2025-01-01,2025-12-31,1,2026-09-23T14:11:18.311365+00:00
MUN_IPP_ADDITIONAL_RATE,be:mun:23033,2026,2026-09-23T14:11:18.311365+00:00,6.8,final,2026-01-01,2026-12-31,1,2026-09-23T14:11:18.311365+00:00
MUN_IPP_ADDITIONAL_RATE,be:mun:23038,2024,2026-09-23T14:11:18.311365+00:00,7.0,final,2024-01-01,2024-12-31,1,2026-09-23T14:11:18.311365+00:00
MUN_IPP_ADDITIONAL_RATE,be:mun:23038,2025,2026-09-23T14:11:18.311365+00:00,7.0,final,2025-01-01,2025-12-31,1,2026-09-23T14:11:18.311365+00:00
MUN_IPP_ADDITIONAL_RATE,be:mun:23038,2026,2026-09-23T14:11:18.311365+00:00,7.0,final,2026-01-01,2026-12-31,1,2026-09-23T14:11:18.311365+00:00
MUN_IPP_ADDITIONAL_RATE,be:mun:23039,2024,2026-09-23T14:11:18.311365+00:00,7.8,final,2024-01-01,2024-12-31,1,2026-09-23T14:11:18.311365+00:00
MUN_IPP_ADDITIONAL_RATE,be:mun:23039,2025,2026-09-23T14:11:18.311365+00:00,7.8,final,2025-01-01,2025-12-31,1,2026-09-23T14:11:18.311365+00:00
MUN_IPP_ADDITIONAL_RATE,be:mun:23039,2026,2026-09-23T14:11:18.311365+00:00,7.8,final,2026-01-01,2026-12-31,1,2026-09-23T14:11:18.311365+00:00
MUN_IPP_ADDITIONAL_RATE,be:mun:23044,2024,2026-09-23T14:11:18.311365+00:00,7.8,final,2024-01-01,2024-12-31,1,2026-09-23T14:11:18.311365+00:00
MUN_IPP_ADDITIONAL_RATE,be:mun:23044,2025,2026-09-23T14:11:18.311365+00:00,7.8,final,2025-01-01,2025-12-31,1,2026-09-23T14:11:18.311365+00:00
MUN_IPP_ADDITIONAL_RATE,be:mun:23044,2026,2026-09-23T14:11:18.311365+00:00,7.8,final,2026-01-01,2026-12-31,1,2026-09-23T14:11:18.311365+00:00
MUN_IPP_ADDITIONAL_RATE,be:mun:23045,2024,2026-09-23T14:11:18.311365+00:00,7.9,final,2024-01-01,2024-12-31,1,2026-09-23T14:11:18.311365+00:00
MUN_IPP_ADDITIONAL_RATE,be:mun:23045,2025,2026-09-23T14:11:18.311365+00:00,7.9,final,2025-01-01,2025-12-31,1,2026-09-23T14:11:18.311365+00:00
MUN_IPP_ADDITIONAL_RATE,be:mun:23045,2026,2026-09-23T14:11:18.311365+00:00,7.9,final,2026-01-01,2026-12-31,1,2026-09-23T14:11:18.311365+00:00
MUN_IPP_ADDITIONAL_RATE,be:mun:23047,2024,2026-09-23T14:11:18.311365+00:00,5.0,final,2024-01-01,2024-12-31,1,2026-09-23T14:11:18.311365+00:00
MUN_IPP_ADDITIONAL_RATE,be:mun:23047,2025,2026-09-23T14:11:18.311365+00:00,5.0,final,2025-01-01,2025-12-31,1,2026-09-23T14:11:18.311365+00:00
MUN_IPP_ADDITIONAL_RATE,be:mun:23047,2026,2026-09-23T14:11:18.311365+00:00,5.0,final,2026-01-01,2026-12-31,1,2026-09-23T14:11:18.311365+00:00
MUN_IPP_ADDITIONAL_RATE,be:mun:23050,2024,2026-09-23T14:11:18.311365+00:00,7.9,final,2024-01-01,2024-12-31,1,2026-09-23T14:11:18.311365+00:00
MUN_IPP_ADDITIONAL_RATE,be:mun:23050,2025,2026-09-23T14:11:18.311365+00:00,7.9,final,2025-01-01,2025-12-31,1,2026-09-23T14:11:18.311365+00:00
MUN_IPP_ADDITIONAL_RATE,be:mun:23050,2026,2026-09-23T14:11:18.311365+00:00,7.9,final,2026-01-01,2026-12-31,1,2026-09-23T14:11:18.311365+00:00
MUN_IPP_ADDITIONAL_RATE,be:mun:23052,2024,2026-09-23T14:11:18.311365+00:00,7.1,final,2024-01-01,2024-12-31,1,2026-09-23T14:11:18.311365+00:00
MUN_IPP_ADDITIONAL_RATE,be:mun:23052,2025,2026-09-23T14:11:18.311365+00:00,7.1,final,2025-01-01,2025-12-31,1,2026-09-23T14:11:18.311365+00:00
MUN_IPP_ADDITIONAL_RATE,be:mun:23052,2026,2026-09-23T14:11:18.311365+00:00,7.1,final,2026-01-01,2026-12-31,1,2026-09-23T14:11:18.311365+00:00
MUN_IPP_ADDITIONAL_RATE,be:mun:23060,2024,2026-09-23T14:11:18.311365+00:00,7.8,final,2024-01-01,2024-12-31,1,2026-09-23T14:11:18.311365+00:00
MUN_IPP_ADDITIONAL_RATE,be:mun:23060,2025,2026-09-23T14:11:18.311365+00:00,7.8,final,2025-01-01,2025-12-31,1,2026-09-23T14:11:18.311365+00:00
MUN_IPP_ADDITIONAL_RATE,be:mun:23060,2026,2026-09-23T14:11:18.311365+00:00,7.8,final,2026-01-01,2026-12-31,1,2026-09-23T14:11:18.311365+00:00
MUN_IPP_ADDITIONAL_RATE,be:mun:23062,2024,2026-09-23T14:11:18.311365+00:00,7.3,final,2024-01-01,2024-12-31,1,2026-09-23T14:11:18.311365+00:00
MUN_IPP_ADDITIONAL_RATE,be:mun:23062,2025,2026-09-23T14:11:18.311365+00:00,7.3,final,2025-01-01,2025-12-31,1,2026-09-23T14:11:18.311365+00:00
MUN_IPP_ADDITIONAL_RATE,be:mun:23062,2026,2026-09-23T14:11:18.311365+00:00,7.3,final,2026-01-01,2026-12-31,1,2026-09-23T14:11:18.311365+00:00
MUN_IPP_ADDITIONAL_RATE,be:mun:23064,2024,2026-09-23T14:11:18.311365+00:00,7.5,final,2024-01-01,2024-12-31,1,2026-09-23T14:11:18.311365+00:00
MUN_IPP_ADDITIONAL_RATE,be:mun:23064,2025,2026-09-23T14:11:18.311365+00:00,7.5,final,2025-01-01,2025-12-31,1,2026-09-23T14:11:18.311365+00:00
MUN_IPP_ADDITIONAL_RATE,be:mun:23064,2026,2026-09-23T14:11:18.311365+00:00,7.5,final,2026-01-01,2026-12-31,1,2026-09-23T14:11:18.311365+00:00
MUN_IPP_ADDITIONAL_RATE,be:mun:23077,2024,2026-09-23T14:11:18.311365+00:00,7.4,final,2024-01-01,2024-12-31,1,2026-09-23T14:11:18.311365+00:00
MUN_IPP_ADDITIONAL_RATE,be:mun:23077,2025,2026-09-23T14:11:18.311365+00:00,7.4,final,2025-01-01,2025-12-31,1,2026-09-23T14:11:18.311365+00:00
MUN_IPP_ADDITIONAL_RATE,be:mun:23077,2026,2026-09-23T14:11:18.311365+00:00,7.0,final,2026-01-01,2026-12-31,1,2026-09-23T14:11:18.311365+00:00
MUN_IPP_ADDITIONAL_RATE,be:mun:23081,2024,2026-09-23T14:11:18.311365+00:00,6.7,final,2024-01-01,2024-12-31,1,2026-09-23T14:11:18.311365+00:00
MUN_IPP_ADDITIONAL_RATE,be:mun:23081,2025,2026-09-23T14:11:18.311365+00:00,6.7,final,2025-01-01,2025-12-31,1,2026-09-23T14:11:18.311365+00:00
MUN_IPP_ADDITIONAL_RATE,be:mun:23081,2026,2026-09-23T14:11:18.311365+00:00,6.7,final,2026-01-01,2026-12-31,1,2026-09-23T14:11:18.311365+00:00
MUN_IPP_ADDITIONAL_RATE,be:mun:23086,2024,2026-09-23T14:11:18.311365+00:00,6.9,final,2024-01-01,2024-12-31,1,2026-09-23T14:11:18.311365+00:00
MUN_IPP_ADDITIONAL_RATE,be:mun:23086,2025,2026-09-23T14:11:18.311365+00:00,6.9,final,2025-01-01,2025-12-31,1,2026-09-23T14:11:18.311365+00:00
MUN_IPP_ADDITIONAL_RATE,be:mun:23086,2026,2026-09-23T14:11:18.311365+00:00,6.9,final,2026-01-01,2026-12-31,1,2026-09-23T14:11:18.311365+00:00
MUN_IPP_ADDITIONAL_RATE,be:mun:23088,2024,2026-09-23T14:11:18.311365+00:00,7.2,final,2024-01-01,2024-12-31,1,2026-09-23T14:11:18.311365+00:00
MUN_IPP_ADDITIONAL_RATE,be:mun:23088,2025,2026-09-23T14:11:18.311365+00:00,7.2,final,2025-01-01,2025-12-31,1,2026-09-23T14:11:18.311365+00:00
MUN_IPP_ADDITIONAL_RATE,be:mun:23088,2026,2026-09-23T14:11:18.311365+00:00,7.2,final,2026-01-01,2026-12-31,1,2026-09-23T14:11:18.311365+00:00
MUN_IPP_ADDITIONAL_RATE,be:mun:23094,2024,2026-09-23T14:11:18.311365+00:00,5.0,final,2024-01-01,2024-12-31,1,2026-09-23T14:11:18.311365+00:00
MUN_IPP_ADDITIONAL_RATE,be:mun:23094,2025,2026-09-23T14:11:18.311365+00:00,5.0,final,2025-01-01,2025-12-31,1,2026-09-23T14:11:18.311365+00:00
MUN_IPP_ADDITIONAL_RATE,be:mun:23094,2026,2026-09-23T14:11:18.311365+00:00,5.0,final,2026-01-01,2026-12-31,1,2026-09-23T14:11:18.311365+00:00
MUN_IPP_ADDITIONAL_RATE,be:mun:23096,2024,2026-09-23T14:11:18.311365+00:00,7.0,final,2024-01-01,2024-12-31,1,2026-09-23T14:11:18.311365+00:00
MUN_IPP_ADDITIONAL_RATE,be:mun:23096,2025,2026-09-23T14:11:18.311365+00:00,7.0,final,2025-01-01,2025-12-31,1,2026-09-23T14:11:18.311365+00:00
MUN_IPP_ADDITIONAL_RATE,be:mun:23096,2026,2026-09-23T14:11:18.311365+00:00,7.0,final,2026-01-01,2026-12-31,1,2026-09-23T14:11:18.311365+00:00
MUN_IPP_ADDITIONAL_RATE,be:mun:23097,2024,2026-09-23T14:11:18.311365+00:00,7.5,final,2024-01-01,2024-12-31,1,2026-09-23T14:11:18.311365+00:00
MUN_IPP_ADDITIONAL_RATE,be:mun:23097,2025,2026-09-23T14:11:18.311365+00:00,7.5,final,2025-01-01,2025-12-31,1,2026-09-23T14:11:18.311365+00:00
MUN_IPP_ADDITIONAL_RATE,be:mun:23097,2026,2026-09-23T14:11:18.311365+00:00,7.5,final,2026-01-01,2026-12-31,1,2026-09-23T14:11:18.311365+00:00
MUN_IPP_ADDITIONAL_RATE,be:mun:23098,2024,2026-09-23T14:11:18.311365+00:00,7.0,final,2024-01-01,2024-12-31,1,2026-09-23T14:11:18.311365+00:00
MUN_IPP_ADDITIONAL_RATE,be:mun:23098,2025,2026-09-23T14:11:18.311365+00:00,7.0,final,2025-01-01,2025-12-31,1,2026-09-23T14:11:18.311365+00:00
MUN_IPP_ADDITIONAL_RATE,be:mun:23098,2026,2026-09-23T14:11:18.311365+00:00,7.0,final,2026-01-01,2026-12-31,1,2026-09-23T14:11:18.311365+00:00
MUN_IPP_ADDITIONAL_RATE,be:mun:23099,2024,2026-09-23T14:11:18.311365+00:00,7.5,final,2024-01-01,2024-12-31,1,2026-09-23T14:11:18.311365+00:00
MUN_IPP_ADDITIONAL_RATE,be:mun:23099,2025,2026-09-23T14:11:18.311365+00:00,7.5,final,2025-01-01,2025-12-31,1,2026-09-23T14:11:18.311365+00:00
MUN_IPP_ADDITIONAL_RATE,be:mun:23099,2026,2026-09-23T14:11:18.311365+00:00,7.0,final,2026-01-01,2026-12-31,1,2026-09-23T14:11:18.311365+00:00
MUN_IPP_ADDITIONAL_RATE,be:mun:23100,2024,2026-09-23T14:11:18.311365+00:00,7.8,final,2024-01-01,2024-12-31,1,2026-09-23T14:11:18.311365+00:00
MUN_IPP_ADDITIONAL_RATE,be:mun:23100,2025,2026-09-23T14:11:18.311365+00:00,7.8,final,2025-01-01,2025-12-31,1,2026-09-23T14:11:18.311365+00:00
MUN_IPP_ADDITIONAL_RATE,be:mun:23100,2026,2026-09-23T14:11:18.311365+00:00,7.8,final,2026-01-01,2026-12-31,1,2026-09-23T14:11:18.311365+00:00
MUN_IPP_ADDITIONAL_RATE,be:mun:23101,2024,2026-09-23T14:11:18.311365+00:00,6.0,final,2024-01-01,2024-12-31,1,2026-09-23T14:11:18.311365+00:00
MUN_IPP_ADDITIONAL_RATE,be:mun:23101,2025,2026-09-23T14:11:18.311365+00:00,6.0,final,2025-01-01,2025-12-31,1,2026-09-23T14:11:18.311365+00:00
MUN_IPP_ADDITIONAL_RATE,be:mun:23101,2026,2026-09-23T14:11:18.311365+00:00,6.0,final,2026-01-01,2026-12-31,1,2026-09-23T14:11:18.311365+00:00
MUN_IPP_ADDITIONAL_RATE,be:mun:23102,2024,2026-09-23T14:11:18.311365+00:00,7.3,final,2024-01-01,2024-12-31,1,2026-09-23T14:11:18.311365+00:00
MUN_IPP_ADDITIONAL_RATE,be:mun:23102,2025,2026-09-23T14:11:18.311365+00:00,7.3,final,2025-01-01,2025-12-31,1,2026-09-23T14:11:18.311365+00:00
MUN_IPP_ADDITIONAL_RATE,be:mun:23102,2026,2026-09-23T14:11:18.311365+00:00,7.0,final,2026-01-01,2026-12-31,1,2026-09-23T14:11:18.311365+00:00
MUN_IPP_ADDITIONAL_RATE,be:mun:23103,2024,2026-09-23T14:11:18.311365+00:00,7.2,final,2024-01-01,2024-12-31,1,2026-09-23T14:11:18.311365+00:00
MUN_IPP_ADDITIONAL_RATE,be:mun:23103,2025,2026-09-23T14:11:18.311365+00:00,7.2,final,2025-01-01,2025-12-31,1,2026-09-23T14:11:18.311365+00:00
MUN_IPP_ADDITIONAL_RATE,be:mun:23103,2026,2026-09-23T14:11:18.311365+00:00,6.5,final,2026-01-01,2026-12-31,1,2026-09-23T14:11:18.311365+00:00
MUN_IPP_ADDITIONAL_RATE,be:mun:23104,2024,2026-09-23T14:11:18.311365+00:00,8.5,final,2024-01-01,2024-12-31,1,2026-09-23T14:11:18.311365+00:00
MUN_IPP_ADDITIONAL_RATE,be:mun:23104,2025,2026-09-23T14:11:18.311365+00:00,8.5,final,2025-01-01,2025-12-31,1,2026-09-23T14:11:18.311365+00:00
MUN_IPP_ADDITIONAL_RATE,be:mun:23104,2026,2026-09-23T14:11:18.311365+00:00,7.9,final,2026-01-01,2026-12-31,1,2026-09-23T14:11:18.311365+00:00
MUN_IPP_ADDITIONAL_RATE,be:mun:23105,2024,2026-09-23T14:11:18.311365+00:00,7.0,final,2024-01-01,2024-12-31,1,2026-09-23T14:11:18.311365+00:00
MUN_IPP_ADDITIONAL_RATE,be:mun:23105,2025,2026-09-23T14:11:18.311365+00:00,7.0,final,2025-01-01,2025-12-31,1,2026-09-23T14:11:18.311365+00:00
MUN_IPP_ADDITIONAL_RATE,be:mun:23105,2026,2026-09-23T14:11:18.311365+00:00,7.0,final,2026-01-01,2026-12-31,1,2026-09-23T14:11:18.311365+00:00
MUN_IPP_ADDITIONAL_RATE,be:mun:23106,2025,2026-09-23T14:11:18.311365+00:00,7.3,final,2025-01-01,2025-12-31,1,2026-09-23T14:11:18.311365+00:00
MUN_IPP_ADDITIONAL_RATE,be:mun:23106,2026,2026-09-23T14:11:18.311365+00:00,7.3,final,2026-01-01,2026-12-31,1,2026-09-23T14:11:18.311365+00:00
MUN_IPP_ADDITIONAL_RATE,be:mun:24001,2024,2026-09-23T14:11:18.311365+00:00,8.0,final,2024-01-01,2024-12-31,1,2026-09-23T14:11:18.311365+00:00
MUN_IPP_ADDITIONAL_RATE,be:mun:24001,2025,2026-09-23T14:11:18.311365+00:00,8.0,final,2025-01-01,2025-12-31,1,2026-09-23T14:11:18.311365+00:00
MUN_IPP_ADDITIONAL_RATE,be:mun:24001,2026,2026-09-23T14:11:18.311365+00:00,8.0,final,2026-01-01,2026-12-31,1,2026-09-23T14:11:18.311365+00:00
MUN_IPP_ADDITIONAL_RATE,be:mun:24007,2024,2026-09-23T14:11:18.311365+00:00,8.0,final,2024-01-01,2024-12-31,1,2026-09-23T14:11:18.311365+00:00
MUN_IPP_ADDITIONAL_RATE,be:mun:24007,2025,2026-09-23T14:11:18.311365+00:00,8.0,final,2025-01-01,2025-12-31,1,2026-09-23T14:11:18.311365+00:00
MUN_IPP_ADDITIONAL_RATE,be:mun:24007,2026,2026-09-23T14:11:18.311365+00:00,7.9,final,2026-01-01,2026-12-31,1,2026-09-23T14:11:18.311365+00:00
MUN_IPP_ADDITIONAL_RATE,be:mun:24008,2024,2026-09-23T14:11:18.311365+00:00,7.6,final,2024-01-01,2024-12-31,1,2026-09-23T14:11:18.311365+00:00
MUN_IPP_ADDITIONAL_RATE,be:mun:24008,2025,2026-09-23T14:11:18.311365+00:00,7.6,final,2025-01-01,2025-12-31,1,2026-09-23T14:11:18.311365+00:00
MUN_IPP_ADDITIONAL_RATE,be:mun:24008,2026,2026-09-23T14:11:18.311365+00:00,7.6,final,2026-01-01,2026-12-31,1,2026-09-23T14:11:18.311365+00:00
MUN_IPP_ADDITIONAL_RATE,be:mun:24009,2024,2026-09-23T14:11:18.311365+00:00,7.5,final,2024-01-01,2024-12-31,1,2026-09-23T14:11:18.311365+00:00
MUN_IPP_ADDITIONAL_RATE,be:mun:24009,2025,2026-09-23T14:11:18.311365+00:00,7.5,final,2025-01-01,2025-12-31,1,2026-09-23T14:11:18.311365+00:00
MUN_IPP_ADDITIONAL_RATE,be:mun:24009,2026,2026-09-23T14:11:18.311365+00:00,7.5,final,2026-01-01,2026-12-31,1,2026-09-23T14:11:18.311365+00:00
MUN_IPP_ADDITIONAL_RATE,be:mun:24011,2024,2026-09-23T14:11:18.311365+00:00,7.0,final,2024-01-01,2024-12-31,1,2026-09-23T14:11:18.311365+00:00
MUN_IPP_ADDITIONAL_RATE,be:mun:24011,2025,2026-09-23T14:11:18.311365+00:00,7.0,final,2025-01-01,2025-12-31,1,2026-09-23T14:11:18.311365+00:00
MUN_IPP_ADDITIONAL_RATE,be:mun:24011,2026,2026-09-23T14:11:18.311365+00:00,7.0,final,2026-01-01,2026-12-31,1,2026-09-23T14:11:18.311365+00:00
MUN_IPP_ADDITIONAL_RATE,be:mun:24014,2024,2026-09-23T14:11:18.311365+00:00,5.8,final,2024-01-01,2024-12-31,1,2026-09-23T14:11:18.311365+00:00
MUN_IPP_ADDITIONAL_RATE,be:mun:24014,2025,2026-09-23T14:11:18.311365+00:00,7.2,final,2025-01-01,2025-12-31,1,2026-09-23T14:11:18.311365+00:00
MUN_IPP_ADDITIONAL_RATE,be:mun:24014,2026,2026-09-23T14:11:18.311365+00:00,7.2,final,2026-01-01,2026-12-31,1,2026-09-23T14:11:18.311365+00:00
MUN_IPP_ADDITIONAL_RATE,be:mun:24016,2024,2026-09-23T14:11:18.311365+00:00,7.6,final,2024-01-01,2024-12-31,1,2026-09-23T14:11:18.311365+00:00
MUN_IPP_ADDITIONAL_RATE,be:mun:24016,2025,2026-09-23T14:11:18.311365+00:00,7.6,final,2025-01-01,2025-12-31,1,2026-09-23T14:11:18.311365+00:00
MUN_IPP_ADDITIONAL_RATE,be:mun:24016,2026,2026-09-23T14:11:18.311365+00:00,7.6,final,2026-01-01,2026-12-31,1,2026-09-23T14:11:18.311365+00:00
MUN_IPP_ADDITIONAL_RATE,be:mun:24020,2024,2026-09-23T14:11:18.311365+00:00,7.9,final,2024-01-01,2024-12-31,1,2026-09-23T14:11:18.311365+00:00
MUN_IPP_ADDITIONAL_RATE,be:mun:24020,2025,2026-09-23T14:11:18.311365+00:00,7.9,final,2025-01-01,2025-12-31,1,2026-09-23T14:11:18.311365+00:00
MUN_IPP_ADDITIONAL_RATE,be:mun:24020,2026,2026-09-23T14:11:18.311365+00:00,7.9,final,2026-01-01,2026-12-31,1,2026-09-23T14:11:18.311365+00:00
MUN_IPP_ADDITIONAL_RATE,be:mun:24028,2024,2026-09-23T14:11:18.311365+00:00,8.0,final,2024-01-01,2024-12-31,1,2026-09-23T14:11:18.311365+00:00
MUN_IPP_ADDITIONAL_RATE,be:mun:24028,2025,2026-09-23T14:11:18.311365+00:00,8.0,final,2025-01-01,2025-12-31,1,2026-09-23T14:11:18.311365+00:00
MUN_IPP_ADDITIONAL_RATE,be:mun:24028,2026,2026-09-23T14:11:18.311365+00:00,8.0,final,2026-01-01,2026-12-31,1,2026-09-23T14:11:18.311365+00:00
MUN_IPP_ADDITIONAL_RATE,be:mun:24033,2024,2026-09-23T14:11:18.311365+00:00,6.7,final,2024-01-01,2024-12-31,1,2026-09-23T14:11:18.311365+00:00
MUN_IPP_ADDITIONAL_RATE,be:mun:24033,2025,2026-09-23T14:11:18.311365+00:00,6.7,final,2025-01-01,2025-12-31,1,2026-09-23T14:11:18.311365+00:00
MUN_IPP_ADDITIONAL_RATE,be:mun:24033,2026,2026-09-23T14:11:18.311365+00:00,6.7,final,2026-01-01,2026-12-31,1,2026-09-23T14:11:18.311365+00:00
MUN_IPP_ADDITIONAL_RATE,be:mun:24038,2024,2026-09-23T14:11:18.311365+00:00,7.7,final,2024-01-01,2024-12-31,1,2026-09-23T14:11:18.311365+00:00
MUN_IPP_ADDITIONAL_RATE,be:mun:24038,2025,2026-09-23T14:11:18.311365+00:00,7.7,final,2025-01-01,2025-12-31,1,2026-09-23T14:11:18.311365+00:00
MUN_IPP_ADDITIONAL_RATE,be:mun:24038,2026,2026-09-23T14:11:18.311365+00:00,7.7,final,2026-01-01,2026-12-31,1,2026-09-23T14:11:18.311365+00:00
MUN_IPP_ADDITIONAL_RATE,be:mun:24041,2024,2026-09-23T14:11:18.311365+00:00,7.5,final,2024-01-01,2024-12-31,1,2026-09-23T14:11:18.311365+00:00
MUN_IPP_ADDITIONAL_RATE,be:mun:24041,2025,2026-09-23T14:11:18.311365+00:00,7.5,final,2025-01-01,2025-12-31,1,2026-09-23T14:11:18.311365+00:00
MUN_IPP_ADDITIONAL_RATE,be:mun:24041,2026,2026-09-23T14:11:18.311365+00:00,8.0,final,2026-01-01,2026-12-31,1,2026-09-23T14:11:18.311365+00:00
MUN_IPP_ADDITIONAL_RATE,be:mun:24043,2024,2026-09-23T14:11:18.311365+00:00,7.0,final,2024-01-01,2024-12-31,1,2026-09-23T14:11:18.311365+00:00
MUN_IPP_ADDITIONAL_RATE,be:mun:24043,2025,2026-09-23T14:11:18.311365+00:00,7.0,final,2025-01-01,2025-12-31,1,2026-09-23T14:11:18.311365+00:00
MUN_IPP_ADDITIONAL_RATE,be:mun:24043,2026,2026-09-23T14:11:18.311365+00:00,7.0,final,2026-01-01,2026-12-31,1,2026-09-23T14:11:18.311365+00:00
MUN_IPP_ADDITIONAL_RATE,be:mun:24045,2024,2026-09-23T14:11:18.311365+00:00,8.0,final,2024-01-01,2024-12-31,1,2026-09-23T14:11:18.311365+00:00
MUN_IPP_ADDITIONAL_RATE,be:mun:24045,2025,2026-09-23T14:11:18.311365+00:00,8.0,final,2025-01-01,2025-12-31,1,2026-09-23T14:11:18.311365+00:00
MUN_IPP_ADDITIONAL_RATE,be:mun:24045,2026,2026-09-23T14:11:18.311365+00:00,8.0,final,2026-01-01,2026-12-31,1,2026-09-23T14:11:18.311365+00:00
MUN_IPP_ADDITIONAL_RATE,be:mun:24048,2024,2026-09-23T14:11:18.311365+00:00,6.5,final,2024-01-01,2024-12-31,1,2026-09-23T14:11:18.311365+00:00
MUN_IPP_ADDITIONAL_RATE,be:mun:24048,2025,2026-09-23T14:11:18.311365+00:00,6.5,final,2025-01-01,2025-12-31,1,2026-09-23T14:11:18.311365+00:00
MUN_IPP_ADDITIONAL_RATE,be:mun:24048,2026,2026-09-23T14:11:18.311365+00:00,6.5,final,2026-01-01,2026-12-31,1,2026-09-23T14:11:18.311365+00:00
MUN_IPP_ADDITIONAL_RATE,be:mun:24054,2024,2026-09-23T14:11:18.311365+00:00,7.8,final,2024-01-01,2024-12-31,1,2026-09-23T14:11:18.311365+00:00
MUN_IPP_ADDITIONAL_RATE,be:mun:24054,2025,2026-09-23T14:11:18.311365+00:00,7.8,final,2025-01-01,2025-12-31,1,2026-09-23T14:11:18.311365+00:00
MUN_IPP_ADDITIONAL_RATE,be:mun:24054,2026,2026-09-23T14:11:18.311365+00:00,7.8,final,2026-01-01,2026-12-31,1,2026-09-23T14:11:18.311365+00:00
MUN_IPP_ADDITIONAL_RATE,be:mun:24055,2024,2026-09-23T14:11:18.311365+00:00,7.9,final,2024-01-01,2024-12-31,1,2026-09-23T14:11:18.311365+00:00
MUN_IPP_ADDITIONAL_RATE,be:mun:24055,2025,2026-09-23T14:11:18.311365+00:00,7.9,final,2025-01-01,2025-12-31,1,2026-09-23T14:11:18.311365+00:00
MUN_IPP_ADDITIONAL_RATE,be:mun:24055,2026,2026-09-23T14:11:18.311365+00:00,7.9,final,2026-01-01,2026-12-31,1,2026-09-23T14:11:18.311365+00:00
MUN_IPP_ADDITIONAL_RATE,be:mun:24059,2024,2026-09-23T14:11:18.311365+00:00,7.9,final,2024-01-01,2024-12-31,1,2026-09-23T14:11:18.311365+00:00
MUN_IPP_ADDITIONAL_RATE,be:mun:24059,2025,2026-09-23T14:11:18.311365+00:00,7.9,final,2025-01-01,2025-12-31,1,2026-09-23T14:11:18.311365+00:00
MUN_IPP_ADDITIONAL_RATE,be:mun:24059,2026,2026-09-23T14:11:18.311365+00:00,7.9,final,2026-01-01,2026-12-31,1,2026-09-23T14:11:18.311365+00:00
MUN_IPP_ADDITIONAL_RATE,be:mun:24062,2024,2026-09-23T14:11:18.311365+00:00,6.7,final,2024-01-01,2024-12-31,1,2026-09-23T14:11:18.311365+00:00
MUN_IPP_ADDITIONAL_RATE,be:mun:24062,2025,2026-09-23T14:11:18.311365+00:00,6.7,final,2025-01-01,2025-12-31,1,2026-09-23T14:11:18.311365+00:00
MUN_IPP_ADDITIONAL_RATE,be:mun:24062,2026,2026-09-23T14:11:18.311365+00:00,6.7,final,2026-01-01,2026-12-31,1,2026-09-23T14:11:18.311365+00:00
MUN_IPP_ADDITIONAL_RATE,be:mun:24066,2024,2026-09-23T14:11:18.311365+00:00,7.5,final,2024-01-01,2024-12-31,1,2026-09-23T14:11:18.311365+00:00
MUN_IPP_ADDITIONAL_RATE,be:mun:24066,2025,2026-09-23T14:11:18.311365+00:00,7.5,final,2025-01-01,2025-12-31,1,2026-09-23T14:11:18.311365+00:00
MUN_IPP_ADDITIONAL_RATE,be:mun:24066,2026,2026-09-23T14:11:18.311365+00:00,7.5,final,2026-01-01,2026-12-31,1,2026-09-23T14:11:18.311365+00:00
MUN_IPP_ADDITIONAL_RATE,be:mun:24086,2024,2026-09-23T14:11:18.311365+00:00,6.5,final,2024-01-01,2024-12-31,1,2026-09-23T14:11:18.311365+00:00
MUN_IPP_ADDITIONAL_RATE,be:mun:24086,2025,2026-09-23T14:11:18.311365+00:00,6.5,final,2025-01-01,2025-12-31,1,2026-09-23T14:11:18.311365+00:00
MUN_IPP_ADDITIONAL_RATE,be:mun:24086,2026,2026-09-23T14:11:18.311365+00:00,6.5,final,2026-01-01,2026-12-31,1,2026-09-23T14:11:18.311365+00:00
MUN_IPP_ADDITIONAL_RATE,be:mun:24094,2024,2026-09-23T14:11:18.311365+00:00,6.5,final,2024-01-01,2024-12-31,1,2026-09-23T14:11:18.311365+00:00
MUN_IPP_ADDITIONAL_RATE,be:mun:24094,2025,2026-09-23T14:11:18.311365+00:00,6.5,final,2025-01-01,2025-12-31,1,2026-09-23T14:11:18.311365+00:00
MUN_IPP_ADDITIONAL_RATE,be:mun:24094,2026,2026-09-23T14:11:18.311365+00:00,6.8,final,2026-01-01,2026-12-31,1,2026-09-23T14:11:18.311365+00:00
MUN_IPP_ADDITIONAL_RATE,be:mun:24104,2024,2026-09-23T14:11:18.311365+00:00,6.7,final,2024-01-01,2024-12-31,1,2026-09-23T14:11:18.311365+00:00
MUN_IPP_ADDITIONAL_RATE,be:mun:24104,2025,2026-09-23T14:11:18.311365+00:00,6.7,final,2025-01-01,2025-12-31,1,2026-09-23T14:11:18.311365+00:00
MUN_IPP_ADDITIONAL_RATE,be:mun:24104,2026,2026-09-23T14:11:18.311365+00:00,6.7,final,2026-01-01,2026-12-31,1,2026-09-23T14:11:18.311365+00:00
MUN_IPP_ADDITIONAL_RATE,be:mun:24107,2024,2026-09-23T14:11:18.311365+00:00,7.6,final,2024-01-01,2024-12-31,1,2026-09-23T14:11:18.311365+00:00
MUN_IPP_ADDITIONAL_RATE,be:mun:24107,2025,2026-09-23T14:11:18.311365+00:00,7.6,final,2025-01-01,2025-12-31,1,2026-09-23T14:11:18.311365+00:00
MUN_IPP_ADDITIONAL_RATE,be:mun:24107,2026,2026-09-23T14:11:18.311365+00:00,8.6,final,2026-01-01,2026-12-31,1,2026-09-23T14:11:18.311365+00:00
MUN_IPP_ADDITIONAL_RATE,be:mun:24109,2024,2026-09-23T14:11:18.311365+00:00,7.0,final,2024-01-01,2024-12-31,1,2026-09-23T14:11:18.311365+00:00
MUN_IPP_ADDITIONAL_RATE,be:mun:24109,2025,2026-09-23T14:11:18.311365+00:00,7.0,final,2025-01-01,2025-12-31,1,2026-09-23T14:11:18.311365+00:00
MUN_IPP_ADDITIONAL_RATE,be:mun:24109,2026,2026-09-23T14:11:18.311365+00:00,7.0,final,2026-01-01,2026-12-31,1,2026-09-23T14:11:18.311365+00:00
MUN_IPP_ADDITIONAL_RATE,be:mun:24130,2024,2026-09-23T14:11:18.311365+00:00,8.3,final,2024-01-01,2024-12-31,1,2026-09-23T14:11:18.311365+00:00
MUN_IPP_ADDITIONAL_RATE,be:mun:24130,2025,2026-09-23T14:11:18.311365+00:00,8.3,final,2025-01-01,2025-12-31,1,2026-09-23T14:11:18.311365+00:00
MUN_IPP_ADDITIONAL_RATE,be:mun:24130,2026,2026-09-23T14:11:18.311365+00:00,8.3,final,2026-01-01,2026-12-31,1,2026-09-23T14:11:18.311365+00:00
MUN_IPP_ADDITIONAL_RATE,be:mun:24133,2024,2026-09-23T14:11:18.311365+00:00,8.0,final,2024-01-01,2024-12-31,1,2026-09-23T14:11:18.311365+00:00
MUN_IPP_ADDITIONAL_RATE,be:mun:24133,2025,2026-09-23T14:11:18.311365+00:00,8.0,final,2025-01-01,2025-12-31,1,2026-09-23T14:11:18.311365+00:00
MUN_IPP_ADDITIONAL_RATE,be:mun:24133,2026,2026-09-23T14:11:18.311365+00:00,8.0,final,2026-01-01,2026-12-31,1,2026-09-23T14:11:18.311365+00:00
MUN_IPP_ADDITIONAL_RATE,be:mun:24134,2024,2026-09-23T14:11:18.311365+00:00,8.0,final,2024-01-01,2024-12-31,1,2026-09-23T14:11:18.311365+00:00
MUN_IPP_ADDITIONAL_RATE,be:mun:24134,2025,2026-09-23T14:11:18.311365+00:00,8.0,final,2025-01-01,2025-12-31,1,2026-09-23T14:11:18.311365+00:00
MUN_IPP_ADDITIONAL_RATE,be:mun:24134,2026,2026-09-23T14:11:18.311365+00:00,8.0,final,2026-01-01,2026-12-31,1,2026-09-23T14:11:18.311365+00:00
MUN_IPP_ADDITIONAL_RATE,be:mun:24135,2024,2026-09-23T14:11:18.311365+00:00,7.9,final,2024-01-01,2024-12-31,1,2026-09-23T14:11:18.311365+00:00
MUN_IPP_ADDITIONAL_RATE,be:mun:24135,2025,2026-09-23T14:11:18.311365+00:00,7.9,final,2025-01-01,2025-12-31,1,2026-09-23T14:11:18.311365+00:00
MUN_IPP_ADDITIONAL_RATE,be:mun:24135,2026,2026-09-23T14:11:18.311365+00:00,7.9,final,2026-01-01,2026-12-31,1,2026-09-23T14:11:18.311365+00:00
MUN_IPP_ADDITIONAL_RATE,be:mun:24137,2024,2026-09-23T14:11:18.311365+00:00,8.0,final,2024-01-01,2024-12-31,1,2026-09-23T14:11:18.311365+00:00
MUN_IPP_ADDITIONAL_RATE,be:mun:24137,2025,2026-09-23T14:11:18.311365+00:00,8.0,final,2025-01-01,2025-12-31,1,2026-09-23T14:11:18.311365+00:00
MUN_IPP_ADDITIONAL_RATE,be:mun:24137,2026,2026-09-23T14:11:18.311365+00:00,7.8,final,2026-01-01,2026-12-31,1,2026-09-23T14:11:18.311365+00:00
MUN_IPP_ADDITIONAL_RATE,be:mun:25005,2024,2026-09-23T14:11:18.311365+00:00,7.0,final,2024-01-01,2024-12-31,1,2026-09-23T14:11:18.311365+00:00
MUN_IPP_ADDITIONAL_RATE,be:mun:25005,2025,2026-09-23T14:11:18.311365+00:00,7.0,final,2025-01-01,2025-12-31,1,2026-09-23T14:11:18.311365+00:00
MUN_IPP_ADDITIONAL_RATE,be:mun:25005,2026,2026-09-23T14:11:18.311365+00:00,7.0,final,2026-01-01,2026-12-31,1,2026-09-23T14:11:18.311365+00:00
MUN_IPP_ADDITIONAL_RATE,be:mun:25014,2024,2026-09-23T14:11:18.311365+00:00,5.5,final,2024-01-01,2024-12-31,1,2026-09-23T14:11:18.311365+00:00
MUN_IPP_ADDITIONAL_RATE,be:mun:25014,2025,2026-09-23T14:11:18.311365+00:00,5.5,final,2025-01-01,2025-12-31,1,2026-09-23T14:11:18.311365+00:00
MUN_IPP_ADDITIONAL_RATE,be:mun:25014,2026,2026-09-23T14:11:18.311365+00:00,5.5,final,2026-01-01,2026-12-31,1,2026-09-23T14:11:18.311365+00:00
MUN_IPP_ADDITIONAL_RATE,be:mun:25015,2024,2026-09-23T14:11:18.311365+00:00,8.0,final,2024-01-01,2024-12-31,1,2026-09-23T14:11:18.311365+00:00
MUN_IPP_ADDITIONAL_RATE,be:mun:25015,2025,2026-09-23T14:11:18.311365+00:00,8.0,final,2025-01-01,2025-12-31,1,2026-09-23T14:11:18.311365+00:00
MUN_IPP_ADDITIONAL_RATE,be:mun:25015,2026,2026-09-23T14:11:18.311365+00:00,8.0,final,2026-01-01,2026-12-31,1,2026-09-23T14:11:18.311365+00:00
MUN_IPP_ADDITIONAL_RATE,be:mun:25018,2024,2026-09-23T14:11:18.311365+00:00,8.0,final,2024-01-01,2024-12-31,1,2026-09-23T14:11:18.311365+00:00
MUN_IPP_ADDITIONAL_RATE,be:mun:25018,2025,2026-09-23T14:11:18.311365+00:00,8.0,final,2025-01-01,2025-12-31,1,2026-09-23T14:11:18.311365+00:00
MUN_IPP_ADDITIONAL_RATE,be:mun:25018,2026,2026-09-23T14:11:18.311365+00:00,8.0,final,2026-01-01,2026-12-31,1,2026-09-23T14:11:18.311365+00:00
MUN_IPP_ADDITIONAL_RATE,be:mun:25023,2024,2026-09-23T14:11:18.311365+00:00,8.0,final,2024-01-01,2024-12-31,1,2026-09-23T14:11:18.311365+00:00
MUN_IPP_ADDITIONAL_RATE,be:mun:25023,2025,2026-09-23T14:11:18.311365+00:00,8.0,final,2025-01-01,2025-12-31,1,2026-09-23T14:11:18.311365+00:00
MUN_IPP_ADDITIONAL_RATE,be:mun:25023,2026,2026-09-23T14:11:18.311365+00:00,8.0,final,2026-01-01,2026-12-31,1,2026-09-23T14:11:18.311365+00:00
MUN_IPP_ADDITIONAL_RATE,be:mun:25031,2024,2026-09-23T14:11:18.311365+00:00,7.5,final,2024-01-01,2024-12-31,1,2026-09-23T14:11:18.311365+00:00
MUN_IPP_ADDITIONAL_RATE,be:mun:25031,2025,2026-09-23T14:11:18.311365+00:00,7.5,final,2025-01-01,2025-12-31,1,2026-09-23T14:11:18.311365+00:00
MUN_IPP_ADDITIONAL_RATE,be:mun:25031,2026,2026-09-23T14:11:18.311365+00:00,8.0,final,2026-01-01,2026-12-31,1,2026-09-23T14:11:18.311365+00:00
MUN_IPP_ADDITIONAL_RATE,be:mun:25037,2024,2026-09-23T14:11:18.311365+00:00,6.9,final,2024-01-01,2024-12-31,1,2026-09-23T14:11:18.311365+00:00
MUN_IPP_ADDITIONAL_RATE,be:mun:25037,2025,2026-09-23T14:11:18.311365+00:00,6.9,final,2025-01-01,2025-12-31,1,2026-09-23T14:11:18.311365+00:00
MUN_IPP_ADDITIONAL_RATE,be:mun:25037,2026,2026-09-23T14:11:18.311365+00:00,6.9,final,2026-01-01,2026-12-31,1,2026-09-23T14:11:18.311365+00:00
MUN_IPP_ADDITIONAL_RATE,be:mun:25043,2024,2026-09-23T14:11:18.311365+00:00,7.0,final,2024-01-01,2024-12-31,1,2026-09-23T14:11:18.311365+00:00
MUN_IPP_ADDITIONAL_RATE,be:mun:25043,2025,2026-09-23T14:11:18.311365+00:00,7.0,final,2025-01-01,2025-12-31,1,2026-09-23T14:11:18.311365+00:00
MUN_IPP_ADDITIONAL_RATE,be:mun:25043,2026,2026-09-23T14:11:18.311365+00:00,8.0,final,2026-01-01,2026-12-31,1,2026-09-23T14:11:18.311365+00:00
MUN_IPP_ADDITIONAL_RATE,be:mun:25044,2024,2026-09-23T14:11:18.311365+00:00,7.9,final,2024-01-01,2024-12-31,1,2026-09-23T14:11:18.311365+00:00
MUN_IPP_ADDITIONAL_RATE,be:mun:25044,2025,2026-09-23T14:11:18.311365+00:00,7.9,final,2025-01-01,2025-12-31,1,2026-09-23T14:11:18.311365+00:00
MUN_IPP_ADDITIONAL_RATE,be:mun:25044,2026,2026-09-23T14:11:18.311365+00:00,7.9,final,2026-01-01,2026-12-31,1,2026-09-23T14:11:18.311365+00:00
MUN_IPP_ADDITIONAL_RATE,be:mun:25048,2024,2026-09-23T14:11:18.311365+00:00,8.0,final,2024-01-01,2024-12-31,1,2026-09-23T14:11:18.311365+00:00
MUN_IPP_ADDITIONAL_RATE,be:mun:25048,2025,2026-09-23T14:11:18.311365+00:00,8.8,final,2025-01-01,2025-12-31,1,2026-09-23T14:11:18.311365+00:00
MUN_IPP_ADDITIONAL_RATE,be:mun:25048,2026,2026-09-23T14:11:18.311365+00:00,8.8,final,2026-01-01,2026-12-31,1,2026-09-23T14:11:18.311365+00:00
MUN_IPP_ADDITIONAL_RATE,be:mun:25050,2024,2026-09-23T14:11:18.311365+00:00,6.3,final,2024-01-01,2024-12-31,1,2026-09-23T14:11:18.311365+00:00
MUN_IPP_ADDITIONAL_RATE,be:mun:25050,2025,2026-09-23T14:11:18.311365+00:00,6.6,final,2025-01-01,2025-12-31,1,2026-09-23T14:11:18.311365+00:00
MUN_IPP_ADDITIONAL_RATE,be:mun:25050,2026,2026-09-23T14:11:18.311365+00:00,6.6,final,2026-01-01,2026-12-31,1,2026-09-23T14:11:18.311365+00:00
MUN_IPP_ADDITIONAL_RATE,be:mun:25068,2024,2026-09-23T14:11:18.311365+00:00,7.5,final,2024-01-01,2024-12-31,1,2026-09-23T14:11:18.311365+00:00
MUN_IPP_ADDITIONAL_RATE,be:mun:25068,2025,2026-09-23T14:11:18.311365+00:00,7.5,final,2025-01-01,2025-12-31,1,2026-09-23T14:11:18.311365+00:00
MUN_IPP_ADDITIONAL_RATE,be:mun:25068,2026,2026-09-23T14:11:18.311365+00:00,7.5,final,2026-01-01,2026-12-31,1,2026-09-23T14:11:18.311365+00:00
MUN_IPP_ADDITIONAL_RATE,be:mun:25072,2024,2026-09-23T14:11:18.311365+00:00,7.0,final,2024-01-01,2024-12-31,1,2026-09-23T14:11:18.311365+00:00
MUN_IPP_ADDITIONAL_RATE,be:mun:25072,2025,2026-09-23T14:11:18.311365+00:00,7.0,final,2025-01-01,2025-12-31,1,2026-09-23T14:11:18.311365+00:00
MUN_IPP_ADDITIONAL_RATE,be:mun:25072,2026,2026-09-23T14:11:18.311365+00:00,7.0,final,2026-01-01,2026-12-31,1,2026-09-23T14:11:18.311365+00:00
MUN_IPP_ADDITIONAL_RATE,be:mun:25084,2024,2026-09-23T14:11:18.311365+00:00,7.5,final,2024-01-01,2024-12-31,1,2026-09-23T14:11:18.311365+00:00
MUN_IPP_ADDITIONAL_RATE,be:mun:25084,2025,2026-09-23T14:11:18.311365+00:00,7.5,final,2025-01-01,2025-12-31,1,2026-09-23T14:11:18.311365+00:00
MUN_IPP_ADDITIONAL_RATE,be:mun:25084,2026,2026-09-23T14:11:18.311365+00:00,7.5,final,2026-01-01,2026-12-31,1,2026-09-23T14:11:18.311365+00:00
MUN_IPP_ADDITIONAL_RATE,be:mun:25091,2024,2026-09-23T14:11:18.311365+00:00,6.6,final,2024-01-01,2024-12-31,1,2026-09-23T14:11:18.311365+00:00
MUN_IPP_ADDITIONAL_RATE,be:mun:25091,2025,2026-09-23T14:11:18.311365+00:00,6.6,final,2025-01-01,2025-12-31,1,2026-09-23T14:11:18.311365+00:00
MUN_IPP_ADDITIONAL_RATE,be:mun:25091,2026,2026-09-23T14:11:18.311365+00:00,6.6,final,2026-01-01,2026-12-31,1,2026-09-23T14:11:18.311365+00:00
MUN_IPP_ADDITIONAL_RATE,be:mun:25105,2024,2026-09-23T14:11:18.311365+00:00,8.0,final,2024-01-01,2024-12-31,1,2026-09-23T14:11:18.311365+00:00
MUN_IPP_ADDITIONAL_RATE,be:mun:25105,2025,2026-09-23T14:11:18.311365+00:00,8.0,final,2025-01-01,2025-12-31,1,2026-09-23T14:11:18.311365+00:00
MUN_IPP_ADDITIONAL_RATE,be:mun:25105,2026,2026-09-23T14:11:18.311365+00:00,8.0,final,2026-01-01,2026-12-31,1,2026-09-23T14:11:18.311365+00:00
MUN_IPP_ADDITIONAL_RATE,be:mun:25107,2024,2026-09-23T14:11:18.311365+00:00,8.0,final,2024-01-01,2024-12-31,1,2026-09-23T14:11:18.311365+00:00
MUN_IPP_ADDITIONAL_RATE,be:mun:25107,2025,2026-09-23T14:11:18.311365+00:00,8.0,final,2025-01-01,2025-12-31,1,2026-09-23T14:11:18.311365+00:00
MUN_IPP_ADDITIONAL_RATE,be:mun:25107,2026,2026-09-23T14:11:18.311365+00:00,8.0,final,2026-01-01,2026-12-31,1,2026-09-23T14:11:18.311365+00:00
MUN_IPP_ADDITIONAL_RATE,be:mun:25110,2024,2026-09-23T14:11:18.311365+00:00,5.7,final,2024-01-01,2024-12-31,1,2026-09-23T14:11:18.311365+00:00
MUN_IPP_ADDITIONAL_RATE,be:mun:25110,2025,2026-09-23T14:11:18.311365+00:00,5.7,final,2025-01-01,2025-12-31,1,2026-09-23T14:11:18.311365+00:00
MUN_IPP_ADDITIONAL_RATE,be:mun:25110,2026,2026-09-23T14:11:18.311365+00:00,5.7,final,2026-01-01,2026-12-31,1,2026-09-23T14:11:18.311365+00:00
MUN_IPP_ADDITIONAL_RATE,be:mun:25112,2024,2026-09-23T14:11:18.311365+00:00,6.8,final,2024-01-01,2024-12-31,1,2026-09-23T14:11:18.311365+00:00
MUN_IPP_ADDITIONAL_RATE,be:mun:25112,2025,2026-09-23T14:11:18.311365+00:00,6.8,final,2025-01-01,2025-12-31,1,2026-09-23T14:11:18.311365+00:00
MUN_IPP_ADDITIONAL_RATE,be:mun:25112,2026,2026-09-23T14:11:18.311365+00:00,7.3,final,2026-01-01,2026-12-31,1,2026-09-23T14:11:18.311365+00:00
MUN_IPP_ADDITIONAL_RATE,be:mun:25117,2024,2026-09-23T14:11:18.311365+00:00,8.0,final,2024-01-01,2024-12-31,1,2026-09-23T14:11:18.311365+00:00
MUN_IPP_ADDITIONAL_RATE,be:mun:25117,2025,2026-09-23T14:11:18.311365+00:00,8.0,final,2025-01-01,2025-12-31,1,2026-09-23T14:11:18.311365+00:00
MUN_IPP_ADDITIONAL_RATE,be:mun:25117,2026,2026-09-23T14:11:18.311365+00:00,8.0,final,2026-01-01,2026-12-31,1,2026-09-23T14:11:18.311365+00:00
MUN_IPP_ADDITIONAL_RATE,be:mun:25118,2024,2026-09-23T14:11:18.311365+00:00,8.8,final,2024-01-01,2024-12-31,1,2026-09-23T14:11:18.311365+00:00
MUN_IPP_ADDITIONAL_RATE,be:mun:25118,2025,2026-09-23T14:11:18.311365+00:00,8.8,final,2025-01-01,2025-12-31,1,2026-09-23T14:11:18.311365+00:00
MUN_IPP_ADDITIONAL_RATE,be:mun:25118,2026,2026-09-23T14:11:18.311365+00:00,8.8,final,2026-01-01,2026-12-31,1,2026-09-23T14:11:18.311365+00:00
MUN_IPP_ADDITIONAL_RATE,be:mun:25119,2024,2026-09-23T14:11:18.311365+00:00,5.8,final,2024-01-01,2024-12-31,1,2026-09-23T14:11:18.311365+00:00
MUN_IPP_ADDITIONAL_RATE,be:mun:25119,2025,2026-09-23T14:11:18.311365+00:00,5.8,final,2025-01-01,2025-12-31,1,2026-09-23T14:11:18.311365+00:00
MUN_IPP_ADDITIONAL_RATE,be:mun:25119,2026,2026-09-23T14:11:18.311365+00:00,5.8,final,2026-01-01,2026-12-31,1,2026-09-23T14:11:18.311365+00:00
MUN_IPP_ADDITIONAL_RATE,be:mun:25120,2024,2026-09-23T14:11:18.311365+00:00,8.0,final,2024-01-01,2024-12-31,1,2026-09-23T14:11:18.311365+00:00
MUN_IPP_ADDITIONAL_RATE,be:mun:25120,2025,2026-09-23T14:11:18.311365+00:00,8.0,final,2025-01-01,2025-12-31,1,2026-09-23T14:11:18.311365+00:00
MUN_IPP_ADDITIONAL_RATE,be:mun:25120,2026,2026-09-23T14:11:18.311365+00:00,8.0,final,2026-01-01,2026-12-31,1,2026-09-23T14:11:18.311365+00:00
MUN_IPP_ADDITIONAL_RATE,be:mun:25121,2024,2026-09-23T14:11:18.311365+00:00,7.7,final,2024-01-01,2024-12-31,1,2026-09-23T14:11:18.311365+00:00
MUN_IPP_ADDITIONAL_RATE,be:mun:25121,2025,2026-09-23T14:11:18.311365+00:00,7.7,final,2025-01-01,2025-12-31,1,2026-09-23T14:11:18.311365+00:00
MUN_IPP_ADDITIONAL_RATE,be:mun:25121,2026,2026-09-23T14:11:18.311365+00:00,7.7,final,2026-01-01,2026-12-31,1,2026-09-23T14:11:18.311365+00:00
MUN_IPP_ADDITIONAL_RATE,be:mun:25122,2024,2026-09-23T14:11:18.311365+00:00,7.5,final,2024-01-01,2024-12-31,1,2026-09-23T14:11:18.311365+00:00
MUN_IPP_ADDITIONAL_RATE,be:mun:25122,2025,2026-09-23T14:11:18.311365+00:00,7.5,final,2025-01-01,2025-12-31,1,2026-09-23T14:11:18.311365+00:00
MUN_IPP_ADDITIONAL_RATE,be:mun:25122,2026,2026-09-23T14:11:18.311365+00:00,8.3,final,2026-01-01,2026-12-31,1,2026-09-23T14:11:18.311365+00:00
MUN_IPP_ADDITIONAL_RATE,be:mun:25123,2024,2026-09-23T14:11:18.311365+00:00,8.5,final,2024-01-01,2024-12-31,1,2026-09-23T14:11:18.311365+00:00
MUN_IPP_ADDITIONAL_RATE,be:mun:25123,2025,2026-09-23T14:11:18.311365+00:00,8.5,final,2025-01-01,2025-12-31,1,2026-09-23T14:11:18.311365+00:00
MUN_IPP_ADDITIONAL_RATE,be:mun:25123,2026,2026-09-23T14:11:18.311365+00:00,8.5,final,2026-01-01,2026-12-31,1,2026-09-23T14:11:18.311365+00:00
MUN_IPP_ADDITIONAL_RATE,be:mun:25124,2024,2026-09-23T14:11:18.311365+00:00,8.5,final,2024-01-01,2024-12-31,1,2026-09-23T14:11:18.311365+00:00
MUN_IPP_ADDITIONAL_RATE,be:mun:25124,2025,2026-09-23T14:11:18.311365+00:00,8.4,final,2025-01-01,2025-12-31,1,2026-09-23T14:11:18.311365+00:00
MUN_IPP_ADDITIONAL_RATE,be:mun:25124,2026,2026-09-23T14:11:18.311365+00:00,8.4,final,2026-01-01,2026-12-31,1,2026-09-23T14:11:18.311365+00:00
MUN_IPP_ADDITIONAL_RATE,be:mun:31003,2024,2026-09-23T14:11:18.311365+00:00,7.8,final,2024-01-01,2024-12-31,1,2026-09-23T14:11:18.311365+00:00
MUN_IPP_ADDITIONAL_RATE,be:mun:31003,2025,2026-09-23T14:11:18.311365+00:00,7.8,final,2025-01-01,2025-12-31,1,2026-09-23T14:11:18.311365+00:00
MUN_IPP_ADDITIONAL_RATE,be:mun:31003,2026,2026-09-23T14:11:18.311365+00:00,7.8,final,2026-01-01,2026-12-31,1,2026-09-23T14:11:18.311365+00:00
MUN_IPP_ADDITIONAL_RATE,be:mun:31004,2024,2026-09-23T14:11:18.311365+00:00,6.0,final,2024-01-01,2024-12-31,1,2026-09-23T14:11:18.311365+00:00
MUN_IPP_ADDITIONAL_RATE,be:mun:31004,2025,2026-09-23T14:11:18.311365+00:00,6.0,final,2025-01-01,2025-12-31,1,2026-09-23T14:11:18.311365+00:00
MUN_IPP_ADDITIONAL_RATE,be:mun:31004,2026,2026-09-23T14:11:18.311365+00:00,6.0,final,2026-01-01,2026-12-31,1,2026-09-23T14:11:18.311365+00:00
MUN_IPP_ADDITIONAL_RATE,be:mun:31005,2024,2026-09-23T14:11:18.311365+00:00,6.9,final,2024-01-01,2024-12-31,1,2026-09-23T14:11:18.311365+00:00
MUN_IPP_ADDITIONAL_RATE,be:mun:31005,2025,2026-09-23T14:11:18.311365+00:00,6.9,final,2025-01-01,2025-12-31,1,2026-09-23T14:11:18.311365+00:00
MUN_IPP_ADDITIONAL_RATE,be:mun:31005,2026,2026-09-23T14:11:18.311365+00:00,6.9,final,2026-01-01,2026-12-31,1,2026-09-23T14:11:18.311365+00:00
MUN_IPP_ADDITIONAL_RATE,be:mun:31006,2024,2026-09-23T14:11:18.311365+00:00,8.0,final,2024-01-01,2024-12-31,1,2026-09-23T14:11:18.311365+00:00
MUN_IPP_ADDITIONAL_RATE,be:mun:31006,2025,2026-09-23T14:11:18.311365+00:00,8.0,final,2025-01-01,2025-12-31,1,2026-09-23T14:11:18.311365+00:00
MUN_IPP_ADDITIONAL_RATE,be:mun:31006,2026,2026-09-23T14:11:18.311365+00:00,8.0,final,2026-01-01,2026-12-31,1,2026-09-23T14:11:18.311365+00:00
MUN_IPP_ADDITIONAL_RATE,be:mun:31012,2024,2026-09-23T14:11:18.311365+00:00,7.7,final,2024-01-01,2024-12-31,1,2026-09-23T14:11:18.311365+00:00
MUN_IPP_ADDITIONAL_RATE,be:mun:31012,2025,2026-09-23T14:11:18.311365+00:00,7.7,final,2025-01-01,2025-12-31,1,2026-09-23T14:11:18.311365+00:00
MUN_IPP_ADDITIONAL_RATE,be:mun:31012,2026,2026-09-23T14:11:18.311365+00:00,7.7,final,2026-01-01,2026-12-31,1,2026-09-23T14:11:18.311365+00:00
MUN_IPP_ADDITIONAL_RATE,be:mun:31022,2024,2026-09-23T14:11:18.311365+00:00,8.0,final,2024-01-01,2024-12-31,1,2026-09-23T14:11:18.311365+00:00
MUN_IPP_ADDITIONAL_RATE,be:mun:31022,2025,2026-09-23T14:11:18.311365+00:00,8.0,final,2025-01-01,2025-12-31,1,2026-09-23T14:11:18.311365+00:00
MUN_IPP_ADDITIONAL_RATE,be:mun:31022,2026,2026-09-23T14:11:18.311365+00:00,8.0,final,2026-01-01,2026-12-31,1,2026-09-23T14:11:18.311365+00:00
MUN_IPP_ADDITIONAL_RATE,be:mun:31033,2024,2026-09-23T14:11:18.311365+00:00,8.0,final,2024-01-01,2024-12-31,1,2026-09-23T14:11:18.311365+00:00
MUN_IPP_ADDITIONAL_RATE,be:mun:31033,2025,2026-09-23T14:11:18.311365+00:00,8.0,final,2025-01-01,2025-12-31,1,2026-09-23T14:11:18.311365+00:00
MUN_IPP_ADDITIONAL_RATE,be:mun:31033,2026,2026-09-23T14:11:18.311365+00:00,8.0,final,2026-01-01,2026-12-31,1,2026-09-23T14:11:18.311365+00:00
MUN_IPP_ADDITIONAL_RATE,be:mun:31040,2024,2026-09-23T14:11:18.311365+00:00,8.0,final,2024-01-01,2024-12-31,1,2026-09-23T14:11:18.311365+00:00
MUN_IPP_ADDITIONAL_RATE,be:mun:31040,2025,2026-09-23T14:11:18.311365+00:00,8.0,final,2025-01-01,2025-12-31,1,2026-09-23T14:11:18.311365+00:00
MUN_IPP_ADDITIONAL_RATE,be:mun:31040,2026,2026-09-23T14:11:18.311365+00:00,8.0,final,2026-01-01,2026-12-31,1,2026-09-23T14:11:18.311365+00:00
MUN_IPP_ADDITIONAL_RATE,be:mun:31042,2024,2026-09-23T14:11:18.311365+00:00,7.0,final,2024-01-01,2024-12-31,1,2026-09-23T14:11:18.311365+00:00
MUN_IPP_ADDITIONAL_RATE,be:mun:31042,2025,2026-09-23T14:11:18.311365+00:00,7.0,final,2025-01-01,2025-12-31,1,2026-09-23T14:11:18.311365+00:00
MUN_IPP_ADDITIONAL_RATE,be:mun:31042,2026,2026-09-23T14:11:18.311365+00:00,7.0,final,2026-01-01,2026-12-31,1,2026-09-23T14:11:18.311365+00:00
MUN_IPP_ADDITIONAL_RATE,be:mun:31043,2024,2026-09-23T14:11:18.311365+00:00,0.0,final,2024-01-01,2024-12-31,1,2026-09-23T14:11:18.311365+00:00
MUN_IPP_ADDITIONAL_RATE,be:mun:31043,2025,2026-09-23T14:11:18.311365+00:00,0.0,final,2025-01-01,2025-12-31,1,2026-09-23T14:11:18.311365+00:00
MUN_IPP_ADDITIONAL_RATE,be:mun:31043,2026,2026-09-23T14:11:18.311365+00:00,0.0,final,2026-01-01,2026-12-31,1,2026-09-23T14:11:18.311365+00:00
MUN_IPP_ADDITIONAL_RATE,be:mun:32003,2024,2026-09-23T14:11:18.311365+00:00,8.0,final,2024-01-01,2024-12-31,1,2026-09-23T14:11:18.311365+00:00
MUN_IPP_ADDITIONAL_RATE,be:mun:32003,2025,2026-09-23T14:11:18.311365+00:00,8.0,final,2025-01-01,2025-12-31,1,2026-09-23T14:11:18.311365+00:00
MUN_IPP_ADDITIONAL_RATE,be:mun:32003,2026,2026-09-23T14:11:18.311365+00:00,8.0,final,2026-01-01,2026-12-31,1,2026-09-23T14:11:18.311365+00:00
MUN_IPP_ADDITIONAL_RATE,be:mun:32006,2024,2026-09-23T14:11:18.311365+00:00,7.5,final,2024-01-01,2024-12-31,1,2026-09-23T14:11:18.311365+00:00
MUN_IPP_ADDITIONAL_RATE,be:mun:32006,2025,2026-09-23T14:11:18.311365+00:00,7.5,final,2025-01-01,2025-12-31,1,2026-09-23T14:11:18.311365+00:00
MUN_IPP_ADDITIONAL_RATE,be:mun:32006,2026,2026-09-23T14:11:18.311365+00:00,7.5,final,2026-01-01,2026-12-31,1,2026-09-23T14:11:18.311365+00:00
MUN_IPP_ADDITIONAL_RATE,be:mun:32010,2024,2026-09-23T14:11:18.311365+00:00,7.0,final,2024-01-01,2024-12-31,1,2026-09-23T14:11:18.311365+00:00
MUN_IPP_ADDITIONAL_RATE,be:mun:32010,2025,2026-09-23T14:11:18.311365+00:00,7.0,final,2025-01-01,2025-12-31,1,2026-09-23T14:11:18.311365+00:00
MUN_IPP_ADDITIONAL_RATE,be:mun:32010,2026,2026-09-23T14:11:18.311365+00:00,7.0,final,2026-01-01,2026-12-31,1,2026-09-23T14:11:18.311365+00:00
MUN_IPP_ADDITIONAL_RATE,be:mun:32011,2024,2026-09-23T14:11:18.311365+00:00,8.5,final,2024-01-01,2024-12-31,1,2026-09-23T14:11:18.311365+00:00
MUN_IPP_ADDITIONAL_RATE,be:mun:32011,2025,2026-09-23T14:11:18.311365+00:00,8.5,final,2025-01-01,2025-12-31,1,2026-09-23T14:11:18.311365+00:00
MUN_IPP_ADDITIONAL_RATE,be:mun:32011,2026,2026-09-23T14:11:18.311365+00:00,7.8,final,2026-01-01,2026-12-31,1,2026-09-23T14:11:18.311365+00:00
MUN_IPP_ADDITIONAL_RATE,be:mun:32030,2024,2026-09-23T14:11:18.311365+00:00,7.7,final,2024-01-01,2024-12-31,1,2026-09-23T14:11:18.311365+00:00
MUN_IPP_ADDITIONAL_RATE,be:mun:32030,2025,2026-09-23T14:11:18.311365+00:00,7.7,final,2025-01-01,2025-12-31,1,2026-09-23T14:11:18.311365+00:00
MUN_IPP_ADDITIONAL_RATE,be:mun:32030,2026,2026-09-23T14:11:18.311365+00:00,7.7,final,2026-01-01,2026-12-31,1,2026-09-23T14:11:18.311365+00:00
MUN_IPP_ADDITIONAL_RATE,be:mun:33011,2024,2026-09-23T14:11:18.311365+00:00,8.0,final,2024-01-01,2024-12-31,1,2026-09-23T14:11:18.311365+00:00
MUN_IPP_ADDITIONAL_RATE,be:mun:33011,2025,2026-09-23T14:11:18.311365+00:00,8.0,final,2025-01-01,2025-12-31,1,2026-09-23T14:11:18.311365+00:00
MUN_IPP_ADDITIONAL_RATE,be:mun:33011,2026,2026-09-23T14:11:18.311365+00:00,8.0,final,2026-01-01,2026-12-31,1,2026-09-23T14:11:18.311365+00:00
MUN_IPP_ADDITIONAL_RATE,be:mun:33016,2024,2026-09-23T14:11:18.311365+00:00,9.0,final,2024-01-01,2024-12-31,1,2026-09-23T14:11:18.311365+00:00
MUN_IPP_ADDITIONAL_RATE,be:mun:33016,2025,2026-09-23T14:11:18.311365+00:00,9.0,final,2025-01-01,2025-12-31,1,2026-09-23T14:11:18.311365+00:00
MUN_IPP_ADDITIONAL_RATE,be:mun:33016,2026,2026-09-23T14:11:18.311365+00:00,9.0,final,2026-01-01,2026-12-31,1,2026-09-23T14:11:18.311365+00:00
MUN_IPP_ADDITIONAL_RATE,be:mun:33021,2024,2026-09-23T14:11:18.311365+00:00,8.0,final,2024-01-01,2024-12-31,1,2026-09-23T14:11:18.311365+00:00
MUN_IPP_ADDITIONAL_RATE,be:mun:33021,2025,2026-09-23T14:11:18.311365+00:00,8.0,final,2025-01-01,2025-12-31,1,2026-09-23T14:11:18.311365+00:00
MUN_IPP_ADDITIONAL_RATE,be:mun:33021,2026,2026-09-23T14:11:18.311365+00:00,8.0,final,2026-01-01,2026-12-31,1,2026-09-23T14:11:18.311365+00:00
MUN_IPP_ADDITIONAL_RATE,be:mun:33029,2024,2026-09-23T14:11:18.311365+00:00,8.0,final,2024-01-01,2024-12-31,1,2026-09-23T14:11:18.311365+00:00
MUN_IPP_ADDITIONAL_RATE,be:mun:33029,2025,2026-09-23T14:11:18.311365+00:00,8.0,final,2025-01-01,2025-12-31,1,2026-09-23T14:11:18.311365+00:00
MUN_IPP_ADDITIONAL_RATE,be:mun:33029,2026,2026-09-23T14:11:18.311365+00:00,8.0,final,2026-01-01,2026-12-31,1,2026-09-23T14:11:18.311365+00:00
MUN_IPP_ADDITIONAL_RATE,be:mun:33037,2024,2026-09-23T14:11:18.311365+00:00,8.0,final,2024-01-01,2024-12-31,1,2026-09-23T14:11:18.311365+00:00
MUN_IPP_ADDITIONAL_RATE,be:mun:33037,2025,2026-09-23T14:11:18.311365+00:00,8.0,final,2025-01-01,2025-12-31,1,2026-09-23T14:11:18.311365+00:00
MUN_IPP_ADDITIONAL_RATE,be:mun:33037,2026,2026-09-23T14:11:18.311365+00:00,8.0,final,2026-01-01,2026-12-31,1,2026-09-23T14:11:18.311365+00:00
MUN_IPP_ADDITIONAL_RATE,be:mun:33039,2024,2026-09-23T14:11:18.311365+00:00,8.0,final,2024-01-01,2024-12-31,1,2026-09-23T14:11:18.311365+00:00
MUN_IPP_ADDITIONAL_RATE,be:mun:33039,2025,2026-09-23T14:11:18.311365+00:00,8.0,final,2025-01-01,2025-12-31,1,2026-09-23T14:11:18.311365+00:00
MUN_IPP_ADDITIONAL_RATE,be:mun:33039,2026,2026-09-23T14:11:18.311365+00:00,8.0,final,2026-01-01,2026-12-31,1,2026-09-23T14:11:18.311365+00:00
MUN_IPP_ADDITIONAL_RATE,be:mun:33040,2024,2026-09-23T14:11:18.311365+00:00,8.0,final,2024-01-01,2024-12-31,1,2026-09-23T14:11:18.311365+00:00
MUN_IPP_ADDITIONAL_RATE,be:mun:33040,2025,2026-09-23T14:11:18.311365+00:00,8.0,final,2025-01-01,2025-12-31,1,2026-09-23T14:11:18.311365+00:00
MUN_IPP_ADDITIONAL_RATE,be:mun:33040,2026,2026-09-23T14:11:18.311365+00:00,8.0,final,2026-01-01,2026-12-31,1,2026-09-23T14:11:18.311365+00:00
MUN_IPP_ADDITIONAL_RATE,be:mun:33041,2024,2026-09-23T14:11:18.311365+00:00,7.0,final,2024-01-01,2024-12-31,1,2026-09-23T14:11:18.311365+00:00
MUN_IPP_ADDITIONAL_RATE,be:mun:33041,2025,2026-09-23T14:11:18.311365+00:00,7.0,final,2025-01-01,2025-12-31,1,2026-09-23T14:11:18.311365+00:00
MUN_IPP_ADDITIONAL_RATE,be:mun:33041,2026,2026-09-23T14:11:18.311365+00:00,7.4,final,2026-01-01,2026-12-31,1,2026-09-23T14:11:18.311365+00:00
MUN_IPP_ADDITIONAL_RATE,be:mun:34002,2024,2026-09-23T14:11:18.311365+00:00,8.0,final,2024-01-01,2024-12-31,1,2026-09-23T14:11:18.311365+00:00
MUN_IPP_ADDITIONAL_RATE,be:mun:34002,2025,2026-09-23T14:11:18.311365+00:00,8.0,final,2025-01-01,2025-12-31,1,2026-09-23T14:11:18.311365+00:00
MUN_IPP_ADDITIONAL_RATE,be:mun:34002,2026,2026-09-23T14:11:18.311365+00:00,8.0,final,2026-01-01,2026-12-31,1,2026-09-23T14:11:18.311365+00:00
MUN_IPP_ADDITIONAL_RATE,be:mun:34003,2024,2026-09-23T14:11:18.311365+00:00,7.0,final,2024-01-01,2024-12-31,1,2026-09-23T14:11:18.311365+00:00
MUN_IPP_ADDITIONAL_RATE,be:mun:34003,2025,2026-09-23T14:11:18.311365+00:00,7.0,final,2025-01-01,2025-12-31,1,2026-09-23T14:11:18.311365+00:00
MUN_IPP_ADDITIONAL_RATE,be:mun:34003,2026,2026-09-23T14:11:18.311365+00:00,7.0,final,2026-01-01,2026-12-31,1,2026-09-23T14:11:18.311365+00:00
MUN_IPP_ADDITIONAL_RATE,be:mun:34009,2024,2026-09-23T14:11:18.311365+00:00,8.0,final,2024-01-01,2024-12-31,1,2026-09-23T14:11:18.311365+00:00
MUN_IPP_ADDITIONAL_RATE,be:mun:34009,2025,2026-09-23T14:11:18.311365+00:00,8.0,final,2025-01-01,2025-12-31,1,2026-09-23T14:11:18.311365+00:00
MUN_IPP_ADDITIONAL_RATE,be:mun:34009,2026,2026-09-23T14:11:18.311365+00:00,8.0,final,2026-01-01,2026-12-31,1,2026-09-23T14:11:18.311365+00:00
MUN_IPP_ADDITIONAL_RATE,be:mun:34013,2024,2026-09-23T14:11:18.311365+00:00,7.5,final,2024-01-01,2024-12-31,1,2026-09-23T14:11:18.311365+00:00
MUN_IPP_ADDITIONAL_RATE,be:mun:34013,2025,2026-09-23T14:11:18.311365+00:00,7.5,final,2025-01-01,2025-12-31,1,2026-09-23T14:11:18.311365+00:00
MUN_IPP_ADDITIONAL_RATE,be:mun:34013,2026,2026-09-23T14:11:18.311365+00:00,7.5,final,2026-01-01,2026-12-31,1,2026-09-23T14:11:18.311365+00:00
MUN_IPP_ADDITIONAL_RATE,be:mun:34022,2024,2026-09-23T14:11:18.311365+00:00,7.9,final,2024-01-01,2024-12-31,1,2026-09-23T14:11:18.311365+00:00
MUN_IPP_ADDITIONAL_RATE,be:mun:34022,2025,2026-09-23T14:11:18.311365+00:00,7.9,final,2025-01-01,2025-12-31,1,2026-09-23T14:11:18.311365+00:00
MUN_IPP_ADDITIONAL_RATE,be:mun:34022,2026,2026-09-23T14:11:18.311365+00:00,7.9,final,2026-01-01,2026-12-31,1,2026-09-23T14:11:18.311365+00:00
MUN_IPP_ADDITIONAL_RATE,be:mun:34023,2024,2026-09-23T14:11:18.311365+00:00,7.9,final,2024-01-01,2024-12-31,1,2026-09-23T14:11:18.311365+00:00
MUN_IPP_ADDITIONAL_RATE,be:mun:34023,2025,2026-09-23T14:11:18.311365+00:00,7.9,final,2025-01-01,2025-12-31,1,2026-09-23T14:11:18.311365+00:00
MUN_IPP_ADDITIONAL_RATE,be:mun:34023,2026,2026-09-23T14:11:18.311365+00:00,7.9,final,2026-01-01,2026-12-31,1,2026-09-23T14:11:18.311365+00:00
MUN_IPP_ADDITIONAL_RATE,be:mun:34025,2024,2026-09-23T14:11:18.311365+00:00,8.0,final,2024-01-01,2024-12-31,1,2026-09-23T14:11:18.311365+00:00
MUN_IPP_ADDITIONAL_RATE,be:mun:34025,2025,2026-09-23T14:11:18.311365+00:00,8.0,final,2025-01-01,2025-12-31,1,2026-09-23T14:11:18.311365+00:00
MUN_IPP_ADDITIONAL_RATE,be:mun:34025,2026,2026-09-23T14:11:18.311365+00:00,7.8,final,2026-01-01,2026-12-31,1,2026-09-23T14:11:18.311365+00:00
MUN_IPP_ADDITIONAL_RATE,be:mun:34027,2024,2026-09-23T14:11:18.311365+00:00,8.0,final,2024-01-01,2024-12-31,1,2026-09-23T14:11:18.311365+00:00
MUN_IPP_ADDITIONAL_RATE,be:mun:34027,2025,2026-09-23T14:11:18.311365+00:00,8.0,final,2025-01-01,2025-12-31,1,2026-09-23T14:11:18.311365+00:00
MUN_IPP_ADDITIONAL_RATE,be:mun:34027,2026,2026-09-23T14:11:18.311365+00:00,8.0,final,2026-01-01,2026-12-31,1,2026-09-23T14:11:18.311365+00:00
MUN_IPP_ADDITIONAL_RATE,be:mun:34040,2024,2026-09-23T14:11:18.311365+00:00,6.8,final,2024-01-01,2024-12-31,1,2026-09-23T14:11:18.311365+00:00
MUN_IPP_ADDITIONAL_RATE,be:mun:34040,2025,2026-09-23T14:11:18.311365+00:00,6.8,final,2025-01-01,2025-12-31,1,2026-09-23T14:11:18.311365+00:00
MUN_IPP_ADDITIONAL_RATE,be:mun:34040,2026,2026-09-23T14:11:18.311365+00:00,6.8,final,2026-01-01,2026-12-31,1,2026-09-23T14:11:18.311365+00:00
MUN_IPP_ADDITIONAL_RATE,be:mun:34041,2024,2026-09-23T14:11:18.311365+00:00,6.8,final,2024-01-01,2024-12-31,1,2026-09-23T14:11:18.311365+00:00
MUN_IPP_ADDITIONAL_RATE,be:mun:34041,2025,2026-09-23T14:11:18.311365+00:00,6.8,final,2025-01-01,2025-12-31,1,2026-09-23T14:11:18.311365+00:00
MUN_IPP_ADDITIONAL_RATE,be:mun:34041,2026,2026-09-23T14:11:18.311365+00:00,6.8,final,2026-01-01,2026-12-31,1,2026-09-23T14:11:18.311365+00:00
MUN_IPP_ADDITIONAL_RATE,be:mun:34042,2024,2026-09-23T14:11:18.311365+00:00,7.5,final,2024-01-01,2024-12-31,1,2026-09-23T14:11:18.311365+00:00
MUN_IPP_ADDITIONAL_RATE,be:mun:34042,2025,2026-09-23T14:11:18.311365+00:00,7.5,final,2025-01-01,2025-12-31,1,2026-09-23T14:11:18.311365+00:00
MUN_IPP_ADDITIONAL_RATE,be:mun:34042,2026,2026-09-23T14:11:18.311365+00:00,7.5,final,2026-01-01,2026-12-31,1,2026-09-23T14:11:18.311365+00:00
MUN_IPP_ADDITIONAL_RATE,be:mun:34043,2024,2026-09-23T14:11:18.311365+00:00,7.0,final,2024-01-01,2024-12-31,1,2026-09-23T14:11:18.311365+00:00
MUN_IPP_ADDITIONAL_RATE,be:mun:34043,2025,2026-09-23T14:11:18.311365+00:00,7.0,final,2025-01-01,2025-12-31,1,2026-09-23T14:11:18.311365+00:00
MUN_IPP_ADDITIONAL_RATE,be:mun:34043,2026,2026-09-23T14:11:18.311365+00:00,7.0,final,2026-01-01,2026-12-31,1,2026-09-23T14:11:18.311365+00:00
MUN_IPP_ADDITIONAL_RATE,be:mun:35002,2024,2026-09-23T14:11:18.311365+00:00,7.0,final,2024-01-01,2024-12-31,1,2026-09-23T14:11:18.311365+00:00
MUN_IPP_ADDITIONAL_RATE,be:mun:35002,2025,2026-09-23T14:11:18.311365+00:00,7.0,final,2025-01-01,2025-12-31,1,2026-09-23T14:11:18.311365+00:00
MUN_IPP_ADDITIONAL_RATE,be:mun:35002,2026,2026-09-23T14:11:18.311365+00:00,7.0,final,2026-01-01,2026-12-31,1,2026-09-23T14:11:18.311365+00:00
MUN_IPP_ADDITIONAL_RATE,be:mun:35005,2024,2026-09-23T14:11:18.311365+00:00,7.2,final,2024-01-01,2024-12-31,1,2026-09-23T14:11:18.311365+00:00
MUN_IPP_ADDITIONAL_RATE,be:mun:35005,2025,2026-09-23T14:11:18.311365+00:00,7.2,final,2025-01-01,2025-12-31,1,2026-09-23T14:11:18.311365+00:00
MUN_IPP_ADDITIONAL_RATE,be:mun:35005,2026,2026-09-23T14:11:18.311365+00:00,7.0,final,2026-01-01,2026-12-31,1,2026-09-23T14:11:18.311365+00:00
MUN_IPP_ADDITIONAL_RATE,be:mun:35006,2024,2026-09-23T14:11:18.311365+00:00,7.7,final,2024-01-01,2024-12-31,1,2026-09-23T14:11:18.311365+00:00
MUN_IPP_ADDITIONAL_RATE,be:mun:35006,2025,2026-09-23T14:11:18.311365+00:00,7.7,final,2025-01-01,2025-12-31,1,2026-09-23T14:11:18.311365+00:00
MUN_IPP_ADDITIONAL_RATE,be:mun:35006,2026,2026-09-23T14:11:18.311365+00:00,7.7,final,2026-01-01,2026-12-31,1,2026-09-23T14:11:18.311365+00:00
MUN_IPP_ADDITIONAL_RATE,be:mun:35011,2024,2026-09-23T14:11:18.311365+00:00,3.0,final,2024-01-01,2024-12-31,1,2026-09-23T14:11:18.311365+00:00
MUN_IPP_ADDITIONAL_RATE,be:mun:35011,2025,2026-09-23T14:11:18.311365+00:00,3.0,final,2025-01-01,2025-12-31,1,2026-09-23T14:11:18.311365+00:00
MUN_IPP_ADDITIONAL_RATE,be:mun:35011,2026,2026-09-23T14:11:18.311365+00:00,3.0,final,2026-01-01,2026-12-31,1,2026-09-23T14:11:18.311365+00:00
MUN_IPP_ADDITIONAL_RATE,be:mun:35013,2024,2026-09-23T14:11:18.311365+00:00,6.5,final,2024-01-01,2024-12-31,1,2026-09-23T14:11:18.311365+00:00
MUN_IPP_ADDITIONAL_RATE,be:mun:35013,2025,2026-09-23T14:11:18.311365+00:00,6.5,final,2025-01-01,2025-12-31,1,2026-09-23T14:11:18.311365+00:00
MUN_IPP_ADDITIONAL_RATE,be:mun:35013,2026,2026-09-23T14:11:18.311365+00:00,6.5,final,2026-01-01,2026-12-31,1,2026-09-23T14:11:18.311365+00:00
MUN_IPP_ADDITIONAL_RATE,be:mun:35014,2024,2026-09-23T14:11:18.311365+00:00,7.7,final,2024-01-01,2024-12-31,1,2026-09-23T14:11:18.311365+00:00
MUN_IPP_ADDITIONAL_RATE,be:mun:35014,2025,2026-09-23T14:11:18.311365+00:00,7.7,final,2025-01-01,2025-12-31,1,2026-09-23T14:11:18.311365+00:00
MUN_IPP_ADDITIONAL_RATE,be:mun:35014,2026,2026-09-23T14:11:18.311365+00:00,7.7,final,2026-01-01,2026-12-31,1,2026-09-23T14:11:18.311365+00:00
MUN_IPP_ADDITIONAL_RATE,be:mun:35029,2024,2026-09-23T14:11:18.311365+00:00,5.0,final,2024-01-01,2024-12-31,1,2026-09-23T14:11:18.311365+00:00
MUN_IPP_ADDITIONAL_RATE,be:mun:35029,2025,2026-09-23T14:11:18.311365+00:00,5.0,final,2025-01-01,2025-12-31,1,2026-09-23T14:11:18.311365+00:00
MUN_IPP_ADDITIONAL_RATE,be:mun:35029,2026,2026-09-23T14:11:18.311365+00:00,5.0,final,2026-01-01,2026-12-31,1,2026-09-23T14:11:18.311365+00:00
MUN_IPP_ADDITIONAL_RATE,be:mun:36006,2024,2026-09-23T14:11:18.311365+00:00,8.0,final,2024-01-01,2024-12-31,1,2026-09-23T14:11:18.311365+00:00
MUN_IPP_ADDITIONAL_RATE,be:mun:36006,2025,2026-09-23T14:11:18.311365+00:00,8.0,final,2025-01-01,2025-12-31,1,2026-09-23T14:11:18.311365+00:00
MUN_IPP_ADDITIONAL_RATE,be:mun:36006,2026,2026-09-23T14:11:18.311365+00:00,7.9,final,2026-01-01,2026-12-31,1,2026-09-23T14:11:18.311365+00:00
MUN_IPP_ADDITIONAL_RATE,be:mun:36007,2024,2026-09-23T14:11:18.311365+00:00,8.0,final,2024-01-01,2024-12-31,1,2026-09-23T14:11:18.311365+00:00
MUN_IPP_ADDITIONAL_RATE,be:mun:36007,2025,2026-09-23T14:11:18.311365+00:00,8.0,final,2025-01-01,2025-12-31,1,2026-09-23T14:11:18.311365+00:00
MUN_IPP_ADDITIONAL_RATE,be:mun:36007,2026,2026-09-23T14:11:18.311365+00:00,8.0,final,2026-01-01,2026-12-31,1,2026-09-23T14:11:18.311365+00:00
MUN_IPP_ADDITIONAL_RATE,be:mun:36008,2024,2026-09-23T14:11:18.311365+00:00,7.0,final,2024-01-01,2024-12-31,1,2026-09-23T14:11:18.311365+00:00
MUN_IPP_ADDITIONAL_RATE,be:mun:36008,2025,2026-09-23T14:11:18.311365+00:00,7.0,final,2025-01-01,2025-12-31,1,2026-09-23T14:11:18.311365+00:00
MUN_IPP_ADDITIONAL_RATE,be:mun:36008,2026,2026-09-23T14:11:18.311365+00:00,7.0,final,2026-01-01,2026-12-31,1,2026-09-23T14:11:18.311365+00:00
MUN_IPP_ADDITIONAL_RATE,be:mun:36010,2024,2026-09-23T14:11:18.311365+00:00,7.5,final,2024-01-01,2024-12-31,1,2026-09-23T14:11:18.311365+00:00
MUN_IPP_ADDITIONAL_RATE,be:mun:36010,2025,2026-09-23T14:11:18.311365+00:00,7.5,final,2025-01-01,2025-12-31,1,2026-09-23T14:11:18.311365+00:00
MUN_IPP_ADDITIONAL_RATE,be:mun:36010,2026,2026-09-23T14:11:18.311365+00:00,7.5,final,2026-01-01,2026-12-31,1,2026-09-23T14:11:18.311365+00:00
MUN_IPP_ADDITIONAL_RATE,be:mun:36011,2024,2026-09-23T14:11:18.311365+00:00,7.5,final,2024-01-01,2024-12-31,1,2026-09-23T14:11:18.311365+00:00
MUN_IPP_ADDITIONAL_RATE,be:mun:36011,2025,2026-09-23T14:11:18.311365+00:00,7.5,final,2025-01-01,2025-12-31,1,2026-09-23T14:11:18.311365+00:00
MUN_IPP_ADDITIONAL_RATE,be:mun:36011,2026,2026-09-23T14:11:18.311365+00:00,7.5,final,2026-01-01,2026-12-31,1,2026-09-23T14:11:18.311365+00:00
MUN_IPP_ADDITIONAL_RATE,be:mun:36012,2024,2026-09-23T14:11:18.311365+00:00,8.0,final,2024-01-01,2024-12-31,1,2026-09-23T14:11:18.311365+00:00
MUN_IPP_ADDITIONAL_RATE,be:mun:36012,2025,2026-09-23T14:11:18.311365+00:00,8.0,final,2025-01-01,2025-12-31,1,2026-09-23T14:11:18.311365+00:00
MUN_IPP_ADDITIONAL_RATE,be:mun:36012,2026,2026-09-23T14:11:18.311365+00:00,8.0,final,2026-01-01,2026-12-31,1,2026-09-23T14:11:18.311365+00:00
MUN_IPP_ADDITIONAL_RATE,be:mun:36015,2024,2026-09-23T14:11:18.311365+00:00,8.5,final,2024-01-01,2024-12-31,1,2026-09-23T14:11:18.311365+00:00
MUN_IPP_ADDITIONAL_RATE,be:mun:36015,2025,2026-09-23T14:11:18.311365+00:00,8.5,final,2025-01-01,2025-12-31,1,2026-09-23T14:11:18.311365+00:00
MUN_IPP_ADDITIONAL_RATE,be:mun:36015,2026,2026-09-23T14:11:18.311365+00:00,8.5,final,2026-01-01,2026-12-31,1,2026-09-23T14:11:18.311365+00:00
MUN_IPP_ADDITIONAL_RATE,be:mun:36019,2024,2026-09-23T14:11:18.311365+00:00,8.0,final,2024-01-01,2024-12-31,1,2026-09-23T14:11:18.311365+00:00
MUN_IPP_ADDITIONAL_RATE,be:mun:36019,2025,2026-09-23T14:11:18.311365+00:00,8.0,final,2025-01-01,2025-12-31,1,2026-09-23T14:11:18.311365+00:00
MUN_IPP_ADDITIONAL_RATE,be:mun:36019,2026,2026-09-23T14:11:18.311365+00:00,8.0,final,2026-01-01,2026-12-31,1,2026-09-23T14:11:18.311365+00:00
MUN_IPP_ADDITIONAL_RATE,be:mun:37002,2024,2026-09-23T14:11:18.311365+00:00,7.5,final,2024-01-01,2024-12-31,1,2026-09-23T14:11:18.311365+00:00
MUN_IPP_ADDITIONAL_RATE,be:mun:37002,2025,2026-09-23T14:11:18.311365+00:00,7.5,final,2025-01-01,2025-12-31,1,2026-09-23T14:11:18.311365+00:00
MUN_IPP_ADDITIONAL_RATE,be:mun:37002,2026,2026-09-23T14:11:18.311365+00:00,7.5,final,2026-01-01,2026-12-31,1,2026-09-23T14:11:18.311365+00:00
MUN_IPP_ADDITIONAL_RATE,be:mun:37007,2024,2026-09-23T14:11:18.311365+00:00,7.5,final,2024-01-01,2024-12-31,1,2026-09-23T14:11:18.311365+00:00
MUN_IPP_ADDITIONAL_RATE,be:mun:37010,2024,2026-09-23T14:11:18.311365+00:00,7.5,final,2024-01-01,2024-12-31,1,2026-09-23T14:11:18.311365+00:00
MUN_IPP_ADDITIONAL_RATE,be:mun:37010,2025,2026-09-23T14:11:18.311365+00:00,7.5,final,2025-01-01,2025-12-31,1,2026-09-23T14:11:18.311365+00:00
MUN_IPP_ADDITIONAL_RATE,be:mun:37010,2026,2026-09-23T14:11:18.311365+00:00,7.9,final,2026-01-01,2026-12-31,1,2026-09-23T14:11:18.311365+00:00
MUN_IPP_ADDITIONAL_RATE,be:mun:37011,2024,2026-09-23T14:11:18.311365+00:00,7.5,final,2024-01-01,2024-12-31,1,2026-09-23T14:11:18.311365+00:00
MUN_IPP_ADDITIONAL_RATE,be:mun:37011,2025,2026-09-23T14:11:18.311365+00:00,7.5,final,2025-01-01,2025-12-31,1,2026-09-23T14:11:18.311365+00:00
MUN_IPP_ADDITIONAL_RATE,be:mun:37011,2026,2026-09-23T14:11:18.311365+00:00,7.5,final,2026-01-01,2026-12-31,1,2026-09-23T14:11:18.311365+00:00
MUN_IPP_ADDITIONAL_RATE,be:mun:37012,2024,2026-09-23T14:11:18.311365+00:00,6.5,final,2024-01-01,2024-12-31,1,2026-09-23T14:11:18.311365+00:00
MUN_IPP_ADDITIONAL_RATE,be:mun:37015,2024,2026-09-23T14:11:18.311365+00:00,7.5,final,2024-01-01,2024-12-31,1,2026-09-23T14:11:18.311365+00:00
MUN_IPP_ADDITIONAL_RATE,be:mun:37017,2024,2026-09-23T14:11:18.311365+00:00,7.5,final,2024-01-01,2024-12-31,1,2026-09-23T14:11:18.311365+00:00
MUN_IPP_ADDITIONAL_RATE,be:mun:37017,2025,2026-09-23T14:11:18.311365+00:00,7.5,final,2025-01-01,2025-12-31,1,2026-09-23T14:11:18.311365+00:00
MUN_IPP_ADDITIONAL_RATE,be:mun:37017,2026,2026-09-23T14:11:18.311365+00:00,7.5,final,2026-01-01,2026-12-31,1,2026-09-23T14:11:18.311365+00:00
MUN_IPP_ADDITIONAL_RATE,be:mun:37018,2024,2026-09-23T14:11:18.311365+00:00,7.8,final,2024-01-01,2024-12-31,1,2026-09-23T14:11:18.311365+00:00
MUN_IPP_ADDITIONAL_RATE,be:mun:37020,2024,2026-09-23T14:11:18.311365+00:00,6.0,final,2024-01-01,2024-12-31,1,2026-09-23T14:11:18.311365+00:00
MUN_IPP_ADDITIONAL_RATE,be:mun:37020,2025,2026-09-23T14:11:18.311365+00:00,6.0,final,2025-01-01,2025-12-31,1,2026-09-23T14:11:18.311365+00:00
MUN_IPP_ADDITIONAL_RATE,be:mun:37020,2026,2026-09-23T14:11:18.311365+00:00,6.0,final,2026-01-01,2026-12-31,1,2026-09-23T14:11:18.311365+00:00
MUN_IPP_ADDITIONAL_RATE,be:mun:37021,2025,2026-09-23T14:11:18.311365+00:00,7.8,final,2025-01-01,2025-12-31,1,2026-09-23T14:11:18.311365+00:00
MUN_IPP_ADDITIONAL_RATE,be:mun:37021,2026,2026-09-23T14:11:18.311365+00:00,7.8,final,2026-01-01,2026-12-31,1,2026-09-23T14:11:18.311365+00:00
MUN_IPP_ADDITIONAL_RATE,be:mun:37022,2025,2026-09-23T14:11:18.311365+00:00,7.5,final,2025-01-01,2025-12-31,1,2026-09-23T14:11:18.311365+00:00
MUN_IPP_ADDITIONAL_RATE,be:mun:37022,2026,2026-09-23T14:11:18.311365+00:00,7.8,final,2026-01-01,2026-12-31,1,2026-09-23T14:11:18.311365+00:00
MUN_IPP_ADDITIONAL_RATE,be:mun:38002,2024,2026-09-23T14:11:18.311365+00:00,8.0,final,2024-01-01,2024-12-31,1,2026-09-23T14:11:18.311365+00:00
MUN_IPP_ADDITIONAL_RATE,be:mun:38002,2025,2026-09-23T14:11:18.311365+00:00,8.0,final,2025-01-01,2025-12-31,1,2026-09-23T14:11:18.311365+00:00
MUN_IPP_ADDITIONAL_RATE,be:mun:38002,2026,2026-09-23T14:11:18.311365+00:00,8.0,final,2026-01-01,2026-12-31,1,2026-09-23T14:11:18.311365+00:00
MUN_IPP_ADDITIONAL_RATE,be:mun:38008,2024,2026-09-23T14:11:18.311365+00:00,0.0,final,2024-01-01,2024-12-31,1,2026-09-23T14:11:18.311365+00:00
MUN_IPP_ADDITIONAL_RATE,be:mun:38008,2025,2026-09-23T14:11:18.311365+00:00,0.0,final,2025-01-01,2025-12-31,1,2026-09-23T14:11:18.311365+00:00
MUN_IPP_ADDITIONAL_RATE,be:mun:38008,2026,2026-09-23T14:11:18.311365+00:00,5.0,final,2026-01-01,2026-12-31,1,2026-09-23T14:11:18.311365+00:00
MUN_IPP_ADDITIONAL_RATE,be:mun:38014,2024,2026-09-23T14:11:18.311365+00:00,0.0,final,2024-01-01,2024-12-31,1,2026-09-23T14:11:18.311365+00:00
MUN_IPP_ADDITIONAL_RATE,be:mun:38014,2025,2026-09-23T14:11:18.311365+00:00,0.0,final,2025-01-01,2025-12-31,1,2026-09-23T14:11:18.311365+00:00
MUN_IPP_ADDITIONAL_RATE,be:mun:38014,2026,2026-09-23T14:11:18.311365+00:00,5.0,final,2026-01-01,2026-12-31,1,2026-09-23T14:11:18.311365+00:00
MUN_IPP_ADDITIONAL_RATE,be:mun:38016,2024,2026-09-23T14:11:18.311365+00:00,5.0,final,2024-01-01,2024-12-31,1,2026-09-23T14:11:18.311365+00:00
MUN_IPP_ADDITIONAL_RATE,be:mun:38016,2025,2026-09-23T14:11:18.311365+00:00,5.0,final,2025-01-01,2025-12-31,1,2026-09-23T14:11:18.311365+00:00
MUN_IPP_ADDITIONAL_RATE,be:mun:38016,2026,2026-09-23T14:11:18.311365+00:00,5.0,final,2026-01-01,2026-12-31,1,2026-09-23T14:11:18.311365+00:00
MUN_IPP_ADDITIONAL_RATE,be:mun:38025,2024,2026-09-23T14:11:18.311365+00:00,7.0,final,2024-01-01,2024-12-31,1,2026-09-23T14:11:18.311365+00:00
MUN_IPP_ADDITIONAL_RATE,be:mun:38025,2025,2026-09-23T14:11:18.311365+00:00,7.0,final,2025-01-01,2025-12-31,1,2026-09-23T14:11:18.311365+00:00
MUN_IPP_ADDITIONAL_RATE,be:mun:38025,2026,2026-09-23T14:11:18.311365+00:00,7.0,final,2026-01-01,2026-12-31,1,2026-09-23T14:11:18.311365+00:00
MUN_IPP_ADDITIONAL_RATE,be:mun:41002,2024,2026-09-23T14:11:18.311365+00:00,7.5,final,2024-01-01,2024-12-31,1,2026-09-23T14:11:18.311365+00:00
MUN_IPP_ADDITIONAL_RATE,be:mun:41002,2025,2026-09-23T14:11:18.311365+00:00,7.5,final,2025-01-01,2025-12-31,1,2026-09-23T14:11:18.311365+00:00
MUN_IPP_ADDITIONAL_RATE,be:mun:41002,2026,2026-09-23T14:11:18.311365+00:00,7.5,final,2026-01-01,2026-12-31,1,2026-09-23T14:11:18.311365+00:00
MUN_IPP_ADDITIONAL_RATE,be:mun:41011,2024,2026-09-23T14:11:18.311365+00:00,7.3,final,2024-01-01,2024-12-31,1,2026-09-23T14:11:18.311365+00:00
MUN_IPP_ADDITIONAL_RATE,be:mun:41011,2025,2026-09-23T14:11:18.311365+00:00,7.3,final,2025-01-01,2025-12-31,1,2026-09-23T14:11:18.311365+00:00
MUN_IPP_ADDITIONAL_RATE,be:mun:41011,2026,2026-09-23T14:11:18.311365+00:00,7.3,final,2026-01-01,2026-12-31,1,2026-09-23T14:11:18.311365+00:00
MUN_IPP_ADDITIONAL_RATE,be:mun:41018,2024,2026-09-23T14:11:18.311365+00:00,7.8,final,2024-01-01,2024-12-31,1,2026-09-23T14:11:18.311365+00:00
MUN_IPP_ADDITIONAL_RATE,be:mun:41018,2025,2026-09-23T14:11:18.311365+00:00,7.8,final,2025-01-01,2025-12-31,1,2026-09-23T14:11:18.311365+00:00
MUN_IPP_ADDITIONAL_RATE,be:mun:41018,2026,2026-09-23T14:11:18.311365+00:00,7.8,final,2026-01-01,2026-12-31,1,2026-09-23T14:11:18.311365+00:00
MUN_IPP_ADDITIONAL_RATE,be:mun:41024,2024,2026-09-23T14:11:18.311365+00:00,7.2,final,2024-01-01,2024-12-31,1,2026-09-23T14:11:18.311365+00:00
MUN_IPP_ADDITIONAL_RATE,be:mun:41024,2025,2026-09-23T14:11:18.311365+00:00,7.2,final,2025-01-01,2025-12-31,1,2026-09-23T14:11:18.311365+00:00
MUN_IPP_ADDITIONAL_RATE,be:mun:41024,2026,2026-09-23T14:11:18.311365+00:00,7.2,final,2026-01-01,2026-12-31,1,2026-09-23T14:11:18.311365+00:00
MUN_IPP_ADDITIONAL_RATE,be:mun:41027,2024,2026-09-23T14:11:18.311365+00:00,6.9,final,2024-01-01,2024-12-31,1,2026-09-23T14:11:18.311365+00:00
MUN_IPP_ADDITIONAL_RATE,be:mun:41027,2025,2026-09-23T14:11:18.311365+00:00,6.9,final,2025-01-01,2025-12-31,1,2026-09-23T14:11:18.311365+00:00
MUN_IPP_ADDITIONAL_RATE,be:mun:41027,2026,2026-09-23T14:11:18.311365+00:00,7.5,final,2026-01-01,2026-12-31,1,2026-09-23T14:11:18.311365+00:00
MUN_IPP_ADDITIONAL_RATE,be:mun:41034,2024,2026-09-23T14:11:18.311365+00:00,7.9,final,2024-01-01,2024-12-31,1,2026-09-23T14:11:18.311365+00:00
MUN_IPP_ADDITIONAL_RATE,be:mun:41034,2025,2026-09-23T14:11:18.311365+00:00,7.9,final,2025-01-01,2025-12-31,1,2026-09-23T14:11:18.311365+00:00
MUN_IPP_ADDITIONAL_RATE,be:mun:41034,2026,2026-09-23T14:11:18.311365+00:00,7.9,final,2026-01-01,2026-12-31,1,2026-09-23T14:11:18.311365+00:00
MUN_IPP_ADDITIONAL_RATE,be:mun:41048,2024,2026-09-23T14:11:18.311365+00:00,7.5,final,2024-01-01,2024-12-31,1,2026-09-23T14:11:18.311365+00:00
MUN_IPP_ADDITIONAL_RATE,be:mun:41048,2025,2026-09-23T14:11:18.311365+00:00,7.5,final,2025-01-01,2025-12-31,1,2026-09-23T14:11:18.311365+00:00
MUN_IPP_ADDITIONAL_RATE,be:mun:41048,2026,2026-09-23T14:11:18.311365+00:00,7.5,final,2026-01-01,2026-12-31,1,2026-09-23T14:11:18.311365+00:00
MUN_IPP_ADDITIONAL_RATE,be:mun:41063,2024,2026-09-23T14:11:18.311365+00:00,7.9,final,2024-01-01,2024-12-31,1,2026-09-23T14:11:18.311365+00:00
MUN_IPP_ADDITIONAL_RATE,be:mun:41063,2025,2026-09-23T14:11:18.311365+00:00,7.9,final,2025-01-01,2025-12-31,1,2026-09-23T14:11:18.311365+00:00
MUN_IPP_ADDITIONAL_RATE,be:mun:41063,2026,2026-09-23T14:11:18.311365+00:00,7.9,final,2026-01-01,2026-12-31,1,2026-09-23T14:11:18.311365+00:00
MUN_IPP_ADDITIONAL_RATE,be:mun:41081,2024,2026-09-23T14:11:18.311365+00:00,7.5,final,2024-01-01,2024-12-31,1,2026-09-23T14:11:18.311365+00:00
MUN_IPP_ADDITIONAL_RATE,be:mun:41081,2025,2026-09-23T14:11:18.311365+00:00,7.5,final,2025-01-01,2025-12-31,1,2026-09-23T14:11:18.311365+00:00
MUN_IPP_ADDITIONAL_RATE,be:mun:41081,2026,2026-09-23T14:11:18.311365+00:00,7.5,final,2026-01-01,2026-12-31,1,2026-09-23T14:11:18.311365+00:00
MUN_IPP_ADDITIONAL_RATE,be:mun:41082,2024,2026-09-23T14:11:18.311365+00:00,7.0,final,2024-01-01,2024-12-31,1,2026-09-23T14:11:18.311365+00:00
MUN_IPP_ADDITIONAL_RATE,be:mun:41082,2025,2026-09-23T14:11:18.311365+00:00,7.0,final,2025-01-01,2025-12-31,1,2026-09-23T14:11:18.311365+00:00
MUN_IPP_ADDITIONAL_RATE,be:mun:41082,2026,2026-09-23T14:11:18.311365+00:00,7.0,final,2026-01-01,2026-12-31,1,2026-09-23T14:11:18.311365+00:00
MUN_IPP_ADDITIONAL_RATE,be:mun:42003,2024,2026-09-23T14:11:18.311365+00:00,7.0,final,2024-01-01,2024-12-31,1,2026-09-23T14:11:18.311365+00:00
MUN_IPP_ADDITIONAL_RATE,be:mun:42003,2025,2026-09-23T14:11:18.311365+00:00,7.6,final,2025-01-01,2025-12-31,1,2026-09-23T14:11:18.311365+00:00
MUN_IPP_ADDITIONAL_RATE,be:mun:42003,2026,2026-09-23T14:11:18.311365+00:00,7.6,final,2026-01-01,2026-12-31,1,2026-09-23T14:11:18.311365+00:00
MUN_IPP_ADDITIONAL_RATE,be:mun:42004,2024,2026-09-23T14:11:18.311365+00:00,7.8,final,2024-01-01,2024-12-31,1,2026-09-23T14:11:18.311365+00:00
MUN_IPP_ADDITIONAL_RATE,be:mun:42004,2025,2026-09-23T14:11:18.311365+00:00,7.8,final,2025-01-01,2025-12-31,1,2026-09-23T14:11:18.311365+00:00
MUN_IPP_ADDITIONAL_RATE,be:mun:42004,2026,2026-09-23T14:11:18.311365+00:00,7.8,final,2026-01-01,2026-12-31,1,2026-09-23T14:11:18.311365+00:00
MUN_IPP_ADDITIONAL_RATE,be:mun:42006,2024,2026-09-23T14:11:18.311365+00:00,7.8,final,2024-01-01,2024-12-31,1,2026-09-23T14:11:18.311365+00:00
MUN_IPP_ADDITIONAL_RATE,be:mun:42006,2025,2026-09-23T14:11:18.311365+00:00,7.8,final,2025-01-01,2025-12-31,1,2026-09-23T14:11:18.311365+00:00
MUN_IPP_ADDITIONAL_RATE,be:mun:42006,2026,2026-09-23T14:11:18.311365+00:00,7.5,final,2026-01-01,2026-12-31,1,2026-09-23T14:11:18.311365+00:00
MUN_IPP_ADDITIONAL_RATE,be:mun:42008,2024,2026-09-23T14:11:18.311365+00:00,8.0,final,2024-01-01,2024-12-31,1,2026-09-23T14:11:18.311365+00:00
MUN_IPP_ADDITIONAL_RATE,be:mun:42008,2025,2026-09-23T14:11:18.311365+00:00,8.0,final,2025-01-01,2025-12-31,1,2026-09-23T14:11:18.311365+00:00
MUN_IPP_ADDITIONAL_RATE,be:mun:42008,2026,2026-09-23T14:11:18.311365+00:00,8.0,final,2026-01-01,2026-12-31,1,2026-09-23T14:11:18.311365+00:00
MUN_IPP_ADDITIONAL_RATE,be:mun:42010,2024,2026-09-23T14:11:18.311365+00:00,7.8,final,2024-01-01,2024-12-31,1,2026-09-23T14:11:18.311365+00:00
MUN_IPP_ADDITIONAL_RATE,be:mun:42010,2025,2026-09-23T14:11:18.311365+00:00,7.8,final,2025-01-01,2025-12-31,1,2026-09-23T14:11:18.311365+00:00
MUN_IPP_ADDITIONAL_RATE,be:mun:42010,2026,2026-09-23T14:11:18.311365+00:00,7.8,final,2026-01-01,2026-12-31,1,2026-09-23T14:11:18.311365+00:00
MUN_IPP_ADDITIONAL_RATE,be:mun:42011,2024,2026-09-23T14:11:18.311365+00:00,7.5,final,2024-01-01,2024-12-31,1,2026-09-23T14:11:18.311365+00:00
MUN_IPP_ADDITIONAL_RATE,be:mun:42011,2025,2026-09-23T14:11:18.311365+00:00,7.5,final,2025-01-01,2025-12-31,1,2026-09-23T14:11:18.311365+00:00
MUN_IPP_ADDITIONAL_RATE,be:mun:42011,2026,2026-09-23T14:11:18.311365+00:00,7.5,final,2026-01-01,2026-12-31,1,2026-09-23T14:11:18.311365+00:00
MUN_IPP_ADDITIONAL_RATE,be:mun:42023,2024,2026-09-23T14:11:18.311365+00:00,7.4,final,2024-01-01,2024-12-31,1,2026-09-23T14:11:18.311365+00:00
MUN_IPP_ADDITIONAL_RATE,be:mun:42023,2025,2026-09-23T14:11:18.311365+00:00,7.4,final,2025-01-01,2025-12-31,1,2026-09-23T14:11:18.311365+00:00
MUN_IPP_ADDITIONAL_RATE,be:mun:42023,2026,2026-09-23T14:11:18.311365+00:00,7.4,final,2026-01-01,2026-12-31,1,2026-09-23T14:11:18.311365+00:00
MUN_IPP_ADDITIONAL_RATE,be:mun:42025,2024,2026-09-23T14:11:18.311365+00:00,7.5,final,2024-01-01,2024-12-31,1,2026-09-23T14:11:18.311365+00:00
MUN_IPP_ADDITIONAL_RATE,be:mun:42025,2025,2026-09-23T14:11:18.311365+00:00,7.5,final,2025-01-01,2025-12-31,1,2026-09-23T14:11:18.311365+00:00
MUN_IPP_ADDITIONAL_RATE,be:mun:42025,2026,2026-09-23T14:11:18.311365+00:00,7.5,final,2026-01-01,2026-12-31,1,2026-09-23T14:11:18.311365+00:00
MUN_IPP_ADDITIONAL_RATE,be:mun:42026,2024,2026-09-23T14:11:18.311365+00:00,7.5,final,2024-01-01,2024-12-31,1,2026-09-23T14:11:18.311365+00:00
MUN_IPP_ADDITIONAL_RATE,be:mun:42026,2025,2026-09-23T14:11:18.311365+00:00,7.5,final,2025-01-01,2025-12-31,1,2026-09-23T14:11:18.311365+00:00
MUN_IPP_ADDITIONAL_RATE,be:mun:42026,2026,2026-09-23T14:11:18.311365+00:00,7.5,final,2026-01-01,2026-12-31,1,2026-09-23T14:11:18.311365+00:00
MUN_IPP_ADDITIONAL_RATE,be:mun:42028,2024,2026-09-23T14:11:18.311365+00:00,7.8,final,2024-01-01,2024-12-31,1,2026-09-23T14:11:18.311365+00:00
MUN_IPP_ADDITIONAL_RATE,be:mun:42028,2025,2026-09-23T14:11:18.311365+00:00,7.8,final,2025-01-01,2025-12-31,1,2026-09-23T14:11:18.311365+00:00
MUN_IPP_ADDITIONAL_RATE,be:mun:42028,2026,2026-09-23T14:11:18.311365+00:00,7.8,final,2026-01-01,2026-12-31,1,2026-09-23T14:11:18.311365+00:00
MUN_IPP_ADDITIONAL_RATE,be:mun:43002,2024,2026-09-23T14:11:18.311365+00:00,7.0,final,2024-01-01,2024-12-31,1,2026-09-23T14:11:18.311365+00:00
MUN_IPP_ADDITIONAL_RATE,be:mun:43002,2025,2026-09-23T14:11:18.311365+00:00,7.0,final,2025-01-01,2025-12-31,1,2026-09-23T14:11:18.311365+00:00
MUN_IPP_ADDITIONAL_RATE,be:mun:43002,2026,2026-09-23T14:11:18.311365+00:00,7.0,final,2026-01-01,2026-12-31,1,2026-09-23T14:11:18.311365+00:00
MUN_IPP_ADDITIONAL_RATE,be:mun:43005,2024,2026-09-23T14:11:18.311365+00:00,7.7,final,2024-01-01,2024-12-31,1,2026-09-23T14:11:18.311365+00:00
MUN_IPP_ADDITIONAL_RATE,be:mun:43005,2025,2026-09-23T14:11:18.311365+00:00,7.7,final,2025-01-01,2025-12-31,1,2026-09-23T14:11:18.311365+00:00
MUN_IPP_ADDITIONAL_RATE,be:mun:43005,2026,2026-09-23T14:11:18.311365+00:00,7.5,final,2026-01-01,2026-12-31,1,2026-09-23T14:11:18.311365+00:00
MUN_IPP_ADDITIONAL_RATE,be:mun:43007,2024,2026-09-23T14:11:18.311365+00:00,7.5,final,2024-01-01,2024-12-31,1,2026-09-23T14:11:18.311365+00:00
MUN_IPP_ADDITIONAL_RATE,be:mun:43007,2025,2026-09-23T14:11:18.311365+00:00,7.5,final,2025-01-01,2025-12-31,1,2026-09-23T14:11:18.311365+00:00
MUN_IPP_ADDITIONAL_RATE,be:mun:43007,2026,2026-09-23T14:11:18.311365+00:00,7.5,final,2026-01-01,2026-12-31,1,2026-09-23T14:11:18.311365+00:00
MUN_IPP_ADDITIONAL_RATE,be:mun:43010,2024,2026-09-23T14:11:18.311365+00:00,6.9,final,2024-01-01,2024-12-31,1,2026-09-23T14:11:18.311365+00:00
MUN_IPP_ADDITIONAL_RATE,be:mun:43010,2025,2026-09-23T14:11:18.311365+00:00,6.9,final,2025-01-01,2025-12-31,1,2026-09-23T14:11:18.311365+00:00
MUN_IPP_ADDITIONAL_RATE,be:mun:43010,2026,2026-09-23T14:11:18.311365+00:00,6.9,final,2026-01-01,2026-12-31,1,2026-09-23T14:11:18.311365+00:00
MUN_IPP_ADDITIONAL_RATE,be:mun:43014,2024,2026-09-23T14:11:18.311365+00:00,7.0,final,2024-01-01,2024-12-31,1,2026-09-23T14:11:18.311365+00:00
MUN_IPP_ADDITIONAL_RATE,be:mun:43014,2025,2026-09-23T14:11:18.311365+00:00,7.0,final,2025-01-01,2025-12-31,1,2026-09-23T14:11:18.311365+00:00
MUN_IPP_ADDITIONAL_RATE,be:mun:43014,2026,2026-09-23T14:11:18.311365+00:00,7.0,final,2026-01-01,2026-12-31,1,2026-09-23T14:11:18.311365+00:00
MUN_IPP_ADDITIONAL_RATE,be:mun:43018,2024,2026-09-23T14:11:18.311365+00:00,7.5,final,2024-01-01,2024-12-31,1,2026-09-23T14:11:18.311365+00:00
MUN_IPP_ADDITIONAL_RATE,be:mun:43018,2025,2026-09-23T14:11:18.311365+00:00,7.5,final,2025-01-01,2025-12-31,1,2026-09-23T14:11:18.311365+00:00
MUN_IPP_ADDITIONAL_RATE,be:mun:43018,2026,2026-09-23T14:11:18.311365+00:00,7.5,final,2026-01-01,2026-12-31,1,2026-09-23T14:11:18.311365+00:00
MUN_IPP_ADDITIONAL_RATE,be:mun:44012,2024,2026-09-23T14:11:18.311365+00:00,6.9,final,2024-01-01,2024-12-31,1,2026-09-23T14:11:18.311365+00:00
MUN_IPP_ADDITIONAL_RATE,be:mun:44013,2024,2026-09-23T14:11:18.311365+00:00,6.9,final,2024-01-01,2024-12-31,1,2026-09-23T14:11:18.311365+00:00
MUN_IPP_ADDITIONAL_RATE,be:mun:44013,2025,2026-09-23T14:11:18.311365+00:00,6.9,final,2025-01-01,2025-12-31,1,2026-09-23T14:11:18.311365+00:00
MUN_IPP_ADDITIONAL_RATE,be:mun:44013,2026,2026-09-23T14:11:18.311365+00:00,6.9,final,2026-01-01,2026-12-31,1,2026-09-23T14:11:18.311365+00:00
MUN_IPP_ADDITIONAL_RATE,be:mun:44019,2024,2026-09-23T14:11:18.311365+00:00,7.9,final,2024-01-01,2024-12-31,1,2026-09-23T14:11:18.311365+00:00
MUN_IPP_ADDITIONAL_RATE,be:mun:44019,2025,2026-09-23T14:11:18.311365+00:00,7.9,final,2025-01-01,2025-12-31,1,2026-09-23T14:11:18.311365+00:00
MUN_IPP_ADDITIONAL_RATE,be:mun:44019,2026,2026-09-23T14:11:18.311365+00:00,7.4,final,2026-01-01,2026-12-31,1,2026-09-23T14:11:18.311365+00:00
MUN_IPP_ADDITIONAL_RATE,be:mun:44020,2024,2026-09-23T14:11:18.311365+00:00,7.3,final,2024-01-01,2024-12-31,1,2026-09-23T14:11:18.311365+00:00
MUN_IPP_ADDITIONAL_RATE,be:mun:44020,2025,2026-09-23T14:11:18.311365+00:00,7.3,final,2025-01-01,2025-12-31,1,2026-09-23T14:11:18.311365+00:00
MUN_IPP_ADDITIONAL_RATE,be:mun:44020,2026,2026-09-23T14:11:18.311365+00:00,7.3,final,2026-01-01,2026-12-31,1,2026-09-23T14:11:18.311365+00:00
MUN_IPP_ADDITIONAL_RATE,be:mun:44021,2024,2026-09-23T14:11:18.311365+00:00,6.5,final,2024-01-01,2024-12-31,1,2026-09-23T14:11:18.311365+00:00
MUN_IPP_ADDITIONAL_RATE,be:mun:44021,2025,2026-09-23T14:11:18.311365+00:00,6.5,final,2025-01-01,2025-12-31,1,2026-09-23T14:11:18.311365+00:00
MUN_IPP_ADDITIONAL_RATE,be:mun:44021,2026,2026-09-23T14:11:18.311365+00:00,6.5,final,2026-01-01,2026-12-31,1,2026-09-23T14:11:18.311365+00:00
MUN_IPP_ADDITIONAL_RATE,be:mun:44034,2024,2026-09-23T14:11:18.311365+00:00,6.9,final,2024-01-01,2024-12-31,1,2026-09-23T14:11:18.311365+00:00
MUN_IPP_ADDITIONAL_RATE,be:mun:44040,2024,2026-09-23T14:11:18.311365+00:00,7.5,final,2024-01-01,2024-12-31,1,2026-09-23T14:11:18.311365+00:00
MUN_IPP_ADDITIONAL_RATE,be:mun:44043,2024,2026-09-23T14:11:18.311365+00:00,7.7,final,2024-01-01,2024-12-31,1,2026-09-23T14:11:18.311365+00:00
MUN_IPP_ADDITIONAL_RATE,be:mun:44045,2024,2026-09-23T14:11:18.311365+00:00,7.0,final,2024-01-01,2024-12-31,1,2026-09-23T14:11:18.311365+00:00
MUN_IPP_ADDITIONAL_RATE,be:mun:44048,2024,2026-09-23T14:11:18.311365+00:00,6.9,final,2024-01-01,2024-12-31,1,2026-09-23T14:11:18.311365+00:00
MUN_IPP_ADDITIONAL_RATE,be:mun:44052,2024,2026-09-23T14:11:18.311365+00:00,7.8,final,2024-01-01,2024-12-31,1,2026-09-23T14:11:18.311365+00:00
MUN_IPP_ADDITIONAL_RATE,be:mun:44052,2025,2026-09-23T14:11:18.311365+00:00,7.8,final,2025-01-01,2025-12-31,1,2026-09-23T14:11:18.311365+00:00
MUN_IPP_ADDITIONAL_RATE,be:mun:44052,2026,2026-09-23T14:11:18.311365+00:00,7.8,final,2026-01-01,2026-12-31,1,2026-09-23T14:11:18.311365+00:00
MUN_IPP_ADDITIONAL_RATE,be:mun:44064,2024,2026-09-23T14:11:18.311365+00:00,5.5,final,2024-01-01,2024-12-31,1,2026-09-23T14:11:18.311365+00:00
MUN_IPP_ADDITIONAL_RATE,be:mun:44064,2025,2026-09-23T14:11:18.311365+00:00,5.5,final,2025-01-01,2025-12-31,1,2026-09-23T14:11:18.311365+00:00
MUN_IPP_ADDITIONAL_RATE,be:mun:44064,2026,2026-09-23T14:11:18.311365+00:00,5.5,final,2026-01-01,2026-12-31,1,2026-09-23T14:11:18.311365+00:00
MUN_IPP_ADDITIONAL_RATE,be:mun:44073,2024,2026-09-23T14:11:18.311365+00:00,8.5,final,2024-01-01,2024-12-31,1,2026-09-23T14:11:18.311365+00:00
MUN_IPP_ADDITIONAL_RATE,be:mun:44081,2024,2026-09-23T14:11:18.311365+00:00,5.9,final,2024-01-01,2024-12-31,1,2026-09-23T14:11:18.311365+00:00
MUN_IPP_ADDITIONAL_RATE,be:mun:44081,2025,2026-09-23T14:11:18.311365+00:00,5.9,final,2025-01-01,2025-12-31,1,2026-09-23T14:11:18.311365+00:00
MUN_IPP_ADDITIONAL_RATE,be:mun:44081,2026,2026-09-23T14:11:18.311365+00:00,5.9,final,2026-01-01,2026-12-31,1,2026-09-23T14:11:18.311365+00:00
MUN_IPP_ADDITIONAL_RATE,be:mun:44083,2024,2026-09-23T14:11:18.311365+00:00,6.9,final,2024-01-01,2024-12-31,1,2026-09-23T14:11:18.311365+00:00
MUN_IPP_ADDITIONAL_RATE,be:mun:44083,2025,2026-09-23T14:11:18.311365+00:00,6.9,final,2025-01-01,2025-12-31,1,2026-09-23T14:11:18.311365+00:00
MUN_IPP_ADDITIONAL_RATE,be:mun:44083,2026,2026-09-23T14:11:18.311365+00:00,6.9,final,2026-01-01,2026-12-31,1,2026-09-23T14:11:18.311365+00:00
MUN_IPP_ADDITIONAL_RATE,be:mun:44084,2024,2026-09-23T14:11:18.311365+00:00,5.6,final,2024-01-01,2024-12-31,1,2026-09-23T14:11:18.311365+00:00
MUN_IPP_ADDITIONAL_RATE,be:mun:44084,2025,2026-09-23T14:11:18.311365+00:00,5.6,final,2025-01-01,2025-12-31,1,2026-09-23T14:11:18.311365+00:00
MUN_IPP_ADDITIONAL_RATE,be:mun:44084,2026,2026-09-23T14:11:18.311365+00:00,6.5,final,2026-01-01,2026-12-31,1,2026-09-23T14:11:18.311365+00:00
MUN_IPP_ADDITIONAL_RATE,be:mun:44085,2024,2026-09-23T14:11:18.311365+00:00,7.0,final,2024-01-01,2024-12-31,1,2026-09-23T14:11:18.311365+00:00
MUN_IPP_ADDITIONAL_RATE,be:mun:44085,2025,2026-09-23T14:11:18.311365+00:00,7.0,final,2025-01-01,2025-12-31,1,2026-09-23T14:11:18.311365+00:00
MUN_IPP_ADDITIONAL_RATE,be:mun:44085,2026,2026-09-23T14:11:18.311365+00:00,7.0,final,2026-01-01,2026-12-31,1,2026-09-23T14:11:18.311365+00:00
MUN_IPP_ADDITIONAL_RATE,be:mun:44086,2025,2026-09-23T14:11:18.311365+00:00,6.9,final,2025-01-01,2025-12-31,1,2026-09-23T14:11:18.311365+00:00
MUN_IPP_ADDITIONAL_RATE,be:mun:44086,2026,2026-09-23T14:11:18.311365+00:00,6.9,final,2026-01-01,2026-12-31,1,2026-09-23T14:11:18.311365+00:00
MUN_IPP_ADDITIONAL_RATE,be:mun:44087,2025,2026-09-23T14:11:18.311365+00:00,6.9,final,2025-01-01,2025-12-31,1,2026-09-23T14:11:18.311365+00:00
MUN_IPP_ADDITIONAL_RATE,be:mun:44087,2026,2026-09-23T14:11:18.311365+00:00,6.9,final,2026-01-01,2026-12-31,1,2026-09-23T14:11:18.311365+00:00
MUN_IPP_ADDITIONAL_RATE,be:mun:44088,2025,2026-09-23T14:11:18.311365+00:00,7.5,final,2025-01-01,2025-12-31,1,2026-09-23T14:11:18.311365+00:00
MUN_IPP_ADDITIONAL_RATE,be:mun:44088,2026,2026-09-23T14:11:18.311365+00:00,7.5,final,2026-01-01,2026-12-31,1,2026-09-23T14:11:18.311365+00:00
MUN_IPP_ADDITIONAL_RATE,be:mun:45035,2024,2026-09-23T14:11:18.311365+00:00,7.0,final,2024-01-01,2024-12-31,1,2026-09-23T14:11:18.311365+00:00
MUN_IPP_ADDITIONAL_RATE,be:mun:45035,2025,2026-09-23T14:11:18.311365+00:00,7.0,final,2025-01-01,2025-12-31,1,2026-09-23T14:11:18.311365+00:00
MUN_IPP_ADDITIONAL_RATE,be:mun:45035,2026,2026-09-23T14:11:18.311365+00:00,7.0,final,2026-01-01,2026-12-31,1,2026-09-23T14:11:18.311365+00:00
MUN_IPP_ADDITIONAL_RATE,be:mun:45041,2024,2026-09-23T14:11:18.311365+00:00,8.0,final,2024-01-01,2024-12-31,1,2026-09-23T14:11:18.311365+00:00
MUN_IPP_ADDITIONAL_RATE,be:mun:45041,2025,2026-09-23T14:11:18.311365+00:00,8.0,final,2025-01-01,2025-12-31,1,2026-09-23T14:11:18.311365+00:00
MUN_IPP_ADDITIONAL_RATE,be:mun:45041,2026,2026-09-23T14:11:18.311365+00:00,8.0,final,2026-01-01,2026-12-31,1,2026-09-23T14:11:18.311365+00:00
MUN_IPP_ADDITIONAL_RATE,be:mun:45059,2024,2026-09-23T14:11:18.311365+00:00,8.0,final,2024-01-01,2024-12-31,1,2026-09-23T14:11:18.311365+00:00
MUN_IPP_ADDITIONAL_RATE,be:mun:45059,2025,2026-09-23T14:11:18.311365+00:00,8.0,final,2025-01-01,2025-12-31,1,2026-09-23T14:11:18.311365+00:00
MUN_IPP_ADDITIONAL_RATE,be:mun:45059,2026,2026-09-23T14:11:18.311365+00:00,8.0,final,2026-01-01,2026-12-31,1,2026-09-23T14:11:18.311365+00:00
MUN_IPP_ADDITIONAL_RATE,be:mun:45060,2024,2026-09-23T14:11:18.311365+00:00,6.5,final,2024-01-01,2024-12-31,1,2026-09-23T14:11:18.311365+00:00
MUN_IPP_ADDITIONAL_RATE,be:mun:45060,2025,2026-09-23T14:11:18.311365+00:00,6.5,final,2025-01-01,2025-12-31,1,2026-09-23T14:11:18.311365+00:00
MUN_IPP_ADDITIONAL_RATE,be:mun:45060,2026,2026-09-23T14:11:18.311365+00:00,7.5,final,2026-01-01,2026-12-31,1,2026-09-23T14:11:18.311365+00:00
MUN_IPP_ADDITIONAL_RATE,be:mun:45061,2024,2026-09-23T14:11:18.311365+00:00,7.7,final,2024-01-01,2024-12-31,1,2026-09-23T14:11:18.311365+00:00
MUN_IPP_ADDITIONAL_RATE,be:mun:45061,2025,2026-09-23T14:11:18.311365+00:00,7.7,final,2025-01-01,2025-12-31,1,2026-09-23T14:11:18.311365+00:00
MUN_IPP_ADDITIONAL_RATE,be:mun:45061,2026,2026-09-23T14:11:18.311365+00:00,8.1,final,2026-01-01,2026-12-31,1,2026-09-23T14:11:18.311365+00:00
MUN_IPP_ADDITIONAL_RATE,be:mun:45062,2024,2026-09-23T14:11:18.311365+00:00,7.0,final,2024-01-01,2024-12-31,1,2026-09-23T14:11:18.311365+00:00
MUN_IPP_ADDITIONAL_RATE,be:mun:45062,2025,2026-09-23T14:11:18.311365+00:00,7.0,final,2025-01-01,2025-12-31,1,2026-09-23T14:11:18.311365+00:00
MUN_IPP_ADDITIONAL_RATE,be:mun:45062,2026,2026-09-23T14:11:18.311365+00:00,7.7,final,2026-01-01,2026-12-31,1,2026-09-23T14:11:18.311365+00:00
MUN_IPP_ADDITIONAL_RATE,be:mun:45063,2024,2026-09-23T14:11:18.311365+00:00,7.3,final,2024-01-01,2024-12-31,1,2026-09-23T14:11:18.311365+00:00
MUN_IPP_ADDITIONAL_RATE,be:mun:45063,2025,2026-09-23T14:11:18.311365+00:00,7.3,final,2025-01-01,2025-12-31,1,2026-09-23T14:11:18.311365+00:00
MUN_IPP_ADDITIONAL_RATE,be:mun:45063,2026,2026-09-23T14:11:18.311365+00:00,7.3,final,2026-01-01,2026-12-31,1,2026-09-23T14:11:18.311365+00:00
MUN_IPP_ADDITIONAL_RATE,be:mun:45064,2024,2026-09-23T14:11:18.311365+00:00,7.0,final,2024-01-01,2024-12-31,1,2026-09-23T14:11:18.311365+00:00
MUN_IPP_ADDITIONAL_RATE,be:mun:45064,2025,2026-09-23T14:11:18.311365+00:00,7.0,final,2025-01-01,2025-12-31,1,2026-09-23T14:11:18.311365+00:00
MUN_IPP_ADDITIONAL_RATE,be:mun:45064,2026,2026-09-23T14:11:18.311365+00:00,7.0,final,2026-01-01,2026-12-31,1,2026-09-23T14:11:18.311365+00:00
MUN_IPP_ADDITIONAL_RATE,be:mun:45065,2024,2026-09-23T14:11:18.311365+00:00,6.9,final,2024-01-01,2024-12-31,1,2026-09-23T14:11:18.311365+00:00
MUN_IPP_ADDITIONAL_RATE,be:mun:45065,2025,2026-09-23T14:11:18.311365+00:00,6.9,final,2025-01-01,2025-12-31,1,2026-09-23T14:11:18.311365+00:00
MUN_IPP_ADDITIONAL_RATE,be:mun:45065,2026,2026-09-23T14:11:18.311365+00:00,6.9,final,2026-01-01,2026-12-31,1,2026-09-23T14:11:18.311365+00:00
MUN_IPP_ADDITIONAL_RATE,be:mun:45068,2024,2026-09-23T14:11:18.311365+00:00,7.5,final,2024-01-01,2024-12-31,1,2026-09-23T14:11:18.311365+00:00
MUN_IPP_ADDITIONAL_RATE,be:mun:45068,2025,2026-09-23T14:11:18.311365+00:00,7.5,final,2025-01-01,2025-12-31,1,2026-09-23T14:11:18.311365+00:00
MUN_IPP_ADDITIONAL_RATE,be:mun:45068,2026,2026-09-23T14:11:18.311365+00:00,7.5,final,2026-01-01,2026-12-31,1,2026-09-23T14:11:18.311365+00:00
MUN_IPP_ADDITIONAL_RATE,be:mun:46003,2024,2026-09-23T14:11:18.311365+00:00,5.0,final,2024-01-01,2024-12-31,1,2026-09-23T14:11:18.311365+00:00
MUN_IPP_ADDITIONAL_RATE,be:mun:46013,2024,2026-09-23T14:11:18.311365+00:00,8.0,final,2024-01-01,2024-12-31,1,2026-09-23T14:11:18.311365+00:00
MUN_IPP_ADDITIONAL_RATE,be:mun:46014,2024,2026-09-23T14:11:18.311365+00:00,6.5,final,2024-01-01,2024-12-31,1,2026-09-23T14:11:18.311365+00:00
MUN_IPP_ADDITIONAL_RATE,be:mun:46020,2024,2026-09-23T14:11:18.311365+00:00,7.9,final,2024-01-01,2024-12-31,1,2026-09-23T14:11:18.311365+00:00
MUN_IPP_ADDITIONAL_RATE,be:mun:46020,2025,2026-09-23T14:11:18.311365+00:00,7.9,final,2025-01-01,2025-12-31,1,2026-09-23T14:11:18.311365+00:00
MUN_IPP_ADDITIONAL_RATE,be:mun:46020,2026,2026-09-23T14:11:18.311365+00:00,7.9,final,2026-01-01,2026-12-31,1,2026-09-23T14:11:18.311365+00:00
MUN_IPP_ADDITIONAL_RATE,be:mun:46021,2024,2026-09-23T14:11:18.311365+00:00,7.5,final,2024-01-01,2024-12-31,1,2026-09-23T14:11:18.311365+00:00
MUN_IPP_ADDITIONAL_RATE,be:mun:46021,2025,2026-09-23T14:11:18.311365+00:00,7.5,final,2025-01-01,2025-12-31,1,2026-09-23T14:11:18.311365+00:00
MUN_IPP_ADDITIONAL_RATE,be:mun:46021,2026,2026-09-23T14:11:18.311365+00:00,7.5,final,2026-01-01,2026-12-31,1,2026-09-23T14:11:18.311365+00:00
MUN_IPP_ADDITIONAL_RATE,be:mun:46024,2024,2026-09-23T14:11:18.311365+00:00,8.0,final,2024-01-01,2024-12-31,1,2026-09-23T14:11:18.311365+00:00
MUN_IPP_ADDITIONAL_RATE,be:mun:46024,2025,2026-09-23T14:11:18.311365+00:00,8.0,final,2025-01-01,2025-12-31,1,2026-09-23T14:11:18.311365+00:00
MUN_IPP_ADDITIONAL_RATE,be:mun:46024,2026,2026-09-23T14:11:18.311365+00:00,8.0,final,2026-01-01,2026-12-31,1,2026-09-23T14:11:18.311365+00:00
MUN_IPP_ADDITIONAL_RATE,be:mun:46025,2024,2026-09-23T14:11:18.311365+00:00,8.0,final,2024-01-01,2024-12-31,1,2026-09-23T14:11:18.311365+00:00
MUN_IPP_ADDITIONAL_RATE,be:mun:46025,2025,2026-09-23T14:11:18.311365+00:00,8.0,final,2025-01-01,2025-12-31,1,2026-09-23T14:11:18.311365+00:00
MUN_IPP_ADDITIONAL_RATE,be:mun:46025,2026,2026-09-23T14:11:18.311365+00:00,8.0,final,2026-01-01,2026-12-31,1,2026-09-23T14:11:18.311365+00:00
MUN_IPP_ADDITIONAL_RATE,be:mun:46029,2025,2026-09-23T14:11:18.311365+00:00,6.5,final,2025-01-01,2025-12-31,1,2026-09-23T14:11:18.311365+00:00
MUN_IPP_ADDITIONAL_RATE,be:mun:46029,2026,2026-09-23T14:11:18.311365+00:00,6.5,final,2026-01-01,2026-12-31,1,2026-09-23T14:11:18.311365+00:00
MUN_IPP_ADDITIONAL_RATE,be:mun:46030,2025,2026-09-23T14:11:18.311365+00:00,5.0,final,2025-01-01,2025-12-31,1,2026-09-23T14:11:18.311365+00:00
MUN_IPP_ADDITIONAL_RATE,be:mun:46030,2026,2026-09-23T14:11:18.311365+00:00,5.0,final,2026-01-01,2026-12-31,1,2026-09-23T14:11:18.311365+00:00
MUN_IPP_ADDITIONAL_RATE,be:mun:51004,2024,2026-09-23T14:11:18.311365+00:00,8.8,final,2024-01-01,2024-12-31,1,2026-09-23T14:11:18.311365+00:00
MUN_IPP_ADDITIONAL_RATE,be:mun:51004,2025,2026-09-23T14:11:18.311365+00:00,8.8,final,2025-01-01,2025-12-31,1,2026-09-23T14:11:18.311365+00:00
MUN_IPP_ADDITIONAL_RATE,be:mun:51004,2026,2026-09-23T14:11:18.311365+00:00,8.8,final,2026-01-01,2026-12-31,1,2026-09-23T14:11:18.311365+00:00
MUN_IPP_ADDITIONAL_RATE,be:mun:51008,2024,2026-09-23T14:11:18.311365+00:00,8.5,final,2024-01-01,2024-12-31,1,2026-09-23T14:11:18.311365+00:00
MUN_IPP_ADDITIONAL_RATE,be:mun:51008,2025,2026-09-23T14:11:18.311365+00:00,8.5,final,2025-01-01,2025-12-31,1,2026-09-23T14:11:18.311365+00:00
MUN_IPP_ADDITIONAL_RATE,be:mun:51008,2026,2026-09-23T14:11:18.311365+00:00,8.5,final,2026-01-01,2026-12-31,1,2026-09-23T14:11:18.311365+00:00
MUN_IPP_ADDITIONAL_RATE,be:mun:51009,2024,2026-09-23T14:11:18.311365+00:00,8.5,final,2024-01-01,2024-12-31,1,2026-09-23T14:11:18.311365+00:00
MUN_IPP_ADDITIONAL_RATE,be:mun:51009,2025,2026-09-23T14:11:18.311365+00:00,8.5,final,2025-01-01,2025-12-31,1,2026-09-23T14:11:18.311365+00:00
MUN_IPP_ADDITIONAL_RATE,be:mun:51009,2026,2026-09-23T14:11:18.311365+00:00,8.5,final,2026-01-01,2026-12-31,1,2026-09-23T14:11:18.311365+00:00
MUN_IPP_ADDITIONAL_RATE,be:mun:51012,2024,2026-09-23T14:11:18.311365+00:00,8.5,final,2024-01-01,2024-12-31,1,2026-09-23T14:11:18.311365+00:00
MUN_IPP_ADDITIONAL_RATE,be:mun:51012,2025,2026-09-23T14:11:18.311365+00:00,8.5,final,2025-01-01,2025-12-31,1,2026-09-23T14:11:18.311365+00:00
MUN_IPP_ADDITIONAL_RATE,be:mun:51012,2026,2026-09-23T14:11:18.311365+00:00,8.5,final,2026-01-01,2026-12-31,1,2026-09-23T14:11:18.311365+00:00
MUN_IPP_ADDITIONAL_RATE,be:mun:51014,2024,2026-09-23T14:11:18.311365+00:00,8.8,final,2024-01-01,2024-12-31,1,2026-09-23T14:11:18.311365+00:00
MUN_IPP_ADDITIONAL_RATE,be:mun:51014,2025,2026-09-23T14:11:18.311365+00:00,8.8,final,2025-01-01,2025-12-31,1,2026-09-23T14:11:18.311365+00:00
MUN_IPP_ADDITIONAL_RATE,be:mun:51014,2026,2026-09-23T14:11:18.311365+00:00,8.8,final,2026-01-01,2026-12-31,1,2026-09-23T14:11:18.311365+00:00
MUN_IPP_ADDITIONAL_RATE,be:mun:51017,2024,2026-09-23T14:11:18.311365+00:00,8.0,final,2024-01-01,2024-12-31,1,2026-09-23T14:11:18.311365+00:00
MUN_IPP_ADDITIONAL_RATE,be:mun:51017,2025,2026-09-23T14:11:18.311365+00:00,8.0,final,2025-01-01,2025-12-31,1,2026-09-23T14:11:18.311365+00:00
MUN_IPP_ADDITIONAL_RATE,be:mun:51017,2026,2026-09-23T14:11:18.311365+00:00,8.0,final,2026-01-01,2026-12-31,1,2026-09-23T14:11:18.311365+00:00
MUN_IPP_ADDITIONAL_RATE,be:mun:51019,2024,2026-09-23T14:11:18.311365+00:00,8.0,final,2024-01-01,2024-12-31,1,2026-09-23T14:11:18.311365+00:00
MUN_IPP_ADDITIONAL_RATE,be:mun:51019,2025,2026-09-23T14:11:18.311365+00:00,8.0,final,2025-01-01,2025-12-31,1,2026-09-23T14:11:18.311365+00:00
MUN_IPP_ADDITIONAL_RATE,be:mun:51019,2026,2026-09-23T14:11:18.311365+00:00,8.0,final,2026-01-01,2026-12-31,1,2026-09-23T14:11:18.311365+00:00
MUN_IPP_ADDITIONAL_RATE,be:mun:51065,2024,2026-09-23T14:11:18.311365+00:00,7.0,final,2024-01-01,2024-12-31,1,2026-09-23T14:11:18.311365+00:00
MUN_IPP_ADDITIONAL_RATE,be:mun:51065,2025,2026-09-23T14:11:18.311365+00:00,7.8,final,2025-01-01,2025-12-31,1,2026-09-23T14:11:18.311365+00:00
MUN_IPP_ADDITIONAL_RATE,be:mun:51065,2026,2026-09-23T14:11:18.311365+00:00,7.8,final,2026-01-01,2026-12-31,1,2026-09-23T14:11:18.311365+00:00
MUN_IPP_ADDITIONAL_RATE,be:mun:51067,2024,2026-09-23T14:11:18.311365+00:00,8.2,final,2024-01-01,2024-12-31,1,2026-09-23T14:11:18.311365+00:00
MUN_IPP_ADDITIONAL_RATE,be:mun:51067,2025,2026-09-23T14:11:18.311365+00:00,8.2,final,2025-01-01,2025-12-31,1,2026-09-23T14:11:18.311365+00:00
MUN_IPP_ADDITIONAL_RATE,be:mun:51067,2026,2026-09-23T14:11:18.311365+00:00,8.2,final,2026-01-01,2026-12-31,1,2026-09-23T14:11:18.311365+00:00
MUN_IPP_ADDITIONAL_RATE,be:mun:51068,2024,2026-09-23T14:11:18.311365+00:00,7.8,final,2024-01-01,2024-12-31,1,2026-09-23T14:11:18.311365+00:00
MUN_IPP_ADDITIONAL_RATE,be:mun:51068,2025,2026-09-23T14:11:18.311365+00:00,7.8,final,2025-01-01,2025-12-31,1,2026-09-23T14:11:18.311365+00:00
MUN_IPP_ADDITIONAL_RATE,be:mun:51068,2026,2026-09-23T14:11:18.311365+00:00,7.8,final,2026-01-01,2026-12-31,1,2026-09-23T14:11:18.311365+00:00
MUN_IPP_ADDITIONAL_RATE,be:mun:51069,2024,2026-09-23T14:11:18.311365+00:00,8.8,final,2024-01-01,2024-12-31,1,2026-09-23T14:11:18.311365+00:00
MUN_IPP_ADDITIONAL_RATE,be:mun:51069,2025,2026-09-23T14:11:18.311365+00:00,8.8,final,2025-01-01,2025-12-31,1,2026-09-23T14:11:18.311365+00:00
MUN_IPP_ADDITIONAL_RATE,be:mun:51069,2026,2026-09-23T14:11:18.311365+00:00,8.8,final,2026-01-01,2026-12-31,1,2026-09-23T14:11:18.311365+00:00
MUN_IPP_ADDITIONAL_RATE,be:mun:52010,2024,2026-09-23T14:11:18.311365+00:00,8.8,final,2024-01-01,2024-12-31,1,2026-09-23T14:11:18.311365+00:00
MUN_IPP_ADDITIONAL_RATE,be:mun:52010,2025,2026-09-23T14:11:18.311365+00:00,8.8,final,2025-01-01,2025-12-31,1,2026-09-23T14:11:18.311365+00:00
MUN_IPP_ADDITIONAL_RATE,be:mun:52010,2026,2026-09-23T14:11:18.311365+00:00,8.8,final,2026-01-01,2026-12-31,1,2026-09-23T14:11:18.311365+00:00
MUN_IPP_ADDITIONAL_RATE,be:mun:52011,2024,2026-09-23T14:11:18.311365+00:00,8.5,final,2024-01-01,2024-12-31,1,2026-09-23T14:11:18.311365+00:00
MUN_IPP_ADDITIONAL_RATE,be:mun:52011,2025,2026-09-23T14:11:18.311365+00:00,8.5,final,2025-01-01,2025-12-31,1,2026-09-23T14:11:18.311365+00:00
MUN_IPP_ADDITIONAL_RATE,be:mun:52011,2026,2026-09-23T14:11:18.311365+00:00,8.5,final,2026-01-01,2026-12-31,1,2026-09-23T14:11:18.311365+00:00
MUN_IPP_ADDITIONAL_RATE,be:mun:52012,2024,2026-09-23T14:11:18.311365+00:00,8.0,final,2024-01-01,2024-12-31,1,2026-09-23T14:11:18.311365+00:00
MUN_IPP_ADDITIONAL_RATE,be:mun:52012,2025,2026-09-23T14:11:18.311365+00:00,8.0,final,2025-01-01,2025-12-31,1,2026-09-23T14:11:18.311365+00:00
MUN_IPP_ADDITIONAL_RATE,be:mun:52012,2026,2026-09-23T14:11:18.311365+00:00,8.0,final,2026-01-01,2026-12-31,1,2026-09-23T14:11:18.311365+00:00
MUN_IPP_ADDITIONAL_RATE,be:mun:52015,2024,2026-09-23T14:11:18.311365+00:00,8.8,final,2024-01-01,2024-12-31,1,2026-09-23T14:11:18.311365+00:00
MUN_IPP_ADDITIONAL_RATE,be:mun:52015,2025,2026-09-23T14:11:18.311365+00:00,8.8,final,2025-01-01,2025-12-31,1,2026-09-23T14:11:18.311365+00:00
MUN_IPP_ADDITIONAL_RATE,be:mun:52015,2026,2026-09-23T14:11:18.311365+00:00,8.8,final,2026-01-01,2026-12-31,1,2026-09-23T14:11:18.311365+00:00
MUN_IPP_ADDITIONAL_RATE,be:mun:52018,2024,2026-09-23T14:11:18.311365+00:00,8.8,final,2024-01-01,2024-12-31,1,2026-09-23T14:11:18.311365+00:00
MUN_IPP_ADDITIONAL_RATE,be:mun:52018,2025,2026-09-23T14:11:18.311365+00:00,8.8,final,2025-01-01,2025-12-31,1,2026-09-23T14:11:18.311365+00:00
MUN_IPP_ADDITIONAL_RATE,be:mun:52018,2026,2026-09-23T14:11:18.311365+00:00,8.8,final,2026-01-01,2026-12-31,1,2026-09-23T14:11:18.311365+00:00
MUN_IPP_ADDITIONAL_RATE,be:mun:52021,2024,2026-09-23T14:11:18.311365+00:00,8.0,final,2024-01-01,2024-12-31,1,2026-09-23T14:11:18.311365+00:00
MUN_IPP_ADDITIONAL_RATE,be:mun:52021,2025,2026-09-23T14:11:18.311365+00:00,8.0,final,2025-01-01,2025-12-31,1,2026-09-23T14:11:18.311365+00:00
MUN_IPP_ADDITIONAL_RATE,be:mun:52021,2026,2026-09-23T14:11:18.311365+00:00,8.5,final,2026-01-01,2026-12-31,1,2026-09-23T14:11:18.311365+00:00
MUN_IPP_ADDITIONAL_RATE,be:mun:52022,2024,2026-09-23T14:11:18.311365+00:00,8.8,final,2024-01-01,2024-12-31,1,2026-09-23T14:11:18.311365+00:00
MUN_IPP_ADDITIONAL_RATE,be:mun:52022,2025,2026-09-23T14:11:18.311365+00:00,8.8,final,2025-01-01,2025-12-31,1,2026-09-23T14:11:18.311365+00:00
MUN_IPP_ADDITIONAL_RATE,be:mun:52022,2026,2026-09-23T14:11:18.311365+00:00,8.8,final,2026-01-01,2026-12-31,1,2026-09-23T14:11:18.311365+00:00
MUN_IPP_ADDITIONAL_RATE,be:mun:52025,2024,2026-09-23T14:11:18.311365+00:00,8.0,final,2024-01-01,2024-12-31,1,2026-09-23T14:11:18.311365+00:00
MUN_IPP_ADDITIONAL_RATE,be:mun:52025,2025,2026-09-23T14:11:18.311365+00:00,8.0,final,2025-01-01,2025-12-31,1,2026-09-23T14:11:18.311365+00:00
MUN_IPP_ADDITIONAL_RATE,be:mun:52025,2026,2026-09-23T14:11:18.311365+00:00,8.0,final,2026-01-01,2026-12-31,1,2026-09-23T14:11:18.311365+00:00
MUN_IPP_ADDITIONAL_RATE,be:mun:52048,2024,2026-09-23T14:11:18.311365+00:00,8.0,final,2024-01-01,2024-12-31,1,2026-09-23T14:11:18.311365+00:00
MUN_IPP_ADDITIONAL_RATE,be:mun:52048,2025,2026-09-23T14:11:18.311365+00:00,8.0,final,2025-01-01,2025-12-31,1,2026-09-23T14:11:18.311365+00:00
MUN_IPP_ADDITIONAL_RATE,be:mun:52048,2026,2026-09-23T14:11:18.311365+00:00,8.0,final,2026-01-01,2026-12-31,1,2026-09-23T14:11:18.311365+00:00
MUN_IPP_ADDITIONAL_RATE,be:mun:52055,2024,2026-09-23T14:11:18.311365+00:00,8.0,final,2024-01-01,2024-12-31,1,2026-09-23T14:11:18.311365+00:00
MUN_IPP_ADDITIONAL_RATE,be:mun:52055,2025,2026-09-23T14:11:18.311365+00:00,8.0,final,2025-01-01,2025-12-31,1,2026-09-23T14:11:18.311365+00:00
MUN_IPP_ADDITIONAL_RATE,be:mun:52055,2026,2026-09-23T14:11:18.311365+00:00,8.0,final,2026-01-01,2026-12-31,1,2026-09-23T14:11:18.311365+00:00
MUN_IPP_ADDITIONAL_RATE,be:mun:52074,2024,2026-09-23T14:11:18.311365+00:00,8.5,final,2024-01-01,2024-12-31,1,2026-09-23T14:11:18.311365+00:00
MUN_IPP_ADDITIONAL_RATE,be:mun:52074,2025,2026-09-23T14:11:18.311365+00:00,8.5,final,2025-01-01,2025-12-31,1,2026-09-23T14:11:18.311365+00:00
MUN_IPP_ADDITIONAL_RATE,be:mun:52074,2026,2026-09-23T14:11:18.311365+00:00,8.5,final,2026-01-01,2026-12-31,1,2026-09-23T14:11:18.311365+00:00
MUN_IPP_ADDITIONAL_RATE,be:mun:52075,2024,2026-09-23T14:11:18.311365+00:00,8.0,final,2024-01-01,2024-12-31,1,2026-09-23T14:11:18.311365+00:00
MUN_IPP_ADDITIONAL_RATE,be:mun:52075,2025,2026-09-23T14:11:18.311365+00:00,8.0,final,2025-01-01,2025-12-31,1,2026-09-23T14:11:18.311365+00:00
MUN_IPP_ADDITIONAL_RATE,be:mun:52075,2026,2026-09-23T14:11:18.311365+00:00,8.0,final,2026-01-01,2026-12-31,1,2026-09-23T14:11:18.311365+00:00
MUN_IPP_ADDITIONAL_RATE,be:mun:53014,2024,2026-09-23T14:11:18.311365+00:00,8.5,final,2024-01-01,2024-12-31,1,2026-09-23T14:11:18.311365+00:00
MUN_IPP_ADDITIONAL_RATE,be:mun:53014,2025,2026-09-23T14:11:18.311365+00:00,8.5,final,2025-01-01,2025-12-31,1,2026-09-23T14:11:18.311365+00:00
MUN_IPP_ADDITIONAL_RATE,be:mun:53014,2026,2026-09-23T14:11:18.311365+00:00,8.5,final,2026-01-01,2026-12-31,1,2026-09-23T14:11:18.311365+00:00
MUN_IPP_ADDITIONAL_RATE,be:mun:53020,2024,2026-09-23T14:11:18.311365+00:00,8.4,final,2024-01-01,2024-12-31,1,2026-09-23T14:11:18.311365+00:00
MUN_IPP_ADDITIONAL_RATE,be:mun:53020,2025,2026-09-23T14:11:18.311365+00:00,8.4,final,2025-01-01,2025-12-31,1,2026-09-23T14:11:18.311365+00:00
MUN_IPP_ADDITIONAL_RATE,be:mun:53020,2026,2026-09-23T14:11:18.311365+00:00,8.4,final,2026-01-01,2026-12-31,1,2026-09-23T14:11:18.311365+00:00
MUN_IPP_ADDITIONAL_RATE,be:mun:53028,2024,2026-09-23T14:11:18.311365+00:00,8.6,final,2024-01-01,2024-12-31,1,2026-09-23T14:11:18.311365+00:00
MUN_IPP_ADDITIONAL_RATE,be:mun:53028,2025,2026-09-23T14:11:18.311365+00:00,8.6,final,2025-01-01,2025-12-31,1,2026-09-23T14:11:18.311365+00:00
MUN_IPP_ADDITIONAL_RATE,be:mun:53028,2026,2026-09-23T14:11:18.311365+00:00,8.6,final,2026-01-01,2026-12-31,1,2026-09-23T14:11:18.311365+00:00
MUN_IPP_ADDITIONAL_RATE,be:mun:53039,2024,2026-09-23T14:11:18.311365+00:00,8.5,final,2024-01-01,2024-12-31,1,2026-09-23T14:11:18.311365+00:00
MUN_IPP_ADDITIONAL_RATE,be:mun:53039,2025,2026-09-23T14:11:18.311365+00:00,8.5,final,2025-01-01,2025-12-31,1,2026-09-23T14:11:18.311365+00:00
MUN_IPP_ADDITIONAL_RATE,be:mun:53039,2026,2026-09-23T14:11:18.311365+00:00,8.5,final,2026-01-01,2026-12-31,1,2026-09-23T14:11:18.311365+00:00
MUN_IPP_ADDITIONAL_RATE,be:mun:53044,2024,2026-09-23T14:11:18.311365+00:00,8.5,final,2024-01-01,2024-12-31,1,2026-09-23T14:11:18.311365+00:00
MUN_IPP_ADDITIONAL_RATE,be:mun:53044,2025,2026-09-23T14:11:18.311365+00:00,8.5,final,2025-01-01,2025-12-31,1,2026-09-23T14:11:18.311365+00:00
MUN_IPP_ADDITIONAL_RATE,be:mun:53044,2026,2026-09-23T14:11:18.311365+00:00,8.5,final,2026-01-01,2026-12-31,1,2026-09-23T14:11:18.311365+00:00
MUN_IPP_ADDITIONAL_RATE,be:mun:53046,2024,2026-09-23T14:11:18.311365+00:00,8.0,final,2024-01-01,2024-12-31,1,2026-09-23T14:11:18.311365+00:00
MUN_IPP_ADDITIONAL_RATE,be:mun:53046,2025,2026-09-23T14:11:18.311365+00:00,8.0,final,2025-01-01,2025-12-31,1,2026-09-23T14:11:18.311365+00:00
MUN_IPP_ADDITIONAL_RATE,be:mun:53046,2026,2026-09-23T14:11:18.311365+00:00,8.0,final,2026-01-01,2026-12-31,1,2026-09-23T14:11:18.311365+00:00
MUN_IPP_ADDITIONAL_RATE,be:mun:53053,2024,2026-09-23T14:11:18.311365+00:00,8.0,final,2024-01-01,2024-12-31,1,2026-09-23T14:11:18.311365+00:00
MUN_IPP_ADDITIONAL_RATE,be:mun:53053,2025,2026-09-23T14:11:18.311365+00:00,8.0,final,2025-01-01,2025-12-31,1,2026-09-23T14:11:18.311365+00:00
MUN_IPP_ADDITIONAL_RATE,be:mun:53053,2026,2026-09-23T14:11:18.311365+00:00,8.0,final,2026-01-01,2026-12-31,1,2026-09-23T14:11:18.311365+00:00
MUN_IPP_ADDITIONAL_RATE,be:mun:53065,2024,2026-09-23T14:11:18.311365+00:00,8.5,final,2024-01-01,2024-12-31,1,2026-09-23T14:11:18.311365+00:00
MUN_IPP_ADDITIONAL_RATE,be:mun:53065,2025,2026-09-23T14:11:18.311365+00:00,8.5,final,2025-01-01,2025-12-31,1,2026-09-23T14:11:18.311365+00:00
MUN_IPP_ADDITIONAL_RATE,be:mun:53065,2026,2026-09-23T14:11:18.311365+00:00,8.5,final,2026-01-01,2026-12-31,1,2026-09-23T14:11:18.311365+00:00
MUN_IPP_ADDITIONAL_RATE,be:mun:53068,2024,2026-09-23T14:11:18.311365+00:00,8.8,final,2024-01-01,2024-12-31,1,2026-09-23T14:11:18.311365+00:00
MUN_IPP_ADDITIONAL_RATE,be:mun:53068,2025,2026-09-23T14:11:18.311365+00:00,8.8,final,2025-01-01,2025-12-31,1,2026-09-23T14:11:18.311365+00:00
MUN_IPP_ADDITIONAL_RATE,be:mun:53068,2026,2026-09-23T14:11:18.311365+00:00,8.8,final,2026-01-01,2026-12-31,1,2026-09-23T14:11:18.311365+00:00
MUN_IPP_ADDITIONAL_RATE,be:mun:53070,2024,2026-09-23T14:11:18.311365+00:00,7.9,final,2024-01-01,2024-12-31,1,2026-09-23T14:11:18.311365+00:00
MUN_IPP_ADDITIONAL_RATE,be:mun:53070,2025,2026-09-23T14:11:18.311365+00:00,7.9,final,2025-01-01,2025-12-31,1,2026-09-23T14:11:18.311365+00:00
MUN_IPP_ADDITIONAL_RATE,be:mun:53070,2026,2026-09-23T14:11:18.311365+00:00,7.9,final,2026-01-01,2026-12-31,1,2026-09-23T14:11:18.311365+00:00
MUN_IPP_ADDITIONAL_RATE,be:mun:53082,2024,2026-09-23T14:11:18.311365+00:00,8.5,final,2024-01-01,2024-12-31,1,2026-09-23T14:11:18.311365+00:00
MUN_IPP_ADDITIONAL_RATE,be:mun:53082,2025,2026-09-23T14:11:18.311365+00:00,8.5,final,2025-01-01,2025-12-31,1,2026-09-23T14:11:18.311365+00:00
MUN_IPP_ADDITIONAL_RATE,be:mun:53082,2026,2026-09-23T14:11:18.311365+00:00,8.5,final,2026-01-01,2026-12-31,1,2026-09-23T14:11:18.311365+00:00
MUN_IPP_ADDITIONAL_RATE,be:mun:53083,2024,2026-09-23T14:11:18.311365+00:00,8.2,final,2024-01-01,2024-12-31,1,2026-09-23T14:11:18.311365+00:00
MUN_IPP_ADDITIONAL_RATE,be:mun:53083,2025,2026-09-23T14:11:18.311365+00:00,8.2,final,2025-01-01,2025-12-31,1,2026-09-23T14:11:18.311365+00:00
MUN_IPP_ADDITIONAL_RATE,be:mun:53083,2026,2026-09-23T14:11:18.311365+00:00,8.2,final,2026-01-01,2026-12-31,1,2026-09-23T14:11:18.311365+00:00
MUN_IPP_ADDITIONAL_RATE,be:mun:53084,2024,2026-09-23T14:11:18.311365+00:00,8.5,final,2024-01-01,2024-12-31,1,2026-09-23T14:11:18.311365+00:00
MUN_IPP_ADDITIONAL_RATE,be:mun:53084,2025,2026-09-23T14:11:18.311365+00:00,8.5,final,2025-01-01,2025-12-31,1,2026-09-23T14:11:18.311365+00:00
MUN_IPP_ADDITIONAL_RATE,be:mun:53084,2026,2026-09-23T14:11:18.311365+00:00,8.5,final,2026-01-01,2026-12-31,1,2026-09-23T14:11:18.311365+00:00
MUN_IPP_ADDITIONAL_RATE,be:mun:55004,2024,2026-09-23T14:11:18.311365+00:00,8.8,final,2024-01-01,2024-12-31,1,2026-09-23T14:11:18.311365+00:00
MUN_IPP_ADDITIONAL_RATE,be:mun:55004,2025,2026-09-23T14:11:18.311365+00:00,8.8,final,2025-01-01,2025-12-31,1,2026-09-23T14:11:18.311365+00:00
MUN_IPP_ADDITIONAL_RATE,be:mun:55004,2026,2026-09-23T14:11:18.311365+00:00,8.8,final,2026-01-01,2026-12-31,1,2026-09-23T14:11:18.311365+00:00
MUN_IPP_ADDITIONAL_RATE,be:mun:55035,2024,2026-09-23T14:11:18.311365+00:00,8.5,final,2024-01-01,2024-12-31,1,2026-09-23T14:11:18.311365+00:00
MUN_IPP_ADDITIONAL_RATE,be:mun:55035,2025,2026-09-23T14:11:18.311365+00:00,8.5,final,2025-01-01,2025-12-31,1,2026-09-23T14:11:18.311365+00:00
MUN_IPP_ADDITIONAL_RATE,be:mun:55035,2026,2026-09-23T14:11:18.311365+00:00,8.5,final,2026-01-01,2026-12-31,1,2026-09-23T14:11:18.311365+00:00
MUN_IPP_ADDITIONAL_RATE,be:mun:55040,2024,2026-09-23T14:11:18.311365+00:00,8.0,final,2024-01-01,2024-12-31,1,2026-09-23T14:11:18.311365+00:00
MUN_IPP_ADDITIONAL_RATE,be:mun:55040,2025,2026-09-23T14:11:18.311365+00:00,8.0,final,2025-01-01,2025-12-31,1,2026-09-23T14:11:18.311365+00:00
MUN_IPP_ADDITIONAL_RATE,be:mun:55040,2026,2026-09-23T14:11:18.311365+00:00,8.0,final,2026-01-01,2026-12-31,1,2026-09-23T14:11:18.311365+00:00
MUN_IPP_ADDITIONAL_RATE,be:mun:55050,2024,2026-09-23T14:11:18.311365+00:00,7.6,final,2024-01-01,2024-12-31,1,2026-09-23T14:11:18.311365+00:00
MUN_IPP_ADDITIONAL_RATE,be:mun:55050,2025,2026-09-23T14:11:18.311365+00:00,7.6,final,2025-01-01,2025-12-31,1,2026-09-23T14:11:18.311365+00:00
MUN_IPP_ADDITIONAL_RATE,be:mun:55050,2026,2026-09-23T14:11:18.311365+00:00,7.6,final,2026-01-01,2026-12-31,1,2026-09-23T14:11:18.311365+00:00
MUN_IPP_ADDITIONAL_RATE,be:mun:55085,2024,2026-09-23T14:11:18.311365+00:00,8.0,final,2024-01-01,2024-12-31,1,2026-09-23T14:11:18.311365+00:00
MUN_IPP_ADDITIONAL_RATE,be:mun:55085,2025,2026-09-23T14:11:18.311365+00:00,8.0,final,2025-01-01,2025-12-31,1,2026-09-23T14:11:18.311365+00:00
MUN_IPP_ADDITIONAL_RATE,be:mun:55085,2026,2026-09-23T14:11:18.311365+00:00,8.0,final,2026-01-01,2026-12-31,1,2026-09-23T14:11:18.311365+00:00
MUN_IPP_ADDITIONAL_RATE,be:mun:55086,2024,2026-09-23T14:11:18.311365+00:00,8.0,final,2024-01-01,2024-12-31,1,2026-09-23T14:11:18.311365+00:00
MUN_IPP_ADDITIONAL_RATE,be:mun:55086,2025,2026-09-23T14:11:18.311365+00:00,8.0,final,2025-01-01,2025-12-31,1,2026-09-23T14:11:18.311365+00:00
MUN_IPP_ADDITIONAL_RATE,be:mun:55086,2026,2026-09-23T14:11:18.311365+00:00,8.0,final,2026-01-01,2026-12-31,1,2026-09-23T14:11:18.311365+00:00
MUN_IPP_ADDITIONAL_RATE,be:mun:56001,2024,2026-09-23T14:11:18.311365+00:00,8.8,final,2024-01-01,2024-12-31,1,2026-09-23T14:11:18.311365+00:00
MUN_IPP_ADDITIONAL_RATE,be:mun:56001,2025,2026-09-23T14:11:18.311365+00:00,8.8,final,2025-01-01,2025-12-31,1,2026-09-23T14:11:18.311365+00:00
MUN_IPP_ADDITIONAL_RATE,be:mun:56001,2026,2026-09-23T14:11:18.311365+00:00,8.8,final,2026-01-01,2026-12-31,1,2026-09-23T14:11:18.311365+00:00
MUN_IPP_ADDITIONAL_RATE,be:mun:56005,2024,2026-09-23T14:11:18.311365+00:00,8.8,final,2024-01-01,2024-12-31,1,2026-09-23T14:11:18.311365+00:00
MUN_IPP_ADDITIONAL_RATE,be:mun:56005,2025,2026-09-23T14:11:18.311365+00:00,8.8,final,2025-01-01,2025-12-31,1,2026-09-23T14:11:18.311365+00:00
MUN_IPP_ADDITIONAL_RATE,be:mun:56005,2026,2026-09-23T14:11:18.311365+00:00,8.8,final,2026-01-01,2026-12-31,1,2026-09-23T14:11:18.311365+00:00
MUN_IPP_ADDITIONAL_RATE,be:mun:56016,2024,2026-09-23T14:11:18.311365+00:00,8.0,final,2024-01-01,2024-12-31,1,2026-09-23T14:11:18.311365+00:00
MUN_IPP_ADDITIONAL_RATE,be:mun:56016,2025,2026-09-23T14:11:18.311365+00:00,8.0,final,2025-01-01,2025-12-31,1,2026-09-23T14:11:18.311365+00:00
MUN_IPP_ADDITIONAL_RATE,be:mun:56016,2026,2026-09-23T14:11:18.311365+00:00,8.0,final,2026-01-01,2026-12-31,1,2026-09-23T14:11:18.311365+00:00
MUN_IPP_ADDITIONAL_RATE,be:mun:56022,2024,2026-09-23T14:11:18.311365+00:00,8.5,final,2024-01-01,2024-12-31,1,2026-09-23T14:11:18.311365+00:00
MUN_IPP_ADDITIONAL_RATE,be:mun:56022,2025,2026-09-23T14:11:18.311365+00:00,8.5,final,2025-01-01,2025-12-31,1,2026-09-23T14:11:18.311365+00:00
MUN_IPP_ADDITIONAL_RATE,be:mun:56022,2026,2026-09-23T14:11:18.311365+00:00,8.5,final,2026-01-01,2026-12-31,1,2026-09-23T14:11:18.311365+00:00
MUN_IPP_ADDITIONAL_RATE,be:mun:56029,2024,2026-09-23T14:11:18.311365+00:00,8.0,final,2024-01-01,2024-12-31,1,2026-09-23T14:11:18.311365+00:00
MUN_IPP_ADDITIONAL_RATE,be:mun:56029,2025,2026-09-23T14:11:18.311365+00:00,8.0,final,2025-01-01,2025-12-31,1,2026-09-23T14:11:18.311365+00:00
MUN_IPP_ADDITIONAL_RATE,be:mun:56029,2026,2026-09-23T14:11:18.311365+00:00,8.5,final,2026-01-01,2026-12-31,1,2026-09-23T14:11:18.311365+00:00
MUN_IPP_ADDITIONAL_RATE,be:mun:56044,2024,2026-09-23T14:11:18.311365+00:00,8.0,final,2024-01-01,2024-12-31,1,2026-09-23T14:11:18.311365+00:00
MUN_IPP_ADDITIONAL_RATE,be:mun:56044,2025,2026-09-23T14:11:18.311365+00:00,8.0,final,2025-01-01,2025-12-31,1,2026-09-23T14:11:18.311365+00:00
MUN_IPP_ADDITIONAL_RATE,be:mun:56044,2026,2026-09-23T14:11:18.311365+00:00,8.5,final,2026-01-01,2026-12-31,1,2026-09-23T14:11:18.311365+00:00
MUN_IPP_ADDITIONAL_RATE,be:mun:56049,2024,2026-09-23T14:11:18.311365+00:00,8.1,final,2024-01-01,2024-12-31,1,2026-09-23T14:11:18.311365+00:00
MUN_IPP_ADDITIONAL_RATE,be:mun:56049,2025,2026-09-23T14:11:18.311365+00:00,8.1,final,2025-01-01,2025-12-31,1,2026-09-23T14:11:18.311365+00:00
MUN_IPP_ADDITIONAL_RATE,be:mun:56049,2026,2026-09-23T14:11:18.311365+00:00,8.1,final,2026-01-01,2026-12-31,1,2026-09-23T14:11:18.311365+00:00
MUN_IPP_ADDITIONAL_RATE,be:mun:56051,2024,2026-09-23T14:11:18.311365+00:00,8.5,final,2024-01-01,2024-12-31,1,2026-09-23T14:11:18.311365+00:00
MUN_IPP_ADDITIONAL_RATE,be:mun:56051,2025,2026-09-23T14:11:18.311365+00:00,8.5,final,2025-01-01,2025-12-31,1,2026-09-23T14:11:18.311365+00:00
MUN_IPP_ADDITIONAL_RATE,be:mun:56051,2026,2026-09-23T14:11:18.311365+00:00,8.5,final,2026-01-01,2026-12-31,1,2026-09-23T14:11:18.311365+00:00
MUN_IPP_ADDITIONAL_RATE,be:mun:56078,2024,2026-09-23T14:11:18.311365+00:00,8.5,final,2024-01-01,2024-12-31,1,2026-09-23T14:11:18.311365+00:00
MUN_IPP_ADDITIONAL_RATE,be:mun:56078,2025,2026-09-23T14:11:18.311365+00:00,8.5,final,2025-01-01,2025-12-31,1,2026-09-23T14:11:18.311365+00:00
MUN_IPP_ADDITIONAL_RATE,be:mun:56078,2026,2026-09-23T14:11:18.311365+00:00,8.4,final,2026-01-01,2026-12-31,1,2026-09-23T14:11:18.311365+00:00
MUN_IPP_ADDITIONAL_RATE,be:mun:56086,2024,2026-09-23T14:11:18.311365+00:00,8.0,final,2024-01-01,2024-12-31,1,2026-09-23T14:11:18.311365+00:00
MUN_IPP_ADDITIONAL_RATE,be:mun:56086,2025,2026-09-23T14:11:18.311365+00:00,8.0,final,2025-01-01,2025-12-31,1,2026-09-23T14:11:18.311365+00:00
MUN_IPP_ADDITIONAL_RATE,be:mun:56086,2026,2026-09-23T14:11:18.311365+00:00,8.0,final,2026-01-01,2026-12-31,1,2026-09-23T14:11:18.311365+00:00
MUN_IPP_ADDITIONAL_RATE,be:mun:56088,2024,2026-09-23T14:11:18.311365+00:00,8.8,final,2024-01-01,2024-12-31,1,2026-09-23T14:11:18.311365+00:00
MUN_IPP_ADDITIONAL_RATE,be:mun:56088,2025,2026-09-23T14:11:18.311365+00:00,8.8,final,2025-01-01,2025-12-31,1,2026-09-23T14:11:18.311365+00:00
MUN_IPP_ADDITIONAL_RATE,be:mun:56088,2026,2026-09-23T14:11:18.311365+00:00,8.8,final,2026-01-01,2026-12-31,1,2026-09-23T14:11:18.311365+00:00
MUN_IPP_ADDITIONAL_RATE,be:mun:57003,2024,2026-09-23T14:11:18.311365+00:00,7.0,final,2024-01-01,2024-12-31,1,2026-09-23T14:11:18.311365+00:00
MUN_IPP_ADDITIONAL_RATE,be:mun:57003,2025,2026-09-23T14:11:18.311365+00:00,7.0,final,2025-01-01,2025-12-31,1,2026-09-23T14:11:18.311365+00:00
MUN_IPP_ADDITIONAL_RATE,be:mun:57003,2026,2026-09-23T14:11:18.311365+00:00,7.0,final,2026-01-01,2026-12-31,1,2026-09-23T14:11:18.311365+00:00
MUN_IPP_ADDITIONAL_RATE,be:mun:57018,2024,2026-09-23T14:11:18.311365+00:00,8.2,final,2024-01-01,2024-12-31,1,2026-09-23T14:11:18.311365+00:00
MUN_IPP_ADDITIONAL_RATE,be:mun:57018,2025,2026-09-23T14:11:18.311365+00:00,8.2,final,2025-01-01,2025-12-31,1,2026-09-23T14:11:18.311365+00:00
MUN_IPP_ADDITIONAL_RATE,be:mun:57018,2026,2026-09-23T14:11:18.311365+00:00,8.2,final,2026-01-01,2026-12-31,1,2026-09-23T14:11:18.311365+00:00
MUN_IPP_ADDITIONAL_RATE,be:mun:57027,2024,2026-09-23T14:11:18.311365+00:00,8.8,final,2024-01-01,2024-12-31,1,2026-09-23T14:11:18.311365+00:00
MUN_IPP_ADDITIONAL_RATE,be:mun:57027,2025,2026-09-23T14:11:18.311365+00:00,8.8,final,2025-01-01,2025-12-31,1,2026-09-23T14:11:18.311365+00:00
MUN_IPP_ADDITIONAL_RATE,be:mun:57027,2026,2026-09-23T14:11:18.311365+00:00,8.8,final,2026-01-01,2026-12-31,1,2026-09-23T14:11:18.311365+00:00
MUN_IPP_ADDITIONAL_RATE,be:mun:57062,2024,2026-09-23T14:11:18.311365+00:00,8.8,final,2024-01-01,2024-12-31,1,2026-09-23T14:11:18.311365+00:00
MUN_IPP_ADDITIONAL_RATE,be:mun:57062,2025,2026-09-23T14:11:18.311365+00:00,8.8,final,2025-01-01,2025-12-31,1,2026-09-23T14:11:18.311365+00:00
MUN_IPP_ADDITIONAL_RATE,be:mun:57062,2026,2026-09-23T14:11:18.311365+00:00,8.8,final,2026-01-01,2026-12-31,1,2026-09-23T14:11:18.311365+00:00
MUN_IPP_ADDITIONAL_RATE,be:mun:57064,2024,2026-09-23T14:11:18.311365+00:00,8.5,final,2024-01-01,2024-12-31,1,2026-09-23T14:11:18.311365+00:00
MUN_IPP_ADDITIONAL_RATE,be:mun:57064,2025,2026-09-23T14:11:18.311365+00:00,8.5,final,2025-01-01,2025-12-31,1,2026-09-23T14:11:18.311365+00:00
MUN_IPP_ADDITIONAL_RATE,be:mun:57064,2026,2026-09-23T14:11:18.311365+00:00,8.5,final,2026-01-01,2026-12-31,1,2026-09-23T14:11:18.311365+00:00
MUN_IPP_ADDITIONAL_RATE,be:mun:57072,2024,2026-09-23T14:11:18.311365+00:00,8.5,final,2024-01-01,2024-12-31,1,2026-09-23T14:11:18.311365+00:00
MUN_IPP_ADDITIONAL_RATE,be:mun:57072,2025,2026-09-23T14:11:18.311365+00:00,8.5,final,2025-01-01,2025-12-31,1,2026-09-23T14:11:18.311365+00:00
MUN_IPP_ADDITIONAL_RATE,be:mun:57072,2026,2026-09-23T14:11:18.311365+00:00,8.5,final,2026-01-01,2026-12-31,1,2026-09-23T14:11:18.311365+00:00
MUN_IPP_ADDITIONAL_RATE,be:mun:57081,2024,2026-09-23T14:11:18.311365+00:00,8.8,final,2024-01-01,2024-12-31,1,2026-09-23T14:11:18.311365+00:00
MUN_IPP_ADDITIONAL_RATE,be:mun:57081,2025,2026-09-23T14:11:18.311365+00:00,8.8,final,2025-01-01,2025-12-31,1,2026-09-23T14:11:18.311365+00:00
MUN_IPP_ADDITIONAL_RATE,be:mun:57081,2026,2026-09-23T14:11:18.311365+00:00,8.8,final,2026-01-01,2026-12-31,1,2026-09-23T14:11:18.311365+00:00
MUN_IPP_ADDITIONAL_RATE,be:mun:57093,2024,2026-09-23T14:11:18.311365+00:00,8.2,final,2024-01-01,2024-12-31,1,2026-09-23T14:11:18.311365+00:00
MUN_IPP_ADDITIONAL_RATE,be:mun:57093,2025,2026-09-23T14:11:18.311365+00:00,8.2,final,2025-01-01,2025-12-31,1,2026-09-23T14:11:18.311365+00:00
MUN_IPP_ADDITIONAL_RATE,be:mun:57093,2026,2026-09-23T14:11:18.311365+00:00,8.8,final,2026-01-01,2026-12-31,1,2026-09-23T14:11:18.311365+00:00
MUN_IPP_ADDITIONAL_RATE,be:mun:57094,2024,2026-09-23T14:11:18.311365+00:00,8.8,final,2024-01-01,2024-12-31,1,2026-09-23T14:11:18.311365+00:00
MUN_IPP_ADDITIONAL_RATE,be:mun:57094,2025,2026-09-23T14:11:18.311365+00:00,8.8,final,2025-01-01,2025-12-31,1,2026-09-23T14:11:18.311365+00:00
MUN_IPP_ADDITIONAL_RATE,be:mun:57094,2026,2026-09-23T14:11:18.311365+00:00,8.8,final,2026-01-01,2026-12-31,1,2026-09-23T14:11:18.311365+00:00
MUN_IPP_ADDITIONAL_RATE,be:mun:57095,2024,2026-09-23T14:11:18.311365+00:00,8.0,final,2024-01-01,2024-12-31,1,2026-09-23T14:11:18.311365+00:00
MUN_IPP_ADDITIONAL_RATE,be:mun:57095,2025,2026-09-23T14:11:18.311365+00:00,8.0,final,2025-01-01,2025-12-31,1,2026-09-23T14:11:18.311365+00:00
MUN_IPP_ADDITIONAL_RATE,be:mun:57095,2026,2026-09-23T14:11:18.311365+00:00,8.0,final,2026-01-01,2026-12-31,1,2026-09-23T14:11:18.311365+00:00
MUN_IPP_ADDITIONAL_RATE,be:mun:57096,2024,2026-09-23T14:11:18.311365+00:00,8.8,final,2024-01-01,2024-12-31,1,2026-09-23T14:11:18.311365+00:00
MUN_IPP_ADDITIONAL_RATE,be:mun:57096,2025,2026-09-23T14:11:18.311365+00:00,8.8,final,2025-01-01,2025-12-31,1,2026-09-23T14:11:18.311365+00:00
MUN_IPP_ADDITIONAL_RATE,be:mun:57096,2026,2026-09-23T14:11:18.311365+00:00,8.8,final,2026-01-01,2026-12-31,1,2026-09-23T14:11:18.311365+00:00
MUN_IPP_ADDITIONAL_RATE,be:mun:57097,2024,2026-09-23T14:11:18.311365+00:00,7.5,final,2024-01-01,2024-12-31,1,2026-09-23T14:11:18.311365+00:00
MUN_IPP_ADDITIONAL_RATE,be:mun:57097,2025,2026-09-23T14:11:18.311365+00:00,7.5,final,2025-01-01,2025-12-31,1,2026-09-23T14:11:18.311365+00:00
MUN_IPP_ADDITIONAL_RATE,be:mun:57097,2026,2026-09-23T14:11:18.311365+00:00,7.5,final,2026-01-01,2026-12-31,1,2026-09-23T14:11:18.311365+00:00
MUN_IPP_ADDITIONAL_RATE,be:mun:58001,2024,2026-09-23T14:11:18.311365+00:00,8.8,final,2024-01-01,2024-12-31,1,2026-09-23T14:11:18.311365+00:00
MUN_IPP_ADDITIONAL_RATE,be:mun:58001,2025,2026-09-23T14:11:18.311365+00:00,8.8,final,2025-01-01,2025-12-31,1,2026-09-23T14:11:18.311365+00:00
MUN_IPP_ADDITIONAL_RATE,be:mun:58001,2026,2026-09-23T14:11:18.311365+00:00,8.8,final,2026-01-01,2026-12-31,1,2026-09-23T14:11:18.311365+00:00
MUN_IPP_ADDITIONAL_RATE,be:mun:58002,2024,2026-09-23T14:11:18.311365+00:00,8.0,final,2024-01-01,2024-12-31,1,2026-09-23T14:11:18.311365+00:00
MUN_IPP_ADDITIONAL_RATE,be:mun:58002,2025,2026-09-23T14:11:18.311365+00:00,8.0,final,2025-01-01,2025-12-31,1,2026-09-23T14:11:18.311365+00:00
MUN_IPP_ADDITIONAL_RATE,be:mun:58002,2026,2026-09-23T14:11:18.311365+00:00,8.0,final,2026-01-01,2026-12-31,1,2026-09-23T14:11:18.311365+00:00
MUN_IPP_ADDITIONAL_RATE,be:mun:58003,2024,2026-09-23T14:11:18.311365+00:00,8.5,final,2024-01-01,2024-12-31,1,2026-09-23T14:11:18.311365+00:00
MUN_IPP_ADDITIONAL_RATE,be:mun:58003,2025,2026-09-23T14:11:18.311365+00:00,8.5,final,2025-01-01,2025-12-31,1,2026-09-23T14:11:18.311365+00:00
MUN_IPP_ADDITIONAL_RATE,be:mun:58003,2026,2026-09-23T14:11:18.311365+00:00,8.5,final,2026-01-01,2026-12-31,1,2026-09-23T14:11:18.311365+00:00
MUN_IPP_ADDITIONAL_RATE,be:mun:58004,2024,2026-09-23T14:11:18.311365+00:00,8.0,final,2024-01-01,2024-12-31,1,2026-09-23T14:11:18.311365+00:00
MUN_IPP_ADDITIONAL_RATE,be:mun:58004,2025,2026-09-23T14:11:18.311365+00:00,8.0,final,2025-01-01,2025-12-31,1,2026-09-23T14:11:18.311365+00:00
MUN_IPP_ADDITIONAL_RATE,be:mun:58004,2026,2026-09-23T14:11:18.311365+00:00,8.8,final,2026-01-01,2026-12-31,1,2026-09-23T14:11:18.311365+00:00
MUN_IPP_ADDITIONAL_RATE,be:mun:61003,2024,2026-09-23T14:11:18.311365+00:00,8.5,final,2024-01-01,2024-12-31,1,2026-09-23T14:11:18.311365+00:00
MUN_IPP_ADDITIONAL_RATE,be:mun:61003,2025,2026-09-23T14:11:18.311365+00:00,8.5,final,2025-01-01,2025-12-31,1,2026-09-23T14:11:18.311365+00:00
MUN_IPP_ADDITIONAL_RATE,be:mun:61003,2026,2026-09-23T14:11:18.311365+00:00,8.5,final,2026-01-01,2026-12-31,1,2026-09-23T14:11:18.311365+00:00
MUN_IPP_ADDITIONAL_RATE,be:mun:61010,2024,2026-09-23T14:11:18.311365+00:00,8.0,final,2024-01-01,2024-12-31,1,2026-09-23T14:11:18.311365+00:00
MUN_IPP_ADDITIONAL_RATE,be:mun:61010,2025,2026-09-23T14:11:18.311365+00:00,8.0,final,2025-01-01,2025-12-31,1,2026-09-23T14:11:18.311365+00:00
MUN_IPP_ADDITIONAL_RATE,be:mun:61010,2026,2026-09-23T14:11:18.311365+00:00,8.0,final,2026-01-01,2026-12-31,1,2026-09-23T14:11:18.311365+00:00
MUN_IPP_ADDITIONAL_RATE,be:mun:61012,2024,2026-09-23T14:11:18.311365+00:00,8.5,final,2024-01-01,2024-12-31,1,2026-09-23T14:11:18.311365+00:00
MUN_IPP_ADDITIONAL_RATE,be:mun:61012,2025,2026-09-23T14:11:18.311365+00:00,8.5,final,2025-01-01,2025-12-31,1,2026-09-23T14:11:18.311365+00:00
MUN_IPP_ADDITIONAL_RATE,be:mun:61012,2026,2026-09-23T14:11:18.311365+00:00,8.5,final,2026-01-01,2026-12-31,1,2026-09-23T14:11:18.311365+00:00
MUN_IPP_ADDITIONAL_RATE,be:mun:61019,2024,2026-09-23T14:11:18.311365+00:00,8.5,final,2024-01-01,2024-12-31,1,2026-09-23T14:11:18.311365+00:00
MUN_IPP_ADDITIONAL_RATE,be:mun:61019,2025,2026-09-23T14:11:18.311365+00:00,8.5,final,2025-01-01,2025-12-31,1,2026-09-23T14:11:18.311365+00:00
MUN_IPP_ADDITIONAL_RATE,be:mun:61019,2026,2026-09-23T14:11:18.311365+00:00,8.5,final,2026-01-01,2026-12-31,1,2026-09-23T14:11:18.311365+00:00
MUN_IPP_ADDITIONAL_RATE,be:mun:61024,2024,2026-09-23T14:11:18.311365+00:00,8.8,final,2024-01-01,2024-12-31,1,2026-09-23T14:11:18.311365+00:00
MUN_IPP_ADDITIONAL_RATE,be:mun:61024,2025,2026-09-23T14:11:18.311365+00:00,8.8,final,2025-01-01,2025-12-31,1,2026-09-23T14:11:18.311365+00:00
MUN_IPP_ADDITIONAL_RATE,be:mun:61024,2026,2026-09-23T14:11:18.311365+00:00,8.8,final,2026-01-01,2026-12-31,1,2026-09-23T14:11:18.311365+00:00
MUN_IPP_ADDITIONAL_RATE,be:mun:61028,2024,2026-09-23T14:11:18.311365+00:00,8.2,final,2024-01-01,2024-12-31,1,2026-09-23T14:11:18.311365+00:00
MUN_IPP_ADDITIONAL_RATE,be:mun:61028,2025,2026-09-23T14:11:18.311365+00:00,8.2,final,2025-01-01,2025-12-31,1,2026-09-23T14:11:18.311365+00:00
MUN_IPP_ADDITIONAL_RATE,be:mun:61028,2026,2026-09-23T14:11:18.311365+00:00,8.2,final,2026-01-01,2026-12-31,1,2026-09-23T14:11:18.311365+00:00
MUN_IPP_ADDITIONAL_RATE,be:mun:61031,2024,2026-09-23T14:11:18.311365+00:00,8.0,final,2024-01-01,2024-12-31,1,2026-09-23T14:11:18.311365+00:00
MUN_IPP_ADDITIONAL_RATE,be:mun:61031,2025,2026-09-23T14:11:18.311365+00:00,8.0,final,2025-01-01,2025-12-31,1,2026-09-23T14:11:18.311365+00:00
MUN_IPP_ADDITIONAL_RATE,be:mun:61031,2026,2026-09-23T14:11:18.311365+00:00,8.8,final,2026-01-01,2026-12-31,1,2026-09-23T14:11:18.311365+00:00
MUN_IPP_ADDITIONAL_RATE,be:mun:61039,2024,2026-09-23T14:11:18.311365+00:00,8.8,final,2024-01-01,2024-12-31,1,2026-09-23T14:11:18.311365+00:00
MUN_IPP_ADDITIONAL_RATE,be:mun:61039,2025,2026-09-23T14:11:18.311365+00:00,8.8,final,2025-01-01,2025-12-31,1,2026-09-23T14:11:18.311365+00:00
MUN_IPP_ADDITIONAL_RATE,be:mun:61039,2026,2026-09-23T14:11:18.311365+00:00,8.8,final,2026-01-01,2026-12-31,1,2026-09-23T14:11:18.311365+00:00
MUN_IPP_ADDITIONAL_RATE,be:mun:61041,2024,2026-09-23T14:11:18.311365+00:00,8.0,final,2024-01-01,2024-12-31,1,2026-09-23T14:11:18.311365+00:00
MUN_IPP_ADDITIONAL_RATE,be:mun:61041,2025,2026-09-23T14:11:18.311365+00:00,8.0,final,2025-01-01,2025-12-31,1,2026-09-23T14:11:18.311365+00:00
MUN_IPP_ADDITIONAL_RATE,be:mun:61041,2026,2026-09-23T14:11:18.311365+00:00,8.0,final,2026-01-01,2026-12-31,1,2026-09-23T14:11:18.311365+00:00
MUN_IPP_ADDITIONAL_RATE,be:mun:61043,2024,2026-09-23T14:11:18.311365+00:00,8.5,final,2024-01-01,2024-12-31,1,2026-09-23T14:11:18.311365+00:00
MUN_IPP_ADDITIONAL_RATE,be:mun:61043,2025,2026-09-23T14:11:18.311365+00:00,8.5,final,2025-01-01,2025-12-31,1,2026-09-23T14:11:18.311365+00:00
MUN_IPP_ADDITIONAL_RATE,be:mun:61043,2026,2026-09-23T14:11:18.311365+00:00,8.5,final,2026-01-01,2026-12-31,1,2026-09-23T14:11:18.311365+00:00
MUN_IPP_ADDITIONAL_RATE,be:mun:61048,2024,2026-09-23T14:11:18.311365+00:00,8.0,final,2024-01-01,2024-12-31,1,2026-09-23T14:11:18.311365+00:00
MUN_IPP_ADDITIONAL_RATE,be:mun:61048,2025,2026-09-23T14:11:18.311365+00:00,8.0,final,2025-01-01,2025-12-31,1,2026-09-23T14:11:18.311365+00:00
MUN_IPP_ADDITIONAL_RATE,be:mun:61048,2026,2026-09-23T14:11:18.311365+00:00,8.0,final,2026-01-01,2026-12-31,1,2026-09-23T14:11:18.311365+00:00
MUN_IPP_ADDITIONAL_RATE,be:mun:61063,2024,2026-09-23T14:11:18.311365+00:00,7.8,final,2024-01-01,2024-12-31,1,2026-09-23T14:11:18.311365+00:00
MUN_IPP_ADDITIONAL_RATE,be:mun:61063,2025,2026-09-23T14:11:18.311365+00:00,7.8,final,2025-01-01,2025-12-31,1,2026-09-23T14:11:18.311365+00:00
MUN_IPP_ADDITIONAL_RATE,be:mun:61063,2026,2026-09-23T14:11:18.311365+00:00,7.8,final,2026-01-01,2026-12-31,1,2026-09-23T14:11:18.311365+00:00
MUN_IPP_ADDITIONAL_RATE,be:mun:61068,2024,2026-09-23T14:11:18.311365+00:00,8.4,final,2024-01-01,2024-12-31,1,2026-09-23T14:11:18.311365+00:00
MUN_IPP_ADDITIONAL_RATE,be:mun:61068,2025,2026-09-23T14:11:18.311365+00:00,8.4,final,2025-01-01,2025-12-31,1,2026-09-23T14:11:18.311365+00:00
MUN_IPP_ADDITIONAL_RATE,be:mun:61068,2026,2026-09-23T14:11:18.311365+00:00,8.4,final,2026-01-01,2026-12-31,1,2026-09-23T14:11:18.311365+00:00
MUN_IPP_ADDITIONAL_RATE,be:mun:61072,2024,2026-09-23T14:11:18.311365+00:00,7.9,final,2024-01-01,2024-12-31,1,2026-09-23T14:11:18.311365+00:00
MUN_IPP_ADDITIONAL_RATE,be:mun:61072,2025,2026-09-23T14:11:18.311365+00:00,7.9,final,2025-01-01,2025-12-31,1,2026-09-23T14:11:18.311365+00:00
MUN_IPP_ADDITIONAL_RATE,be:mun:61072,2026,2026-09-23T14:11:18.311365+00:00,8.4,final,2026-01-01,2026-12-31,1,2026-09-23T14:11:18.311365+00:00
MUN_IPP_ADDITIONAL_RATE,be:mun:61079,2024,2026-09-23T14:11:18.311365+00:00,8.5,final,2024-01-01,2024-12-31,1,2026-09-23T14:11:18.311365+00:00
MUN_IPP_ADDITIONAL_RATE,be:mun:61079,2025,2026-09-23T14:11:18.311365+00:00,8.5,final,2025-01-01,2025-12-31,1,2026-09-23T14:11:18.311365+00:00
MUN_IPP_ADDITIONAL_RATE,be:mun:61079,2026,2026-09-23T14:11:18.311365+00:00,8.5,final,2026-01-01,2026-12-31,1,2026-09-23T14:11:18.311365+00:00
MUN_IPP_ADDITIONAL_RATE,be:mun:61080,2024,2026-09-23T14:11:18.311365+00:00,8.0,final,2024-01-01,2024-12-31,1,2026-09-23T14:11:18.311365+00:00
MUN_IPP_ADDITIONAL_RATE,be:mun:61080,2025,2026-09-23T14:11:18.311365+00:00,8.0,final,2025-01-01,2025-12-31,1,2026-09-23T14:11:18.311365+00:00
MUN_IPP_ADDITIONAL_RATE,be:mun:61080,2026,2026-09-23T14:11:18.311365+00:00,8.0,final,2026-01-01,2026-12-31,1,2026-09-23T14:11:18.311365+00:00
MUN_IPP_ADDITIONAL_RATE,be:mun:61081,2024,2026-09-23T14:11:18.311365+00:00,8.0,final,2024-01-01,2024-12-31,1,2026-09-23T14:11:18.311365+00:00
MUN_IPP_ADDITIONAL_RATE,be:mun:61081,2025,2026-09-23T14:11:18.311365+00:00,8.0,final,2025-01-01,2025-12-31,1,2026-09-23T14:11:18.311365+00:00
MUN_IPP_ADDITIONAL_RATE,be:mun:61081,2026,2026-09-23T14:11:18.311365+00:00,8.0,final,2026-01-01,2026-12-31,1,2026-09-23T14:11:18.311365+00:00
MUN_IPP_ADDITIONAL_RATE,be:mun:62003,2024,2026-09-23T14:11:18.311365+00:00,8.5,final,2024-01-01,2024-12-31,1,2026-09-23T14:11:18.311365+00:00
MUN_IPP_ADDITIONAL_RATE,be:mun:62003,2025,2026-09-23T14:11:18.311365+00:00,8.5,final,2025-01-01,2025-12-31,1,2026-09-23T14:11:18.311365+00:00
MUN_IPP_ADDITIONAL_RATE,be:mun:62003,2026,2026-09-23T14:11:18.311365+00:00,8.5,final,2026-01-01,2026-12-31,1,2026-09-23T14:11:18.311365+00:00
MUN_IPP_ADDITIONAL_RATE,be:mun:62006,2024,2026-09-23T14:11:18.311365+00:00,8.5,final,2024-01-01,2024-12-31,1,2026-09-23T14:11:18.311365+00:00
MUN_IPP_ADDITIONAL_RATE,be:mun:62006,2025,2026-09-23T14:11:18.311365+00:00,8.5,final,2025-01-01,2025-12-31,1,2026-09-23T14:11:18.311365+00:00
MUN_IPP_ADDITIONAL_RATE,be:mun:62006,2026,2026-09-23T14:11:18.311365+00:00,8.5,final,2026-01-01,2026-12-31,1,2026-09-23T14:11:18.311365+00:00
MUN_IPP_ADDITIONAL_RATE,be:mun:62009,2024,2026-09-23T14:11:18.311365+00:00,8.5,final,2024-01-01,2024-12-31,1,2026-09-23T14:11:18.311365+00:00
MUN_IPP_ADDITIONAL_RATE,be:mun:62009,2025,2026-09-23T14:11:18.311365+00:00,8.5,final,2025-01-01,2025-12-31,1,2026-09-23T14:11:18.311365+00:00
MUN_IPP_ADDITIONAL_RATE,be:mun:62009,2026,2026-09-23T14:11:18.311365+00:00,8.5,final,2026-01-01,2026-12-31,1,2026-09-23T14:11:18.311365+00:00
MUN_IPP_ADDITIONAL_RATE,be:mun:62011,2024,2026-09-23T14:11:18.311365+00:00,8.0,final,2024-01-01,2024-12-31,1,2026-09-23T14:11:18.311365+00:00
MUN_IPP_ADDITIONAL_RATE,be:mun:62011,2025,2026-09-23T14:11:18.311365+00:00,8.0,final,2025-01-01,2025-12-31,1,2026-09-23T14:11:18.311365+00:00
MUN_IPP_ADDITIONAL_RATE,be:mun:62011,2026,2026-09-23T14:11:18.311365+00:00,8.0,final,2026-01-01,2026-12-31,1,2026-09-23T14:11:18.311365+00:00
MUN_IPP_ADDITIONAL_RATE,be:mun:62015,2024,2026-09-23T14:11:18.311365+00:00,8.5,final,2024-01-01,2024-12-31,1,2026-09-23T14:11:18.311365+00:00
MUN_IPP_ADDITIONAL_RATE,be:mun:62015,2025,2026-09-23T14:11:18.311365+00:00,8.5,final,2025-01-01,2025-12-31,1,2026-09-23T14:11:18.311365+00:00
MUN_IPP_ADDITIONAL_RATE,be:mun:62015,2026,2026-09-23T14:11:18.311365+00:00,8.5,final,2026-01-01,2026-12-31,1,2026-09-23T14:11:18.311365+00:00
MUN_IPP_ADDITIONAL_RATE,be:mun:62022,2024,2026-09-23T14:11:18.311365+00:00,8.0,final,2024-01-01,2024-12-31,1,2026-09-23T14:11:18.311365+00:00
MUN_IPP_ADDITIONAL_RATE,be:mun:62022,2025,2026-09-23T14:11:18.311365+00:00,8.0,final,2025-01-01,2025-12-31,1,2026-09-23T14:11:18.311365+00:00
MUN_IPP_ADDITIONAL_RATE,be:mun:62022,2026,2026-09-23T14:11:18.311365+00:00,8.0,final,2026-01-01,2026-12-31,1,2026-09-23T14:11:18.311365+00:00
MUN_IPP_ADDITIONAL_RATE,be:mun:62026,2024,2026-09-23T14:11:18.311365+00:00,8.5,final,2024-01-01,2024-12-31,1,2026-09-23T14:11:18.311365+00:00
MUN_IPP_ADDITIONAL_RATE,be:mun:62026,2025,2026-09-23T14:11:18.311365+00:00,8.5,final,2025-01-01,2025-12-31,1,2026-09-23T14:11:18.311365+00:00
MUN_IPP_ADDITIONAL_RATE,be:mun:62026,2026,2026-09-23T14:11:18.311365+00:00,8.8,final,2026-01-01,2026-12-31,1,2026-09-23T14:11:18.311365+00:00
MUN_IPP_ADDITIONAL_RATE,be:mun:62027,2024,2026-09-23T14:11:18.311365+00:00,7.5,final,2024-01-01,2024-12-31,1,2026-09-23T14:11:18.311365+00:00
MUN_IPP_ADDITIONAL_RATE,be:mun:62027,2025,2026-09-23T14:11:18.311365+00:00,7.5,final,2025-01-01,2025-12-31,1,2026-09-23T14:11:18.311365+00:00
MUN_IPP_ADDITIONAL_RATE,be:mun:62027,2026,2026-09-23T14:11:18.311365+00:00,7.5,final,2026-01-01,2026-12-31,1,2026-09-23T14:11:18.311365+00:00
MUN_IPP_ADDITIONAL_RATE,be:mun:62032,2024,2026-09-23T14:11:18.311365+00:00,8.5,final,2024-01-01,2024-12-31,1,2026-09-23T14:11:18.311365+00:00
MUN_IPP_ADDITIONAL_RATE,be:mun:62032,2025,2026-09-23T14:11:18.311365+00:00,8.5,final,2025-01-01,2025-12-31,1,2026-09-23T14:11:18.311365+00:00
MUN_IPP_ADDITIONAL_RATE,be:mun:62032,2026,2026-09-23T14:11:18.311365+00:00,8.1,final,2026-01-01,2026-12-31,1,2026-09-23T14:11:18.311365+00:00
MUN_IPP_ADDITIONAL_RATE,be:mun:62038,2024,2026-09-23T14:11:18.311365+00:00,8.5,final,2024-01-01,2024-12-31,1,2026-09-23T14:11:18.311365+00:00
MUN_IPP_ADDITIONAL_RATE,be:mun:62038,2025,2026-09-23T14:11:18.311365+00:00,8.5,final,2025-01-01,2025-12-31,1,2026-09-23T14:11:18.311365+00:00
MUN_IPP_ADDITIONAL_RATE,be:mun:62038,2026,2026-09-23T14:11:18.311365+00:00,8.5,final,2026-01-01,2026-12-31,1,2026-09-23T14:11:18.311365+00:00
MUN_IPP_ADDITIONAL_RATE,be:mun:62051,2024,2026-09-23T14:11:18.311365+00:00,8.5,final,2024-01-01,2024-12-31,1,2026-09-23T14:11:18.311365+00:00
MUN_IPP_ADDITIONAL_RATE,be:mun:62051,2025,2026-09-23T14:11:18.311365+00:00,8.5,final,2025-01-01,2025-12-31,1,2026-09-23T14:11:18.311365+00:00
MUN_IPP_ADDITIONAL_RATE,be:mun:62051,2026,2026-09-23T14:11:18.311365+00:00,8.5,final,2026-01-01,2026-12-31,1,2026-09-23T14:11:18.311365+00:00
MUN_IPP_ADDITIONAL_RATE,be:mun:62060,2024,2026-09-23T14:11:18.311365+00:00,7.5,final,2024-01-01,2024-12-31,1,2026-09-23T14:11:18.311365+00:00
MUN_IPP_ADDITIONAL_RATE,be:mun:62060,2025,2026-09-23T14:11:18.311365+00:00,7.5,final,2025-01-01,2025-12-31,1,2026-09-23T14:11:18.311365+00:00
MUN_IPP_ADDITIONAL_RATE,be:mun:62060,2026,2026-09-23T14:11:18.311365+00:00,7.5,final,2026-01-01,2026-12-31,1,2026-09-23T14:11:18.311365+00:00
MUN_IPP_ADDITIONAL_RATE,be:mun:62063,2024,2026-09-23T14:11:18.311365+00:00,8.0,final,2024-01-01,2024-12-31,1,2026-09-23T14:11:18.311365+00:00
MUN_IPP_ADDITIONAL_RATE,be:mun:62063,2025,2026-09-23T14:11:18.311365+00:00,8.0,final,2025-01-01,2025-12-31,1,2026-09-23T14:11:18.311365+00:00
MUN_IPP_ADDITIONAL_RATE,be:mun:62063,2026,2026-09-23T14:11:18.311365+00:00,8.0,final,2026-01-01,2026-12-31,1,2026-09-23T14:11:18.311365+00:00
MUN_IPP_ADDITIONAL_RATE,be:mun:62079,2024,2026-09-23T14:11:18.311365+00:00,8.0,final,2024-01-01,2024-12-31,1,2026-09-23T14:11:18.311365+00:00
MUN_IPP_ADDITIONAL_RATE,be:mun:62079,2025,2026-09-23T14:11:18.311365+00:00,8.0,final,2025-01-01,2025-12-31,1,2026-09-23T14:11:18.311365+00:00
MUN_IPP_ADDITIONAL_RATE,be:mun:62079,2026,2026-09-23T14:11:18.311365+00:00,8.0,final,2026-01-01,2026-12-31,1,2026-09-23T14:11:18.311365+00:00
MUN_IPP_ADDITIONAL_RATE,be:mun:62093,2024,2026-09-23T14:11:18.311365+00:00,8.5,final,2024-01-01,2024-12-31,1,2026-09-23T14:11:18.311365+00:00
MUN_IPP_ADDITIONAL_RATE,be:mun:62093,2025,2026-09-23T14:11:18.311365+00:00,8.5,final,2025-01-01,2025-12-31,1,2026-09-23T14:11:18.311365+00:00
MUN_IPP_ADDITIONAL_RATE,be:mun:62093,2026,2026-09-23T14:11:18.311365+00:00,8.5,final,2026-01-01,2026-12-31,1,2026-09-23T14:11:18.311365+00:00
MUN_IPP_ADDITIONAL_RATE,be:mun:62096,2024,2026-09-23T14:11:18.311365+00:00,8.5,final,2024-01-01,2024-12-31,1,2026-09-23T14:11:18.311365+00:00
MUN_IPP_ADDITIONAL_RATE,be:mun:62096,2025,2026-09-23T14:11:18.311365+00:00,8.5,final,2025-01-01,2025-12-31,1,2026-09-23T14:11:18.311365+00:00
MUN_IPP_ADDITIONAL_RATE,be:mun:62096,2026,2026-09-23T14:11:18.311365+00:00,8.5,final,2026-01-01,2026-12-31,1,2026-09-23T14:11:18.311365+00:00
MUN_IPP_ADDITIONAL_RATE,be:mun:62099,2024,2026-09-23T14:11:18.311365+00:00,8.4,final,2024-01-01,2024-12-31,1,2026-09-23T14:11:18.311365+00:00
MUN_IPP_ADDITIONAL_RATE,be:mun:62099,2025,2026-09-23T14:11:18.311365+00:00,8.4,final,2025-01-01,2025-12-31,1,2026-09-23T14:11:18.311365+00:00
MUN_IPP_ADDITIONAL_RATE,be:mun:62099,2026,2026-09-23T14:11:18.311365+00:00,8.4,final,2026-01-01,2026-12-31,1,2026-09-23T14:11:18.311365+00:00
MUN_IPP_ADDITIONAL_RATE,be:mun:62100,2024,2026-09-23T14:11:18.311365+00:00,8.5,final,2024-01-01,2024-12-31,1,2026-09-23T14:11:18.311365+00:00
MUN_IPP_ADDITIONAL_RATE,be:mun:62100,2025,2026-09-23T14:11:18.311365+00:00,8.5,final,2025-01-01,2025-12-31,1,2026-09-23T14:11:18.311365+00:00
MUN_IPP_ADDITIONAL_RATE,be:mun:62100,2026,2026-09-23T14:11:18.311365+00:00,8.5,final,2026-01-01,2026-12-31,1,2026-09-23T14:11:18.311365+00:00
MUN_IPP_ADDITIONAL_RATE,be:mun:62108,2024,2026-09-23T14:11:18.311365+00:00,8.8,final,2024-01-01,2024-12-31,1,2026-09-23T14:11:18.311365+00:00
MUN_IPP_ADDITIONAL_RATE,be:mun:62108,2025,2026-09-23T14:11:18.311365+00:00,8.8,final,2025-01-01,2025-12-31,1,2026-09-23T14:11:18.311365+00:00
MUN_IPP_ADDITIONAL_RATE,be:mun:62108,2026,2026-09-23T14:11:18.311365+00:00,8.8,final,2026-01-01,2026-12-31,1,2026-09-23T14:11:18.311365+00:00
MUN_IPP_ADDITIONAL_RATE,be:mun:62118,2024,2026-09-23T14:11:18.311365+00:00,8.0,final,2024-01-01,2024-12-31,1,2026-09-23T14:11:18.311365+00:00
MUN_IPP_ADDITIONAL_RATE,be:mun:62118,2025,2026-09-23T14:11:18.311365+00:00,8.0,final,2025-01-01,2025-12-31,1,2026-09-23T14:11:18.311365+00:00
MUN_IPP_ADDITIONAL_RATE,be:mun:62118,2026,2026-09-23T14:11:18.311365+00:00,8.0,final,2026-01-01,2026-12-31,1,2026-09-23T14:11:18.311365+00:00
MUN_IPP_ADDITIONAL_RATE,be:mun:62119,2024,2026-09-23T14:11:18.311365+00:00,8.5,final,2024-01-01,2024-12-31,1,2026-09-23T14:11:18.311365+00:00
MUN_IPP_ADDITIONAL_RATE,be:mun:62119,2025,2026-09-23T14:11:18.311365+00:00,8.5,final,2025-01-01,2025-12-31,1,2026-09-23T14:11:18.311365+00:00
MUN_IPP_ADDITIONAL_RATE,be:mun:62119,2026,2026-09-23T14:11:18.311365+00:00,8.5,final,2026-01-01,2026-12-31,1,2026-09-23T14:11:18.311365+00:00
MUN_IPP_ADDITIONAL_RATE,be:mun:62120,2024,2026-09-23T14:11:18.311365+00:00,8.0,final,2024-01-01,2024-12-31,1,2026-09-23T14:11:18.311365+00:00
MUN_IPP_ADDITIONAL_RATE,be:mun:62120,2025,2026-09-23T14:11:18.311365+00:00,8.0,final,2025-01-01,2025-12-31,1,2026-09-23T14:11:18.311365+00:00
MUN_IPP_ADDITIONAL_RATE,be:mun:62120,2026,2026-09-23T14:11:18.311365+00:00,8.0,final,2026-01-01,2026-12-31,1,2026-09-23T14:11:18.311365+00:00
MUN_IPP_ADDITIONAL_RATE,be:mun:62121,2024,2026-09-23T14:11:18.311365+00:00,8.0,final,2024-01-01,2024-12-31,1,2026-09-23T14:11:18.311365+00:00
MUN_IPP_ADDITIONAL_RATE,be:mun:62121,2025,2026-09-23T14:11:18.311365+00:00,8.0,final,2025-01-01,2025-12-31,1,2026-09-23T14:11:18.311365+00:00
MUN_IPP_ADDITIONAL_RATE,be:mun:62121,2026,2026-09-23T14:11:18.311365+00:00,8.0,final,2026-01-01,2026-12-31,1,2026-09-23T14:11:18.311365+00:00
MUN_IPP_ADDITIONAL_RATE,be:mun:62122,2024,2026-09-23T14:11:18.311365+00:00,8.5,final,2024-01-01,2024-12-31,1,2026-09-23T14:11:18.311365+00:00
MUN_IPP_ADDITIONAL_RATE,be:mun:62122,2025,2026-09-23T14:11:18.311365+00:00,8.5,final,2025-01-01,2025-12-31,1,2026-09-23T14:11:18.311365+00:00
MUN_IPP_ADDITIONAL_RATE,be:mun:62122,2026,2026-09-23T14:11:18.311365+00:00,8.5,final,2026-01-01,2026-12-31,1,2026-09-23T14:11:18.311365+00:00
MUN_IPP_ADDITIONAL_RATE,be:mun:63001,2024,2026-09-23T14:11:18.311365+00:00,6.0,final,2024-01-01,2024-12-31,1,2026-09-23T14:11:18.311365+00:00
MUN_IPP_ADDITIONAL_RATE,be:mun:63001,2025,2026-09-23T14:11:18.311365+00:00,6.0,final,2025-01-01,2025-12-31,1,2026-09-23T14:11:18.311365+00:00
MUN_IPP_ADDITIONAL_RATE,be:mun:63001,2026,2026-09-23T14:11:18.311365+00:00,6.0,final,2026-01-01,2026-12-31,1,2026-09-23T14:11:18.311365+00:00
MUN_IPP_ADDITIONAL_RATE,be:mun:63003,2024,2026-09-23T14:11:18.311365+00:00,7.7,final,2024-01-01,2024-12-31,1,2026-09-23T14:11:18.311365+00:00
MUN_IPP_ADDITIONAL_RATE,be:mun:63003,2025,2026-09-23T14:11:18.311365+00:00,7.7,final,2025-01-01,2025-12-31,1,2026-09-23T14:11:18.311365+00:00
MUN_IPP_ADDITIONAL_RATE,be:mun:63003,2026,2026-09-23T14:11:18.311365+00:00,7.7,final,2026-01-01,2026-12-31,1,2026-09-23T14:11:18.311365+00:00
MUN_IPP_ADDITIONAL_RATE,be:mun:63004,2024,2026-09-23T14:11:18.311365+00:00,7.7,final,2024-01-01,2024-12-31,1,2026-09-23T14:11:18.311365+00:00
MUN_IPP_ADDITIONAL_RATE,be:mun:63004,2025,2026-09-23T14:11:18.311365+00:00,7.7,final,2025-01-01,2025-12-31,1,2026-09-23T14:11:18.311365+00:00
MUN_IPP_ADDITIONAL_RATE,be:mun:63004,2026,2026-09-23T14:11:18.311365+00:00,7.7,final,2026-01-01,2026-12-31,1,2026-09-23T14:11:18.311365+00:00
MUN_IPP_ADDITIONAL_RATE,be:mun:63012,2024,2026-09-23T14:11:18.311365+00:00,6.0,final,2024-01-01,2024-12-31,1,2026-09-23T14:11:18.311365+00:00
MUN_IPP_ADDITIONAL_RATE,be:mun:63012,2025,2026-09-23T14:11:18.311365+00:00,6.0,final,2025-01-01,2025-12-31,1,2026-09-23T14:11:18.311365+00:00
MUN_IPP_ADDITIONAL_RATE,be:mun:63012,2026,2026-09-23T14:11:18.311365+00:00,6.0,final,2026-01-01,2026-12-31,1,2026-09-23T14:11:18.311365+00:00
MUN_IPP_ADDITIONAL_RATE,be:mun:63013,2024,2026-09-23T14:11:18.311365+00:00,6.0,final,2024-01-01,2024-12-31,1,2026-09-23T14:11:18.311365+00:00
MUN_IPP_ADDITIONAL_RATE,be:mun:63013,2025,2026-09-23T14:11:18.311365+00:00,6.0,final,2025-01-01,2025-12-31,1,2026-09-23T14:11:18.311365+00:00
MUN_IPP_ADDITIONAL_RATE,be:mun:63013,2026,2026-09-23T14:11:18.311365+00:00,7.0,final,2026-01-01,2026-12-31,1,2026-09-23T14:11:18.311365+00:00
MUN_IPP_ADDITIONAL_RATE,be:mun:63020,2024,2026-09-23T14:11:18.311365+00:00,7.9,final,2024-01-01,2024-12-31,1,2026-09-23T14:11:18.311365+00:00
MUN_IPP_ADDITIONAL_RATE,be:mun:63020,2025,2026-09-23T14:11:18.311365+00:00,7.9,final,2025-01-01,2025-12-31,1,2026-09-23T14:11:18.311365+00:00
MUN_IPP_ADDITIONAL_RATE,be:mun:63020,2026,2026-09-23T14:11:18.311365+00:00,8.2,final,2026-01-01,2026-12-31,1,2026-09-23T14:11:18.311365+00:00
MUN_IPP_ADDITIONAL_RATE,be:mun:63023,2024,2026-09-23T14:11:18.311365+00:00,8.0,final,2024-01-01,2024-12-31,1,2026-09-23T14:11:18.311365+00:00
MUN_IPP_ADDITIONAL_RATE,be:mun:63023,2025,2026-09-23T14:11:18.311365+00:00,8.0,final,2025-01-01,2025-12-31,1,2026-09-23T14:11:18.311365+00:00
MUN_IPP_ADDITIONAL_RATE,be:mun:63023,2026,2026-09-23T14:11:18.311365+00:00,8.0,final,2026-01-01,2026-12-31,1,2026-09-23T14:11:18.311365+00:00
MUN_IPP_ADDITIONAL_RATE,be:mun:63035,2024,2026-09-23T14:11:18.311365+00:00,8.0,final,2024-01-01,2024-12-31,1,2026-09-23T14:11:18.311365+00:00
MUN_IPP_ADDITIONAL_RATE,be:mun:63035,2025,2026-09-23T14:11:18.311365+00:00,8.0,final,2025-01-01,2025-12-31,1,2026-09-23T14:11:18.311365+00:00
MUN_IPP_ADDITIONAL_RATE,be:mun:63035,2026,2026-09-23T14:11:18.311365+00:00,8.0,final,2026-01-01,2026-12-31,1,2026-09-23T14:11:18.311365+00:00
MUN_IPP_ADDITIONAL_RATE,be:mun:63038,2024,2026-09-23T14:11:18.311365+00:00,6.8,final,2024-01-01,2024-12-31,1,2026-09-23T14:11:18.311365+00:00
MUN_IPP_ADDITIONAL_RATE,be:mun:63038,2025,2026-09-23T14:11:18.311365+00:00,6.8,final,2025-01-01,2025-12-31,1,2026-09-23T14:11:18.311365+00:00
MUN_IPP_ADDITIONAL_RATE,be:mun:63038,2026,2026-09-23T14:11:18.311365+00:00,6.8,final,2026-01-01,2026-12-31,1,2026-09-23T14:11:18.311365+00:00
MUN_IPP_ADDITIONAL_RATE,be:mun:63040,2024,2026-09-23T14:11:18.311365+00:00,6.9,final,2024-01-01,2024-12-31,1,2026-09-23T14:11:18.311365+00:00
MUN_IPP_ADDITIONAL_RATE,be:mun:63040,2025,2026-09-23T14:11:18.311365+00:00,6.9,final,2025-01-01,2025-12-31,1,2026-09-23T14:11:18.311365+00:00
MUN_IPP_ADDITIONAL_RATE,be:mun:63040,2026,2026-09-23T14:11:18.311365+00:00,7.5,final,2026-01-01,2026-12-31,1,2026-09-23T14:11:18.311365+00:00
MUN_IPP_ADDITIONAL_RATE,be:mun:63045,2024,2026-09-23T14:11:18.311365+00:00,7.5,final,2024-01-01,2024-12-31,1,2026-09-23T14:11:18.311365+00:00
MUN_IPP_ADDITIONAL_RATE,be:mun:63045,2025,2026-09-23T14:11:18.311365+00:00,7.5,final,2025-01-01,2025-12-31,1,2026-09-23T14:11:18.311365+00:00
MUN_IPP_ADDITIONAL_RATE,be:mun:63045,2026,2026-09-23T14:11:18.311365+00:00,7.5,final,2026-01-01,2026-12-31,1,2026-09-23T14:11:18.311365+00:00
MUN_IPP_ADDITIONAL_RATE,be:mun:63046,2024,2026-09-23T14:11:18.311365+00:00,8.2,final,2024-01-01,2024-12-31,1,2026-09-23T14:11:18.311365+00:00
MUN_IPP_ADDITIONAL_RATE,be:mun:63046,2025,2026-09-23T14:11:18.311365+00:00,8.8,final,2025-01-01,2025-12-31,1,2026-09-23T14:11:18.311365+00:00
MUN_IPP_ADDITIONAL_RATE,be:mun:63046,2026,2026-09-23T14:11:18.311365+00:00,8.8,final,2026-01-01,2026-12-31,1,2026-09-23T14:11:18.311365+00:00
MUN_IPP_ADDITIONAL_RATE,be:mun:63048,2024,2026-09-23T14:11:18.311365+00:00,6.8,final,2024-01-01,2024-12-31,1,2026-09-23T14:11:18.311365+00:00
MUN_IPP_ADDITIONAL_RATE,be:mun:63048,2025,2026-09-23T14:11:18.311365+00:00,6.8,final,2025-01-01,2025-12-31,1,2026-09-23T14:11:18.311365+00:00
MUN_IPP_ADDITIONAL_RATE,be:mun:63048,2026,2026-09-23T14:11:18.311365+00:00,6.8,final,2026-01-01,2026-12-31,1,2026-09-23T14:11:18.311365+00:00
MUN_IPP_ADDITIONAL_RATE,be:mun:63049,2024,2026-09-23T14:11:18.311365+00:00,7.0,final,2024-01-01,2024-12-31,1,2026-09-23T14:11:18.311365+00:00
MUN_IPP_ADDITIONAL_RATE,be:mun:63049,2025,2026-09-23T14:11:18.311365+00:00,7.0,final,2025-01-01,2025-12-31,1,2026-09-23T14:11:18.311365+00:00
MUN_IPP_ADDITIONAL_RATE,be:mun:63049,2026,2026-09-23T14:11:18.311365+00:00,7.0,final,2026-01-01,2026-12-31,1,2026-09-23T14:11:18.311365+00:00
MUN_IPP_ADDITIONAL_RATE,be:mun:63057,2024,2026-09-23T14:11:18.311365+00:00,7.2,final,2024-01-01,2024-12-31,1,2026-09-23T14:11:18.311365+00:00
MUN_IPP_ADDITIONAL_RATE,be:mun:63057,2025,2026-09-23T14:11:18.311365+00:00,7.2,final,2025-01-01,2025-12-31,1,2026-09-23T14:11:18.311365+00:00
MUN_IPP_ADDITIONAL_RATE,be:mun:63057,2026,2026-09-23T14:11:18.311365+00:00,7.2,final,2026-01-01,2026-12-31,1,2026-09-23T14:11:18.311365+00:00
MUN_IPP_ADDITIONAL_RATE,be:mun:63058,2024,2026-09-23T14:11:18.311365+00:00,8.5,final,2024-01-01,2024-12-31,1,2026-09-23T14:11:18.311365+00:00
MUN_IPP_ADDITIONAL_RATE,be:mun:63058,2025,2026-09-23T14:11:18.311365+00:00,8.5,final,2025-01-01,2025-12-31,1,2026-09-23T14:11:18.311365+00:00
MUN_IPP_ADDITIONAL_RATE,be:mun:63058,2026,2026-09-23T14:11:18.311365+00:00,8.5,final,2026-01-01,2026-12-31,1,2026-09-23T14:11:18.311365+00:00
MUN_IPP_ADDITIONAL_RATE,be:mun:63061,2024,2026-09-23T14:11:18.311365+00:00,7.5,final,2024-01-01,2024-12-31,1,2026-09-23T14:11:18.311365+00:00
MUN_IPP_ADDITIONAL_RATE,be:mun:63061,2025,2026-09-23T14:11:18.311365+00:00,7.5,final,2025-01-01,2025-12-31,1,2026-09-23T14:11:18.311365+00:00
MUN_IPP_ADDITIONAL_RATE,be:mun:63061,2026,2026-09-23T14:11:18.311365+00:00,7.5,final,2026-01-01,2026-12-31,1,2026-09-23T14:11:18.311365+00:00
MUN_IPP_ADDITIONAL_RATE,be:mun:63067,2024,2026-09-23T14:11:18.311365+00:00,6.0,final,2024-01-01,2024-12-31,1,2026-09-23T14:11:18.311365+00:00
MUN_IPP_ADDITIONAL_RATE,be:mun:63067,2025,2026-09-23T14:11:18.311365+00:00,6.0,final,2025-01-01,2025-12-31,1,2026-09-23T14:11:18.311365+00:00
MUN_IPP_ADDITIONAL_RATE,be:mun:63067,2026,2026-09-23T14:11:18.311365+00:00,6.0,final,2026-01-01,2026-12-31,1,2026-09-23T14:11:18.311365+00:00
MUN_IPP_ADDITIONAL_RATE,be:mun:63072,2024,2026-09-23T14:11:18.311365+00:00,7.5,final,2024-01-01,2024-12-31,1,2026-09-23T14:11:18.311365+00:00
MUN_IPP_ADDITIONAL_RATE,be:mun:63072,2025,2026-09-23T14:11:18.311365+00:00,7.5,final,2025-01-01,2025-12-31,1,2026-09-23T14:11:18.311365+00:00
MUN_IPP_ADDITIONAL_RATE,be:mun:63072,2026,2026-09-23T14:11:18.311365+00:00,7.0,final,2026-01-01,2026-12-31,1,2026-09-23T14:11:18.311365+00:00
MUN_IPP_ADDITIONAL_RATE,be:mun:63073,2024,2026-09-23T14:11:18.311365+00:00,8.5,final,2024-01-01,2024-12-31,1,2026-09-23T14:11:18.311365+00:00
MUN_IPP_ADDITIONAL_RATE,be:mun:63073,2025,2026-09-23T14:11:18.311365+00:00,8.5,final,2025-01-01,2025-12-31,1,2026-09-23T14:11:18.311365+00:00
MUN_IPP_ADDITIONAL_RATE,be:mun:63073,2026,2026-09-23T14:11:18.311365+00:00,8.5,final,2026-01-01,2026-12-31,1,2026-09-23T14:11:18.311365+00:00
MUN_IPP_ADDITIONAL_RATE,be:mun:63075,2024,2026-09-23T14:11:18.311365+00:00,8.0,final,2024-01-01,2024-12-31,1,2026-09-23T14:11:18.311365+00:00
MUN_IPP_ADDITIONAL_RATE,be:mun:63075,2025,2026-09-23T14:11:18.311365+00:00,8.0,final,2025-01-01,2025-12-31,1,2026-09-23T14:11:18.311365+00:00
MUN_IPP_ADDITIONAL_RATE,be:mun:63075,2026,2026-09-23T14:11:18.311365+00:00,8.0,final,2026-01-01,2026-12-31,1,2026-09-23T14:11:18.311365+00:00
MUN_IPP_ADDITIONAL_RATE,be:mun:63076,2024,2026-09-23T14:11:18.311365+00:00,7.1,final,2024-01-01,2024-12-31,1,2026-09-23T14:11:18.311365+00:00
MUN_IPP_ADDITIONAL_RATE,be:mun:63076,2025,2026-09-23T14:11:18.311365+00:00,7.1,final,2025-01-01,2025-12-31,1,2026-09-23T14:11:18.311365+00:00
MUN_IPP_ADDITIONAL_RATE,be:mun:63076,2026,2026-09-23T14:11:18.311365+00:00,7.1,final,2026-01-01,2026-12-31,1,2026-09-23T14:11:18.311365+00:00
MUN_IPP_ADDITIONAL_RATE,be:mun:63079,2024,2026-09-23T14:11:18.311365+00:00,8.5,final,2024-01-01,2024-12-31,1,2026-09-23T14:11:18.311365+00:00
MUN_IPP_ADDITIONAL_RATE,be:mun:63079,2025,2026-09-23T14:11:18.311365+00:00,8.5,final,2025-01-01,2025-12-31,1,2026-09-23T14:11:18.311365+00:00
MUN_IPP_ADDITIONAL_RATE,be:mun:63079,2026,2026-09-23T14:11:18.311365+00:00,8.5,final,2026-01-01,2026-12-31,1,2026-09-23T14:11:18.311365+00:00
MUN_IPP_ADDITIONAL_RATE,be:mun:63080,2024,2026-09-23T14:11:18.311365+00:00,7.5,final,2024-01-01,2024-12-31,1,2026-09-23T14:11:18.311365+00:00
MUN_IPP_ADDITIONAL_RATE,be:mun:63080,2025,2026-09-23T14:11:18.311365+00:00,7.5,final,2025-01-01,2025-12-31,1,2026-09-23T14:11:18.311365+00:00
MUN_IPP_ADDITIONAL_RATE,be:mun:63080,2026,2026-09-23T14:11:18.311365+00:00,7.5,final,2026-01-01,2026-12-31,1,2026-09-23T14:11:18.311365+00:00
MUN_IPP_ADDITIONAL_RATE,be:mun:63084,2024,2026-09-23T14:11:18.311365+00:00,7.9,final,2024-01-01,2024-12-31,1,2026-09-23T14:11:18.311365+00:00
MUN_IPP_ADDITIONAL_RATE,be:mun:63084,2025,2026-09-23T14:11:18.311365+00:00,7.9,final,2025-01-01,2025-12-31,1,2026-09-23T14:11:18.311365+00:00
MUN_IPP_ADDITIONAL_RATE,be:mun:63084,2026,2026-09-23T14:11:18.311365+00:00,7.9,final,2026-01-01,2026-12-31,1,2026-09-23T14:11:18.311365+00:00
MUN_IPP_ADDITIONAL_RATE,be:mun:63086,2024,2026-09-23T14:11:18.311365+00:00,8.0,final,2024-01-01,2024-12-31,1,2026-09-23T14:11:18.311365+00:00
MUN_IPP_ADDITIONAL_RATE,be:mun:63086,2025,2026-09-23T14:11:18.311365+00:00,8.0,final,2025-01-01,2025-12-31,1,2026-09-23T14:11:18.311365+00:00
MUN_IPP_ADDITIONAL_RATE,be:mun:63086,2026,2026-09-23T14:11:18.311365+00:00,8.0,final,2026-01-01,2026-12-31,1,2026-09-23T14:11:18.311365+00:00
MUN_IPP_ADDITIONAL_RATE,be:mun:63087,2024,2026-09-23T14:11:18.311365+00:00,7.0,final,2024-01-01,2024-12-31,1,2026-09-23T14:11:18.311365+00:00
MUN_IPP_ADDITIONAL_RATE,be:mun:63087,2025,2026-09-23T14:11:18.311365+00:00,7.0,final,2025-01-01,2025-12-31,1,2026-09-23T14:11:18.311365+00:00
MUN_IPP_ADDITIONAL_RATE,be:mun:63087,2026,2026-09-23T14:11:18.311365+00:00,7.0,final,2026-01-01,2026-12-31,1,2026-09-23T14:11:18.311365+00:00
MUN_IPP_ADDITIONAL_RATE,be:mun:63088,2024,2026-09-23T14:11:18.311365+00:00,7.3,final,2024-01-01,2024-12-31,1,2026-09-23T14:11:18.311365+00:00
MUN_IPP_ADDITIONAL_RATE,be:mun:63088,2025,2026-09-23T14:11:18.311365+00:00,7.3,final,2025-01-01,2025-12-31,1,2026-09-23T14:11:18.311365+00:00
MUN_IPP_ADDITIONAL_RATE,be:mun:63088,2026,2026-09-23T14:11:18.311365+00:00,7.3,final,2026-01-01,2026-12-31,1,2026-09-23T14:11:18.311365+00:00
MUN_IPP_ADDITIONAL_RATE,be:mun:63089,2024,2026-09-23T14:11:18.311365+00:00,7.5,final,2024-01-01,2024-12-31,1,2026-09-23T14:11:18.311365+00:00
MUN_IPP_ADDITIONAL_RATE,be:mun:63089,2025,2026-09-23T14:11:18.311365+00:00,7.5,final,2025-01-01,2025-12-31,1,2026-09-23T14:11:18.311365+00:00
MUN_IPP_ADDITIONAL_RATE,be:mun:63089,2026,2026-09-23T14:11:18.311365+00:00,7.5,final,2026-01-01,2026-12-31,1,2026-09-23T14:11:18.311365+00:00
MUN_IPP_ADDITIONAL_RATE,be:mun:64008,2024,2026-09-23T14:11:18.311365+00:00,8.5,final,2024-01-01,2024-12-31,1,2026-09-23T14:11:18.311365+00:00
MUN_IPP_ADDITIONAL_RATE,be:mun:64008,2025,2026-09-23T14:11:18.311365+00:00,8.5,final,2025-01-01,2025-12-31,1,2026-09-23T14:11:18.311365+00:00
MUN_IPP_ADDITIONAL_RATE,be:mun:64008,2026,2026-09-23T14:11:18.311365+00:00,8.5,final,2026-01-01,2026-12-31,1,2026-09-23T14:11:18.311365+00:00
MUN_IPP_ADDITIONAL_RATE,be:mun:64015,2024,2026-09-23T14:11:18.311365+00:00,8.0,final,2024-01-01,2024-12-31,1,2026-09-23T14:11:18.311365+00:00
MUN_IPP_ADDITIONAL_RATE,be:mun:64015,2025,2026-09-23T14:11:18.311365+00:00,8.0,final,2025-01-01,2025-12-31,1,2026-09-23T14:11:18.311365+00:00
MUN_IPP_ADDITIONAL_RATE,be:mun:64015,2026,2026-09-23T14:11:18.311365+00:00,8.0,final,2026-01-01,2026-12-31,1,2026-09-23T14:11:18.311365+00:00
MUN_IPP_ADDITIONAL_RATE,be:mun:64021,2024,2026-09-23T14:11:18.311365+00:00,8.0,final,2024-01-01,2024-12-31,1,2026-09-23T14:11:18.311365+00:00
MUN_IPP_ADDITIONAL_RATE,be:mun:64021,2025,2026-09-23T14:11:18.311365+00:00,8.0,final,2025-01-01,2025-12-31,1,2026-09-23T14:11:18.311365+00:00
MUN_IPP_ADDITIONAL_RATE,be:mun:64021,2026,2026-09-23T14:11:18.311365+00:00,8.0,final,2026-01-01,2026-12-31,1,2026-09-23T14:11:18.311365+00:00
MUN_IPP_ADDITIONAL_RATE,be:mun:64023,2024,2026-09-23T14:11:18.311365+00:00,8.8,final,2024-01-01,2024-12-31,1,2026-09-23T14:11:18.311365+00:00
MUN_IPP_ADDITIONAL_RATE,be:mun:64023,2025,2026-09-23T14:11:18.311365+00:00,8.8,final,2025-01-01,2025-12-31,1,2026-09-23T14:11:18.311365+00:00
MUN_IPP_ADDITIONAL_RATE,be:mun:64023,2026,2026-09-23T14:11:18.311365+00:00,8.8,final,2026-01-01,2026-12-31,1,2026-09-23T14:11:18.311365+00:00
MUN_IPP_ADDITIONAL_RATE,be:mun:64025,2024,2026-09-23T14:11:18.311365+00:00,8.8,final,2024-01-01,2024-12-31,1,2026-09-23T14:11:18.311365+00:00
MUN_IPP_ADDITIONAL_RATE,be:mun:64025,2025,2026-09-23T14:11:18.311365+00:00,8.8,final,2025-01-01,2025-12-31,1,2026-09-23T14:11:18.311365+00:00
MUN_IPP_ADDITIONAL_RATE,be:mun:64025,2026,2026-09-23T14:11:18.311365+00:00,8.8,final,2026-01-01,2026-12-31,1,2026-09-23T14:11:18.311365+00:00
MUN_IPP_ADDITIONAL_RATE,be:mun:64029,2024,2026-09-23T14:11:18.311365+00:00,7.7,final,2024-01-01,2024-12-31,1,2026-09-23T14:11:18.311365+00:00
MUN_IPP_ADDITIONAL_RATE,be:mun:64029,2025,2026-09-23T14:11:18.311365+00:00,7.7,final,2025-01-01,2025-12-31,1,2026-09-23T14:11:18.311365+00:00
MUN_IPP_ADDITIONAL_RATE,be:mun:64029,2026,2026-09-23T14:11:18.311365+00:00,7.7,final,2026-01-01,2026-12-31,1,2026-09-23T14:11:18.311365+00:00
MUN_IPP_ADDITIONAL_RATE,be:mun:64034,2024,2026-09-23T14:11:18.311365+00:00,8.5,final,2024-01-01,2024-12-31,1,2026-09-23T14:11:18.311365+00:00
MUN_IPP_ADDITIONAL_RATE,be:mun:64034,2025,2026-09-23T14:11:18.311365+00:00,8.5,final,2025-01-01,2025-12-31,1,2026-09-23T14:11:18.311365+00:00
MUN_IPP_ADDITIONAL_RATE,be:mun:64034,2026,2026-09-23T14:11:18.311365+00:00,8.5,final,2026-01-01,2026-12-31,1,2026-09-23T14:11:18.311365+00:00
MUN_IPP_ADDITIONAL_RATE,be:mun:64047,2024,2026-09-23T14:11:18.311365+00:00,8.0,final,2024-01-01,2024-12-31,1,2026-09-23T14:11:18.311365+00:00
MUN_IPP_ADDITIONAL_RATE,be:mun:64047,2025,2026-09-23T14:11:18.311365+00:00,8.0,final,2025-01-01,2025-12-31,1,2026-09-23T14:11:18.311365+00:00
MUN_IPP_ADDITIONAL_RATE,be:mun:64047,2026,2026-09-23T14:11:18.311365+00:00,8.8,final,2026-01-01,2026-12-31,1,2026-09-23T14:11:18.311365+00:00
MUN_IPP_ADDITIONAL_RATE,be:mun:64056,2024,2026-09-23T14:11:18.311365+00:00,6.9,final,2024-01-01,2024-12-31,1,2026-09-23T14:11:18.311365+00:00
MUN_IPP_ADDITIONAL_RATE,be:mun:64056,2025,2026-09-23T14:11:18.311365+00:00,6.9,final,2025-01-01,2025-12-31,1,2026-09-23T14:11:18.311365+00:00
MUN_IPP_ADDITIONAL_RATE,be:mun:64056,2026,2026-09-23T14:11:18.311365+00:00,6.9,final,2026-01-01,2026-12-31,1,2026-09-23T14:11:18.311365+00:00
MUN_IPP_ADDITIONAL_RATE,be:mun:64063,2024,2026-09-23T14:11:18.311365+00:00,8.0,final,2024-01-01,2024-12-31,1,2026-09-23T14:11:18.311365+00:00
MUN_IPP_ADDITIONAL_RATE,be:mun:64063,2025,2026-09-23T14:11:18.311365+00:00,8.0,final,2025-01-01,2025-12-31,1,2026-09-23T14:11:18.311365+00:00
MUN_IPP_ADDITIONAL_RATE,be:mun:64063,2026,2026-09-23T14:11:18.311365+00:00,8.0,final,2026-01-01,2026-12-31,1,2026-09-23T14:11:18.311365+00:00
MUN_IPP_ADDITIONAL_RATE,be:mun:64065,2024,2026-09-23T14:11:18.311365+00:00,8.0,final,2024-01-01,2024-12-31,1,2026-09-23T14:11:18.311365+00:00
MUN_IPP_ADDITIONAL_RATE,be:mun:64065,2025,2026-09-23T14:11:18.311365+00:00,8.0,final,2025-01-01,2025-12-31,1,2026-09-23T14:11:18.311365+00:00
MUN_IPP_ADDITIONAL_RATE,be:mun:64065,2026,2026-09-23T14:11:18.311365+00:00,8.0,final,2026-01-01,2026-12-31,1,2026-09-23T14:11:18.311365+00:00
MUN_IPP_ADDITIONAL_RATE,be:mun:64074,2024,2026-09-23T14:11:18.311365+00:00,8.5,final,2024-01-01,2024-12-31,1,2026-09-23T14:11:18.311365+00:00
MUN_IPP_ADDITIONAL_RATE,be:mun:64074,2025,2026-09-23T14:11:18.311365+00:00,8.5,final,2025-01-01,2025-12-31,1,2026-09-23T14:11:18.311365+00:00
MUN_IPP_ADDITIONAL_RATE,be:mun:64074,2026,2026-09-23T14:11:18.311365+00:00,8.5,final,2026-01-01,2026-12-31,1,2026-09-23T14:11:18.311365+00:00
MUN_IPP_ADDITIONAL_RATE,be:mun:64075,2024,2026-09-23T14:11:18.311365+00:00,8.0,final,2024-01-01,2024-12-31,1,2026-09-23T14:11:18.311365+00:00
MUN_IPP_ADDITIONAL_RATE,be:mun:64075,2025,2026-09-23T14:11:18.311365+00:00,8.0,final,2025-01-01,2025-12-31,1,2026-09-23T14:11:18.311365+00:00
MUN_IPP_ADDITIONAL_RATE,be:mun:64075,2026,2026-09-23T14:11:18.311365+00:00,8.0,final,2026-01-01,2026-12-31,1,2026-09-23T14:11:18.311365+00:00
MUN_IPP_ADDITIONAL_RATE,be:mun:64076,2024,2026-09-23T14:11:18.311365+00:00,8.8,final,2024-01-01,2024-12-31,1,2026-09-23T14:11:18.311365+00:00
MUN_IPP_ADDITIONAL_RATE,be:mun:64076,2025,2026-09-23T14:11:18.311365+00:00,8.8,final,2025-01-01,2025-12-31,1,2026-09-23T14:11:18.311365+00:00
MUN_IPP_ADDITIONAL_RATE,be:mun:64076,2026,2026-09-23T14:11:18.311365+00:00,8.8,final,2026-01-01,2026-12-31,1,2026-09-23T14:11:18.311365+00:00
MUN_IPP_ADDITIONAL_RATE,be:mun:71002,2024,2026-09-23T14:11:18.311365+00:00,7.5,final,2024-01-01,2024-12-31,1,2026-09-23T14:11:18.311365+00:00
MUN_IPP_ADDITIONAL_RATE,be:mun:71002,2025,2026-09-23T14:11:18.311365+00:00,7.5,final,2025-01-01,2025-12-31,1,2026-09-23T14:11:18.311365+00:00
MUN_IPP_ADDITIONAL_RATE,be:mun:71002,2026,2026-09-23T14:11:18.311365+00:00,7.5,final,2026-01-01,2026-12-31,1,2026-09-23T14:11:18.311365+00:00
MUN_IPP_ADDITIONAL_RATE,be:mun:71004,2024,2026-09-23T14:11:18.311365+00:00,7.6,final,2024-01-01,2024-12-31,1,2026-09-23T14:11:18.311365+00:00
MUN_IPP_ADDITIONAL_RATE,be:mun:71004,2025,2026-09-23T14:11:18.311365+00:00,7.6,final,2025-01-01,2025-12-31,1,2026-09-23T14:11:18.311365+00:00
MUN_IPP_ADDITIONAL_RATE,be:mun:71004,2026,2026-09-23T14:11:18.311365+00:00,7.6,final,2026-01-01,2026-12-31,1,2026-09-23T14:11:18.311365+00:00
MUN_IPP_ADDITIONAL_RATE,be:mun:71011,2024,2026-09-23T14:11:18.311365+00:00,8.0,final,2024-01-01,2024-12-31,1,2026-09-23T14:11:18.311365+00:00
MUN_IPP_ADDITIONAL_RATE,be:mun:71011,2025,2026-09-23T14:11:18.311365+00:00,8.0,final,2025-01-01,2025-12-31,1,2026-09-23T14:11:18.311365+00:00
MUN_IPP_ADDITIONAL_RATE,be:mun:71011,2026,2026-09-23T14:11:18.311365+00:00,8.0,final,2026-01-01,2026-12-31,1,2026-09-23T14:11:18.311365+00:00
MUN_IPP_ADDITIONAL_RATE,be:mun:71016,2024,2026-09-23T14:11:18.311365+00:00,7.5,final,2024-01-01,2024-12-31,1,2026-09-23T14:11:18.311365+00:00
MUN_IPP_ADDITIONAL_RATE,be:mun:71016,2025,2026-09-23T14:11:18.311365+00:00,7.5,final,2025-01-01,2025-12-31,1,2026-09-23T14:11:18.311365+00:00
MUN_IPP_ADDITIONAL_RATE,be:mun:71016,2026,2026-09-23T14:11:18.311365+00:00,7.5,final,2026-01-01,2026-12-31,1,2026-09-23T14:11:18.311365+00:00
MUN_IPP_ADDITIONAL_RATE,be:mun:71017,2024,2026-09-23T14:11:18.311365+00:00,8.0,final,2024-01-01,2024-12-31,1,2026-09-23T14:11:18.311365+00:00
MUN_IPP_ADDITIONAL_RATE,be:mun:71017,2025,2026-09-23T14:11:18.311365+00:00,8.0,final,2025-01-01,2025-12-31,1,2026-09-23T14:11:18.311365+00:00
MUN_IPP_ADDITIONAL_RATE,be:mun:71017,2026,2026-09-23T14:11:18.311365+00:00,8.0,final,2026-01-01,2026-12-31,1,2026-09-23T14:11:18.311365+00:00
MUN_IPP_ADDITIONAL_RATE,be:mun:71020,2024,2026-09-23T14:11:18.311365+00:00,8.0,final,2024-01-01,2024-12-31,1,2026-09-23T14:11:18.311365+00:00
MUN_IPP_ADDITIONAL_RATE,be:mun:71020,2025,2026-09-23T14:11:18.311365+00:00,8.0,final,2025-01-01,2025-12-31,1,2026-09-23T14:11:18.311365+00:00
MUN_IPP_ADDITIONAL_RATE,be:mun:71020,2026,2026-09-23T14:11:18.311365+00:00,8.0,final,2026-01-01,2026-12-31,1,2026-09-23T14:11:18.311365+00:00
MUN_IPP_ADDITIONAL_RATE,be:mun:71022,2024,2026-09-23T14:11:18.311365+00:00,7.0,final,2024-01-01,2024-12-31,1,2026-09-23T14:11:18.311365+00:00
MUN_IPP_ADDITIONAL_RATE,be:mun:71024,2024,2026-09-23T14:11:18.311365+00:00,7.0,final,2024-01-01,2024-12-31,1,2026-09-23T14:11:18.311365+00:00
MUN_IPP_ADDITIONAL_RATE,be:mun:71024,2025,2026-09-23T14:11:18.311365+00:00,7.0,final,2025-01-01,2025-12-31,1,2026-09-23T14:11:18.311365+00:00
MUN_IPP_ADDITIONAL_RATE,be:mun:71024,2026,2026-09-23T14:11:18.311365+00:00,7.0,final,2026-01-01,2026-12-31,1,2026-09-23T14:11:18.311365+00:00
MUN_IPP_ADDITIONAL_RATE,be:mun:71034,2024,2026-09-23T14:11:18.311365+00:00,8.0,final,2024-01-01,2024-12-31,1,2026-09-23T14:11:18.311365+00:00
MUN_IPP_ADDITIONAL_RATE,be:mun:71034,2025,2026-09-23T14:11:18.311365+00:00,8.0,final,2025-01-01,2025-12-31,1,2026-09-23T14:11:18.311365+00:00
MUN_IPP_ADDITIONAL_RATE,be:mun:71034,2026,2026-09-23T14:11:18.311365+00:00,8.0,final,2026-01-01,2026-12-31,1,2026-09-23T14:11:18.311365+00:00
MUN_IPP_ADDITIONAL_RATE,be:mun:71037,2024,2026-09-23T14:11:18.311365+00:00,6.7,final,2024-01-01,2024-12-31,1,2026-09-23T14:11:18.311365+00:00
MUN_IPP_ADDITIONAL_RATE,be:mun:71037,2025,2026-09-23T14:11:18.311365+00:00,6.7,final,2025-01-01,2025-12-31,1,2026-09-23T14:11:18.311365+00:00
MUN_IPP_ADDITIONAL_RATE,be:mun:71037,2026,2026-09-23T14:11:18.311365+00:00,6.7,final,2026-01-01,2026-12-31,1,2026-09-23T14:11:18.311365+00:00
MUN_IPP_ADDITIONAL_RATE,be:mun:71045,2024,2026-09-23T14:11:18.311365+00:00,7.7,final,2024-01-01,2024-12-31,1,2026-09-23T14:11:18.311365+00:00
MUN_IPP_ADDITIONAL_RATE,be:mun:71045,2025,2026-09-23T14:11:18.311365+00:00,7.7,final,2025-01-01,2025-12-31,1,2026-09-23T14:11:18.311365+00:00
MUN_IPP_ADDITIONAL_RATE,be:mun:71045,2026,2026-09-23T14:11:18.311365+00:00,7.7,final,2026-01-01,2026-12-31,1,2026-09-23T14:11:18.311365+00:00
MUN_IPP_ADDITIONAL_RATE,be:mun:71053,2024,2026-09-23T14:11:18.311365+00:00,8.0,final,2024-01-01,2024-12-31,1,2026-09-23T14:11:18.311365+00:00
MUN_IPP_ADDITIONAL_RATE,be:mun:71053,2025,2026-09-23T14:11:18.311365+00:00,8.0,final,2025-01-01,2025-12-31,1,2026-09-23T14:11:18.311365+00:00
MUN_IPP_ADDITIONAL_RATE,be:mun:71053,2026,2026-09-23T14:11:18.311365+00:00,8.0,final,2026-01-01,2026-12-31,1,2026-09-23T14:11:18.311365+00:00
MUN_IPP_ADDITIONAL_RATE,be:mun:71057,2024,2026-09-23T14:11:18.311365+00:00,7.0,final,2024-01-01,2024-12-31,1,2026-09-23T14:11:18.311365+00:00
MUN_IPP_ADDITIONAL_RATE,be:mun:71066,2024,2026-09-23T14:11:18.311365+00:00,8.0,final,2024-01-01,2024-12-31,1,2026-09-23T14:11:18.311365+00:00
MUN_IPP_ADDITIONAL_RATE,be:mun:71066,2025,2026-09-23T14:11:18.311365+00:00,8.0,final,2025-01-01,2025-12-31,1,2026-09-23T14:11:18.311365+00:00
MUN_IPP_ADDITIONAL_RATE,be:mun:71066,2026,2026-09-23T14:11:18.311365+00:00,8.0,final,2026-01-01,2026-12-31,1,2026-09-23T14:11:18.311365+00:00
MUN_IPP_ADDITIONAL_RATE,be:mun:71067,2024,2026-09-23T14:11:18.311365+00:00,8.0,final,2024-01-01,2024-12-31,1,2026-09-23T14:11:18.311365+00:00
MUN_IPP_ADDITIONAL_RATE,be:mun:71067,2025,2026-09-23T14:11:18.311365+00:00,8.0,final,2025-01-01,2025-12-31,1,2026-09-23T14:11:18.311365+00:00
MUN_IPP_ADDITIONAL_RATE,be:mun:71067,2026,2026-09-23T14:11:18.311365+00:00,8.0,final,2026-01-01,2026-12-31,1,2026-09-23T14:11:18.311365+00:00
MUN_IPP_ADDITIONAL_RATE,be:mun:71069,2024,2026-09-23T14:11:18.311365+00:00,7.0,final,2024-01-01,2024-12-31,1,2026-09-23T14:11:18.311365+00:00
MUN_IPP_ADDITIONAL_RATE,be:mun:71070,2024,2026-09-23T14:11:18.311365+00:00,7.5,final,2024-01-01,2024-12-31,1,2026-09-23T14:11:18.311365+00:00
MUN_IPP_ADDITIONAL_RATE,be:mun:71070,2025,2026-09-23T14:11:18.311365+00:00,7.5,final,2025-01-01,2025-12-31,1,2026-09-23T14:11:18.311365+00:00
MUN_IPP_ADDITIONAL_RATE,be:mun:71070,2026,2026-09-23T14:11:18.311365+00:00,7.5,final,2026-01-01,2026-12-31,1,2026-09-23T14:11:18.311365+00:00
MUN_IPP_ADDITIONAL_RATE,be:mun:71071,2025,2026-09-23T14:11:18.311365+00:00,7.0,final,2025-01-01,2025-12-31,1,2026-09-23T14:11:18.311365+00:00
MUN_IPP_ADDITIONAL_RATE,be:mun:71071,2026,2026-09-23T14:11:18.311365+00:00,7.0,final,2026-01-01,2026-12-31,1,2026-09-23T14:11:18.311365+00:00
MUN_IPP_ADDITIONAL_RATE,be:mun:71072,2025,2026-09-23T14:11:18.311365+00:00,7.0,final,2025-01-01,2025-12-31,1,2026-09-23T14:11:18.311365+00:00
MUN_IPP_ADDITIONAL_RATE,be:mun:71072,2026,2026-09-23T14:11:18.311365+00:00,7.0,final,2026-01-01,2026-12-31,1,2026-09-23T14:11:18.311365+00:00
MUN_IPP_ADDITIONAL_RATE,be:mun:72003,2024,2026-09-23T14:11:18.311365+00:00,8.0,final,2024-01-01,2024-12-31,1,2026-09-23T14:11:18.311365+00:00
MUN_IPP_ADDITIONAL_RATE,be:mun:72003,2025,2026-09-23T14:11:18.311365+00:00,8.0,final,2025-01-01,2025-12-31,1,2026-09-23T14:11:18.311365+00:00
MUN_IPP_ADDITIONAL_RATE,be:mun:72003,2026,2026-09-23T14:11:18.311365+00:00,8.0,final,2026-01-01,2026-12-31,1,2026-09-23T14:11:18.311365+00:00
MUN_IPP_ADDITIONAL_RATE,be:mun:72004,2024,2026-09-23T14:11:18.311365+00:00,8.0,final,2024-01-01,2024-12-31,1,2026-09-23T14:11:18.311365+00:00
MUN_IPP_ADDITIONAL_RATE,be:mun:72004,2025,2026-09-23T14:11:18.311365+00:00,8.0,final,2025-01-01,2025-12-31,1,2026-09-23T14:11:18.311365+00:00
MUN_IPP_ADDITIONAL_RATE,be:mun:72004,2026,2026-09-23T14:11:18.311365+00:00,8.0,final,2026-01-01,2026-12-31,1,2026-09-23T14:11:18.311365+00:00
MUN_IPP_ADDITIONAL_RATE,be:mun:72018,2024,2026-09-23T14:11:18.311365+00:00,6.0,final,2024-01-01,2024-12-31,1,2026-09-23T14:11:18.311365+00:00
MUN_IPP_ADDITIONAL_RATE,be:mun:72018,2025,2026-09-23T14:11:18.311365+00:00,7.0,final,2025-01-01,2025-12-31,1,2026-09-23T14:11:18.311365+00:00
MUN_IPP_ADDITIONAL_RATE,be:mun:72018,2026,2026-09-23T14:11:18.311365+00:00,7.0,final,2026-01-01,2026-12-31,1,2026-09-23T14:11:18.311365+00:00
MUN_IPP_ADDITIONAL_RATE,be:mun:72020,2024,2026-09-23T14:11:18.311365+00:00,6.0,final,2024-01-01,2024-12-31,1,2026-09-23T14:11:18.311365+00:00
MUN_IPP_ADDITIONAL_RATE,be:mun:72020,2025,2026-09-23T14:11:18.311365+00:00,6.0,final,2025-01-01,2025-12-31,1,2026-09-23T14:11:18.311365+00:00
MUN_IPP_ADDITIONAL_RATE,be:mun:72020,2026,2026-09-23T14:11:18.311365+00:00,6.0,final,2026-01-01,2026-12-31,1,2026-09-23T14:11:18.311365+00:00
MUN_IPP_ADDITIONAL_RATE,be:mun:72021,2024,2026-09-23T14:11:18.311365+00:00,8.5,final,2024-01-01,2024-12-31,1,2026-09-23T14:11:18.311365+00:00
MUN_IPP_ADDITIONAL_RATE,be:mun:72021,2025,2026-09-23T14:11:18.311365+00:00,8.5,final,2025-01-01,2025-12-31,1,2026-09-23T14:11:18.311365+00:00
MUN_IPP_ADDITIONAL_RATE,be:mun:72021,2026,2026-09-23T14:11:18.311365+00:00,8.5,final,2026-01-01,2026-12-31,1,2026-09-23T14:11:18.311365+00:00
MUN_IPP_ADDITIONAL_RATE,be:mun:72030,2024,2026-09-23T14:11:18.311365+00:00,8.0,final,2024-01-01,2024-12-31,1,2026-09-23T14:11:18.311365+00:00
MUN_IPP_ADDITIONAL_RATE,be:mun:72030,2025,2026-09-23T14:11:18.311365+00:00,8.0,final,2025-01-01,2025-12-31,1,2026-09-23T14:11:18.311365+00:00
MUN_IPP_ADDITIONAL_RATE,be:mun:72030,2026,2026-09-23T14:11:18.311365+00:00,8.0,final,2026-01-01,2026-12-31,1,2026-09-23T14:11:18.311365+00:00
MUN_IPP_ADDITIONAL_RATE,be:mun:72037,2024,2026-09-23T14:11:18.311365+00:00,6.0,final,2024-01-01,2024-12-31,1,2026-09-23T14:11:18.311365+00:00
MUN_IPP_ADDITIONAL_RATE,be:mun:72037,2025,2026-09-23T14:11:18.311365+00:00,6.0,final,2025-01-01,2025-12-31,1,2026-09-23T14:11:18.311365+00:00
MUN_IPP_ADDITIONAL_RATE,be:mun:72037,2026,2026-09-23T14:11:18.311365+00:00,7.0,final,2026-01-01,2026-12-31,1,2026-09-23T14:11:18.311365+00:00
MUN_IPP_ADDITIONAL_RATE,be:mun:72038,2024,2026-09-23T14:11:18.311365+00:00,8.0,final,2024-01-01,2024-12-31,1,2026-09-23T14:11:18.311365+00:00
MUN_IPP_ADDITIONAL_RATE,be:mun:72038,2025,2026-09-23T14:11:18.311365+00:00,8.0,final,2025-01-01,2025-12-31,1,2026-09-23T14:11:18.311365+00:00
MUN_IPP_ADDITIONAL_RATE,be:mun:72038,2026,2026-09-23T14:11:18.311365+00:00,7.5,final,2026-01-01,2026-12-31,1,2026-09-23T14:11:18.311365+00:00
MUN_IPP_ADDITIONAL_RATE,be:mun:72039,2024,2026-09-23T14:11:18.311365+00:00,8.0,final,2024-01-01,2024-12-31,1,2026-09-23T14:11:18.311365+00:00
MUN_IPP_ADDITIONAL_RATE,be:mun:72039,2025,2026-09-23T14:11:18.311365+00:00,8.0,final,2025-01-01,2025-12-31,1,2026-09-23T14:11:18.311365+00:00
MUN_IPP_ADDITIONAL_RATE,be:mun:72039,2026,2026-09-23T14:11:18.311365+00:00,8.0,final,2026-01-01,2026-12-31,1,2026-09-23T14:11:18.311365+00:00
MUN_IPP_ADDITIONAL_RATE,be:mun:72041,2024,2026-09-23T14:11:18.311365+00:00,8.0,final,2024-01-01,2024-12-31,1,2026-09-23T14:11:18.311365+00:00
MUN_IPP_ADDITIONAL_RATE,be:mun:72041,2025,2026-09-23T14:11:18.311365+00:00,8.0,final,2025-01-01,2025-12-31,1,2026-09-23T14:11:18.311365+00:00
MUN_IPP_ADDITIONAL_RATE,be:mun:72041,2026,2026-09-23T14:11:18.311365+00:00,8.0,final,2026-01-01,2026-12-31,1,2026-09-23T14:11:18.311365+00:00
MUN_IPP_ADDITIONAL_RATE,be:mun:72042,2024,2026-09-23T14:11:18.311365+00:00,6.5,final,2024-01-01,2024-12-31,1,2026-09-23T14:11:18.311365+00:00
MUN_IPP_ADDITIONAL_RATE,be:mun:72042,2025,2026-09-23T14:11:18.311365+00:00,6.5,final,2025-01-01,2025-12-31,1,2026-09-23T14:11:18.311365+00:00
MUN_IPP_ADDITIONAL_RATE,be:mun:72042,2026,2026-09-23T14:11:18.311365+00:00,6.5,final,2026-01-01,2026-12-31,1,2026-09-23T14:11:18.311365+00:00
MUN_IPP_ADDITIONAL_RATE,be:mun:72043,2024,2026-09-23T14:11:18.311365+00:00,6.0,final,2024-01-01,2024-12-31,1,2026-09-23T14:11:18.311365+00:00
MUN_IPP_ADDITIONAL_RATE,be:mun:72043,2025,2026-09-23T14:11:18.311365+00:00,6.0,final,2025-01-01,2025-12-31,1,2026-09-23T14:11:18.311365+00:00
MUN_IPP_ADDITIONAL_RATE,be:mun:72043,2026,2026-09-23T14:11:18.311365+00:00,6.0,final,2026-01-01,2026-12-31,1,2026-09-23T14:11:18.311365+00:00
MUN_IPP_ADDITIONAL_RATE,be:mun:73001,2024,2026-09-23T14:11:18.311365+00:00,7.0,final,2024-01-01,2024-12-31,1,2026-09-23T14:11:18.311365+00:00
MUN_IPP_ADDITIONAL_RATE,be:mun:73001,2025,2026-09-23T14:11:18.311365+00:00,7.0,final,2025-01-01,2025-12-31,1,2026-09-23T14:11:18.311365+00:00
MUN_IPP_ADDITIONAL_RATE,be:mun:73001,2026,2026-09-23T14:11:18.311365+00:00,7.0,final,2026-01-01,2026-12-31,1,2026-09-23T14:11:18.311365+00:00
MUN_IPP_ADDITIONAL_RATE,be:mun:73006,2024,2026-09-23T14:11:18.311365+00:00,7.9,final,2024-01-01,2024-12-31,1,2026-09-23T14:11:18.311365+00:00
MUN_IPP_ADDITIONAL_RATE,be:mun:73009,2024,2026-09-23T14:11:18.311365+00:00,7.9,final,2024-01-01,2024-12-31,1,2026-09-23T14:11:18.311365+00:00
MUN_IPP_ADDITIONAL_RATE,be:mun:73022,2024,2026-09-23T14:11:18.311365+00:00,7.5,final,2024-01-01,2024-12-31,1,2026-09-23T14:11:18.311365+00:00
MUN_IPP_ADDITIONAL_RATE,be:mun:73022,2025,2026-09-23T14:11:18.311365+00:00,7.5,final,2025-01-01,2025-12-31,1,2026-09-23T14:11:18.311365+00:00
MUN_IPP_ADDITIONAL_RATE,be:mun:73022,2026,2026-09-23T14:11:18.311365+00:00,7.5,final,2026-01-01,2026-12-31,1,2026-09-23T14:11:18.311365+00:00
MUN_IPP_ADDITIONAL_RATE,be:mun:73028,2024,2026-09-23T14:11:18.311365+00:00,5.0,final,2024-01-01,2024-12-31,1,2026-09-23T14:11:18.311365+00:00
MUN_IPP_ADDITIONAL_RATE,be:mun:73028,2025,2026-09-23T14:11:18.311365+00:00,5.0,final,2025-01-01,2025-12-31,1,2026-09-23T14:11:18.311365+00:00
MUN_IPP_ADDITIONAL_RATE,be:mun:73028,2026,2026-09-23T14:11:18.311365+00:00,5.0,final,2026-01-01,2026-12-31,1,2026-09-23T14:11:18.311365+00:00
MUN_IPP_ADDITIONAL_RATE,be:mun:73032,2024,2026-09-23T14:11:18.311365+00:00,8.5,final,2024-01-01,2024-12-31,1,2026-09-23T14:11:18.311365+00:00
MUN_IPP_ADDITIONAL_RATE,be:mun:73040,2024,2026-09-23T14:11:18.311365+00:00,8.5,final,2024-01-01,2024-12-31,1,2026-09-23T14:11:18.311365+00:00
MUN_IPP_ADDITIONAL_RATE,be:mun:73042,2024,2026-09-23T14:11:18.311365+00:00,6.9,final,2024-01-01,2024-12-31,1,2026-09-23T14:11:18.311365+00:00
MUN_IPP_ADDITIONAL_RATE,be:mun:73042,2025,2026-09-23T14:11:18.311365+00:00,6.9,final,2025-01-01,2025-12-31,1,2026-09-23T14:11:18.311365+00:00
MUN_IPP_ADDITIONAL_RATE,be:mun:73042,2026,2026-09-23T14:11:18.311365+00:00,6.9,final,2026-01-01,2026-12-31,1,2026-09-23T14:11:18.311365+00:00
MUN_IPP_ADDITIONAL_RATE,be:mun:73066,2024,2026-09-23T14:11:18.311365+00:00,8.0,final,2024-01-01,2024-12-31,1,2026-09-23T14:11:18.311365+00:00
MUN_IPP_ADDITIONAL_RATE,be:mun:73066,2025,2026-09-23T14:11:18.311365+00:00,8.0,final,2025-01-01,2025-12-31,1,2026-09-23T14:11:18.311365+00:00
MUN_IPP_ADDITIONAL_RATE,be:mun:73066,2026,2026-09-23T14:11:18.311365+00:00,8.0,final,2026-01-01,2026-12-31,1,2026-09-23T14:11:18.311365+00:00
MUN_IPP_ADDITIONAL_RATE,be:mun:73083,2024,2026-09-23T14:11:18.311365+00:00,7.9,final,2024-01-01,2024-12-31,1,2026-09-23T14:11:18.311365+00:00
MUN_IPP_ADDITIONAL_RATE,be:mun:73098,2024,2026-09-23T14:11:18.311365+00:00,7.8,final,2024-01-01,2024-12-31,1,2026-09-23T14:11:18.311365+00:00
MUN_IPP_ADDITIONAL_RATE,be:mun:73098,2025,2026-09-23T14:11:18.311365+00:00,7.8,final,2025-01-01,2025-12-31,1,2026-09-23T14:11:18.311365+00:00
MUN_IPP_ADDITIONAL_RATE,be:mun:73098,2026,2026-09-23T14:11:18.311365+00:00,7.8,final,2026-01-01,2026-12-31,1,2026-09-23T14:11:18.311365+00:00
MUN_IPP_ADDITIONAL_RATE,be:mun:73107,2024,2026-09-23T14:11:18.311365+00:00,7.9,final,2024-01-01,2024-12-31,1,2026-09-23T14:11:18.311365+00:00
MUN_IPP_ADDITIONAL_RATE,be:mun:73107,2025,2026-09-23T14:11:18.311365+00:00,7.9,final,2025-01-01,2025-12-31,1,2026-09-23T14:11:18.311365+00:00
MUN_IPP_ADDITIONAL_RATE,be:mun:73107,2026,2026-09-23T14:11:18.311365+00:00,7.8,final,2026-01-01,2026-12-31,1,2026-09-23T14:11:18.311365+00:00
MUN_IPP_ADDITIONAL_RATE,be:mun:73109,2024,2026-09-23T14:11:18.311365+00:00,7.5,final,2024-01-01,2024-12-31,1,2026-09-23T14:11:18.311365+00:00
MUN_IPP_ADDITIONAL_RATE,be:mun:73109,2025,2026-09-23T14:11:18.311365+00:00,7.5,final,2025-01-01,2025-12-31,1,2026-09-23T14:11:18.311365+00:00
MUN_IPP_ADDITIONAL_RATE,be:mun:73109,2026,2026-09-23T14:11:18.311365+00:00,7.5,final,2026-01-01,2026-12-31,1,2026-09-23T14:11:18.311365+00:00
MUN_IPP_ADDITIONAL_RATE,be:mun:73110,2025,2026-09-23T14:11:18.311365+00:00,7.9,final,2025-01-01,2025-12-31,1,2026-09-23T14:11:18.311365+00:00
MUN_IPP_ADDITIONAL_RATE,be:mun:73110,2026,2026-09-23T14:11:18.311365+00:00,7.9,final,2026-01-01,2026-12-31,1,2026-09-23T14:11:18.311365+00:00
MUN_IPP_ADDITIONAL_RATE,be:mun:73111,2025,2026-09-23T14:11:18.311365+00:00,7.1,final,2025-01-01,2025-12-31,1,2026-09-23T14:11:18.311365+00:00
MUN_IPP_ADDITIONAL_RATE,be:mun:73111,2026,2026-09-23T14:11:18.311365+00:00,7.1,final,2026-01-01,2026-12-31,1,2026-09-23T14:11:18.311365+00:00
MUN_IPP_ADDITIONAL_RATE,be:mun:81001,2024,2026-09-23T14:11:18.311365+00:00,7.0,final,2024-01-01,2024-12-31,1,2026-09-23T14:11:18.311365+00:00
MUN_IPP_ADDITIONAL_RATE,be:mun:81001,2025,2026-09-23T14:11:18.311365+00:00,7.0,final,2025-01-01,2025-12-31,1,2026-09-23T14:11:18.311365+00:00
MUN_IPP_ADDITIONAL_RATE,be:mun:81001,2026,2026-09-23T14:11:18.311365+00:00,7.0,final,2026-01-01,2026-12-31,1,2026-09-23T14:11:18.311365+00:00
MUN_IPP_ADDITIONAL_RATE,be:mun:81003,2024,2026-09-23T14:11:18.311365+00:00,7.0,final,2024-01-01,2024-12-31,1,2026-09-23T14:11:18.311365+00:00
MUN_IPP_ADDITIONAL_RATE,be:mun:81003,2025,2026-09-23T14:11:18.311365+00:00,7.0,final,2025-01-01,2025-12-31,1,2026-09-23T14:11:18.311365+00:00
MUN_IPP_ADDITIONAL_RATE,be:mun:81003,2026,2026-09-23T14:11:18.311365+00:00,7.0,final,2026-01-01,2026-12-31,1,2026-09-23T14:11:18.311365+00:00
MUN_IPP_ADDITIONAL_RATE,be:mun:81004,2024,2026-09-23T14:11:18.311365+00:00,8.0,final,2024-01-01,2024-12-31,1,2026-09-23T14:11:18.311365+00:00
MUN_IPP_ADDITIONAL_RATE,be:mun:81004,2025,2026-09-23T14:11:18.311365+00:00,8.0,final,2025-01-01,2025-12-31,1,2026-09-23T14:11:18.311365+00:00
MUN_IPP_ADDITIONAL_RATE,be:mun:81004,2026,2026-09-23T14:11:18.311365+00:00,8.0,final,2026-01-01,2026-12-31,1,2026-09-23T14:11:18.311365+00:00
MUN_IPP_ADDITIONAL_RATE,be:mun:81013,2024,2026-09-23T14:11:18.311365+00:00,7.0,final,2024-01-01,2024-12-31,1,2026-09-23T14:11:18.311365+00:00
MUN_IPP_ADDITIONAL_RATE,be:mun:81013,2025,2026-09-23T14:11:18.311365+00:00,7.0,final,2025-01-01,2025-12-31,1,2026-09-23T14:11:18.311365+00:00
MUN_IPP_ADDITIONAL_RATE,be:mun:81013,2026,2026-09-23T14:11:18.311365+00:00,7.0,final,2026-01-01,2026-12-31,1,2026-09-23T14:11:18.311365+00:00
MUN_IPP_ADDITIONAL_RATE,be:mun:81015,2024,2026-09-23T14:11:18.311365+00:00,7.0,final,2024-01-01,2024-12-31,1,2026-09-23T14:11:18.311365+00:00
MUN_IPP_ADDITIONAL_RATE,be:mun:81015,2025,2026-09-23T14:11:18.311365+00:00,7.0,final,2025-01-01,2025-12-31,1,2026-09-23T14:11:18.311365+00:00
MUN_IPP_ADDITIONAL_RATE,be:mun:81015,2026,2026-09-23T14:11:18.311365+00:00,7.0,final,2026-01-01,2026-12-31,1,2026-09-23T14:11:18.311365+00:00
MUN_IPP_ADDITIONAL_RATE,be:mun:82003,2024,2026-09-23T14:11:18.311365+00:00,7.0,final,2024-01-01,2024-12-31,1,2026-09-23T14:11:18.311365+00:00
MUN_IPP_ADDITIONAL_RATE,be:mun:82005,2024,2026-09-23T14:11:18.311365+00:00,7.0,final,2024-01-01,2024-12-31,1,2026-09-23T14:11:18.311365+00:00
MUN_IPP_ADDITIONAL_RATE,be:mun:82009,2024,2026-09-23T14:11:18.311365+00:00,7.0,final,2024-01-01,2024-12-31,1,2026-09-23T14:11:18.311365+00:00
MUN_IPP_ADDITIONAL_RATE,be:mun:82009,2025,2026-09-23T14:11:18.311365+00:00,7.0,final,2025-01-01,2025-12-31,1,2026-09-23T14:11:18.311365+00:00
MUN_IPP_ADDITIONAL_RATE,be:mun:82009,2026,2026-09-23T14:11:18.311365+00:00,7.0,final,2026-01-01,2026-12-31,1,2026-09-23T14:11:18.311365+00:00
MUN_IPP_ADDITIONAL_RATE,be:mun:82014,2024,2026-09-23T14:11:18.311365+00:00,7.0,final,2024-01-01,2024-12-31,1,2026-09-23T14:11:18.311365+00:00
MUN_IPP_ADDITIONAL_RATE,be:mun:82014,2025,2026-09-23T14:11:18.311365+00:00,8.0,final,2025-01-01,2025-12-31,1,2026-09-23T14:11:18.311365+00:00
MUN_IPP_ADDITIONAL_RATE,be:mun:82014,2026,2026-09-23T14:11:18.311365+00:00,8.0,final,2026-01-01,2026-12-31,1,2026-09-23T14:11:18.311365+00:00
MUN_IPP_ADDITIONAL_RATE,be:mun:82032,2024,2026-09-23T14:11:18.311365+00:00,8.8,final,2024-01-01,2024-12-31,1,2026-09-23T14:11:18.311365+00:00
MUN_IPP_ADDITIONAL_RATE,be:mun:82032,2025,2026-09-23T14:11:18.311365+00:00,8.8,final,2025-01-01,2025-12-31,1,2026-09-23T14:11:18.311365+00:00
MUN_IPP_ADDITIONAL_RATE,be:mun:82032,2026,2026-09-23T14:11:18.311365+00:00,8.8,final,2026-01-01,2026-12-31,1,2026-09-23T14:11:18.311365+00:00
MUN_IPP_ADDITIONAL_RATE,be:mun:82036,2024,2026-09-23T14:11:18.311365+00:00,7.0,final,2024-01-01,2024-12-31,1,2026-09-23T14:11:18.311365+00:00
MUN_IPP_ADDITIONAL_RATE,be:mun:82036,2025,2026-09-23T14:11:18.311365+00:00,7.0,final,2025-01-01,2025-12-31,1,2026-09-23T14:11:18.311365+00:00
MUN_IPP_ADDITIONAL_RATE,be:mun:82036,2026,2026-09-23T14:11:18.311365+00:00,7.0,final,2026-01-01,2026-12-31,1,2026-09-23T14:11:18.311365+00:00
MUN_IPP_ADDITIONAL_RATE,be:mun:82037,2024,2026-09-23T14:11:18.311365+00:00,8.0,final,2024-01-01,2024-12-31,1,2026-09-23T14:11:18.311365+00:00
MUN_IPP_ADDITIONAL_RATE,be:mun:82037,2025,2026-09-23T14:11:18.311365+00:00,8.0,final,2025-01-01,2025-12-31,1,2026-09-23T14:11:18.311365+00:00
MUN_IPP_ADDITIONAL_RATE,be:mun:82037,2026,2026-09-23T14:11:18.311365+00:00,8.0,final,2026-01-01,2026-12-31,1,2026-09-23T14:11:18.311365+00:00
MUN_IPP_ADDITIONAL_RATE,be:mun:82038,2024,2026-09-23T14:11:18.311365+00:00,8.0,final,2024-01-01,2024-12-31,1,2026-09-23T14:11:18.311365+00:00
MUN_IPP_ADDITIONAL_RATE,be:mun:82038,2025,2026-09-23T14:11:18.311365+00:00,8.0,final,2025-01-01,2025-12-31,1,2026-09-23T14:11:18.311365+00:00
MUN_IPP_ADDITIONAL_RATE,be:mun:82038,2026,2026-09-23T14:11:18.311365+00:00,8.0,final,2026-01-01,2026-12-31,1,2026-09-23T14:11:18.311365+00:00
MUN_IPP_ADDITIONAL_RATE,be:mun:82039,2025,2026-09-23T14:11:18.311365+00:00,7.0,final,2025-01-01,2025-12-31,1,2026-09-23T14:11:18.311365+00:00
MUN_IPP_ADDITIONAL_RATE,be:mun:82039,2026,2026-09-23T14:11:18.311365+00:00,7.0,final,2026-01-01,2026-12-31,1,2026-09-23T14:11:18.311365+00:00
MUN_IPP_ADDITIONAL_RATE,be:mun:83012,2024,2026-09-23T14:11:18.311365+00:00,8.0,final,2024-01-01,2024-12-31,1,2026-09-23T14:11:18.311365+00:00
MUN_IPP_ADDITIONAL_RATE,be:mun:83012,2025,2026-09-23T14:11:18.311365+00:00,8.0,final,2025-01-01,2025-12-31,1,2026-09-23T14:11:18.311365+00:00
MUN_IPP_ADDITIONAL_RATE,be:mun:83012,2026,2026-09-23T14:11:18.311365+00:00,8.0,final,2026-01-01,2026-12-31,1,2026-09-23T14:11:18.311365+00:00
MUN_IPP_ADDITIONAL_RATE,be:mun:83013,2024,2026-09-23T14:11:18.311365+00:00,8.0,final,2024-01-01,2024-12-31,1,2026-09-23T14:11:18.311365+00:00
MUN_IPP_ADDITIONAL_RATE,be:mun:83013,2025,2026-09-23T14:11:18.311365+00:00,8.0,final,2025-01-01,2025-12-31,1,2026-09-23T14:11:18.311365+00:00
MUN_IPP_ADDITIONAL_RATE,be:mun:83013,2026,2026-09-23T14:11:18.311365+00:00,8.0,final,2026-01-01,2026-12-31,1,2026-09-23T14:11:18.311365+00:00
MUN_IPP_ADDITIONAL_RATE,be:mun:83028,2024,2026-09-23T14:11:18.311365+00:00,8.5,final,2024-01-01,2024-12-31,1,2026-09-23T14:11:18.311365+00:00
MUN_IPP_ADDITIONAL_RATE,be:mun:83028,2025,2026-09-23T14:11:18.311365+00:00,8.5,final,2025-01-01,2025-12-31,1,2026-09-23T14:11:18.311365+00:00
MUN_IPP_ADDITIONAL_RATE,be:mun:83028,2026,2026-09-23T14:11:18.311365+00:00,8.5,final,2026-01-01,2026-12-31,1,2026-09-23T14:11:18.311365+00:00
MUN_IPP_ADDITIONAL_RATE,be:mun:83031,2024,2026-09-23T14:11:18.311365+00:00,8.0,final,2024-01-01,2024-12-31,1,2026-09-23T14:11:18.311365+00:00
MUN_IPP_ADDITIONAL_RATE,be:mun:83031,2025,2026-09-23T14:11:18.311365+00:00,8.0,final,2025-01-01,2025-12-31,1,2026-09-23T14:11:18.311365+00:00
MUN_IPP_ADDITIONAL_RATE,be:mun:83031,2026,2026-09-23T14:11:18.311365+00:00,8.0,final,2026-01-01,2026-12-31,1,2026-09-23T14:11:18.311365+00:00
MUN_IPP_ADDITIONAL_RATE,be:mun:83034,2024,2026-09-23T14:11:18.311365+00:00,8.0,final,2024-01-01,2024-12-31,1,2026-09-23T14:11:18.311365+00:00
MUN_IPP_ADDITIONAL_RATE,be:mun:83034,2025,2026-09-23T14:11:18.311365+00:00,8.0,final,2025-01-01,2025-12-31,1,2026-09-23T14:11:18.311365+00:00
MUN_IPP_ADDITIONAL_RATE,be:mun:83034,2026,2026-09-23T14:11:18.311365+00:00,8.0,final,2026-01-01,2026-12-31,1,2026-09-23T14:11:18.311365+00:00
MUN_IPP_ADDITIONAL_RATE,be:mun:83040,2024,2026-09-23T14:11:18.311365+00:00,8.0,final,2024-01-01,2024-12-31,1,2026-09-23T14:11:18.311365+00:00
MUN_IPP_ADDITIONAL_RATE,be:mun:83040,2025,2026-09-23T14:11:18.311365+00:00,8.0,final,2025-01-01,2025-12-31,1,2026-09-23T14:11:18.311365+00:00
MUN_IPP_ADDITIONAL_RATE,be:mun:83040,2026,2026-09-23T14:11:18.311365+00:00,8.0,final,2026-01-01,2026-12-31,1,2026-09-23T14:11:18.311365+00:00
MUN_IPP_ADDITIONAL_RATE,be:mun:83044,2024,2026-09-23T14:11:18.311365+00:00,7.7,final,2024-01-01,2024-12-31,1,2026-09-23T14:11:18.311365+00:00
MUN_IPP_ADDITIONAL_RATE,be:mun:83044,2025,2026-09-23T14:11:18.311365+00:00,7.7,final,2025-01-01,2025-12-31,1,2026-09-23T14:11:18.311365+00:00
MUN_IPP_ADDITIONAL_RATE,be:mun:83044,2026,2026-09-23T14:11:18.311365+00:00,7.7,final,2026-01-01,2026-12-31,1,2026-09-23T14:11:18.311365+00:00
MUN_IPP_ADDITIONAL_RATE,be:mun:83049,2024,2026-09-23T14:11:18.311365+00:00,7.0,final,2024-01-01,2024-12-31,1,2026-09-23T14:11:18.311365+00:00
MUN_IPP_ADDITIONAL_RATE,be:mun:83049,2025,2026-09-23T14:11:18.311365+00:00,7.0,final,2025-01-01,2025-12-31,1,2026-09-23T14:11:18.311365+00:00
MUN_IPP_ADDITIONAL_RATE,be:mun:83049,2026,2026-09-23T14:11:18.311365+00:00,7.0,final,2026-01-01,2026-12-31,1,2026-09-23T14:11:18.311365+00:00
MUN_IPP_ADDITIONAL_RATE,be:mun:83055,2024,2026-09-23T14:11:18.311365+00:00,6.5,final,2024-01-01,2024-12-31,1,2026-09-23T14:11:18.311365+00:00
MUN_IPP_ADDITIONAL_RATE,be:mun:83055,2025,2026-09-23T14:11:18.311365+00:00,6.5,final,2025-01-01,2025-12-31,1,2026-09-23T14:11:18.311365+00:00
MUN_IPP_ADDITIONAL_RATE,be:mun:83055,2026,2026-09-23T14:11:18.311365+00:00,6.5,final,2026-01-01,2026-12-31,1,2026-09-23T14:11:18.311365+00:00
MUN_IPP_ADDITIONAL_RATE,be:mun:84009,2024,2026-09-23T14:11:18.311365+00:00,8.0,final,2024-01-01,2024-12-31,1,2026-09-23T14:11:18.311365+00:00
MUN_IPP_ADDITIONAL_RATE,be:mun:84009,2025,2026-09-23T14:11:18.311365+00:00,8.0,final,2025-01-01,2025-12-31,1,2026-09-23T14:11:18.311365+00:00
MUN_IPP_ADDITIONAL_RATE,be:mun:84009,2026,2026-09-23T14:11:18.311365+00:00,8.0,final,2026-01-01,2026-12-31,1,2026-09-23T14:11:18.311365+00:00
MUN_IPP_ADDITIONAL_RATE,be:mun:84010,2024,2026-09-23T14:11:18.311365+00:00,8.0,final,2024-01-01,2024-12-31,1,2026-09-23T14:11:18.311365+00:00
MUN_IPP_ADDITIONAL_RATE,be:mun:84010,2025,2026-09-23T14:11:18.311365+00:00,8.0,final,2025-01-01,2025-12-31,1,2026-09-23T14:11:18.311365+00:00
MUN_IPP_ADDITIONAL_RATE,be:mun:84010,2026,2026-09-23T14:11:18.311365+00:00,8.0,final,2026-01-01,2026-12-31,1,2026-09-23T14:11:18.311365+00:00
MUN_IPP_ADDITIONAL_RATE,be:mun:84016,2024,2026-09-23T14:11:18.311365+00:00,6.0,final,2024-01-01,2024-12-31,1,2026-09-23T14:11:18.311365+00:00
MUN_IPP_ADDITIONAL_RATE,be:mun:84016,2025,2026-09-23T14:11:18.311365+00:00,6.0,final,2025-01-01,2025-12-31,1,2026-09-23T14:11:18.311365+00:00
MUN_IPP_ADDITIONAL_RATE,be:mun:84016,2026,2026-09-23T14:11:18.311365+00:00,6.5,final,2026-01-01,2026-12-31,1,2026-09-23T14:11:18.311365+00:00
MUN_IPP_ADDITIONAL_RATE,be:mun:84029,2024,2026-09-23T14:11:18.311365+00:00,7.0,final,2024-01-01,2024-12-31,1,2026-09-23T14:11:18.311365+00:00
MUN_IPP_ADDITIONAL_RATE,be:mun:84029,2025,2026-09-23T14:11:18.311365+00:00,7.0,final,2025-01-01,2025-12-31,1,2026-09-23T14:11:18.311365+00:00
MUN_IPP_ADDITIONAL_RATE,be:mun:84029,2026,2026-09-23T14:11:18.311365+00:00,7.0,final,2026-01-01,2026-12-31,1,2026-09-23T14:11:18.311365+00:00
MUN_IPP_ADDITIONAL_RATE,be:mun:84033,2024,2026-09-23T14:11:18.311365+00:00,6.5,final,2024-01-01,2024-12-31,1,2026-09-23T14:11:18.311365+00:00
MUN_IPP_ADDITIONAL_RATE,be:mun:84033,2025,2026-09-23T14:11:18.311365+00:00,6.5,final,2025-01-01,2025-12-31,1,2026-09-23T14:11:18.311365+00:00
MUN_IPP_ADDITIONAL_RATE,be:mun:84033,2026,2026-09-23T14:11:18.311365+00:00,8.0,final,2026-01-01,2026-12-31,1,2026-09-23T14:11:18.311365+00:00
MUN_IPP_ADDITIONAL_RATE,be:mun:84035,2024,2026-09-23T14:11:18.311365+00:00,7.3,final,2024-01-01,2024-12-31,1,2026-09-23T14:11:18.311365+00:00
MUN_IPP_ADDITIONAL_RATE,be:mun:84035,2025,2026-09-23T14:11:18.311365+00:00,7.3,final,2025-01-01,2025-12-31,1,2026-09-23T14:11:18.311365+00:00
MUN_IPP_ADDITIONAL_RATE,be:mun:84035,2026,2026-09-23T14:11:18.311365+00:00,7.3,final,2026-01-01,2026-12-31,1,2026-09-23T14:11:18.311365+00:00
MUN_IPP_ADDITIONAL_RATE,be:mun:84043,2024,2026-09-23T14:11:18.311365+00:00,7.3,final,2024-01-01,2024-12-31,1,2026-09-23T14:11:18.311365+00:00
MUN_IPP_ADDITIONAL_RATE,be:mun:84043,2025,2026-09-23T14:11:18.311365+00:00,7.3,final,2025-01-01,2025-12-31,1,2026-09-23T14:11:18.311365+00:00
MUN_IPP_ADDITIONAL_RATE,be:mun:84043,2026,2026-09-23T14:11:18.311365+00:00,7.3,final,2026-01-01,2026-12-31,1,2026-09-23T14:11:18.311365+00:00
MUN_IPP_ADDITIONAL_RATE,be:mun:84050,2024,2026-09-23T14:11:18.311365+00:00,8.0,final,2024-01-01,2024-12-31,1,2026-09-23T14:11:18.311365+00:00
MUN_IPP_ADDITIONAL_RATE,be:mun:84050,2025,2026-09-23T14:11:18.311365+00:00,8.0,final,2025-01-01,2025-12-31,1,2026-09-23T14:11:18.311365+00:00
MUN_IPP_ADDITIONAL_RATE,be:mun:84050,2026,2026-09-23T14:11:18.311365+00:00,8.0,final,2026-01-01,2026-12-31,1,2026-09-23T14:11:18.311365+00:00
MUN_IPP_ADDITIONAL_RATE,be:mun:84059,2024,2026-09-23T14:11:18.311365+00:00,8.0,final,2024-01-01,2024-12-31,1,2026-09-23T14:11:18.311365+00:00
MUN_IPP_ADDITIONAL_RATE,be:mun:84059,2025,2026-09-23T14:11:18.311365+00:00,8.0,final,2025-01-01,2025-12-31,1,2026-09-23T14:11:18.311365+00:00
MUN_IPP_ADDITIONAL_RATE,be:mun:84059,2026,2026-09-23T14:11:18.311365+00:00,8.0,final,2026-01-01,2026-12-31,1,2026-09-23T14:11:18.311365+00:00
MUN_IPP_ADDITIONAL_RATE,be:mun:84068,2024,2026-09-23T14:11:18.311365+00:00,8.0,final,2024-01-01,2024-12-31,1,2026-09-23T14:11:18.311365+00:00
MUN_IPP_ADDITIONAL_RATE,be:mun:84068,2025,2026-09-23T14:11:18.311365+00:00,8.0,final,2025-01-01,2025-12-31,1,2026-09-23T14:11:18.311365+00:00
MUN_IPP_ADDITIONAL_RATE,be:mun:84068,2026,2026-09-23T14:11:18.311365+00:00,8.0,final,2026-01-01,2026-12-31,1,2026-09-23T14:11:18.311365+00:00
MUN_IPP_ADDITIONAL_RATE,be:mun:84075,2024,2026-09-23T14:11:18.311365+00:00,7.8,final,2024-01-01,2024-12-31,1,2026-09-23T14:11:18.311365+00:00
MUN_IPP_ADDITIONAL_RATE,be:mun:84075,2025,2026-09-23T14:11:18.311365+00:00,7.8,final,2025-01-01,2025-12-31,1,2026-09-23T14:11:18.311365+00:00
MUN_IPP_ADDITIONAL_RATE,be:mun:84075,2026,2026-09-23T14:11:18.311365+00:00,7.8,final,2026-01-01,2026-12-31,1,2026-09-23T14:11:18.311365+00:00
MUN_IPP_ADDITIONAL_RATE,be:mun:84077,2024,2026-09-23T14:11:18.311365+00:00,7.5,final,2024-01-01,2024-12-31,1,2026-09-23T14:11:18.311365+00:00
MUN_IPP_ADDITIONAL_RATE,be:mun:84077,2025,2026-09-23T14:11:18.311365+00:00,7.5,final,2025-01-01,2025-12-31,1,2026-09-23T14:11:18.311365+00:00
MUN_IPP_ADDITIONAL_RATE,be:mun:84077,2026,2026-09-23T14:11:18.311365+00:00,7.5,final,2026-01-01,2026-12-31,1,2026-09-23T14:11:18.311365+00:00
MUN_IPP_ADDITIONAL_RATE,be:mun:85007,2024,2026-09-23T14:11:18.311365+00:00,8.0,final,2024-01-01,2024-12-31,1,2026-09-23T14:11:18.311365+00:00
MUN_IPP_ADDITIONAL_RATE,be:mun:85007,2025,2026-09-23T14:11:18.311365+00:00,8.0,final,2025-01-01,2025-12-31,1,2026-09-23T14:11:18.311365+00:00
MUN_IPP_ADDITIONAL_RATE,be:mun:85007,2026,2026-09-23T14:11:18.311365+00:00,8.0,final,2026-01-01,2026-12-31,1,2026-09-23T14:11:18.311365+00:00
MUN_IPP_ADDITIONAL_RATE,be:mun:85009,2024,2026-09-23T14:11:18.311365+00:00,6.0,final,2024-01-01,2024-12-31,1,2026-09-23T14:11:18.311365+00:00
MUN_IPP_ADDITIONAL_RATE,be:mun:85009,2025,2026-09-23T14:11:18.311365+00:00,6.0,final,2025-01-01,2025-12-31,1,2026-09-23T14:11:18.311365+00:00
MUN_IPP_ADDITIONAL_RATE,be:mun:85009,2026,2026-09-23T14:11:18.311365+00:00,7.0,final,2026-01-01,2026-12-31,1,2026-09-23T14:11:18.311365+00:00
MUN_IPP_ADDITIONAL_RATE,be:mun:85011,2024,2026-09-23T14:11:18.311365+00:00,8.0,final,2024-01-01,2024-12-31,1,2026-09-23T14:11:18.311365+00:00
MUN_IPP_ADDITIONAL_RATE,be:mun:85011,2025,2026-09-23T14:11:18.311365+00:00,8.0,final,2025-01-01,2025-12-31,1,2026-09-23T14:11:18.311365+00:00
MUN_IPP_ADDITIONAL_RATE,be:mun:85011,2026,2026-09-23T14:11:18.311365+00:00,8.0,final,2026-01-01,2026-12-31,1,2026-09-23T14:11:18.311365+00:00
MUN_IPP_ADDITIONAL_RATE,be:mun:85024,2024,2026-09-23T14:11:18.311365+00:00,8.0,final,2024-01-01,2024-12-31,1,2026-09-23T14:11:18.311365+00:00
MUN_IPP_ADDITIONAL_RATE,be:mun:85024,2025,2026-09-23T14:11:18.311365+00:00,8.0,final,2025-01-01,2025-12-31,1,2026-09-23T14:11:18.311365+00:00
MUN_IPP_ADDITIONAL_RATE,be:mun:85024,2026,2026-09-23T14:11:18.311365+00:00,8.0,final,2026-01-01,2026-12-31,1,2026-09-23T14:11:18.311365+00:00
MUN_IPP_ADDITIONAL_RATE,be:mun:85026,2024,2026-09-23T14:11:18.311365+00:00,7.0,final,2024-01-01,2024-12-31,1,2026-09-23T14:11:18.311365+00:00
MUN_IPP_ADDITIONAL_RATE,be:mun:85026,2025,2026-09-23T14:11:18.311365+00:00,7.0,final,2025-01-01,2025-12-31,1,2026-09-23T14:11:18.311365+00:00
MUN_IPP_ADDITIONAL_RATE,be:mun:85026,2026,2026-09-23T14:11:18.311365+00:00,7.5,final,2026-01-01,2026-12-31,1,2026-09-23T14:11:18.311365+00:00
MUN_IPP_ADDITIONAL_RATE,be:mun:85034,2024,2026-09-23T14:11:18.311365+00:00,7.0,final,2024-01-01,2024-12-31,1,2026-09-23T14:11:18.311365+00:00
MUN_IPP_ADDITIONAL_RATE,be:mun:85034,2025,2026-09-23T14:11:18.311365+00:00,7.0,final,2025-01-01,2025-12-31,1,2026-09-23T14:11:18.311365+00:00
MUN_IPP_ADDITIONAL_RATE,be:mun:85034,2026,2026-09-23T14:11:18.311365+00:00,8.0,final,2026-01-01,2026-12-31,1,2026-09-23T14:11:18.311365+00:00
MUN_IPP_ADDITIONAL_RATE,be:mun:85039,2024,2026-09-23T14:11:18.311365+00:00,6.0,final,2024-01-01,2024-12-31,1,2026-09-23T14:11:18.311365+00:00
MUN_IPP_ADDITIONAL_RATE,be:mun:85039,2025,2026-09-23T14:11:18.311365+00:00,7.5,final,2025-01-01,2025-12-31,1,2026-09-23T14:11:18.311365+00:00
MUN_IPP_ADDITIONAL_RATE,be:mun:85039,2026,2026-09-23T14:11:18.311365+00:00,7.5,final,2026-01-01,2026-12-31,1,2026-09-23T14:11:18.311365+00:00
MUN_IPP_ADDITIONAL_RATE,be:mun:85045,2024,2026-09-23T14:11:18.311365+00:00,7.5,final,2024-01-01,2024-12-31,1,2026-09-23T14:11:18.311365+00:00
MUN_IPP_ADDITIONAL_RATE,be:mun:85045,2025,2026-09-23T14:11:18.311365+00:00,7.5,final,2025-01-01,2025-12-31,1,2026-09-23T14:11:18.311365+00:00
MUN_IPP_ADDITIONAL_RATE,be:mun:85045,2026,2026-09-23T14:11:18.311365+00:00,8.5,final,2026-01-01,2026-12-31,1,2026-09-23T14:11:18.311365+00:00
MUN_IPP_ADDITIONAL_RATE,be:mun:85046,2024,2026-09-23T14:11:18.311365+00:00,7.3,final,2024-01-01,2024-12-31,1,2026-09-23T14:11:18.311365+00:00
MUN_IPP_ADDITIONAL_RATE,be:mun:85046,2025,2026-09-23T14:11:18.311365+00:00,7.3,final,2025-01-01,2025-12-31,1,2026-09-23T14:11:18.311365+00:00
MUN_IPP_ADDITIONAL_RATE,be:mun:85046,2026,2026-09-23T14:11:18.311365+00:00,8.0,final,2026-01-01,2026-12-31,1,2026-09-23T14:11:18.311365+00:00
MUN_IPP_ADDITIONAL_RATE,be:mun:85047,2024,2026-09-23T14:11:18.311365+00:00,6.0,final,2024-01-01,2024-12-31,1,2026-09-23T14:11:18.311365+00:00
MUN_IPP_ADDITIONAL_RATE,be:mun:85047,2025,2026-09-23T14:11:18.311365+00:00,6.0,final,2025-01-01,2025-12-31,1,2026-09-23T14:11:18.311365+00:00
MUN_IPP_ADDITIONAL_RATE,be:mun:85047,2026,2026-09-23T14:11:18.311365+00:00,6.0,final,2026-01-01,2026-12-31,1,2026-09-23T14:11:18.311365+00:00
MUN_IPP_ADDITIONAL_RATE,be:mun:91005,2024,2026-09-23T14:11:18.311365+00:00,8.5,final,2024-01-01,2024-12-31,1,2026-09-23T14:11:18.311365+00:00
MUN_IPP_ADDITIONAL_RATE,be:mun:91005,2025,2026-09-23T14:11:18.311365+00:00,8.5,final,2025-01-01,2025-12-31,1,2026-09-23T14:11:18.311365+00:00
MUN_IPP_ADDITIONAL_RATE,be:mun:91005,2026,2026-09-23T14:11:18.311365+00:00,8.5,final,2026-01-01,2026-12-31,1,2026-09-23T14:11:18.311365+00:00
MUN_IPP_ADDITIONAL_RATE,be:mun:91013,2024,2026-09-23T14:11:18.311365+00:00,8.0,final,2024-01-01,2024-12-31,1,2026-09-23T14:11:18.311365+00:00
MUN_IPP_ADDITIONAL_RATE,be:mun:91013,2025,2026-09-23T14:11:18.311365+00:00,8.0,final,2025-01-01,2025-12-31,1,2026-09-23T14:11:18.311365+00:00
MUN_IPP_ADDITIONAL_RATE,be:mun:91013,2026,2026-09-23T14:11:18.311365+00:00,8.0,final,2026-01-01,2026-12-31,1,2026-09-23T14:11:18.311365+00:00
MUN_IPP_ADDITIONAL_RATE,be:mun:91015,2024,2026-09-23T14:11:18.311365+00:00,6.0,final,2024-01-01,2024-12-31,1,2026-09-23T14:11:18.311365+00:00
MUN_IPP_ADDITIONAL_RATE,be:mun:91015,2025,2026-09-23T14:11:18.311365+00:00,6.0,final,2025-01-01,2025-12-31,1,2026-09-23T14:11:18.311365+00:00
MUN_IPP_ADDITIONAL_RATE,be:mun:91015,2026,2026-09-23T14:11:18.311365+00:00,6.0,final,2026-01-01,2026-12-31,1,2026-09-23T14:11:18.311365+00:00
MUN_IPP_ADDITIONAL_RATE,be:mun:91030,2024,2026-09-23T14:11:18.311365+00:00,8.0,final,2024-01-01,2024-12-31,1,2026-09-23T14:11:18.311365+00:00
MUN_IPP_ADDITIONAL_RATE,be:mun:91030,2025,2026-09-23T14:11:18.311365+00:00,8.0,final,2025-01-01,2025-12-31,1,2026-09-23T14:11:18.311365+00:00
MUN_IPP_ADDITIONAL_RATE,be:mun:91030,2026,2026-09-23T14:11:18.311365+00:00,8.0,final,2026-01-01,2026-12-31,1,2026-09-23T14:11:18.311365+00:00
MUN_IPP_ADDITIONAL_RATE,be:mun:91034,2024,2026-09-23T14:11:18.311365+00:00,8.8,final,2024-01-01,2024-12-31,1,2026-09-23T14:11:18.311365+00:00
MUN_IPP_ADDITIONAL_RATE,be:mun:91034,2025,2026-09-23T14:11:18.311365+00:00,8.8,final,2025-01-01,2025-12-31,1,2026-09-23T14:11:18.311365+00:00
MUN_IPP_ADDITIONAL_RATE,be:mun:91034,2026,2026-09-23T14:11:18.311365+00:00,8.8,final,2026-01-01,2026-12-31,1,2026-09-23T14:11:18.311365+00:00
MUN_IPP_ADDITIONAL_RATE,be:mun:91054,2024,2026-09-23T14:11:18.311365+00:00,6.5,final,2024-01-01,2024-12-31,1,2026-09-23T14:11:18.311365+00:00
MUN_IPP_ADDITIONAL_RATE,be:mun:91054,2025,2026-09-23T14:11:18.311365+00:00,6.5,final,2025-01-01,2025-12-31,1,2026-09-23T14:11:18.311365+00:00
MUN_IPP_ADDITIONAL_RATE,be:mun:91054,2026,2026-09-23T14:11:18.311365+00:00,6.5,final,2026-01-01,2026-12-31,1,2026-09-23T14:11:18.311365+00:00
MUN_IPP_ADDITIONAL_RATE,be:mun:91059,2024,2026-09-23T14:11:18.311365+00:00,8.0,final,2024-01-01,2024-12-31,1,2026-09-23T14:11:18.311365+00:00
MUN_IPP_ADDITIONAL_RATE,be:mun:91059,2025,2026-09-23T14:11:18.311365+00:00,8.0,final,2025-01-01,2025-12-31,1,2026-09-23T14:11:18.311365+00:00
MUN_IPP_ADDITIONAL_RATE,be:mun:91059,2026,2026-09-23T14:11:18.311365+00:00,8.0,final,2026-01-01,2026-12-31,1,2026-09-23T14:11:18.311365+00:00
MUN_IPP_ADDITIONAL_RATE,be:mun:91064,2024,2026-09-23T14:11:18.311365+00:00,8.8,final,2024-01-01,2024-12-31,1,2026-09-23T14:11:18.311365+00:00
MUN_IPP_ADDITIONAL_RATE,be:mun:91064,2025,2026-09-23T14:11:18.311365+00:00,8.8,final,2025-01-01,2025-12-31,1,2026-09-23T14:11:18.311365+00:00
MUN_IPP_ADDITIONAL_RATE,be:mun:91064,2026,2026-09-23T14:11:18.311365+00:00,8.8,final,2026-01-01,2026-12-31,1,2026-09-23T14:11:18.311365+00:00
MUN_IPP_ADDITIONAL_RATE,be:mun:91072,2024,2026-09-23T14:11:18.311365+00:00,8.0,final,2024-01-01,2024-12-31,1,2026-09-23T14:11:18.311365+00:00
MUN_IPP_ADDITIONAL_RATE,be:mun:91072,2025,2026-09-23T14:11:18.311365+00:00,8.0,final,2025-01-01,2025-12-31,1,2026-09-23T14:11:18.311365+00:00
MUN_IPP_ADDITIONAL_RATE,be:mun:91072,2026,2026-09-23T14:11:18.311365+00:00,8.0,final,2026-01-01,2026-12-31,1,2026-09-23T14:11:18.311365+00:00
MUN_IPP_ADDITIONAL_RATE,be:mun:91103,2024,2026-09-23T14:11:18.311365+00:00,8.0,final,2024-01-01,2024-12-31,1,2026-09-23T14:11:18.311365+00:00
MUN_IPP_ADDITIONAL_RATE,be:mun:91103,2025,2026-09-23T14:11:18.311365+00:00,8.0,final,2025-01-01,2025-12-31,1,2026-09-23T14:11:18.311365+00:00
MUN_IPP_ADDITIONAL_RATE,be:mun:91103,2026,2026-09-23T14:11:18.311365+00:00,8.0,final,2026-01-01,2026-12-31,1,2026-09-23T14:11:18.311365+00:00
MUN_IPP_ADDITIONAL_RATE,be:mun:91114,2024,2026-09-23T14:11:18.311365+00:00,8.5,final,2024-01-01,2024-12-31,1,2026-09-23T14:11:18.311365+00:00
MUN_IPP_ADDITIONAL_RATE,be:mun:91114,2025,2026-09-23T14:11:18.311365+00:00,8.5,final,2025-01-01,2025-12-31,1,2026-09-23T14:11:18.311365+00:00
MUN_IPP_ADDITIONAL_RATE,be:mun:91114,2026,2026-09-23T14:11:18.311365+00:00,8.5,final,2026-01-01,2026-12-31,1,2026-09-23T14:11:18.311365+00:00
MUN_IPP_ADDITIONAL_RATE,be:mun:91120,2024,2026-09-23T14:11:18.311365+00:00,7.9,final,2024-01-01,2024-12-31,1,2026-09-23T14:11:18.311365+00:00
MUN_IPP_ADDITIONAL_RATE,be:mun:91120,2025,2026-09-23T14:11:18.311365+00:00,7.9,final,2025-01-01,2025-12-31,1,2026-09-23T14:11:18.311365+00:00
MUN_IPP_ADDITIONAL_RATE,be:mun:91120,2026,2026-09-23T14:11:18.311365+00:00,7.9,final,2026-01-01,2026-12-31,1,2026-09-23T14:11:18.311365+00:00
MUN_IPP_ADDITIONAL_RATE,be:mun:91141,2024,2026-09-23T14:11:18.311365+00:00,8.0,final,2024-01-01,2024-12-31,1,2026-09-23T14:11:18.311365+00:00
MUN_IPP_ADDITIONAL_RATE,be:mun:91141,2025,2026-09-23T14:11:18.311365+00:00,8.0,final,2025-01-01,2025-12-31,1,2026-09-23T14:11:18.311365+00:00
MUN_IPP_ADDITIONAL_RATE,be:mun:91141,2026,2026-09-23T14:11:18.311365+00:00,8.5,final,2026-01-01,2026-12-31,1,2026-09-23T14:11:18.311365+00:00
MUN_IPP_ADDITIONAL_RATE,be:mun:91142,2024,2026-09-23T14:11:18.311365+00:00,8.0,final,2024-01-01,2024-12-31,1,2026-09-23T14:11:18.311365+00:00
MUN_IPP_ADDITIONAL_RATE,be:mun:91142,2025,2026-09-23T14:11:18.311365+00:00,8.0,final,2025-01-01,2025-12-31,1,2026-09-23T14:11:18.311365+00:00
MUN_IPP_ADDITIONAL_RATE,be:mun:91142,2026,2026-09-23T14:11:18.311365+00:00,8.2,final,2026-01-01,2026-12-31,1,2026-09-23T14:11:18.311365+00:00
MUN_IPP_ADDITIONAL_RATE,be:mun:91143,2024,2026-09-23T14:11:18.311365+00:00,6.0,final,2024-01-01,2024-12-31,1,2026-09-23T14:11:18.311365+00:00
MUN_IPP_ADDITIONAL_RATE,be:mun:91143,2025,2026-09-23T14:11:18.311365+00:00,6.0,final,2025-01-01,2025-12-31,1,2026-09-23T14:11:18.311365+00:00
MUN_IPP_ADDITIONAL_RATE,be:mun:91143,2026,2026-09-23T14:11:18.311365+00:00,6.0,final,2026-01-01,2026-12-31,1,2026-09-23T14:11:18.311365+00:00
MUN_IPP_ADDITIONAL_RATE,be:mun:92003,2024,2026-09-23T14:11:18.311365+00:00,8.6,final,2024-01-01,2024-12-31,1,2026-09-23T14:11:18.311365+00:00
MUN_IPP_ADDITIONAL_RATE,be:mun:92003,2025,2026-09-23T14:11:18.311365+00:00,8.6,final,2025-01-01,2025-12-31,1,2026-09-23T14:11:18.311365+00:00
MUN_IPP_ADDITIONAL_RATE,be:mun:92003,2026,2026-09-23T14:11:18.311365+00:00,8.6,final,2026-01-01,2026-12-31,1,2026-09-23T14:11:18.311365+00:00
MUN_IPP_ADDITIONAL_RATE,be:mun:92006,2024,2026-09-23T14:11:18.311365+00:00,8.5,final,2024-01-01,2024-12-31,1,2026-09-23T14:11:18.311365+00:00
MUN_IPP_ADDITIONAL_RATE,be:mun:92006,2025,2026-09-23T14:11:18.311365+00:00,8.5,final,2025-01-01,2025-12-31,1,2026-09-23T14:11:18.311365+00:00
MUN_IPP_ADDITIONAL_RATE,be:mun:92006,2026,2026-09-23T14:11:18.311365+00:00,8.5,final,2026-01-01,2026-12-31,1,2026-09-23T14:11:18.311365+00:00
MUN_IPP_ADDITIONAL_RATE,be:mun:92035,2024,2026-09-23T14:11:18.311365+00:00,7.5,final,2024-01-01,2024-12-31,1,2026-09-23T14:11:18.311365+00:00
MUN_IPP_ADDITIONAL_RATE,be:mun:92035,2025,2026-09-23T14:11:18.311365+00:00,7.5,final,2025-01-01,2025-12-31,1,2026-09-23T14:11:18.311365+00:00
MUN_IPP_ADDITIONAL_RATE,be:mun:92035,2026,2026-09-23T14:11:18.311365+00:00,7.5,final,2026-01-01,2026-12-31,1,2026-09-23T14:11:18.311365+00:00
MUN_IPP_ADDITIONAL_RATE,be:mun:92045,2024,2026-09-23T14:11:18.311365+00:00,8.3,final,2024-01-01,2024-12-31,1,2026-09-23T14:11:18.311365+00:00
MUN_IPP_ADDITIONAL_RATE,be:mun:92045,2025,2026-09-23T14:11:18.311365+00:00,8.3,final,2025-01-01,2025-12-31,1,2026-09-23T14:11:18.311365+00:00
MUN_IPP_ADDITIONAL_RATE,be:mun:92045,2026,2026-09-23T14:11:18.311365+00:00,8.3,final,2026-01-01,2026-12-31,1,2026-09-23T14:11:18.311365+00:00
MUN_IPP_ADDITIONAL_RATE,be:mun:92048,2024,2026-09-23T14:11:18.311365+00:00,8.5,final,2024-01-01,2024-12-31,1,2026-09-23T14:11:18.311365+00:00
MUN_IPP_ADDITIONAL_RATE,be:mun:92048,2025,2026-09-23T14:11:18.311365+00:00,8.5,final,2025-01-01,2025-12-31,1,2026-09-23T14:11:18.311365+00:00
MUN_IPP_ADDITIONAL_RATE,be:mun:92048,2026,2026-09-23T14:11:18.311365+00:00,8.5,final,2026-01-01,2026-12-31,1,2026-09-23T14:11:18.311365+00:00
MUN_IPP_ADDITIONAL_RATE,be:mun:92054,2024,2026-09-23T14:11:18.311365+00:00,8.5,final,2024-01-01,2024-12-31,1,2026-09-23T14:11:18.311365+00:00
MUN_IPP_ADDITIONAL_RATE,be:mun:92054,2025,2026-09-23T14:11:18.311365+00:00,8.5,final,2025-01-01,2025-12-31,1,2026-09-23T14:11:18.311365+00:00
MUN_IPP_ADDITIONAL_RATE,be:mun:92054,2026,2026-09-23T14:11:18.311365+00:00,8.5,final,2026-01-01,2026-12-31,1,2026-09-23T14:11:18.311365+00:00
MUN_IPP_ADDITIONAL_RATE,be:mun:92087,2024,2026-09-23T14:11:18.311365+00:00,8.0,final,2024-01-01,2024-12-31,1,2026-09-23T14:11:18.311365+00:00
MUN_IPP_ADDITIONAL_RATE,be:mun:92087,2025,2026-09-23T14:11:18.311365+00:00,8.0,final,2025-01-01,2025-12-31,1,2026-09-23T14:11:18.311365+00:00
MUN_IPP_ADDITIONAL_RATE,be:mun:92087,2026,2026-09-23T14:11:18.311365+00:00,8.0,final,2026-01-01,2026-12-31,1,2026-09-23T14:11:18.311365+00:00
MUN_IPP_ADDITIONAL_RATE,be:mun:92094,2024,2026-09-23T14:11:18.311365+00:00,8.5,final,2024-01-01,2024-12-31,1,2026-09-23T14:11:18.311365+00:00
MUN_IPP_ADDITIONAL_RATE,be:mun:92094,2025,2026-09-23T14:11:18.311365+00:00,8.5,final,2025-01-01,2025-12-31,1,2026-09-23T14:11:18.311365+00:00
MUN_IPP_ADDITIONAL_RATE,be:mun:92094,2026,2026-09-23T14:11:18.311365+00:00,8.5,final,2026-01-01,2026-12-31,1,2026-09-23T14:11:18.311365+00:00
MUN_IPP_ADDITIONAL_RATE,be:mun:92097,2024,2026-09-23T14:11:18.311365+00:00,8.3,final,2024-01-01,2024-12-31,1,2026-09-23T14:11:18.311365+00:00
MUN_IPP_ADDITIONAL_RATE,be:mun:92097,2025,2026-09-23T14:11:18.311365+00:00,8.3,final,2025-01-01,2025-12-31,1,2026-09-23T14:11:18.311365+00:00
MUN_IPP_ADDITIONAL_RATE,be:mun:92097,2026,2026-09-23T14:11:18.311365+00:00,8.3,final,2026-01-01,2026-12-31,1,2026-09-23T14:11:18.311365+00:00
MUN_IPP_ADDITIONAL_RATE,be:mun:92101,2024,2026-09-23T14:11:18.311365+00:00,8.0,final,2024-01-01,2024-12-31,1,2026-09-23T14:11:18.311365+00:00
MUN_IPP_ADDITIONAL_RATE,be:mun:92101,2025,2026-09-23T14:11:18.311365+00:00,8.0,final,2025-01-01,2025-12-31,1,2026-09-23T14:11:18.311365+00:00
MUN_IPP_ADDITIONAL_RATE,be:mun:92101,2026,2026-09-23T14:11:18.311365+00:00,8.0,final,2026-01-01,2026-12-31,1,2026-09-23T14:11:18.311365+00:00
MUN_IPP_ADDITIONAL_RATE,be:mun:92114,2024,2026-09-23T14:11:18.311365+00:00,8.0,final,2024-01-01,2024-12-31,1,2026-09-23T14:11:18.311365+00:00
MUN_IPP_ADDITIONAL_RATE,be:mun:92114,2025,2026-09-23T14:11:18.311365+00:00,8.0,final,2025-01-01,2025-12-31,1,2026-09-23T14:11:18.311365+00:00
MUN_IPP_ADDITIONAL_RATE,be:mun:92114,2026,2026-09-23T14:11:18.311365+00:00,8.0,final,2026-01-01,2026-12-31,1,2026-09-23T14:11:18.311365+00:00
MUN_IPP_ADDITIONAL_RATE,be:mun:92137,2024,2026-09-23T14:11:18.311365+00:00,8.0,final,2024-01-01,2024-12-31,1,2026-09-23T14:11:18.311365+00:00
MUN_IPP_ADDITIONAL_RATE,be:mun:92137,2025,2026-09-23T14:11:18.311365+00:00,8.0,final,2025-01-01,2025-12-31,1,2026-09-23T14:11:18.311365+00:00
MUN_IPP_ADDITIONAL_RATE,be:mun:92137,2026,2026-09-23T14:11:18.311365+00:00,8.0,final,2026-01-01,2026-12-31,1,2026-09-23T14:11:18.311365+00:00
MUN_IPP_ADDITIONAL_RATE,be:mun:92138,2024,2026-09-23T14:11:18.311365+00:00,7.5,final,2024-01-01,2024-12-31,1,2026-09-23T14:11:18.311365+00:00
MUN_IPP_ADDITIONAL_RATE,be:mun:92138,2025,2026-09-23T14:11:18.311365+00:00,7.5,final,2025-01-01,2025-12-31,1,2026-09-23T14:11:18.311365+00:00
MUN_IPP_ADDITIONAL_RATE,be:mun:92138,2026,2026-09-23T14:11:18.311365+00:00,7.5,final,2026-01-01,2026-12-31,1,2026-09-23T14:11:18.311365+00:00
MUN_IPP_ADDITIONAL_RATE,be:mun:92140,2024,2026-09-23T14:11:18.311365+00:00,6.0,final,2024-01-01,2024-12-31,1,2026-09-23T14:11:18.311365+00:00
MUN_IPP_ADDITIONAL_RATE,be:mun:92140,2025,2026-09-23T14:11:18.311365+00:00,6.0,final,2025-01-01,2025-12-31,1,2026-09-23T14:11:18.311365+00:00
MUN_IPP_ADDITIONAL_RATE,be:mun:92140,2026,2026-09-23T14:11:18.311365+00:00,6.0,final,2026-01-01,2026-12-31,1,2026-09-23T14:11:18.311365+00:00
MUN_IPP_ADDITIONAL_RATE,be:mun:92141,2024,2026-09-23T14:11:18.311365+00:00,8.0,final,2024-01-01,2024-12-31,1,2026-09-23T14:11:18.311365+00:00
MUN_IPP_ADDITIONAL_RATE,be:mun:92141,2025,2026-09-23T14:11:18.311365+00:00,8.0,final,2025-01-01,2025-12-31,1,2026-09-23T14:11:18.311365+00:00
MUN_IPP_ADDITIONAL_RATE,be:mun:92141,2026,2026-09-23T14:11:18.311365+00:00,8.0,final,2026-01-01,2026-12-31,1,2026-09-23T14:11:18.311365+00:00
MUN_IPP_ADDITIONAL_RATE,be:mun:92142,2024,2026-09-23T14:11:18.311365+00:00,7.8,final,2024-01-01,2024-12-31,1,2026-09-23T14:11:18.311365+00:00
MUN_IPP_ADDITIONAL_RATE,be:mun:92142,2025,2026-09-23T14:11:18.311365+00:00,7.8,final,2025-01-01,2025-12-31,1,2026-09-23T14:11:18.311365+00:00
MUN_IPP_ADDITIONAL_RATE,be:mun:92142,2026,2026-09-23T14:11:18.311365+00:00,7.6,final,2026-01-01,2026-12-31,1,2026-09-23T14:11:18.311365+00:00
MUN_IPP_ADDITIONAL_RATE,be:mun:93010,2024,2026-09-23T14:11:18.311365+00:00,6.0,final,2024-01-01,2024-12-31,1,2026-09-23T14:11:18.311365+00:00
MUN_IPP_ADDITIONAL_RATE,be:mun:93010,2025,2026-09-23T14:11:18.311365+00:00,7.5,final,2025-01-01,2025-12-31,1,2026-09-23T14:11:18.311365+00:00
MUN_IPP_ADDITIONAL_RATE,be:mun:93010,2026,2026-09-23T14:11:18.311365+00:00,7.5,final,2026-01-01,2026-12-31,1,2026-09-23T14:11:18.311365+00:00
MUN_IPP_ADDITIONAL_RATE,be:mun:93014,2024,2026-09-23T14:11:18.311365+00:00,8.5,final,2024-01-01,2024-12-31,1,2026-09-23T14:11:18.311365+00:00
MUN_IPP_ADDITIONAL_RATE,be:mun:93014,2025,2026-09-23T14:11:18.311365+00:00,8.5,final,2025-01-01,2025-12-31,1,2026-09-23T14:11:18.311365+00:00
MUN_IPP_ADDITIONAL_RATE,be:mun:93014,2026,2026-09-23T14:11:18.311365+00:00,8.5,final,2026-01-01,2026-12-31,1,2026-09-23T14:11:18.311365+00:00
MUN_IPP_ADDITIONAL_RATE,be:mun:93018,2024,2026-09-23T14:11:18.311365+00:00,8.0,final,2024-01-01,2024-12-31,1,2026-09-23T14:11:18.311365+00:00
MUN_IPP_ADDITIONAL_RATE,be:mun:93018,2025,2026-09-23T14:11:18.311365+00:00,8.0,final,2025-01-01,2025-12-31,1,2026-09-23T14:11:18.311365+00:00
MUN_IPP_ADDITIONAL_RATE,be:mun:93018,2026,2026-09-23T14:11:18.311365+00:00,8.0,final,2026-01-01,2026-12-31,1,2026-09-23T14:11:18.311365+00:00
MUN_IPP_ADDITIONAL_RATE,be:mun:93022,2024,2026-09-23T14:11:18.311365+00:00,8.5,final,2024-01-01,2024-12-31,1,2026-09-23T14:11:18.311365+00:00
MUN_IPP_ADDITIONAL_RATE,be:mun:93022,2025,2026-09-23T14:11:18.311365+00:00,8.5,final,2025-01-01,2025-12-31,1,2026-09-23T14:11:18.311365+00:00
MUN_IPP_ADDITIONAL_RATE,be:mun:93022,2026,2026-09-23T14:11:18.311365+00:00,8.5,final,2026-01-01,2026-12-31,1,2026-09-23T14:11:18.311365+00:00
MUN_IPP_ADDITIONAL_RATE,be:mun:93056,2024,2026-09-23T14:11:18.311365+00:00,8.0,final,2024-01-01,2024-12-31,1,2026-09-23T14:11:18.311365+00:00
MUN_IPP_ADDITIONAL_RATE,be:mun:93056,2025,2026-09-23T14:11:18.311365+00:00,8.0,final,2025-01-01,2025-12-31,1,2026-09-23T14:11:18.311365+00:00
MUN_IPP_ADDITIONAL_RATE,be:mun:93056,2026,2026-09-23T14:11:18.311365+00:00,8.0,final,2026-01-01,2026-12-31,1,2026-09-23T14:11:18.311365+00:00
MUN_IPP_ADDITIONAL_RATE,be:mun:93088,2024,2026-09-23T14:11:18.311365+00:00,8.0,final,2024-01-01,2024-12-31,1,2026-09-23T14:11:18.311365+00:00
MUN_IPP_ADDITIONAL_RATE,be:mun:93088,2025,2026-09-23T14:11:18.311365+00:00,8.0,final,2025-01-01,2025-12-31,1,2026-09-23T14:11:18.311365+00:00
MUN_IPP_ADDITIONAL_RATE,be:mun:93088,2026,2026-09-23T14:11:18.311365+00:00,8.0,final,2026-01-01,2026-12-31,1,2026-09-23T14:11:18.311365+00:00
MUN_IPP_ADDITIONAL_RATE,be:mun:93090,2024,2026-09-23T14:11:18.311365+00:00,8.5,final,2024-01-01,2024-12-31,1,2026-09-23T14:11:18.311365+00:00
MUN_IPP_ADDITIONAL_RATE,be:mun:93090,2025,2026-09-23T14:11:18.311365+00:00,8.5,final,2025-01-01,2025-12-31,1,2026-09-23T14:11:18.311365+00:00
MUN_IPP_ADDITIONAL_RATE,be:mun:93090,2026,2026-09-23T14:11:18.311365+00:00,8.5,final,2026-01-01,2026-12-31,1,2026-09-23T14:11:18.311365+00:00
